,,,,,,,,,,,,End To End Performance,,,,Shipping Instruction Updating Date & Status,,,,,,,Key,
LC,Jenis Armada,Price,Inap Loading,Inap Bongkar,Buruh Bongkar,Multidrop,Other,Total Price,Supplying Site,Name Vendor,Last Status,Performance,Standard (Days),Actual (Days),Deadline,1=NEW,2=RECEIVE,3=CONFIRM,4=VALIDATE,5=BILLED,6=SENT,7=PAID,Code Supply,Name Supply
F100260126L002,WINGBOX,5650000,0,0,0,0,0,5650000,F001 - WH FBI JABABEKA	FBI,PT. DUTA MEDIA MANDIRI,7,ON SCHEDULE,29,0,07.03.2026,05.02.2026,05.02.2026,10.02.2026,10.02.2026,10.02.2026,10.02.2026,,F001,WH FBI JABABEKA	FBI
F100260202L017,WINGBOX,5650000,0,0,0,0,0,5650000,F001 - WH FBI JABABEKA	FBI,PT. DUTA MEDIA MANDIRI,7,ON SCHEDULE,29,0,04.03.2026,02.02.2026,05.02.2026,10.02.2026,10.02.2026,10.02.2026,10.02.2026,,F001,WH FBI JABABEKA	FBI
F100260202L019,CDD LONG CHASSIS,3325000,0,0,0,0,0,3325000,F001 - WH FBI JABABEKA	FBI,PT. JEJE HARAPAN TRANSINDO,7,ON SCHEDULE,29,0,06.03.2026,04.02.2026,06.02.2026,13.03.2026,13.03.2026,25.03.2026,30.03.2026,,F001,WH FBI JABABEKA	FBI
F100260203L010,WINGBOX,5650000,0,0,0,0,0,5650000,F001 - WH FBI JABABEKA	FBI,PT. DUTA MEDIA MANDIRI,7,ON SCHEDULE,29,0,05.03.2026,03.02.2026,06.02.2026,10.02.2026,10.02.2026,10.02.2026,10.02.2026,,F001,WH FBI JABABEKA	FBI
F100260204L099,CONT-20,11300000,0,0,0,0,0,11300000,F001 - WH FBI JABABEKA	FBI,PT. SENTOSAPRIMA ABADI,7,ON SCHEDULE,41,0,18.03.2026,04.02.2026,14.02.2026,01.04.2026,03.04.2026,07.04.2026,07.04.2026,,F001,WH FBI JABABEKA	FBI
F100260205L061,CDD LONG CHASSIS,12500000,0,0,0,500000,0,13000000,F001 - WH FBI JABABEKA	FBI,PT.ORANG KREATIF EKSIS,7,ON SCHEDULE,29,0,07.03.2026,05.02.2026,09.02.2026,20.02.2026,23.02.2026,02.03.2026,04.03.2026,,F001,WH FBI JABABEKA	FBI
F100260206L086,CONT-20,8450000,0,0,0,0,0,8450000,F001 - WH FBI JABABEKA	FBI,PT. TPIL LOGISTICS,7,ON SCHEDULE,29,0,08.03.2026,06.02.2026,17.02.2026,06.04.2026,07.04.2026,10.04.2026,13.04.2026,,F001,WH FBI JABABEKA	FBI
F100260206L100,CDD LONG CHASSIS,4900000,0,0,0,0,0,4900000,F001 - WH FBI JABABEKA	FBI,PT.ORANG KREATIF EKSIS,7,ON SCHEDULE,28,0,07.03.2026,06.02.2026,08.02.2026,13.02.2026,13.02.2026,18.02.2026,18.02.2026,,F001,WH FBI JABABEKA	FBI
F100260207L081,CDD LONG CHASSIS,3600000,0,0,0,0,0,3600000,F001 - WH FBI JABABEKA	FBI,PT LOGISTIK CANGGIH INDONESIA,7,ON SCHEDULE,28,0,08.03.2026,07.02.2026,09.02.2026,18.02.2026,18.02.2026,23.02.2026,04.03.2026,,F001,WH FBI JABABEKA	FBI
F100260209L066,WINGBOX,5650000,0,0,0,0,0,5650000,F001 - WH FBI JABABEKA	FBI,PT. DUTA MEDIA MANDIRI,7,ON SCHEDULE,29,0,15.03.2026,13.02.2026,14.02.2026,18.02.2026,19.02.2026,20.02.2026,20.02.2026,,F001,WH FBI JABABEKA	FBI
F100260210L070,WINGBOX,6600000,0,0,0,0,0,6600000,F001 - WH FBI JABABEKA	FBI,PT. JAYA MULYA ERALINDO,7,ON SCHEDULE,29,0,12.03.2026,10.02.2026,13.02.2026,03.03.2026,03.03.2026,03.03.2026,03.03.2026,,F001,WH FBI JABABEKA	FBI
F100260211B001,CDD LONG CHASSIS,2350000,0,0,0,0,0,2350000,F001 - WH FBI JABABEKA	FBI,PT. BINTANG SAMUDRA RAYA,7,ON SCHEDULE,26,0,11.03.2026,12.02.2026,14.02.2026,10.04.2026,11.04.2026,15.04.2026,21.04.2026,,F001,WH FBI JABABEKA	FBI
F100260211L020,CONT-40,14200000,0,0,0,0,0,14200000,F001 - WH FBI JABABEKA	FBI,PT. SENTOSAPRIMA ABADI,7,ON SCHEDULE,40,0,24.03.2026,11.02.2026,21.02.2026,28.04.2026,28.04.2026,04.05.2026,18.05.2026,,F001,WH FBI JABABEKA	FBI
F100260211L082,CONT-20,9000000,0,0,0,0,200000,9200000,F001 - WH FBI JABABEKA	FBI,PT. SENTOSAPRIMA ABADI,7,ON SCHEDULE,39,0,25.03.2026,13.02.2026,22.02.2026,17.04.2026,17.04.2026,22.04.2026,22.04.2026,,F001,WH FBI JABABEKA	FBI
F100260211L092,CDD LONG CHASSIS,3500000,0,0,0,0,0,3500000,F001 - WH FBI JABABEKA	FBI,PT. CEHA LOGISTIK CEMERLANG,7,ON SCHEDULE,29,0,13.03.2026,11.02.2026,13.02.2026,18.02.2026,18.02.2026,20.02.2026,20.02.2026,,F001,WH FBI JABABEKA	FBI
F100260212L018,CONT-20,16100000,0,0,0,0,0,16100000,F001 - WH FBI JABABEKA	FBI,PT. SENTOSAPRIMA ABADI,7,ON SCHEDULE,41,0,10.04.2026,27.02.2026,03.03.2026,16.04.2026,16.04.2026,23.04.2026,23.04.2026,,F001,WH FBI JABABEKA	FBI
F100260212L051,CDD LONG CHASSIS,12400000,0,0,0,500000,0,12900000,F001 - WH FBI JABABEKA	FBI,PT.ORANG KREATIF EKSIS,7,ON SCHEDULE,30,0,16.03.2026,13.02.2026,,27.02.2026,27.02.2026,02.03.2026,04.03.2026,,F001,WH FBI JABABEKA	FBI
F100260213B005,CDD LONG CHASSIS,12400000,0,0,0,0,0,12400000,F001 - WH FBI JABABEKA	FBI,PT.ORANG KREATIF EKSIS,7,ON SCHEDULE,32,0,19.03.2026,14.02.2026,08.03.2026,11.03.2026,11.03.2026,13.03.2026,13.03.2026,,F001,WH FBI JABABEKA	FBI
F100260213L050,CDD LONG CHASSIS,1750000,0,0,0,0,0,1750000,F001 - WH FBI JABABEKA	FBI,PT. DUTA MEDIA MANDIRI,7,ON SCHEDULE,27,0,27.03.2026,27.02.2026,01.03.2026,02.03.2026,02.03.2026,03.03.2026,03.03.2026,,F001,WH FBI JABABEKA	FBI
F100260213L051,FUSO,1977500,0,0,0,0,0,1977500,F001 - WH FBI JABABEKA	FBI,PT. DUTA MEDIA MANDIRI,7,ON SCHEDULE,28,0,14.03.2026,13.02.2026,14.02.2026,18.02.2026,19.02.2026,20.02.2026,20.02.2026,,F001,WH FBI JABABEKA	FBI
F100260214L073,CDD LONG CHASSIS,3500000,0,0,0,0,0,3500000,F001 - WH FBI JABABEKA	FBI,PT. AGUNG MAKMUR JAYA,7,ON SCHEDULE,28,0,15.03.2026,14.02.2026,21.02.2026,26.02.2026,27.02.2026,03.03.2026,31.03.2026,,F001,WH FBI JABABEKA	FBI
F100260214L074,CDD LONG CHASSIS,7500000,0,0,0,0,0,7500000,F001 - WH FBI JABABEKA	FBI,PT.ORANG KREATIF EKSIS,7,ON SCHEDULE,30,0,30.03.2026,27.02.2026,02.03.2026,03.03.2026,03.03.2026,10.03.2026,10.03.2026,,F001,WH FBI JABABEKA	FBI
F100260216L011,WINGBOX,6600000,0,0,0,0,0,6600000,F001 - WH FBI JABABEKA	FBI,PT. JAYA MULYA ERALINDO,7,ON SCHEDULE,29,0,18.03.2026,16.02.2026,19.02.2026,02.03.2026,02.03.2026,03.03.2026,03.03.2026,,F001,WH FBI JABABEKA	FBI
F100260216L012,WINGBOX,6600000,0,0,0,0,0,6600000,F001 - WH FBI JABABEKA	FBI,PT. JAYA MULYA ERALINDO,7,ON SCHEDULE,29,0,18.03.2026,16.02.2026,19.02.2026,02.03.2026,02.03.2026,03.03.2026,03.03.2026,,F001,WH FBI JABABEKA	FBI
F100260217B001,CDD LONG CHASSIS,4900000,0,0,0,0,0,4900000,F001 - WH FBI JABABEKA	FBI,PT.ORANG KREATIF EKSIS,7,ON SCHEDULE,26,0,18.03.2026,19.02.2026,21.02.2026,03.03.2026,03.03.2026,10.03.2026,10.03.2026,,F001,WH FBI JABABEKA	FBI
F100260217L054,WINGBOX,5600000,0,0,0,0,0,5600000,F001 - WH FBI JABABEKA	FBI,PT. BINTANG SAMUDRA RAYA,7,ON SCHEDULE,29,0,20.03.2026,18.02.2026,21.02.2026,05.03.2026,05.03.2026,10.03.2026,10.03.2026,,F001,WH FBI JABABEKA	FBI
F100260217L055,CONT-20,9300000,0,0,0,0,0,9300000,F001 - WH FBI JABABEKA	FBI,PT. SENTOSAPRIMA ABADI,7,ON SCHEDULE,40,0,30.03.2026,17.02.2026,27.02.2026,28.04.2026,28.04.2026,04.05.2026,18.05.2026,,F001,WH FBI JABABEKA	FBI
F100260218B001,CDD LONG CHASSIS,3500000,0,0,0,0,0,3500000,F001 - WH FBI JABABEKA	FBI,PT. AGUNG MAKMUR JAYA,7,ON SCHEDULE,26,0,26.03.2026,27.02.2026,01.03.2026,03.03.2026,04.03.2026,04.03.2026,10.03.2026,,F001,WH FBI JABABEKA	FBI
F100260218B002,CDD LONG CHASSIS,3500000,0,0,0,0,0,3500000,F001 - WH FBI JABABEKA	FBI,PT. AGUNG MAKMUR JAYA,7,ON SCHEDULE,26,0,26.03.2026,27.02.2026,01.03.2026,03.03.2026,04.03.2026,04.03.2026,10.03.2026,,F001,WH FBI JABABEKA	FBI
F100260218L068,CONT-20,11300000,0,0,0,0,0,11300000,F001 - WH FBI JABABEKA	FBI,PT. SENTOSAPRIMA ABADI,7,ON SCHEDULE,41,0,01.04.2026,18.02.2026,03.03.2026,27.04.2026,28.04.2026,29.04.2026,18.05.2026,,F001,WH FBI JABABEKA	FBI
F100260218L083,FUSO,4255000,0,0,0,0,0,4255000,F001 - WH FBI JABABEKA	FBI,PT.SIASAT CEPAT MUDA,7,ON SCHEDULE,28,0,19.03.2026,18.02.2026,20.02.2026,26.02.2026,27.02.2026,02.03.2026,13.03.2026,,F001,WH FBI JABABEKA	FBI
F100260218L094,CDD LONG CHASSIS,3500000,0,0,0,0,0,3500000,F001 - WH FBI JABABEKA	FBI,PT. CEHA LOGISTIK CEMERLANG,7,ON SCHEDULE,29,0,20.03.2026,18.02.2026,20.02.2026,24.02.2026,24.02.2026,26.02.2026,26.02.2026,,F001,WH FBI JABABEKA	FBI
F100260219L005,CONT-20,9300000,0,0,0,0,0,9300000,F001 - WH FBI JABABEKA	FBI,PT. SENTOSAPRIMA ABADI,7,ON SCHEDULE,40,0,03.04.2026,21.02.2026,04.03.2026,28.04.2026,28.04.2026,04.05.2026,18.05.2026,,F001,WH FBI JABABEKA	FBI
F100260219L071,CDD LONG CHASSIS,12250000,0,0,0,1000000,0,13250000,F001 - WH FBI JABABEKA	FBI,PT. BINTANG SAMUDRA RAYA,7,ON SCHEDULE,30,0,30.03.2026,27.02.2026,01.03.2026,09.03.2026,10.03.2026,10.03.2026,10.03.2026,,F001,WH FBI JABABEKA	FBI
F100260220B002,CDE LONG CHASSIS,4900000,0,0,0,0,0,4900000,F001 - WH FBI JABABEKA	FBI,PT.ORANG KREATIF EKSIS,7,ON SCHEDULE,26,0,20.03.2026,21.02.2026,25.02.2026,27.02.2026,27.02.2026,02.03.2026,04.03.2026,,F001,WH FBI JABABEKA	FBI
F100260220L076,CDD LONG CHASSIS,1725000,0,0,0,0,0,1725000,F001 - WH FBI JABABEKA	FBI,PT. BINTANG SAMUDRA RAYA,7,ON SCHEDULE,27,0,20.03.2026,20.02.2026,21.02.2026,23.02.2026,23.02.2026,10.03.2026,10.03.2026,,F001,WH FBI JABABEKA	FBI
F100260220L077,CDD LONG CHASSIS,12500000,0,0,0,0,0,12500000,F001 - WH FBI JABABEKA	FBI,PT.ORANG KREATIF EKSIS,7,ON SCHEDULE,29,0,22.03.2026,20.02.2026,26.02.2026,06.03.2026,07.03.2026,13.03.2026,13.03.2026,,F001,WH FBI JABABEKA	FBI
F100260220L079,CDD LONG CHASSIS,5750000,0,0,0,0,0,5750000,F001 - WH FBI JABABEKA	FBI,PT. DUTA LINTAS NUSA,7,ON SCHEDULE,28,0,21.03.2026,20.02.2026,25.02.2026,11.03.2026,11.03.2026,26.03.2026,26.03.2026,,F001,WH FBI JABABEKA	FBI
F100260221L076,CDD LONG CHASSIS,3500000,0,0,0,0,0,3500000,F001 - WH FBI JABABEKA	FBI,PT. AGUNG MAKMUR JAYA,7,ON SCHEDULE,28,0,28.03.2026,27.02.2026,01.03.2026,03.03.2026,04.03.2026,04.03.2026,06.03.2026,,F001,WH FBI JABABEKA	FBI
F100260223B001,CDD LONG CHASSIS,3500000,0,0,0,0,0,3500000,F001 - WH FBI JABABEKA	FBI,PT. AGUNG MAKMUR JAYA,7,ON SCHEDULE,26,0,24.03.2026,25.02.2026,02.03.2026,03.03.2026,04.03.2026,04.03.2026,10.03.2026,,F001,WH FBI JABABEKA	FBI
F100260223B003,CDD LONG CHASSIS,2350000,0,0,0,0,0,2350000,F001 - WH FBI JABABEKA	FBI,PT. BINTANG SAMUDRA RAYA,7,ON SCHEDULE,26,0,23.03.2026,24.02.2026,02.03.2026,10.04.2026,11.04.2026,15.04.2026,21.04.2026,,F001,WH FBI JABABEKA	FBI
F100260223B004,CDD LONG CHASSIS,12400000,0,0,0,0,0,12400000,F001 - WH FBI JABABEKA	FBI,PT.ORANG KREATIF EKSIS,7,ON SCHEDULE,26,0,23.03.2026,24.02.2026,02.03.2026,10.03.2026,10.03.2026,13.03.2026,13.03.2026,,F001,WH FBI JABABEKA	FBI
F100260223L061,WINGBOX,5650000,0,0,0,0,0,5650000,F001 - WH FBI JABABEKA	FBI,PT. DUTA MEDIA MANDIRI,7,ON SCHEDULE,29,0,29.03.2026,27.02.2026,02.03.2026,02.03.2026,02.03.2026,03.03.2026,03.03.2026,,F001,WH FBI JABABEKA	FBI
F100260223L062,WINGBOX,5650000,0,0,0,0,0,5650000,F001 - WH FBI JABABEKA	FBI,PT. DUTA MEDIA MANDIRI,7,ON SCHEDULE,29,0,25.03.2026,23.02.2026,26.02.2026,02.03.2026,02.03.2026,05.03.2026,06.03.2026,,F001,WH FBI JABABEKA	FBI
F100260223L077,CONT-40,14300000,0,0,600000,0,0,14900000,F001 - WH FBI JABABEKA	FBI,PT. PAUS BIRU LOGISTIK,7,ON SCHEDULE,29,0,28.03.2026,26.02.2026,09.03.2026,20.05.2026,20.05.2026,10.06.2026,23.06.2026,,F001,WH FBI JABABEKA	FBI
F100260224L089,CONT-40,25600000,0,0,0,0,0,25600000,F001 - WH FBI JABABEKA	FBI,PT. SENTOSAPRIMA ABADI,7,ON SCHEDULE,40,0,08.04.2026,26.02.2026,10.03.2026,28.04.2026,28.04.2026,04.05.2026,04.05.2026,,F001,WH FBI JABABEKA	FBI
F100260224L101,WINGBOX,5650000,0,0,0,0,0,5650000,F001 - WH FBI JABABEKA	FBI,PT. DUTA MEDIA MANDIRI,7,ON SCHEDULE,29,0,27.03.2026,25.02.2026,01.03.2026,02.03.2026,02.03.2026,05.03.2026,06.03.2026,,F001,WH FBI JABABEKA	FBI
F100260225L118,WINGBOX,6600000,0,0,0,0,0,6600000,F001 - WH FBI JABABEKA	FBI,PT. CATUR GLOBAL LOGISTIK,7,ON SCHEDULE,29,0,28.03.2026,26.02.2026,01.03.2026,06.03.2026,06.03.2026,09.03.2026,09.03.2026,,F001,WH FBI JABABEKA	FBI
F100260226L012,CDD LONG CHASSIS,12400000,0,0,0,500000,0,12900000,F001 - WH FBI JABABEKA	FBI,PT.ORANG KREATIF EKSIS,7,ON SCHEDULE,30,0,31.03.2026,28.02.2026,,10.03.2026,10.03.2026,13.03.2026,13.03.2026,,F001,WH FBI JABABEKA	FBI
F100260226L012,CDD LONG CHASSIS,12400000,0,0,0,500000,0,12900000,F001 - WH FBI JABABEKA	FBI,PT.ORANG KREATIF EKSIS,7,ON SCHEDULE,30,0,31.03.2026,28.02.2026,,10.03.2026,10.03.2026,13.03.2026,13.03.2026,,F001,WH FBI JABABEKA	FBI
F100260226L013,CONT-20,16100000,0,0,0,0,0,16100000,F001 - WH FBI JABABEKA	FBI,PT. SENTOSAPRIMA ABADI,7,ON SCHEDULE,41,0,09.04.2026,26.02.2026,11.03.2026,27.04.2026,28.04.2026,30.04.2026,18.05.2026,,F001,WH FBI JABABEKA	FBI
F100260227L004,CONT-40,25600000,0,0,0,0,0,25600000,F001 - WH FBI JABABEKA	FBI,PT. SENTOSAPRIMA ABADI,7,ON SCHEDULE,40,0,10.04.2026,28.02.2026,12.03.2026,06.05.2026,07.05.2026,08.05.2026,08.05.2026,,F001,WH FBI JABABEKA	FBI
F100260228L062,CDD LONG CHASSIS,3600000,0,0,0,0,0,3600000,F001 - WH FBI JABABEKA	FBI,PT. BINTANG SAMUDRA RAYA,7,ON SCHEDULE,28,0,29.03.2026,28.02.2026,02.03.2026,10.03.2026,10.03.2026,11.03.2026,12.03.2026,,F001,WH FBI JABABEKA	FBI
F100260228L065,WINGBOX,12500000,0,0,0,0,0,12500000,F001 - WH FBI JABABEKA	FBI,PT. ARDYA PRIMA INTERNUSA,7,ON SCHEDULE,30,0,31.03.2026,28.02.2026,04.03.2026,09.03.2026,09.03.2026,09.03.2026,09.03.2026,,F001,WH FBI JABABEKA	FBI
F100260302L002,CONT-20,9300000,0,0,0,0,0,9300000,F001 - WH FBI JABABEKA	FBI,PT. SENTOSAPRIMA ABADI,7,ON SCHEDULE,40,0,17.03.2026,04.02.2026,14.02.2026,10.04.2026,11.04.2026,13.04.2026,13.04.2026,,F001,WH FBI JABABEKA	FBI
I100251024L049_S001,CDE PICKUP,2347500,0,0,0,0,0,2347500,S001 - WH KLS JABABEKA,PT. Nusantara Cargo Line,7,ON SCHEDULE,27,0,05.03.2026,05.02.2026,05.02.2026,11.02.2026,20.02.2026,23.02.2026,02.03.2026,,S001,WH KLS JABABEKA
I100251024L049_S001,CDE PICKUP,2347500,0,0,0,0,0,2347500,S001 - WH KLS JABABEKA,PT. Nusantara Cargo Line,7,ON SCHEDULE,27,0,05.03.2026,05.02.2026,05.02.2026,11.02.2026,20.02.2026,23.02.2026,02.03.2026,,S001,WH KLS JABABEKA
I100251105L051_S001,FUSO,14106300,0,0,0,0,0,14106300,S001 - WH KLS JABABEKA,BEPA IKA PEKASA,7,ON SCHEDULE,27,0,03.03.2026,03.02.2026,04.02.2026,09.02.2026,10.02.2026,10.02.2026,13.02.2026,,S001,WH KLS JABABEKA
I100251105L052_S001,FUSO,0,0,0,0,0,0,0,S001 - WH KLS JABABEKA,BEPA IKA PEKASA,2,LATE,7,180,12.02.2026,04.02.2026,04.02.2026,,,,,,S001,WH KLS JABABEKA
I100251206C004_S001,WINGBOX,2000000,0,0,0,0,0,2000000,S001 - WH KLS JABABEKA,PT.DUNIA EXPRESS TRANSINDO,7,ON SCHEDULE,27,0,03.03.2026,03.02.2026,03.02.2026,04.02.2026,06.02.2026,12.02.2026,12.02.2026,,S001,WH KLS JABABEKA
I100251206C005_S001,WINGBOX,2000000,0,0,0,0,0,2000000,S001 - WH KLS JABABEKA,PT.DUNIA EXPRESS TRANSINDO,7,ON SCHEDULE,27,0,03.03.2026,03.02.2026,03.02.2026,04.02.2026,06.02.2026,12.02.2026,12.02.2026,,S001,WH KLS JABABEKA
I100251206C006_S001,WINGBOX,2000000,0,0,0,0,0,2000000,S001 - WH KLS JABABEKA,PT.DUNIA EXPRESS TRANSINDO,7,ON SCHEDULE,27,0,03.03.2026,03.02.2026,03.02.2026,04.02.2026,06.02.2026,12.02.2026,12.02.2026,,S001,WH KLS JABABEKA
I100251206C008_S001,TOWING,3800000,0,0,0,0,0,3800000,S001 - WH KLS JABABEKA,JASATAMA DIRGANTARA EXPRESS,7,ON SCHEDULE,27,0,08.03.2026,08.02.2026,13.02.2026,13.02.2026,20.02.2026,12.03.2026,12.03.2026,,S001,WH KLS JABABEKA
I100251206C009_S001,TOWING,3800000,0,0,0,0,0,3800000,S001 - WH KLS JABABEKA,JASATAMA DIRGANTARA EXPRESS,7,ON SCHEDULE,27,0,08.03.2026,08.02.2026,13.02.2026,13.02.2026,20.02.2026,12.03.2026,12.03.2026,,S001,WH KLS JABABEKA
I100251206C013_S001,TRAILER,8000000,0,0,0,0,0,8000000,S001 - WH KLS JABABEKA,JASATAMA DIRGANTARA EXPRESS,7,ON SCHEDULE,27,0,08.03.2026,08.02.2026,,03.03.2026,04.03.2026,12.03.2026,12.03.2026,,S001,WH KLS JABABEKA
I100251206C014_S001,TRAILER,8000000,0,0,0,0,0,8000000,S001 - WH KLS JABABEKA,JASATAMA DIRGANTARA EXPRESS,7,ON SCHEDULE,27,0,08.03.2026,08.02.2026,,03.03.2026,04.03.2026,12.03.2026,12.03.2026,,S001,WH KLS JABABEKA
I100251212C034_S001,SELFOLDER,4500000,0,0,0,0,0,4500000,S001 - WH KLS JABABEKA,JASATAMA DIRGANTARA EXPRESS,7,ON SCHEDULE,27,0,13.03.2026,13.02.2026,14.02.2026,25.02.2026,25.02.2026,12.03.2026,12.03.2026,,S001,WH KLS JABABEKA
I100251219L006_S001,FUSO,403200,0,0,0,0,0,403200,S001 - WH KLS JABABEKA,BEPA IKA PEKASA,7,ON SCHEDULE,27,0,04.03.2026,04.02.2026,04.02.2026,09.02.2026,10.02.2026,10.02.2026,13.02.2026,,S001,WH KLS JABABEKA
I100251222L016_S001,CDD PICK UP,900000,0,0,0,0,0,900000,S001 - WH KLS JABABEKA,PT. Nusantara Cargo Line,7,ON SCHEDULE,27,0,25.03.2026,25.02.2026,26.02.2026,02.03.2026,02.03.2026,03.03.2026,03.03.2026,,S001,WH KLS JABABEKA
I100251222L016_S001,CDD PICK UP,900000,0,0,0,0,0,900000,S001 - WH KLS JABABEKA,PT. Nusantara Cargo Line,7,ON SCHEDULE,27,0,25.03.2026,25.02.2026,26.02.2026,02.03.2026,02.03.2026,03.03.2026,03.03.2026,,S001,WH KLS JABABEKA
I100251226L006_S001,CDD,30000000,0,0,0,0,0,30000000,S001 - WH KLS JABABEKA,JASATAMA DIRGANTARA EXPRESS,7,ON SCHEDULE,27,0,08.03.2026,08.02.2026,,11.03.2026,11.03.2026,26.03.2026,26.03.2026,,S001,WH KLS JABABEKA
I100260103L030_S001,CDE PICKUP,967500,0,0,0,0,0,967500,S001 - WH KLS JABABEKA,PT. Nusantara Cargo Line,7,ON SCHEDULE,27,0,05.03.2026,05.02.2026,05.02.2026,11.02.2026,20.02.2026,24.02.2026,24.02.2026,,S001,WH KLS JABABEKA
I100260103L030_S001,CDE PICKUP,967500,0,0,0,0,0,967500,S001 - WH KLS JABABEKA,PT. Nusantara Cargo Line,7,ON SCHEDULE,27,0,05.03.2026,05.02.2026,05.02.2026,11.02.2026,20.02.2026,24.02.2026,24.02.2026,,S001,WH KLS JABABEKA
I100260103L031_S001,FUSO PICK UP,1983200,0,0,0,0,0,1983200,S001 - WH KLS JABABEKA,BEPA IKA PEKASA,7,ON SCHEDULE,27,0,05.03.2026,05.02.2026,06.02.2026,09.02.2026,10.02.2026,13.02.2026,13.02.2026,,S001,WH KLS JABABEKA
I100260109L034_S001,CDE PICKUP,750000,0,0,0,0,0,750000,S001 - WH KLS JABABEKA,PT. Nusantara Cargo Line,7,ON SCHEDULE,27,0,05.03.2026,05.02.2026,05.02.2026,11.02.2026,20.02.2026,23.02.2026,23.02.2026,,S001,WH KLS JABABEKA
I100260109L034_S001,CDE PICKUP,750000,0,0,0,0,0,750000,S001 - WH KLS JABABEKA,PT. Nusantara Cargo Line,7,ON SCHEDULE,27,0,05.03.2026,05.02.2026,05.02.2026,11.02.2026,20.02.2026,23.02.2026,23.02.2026,,S001,WH KLS JABABEKA
I100260109L035_S001,CDD PICK UP,750000,0,0,0,0,0,750000,S001 - WH KLS JABABEKA,PT. Nusantara Cargo Line,7,ON SCHEDULE,27,0,05.03.2026,05.02.2026,05.02.2026,11.02.2026,20.02.2026,23.02.2026,23.02.2026,,S001,WH KLS JABABEKA
I100260109L035_S001,CDD PICK UP,750000,0,0,0,0,0,750000,S001 - WH KLS JABABEKA,PT. Nusantara Cargo Line,7,ON SCHEDULE,27,0,05.03.2026,05.02.2026,05.02.2026,11.02.2026,20.02.2026,23.02.2026,23.02.2026,,S001,WH KLS JABABEKA
I100260120L029_S001,CDE PICKUP,750000,0,0,0,0,0,750000,S001 - WH KLS JABABEKA,PT. Nusantara Cargo Line,7,ON SCHEDULE,27,0,24.03.2026,24.02.2026,27.02.2026,02.03.2026,02.03.2026,03.03.2026,03.03.2026,,S001,WH KLS JABABEKA
I100260120L029_S001,CDE PICKUP,750000,0,0,0,0,0,750000,S001 - WH KLS JABABEKA,PT. Nusantara Cargo Line,7,ON SCHEDULE,27,0,24.03.2026,24.02.2026,27.02.2026,02.03.2026,02.03.2026,03.03.2026,03.03.2026,,S001,WH KLS JABABEKA
I100260124L031_S001,CDE PICKUP,2000000,0,0,0,0,0,2000000,S001 - WH KLS JABABEKA,PT. MERPATI ALAM SEMESTA,7,ON SCHEDULE,27,0,02.03.2026,02.02.2026,26.02.2026,14.04.2026,14.04.2026,28.04.2026,05.05.2026,,S001,WH KLS JABABEKA
I100260124L031_S001,CDE PICKUP,2000000,0,0,0,0,0,2000000,S001 - WH KLS JABABEKA,PT. MERPATI ALAM SEMESTA,7,ON SCHEDULE,27,0,02.03.2026,02.02.2026,26.02.2026,14.04.2026,14.04.2026,28.04.2026,05.05.2026,,S001,WH KLS JABABEKA
I100260125L002_S001,CDD BAK,3726144,0,0,0,1000000,0,4726144,S001 - WH KLS JABABEKA,PT. HARI JAYA TRANSPORTASI,7,ON SCHEDULE,28,0,21.03.2026,20.02.2026,20.02.2026,20.02.2026,23.02.2026,23.02.2026,24.02.2026,,S001,WH KLS JABABEKA
I100260125L002_S001,CDD BAK,3726144,0,0,0,1000000,0,4726144,S001 - WH KLS JABABEKA,PT. HARI JAYA TRANSPORTASI,7,ON SCHEDULE,28,0,21.03.2026,20.02.2026,20.02.2026,20.02.2026,23.02.2026,23.02.2026,24.02.2026,,S001,WH KLS JABABEKA
I100260125L002_S001,CDD BAK,3726144,0,0,0,1000000,0,4726144,S001 - WH KLS JABABEKA,PT. HARI JAYA TRANSPORTASI,7,ON SCHEDULE,28,0,21.03.2026,20.02.2026,20.02.2026,20.02.2026,23.02.2026,23.02.2026,24.02.2026,,S001,WH KLS JABABEKA
I100260125L002_S001,CDD BAK,3726144,0,0,0,1000000,0,4726144,S001 - WH KLS JABABEKA,PT. HARI JAYA TRANSPORTASI,7,ON SCHEDULE,28,0,21.03.2026,20.02.2026,20.02.2026,20.02.2026,23.02.2026,23.02.2026,24.02.2026,,S001,WH KLS JABABEKA
I100260125L002_S001,CDD BAK,3726144,0,0,0,1000000,0,4726144,S001 - WH KLS JABABEKA,PT. HARI JAYA TRANSPORTASI,7,ON SCHEDULE,28,0,21.03.2026,20.02.2026,20.02.2026,20.02.2026,23.02.2026,23.02.2026,24.02.2026,,S001,WH KLS JABABEKA
I100260125L002_S001,CDD BAK,3726144,0,0,0,1000000,0,4726144,S001 - WH KLS JABABEKA,PT. HARI JAYA TRANSPORTASI,7,ON SCHEDULE,28,0,21.03.2026,20.02.2026,20.02.2026,20.02.2026,23.02.2026,23.02.2026,24.02.2026,,S001,WH KLS JABABEKA
I100260126L040_S001,CDE PICKUP,0,0,0,0,0,0,0,S001 - WH KLS JABABEKA,PT. Nusantara Cargo Line,2,LATE,7,160,04.03.2026,24.02.2026,27.02.2026,,,,,,S001,WH KLS JABABEKA
I100260127L014_S001,CDE PICKUP,2570000,0,0,0,0,0,2570000,S001 - WH KLS JABABEKA,PT. MERPATI ALAM SEMESTA,7,ON SCHEDULE,27,0,02.03.2026,02.02.2026,26.02.2026,10.03.2026,11.03.2026,25.03.2026,25.03.2026,,S001,WH KLS JABABEKA
I100260127L014_S001,CDE PICKUP,2570000,0,0,0,0,0,2570000,S001 - WH KLS JABABEKA,PT. MERPATI ALAM SEMESTA,7,ON SCHEDULE,27,0,02.03.2026,02.02.2026,26.02.2026,10.03.2026,11.03.2026,25.03.2026,25.03.2026,,S001,WH KLS JABABEKA
I100260127L017_S001,CDE PICKUP,1173000,0,0,0,0,0,1173000,S001 - WH KLS JABABEKA,PT. MERPATI ALAM SEMESTA,7,ON SCHEDULE,27,0,02.03.2026,02.02.2026,26.02.2026,25.03.2026,25.03.2026,30.03.2026,31.03.2026,,S001,WH KLS JABABEKA
I100260127L017_S001,CDE PICKUP,1173000,0,0,0,0,0,1173000,S001 - WH KLS JABABEKA,PT. MERPATI ALAM SEMESTA,7,ON SCHEDULE,27,0,02.03.2026,02.02.2026,26.02.2026,25.03.2026,25.03.2026,30.03.2026,31.03.2026,,S001,WH KLS JABABEKA
I100260127L019_S001,CDD PICK UP,13320000,0,0,0,0,0,13320000,S001 - WH KLS JABABEKA,PT. MERPATI ALAM SEMESTA,7,ON SCHEDULE,27,0,02.03.2026,02.02.2026,26.02.2026,19.05.2026,25.05.2026,29.05.2026,05.06.2026,,S001,WH KLS JABABEKA
I100260127L019_S001,CDD PICK UP,13320000,0,0,0,0,0,13320000,S001 - WH KLS JABABEKA,PT. MERPATI ALAM SEMESTA,7,ON SCHEDULE,27,0,02.03.2026,02.02.2026,26.02.2026,19.05.2026,25.05.2026,29.05.2026,05.06.2026,,S001,WH KLS JABABEKA
I100260129L039_S001,CDD PICK UP,46000,0,0,0,0,0,46000,S001 - WH KLS JABABEKA,PT. MERPATI ALAM SEMESTA,7,ON SCHEDULE,27,0,02.03.2026,02.02.2026,13.02.2026,14.04.2026,14.04.2026,28.04.2026,05.05.2026,,S001,WH KLS JABABEKA
I100260129L039_S001,CDD PICK UP,46000,0,0,0,0,0,46000,S001 - WH KLS JABABEKA,PT. MERPATI ALAM SEMESTA,7,ON SCHEDULE,27,0,02.03.2026,02.02.2026,13.02.2026,14.04.2026,14.04.2026,28.04.2026,05.05.2026,,S001,WH KLS JABABEKA
I100260129L040_S001,CDD PICK UP,100000,0,0,0,0,0,100000,S001 - WH KLS JABABEKA,PT. MERPATI ALAM SEMESTA,7,ON SCHEDULE,27,0,02.03.2026,02.02.2026,26.02.2026,14.04.2026,14.04.2026,28.04.2026,05.05.2026,,S001,WH KLS JABABEKA
I100260129L040_S001,CDD PICK UP,100000,0,0,0,0,0,100000,S001 - WH KLS JABABEKA,PT. MERPATI ALAM SEMESTA,7,ON SCHEDULE,27,0,02.03.2026,02.02.2026,26.02.2026,14.04.2026,14.04.2026,28.04.2026,05.05.2026,,S001,WH KLS JABABEKA
I100260130L004_S001,CONT-20,12350000,0,0,0,0,0,12350000,S001 - WH KLS JABABEKA,PT MITRA INTERTRANS FORWARDING,7,ON SCHEDULE,40,0,18.03.2026,05.02.2026,16.02.2026,30.03.2026,31.03.2026,31.03.2026,31.03.2026,,S001,WH KLS JABABEKA
I100260130L042_S001,CDD,3726000,0,0,0,0,0,3726000,S001 - WH KLS JABABEKA,BEPA IKA PEKASA,7,ON SCHEDULE,27,0,02.03.2026,02.02.2026,16.02.2026,02.03.2026,02.03.2026,03.03.2026,09.03.2026,,S001,WH KLS JABABEKA
I100260131L005_S001,CDE PICKUP,1100000,0,0,0,0,0,1100000,S001 - WH KLS JABABEKA,PT. MERPATI ALAM SEMESTA,7,ON SCHEDULE,27,0,02.03.2026,02.02.2026,26.02.2026,25.03.2026,25.03.2026,30.03.2026,31.03.2026,,S001,WH KLS JABABEKA
I100260131L005_S001,CDE PICKUP,1100000,0,0,0,0,0,1100000,S001 - WH KLS JABABEKA,PT. MERPATI ALAM SEMESTA,7,ON SCHEDULE,27,0,02.03.2026,02.02.2026,26.02.2026,25.03.2026,25.03.2026,30.03.2026,31.03.2026,,S001,WH KLS JABABEKA
I100260131L006_S001,CDE PICKUP,506250,0,0,0,0,0,506250,S001 - WH KLS JABABEKA,PT. MERPATI ALAM SEMESTA,7,ON SCHEDULE,27,0,03.03.2026,03.02.2026,26.02.2026,14.04.2026,14.04.2026,28.04.2026,05.05.2026,,S001,WH KLS JABABEKA
I100260131L006_S001,CDE PICKUP,506250,0,0,0,0,0,506250,S001 - WH KLS JABABEKA,PT. MERPATI ALAM SEMESTA,7,ON SCHEDULE,27,0,03.03.2026,03.02.2026,26.02.2026,14.04.2026,14.04.2026,28.04.2026,05.05.2026,,S001,WH KLS JABABEKA
I100260131L007_S001,CDE PICKUP,15600000,0,0,0,0,0,15600000,S001 - WH KLS JABABEKA,PT. MERPATI ALAM SEMESTA,2,LATE,7,182,11.02.2026,03.02.2026,,,,,,,S001,WH KLS JABABEKA
I100260131L007_S001,CDE PICKUP,15600000,0,0,0,0,0,15600000,S001 - WH KLS JABABEKA,PT. MERPATI ALAM SEMESTA,2,LATE,7,182,11.02.2026,03.02.2026,,,,,,,S001,WH KLS JABABEKA
I100260131L008_S001,CDE PICKUP,111000,0,0,0,0,0,111000,S001 - WH KLS JABABEKA,PT. MERPATI ALAM SEMESTA,7,ON SCHEDULE,27,0,03.03.2026,03.02.2026,13.02.2026,14.04.2026,14.04.2026,28.04.2026,05.05.2026,,S001,WH KLS JABABEKA
I100260131L008_S001,CDE PICKUP,111000,0,0,0,0,0,111000,S001 - WH KLS JABABEKA,PT. MERPATI ALAM SEMESTA,7,ON SCHEDULE,27,0,03.03.2026,03.02.2026,13.02.2026,14.04.2026,14.04.2026,28.04.2026,05.05.2026,,S001,WH KLS JABABEKA
I100260131L014_S001,CDE PICKUP,52000,0,0,0,0,0,52000,S001 - WH KLS JABABEKA,PT. MERPATI ALAM SEMESTA,7,ON SCHEDULE,27,0,03.03.2026,03.02.2026,13.02.2026,14.04.2026,14.04.2026,28.04.2026,05.05.2026,,S001,WH KLS JABABEKA
I100260131L014_S001,CDE PICKUP,52000,0,0,0,0,0,52000,S001 - WH KLS JABABEKA,PT. MERPATI ALAM SEMESTA,7,ON SCHEDULE,27,0,03.03.2026,03.02.2026,13.02.2026,14.04.2026,14.04.2026,28.04.2026,05.05.2026,,S001,WH KLS JABABEKA
I100260131L016_S001,CDE PICKUP,715000,0,0,0,0,0,715000,S001 - WH KLS JABABEKA,PT. MERPATI ALAM SEMESTA,7,ON SCHEDULE,27,0,03.03.2026,03.02.2026,26.02.2026,14.04.2026,14.04.2026,28.04.2026,05.05.2026,,S001,WH KLS JABABEKA
I100260131L016_S001,CDE PICKUP,715000,0,0,0,0,0,715000,S001 - WH KLS JABABEKA,PT. MERPATI ALAM SEMESTA,7,ON SCHEDULE,27,0,03.03.2026,03.02.2026,26.02.2026,14.04.2026,14.04.2026,28.04.2026,05.05.2026,,S001,WH KLS JABABEKA
I100260131L017_S001,CDE PICKUP,75000,0,0,0,0,0,75000,S001 - WH KLS JABABEKA,PT. MERPATI ALAM SEMESTA,7,ON SCHEDULE,27,0,03.03.2026,03.02.2026,13.02.2026,14.04.2026,14.04.2026,28.04.2026,05.05.2026,,S001,WH KLS JABABEKA
I100260131L017_S001,CDE PICKUP,75000,0,0,0,0,0,75000,S001 - WH KLS JABABEKA,PT. MERPATI ALAM SEMESTA,7,ON SCHEDULE,27,0,03.03.2026,03.02.2026,13.02.2026,14.04.2026,14.04.2026,28.04.2026,05.05.2026,,S001,WH KLS JABABEKA
I100260131L019_S001,CDE PICKUP,77000,0,0,0,0,0,77000,S001 - WH KLS JABABEKA,PT. MERPATI ALAM SEMESTA,7,ON SCHEDULE,27,0,03.03.2026,03.02.2026,13.02.2026,14.04.2026,14.04.2026,28.04.2026,05.05.2026,,S001,WH KLS JABABEKA
I100260131L020_S001,MINI VAN BOX,0,0,0,0,0,0,0,S001 - WH KLS JABABEKA,PT. MERPATI ALAM SEMESTA,2,LATE,7,177,15.02.2026,07.02.2026,26.02.2026,,,,,,S001,WH KLS JABABEKA
I100260131L021_S001,MINI VAN BOX,6285300,0,0,0,0,0,6285300,S001 - WH KLS JABABEKA,FIRST LOGISTICS,7,ON SCHEDULE,27,0,02.03.2026,02.02.2026,17.02.2026,07.04.2026,08.04.2026,10.04.2026,14.04.2026,,S001,WH KLS JABABEKA
I100260131L021_S001,MINI VAN BOX,6285300,0,0,0,0,0,6285300,S001 - WH KLS JABABEKA,FIRST LOGISTICS,7,ON SCHEDULE,27,0,02.03.2026,02.02.2026,17.02.2026,07.04.2026,08.04.2026,10.04.2026,14.04.2026,,S001,WH KLS JABABEKA
I100260131L022_S001,CDE PICKUP,600000,0,0,0,0,0,600000,S001 - WH KLS JABABEKA,PT. MERPATI ALAM SEMESTA,7,ON SCHEDULE,27,0,03.03.2026,03.02.2026,27.02.2026,14.04.2026,14.04.2026,28.04.2026,05.05.2026,,S001,WH KLS JABABEKA
I100260131L022_S001,CDE PICKUP,600000,0,0,0,0,0,600000,S001 - WH KLS JABABEKA,PT. MERPATI ALAM SEMESTA,7,ON SCHEDULE,27,0,03.03.2026,03.02.2026,27.02.2026,14.04.2026,14.04.2026,28.04.2026,05.05.2026,,S001,WH KLS JABABEKA
I100260131L023_S001,MINI VAN BOX,0,0,0,0,0,0,0,S001 - WH KLS JABABEKA,FIRST LOGISTICS,2,LATE,7,182,11.02.2026,03.02.2026,17.02.2026,,,,,,S001,WH KLS JABABEKA
I100260201L001_S001,CDD BAK,3700000,0,0,0,800000,0,4500000,S001 - WH KLS JABABEKA,EKA CIPTA MANGGALA,7,ON SCHEDULE,28,0,02.03.2026,01.02.2026,04.02.2026,05.02.2026,05.02.2026,06.02.2026,06.02.2026,,S001,WH KLS JABABEKA
I100260201L001_S001,CDD BAK,3700000,0,0,0,800000,0,4500000,S001 - WH KLS JABABEKA,EKA CIPTA MANGGALA,7,ON SCHEDULE,28,0,02.03.2026,01.02.2026,04.02.2026,05.02.2026,05.02.2026,06.02.2026,06.02.2026,,S001,WH KLS JABABEKA
I100260201L001_S001,CDD BAK,3700000,0,0,0,800000,0,4500000,S001 - WH KLS JABABEKA,EKA CIPTA MANGGALA,7,ON SCHEDULE,28,0,02.03.2026,01.02.2026,04.02.2026,05.02.2026,05.02.2026,06.02.2026,06.02.2026,,S001,WH KLS JABABEKA
I100260201L001_S001,CDD BAK,3700000,0,0,0,800000,0,4500000,S001 - WH KLS JABABEKA,EKA CIPTA MANGGALA,7,ON SCHEDULE,28,0,02.03.2026,01.02.2026,04.02.2026,05.02.2026,05.02.2026,06.02.2026,06.02.2026,,S001,WH KLS JABABEKA
I100260201L001_S001,CDD BAK,3700000,0,0,0,800000,0,4500000,S001 - WH KLS JABABEKA,EKA CIPTA MANGGALA,7,ON SCHEDULE,28,0,02.03.2026,01.02.2026,04.02.2026,05.02.2026,05.02.2026,06.02.2026,06.02.2026,,S001,WH KLS JABABEKA
I100260201L002_S001,CDD BAK,4000000,0,0,0,800000,0,4800000,S001 - WH KLS JABABEKA,EKA CIPTA MANGGALA,7,ON SCHEDULE,28,0,02.03.2026,01.02.2026,04.02.2026,10.02.2026,11.02.2026,13.02.2026,13.02.2026,,S001,WH KLS JABABEKA
I100260201L002_S001,CDD BAK,4000000,0,0,0,800000,0,4800000,S001 - WH KLS JABABEKA,EKA CIPTA MANGGALA,7,ON SCHEDULE,28,0,02.03.2026,01.02.2026,04.02.2026,10.02.2026,11.02.2026,13.02.2026,13.02.2026,,S001,WH KLS JABABEKA
I100260201L002_S001,CDD BAK,4000000,0,0,0,800000,0,4800000,S001 - WH KLS JABABEKA,EKA CIPTA MANGGALA,7,ON SCHEDULE,28,0,02.03.2026,01.02.2026,04.02.2026,10.02.2026,11.02.2026,13.02.2026,13.02.2026,,S001,WH KLS JABABEKA
I100260201L002_S001,CDD BAK,4000000,0,0,0,800000,0,4800000,S001 - WH KLS JABABEKA,EKA CIPTA MANGGALA,7,ON SCHEDULE,28,0,02.03.2026,01.02.2026,04.02.2026,10.02.2026,11.02.2026,13.02.2026,13.02.2026,,S001,WH KLS JABABEKA
I100260201L003_S001,CDD BAK,7500000,0,0,0,1000000,0,8500000,S001 - WH KLS JABABEKA,EKA CIPTA MANGGALA,7,ON SCHEDULE,30,0,04.03.2026,01.02.2026,04.02.2026,10.02.2026,11.02.2026,13.02.2026,13.02.2026,,S001,WH KLS JABABEKA
I100260201L003_S001,CDD BAK,7500000,0,0,0,1000000,0,8500000,S001 - WH KLS JABABEKA,EKA CIPTA MANGGALA,7,ON SCHEDULE,30,0,04.03.2026,01.02.2026,04.02.2026,10.02.2026,11.02.2026,13.02.2026,13.02.2026,,S001,WH KLS JABABEKA
I100260201L003_S001,CDD BAK,7500000,0,0,0,1000000,0,8500000,S001 - WH KLS JABABEKA,EKA CIPTA MANGGALA,7,ON SCHEDULE,30,0,04.03.2026,01.02.2026,04.02.2026,10.02.2026,11.02.2026,13.02.2026,13.02.2026,,S001,WH KLS JABABEKA
I100260201L003_S001,CDD BAK,7500000,0,0,0,1000000,0,8500000,S001 - WH KLS JABABEKA,EKA CIPTA MANGGALA,7,ON SCHEDULE,30,0,04.03.2026,01.02.2026,04.02.2026,10.02.2026,11.02.2026,13.02.2026,13.02.2026,,S001,WH KLS JABABEKA
I100260201L004_S001,CDD BAK,4100000,0,0,0,400000,0,4500000,S001 - WH KLS JABABEKA,EKA CIPTA MANGGALA,7,ON SCHEDULE,27,0,01.03.2026,01.02.2026,04.02.2026,05.02.2026,05.02.2026,06.02.2026,06.02.2026,,S001,WH KLS JABABEKA
I100260201L004_S001,CDD BAK,4100000,0,0,0,400000,0,4500000,S001 - WH KLS JABABEKA,EKA CIPTA MANGGALA,7,ON SCHEDULE,27,0,01.03.2026,01.02.2026,04.02.2026,05.02.2026,05.02.2026,06.02.2026,06.02.2026,,S001,WH KLS JABABEKA
I100260201L004_S001,CDD BAK,4100000,0,0,0,400000,0,4500000,S001 - WH KLS JABABEKA,EKA CIPTA MANGGALA,7,ON SCHEDULE,27,0,01.03.2026,01.02.2026,04.02.2026,05.02.2026,05.02.2026,06.02.2026,06.02.2026,,S001,WH KLS JABABEKA
I100260202L003_S001,WINGBOX,6300000,0,0,0,0,0,6300000,S001 - WH KLS JABABEKA,PT.DUNIA EXPRESS TRANSINDO,7,ON SCHEDULE,27,0,04.03.2026,04.02.2026,,22.04.2026,23.04.2026,04.05.2026,05.05.2026,,S001,WH KLS JABABEKA
I100260202L004_S001,WINGBOX,6300000,0,0,0,0,0,6300000,S001 - WH KLS JABABEKA,PT.DUNIA EXPRESS TRANSINDO,7,ON SCHEDULE,27,0,02.03.2026,02.02.2026,,22.04.2026,23.04.2026,04.05.2026,05.05.2026,,S001,WH KLS JABABEKA
I100260202L005_S001,WINGBOX,6325000,0,0,0,0,0,6325000,S001 - WH KLS JABABEKA,PT. DUTA LINTAS NUSA,7,ON SCHEDULE,27,0,02.03.2026,02.02.2026,05.02.2026,11.03.2026,12.03.2026,26.03.2026,26.03.2026,,S001,WH KLS JABABEKA
I100260202L006_S001,WINGBOX,6325000,0,0,0,0,0,6325000,S001 - WH KLS JABABEKA,PT. DUTA LINTAS NUSA,7,ON SCHEDULE,27,0,02.03.2026,02.02.2026,05.02.2026,11.03.2026,12.03.2026,26.03.2026,26.03.2026,,S001,WH KLS JABABEKA
I100260202L007_S001,WINGBOX,6325000,0,0,0,0,0,6325000,S001 - WH KLS JABABEKA,PT. DUTA LINTAS NUSA,7,ON SCHEDULE,27,0,02.03.2026,02.02.2026,05.02.2026,11.03.2026,12.03.2026,26.03.2026,26.03.2026,,S001,WH KLS JABABEKA
I100260202L008_S001,TRAILER,19750000,0,0,0,0,1750000,21500000,S001 - WH KLS JABABEKA,CV. BANGUN JASA TRANS,7,ON SCHEDULE,27,0,04.03.2026,04.02.2026,,11.03.2026,11.03.2026,13.03.2026,13.03.2026,,S001,WH KLS JABABEKA
I100260202L009_S001,CONT-20,17800000,0,0,0,0,0,17800000,S001 - WH KLS JABABEKA,PT.WIDYA TRANS CARGO,7,ON SCHEDULE,40,0,20.03.2026,07.02.2026,11.03.2026,12.03.2026,12.03.2026,13.03.2026,13.03.2026,,S001,WH KLS JABABEKA
I100260202L010_S001,CDD BAK,3421969,0,0,0,500000,0,3921969,S001 - WH KLS JABABEKA,PT. HARI JAYA TRANSPORTASI,7,ON SCHEDULE,28,0,03.03.2026,02.02.2026,04.02.2026,03.03.2026,03.03.2026,03.03.2026,03.03.2026,,S001,WH KLS JABABEKA
I100260202L010_S001,CDD BAK,3421969,0,0,0,500000,0,3921969,S001 - WH KLS JABABEKA,PT. HARI JAYA TRANSPORTASI,7,ON SCHEDULE,28,0,03.03.2026,02.02.2026,04.02.2026,03.03.2026,03.03.2026,03.03.2026,03.03.2026,,S001,WH KLS JABABEKA
I100260202L010_S001,CDD BAK,3421969,0,0,0,500000,0,3921969,S001 - WH KLS JABABEKA,PT. HARI JAYA TRANSPORTASI,7,ON SCHEDULE,28,0,03.03.2026,02.02.2026,04.02.2026,03.03.2026,03.03.2026,03.03.2026,03.03.2026,,S001,WH KLS JABABEKA
I100260202L010_S001,CDD BAK,3421969,0,0,0,500000,0,3921969,S001 - WH KLS JABABEKA,PT. HARI JAYA TRANSPORTASI,7,ON SCHEDULE,28,0,03.03.2026,02.02.2026,04.02.2026,03.03.2026,03.03.2026,03.03.2026,03.03.2026,,S001,WH KLS JABABEKA
I100260202L010_S001,CDD BAK,3421969,0,0,0,500000,0,3921969,S001 - WH KLS JABABEKA,PT. HARI JAYA TRANSPORTASI,7,ON SCHEDULE,28,0,03.03.2026,02.02.2026,04.02.2026,03.03.2026,03.03.2026,03.03.2026,03.03.2026,,S001,WH KLS JABABEKA
I100260202L011_S001,CDE PICKUP,750000,0,0,0,0,0,750000,S001 - WH KLS JABABEKA,PT. Nusantara Cargo Line,7,ON SCHEDULE,27,0,04.03.2026,04.02.2026,08.02.2026,18.02.2026,20.02.2026,23.02.2026,23.02.2026,,S001,WH KLS JABABEKA
I100260202L011_S001,CDE PICKUP,750000,0,0,0,0,0,750000,S001 - WH KLS JABABEKA,PT. Nusantara Cargo Line,7,ON SCHEDULE,27,0,04.03.2026,04.02.2026,08.02.2026,18.02.2026,20.02.2026,23.02.2026,23.02.2026,,S001,WH KLS JABABEKA
I100260202L015_S001,CDE PICKUP,1590000,0,0,0,0,0,1590000,S001 - WH KLS JABABEKA,PT. Nusantara Cargo Line,7,ON SCHEDULE,27,0,04.03.2026,04.02.2026,08.02.2026,13.02.2026,20.02.2026,25.02.2026,25.02.2026,,S001,WH KLS JABABEKA
I100260202L015_S001,CDE PICKUP,1590000,0,0,0,0,0,1590000,S001 - WH KLS JABABEKA,PT. Nusantara Cargo Line,7,ON SCHEDULE,27,0,04.03.2026,04.02.2026,08.02.2026,13.02.2026,20.02.2026,25.02.2026,25.02.2026,,S001,WH KLS JABABEKA
I100260202L016_S001,CDE PICKUP,637500,0,0,0,0,0,637500,S001 - WH KLS JABABEKA,PT. Nusantara Cargo Line,7,ON SCHEDULE,27,0,04.03.2026,04.02.2026,19.02.2026,09.03.2026,09.03.2026,10.03.2026,10.03.2026,,S001,WH KLS JABABEKA
I100260202L016_S001,CDE PICKUP,637500,0,0,0,0,0,637500,S001 - WH KLS JABABEKA,PT. Nusantara Cargo Line,7,ON SCHEDULE,27,0,04.03.2026,04.02.2026,19.02.2026,09.03.2026,09.03.2026,10.03.2026,10.03.2026,,S001,WH KLS JABABEKA
I100260202L017_S001,CDE PICKUP,350000,0,0,0,0,0,350000,S001 - WH KLS JABABEKA,PT. Nusantara Cargo Line,7,ON SCHEDULE,27,0,02.03.2026,02.02.2026,12.02.2026,02.03.2026,02.03.2026,03.03.2026,03.03.2026,,S001,WH KLS JABABEKA
I100260202L017_S001,CDE PICKUP,350000,0,0,0,0,0,350000,S001 - WH KLS JABABEKA,PT. Nusantara Cargo Line,7,ON SCHEDULE,27,0,02.03.2026,02.02.2026,12.02.2026,02.03.2026,02.03.2026,03.03.2026,03.03.2026,,S001,WH KLS JABABEKA
I100260202L018_S001,CDE PICKUP,0,0,0,0,0,0,0,S001 - WH KLS JABABEKA,PT. Nusantara Cargo Line,2,LATE,7,182,10.02.2026,02.02.2026,19.02.2026,,,,,,S001,WH KLS JABABEKA
I100260202L019_S001,CDE PICKUP,1105500,0,0,0,0,0,1105500,S001 - WH KLS JABABEKA,PT. Nusantara Cargo Line,7,ON SCHEDULE,27,0,02.03.2026,02.02.2026,08.02.2026,02.03.2026,02.03.2026,03.03.2026,03.03.2026,,S001,WH KLS JABABEKA
I100260202L019_S001,CDE PICKUP,1105500,0,0,0,0,0,1105500,S001 - WH KLS JABABEKA,PT. Nusantara Cargo Line,7,ON SCHEDULE,27,0,02.03.2026,02.02.2026,08.02.2026,02.03.2026,02.03.2026,03.03.2026,03.03.2026,,S001,WH KLS JABABEKA
I100260202L020_S001,CDE PICKUP,950000,0,0,0,0,0,950000,S001 - WH KLS JABABEKA,PT. Nusantara Cargo Line,7,ON SCHEDULE,27,0,02.03.2026,02.02.2026,19.02.2026,02.03.2026,02.03.2026,05.03.2026,05.03.2026,,S001,WH KLS JABABEKA
I100260202L020_S001,CDE PICKUP,950000,0,0,0,0,0,950000,S001 - WH KLS JABABEKA,PT. Nusantara Cargo Line,7,ON SCHEDULE,27,0,02.03.2026,02.02.2026,19.02.2026,02.03.2026,02.03.2026,05.03.2026,05.03.2026,,S001,WH KLS JABABEKA
I100260202L021_S001,CDE PICKUP,325000,0,0,0,0,0,325000,S001 - WH KLS JABABEKA,PT. Nusantara Cargo Line,7,ON SCHEDULE,27,0,03.03.2026,03.02.2026,08.02.2026,13.02.2026,20.02.2026,25.02.2026,25.02.2026,,S001,WH KLS JABABEKA
I100260202L021_S001,CDE PICKUP,325000,0,0,0,0,0,325000,S001 - WH KLS JABABEKA,PT. Nusantara Cargo Line,7,ON SCHEDULE,27,0,03.03.2026,03.02.2026,08.02.2026,13.02.2026,20.02.2026,25.02.2026,25.02.2026,,S001,WH KLS JABABEKA
I100260202L022_S001,CDE PICKUP,566500,0,0,0,0,0,566500,S001 - WH KLS JABABEKA,PT. Nusantara Cargo Line,7,ON SCHEDULE,27,0,03.03.2026,03.02.2026,08.02.2026,13.02.2026,20.02.2026,25.02.2026,25.02.2026,,S001,WH KLS JABABEKA
I100260202L022_S001,CDE PICKUP,566500,0,0,0,0,0,566500,S001 - WH KLS JABABEKA,PT. Nusantara Cargo Line,7,ON SCHEDULE,27,0,03.03.2026,03.02.2026,08.02.2026,13.02.2026,20.02.2026,25.02.2026,25.02.2026,,S001,WH KLS JABABEKA
I100260202L023_S001,CDE PICKUP,275000,0,0,0,0,0,275000,S001 - WH KLS JABABEKA,PT. Nusantara Cargo Line,7,ON SCHEDULE,27,0,04.03.2026,04.02.2026,08.02.2026,13.02.2026,20.02.2026,24.02.2026,24.02.2026,,S001,WH KLS JABABEKA
I100260202L023_S001,CDE PICKUP,275000,0,0,0,0,0,275000,S001 - WH KLS JABABEKA,PT. Nusantara Cargo Line,7,ON SCHEDULE,27,0,04.03.2026,04.02.2026,08.02.2026,13.02.2026,20.02.2026,24.02.2026,24.02.2026,,S001,WH KLS JABABEKA
I100260202L024_S001,CDE PICKUP,700000,0,0,0,0,0,700000,S001 - WH KLS JABABEKA,PT. Nusantara Cargo Line,7,ON SCHEDULE,27,0,04.03.2026,04.02.2026,25.02.2026,09.03.2026,09.03.2026,10.03.2026,10.03.2026,,S001,WH KLS JABABEKA
I100260202L024_S001,CDE PICKUP,700000,0,0,0,0,0,700000,S001 - WH KLS JABABEKA,PT. Nusantara Cargo Line,7,ON SCHEDULE,27,0,04.03.2026,04.02.2026,25.02.2026,09.03.2026,09.03.2026,10.03.2026,10.03.2026,,S001,WH KLS JABABEKA
I100260202L025_S001,CDE PICKUP,325000,0,0,0,0,0,325000,S001 - WH KLS JABABEKA,PT. Nusantara Cargo Line,7,ON SCHEDULE,27,0,02.03.2026,02.02.2026,08.02.2026,13.02.2026,20.02.2026,25.02.2026,25.02.2026,,S001,WH KLS JABABEKA
I100260202L025_S001,CDE PICKUP,325000,0,0,0,0,0,325000,S001 - WH KLS JABABEKA,PT. Nusantara Cargo Line,7,ON SCHEDULE,27,0,02.03.2026,02.02.2026,08.02.2026,13.02.2026,20.02.2026,25.02.2026,25.02.2026,,S001,WH KLS JABABEKA
I100260202L026_S001,CDE PICKUP,455000,0,0,0,0,0,455000,S001 - WH KLS JABABEKA,PT. Nusantara Cargo Line,7,ON SCHEDULE,27,0,02.03.2026,02.02.2026,14.02.2026,02.03.2026,02.03.2026,03.03.2026,03.03.2026,,S001,WH KLS JABABEKA
I100260202L026_S001,CDE PICKUP,455000,0,0,0,0,0,455000,S001 - WH KLS JABABEKA,PT. Nusantara Cargo Line,7,ON SCHEDULE,27,0,02.03.2026,02.02.2026,14.02.2026,02.03.2026,02.03.2026,03.03.2026,03.03.2026,,S001,WH KLS JABABEKA
I100260202L027_S001,CDE PICKUP,750000,0,0,0,0,0,750000,S001 - WH KLS JABABEKA,PT. Nusantara Cargo Line,7,ON SCHEDULE,27,0,02.03.2026,02.02.2026,08.02.2026,18.02.2026,20.02.2026,23.02.2026,23.02.2026,,S001,WH KLS JABABEKA
I100260202L027_S001,CDE PICKUP,750000,0,0,0,0,0,750000,S001 - WH KLS JABABEKA,PT. Nusantara Cargo Line,7,ON SCHEDULE,27,0,02.03.2026,02.02.2026,08.02.2026,18.02.2026,20.02.2026,23.02.2026,23.02.2026,,S001,WH KLS JABABEKA
I100260202L028_S001,CDE PICKUP,275000,0,0,0,0,0,275000,S001 - WH KLS JABABEKA,PT. Nusantara Cargo Line,7,ON SCHEDULE,27,0,02.03.2026,02.02.2026,08.02.2026,13.02.2026,20.02.2026,24.02.2026,24.02.2026,,S001,WH KLS JABABEKA
I100260202L028_S001,CDE PICKUP,275000,0,0,0,0,0,275000,S001 - WH KLS JABABEKA,PT. Nusantara Cargo Line,7,ON SCHEDULE,27,0,02.03.2026,02.02.2026,08.02.2026,13.02.2026,20.02.2026,24.02.2026,24.02.2026,,S001,WH KLS JABABEKA
I100260202L029_S001,CDE PICKUP,350000,0,0,0,0,0,350000,S001 - WH KLS JABABEKA,PT. Nusantara Cargo Line,7,ON SCHEDULE,27,0,02.03.2026,02.02.2026,12.02.2026,02.03.2026,02.03.2026,03.03.2026,03.03.2026,,S001,WH KLS JABABEKA
I100260202L029_S001,CDE PICKUP,350000,0,0,0,0,0,350000,S001 - WH KLS JABABEKA,PT. Nusantara Cargo Line,7,ON SCHEDULE,27,0,02.03.2026,02.02.2026,12.02.2026,02.03.2026,02.03.2026,03.03.2026,03.03.2026,,S001,WH KLS JABABEKA
I100260202L030_S001,CDE PICKUP,375000,0,0,0,0,0,375000,S001 - WH KLS JABABEKA,PT. Nusantara Cargo Line,7,ON SCHEDULE,27,0,02.03.2026,02.02.2026,08.02.2026,18.02.2026,20.02.2026,24.02.2026,24.02.2026,,S001,WH KLS JABABEKA
I100260202L030_S001,CDE PICKUP,375000,0,0,0,0,0,375000,S001 - WH KLS JABABEKA,PT. Nusantara Cargo Line,7,ON SCHEDULE,27,0,02.03.2026,02.02.2026,08.02.2026,18.02.2026,20.02.2026,24.02.2026,24.02.2026,,S001,WH KLS JABABEKA
I100260202L031_S001,CDE PICKUP,0,0,0,0,0,0,0,S001 - WH KLS JABABEKA,PT. Nusantara Cargo Line,2,LATE,7,182,10.02.2026,02.02.2026,19.02.2026,,,,,,S001,WH KLS JABABEKA
I100260202L032_S001,CDE PICKUP,473000,0,0,0,0,0,473000,S001 - WH KLS JABABEKA,PT. Nusantara Cargo Line,7,ON SCHEDULE,27,0,02.03.2026,02.02.2026,08.02.2026,13.02.2026,20.02.2026,25.02.2026,25.02.2026,,S001,WH KLS JABABEKA
I100260202L032_S001,CDE PICKUP,473000,0,0,0,0,0,473000,S001 - WH KLS JABABEKA,PT. Nusantara Cargo Line,7,ON SCHEDULE,27,0,02.03.2026,02.02.2026,08.02.2026,13.02.2026,20.02.2026,25.02.2026,25.02.2026,,S001,WH KLS JABABEKA
I100260202L034_S001,MINI VAN BOX,92100,0,0,0,0,0,92100,S001 - WH KLS JABABEKA,FIRST LOGISTICS,7,ON SCHEDULE,27,0,04.03.2026,04.02.2026,18.02.2026,08.05.2026,08.05.2026,12.05.2026,19.05.2026,,S001,WH KLS JABABEKA
I100260202L034_S001,MINI VAN BOX,92100,0,0,0,0,0,92100,S001 - WH KLS JABABEKA,FIRST LOGISTICS,7,ON SCHEDULE,27,0,04.03.2026,04.02.2026,18.02.2026,08.05.2026,08.05.2026,12.05.2026,19.05.2026,,S001,WH KLS JABABEKA
I100260202L035_S001,MINI VAN BOX,161800,0,0,0,0,0,161800,S001 - WH KLS JABABEKA,FIRST LOGISTICS,7,ON SCHEDULE,27,0,04.03.2026,04.02.2026,27.02.2026,08.05.2026,08.05.2026,12.05.2026,19.05.2026,,S001,WH KLS JABABEKA
I100260202L035_S001,MINI VAN BOX,161800,0,0,0,0,0,161800,S001 - WH KLS JABABEKA,FIRST LOGISTICS,7,ON SCHEDULE,27,0,04.03.2026,04.02.2026,27.02.2026,08.05.2026,08.05.2026,12.05.2026,19.05.2026,,S001,WH KLS JABABEKA
I100260202L036_S001,MINI VAN BOX,1030750,0,0,0,0,0,1030750,S001 - WH KLS JABABEKA,FIRST LOGISTICS,7,ON SCHEDULE,27,0,04.03.2026,04.02.2026,27.02.2026,08.05.2026,08.05.2026,12.05.2026,19.05.2026,,S001,WH KLS JABABEKA
I100260202L036_S001,MINI VAN BOX,1030750,0,0,0,0,0,1030750,S001 - WH KLS JABABEKA,FIRST LOGISTICS,7,ON SCHEDULE,27,0,04.03.2026,04.02.2026,27.02.2026,08.05.2026,08.05.2026,12.05.2026,19.05.2026,,S001,WH KLS JABABEKA
I100260202L037_S001,MINI VAN BOX,0,0,0,0,0,0,0,S001 - WH KLS JABABEKA,FIRST LOGISTICS,2,LATE,7,180,12.02.2026,04.02.2026,27.02.2026,,,,,,S001,WH KLS JABABEKA
I100260202L038_S001,CDE PICKUP,2700500,0,0,0,0,0,2700500,S001 - WH KLS JABABEKA,PT. Nusantara Cargo Line,7,ON SCHEDULE,27,0,04.03.2026,04.02.2026,08.02.2026,13.02.2026,20.02.2026,25.02.2026,25.02.2026,,S001,WH KLS JABABEKA
I100260202L038_S001,CDE PICKUP,2700500,0,0,0,0,0,2700500,S001 - WH KLS JABABEKA,PT. Nusantara Cargo Line,7,ON SCHEDULE,27,0,04.03.2026,04.02.2026,08.02.2026,13.02.2026,20.02.2026,25.02.2026,25.02.2026,,S001,WH KLS JABABEKA
I100260202L039_S001,MINI VAN BOX,0,0,0,0,0,0,0,S001 - WH KLS JABABEKA,FIRST LOGISTICS,2,LATE,7,180,12.02.2026,04.02.2026,27.02.2026,,,,,,S001,WH KLS JABABEKA
I100260202L040_S001,MINI VAN BOX,0,0,0,0,0,0,0,S001 - WH KLS JABABEKA,FIRST LOGISTICS,2,LATE,7,180,12.02.2026,04.02.2026,27.02.2026,,,,,,S001,WH KLS JABABEKA
I100260202L041_S001,MINI VAN BOX,0,0,0,0,0,0,0,S001 - WH KLS JABABEKA,FIRST LOGISTICS,2,LATE,7,180,12.02.2026,04.02.2026,27.02.2026,,,,,,S001,WH KLS JABABEKA
I100260203L002_S001,CONT-20,11300000,0,0,0,3400000,0,14700000,S001 - WH KLS JABABEKA,PT. SENTOSA PRIMA ABADI,7,ON SCHEDULE,39,0,15.03.2026,03.02.2026,18.02.2026,01.04.2026,01.04.2026,07.04.2026,07.04.2026,,S001,WH KLS JABABEKA
I100260203L003_S001,CONT-20,9000000,0,0,0,0,0,9000000,S001 - WH KLS JABABEKA,PT. SENTOSA PRIMA ABADI,7,ON SCHEDULE,40,0,16.03.2026,03.02.2026,09.02.2026,10.03.2026,11.03.2026,13.03.2026,14.04.2026,,S001,WH KLS JABABEKA
I100260203L004_S001,CDD BAK,4100000,0,0,0,1200000,0,5300000,S001 - WH KLS JABABEKA,EKA CIPTA MANGGALA,7,ON SCHEDULE,28,0,04.03.2026,03.02.2026,05.02.2026,10.02.2026,11.02.2026,13.02.2026,13.02.2026,,S001,WH KLS JABABEKA
I100260203L004_S001,CDD BAK,4100000,0,0,0,1200000,0,5300000,S001 - WH KLS JABABEKA,EKA CIPTA MANGGALA,7,ON SCHEDULE,28,0,04.03.2026,03.02.2026,05.02.2026,10.02.2026,11.02.2026,13.02.2026,13.02.2026,,S001,WH KLS JABABEKA
I100260203L004_S001,CDD BAK,4100000,0,0,0,1200000,0,5300000,S001 - WH KLS JABABEKA,EKA CIPTA MANGGALA,7,ON SCHEDULE,28,0,04.03.2026,03.02.2026,05.02.2026,10.02.2026,11.02.2026,13.02.2026,13.02.2026,,S001,WH KLS JABABEKA
I100260203L004_S001,CDD BAK,4100000,0,0,0,1200000,0,5300000,S001 - WH KLS JABABEKA,EKA CIPTA MANGGALA,7,ON SCHEDULE,28,0,04.03.2026,03.02.2026,05.02.2026,10.02.2026,11.02.2026,13.02.2026,13.02.2026,,S001,WH KLS JABABEKA
I100260203L004_S001,CDD BAK,4100000,0,0,0,1200000,0,5300000,S001 - WH KLS JABABEKA,EKA CIPTA MANGGALA,7,ON SCHEDULE,28,0,04.03.2026,03.02.2026,05.02.2026,10.02.2026,11.02.2026,13.02.2026,13.02.2026,,S001,WH KLS JABABEKA
I100260203L004_S001,CDD BAK,4100000,0,0,0,1200000,0,5300000,S001 - WH KLS JABABEKA,EKA CIPTA MANGGALA,7,ON SCHEDULE,28,0,04.03.2026,03.02.2026,05.02.2026,10.02.2026,11.02.2026,13.02.2026,13.02.2026,,S001,WH KLS JABABEKA
I100260203L005_S001,CDD BAK,7500000,0,0,0,500000,0,8000000,S001 - WH KLS JABABEKA,EKA CIPTA MANGGALA,7,ON SCHEDULE,31,0,07.03.2026,03.02.2026,08.02.2026,23.02.2026,23.02.2026,23.02.2026,23.02.2026,,S001,WH KLS JABABEKA
I100260203L005_S001,CDD BAK,7500000,0,0,0,500000,0,8000000,S001 - WH KLS JABABEKA,EKA CIPTA MANGGALA,7,ON SCHEDULE,31,0,07.03.2026,03.02.2026,08.02.2026,23.02.2026,23.02.2026,23.02.2026,23.02.2026,,S001,WH KLS JABABEKA
I100260203L005_S001,CDD BAK,7500000,0,0,0,500000,0,8000000,S001 - WH KLS JABABEKA,EKA CIPTA MANGGALA,7,ON SCHEDULE,31,0,07.03.2026,03.02.2026,08.02.2026,23.02.2026,23.02.2026,23.02.2026,23.02.2026,,S001,WH KLS JABABEKA
I100260203L006_S001,CDE PICKUP,3876000,0,0,0,0,0,3876000,S001 - WH KLS JABABEKA,PT. MERPATI ALAM SEMESTA,7,ON SCHEDULE,27,0,03.03.2026,03.02.2026,19.02.2026,19.05.2026,25.05.2026,29.05.2026,18.06.2026,,S001,WH KLS JABABEKA
I100260203L006_S001,CDE PICKUP,3876000,0,0,0,0,0,3876000,S001 - WH KLS JABABEKA,PT. MERPATI ALAM SEMESTA,7,ON SCHEDULE,27,0,03.03.2026,03.02.2026,19.02.2026,19.05.2026,25.05.2026,29.05.2026,18.06.2026,,S001,WH KLS JABABEKA
I100260203L007_S001,CDE PICKUP,0,0,0,0,0,0,0,S001 - WH KLS JABABEKA,PT. MERPATI ALAM SEMESTA,2,LATE,7,181,11.02.2026,03.02.2026,19.02.2026,,,,,,S001,WH KLS JABABEKA
I100260203L008_S001,CDE PICKUP,2010000,0,0,0,0,0,2010000,S001 - WH KLS JABABEKA,PT. MERPATI ALAM SEMESTA,7,ON SCHEDULE,27,0,03.03.2026,03.02.2026,19.02.2026,19.05.2026,25.05.2026,03.06.2026,05.06.2026,,S001,WH KLS JABABEKA
I100260203L008_S001,CDE PICKUP,2010000,0,0,0,0,0,2010000,S001 - WH KLS JABABEKA,PT. MERPATI ALAM SEMESTA,7,ON SCHEDULE,27,0,03.03.2026,03.02.2026,19.02.2026,19.05.2026,25.05.2026,03.06.2026,05.06.2026,,S001,WH KLS JABABEKA
I100260203L009_S001,CDE PICKUP,1200000,0,0,0,0,0,1200000,S001 - WH KLS JABABEKA,PT. MERPATI ALAM SEMESTA,7,ON SCHEDULE,27,0,03.03.2026,03.02.2026,19.02.2026,19.05.2026,25.05.2026,03.06.2026,05.06.2026,,S001,WH KLS JABABEKA
I100260203L009_S001,CDE PICKUP,1200000,0,0,0,0,0,1200000,S001 - WH KLS JABABEKA,PT. MERPATI ALAM SEMESTA,7,ON SCHEDULE,27,0,03.03.2026,03.02.2026,19.02.2026,19.05.2026,25.05.2026,03.06.2026,05.06.2026,,S001,WH KLS JABABEKA
I100260203L010_S001,CDE PICKUP,0,0,0,0,0,0,0,S001 - WH KLS JABABEKA,PT. MERPATI ALAM SEMESTA,2,LATE,7,181,11.02.2026,03.02.2026,18.02.2026,,,,,,S001,WH KLS JABABEKA
I100260203L011_S001,CDE PICKUP,1402875,0,0,0,0,0,1402875,S001 - WH KLS JABABEKA,PT. MERPATI ALAM SEMESTA,7,ON SCHEDULE,27,0,03.03.2026,03.02.2026,19.02.2026,14.04.2026,14.04.2026,28.04.2026,05.05.2026,,S001,WH KLS JABABEKA
I100260203L011_S001,CDE PICKUP,1402875,0,0,0,0,0,1402875,S001 - WH KLS JABABEKA,PT. MERPATI ALAM SEMESTA,7,ON SCHEDULE,27,0,03.03.2026,03.02.2026,19.02.2026,14.04.2026,14.04.2026,28.04.2026,05.05.2026,,S001,WH KLS JABABEKA
I100260203L012_S001,CDE PICKUP,800000,0,0,0,0,0,800000,S001 - WH KLS JABABEKA,PT. MERPATI ALAM SEMESTA,2,LATE,7,181,11.02.2026,03.02.2026,,,,,,,S001,WH KLS JABABEKA
I100260203L012_S001,CDE PICKUP,800000,0,0,0,0,0,800000,S001 - WH KLS JABABEKA,PT. MERPATI ALAM SEMESTA,2,LATE,7,181,11.02.2026,03.02.2026,,,,,,,S001,WH KLS JABABEKA
I100260203L013_S001,CDE PICKUP,21450000,0,0,0,0,0,21450000,S001 - WH KLS JABABEKA,PT. MERPATI ALAM SEMESTA,4,LATE,15,181,19.02.2026,03.02.2026,19.02.2026,30.07.2026,30.07.2026,,,,S001,WH KLS JABABEKA
I100260203L013_S001,CDE PICKUP,21450000,0,0,0,0,0,21450000,S001 - WH KLS JABABEKA,PT. MERPATI ALAM SEMESTA,4,LATE,15,181,19.02.2026,03.02.2026,19.02.2026,30.07.2026,30.07.2026,,,,S001,WH KLS JABABEKA
I100260203L014_S001,CDE PICKUP,2299000,0,0,0,0,0,2299000,S001 - WH KLS JABABEKA,PT. MERPATI ALAM SEMESTA,2,LATE,7,181,11.02.2026,03.02.2026,,,,,,,S001,WH KLS JABABEKA
I100260203L014_S001,CDE PICKUP,2299000,0,0,0,0,0,2299000,S001 - WH KLS JABABEKA,PT. MERPATI ALAM SEMESTA,2,LATE,7,181,11.02.2026,03.02.2026,,,,,,,S001,WH KLS JABABEKA
I100260203L015_S001,CDE PICKUP,630000,0,0,0,0,0,630000,S001 - WH KLS JABABEKA,PT. MERPATI ALAM SEMESTA,7,ON SCHEDULE,27,0,05.03.2026,05.02.2026,27.02.2026,14.04.2026,14.04.2026,28.04.2026,04.05.2026,,S001,WH KLS JABABEKA
I100260203L015_S001,CDE PICKUP,630000,0,0,0,0,0,630000,S001 - WH KLS JABABEKA,PT. MERPATI ALAM SEMESTA,7,ON SCHEDULE,27,0,05.03.2026,05.02.2026,27.02.2026,14.04.2026,14.04.2026,28.04.2026,04.05.2026,,S001,WH KLS JABABEKA
I100260203L017_S001,FUSO,40400000,0,0,0,0,0,40400000,S001 - WH KLS JABABEKA,BEPA IKA PEKASA,7,ON SCHEDULE,27,0,03.03.2026,03.02.2026,16.02.2026,02.03.2026,02.03.2026,03.03.2026,09.03.2026,,S001,WH KLS JABABEKA
I100260203L019_S001,MINI VAN BOX,7480000,0,0,0,0,0,7480000,S001 - WH KLS JABABEKA,PT. Nusantara Cargo Line,7,ON SCHEDULE,27,0,03.03.2026,03.02.2026,08.02.2026,13.02.2026,20.02.2026,20.02.2026,20.02.2026,,S001,WH KLS JABABEKA
I100260203L019_S001,MINI VAN BOX,7480000,0,0,0,0,0,7480000,S001 - WH KLS JABABEKA,PT. Nusantara Cargo Line,7,ON SCHEDULE,27,0,03.03.2026,03.02.2026,08.02.2026,13.02.2026,20.02.2026,20.02.2026,20.02.2026,,S001,WH KLS JABABEKA
I100260203L020_S001,CDD BAK,19947400,0,0,1000000,0,0,20947400,S001 - WH KLS JABABEKA,BINTANG SAMUDERA,7,ON SCHEDULE,27,0,03.03.2026,03.02.2026,19.02.2026,26.02.2026,27.02.2026,27.02.2026,27.02.2026,,S001,WH KLS JABABEKA
I100260203L022_S001,CDE PICKUP,1125000,0,0,0,0,0,1125000,S001 - WH KLS JABABEKA,PT. MERPATI ALAM SEMESTA,7,ON SCHEDULE,27,0,03.03.2026,03.02.2026,13.02.2026,19.05.2026,25.05.2026,03.06.2026,05.06.2026,,S001,WH KLS JABABEKA
I100260203L022_S001,CDE PICKUP,1125000,0,0,0,0,0,1125000,S001 - WH KLS JABABEKA,PT. MERPATI ALAM SEMESTA,7,ON SCHEDULE,27,0,03.03.2026,03.02.2026,13.02.2026,19.05.2026,25.05.2026,03.06.2026,05.06.2026,,S001,WH KLS JABABEKA
I100260203L023_S001,MINI VAN BOX,500000,0,0,0,0,0,500000,S001 - WH KLS JABABEKA,FIRST LOGISTICS,7,ON SCHEDULE,27,0,04.03.2026,04.02.2026,19.02.2026,08.05.2026,08.05.2026,12.05.2026,19.05.2026,,S001,WH KLS JABABEKA
I100260203L023_S001,MINI VAN BOX,500000,0,0,0,0,0,500000,S001 - WH KLS JABABEKA,FIRST LOGISTICS,7,ON SCHEDULE,27,0,04.03.2026,04.02.2026,19.02.2026,08.05.2026,08.05.2026,12.05.2026,19.05.2026,,S001,WH KLS JABABEKA
I100260203L024_S001,MINI VAN BOX,1339900,0,0,0,0,0,1339900,S001 - WH KLS JABABEKA,FIRST LOGISTICS,7,ON SCHEDULE,27,0,04.03.2026,04.02.2026,19.02.2026,08.05.2026,08.05.2026,12.05.2026,19.05.2026,,S001,WH KLS JABABEKA
I100260203L024_S001,MINI VAN BOX,1339900,0,0,0,0,0,1339900,S001 - WH KLS JABABEKA,FIRST LOGISTICS,7,ON SCHEDULE,27,0,04.03.2026,04.02.2026,19.02.2026,08.05.2026,08.05.2026,12.05.2026,19.05.2026,,S001,WH KLS JABABEKA
I100260203L025_S001,MINI VAN BOX,0,0,0,0,0,0,0,S001 - WH KLS JABABEKA,FIRST LOGISTICS,2,LATE,7,181,12.02.2026,04.02.2026,19.02.2026,,,,,,S001,WH KLS JABABEKA
I100260203L026_S001,MINI VAN BOX,64100,0,0,0,0,0,64100,S001 - WH KLS JABABEKA,FIRST LOGISTICS,6,LATE,27,181,04.03.2026,04.02.2026,19.02.2026,08.05.2026,08.05.2026,12.05.2026,23.07.2026,,S001,WH KLS JABABEKA
I100260203L026_S001,MINI VAN BOX,64100,0,0,0,0,0,64100,S001 - WH KLS JABABEKA,FIRST LOGISTICS,6,LATE,27,181,04.03.2026,04.02.2026,19.02.2026,08.05.2026,08.05.2026,12.05.2026,23.07.2026,,S001,WH KLS JABABEKA
I100260203L027_S001,MINI VAN BOX,0,0,0,0,0,0,0,S001 - WH KLS JABABEKA,FIRST LOGISTICS,2,LATE,7,181,12.02.2026,04.02.2026,19.02.2026,,,,,,S001,WH KLS JABABEKA
I100260203L028_S001,MINI VAN BOX,0,0,0,0,0,0,0,S001 - WH KLS JABABEKA,FIRST LOGISTICS,2,LATE,7,181,12.02.2026,04.02.2026,19.02.2026,,,,,,S001,WH KLS JABABEKA
I100260203L029_S001,CDD,0,0,0,0,0,0,0,S001 - WH KLS JABABEKA,FIRST LOGISTICS,2,LATE,7,181,12.02.2026,04.02.2026,19.02.2026,,,,,,S001,WH KLS JABABEKA
I100260203T001_S001,CONT-20,8800000,0,0,0,0,0,8800000,S001 - WH KLS JABABEKA,PT. SENTOSA PRIMA ABADI,7,ON SCHEDULE,40,0,16.03.2026,03.02.2026,18.02.2026,01.04.2026,01.04.2026,06.04.2026,06.04.2026,,S001,WH KLS JABABEKA
I100260204C254_S001,TOWING,2800000,0,0,0,0,0,2800000,S001 - WH KLS JABABEKA,JASATAMA DIRGANTARA EXPRESS,7,ON SCHEDULE,27,0,04.03.2026,04.02.2026,,12.03.2026,12.03.2026,26.03.2026,08.04.2026,,S001,WH KLS JABABEKA
I100260204L007_S001,MINI VAN BOX,3501400,0,0,0,0,0,3501400,S001 - WH KLS JABABEKA,FIRST LOGISTICS,7,ON SCHEDULE,27,0,04.03.2026,04.02.2026,27.02.2026,08.05.2026,08.05.2026,12.05.2026,19.05.2026,,S001,WH KLS JABABEKA
I100260204L007_S001,MINI VAN BOX,3501400,0,0,0,0,0,3501400,S001 - WH KLS JABABEKA,FIRST LOGISTICS,7,ON SCHEDULE,27,0,04.03.2026,04.02.2026,27.02.2026,08.05.2026,08.05.2026,12.05.2026,19.05.2026,,S001,WH KLS JABABEKA
I100260204L036_S001,FUSO,12095000,0,0,0,0,0,12095000,S001 - WH KLS JABABEKA,BEPA IKA PEKASA,7,ON SCHEDULE,27,0,05.03.2026,05.02.2026,19.02.2026,07.04.2026,08.04.2026,08.04.2026,13.04.2026,,S001,WH KLS JABABEKA
I100260204L037_S001,FUSO,607700,0,0,0,0,0,607700,S001 - WH KLS JABABEKA,BEPA IKA PEKASA,7,ON SCHEDULE,27,0,05.03.2026,05.02.2026,16.02.2026,02.03.2026,02.03.2026,10.03.2026,10.03.2026,,S001,WH KLS JABABEKA
I100260204L038_S001,FUSO,1743000,0,0,0,0,0,1743000,S001 - WH KLS JABABEKA,BEPA IKA PEKASA,7,ON SCHEDULE,27,0,05.03.2026,05.02.2026,16.02.2026,02.03.2026,02.03.2026,03.03.2026,09.03.2026,,S001,WH KLS JABABEKA
I100260204L039_S001,FUSO,335000,0,0,0,0,0,335000,S001 - WH KLS JABABEKA,BEPA IKA PEKASA,7,ON SCHEDULE,27,0,05.03.2026,05.02.2026,16.02.2026,02.03.2026,02.03.2026,03.03.2026,09.03.2026,,S001,WH KLS JABABEKA
I100260204L041_S001,FUSO,9500000,0,0,0,0,0,9500000,S001 - WH KLS JABABEKA,EKA CIPTA MANGGALA,7,ON SCHEDULE,27,0,04.03.2026,04.02.2026,,23.02.2026,23.02.2026,23.02.2026,23.02.2026,,S001,WH KLS JABABEKA
I100260204L042_S001,CDD BAK,4000000,0,0,0,0,0,4000000,S001 - WH KLS JABABEKA,EKA CIPTA MANGGALA,7,ON SCHEDULE,27,0,04.03.2026,04.02.2026,,12.02.2026,20.02.2026,23.02.2026,23.02.2026,,S001,WH KLS JABABEKA
I100260204L043_S001,CDD BAK,5300000,0,0,0,400000,0,5700000,S001 - WH KLS JABABEKA,EKA CIPTA MANGGALA,7,ON SCHEDULE,29,0,06.03.2026,04.02.2026,08.02.2026,10.02.2026,11.02.2026,13.02.2026,13.02.2026,,S001,WH KLS JABABEKA
I100260204L043_S001,CDD BAK,5300000,0,0,0,400000,0,5700000,S001 - WH KLS JABABEKA,EKA CIPTA MANGGALA,7,ON SCHEDULE,29,0,06.03.2026,04.02.2026,08.02.2026,10.02.2026,11.02.2026,13.02.2026,13.02.2026,,S001,WH KLS JABABEKA
I100260204L043_S001,CDD BAK,5300000,0,0,0,400000,0,5700000,S001 - WH KLS JABABEKA,EKA CIPTA MANGGALA,7,ON SCHEDULE,29,0,06.03.2026,04.02.2026,08.02.2026,10.02.2026,11.02.2026,13.02.2026,13.02.2026,,S001,WH KLS JABABEKA
I100260204L044_S001,CDD BAK,4500000,0,0,0,1200000,0,5700000,S001 - WH KLS JABABEKA,PT. HARI JAYA SEJAHTERA,7,ON SCHEDULE,29,0,06.03.2026,04.02.2026,08.02.2026,12.02.2026,23.02.2026,23.02.2026,26.02.2026,,S001,WH KLS JABABEKA
I100260204L044_S001,CDD BAK,4500000,0,0,0,1200000,0,5700000,S001 - WH KLS JABABEKA,PT. HARI JAYA SEJAHTERA,7,ON SCHEDULE,29,0,06.03.2026,04.02.2026,08.02.2026,12.02.2026,23.02.2026,23.02.2026,26.02.2026,,S001,WH KLS JABABEKA
I100260204L044_S001,CDD BAK,4500000,0,0,0,1200000,0,5700000,S001 - WH KLS JABABEKA,PT. HARI JAYA SEJAHTERA,7,ON SCHEDULE,29,0,06.03.2026,04.02.2026,08.02.2026,12.02.2026,23.02.2026,23.02.2026,26.02.2026,,S001,WH KLS JABABEKA
I100260204L051_S001,CDE PICKUP,275000,0,0,0,0,0,275000,S001 - WH KLS JABABEKA,PT. Nusantara Cargo Line,7,ON SCHEDULE,27,0,04.03.2026,04.02.2026,13.02.2026,20.02.2026,20.02.2026,25.02.2026,25.02.2026,,S001,WH KLS JABABEKA
I100260204L051_S001,CDE PICKUP,275000,0,0,0,0,0,275000,S001 - WH KLS JABABEKA,PT. Nusantara Cargo Line,7,ON SCHEDULE,27,0,04.03.2026,04.02.2026,13.02.2026,20.02.2026,20.02.2026,25.02.2026,25.02.2026,,S001,WH KLS JABABEKA
I100260204L052_S001,CDE PICKUP,850000,0,0,0,0,0,850000,S001 - WH KLS JABABEKA,PT. Nusantara Cargo Line,7,ON SCHEDULE,27,0,04.03.2026,04.02.2026,18.02.2026,09.03.2026,09.03.2026,10.03.2026,10.03.2026,,S001,WH KLS JABABEKA
I100260204L052_S001,CDE PICKUP,850000,0,0,0,0,0,850000,S001 - WH KLS JABABEKA,PT. Nusantara Cargo Line,7,ON SCHEDULE,27,0,04.03.2026,04.02.2026,18.02.2026,09.03.2026,09.03.2026,10.03.2026,10.03.2026,,S001,WH KLS JABABEKA
I100260204L053_S001,CDE PICKUP,275000,0,0,0,0,0,275000,S001 - WH KLS JABABEKA,PT. Nusantara Cargo Line,7,ON SCHEDULE,27,0,05.03.2026,05.02.2026,14.02.2026,20.02.2026,20.02.2026,25.02.2026,25.02.2026,,S001,WH KLS JABABEKA
I100260204L053_S001,CDE PICKUP,275000,0,0,0,0,0,275000,S001 - WH KLS JABABEKA,PT. Nusantara Cargo Line,7,ON SCHEDULE,27,0,05.03.2026,05.02.2026,14.02.2026,20.02.2026,20.02.2026,25.02.2026,25.02.2026,,S001,WH KLS JABABEKA
I100260204L054_S001,CDE PICKUP,3289900,0,0,0,0,0,3289900,S001 - WH KLS JABABEKA,PT. Nusantara Cargo Line,7,ON SCHEDULE,27,0,04.03.2026,04.02.2026,14.02.2026,02.03.2026,02.03.2026,03.03.2026,03.03.2026,,S001,WH KLS JABABEKA
I100260204L054_S001,CDE PICKUP,3289900,0,0,0,0,0,3289900,S001 - WH KLS JABABEKA,PT. Nusantara Cargo Line,7,ON SCHEDULE,27,0,04.03.2026,04.02.2026,14.02.2026,02.03.2026,02.03.2026,03.03.2026,03.03.2026,,S001,WH KLS JABABEKA
I100260204L060_S001,CDE PICKUP,1771000,0,0,0,0,0,1771000,S001 - WH KLS JABABEKA,PT. Nusantara Cargo Line,7,ON SCHEDULE,27,0,04.03.2026,04.02.2026,12.02.2026,02.03.2026,02.03.2026,03.03.2026,03.03.2026,,S001,WH KLS JABABEKA
I100260204L060_S001,CDE PICKUP,1771000,0,0,0,0,0,1771000,S001 - WH KLS JABABEKA,PT. Nusantara Cargo Line,7,ON SCHEDULE,27,0,04.03.2026,04.02.2026,12.02.2026,02.03.2026,02.03.2026,03.03.2026,03.03.2026,,S001,WH KLS JABABEKA
I100260204L062_S001,CDE PICKUP,300000,0,0,0,0,0,300000,S001 - WH KLS JABABEKA,PT. Nusantara Cargo Line,7,ON SCHEDULE,27,0,04.03.2026,04.02.2026,12.02.2026,13.02.2026,20.02.2026,26.02.2026,26.02.2026,,S001,WH KLS JABABEKA
I100260204L062_S001,CDE PICKUP,300000,0,0,0,0,0,300000,S001 - WH KLS JABABEKA,PT. Nusantara Cargo Line,7,ON SCHEDULE,27,0,04.03.2026,04.02.2026,12.02.2026,13.02.2026,20.02.2026,26.02.2026,26.02.2026,,S001,WH KLS JABABEKA
I100260204L064_S001,CDE PICKUP,275000,0,0,0,0,0,275000,S001 - WH KLS JABABEKA,PT. Nusantara Cargo Line,7,ON SCHEDULE,27,0,05.03.2026,05.02.2026,14.02.2026,20.02.2026,20.02.2026,25.02.2026,25.02.2026,,S001,WH KLS JABABEKA
I100260204L064_S001,CDE PICKUP,275000,0,0,0,0,0,275000,S001 - WH KLS JABABEKA,PT. Nusantara Cargo Line,7,ON SCHEDULE,27,0,05.03.2026,05.02.2026,14.02.2026,20.02.2026,20.02.2026,25.02.2026,25.02.2026,,S001,WH KLS JABABEKA
I100260204L065_S001,CDE PICKUP,4655000,0,0,0,0,0,4655000,S001 - WH KLS JABABEKA,PT. Nusantara Cargo Line,7,ON SCHEDULE,27,0,05.03.2026,05.02.2026,19.02.2026,02.03.2026,02.03.2026,05.03.2026,05.03.2026,,S001,WH KLS JABABEKA
I100260204L065_S001,CDE PICKUP,4655000,0,0,0,0,0,4655000,S001 - WH KLS JABABEKA,PT. Nusantara Cargo Line,7,ON SCHEDULE,27,0,05.03.2026,05.02.2026,19.02.2026,02.03.2026,02.03.2026,05.03.2026,05.03.2026,,S001,WH KLS JABABEKA
I100260204L067_S001,CDE PICKUP,950000,0,0,0,0,0,950000,S001 - WH KLS JABABEKA,PT. Nusantara Cargo Line,7,ON SCHEDULE,27,0,05.03.2026,05.02.2026,19.02.2026,02.03.2026,02.03.2026,05.03.2026,05.03.2026,,S001,WH KLS JABABEKA
I100260204L067_S001,CDE PICKUP,950000,0,0,0,0,0,950000,S001 - WH KLS JABABEKA,PT. Nusantara Cargo Line,7,ON SCHEDULE,27,0,05.03.2026,05.02.2026,19.02.2026,02.03.2026,02.03.2026,05.03.2026,05.03.2026,,S001,WH KLS JABABEKA
I100260204L068_S001,CDE PICKUP,1634000,0,0,0,0,0,1634000,S001 - WH KLS JABABEKA,PT. Nusantara Cargo Line,7,ON SCHEDULE,27,0,05.03.2026,05.02.2026,19.02.2026,02.03.2026,02.03.2026,05.03.2026,05.03.2026,,S001,WH KLS JABABEKA
I100260204L068_S001,CDE PICKUP,1634000,0,0,0,0,0,1634000,S001 - WH KLS JABABEKA,PT. Nusantara Cargo Line,7,ON SCHEDULE,27,0,05.03.2026,05.02.2026,19.02.2026,02.03.2026,02.03.2026,05.03.2026,05.03.2026,,S001,WH KLS JABABEKA
I100260204L069_S001,CDD PICK UP,896500,0,0,0,0,0,896500,S001 - WH KLS JABABEKA,PT. Nusantara Cargo Line,7,ON SCHEDULE,27,0,05.03.2026,05.02.2026,12.02.2026,20.02.2026,20.02.2026,26.02.2026,26.02.2026,,S001,WH KLS JABABEKA
I100260204L069_S001,CDD PICK UP,896500,0,0,0,0,0,896500,S001 - WH KLS JABABEKA,PT. Nusantara Cargo Line,7,ON SCHEDULE,27,0,05.03.2026,05.02.2026,12.02.2026,20.02.2026,20.02.2026,26.02.2026,26.02.2026,,S001,WH KLS JABABEKA
I100260204L070_S001,CDE PICKUP,275000,0,0,0,0,0,275000,S001 - WH KLS JABABEKA,PT. Nusantara Cargo Line,7,ON SCHEDULE,27,0,05.03.2026,05.02.2026,12.02.2026,20.02.2026,20.02.2026,25.02.2026,25.02.2026,,S001,WH KLS JABABEKA
I100260204L070_S001,CDE PICKUP,275000,0,0,0,0,0,275000,S001 - WH KLS JABABEKA,PT. Nusantara Cargo Line,7,ON SCHEDULE,27,0,05.03.2026,05.02.2026,12.02.2026,20.02.2026,20.02.2026,25.02.2026,25.02.2026,,S001,WH KLS JABABEKA
I100260204L072_S001,CDE PICKUP,950000,0,0,0,0,200000,1150000,S001 - WH KLS JABABEKA,PT. Nusantara Cargo Line,7,ON SCHEDULE,27,0,05.03.2026,05.02.2026,,13.03.2026,25.03.2026,31.03.2026,31.03.2026,,S001,WH KLS JABABEKA
I100260204L072_S001,CDE PICKUP,950000,0,0,0,0,200000,1150000,S001 - WH KLS JABABEKA,PT. Nusantara Cargo Line,7,ON SCHEDULE,27,0,05.03.2026,05.02.2026,,13.03.2026,25.03.2026,31.03.2026,31.03.2026,,S001,WH KLS JABABEKA
I100260204L072_S001,CDE PICKUP,950000,0,0,0,0,200000,1150000,S001 - WH KLS JABABEKA,PT. Nusantara Cargo Line,7,ON SCHEDULE,27,0,05.03.2026,05.02.2026,,13.03.2026,25.03.2026,31.03.2026,31.03.2026,,S001,WH KLS JABABEKA
I100260204L072_S001,CDE PICKUP,950000,0,0,0,0,200000,1150000,S001 - WH KLS JABABEKA,PT. Nusantara Cargo Line,7,ON SCHEDULE,27,0,05.03.2026,05.02.2026,,13.03.2026,25.03.2026,31.03.2026,31.03.2026,,S001,WH KLS JABABEKA
I100260204L072_S001,CDE PICKUP,950000,0,0,0,0,200000,1150000,S001 - WH KLS JABABEKA,PT. Nusantara Cargo Line,7,ON SCHEDULE,27,0,05.03.2026,05.02.2026,,13.03.2026,25.03.2026,31.03.2026,31.03.2026,,S001,WH KLS JABABEKA
I100260204L073_S001,CDE PICKUP,0,0,0,0,0,0,0,S001 - WH KLS JABABEKA,PT. Nusantara Cargo Line,2,LATE,7,180,13.02.2026,05.02.2026,19.02.2026,,,,,,S001,WH KLS JABABEKA
I100260204L100_S001,CDE PICKUP,275000,0,0,0,0,0,275000,S001 - WH KLS JABABEKA,PT. Nusantara Cargo Line,7,ON SCHEDULE,27,0,05.03.2026,05.02.2026,14.02.2026,20.02.2026,20.02.2026,25.02.2026,25.02.2026,,S001,WH KLS JABABEKA
I100260204L100_S001,CDE PICKUP,275000,0,0,0,0,0,275000,S001 - WH KLS JABABEKA,PT. Nusantara Cargo Line,7,ON SCHEDULE,27,0,05.03.2026,05.02.2026,14.02.2026,20.02.2026,20.02.2026,25.02.2026,25.02.2026,,S001,WH KLS JABABEKA
I100260204L101_S001,CDE PICKUP,1822500,0,0,0,0,0,1822500,S001 - WH KLS JABABEKA,PT. Nusantara Cargo Line,7,ON SCHEDULE,27,0,05.03.2026,05.02.2026,12.02.2026,20.02.2026,20.02.2026,26.02.2026,26.02.2026,,S001,WH KLS JABABEKA
I100260204L101_S001,CDE PICKUP,1822500,0,0,0,0,0,1822500,S001 - WH KLS JABABEKA,PT. Nusantara Cargo Line,7,ON SCHEDULE,27,0,05.03.2026,05.02.2026,12.02.2026,20.02.2026,20.02.2026,26.02.2026,26.02.2026,,S001,WH KLS JABABEKA
I100260204L102_S001,CDE PICKUP,275000,0,0,0,0,0,275000,S001 - WH KLS JABABEKA,PT. Nusantara Cargo Line,7,ON SCHEDULE,27,0,05.03.2026,05.02.2026,12.02.2026,13.02.2026,20.02.2026,25.02.2026,25.02.2026,,S001,WH KLS JABABEKA
I100260204L102_S001,CDE PICKUP,275000,0,0,0,0,0,275000,S001 - WH KLS JABABEKA,PT. Nusantara Cargo Line,7,ON SCHEDULE,27,0,05.03.2026,05.02.2026,12.02.2026,13.02.2026,20.02.2026,25.02.2026,25.02.2026,,S001,WH KLS JABABEKA
I100260204L103_S001,CDE PICKUP,275000,0,0,0,0,0,275000,S001 - WH KLS JABABEKA,PT. Nusantara Cargo Line,7,ON SCHEDULE,27,0,05.03.2026,05.02.2026,14.02.2026,20.02.2026,20.02.2026,25.02.2026,25.02.2026,,S001,WH KLS JABABEKA
I100260204L103_S001,CDE PICKUP,275000,0,0,0,0,0,275000,S001 - WH KLS JABABEKA,PT. Nusantara Cargo Line,7,ON SCHEDULE,27,0,05.03.2026,05.02.2026,14.02.2026,20.02.2026,20.02.2026,25.02.2026,25.02.2026,,S001,WH KLS JABABEKA
I100260204L104_S001,CDE PICKUP,325000,0,0,0,0,0,325000,S001 - WH KLS JABABEKA,PT. Nusantara Cargo Line,7,ON SCHEDULE,27,0,05.03.2026,05.02.2026,14.02.2026,20.02.2026,20.02.2026,26.02.2026,26.02.2026,,S001,WH KLS JABABEKA
I100260204L104_S001,CDE PICKUP,325000,0,0,0,0,0,325000,S001 - WH KLS JABABEKA,PT. Nusantara Cargo Line,7,ON SCHEDULE,27,0,05.03.2026,05.02.2026,14.02.2026,20.02.2026,20.02.2026,26.02.2026,26.02.2026,,S001,WH KLS JABABEKA
I100260204L105_S001,CDE PICKUP,700000,0,0,0,0,0,700000,S001 - WH KLS JABABEKA,PT. Nusantara Cargo Line,7,ON SCHEDULE,27,0,05.03.2026,05.02.2026,12.02.2026,02.03.2026,02.03.2026,03.03.2026,03.03.2026,,S001,WH KLS JABABEKA
I100260204L105_S001,CDE PICKUP,700000,0,0,0,0,0,700000,S001 - WH KLS JABABEKA,PT. Nusantara Cargo Line,7,ON SCHEDULE,27,0,05.03.2026,05.02.2026,12.02.2026,02.03.2026,02.03.2026,03.03.2026,03.03.2026,,S001,WH KLS JABABEKA
I100260204L106_S001,CDE PICKUP,375000,0,0,0,0,0,375000,S001 - WH KLS JABABEKA,PT. Nusantara Cargo Line,7,ON SCHEDULE,27,0,05.03.2026,05.02.2026,14.02.2026,18.02.2026,20.02.2026,24.02.2026,24.02.2026,,S001,WH KLS JABABEKA
I100260204L106_S001,CDE PICKUP,375000,0,0,0,0,0,375000,S001 - WH KLS JABABEKA,PT. Nusantara Cargo Line,7,ON SCHEDULE,27,0,05.03.2026,05.02.2026,14.02.2026,18.02.2026,20.02.2026,24.02.2026,24.02.2026,,S001,WH KLS JABABEKA
I100260204L107_S001,CDE PICKUP,750000,0,0,0,0,0,750000,S001 - WH KLS JABABEKA,PT. Nusantara Cargo Line,7,ON SCHEDULE,27,0,05.03.2026,05.02.2026,12.02.2026,18.02.2026,20.02.2026,23.02.2026,23.02.2026,,S001,WH KLS JABABEKA
I100260204L107_S001,CDE PICKUP,750000,0,0,0,0,0,750000,S001 - WH KLS JABABEKA,PT. Nusantara Cargo Line,7,ON SCHEDULE,27,0,05.03.2026,05.02.2026,12.02.2026,18.02.2026,20.02.2026,23.02.2026,23.02.2026,,S001,WH KLS JABABEKA
I100260204L108_S001,CDE PICKUP,375000,0,0,0,0,0,375000,S001 - WH KLS JABABEKA,PT. Nusantara Cargo Line,7,ON SCHEDULE,27,0,05.03.2026,05.02.2026,14.02.2026,02.03.2026,02.03.2026,03.03.2026,03.03.2026,,S001,WH KLS JABABEKA
I100260204L108_S001,CDE PICKUP,375000,0,0,0,0,0,375000,S001 - WH KLS JABABEKA,PT. Nusantara Cargo Line,7,ON SCHEDULE,27,0,05.03.2026,05.02.2026,14.02.2026,02.03.2026,02.03.2026,03.03.2026,03.03.2026,,S001,WH KLS JABABEKA
I100260204L109_S001,CDD PICK UP,600000,0,0,0,0,0,600000,S001 - WH KLS JABABEKA,PT. Nusantara Cargo Line,7,ON SCHEDULE,27,0,05.03.2026,05.02.2026,18.02.2026,02.03.2026,02.03.2026,03.03.2026,03.03.2026,,S001,WH KLS JABABEKA
I100260204L109_S001,CDD PICK UP,600000,0,0,0,0,0,600000,S001 - WH KLS JABABEKA,PT. Nusantara Cargo Line,7,ON SCHEDULE,27,0,05.03.2026,05.02.2026,18.02.2026,02.03.2026,02.03.2026,03.03.2026,03.03.2026,,S001,WH KLS JABABEKA
I100260204L110_S001,FUSO,11085000,0,0,0,0,0,11085000,S001 - WH KLS JABABEKA,BEPA IKA PEKASA,7,ON SCHEDULE,27,0,05.03.2026,05.02.2026,16.02.2026,02.03.2026,02.03.2026,03.03.2026,09.03.2026,,S001,WH KLS JABABEKA
I100260204L111_S001,CDE PICKUP,275000,0,0,0,0,0,275000,S001 - WH KLS JABABEKA,PT. Nusantara Cargo Line,7,ON SCHEDULE,27,0,05.03.2026,05.02.2026,12.02.2026,13.02.2026,20.02.2026,26.02.2026,26.02.2026,,S001,WH KLS JABABEKA
I100260204L111_S001,CDE PICKUP,275000,0,0,0,0,0,275000,S001 - WH KLS JABABEKA,PT. Nusantara Cargo Line,7,ON SCHEDULE,27,0,05.03.2026,05.02.2026,12.02.2026,13.02.2026,20.02.2026,26.02.2026,26.02.2026,,S001,WH KLS JABABEKA
I100260204L112_S001,CDD PICK UP,0,0,0,0,0,0,0,S001 - WH KLS JABABEKA,PT. Nusantara Cargo Line,2,LATE,7,180,13.02.2026,05.02.2026,19.02.2026,,,,,,S001,WH KLS JABABEKA
I100260204L113_S001,CDD PICK UP,375000,0,0,0,0,0,375000,S001 - WH KLS JABABEKA,PT. Nusantara Cargo Line,7,ON SCHEDULE,27,0,05.03.2026,05.02.2026,13.02.2026,25.02.2026,27.02.2026,27.02.2026,27.02.2026,,S001,WH KLS JABABEKA
I100260204L113_S001,CDD PICK UP,375000,0,0,0,0,0,375000,S001 - WH KLS JABABEKA,PT. Nusantara Cargo Line,7,ON SCHEDULE,27,0,05.03.2026,05.02.2026,13.02.2026,25.02.2026,27.02.2026,27.02.2026,27.02.2026,,S001,WH KLS JABABEKA
I100260204L115_S001,CDD PICK UP,700000,0,0,0,0,0,700000,S001 - WH KLS JABABEKA,PT. Nusantara Cargo Line,7,ON SCHEDULE,27,0,05.03.2026,05.02.2026,12.02.2026,20.02.2026,20.02.2026,23.02.2026,23.02.2026,,S001,WH KLS JABABEKA
I100260204L115_S001,CDD PICK UP,700000,0,0,0,0,0,700000,S001 - WH KLS JABABEKA,PT. Nusantara Cargo Line,7,ON SCHEDULE,27,0,05.03.2026,05.02.2026,12.02.2026,20.02.2026,20.02.2026,23.02.2026,23.02.2026,,S001,WH KLS JABABEKA
I100260204L116_S001,CDD PICK UP,275000,0,0,0,0,0,275000,S001 - WH KLS JABABEKA,PT. Nusantara Cargo Line,7,ON SCHEDULE,27,0,05.03.2026,05.02.2026,14.02.2026,20.02.2026,20.02.2026,26.02.2026,26.02.2026,,S001,WH KLS JABABEKA
I100260204L116_S001,CDD PICK UP,275000,0,0,0,0,0,275000,S001 - WH KLS JABABEKA,PT. Nusantara Cargo Line,7,ON SCHEDULE,27,0,05.03.2026,05.02.2026,14.02.2026,20.02.2026,20.02.2026,26.02.2026,26.02.2026,,S001,WH KLS JABABEKA
I100260204L117_S001,TRONTON LOSBAK,10000000,0,0,0,0,0,10000000,S001 - WH KLS JABABEKA,CV. BANGUN JASA TRANS,7,ON SCHEDULE,27,0,05.03.2026,05.02.2026,,03.03.2026,03.03.2026,03.03.2026,04.03.2026,,S001,WH KLS JABABEKA
I100260204L122_S001,MINI VAN BOX,1019450,0,0,0,0,0,1019450,S001 - WH KLS JABABEKA,FIRST LOGISTICS,7,ON SCHEDULE,27,0,05.03.2026,05.02.2026,27.02.2026,08.05.2026,08.05.2026,12.05.2026,19.05.2026,,S001,WH KLS JABABEKA
I100260204L122_S001,MINI VAN BOX,1019450,0,0,0,0,0,1019450,S001 - WH KLS JABABEKA,FIRST LOGISTICS,7,ON SCHEDULE,27,0,05.03.2026,05.02.2026,27.02.2026,08.05.2026,08.05.2026,12.05.2026,19.05.2026,,S001,WH KLS JABABEKA
I100260204L123_S001,MINI VAN BOX,32900,0,0,0,0,0,32900,S001 - WH KLS JABABEKA,FIRST LOGISTICS,7,ON SCHEDULE,27,0,05.03.2026,05.02.2026,19.02.2026,08.05.2026,08.05.2026,12.05.2026,19.05.2026,,S001,WH KLS JABABEKA
I100260204L123_S001,MINI VAN BOX,32900,0,0,0,0,0,32900,S001 - WH KLS JABABEKA,FIRST LOGISTICS,7,ON SCHEDULE,27,0,05.03.2026,05.02.2026,19.02.2026,08.05.2026,08.05.2026,12.05.2026,19.05.2026,,S001,WH KLS JABABEKA
I100260204L124_S001,MINI VAN BOX,450800,0,0,0,0,0,450800,S001 - WH KLS JABABEKA,FIRST LOGISTICS,7,ON SCHEDULE,27,0,05.03.2026,05.02.2026,19.02.2026,08.05.2026,08.05.2026,12.05.2026,19.05.2026,,S001,WH KLS JABABEKA
I100260204L124_S001,MINI VAN BOX,450800,0,0,0,0,0,450800,S001 - WH KLS JABABEKA,FIRST LOGISTICS,7,ON SCHEDULE,27,0,05.03.2026,05.02.2026,19.02.2026,08.05.2026,08.05.2026,12.05.2026,19.05.2026,,S001,WH KLS JABABEKA
I100260204L126_S001,CDE PICKUP,325000,0,0,0,0,0,325000,S001 - WH KLS JABABEKA,PT. Nusantara Cargo Line,7,ON SCHEDULE,27,0,05.03.2026,05.02.2026,12.02.2026,20.02.2026,20.02.2026,26.02.2026,26.02.2026,,S001,WH KLS JABABEKA
I100260204L126_S001,CDE PICKUP,325000,0,0,0,0,0,325000,S001 - WH KLS JABABEKA,PT. Nusantara Cargo Line,7,ON SCHEDULE,27,0,05.03.2026,05.02.2026,12.02.2026,20.02.2026,20.02.2026,26.02.2026,26.02.2026,,S001,WH KLS JABABEKA
I100260204L130_S001,MINI VAN BOX,0,0,0,0,0,0,0,S001 - WH KLS JABABEKA,FIRST LOGISTICS,2,LATE,7,180,13.02.2026,05.02.2026,19.02.2026,,,,,,S001,WH KLS JABABEKA
I100260204L131_S001,CDE PICKUP,650000,0,0,0,0,0,650000,S001 - WH KLS JABABEKA,PT. Nusantara Cargo Line,7,ON SCHEDULE,27,0,05.03.2026,05.02.2026,26.06.2026,26.06.2026,27.06.2026,29.06.2026,30.06.2026,,S001,WH KLS JABABEKA
I100260204L131_S001,CDE PICKUP,650000,0,0,0,0,0,650000,S001 - WH KLS JABABEKA,PT. Nusantara Cargo Line,7,ON SCHEDULE,27,0,05.03.2026,05.02.2026,26.06.2026,26.06.2026,27.06.2026,29.06.2026,30.06.2026,,S001,WH KLS JABABEKA
I100260204L132_S001,MINI VAN BOX,0,0,0,0,0,0,0,S001 - WH KLS JABABEKA,FIRST LOGISTICS,2,LATE,7,179,13.02.2026,05.02.2026,27.02.2026,,,,,,S001,WH KLS JABABEKA
I100260204T021_S001,WINGBOX,19000000,0,0,0,0,0,19000000,S001 - WH KLS JABABEKA,BINTANG SAMUDERA,7,ON SCHEDULE,32,0,10.03.2026,05.02.2026,12.02.2026,25.02.2026,25.02.2026,26.02.2026,26.02.2026,,S001,WH KLS JABABEKA
I100260205C268_S001,FUSO LOSBAK,3300000,0,0,0,0,0,3300000,S001 - WH KLS JABABEKA,CV. BANGUN JASA TRANS,7,ON SCHEDULE,27,0,06.03.2026,06.02.2026,08.02.2026,10.02.2026,10.02.2026,20.02.2026,24.02.2026,,S001,WH KLS JABABEKA
I100260205L038_S001,CDD BAK,3650000,0,0,0,550000,500000,4700000,S001 - WH KLS JABABEKA,PT. HARI JAYA SEJAHTERA,7,ON SCHEDULE,27,0,05.03.2026,05.02.2026,08.02.2026,12.02.2026,23.02.2026,23.02.2026,26.02.2026,,S001,WH KLS JABABEKA
I100260205L038_S001,CDD BAK,3650000,0,0,0,550000,500000,4700000,S001 - WH KLS JABABEKA,PT. HARI JAYA SEJAHTERA,7,ON SCHEDULE,27,0,05.03.2026,05.02.2026,08.02.2026,12.02.2026,23.02.2026,23.02.2026,26.02.2026,,S001,WH KLS JABABEKA
I100260205L039_S001,CDD BAK,4000000,0,0,0,1200000,0,5200000,S001 - WH KLS JABABEKA,EKA CIPTA MANGGALA,7,ON SCHEDULE,28,0,06.03.2026,05.02.2026,08.02.2026,10.02.2026,11.02.2026,13.02.2026,13.02.2026,,S001,WH KLS JABABEKA
I100260205L039_S001,CDD BAK,4000000,0,0,0,1200000,0,5200000,S001 - WH KLS JABABEKA,EKA CIPTA MANGGALA,7,ON SCHEDULE,28,0,06.03.2026,05.02.2026,08.02.2026,10.02.2026,11.02.2026,13.02.2026,13.02.2026,,S001,WH KLS JABABEKA
I100260205L039_S001,CDD BAK,4000000,0,0,0,1200000,0,5200000,S001 - WH KLS JABABEKA,EKA CIPTA MANGGALA,7,ON SCHEDULE,28,0,06.03.2026,05.02.2026,08.02.2026,10.02.2026,11.02.2026,13.02.2026,13.02.2026,,S001,WH KLS JABABEKA
I100260205L039_S001,CDD BAK,4000000,0,0,0,1200000,0,5200000,S001 - WH KLS JABABEKA,EKA CIPTA MANGGALA,7,ON SCHEDULE,28,0,06.03.2026,05.02.2026,08.02.2026,10.02.2026,11.02.2026,13.02.2026,13.02.2026,,S001,WH KLS JABABEKA
I100260205L039_S001,CDD BAK,4000000,0,0,0,1200000,0,5200000,S001 - WH KLS JABABEKA,EKA CIPTA MANGGALA,7,ON SCHEDULE,28,0,06.03.2026,05.02.2026,08.02.2026,10.02.2026,11.02.2026,13.02.2026,13.02.2026,,S001,WH KLS JABABEKA
I100260205L039_S001,CDD BAK,4000000,0,0,0,1200000,0,5200000,S001 - WH KLS JABABEKA,EKA CIPTA MANGGALA,7,ON SCHEDULE,28,0,06.03.2026,05.02.2026,08.02.2026,10.02.2026,11.02.2026,13.02.2026,13.02.2026,,S001,WH KLS JABABEKA
I100260205L040_S001,CDD BAK,4100000,0,0,0,800000,0,4900000,S001 - WH KLS JABABEKA,EKA CIPTA MANGGALA,7,ON SCHEDULE,28,0,06.03.2026,05.02.2026,08.02.2026,10.02.2026,11.02.2026,13.02.2026,13.02.2026,,S001,WH KLS JABABEKA
I100260205L040_S001,CDD BAK,4100000,0,0,0,800000,0,4900000,S001 - WH KLS JABABEKA,EKA CIPTA MANGGALA,7,ON SCHEDULE,28,0,06.03.2026,05.02.2026,08.02.2026,10.02.2026,11.02.2026,13.02.2026,13.02.2026,,S001,WH KLS JABABEKA
I100260205L040_S001,CDD BAK,4100000,0,0,0,800000,0,4900000,S001 - WH KLS JABABEKA,EKA CIPTA MANGGALA,7,ON SCHEDULE,28,0,06.03.2026,05.02.2026,08.02.2026,10.02.2026,11.02.2026,13.02.2026,13.02.2026,,S001,WH KLS JABABEKA
I100260205L040_S001,CDD BAK,4100000,0,0,0,800000,0,4900000,S001 - WH KLS JABABEKA,EKA CIPTA MANGGALA,7,ON SCHEDULE,28,0,06.03.2026,05.02.2026,08.02.2026,10.02.2026,11.02.2026,13.02.2026,13.02.2026,,S001,WH KLS JABABEKA
I100260205L041_S001,CDD BAK,3421969,0,0,0,1500000,0,4921969,S001 - WH KLS JABABEKA,PT. HARI JAYA TRANSPORTASI,7,ON SCHEDULE,28,0,06.03.2026,05.02.2026,08.02.2026,20.02.2026,23.02.2026,23.02.2026,24.02.2026,,S001,WH KLS JABABEKA
I100260205L041_S001,CDD BAK,3421969,0,0,0,1500000,0,4921969,S001 - WH KLS JABABEKA,PT. HARI JAYA TRANSPORTASI,7,ON SCHEDULE,28,0,06.03.2026,05.02.2026,08.02.2026,20.02.2026,23.02.2026,23.02.2026,24.02.2026,,S001,WH KLS JABABEKA
I100260205L041_S001,CDD BAK,3421969,0,0,0,1500000,0,4921969,S001 - WH KLS JABABEKA,PT. HARI JAYA TRANSPORTASI,7,ON SCHEDULE,28,0,06.03.2026,05.02.2026,08.02.2026,20.02.2026,23.02.2026,23.02.2026,24.02.2026,,S001,WH KLS JABABEKA
I100260205L041_S001,CDD BAK,3421969,0,0,0,1500000,0,4921969,S001 - WH KLS JABABEKA,PT. HARI JAYA TRANSPORTASI,7,ON SCHEDULE,28,0,06.03.2026,05.02.2026,08.02.2026,20.02.2026,23.02.2026,23.02.2026,24.02.2026,,S001,WH KLS JABABEKA
I100260205L041_S001,CDD BAK,3421969,0,0,0,1500000,0,4921969,S001 - WH KLS JABABEKA,PT. HARI JAYA TRANSPORTASI,7,ON SCHEDULE,28,0,06.03.2026,05.02.2026,08.02.2026,20.02.2026,23.02.2026,23.02.2026,24.02.2026,,S001,WH KLS JABABEKA
I100260205L041_S001,CDD BAK,3421969,0,0,0,1500000,0,4921969,S001 - WH KLS JABABEKA,PT. HARI JAYA TRANSPORTASI,7,ON SCHEDULE,28,0,06.03.2026,05.02.2026,08.02.2026,20.02.2026,23.02.2026,23.02.2026,24.02.2026,,S001,WH KLS JABABEKA
I100260205L041_S001,CDD BAK,3421969,0,0,0,1500000,0,4921969,S001 - WH KLS JABABEKA,PT. HARI JAYA TRANSPORTASI,7,ON SCHEDULE,28,0,06.03.2026,05.02.2026,08.02.2026,20.02.2026,23.02.2026,23.02.2026,24.02.2026,,S001,WH KLS JABABEKA
I100260205L041_S001,CDD BAK,3421969,0,0,0,1500000,0,4921969,S001 - WH KLS JABABEKA,PT. HARI JAYA TRANSPORTASI,7,ON SCHEDULE,28,0,06.03.2026,05.02.2026,08.02.2026,20.02.2026,23.02.2026,23.02.2026,24.02.2026,,S001,WH KLS JABABEKA
I100260205L042_S001,CDD BAK,6900000,0,0,0,0,0,6900000,S001 - WH KLS JABABEKA,BINTANG SAMUDERA,7,ON SCHEDULE,29,0,07.03.2026,05.02.2026,12.02.2026,25.02.2026,26.02.2026,26.02.2026,26.02.2026,,S001,WH KLS JABABEKA
I100260205L057_S001,CDE PICKUP,150000,0,0,0,0,0,150000,S001 - WH KLS JABABEKA,PT. MERPATI ALAM SEMESTA,7,ON SCHEDULE,27,0,06.03.2026,06.02.2026,13.02.2026,25.03.2026,25.03.2026,30.03.2026,31.03.2026,,S001,WH KLS JABABEKA
I100260205L057_S001,CDE PICKUP,150000,0,0,0,0,0,150000,S001 - WH KLS JABABEKA,PT. MERPATI ALAM SEMESTA,7,ON SCHEDULE,27,0,06.03.2026,06.02.2026,13.02.2026,25.03.2026,25.03.2026,30.03.2026,31.03.2026,,S001,WH KLS JABABEKA
I100260205L064_S001,FUSO,295000,0,0,0,0,0,295000,S001 - WH KLS JABABEKA,BEPA IKA PEKASA,7,ON SCHEDULE,27,0,07.03.2026,07.02.2026,16.02.2026,02.03.2026,02.03.2026,03.03.2026,09.03.2026,,S001,WH KLS JABABEKA
I100260205L065_S001,CDE PICKUP,2000000,0,0,0,0,0,2000000,S001 - WH KLS JABABEKA,PT. MERPATI ALAM SEMESTA,7,ON SCHEDULE,27,0,06.03.2026,06.02.2026,19.02.2026,14.04.2026,14.04.2026,28.04.2026,05.05.2026,,S001,WH KLS JABABEKA
I100260205L065_S001,CDE PICKUP,2000000,0,0,0,0,0,2000000,S001 - WH KLS JABABEKA,PT. MERPATI ALAM SEMESTA,7,ON SCHEDULE,27,0,06.03.2026,06.02.2026,19.02.2026,14.04.2026,14.04.2026,28.04.2026,05.05.2026,,S001,WH KLS JABABEKA
I100260205L066_S001,CDE PICKUP,930000,0,0,0,0,0,930000,S001 - WH KLS JABABEKA,PT. MERPATI ALAM SEMESTA,7,ON SCHEDULE,27,0,06.03.2026,06.02.2026,19.02.2026,14.04.2026,14.04.2026,28.04.2026,04.05.2026,,S001,WH KLS JABABEKA
I100260205L066_S001,CDE PICKUP,930000,0,0,0,0,0,930000,S001 - WH KLS JABABEKA,PT. MERPATI ALAM SEMESTA,7,ON SCHEDULE,27,0,06.03.2026,06.02.2026,19.02.2026,14.04.2026,14.04.2026,28.04.2026,04.05.2026,,S001,WH KLS JABABEKA
I100260205L067_S001,CDE PICKUP,267000,0,0,0,0,0,267000,S001 - WH KLS JABABEKA,PT. MERPATI ALAM SEMESTA,7,ON SCHEDULE,27,0,06.03.2026,06.02.2026,20.02.2026,14.04.2026,14.04.2026,28.04.2026,04.05.2026,,S001,WH KLS JABABEKA
I100260205L067_S001,CDE PICKUP,267000,0,0,0,0,0,267000,S001 - WH KLS JABABEKA,PT. MERPATI ALAM SEMESTA,7,ON SCHEDULE,27,0,06.03.2026,06.02.2026,20.02.2026,14.04.2026,14.04.2026,28.04.2026,04.05.2026,,S001,WH KLS JABABEKA
I100260205L068_S001,CDE PICKUP,65340000,0,0,0,0,0,65340000,S001 - WH KLS JABABEKA,PT. MERPATI ALAM SEMESTA,2,LATE,7,179,14.02.2026,06.02.2026,,,,,,,S001,WH KLS JABABEKA
I100260205L068_S001,CDE PICKUP,65340000,0,0,0,0,0,65340000,S001 - WH KLS JABABEKA,PT. MERPATI ALAM SEMESTA,2,LATE,7,179,14.02.2026,06.02.2026,,,,,,,S001,WH KLS JABABEKA
I100260205L069_S001,CDE PICKUP,94000,0,0,0,0,0,94000,S001 - WH KLS JABABEKA,PT. MERPATI ALAM SEMESTA,7,ON SCHEDULE,27,0,06.03.2026,06.02.2026,13.02.2026,14.04.2026,14.04.2026,28.04.2026,05.05.2026,,S001,WH KLS JABABEKA
I100260205L069_S001,CDE PICKUP,94000,0,0,0,0,0,94000,S001 - WH KLS JABABEKA,PT. MERPATI ALAM SEMESTA,7,ON SCHEDULE,27,0,06.03.2026,06.02.2026,13.02.2026,14.04.2026,14.04.2026,28.04.2026,05.05.2026,,S001,WH KLS JABABEKA
I100260205L070_S001,CDE PICKUP,500000,0,0,0,0,0,500000,S001 - WH KLS JABABEKA,PT. MERPATI ALAM SEMESTA,7,ON SCHEDULE,27,0,06.03.2026,06.02.2026,19.02.2026,14.04.2026,14.04.2026,28.04.2026,05.05.2026,,S001,WH KLS JABABEKA
I100260205L070_S001,CDE PICKUP,500000,0,0,0,0,0,500000,S001 - WH KLS JABABEKA,PT. MERPATI ALAM SEMESTA,7,ON SCHEDULE,27,0,06.03.2026,06.02.2026,19.02.2026,14.04.2026,14.04.2026,28.04.2026,05.05.2026,,S001,WH KLS JABABEKA
I100260205L072_S001,CDE PICKUP,2100000,0,0,0,0,0,2100000,S001 - WH KLS JABABEKA,PT. MERPATI ALAM SEMESTA,7,ON SCHEDULE,27,0,06.03.2026,06.02.2026,19.02.2026,14.04.2026,14.04.2026,28.04.2026,04.05.2026,,S001,WH KLS JABABEKA
I100260205L072_S001,CDE PICKUP,2100000,0,0,0,0,0,2100000,S001 - WH KLS JABABEKA,PT. MERPATI ALAM SEMESTA,7,ON SCHEDULE,27,0,06.03.2026,06.02.2026,19.02.2026,14.04.2026,14.04.2026,28.04.2026,04.05.2026,,S001,WH KLS JABABEKA
I100260205L073_S001,CDE PICKUP,465000,0,0,0,0,0,465000,S001 - WH KLS JABABEKA,PT. MERPATI ALAM SEMESTA,7,ON SCHEDULE,27,0,06.03.2026,06.02.2026,19.02.2026,14.04.2026,14.04.2026,28.04.2026,04.05.2026,,S001,WH KLS JABABEKA
I100260205L073_S001,CDE PICKUP,465000,0,0,0,0,0,465000,S001 - WH KLS JABABEKA,PT. MERPATI ALAM SEMESTA,7,ON SCHEDULE,27,0,06.03.2026,06.02.2026,19.02.2026,14.04.2026,14.04.2026,28.04.2026,04.05.2026,,S001,WH KLS JABABEKA
I100260205L074_S001,CDE PICKUP,5940000,0,0,0,0,0,5940000,S001 - WH KLS JABABEKA,PT. MERPATI ALAM SEMESTA,7,ON SCHEDULE,27,0,06.03.2026,06.02.2026,19.02.2026,19.05.2026,25.05.2026,03.06.2026,05.06.2026,,S001,WH KLS JABABEKA
I100260205L074_S001,CDE PICKUP,5940000,0,0,0,0,0,5940000,S001 - WH KLS JABABEKA,PT. MERPATI ALAM SEMESTA,7,ON SCHEDULE,27,0,06.03.2026,06.02.2026,19.02.2026,19.05.2026,25.05.2026,03.06.2026,05.06.2026,,S001,WH KLS JABABEKA
I100260205L075_S001,CDE PICKUP,182000,0,0,0,0,0,182000,S001 - WH KLS JABABEKA,PT. MERPATI ALAM SEMESTA,7,ON SCHEDULE,27,0,06.03.2026,06.02.2026,19.02.2026,14.04.2026,14.04.2026,28.04.2026,04.05.2026,,S001,WH KLS JABABEKA
I100260205L075_S001,CDE PICKUP,182000,0,0,0,0,0,182000,S001 - WH KLS JABABEKA,PT. MERPATI ALAM SEMESTA,7,ON SCHEDULE,27,0,06.03.2026,06.02.2026,19.02.2026,14.04.2026,14.04.2026,28.04.2026,04.05.2026,,S001,WH KLS JABABEKA
I100260205L080_S001,MINI VAN BOX,0,0,0,0,0,0,0,S001 - WH KLS JABABEKA,FIRST LOGISTICS,2,LATE,7,179,14.02.2026,06.02.2026,19.02.2026,,,,,,S001,WH KLS JABABEKA
I100260205L081_S001,MINI VAN BOX,131600,0,0,0,0,0,131600,S001 - WH KLS JABABEKA,FIRST LOGISTICS,7,ON SCHEDULE,27,0,06.03.2026,06.02.2026,19.02.2026,08.05.2026,08.05.2026,12.05.2026,19.05.2026,,S001,WH KLS JABABEKA
I100260205L081_S001,MINI VAN BOX,131600,0,0,0,0,0,131600,S001 - WH KLS JABABEKA,FIRST LOGISTICS,7,ON SCHEDULE,27,0,06.03.2026,06.02.2026,19.02.2026,08.05.2026,08.05.2026,12.05.2026,19.05.2026,,S001,WH KLS JABABEKA
I100260205L082_S001,MINI VAN BOX,0,0,0,0,0,0,0,S001 - WH KLS JABABEKA,FIRST LOGISTICS,2,LATE,7,179,14.02.2026,06.02.2026,19.02.2026,,,,,,S001,WH KLS JABABEKA
I100260205L083_S001,MINI VAN BOX,0,0,0,0,0,0,0,S001 - WH KLS JABABEKA,FIRST LOGISTICS,2,LATE,7,179,14.02.2026,06.02.2026,19.02.2026,,,,,,S001,WH KLS JABABEKA
I100260205L086_S001,MINI VAN BOX,0,0,0,0,0,0,0,S001 - WH KLS JABABEKA,FIRST LOGISTICS,2,LATE,7,179,14.02.2026,06.02.2026,19.02.2026,,,,,,S001,WH KLS JABABEKA
I100260205L087_S001,MINI VAN BOX,0,0,0,0,0,0,0,S001 - WH KLS JABABEKA,FIRST LOGISTICS,2,LATE,7,179,14.02.2026,06.02.2026,19.02.2026,,,,,,S001,WH KLS JABABEKA
I100260205L088_S001,MINI VAN BOX,3770700,0,0,0,0,0,3770700,S001 - WH KLS JABABEKA,FIRST LOGISTICS,7,ON SCHEDULE,27,0,06.03.2026,06.02.2026,19.02.2026,08.05.2026,08.05.2026,12.05.2026,19.05.2026,,S001,WH KLS JABABEKA
I100260205L088_S001,MINI VAN BOX,3770700,0,0,0,0,0,3770700,S001 - WH KLS JABABEKA,FIRST LOGISTICS,7,ON SCHEDULE,27,0,06.03.2026,06.02.2026,19.02.2026,08.05.2026,08.05.2026,12.05.2026,19.05.2026,,S001,WH KLS JABABEKA
I100260205L089_S001,MINI VAN BOX,229650,0,0,0,0,0,229650,S001 - WH KLS JABABEKA,FIRST LOGISTICS,7,ON SCHEDULE,27,0,06.03.2026,06.02.2026,19.02.2026,08.05.2026,08.05.2026,12.05.2026,19.05.2026,,S001,WH KLS JABABEKA
I100260205L089_S001,MINI VAN BOX,229650,0,0,0,0,0,229650,S001 - WH KLS JABABEKA,FIRST LOGISTICS,7,ON SCHEDULE,27,0,06.03.2026,06.02.2026,19.02.2026,08.05.2026,08.05.2026,12.05.2026,19.05.2026,,S001,WH KLS JABABEKA
I100260205L090_S001,MINI VAN BOX,222100,0,0,0,0,0,222100,S001 - WH KLS JABABEKA,FIRST LOGISTICS,7,ON SCHEDULE,27,0,06.03.2026,06.02.2026,27.02.2026,08.05.2026,08.05.2026,12.05.2026,19.05.2026,,S001,WH KLS JABABEKA
I100260205L090_S001,MINI VAN BOX,222100,0,0,0,0,0,222100,S001 - WH KLS JABABEKA,FIRST LOGISTICS,7,ON SCHEDULE,27,0,06.03.2026,06.02.2026,27.02.2026,08.05.2026,08.05.2026,12.05.2026,19.05.2026,,S001,WH KLS JABABEKA
I100260205L094_S001,MINI VAN BOX,0,0,0,0,0,0,0,S001 - WH KLS JABABEKA,FIRST LOGISTICS,2,LATE,7,178,14.02.2026,06.02.2026,27.02.2026,,,,,,S001,WH KLS JABABEKA
I100260206C284_S001,SELFOLDER,9000000,0,0,0,0,0,9000000,S001 - WH KLS JABABEKA,JASATAMA DIRGANTARA EXPRESS,7,ON SCHEDULE,27,0,07.03.2026,07.02.2026,,12.03.2026,12.03.2026,30.03.2026,30.03.2026,,S001,WH KLS JABABEKA
I100260206C285_S001,SELFOLDER,9000000,0,0,0,0,0,9000000,S001 - WH KLS JABABEKA,JASATAMA DIRGANTARA EXPRESS,7,ON SCHEDULE,27,0,07.03.2026,07.02.2026,,12.03.2026,12.03.2026,07.04.2026,07.04.2026,,S001,WH KLS JABABEKA
I100260206C286_S001,SELFOLDER,9000000,0,0,0,0,0,9000000,S001 - WH KLS JABABEKA,JASATAMA DIRGANTARA EXPRESS,7,ON SCHEDULE,27,0,07.03.2026,07.02.2026,,12.03.2026,12.03.2026,07.04.2026,07.04.2026,,S001,WH KLS JABABEKA
I100260206C287_S001,TOWING,3500000,0,0,0,0,0,3500000,S001 - WH KLS JABABEKA,JASATAMA DIRGANTARA EXPRESS,7,ON SCHEDULE,27,0,06.03.2026,06.02.2026,08.02.2026,25.02.2026,02.03.2026,26.03.2026,26.03.2026,,S001,WH KLS JABABEKA
I100260206L046_S001,FUSO,8649400,0,0,0,0,0,8649400,S001 - WH KLS JABABEKA,BEPA IKA PEKASA,7,ON SCHEDULE,27,0,07.03.2026,07.02.2026,19.02.2026,07.04.2026,08.04.2026,08.04.2026,13.04.2026,,S001,WH KLS JABABEKA
I100260206L047_S001,FUSO,210000,0,0,0,0,0,210000,S001 - WH KLS JABABEKA,BEPA IKA PEKASA,7,ON SCHEDULE,27,0,07.03.2026,07.02.2026,19.02.2026,02.03.2026,02.03.2026,03.03.2026,09.03.2026,,S001,WH KLS JABABEKA
I100260206L048_S001,FUSO,335000,0,0,0,0,0,335000,S001 - WH KLS JABABEKA,BEPA IKA PEKASA,7,ON SCHEDULE,27,0,07.03.2026,07.02.2026,19.02.2026,02.03.2026,02.03.2026,03.03.2026,09.03.2026,,S001,WH KLS JABABEKA
I100260206L049_S001,FUSO,210000,0,0,0,0,0,210000,S001 - WH KLS JABABEKA,BEPA IKA PEKASA,7,ON SCHEDULE,27,0,07.03.2026,07.02.2026,16.02.2026,02.03.2026,02.03.2026,03.03.2026,09.03.2026,,S001,WH KLS JABABEKA
I100260206L070_S001,CDD BAK,11500000,0,0,0,2300000,0,13800000,S001 - WH KLS JABABEKA,BINTANG SAMUDERA,7,ON SCHEDULE,29,0,08.03.2026,06.02.2026,12.02.2026,26.02.2026,27.02.2026,27.02.2026,27.02.2026,,S001,WH KLS JABABEKA
I100260206L070_S001,CDD BAK,11500000,0,0,0,2300000,0,13800000,S001 - WH KLS JABABEKA,BINTANG SAMUDERA,7,ON SCHEDULE,29,0,08.03.2026,06.02.2026,12.02.2026,26.02.2026,27.02.2026,27.02.2026,27.02.2026,,S001,WH KLS JABABEKA
I100260206L070_S001,CDD BAK,11500000,0,0,0,2300000,0,13800000,S001 - WH KLS JABABEKA,BINTANG SAMUDERA,7,ON SCHEDULE,29,0,08.03.2026,06.02.2026,12.02.2026,26.02.2026,27.02.2026,27.02.2026,27.02.2026,,S001,WH KLS JABABEKA
I100260206L071_S001,CDD BAK,7500000,0,0,0,500000,0,8000000,S001 - WH KLS JABABEKA,EKA CIPTA MANGGALA,7,ON SCHEDULE,31,0,10.03.2026,06.02.2026,12.02.2026,23.02.2026,23.02.2026,23.02.2026,23.02.2026,,S001,WH KLS JABABEKA
I100260206L071_S001,CDD BAK,7500000,0,0,0,500000,0,8000000,S001 - WH KLS JABABEKA,EKA CIPTA MANGGALA,7,ON SCHEDULE,31,0,10.03.2026,06.02.2026,12.02.2026,23.02.2026,23.02.2026,23.02.2026,23.02.2026,,S001,WH KLS JABABEKA
I100260206L071_S001,CDD BAK,7500000,0,0,0,500000,0,8000000,S001 - WH KLS JABABEKA,EKA CIPTA MANGGALA,7,ON SCHEDULE,31,0,10.03.2026,06.02.2026,12.02.2026,23.02.2026,23.02.2026,23.02.2026,23.02.2026,,S001,WH KLS JABABEKA
I100260206L079_S001,CONT-20,8450000,0,0,0,0,0,8450000,S001 - WH KLS JABABEKA,PT TPIL logistics,7,ON SCHEDULE,40,0,19.03.2026,06.02.2026,18.02.2026,06.04.2026,07.04.2026,10.04.2026,10.04.2026,,S001,WH KLS JABABEKA
I100260206L105_S001,CDE PICKUP,375000,0,0,0,0,0,375000,S001 - WH KLS JABABEKA,PT. Nusantara Cargo Line,7,ON SCHEDULE,27,0,09.03.2026,09.02.2026,14.02.2026,02.03.2026,02.03.2026,04.03.2026,04.03.2026,,S001,WH KLS JABABEKA
I100260206L105_S001,CDE PICKUP,375000,0,0,0,0,0,375000,S001 - WH KLS JABABEKA,PT. Nusantara Cargo Line,7,ON SCHEDULE,27,0,09.03.2026,09.02.2026,14.02.2026,02.03.2026,02.03.2026,04.03.2026,04.03.2026,,S001,WH KLS JABABEKA
I100260206L106_S001,CDE PICKUP,325000,0,0,0,0,0,325000,S001 - WH KLS JABABEKA,PT. Nusantara Cargo Line,7,ON SCHEDULE,27,0,09.03.2026,09.02.2026,12.02.2026,20.02.2026,20.02.2026,26.02.2026,26.02.2026,,S001,WH KLS JABABEKA
I100260206L106_S001,CDE PICKUP,325000,0,0,0,0,0,325000,S001 - WH KLS JABABEKA,PT. Nusantara Cargo Line,7,ON SCHEDULE,27,0,09.03.2026,09.02.2026,12.02.2026,20.02.2026,20.02.2026,26.02.2026,26.02.2026,,S001,WH KLS JABABEKA
I100260206L107_S001,CDE PICKUP,1260000,0,0,0,0,0,1260000,S001 - WH KLS JABABEKA,PT. Nusantara Cargo Line,7,ON SCHEDULE,27,0,09.03.2026,09.02.2026,12.02.2026,20.02.2026,20.02.2026,26.02.2026,26.02.2026,,S001,WH KLS JABABEKA
I100260206L107_S001,CDE PICKUP,1260000,0,0,0,0,0,1260000,S001 - WH KLS JABABEKA,PT. Nusantara Cargo Line,7,ON SCHEDULE,27,0,09.03.2026,09.02.2026,12.02.2026,20.02.2026,20.02.2026,26.02.2026,26.02.2026,,S001,WH KLS JABABEKA
I100260206L108_S001,CDE PICKUP,262500,0,0,0,0,0,262500,S001 - WH KLS JABABEKA,PT. Nusantara Cargo Line,7,ON SCHEDULE,27,0,09.03.2026,09.02.2026,13.02.2026,20.02.2026,20.02.2026,26.02.2026,02.03.2026,,S001,WH KLS JABABEKA
I100260206L108_S001,CDE PICKUP,262500,0,0,0,0,0,262500,S001 - WH KLS JABABEKA,PT. Nusantara Cargo Line,7,ON SCHEDULE,27,0,09.03.2026,09.02.2026,13.02.2026,20.02.2026,20.02.2026,26.02.2026,02.03.2026,,S001,WH KLS JABABEKA
I100260206L109_S001,CDE PICKUP,700000,0,0,0,0,0,700000,S001 - WH KLS JABABEKA,PT. Nusantara Cargo Line,7,ON SCHEDULE,27,0,09.03.2026,09.02.2026,13.02.2026,18.02.2026,20.02.2026,23.02.2026,23.02.2026,,S001,WH KLS JABABEKA
I100260206L109_S001,CDE PICKUP,700000,0,0,0,0,0,700000,S001 - WH KLS JABABEKA,PT. Nusantara Cargo Line,7,ON SCHEDULE,27,0,09.03.2026,09.02.2026,13.02.2026,18.02.2026,20.02.2026,23.02.2026,23.02.2026,,S001,WH KLS JABABEKA
I100260206L110_S001,CDE PICKUP,700000,0,0,0,0,0,700000,S001 - WH KLS JABABEKA,PT. Nusantara Cargo Line,7,ON SCHEDULE,27,0,07.03.2026,07.02.2026,19.02.2026,02.03.2026,02.03.2026,05.03.2026,05.03.2026,,S001,WH KLS JABABEKA
I100260206L110_S001,CDE PICKUP,700000,0,0,0,0,0,700000,S001 - WH KLS JABABEKA,PT. Nusantara Cargo Line,7,ON SCHEDULE,27,0,07.03.2026,07.02.2026,19.02.2026,02.03.2026,02.03.2026,05.03.2026,05.03.2026,,S001,WH KLS JABABEKA
I100260206L111_S001,CDE PICKUP,2464000,0,0,0,0,0,2464000,S001 - WH KLS JABABEKA,PT. Nusantara Cargo Line,7,ON SCHEDULE,27,0,09.03.2026,09.02.2026,25.02.2026,11.03.2026,11.03.2026,12.03.2026,12.03.2026,,S001,WH KLS JABABEKA
I100260206L111_S001,CDE PICKUP,2464000,0,0,0,0,0,2464000,S001 - WH KLS JABABEKA,PT. Nusantara Cargo Line,7,ON SCHEDULE,27,0,09.03.2026,09.02.2026,25.02.2026,11.03.2026,11.03.2026,12.03.2026,12.03.2026,,S001,WH KLS JABABEKA
I100260206L112_S001,CDE PICKUP,0,0,0,0,0,0,0,S001 - WH KLS JABABEKA,PT. Nusantara Cargo Line,2,LATE,7,158,06.03.2026,26.02.2026,27.02.2026,,,,,,S001,WH KLS JABABEKA
I100260206L113_S001,CDE PICKUP,792000,0,0,0,0,0,792000,S001 - WH KLS JABABEKA,PT. Nusantara Cargo Line,7,ON SCHEDULE,27,0,07.03.2026,07.02.2026,12.02.2026,20.02.2026,20.02.2026,26.02.2026,26.02.2026,,S001,WH KLS JABABEKA
I100260206L113_S001,CDE PICKUP,792000,0,0,0,0,0,792000,S001 - WH KLS JABABEKA,PT. Nusantara Cargo Line,7,ON SCHEDULE,27,0,07.03.2026,07.02.2026,12.02.2026,20.02.2026,20.02.2026,26.02.2026,26.02.2026,,S001,WH KLS JABABEKA
I100260206L115_S001,CDE PICKUP,275000,0,0,0,0,0,275000,S001 - WH KLS JABABEKA,PT. Nusantara Cargo Line,7,ON SCHEDULE,27,0,09.03.2026,09.02.2026,12.02.2026,20.02.2026,20.02.2026,26.02.2026,26.02.2026,,S001,WH KLS JABABEKA
I100260206L115_S001,CDE PICKUP,275000,0,0,0,0,0,275000,S001 - WH KLS JABABEKA,PT. Nusantara Cargo Line,7,ON SCHEDULE,27,0,09.03.2026,09.02.2026,12.02.2026,20.02.2026,20.02.2026,26.02.2026,26.02.2026,,S001,WH KLS JABABEKA
I100260206L116_S001,CDE PICKUP,325000,0,0,0,0,0,325000,S001 - WH KLS JABABEKA,PT. Nusantara Cargo Line,7,ON SCHEDULE,27,0,07.03.2026,07.02.2026,13.02.2026,20.02.2026,20.02.2026,26.02.2026,26.02.2026,,S001,WH KLS JABABEKA
I100260206L116_S001,CDE PICKUP,325000,0,0,0,0,0,325000,S001 - WH KLS JABABEKA,PT. Nusantara Cargo Line,7,ON SCHEDULE,27,0,07.03.2026,07.02.2026,13.02.2026,20.02.2026,20.02.2026,26.02.2026,26.02.2026,,S001,WH KLS JABABEKA
I100260206L118_S001,CDE PICKUP,975000,0,0,0,0,0,975000,S001 - WH KLS JABABEKA,PT. Nusantara Cargo Line,7,ON SCHEDULE,27,0,07.03.2026,07.02.2026,14.02.2026,09.03.2026,09.03.2026,10.03.2026,10.03.2026,,S001,WH KLS JABABEKA
I100260206L118_S001,CDE PICKUP,975000,0,0,0,0,0,975000,S001 - WH KLS JABABEKA,PT. Nusantara Cargo Line,7,ON SCHEDULE,27,0,07.03.2026,07.02.2026,14.02.2026,09.03.2026,09.03.2026,10.03.2026,10.03.2026,,S001,WH KLS JABABEKA
I100260206L119_S001,CDE PICKUP,275000,0,0,0,0,0,275000,S001 - WH KLS JABABEKA,PT. Nusantara Cargo Line,7,ON SCHEDULE,27,0,07.03.2026,07.02.2026,12.02.2026,20.02.2026,20.02.2026,26.02.2026,26.02.2026,,S001,WH KLS JABABEKA
I100260206L119_S001,CDE PICKUP,275000,0,0,0,0,0,275000,S001 - WH KLS JABABEKA,PT. Nusantara Cargo Line,7,ON SCHEDULE,27,0,07.03.2026,07.02.2026,12.02.2026,20.02.2026,20.02.2026,26.02.2026,26.02.2026,,S001,WH KLS JABABEKA
I100260206L122_S001,MINI VAN BOX,263200,0,0,0,0,0,263200,S001 - WH KLS JABABEKA,FIRST LOGISTICS,7,ON SCHEDULE,27,0,07.03.2026,07.02.2026,27.02.2026,08.05.2026,08.05.2026,12.05.2026,19.05.2026,,S001,WH KLS JABABEKA
I100260206L122_S001,MINI VAN BOX,263200,0,0,0,0,0,263200,S001 - WH KLS JABABEKA,FIRST LOGISTICS,7,ON SCHEDULE,27,0,07.03.2026,07.02.2026,27.02.2026,08.05.2026,08.05.2026,12.05.2026,19.05.2026,,S001,WH KLS JABABEKA
I100260206L123_S001,MINI VAN BOX,2608650,0,0,0,0,0,2608650,S001 - WH KLS JABABEKA,FIRST LOGISTICS,7,ON SCHEDULE,27,0,07.03.2026,07.02.2026,19.02.2026,08.05.2026,08.05.2026,12.05.2026,19.05.2026,,S001,WH KLS JABABEKA
I100260206L123_S001,MINI VAN BOX,2608650,0,0,0,0,0,2608650,S001 - WH KLS JABABEKA,FIRST LOGISTICS,7,ON SCHEDULE,27,0,07.03.2026,07.02.2026,19.02.2026,08.05.2026,08.05.2026,12.05.2026,19.05.2026,,S001,WH KLS JABABEKA
I100260206L124_S001,MINI VAN BOX,300650,0,0,0,0,0,300650,S001 - WH KLS JABABEKA,FIRST LOGISTICS,7,ON SCHEDULE,27,0,07.03.2026,07.02.2026,19.02.2026,08.05.2026,08.05.2026,12.05.2026,19.05.2026,,S001,WH KLS JABABEKA
I100260206L124_S001,MINI VAN BOX,300650,0,0,0,0,0,300650,S001 - WH KLS JABABEKA,FIRST LOGISTICS,7,ON SCHEDULE,27,0,07.03.2026,07.02.2026,19.02.2026,08.05.2026,08.05.2026,12.05.2026,19.05.2026,,S001,WH KLS JABABEKA
I100260206L125_S001,MINI VAN BOX,231000,0,0,0,0,0,231000,S001 - WH KLS JABABEKA,FIRST LOGISTICS,7,ON SCHEDULE,27,0,07.03.2026,07.02.2026,19.02.2026,08.05.2026,08.05.2026,12.05.2026,19.05.2026,,S001,WH KLS JABABEKA
I100260206L125_S001,MINI VAN BOX,231000,0,0,0,0,0,231000,S001 - WH KLS JABABEKA,FIRST LOGISTICS,7,ON SCHEDULE,27,0,07.03.2026,07.02.2026,19.02.2026,08.05.2026,08.05.2026,12.05.2026,19.05.2026,,S001,WH KLS JABABEKA
I100260206L126_S001,MINI VAN BOX,32200,0,0,0,0,0,32200,S001 - WH KLS JABABEKA,FIRST LOGISTICS,7,ON SCHEDULE,27,0,07.03.2026,07.02.2026,27.02.2026,08.05.2026,08.05.2026,12.05.2026,19.05.2026,,S001,WH KLS JABABEKA
I100260206L126_S001,MINI VAN BOX,32200,0,0,0,0,0,32200,S001 - WH KLS JABABEKA,FIRST LOGISTICS,7,ON SCHEDULE,27,0,07.03.2026,07.02.2026,27.02.2026,08.05.2026,08.05.2026,12.05.2026,19.05.2026,,S001,WH KLS JABABEKA
I100260206L127_S001,MINI VAN BOX,1341600,0,0,0,0,0,1341600,S001 - WH KLS JABABEKA,FIRST LOGISTICS,7,ON SCHEDULE,27,0,07.03.2026,07.02.2026,27.02.2026,08.05.2026,08.05.2026,12.05.2026,19.05.2026,,S001,WH KLS JABABEKA
I100260206L127_S001,MINI VAN BOX,1341600,0,0,0,0,0,1341600,S001 - WH KLS JABABEKA,FIRST LOGISTICS,7,ON SCHEDULE,27,0,07.03.2026,07.02.2026,27.02.2026,08.05.2026,08.05.2026,12.05.2026,19.05.2026,,S001,WH KLS JABABEKA
I100260206L129_S001,CDE PICKUP,300000,0,0,0,0,0,300000,S001 - WH KLS JABABEKA,PT. Nusantara Cargo Line,7,ON SCHEDULE,27,0,09.03.2026,09.02.2026,16.02.2026,20.02.2026,20.02.2026,26.02.2026,26.02.2026,,S001,WH KLS JABABEKA
I100260206L129_S001,CDE PICKUP,300000,0,0,0,0,0,300000,S001 - WH KLS JABABEKA,PT. Nusantara Cargo Line,7,ON SCHEDULE,27,0,09.03.2026,09.02.2026,16.02.2026,20.02.2026,20.02.2026,26.02.2026,26.02.2026,,S001,WH KLS JABABEKA
I100260206L130_S001,CDE PICKUP,3355000,0,0,0,0,0,3355000,S001 - WH KLS JABABEKA,PT. Nusantara Cargo Line,7,ON SCHEDULE,27,0,09.03.2026,09.02.2026,15.02.2026,20.02.2026,20.02.2026,26.02.2026,26.02.2026,,S001,WH KLS JABABEKA
I100260206L130_S001,CDE PICKUP,3355000,0,0,0,0,0,3355000,S001 - WH KLS JABABEKA,PT. Nusantara Cargo Line,7,ON SCHEDULE,27,0,09.03.2026,09.02.2026,15.02.2026,20.02.2026,20.02.2026,26.02.2026,26.02.2026,,S001,WH KLS JABABEKA
I100260206L132_S001,MINI VAN BOX,0,0,0,0,0,0,0,S001 - WH KLS JABABEKA,FIRST LOGISTICS,2,LATE,7,178,15.02.2026,07.02.2026,27.02.2026,,,,,,S001,WH KLS JABABEKA
I100260206T029_S001,WINGBOX,5650000,0,0,0,0,0,5650000,S001 - WH KLS JABABEKA,PT. DUTA MEDIA MANDIRI,7,ON SCHEDULE,29,0,09.03.2026,07.02.2026,12.02.2026,18.02.2026,18.02.2026,19.02.2026,19.02.2026,,S001,WH KLS JABABEKA
I100260206T030_S001,CONT-20,8800000,0,0,0,0,0,8800000,S001 - WH KLS JABABEKA,PT. SENTOSA PRIMA ABADI,7,ON SCHEDULE,40,0,19.03.2026,06.02.2026,19.02.2026,01.04.2026,01.04.2026,02.04.2026,06.04.2026,,S001,WH KLS JABABEKA
I100260207L003_S001,MINI VAN BOX,1521100,0,0,0,0,0,1521100,S001 - WH KLS JABABEKA,FIRST LOGISTICS,7,ON SCHEDULE,27,0,07.03.2026,07.02.2026,27.02.2026,08.05.2026,08.05.2026,12.05.2026,19.05.2026,,S001,WH KLS JABABEKA
I100260207L003_S001,MINI VAN BOX,1521100,0,0,0,0,0,1521100,S001 - WH KLS JABABEKA,FIRST LOGISTICS,7,ON SCHEDULE,27,0,07.03.2026,07.02.2026,27.02.2026,08.05.2026,08.05.2026,12.05.2026,19.05.2026,,S001,WH KLS JABABEKA
I100260207L048_S001,CDD BAK,4500000,0,0,0,0,0,4500000,S001 - WH KLS JABABEKA,PT. HARI JAYA SEJAHTERA,7,ON SCHEDULE,29,0,09.03.2026,07.02.2026,12.02.2026,12.02.2026,13.02.2026,23.02.2026,26.02.2026,,S001,WH KLS JABABEKA
I100260207L049_S001,CDD BAK,4500000,0,0,0,0,0,4500000,S001 - WH KLS JABABEKA,PT. HARI JAYA SEJAHTERA,7,ON SCHEDULE,29,0,11.03.2026,09.02.2026,26.02.2026,26.02.2026,26.02.2026,06.04.2026,06.04.2026,,S001,WH KLS JABABEKA
I100260207L050_S001,CDD LONG CHASSIS,4700000,0,0,0,600000,0,5300000,S001 - WH KLS JABABEKA,BINTANG SAMUDERA,7,ON SCHEDULE,29,0,09.03.2026,07.02.2026,12.02.2026,05.03.2026,05.03.2026,05.03.2026,05.03.2026,,S001,WH KLS JABABEKA
I100260207L053_S001,CDD BAK,4500000,0,0,0,1350000,0,5850000,S001 - WH KLS JABABEKA,PT. HARI JAYA SEJAHTERA,7,ON SCHEDULE,29,0,09.03.2026,07.02.2026,12.02.2026,23.02.2026,24.02.2026,25.02.2026,26.02.2026,,S001,WH KLS JABABEKA
I100260207L053_S001,CDD BAK,4500000,0,0,0,1350000,0,5850000,S001 - WH KLS JABABEKA,PT. HARI JAYA SEJAHTERA,7,ON SCHEDULE,29,0,09.03.2026,07.02.2026,12.02.2026,23.02.2026,24.02.2026,25.02.2026,26.02.2026,,S001,WH KLS JABABEKA
I100260207L053_S001,CDD BAK,4500000,0,0,0,1350000,0,5850000,S001 - WH KLS JABABEKA,PT. HARI JAYA SEJAHTERA,7,ON SCHEDULE,29,0,09.03.2026,07.02.2026,12.02.2026,23.02.2026,24.02.2026,25.02.2026,26.02.2026,,S001,WH KLS JABABEKA
I100260207L055_S001,CDD BAK,5300000,0,0,0,800000,0,6100000,S001 - WH KLS JABABEKA,EKA CIPTA MANGGALA,7,ON SCHEDULE,29,0,09.03.2026,07.02.2026,12.02.2026,23.02.2026,23.02.2026,23.02.2026,23.02.2026,,S001,WH KLS JABABEKA
I100260207L055_S001,CDD BAK,5300000,0,0,0,800000,0,6100000,S001 - WH KLS JABABEKA,EKA CIPTA MANGGALA,7,ON SCHEDULE,29,0,09.03.2026,07.02.2026,12.02.2026,23.02.2026,23.02.2026,23.02.2026,23.02.2026,,S001,WH KLS JABABEKA
I100260207L055_S001,CDD BAK,5300000,0,0,0,800000,0,6100000,S001 - WH KLS JABABEKA,EKA CIPTA MANGGALA,7,ON SCHEDULE,29,0,09.03.2026,07.02.2026,12.02.2026,23.02.2026,23.02.2026,23.02.2026,23.02.2026,,S001,WH KLS JABABEKA
I100260207L055_S001,CDD BAK,5300000,0,0,0,800000,0,6100000,S001 - WH KLS JABABEKA,EKA CIPTA MANGGALA,7,ON SCHEDULE,29,0,09.03.2026,07.02.2026,12.02.2026,23.02.2026,23.02.2026,23.02.2026,23.02.2026,,S001,WH KLS JABABEKA
I100260207L059_S001,CDE PICKUP,2240000,0,0,0,0,0,2240000,S001 - WH KLS JABABEKA,PT. MERPATI ALAM SEMESTA,7,ON SCHEDULE,27,0,07.03.2026,07.02.2026,19.02.2026,14.04.2026,14.04.2026,28.04.2026,04.05.2026,,S001,WH KLS JABABEKA
I100260207L059_S001,CDE PICKUP,2240000,0,0,0,0,0,2240000,S001 - WH KLS JABABEKA,PT. MERPATI ALAM SEMESTA,7,ON SCHEDULE,27,0,07.03.2026,07.02.2026,19.02.2026,14.04.2026,14.04.2026,28.04.2026,04.05.2026,,S001,WH KLS JABABEKA
I100260207L060_S001,CDD PICK UP,6440000,0,0,0,0,0,6440000,S001 - WH KLS JABABEKA,PT. MERPATI ALAM SEMESTA,7,ON SCHEDULE,27,0,07.03.2026,07.02.2026,19.02.2026,19.05.2026,25.05.2026,03.06.2026,05.06.2026,,S001,WH KLS JABABEKA
I100260207L060_S001,CDD PICK UP,6440000,0,0,0,0,0,6440000,S001 - WH KLS JABABEKA,PT. MERPATI ALAM SEMESTA,7,ON SCHEDULE,27,0,07.03.2026,07.02.2026,19.02.2026,19.05.2026,25.05.2026,03.06.2026,05.06.2026,,S001,WH KLS JABABEKA
I100260207L061_S001,CDE PICKUP,600000,0,0,0,0,0,600000,S001 - WH KLS JABABEKA,PT. MERPATI ALAM SEMESTA,7,ON SCHEDULE,27,0,07.03.2026,07.02.2026,19.02.2026,14.04.2026,14.04.2026,28.04.2026,05.05.2026,,S001,WH KLS JABABEKA
I100260207L061_S001,CDE PICKUP,600000,0,0,0,0,0,600000,S001 - WH KLS JABABEKA,PT. MERPATI ALAM SEMESTA,7,ON SCHEDULE,27,0,07.03.2026,07.02.2026,19.02.2026,14.04.2026,14.04.2026,28.04.2026,05.05.2026,,S001,WH KLS JABABEKA
I100260207L062_S001,CDE PICKUP,333750,0,0,0,0,0,333750,S001 - WH KLS JABABEKA,PT. MERPATI ALAM SEMESTA,7,ON SCHEDULE,27,0,07.03.2026,07.02.2026,21.02.2026,14.04.2026,14.04.2026,28.04.2026,04.05.2026,,S001,WH KLS JABABEKA
I100260207L062_S001,CDE PICKUP,333750,0,0,0,0,0,333750,S001 - WH KLS JABABEKA,PT. MERPATI ALAM SEMESTA,7,ON SCHEDULE,27,0,07.03.2026,07.02.2026,21.02.2026,14.04.2026,14.04.2026,28.04.2026,04.05.2026,,S001,WH KLS JABABEKA
I100260207L063_S001,CDE PICKUP,0,0,0,0,0,0,0,S001 - WH KLS JABABEKA,PT. MERPATI ALAM SEMESTA,2,LATE,7,177,15.02.2026,07.02.2026,19.02.2026,,,,,,S001,WH KLS JABABEKA
I100260207L064_S001,CDE PICKUP,1046250,0,0,0,0,0,1046250,S001 - WH KLS JABABEKA,PT. MERPATI ALAM SEMESTA,7,ON SCHEDULE,27,0,07.03.2026,07.02.2026,21.02.2026,14.04.2026,14.04.2026,28.04.2026,04.05.2026,,S001,WH KLS JABABEKA
I100260207L064_S001,CDE PICKUP,1046250,0,0,0,0,0,1046250,S001 - WH KLS JABABEKA,PT. MERPATI ALAM SEMESTA,7,ON SCHEDULE,27,0,07.03.2026,07.02.2026,21.02.2026,14.04.2026,14.04.2026,28.04.2026,04.05.2026,,S001,WH KLS JABABEKA
I100260207L067_S001,CDE PICKUP,42375,0,0,0,0,0,42375,S001 - WH KLS JABABEKA,PT. MERPATI ALAM SEMESTA,7,ON SCHEDULE,27,0,07.03.2026,07.02.2026,20.02.2026,14.04.2026,14.04.2026,28.04.2026,04.05.2026,,S001,WH KLS JABABEKA
I100260207L067_S001,CDE PICKUP,42375,0,0,0,0,0,42375,S001 - WH KLS JABABEKA,PT. MERPATI ALAM SEMESTA,7,ON SCHEDULE,27,0,07.03.2026,07.02.2026,20.02.2026,14.04.2026,14.04.2026,28.04.2026,04.05.2026,,S001,WH KLS JABABEKA
I100260207L068_S001,CDE PICKUP,99000,0,0,0,0,0,99000,S001 - WH KLS JABABEKA,PT. MERPATI ALAM SEMESTA,7,ON SCHEDULE,27,0,07.03.2026,07.02.2026,21.02.2026,14.04.2026,14.04.2026,28.04.2026,04.05.2026,,S001,WH KLS JABABEKA
I100260207L068_S001,CDE PICKUP,99000,0,0,0,0,0,99000,S001 - WH KLS JABABEKA,PT. MERPATI ALAM SEMESTA,7,ON SCHEDULE,27,0,07.03.2026,07.02.2026,21.02.2026,14.04.2026,14.04.2026,28.04.2026,04.05.2026,,S001,WH KLS JABABEKA
I100260207L069_S001,CDE PICKUP,1200000,0,0,0,0,0,1200000,S001 - WH KLS JABABEKA,PT. MERPATI ALAM SEMESTA,7,ON SCHEDULE,27,0,07.03.2026,07.02.2026,21.02.2026,14.04.2026,14.04.2026,28.04.2026,04.05.2026,,S001,WH KLS JABABEKA
I100260207L069_S001,CDE PICKUP,1200000,0,0,0,0,0,1200000,S001 - WH KLS JABABEKA,PT. MERPATI ALAM SEMESTA,7,ON SCHEDULE,27,0,07.03.2026,07.02.2026,21.02.2026,14.04.2026,14.04.2026,28.04.2026,04.05.2026,,S001,WH KLS JABABEKA
I100260207L070_S001,CDE PICKUP,96750,0,0,0,0,0,96750,S001 - WH KLS JABABEKA,PT. MERPATI ALAM SEMESTA,7,ON SCHEDULE,27,0,07.03.2026,07.02.2026,19.02.2026,14.04.2026,14.04.2026,28.04.2026,04.05.2026,,S001,WH KLS JABABEKA
I100260207L070_S001,CDE PICKUP,96750,0,0,0,0,0,96750,S001 - WH KLS JABABEKA,PT. MERPATI ALAM SEMESTA,7,ON SCHEDULE,27,0,07.03.2026,07.02.2026,19.02.2026,14.04.2026,14.04.2026,28.04.2026,04.05.2026,,S001,WH KLS JABABEKA
I100260207L071_S001,CDE PICKUP,0,0,0,0,0,0,0,S001 - WH KLS JABABEKA,PT. MERPATI ALAM SEMESTA,2,LATE,7,177,15.02.2026,07.02.2026,19.02.2026,,,,,,S001,WH KLS JABABEKA
I100260207L078_S001,MINI VAN BOX,4788000,0,0,0,0,0,4788000,S001 - WH KLS JABABEKA,PT. MERPATI ALAM SEMESTA,7,ON SCHEDULE,27,0,07.03.2026,07.02.2026,19.02.2026,14.04.2026,14.04.2026,28.04.2026,04.05.2026,,S001,WH KLS JABABEKA
I100260207L078_S001,MINI VAN BOX,4788000,0,0,0,0,0,4788000,S001 - WH KLS JABABEKA,PT. MERPATI ALAM SEMESTA,7,ON SCHEDULE,27,0,07.03.2026,07.02.2026,19.02.2026,14.04.2026,14.04.2026,28.04.2026,04.05.2026,,S001,WH KLS JABABEKA
I100260207L094_S001,MINI VAN BOX,0,0,0,0,0,0,0,S001 - WH KLS JABABEKA,PT. MERPATI ALAM SEMESTA,2,LATE,7,177,15.02.2026,07.02.2026,12.03.2026,,,,,,S001,WH KLS JABABEKA
I100260207L095_S001,CDE PICKUP,1059000,0,0,0,0,0,1059000,S001 - WH KLS JABABEKA,PT. MERPATI ALAM SEMESTA,7,ON SCHEDULE,27,0,07.03.2026,07.02.2026,13.02.2026,25.03.2026,25.03.2026,30.03.2026,31.03.2026,,S001,WH KLS JABABEKA
I100260207L095_S001,CDE PICKUP,1059000,0,0,0,0,0,1059000,S001 - WH KLS JABABEKA,PT. MERPATI ALAM SEMESTA,7,ON SCHEDULE,27,0,07.03.2026,07.02.2026,13.02.2026,25.03.2026,25.03.2026,30.03.2026,31.03.2026,,S001,WH KLS JABABEKA
I100260207L096_S001,CDE PICKUP,372000,0,0,0,0,0,372000,S001 - WH KLS JABABEKA,PT. MERPATI ALAM SEMESTA,7,ON SCHEDULE,27,0,07.03.2026,07.02.2026,19.02.2026,14.04.2026,14.04.2026,28.04.2026,04.05.2026,,S001,WH KLS JABABEKA
I100260207L096_S001,CDE PICKUP,372000,0,0,0,0,0,372000,S001 - WH KLS JABABEKA,PT. MERPATI ALAM SEMESTA,7,ON SCHEDULE,27,0,07.03.2026,07.02.2026,19.02.2026,14.04.2026,14.04.2026,28.04.2026,04.05.2026,,S001,WH KLS JABABEKA
I100260207L097_S001,MINI VAN BOX,288000,0,0,0,0,0,288000,S001 - WH KLS JABABEKA,FIRST LOGISTICS,7,ON SCHEDULE,27,0,07.03.2026,07.02.2026,21.02.2026,08.05.2026,08.05.2026,12.05.2026,19.05.2026,,S001,WH KLS JABABEKA
I100260207L097_S001,MINI VAN BOX,288000,0,0,0,0,0,288000,S001 - WH KLS JABABEKA,FIRST LOGISTICS,7,ON SCHEDULE,27,0,07.03.2026,07.02.2026,21.02.2026,08.05.2026,08.05.2026,12.05.2026,19.05.2026,,S001,WH KLS JABABEKA
I100260207L098_S001,MINI VAN BOX,1645000,0,0,0,0,0,1645000,S001 - WH KLS JABABEKA,FIRST LOGISTICS,7,ON SCHEDULE,27,0,07.03.2026,07.02.2026,20.02.2026,08.05.2026,08.05.2026,12.05.2026,19.05.2026,,S001,WH KLS JABABEKA
I100260207L098_S001,MINI VAN BOX,1645000,0,0,0,0,0,1645000,S001 - WH KLS JABABEKA,FIRST LOGISTICS,7,ON SCHEDULE,27,0,07.03.2026,07.02.2026,20.02.2026,08.05.2026,08.05.2026,12.05.2026,19.05.2026,,S001,WH KLS JABABEKA
I100260207L099_S001,MINI VAN BOX,944900,0,0,0,0,0,944900,S001 - WH KLS JABABEKA,FIRST LOGISTICS,7,ON SCHEDULE,27,0,07.03.2026,07.02.2026,19.02.2026,08.05.2026,08.05.2026,12.05.2026,19.05.2026,,S001,WH KLS JABABEKA
I100260207L099_S001,MINI VAN BOX,944900,0,0,0,0,0,944900,S001 - WH KLS JABABEKA,FIRST LOGISTICS,7,ON SCHEDULE,27,0,07.03.2026,07.02.2026,19.02.2026,08.05.2026,08.05.2026,12.05.2026,19.05.2026,,S001,WH KLS JABABEKA
I100260207L100_S001,MINI VAN BOX,236800,0,0,0,0,0,236800,S001 - WH KLS JABABEKA,FIRST LOGISTICS,7,ON SCHEDULE,27,0,07.03.2026,07.02.2026,19.02.2026,08.05.2026,08.05.2026,12.05.2026,19.05.2026,,S001,WH KLS JABABEKA
I100260207L100_S001,MINI VAN BOX,236800,0,0,0,0,0,236800,S001 - WH KLS JABABEKA,FIRST LOGISTICS,7,ON SCHEDULE,27,0,07.03.2026,07.02.2026,19.02.2026,08.05.2026,08.05.2026,12.05.2026,19.05.2026,,S001,WH KLS JABABEKA
I100260207L101_S001,MINI VAN BOX,0,0,0,0,0,0,0,S001 - WH KLS JABABEKA,FIRST LOGISTICS,2,LATE,7,177,15.02.2026,07.02.2026,20.02.2026,,,,,,S001,WH KLS JABABEKA
I100260207L102_S001,MINI VAN BOX,112500,0,0,0,0,0,112500,S001 - WH KLS JABABEKA,FIRST LOGISTICS,7,ON SCHEDULE,27,0,07.03.2026,07.02.2026,19.02.2026,08.05.2026,08.05.2026,12.05.2026,19.05.2026,,S001,WH KLS JABABEKA
I100260207L102_S001,MINI VAN BOX,112500,0,0,0,0,0,112500,S001 - WH KLS JABABEKA,FIRST LOGISTICS,7,ON SCHEDULE,27,0,07.03.2026,07.02.2026,19.02.2026,08.05.2026,08.05.2026,12.05.2026,19.05.2026,,S001,WH KLS JABABEKA
I100260207L103_S001,CDE PICKUP,2515000,0,0,0,0,0,2515000,S001 - WH KLS JABABEKA,PT. MERPATI ALAM SEMESTA,7,ON SCHEDULE,27,0,09.03.2026,09.02.2026,19.02.2026,19.05.2026,25.05.2026,03.06.2026,05.06.2026,,S001,WH KLS JABABEKA
I100260207L103_S001,CDE PICKUP,2515000,0,0,0,0,0,2515000,S001 - WH KLS JABABEKA,PT. MERPATI ALAM SEMESTA,7,ON SCHEDULE,27,0,09.03.2026,09.02.2026,19.02.2026,19.05.2026,25.05.2026,03.06.2026,05.06.2026,,S001,WH KLS JABABEKA
I100260207L104_S001,CDE PICKUP,400000,0,0,0,0,0,400000,S001 - WH KLS JABABEKA,PT. MERPATI ALAM SEMESTA,7,ON SCHEDULE,27,0,07.03.2026,07.02.2026,19.02.2026,14.04.2026,14.04.2026,28.04.2026,04.05.2026,,S001,WH KLS JABABEKA
I100260207L104_S001,CDE PICKUP,400000,0,0,0,0,0,400000,S001 - WH KLS JABABEKA,PT. MERPATI ALAM SEMESTA,7,ON SCHEDULE,27,0,07.03.2026,07.02.2026,19.02.2026,14.04.2026,14.04.2026,28.04.2026,04.05.2026,,S001,WH KLS JABABEKA
I100260208L027_S001,CDD BAK,3700000,0,0,0,400000,0,4100000,S001 - WH KLS JABABEKA,EKA CIPTA MANGGALA,7,ON SCHEDULE,27,0,09.03.2026,09.02.2026,12.02.2026,12.02.2026,20.02.2026,23.02.2026,24.02.2026,,S001,WH KLS JABABEKA
I100260208L027_S001,CDD BAK,3700000,0,0,0,400000,0,4100000,S001 - WH KLS JABABEKA,EKA CIPTA MANGGALA,7,ON SCHEDULE,27,0,09.03.2026,09.02.2026,12.02.2026,12.02.2026,20.02.2026,23.02.2026,24.02.2026,,S001,WH KLS JABABEKA
I100260208L027_S001,CDD BAK,3700000,0,0,0,400000,0,4100000,S001 - WH KLS JABABEKA,EKA CIPTA MANGGALA,7,ON SCHEDULE,27,0,09.03.2026,09.02.2026,12.02.2026,12.02.2026,20.02.2026,23.02.2026,24.02.2026,,S001,WH KLS JABABEKA
I100260208L028_S001,CDD BAK,4100000,0,0,0,800000,0,4900000,S001 - WH KLS JABABEKA,EKA CIPTA MANGGALA,7,ON SCHEDULE,28,0,09.03.2026,08.02.2026,12.02.2026,12.02.2026,20.02.2026,23.02.2026,24.02.2026,,S001,WH KLS JABABEKA
I100260208L028_S001,CDD BAK,4100000,0,0,0,800000,0,4900000,S001 - WH KLS JABABEKA,EKA CIPTA MANGGALA,7,ON SCHEDULE,28,0,09.03.2026,08.02.2026,12.02.2026,12.02.2026,20.02.2026,23.02.2026,24.02.2026,,S001,WH KLS JABABEKA
I100260208L028_S001,CDD BAK,4100000,0,0,0,800000,0,4900000,S001 - WH KLS JABABEKA,EKA CIPTA MANGGALA,7,ON SCHEDULE,28,0,09.03.2026,08.02.2026,12.02.2026,12.02.2026,20.02.2026,23.02.2026,24.02.2026,,S001,WH KLS JABABEKA
I100260208L028_S001,CDD BAK,4100000,0,0,0,800000,0,4900000,S001 - WH KLS JABABEKA,EKA CIPTA MANGGALA,7,ON SCHEDULE,28,0,09.03.2026,08.02.2026,12.02.2026,12.02.2026,20.02.2026,23.02.2026,24.02.2026,,S001,WH KLS JABABEKA
I100260208L029_S001,CDD BAK,4000000,0,0,0,1200000,0,5200000,S001 - WH KLS JABABEKA,EKA CIPTA MANGGALA,7,ON SCHEDULE,28,0,09.03.2026,08.02.2026,12.02.2026,12.02.2026,20.02.2026,23.02.2026,23.02.2026,,S001,WH KLS JABABEKA
I100260208L029_S001,CDD BAK,4000000,0,0,0,1200000,0,5200000,S001 - WH KLS JABABEKA,EKA CIPTA MANGGALA,7,ON SCHEDULE,28,0,09.03.2026,08.02.2026,12.02.2026,12.02.2026,20.02.2026,23.02.2026,23.02.2026,,S001,WH KLS JABABEKA
I100260208L029_S001,CDD BAK,4000000,0,0,0,1200000,0,5200000,S001 - WH KLS JABABEKA,EKA CIPTA MANGGALA,7,ON SCHEDULE,28,0,09.03.2026,08.02.2026,12.02.2026,12.02.2026,20.02.2026,23.02.2026,23.02.2026,,S001,WH KLS JABABEKA
I100260208L029_S001,CDD BAK,4000000,0,0,0,1200000,0,5200000,S001 - WH KLS JABABEKA,EKA CIPTA MANGGALA,7,ON SCHEDULE,28,0,09.03.2026,08.02.2026,12.02.2026,12.02.2026,20.02.2026,23.02.2026,23.02.2026,,S001,WH KLS JABABEKA
I100260208L029_S001,CDD BAK,4000000,0,0,0,1200000,0,5200000,S001 - WH KLS JABABEKA,EKA CIPTA MANGGALA,7,ON SCHEDULE,28,0,09.03.2026,08.02.2026,12.02.2026,12.02.2026,20.02.2026,23.02.2026,23.02.2026,,S001,WH KLS JABABEKA
I100260208L029_S001,CDD BAK,4000000,0,0,0,1200000,0,5200000,S001 - WH KLS JABABEKA,EKA CIPTA MANGGALA,7,ON SCHEDULE,28,0,09.03.2026,08.02.2026,12.02.2026,12.02.2026,20.02.2026,23.02.2026,23.02.2026,,S001,WH KLS JABABEKA
I100260208L030_S001,CDD BAK,6900000,0,0,0,700000,0,7600000,S001 - WH KLS JABABEKA,BINTANG SAMUDERA,7,ON SCHEDULE,29,0,11.03.2026,09.02.2026,27.02.2026,27.02.2026,02.03.2026,03.03.2026,03.03.2026,,S001,WH KLS JABABEKA
I100260209L034_S001,CONT-40,31395000,0,0,0,0,0,31395000,S001 - WH KLS JABABEKA,PT.FREIGHT EXPRESS,7,ON SCHEDULE,27,0,09.03.2026,09.02.2026,,05.03.2026,05.03.2026,10.03.2026,11.03.2026,,S001,WH KLS JABABEKA
I100260209L035_S001,CONT-40,31395000,0,0,0,0,0,31395000,S001 - WH KLS JABABEKA,PT.FREIGHT EXPRESS,7,ON SCHEDULE,27,0,09.03.2026,09.02.2026,,05.03.2026,05.03.2026,10.03.2026,11.03.2026,,S001,WH KLS JABABEKA
I100260209L036_S001,CONT-20,19695000,0,0,0,0,0,19695000,S001 - WH KLS JABABEKA,PT.FREIGHT EXPRESS,7,ON SCHEDULE,27,0,09.03.2026,09.02.2026,,05.03.2026,05.03.2026,09.03.2026,11.03.2026,,S001,WH KLS JABABEKA
I100260209L042_S001,CDD BAK,3421969,0,0,0,1000000,0,4421969,S001 - WH KLS JABABEKA,PT. HARI JAYA TRANSPORTASI,7,ON SCHEDULE,28,0,10.03.2026,09.02.2026,12.02.2026,20.02.2026,23.02.2026,23.02.2026,24.02.2026,,S001,WH KLS JABABEKA
I100260209L042_S001,CDD BAK,3421969,0,0,0,1000000,0,4421969,S001 - WH KLS JABABEKA,PT. HARI JAYA TRANSPORTASI,7,ON SCHEDULE,28,0,10.03.2026,09.02.2026,12.02.2026,20.02.2026,23.02.2026,23.02.2026,24.02.2026,,S001,WH KLS JABABEKA
I100260209L042_S001,CDD BAK,3421969,0,0,0,1000000,0,4421969,S001 - WH KLS JABABEKA,PT. HARI JAYA TRANSPORTASI,7,ON SCHEDULE,28,0,10.03.2026,09.02.2026,12.02.2026,20.02.2026,23.02.2026,23.02.2026,24.02.2026,,S001,WH KLS JABABEKA
I100260209L042_S001,CDD BAK,3421969,0,0,0,1000000,0,4421969,S001 - WH KLS JABABEKA,PT. HARI JAYA TRANSPORTASI,7,ON SCHEDULE,28,0,10.03.2026,09.02.2026,12.02.2026,20.02.2026,23.02.2026,23.02.2026,24.02.2026,,S001,WH KLS JABABEKA
I100260209L042_S001,CDD BAK,3421969,0,0,0,1000000,0,4421969,S001 - WH KLS JABABEKA,PT. HARI JAYA TRANSPORTASI,7,ON SCHEDULE,28,0,10.03.2026,09.02.2026,12.02.2026,20.02.2026,23.02.2026,23.02.2026,24.02.2026,,S001,WH KLS JABABEKA
I100260209L042_S001,CDD BAK,3421969,0,0,0,1000000,0,4421969,S001 - WH KLS JABABEKA,PT. HARI JAYA TRANSPORTASI,7,ON SCHEDULE,28,0,10.03.2026,09.02.2026,12.02.2026,20.02.2026,23.02.2026,23.02.2026,24.02.2026,,S001,WH KLS JABABEKA
I100260209L043_S001,CONT-20,11300000,0,0,0,3400000,0,14700000,S001 - WH KLS JABABEKA,PT. SENTOSA PRIMA ABADI,7,ON SCHEDULE,40,0,22.03.2026,09.02.2026,25.02.2026,01.04.2026,01.04.2026,13.04.2026,13.04.2026,,S001,WH KLS JABABEKA
I100260209L044_S001,CONT-20,12500000,0,0,0,0,0,12500000,S001 - WH KLS JABABEKA,PT TPIL logistics,7,ON SCHEDULE,40,0,24.03.2026,11.02.2026,22.02.2026,21.05.2026,21.05.2026,25.05.2026,25.05.2026,,S001,WH KLS JABABEKA
I100260209L047_S001,CDE PICKUP,275000,0,0,0,0,0,275000,S001 - WH KLS JABABEKA,PT. Nusantara Cargo Line,7,ON SCHEDULE,27,0,09.03.2026,09.02.2026,13.02.2026,02.03.2026,02.03.2026,04.03.2026,04.03.2026,,S001,WH KLS JABABEKA
I100260209L047_S001,CDE PICKUP,275000,0,0,0,0,0,275000,S001 - WH KLS JABABEKA,PT. Nusantara Cargo Line,7,ON SCHEDULE,27,0,09.03.2026,09.02.2026,13.02.2026,02.03.2026,02.03.2026,04.03.2026,04.03.2026,,S001,WH KLS JABABEKA
I100260209L048_S001,CDE PICKUP,475000,0,0,0,0,0,475000,S001 - WH KLS JABABEKA,PT. Nusantara Cargo Line,7,ON SCHEDULE,27,0,09.03.2026,09.02.2026,13.02.2026,20.02.2026,20.02.2026,26.02.2026,26.02.2026,,S001,WH KLS JABABEKA
I100260209L048_S001,CDE PICKUP,475000,0,0,0,0,0,475000,S001 - WH KLS JABABEKA,PT. Nusantara Cargo Line,7,ON SCHEDULE,27,0,09.03.2026,09.02.2026,13.02.2026,20.02.2026,20.02.2026,26.02.2026,26.02.2026,,S001,WH KLS JABABEKA
I100260209L049_S001,CDE PICKUP,275000,0,0,0,0,0,275000,S001 - WH KLS JABABEKA,PT. Nusantara Cargo Line,7,ON SCHEDULE,27,0,10.03.2026,10.02.2026,14.02.2026,20.02.2026,20.02.2026,26.02.2026,26.02.2026,,S001,WH KLS JABABEKA
I100260209L049_S001,CDE PICKUP,275000,0,0,0,0,0,275000,S001 - WH KLS JABABEKA,PT. Nusantara Cargo Line,7,ON SCHEDULE,27,0,10.03.2026,10.02.2026,14.02.2026,20.02.2026,20.02.2026,26.02.2026,26.02.2026,,S001,WH KLS JABABEKA
I100260209L050_S001,CDE PICKUP,1100000,0,0,0,0,0,1100000,S001 - WH KLS JABABEKA,PT. Nusantara Cargo Line,7,ON SCHEDULE,27,0,09.03.2026,09.02.2026,19.02.2026,13.04.2026,14.04.2026,14.04.2026,14.04.2026,,S001,WH KLS JABABEKA
I100260209L050_S001,CDE PICKUP,1100000,0,0,0,0,0,1100000,S001 - WH KLS JABABEKA,PT. Nusantara Cargo Line,7,ON SCHEDULE,27,0,09.03.2026,09.02.2026,19.02.2026,13.04.2026,14.04.2026,14.04.2026,14.04.2026,,S001,WH KLS JABABEKA
I100260209L051_S001,CDE PICKUP,900000,0,0,0,0,0,900000,S001 - WH KLS JABABEKA,PT. Nusantara Cargo Line,7,ON SCHEDULE,27,0,10.03.2026,10.02.2026,14.02.2026,02.03.2026,02.03.2026,04.03.2026,04.03.2026,,S001,WH KLS JABABEKA
I100260209L051_S001,CDE PICKUP,900000,0,0,0,0,0,900000,S001 - WH KLS JABABEKA,PT. Nusantara Cargo Line,7,ON SCHEDULE,27,0,10.03.2026,10.02.2026,14.02.2026,02.03.2026,02.03.2026,04.03.2026,04.03.2026,,S001,WH KLS JABABEKA
I100260209L052_S001,CDE PICKUP,325000,0,0,0,0,0,325000,S001 - WH KLS JABABEKA,PT. Nusantara Cargo Line,7,ON SCHEDULE,27,0,09.03.2026,09.02.2026,13.02.2026,20.02.2026,20.02.2026,26.02.2026,26.02.2026,,S001,WH KLS JABABEKA
I100260209L052_S001,CDE PICKUP,325000,0,0,0,0,0,325000,S001 - WH KLS JABABEKA,PT. Nusantara Cargo Line,7,ON SCHEDULE,27,0,09.03.2026,09.02.2026,13.02.2026,20.02.2026,20.02.2026,26.02.2026,26.02.2026,,S001,WH KLS JABABEKA
I100260209L053_S001,CDE PICKUP,350000,0,0,0,0,0,350000,S001 - WH KLS JABABEKA,PT. Nusantara Cargo Line,7,ON SCHEDULE,27,0,09.03.2026,09.02.2026,19.02.2026,11.03.2026,11.03.2026,12.03.2026,12.03.2026,,S001,WH KLS JABABEKA
I100260209L053_S001,CDE PICKUP,350000,0,0,0,0,0,350000,S001 - WH KLS JABABEKA,PT. Nusantara Cargo Line,7,ON SCHEDULE,27,0,09.03.2026,09.02.2026,19.02.2026,11.03.2026,11.03.2026,12.03.2026,12.03.2026,,S001,WH KLS JABABEKA
I100260209L054_S001,CDE PICKUP,451000,0,0,0,0,0,451000,S001 - WH KLS JABABEKA,PT. Nusantara Cargo Line,7,ON SCHEDULE,27,0,09.03.2026,09.02.2026,19.02.2026,02.03.2026,02.03.2026,04.03.2026,04.03.2026,,S001,WH KLS JABABEKA
I100260209L054_S001,CDE PICKUP,451000,0,0,0,0,0,451000,S001 - WH KLS JABABEKA,PT. Nusantara Cargo Line,7,ON SCHEDULE,27,0,09.03.2026,09.02.2026,19.02.2026,02.03.2026,02.03.2026,04.03.2026,04.03.2026,,S001,WH KLS JABABEKA
I100260209L055_S001,CDE PICKUP,1200000,0,0,0,0,0,1200000,S001 - WH KLS JABABEKA,PT. Nusantara Cargo Line,7,ON SCHEDULE,27,0,09.03.2026,09.02.2026,25.02.2026,13.04.2026,14.04.2026,14.04.2026,14.04.2026,,S001,WH KLS JABABEKA
I100260209L055_S001,CDE PICKUP,1200000,0,0,0,0,0,1200000,S001 - WH KLS JABABEKA,PT. Nusantara Cargo Line,7,ON SCHEDULE,27,0,09.03.2026,09.02.2026,25.02.2026,13.04.2026,14.04.2026,14.04.2026,14.04.2026,,S001,WH KLS JABABEKA
I100260209L056_S001,CDE PICKUP,275000,0,0,0,0,0,275000,S001 - WH KLS JABABEKA,PT. Nusantara Cargo Line,7,ON SCHEDULE,27,0,09.03.2026,09.02.2026,13.02.2026,02.03.2026,02.03.2026,04.03.2026,04.03.2026,,S001,WH KLS JABABEKA
I100260209L056_S001,CDE PICKUP,275000,0,0,0,0,0,275000,S001 - WH KLS JABABEKA,PT. Nusantara Cargo Line,7,ON SCHEDULE,27,0,09.03.2026,09.02.2026,13.02.2026,02.03.2026,02.03.2026,04.03.2026,04.03.2026,,S001,WH KLS JABABEKA
I100260209L057_S001,CDE PICKUP,1342000,0,0,0,0,0,1342000,S001 - WH KLS JABABEKA,PT. Nusantara Cargo Line,7,ON SCHEDULE,27,0,09.03.2026,09.02.2026,17.02.2026,02.03.2026,02.03.2026,04.03.2026,04.03.2026,,S001,WH KLS JABABEKA
I100260209L057_S001,CDE PICKUP,1342000,0,0,0,0,0,1342000,S001 - WH KLS JABABEKA,PT. Nusantara Cargo Line,7,ON SCHEDULE,27,0,09.03.2026,09.02.2026,17.02.2026,02.03.2026,02.03.2026,04.03.2026,04.03.2026,,S001,WH KLS JABABEKA
I100260209L058_S001,CDE PICKUP,1638000,0,0,0,0,0,1638000,S001 - WH KLS JABABEKA,PT. Nusantara Cargo Line,7,ON SCHEDULE,27,0,09.03.2026,09.02.2026,14.02.2026,20.02.2026,20.02.2026,26.02.2026,26.02.2026,,S001,WH KLS JABABEKA
I100260209L058_S001,CDE PICKUP,1638000,0,0,0,0,0,1638000,S001 - WH KLS JABABEKA,PT. Nusantara Cargo Line,7,ON SCHEDULE,27,0,09.03.2026,09.02.2026,14.02.2026,20.02.2026,20.02.2026,26.02.2026,26.02.2026,,S001,WH KLS JABABEKA
I100260209L059_S001,CDE PICKUP,275000,0,0,0,0,0,275000,S001 - WH KLS JABABEKA,PT. Nusantara Cargo Line,7,ON SCHEDULE,27,0,09.03.2026,09.02.2026,14.02.2026,20.02.2026,20.02.2026,26.02.2026,26.02.2026,,S001,WH KLS JABABEKA
I100260209L059_S001,CDE PICKUP,275000,0,0,0,0,0,275000,S001 - WH KLS JABABEKA,PT. Nusantara Cargo Line,7,ON SCHEDULE,27,0,09.03.2026,09.02.2026,14.02.2026,20.02.2026,20.02.2026,26.02.2026,26.02.2026,,S001,WH KLS JABABEKA
I100260209L067_S001,CDE PICKUP,900000,0,0,0,0,0,900000,S001 - WH KLS JABABEKA,PT. Nusantara Cargo Line,7,ON SCHEDULE,27,0,09.03.2026,09.02.2026,19.02.2026,13.04.2026,14.04.2026,14.04.2026,14.04.2026,,S001,WH KLS JABABEKA
I100260209L067_S001,CDE PICKUP,900000,0,0,0,0,0,900000,S001 - WH KLS JABABEKA,PT. Nusantara Cargo Line,7,ON SCHEDULE,27,0,09.03.2026,09.02.2026,19.02.2026,13.04.2026,14.04.2026,14.04.2026,14.04.2026,,S001,WH KLS JABABEKA
I100260209L068_S001,CDD BAK,4500000,0,0,0,0,0,4500000,S001 - WH KLS JABABEKA,PT. HARI JAYA SEJAHTERA,7,ON SCHEDULE,29,0,11.03.2026,09.02.2026,13.02.2026,13.02.2026,14.02.2026,23.02.2026,26.02.2026,,S001,WH KLS JABABEKA
I100260209L075_S001,CDE PICKUP,490000,0,0,0,0,0,490000,S001 - WH KLS JABABEKA,PT. Nusantara Cargo Line,7,ON SCHEDULE,27,0,09.03.2026,09.02.2026,19.02.2026,11.03.2026,11.03.2026,12.03.2026,12.03.2026,,S001,WH KLS JABABEKA
I100260209L075_S001,CDE PICKUP,490000,0,0,0,0,0,490000,S001 - WH KLS JABABEKA,PT. Nusantara Cargo Line,7,ON SCHEDULE,27,0,09.03.2026,09.02.2026,19.02.2026,11.03.2026,11.03.2026,12.03.2026,12.03.2026,,S001,WH KLS JABABEKA
I100260209L101_S001,CDE PICKUP,300000,0,0,0,0,0,300000,S001 - WH KLS JABABEKA,PT. Nusantara Cargo Line,7,ON SCHEDULE,27,0,09.03.2026,09.02.2026,17.02.2026,20.02.2026,20.02.2026,26.02.2026,26.02.2026,,S001,WH KLS JABABEKA
I100260209L101_S001,CDE PICKUP,300000,0,0,0,0,0,300000,S001 - WH KLS JABABEKA,PT. Nusantara Cargo Line,7,ON SCHEDULE,27,0,09.03.2026,09.02.2026,17.02.2026,20.02.2026,20.02.2026,26.02.2026,26.02.2026,,S001,WH KLS JABABEKA
I100260209L102_S001,CDE PICKUP,275000,0,0,0,0,0,275000,S001 - WH KLS JABABEKA,PT. Nusantara Cargo Line,7,ON SCHEDULE,27,0,09.03.2026,09.02.2026,13.02.2026,20.02.2026,20.02.2026,26.02.2026,26.02.2026,,S001,WH KLS JABABEKA
I100260209L102_S001,CDE PICKUP,275000,0,0,0,0,0,275000,S001 - WH KLS JABABEKA,PT. Nusantara Cargo Line,7,ON SCHEDULE,27,0,09.03.2026,09.02.2026,13.02.2026,20.02.2026,20.02.2026,26.02.2026,26.02.2026,,S001,WH KLS JABABEKA
I100260209L103_S001,CDE PICKUP,2875000,0,0,0,0,0,2875000,S001 - WH KLS JABABEKA,PT. Nusantara Cargo Line,7,ON SCHEDULE,27,0,09.03.2026,09.02.2026,21.02.2026,13.04.2026,14.04.2026,14.04.2026,14.04.2026,,S001,WH KLS JABABEKA
I100260209L103_S001,CDE PICKUP,2875000,0,0,0,0,0,2875000,S001 - WH KLS JABABEKA,PT. Nusantara Cargo Line,7,ON SCHEDULE,27,0,09.03.2026,09.02.2026,21.02.2026,13.04.2026,14.04.2026,14.04.2026,14.04.2026,,S001,WH KLS JABABEKA
I100260209L104_S001,CDE PICKUP,275000,0,0,0,0,0,275000,S001 - WH KLS JABABEKA,PT. Nusantara Cargo Line,7,ON SCHEDULE,27,0,09.03.2026,09.02.2026,13.02.2026,20.02.2026,20.02.2026,26.02.2026,26.02.2026,,S001,WH KLS JABABEKA
I100260209L104_S001,CDE PICKUP,275000,0,0,0,0,0,275000,S001 - WH KLS JABABEKA,PT. Nusantara Cargo Line,7,ON SCHEDULE,27,0,09.03.2026,09.02.2026,13.02.2026,20.02.2026,20.02.2026,26.02.2026,26.02.2026,,S001,WH KLS JABABEKA
I100260209L105_S001,CDE PICKUP,700000,0,0,0,0,0,700000,S001 - WH KLS JABABEKA,PT. Nusantara Cargo Line,7,ON SCHEDULE,27,0,09.03.2026,09.02.2026,20.02.2026,02.03.2026,02.03.2026,05.03.2026,05.03.2026,,S001,WH KLS JABABEKA
I100260209L105_S001,CDE PICKUP,700000,0,0,0,0,0,700000,S001 - WH KLS JABABEKA,PT. Nusantara Cargo Line,7,ON SCHEDULE,27,0,09.03.2026,09.02.2026,20.02.2026,02.03.2026,02.03.2026,05.03.2026,05.03.2026,,S001,WH KLS JABABEKA
I100260209L106_S001,CDD PICK UP,300000,0,0,0,0,0,300000,S001 - WH KLS JABABEKA,PT. Nusantara Cargo Line,7,ON SCHEDULE,27,0,09.03.2026,09.02.2026,14.02.2026,02.03.2026,02.03.2026,04.03.2026,04.03.2026,,S001,WH KLS JABABEKA
I100260209L106_S001,CDD PICK UP,300000,0,0,0,0,0,300000,S001 - WH KLS JABABEKA,PT. Nusantara Cargo Line,7,ON SCHEDULE,27,0,09.03.2026,09.02.2026,14.02.2026,02.03.2026,02.03.2026,04.03.2026,04.03.2026,,S001,WH KLS JABABEKA
I100260209L107_S001,CDE PICKUP,225000,0,0,0,0,0,225000,S001 - WH KLS JABABEKA,PT. Nusantara Cargo Line,7,ON SCHEDULE,27,0,09.03.2026,09.02.2026,16.02.2026,02.03.2026,02.03.2026,04.03.2026,04.03.2026,,S001,WH KLS JABABEKA
I100260209L107_S001,CDE PICKUP,225000,0,0,0,0,0,225000,S001 - WH KLS JABABEKA,PT. Nusantara Cargo Line,7,ON SCHEDULE,27,0,09.03.2026,09.02.2026,16.02.2026,02.03.2026,02.03.2026,04.03.2026,04.03.2026,,S001,WH KLS JABABEKA
I100260209L108_S001,CDE PICKUP,975000,0,0,0,0,0,975000,S001 - WH KLS JABABEKA,PT. Nusantara Cargo Line,7,ON SCHEDULE,27,0,09.03.2026,09.02.2026,16.02.2026,19.02.2026,20.02.2026,26.02.2026,26.02.2026,,S001,WH KLS JABABEKA
I100260209L108_S001,CDE PICKUP,975000,0,0,0,0,0,975000,S001 - WH KLS JABABEKA,PT. Nusantara Cargo Line,7,ON SCHEDULE,27,0,09.03.2026,09.02.2026,16.02.2026,19.02.2026,20.02.2026,26.02.2026,26.02.2026,,S001,WH KLS JABABEKA
I100260209L110_S001,CDE PICKUP,325000,0,0,0,0,0,325000,S001 - WH KLS JABABEKA,PT. Nusantara Cargo Line,7,ON SCHEDULE,27,0,09.03.2026,09.02.2026,13.02.2026,20.02.2026,20.02.2026,26.02.2026,26.02.2026,,S001,WH KLS JABABEKA
I100260209L110_S001,CDE PICKUP,325000,0,0,0,0,0,325000,S001 - WH KLS JABABEKA,PT. Nusantara Cargo Line,7,ON SCHEDULE,27,0,09.03.2026,09.02.2026,13.02.2026,20.02.2026,20.02.2026,26.02.2026,26.02.2026,,S001,WH KLS JABABEKA
I100260209L111_S001,CDE PICKUP,600000,0,0,0,0,0,600000,S001 - WH KLS JABABEKA,PT. Nusantara Cargo Line,7,ON SCHEDULE,27,0,09.03.2026,09.02.2026,25.02.2026,25.02.2026,27.02.2026,27.02.2026,27.02.2026,,S001,WH KLS JABABEKA
I100260209L111_S001,CDE PICKUP,600000,0,0,0,0,0,600000,S001 - WH KLS JABABEKA,PT. Nusantara Cargo Line,7,ON SCHEDULE,27,0,09.03.2026,09.02.2026,25.02.2026,25.02.2026,27.02.2026,27.02.2026,27.02.2026,,S001,WH KLS JABABEKA
I100260209L116_S001,MINI VAN BOX,329000,0,0,0,0,0,329000,S001 - WH KLS JABABEKA,FIRST LOGISTICS,7,ON SCHEDULE,27,0,10.03.2026,10.02.2026,27.02.2026,08.05.2026,08.05.2026,12.05.2026,19.05.2026,,S001,WH KLS JABABEKA
I100260209L116_S001,MINI VAN BOX,329000,0,0,0,0,0,329000,S001 - WH KLS JABABEKA,FIRST LOGISTICS,7,ON SCHEDULE,27,0,10.03.2026,10.02.2026,27.02.2026,08.05.2026,08.05.2026,12.05.2026,19.05.2026,,S001,WH KLS JABABEKA
I100260209L117_S001,MINI VAN BOX,798000,0,0,0,0,0,798000,S001 - WH KLS JABABEKA,FIRST LOGISTICS,7,ON SCHEDULE,27,0,10.03.2026,10.02.2026,01.03.2026,08.05.2026,08.05.2026,12.05.2026,19.05.2026,,S001,WH KLS JABABEKA
I100260209L117_S001,MINI VAN BOX,798000,0,0,0,0,0,798000,S001 - WH KLS JABABEKA,FIRST LOGISTICS,7,ON SCHEDULE,27,0,10.03.2026,10.02.2026,01.03.2026,08.05.2026,08.05.2026,12.05.2026,19.05.2026,,S001,WH KLS JABABEKA
I100260209L118_S001,MINI VAN BOX,0,0,0,0,0,0,0,S001 - WH KLS JABABEKA,FIRST LOGISTICS,2,LATE,7,174,18.02.2026,10.02.2026,27.02.2026,,,,,,S001,WH KLS JABABEKA
I100260209L119_S001,MINI VAN BOX,0,0,0,0,0,0,0,S001 - WH KLS JABABEKA,FIRST LOGISTICS,2,LATE,7,174,18.02.2026,10.02.2026,27.02.2026,,,,,,S001,WH KLS JABABEKA
I100260210L048_S001,CDD BAK,4700000,0,0,0,1000000,0,5700000,S001 - WH KLS JABABEKA,BINTANG SAMUDERA,7,ON SCHEDULE,27,0,10.03.2026,10.02.2026,19.02.2026,27.02.2026,02.03.2026,03.03.2026,03.03.2026,,S001,WH KLS JABABEKA
I100260210L049_S001,CDD BAK,4100000,0,0,0,800000,0,4900000,S001 - WH KLS JABABEKA,EKA CIPTA MANGGALA,7,ON SCHEDULE,28,0,11.03.2026,10.02.2026,12.02.2026,23.02.2026,23.02.2026,23.02.2026,23.02.2026,,S001,WH KLS JABABEKA
I100260210L049_S001,CDD BAK,4100000,0,0,0,800000,0,4900000,S001 - WH KLS JABABEKA,EKA CIPTA MANGGALA,7,ON SCHEDULE,28,0,11.03.2026,10.02.2026,12.02.2026,23.02.2026,23.02.2026,23.02.2026,23.02.2026,,S001,WH KLS JABABEKA
I100260210L049_S001,CDD BAK,4100000,0,0,0,800000,0,4900000,S001 - WH KLS JABABEKA,EKA CIPTA MANGGALA,7,ON SCHEDULE,28,0,11.03.2026,10.02.2026,12.02.2026,23.02.2026,23.02.2026,23.02.2026,23.02.2026,,S001,WH KLS JABABEKA
I100260210L049_S001,CDD BAK,4100000,0,0,0,800000,0,4900000,S001 - WH KLS JABABEKA,EKA CIPTA MANGGALA,7,ON SCHEDULE,28,0,11.03.2026,10.02.2026,12.02.2026,23.02.2026,23.02.2026,23.02.2026,23.02.2026,,S001,WH KLS JABABEKA
I100260210L050_S001,CDD BAK,11500000,0,0,0,2300000,0,13800000,S001 - WH KLS JABABEKA,BINTANG SAMUDERA,7,ON SCHEDULE,29,0,12.03.2026,10.02.2026,19.02.2026,05.03.2026,05.03.2026,05.03.2026,05.03.2026,,S001,WH KLS JABABEKA
I100260210L050_S001,CDD BAK,11500000,0,0,0,2300000,0,13800000,S001 - WH KLS JABABEKA,BINTANG SAMUDERA,7,ON SCHEDULE,29,0,12.03.2026,10.02.2026,19.02.2026,05.03.2026,05.03.2026,05.03.2026,05.03.2026,,S001,WH KLS JABABEKA
I100260210L051_S001,CDD BAK,7500000,0,0,0,500000,0,8000000,S001 - WH KLS JABABEKA,EKA CIPTA MANGGALA,7,ON SCHEDULE,31,0,14.03.2026,10.02.2026,13.02.2026,23.02.2026,23.02.2026,23.02.2026,23.02.2026,,S001,WH KLS JABABEKA
I100260210L051_S001,CDD BAK,7500000,0,0,0,500000,0,8000000,S001 - WH KLS JABABEKA,EKA CIPTA MANGGALA,7,ON SCHEDULE,31,0,14.03.2026,10.02.2026,13.02.2026,23.02.2026,23.02.2026,23.02.2026,23.02.2026,,S001,WH KLS JABABEKA
I100260210L051_S001,CDD BAK,7500000,0,0,0,500000,0,8000000,S001 - WH KLS JABABEKA,EKA CIPTA MANGGALA,7,ON SCHEDULE,31,0,14.03.2026,10.02.2026,13.02.2026,23.02.2026,23.02.2026,23.02.2026,23.02.2026,,S001,WH KLS JABABEKA
I100260210L053_S001,CDD LONG CHASSIS,15903000,0,0,1000000,0,0,16903000,S001 - WH KLS JABABEKA,BINTANG SAMUDERA,7,ON SCHEDULE,27,0,11.03.2026,11.02.2026,27.02.2026,05.03.2026,05.03.2026,05.03.2026,05.03.2026,,S001,WH KLS JABABEKA
I100260210L072_S001,CDE PICKUP,2300000,0,0,0,0,0,2300000,S001 - WH KLS JABABEKA,PT. MERPATI ALAM SEMESTA,7,ON SCHEDULE,27,0,11.03.2026,11.02.2026,27.02.2026,10.03.2026,11.03.2026,25.03.2026,25.03.2026,,S001,WH KLS JABABEKA
I100260210L072_S001,CDE PICKUP,2300000,0,0,0,0,0,2300000,S001 - WH KLS JABABEKA,PT. MERPATI ALAM SEMESTA,7,ON SCHEDULE,27,0,11.03.2026,11.02.2026,27.02.2026,10.03.2026,11.03.2026,25.03.2026,25.03.2026,,S001,WH KLS JABABEKA
I100260210L074_S001,CDE PICKUP,850000,0,0,0,0,0,850000,S001 - WH KLS JABABEKA,PT. MERPATI ALAM SEMESTA,7,ON SCHEDULE,27,0,11.03.2026,11.02.2026,25.02.2026,14.04.2026,14.04.2026,28.04.2026,04.05.2026,,S001,WH KLS JABABEKA
I100260210L074_S001,CDE PICKUP,850000,0,0,0,0,0,850000,S001 - WH KLS JABABEKA,PT. MERPATI ALAM SEMESTA,7,ON SCHEDULE,27,0,11.03.2026,11.02.2026,25.02.2026,14.04.2026,14.04.2026,28.04.2026,04.05.2026,,S001,WH KLS JABABEKA
I100260210L076_S001,CDE PICKUP,250000,0,0,0,0,0,250000,S001 - WH KLS JABABEKA,PT. MERPATI ALAM SEMESTA,7,ON SCHEDULE,27,0,11.03.2026,11.02.2026,19.02.2026,14.04.2026,14.04.2026,28.04.2026,05.05.2026,,S001,WH KLS JABABEKA
I100260210L076_S001,CDE PICKUP,250000,0,0,0,0,0,250000,S001 - WH KLS JABABEKA,PT. MERPATI ALAM SEMESTA,7,ON SCHEDULE,27,0,11.03.2026,11.02.2026,19.02.2026,14.04.2026,14.04.2026,28.04.2026,05.05.2026,,S001,WH KLS JABABEKA
I100260210L077_S001,CDE PICKUP,1750000,0,0,0,0,0,1750000,S001 - WH KLS JABABEKA,PT. MERPATI ALAM SEMESTA,7,ON SCHEDULE,27,0,11.03.2026,11.02.2026,25.02.2026,10.03.2026,11.03.2026,25.03.2026,25.03.2026,,S001,WH KLS JABABEKA
I100260210L077_S001,CDE PICKUP,1750000,0,0,0,0,0,1750000,S001 - WH KLS JABABEKA,PT. MERPATI ALAM SEMESTA,7,ON SCHEDULE,27,0,11.03.2026,11.02.2026,25.02.2026,10.03.2026,11.03.2026,25.03.2026,25.03.2026,,S001,WH KLS JABABEKA
I100260210L082_S001,CDE PICKUP,600000,0,0,0,0,0,600000,S001 - WH KLS JABABEKA,PT. MERPATI ALAM SEMESTA,7,ON SCHEDULE,27,0,11.03.2026,11.02.2026,25.02.2026,14.04.2026,14.04.2026,28.04.2026,04.05.2026,,S001,WH KLS JABABEKA
I100260210L082_S001,CDE PICKUP,600000,0,0,0,0,0,600000,S001 - WH KLS JABABEKA,PT. MERPATI ALAM SEMESTA,7,ON SCHEDULE,27,0,11.03.2026,11.02.2026,25.02.2026,14.04.2026,14.04.2026,28.04.2026,04.05.2026,,S001,WH KLS JABABEKA
I100260210L083_S001,CDE PICKUP,150000,0,0,0,0,0,150000,S001 - WH KLS JABABEKA,PT. MERPATI ALAM SEMESTA,7,ON SCHEDULE,27,0,11.03.2026,11.02.2026,19.02.2026,14.04.2026,14.04.2026,28.04.2026,04.05.2026,,S001,WH KLS JABABEKA
I100260210L083_S001,CDE PICKUP,150000,0,0,0,0,0,150000,S001 - WH KLS JABABEKA,PT. MERPATI ALAM SEMESTA,7,ON SCHEDULE,27,0,11.03.2026,11.02.2026,19.02.2026,14.04.2026,14.04.2026,28.04.2026,04.05.2026,,S001,WH KLS JABABEKA
I100260210L085_S001,CDE PICKUP,185000,0,0,0,0,0,185000,S001 - WH KLS JABABEKA,PT. MERPATI ALAM SEMESTA,7,ON SCHEDULE,27,0,16.03.2026,16.02.2026,27.02.2026,14.04.2026,14.04.2026,28.04.2026,04.05.2026,,S001,WH KLS JABABEKA
I100260210L085_S001,CDE PICKUP,185000,0,0,0,0,0,185000,S001 - WH KLS JABABEKA,PT. MERPATI ALAM SEMESTA,7,ON SCHEDULE,27,0,16.03.2026,16.02.2026,27.02.2026,14.04.2026,14.04.2026,28.04.2026,04.05.2026,,S001,WH KLS JABABEKA
I100260210L086_S001,CDE PICKUP,820000,0,0,0,0,0,820000,S001 - WH KLS JABABEKA,PT. MERPATI ALAM SEMESTA,7,ON SCHEDULE,27,0,11.03.2026,11.02.2026,19.02.2026,14.04.2026,14.04.2026,28.04.2026,04.05.2026,,S001,WH KLS JABABEKA
I100260210L086_S001,CDE PICKUP,820000,0,0,0,0,0,820000,S001 - WH KLS JABABEKA,PT. MERPATI ALAM SEMESTA,7,ON SCHEDULE,27,0,11.03.2026,11.02.2026,19.02.2026,14.04.2026,14.04.2026,28.04.2026,04.05.2026,,S001,WH KLS JABABEKA
I100260210L097_S001,CDE PICKUP,42942000,0,0,0,0,0,42942000,S001 - WH KLS JABABEKA,PT. MERPATI ALAM SEMESTA,7,ON SCHEDULE,27,0,11.03.2026,11.02.2026,25.02.2026,14.04.2026,14.04.2026,28.04.2026,07.05.2026,,S001,WH KLS JABABEKA
I100260210L097_S001,CDE PICKUP,42942000,0,0,0,0,0,42942000,S001 - WH KLS JABABEKA,PT. MERPATI ALAM SEMESTA,7,ON SCHEDULE,27,0,11.03.2026,11.02.2026,25.02.2026,14.04.2026,14.04.2026,28.04.2026,07.05.2026,,S001,WH KLS JABABEKA
I100260210L099_S001,MINI VAN BOX,160200,0,0,0,0,0,160200,S001 - WH KLS JABABEKA,FIRST LOGISTICS,7,ON SCHEDULE,27,0,11.03.2026,11.02.2026,27.02.2026,08.05.2026,08.05.2026,12.05.2026,19.05.2026,,S001,WH KLS JABABEKA
I100260210L099_S001,MINI VAN BOX,160200,0,0,0,0,0,160200,S001 - WH KLS JABABEKA,FIRST LOGISTICS,7,ON SCHEDULE,27,0,11.03.2026,11.02.2026,27.02.2026,08.05.2026,08.05.2026,12.05.2026,19.05.2026,,S001,WH KLS JABABEKA
I100260210L102_S001,MINI VAN BOX,0,0,0,0,0,0,0,S001 - WH KLS JABABEKA,FIRST LOGISTICS,2,LATE,7,173,19.02.2026,11.02.2026,27.02.2026,,,,,,S001,WH KLS JABABEKA
I100260210L104_S001,MINI VAN BOX,731500,0,0,0,0,0,731500,S001 - WH KLS JABABEKA,FIRST LOGISTICS,7,ON SCHEDULE,27,0,11.03.2026,11.02.2026,01.03.2026,08.05.2026,08.05.2026,12.05.2026,19.05.2026,,S001,WH KLS JABABEKA
I100260210L104_S001,MINI VAN BOX,731500,0,0,0,0,0,731500,S001 - WH KLS JABABEKA,FIRST LOGISTICS,7,ON SCHEDULE,27,0,11.03.2026,11.02.2026,01.03.2026,08.05.2026,08.05.2026,12.05.2026,19.05.2026,,S001,WH KLS JABABEKA
I100260210L106_S001,MINI VAN BOX,816050,0,0,0,0,0,816050,S001 - WH KLS JABABEKA,FIRST LOGISTICS,7,ON SCHEDULE,27,0,11.03.2026,11.02.2026,27.02.2026,08.05.2026,08.05.2026,12.05.2026,19.05.2026,,S001,WH KLS JABABEKA
I100260210L106_S001,MINI VAN BOX,816050,0,0,0,0,0,816050,S001 - WH KLS JABABEKA,FIRST LOGISTICS,7,ON SCHEDULE,27,0,11.03.2026,11.02.2026,27.02.2026,08.05.2026,08.05.2026,12.05.2026,19.05.2026,,S001,WH KLS JABABEKA
I100260210L109_S001,MINI VAN BOX,245900,0,0,0,0,0,245900,S001 - WH KLS JABABEKA,FIRST LOGISTICS,7,ON SCHEDULE,27,0,11.03.2026,11.02.2026,27.02.2026,08.05.2026,08.05.2026,12.05.2026,19.05.2026,,S001,WH KLS JABABEKA
I100260210L109_S001,MINI VAN BOX,245900,0,0,0,0,0,245900,S001 - WH KLS JABABEKA,FIRST LOGISTICS,7,ON SCHEDULE,27,0,11.03.2026,11.02.2026,27.02.2026,08.05.2026,08.05.2026,12.05.2026,19.05.2026,,S001,WH KLS JABABEKA
I100260210L110_S001,MINI VAN BOX,0,0,0,0,0,0,0,S001 - WH KLS JABABEKA,FIRST LOGISTICS,2,LATE,7,173,19.02.2026,11.02.2026,27.02.2026,,,,,,S001,WH KLS JABABEKA
I100260210L111_S001,MINI VAN BOX,288000,0,0,0,0,0,288000,S001 - WH KLS JABABEKA,FIRST LOGISTICS,7,ON SCHEDULE,27,0,11.03.2026,11.02.2026,27.02.2026,08.05.2026,08.05.2026,12.05.2026,19.05.2026,,S001,WH KLS JABABEKA
I100260210L111_S001,MINI VAN BOX,288000,0,0,0,0,0,288000,S001 - WH KLS JABABEKA,FIRST LOGISTICS,7,ON SCHEDULE,27,0,11.03.2026,11.02.2026,27.02.2026,08.05.2026,08.05.2026,12.05.2026,19.05.2026,,S001,WH KLS JABABEKA
I100260210L113_S001,MINI VAN BOX,0,0,0,0,0,0,0,S001 - WH KLS JABABEKA,FIRST LOGISTICS,2,LATE,7,172,20.02.2026,12.02.2026,27.02.2026,,,,,,S001,WH KLS JABABEKA
I100260210L114_S001,MIN VAN OPS,0,0,0,0,0,0,0,S001 - WH KLS JABABEKA,FIRST LOGISTICS,2,LATE,7,173,19.02.2026,11.02.2026,27.02.2026,,,,,,S001,WH KLS JABABEKA
I100260210L115_S001,MINI VAN BOX,0,0,0,0,0,0,0,S001 - WH KLS JABABEKA,FIRST LOGISTICS,2,LATE,7,173,19.02.2026,11.02.2026,27.02.2026,,,,,,S001,WH KLS JABABEKA
I100260210L116_S001,MINI VAN BOX,0,0,0,0,0,0,0,S001 - WH KLS JABABEKA,FIRST LOGISTICS,2,LATE,7,173,19.02.2026,11.02.2026,01.03.2026,,,,,,S001,WH KLS JABABEKA
I100260210T030_S001,WINGBOX,5650000,0,0,0,0,0,5650000,S001 - WH KLS JABABEKA,PT. DUTA MEDIA MANDIRI,7,ON SCHEDULE,29,0,13.03.2026,11.02.2026,14.02.2026,18.02.2026,18.02.2026,19.02.2026,19.02.2026,,S001,WH KLS JABABEKA
I100260211L010_S001,FUSO,17239800,0,0,0,0,0,17239800,S001 - WH KLS JABABEKA,BEPA IKA PEKASA,7,ON SCHEDULE,27,0,12.03.2026,12.02.2026,25.02.2026,07.04.2026,08.04.2026,08.04.2026,13.04.2026,,S001,WH KLS JABABEKA
I100260211L011_S001,FUSO,442200,0,0,0,0,0,442200,S001 - WH KLS JABABEKA,BEPA IKA PEKASA,7,ON SCHEDULE,27,0,12.03.2026,12.02.2026,22.02.2026,02.03.2026,02.03.2026,03.03.2026,09.03.2026,,S001,WH KLS JABABEKA
I100260211L012_S001,FUSO,330400,0,0,0,0,0,330400,S001 - WH KLS JABABEKA,BEPA IKA PEKASA,7,ON SCHEDULE,27,0,12.03.2026,12.02.2026,25.02.2026,02.03.2026,02.03.2026,03.03.2026,09.03.2026,,S001,WH KLS JABABEKA
I100260211L013_S001,FUSO,4500000,0,0,0,0,0,4500000,S001 - WH KLS JABABEKA,BEPA IKA PEKASA,7,ON SCHEDULE,27,0,13.03.2026,13.02.2026,25.02.2026,02.03.2026,02.03.2026,03.03.2026,09.03.2026,,S001,WH KLS JABABEKA
I100260211L019_S001,MINI VAN BOX,433000,0,0,0,0,0,433000,S001 - WH KLS JABABEKA,FIRST LOGISTICS,7,ON SCHEDULE,27,0,13.03.2026,13.02.2026,27.02.2026,08.05.2026,08.05.2026,12.05.2026,19.05.2026,,S001,WH KLS JABABEKA
I100260211L019_S001,MINI VAN BOX,433000,0,0,0,0,0,433000,S001 - WH KLS JABABEKA,FIRST LOGISTICS,7,ON SCHEDULE,27,0,13.03.2026,13.02.2026,27.02.2026,08.05.2026,08.05.2026,12.05.2026,19.05.2026,,S001,WH KLS JABABEKA
I100260211L053_S001,CONT-20,12350000,0,0,0,0,0,12350000,S001 - WH KLS JABABEKA,PT MITRA INTERTRANS FORWARDING,7,ON SCHEDULE,40,0,25.03.2026,12.02.2026,03.03.2026,30.03.2026,31.03.2026,31.03.2026,31.03.2026,,S001,WH KLS JABABEKA
I100260211L054_S001,CDD BAK,5300000,0,0,0,1100000,0,6400000,S001 - WH KLS JABABEKA,PT. HARI JAYA SEJAHTERA,7,ON SCHEDULE,29,0,13.03.2026,11.02.2026,14.02.2026,23.02.2026,24.02.2026,25.02.2026,26.02.2026,,S001,WH KLS JABABEKA
I100260211L054_S001,CDD BAK,5300000,0,0,0,1100000,0,6400000,S001 - WH KLS JABABEKA,PT. HARI JAYA SEJAHTERA,7,ON SCHEDULE,29,0,13.03.2026,11.02.2026,14.02.2026,23.02.2026,24.02.2026,25.02.2026,26.02.2026,,S001,WH KLS JABABEKA
I100260211L054_S001,CDD BAK,5300000,0,0,0,1100000,0,6400000,S001 - WH KLS JABABEKA,PT. HARI JAYA SEJAHTERA,7,ON SCHEDULE,29,0,13.03.2026,11.02.2026,14.02.2026,23.02.2026,24.02.2026,25.02.2026,26.02.2026,,S001,WH KLS JABABEKA
I100260211L055_S001,CDD BAK,5100000,0,0,0,1450000,0,6550000,S001 - WH KLS JABABEKA,PT. HARI JAYA SEJAHTERA,7,ON SCHEDULE,29,0,14.03.2026,12.02.2026,16.02.2026,23.02.2026,24.02.2026,25.02.2026,26.02.2026,,S001,WH KLS JABABEKA
I100260211L055_S001,CDD BAK,5100000,0,0,0,1450000,0,6550000,S001 - WH KLS JABABEKA,PT. HARI JAYA SEJAHTERA,7,ON SCHEDULE,29,0,14.03.2026,12.02.2026,16.02.2026,23.02.2026,24.02.2026,25.02.2026,26.02.2026,,S001,WH KLS JABABEKA
I100260211L055_S001,CDD BAK,5100000,0,0,0,1450000,0,6550000,S001 - WH KLS JABABEKA,PT. HARI JAYA SEJAHTERA,7,ON SCHEDULE,29,0,14.03.2026,12.02.2026,16.02.2026,23.02.2026,24.02.2026,25.02.2026,26.02.2026,,S001,WH KLS JABABEKA
I100260211L094_S001,CDE PICKUP,900000,0,0,0,0,0,900000,S001 - WH KLS JABABEKA,PT. Nusantara Cargo Line,7,ON SCHEDULE,27,0,12.03.2026,12.02.2026,19.02.2026,25.05.2026,27.05.2026,02.06.2026,08.06.2026,,S001,WH KLS JABABEKA
I100260211L094_S001,CDE PICKUP,900000,0,0,0,0,0,900000,S001 - WH KLS JABABEKA,PT. Nusantara Cargo Line,7,ON SCHEDULE,27,0,12.03.2026,12.02.2026,19.02.2026,25.05.2026,27.05.2026,02.06.2026,08.06.2026,,S001,WH KLS JABABEKA
I100260211L095_S001,CDE PICKUP,306000,0,0,0,0,0,306000,S001 - WH KLS JABABEKA,PT. Nusantara Cargo Line,7,ON SCHEDULE,27,0,12.03.2026,12.02.2026,19.02.2026,02.03.2026,02.03.2026,04.03.2026,04.03.2026,,S001,WH KLS JABABEKA
I100260211L095_S001,CDE PICKUP,306000,0,0,0,0,0,306000,S001 - WH KLS JABABEKA,PT. Nusantara Cargo Line,7,ON SCHEDULE,27,0,12.03.2026,12.02.2026,19.02.2026,02.03.2026,02.03.2026,04.03.2026,04.03.2026,,S001,WH KLS JABABEKA
I100260211L097_S001,CDE PICKUP,425000,0,0,0,0,0,425000,S001 - WH KLS JABABEKA,PT. Nusantara Cargo Line,7,ON SCHEDULE,27,0,12.03.2026,12.02.2026,16.02.2026,13.03.2026,13.03.2026,13.03.2026,13.03.2026,,S001,WH KLS JABABEKA
I100260211L097_S001,CDE PICKUP,425000,0,0,0,0,0,425000,S001 - WH KLS JABABEKA,PT. Nusantara Cargo Line,7,ON SCHEDULE,27,0,12.03.2026,12.02.2026,16.02.2026,13.03.2026,13.03.2026,13.03.2026,13.03.2026,,S001,WH KLS JABABEKA
I100260211L098_S001,CDE PICKUP,1492500,0,0,0,0,0,1492500,S001 - WH KLS JABABEKA,PT. Nusantara Cargo Line,7,ON SCHEDULE,27,0,12.03.2026,12.02.2026,18.02.2026,02.03.2026,02.03.2026,04.03.2026,04.03.2026,,S001,WH KLS JABABEKA
I100260211L098_S001,CDE PICKUP,1492500,0,0,0,0,0,1492500,S001 - WH KLS JABABEKA,PT. Nusantara Cargo Line,7,ON SCHEDULE,27,0,12.03.2026,12.02.2026,18.02.2026,02.03.2026,02.03.2026,04.03.2026,04.03.2026,,S001,WH KLS JABABEKA
I100260211L098_S001,CDE PICKUP,1492500,0,0,0,0,0,1492500,S001 - WH KLS JABABEKA,PT. Nusantara Cargo Line,7,ON SCHEDULE,27,0,12.03.2026,12.02.2026,18.02.2026,02.03.2026,02.03.2026,04.03.2026,04.03.2026,,S001,WH KLS JABABEKA
I100260211L098_S001,CDE PICKUP,1492500,0,0,0,0,0,1492500,S001 - WH KLS JABABEKA,PT. Nusantara Cargo Line,7,ON SCHEDULE,27,0,12.03.2026,12.02.2026,18.02.2026,02.03.2026,02.03.2026,04.03.2026,04.03.2026,,S001,WH KLS JABABEKA
I100260211L099_S001,CDE PICKUP,350000,0,0,0,0,0,350000,S001 - WH KLS JABABEKA,PT. Nusantara Cargo Line,7,ON SCHEDULE,27,0,12.03.2026,12.02.2026,19.02.2026,30.03.2026,31.03.2026,07.04.2026,07.04.2026,,S001,WH KLS JABABEKA
I100260211L099_S001,CDE PICKUP,350000,0,0,0,0,0,350000,S001 - WH KLS JABABEKA,PT. Nusantara Cargo Line,7,ON SCHEDULE,27,0,12.03.2026,12.02.2026,19.02.2026,30.03.2026,31.03.2026,07.04.2026,07.04.2026,,S001,WH KLS JABABEKA
I100260211L100_S001,CDE PICKUP,262500,0,0,0,0,0,262500,S001 - WH KLS JABABEKA,PT. Nusantara Cargo Line,7,ON SCHEDULE,27,0,12.03.2026,12.02.2026,14.02.2026,02.03.2026,02.03.2026,04.03.2026,04.03.2026,,S001,WH KLS JABABEKA
I100260211L100_S001,CDE PICKUP,262500,0,0,0,0,0,262500,S001 - WH KLS JABABEKA,PT. Nusantara Cargo Line,7,ON SCHEDULE,27,0,12.03.2026,12.02.2026,14.02.2026,02.03.2026,02.03.2026,04.03.2026,04.03.2026,,S001,WH KLS JABABEKA
I100260211L101_S001,CDD,325000,0,0,0,0,0,325000,S001 - WH KLS JABABEKA,PT. Nusantara Cargo Line,7,ON SCHEDULE,27,0,12.03.2026,12.02.2026,19.02.2026,02.03.2026,02.03.2026,04.03.2026,04.03.2026,,S001,WH KLS JABABEKA
I100260211L101_S001,CDD,325000,0,0,0,0,0,325000,S001 - WH KLS JABABEKA,PT. Nusantara Cargo Line,7,ON SCHEDULE,27,0,12.03.2026,12.02.2026,19.02.2026,02.03.2026,02.03.2026,04.03.2026,04.03.2026,,S001,WH KLS JABABEKA
I100260211L102_S001,CDE PICKUP,1470000,0,0,0,0,0,1470000,S001 - WH KLS JABABEKA,PT. Nusantara Cargo Line,7,ON SCHEDULE,27,0,12.03.2026,12.02.2026,25.02.2026,11.03.2026,11.03.2026,12.03.2026,12.03.2026,,S001,WH KLS JABABEKA
I100260211L102_S001,CDE PICKUP,1470000,0,0,0,0,0,1470000,S001 - WH KLS JABABEKA,PT. Nusantara Cargo Line,7,ON SCHEDULE,27,0,12.03.2026,12.02.2026,25.02.2026,11.03.2026,11.03.2026,12.03.2026,12.03.2026,,S001,WH KLS JABABEKA
I100260211L103_S001,CDE PICKUP,754000,0,0,0,0,0,754000,S001 - WH KLS JABABEKA,PT. Nusantara Cargo Line,7,ON SCHEDULE,27,0,12.03.2026,12.02.2026,16.02.2026,02.03.2026,02.03.2026,04.03.2026,04.03.2026,,S001,WH KLS JABABEKA
I100260211L103_S001,CDE PICKUP,754000,0,0,0,0,0,754000,S001 - WH KLS JABABEKA,PT. Nusantara Cargo Line,7,ON SCHEDULE,27,0,12.03.2026,12.02.2026,16.02.2026,02.03.2026,02.03.2026,04.03.2026,04.03.2026,,S001,WH KLS JABABEKA
I100260211L104_S001,CDE PICKUP,375000,0,0,0,0,0,375000,S001 - WH KLS JABABEKA,PT. Nusantara Cargo Line,7,ON SCHEDULE,27,0,12.03.2026,12.02.2026,15.02.2026,25.02.2026,27.02.2026,27.02.2026,27.02.2026,,S001,WH KLS JABABEKA
I100260211L104_S001,CDE PICKUP,375000,0,0,0,0,0,375000,S001 - WH KLS JABABEKA,PT. Nusantara Cargo Line,7,ON SCHEDULE,27,0,12.03.2026,12.02.2026,15.02.2026,25.02.2026,27.02.2026,27.02.2026,27.02.2026,,S001,WH KLS JABABEKA
I100260211L105_S001,CDE PICKUP,275000,0,0,0,0,0,275000,S001 - WH KLS JABABEKA,PT. Nusantara Cargo Line,7,ON SCHEDULE,27,0,12.03.2026,12.02.2026,14.02.2026,02.03.2026,02.03.2026,04.03.2026,04.03.2026,,S001,WH KLS JABABEKA
I100260211L105_S001,CDE PICKUP,275000,0,0,0,0,0,275000,S001 - WH KLS JABABEKA,PT. Nusantara Cargo Line,7,ON SCHEDULE,27,0,12.03.2026,12.02.2026,14.02.2026,02.03.2026,02.03.2026,04.03.2026,04.03.2026,,S001,WH KLS JABABEKA
I100260211L107_S001,CDE PICKUP,275000,0,0,0,0,0,275000,S001 - WH KLS JABABEKA,PT. Nusantara Cargo Line,7,ON SCHEDULE,27,0,12.03.2026,12.02.2026,18.02.2026,02.03.2026,02.03.2026,04.03.2026,04.03.2026,,S001,WH KLS JABABEKA
I100260211L107_S001,CDE PICKUP,275000,0,0,0,0,0,275000,S001 - WH KLS JABABEKA,PT. Nusantara Cargo Line,7,ON SCHEDULE,27,0,12.03.2026,12.02.2026,18.02.2026,02.03.2026,02.03.2026,04.03.2026,04.03.2026,,S001,WH KLS JABABEKA
I100260211L110_S001,CDE PICKUP,275000,0,0,0,0,0,275000,S001 - WH KLS JABABEKA,PT. Nusantara Cargo Line,7,ON SCHEDULE,27,0,12.03.2026,12.02.2026,19.02.2026,02.03.2026,02.03.2026,04.03.2026,04.03.2026,,S001,WH KLS JABABEKA
I100260211L110_S001,CDE PICKUP,275000,0,0,0,0,0,275000,S001 - WH KLS JABABEKA,PT. Nusantara Cargo Line,7,ON SCHEDULE,27,0,12.03.2026,12.02.2026,19.02.2026,02.03.2026,02.03.2026,04.03.2026,04.03.2026,,S001,WH KLS JABABEKA
I100260211L111_S001,CDE PICKUP,379500,0,0,0,0,0,379500,S001 - WH KLS JABABEKA,PT. Nusantara Cargo Line,7,ON SCHEDULE,27,0,12.03.2026,12.02.2026,14.02.2026,20.02.2026,20.02.2026,26.02.2026,26.02.2026,,S001,WH KLS JABABEKA
I100260211L111_S001,CDE PICKUP,379500,0,0,0,0,0,379500,S001 - WH KLS JABABEKA,PT. Nusantara Cargo Line,7,ON SCHEDULE,27,0,12.03.2026,12.02.2026,14.02.2026,20.02.2026,20.02.2026,26.02.2026,26.02.2026,,S001,WH KLS JABABEKA
I100260211L112_S001,CDE PICKUP,412500,0,0,0,0,0,412500,S001 - WH KLS JABABEKA,PT. Nusantara Cargo Line,7,ON SCHEDULE,27,0,12.03.2026,12.02.2026,16.02.2026,02.03.2026,02.03.2026,04.03.2026,04.03.2026,,S001,WH KLS JABABEKA
I100260211L112_S001,CDE PICKUP,412500,0,0,0,0,0,412500,S001 - WH KLS JABABEKA,PT. Nusantara Cargo Line,7,ON SCHEDULE,27,0,12.03.2026,12.02.2026,16.02.2026,02.03.2026,02.03.2026,04.03.2026,04.03.2026,,S001,WH KLS JABABEKA
I100260211L113_S001,CDE PICKUP,1105000,0,0,0,0,0,1105000,S001 - WH KLS JABABEKA,PT. Nusantara Cargo Line,7,ON SCHEDULE,27,0,12.03.2026,12.02.2026,15.02.2026,02.03.2026,02.03.2026,04.03.2026,04.03.2026,,S001,WH KLS JABABEKA
I100260211L113_S001,CDE PICKUP,1105000,0,0,0,0,0,1105000,S001 - WH KLS JABABEKA,PT. Nusantara Cargo Line,7,ON SCHEDULE,27,0,12.03.2026,12.02.2026,15.02.2026,02.03.2026,02.03.2026,04.03.2026,04.03.2026,,S001,WH KLS JABABEKA
I100260211L116_S001,CDE PICKUP,0,0,0,0,0,0,0,S001 - WH KLS JABABEKA,PT. Nusantara Cargo Line,2,LATE,7,173,20.02.2026,12.02.2026,19.02.2026,,,,,,S001,WH KLS JABABEKA
I100260211L119_S001,MINI VAN BOX,0,0,0,0,0,0,0,S001 - WH KLS JABABEKA,FIRST LOGISTICS,2,LATE,7,173,20.02.2026,12.02.2026,25.02.2026,,,,,,S001,WH KLS JABABEKA
I100260211L120_S001,MINI VAN BOX,658000,0,0,0,0,0,658000,S001 - WH KLS JABABEKA,FIRST LOGISTICS,7,ON SCHEDULE,27,0,12.03.2026,12.02.2026,25.02.2026,08.05.2026,08.05.2026,12.05.2026,19.05.2026,,S001,WH KLS JABABEKA
I100260211L120_S001,MINI VAN BOX,658000,0,0,0,0,0,658000,S001 - WH KLS JABABEKA,FIRST LOGISTICS,7,ON SCHEDULE,27,0,12.03.2026,12.02.2026,25.02.2026,08.05.2026,08.05.2026,12.05.2026,19.05.2026,,S001,WH KLS JABABEKA
I100260211L122_S001,MINI VAN BOX,94750,0,0,0,0,0,94750,S001 - WH KLS JABABEKA,FIRST LOGISTICS,7,ON SCHEDULE,27,0,12.03.2026,12.02.2026,25.02.2026,08.05.2026,08.05.2026,12.05.2026,19.05.2026,,S001,WH KLS JABABEKA
I100260211L122_S001,MINI VAN BOX,94750,0,0,0,0,0,94750,S001 - WH KLS JABABEKA,FIRST LOGISTICS,7,ON SCHEDULE,27,0,12.03.2026,12.02.2026,25.02.2026,08.05.2026,08.05.2026,12.05.2026,19.05.2026,,S001,WH KLS JABABEKA
I100260211L123_S001,MINI VAN BOX,612550,0,0,0,0,0,612550,S001 - WH KLS JABABEKA,FIRST LOGISTICS,7,ON SCHEDULE,27,0,12.03.2026,12.02.2026,19.02.2026,08.05.2026,08.05.2026,12.05.2026,19.05.2026,,S001,WH KLS JABABEKA
I100260211L123_S001,MINI VAN BOX,612550,0,0,0,0,0,612550,S001 - WH KLS JABABEKA,FIRST LOGISTICS,7,ON SCHEDULE,27,0,12.03.2026,12.02.2026,19.02.2026,08.05.2026,08.05.2026,12.05.2026,19.05.2026,,S001,WH KLS JABABEKA
I100260211L124_S001,MINI VAN BOX,62400,0,0,0,0,0,62400,S001 - WH KLS JABABEKA,FIRST LOGISTICS,7,ON SCHEDULE,27,0,12.03.2026,12.02.2026,22.02.2026,08.05.2026,08.05.2026,12.05.2026,19.05.2026,,S001,WH KLS JABABEKA
I100260211L124_S001,MINI VAN BOX,62400,0,0,0,0,0,62400,S001 - WH KLS JABABEKA,FIRST LOGISTICS,7,ON SCHEDULE,27,0,12.03.2026,12.02.2026,22.02.2026,08.05.2026,08.05.2026,12.05.2026,19.05.2026,,S001,WH KLS JABABEKA
I100260211L128_S001,MINI VAN BOX,93750,0,0,0,0,0,93750,S001 - WH KLS JABABEKA,FIRST LOGISTICS,7,ON SCHEDULE,27,0,12.03.2026,12.02.2026,27.02.2026,08.05.2026,08.05.2026,12.05.2026,19.05.2026,,S001,WH KLS JABABEKA
I100260211L128_S001,MINI VAN BOX,93750,0,0,0,0,0,93750,S001 - WH KLS JABABEKA,FIRST LOGISTICS,7,ON SCHEDULE,27,0,12.03.2026,12.02.2026,27.02.2026,08.05.2026,08.05.2026,12.05.2026,19.05.2026,,S001,WH KLS JABABEKA
I100260211T022_S001,CDD BAK,16500000,0,0,0,0,0,16500000,S001 - WH KLS JABABEKA,EKA CIPTA MANGGALA,7,ON SCHEDULE,33,0,18.03.2026,12.02.2026,18.02.2026,23.02.2026,23.02.2026,23.02.2026,23.02.2026,,S001,WH KLS JABABEKA
I100260211T023_S001,CONT-40,14200000,0,0,0,0,0,14200000,S001 - WH KLS JABABEKA,PT. SENTOSA PRIMA ABADI,7,ON SCHEDULE,32,0,16.03.2026,11.02.2026,21.02.2026,28.04.2026,28.04.2026,04.05.2026,04.05.2026,,S001,WH KLS JABABEKA
I100260211T052_S001,CDD BAK,16500000,0,0,0,0,0,16500000,S001 - WH KLS JABABEKA,EKA CIPTA MANGGALA,7,ON SCHEDULE,27,0,11.03.2026,11.02.2026,17.02.2026,23.02.2026,23.02.2026,23.02.2026,23.02.2026,,S001,WH KLS JABABEKA
I100260212L024_S001,CONT-20,26900000,0,0,0,0,0,26900000,S001 - WH KLS JABABEKA,PT.PAUS BIRU LOGISTIK,7,ON SCHEDULE,40,0,31.03.2026,18.02.2026,26.03.2026,15.04.2026,15.04.2026,04.05.2026,05.05.2026,,S001,WH KLS JABABEKA
I100260212L032_S001,CDD LONG CHASSIS,4150000,0,0,0,400000,0,4550000,S001 - WH KLS JABABEKA,BINTANG SAMUDERA,7,ON SCHEDULE,28,0,13.03.2026,12.02.2026,14.02.2026,26.02.2026,27.02.2026,27.02.2026,27.02.2026,,S001,WH KLS JABABEKA
I100260212L032_S001,CDD LONG CHASSIS,4150000,0,0,0,400000,0,4550000,S001 - WH KLS JABABEKA,BINTANG SAMUDERA,7,ON SCHEDULE,28,0,13.03.2026,12.02.2026,14.02.2026,26.02.2026,27.02.2026,27.02.2026,27.02.2026,,S001,WH KLS JABABEKA
I100260212L032_S001,CDD LONG CHASSIS,4150000,0,0,0,400000,0,4550000,S001 - WH KLS JABABEKA,BINTANG SAMUDERA,7,ON SCHEDULE,28,0,13.03.2026,12.02.2026,14.02.2026,26.02.2026,27.02.2026,27.02.2026,27.02.2026,,S001,WH KLS JABABEKA
I100260212L033_S001,CDD LONG CHASSIS,3900000,0,0,0,300000,0,4200000,S001 - WH KLS JABABEKA,BINTANG SAMUDERA,7,ON SCHEDULE,27,0,12.03.2026,12.02.2026,14.02.2026,05.03.2026,05.03.2026,05.03.2026,05.03.2026,,S001,WH KLS JABABEKA
I100260212L035_S001,CONT-20,11300000,0,0,0,3400000,0,14700000,S001 - WH KLS JABABEKA,PT. SENTOSA PRIMA ABADI,7,ON SCHEDULE,39,0,24.03.2026,12.02.2026,25.02.2026,16.04.2026,17.04.2026,23.04.2026,23.04.2026,,S001,WH KLS JABABEKA
I100260212L049_S001,CDD BAK,4100000,0,0,0,800000,0,4900000,S001 - WH KLS JABABEKA,EKA CIPTA MANGGALA,7,ON SCHEDULE,27,0,12.03.2026,12.02.2026,14.02.2026,23.02.2026,23.02.2026,23.02.2026,24.02.2026,,S001,WH KLS JABABEKA
I100260212L049_S001,CDD BAK,4100000,0,0,0,800000,0,4900000,S001 - WH KLS JABABEKA,EKA CIPTA MANGGALA,7,ON SCHEDULE,27,0,12.03.2026,12.02.2026,14.02.2026,23.02.2026,23.02.2026,23.02.2026,24.02.2026,,S001,WH KLS JABABEKA
I100260212L049_S001,CDD BAK,4100000,0,0,0,800000,0,4900000,S001 - WH KLS JABABEKA,EKA CIPTA MANGGALA,7,ON SCHEDULE,27,0,12.03.2026,12.02.2026,14.02.2026,23.02.2026,23.02.2026,23.02.2026,24.02.2026,,S001,WH KLS JABABEKA
I100260212L049_S001,CDD BAK,4100000,0,0,0,800000,0,4900000,S001 - WH KLS JABABEKA,EKA CIPTA MANGGALA,7,ON SCHEDULE,27,0,12.03.2026,12.02.2026,14.02.2026,23.02.2026,23.02.2026,23.02.2026,24.02.2026,,S001,WH KLS JABABEKA
I100260212L050_S001,FUSO LOSBAK,9000000,0,0,0,0,0,9000000,S001 - WH KLS JABABEKA,CV. BANGUN JASA TRANS,7,ON SCHEDULE,27,0,12.03.2026,12.02.2026,14.02.2026,20.02.2026,23.02.2026,24.02.2026,24.02.2026,,S001,WH KLS JABABEKA
I100260212L052_S001,CDE PICKUP,6000000,0,0,0,0,0,6000000,S001 - WH KLS JABABEKA,PT. MERPATI ALAM SEMESTA,2,LATE,7,172,20.02.2026,12.02.2026,,,,,,,S001,WH KLS JABABEKA
I100260212L052_S001,CDE PICKUP,6000000,0,0,0,0,0,6000000,S001 - WH KLS JABABEKA,PT. MERPATI ALAM SEMESTA,2,LATE,7,172,20.02.2026,12.02.2026,,,,,,,S001,WH KLS JABABEKA
I100260212L053_S001,CDE PICKUP,0,0,0,0,0,0,0,S001 - WH KLS JABABEKA,PT. MERPATI ALAM SEMESTA,2,LATE,7,172,20.02.2026,12.02.2026,26.02.2026,,,,,,S001,WH KLS JABABEKA
I100260212L054_S001,CDE PICKUP,150000,0,0,0,0,0,150000,S001 - WH KLS JABABEKA,PT. MERPATI ALAM SEMESTA,7,ON SCHEDULE,27,0,12.03.2026,12.02.2026,19.02.2026,14.04.2026,14.04.2026,28.04.2026,04.05.2026,,S001,WH KLS JABABEKA
I100260212L054_S001,CDE PICKUP,150000,0,0,0,0,0,150000,S001 - WH KLS JABABEKA,PT. MERPATI ALAM SEMESTA,7,ON SCHEDULE,27,0,12.03.2026,12.02.2026,19.02.2026,14.04.2026,14.04.2026,28.04.2026,04.05.2026,,S001,WH KLS JABABEKA
I100260212L055_S001,CDE PICKUP,3315000,0,0,0,0,0,3315000,S001 - WH KLS JABABEKA,PT. MERPATI ALAM SEMESTA,6,LATE,27,172,12.03.2026,12.02.2026,25.02.2026,18.06.2026,23.06.2026,25.06.2026,06.07.2026,,S001,WH KLS JABABEKA
I100260212L055_S001,CDE PICKUP,3315000,0,0,0,0,0,3315000,S001 - WH KLS JABABEKA,PT. MERPATI ALAM SEMESTA,6,LATE,27,172,12.03.2026,12.02.2026,25.02.2026,18.06.2026,23.06.2026,25.06.2026,06.07.2026,,S001,WH KLS JABABEKA
I100260212L056_S001,CDE PICKUP,3300000,0,0,0,0,0,3300000,S001 - WH KLS JABABEKA,PT. MERPATI ALAM SEMESTA,2,LATE,7,171,21.02.2026,13.02.2026,,,,,,,S001,WH KLS JABABEKA
I100260212L056_S001,CDE PICKUP,3300000,0,0,0,0,0,3300000,S001 - WH KLS JABABEKA,PT. MERPATI ALAM SEMESTA,2,LATE,7,171,21.02.2026,13.02.2026,,,,,,,S001,WH KLS JABABEKA
I100260212L057_S001,CDE PICKUP,50625,0,0,0,0,0,50625,S001 - WH KLS JABABEKA,PT. MERPATI ALAM SEMESTA,7,ON SCHEDULE,27,0,16.03.2026,16.02.2026,01.03.2026,14.04.2026,14.04.2026,28.04.2026,04.05.2026,,S001,WH KLS JABABEKA
I100260212L057_S001,CDE PICKUP,50625,0,0,0,0,0,50625,S001 - WH KLS JABABEKA,PT. MERPATI ALAM SEMESTA,7,ON SCHEDULE,27,0,16.03.2026,16.02.2026,01.03.2026,14.04.2026,14.04.2026,28.04.2026,04.05.2026,,S001,WH KLS JABABEKA
I100260212L058_S001,CDE PICKUP,2425000,0,0,0,0,0,2425000,S001 - WH KLS JABABEKA,PT. MERPATI ALAM SEMESTA,7,ON SCHEDULE,27,0,13.03.2026,13.02.2026,01.03.2026,19.05.2026,25.05.2026,03.06.2026,05.06.2026,,S001,WH KLS JABABEKA
I100260212L058_S001,CDE PICKUP,2425000,0,0,0,0,0,2425000,S001 - WH KLS JABABEKA,PT. MERPATI ALAM SEMESTA,7,ON SCHEDULE,27,0,13.03.2026,13.02.2026,01.03.2026,19.05.2026,25.05.2026,03.06.2026,05.06.2026,,S001,WH KLS JABABEKA
I100260212L059_S001,CDE PICKUP,6000000,0,0,0,0,0,6000000,S001 - WH KLS JABABEKA,PT. MERPATI ALAM SEMESTA,2,LATE,7,171,21.02.2026,13.02.2026,,,,,,,S001,WH KLS JABABEKA
I100260212L059_S001,CDE PICKUP,6000000,0,0,0,0,0,6000000,S001 - WH KLS JABABEKA,PT. MERPATI ALAM SEMESTA,2,LATE,7,171,21.02.2026,13.02.2026,,,,,,,S001,WH KLS JABABEKA
I100260212L061_S001,CDD BAK,3421969,0,0,0,0,0,3421969,S001 - WH KLS JABABEKA,PT. HARI JAYA TRANSPORTASI,7,ON SCHEDULE,27,0,12.03.2026,12.02.2026,14.02.2026,03.03.2026,03.03.2026,03.03.2026,03.03.2026,,S001,WH KLS JABABEKA
I100260212L062_S001,CDE PICKUP,150000,0,0,0,0,0,150000,S001 - WH KLS JABABEKA,PT. MERPATI ALAM SEMESTA,7,ON SCHEDULE,27,0,13.03.2026,13.02.2026,01.03.2026,14.04.2026,14.04.2026,28.04.2026,04.05.2026,,S001,WH KLS JABABEKA
I100260212L062_S001,CDE PICKUP,150000,0,0,0,0,0,150000,S001 - WH KLS JABABEKA,PT. MERPATI ALAM SEMESTA,7,ON SCHEDULE,27,0,13.03.2026,13.02.2026,01.03.2026,14.04.2026,14.04.2026,28.04.2026,04.05.2026,,S001,WH KLS JABABEKA
I100260212L063_S001,CDE PICKUP,12670000,0,0,0,0,0,12670000,S001 - WH KLS JABABEKA,PT. MERPATI ALAM SEMESTA,7,ON SCHEDULE,27,0,13.03.2026,13.02.2026,08.03.2026,14.04.2026,14.04.2026,28.04.2026,29.04.2026,,S001,WH KLS JABABEKA
I100260212L063_S001,CDE PICKUP,12670000,0,0,0,0,0,12670000,S001 - WH KLS JABABEKA,PT. MERPATI ALAM SEMESTA,7,ON SCHEDULE,27,0,13.03.2026,13.02.2026,08.03.2026,14.04.2026,14.04.2026,28.04.2026,29.04.2026,,S001,WH KLS JABABEKA
I100260212L064_S001,CDE PICKUP,750000,0,0,0,0,0,750000,S001 - WH KLS JABABEKA,PT. MERPATI ALAM SEMESTA,7,ON SCHEDULE,27,0,13.03.2026,13.02.2026,08.03.2026,14.04.2026,14.04.2026,28.04.2026,04.05.2026,,S001,WH KLS JABABEKA
I100260212L064_S001,CDE PICKUP,750000,0,0,0,0,0,750000,S001 - WH KLS JABABEKA,PT. MERPATI ALAM SEMESTA,7,ON SCHEDULE,27,0,13.03.2026,13.02.2026,08.03.2026,14.04.2026,14.04.2026,28.04.2026,04.05.2026,,S001,WH KLS JABABEKA
I100260212L065_S001,CDE PICKUP,6360000,0,0,0,0,0,6360000,S001 - WH KLS JABABEKA,PT. MERPATI ALAM SEMESTA,7,ON SCHEDULE,27,0,13.03.2026,13.02.2026,08.03.2026,14.04.2026,14.04.2026,28.04.2026,29.04.2026,,S001,WH KLS JABABEKA
I100260212L065_S001,CDE PICKUP,6360000,0,0,0,0,0,6360000,S001 - WH KLS JABABEKA,PT. MERPATI ALAM SEMESTA,7,ON SCHEDULE,27,0,13.03.2026,13.02.2026,08.03.2026,14.04.2026,14.04.2026,28.04.2026,29.04.2026,,S001,WH KLS JABABEKA
I100260212L066_S001,CDE PICKUP,20100000,0,0,0,0,0,20100000,S001 - WH KLS JABABEKA,PT. MERPATI ALAM SEMESTA,7,ON SCHEDULE,27,0,13.03.2026,13.02.2026,08.03.2026,14.04.2026,14.04.2026,28.04.2026,07.05.2026,,S001,WH KLS JABABEKA
I100260212L066_S001,CDE PICKUP,20100000,0,0,0,0,0,20100000,S001 - WH KLS JABABEKA,PT. MERPATI ALAM SEMESTA,7,ON SCHEDULE,27,0,13.03.2026,13.02.2026,08.03.2026,14.04.2026,14.04.2026,28.04.2026,07.05.2026,,S001,WH KLS JABABEKA
I100260212L071_S001,CDE PICKUP,3600000,0,0,0,0,0,3600000,S001 - WH KLS JABABEKA,PT. MERPATI ALAM SEMESTA,7,ON SCHEDULE,27,0,12.03.2026,12.02.2026,25.02.2026,19.05.2026,25.05.2026,03.06.2026,05.06.2026,,S001,WH KLS JABABEKA
I100260212L071_S001,CDE PICKUP,3600000,0,0,0,0,0,3600000,S001 - WH KLS JABABEKA,PT. MERPATI ALAM SEMESTA,7,ON SCHEDULE,27,0,12.03.2026,12.02.2026,25.02.2026,19.05.2026,25.05.2026,03.06.2026,05.06.2026,,S001,WH KLS JABABEKA
I100260212L073_S001,CDE PICKUP,1781000,0,0,0,0,0,1781000,S001 - WH KLS JABABEKA,PT. MERPATI ALAM SEMESTA,7,ON SCHEDULE,27,0,12.03.2026,12.02.2026,25.02.2026,19.05.2026,25.05.2026,03.06.2026,05.06.2026,,S001,WH KLS JABABEKA
I100260212L073_S001,CDE PICKUP,1781000,0,0,0,0,0,1781000,S001 - WH KLS JABABEKA,PT. MERPATI ALAM SEMESTA,7,ON SCHEDULE,27,0,12.03.2026,12.02.2026,25.02.2026,19.05.2026,25.05.2026,03.06.2026,05.06.2026,,S001,WH KLS JABABEKA
I100260212L075_S001,CDE PICKUP,0,0,0,0,0,0,0,S001 - WH KLS JABABEKA,PT. MERPATI ALAM SEMESTA,2,LATE,7,172,20.02.2026,12.02.2026,03.03.2026,,,,,,S001,WH KLS JABABEKA
I100260212L076_S001,CDD BAK,9940000,0,0,0,0,0,9940000,S001 - WH KLS JABABEKA,PT. MERPATI ALAM SEMESTA,7,ON SCHEDULE,27,0,12.03.2026,12.02.2026,26.02.2026,14.04.2026,14.04.2026,28.04.2026,07.05.2026,,S001,WH KLS JABABEKA
I100260212L076_S001,CDD BAK,9940000,0,0,0,0,0,9940000,S001 - WH KLS JABABEKA,PT. MERPATI ALAM SEMESTA,7,ON SCHEDULE,27,0,12.03.2026,12.02.2026,26.02.2026,14.04.2026,14.04.2026,28.04.2026,07.05.2026,,S001,WH KLS JABABEKA
I100260212L080_S001,MINI VAN BOX,539000,0,0,0,0,0,539000,S001 - WH KLS JABABEKA,FIRST LOGISTICS,7,ON SCHEDULE,27,0,13.03.2026,13.02.2026,27.02.2026,08.05.2026,08.05.2026,12.05.2026,19.05.2026,,S001,WH KLS JABABEKA
I100260212L080_S001,MINI VAN BOX,539000,0,0,0,0,0,539000,S001 - WH KLS JABABEKA,FIRST LOGISTICS,7,ON SCHEDULE,27,0,13.03.2026,13.02.2026,27.02.2026,08.05.2026,08.05.2026,12.05.2026,19.05.2026,,S001,WH KLS JABABEKA
I100260212L081_S001,MINI VAN BOX,171800,0,0,0,0,0,171800,S001 - WH KLS JABABEKA,FIRST LOGISTICS,7,ON SCHEDULE,27,0,13.03.2026,13.02.2026,01.03.2026,08.05.2026,08.05.2026,12.05.2026,19.05.2026,,S001,WH KLS JABABEKA
I100260212L081_S001,MINI VAN BOX,171800,0,0,0,0,0,171800,S001 - WH KLS JABABEKA,FIRST LOGISTICS,7,ON SCHEDULE,27,0,13.03.2026,13.02.2026,01.03.2026,08.05.2026,08.05.2026,12.05.2026,19.05.2026,,S001,WH KLS JABABEKA
I100260212L082_S001,MINI VAN BOX,134850,0,0,0,0,0,134850,S001 - WH KLS JABABEKA,FIRST LOGISTICS,7,ON SCHEDULE,27,0,16.03.2026,16.02.2026,27.02.2026,08.05.2026,08.05.2026,12.05.2026,19.05.2026,,S001,WH KLS JABABEKA
I100260212L082_S001,MINI VAN BOX,134850,0,0,0,0,0,134850,S001 - WH KLS JABABEKA,FIRST LOGISTICS,7,ON SCHEDULE,27,0,16.03.2026,16.02.2026,27.02.2026,08.05.2026,08.05.2026,12.05.2026,19.05.2026,,S001,WH KLS JABABEKA
I100260212L083_S001,MINI VAN BOX,102300,0,0,0,0,0,102300,S001 - WH KLS JABABEKA,FIRST LOGISTICS,7,ON SCHEDULE,27,0,13.03.2026,13.02.2026,27.02.2026,08.05.2026,08.05.2026,12.05.2026,19.05.2026,,S001,WH KLS JABABEKA
I100260212L083_S001,MINI VAN BOX,102300,0,0,0,0,0,102300,S001 - WH KLS JABABEKA,FIRST LOGISTICS,7,ON SCHEDULE,27,0,13.03.2026,13.02.2026,27.02.2026,08.05.2026,08.05.2026,12.05.2026,19.05.2026,,S001,WH KLS JABABEKA
I100260212L084_S001,MINI VAN BOX,526400,0,0,0,0,0,526400,S001 - WH KLS JABABEKA,FIRST LOGISTICS,7,ON SCHEDULE,27,0,13.03.2026,13.02.2026,27.02.2026,08.05.2026,08.05.2026,12.05.2026,19.05.2026,,S001,WH KLS JABABEKA
I100260212L084_S001,MINI VAN BOX,526400,0,0,0,0,0,526400,S001 - WH KLS JABABEKA,FIRST LOGISTICS,7,ON SCHEDULE,27,0,13.03.2026,13.02.2026,27.02.2026,08.05.2026,08.05.2026,12.05.2026,19.05.2026,,S001,WH KLS JABABEKA
I100260212L085_S001,MINI VAN BOX,0,0,0,0,0,0,0,S001 - WH KLS JABABEKA,FIRST LOGISTICS,2,LATE,7,171,21.02.2026,13.02.2026,27.02.2026,,,,,,S001,WH KLS JABABEKA
I100260212L086_S001,MINI VAN BOX,0,0,0,0,0,0,0,S001 - WH KLS JABABEKA,FIRST LOGISTICS,2,LATE,7,171,21.02.2026,13.02.2026,27.02.2026,,,,,,S001,WH KLS JABABEKA
I100260212L087_S001,MINI VAN BOX,161250,0,0,0,0,0,161250,S001 - WH KLS JABABEKA,FIRST LOGISTICS,7,ON SCHEDULE,27,0,13.03.2026,13.02.2026,27.02.2026,08.05.2026,08.05.2026,12.05.2026,19.05.2026,,S001,WH KLS JABABEKA
I100260212L087_S001,MINI VAN BOX,161250,0,0,0,0,0,161250,S001 - WH KLS JABABEKA,FIRST LOGISTICS,7,ON SCHEDULE,27,0,13.03.2026,13.02.2026,27.02.2026,08.05.2026,08.05.2026,12.05.2026,19.05.2026,,S001,WH KLS JABABEKA
I100260212L088_S001,MINI VAN BOX,0,0,0,0,0,0,0,S001 - WH KLS JABABEKA,FIRST LOGISTICS,2,LATE,7,171,21.02.2026,13.02.2026,27.02.2026,,,,,,S001,WH KLS JABABEKA
I100260212L089_S001,CDD PICK UP,1120000,0,0,0,0,0,1120000,S001 - WH KLS JABABEKA,PT. MERPATI ALAM SEMESTA,2,LATE,7,172,20.02.2026,12.02.2026,,,,,,,S001,WH KLS JABABEKA
I100260212L089_S001,CDD PICK UP,1120000,0,0,0,0,0,1120000,S001 - WH KLS JABABEKA,PT. MERPATI ALAM SEMESTA,2,LATE,7,172,20.02.2026,12.02.2026,,,,,,,S001,WH KLS JABABEKA
I100260212L090_S001,MINI VAN BOX,624000,0,0,0,0,0,624000,S001 - WH KLS JABABEKA,PT. MERPATI ALAM SEMESTA,7,ON SCHEDULE,27,0,16.03.2026,16.02.2026,08.03.2026,14.04.2026,14.04.2026,28.04.2026,04.05.2026,,S001,WH KLS JABABEKA
I100260212L090_S001,MINI VAN BOX,624000,0,0,0,0,0,624000,S001 - WH KLS JABABEKA,PT. MERPATI ALAM SEMESTA,7,ON SCHEDULE,27,0,16.03.2026,16.02.2026,08.03.2026,14.04.2026,14.04.2026,28.04.2026,04.05.2026,,S001,WH KLS JABABEKA
I100260212L091_S001,MINI VAN BOX,0,0,0,0,0,0,0,S001 - WH KLS JABABEKA,FIRST LOGISTICS,2,LATE,7,171,21.02.2026,13.02.2026,27.02.2026,,,,,,S001,WH KLS JABABEKA
I100260213L024_S001,FUSO,0,0,0,0,0,0,0,S001 - WH KLS JABABEKA,BEPA IKA PEKASA,2,LATE,7,171,21.02.2026,13.02.2026,25.02.2026,,,,,,S001,WH KLS JABABEKA
I100260213L026_S001,FUSO,3990000,0,0,0,0,0,3990000,S001 - WH KLS JABABEKA,BEPA IKA PEKASA,7,ON SCHEDULE,27,0,13.03.2026,13.02.2026,25.02.2026,07.04.2026,08.04.2026,08.04.2026,13.04.2026,,S001,WH KLS JABABEKA
I100260213L035_S001,FUSO,17341850,0,0,0,0,0,17341850,S001 - WH KLS JABABEKA,BEPA IKA PEKASA,7,ON SCHEDULE,27,0,13.03.2026,13.02.2026,25.02.2026,07.04.2026,08.04.2026,08.04.2026,13.04.2026,,S001,WH KLS JABABEKA
I100260213L036_S001,FUSO,104632000,0,0,0,0,0,104632000,S001 - WH KLS JABABEKA,BEPA IKA PEKASA,7,ON SCHEDULE,27,0,13.03.2026,13.02.2026,25.02.2026,02.03.2026,02.03.2026,03.03.2026,09.03.2026,,S001,WH KLS JABABEKA
I100260213L037_S001,FUSO,0,0,0,0,0,0,0,S001 - WH KLS JABABEKA,BEPA IKA PEKASA,2,LATE,7,171,21.02.2026,13.02.2026,26.02.2026,,,,,,S001,WH KLS JABABEKA
I100260213L038_S001,CDD BAK,7500000,0,0,0,500000,0,8000000,S001 - WH KLS JABABEKA,EKA CIPTA MANGGALA,7,ON SCHEDULE,31,0,20.03.2026,16.02.2026,25.02.2026,02.03.2026,03.03.2026,04.03.2026,04.03.2026,,S001,WH KLS JABABEKA
I100260213L038_S001,CDD BAK,7500000,0,0,0,500000,0,8000000,S001 - WH KLS JABABEKA,EKA CIPTA MANGGALA,7,ON SCHEDULE,31,0,20.03.2026,16.02.2026,25.02.2026,02.03.2026,03.03.2026,04.03.2026,04.03.2026,,S001,WH KLS JABABEKA
I100260213L038_S001,CDD BAK,7500000,0,0,0,500000,0,8000000,S001 - WH KLS JABABEKA,EKA CIPTA MANGGALA,7,ON SCHEDULE,31,0,20.03.2026,16.02.2026,25.02.2026,02.03.2026,03.03.2026,04.03.2026,04.03.2026,,S001,WH KLS JABABEKA
I100260213L045_S001,CDD BAK,11500000,0,0,0,2300000,0,13800000,S001 - WH KLS JABABEKA,BINTANG SAMUDERA,7,ON SCHEDULE,29,0,18.03.2026,16.02.2026,27.02.2026,27.02.2026,02.03.2026,03.03.2026,03.03.2026,,S001,WH KLS JABABEKA
I100260213L072_S001,CDE PICKUP,555000,0,0,0,0,0,555000,S001 - WH KLS JABABEKA,PT. Nusantara Cargo Line,7,ON SCHEDULE,27,0,17.03.2026,17.02.2026,22.02.2026,27.03.2026,31.03.2026,31.03.2026,31.03.2026,,S001,WH KLS JABABEKA
I100260213L072_S001,CDE PICKUP,555000,0,0,0,0,0,555000,S001 - WH KLS JABABEKA,PT. Nusantara Cargo Line,7,ON SCHEDULE,27,0,17.03.2026,17.02.2026,22.02.2026,27.03.2026,31.03.2026,31.03.2026,31.03.2026,,S001,WH KLS JABABEKA
I100260213L073_S001,CDE PICKUP,1500000,0,0,0,0,0,1500000,S001 - WH KLS JABABEKA,PT. Nusantara Cargo Line,7,ON SCHEDULE,27,0,17.03.2026,17.02.2026,01.03.2026,13.04.2026,14.04.2026,14.04.2026,14.04.2026,,S001,WH KLS JABABEKA
I100260213L073_S001,CDE PICKUP,1500000,0,0,0,0,0,1500000,S001 - WH KLS JABABEKA,PT. Nusantara Cargo Line,7,ON SCHEDULE,27,0,17.03.2026,17.02.2026,01.03.2026,13.04.2026,14.04.2026,14.04.2026,14.04.2026,,S001,WH KLS JABABEKA
I100260213L074_S001,CDE PICKUP,0,0,0,0,0,0,0,S001 - WH KLS JABABEKA,PT. Nusantara Cargo Line,2,LATE,7,168,25.02.2026,17.02.2026,20.02.2026,,,,,,S001,WH KLS JABABEKA
I100260213L075_S001,CDE PICKUP,0,0,0,0,0,0,0,S001 - WH KLS JABABEKA,PT. Nusantara Cargo Line,2,LATE,7,168,25.02.2026,17.02.2026,22.02.2026,,,,,,S001,WH KLS JABABEKA
I100260213L076_S001,CDE PICKUP,275000,0,0,0,0,0,275000,S001 - WH KLS JABABEKA,PT. Nusantara Cargo Line,7,ON SCHEDULE,27,0,17.03.2026,17.02.2026,25.02.2026,02.03.2026,02.03.2026,04.03.2026,04.03.2026,,S001,WH KLS JABABEKA
I100260213L076_S001,CDE PICKUP,275000,0,0,0,0,0,275000,S001 - WH KLS JABABEKA,PT. Nusantara Cargo Line,7,ON SCHEDULE,27,0,17.03.2026,17.02.2026,25.02.2026,02.03.2026,02.03.2026,04.03.2026,04.03.2026,,S001,WH KLS JABABEKA
I100260213L077_S001,CDE PICKUP,0,0,0,0,0,0,0,S001 - WH KLS JABABEKA,PT. Nusantara Cargo Line,2,LATE,7,168,25.02.2026,17.02.2026,21.02.2026,,,,,,S001,WH KLS JABABEKA
I100260213L078_S001,CDE PICKUP,275000,0,0,0,0,0,275000,S001 - WH KLS JABABEKA,PT. Nusantara Cargo Line,7,ON SCHEDULE,27,0,17.03.2026,17.02.2026,20.02.2026,02.03.2026,02.03.2026,04.03.2026,04.03.2026,,S001,WH KLS JABABEKA
I100260213L078_S001,CDE PICKUP,275000,0,0,0,0,0,275000,S001 - WH KLS JABABEKA,PT. Nusantara Cargo Line,7,ON SCHEDULE,27,0,17.03.2026,17.02.2026,20.02.2026,02.03.2026,02.03.2026,04.03.2026,04.03.2026,,S001,WH KLS JABABEKA
I100260213L079_S001,CDE PICKUP,250000,0,0,0,0,0,250000,S001 - WH KLS JABABEKA,PT. Nusantara Cargo Line,7,ON SCHEDULE,27,0,17.03.2026,17.02.2026,22.02.2026,11.03.2026,11.03.2026,12.03.2026,12.03.2026,,S001,WH KLS JABABEKA
I100260213L079_S001,CDE PICKUP,250000,0,0,0,0,0,250000,S001 - WH KLS JABABEKA,PT. Nusantara Cargo Line,7,ON SCHEDULE,27,0,17.03.2026,17.02.2026,22.02.2026,11.03.2026,11.03.2026,12.03.2026,12.03.2026,,S001,WH KLS JABABEKA
I100260213L080_S001,CDE PICKUP,850000,0,0,0,0,0,850000,S001 - WH KLS JABABEKA,PT. Nusantara Cargo Line,7,ON SCHEDULE,27,0,17.03.2026,17.02.2026,02.03.2026,27.03.2026,31.03.2026,31.03.2026,31.03.2026,,S001,WH KLS JABABEKA
I100260213L080_S001,CDE PICKUP,850000,0,0,0,0,0,850000,S001 - WH KLS JABABEKA,PT. Nusantara Cargo Line,7,ON SCHEDULE,27,0,17.03.2026,17.02.2026,02.03.2026,27.03.2026,31.03.2026,31.03.2026,31.03.2026,,S001,WH KLS JABABEKA
I100260213L081_S001,CDE PICKUP,0,0,0,0,0,0,0,S001 - WH KLS JABABEKA,PT. Nusantara Cargo Line,2,LATE,7,168,25.02.2026,17.02.2026,22.02.2026,,,,,,S001,WH KLS JABABEKA
I100260213L082_S001,CDE PICKUP,325000,0,0,0,0,0,325000,S001 - WH KLS JABABEKA,PT. Nusantara Cargo Line,7,ON SCHEDULE,27,0,17.03.2026,17.02.2026,19.02.2026,06.03.2026,07.03.2026,09.03.2026,09.03.2026,,S001,WH KLS JABABEKA
I100260213L082_S001,CDE PICKUP,325000,0,0,0,0,0,325000,S001 - WH KLS JABABEKA,PT. Nusantara Cargo Line,7,ON SCHEDULE,27,0,17.03.2026,17.02.2026,19.02.2026,06.03.2026,07.03.2026,09.03.2026,09.03.2026,,S001,WH KLS JABABEKA
I100260213L083_S001,CDD PICK UP,1384500,0,0,0,0,0,1384500,S001 - WH KLS JABABEKA,PT. Nusantara Cargo Line,7,ON SCHEDULE,27,0,16.03.2026,16.02.2026,17.02.2026,02.03.2026,02.03.2026,04.03.2026,04.03.2026,,S001,WH KLS JABABEKA
I100260213L083_S001,CDD PICK UP,1384500,0,0,0,0,0,1384500,S001 - WH KLS JABABEKA,PT. Nusantara Cargo Line,7,ON SCHEDULE,27,0,16.03.2026,16.02.2026,17.02.2026,02.03.2026,02.03.2026,04.03.2026,04.03.2026,,S001,WH KLS JABABEKA
I100260213L084_S001,CDD PICK UP,325000,0,0,0,0,0,325000,S001 - WH KLS JABABEKA,PT. Nusantara Cargo Line,7,ON SCHEDULE,27,0,18.03.2026,18.02.2026,19.02.2026,02.03.2026,02.03.2026,05.03.2026,05.03.2026,,S001,WH KLS JABABEKA
I100260213L084_S001,CDD PICK UP,325000,0,0,0,0,0,325000,S001 - WH KLS JABABEKA,PT. Nusantara Cargo Line,7,ON SCHEDULE,27,0,18.03.2026,18.02.2026,19.02.2026,02.03.2026,02.03.2026,05.03.2026,05.03.2026,,S001,WH KLS JABABEKA
I100260213L085_S001,CDE PICKUP,1254000,0,0,0,0,0,1254000,S001 - WH KLS JABABEKA,PT. Nusantara Cargo Line,7,ON SCHEDULE,27,0,17.03.2026,17.02.2026,25.02.2026,02.03.2026,02.03.2026,05.03.2026,05.03.2026,,S001,WH KLS JABABEKA
I100260213L085_S001,CDE PICKUP,1254000,0,0,0,0,0,1254000,S001 - WH KLS JABABEKA,PT. Nusantara Cargo Line,7,ON SCHEDULE,27,0,17.03.2026,17.02.2026,25.02.2026,02.03.2026,02.03.2026,05.03.2026,05.03.2026,,S001,WH KLS JABABEKA
I100260213L086_S001,CDE PICKUP,0,0,0,0,0,0,0,S001 - WH KLS JABABEKA,PT. Nusantara Cargo Line,2,LATE,7,168,25.02.2026,17.02.2026,22.02.2026,,,,,,S001,WH KLS JABABEKA
I100260213L087_S001,CDE PICKUP,262500,0,0,0,0,0,262500,S001 - WH KLS JABABEKA,PT. Nusantara Cargo Line,7,ON SCHEDULE,27,0,17.03.2026,17.02.2026,19.02.2026,02.03.2026,02.03.2026,05.03.2026,05.03.2026,,S001,WH KLS JABABEKA
I100260213L087_S001,CDE PICKUP,262500,0,0,0,0,0,262500,S001 - WH KLS JABABEKA,PT. Nusantara Cargo Line,7,ON SCHEDULE,27,0,17.03.2026,17.02.2026,19.02.2026,02.03.2026,02.03.2026,05.03.2026,05.03.2026,,S001,WH KLS JABABEKA
I100260213L091_S001,CDE PICKUP,1092000,0,0,0,0,0,1092000,S001 - WH KLS JABABEKA,PT. Nusantara Cargo Line,7,ON SCHEDULE,27,0,17.03.2026,17.02.2026,20.02.2026,02.03.2026,02.03.2026,05.03.2026,05.03.2026,,S001,WH KLS JABABEKA
I100260213L091_S001,CDE PICKUP,1092000,0,0,0,0,0,1092000,S001 - WH KLS JABABEKA,PT. Nusantara Cargo Line,7,ON SCHEDULE,27,0,17.03.2026,17.02.2026,20.02.2026,02.03.2026,02.03.2026,05.03.2026,05.03.2026,,S001,WH KLS JABABEKA
I100260213L092_S001,CDD PICK UP,1134000,0,0,0,0,0,1134000,S001 - WH KLS JABABEKA,PT. Nusantara Cargo Line,7,ON SCHEDULE,27,0,17.03.2026,17.02.2026,22.02.2026,01.04.2026,01.04.2026,07.04.2026,07.04.2026,,S001,WH KLS JABABEKA
I100260213L092_S001,CDD PICK UP,1134000,0,0,0,0,0,1134000,S001 - WH KLS JABABEKA,PT. Nusantara Cargo Line,7,ON SCHEDULE,27,0,17.03.2026,17.02.2026,22.02.2026,01.04.2026,01.04.2026,07.04.2026,07.04.2026,,S001,WH KLS JABABEKA
I100260213L093_S001,CDD PICK UP,375000,0,0,0,0,0,375000,S001 - WH KLS JABABEKA,PT. Nusantara Cargo Line,7,ON SCHEDULE,27,0,17.03.2026,17.02.2026,19.02.2026,13.03.2026,13.03.2026,13.03.2026,13.03.2026,,S001,WH KLS JABABEKA
I100260213L093_S001,CDD PICK UP,375000,0,0,0,0,0,375000,S001 - WH KLS JABABEKA,PT. Nusantara Cargo Line,7,ON SCHEDULE,27,0,17.03.2026,17.02.2026,19.02.2026,13.03.2026,13.03.2026,13.03.2026,13.03.2026,,S001,WH KLS JABABEKA
I100260213L094_S001,CDE PICKUP,1150000,0,0,0,0,0,1150000,S001 - WH KLS JABABEKA,PT. Nusantara Cargo Line,7,ON SCHEDULE,27,0,17.03.2026,17.02.2026,01.03.2026,02.03.2026,02.03.2026,05.03.2026,05.03.2026,,S001,WH KLS JABABEKA
I100260213L094_S001,CDE PICKUP,1150000,0,0,0,0,0,1150000,S001 - WH KLS JABABEKA,PT. Nusantara Cargo Line,7,ON SCHEDULE,27,0,17.03.2026,17.02.2026,01.03.2026,02.03.2026,02.03.2026,05.03.2026,05.03.2026,,S001,WH KLS JABABEKA
I100260213L095_S001,CDE PICKUP,250000,0,0,0,0,0,250000,S001 - WH KLS JABABEKA,PT. Nusantara Cargo Line,7,ON SCHEDULE,27,0,17.03.2026,17.02.2026,22.02.2026,11.03.2026,11.03.2026,12.03.2026,12.03.2026,,S001,WH KLS JABABEKA
I100260213L095_S001,CDE PICKUP,250000,0,0,0,0,0,250000,S001 - WH KLS JABABEKA,PT. Nusantara Cargo Line,7,ON SCHEDULE,27,0,17.03.2026,17.02.2026,22.02.2026,11.03.2026,11.03.2026,12.03.2026,12.03.2026,,S001,WH KLS JABABEKA
I100260213L096_S001,CDD PICK UP,700000,0,0,0,0,0,700000,S001 - WH KLS JABABEKA,PT. Nusantara Cargo Line,7,ON SCHEDULE,27,0,17.03.2026,17.02.2026,22.02.2026,13.03.2026,13.03.2026,13.03.2026,13.03.2026,,S001,WH KLS JABABEKA
I100260213L096_S001,CDD PICK UP,700000,0,0,0,0,0,700000,S001 - WH KLS JABABEKA,PT. Nusantara Cargo Line,7,ON SCHEDULE,27,0,17.03.2026,17.02.2026,22.02.2026,13.03.2026,13.03.2026,13.03.2026,13.03.2026,,S001,WH KLS JABABEKA
I100260213L097_S001,CDD PICK UP,325000,0,0,0,0,0,325000,S001 - WH KLS JABABEKA,PT. Nusantara Cargo Line,7,ON SCHEDULE,27,0,17.03.2026,17.02.2026,19.02.2026,06.03.2026,07.03.2026,09.03.2026,09.03.2026,,S001,WH KLS JABABEKA
I100260213L097_S001,CDD PICK UP,325000,0,0,0,0,0,325000,S001 - WH KLS JABABEKA,PT. Nusantara Cargo Line,7,ON SCHEDULE,27,0,17.03.2026,17.02.2026,19.02.2026,06.03.2026,07.03.2026,09.03.2026,09.03.2026,,S001,WH KLS JABABEKA
I100260213L099_S001,CDD PICK UP,325000,0,0,0,0,0,325000,S001 - WH KLS JABABEKA,PT. Nusantara Cargo Line,7,ON SCHEDULE,27,0,17.03.2026,17.02.2026,19.02.2026,06.03.2026,07.03.2026,09.03.2026,09.03.2026,,S001,WH KLS JABABEKA
I100260213L099_S001,CDD PICK UP,325000,0,0,0,0,0,325000,S001 - WH KLS JABABEKA,PT. Nusantara Cargo Line,7,ON SCHEDULE,27,0,17.03.2026,17.02.2026,19.02.2026,06.03.2026,07.03.2026,09.03.2026,09.03.2026,,S001,WH KLS JABABEKA
I100260213L100_S001,FUSO,9704000,0,0,0,0,0,9704000,S001 - WH KLS JABABEKA,BEPA IKA PEKASA,7,ON SCHEDULE,27,0,13.03.2026,13.02.2026,19.02.2026,07.04.2026,08.04.2026,08.04.2026,13.04.2026,,S001,WH KLS JABABEKA
I100260213L111_S001,CDE PICKUP,7182500,0,0,0,0,0,7182500,S001 - WH KLS JABABEKA,PT. Nusantara Cargo Line,7,ON SCHEDULE,27,0,18.03.2026,18.02.2026,27.02.2026,13.03.2026,13.03.2026,27.03.2026,27.03.2026,,S001,WH KLS JABABEKA
I100260213L111_S001,CDE PICKUP,7182500,0,0,0,0,0,7182500,S001 - WH KLS JABABEKA,PT. Nusantara Cargo Line,7,ON SCHEDULE,27,0,18.03.2026,18.02.2026,27.02.2026,13.03.2026,13.03.2026,27.03.2026,27.03.2026,,S001,WH KLS JABABEKA
I100260213L114_S001,MINI VAN BOX,3290000,0,0,0,0,0,3290000,S001 - WH KLS JABABEKA,FIRST LOGISTICS,7,ON SCHEDULE,27,0,16.03.2026,16.02.2026,27.02.2026,08.05.2026,08.05.2026,12.05.2026,19.05.2026,,S001,WH KLS JABABEKA
I100260213L114_S001,MINI VAN BOX,3290000,0,0,0,0,0,3290000,S001 - WH KLS JABABEKA,FIRST LOGISTICS,7,ON SCHEDULE,27,0,16.03.2026,16.02.2026,27.02.2026,08.05.2026,08.05.2026,12.05.2026,19.05.2026,,S001,WH KLS JABABEKA
I100260213L116_S001,MINI VAN BOX,103200,0,0,0,0,0,103200,S001 - WH KLS JABABEKA,FIRST LOGISTICS,7,ON SCHEDULE,27,0,16.03.2026,16.02.2026,27.02.2026,08.05.2026,08.05.2026,12.05.2026,19.05.2026,,S001,WH KLS JABABEKA
I100260213L116_S001,MINI VAN BOX,103200,0,0,0,0,0,103200,S001 - WH KLS JABABEKA,FIRST LOGISTICS,7,ON SCHEDULE,27,0,16.03.2026,16.02.2026,27.02.2026,08.05.2026,08.05.2026,12.05.2026,19.05.2026,,S001,WH KLS JABABEKA
I100260213L117_S001,MINI VAN BOX,629350,0,0,0,0,0,629350,S001 - WH KLS JABABEKA,FIRST LOGISTICS,7,ON SCHEDULE,27,0,16.03.2026,16.02.2026,27.02.2026,08.05.2026,08.05.2026,12.05.2026,20.05.2026,,S001,WH KLS JABABEKA
I100260213L117_S001,MINI VAN BOX,629350,0,0,0,0,0,629350,S001 - WH KLS JABABEKA,FIRST LOGISTICS,7,ON SCHEDULE,27,0,16.03.2026,16.02.2026,27.02.2026,08.05.2026,08.05.2026,12.05.2026,20.05.2026,,S001,WH KLS JABABEKA
I100260213L118_S001,MINI VAN BOX,0,0,0,0,0,0,0,S001 - WH KLS JABABEKA,FIRST LOGISTICS,2,LATE,7,168,24.02.2026,16.02.2026,01.03.2026,,,,,,S001,WH KLS JABABEKA
I100260213L119_S001,MINI VAN BOX,0,0,0,0,0,0,0,S001 - WH KLS JABABEKA,FIRST LOGISTICS,2,LATE,7,168,24.02.2026,16.02.2026,27.02.2026,,,,,,S001,WH KLS JABABEKA
I100260213L120_S001,MINI VAN BOX,96600,0,0,0,0,0,96600,S001 - WH KLS JABABEKA,FIRST LOGISTICS,7,ON SCHEDULE,27,0,16.03.2026,16.02.2026,27.02.2026,08.05.2026,08.05.2026,12.05.2026,19.05.2026,,S001,WH KLS JABABEKA
I100260213L120_S001,MINI VAN BOX,96600,0,0,0,0,0,96600,S001 - WH KLS JABABEKA,FIRST LOGISTICS,7,ON SCHEDULE,27,0,16.03.2026,16.02.2026,27.02.2026,08.05.2026,08.05.2026,12.05.2026,19.05.2026,,S001,WH KLS JABABEKA
I100260213L121_S001,MINI VAN BOX,72200,0,0,0,0,0,72200,S001 - WH KLS JABABEKA,FIRST LOGISTICS,7,ON SCHEDULE,27,0,16.03.2026,16.02.2026,27.02.2026,08.05.2026,08.05.2026,12.05.2026,19.05.2026,,S001,WH KLS JABABEKA
I100260213L121_S001,MINI VAN BOX,72200,0,0,0,0,0,72200,S001 - WH KLS JABABEKA,FIRST LOGISTICS,7,ON SCHEDULE,27,0,16.03.2026,16.02.2026,27.02.2026,08.05.2026,08.05.2026,12.05.2026,19.05.2026,,S001,WH KLS JABABEKA
I100260213L122_S001,MINI VAN BOX,204600,0,0,0,0,0,204600,S001 - WH KLS JABABEKA,FIRST LOGISTICS,7,ON SCHEDULE,27,0,16.03.2026,16.02.2026,27.02.2026,08.05.2026,08.05.2026,12.05.2026,20.05.2026,,S001,WH KLS JABABEKA
I100260213L122_S001,MINI VAN BOX,204600,0,0,0,0,0,204600,S001 - WH KLS JABABEKA,FIRST LOGISTICS,7,ON SCHEDULE,27,0,16.03.2026,16.02.2026,27.02.2026,08.05.2026,08.05.2026,12.05.2026,20.05.2026,,S001,WH KLS JABABEKA
I100260213L123_S001,MINI VAN BOX,17125,0,0,0,0,0,17125,S001 - WH KLS JABABEKA,FIRST LOGISTICS,7,ON SCHEDULE,27,0,16.03.2026,16.02.2026,27.02.2026,08.05.2026,08.05.2026,12.05.2026,19.05.2026,,S001,WH KLS JABABEKA
I100260213L123_S001,MINI VAN BOX,17125,0,0,0,0,0,17125,S001 - WH KLS JABABEKA,FIRST LOGISTICS,7,ON SCHEDULE,27,0,16.03.2026,16.02.2026,27.02.2026,08.05.2026,08.05.2026,12.05.2026,19.05.2026,,S001,WH KLS JABABEKA
I100260213L128_S001,CDE PICKUP,940500,0,0,0,0,0,940500,S001 - WH KLS JABABEKA,PT. Nusantara Cargo Line,7,ON SCHEDULE,27,0,16.03.2026,16.02.2026,19.02.2026,02.03.2026,02.03.2026,05.03.2026,05.03.2026,,S001,WH KLS JABABEKA
I100260213L128_S001,CDE PICKUP,940500,0,0,0,0,0,940500,S001 - WH KLS JABABEKA,PT. Nusantara Cargo Line,7,ON SCHEDULE,27,0,16.03.2026,16.02.2026,19.02.2026,02.03.2026,02.03.2026,05.03.2026,05.03.2026,,S001,WH KLS JABABEKA
I100260213T037_S001,WINGBOX,5650000,0,0,0,0,0,5650000,S001 - WH KLS JABABEKA,PT. DUTA MEDIA MANDIRI,7,ON SCHEDULE,29,0,15.03.2026,13.02.2026,16.02.2026,24.02.2026,24.02.2026,26.02.2026,26.02.2026,,S001,WH KLS JABABEKA
I100260213T045_S001,CONT-20,8800000,0,0,0,0,0,8800000,S001 - WH KLS JABABEKA,PT. SENTOSA PRIMA ABADI,7,ON SCHEDULE,40,0,26.03.2026,13.02.2026,26.02.2026,08.04.2026,08.04.2026,13.04.2026,13.04.2026,,S001,WH KLS JABABEKA
I100260214L028_S001,CDD BAK,12000000,0,0,0,0,0,12000000,S001 - WH KLS JABABEKA,EKA CIPTA MANGGALA,7,ON SCHEDULE,27,0,14.03.2026,14.02.2026,18.02.2026,23.02.2026,23.02.2026,23.02.2026,24.02.2026,,S001,WH KLS JABABEKA
I100260214L029_S001,CDD BAK,12000000,0,0,0,0,0,12000000,S001 - WH KLS JABABEKA,EKA CIPTA MANGGALA,7,ON SCHEDULE,27,0,15.03.2026,15.02.2026,20.02.2026,23.02.2026,23.02.2026,23.02.2026,24.02.2026,,S001,WH KLS JABABEKA
I100260214L042_S001,CDE PICKUP,600000,0,0,0,0,0,600000,S001 - WH KLS JABABEKA,PT. MERPATI ALAM SEMESTA,7,ON SCHEDULE,27,0,18.03.2026,18.02.2026,08.03.2026,14.04.2026,14.04.2026,28.04.2026,04.05.2026,,S001,WH KLS JABABEKA
I100260214L042_S001,CDE PICKUP,600000,0,0,0,0,0,600000,S001 - WH KLS JABABEKA,PT. MERPATI ALAM SEMESTA,7,ON SCHEDULE,27,0,18.03.2026,18.02.2026,08.03.2026,14.04.2026,14.04.2026,28.04.2026,04.05.2026,,S001,WH KLS JABABEKA
I100260214L043_S001,CDE PICKUP,455625,0,0,0,0,0,455625,S001 - WH KLS JABABEKA,PT. MERPATI ALAM SEMESTA,7,ON SCHEDULE,27,0,14.03.2026,14.02.2026,26.02.2026,14.04.2026,14.04.2026,28.04.2026,04.05.2026,,S001,WH KLS JABABEKA
I100260214L043_S001,CDE PICKUP,455625,0,0,0,0,0,455625,S001 - WH KLS JABABEKA,PT. MERPATI ALAM SEMESTA,7,ON SCHEDULE,27,0,14.03.2026,14.02.2026,26.02.2026,14.04.2026,14.04.2026,28.04.2026,04.05.2026,,S001,WH KLS JABABEKA
I100260214L044_S001,CDE PICKUP,595000,0,0,0,0,0,595000,S001 - WH KLS JABABEKA,PT. MERPATI ALAM SEMESTA,7,ON SCHEDULE,27,0,14.03.2026,14.02.2026,20.02.2026,19.05.2026,25.05.2026,03.06.2026,05.06.2026,,S001,WH KLS JABABEKA
I100260214L044_S001,CDE PICKUP,595000,0,0,0,0,0,595000,S001 - WH KLS JABABEKA,PT. MERPATI ALAM SEMESTA,7,ON SCHEDULE,27,0,14.03.2026,14.02.2026,20.02.2026,19.05.2026,25.05.2026,03.06.2026,05.06.2026,,S001,WH KLS JABABEKA
I100260214L045_S001,CDE PICKUP,326250,0,0,0,0,0,326250,S001 - WH KLS JABABEKA,PT. MERPATI ALAM SEMESTA,7,ON SCHEDULE,27,0,14.03.2026,14.02.2026,25.02.2026,14.04.2026,14.04.2026,28.04.2026,04.05.2026,,S001,WH KLS JABABEKA
I100260214L045_S001,CDE PICKUP,326250,0,0,0,0,0,326250,S001 - WH KLS JABABEKA,PT. MERPATI ALAM SEMESTA,7,ON SCHEDULE,27,0,14.03.2026,14.02.2026,25.02.2026,14.04.2026,14.04.2026,28.04.2026,04.05.2026,,S001,WH KLS JABABEKA
I100260214L046_S001,CDE PICKUP,220000,0,0,0,0,0,220000,S001 - WH KLS JABABEKA,PT. MERPATI ALAM SEMESTA,7,ON SCHEDULE,27,0,14.03.2026,14.02.2026,19.02.2026,14.04.2026,14.04.2026,28.04.2026,04.05.2026,,S001,WH KLS JABABEKA
I100260214L046_S001,CDE PICKUP,220000,0,0,0,0,0,220000,S001 - WH KLS JABABEKA,PT. MERPATI ALAM SEMESTA,7,ON SCHEDULE,27,0,14.03.2026,14.02.2026,19.02.2026,14.04.2026,14.04.2026,28.04.2026,04.05.2026,,S001,WH KLS JABABEKA
I100260214L047_S001,CDE PICKUP,220000,0,0,0,0,0,220000,S001 - WH KLS JABABEKA,PT. MERPATI ALAM SEMESTA,7,ON SCHEDULE,27,0,14.03.2026,14.02.2026,19.02.2026,14.04.2026,14.04.2026,28.04.2026,04.05.2026,,S001,WH KLS JABABEKA
I100260214L047_S001,CDE PICKUP,220000,0,0,0,0,0,220000,S001 - WH KLS JABABEKA,PT. MERPATI ALAM SEMESTA,7,ON SCHEDULE,27,0,14.03.2026,14.02.2026,19.02.2026,14.04.2026,14.04.2026,28.04.2026,04.05.2026,,S001,WH KLS JABABEKA
I100260214L048_S001,CDE PICKUP,750000,0,0,0,0,0,750000,S001 - WH KLS JABABEKA,PT. MERPATI ALAM SEMESTA,7,ON SCHEDULE,27,0,14.03.2026,14.02.2026,27.02.2026,14.04.2026,14.04.2026,28.04.2026,29.04.2026,,S001,WH KLS JABABEKA
I100260214L048_S001,CDE PICKUP,750000,0,0,0,0,0,750000,S001 - WH KLS JABABEKA,PT. MERPATI ALAM SEMESTA,7,ON SCHEDULE,27,0,14.03.2026,14.02.2026,27.02.2026,14.04.2026,14.04.2026,28.04.2026,29.04.2026,,S001,WH KLS JABABEKA
I100260214L049_S001,CDE PICKUP,19492500,0,0,0,0,0,19492500,S001 - WH KLS JABABEKA,PT. MERPATI ALAM SEMESTA,2,LATE,7,170,22.02.2026,14.02.2026,,,,,,,S001,WH KLS JABABEKA
I100260214L049_S001,CDE PICKUP,19492500,0,0,0,0,0,19492500,S001 - WH KLS JABABEKA,PT. MERPATI ALAM SEMESTA,2,LATE,7,170,22.02.2026,14.02.2026,,,,,,,S001,WH KLS JABABEKA
I100260214L050_S001,CDE PICKUP,2430000,0,0,0,0,0,2430000,S001 - WH KLS JABABEKA,PT. MERPATI ALAM SEMESTA,7,ON SCHEDULE,27,0,14.03.2026,14.02.2026,19.02.2026,19.05.2026,25.05.2026,03.06.2026,05.06.2026,,S001,WH KLS JABABEKA
I100260214L050_S001,CDE PICKUP,2430000,0,0,0,0,0,2430000,S001 - WH KLS JABABEKA,PT. MERPATI ALAM SEMESTA,7,ON SCHEDULE,27,0,14.03.2026,14.02.2026,19.02.2026,19.05.2026,25.05.2026,03.06.2026,05.06.2026,,S001,WH KLS JABABEKA
I100260214L051_S001,CDE PICKUP,220000,0,0,0,0,0,220000,S001 - WH KLS JABABEKA,PT. MERPATI ALAM SEMESTA,7,ON SCHEDULE,27,0,14.03.2026,14.02.2026,19.02.2026,14.04.2026,14.04.2026,28.04.2026,04.05.2026,,S001,WH KLS JABABEKA
I100260214L051_S001,CDE PICKUP,220000,0,0,0,0,0,220000,S001 - WH KLS JABABEKA,PT. MERPATI ALAM SEMESTA,7,ON SCHEDULE,27,0,14.03.2026,14.02.2026,19.02.2026,14.04.2026,14.04.2026,28.04.2026,04.05.2026,,S001,WH KLS JABABEKA
I100260214L052_S001,CDE PICKUP,3660000,0,0,0,0,0,3660000,S001 - WH KLS JABABEKA,PT. MERPATI ALAM SEMESTA,7,ON SCHEDULE,27,0,14.03.2026,14.02.2026,19.02.2026,14.04.2026,14.04.2026,28.04.2026,04.05.2026,,S001,WH KLS JABABEKA
I100260214L052_S001,CDE PICKUP,3660000,0,0,0,0,0,3660000,S001 - WH KLS JABABEKA,PT. MERPATI ALAM SEMESTA,7,ON SCHEDULE,27,0,14.03.2026,14.02.2026,19.02.2026,14.04.2026,14.04.2026,28.04.2026,04.05.2026,,S001,WH KLS JABABEKA
I100260214L059_S001,CDE PICKUP,0,0,0,0,0,0,0,S001 - WH KLS JABABEKA,PT. MERPATI ALAM SEMESTA,2,LATE,7,170,22.02.2026,14.02.2026,19.02.2026,,,,,,S001,WH KLS JABABEKA
I100260214L060_S001,CDE PICKUP,2390000,0,0,0,0,0,2390000,S001 - WH KLS JABABEKA,PT. MERPATI ALAM SEMESTA,7,ON SCHEDULE,27,0,14.03.2026,14.02.2026,27.02.2026,14.04.2026,14.04.2026,28.04.2026,04.05.2026,,S001,WH KLS JABABEKA
I100260214L060_S001,CDE PICKUP,2390000,0,0,0,0,0,2390000,S001 - WH KLS JABABEKA,PT. MERPATI ALAM SEMESTA,7,ON SCHEDULE,27,0,14.03.2026,14.02.2026,27.02.2026,14.04.2026,14.04.2026,28.04.2026,04.05.2026,,S001,WH KLS JABABEKA
I100260214L061_S001,CDE PICKUP,19492500,0,0,0,0,0,19492500,S001 - WH KLS JABABEKA,PT. MERPATI ALAM SEMESTA,6,LATE,27,170,14.03.2026,14.02.2026,27.02.2026,20.07.2026,24.07.2026,27.07.2026,03.08.2026,,S001,WH KLS JABABEKA
I100260214L061_S001,CDE PICKUP,19492500,0,0,0,0,0,19492500,S001 - WH KLS JABABEKA,PT. MERPATI ALAM SEMESTA,6,LATE,27,170,14.03.2026,14.02.2026,27.02.2026,20.07.2026,24.07.2026,27.07.2026,03.08.2026,,S001,WH KLS JABABEKA
I100260214L062_S001,CDE PICKUP,2200000,0,0,0,0,0,2200000,S001 - WH KLS JABABEKA,PT. MERPATI ALAM SEMESTA,7,ON SCHEDULE,27,0,14.03.2026,14.02.2026,05.03.2026,14.04.2026,14.04.2026,28.04.2026,29.04.2026,,S001,WH KLS JABABEKA
I100260214L062_S001,CDE PICKUP,2200000,0,0,0,0,0,2200000,S001 - WH KLS JABABEKA,PT. MERPATI ALAM SEMESTA,7,ON SCHEDULE,27,0,14.03.2026,14.02.2026,05.03.2026,14.04.2026,14.04.2026,28.04.2026,29.04.2026,,S001,WH KLS JABABEKA
I100260214L091_S001,TRONTON LOSBAK,11000000,0,0,0,0,0,11000000,S001 - WH KLS JABABEKA,CV. BANGUN JASA TRANS,7,ON SCHEDULE,27,0,18.03.2026,18.02.2026,20.02.2026,20.02.2026,23.02.2026,24.02.2026,24.02.2026,,S001,WH KLS JABABEKA
I100260214L092_S001,FUSO LOSBAK,10000000,0,0,0,0,0,10000000,S001 - WH KLS JABABEKA,CV. BANGUN JASA TRANS,7,ON SCHEDULE,27,0,18.03.2026,18.02.2026,20.02.2026,20.02.2026,23.02.2026,24.02.2026,24.02.2026,,S001,WH KLS JABABEKA
I100260214L093_S001,CDE PICKUP,0,0,0,0,0,0,0,S001 - WH KLS JABABEKA,PT. MERPATI ALAM SEMESTA,2,LATE,7,170,22.02.2026,14.02.2026,19.02.2026,,,,,,S001,WH KLS JABABEKA
I100260214L095_S001,FUSO LOSBAK,36000000,0,0,0,0,0,36000000,S001 - WH KLS JABABEKA,CV. BANGUN JASA TRANS,7,ON SCHEDULE,27,0,14.03.2026,14.02.2026,20.02.2026,20.02.2026,23.02.2026,25.02.2026,25.02.2026,,S001,WH KLS JABABEKA
I100260214L097_S001,MINI VAN BOX,235450,0,0,0,0,0,235450,S001 - WH KLS JABABEKA,FIRST LOGISTICS,7,ON SCHEDULE,27,0,14.03.2026,14.02.2026,26.02.2026,08.05.2026,08.05.2026,12.05.2026,19.05.2026,,S001,WH KLS JABABEKA
I100260214L097_S001,MINI VAN BOX,235450,0,0,0,0,0,235450,S001 - WH KLS JABABEKA,FIRST LOGISTICS,7,ON SCHEDULE,27,0,14.03.2026,14.02.2026,26.02.2026,08.05.2026,08.05.2026,12.05.2026,19.05.2026,,S001,WH KLS JABABEKA
I100260214L098_S001,MINI VAN BOX,0,0,0,0,0,0,0,S001 - WH KLS JABABEKA,FIRST LOGISTICS,2,LATE,7,170,22.02.2026,14.02.2026,25.02.2026,,,,,,S001,WH KLS JABABEKA
I100260214L099_S001,MINI VAN BOX,108300,0,0,0,0,0,108300,S001 - WH KLS JABABEKA,FIRST LOGISTICS,7,ON SCHEDULE,27,0,14.03.2026,14.02.2026,25.02.2026,08.05.2026,08.05.2026,12.05.2026,20.05.2026,,S001,WH KLS JABABEKA
I100260214L099_S001,MINI VAN BOX,108300,0,0,0,0,0,108300,S001 - WH KLS JABABEKA,FIRST LOGISTICS,7,ON SCHEDULE,27,0,14.03.2026,14.02.2026,25.02.2026,08.05.2026,08.05.2026,12.05.2026,20.05.2026,,S001,WH KLS JABABEKA
I100260214L100_S001,MINI VAN BOX,0,0,0,0,0,0,0,S001 - WH KLS JABABEKA,FIRST LOGISTICS,2,LATE,7,170,22.02.2026,14.02.2026,27.02.2026,,,,,,S001,WH KLS JABABEKA
I100260214T019_S001,CDD BAK,13300000,0,0,0,0,0,13300000,S001 - WH KLS JABABEKA,BINTANG SAMUDERA,7,ON SCHEDULE,32,0,19.03.2026,14.02.2026,21.02.2026,25.02.2026,25.02.2026,26.02.2026,26.02.2026,,S001,WH KLS JABABEKA
I100260215L006_S001,CDD BAK,6900000,0,0,0,0,0,6900000,S001 - WH KLS JABABEKA,BINTANG SAMUDERA,7,ON SCHEDULE,29,0,17.03.2026,15.02.2026,19.02.2026,25.02.2026,25.02.2026,26.02.2026,26.02.2026,,S001,WH KLS JABABEKA
I100260215L007_S001,CDD BAK,5100000,0,0,0,1100000,0,6200000,S001 - WH KLS JABABEKA,PT. HARI JAYA SEJAHTERA,7,ON SCHEDULE,29,0,17.03.2026,15.02.2026,18.02.2026,23.02.2026,24.02.2026,25.02.2026,26.02.2026,,S001,WH KLS JABABEKA
I100260215L007_S001,CDD BAK,5100000,0,0,0,1100000,0,6200000,S001 - WH KLS JABABEKA,PT. HARI JAYA SEJAHTERA,7,ON SCHEDULE,29,0,17.03.2026,15.02.2026,18.02.2026,23.02.2026,24.02.2026,25.02.2026,26.02.2026,,S001,WH KLS JABABEKA
I100260215L007_S001,CDD BAK,5100000,0,0,0,1100000,0,6200000,S001 - WH KLS JABABEKA,PT. HARI JAYA SEJAHTERA,7,ON SCHEDULE,29,0,17.03.2026,15.02.2026,18.02.2026,23.02.2026,24.02.2026,25.02.2026,26.02.2026,,S001,WH KLS JABABEKA
I100260215L008_S001,CDD BAK,4500000,0,0,0,650000,0,5150000,S001 - WH KLS JABABEKA,PT. HARI JAYA SEJAHTERA,7,ON SCHEDULE,29,0,17.03.2026,15.02.2026,18.02.2026,23.02.2026,24.02.2026,25.02.2026,26.02.2026,,S001,WH KLS JABABEKA
I100260215L008_S001,CDD BAK,4500000,0,0,0,650000,0,5150000,S001 - WH KLS JABABEKA,PT. HARI JAYA SEJAHTERA,7,ON SCHEDULE,29,0,17.03.2026,15.02.2026,18.02.2026,23.02.2026,24.02.2026,25.02.2026,26.02.2026,,S001,WH KLS JABABEKA
I100260215L010_S001,CDD BAK,5450000,0,0,0,800000,0,6250000,S001 - WH KLS JABABEKA,PT. HARI JAYA SEJAHTERA,7,ON SCHEDULE,27,0,15.03.2026,15.02.2026,18.02.2026,23.02.2026,24.02.2026,25.02.2026,26.02.2026,,S001,WH KLS JABABEKA
I100260215L010_S001,CDD BAK,5450000,0,0,0,800000,0,6250000,S001 - WH KLS JABABEKA,PT. HARI JAYA SEJAHTERA,7,ON SCHEDULE,27,0,15.03.2026,15.02.2026,18.02.2026,23.02.2026,24.02.2026,25.02.2026,26.02.2026,,S001,WH KLS JABABEKA
I100260215L012_S001,CDD BAK,5300000,0,0,0,400000,0,5700000,S001 - WH KLS JABABEKA,EKA CIPTA MANGGALA,7,ON SCHEDULE,29,0,17.03.2026,15.02.2026,18.02.2026,23.02.2026,23.02.2026,23.02.2026,24.02.2026,,S001,WH KLS JABABEKA
I100260215L012_S001,CDD BAK,5300000,0,0,0,400000,0,5700000,S001 - WH KLS JABABEKA,EKA CIPTA MANGGALA,7,ON SCHEDULE,29,0,17.03.2026,15.02.2026,18.02.2026,23.02.2026,23.02.2026,23.02.2026,24.02.2026,,S001,WH KLS JABABEKA
I100260215L012_S001,CDD BAK,5300000,0,0,0,400000,0,5700000,S001 - WH KLS JABABEKA,EKA CIPTA MANGGALA,7,ON SCHEDULE,29,0,17.03.2026,15.02.2026,18.02.2026,23.02.2026,23.02.2026,23.02.2026,24.02.2026,,S001,WH KLS JABABEKA
I100260215L022_S001,CDD BAK,6900000,0,0,0,0,0,6900000,S001 - WH KLS JABABEKA,BINTANG SAMUDERA,7,ON SCHEDULE,29,0,17.03.2026,15.02.2026,19.02.2026,25.02.2026,25.02.2026,26.02.2026,26.02.2026,,S001,WH KLS JABABEKA
I100260216L001_S001,MINI VAN BOX,1377600,0,0,0,0,0,1377600,S001 - WH KLS JABABEKA,FIRST LOGISTICS,7,ON SCHEDULE,27,0,16.03.2026,16.02.2026,27.02.2026,08.05.2026,08.05.2026,12.05.2026,19.05.2026,,S001,WH KLS JABABEKA
I100260216L001_S001,MINI VAN BOX,1377600,0,0,0,0,0,1377600,S001 - WH KLS JABABEKA,FIRST LOGISTICS,7,ON SCHEDULE,27,0,16.03.2026,16.02.2026,27.02.2026,08.05.2026,08.05.2026,12.05.2026,19.05.2026,,S001,WH KLS JABABEKA
I100260216L013_S001,CONT-20,12400000,0,0,0,0,4500000,16900000,S001 - WH KLS JABABEKA,PT. SENTOSA PRIMA ABADI,7,ON SCHEDULE,27,0,16.03.2026,16.02.2026,03.03.2026,26.05.2026,27.05.2026,29.05.2026,18.06.2026,,S001,WH KLS JABABEKA
I100260216L014_S001,CDD BAK,7500000,0,0,0,0,0,7500000,S001 - WH KLS JABABEKA,EKA CIPTA MANGGALA,7,ON SCHEDULE,31,0,20.03.2026,16.02.2026,20.02.2026,02.03.2026,03.03.2026,04.03.2026,04.03.2026,,S001,WH KLS JABABEKA
I100260216L015_S001,CDD BAK,11500000,0,0,0,2300000,0,13800000,S001 - WH KLS JABABEKA,BINTANG SAMUDERA,7,ON SCHEDULE,29,0,18.03.2026,16.02.2026,22.02.2026,26.02.2026,27.02.2026,27.02.2026,27.02.2026,,S001,WH KLS JABABEKA
I100260216L037_S001,FUSO,17204400,0,0,0,0,0,17204400,S001 - WH KLS JABABEKA,BEPA IKA PEKASA,7,ON SCHEDULE,27,0,17.03.2026,17.02.2026,25.02.2026,07.04.2026,08.04.2026,08.04.2026,13.04.2026,,S001,WH KLS JABABEKA
I100260216L038_S001,FUSO,1243200,0,0,0,0,0,1243200,S001 - WH KLS JABABEKA,BEPA IKA PEKASA,7,ON SCHEDULE,27,0,17.03.2026,17.02.2026,25.02.2026,07.04.2026,08.04.2026,08.04.2026,13.04.2026,,S001,WH KLS JABABEKA
I100260216L039_S001,FUSO,34886400,0,0,0,0,0,34886400,S001 - WH KLS JABABEKA,BEPA IKA PEKASA,7,ON SCHEDULE,27,0,17.03.2026,17.02.2026,25.02.2026,07.04.2026,08.04.2026,08.04.2026,13.04.2026,,S001,WH KLS JABABEKA
I100260216L104_S001,MINI VAN BOX,0,0,0,0,0,0,0,S001 - WH KLS JABABEKA,FIRST LOGISTICS,2,LATE,7,168,25.02.2026,17.02.2026,27.02.2026,,,,,,S001,WH KLS JABABEKA
I100260216L105_S001,MINI VAN BOX,192500,0,0,0,0,0,192500,S001 - WH KLS JABABEKA,FIRST LOGISTICS,7,ON SCHEDULE,27,0,17.03.2026,17.02.2026,27.02.2026,08.05.2026,08.05.2026,12.05.2026,20.05.2026,,S001,WH KLS JABABEKA
I100260216L105_S001,MINI VAN BOX,192500,0,0,0,0,0,192500,S001 - WH KLS JABABEKA,FIRST LOGISTICS,7,ON SCHEDULE,27,0,17.03.2026,17.02.2026,27.02.2026,08.05.2026,08.05.2026,12.05.2026,20.05.2026,,S001,WH KLS JABABEKA
I100260216L106_S001,MINI VAN BOX,658000,0,0,0,0,0,658000,S001 - WH KLS JABABEKA,FIRST LOGISTICS,7,ON SCHEDULE,27,0,17.03.2026,17.02.2026,27.02.2026,08.05.2026,08.05.2026,12.05.2026,19.05.2026,,S001,WH KLS JABABEKA
I100260216L106_S001,MINI VAN BOX,658000,0,0,0,0,0,658000,S001 - WH KLS JABABEKA,FIRST LOGISTICS,7,ON SCHEDULE,27,0,17.03.2026,17.02.2026,27.02.2026,08.05.2026,08.05.2026,12.05.2026,19.05.2026,,S001,WH KLS JABABEKA
I100260216L107_S001,MINI VAN BOX,325250,0,0,0,0,0,325250,S001 - WH KLS JABABEKA,FIRST LOGISTICS,7,ON SCHEDULE,27,0,17.03.2026,17.02.2026,27.02.2026,08.05.2026,08.05.2026,12.05.2026,20.05.2026,,S001,WH KLS JABABEKA
I100260216L107_S001,MINI VAN BOX,325250,0,0,0,0,0,325250,S001 - WH KLS JABABEKA,FIRST LOGISTICS,7,ON SCHEDULE,27,0,17.03.2026,17.02.2026,27.02.2026,08.05.2026,08.05.2026,12.05.2026,20.05.2026,,S001,WH KLS JABABEKA
I100260216L108_S001,MINI VAN BOX,0,0,0,0,0,0,0,S001 - WH KLS JABABEKA,FIRST LOGISTICS,2,LATE,7,168,25.02.2026,17.02.2026,27.02.2026,,,,,,S001,WH KLS JABABEKA
I100260216L109_S001,MINI VAN BOX,134400,0,0,0,0,0,134400,S001 - WH KLS JABABEKA,FIRST LOGISTICS,7,ON SCHEDULE,27,0,17.03.2026,17.02.2026,27.02.2026,08.05.2026,08.05.2026,12.05.2026,20.05.2026,,S001,WH KLS JABABEKA
I100260216L109_S001,MINI VAN BOX,134400,0,0,0,0,0,134400,S001 - WH KLS JABABEKA,FIRST LOGISTICS,7,ON SCHEDULE,27,0,17.03.2026,17.02.2026,27.02.2026,08.05.2026,08.05.2026,12.05.2026,20.05.2026,,S001,WH KLS JABABEKA
I100260216L110_S001,FUSO,295000,0,0,0,0,0,295000,S001 - WH KLS JABABEKA,BEPA IKA PEKASA,7,ON SCHEDULE,27,0,17.03.2026,17.02.2026,25.02.2026,07.04.2026,08.04.2026,08.04.2026,13.04.2026,,S001,WH KLS JABABEKA
I100260216L111_S001,MINI VAN BOX,250000,0,0,0,0,0,250000,S001 - WH KLS JABABEKA,PT. Nusantara Cargo Line,7,ON SCHEDULE,27,0,18.03.2026,18.02.2026,25.02.2026,11.03.2026,11.03.2026,12.03.2026,12.03.2026,,S001,WH KLS JABABEKA
I100260216L111_S001,MINI VAN BOX,250000,0,0,0,0,0,250000,S001 - WH KLS JABABEKA,PT. Nusantara Cargo Line,7,ON SCHEDULE,27,0,18.03.2026,18.02.2026,25.02.2026,11.03.2026,11.03.2026,12.03.2026,12.03.2026,,S001,WH KLS JABABEKA
I100260216L112_S001,MINI VAN BOX,0,0,0,0,0,0,0,S001 - WH KLS JABABEKA,FIRST LOGISTICS,2,LATE,7,168,25.02.2026,17.02.2026,03.03.2026,,,,,,S001,WH KLS JABABEKA
I100260216L113_S001,MINI VAN BOX,283200,0,0,0,0,0,283200,S001 - WH KLS JABABEKA,FIRST LOGISTICS,7,ON SCHEDULE,27,0,17.03.2026,17.02.2026,19.02.2026,08.05.2026,08.05.2026,12.05.2026,20.05.2026,,S001,WH KLS JABABEKA
I100260216L113_S001,MINI VAN BOX,283200,0,0,0,0,0,283200,S001 - WH KLS JABABEKA,FIRST LOGISTICS,7,ON SCHEDULE,27,0,17.03.2026,17.02.2026,19.02.2026,08.05.2026,08.05.2026,12.05.2026,20.05.2026,,S001,WH KLS JABABEKA
I100260216L114_S001,MINI VAN BOX,226200,0,0,0,0,0,226200,S001 - WH KLS JABABEKA,FIRST LOGISTICS,7,ON SCHEDULE,27,0,17.03.2026,17.02.2026,20.02.2026,08.05.2026,08.05.2026,12.05.2026,20.05.2026,,S001,WH KLS JABABEKA
I100260216L114_S001,MINI VAN BOX,226200,0,0,0,0,0,226200,S001 - WH KLS JABABEKA,FIRST LOGISTICS,7,ON SCHEDULE,27,0,17.03.2026,17.02.2026,20.02.2026,08.05.2026,08.05.2026,12.05.2026,20.05.2026,,S001,WH KLS JABABEKA
I100260216L115_S001,MINI VAN BOX,1148000,0,0,0,0,0,1148000,S001 - WH KLS JABABEKA,FIRST LOGISTICS,7,ON SCHEDULE,27,0,17.03.2026,17.02.2026,02.03.2026,08.05.2026,08.05.2026,12.05.2026,20.05.2026,,S001,WH KLS JABABEKA
I100260216L115_S001,MINI VAN BOX,1148000,0,0,0,0,0,1148000,S001 - WH KLS JABABEKA,FIRST LOGISTICS,7,ON SCHEDULE,27,0,17.03.2026,17.02.2026,02.03.2026,08.05.2026,08.05.2026,12.05.2026,20.05.2026,,S001,WH KLS JABABEKA
I100260217L005_S001,CDD BAK,12047400,0,0,750000,0,0,12797400,S001 - WH KLS JABABEKA,BINTANG SAMUDERA,7,ON SCHEDULE,27,0,17.03.2026,17.02.2026,27.02.2026,13.03.2026,13.03.2026,13.03.2026,13.03.2026,,S001,WH KLS JABABEKA
I100260217L019_S001,CDD BAK,4000000,0,0,0,400000,0,4400000,S001 - WH KLS JABABEKA,EKA CIPTA MANGGALA,7,ON SCHEDULE,28,0,18.03.2026,17.02.2026,19.02.2026,23.02.2026,23.02.2026,23.02.2026,24.02.2026,,S001,WH KLS JABABEKA
I100260217L019_S001,CDD BAK,4000000,0,0,0,400000,0,4400000,S001 - WH KLS JABABEKA,EKA CIPTA MANGGALA,7,ON SCHEDULE,28,0,18.03.2026,17.02.2026,19.02.2026,23.02.2026,23.02.2026,23.02.2026,24.02.2026,,S001,WH KLS JABABEKA
I100260217L019_S001,CDD BAK,4000000,0,0,0,400000,0,4400000,S001 - WH KLS JABABEKA,EKA CIPTA MANGGALA,7,ON SCHEDULE,28,0,18.03.2026,17.02.2026,19.02.2026,23.02.2026,23.02.2026,23.02.2026,24.02.2026,,S001,WH KLS JABABEKA
I100260217L020_S001,CDD BAK,4000000,0,0,0,400000,0,4400000,S001 - WH KLS JABABEKA,EKA CIPTA MANGGALA,7,ON SCHEDULE,27,0,17.03.2026,17.02.2026,19.02.2026,23.02.2026,23.02.2026,23.02.2026,24.02.2026,,S001,WH KLS JABABEKA
I100260217L020_S001,CDD BAK,4000000,0,0,0,400000,0,4400000,S001 - WH KLS JABABEKA,EKA CIPTA MANGGALA,7,ON SCHEDULE,27,0,17.03.2026,17.02.2026,19.02.2026,23.02.2026,23.02.2026,23.02.2026,24.02.2026,,S001,WH KLS JABABEKA
I100260217L020_S001,CDD BAK,4000000,0,0,0,400000,0,4400000,S001 - WH KLS JABABEKA,EKA CIPTA MANGGALA,7,ON SCHEDULE,27,0,17.03.2026,17.02.2026,19.02.2026,23.02.2026,23.02.2026,23.02.2026,24.02.2026,,S001,WH KLS JABABEKA
I100260217L021_S001,CDD BAK,3700000,0,0,0,0,0,3700000,S001 - WH KLS JABABEKA,EKA CIPTA MANGGALA,7,ON SCHEDULE,27,0,25.03.2026,25.02.2026,25.02.2026,02.03.2026,03.03.2026,04.03.2026,04.03.2026,,S001,WH KLS JABABEKA
I100260217L022_S001,CDD BAK,4100000,0,0,0,800000,0,4900000,S001 - WH KLS JABABEKA,EKA CIPTA MANGGALA,7,ON SCHEDULE,28,0,18.03.2026,17.02.2026,20.02.2026,23.02.2026,23.02.2026,23.02.2026,24.02.2026,,S001,WH KLS JABABEKA
I100260217L022_S001,CDD BAK,4100000,0,0,0,800000,0,4900000,S001 - WH KLS JABABEKA,EKA CIPTA MANGGALA,7,ON SCHEDULE,28,0,18.03.2026,17.02.2026,20.02.2026,23.02.2026,23.02.2026,23.02.2026,24.02.2026,,S001,WH KLS JABABEKA
I100260217L022_S001,CDD BAK,4100000,0,0,0,800000,0,4900000,S001 - WH KLS JABABEKA,EKA CIPTA MANGGALA,7,ON SCHEDULE,28,0,18.03.2026,17.02.2026,20.02.2026,23.02.2026,23.02.2026,23.02.2026,24.02.2026,,S001,WH KLS JABABEKA
I100260217L022_S001,CDD BAK,4100000,0,0,0,800000,0,4900000,S001 - WH KLS JABABEKA,EKA CIPTA MANGGALA,7,ON SCHEDULE,28,0,18.03.2026,17.02.2026,20.02.2026,23.02.2026,23.02.2026,23.02.2026,24.02.2026,,S001,WH KLS JABABEKA
I100260217L023_S001,CDD BAK,3421969,0,0,0,1000000,0,4421969,S001 - WH KLS JABABEKA,PT. HARI JAYA TRANSPORTASI,7,ON SCHEDULE,28,0,18.03.2026,17.02.2026,19.02.2026,03.03.2026,03.03.2026,03.03.2026,03.03.2026,,S001,WH KLS JABABEKA
I100260217L023_S001,CDD BAK,3421969,0,0,0,1000000,0,4421969,S001 - WH KLS JABABEKA,PT. HARI JAYA TRANSPORTASI,7,ON SCHEDULE,28,0,18.03.2026,17.02.2026,19.02.2026,03.03.2026,03.03.2026,03.03.2026,03.03.2026,,S001,WH KLS JABABEKA
I100260217L023_S001,CDD BAK,3421969,0,0,0,1000000,0,4421969,S001 - WH KLS JABABEKA,PT. HARI JAYA TRANSPORTASI,7,ON SCHEDULE,28,0,18.03.2026,17.02.2026,19.02.2026,03.03.2026,03.03.2026,03.03.2026,03.03.2026,,S001,WH KLS JABABEKA
I100260217L023_S001,CDD BAK,3421969,0,0,0,1000000,0,4421969,S001 - WH KLS JABABEKA,PT. HARI JAYA TRANSPORTASI,7,ON SCHEDULE,28,0,18.03.2026,17.02.2026,19.02.2026,03.03.2026,03.03.2026,03.03.2026,03.03.2026,,S001,WH KLS JABABEKA
I100260217L023_S001,CDD BAK,3421969,0,0,0,1000000,0,4421969,S001 - WH KLS JABABEKA,PT. HARI JAYA TRANSPORTASI,7,ON SCHEDULE,28,0,18.03.2026,17.02.2026,19.02.2026,03.03.2026,03.03.2026,03.03.2026,03.03.2026,,S001,WH KLS JABABEKA
I100260217L023_S001,CDD BAK,3421969,0,0,0,1000000,0,4421969,S001 - WH KLS JABABEKA,PT. HARI JAYA TRANSPORTASI,7,ON SCHEDULE,28,0,18.03.2026,17.02.2026,19.02.2026,03.03.2026,03.03.2026,03.03.2026,03.03.2026,,S001,WH KLS JABABEKA
I100260217L023_S001,CDD BAK,3421969,0,0,0,1000000,0,4421969,S001 - WH KLS JABABEKA,PT. HARI JAYA TRANSPORTASI,7,ON SCHEDULE,28,0,18.03.2026,17.02.2026,19.02.2026,03.03.2026,03.03.2026,03.03.2026,03.03.2026,,S001,WH KLS JABABEKA
I100260218L012_S001,CDD BAK,5300000,0,0,0,800000,0,6100000,S001 - WH KLS JABABEKA,EKA CIPTA MANGGALA,7,ON SCHEDULE,29,0,20.03.2026,18.02.2026,21.02.2026,23.02.2026,23.02.2026,23.02.2026,24.02.2026,,S001,WH KLS JABABEKA
I100260218L012_S001,CDD BAK,5300000,0,0,0,800000,0,6100000,S001 - WH KLS JABABEKA,EKA CIPTA MANGGALA,7,ON SCHEDULE,29,0,20.03.2026,18.02.2026,21.02.2026,23.02.2026,23.02.2026,23.02.2026,24.02.2026,,S001,WH KLS JABABEKA
I100260218L012_S001,CDD BAK,5300000,0,0,0,800000,0,6100000,S001 - WH KLS JABABEKA,EKA CIPTA MANGGALA,7,ON SCHEDULE,29,0,20.03.2026,18.02.2026,21.02.2026,23.02.2026,23.02.2026,23.02.2026,24.02.2026,,S001,WH KLS JABABEKA
I100260218L012_S001,CDD BAK,5300000,0,0,0,800000,0,6100000,S001 - WH KLS JABABEKA,EKA CIPTA MANGGALA,7,ON SCHEDULE,29,0,20.03.2026,18.02.2026,21.02.2026,23.02.2026,23.02.2026,23.02.2026,24.02.2026,,S001,WH KLS JABABEKA
I100260218L013_S001,CDD BAK,4500000,0,0,0,1350000,0,5850000,S001 - WH KLS JABABEKA,PT. HARI JAYA SEJAHTERA,7,ON SCHEDULE,29,0,20.03.2026,18.02.2026,21.02.2026,23.02.2026,24.02.2026,25.02.2026,26.02.2026,,S001,WH KLS JABABEKA
I100260218L013_S001,CDD BAK,4500000,0,0,0,1350000,0,5850000,S001 - WH KLS JABABEKA,PT. HARI JAYA SEJAHTERA,7,ON SCHEDULE,29,0,20.03.2026,18.02.2026,21.02.2026,23.02.2026,24.02.2026,25.02.2026,26.02.2026,,S001,WH KLS JABABEKA
I100260218L013_S001,CDD BAK,4500000,0,0,0,1350000,0,5850000,S001 - WH KLS JABABEKA,PT. HARI JAYA SEJAHTERA,7,ON SCHEDULE,29,0,20.03.2026,18.02.2026,21.02.2026,23.02.2026,24.02.2026,25.02.2026,26.02.2026,,S001,WH KLS JABABEKA
I100260218L017_S001,CDE PICKUP,375000,0,0,0,0,0,375000,S001 - WH KLS JABABEKA,PT. Nusantara Cargo Line,7,ON SCHEDULE,27,0,19.03.2026,19.02.2026,27.02.2026,02.03.2026,02.03.2026,05.03.2026,05.03.2026,,S001,WH KLS JABABEKA
I100260218L017_S001,CDE PICKUP,375000,0,0,0,0,0,375000,S001 - WH KLS JABABEKA,PT. Nusantara Cargo Line,7,ON SCHEDULE,27,0,19.03.2026,19.02.2026,27.02.2026,02.03.2026,02.03.2026,05.03.2026,05.03.2026,,S001,WH KLS JABABEKA
I100260218L019_S001,CDE PICKUP,275000,0,0,0,0,0,275000,S001 - WH KLS JABABEKA,PT. Nusantara Cargo Line,7,ON SCHEDULE,27,0,19.03.2026,19.02.2026,27.02.2026,02.03.2026,02.03.2026,04.03.2026,04.03.2026,,S001,WH KLS JABABEKA
I100260218L019_S001,CDE PICKUP,275000,0,0,0,0,0,275000,S001 - WH KLS JABABEKA,PT. Nusantara Cargo Line,7,ON SCHEDULE,27,0,19.03.2026,19.02.2026,27.02.2026,02.03.2026,02.03.2026,04.03.2026,04.03.2026,,S001,WH KLS JABABEKA
I100260218L020_S001,CDE PICKUP,275000,0,0,0,0,0,275000,S001 - WH KLS JABABEKA,PT. Nusantara Cargo Line,7,ON SCHEDULE,27,0,19.03.2026,19.02.2026,21.02.2026,02.03.2026,02.03.2026,04.03.2026,04.03.2026,,S001,WH KLS JABABEKA
I100260218L020_S001,CDE PICKUP,275000,0,0,0,0,0,275000,S001 - WH KLS JABABEKA,PT. Nusantara Cargo Line,7,ON SCHEDULE,27,0,19.03.2026,19.02.2026,21.02.2026,02.03.2026,02.03.2026,04.03.2026,04.03.2026,,S001,WH KLS JABABEKA
I100260218L021_S001,CDE PICKUP,325000,0,0,0,0,0,325000,S001 - WH KLS JABABEKA,PT. Nusantara Cargo Line,7,ON SCHEDULE,27,0,19.03.2026,19.02.2026,22.02.2026,02.03.2026,02.03.2026,04.03.2026,04.03.2026,,S001,WH KLS JABABEKA
I100260218L021_S001,CDE PICKUP,325000,0,0,0,0,0,325000,S001 - WH KLS JABABEKA,PT. Nusantara Cargo Line,7,ON SCHEDULE,27,0,19.03.2026,19.02.2026,22.02.2026,02.03.2026,02.03.2026,04.03.2026,04.03.2026,,S001,WH KLS JABABEKA
I100260218L023_S001,CDE PICKUP,950000,0,0,0,0,0,950000,S001 - WH KLS JABABEKA,PT. Nusantara Cargo Line,7,ON SCHEDULE,27,0,19.03.2026,19.02.2026,04.03.2026,13.04.2026,14.04.2026,14.04.2026,14.04.2026,,S001,WH KLS JABABEKA
I100260218L023_S001,CDE PICKUP,950000,0,0,0,0,0,950000,S001 - WH KLS JABABEKA,PT. Nusantara Cargo Line,7,ON SCHEDULE,27,0,19.03.2026,19.02.2026,04.03.2026,13.04.2026,14.04.2026,14.04.2026,14.04.2026,,S001,WH KLS JABABEKA
I100260218L024_S001,CDE PICKUP,651000,0,0,0,0,0,651000,S001 - WH KLS JABABEKA,PT. Nusantara Cargo Line,7,ON SCHEDULE,27,0,19.03.2026,19.02.2026,02.03.2026,27.03.2026,31.03.2026,31.03.2026,31.03.2026,,S001,WH KLS JABABEKA
I100260218L024_S001,CDE PICKUP,651000,0,0,0,0,0,651000,S001 - WH KLS JABABEKA,PT. Nusantara Cargo Line,7,ON SCHEDULE,27,0,19.03.2026,19.02.2026,02.03.2026,27.03.2026,31.03.2026,31.03.2026,31.03.2026,,S001,WH KLS JABABEKA
I100260218L026_S001,CDE PICKUP,1100000,0,0,0,0,0,1100000,S001 - WH KLS JABABEKA,PT. Nusantara Cargo Line,7,ON SCHEDULE,27,0,19.03.2026,19.02.2026,08.03.2026,16.04.2026,17.04.2026,17.04.2026,17.04.2026,,S001,WH KLS JABABEKA
I100260218L026_S001,CDE PICKUP,1100000,0,0,0,0,0,1100000,S001 - WH KLS JABABEKA,PT. Nusantara Cargo Line,7,ON SCHEDULE,27,0,19.03.2026,19.02.2026,08.03.2026,16.04.2026,17.04.2026,17.04.2026,17.04.2026,,S001,WH KLS JABABEKA
I100260218L027_S001,CDD PICK UP,275000,0,0,0,0,0,275000,S001 - WH KLS JABABEKA,PT. Nusantara Cargo Line,7,ON SCHEDULE,27,0,19.03.2026,19.02.2026,25.02.2026,02.03.2026,02.03.2026,04.03.2026,04.03.2026,,S001,WH KLS JABABEKA
I100260218L027_S001,CDD PICK UP,275000,0,0,0,0,0,275000,S001 - WH KLS JABABEKA,PT. Nusantara Cargo Line,7,ON SCHEDULE,27,0,19.03.2026,19.02.2026,25.02.2026,02.03.2026,02.03.2026,04.03.2026,04.03.2026,,S001,WH KLS JABABEKA
I100260218L027_S001,CDD PICK UP,275000,0,0,0,0,0,275000,S001 - WH KLS JABABEKA,PT. Nusantara Cargo Line,7,ON SCHEDULE,27,0,19.03.2026,19.02.2026,25.02.2026,02.03.2026,02.03.2026,04.03.2026,04.03.2026,,S001,WH KLS JABABEKA
I100260218L028_S001,CDE PICKUP,275000,0,0,0,0,0,275000,S001 - WH KLS JABABEKA,PT. Nusantara Cargo Line,7,ON SCHEDULE,27,0,19.03.2026,19.02.2026,27.02.2026,02.03.2026,02.03.2026,04.03.2026,04.03.2026,,S001,WH KLS JABABEKA
I100260218L028_S001,CDE PICKUP,275000,0,0,0,0,0,275000,S001 - WH KLS JABABEKA,PT. Nusantara Cargo Line,7,ON SCHEDULE,27,0,19.03.2026,19.02.2026,27.02.2026,02.03.2026,02.03.2026,04.03.2026,04.03.2026,,S001,WH KLS JABABEKA
I100260218L029_S001,CDD BAK,889000,0,0,0,0,0,889000,S001 - WH KLS JABABEKA,PT. Nusantara Cargo Line,7,ON SCHEDULE,27,0,19.03.2026,19.02.2026,02.03.2026,06.03.2026,07.03.2026,09.03.2026,09.03.2026,,S001,WH KLS JABABEKA
I100260218L029_S001,CDD BAK,889000,0,0,0,0,0,889000,S001 - WH KLS JABABEKA,PT. Nusantara Cargo Line,7,ON SCHEDULE,27,0,19.03.2026,19.02.2026,02.03.2026,06.03.2026,07.03.2026,09.03.2026,09.03.2026,,S001,WH KLS JABABEKA
I100260218L030_S001,CDE PICKUP,476000,0,0,0,0,0,476000,S001 - WH KLS JABABEKA,PT. Nusantara Cargo Line,7,ON SCHEDULE,27,0,19.03.2026,19.02.2026,04.03.2026,27.03.2026,31.03.2026,31.03.2026,31.03.2026,,S001,WH KLS JABABEKA
I100260218L030_S001,CDE PICKUP,476000,0,0,0,0,0,476000,S001 - WH KLS JABABEKA,PT. Nusantara Cargo Line,7,ON SCHEDULE,27,0,19.03.2026,19.02.2026,04.03.2026,27.03.2026,31.03.2026,31.03.2026,31.03.2026,,S001,WH KLS JABABEKA
I100260218L031_S001,CDE PICKUP,0,0,0,0,0,0,0,S001 - WH KLS JABABEKA,PT. Nusantara Cargo Line,2,LATE,7,166,27.02.2026,19.02.2026,08.03.2026,,,,,,S001,WH KLS JABABEKA
I100260218L032_S001,CDE PICKUP,313500,0,0,0,0,0,313500,S001 - WH KLS JABABEKA,PT. Nusantara Cargo Line,7,ON SCHEDULE,27,0,19.03.2026,19.02.2026,21.02.2026,02.03.2026,02.03.2026,04.03.2026,04.03.2026,,S001,WH KLS JABABEKA
I100260218L032_S001,CDE PICKUP,313500,0,0,0,0,0,313500,S001 - WH KLS JABABEKA,PT. Nusantara Cargo Line,7,ON SCHEDULE,27,0,19.03.2026,19.02.2026,21.02.2026,02.03.2026,02.03.2026,04.03.2026,04.03.2026,,S001,WH KLS JABABEKA
I100260218L033_S001,CDE PICKUP,3705000,0,0,0,0,0,3705000,S001 - WH KLS JABABEKA,PT. Nusantara Cargo Line,7,ON SCHEDULE,27,0,19.03.2026,19.02.2026,06.03.2026,13.04.2026,14.04.2026,14.04.2026,14.04.2026,,S001,WH KLS JABABEKA
I100260218L033_S001,CDE PICKUP,3705000,0,0,0,0,0,3705000,S001 - WH KLS JABABEKA,PT. Nusantara Cargo Line,7,ON SCHEDULE,27,0,19.03.2026,19.02.2026,06.03.2026,13.04.2026,14.04.2026,14.04.2026,14.04.2026,,S001,WH KLS JABABEKA
I100260218L079_S001,CDD,11115600,0,0,0,0,0,11115600,S001 - WH KLS JABABEKA,BEPA IKA PEKASA,7,ON SCHEDULE,27,0,19.03.2026,19.02.2026,08.03.2026,07.04.2026,08.04.2026,08.04.2026,13.04.2026,,S001,WH KLS JABABEKA
I100260218L088_S001,CDD,295000,0,0,0,0,0,295000,S001 - WH KLS JABABEKA,BEPA IKA PEKASA,7,ON SCHEDULE,27,0,19.03.2026,19.02.2026,02.03.2026,07.04.2026,08.04.2026,08.04.2026,13.04.2026,,S001,WH KLS JABABEKA
I100260218L090_S001,CDD,0,0,0,0,0,0,0,S001 - WH KLS JABABEKA,BEPA IKA PEKASA,2,LATE,7,166,27.02.2026,19.02.2026,08.03.2026,,,,,,S001,WH KLS JABABEKA
I100260218L092_S001,CDD,482400,0,0,0,0,0,482400,S001 - WH KLS JABABEKA,BEPA IKA PEKASA,7,ON SCHEDULE,27,0,19.03.2026,19.02.2026,08.03.2026,07.04.2026,08.04.2026,08.04.2026,13.04.2026,,S001,WH KLS JABABEKA
I100260218L107_S001,MINI VAN BOX,192500,0,0,0,0,0,192500,S001 - WH KLS JABABEKA,FIRST LOGISTICS,7,ON SCHEDULE,27,0,19.03.2026,19.02.2026,08.03.2026,08.05.2026,08.05.2026,12.05.2026,20.05.2026,,S001,WH KLS JABABEKA
I100260218L107_S001,MINI VAN BOX,192500,0,0,0,0,0,192500,S001 - WH KLS JABABEKA,FIRST LOGISTICS,7,ON SCHEDULE,27,0,19.03.2026,19.02.2026,08.03.2026,08.05.2026,08.05.2026,12.05.2026,20.05.2026,,S001,WH KLS JABABEKA
I100260218L108_S001,MINI VAN BOX,112500,0,0,0,0,0,112500,S001 - WH KLS JABABEKA,FIRST LOGISTICS,7,ON SCHEDULE,27,0,19.03.2026,19.02.2026,08.03.2026,08.05.2026,08.05.2026,12.05.2026,20.05.2026,,S001,WH KLS JABABEKA
I100260218L108_S001,MINI VAN BOX,112500,0,0,0,0,0,112500,S001 - WH KLS JABABEKA,FIRST LOGISTICS,7,ON SCHEDULE,27,0,19.03.2026,19.02.2026,08.03.2026,08.05.2026,08.05.2026,12.05.2026,20.05.2026,,S001,WH KLS JABABEKA
I100260218L109_S001,MINI VAN BOX,164500,0,0,0,0,0,164500,S001 - WH KLS JABABEKA,FIRST LOGISTICS,7,ON SCHEDULE,27,0,19.03.2026,19.02.2026,02.03.2026,08.05.2026,08.05.2026,12.05.2026,20.05.2026,,S001,WH KLS JABABEKA
I100260218L109_S001,MINI VAN BOX,164500,0,0,0,0,0,164500,S001 - WH KLS JABABEKA,FIRST LOGISTICS,7,ON SCHEDULE,27,0,19.03.2026,19.02.2026,02.03.2026,08.05.2026,08.05.2026,12.05.2026,20.05.2026,,S001,WH KLS JABABEKA
I100260218L110_S001,MINI VAN BOX,386550,0,0,0,0,0,386550,S001 - WH KLS JABABEKA,FIRST LOGISTICS,7,ON SCHEDULE,27,0,19.03.2026,19.02.2026,08.03.2026,08.05.2026,08.05.2026,12.05.2026,20.05.2026,,S001,WH KLS JABABEKA
I100260218L110_S001,MINI VAN BOX,386550,0,0,0,0,0,386550,S001 - WH KLS JABABEKA,FIRST LOGISTICS,7,ON SCHEDULE,27,0,19.03.2026,19.02.2026,08.03.2026,08.05.2026,08.05.2026,12.05.2026,20.05.2026,,S001,WH KLS JABABEKA
I100260218L111_S001,MINI VAN BOX,0,0,0,0,0,0,0,S001 - WH KLS JABABEKA,FIRST LOGISTICS,2,LATE,7,166,27.02.2026,19.02.2026,02.03.2026,,,,,,S001,WH KLS JABABEKA
I100260218L112_S001,MINI VAN BOX,102300,0,0,0,0,0,102300,S001 - WH KLS JABABEKA,FIRST LOGISTICS,7,ON SCHEDULE,27,0,19.03.2026,19.02.2026,02.03.2026,08.05.2026,08.05.2026,12.05.2026,20.05.2026,,S001,WH KLS JABABEKA
I100260218L112_S001,MINI VAN BOX,102300,0,0,0,0,0,102300,S001 - WH KLS JABABEKA,FIRST LOGISTICS,7,ON SCHEDULE,27,0,19.03.2026,19.02.2026,02.03.2026,08.05.2026,08.05.2026,12.05.2026,20.05.2026,,S001,WH KLS JABABEKA
I100260218L113_S001,MINI VAN BOX,0,0,0,0,0,0,0,S001 - WH KLS JABABEKA,FIRST LOGISTICS,2,LATE,7,166,27.02.2026,19.02.2026,08.03.2026,,,,,,S001,WH KLS JABABEKA
I100260218L114_S001,MINI VAN BOX,2478250,0,0,0,0,0,2478250,S001 - WH KLS JABABEKA,FIRST LOGISTICS,7,ON SCHEDULE,27,0,19.03.2026,19.02.2026,08.03.2026,08.05.2026,08.05.2026,12.05.2026,20.05.2026,,S001,WH KLS JABABEKA
I100260218L114_S001,MINI VAN BOX,2478250,0,0,0,0,0,2478250,S001 - WH KLS JABABEKA,FIRST LOGISTICS,7,ON SCHEDULE,27,0,19.03.2026,19.02.2026,08.03.2026,08.05.2026,08.05.2026,12.05.2026,20.05.2026,,S001,WH KLS JABABEKA
I100260218L115_S001,MINI VAN BOX,103200,0,0,0,0,0,103200,S001 - WH KLS JABABEKA,FIRST LOGISTICS,7,ON SCHEDULE,27,0,19.03.2026,19.02.2026,02.03.2026,08.05.2026,08.05.2026,12.05.2026,20.05.2026,,S001,WH KLS JABABEKA
I100260218L115_S001,MINI VAN BOX,103200,0,0,0,0,0,103200,S001 - WH KLS JABABEKA,FIRST LOGISTICS,7,ON SCHEDULE,27,0,19.03.2026,19.02.2026,02.03.2026,08.05.2026,08.05.2026,12.05.2026,20.05.2026,,S001,WH KLS JABABEKA
I100260218L125_S001,CDD PICK UP,568000,0,0,0,0,0,568000,S001 - WH KLS JABABEKA,PT. Nusantara Cargo Line,7,ON SCHEDULE,27,0,19.03.2026,19.02.2026,02.03.2026,06.03.2026,07.03.2026,09.03.2026,09.03.2026,,S001,WH KLS JABABEKA
I100260218L125_S001,CDD PICK UP,568000,0,0,0,0,0,568000,S001 - WH KLS JABABEKA,PT. Nusantara Cargo Line,7,ON SCHEDULE,27,0,19.03.2026,19.02.2026,02.03.2026,06.03.2026,07.03.2026,09.03.2026,09.03.2026,,S001,WH KLS JABABEKA
I100260218T012_S001,CDD BAK,13300000,0,0,0,0,0,13300000,S001 - WH KLS JABABEKA,BINTANG SAMUDERA,7,ON SCHEDULE,32,0,23.03.2026,18.02.2026,27.02.2026,03.03.2026,03.03.2026,05.03.2026,05.03.2026,,S001,WH KLS JABABEKA
I100260218T012_S001,CDD BAK,13300000,0,0,0,0,0,13300000,S001 - WH KLS JABABEKA,BINTANG SAMUDERA,7,ON SCHEDULE,32,0,23.03.2026,18.02.2026,27.02.2026,03.03.2026,03.03.2026,05.03.2026,05.03.2026,,S001,WH KLS JABABEKA
I100260219C307_S001,TOWING,3000000,0,0,0,0,0,3000000,S001 - WH KLS JABABEKA,JASATAMA DIRGANTARA EXPRESS,7,ON SCHEDULE,27,0,19.03.2026,19.02.2026,20.02.2026,13.03.2026,13.03.2026,31.03.2026,31.03.2026,,S001,WH KLS JABABEKA
I100260219L004_S001,CDD BAK,4700000,0,0,0,0,0,4700000,S001 - WH KLS JABABEKA,BINTANG SAMUDERA,7,ON SCHEDULE,27,0,19.03.2026,19.02.2026,26.02.2026,26.02.2026,26.02.2026,26.02.2026,26.02.2026,,S001,WH KLS JABABEKA
I100260219L048_S001,CDE PICKUP,600000,0,0,0,0,0,600000,S001 - WH KLS JABABEKA,PT. MERPATI ALAM SEMESTA,7,ON SCHEDULE,27,0,21.03.2026,21.02.2026,08.03.2026,14.04.2026,14.04.2026,28.04.2026,29.04.2026,,S001,WH KLS JABABEKA
I100260219L048_S001,CDE PICKUP,600000,0,0,0,0,0,600000,S001 - WH KLS JABABEKA,PT. MERPATI ALAM SEMESTA,7,ON SCHEDULE,27,0,21.03.2026,21.02.2026,08.03.2026,14.04.2026,14.04.2026,28.04.2026,29.04.2026,,S001,WH KLS JABABEKA
I100260219L049_S001,CDE PICKUP,14580000,0,0,0,0,0,14580000,S001 - WH KLS JABABEKA,PT. MERPATI ALAM SEMESTA,2,LATE,7,163,01.03.2026,21.02.2026,,,,,,,S001,WH KLS JABABEKA
I100260219L049_S001,CDE PICKUP,14580000,0,0,0,0,0,14580000,S001 - WH KLS JABABEKA,PT. MERPATI ALAM SEMESTA,2,LATE,7,163,01.03.2026,21.02.2026,,,,,,,S001,WH KLS JABABEKA
I100260219L050_S001,CDE PICKUP,52000,0,0,0,0,0,52000,S001 - WH KLS JABABEKA,PT. MERPATI ALAM SEMESTA,7,ON SCHEDULE,27,0,21.03.2026,21.02.2026,08.03.2026,14.04.2026,14.04.2026,28.04.2026,04.05.2026,,S001,WH KLS JABABEKA
I100260219L050_S001,CDE PICKUP,52000,0,0,0,0,0,52000,S001 - WH KLS JABABEKA,PT. MERPATI ALAM SEMESTA,7,ON SCHEDULE,27,0,21.03.2026,21.02.2026,08.03.2026,14.04.2026,14.04.2026,28.04.2026,04.05.2026,,S001,WH KLS JABABEKA
I100260219L063_S001,CDE PICKUP,202500,0,0,0,0,0,202500,S001 - WH KLS JABABEKA,PT. MERPATI ALAM SEMESTA,7,ON SCHEDULE,27,0,21.03.2026,21.02.2026,08.03.2026,14.04.2026,14.04.2026,28.04.2026,04.05.2026,,S001,WH KLS JABABEKA
I100260219L063_S001,CDE PICKUP,202500,0,0,0,0,0,202500,S001 - WH KLS JABABEKA,PT. MERPATI ALAM SEMESTA,7,ON SCHEDULE,27,0,21.03.2026,21.02.2026,08.03.2026,14.04.2026,14.04.2026,28.04.2026,04.05.2026,,S001,WH KLS JABABEKA
I100260219L064_S001,CDE PICKUP,400000,0,0,0,0,0,400000,S001 - WH KLS JABABEKA,PT. MERPATI ALAM SEMESTA,7,ON SCHEDULE,27,0,21.03.2026,21.02.2026,08.03.2026,14.04.2026,14.04.2026,28.04.2026,04.05.2026,,S001,WH KLS JABABEKA
I100260219L064_S001,CDE PICKUP,400000,0,0,0,0,0,400000,S001 - WH KLS JABABEKA,PT. MERPATI ALAM SEMESTA,7,ON SCHEDULE,27,0,21.03.2026,21.02.2026,08.03.2026,14.04.2026,14.04.2026,28.04.2026,04.05.2026,,S001,WH KLS JABABEKA
I100260219L066_S001,CDE PICKUP,200000,0,0,0,0,0,200000,S001 - WH KLS JABABEKA,PT. MERPATI ALAM SEMESTA,7,ON SCHEDULE,27,0,21.03.2026,21.02.2026,08.03.2026,14.04.2026,14.04.2026,28.04.2026,04.05.2026,,S001,WH KLS JABABEKA
I100260219L066_S001,CDE PICKUP,200000,0,0,0,0,0,200000,S001 - WH KLS JABABEKA,PT. MERPATI ALAM SEMESTA,7,ON SCHEDULE,27,0,21.03.2026,21.02.2026,08.03.2026,14.04.2026,14.04.2026,28.04.2026,04.05.2026,,S001,WH KLS JABABEKA
I100260219L067_S001,CDE PICKUP,8320000,0,0,0,0,0,8320000,S001 - WH KLS JABABEKA,PT. MERPATI ALAM SEMESTA,2,LATE,7,163,01.03.2026,21.02.2026,,,,,,,S001,WH KLS JABABEKA
I100260219L067_S001,CDE PICKUP,8320000,0,0,0,0,0,8320000,S001 - WH KLS JABABEKA,PT. MERPATI ALAM SEMESTA,2,LATE,7,163,01.03.2026,21.02.2026,,,,,,,S001,WH KLS JABABEKA
I100260219L068_S001,CDE PICKUP,0,0,0,0,0,0,0,S001 - WH KLS JABABEKA,PT. MERPATI ALAM SEMESTA,2,LATE,7,163,01.03.2026,21.02.2026,08.03.2026,,,,,,S001,WH KLS JABABEKA
I100260219L069_S001,CDE PICKUP,4632000,0,0,0,0,0,4632000,S001 - WH KLS JABABEKA,PT. MERPATI ALAM SEMESTA,7,ON SCHEDULE,27,0,21.03.2026,21.02.2026,08.03.2026,14.04.2026,14.04.2026,28.04.2026,04.05.2026,,S001,WH KLS JABABEKA
I100260219L069_S001,CDE PICKUP,4632000,0,0,0,0,0,4632000,S001 - WH KLS JABABEKA,PT. MERPATI ALAM SEMESTA,7,ON SCHEDULE,27,0,21.03.2026,21.02.2026,08.03.2026,14.04.2026,14.04.2026,28.04.2026,04.05.2026,,S001,WH KLS JABABEKA
I100260219L070_S001,CDE PICKUP,660000,0,0,0,0,0,660000,S001 - WH KLS JABABEKA,PT. MERPATI ALAM SEMESTA,7,ON SCHEDULE,27,0,21.03.2026,21.02.2026,08.03.2026,09.06.2026,14.06.2026,22.06.2026,25.06.2026,,S001,WH KLS JABABEKA
I100260219L070_S001,CDE PICKUP,660000,0,0,0,0,0,660000,S001 - WH KLS JABABEKA,PT. MERPATI ALAM SEMESTA,7,ON SCHEDULE,27,0,21.03.2026,21.02.2026,08.03.2026,09.06.2026,14.06.2026,22.06.2026,25.06.2026,,S001,WH KLS JABABEKA
I100260219L087_S001,MINI VAN BOX,385000,0,0,0,0,0,385000,S001 - WH KLS JABABEKA,FIRST LOGISTICS,7,ON SCHEDULE,27,0,21.03.2026,21.02.2026,08.03.2026,08.05.2026,08.05.2026,12.05.2026,20.05.2026,,S001,WH KLS JABABEKA
I100260219L087_S001,MINI VAN BOX,385000,0,0,0,0,0,385000,S001 - WH KLS JABABEKA,FIRST LOGISTICS,7,ON SCHEDULE,27,0,21.03.2026,21.02.2026,08.03.2026,08.05.2026,08.05.2026,12.05.2026,20.05.2026,,S001,WH KLS JABABEKA
I100260219L088_S001,FUSO LOSBAK,10000000,0,0,0,0,0,10000000,S001 - WH KLS JABABEKA,CV. BANGUN JASA TRANS,7,ON SCHEDULE,27,0,25.03.2026,25.02.2026,,04.03.2026,05.03.2026,05.03.2026,05.03.2026,,S001,WH KLS JABABEKA
I100260219L089_S001,MINI VAN BOX,592200,0,0,0,0,0,592200,S001 - WH KLS JABABEKA,FIRST LOGISTICS,7,ON SCHEDULE,27,0,21.03.2026,21.02.2026,02.03.2026,08.05.2026,08.05.2026,12.05.2026,20.05.2026,,S001,WH KLS JABABEKA
I100260219L089_S001,MINI VAN BOX,592200,0,0,0,0,0,592200,S001 - WH KLS JABABEKA,FIRST LOGISTICS,7,ON SCHEDULE,27,0,21.03.2026,21.02.2026,02.03.2026,08.05.2026,08.05.2026,12.05.2026,20.05.2026,,S001,WH KLS JABABEKA
I100260219L091_S001,MINI VAN BOX,343600,0,0,0,0,0,343600,S001 - WH KLS JABABEKA,FIRST LOGISTICS,7,ON SCHEDULE,27,0,21.03.2026,21.02.2026,08.03.2026,08.05.2026,08.05.2026,12.05.2026,20.05.2026,,S001,WH KLS JABABEKA
I100260219L091_S001,MINI VAN BOX,343600,0,0,0,0,0,343600,S001 - WH KLS JABABEKA,FIRST LOGISTICS,7,ON SCHEDULE,27,0,21.03.2026,21.02.2026,08.03.2026,08.05.2026,08.05.2026,12.05.2026,20.05.2026,,S001,WH KLS JABABEKA
I100260219L092_S001,MINI VAN BOX,333600,0,0,0,0,0,333600,S001 - WH KLS JABABEKA,FIRST LOGISTICS,7,ON SCHEDULE,27,0,21.03.2026,21.02.2026,02.03.2026,08.05.2026,08.05.2026,12.05.2026,20.05.2026,,S001,WH KLS JABABEKA
I100260219L092_S001,MINI VAN BOX,333600,0,0,0,0,0,333600,S001 - WH KLS JABABEKA,FIRST LOGISTICS,7,ON SCHEDULE,27,0,21.03.2026,21.02.2026,02.03.2026,08.05.2026,08.05.2026,12.05.2026,20.05.2026,,S001,WH KLS JABABEKA
I100260219L093_S001,MINI VAN BOX,3576000,0,0,0,0,0,3576000,S001 - WH KLS JABABEKA,FIRST LOGISTICS,7,ON SCHEDULE,27,0,21.03.2026,21.02.2026,02.03.2026,08.05.2026,08.05.2026,12.05.2026,20.05.2026,,S001,WH KLS JABABEKA
I100260219L093_S001,MINI VAN BOX,3576000,0,0,0,0,0,3576000,S001 - WH KLS JABABEKA,FIRST LOGISTICS,7,ON SCHEDULE,27,0,21.03.2026,21.02.2026,02.03.2026,08.05.2026,08.05.2026,12.05.2026,20.05.2026,,S001,WH KLS JABABEKA
I100260219L094_S001,MINI VAN BOX,0,0,0,0,0,0,0,S001 - WH KLS JABABEKA,FIRST LOGISTICS,2,LATE,7,163,01.03.2026,21.02.2026,02.03.2026,,,,,,S001,WH KLS JABABEKA
I100260219L096_S001,MINI VAN BOX,0,0,0,0,0,0,0,S001 - WH KLS JABABEKA,FIRST LOGISTICS,2,LATE,7,163,01.03.2026,21.02.2026,08.03.2026,,,,,,S001,WH KLS JABABEKA
I100260219L101_S001,CDE PICKUP,1951000,0,0,0,0,0,1951000,S001 - WH KLS JABABEKA,PT. MERPATI ALAM SEMESTA,7,ON SCHEDULE,27,0,21.03.2026,21.02.2026,08.03.2026,19.05.2026,25.05.2026,03.06.2026,05.06.2026,,S001,WH KLS JABABEKA
I100260219L101_S001,CDE PICKUP,1951000,0,0,0,0,0,1951000,S001 - WH KLS JABABEKA,PT. MERPATI ALAM SEMESTA,7,ON SCHEDULE,27,0,21.03.2026,21.02.2026,08.03.2026,19.05.2026,25.05.2026,03.06.2026,05.06.2026,,S001,WH KLS JABABEKA
I100260219T019_S001,CDD BAK,4500000,0,0,0,0,0,4500000,S001 - WH KLS JABABEKA,PT. HARI JAYA SEJAHTERA,7,ON SCHEDULE,29,0,21.03.2026,19.02.2026,25.02.2026,25.02.2026,25.02.2026,06.04.2026,06.04.2026,,S001,WH KLS JABABEKA
I100260220L003_S001,MINI VAN BOX,0,0,0,0,0,0,0,S001 - WH KLS JABABEKA,FIRST LOGISTICS,2,LATE,7,164,01.03.2026,21.02.2026,02.03.2026,,,,,,S001,WH KLS JABABEKA
I100260220L012_S001,CONT-20,14400000,0,0,300000,0,0,14700000,S001 - WH KLS JABABEKA,PT. SENTOSA PRIMA ABADI,7,ON SCHEDULE,39,0,05.04.2026,24.02.2026,06.03.2026,06.05.2026,08.05.2026,08.05.2026,08.05.2026,,S001,WH KLS JABABEKA
I100260220L013_S001,CDD BAK,7500000,0,0,0,900000,0,8400000,S001 - WH KLS JABABEKA,EKA CIPTA MANGGALA,7,ON SCHEDULE,31,0,28.03.2026,24.02.2026,26.02.2026,02.03.2026,03.03.2026,04.03.2026,04.03.2026,,S001,WH KLS JABABEKA
I100260220L013_S001,CDD BAK,7500000,0,0,0,900000,0,8400000,S001 - WH KLS JABABEKA,EKA CIPTA MANGGALA,7,ON SCHEDULE,31,0,28.03.2026,24.02.2026,26.02.2026,02.03.2026,03.03.2026,04.03.2026,04.03.2026,,S001,WH KLS JABABEKA
I100260220L013_S001,CDD BAK,7500000,0,0,0,900000,0,8400000,S001 - WH KLS JABABEKA,EKA CIPTA MANGGALA,7,ON SCHEDULE,31,0,28.03.2026,24.02.2026,26.02.2026,02.03.2026,03.03.2026,04.03.2026,04.03.2026,,S001,WH KLS JABABEKA
I100260220L013_S001,CDD BAK,7500000,0,0,0,900000,0,8400000,S001 - WH KLS JABABEKA,EKA CIPTA MANGGALA,7,ON SCHEDULE,31,0,28.03.2026,24.02.2026,26.02.2026,02.03.2026,03.03.2026,04.03.2026,04.03.2026,,S001,WH KLS JABABEKA
I100260220L023_S001,CONT-20,26900000,0,0,0,0,0,26900000,S001 - WH KLS JABABEKA,PT.PAUS BIRU LOGISTIK,7,ON SCHEDULE,40,0,06.04.2026,24.02.2026,26.03.2026,16.04.2026,17.04.2026,04.05.2026,07.05.2026,,S001,WH KLS JABABEKA
I100260220L048_S001,CDD PICK UP,9192200,0,0,0,0,0,9192200,S001 - WH KLS JABABEKA,BEPA IKA PEKASA,7,ON SCHEDULE,27,0,24.03.2026,24.02.2026,08.03.2026,07.04.2026,08.04.2026,08.04.2026,13.04.2026,,S001,WH KLS JABABEKA
I100260220L049_S001,CDD PICK UP,379500,0,0,0,0,0,379500,S001 - WH KLS JABABEKA,PT. Nusantara Cargo Line,7,ON SCHEDULE,27,0,21.03.2026,21.02.2026,02.03.2026,13.03.2026,13.03.2026,13.03.2026,13.03.2026,,S001,WH KLS JABABEKA
I100260220L049_S001,CDD PICK UP,379500,0,0,0,0,0,379500,S001 - WH KLS JABABEKA,PT. Nusantara Cargo Line,7,ON SCHEDULE,27,0,21.03.2026,21.02.2026,02.03.2026,13.03.2026,13.03.2026,13.03.2026,13.03.2026,,S001,WH KLS JABABEKA
I100260220L050_S001,CDD PICK UP,363000,0,0,0,0,0,363000,S001 - WH KLS JABABEKA,PT. Nusantara Cargo Line,7,ON SCHEDULE,27,0,21.03.2026,21.02.2026,02.03.2026,06.03.2026,07.03.2026,09.03.2026,09.03.2026,,S001,WH KLS JABABEKA
I100260220L050_S001,CDD PICK UP,363000,0,0,0,0,0,363000,S001 - WH KLS JABABEKA,PT. Nusantara Cargo Line,7,ON SCHEDULE,27,0,21.03.2026,21.02.2026,02.03.2026,06.03.2026,07.03.2026,09.03.2026,09.03.2026,,S001,WH KLS JABABEKA
I100260220L051_S001,CDD PICK UP,375000,0,0,0,0,0,375000,S001 - WH KLS JABABEKA,PT. Nusantara Cargo Line,7,ON SCHEDULE,27,0,21.03.2026,21.02.2026,26.02.2026,13.03.2026,13.03.2026,13.03.2026,13.03.2026,,S001,WH KLS JABABEKA
I100260220L051_S001,CDD PICK UP,375000,0,0,0,0,0,375000,S001 - WH KLS JABABEKA,PT. Nusantara Cargo Line,7,ON SCHEDULE,27,0,21.03.2026,21.02.2026,26.02.2026,13.03.2026,13.03.2026,13.03.2026,13.03.2026,,S001,WH KLS JABABEKA
I100260220L052_S001,CDD PICK UP,425000,0,0,0,0,0,425000,S001 - WH KLS JABABEKA,PT. Nusantara Cargo Line,7,ON SCHEDULE,27,0,21.03.2026,21.02.2026,02.03.2026,13.03.2026,13.03.2026,13.03.2026,13.03.2026,,S001,WH KLS JABABEKA
I100260220L052_S001,CDD PICK UP,425000,0,0,0,0,0,425000,S001 - WH KLS JABABEKA,PT. Nusantara Cargo Line,7,ON SCHEDULE,27,0,21.03.2026,21.02.2026,02.03.2026,13.03.2026,13.03.2026,13.03.2026,13.03.2026,,S001,WH KLS JABABEKA
I100260220L053_S001,CDD PICK UP,325000,0,0,0,0,0,325000,S001 - WH KLS JABABEKA,PT. Nusantara Cargo Line,7,ON SCHEDULE,27,0,21.03.2026,21.02.2026,25.02.2026,06.03.2026,07.03.2026,09.03.2026,09.03.2026,,S001,WH KLS JABABEKA
I100260220L053_S001,CDD PICK UP,325000,0,0,0,0,0,325000,S001 - WH KLS JABABEKA,PT. Nusantara Cargo Line,7,ON SCHEDULE,27,0,21.03.2026,21.02.2026,25.02.2026,06.03.2026,07.03.2026,09.03.2026,09.03.2026,,S001,WH KLS JABABEKA
I100260220L054_S001,CDD PICK UP,500000,0,0,0,0,0,500000,S001 - WH KLS JABABEKA,PT. Nusantara Cargo Line,7,ON SCHEDULE,27,0,21.03.2026,21.02.2026,27.02.2026,06.03.2026,07.03.2026,09.03.2026,09.03.2026,,S001,WH KLS JABABEKA
I100260220L054_S001,CDD PICK UP,500000,0,0,0,0,0,500000,S001 - WH KLS JABABEKA,PT. Nusantara Cargo Line,7,ON SCHEDULE,27,0,21.03.2026,21.02.2026,27.02.2026,06.03.2026,07.03.2026,09.03.2026,09.03.2026,,S001,WH KLS JABABEKA
I100260220L055_S001,CDD,550000,0,0,0,0,0,550000,S001 - WH KLS JABABEKA,PT. Nusantara Cargo Line,7,ON SCHEDULE,27,0,21.03.2026,21.02.2026,27.02.2026,06.03.2026,07.03.2026,09.03.2026,09.03.2026,,S001,WH KLS JABABEKA
I100260220L055_S001,CDD,550000,0,0,0,0,0,550000,S001 - WH KLS JABABEKA,PT. Nusantara Cargo Line,7,ON SCHEDULE,27,0,21.03.2026,21.02.2026,27.02.2026,06.03.2026,07.03.2026,09.03.2026,09.03.2026,,S001,WH KLS JABABEKA
I100260220L057_S001,CDD PICK UP,275000,0,0,0,0,0,275000,S001 - WH KLS JABABEKA,PT. Nusantara Cargo Line,7,ON SCHEDULE,27,0,21.03.2026,21.02.2026,25.02.2026,06.03.2026,07.03.2026,09.03.2026,09.03.2026,,S001,WH KLS JABABEKA
I100260220L057_S001,CDD PICK UP,275000,0,0,0,0,0,275000,S001 - WH KLS JABABEKA,PT. Nusantara Cargo Line,7,ON SCHEDULE,27,0,21.03.2026,21.02.2026,25.02.2026,06.03.2026,07.03.2026,09.03.2026,09.03.2026,,S001,WH KLS JABABEKA
I100260220L058_S001,CDD,0,0,0,0,0,0,0,S001 - WH KLS JABABEKA,FIRST LOGISTICS,2,LATE,7,160,04.03.2026,24.02.2026,08.03.2026,,,,,,S001,WH KLS JABABEKA
I100260220L059_S001,CDD PICK UP,700000,0,0,0,0,0,700000,S001 - WH KLS JABABEKA,PT. Nusantara Cargo Line,7,ON SCHEDULE,27,0,21.03.2026,21.02.2026,08.03.2026,13.03.2026,13.03.2026,13.03.2026,13.03.2026,,S001,WH KLS JABABEKA
I100260220L059_S001,CDD PICK UP,700000,0,0,0,0,0,700000,S001 - WH KLS JABABEKA,PT. Nusantara Cargo Line,7,ON SCHEDULE,27,0,21.03.2026,21.02.2026,08.03.2026,13.03.2026,13.03.2026,13.03.2026,13.03.2026,,S001,WH KLS JABABEKA
I100260220L061_S001,CDD PICK UP,871000,0,0,0,0,0,871000,S001 - WH KLS JABABEKA,PT. Nusantara Cargo Line,7,ON SCHEDULE,27,0,21.03.2026,21.02.2026,25.02.2026,06.03.2026,07.03.2026,09.03.2026,09.03.2026,,S001,WH KLS JABABEKA
I100260220L061_S001,CDD PICK UP,871000,0,0,0,0,0,871000,S001 - WH KLS JABABEKA,PT. Nusantara Cargo Line,7,ON SCHEDULE,27,0,21.03.2026,21.02.2026,25.02.2026,06.03.2026,07.03.2026,09.03.2026,09.03.2026,,S001,WH KLS JABABEKA
I100260220L063_S001,CDD PICK UP,275000,0,0,0,0,0,275000,S001 - WH KLS JABABEKA,PT. Nusantara Cargo Line,7,ON SCHEDULE,27,0,21.03.2026,21.02.2026,25.02.2026,06.03.2026,07.03.2026,09.03.2026,09.03.2026,,S001,WH KLS JABABEKA
I100260220L063_S001,CDD PICK UP,275000,0,0,0,0,0,275000,S001 - WH KLS JABABEKA,PT. Nusantara Cargo Line,7,ON SCHEDULE,27,0,21.03.2026,21.02.2026,25.02.2026,06.03.2026,07.03.2026,09.03.2026,09.03.2026,,S001,WH KLS JABABEKA
I100260220L064_S001,CDD PICK UP,1584000,0,0,0,0,0,1584000,S001 - WH KLS JABABEKA,PT. Nusantara Cargo Line,7,ON SCHEDULE,27,0,21.03.2026,21.02.2026,02.03.2026,06.03.2026,07.03.2026,09.03.2026,09.03.2026,,S001,WH KLS JABABEKA
I100260220L064_S001,CDD PICK UP,1584000,0,0,0,0,0,1584000,S001 - WH KLS JABABEKA,PT. Nusantara Cargo Line,7,ON SCHEDULE,27,0,21.03.2026,21.02.2026,02.03.2026,06.03.2026,07.03.2026,09.03.2026,09.03.2026,,S001,WH KLS JABABEKA
I100260220L065_S001,CDD PICK UP,275000,0,0,0,0,0,275000,S001 - WH KLS JABABEKA,PT. Nusantara Cargo Line,7,ON SCHEDULE,27,0,21.03.2026,21.02.2026,02.03.2026,06.03.2026,07.03.2026,09.03.2026,09.03.2026,,S001,WH KLS JABABEKA
I100260220L065_S001,CDD PICK UP,275000,0,0,0,0,0,275000,S001 - WH KLS JABABEKA,PT. Nusantara Cargo Line,7,ON SCHEDULE,27,0,21.03.2026,21.02.2026,02.03.2026,06.03.2026,07.03.2026,09.03.2026,09.03.2026,,S001,WH KLS JABABEKA
I100260220L066_S001,CDD PICK UP,325000,0,0,0,0,0,325000,S001 - WH KLS JABABEKA,PT. Nusantara Cargo Line,7,ON SCHEDULE,27,0,21.03.2026,21.02.2026,02.03.2026,06.03.2026,07.03.2026,09.03.2026,09.03.2026,,S001,WH KLS JABABEKA
I100260220L066_S001,CDD PICK UP,325000,0,0,0,0,0,325000,S001 - WH KLS JABABEKA,PT. Nusantara Cargo Line,7,ON SCHEDULE,27,0,21.03.2026,21.02.2026,02.03.2026,06.03.2026,07.03.2026,09.03.2026,09.03.2026,,S001,WH KLS JABABEKA
I100260220L067_S001,CDD PICK UP,325000,0,0,0,0,0,325000,S001 - WH KLS JABABEKA,PT. Nusantara Cargo Line,7,ON SCHEDULE,27,0,21.03.2026,21.02.2026,27.02.2026,06.03.2026,07.03.2026,09.03.2026,09.03.2026,,S001,WH KLS JABABEKA
I100260220L067_S001,CDD PICK UP,325000,0,0,0,0,0,325000,S001 - WH KLS JABABEKA,PT. Nusantara Cargo Line,7,ON SCHEDULE,27,0,21.03.2026,21.02.2026,27.02.2026,06.03.2026,07.03.2026,09.03.2026,09.03.2026,,S001,WH KLS JABABEKA
I100260220L070_S001,CDD PICK UP,275000,0,0,0,0,0,275000,S001 - WH KLS JABABEKA,PT. Nusantara Cargo Line,7,ON SCHEDULE,27,0,21.03.2026,21.02.2026,25.02.2026,06.03.2026,07.03.2026,09.03.2026,09.03.2026,,S001,WH KLS JABABEKA
I100260220L070_S001,CDD PICK UP,275000,0,0,0,0,0,275000,S001 - WH KLS JABABEKA,PT. Nusantara Cargo Line,7,ON SCHEDULE,27,0,21.03.2026,21.02.2026,25.02.2026,06.03.2026,07.03.2026,09.03.2026,09.03.2026,,S001,WH KLS JABABEKA
I100260220L072_S001,CDD PICK UP,225000,0,0,0,0,0,225000,S001 - WH KLS JABABEKA,PT. Nusantara Cargo Line,7,ON SCHEDULE,27,0,21.03.2026,21.02.2026,26.02.2026,11.03.2026,11.03.2026,12.03.2026,12.03.2026,,S001,WH KLS JABABEKA
I100260220L072_S001,CDD PICK UP,225000,0,0,0,0,0,225000,S001 - WH KLS JABABEKA,PT. Nusantara Cargo Line,7,ON SCHEDULE,27,0,21.03.2026,21.02.2026,26.02.2026,11.03.2026,11.03.2026,12.03.2026,12.03.2026,,S001,WH KLS JABABEKA
I100260220L074_S001,CDD PICK UP,300000,0,0,0,0,0,300000,S001 - WH KLS JABABEKA,PT. Nusantara Cargo Line,7,ON SCHEDULE,27,0,21.03.2026,21.02.2026,25.02.2026,06.03.2026,07.03.2026,09.03.2026,09.03.2026,,S001,WH KLS JABABEKA
I100260220L074_S001,CDD PICK UP,300000,0,0,0,0,0,300000,S001 - WH KLS JABABEKA,PT. Nusantara Cargo Line,7,ON SCHEDULE,27,0,21.03.2026,21.02.2026,25.02.2026,06.03.2026,07.03.2026,09.03.2026,09.03.2026,,S001,WH KLS JABABEKA
I100260220L075_S001,CDD PICK UP,787500,0,0,0,0,0,787500,S001 - WH KLS JABABEKA,PT. Nusantara Cargo Line,7,ON SCHEDULE,27,0,21.03.2026,21.02.2026,25.02.2026,06.03.2026,07.03.2026,09.03.2026,09.03.2026,,S001,WH KLS JABABEKA
I100260220L075_S001,CDD PICK UP,787500,0,0,0,0,0,787500,S001 - WH KLS JABABEKA,PT. Nusantara Cargo Line,7,ON SCHEDULE,27,0,21.03.2026,21.02.2026,25.02.2026,06.03.2026,07.03.2026,09.03.2026,09.03.2026,,S001,WH KLS JABABEKA
I100260220L084_S001,CDD PICK UP,1800000,0,0,0,0,0,1800000,S001 - WH KLS JABABEKA,BEPA IKA PEKASA,7,ON SCHEDULE,27,0,21.03.2026,21.02.2026,08.03.2026,08.04.2026,08.04.2026,08.04.2026,13.04.2026,,S001,WH KLS JABABEKA
I100260220L085_S001,CDD PICK UP,7014900,0,0,0,0,0,7014900,S001 - WH KLS JABABEKA,BEPA IKA PEKASA,7,ON SCHEDULE,27,0,21.03.2026,21.02.2026,08.03.2026,07.04.2026,08.04.2026,08.04.2026,13.04.2026,,S001,WH KLS JABABEKA
I100260220L086_S001,CDD PICK UP,1470000,0,0,0,0,0,1470000,S001 - WH KLS JABABEKA,BEPA IKA PEKASA,7,ON SCHEDULE,27,0,21.03.2026,21.02.2026,08.03.2026,07.04.2026,08.04.2026,08.04.2026,13.04.2026,,S001,WH KLS JABABEKA
I100260220L089_S001,FUSO LOSBAK,36000000,0,0,0,0,0,36000000,S001 - WH KLS JABABEKA,CV. BANGUN JASA TRANS,7,ON SCHEDULE,27,0,20.03.2026,20.02.2026,,03.03.2026,03.03.2026,03.03.2026,04.03.2026,,S001,WH KLS JABABEKA
I100260220L090_S001,CDE PICKUP,1512500,0,0,0,0,0,1512500,S001 - WH KLS JABABEKA,PT. Nusantara Cargo Line,7,ON SCHEDULE,27,0,21.03.2026,21.02.2026,02.03.2026,13.03.2026,13.03.2026,13.03.2026,13.03.2026,,S001,WH KLS JABABEKA
I100260220L090_S001,CDE PICKUP,1512500,0,0,0,0,0,1512500,S001 - WH KLS JABABEKA,PT. Nusantara Cargo Line,7,ON SCHEDULE,27,0,21.03.2026,21.02.2026,02.03.2026,13.03.2026,13.03.2026,13.03.2026,13.03.2026,,S001,WH KLS JABABEKA
I100260220L091_S001,CDE PICKUP,3861000,0,0,0,0,0,3861000,S001 - WH KLS JABABEKA,PT. Nusantara Cargo Line,7,ON SCHEDULE,27,0,21.03.2026,21.02.2026,26.02.2026,02.03.2026,02.03.2026,05.03.2026,05.03.2026,,S001,WH KLS JABABEKA
I100260220L091_S001,CDE PICKUP,3861000,0,0,0,0,0,3861000,S001 - WH KLS JABABEKA,PT. Nusantara Cargo Line,7,ON SCHEDULE,27,0,21.03.2026,21.02.2026,26.02.2026,02.03.2026,02.03.2026,05.03.2026,05.03.2026,,S001,WH KLS JABABEKA
I100260220L092_S001,CDE PICKUP,4158000,0,0,0,0,0,4158000,S001 - WH KLS JABABEKA,PT. Nusantara Cargo Line,7,ON SCHEDULE,27,0,21.03.2026,21.02.2026,02.03.2026,27.03.2026,31.03.2026,31.03.2026,31.03.2026,,S001,WH KLS JABABEKA
I100260220L092_S001,CDE PICKUP,4158000,0,0,0,0,0,4158000,S001 - WH KLS JABABEKA,PT. Nusantara Cargo Line,7,ON SCHEDULE,27,0,21.03.2026,21.02.2026,02.03.2026,27.03.2026,31.03.2026,31.03.2026,31.03.2026,,S001,WH KLS JABABEKA
I100260220L093_S001,CDE PICKUP,2922000,0,0,0,0,0,2922000,S001 - WH KLS JABABEKA,PT. MERPATI ALAM SEMESTA,7,ON SCHEDULE,27,0,21.03.2026,21.02.2026,08.03.2026,19.05.2026,25.05.2026,03.06.2026,05.06.2026,,S001,WH KLS JABABEKA
I100260220L093_S001,CDE PICKUP,2922000,0,0,0,0,0,2922000,S001 - WH KLS JABABEKA,PT. MERPATI ALAM SEMESTA,7,ON SCHEDULE,27,0,21.03.2026,21.02.2026,08.03.2026,19.05.2026,25.05.2026,03.06.2026,05.06.2026,,S001,WH KLS JABABEKA
I100260220L094_S001,FUSO LOSBAK,26000000,0,0,0,0,0,26000000,S001 - WH KLS JABABEKA,CV. BANGUN JASA TRANS,7,ON SCHEDULE,27,0,26.03.2026,26.02.2026,,09.03.2026,10.03.2026,10.03.2026,11.03.2026,,S001,WH KLS JABABEKA
I100260220L097_S001,MINI VAN BOX,77000,0,0,0,0,0,77000,S001 - WH KLS JABABEKA,FIRST LOGISTICS,7,ON SCHEDULE,27,0,21.03.2026,21.02.2026,08.03.2026,08.05.2026,08.05.2026,12.05.2026,20.05.2026,,S001,WH KLS JABABEKA
I100260220L097_S001,MINI VAN BOX,77000,0,0,0,0,0,77000,S001 - WH KLS JABABEKA,FIRST LOGISTICS,7,ON SCHEDULE,27,0,21.03.2026,21.02.2026,08.03.2026,08.05.2026,08.05.2026,12.05.2026,20.05.2026,,S001,WH KLS JABABEKA
I100260220L098_S001,MINI VAN BOX,300650,0,0,0,0,0,300650,S001 - WH KLS JABABEKA,FIRST LOGISTICS,7,ON SCHEDULE,27,0,21.03.2026,21.02.2026,08.03.2026,08.05.2026,08.05.2026,12.05.2026,20.05.2026,,S001,WH KLS JABABEKA
I100260220L098_S001,MINI VAN BOX,300650,0,0,0,0,0,300650,S001 - WH KLS JABABEKA,FIRST LOGISTICS,7,ON SCHEDULE,27,0,21.03.2026,21.02.2026,08.03.2026,08.05.2026,08.05.2026,12.05.2026,20.05.2026,,S001,WH KLS JABABEKA
I100260220L099_S001,MINI VAN BOX,2250600,0,0,0,0,0,2250600,S001 - WH KLS JABABEKA,FIRST LOGISTICS,7,ON SCHEDULE,27,0,21.03.2026,21.02.2026,02.03.2026,08.05.2026,08.05.2026,12.05.2026,20.05.2026,,S001,WH KLS JABABEKA
I100260220L099_S001,MINI VAN BOX,2250600,0,0,0,0,0,2250600,S001 - WH KLS JABABEKA,FIRST LOGISTICS,7,ON SCHEDULE,27,0,21.03.2026,21.02.2026,02.03.2026,08.05.2026,08.05.2026,12.05.2026,20.05.2026,,S001,WH KLS JABABEKA
I100260220L101_S001,MINI VAN BOX,82500,0,0,0,0,0,82500,S001 - WH KLS JABABEKA,FIRST LOGISTICS,7,ON SCHEDULE,27,0,21.03.2026,21.02.2026,02.03.2026,08.05.2026,08.05.2026,12.05.2026,20.05.2026,,S001,WH KLS JABABEKA
I100260220L101_S001,MINI VAN BOX,82500,0,0,0,0,0,82500,S001 - WH KLS JABABEKA,FIRST LOGISTICS,7,ON SCHEDULE,27,0,21.03.2026,21.02.2026,02.03.2026,08.05.2026,08.05.2026,12.05.2026,20.05.2026,,S001,WH KLS JABABEKA
I100260220L102_S001,MINI VAN BOX,2587500,0,0,0,0,0,2587500,S001 - WH KLS JABABEKA,FIRST LOGISTICS,7,ON SCHEDULE,27,0,24.03.2026,24.02.2026,08.03.2026,08.05.2026,08.05.2026,12.05.2026,20.05.2026,,S001,WH KLS JABABEKA
I100260220L102_S001,MINI VAN BOX,2587500,0,0,0,0,0,2587500,S001 - WH KLS JABABEKA,FIRST LOGISTICS,7,ON SCHEDULE,27,0,24.03.2026,24.02.2026,08.03.2026,08.05.2026,08.05.2026,12.05.2026,20.05.2026,,S001,WH KLS JABABEKA
I100260220L103_S001,MINI VAN BOX,379950,0,0,0,0,0,379950,S001 - WH KLS JABABEKA,FIRST LOGISTICS,7,ON SCHEDULE,27,0,21.03.2026,21.02.2026,02.03.2026,08.05.2026,08.05.2026,12.05.2026,20.05.2026,,S001,WH KLS JABABEKA
I100260220L103_S001,MINI VAN BOX,379950,0,0,0,0,0,379950,S001 - WH KLS JABABEKA,FIRST LOGISTICS,7,ON SCHEDULE,27,0,21.03.2026,21.02.2026,02.03.2026,08.05.2026,08.05.2026,12.05.2026,20.05.2026,,S001,WH KLS JABABEKA
I100260220L104_S001,MINI VAN BOX,354200,0,0,0,0,0,354200,S001 - WH KLS JABABEKA,FIRST LOGISTICS,7,ON SCHEDULE,27,0,21.03.2026,21.02.2026,02.03.2026,08.05.2026,08.05.2026,12.05.2026,20.05.2026,,S001,WH KLS JABABEKA
I100260220L104_S001,MINI VAN BOX,354200,0,0,0,0,0,354200,S001 - WH KLS JABABEKA,FIRST LOGISTICS,7,ON SCHEDULE,27,0,21.03.2026,21.02.2026,02.03.2026,08.05.2026,08.05.2026,12.05.2026,20.05.2026,,S001,WH KLS JABABEKA
I100260220L106_S001,MINI VAN BOX,593000,0,0,0,0,0,593000,S001 - WH KLS JABABEKA,FIRST LOGISTICS,7,ON SCHEDULE,27,0,24.03.2026,24.02.2026,02.03.2026,08.05.2026,08.05.2026,12.05.2026,20.05.2026,,S001,WH KLS JABABEKA
I100260220L106_S001,MINI VAN BOX,593000,0,0,0,0,0,593000,S001 - WH KLS JABABEKA,FIRST LOGISTICS,7,ON SCHEDULE,27,0,24.03.2026,24.02.2026,02.03.2026,08.05.2026,08.05.2026,12.05.2026,20.05.2026,,S001,WH KLS JABABEKA
I100260220L110_S001,CDE PICKUP,275000,0,0,0,0,0,275000,S001 - WH KLS JABABEKA,PT. Nusantara Cargo Line,7,ON SCHEDULE,27,0,24.03.2026,24.02.2026,02.03.2026,06.03.2026,07.03.2026,09.03.2026,09.03.2026,,S001,WH KLS JABABEKA
I100260220L110_S001,CDE PICKUP,275000,0,0,0,0,0,275000,S001 - WH KLS JABABEKA,PT. Nusantara Cargo Line,7,ON SCHEDULE,27,0,24.03.2026,24.02.2026,02.03.2026,06.03.2026,07.03.2026,09.03.2026,09.03.2026,,S001,WH KLS JABABEKA
I100260220L111_S001,MINI VAN BOX,0,0,0,0,0,0,0,S001 - WH KLS JABABEKA,FIRST LOGISTICS,2,LATE,7,160,04.03.2026,24.02.2026,02.03.2026,,,,,,S001,WH KLS JABABEKA
I100260221L031_S001,CDD BAK,5100000,0,0,0,1100000,0,6200000,S001 - WH KLS JABABEKA,PT. HARI JAYA SEJAHTERA,7,ON SCHEDULE,29,0,23.03.2026,21.02.2026,25.02.2026,27.02.2026,27.02.2026,06.04.2026,06.04.2026,,S001,WH KLS JABABEKA
I100260221L031_S001,CDD BAK,5100000,0,0,0,1100000,0,6200000,S001 - WH KLS JABABEKA,PT. HARI JAYA SEJAHTERA,7,ON SCHEDULE,29,0,23.03.2026,21.02.2026,25.02.2026,27.02.2026,27.02.2026,06.04.2026,06.04.2026,,S001,WH KLS JABABEKA
I100260221L031_S001,CDD BAK,5100000,0,0,0,1100000,0,6200000,S001 - WH KLS JABABEKA,PT. HARI JAYA SEJAHTERA,7,ON SCHEDULE,29,0,23.03.2026,21.02.2026,25.02.2026,27.02.2026,27.02.2026,06.04.2026,06.04.2026,,S001,WH KLS JABABEKA
I100260221L032_S001,CDD BAK,5300000,0,0,0,800000,900000,7000000,S001 - WH KLS JABABEKA,EKA CIPTA MANGGALA,7,ON SCHEDULE,29,0,23.03.2026,21.02.2026,,03.03.2026,03.03.2026,04.03.2026,04.03.2026,,S001,WH KLS JABABEKA
I100260221L032_S001,CDD BAK,5300000,0,0,0,800000,900000,7000000,S001 - WH KLS JABABEKA,EKA CIPTA MANGGALA,7,ON SCHEDULE,29,0,23.03.2026,21.02.2026,,03.03.2026,03.03.2026,04.03.2026,04.03.2026,,S001,WH KLS JABABEKA
I100260221L032_S001,CDD BAK,5300000,0,0,0,800000,900000,7000000,S001 - WH KLS JABABEKA,EKA CIPTA MANGGALA,7,ON SCHEDULE,29,0,23.03.2026,21.02.2026,,03.03.2026,03.03.2026,04.03.2026,04.03.2026,,S001,WH KLS JABABEKA
I100260221L032_S001,CDD BAK,5300000,0,0,0,800000,900000,7000000,S001 - WH KLS JABABEKA,EKA CIPTA MANGGALA,7,ON SCHEDULE,29,0,23.03.2026,21.02.2026,,03.03.2026,03.03.2026,04.03.2026,04.03.2026,,S001,WH KLS JABABEKA
I100260221L041_S001,CDE PICKUP,4083000,0,0,0,0,0,4083000,S001 - WH KLS JABABEKA,PT. MERPATI ALAM SEMESTA,7,ON SCHEDULE,27,0,21.03.2026,21.02.2026,09.03.2026,19.05.2026,25.05.2026,03.06.2026,05.06.2026,,S001,WH KLS JABABEKA
I100260221L041_S001,CDE PICKUP,4083000,0,0,0,0,0,4083000,S001 - WH KLS JABABEKA,PT. MERPATI ALAM SEMESTA,7,ON SCHEDULE,27,0,21.03.2026,21.02.2026,09.03.2026,19.05.2026,25.05.2026,03.06.2026,05.06.2026,,S001,WH KLS JABABEKA
I100260221L047_S001,CDE PICKUP,54000,0,0,0,0,0,54000,S001 - WH KLS JABABEKA,PT. MERPATI ALAM SEMESTA,7,ON SCHEDULE,27,0,21.03.2026,21.02.2026,09.03.2026,14.04.2026,14.04.2026,28.04.2026,29.04.2026,,S001,WH KLS JABABEKA
I100260221L047_S001,CDE PICKUP,54000,0,0,0,0,0,54000,S001 - WH KLS JABABEKA,PT. MERPATI ALAM SEMESTA,7,ON SCHEDULE,27,0,21.03.2026,21.02.2026,09.03.2026,14.04.2026,14.04.2026,28.04.2026,29.04.2026,,S001,WH KLS JABABEKA
I100260221L048_S001,CDE PICKUP,607500,0,0,0,0,0,607500,S001 - WH KLS JABABEKA,PT. MERPATI ALAM SEMESTA,7,ON SCHEDULE,27,0,21.03.2026,21.02.2026,09.03.2026,14.04.2026,14.04.2026,28.04.2026,04.05.2026,,S001,WH KLS JABABEKA
I100260221L048_S001,CDE PICKUP,607500,0,0,0,0,0,607500,S001 - WH KLS JABABEKA,PT. MERPATI ALAM SEMESTA,7,ON SCHEDULE,27,0,21.03.2026,21.02.2026,09.03.2026,14.04.2026,14.04.2026,28.04.2026,04.05.2026,,S001,WH KLS JABABEKA
I100260221L049_S001,CDE PICKUP,62250,0,0,0,0,0,62250,S001 - WH KLS JABABEKA,PT. MERPATI ALAM SEMESTA,7,ON SCHEDULE,27,0,21.03.2026,21.02.2026,09.03.2026,14.04.2026,14.04.2026,28.04.2026,04.05.2026,,S001,WH KLS JABABEKA
I100260221L049_S001,CDE PICKUP,62250,0,0,0,0,0,62250,S001 - WH KLS JABABEKA,PT. MERPATI ALAM SEMESTA,7,ON SCHEDULE,27,0,21.03.2026,21.02.2026,09.03.2026,14.04.2026,14.04.2026,28.04.2026,04.05.2026,,S001,WH KLS JABABEKA
I100260221L050_S001,CDD BAK,1586000,0,0,0,0,0,1586000,S001 - WH KLS JABABEKA,PT. MERPATI ALAM SEMESTA,7,ON SCHEDULE,27,0,21.03.2026,21.02.2026,09.03.2026,14.04.2026,14.04.2026,28.04.2026,04.05.2026,,S001,WH KLS JABABEKA
I100260221L050_S001,CDD BAK,1586000,0,0,0,0,0,1586000,S001 - WH KLS JABABEKA,PT. MERPATI ALAM SEMESTA,7,ON SCHEDULE,27,0,21.03.2026,21.02.2026,09.03.2026,14.04.2026,14.04.2026,28.04.2026,04.05.2026,,S001,WH KLS JABABEKA
I100260221L052_S001,CDE PICKUP,26625,0,0,0,0,0,26625,S001 - WH KLS JABABEKA,PT. MERPATI ALAM SEMESTA,6,LATE,27,163,21.03.2026,21.02.2026,09.03.2026,20.07.2026,24.07.2026,27.07.2026,03.08.2026,,S001,WH KLS JABABEKA
I100260221L052_S001,CDE PICKUP,26625,0,0,0,0,0,26625,S001 - WH KLS JABABEKA,PT. MERPATI ALAM SEMESTA,6,LATE,27,163,21.03.2026,21.02.2026,09.03.2026,20.07.2026,24.07.2026,27.07.2026,03.08.2026,,S001,WH KLS JABABEKA
I100260221L053_S001,CDD BAK,506250,0,0,0,0,0,506250,S001 - WH KLS JABABEKA,PT. MERPATI ALAM SEMESTA,7,ON SCHEDULE,27,0,21.03.2026,21.02.2026,09.03.2026,14.04.2026,14.04.2026,28.04.2026,04.05.2026,,S001,WH KLS JABABEKA
I100260221L053_S001,CDD BAK,506250,0,0,0,0,0,506250,S001 - WH KLS JABABEKA,PT. MERPATI ALAM SEMESTA,7,ON SCHEDULE,27,0,21.03.2026,21.02.2026,09.03.2026,14.04.2026,14.04.2026,28.04.2026,04.05.2026,,S001,WH KLS JABABEKA
I100260221L054_S001,CDD BAK,21000,0,0,0,0,0,21000,S001 - WH KLS JABABEKA,PT. MERPATI ALAM SEMESTA,7,ON SCHEDULE,27,0,21.03.2026,21.02.2026,09.03.2026,14.04.2026,14.04.2026,28.04.2026,04.05.2026,,S001,WH KLS JABABEKA
I100260221L054_S001,CDD BAK,21000,0,0,0,0,0,21000,S001 - WH KLS JABABEKA,PT. MERPATI ALAM SEMESTA,7,ON SCHEDULE,27,0,21.03.2026,21.02.2026,09.03.2026,14.04.2026,14.04.2026,28.04.2026,04.05.2026,,S001,WH KLS JABABEKA
I100260221L055_S001,CDD BAK,67125,0,0,0,0,0,67125,S001 - WH KLS JABABEKA,PT. MERPATI ALAM SEMESTA,7,ON SCHEDULE,27,0,21.03.2026,21.02.2026,09.03.2026,14.04.2026,14.04.2026,28.04.2026,04.05.2026,,S001,WH KLS JABABEKA
I100260221L055_S001,CDD BAK,67125,0,0,0,0,0,67125,S001 - WH KLS JABABEKA,PT. MERPATI ALAM SEMESTA,7,ON SCHEDULE,27,0,21.03.2026,21.02.2026,09.03.2026,14.04.2026,14.04.2026,28.04.2026,04.05.2026,,S001,WH KLS JABABEKA
I100260221L056_S001,CDD BAK,101250,0,0,0,0,0,101250,S001 - WH KLS JABABEKA,PT. MERPATI ALAM SEMESTA,7,ON SCHEDULE,27,0,21.03.2026,21.02.2026,09.03.2026,14.04.2026,14.04.2026,28.04.2026,04.05.2026,,S001,WH KLS JABABEKA
I100260221L056_S001,CDD BAK,101250,0,0,0,0,0,101250,S001 - WH KLS JABABEKA,PT. MERPATI ALAM SEMESTA,7,ON SCHEDULE,27,0,21.03.2026,21.02.2026,09.03.2026,14.04.2026,14.04.2026,28.04.2026,04.05.2026,,S001,WH KLS JABABEKA
I100260221L083_S001,MINI VAN BOX,1116700,0,0,0,0,0,1116700,S001 - WH KLS JABABEKA,FIRST LOGISTICS,7,ON SCHEDULE,27,0,21.03.2026,21.02.2026,08.03.2026,08.05.2026,08.05.2026,12.05.2026,20.05.2026,,S001,WH KLS JABABEKA
I100260221L083_S001,MINI VAN BOX,1116700,0,0,0,0,0,1116700,S001 - WH KLS JABABEKA,FIRST LOGISTICS,7,ON SCHEDULE,27,0,21.03.2026,21.02.2026,08.03.2026,08.05.2026,08.05.2026,12.05.2026,20.05.2026,,S001,WH KLS JABABEKA
I100260221L084_S001,MINI VAN BOX,1612100,0,0,0,0,0,1612100,S001 - WH KLS JABABEKA,FIRST LOGISTICS,7,ON SCHEDULE,27,0,21.03.2026,21.02.2026,02.03.2026,08.05.2026,08.05.2026,12.05.2026,20.05.2026,,S001,WH KLS JABABEKA
I100260221L084_S001,MINI VAN BOX,1612100,0,0,0,0,0,1612100,S001 - WH KLS JABABEKA,FIRST LOGISTICS,7,ON SCHEDULE,27,0,21.03.2026,21.02.2026,02.03.2026,08.05.2026,08.05.2026,12.05.2026,20.05.2026,,S001,WH KLS JABABEKA
I100260221L085_S001,MINI VAN BOX,208200,0,0,0,0,0,208200,S001 - WH KLS JABABEKA,FIRST LOGISTICS,7,ON SCHEDULE,27,0,21.03.2026,21.02.2026,02.03.2026,08.05.2026,08.05.2026,12.05.2026,20.05.2026,,S001,WH KLS JABABEKA
I100260221L085_S001,MINI VAN BOX,208200,0,0,0,0,0,208200,S001 - WH KLS JABABEKA,FIRST LOGISTICS,7,ON SCHEDULE,27,0,21.03.2026,21.02.2026,02.03.2026,08.05.2026,08.05.2026,12.05.2026,20.05.2026,,S001,WH KLS JABABEKA
I100260221L086_S001,MINI VAN BOX,869550,0,0,0,0,0,869550,S001 - WH KLS JABABEKA,FIRST LOGISTICS,7,ON SCHEDULE,27,0,24.03.2026,24.02.2026,02.03.2026,08.05.2026,08.05.2026,12.05.2026,20.05.2026,,S001,WH KLS JABABEKA
I100260221L086_S001,MINI VAN BOX,869550,0,0,0,0,0,869550,S001 - WH KLS JABABEKA,FIRST LOGISTICS,7,ON SCHEDULE,27,0,24.03.2026,24.02.2026,02.03.2026,08.05.2026,08.05.2026,12.05.2026,20.05.2026,,S001,WH KLS JABABEKA
I100260221L087_S001,MINI VAN BOX,0,0,0,0,0,0,0,S001 - WH KLS JABABEKA,FIRST LOGISTICS,2,LATE,7,163,01.03.2026,21.02.2026,02.03.2026,,,,,,S001,WH KLS JABABEKA
I100260221L088_S001,MINI VAN BOX,1925000,0,0,0,0,0,1925000,S001 - WH KLS JABABEKA,FIRST LOGISTICS,7,ON SCHEDULE,27,0,21.03.2026,21.02.2026,08.03.2026,08.05.2026,08.05.2026,12.05.2026,20.05.2026,,S001,WH KLS JABABEKA
I100260221L088_S001,MINI VAN BOX,1925000,0,0,0,0,0,1925000,S001 - WH KLS JABABEKA,FIRST LOGISTICS,7,ON SCHEDULE,27,0,21.03.2026,21.02.2026,08.03.2026,08.05.2026,08.05.2026,12.05.2026,20.05.2026,,S001,WH KLS JABABEKA
I100260221L092_S001,CDD BAK,552000,0,0,0,0,0,552000,S001 - WH KLS JABABEKA,PT. MERPATI ALAM SEMESTA,7,ON SCHEDULE,27,0,21.03.2026,21.02.2026,09.03.2026,19.05.2026,25.05.2026,03.06.2026,05.06.2026,,S001,WH KLS JABABEKA
I100260221L092_S001,CDD BAK,552000,0,0,0,0,0,552000,S001 - WH KLS JABABEKA,PT. MERPATI ALAM SEMESTA,7,ON SCHEDULE,27,0,21.03.2026,21.02.2026,09.03.2026,19.05.2026,25.05.2026,03.06.2026,05.06.2026,,S001,WH KLS JABABEKA
I100260222C141_S001,FUSO LOSBAK,2600000,0,0,0,0,0,2600000,S001 - WH KLS JABABEKA,CV. BANGUN JASA TRANS,7,ON SCHEDULE,27,0,22.03.2026,22.02.2026,25.02.2026,25.02.2026,27.02.2026,03.03.2026,04.03.2026,,S001,WH KLS JABABEKA
I100260222L029_S001,CDD BAK,3700000,0,0,0,800000,0,4500000,S001 - WH KLS JABABEKA,EKA CIPTA MANGGALA,7,ON SCHEDULE,28,0,23.03.2026,22.02.2026,25.02.2026,02.03.2026,03.03.2026,04.03.2026,04.03.2026,,S001,WH KLS JABABEKA
I100260222L029_S001,CDD BAK,3700000,0,0,0,800000,0,4500000,S001 - WH KLS JABABEKA,EKA CIPTA MANGGALA,7,ON SCHEDULE,28,0,23.03.2026,22.02.2026,25.02.2026,02.03.2026,03.03.2026,04.03.2026,04.03.2026,,S001,WH KLS JABABEKA
I100260222L029_S001,CDD BAK,3700000,0,0,0,800000,0,4500000,S001 - WH KLS JABABEKA,EKA CIPTA MANGGALA,7,ON SCHEDULE,28,0,23.03.2026,22.02.2026,25.02.2026,02.03.2026,03.03.2026,04.03.2026,04.03.2026,,S001,WH KLS JABABEKA
I100260222L029_S001,CDD BAK,3700000,0,0,0,800000,0,4500000,S001 - WH KLS JABABEKA,EKA CIPTA MANGGALA,7,ON SCHEDULE,28,0,23.03.2026,22.02.2026,25.02.2026,02.03.2026,03.03.2026,04.03.2026,04.03.2026,,S001,WH KLS JABABEKA
I100260222L030_S001,CDD BAK,4000000,0,0,0,1200000,0,5200000,S001 - WH KLS JABABEKA,EKA CIPTA MANGGALA,7,ON SCHEDULE,28,0,23.03.2026,22.02.2026,25.02.2026,02.03.2026,03.03.2026,04.03.2026,04.03.2026,,S001,WH KLS JABABEKA
I100260222L030_S001,CDD BAK,4000000,0,0,0,1200000,0,5200000,S001 - WH KLS JABABEKA,EKA CIPTA MANGGALA,7,ON SCHEDULE,28,0,23.03.2026,22.02.2026,25.02.2026,02.03.2026,03.03.2026,04.03.2026,04.03.2026,,S001,WH KLS JABABEKA
I100260222L030_S001,CDD BAK,4000000,0,0,0,1200000,0,5200000,S001 - WH KLS JABABEKA,EKA CIPTA MANGGALA,7,ON SCHEDULE,28,0,23.03.2026,22.02.2026,25.02.2026,02.03.2026,03.03.2026,04.03.2026,04.03.2026,,S001,WH KLS JABABEKA
I100260222L030_S001,CDD BAK,4000000,0,0,0,1200000,0,5200000,S001 - WH KLS JABABEKA,EKA CIPTA MANGGALA,7,ON SCHEDULE,28,0,23.03.2026,22.02.2026,25.02.2026,02.03.2026,03.03.2026,04.03.2026,04.03.2026,,S001,WH KLS JABABEKA
I100260222L030_S001,CDD BAK,4000000,0,0,0,1200000,0,5200000,S001 - WH KLS JABABEKA,EKA CIPTA MANGGALA,7,ON SCHEDULE,28,0,23.03.2026,22.02.2026,25.02.2026,02.03.2026,03.03.2026,04.03.2026,04.03.2026,,S001,WH KLS JABABEKA
I100260222L030_S001,CDD BAK,4000000,0,0,0,1200000,0,5200000,S001 - WH KLS JABABEKA,EKA CIPTA MANGGALA,7,ON SCHEDULE,28,0,23.03.2026,22.02.2026,25.02.2026,02.03.2026,03.03.2026,04.03.2026,04.03.2026,,S001,WH KLS JABABEKA
I100260222L031_S001,CDD BAK,13500000,0,0,0,1500000,0,15000000,S001 - WH KLS JABABEKA,EKA CIPTA MANGGALA,7,ON SCHEDULE,29,0,24.03.2026,22.02.2026,26.02.2026,02.03.2026,03.03.2026,04.03.2026,04.03.2026,,S001,WH KLS JABABEKA
I100260222L031_S001,CDD BAK,13500000,0,0,0,1500000,0,15000000,S001 - WH KLS JABABEKA,EKA CIPTA MANGGALA,7,ON SCHEDULE,29,0,24.03.2026,22.02.2026,26.02.2026,02.03.2026,03.03.2026,04.03.2026,04.03.2026,,S001,WH KLS JABABEKA
I100260222L031_S001,CDD BAK,13500000,0,0,0,1500000,0,15000000,S001 - WH KLS JABABEKA,EKA CIPTA MANGGALA,7,ON SCHEDULE,29,0,24.03.2026,22.02.2026,26.02.2026,02.03.2026,03.03.2026,04.03.2026,04.03.2026,,S001,WH KLS JABABEKA
I100260222L031_S001,CDD BAK,13500000,0,0,0,1500000,0,15000000,S001 - WH KLS JABABEKA,EKA CIPTA MANGGALA,7,ON SCHEDULE,29,0,24.03.2026,22.02.2026,26.02.2026,02.03.2026,03.03.2026,04.03.2026,04.03.2026,,S001,WH KLS JABABEKA
I100260222L037_S001,CDD BAK,4100000,0,0,0,800000,0,4900000,S001 - WH KLS JABABEKA,EKA CIPTA MANGGALA,7,ON SCHEDULE,27,0,22.03.2026,22.02.2026,25.02.2026,02.03.2026,03.03.2026,04.03.2026,04.03.2026,,S001,WH KLS JABABEKA
I100260222L037_S001,CDD BAK,4100000,0,0,0,800000,0,4900000,S001 - WH KLS JABABEKA,EKA CIPTA MANGGALA,7,ON SCHEDULE,27,0,22.03.2026,22.02.2026,25.02.2026,02.03.2026,03.03.2026,04.03.2026,04.03.2026,,S001,WH KLS JABABEKA
I100260222L037_S001,CDD BAK,4100000,0,0,0,800000,0,4900000,S001 - WH KLS JABABEKA,EKA CIPTA MANGGALA,7,ON SCHEDULE,27,0,22.03.2026,22.02.2026,25.02.2026,02.03.2026,03.03.2026,04.03.2026,04.03.2026,,S001,WH KLS JABABEKA
I100260222L037_S001,CDD BAK,4100000,0,0,0,800000,0,4900000,S001 - WH KLS JABABEKA,EKA CIPTA MANGGALA,7,ON SCHEDULE,27,0,22.03.2026,22.02.2026,25.02.2026,02.03.2026,03.03.2026,04.03.2026,04.03.2026,,S001,WH KLS JABABEKA
I100260222L047_S001,CDD BAK,4500000,0,0,0,550000,1252000,6302000,S001 - WH KLS JABABEKA,PT. HARI JAYA SEJAHTERA,7,ON SCHEDULE,27,0,22.03.2026,22.02.2026,26.02.2026,04.03.2026,05.03.2026,06.04.2026,06.04.2026,,S001,WH KLS JABABEKA
I100260222L047_S001,CDD BAK,4500000,0,0,0,550000,1252000,6302000,S001 - WH KLS JABABEKA,PT. HARI JAYA SEJAHTERA,7,ON SCHEDULE,27,0,22.03.2026,22.02.2026,26.02.2026,04.03.2026,05.03.2026,06.04.2026,06.04.2026,,S001,WH KLS JABABEKA
I100260223L010_S001,MINI VAN BOX,4563300,0,0,0,0,0,4563300,S001 - WH KLS JABABEKA,FIRST LOGISTICS,7,ON SCHEDULE,27,0,24.03.2026,24.02.2026,02.03.2026,08.05.2026,08.05.2026,12.05.2026,20.05.2026,,S001,WH KLS JABABEKA
I100260223L010_S001,MINI VAN BOX,4563300,0,0,0,0,0,4563300,S001 - WH KLS JABABEKA,FIRST LOGISTICS,7,ON SCHEDULE,27,0,24.03.2026,24.02.2026,02.03.2026,08.05.2026,08.05.2026,12.05.2026,20.05.2026,,S001,WH KLS JABABEKA
I100260223L017_S001,TRAILER,19500000,0,0,0,0,0,19500000,S001 - WH KLS JABABEKA,CV. BANGUN JASA TRANS,7,ON SCHEDULE,27,0,25.03.2026,25.02.2026,,03.03.2026,03.03.2026,03.03.2026,04.03.2026,,S001,WH KLS JABABEKA
I100260223L018_S001,TRAILER,19500000,0,0,0,0,0,19500000,S001 - WH KLS JABABEKA,CV. BANGUN JASA TRANS,7,ON SCHEDULE,27,0,25.03.2026,25.02.2026,,03.03.2026,03.03.2026,03.03.2026,04.03.2026,,S001,WH KLS JABABEKA
I100260223L019_S001,TRAILER,17500000,0,0,0,0,0,17500000,S001 - WH KLS JABABEKA,CV. BANGUN JASA TRANS,7,ON SCHEDULE,27,0,25.03.2026,25.02.2026,,04.03.2026,05.03.2026,05.03.2026,05.03.2026,,S001,WH KLS JABABEKA
I100260223L107_S001,MINI VAN BOX,2270100,0,0,0,0,0,2270100,S001 - WH KLS JABABEKA,FIRST LOGISTICS,7,ON SCHEDULE,27,0,24.03.2026,24.02.2026,08.03.2026,08.05.2026,08.05.2026,12.05.2026,20.05.2026,,S001,WH KLS JABABEKA
I100260223L107_S001,MINI VAN BOX,2270100,0,0,0,0,0,2270100,S001 - WH KLS JABABEKA,FIRST LOGISTICS,7,ON SCHEDULE,27,0,24.03.2026,24.02.2026,08.03.2026,08.05.2026,08.05.2026,12.05.2026,20.05.2026,,S001,WH KLS JABABEKA
I100260223L108_S001,MINI VAN BOX,77000,0,0,0,0,0,77000,S001 - WH KLS JABABEKA,FIRST LOGISTICS,7,ON SCHEDULE,27,0,24.03.2026,24.02.2026,08.03.2026,08.05.2026,08.05.2026,12.05.2026,20.05.2026,,S001,WH KLS JABABEKA
I100260223L108_S001,MINI VAN BOX,77000,0,0,0,0,0,77000,S001 - WH KLS JABABEKA,FIRST LOGISTICS,7,ON SCHEDULE,27,0,24.03.2026,24.02.2026,08.03.2026,08.05.2026,08.05.2026,12.05.2026,20.05.2026,,S001,WH KLS JABABEKA
I100260223L109_S001,MINI VAN BOX,102300,0,0,0,0,0,102300,S001 - WH KLS JABABEKA,FIRST LOGISTICS,7,ON SCHEDULE,27,0,24.03.2026,24.02.2026,08.03.2026,08.05.2026,08.05.2026,12.05.2026,20.05.2026,,S001,WH KLS JABABEKA
I100260223L109_S001,MINI VAN BOX,102300,0,0,0,0,0,102300,S001 - WH KLS JABABEKA,FIRST LOGISTICS,7,ON SCHEDULE,27,0,24.03.2026,24.02.2026,08.03.2026,08.05.2026,08.05.2026,12.05.2026,20.05.2026,,S001,WH KLS JABABEKA
I100260223L110_S001,MINI VAN BOX,287000,0,0,0,0,0,287000,S001 - WH KLS JABABEKA,FIRST LOGISTICS,7,ON SCHEDULE,27,0,26.03.2026,26.02.2026,08.03.2026,08.05.2026,08.05.2026,12.05.2026,20.05.2026,,S001,WH KLS JABABEKA
I100260223L110_S001,MINI VAN BOX,287000,0,0,0,0,0,287000,S001 - WH KLS JABABEKA,FIRST LOGISTICS,7,ON SCHEDULE,27,0,26.03.2026,26.02.2026,08.03.2026,08.05.2026,08.05.2026,12.05.2026,20.05.2026,,S001,WH KLS JABABEKA
I100260224L050_S001,CONT-20,14300000,0,0,600000,0,0,14900000,S001 - WH KLS JABABEKA,PT.PAUS BIRU LOGISTIK,7,ON SCHEDULE,40,0,09.04.2026,27.02.2026,26.03.2026,24.04.2026,24.04.2026,27.04.2026,28.04.2026,,S001,WH KLS JABABEKA
I100260224L079_S001,CDE PICKUP,1200000,0,0,0,0,0,1200000,S001 - WH KLS JABABEKA,PT. MERPATI ALAM SEMESTA,2,LATE,7,159,05.03.2026,25.02.2026,,,,,,,S001,WH KLS JABABEKA
I100260224L079_S001,CDE PICKUP,1200000,0,0,0,0,0,1200000,S001 - WH KLS JABABEKA,PT. MERPATI ALAM SEMESTA,2,LATE,7,159,05.03.2026,25.02.2026,,,,,,,S001,WH KLS JABABEKA
I100260224L081_S001,CDE PICKUP,2040000,0,0,0,0,0,2040000,S001 - WH KLS JABABEKA,PT. MERPATI ALAM SEMESTA,7,ON SCHEDULE,27,0,26.03.2026,26.02.2026,09.03.2026,22.05.2026,27.05.2026,02.06.2026,05.06.2026,,S001,WH KLS JABABEKA
I100260224L081_S001,CDE PICKUP,2040000,0,0,0,0,0,2040000,S001 - WH KLS JABABEKA,PT. MERPATI ALAM SEMESTA,7,ON SCHEDULE,27,0,26.03.2026,26.02.2026,09.03.2026,22.05.2026,27.05.2026,02.06.2026,05.06.2026,,S001,WH KLS JABABEKA
I100260224L083_S001,CDE PICKUP,1242000,0,0,0,0,0,1242000,S001 - WH KLS JABABEKA,PT. MERPATI ALAM SEMESTA,7,ON SCHEDULE,27,0,25.03.2026,25.02.2026,09.03.2026,14.04.2026,14.04.2026,28.04.2026,04.05.2026,,S001,WH KLS JABABEKA
I100260224L083_S001,CDE PICKUP,1242000,0,0,0,0,0,1242000,S001 - WH KLS JABABEKA,PT. MERPATI ALAM SEMESTA,7,ON SCHEDULE,27,0,25.03.2026,25.02.2026,09.03.2026,14.04.2026,14.04.2026,28.04.2026,04.05.2026,,S001,WH KLS JABABEKA
I100260224L084_S001,CDE PICKUP,845000,0,0,0,0,0,845000,S001 - WH KLS JABABEKA,PT. MERPATI ALAM SEMESTA,7,ON SCHEDULE,27,0,25.03.2026,25.02.2026,09.03.2026,14.04.2026,14.04.2026,28.04.2026,04.05.2026,,S001,WH KLS JABABEKA
I100260224L084_S001,CDE PICKUP,845000,0,0,0,0,0,845000,S001 - WH KLS JABABEKA,PT. MERPATI ALAM SEMESTA,7,ON SCHEDULE,27,0,25.03.2026,25.02.2026,09.03.2026,14.04.2026,14.04.2026,28.04.2026,04.05.2026,,S001,WH KLS JABABEKA
I100260224L085_S001,CDE PICKUP,3096000,0,0,0,0,0,3096000,S001 - WH KLS JABABEKA,PT. MERPATI ALAM SEMESTA,2,LATE,7,159,05.03.2026,25.02.2026,,,,,,,S001,WH KLS JABABEKA
I100260224L085_S001,CDE PICKUP,3096000,0,0,0,0,0,3096000,S001 - WH KLS JABABEKA,PT. MERPATI ALAM SEMESTA,2,LATE,7,159,05.03.2026,25.02.2026,,,,,,,S001,WH KLS JABABEKA
I100260224L086_S001,CDE PICKUP,92000,0,0,0,0,0,92000,S001 - WH KLS JABABEKA,PT. MERPATI ALAM SEMESTA,7,ON SCHEDULE,27,0,25.03.2026,25.02.2026,09.03.2026,14.04.2026,14.04.2026,28.04.2026,04.05.2026,,S001,WH KLS JABABEKA
I100260224L086_S001,CDE PICKUP,92000,0,0,0,0,0,92000,S001 - WH KLS JABABEKA,PT. MERPATI ALAM SEMESTA,7,ON SCHEDULE,27,0,25.03.2026,25.02.2026,09.03.2026,14.04.2026,14.04.2026,28.04.2026,04.05.2026,,S001,WH KLS JABABEKA
I100260224L100_S001,CDE PICKUP,0,0,0,0,0,0,0,S001 - WH KLS JABABEKA,PT. Nusantara Cargo Line,2,LATE,7,158,06.03.2026,26.02.2026,11.03.2026,,,,,,S001,WH KLS JABABEKA
I100260224L105_S001,MINI VAN BOX,54500,0,0,0,0,0,54500,S001 - WH KLS JABABEKA,FIRST LOGISTICS,7,ON SCHEDULE,27,0,25.03.2026,25.02.2026,09.03.2026,08.05.2026,08.05.2026,12.05.2026,20.05.2026,,S001,WH KLS JABABEKA
I100260224L105_S001,MINI VAN BOX,54500,0,0,0,0,0,54500,S001 - WH KLS JABABEKA,FIRST LOGISTICS,7,ON SCHEDULE,27,0,25.03.2026,25.02.2026,09.03.2026,08.05.2026,08.05.2026,12.05.2026,20.05.2026,,S001,WH KLS JABABEKA
I100260224L106_S001,MINI VAN BOX,231000,0,0,0,0,0,231000,S001 - WH KLS JABABEKA,FIRST LOGISTICS,7,ON SCHEDULE,27,0,25.03.2026,25.02.2026,11.03.2026,08.05.2026,08.05.2026,12.05.2026,20.05.2026,,S001,WH KLS JABABEKA
I100260224L106_S001,MINI VAN BOX,231000,0,0,0,0,0,231000,S001 - WH KLS JABABEKA,FIRST LOGISTICS,7,ON SCHEDULE,27,0,25.03.2026,25.02.2026,11.03.2026,08.05.2026,08.05.2026,12.05.2026,20.05.2026,,S001,WH KLS JABABEKA
I100260224L107_S001,MINI VAN BOX,57150,0,0,0,0,0,57150,S001 - WH KLS JABABEKA,FIRST LOGISTICS,7,ON SCHEDULE,27,0,25.03.2026,25.02.2026,09.03.2026,08.05.2026,08.05.2026,12.05.2026,20.05.2026,,S001,WH KLS JABABEKA
I100260224L107_S001,MINI VAN BOX,57150,0,0,0,0,0,57150,S001 - WH KLS JABABEKA,FIRST LOGISTICS,7,ON SCHEDULE,27,0,25.03.2026,25.02.2026,09.03.2026,08.05.2026,08.05.2026,12.05.2026,20.05.2026,,S001,WH KLS JABABEKA
I100260224L108_S001,MINI VAN BOX,0,0,0,0,0,0,0,S001 - WH KLS JABABEKA,FIRST LOGISTICS,2,LATE,7,158,06.03.2026,26.02.2026,09.03.2026,,,,,,S001,WH KLS JABABEKA
I100260224L109_S001,CDE PICKUP,2719000,0,0,0,0,0,2719000,S001 - WH KLS JABABEKA,PT. MERPATI ALAM SEMESTA,2,LATE,7,158,06.03.2026,26.02.2026,,,,,,,S001,WH KLS JABABEKA
I100260224L109_S001,CDE PICKUP,2719000,0,0,0,0,0,2719000,S001 - WH KLS JABABEKA,PT. MERPATI ALAM SEMESTA,2,LATE,7,158,06.03.2026,26.02.2026,,,,,,,S001,WH KLS JABABEKA
I100260224L110_S001,MINI VAN BOX,359850,0,0,0,0,0,359850,S001 - WH KLS JABABEKA,FIRST LOGISTICS,7,ON SCHEDULE,27,0,26.03.2026,26.02.2026,09.03.2026,08.05.2026,08.05.2026,12.05.2026,20.05.2026,,S001,WH KLS JABABEKA
I100260224L110_S001,MINI VAN BOX,359850,0,0,0,0,0,359850,S001 - WH KLS JABABEKA,FIRST LOGISTICS,7,ON SCHEDULE,27,0,26.03.2026,26.02.2026,09.03.2026,08.05.2026,08.05.2026,12.05.2026,20.05.2026,,S001,WH KLS JABABEKA
I100260225L008_S001,CDD PICK UP,3481000,0,0,0,0,0,3481000,S001 - WH KLS JABABEKA,BEPA IKA PEKASA,7,ON SCHEDULE,27,0,26.03.2026,26.02.2026,08.03.2026,07.04.2026,08.04.2026,08.04.2026,13.04.2026,,S001,WH KLS JABABEKA
I100260225L009_S001,CDD PICK UP,6384000,0,0,0,0,0,6384000,S001 - WH KLS JABABEKA,BEPA IKA PEKASA,7,ON SCHEDULE,27,0,26.03.2026,26.02.2026,08.03.2026,18.06.2026,23.06.2026,23.06.2026,02.07.2026,,S001,WH KLS JABABEKA
I100260225L010_S001,CDD PICK UP,335000,0,0,0,0,0,335000,S001 - WH KLS JABABEKA,BEPA IKA PEKASA,7,ON SCHEDULE,27,0,26.03.2026,26.02.2026,08.03.2026,07.04.2026,08.04.2026,08.04.2026,13.04.2026,,S001,WH KLS JABABEKA
I100260225L017_S001,CDD BAK,5300000,0,0,0,400000,0,5700000,S001 - WH KLS JABABEKA,EKA CIPTA MANGGALA,7,ON SCHEDULE,29,0,27.03.2026,25.02.2026,01.03.2026,02.03.2026,03.03.2026,04.03.2026,04.03.2026,,S001,WH KLS JABABEKA
I100260225L017_S001,CDD BAK,5300000,0,0,0,400000,0,5700000,S001 - WH KLS JABABEKA,EKA CIPTA MANGGALA,7,ON SCHEDULE,29,0,27.03.2026,25.02.2026,01.03.2026,02.03.2026,03.03.2026,04.03.2026,04.03.2026,,S001,WH KLS JABABEKA
I100260225L017_S001,CDD BAK,5300000,0,0,0,400000,0,5700000,S001 - WH KLS JABABEKA,EKA CIPTA MANGGALA,7,ON SCHEDULE,29,0,27.03.2026,25.02.2026,01.03.2026,02.03.2026,03.03.2026,04.03.2026,04.03.2026,,S001,WH KLS JABABEKA
I100260225L018_S001,CDD BAK,7500000,0,0,0,500000,0,8000000,S001 - WH KLS JABABEKA,EKA CIPTA MANGGALA,7,ON SCHEDULE,30,0,28.03.2026,25.02.2026,01.03.2026,11.03.2026,12.03.2026,13.03.2026,13.03.2026,,S001,WH KLS JABABEKA
I100260225L018_S001,CDD BAK,7500000,0,0,0,500000,0,8000000,S001 - WH KLS JABABEKA,EKA CIPTA MANGGALA,7,ON SCHEDULE,30,0,28.03.2026,25.02.2026,01.03.2026,11.03.2026,12.03.2026,13.03.2026,13.03.2026,,S001,WH KLS JABABEKA
I100260225L018_S001,CDD BAK,7500000,0,0,0,500000,0,8000000,S001 - WH KLS JABABEKA,EKA CIPTA MANGGALA,7,ON SCHEDULE,30,0,28.03.2026,25.02.2026,01.03.2026,11.03.2026,12.03.2026,13.03.2026,13.03.2026,,S001,WH KLS JABABEKA
I100260225L019_S001,CDD BAK,4500000,0,0,0,800000,0,5300000,S001 - WH KLS JABABEKA,PT. HARI JAYA SEJAHTERA,7,ON SCHEDULE,29,0,27.03.2026,25.02.2026,01.03.2026,04.03.2026,05.03.2026,06.04.2026,06.04.2026,,S001,WH KLS JABABEKA
I100260225L019_S001,CDD BAK,4500000,0,0,0,800000,0,5300000,S001 - WH KLS JABABEKA,PT. HARI JAYA SEJAHTERA,7,ON SCHEDULE,29,0,27.03.2026,25.02.2026,01.03.2026,04.03.2026,05.03.2026,06.04.2026,06.04.2026,,S001,WH KLS JABABEKA
I100260225L020_S001,CDD BAK,4500000,0,0,0,0,0,4500000,S001 - WH KLS JABABEKA,PT. HARI JAYA SEJAHTERA,7,ON SCHEDULE,29,0,27.03.2026,25.02.2026,01.03.2026,04.03.2026,05.03.2026,06.04.2026,06.04.2026,,S001,WH KLS JABABEKA
I100260225L021_S001,CDD BAK,5100000,0,0,0,1200000,0,6300000,S001 - WH KLS JABABEKA,PT. HARI JAYA SEJAHTERA,7,ON SCHEDULE,29,0,27.03.2026,25.02.2026,01.03.2026,05.03.2026,05.03.2026,06.04.2026,06.04.2026,,S001,WH KLS JABABEKA
I100260225L021_S001,CDD BAK,5100000,0,0,0,1200000,0,6300000,S001 - WH KLS JABABEKA,PT. HARI JAYA SEJAHTERA,7,ON SCHEDULE,29,0,27.03.2026,25.02.2026,01.03.2026,05.03.2026,05.03.2026,06.04.2026,06.04.2026,,S001,WH KLS JABABEKA
I100260225L021_S001,CDD BAK,5100000,0,0,0,1200000,0,6300000,S001 - WH KLS JABABEKA,PT. HARI JAYA SEJAHTERA,7,ON SCHEDULE,29,0,27.03.2026,25.02.2026,01.03.2026,05.03.2026,05.03.2026,06.04.2026,06.04.2026,,S001,WH KLS JABABEKA
I100260225L050_S001,CDD LOSBAK,6000000,0,0,0,0,0,6000000,S001 - WH KLS JABABEKA,CV. BANGUN JASA TRANS,7,ON SCHEDULE,27,0,26.03.2026,26.02.2026,,04.03.2026,05.03.2026,05.03.2026,05.03.2026,,S001,WH KLS JABABEKA
I100260225L054_S001,CDE PICKUP,335500,0,0,0,0,0,335500,S001 - WH KLS JABABEKA,PT. Nusantara Cargo Line,7,ON SCHEDULE,27,0,26.03.2026,26.02.2026,02.03.2026,13.03.2026,13.03.2026,27.03.2026,27.03.2026,,S001,WH KLS JABABEKA
I100260225L054_S001,CDE PICKUP,335500,0,0,0,0,0,335500,S001 - WH KLS JABABEKA,PT. Nusantara Cargo Line,7,ON SCHEDULE,27,0,26.03.2026,26.02.2026,02.03.2026,13.03.2026,13.03.2026,27.03.2026,27.03.2026,,S001,WH KLS JABABEKA
I100260225L057_S001,CDE PICKUP,451000,0,0,0,0,0,451000,S001 - WH KLS JABABEKA,PT. Nusantara Cargo Line,7,ON SCHEDULE,27,0,26.03.2026,26.02.2026,06.03.2026,13.03.2026,13.03.2026,27.03.2026,27.03.2026,,S001,WH KLS JABABEKA
I100260225L057_S001,CDE PICKUP,451000,0,0,0,0,0,451000,S001 - WH KLS JABABEKA,PT. Nusantara Cargo Line,7,ON SCHEDULE,27,0,26.03.2026,26.02.2026,06.03.2026,13.03.2026,13.03.2026,27.03.2026,27.03.2026,,S001,WH KLS JABABEKA
I100260225L059_S001,CDE PICKUP,350000,0,0,0,0,0,350000,S001 - WH KLS JABABEKA,PT. Nusantara Cargo Line,7,ON SCHEDULE,27,0,26.03.2026,26.02.2026,02.03.2026,13.03.2026,13.03.2026,27.03.2026,27.03.2026,,S001,WH KLS JABABEKA
I100260225L059_S001,CDE PICKUP,350000,0,0,0,0,0,350000,S001 - WH KLS JABABEKA,PT. Nusantara Cargo Line,7,ON SCHEDULE,27,0,26.03.2026,26.02.2026,02.03.2026,13.03.2026,13.03.2026,27.03.2026,27.03.2026,,S001,WH KLS JABABEKA
I100260225L080_S001,CONT-20,13800000,0,0,0,0,0,13800000,S001 - WH KLS JABABEKA,PT. SENTOSA PRIMA ABADI,7,ON SCHEDULE,40,0,08.04.2026,26.02.2026,06.03.2026,27.04.2026,28.04.2026,28.04.2026,28.04.2026,,S001,WH KLS JABABEKA
I100260225L086_S001,CDE PICKUP,550000,0,0,0,0,0,550000,S001 - WH KLS JABABEKA,PT. Nusantara Cargo Line,7,ON SCHEDULE,27,0,27.03.2026,27.02.2026,06.03.2026,13.03.2026,13.03.2026,27.03.2026,27.03.2026,,S001,WH KLS JABABEKA
I100260225L086_S001,CDE PICKUP,550000,0,0,0,0,0,550000,S001 - WH KLS JABABEKA,PT. Nusantara Cargo Line,7,ON SCHEDULE,27,0,27.03.2026,27.02.2026,06.03.2026,13.03.2026,13.03.2026,27.03.2026,27.03.2026,,S001,WH KLS JABABEKA
I100260225L087_S001,CDE PICKUP,883500,0,0,0,0,0,883500,S001 - WH KLS JABABEKA,PT. Nusantara Cargo Line,7,ON SCHEDULE,27,0,27.03.2026,27.02.2026,04.03.2026,13.03.2026,13.03.2026,27.03.2026,27.03.2026,,S001,WH KLS JABABEKA
I100260225L087_S001,CDE PICKUP,883500,0,0,0,0,0,883500,S001 - WH KLS JABABEKA,PT. Nusantara Cargo Line,7,ON SCHEDULE,27,0,27.03.2026,27.02.2026,04.03.2026,13.03.2026,13.03.2026,27.03.2026,27.03.2026,,S001,WH KLS JABABEKA
I100260225L088_S001,CDE PICKUP,950000,0,0,0,0,0,950000,S001 - WH KLS JABABEKA,PT. Nusantara Cargo Line,7,ON SCHEDULE,27,0,27.03.2026,27.02.2026,04.03.2026,09.03.2026,09.03.2026,10.03.2026,10.03.2026,,S001,WH KLS JABABEKA
I100260225L088_S001,CDE PICKUP,950000,0,0,0,0,0,950000,S001 - WH KLS JABABEKA,PT. Nusantara Cargo Line,7,ON SCHEDULE,27,0,27.03.2026,27.02.2026,04.03.2026,09.03.2026,09.03.2026,10.03.2026,10.03.2026,,S001,WH KLS JABABEKA
I100260225L089_S001,CDE PICKUP,275000,0,0,0,0,0,275000,S001 - WH KLS JABABEKA,PT. Nusantara Cargo Line,7,ON SCHEDULE,27,0,27.03.2026,27.02.2026,06.03.2026,13.03.2026,13.03.2026,13.03.2026,13.03.2026,,S001,WH KLS JABABEKA
I100260225L089_S001,CDE PICKUP,275000,0,0,0,0,0,275000,S001 - WH KLS JABABEKA,PT. Nusantara Cargo Line,7,ON SCHEDULE,27,0,27.03.2026,27.02.2026,06.03.2026,13.03.2026,13.03.2026,13.03.2026,13.03.2026,,S001,WH KLS JABABEKA
I100260225L090_S001,CDE PICKUP,440000,0,0,0,0,0,440000,S001 - WH KLS JABABEKA,PT. Nusantara Cargo Line,7,ON SCHEDULE,27,0,27.03.2026,27.02.2026,06.03.2026,13.03.2026,13.03.2026,27.03.2026,27.03.2026,,S001,WH KLS JABABEKA
I100260225L090_S001,CDE PICKUP,440000,0,0,0,0,0,440000,S001 - WH KLS JABABEKA,PT. Nusantara Cargo Line,7,ON SCHEDULE,27,0,27.03.2026,27.02.2026,06.03.2026,13.03.2026,13.03.2026,27.03.2026,27.03.2026,,S001,WH KLS JABABEKA
I100260225L091_S001,CDE PICKUP,275000,0,0,0,0,0,275000,S001 - WH KLS JABABEKA,PT. Nusantara Cargo Line,7,ON SCHEDULE,27,0,27.03.2026,27.02.2026,06.03.2026,13.03.2026,13.03.2026,13.03.2026,13.03.2026,,S001,WH KLS JABABEKA
I100260225L091_S001,CDE PICKUP,275000,0,0,0,0,0,275000,S001 - WH KLS JABABEKA,PT. Nusantara Cargo Line,7,ON SCHEDULE,27,0,27.03.2026,27.02.2026,06.03.2026,13.03.2026,13.03.2026,13.03.2026,13.03.2026,,S001,WH KLS JABABEKA
I100260225L092_S001,CDE PICKUP,2736000,0,0,0,0,0,2736000,S001 - WH KLS JABABEKA,PT. Nusantara Cargo Line,7,ON SCHEDULE,27,0,27.03.2026,27.02.2026,06.03.2026,01.04.2026,01.04.2026,07.04.2026,07.04.2026,,S001,WH KLS JABABEKA
I100260225L092_S001,CDE PICKUP,2736000,0,0,0,0,0,2736000,S001 - WH KLS JABABEKA,PT. Nusantara Cargo Line,7,ON SCHEDULE,27,0,27.03.2026,27.02.2026,06.03.2026,01.04.2026,01.04.2026,07.04.2026,07.04.2026,,S001,WH KLS JABABEKA
I100260225L096_S001,MINI VAN BOX,13604500,0,0,0,0,0,13604500,S001 - WH KLS JABABEKA,PT. Nusantara Cargo Line,7,ON SCHEDULE,27,0,25.03.2026,25.02.2026,06.03.2026,13.03.2026,13.03.2026,27.03.2026,27.03.2026,,S001,WH KLS JABABEKA
I100260225L096_S001,MINI VAN BOX,13604500,0,0,0,0,0,13604500,S001 - WH KLS JABABEKA,PT. Nusantara Cargo Line,7,ON SCHEDULE,27,0,25.03.2026,25.02.2026,06.03.2026,13.03.2026,13.03.2026,27.03.2026,27.03.2026,,S001,WH KLS JABABEKA
I100260225L097_S001,CDE PICKUP,4337500,0,0,0,0,0,4337500,S001 - WH KLS JABABEKA,PT. Nusantara Cargo Line,7,ON SCHEDULE,27,0,27.03.2026,27.02.2026,11.03.2026,13.04.2026,14.04.2026,14.04.2026,14.04.2026,,S001,WH KLS JABABEKA
I100260225L097_S001,CDE PICKUP,4337500,0,0,0,0,0,4337500,S001 - WH KLS JABABEKA,PT. Nusantara Cargo Line,7,ON SCHEDULE,27,0,27.03.2026,27.02.2026,11.03.2026,13.04.2026,14.04.2026,14.04.2026,14.04.2026,,S001,WH KLS JABABEKA
I100260225L098_S001,CDE PICKUP,1254000,0,0,0,0,0,1254000,S001 - WH KLS JABABEKA,PT. Nusantara Cargo Line,7,ON SCHEDULE,27,0,27.03.2026,27.02.2026,04.03.2026,13.03.2026,13.03.2026,27.03.2026,27.03.2026,,S001,WH KLS JABABEKA
I100260225L098_S001,CDE PICKUP,1254000,0,0,0,0,0,1254000,S001 - WH KLS JABABEKA,PT. Nusantara Cargo Line,7,ON SCHEDULE,27,0,27.03.2026,27.02.2026,04.03.2026,13.03.2026,13.03.2026,27.03.2026,27.03.2026,,S001,WH KLS JABABEKA
I100260225L099_S001,CDD BAK,275000,0,0,0,0,0,275000,S001 - WH KLS JABABEKA,PT. Nusantara Cargo Line,7,ON SCHEDULE,27,0,27.03.2026,27.02.2026,10.03.2026,01.04.2026,01.04.2026,07.04.2026,07.04.2026,,S001,WH KLS JABABEKA
I100260225L099_S001,CDD BAK,275000,0,0,0,0,0,275000,S001 - WH KLS JABABEKA,PT. Nusantara Cargo Line,7,ON SCHEDULE,27,0,27.03.2026,27.02.2026,10.03.2026,01.04.2026,01.04.2026,07.04.2026,07.04.2026,,S001,WH KLS JABABEKA
I100260225L101_S001,CONT-20,17200000,0,0,0,4700000,0,21900000,S001 - WH KLS JABABEKA,PT. SENTOSA PRIMA ABADI,7,ON SCHEDULE,40,0,07.04.2026,25.02.2026,12.03.2026,06.05.2026,08.05.2026,08.05.2026,08.05.2026,,S001,WH KLS JABABEKA
I100260225L102_S001,CDE PICKUP,275000,0,0,0,0,0,275000,S001 - WH KLS JABABEKA,PT. Nusantara Cargo Line,7,ON SCHEDULE,27,0,27.03.2026,27.02.2026,04.03.2026,13.03.2026,13.03.2026,13.03.2026,13.03.2026,,S001,WH KLS JABABEKA
I100260225L102_S001,CDE PICKUP,275000,0,0,0,0,0,275000,S001 - WH KLS JABABEKA,PT. Nusantara Cargo Line,7,ON SCHEDULE,27,0,27.03.2026,27.02.2026,04.03.2026,13.03.2026,13.03.2026,13.03.2026,13.03.2026,,S001,WH KLS JABABEKA
I100260225L105_S001,CDE PICKUP,590000,0,0,0,0,0,590000,S001 - WH KLS JABABEKA,PT. Nusantara Cargo Line,7,ON SCHEDULE,27,0,27.03.2026,27.02.2026,06.03.2026,27.03.2026,31.03.2026,31.03.2026,31.03.2026,,S001,WH KLS JABABEKA
I100260225L105_S001,CDE PICKUP,590000,0,0,0,0,0,590000,S001 - WH KLS JABABEKA,PT. Nusantara Cargo Line,7,ON SCHEDULE,27,0,27.03.2026,27.02.2026,06.03.2026,27.03.2026,31.03.2026,31.03.2026,31.03.2026,,S001,WH KLS JABABEKA
I100260225L106_S001,CDE PICKUP,225000,0,0,0,0,0,225000,S001 - WH KLS JABABEKA,PT. Nusantara Cargo Line,7,ON SCHEDULE,27,0,27.03.2026,27.02.2026,04.03.2026,27.03.2026,31.03.2026,31.03.2026,31.03.2026,,S001,WH KLS JABABEKA
I100260225L106_S001,CDE PICKUP,225000,0,0,0,0,0,225000,S001 - WH KLS JABABEKA,PT. Nusantara Cargo Line,7,ON SCHEDULE,27,0,27.03.2026,27.02.2026,04.03.2026,27.03.2026,31.03.2026,31.03.2026,31.03.2026,,S001,WH KLS JABABEKA
I100260225L108_S001,CDE PICKUP,275000,0,0,0,0,0,275000,S001 - WH KLS JABABEKA,PT. Nusantara Cargo Line,7,ON SCHEDULE,27,0,27.03.2026,27.02.2026,06.03.2026,13.03.2026,13.03.2026,13.03.2026,13.03.2026,,S001,WH KLS JABABEKA
I100260225L108_S001,CDE PICKUP,275000,0,0,0,0,0,275000,S001 - WH KLS JABABEKA,PT. Nusantara Cargo Line,7,ON SCHEDULE,27,0,27.03.2026,27.02.2026,06.03.2026,13.03.2026,13.03.2026,13.03.2026,13.03.2026,,S001,WH KLS JABABEKA
I100260225L109_S001,CDE PICKUP,300000,0,0,0,0,0,300000,S001 - WH KLS JABABEKA,PT. Nusantara Cargo Line,7,ON SCHEDULE,27,0,27.03.2026,27.02.2026,06.03.2026,13.03.2026,13.03.2026,27.03.2026,27.03.2026,,S001,WH KLS JABABEKA
I100260225L109_S001,CDE PICKUP,300000,0,0,0,0,0,300000,S001 - WH KLS JABABEKA,PT. Nusantara Cargo Line,7,ON SCHEDULE,27,0,27.03.2026,27.02.2026,06.03.2026,13.03.2026,13.03.2026,27.03.2026,27.03.2026,,S001,WH KLS JABABEKA
I100260225L111_S001,CDE PICKUP,262500,0,0,0,0,0,262500,S001 - WH KLS JABABEKA,PT. Nusantara Cargo Line,7,ON SCHEDULE,27,0,27.03.2026,27.02.2026,04.03.2026,13.03.2026,13.03.2026,27.03.2026,27.03.2026,,S001,WH KLS JABABEKA
I100260225L111_S001,CDE PICKUP,262500,0,0,0,0,0,262500,S001 - WH KLS JABABEKA,PT. Nusantara Cargo Line,7,ON SCHEDULE,27,0,27.03.2026,27.02.2026,04.03.2026,13.03.2026,13.03.2026,27.03.2026,27.03.2026,,S001,WH KLS JABABEKA
I100260225L113_S001,MINI VAN BOX,553900,0,0,0,0,0,553900,S001 - WH KLS JABABEKA,FIRST LOGISTICS,7,ON SCHEDULE,27,0,26.03.2026,26.02.2026,09.03.2026,08.05.2026,08.05.2026,12.05.2026,20.05.2026,,S001,WH KLS JABABEKA
I100260225L113_S001,MINI VAN BOX,553900,0,0,0,0,0,553900,S001 - WH KLS JABABEKA,FIRST LOGISTICS,7,ON SCHEDULE,27,0,26.03.2026,26.02.2026,09.03.2026,08.05.2026,08.05.2026,12.05.2026,20.05.2026,,S001,WH KLS JABABEKA
I100260225L114_S001,MINI VAN BOX,0,0,0,0,0,0,0,S001 - WH KLS JABABEKA,FIRST LOGISTICS,2,LATE,7,158,06.03.2026,26.02.2026,11.03.2026,,,,,,S001,WH KLS JABABEKA
I100260225L121_S001,MINI VAN BOX,1118600,0,0,0,0,0,1118600,S001 - WH KLS JABABEKA,FIRST LOGISTICS,7,ON SCHEDULE,27,0,26.03.2026,26.02.2026,09.03.2026,08.05.2026,08.05.2026,12.05.2026,20.05.2026,,S001,WH KLS JABABEKA
I100260225L121_S001,MINI VAN BOX,1118600,0,0,0,0,0,1118600,S001 - WH KLS JABABEKA,FIRST LOGISTICS,7,ON SCHEDULE,27,0,26.03.2026,26.02.2026,09.03.2026,08.05.2026,08.05.2026,12.05.2026,20.05.2026,,S001,WH KLS JABABEKA
I100260225L122_S001,MINI VAN BOX,627800,0,0,0,0,0,627800,S001 - WH KLS JABABEKA,FIRST LOGISTICS,7,ON SCHEDULE,27,0,26.03.2026,26.02.2026,09.03.2026,08.05.2026,08.05.2026,12.05.2026,20.05.2026,,S001,WH KLS JABABEKA
I100260225L122_S001,MINI VAN BOX,627800,0,0,0,0,0,627800,S001 - WH KLS JABABEKA,FIRST LOGISTICS,7,ON SCHEDULE,27,0,26.03.2026,26.02.2026,09.03.2026,08.05.2026,08.05.2026,12.05.2026,20.05.2026,,S001,WH KLS JABABEKA
I100260225L123_S001,MINI VAN BOX,0,0,0,0,0,0,0,S001 - WH KLS JABABEKA,FIRST LOGISTICS,2,LATE,7,158,06.03.2026,26.02.2026,11.03.2026,,,,,,S001,WH KLS JABABEKA
I100260225L124_S001,MINI VAN BOX,0,0,0,0,0,0,0,S001 - WH KLS JABABEKA,FIRST LOGISTICS,2,LATE,7,158,06.03.2026,26.02.2026,09.03.2026,,,,,,S001,WH KLS JABABEKA
I100260225L125_S001,MINI VAN BOX,0,0,0,0,0,0,0,S001 - WH KLS JABABEKA,FIRST LOGISTICS,2,LATE,7,158,06.03.2026,26.02.2026,09.03.2026,,,,,,S001,WH KLS JABABEKA
I100260225L126_S001,MINI VAN BOX,0,0,0,0,0,0,0,S001 - WH KLS JABABEKA,FIRST LOGISTICS,2,LATE,7,158,06.03.2026,26.02.2026,09.03.2026,,,,,,S001,WH KLS JABABEKA
I100260225L129_S001,CDE PICKUP,390000,0,0,0,0,0,390000,S001 - WH KLS JABABEKA,PT. Nusantara Cargo Line,7,ON SCHEDULE,27,0,26.03.2026,26.02.2026,01.03.2026,13.03.2026,13.03.2026,27.03.2026,27.03.2026,,S001,WH KLS JABABEKA
I100260225L129_S001,CDE PICKUP,390000,0,0,0,0,0,390000,S001 - WH KLS JABABEKA,PT. Nusantara Cargo Line,7,ON SCHEDULE,27,0,26.03.2026,26.02.2026,01.03.2026,13.03.2026,13.03.2026,27.03.2026,27.03.2026,,S001,WH KLS JABABEKA
I100260225L130_S001,CDE PICKUP,1710000,0,0,0,0,0,1710000,S001 - WH KLS JABABEKA,PT. Nusantara Cargo Line,7,ON SCHEDULE,27,0,26.03.2026,26.02.2026,01.03.2026,06.03.2026,07.03.2026,09.03.2026,09.03.2026,,S001,WH KLS JABABEKA
I100260225L130_S001,CDE PICKUP,1710000,0,0,0,0,0,1710000,S001 - WH KLS JABABEKA,PT. Nusantara Cargo Line,7,ON SCHEDULE,27,0,26.03.2026,26.02.2026,01.03.2026,06.03.2026,07.03.2026,09.03.2026,09.03.2026,,S001,WH KLS JABABEKA
I100260225L131_S001,MINI VAN BOX,837000,0,0,0,0,0,837000,S001 - WH KLS JABABEKA,FIRST LOGISTICS,7,ON SCHEDULE,27,0,26.03.2026,26.02.2026,09.03.2026,08.05.2026,08.05.2026,12.05.2026,20.05.2026,,S001,WH KLS JABABEKA
I100260225L131_S001,MINI VAN BOX,837000,0,0,0,0,0,837000,S001 - WH KLS JABABEKA,FIRST LOGISTICS,7,ON SCHEDULE,27,0,26.03.2026,26.02.2026,09.03.2026,08.05.2026,08.05.2026,12.05.2026,20.05.2026,,S001,WH KLS JABABEKA
I100260225L132_S001,MINI VAN BOX,2066400,0,0,0,0,0,2066400,S001 - WH KLS JABABEKA,FIRST LOGISTICS,7,ON SCHEDULE,27,0,26.03.2026,26.02.2026,09.03.2026,08.05.2026,08.05.2026,12.05.2026,20.05.2026,,S001,WH KLS JABABEKA
I100260225L132_S001,MINI VAN BOX,2066400,0,0,0,0,0,2066400,S001 - WH KLS JABABEKA,FIRST LOGISTICS,7,ON SCHEDULE,27,0,26.03.2026,26.02.2026,09.03.2026,08.05.2026,08.05.2026,12.05.2026,20.05.2026,,S001,WH KLS JABABEKA
I100260226L064_S001,CDD BAK,4100000,0,0,0,1200000,0,5300000,S001 - WH KLS JABABEKA,EKA CIPTA MANGGALA,7,ON SCHEDULE,28,0,27.03.2026,26.02.2026,27.02.2026,03.03.2026,04.03.2026,04.03.2026,04.03.2026,,S001,WH KLS JABABEKA
I100260226L064_S001,CDD BAK,4100000,0,0,0,1200000,0,5300000,S001 - WH KLS JABABEKA,EKA CIPTA MANGGALA,7,ON SCHEDULE,28,0,27.03.2026,26.02.2026,27.02.2026,03.03.2026,04.03.2026,04.03.2026,04.03.2026,,S001,WH KLS JABABEKA
I100260226L064_S001,CDD BAK,4100000,0,0,0,1200000,0,5300000,S001 - WH KLS JABABEKA,EKA CIPTA MANGGALA,7,ON SCHEDULE,28,0,27.03.2026,26.02.2026,27.02.2026,03.03.2026,04.03.2026,04.03.2026,04.03.2026,,S001,WH KLS JABABEKA
I100260226L064_S001,CDD BAK,4100000,0,0,0,1200000,0,5300000,S001 - WH KLS JABABEKA,EKA CIPTA MANGGALA,7,ON SCHEDULE,28,0,27.03.2026,26.02.2026,27.02.2026,03.03.2026,04.03.2026,04.03.2026,04.03.2026,,S001,WH KLS JABABEKA
I100260226L064_S001,CDD BAK,4100000,0,0,0,1200000,0,5300000,S001 - WH KLS JABABEKA,EKA CIPTA MANGGALA,7,ON SCHEDULE,28,0,27.03.2026,26.02.2026,27.02.2026,03.03.2026,04.03.2026,04.03.2026,04.03.2026,,S001,WH KLS JABABEKA
I100260226L064_S001,CDD BAK,4100000,0,0,0,1200000,0,5300000,S001 - WH KLS JABABEKA,EKA CIPTA MANGGALA,7,ON SCHEDULE,28,0,27.03.2026,26.02.2026,27.02.2026,03.03.2026,04.03.2026,04.03.2026,04.03.2026,,S001,WH KLS JABABEKA
I100260226L065_S001,CDD BAK,3700000,0,0,0,400000,0,4100000,S001 - WH KLS JABABEKA,EKA CIPTA MANGGALA,7,ON SCHEDULE,27,0,26.03.2026,26.02.2026,01.03.2026,02.03.2026,03.03.2026,04.03.2026,04.03.2026,,S001,WH KLS JABABEKA
I100260226L065_S001,CDD BAK,3700000,0,0,0,400000,0,4100000,S001 - WH KLS JABABEKA,EKA CIPTA MANGGALA,7,ON SCHEDULE,27,0,26.03.2026,26.02.2026,01.03.2026,02.03.2026,03.03.2026,04.03.2026,04.03.2026,,S001,WH KLS JABABEKA
I100260226L065_S001,CDD BAK,3700000,0,0,0,400000,0,4100000,S001 - WH KLS JABABEKA,EKA CIPTA MANGGALA,7,ON SCHEDULE,27,0,26.03.2026,26.02.2026,01.03.2026,02.03.2026,03.03.2026,04.03.2026,04.03.2026,,S001,WH KLS JABABEKA
I100260226L065_S001,CDD BAK,3700000,0,0,0,400000,0,4100000,S001 - WH KLS JABABEKA,EKA CIPTA MANGGALA,7,ON SCHEDULE,27,0,26.03.2026,26.02.2026,01.03.2026,02.03.2026,03.03.2026,04.03.2026,04.03.2026,,S001,WH KLS JABABEKA
I100260226L065_S001,CDD BAK,3700000,0,0,0,400000,0,4100000,S001 - WH KLS JABABEKA,EKA CIPTA MANGGALA,7,ON SCHEDULE,27,0,26.03.2026,26.02.2026,01.03.2026,02.03.2026,03.03.2026,04.03.2026,04.03.2026,,S001,WH KLS JABABEKA
I100260226L066_S001,CDD BAK,4000000,0,0,0,1200000,0,5200000,S001 - WH KLS JABABEKA,EKA CIPTA MANGGALA,7,ON SCHEDULE,28,0,27.03.2026,26.02.2026,27.02.2026,02.03.2026,03.03.2026,04.03.2026,04.03.2026,,S001,WH KLS JABABEKA
I100260226L066_S001,CDD BAK,4000000,0,0,0,1200000,0,5200000,S001 - WH KLS JABABEKA,EKA CIPTA MANGGALA,7,ON SCHEDULE,28,0,27.03.2026,26.02.2026,27.02.2026,02.03.2026,03.03.2026,04.03.2026,04.03.2026,,S001,WH KLS JABABEKA
I100260226L066_S001,CDD BAK,4000000,0,0,0,1200000,0,5200000,S001 - WH KLS JABABEKA,EKA CIPTA MANGGALA,7,ON SCHEDULE,28,0,27.03.2026,26.02.2026,27.02.2026,02.03.2026,03.03.2026,04.03.2026,04.03.2026,,S001,WH KLS JABABEKA
I100260226L066_S001,CDD BAK,4000000,0,0,0,1200000,0,5200000,S001 - WH KLS JABABEKA,EKA CIPTA MANGGALA,7,ON SCHEDULE,28,0,27.03.2026,26.02.2026,27.02.2026,02.03.2026,03.03.2026,04.03.2026,04.03.2026,,S001,WH KLS JABABEKA
I100260226L066_S001,CDD BAK,4000000,0,0,0,1200000,0,5200000,S001 - WH KLS JABABEKA,EKA CIPTA MANGGALA,7,ON SCHEDULE,28,0,27.03.2026,26.02.2026,27.02.2026,02.03.2026,03.03.2026,04.03.2026,04.03.2026,,S001,WH KLS JABABEKA
I100260226L066_S001,CDD BAK,4000000,0,0,0,1200000,0,5200000,S001 - WH KLS JABABEKA,EKA CIPTA MANGGALA,7,ON SCHEDULE,28,0,27.03.2026,26.02.2026,27.02.2026,02.03.2026,03.03.2026,04.03.2026,04.03.2026,,S001,WH KLS JABABEKA
I100260226L101_S001,CDE PICKUP,600000,0,0,0,0,0,600000,S001 - WH KLS JABABEKA,PT. MERPATI ALAM SEMESTA,7,ON SCHEDULE,27,0,27.03.2026,27.02.2026,11.03.2026,14.04.2026,14.04.2026,28.04.2026,07.05.2026,,S001,WH KLS JABABEKA
I100260226L101_S001,CDE PICKUP,600000,0,0,0,0,0,600000,S001 - WH KLS JABABEKA,PT. MERPATI ALAM SEMESTA,7,ON SCHEDULE,27,0,27.03.2026,27.02.2026,11.03.2026,14.04.2026,14.04.2026,28.04.2026,07.05.2026,,S001,WH KLS JABABEKA
I100260226L105_S001,CDE PICKUP,500000,0,0,0,0,0,500000,S001 - WH KLS JABABEKA,PT. MERPATI ALAM SEMESTA,7,ON SCHEDULE,27,0,27.03.2026,27.02.2026,11.03.2026,14.04.2026,14.04.2026,28.04.2026,04.05.2026,,S001,WH KLS JABABEKA
I100260226L105_S001,CDE PICKUP,500000,0,0,0,0,0,500000,S001 - WH KLS JABABEKA,PT. MERPATI ALAM SEMESTA,7,ON SCHEDULE,27,0,27.03.2026,27.02.2026,11.03.2026,14.04.2026,14.04.2026,28.04.2026,04.05.2026,,S001,WH KLS JABABEKA
I100260226L107_S001,CDE PICKUP,2656500,0,0,0,0,0,2656500,S001 - WH KLS JABABEKA,PT. MERPATI ALAM SEMESTA,6,LATE,27,158,27.03.2026,27.02.2026,11.03.2026,20.07.2026,24.07.2026,27.07.2026,03.08.2026,,S001,WH KLS JABABEKA
I100260226L107_S001,CDE PICKUP,2656500,0,0,0,0,0,2656500,S001 - WH KLS JABABEKA,PT. MERPATI ALAM SEMESTA,6,LATE,27,158,27.03.2026,27.02.2026,11.03.2026,20.07.2026,24.07.2026,27.07.2026,03.08.2026,,S001,WH KLS JABABEKA
I100260226L108_S001,CDE PICKUP,600000,0,0,0,0,0,600000,S001 - WH KLS JABABEKA,PT. MERPATI ALAM SEMESTA,7,ON SCHEDULE,27,0,27.03.2026,27.02.2026,11.03.2026,14.04.2026,14.04.2026,28.04.2026,07.05.2026,,S001,WH KLS JABABEKA
I100260226L108_S001,CDE PICKUP,600000,0,0,0,0,0,600000,S001 - WH KLS JABABEKA,PT. MERPATI ALAM SEMESTA,7,ON SCHEDULE,27,0,27.03.2026,27.02.2026,11.03.2026,14.04.2026,14.04.2026,28.04.2026,07.05.2026,,S001,WH KLS JABABEKA
I100260226L109_S001,CDE PICKUP,70000,0,0,0,0,0,70000,S001 - WH KLS JABABEKA,PT. MERPATI ALAM SEMESTA,7,ON SCHEDULE,27,0,27.03.2026,27.02.2026,09.03.2026,14.04.2026,14.04.2026,28.04.2026,07.05.2026,,S001,WH KLS JABABEKA
I100260226L109_S001,CDE PICKUP,70000,0,0,0,0,0,70000,S001 - WH KLS JABABEKA,PT. MERPATI ALAM SEMESTA,7,ON SCHEDULE,27,0,27.03.2026,27.02.2026,09.03.2026,14.04.2026,14.04.2026,28.04.2026,07.05.2026,,S001,WH KLS JABABEKA
I100260226L110_S001,CDE PICKUP,0,0,0,0,0,0,0,S001 - WH KLS JABABEKA,PT. MERPATI ALAM SEMESTA,2,LATE,7,158,07.03.2026,27.02.2026,11.03.2026,,,,,,S001,WH KLS JABABEKA
I100260226L111_S001,CDE PICKUP,405000,0,0,0,0,0,405000,S001 - WH KLS JABABEKA,PT. MERPATI ALAM SEMESTA,7,ON SCHEDULE,27,0,27.03.2026,27.02.2026,11.03.2026,14.04.2026,14.04.2026,28.04.2026,07.05.2026,,S001,WH KLS JABABEKA
I100260226L111_S001,CDE PICKUP,405000,0,0,0,0,0,405000,S001 - WH KLS JABABEKA,PT. MERPATI ALAM SEMESTA,7,ON SCHEDULE,27,0,27.03.2026,27.02.2026,11.03.2026,14.04.2026,14.04.2026,28.04.2026,07.05.2026,,S001,WH KLS JABABEKA
I100260226L112_S001,CDE PICKUP,200000,0,0,0,0,0,200000,S001 - WH KLS JABABEKA,PT. MERPATI ALAM SEMESTA,7,ON SCHEDULE,27,0,27.03.2026,27.02.2026,11.03.2026,14.04.2026,14.04.2026,28.04.2026,07.05.2026,,S001,WH KLS JABABEKA
I100260226L112_S001,CDE PICKUP,200000,0,0,0,0,0,200000,S001 - WH KLS JABABEKA,PT. MERPATI ALAM SEMESTA,7,ON SCHEDULE,27,0,27.03.2026,27.02.2026,11.03.2026,14.04.2026,14.04.2026,28.04.2026,07.05.2026,,S001,WH KLS JABABEKA
I100260226L114_S001,CDE PICKUP,273000,0,0,0,0,0,273000,S001 - WH KLS JABABEKA,PT. MERPATI ALAM SEMESTA,7,ON SCHEDULE,27,0,27.03.2026,27.02.2026,11.03.2026,14.04.2026,14.04.2026,28.04.2026,07.05.2026,,S001,WH KLS JABABEKA
I100260226L114_S001,CDE PICKUP,273000,0,0,0,0,0,273000,S001 - WH KLS JABABEKA,PT. MERPATI ALAM SEMESTA,7,ON SCHEDULE,27,0,27.03.2026,27.02.2026,11.03.2026,14.04.2026,14.04.2026,28.04.2026,07.05.2026,,S001,WH KLS JABABEKA
I100260226L115_S001,CDE PICKUP,636000,0,0,0,0,0,636000,S001 - WH KLS JABABEKA,PT. MERPATI ALAM SEMESTA,7,ON SCHEDULE,27,0,27.03.2026,27.02.2026,11.03.2026,14.04.2026,14.04.2026,28.04.2026,07.05.2026,,S001,WH KLS JABABEKA
I100260226L115_S001,CDE PICKUP,636000,0,0,0,0,0,636000,S001 - WH KLS JABABEKA,PT. MERPATI ALAM SEMESTA,7,ON SCHEDULE,27,0,27.03.2026,27.02.2026,11.03.2026,14.04.2026,14.04.2026,28.04.2026,07.05.2026,,S001,WH KLS JABABEKA
I100260226L117_S001,CDE PICKUP,500000,0,0,0,0,0,500000,S001 - WH KLS JABABEKA,PT. MERPATI ALAM SEMESTA,7,ON SCHEDULE,27,0,27.03.2026,27.02.2026,11.03.2026,14.04.2026,14.04.2026,28.04.2026,07.05.2026,,S001,WH KLS JABABEKA
I100260226L117_S001,CDE PICKUP,500000,0,0,0,0,0,500000,S001 - WH KLS JABABEKA,PT. MERPATI ALAM SEMESTA,7,ON SCHEDULE,27,0,27.03.2026,27.02.2026,11.03.2026,14.04.2026,14.04.2026,28.04.2026,07.05.2026,,S001,WH KLS JABABEKA
I100260226L118_S001,CDE PICKUP,456750,0,0,0,0,0,456750,S001 - WH KLS JABABEKA,PT. MERPATI ALAM SEMESTA,7,ON SCHEDULE,27,0,27.03.2026,27.02.2026,11.03.2026,14.04.2026,14.04.2026,28.04.2026,07.05.2026,,S001,WH KLS JABABEKA
I100260226L118_S001,CDE PICKUP,456750,0,0,0,0,0,456750,S001 - WH KLS JABABEKA,PT. MERPATI ALAM SEMESTA,7,ON SCHEDULE,27,0,27.03.2026,27.02.2026,11.03.2026,14.04.2026,14.04.2026,28.04.2026,07.05.2026,,S001,WH KLS JABABEKA
I100260226L120_S001,CDE PICKUP,1634000,0,0,0,0,0,1634000,S001 - WH KLS JABABEKA,PT. MERPATI ALAM SEMESTA,2,LATE,7,158,07.03.2026,27.02.2026,,,,,,,S001,WH KLS JABABEKA
I100260226L120_S001,CDE PICKUP,1634000,0,0,0,0,0,1634000,S001 - WH KLS JABABEKA,PT. MERPATI ALAM SEMESTA,2,LATE,7,158,07.03.2026,27.02.2026,,,,,,,S001,WH KLS JABABEKA
I100260226L126_S001,MINI VAN BOX,682750,0,0,0,0,0,682750,S001 - WH KLS JABABEKA,FIRST LOGISTICS,7,ON SCHEDULE,27,0,27.03.2026,27.02.2026,09.03.2026,08.05.2026,08.05.2026,12.05.2026,20.05.2026,,S001,WH KLS JABABEKA
I100260226L126_S001,MINI VAN BOX,682750,0,0,0,0,0,682750,S001 - WH KLS JABABEKA,FIRST LOGISTICS,7,ON SCHEDULE,27,0,27.03.2026,27.02.2026,09.03.2026,08.05.2026,08.05.2026,12.05.2026,20.05.2026,,S001,WH KLS JABABEKA
I100260226L127_S001,MINI VAN BOX,2335900,0,0,0,0,0,2335900,S001 - WH KLS JABABEKA,FIRST LOGISTICS,7,ON SCHEDULE,27,0,27.03.2026,27.02.2026,09.03.2026,08.05.2026,08.05.2026,12.05.2026,20.05.2026,,S001,WH KLS JABABEKA
I100260226L127_S001,MINI VAN BOX,2335900,0,0,0,0,0,2335900,S001 - WH KLS JABABEKA,FIRST LOGISTICS,7,ON SCHEDULE,27,0,27.03.2026,27.02.2026,09.03.2026,08.05.2026,08.05.2026,12.05.2026,20.05.2026,,S001,WH KLS JABABEKA
I100260226L128_S001,MINI VAN BOX,170300,0,0,0,0,0,170300,S001 - WH KLS JABABEKA,FIRST LOGISTICS,7,ON SCHEDULE,27,0,27.03.2026,27.02.2026,09.03.2026,08.05.2026,08.05.2026,12.05.2026,20.05.2026,,S001,WH KLS JABABEKA
I100260226L128_S001,MINI VAN BOX,170300,0,0,0,0,0,170300,S001 - WH KLS JABABEKA,FIRST LOGISTICS,7,ON SCHEDULE,27,0,27.03.2026,27.02.2026,09.03.2026,08.05.2026,08.05.2026,12.05.2026,20.05.2026,,S001,WH KLS JABABEKA
I100260226L130_S001,MINI VAN BOX,206400,0,0,0,0,0,206400,S001 - WH KLS JABABEKA,FIRST LOGISTICS,7,ON SCHEDULE,27,0,27.03.2026,27.02.2026,09.03.2026,08.05.2026,08.05.2026,12.05.2026,20.05.2026,,S001,WH KLS JABABEKA
I100260226L130_S001,MINI VAN BOX,206400,0,0,0,0,0,206400,S001 - WH KLS JABABEKA,FIRST LOGISTICS,7,ON SCHEDULE,27,0,27.03.2026,27.02.2026,09.03.2026,08.05.2026,08.05.2026,12.05.2026,20.05.2026,,S001,WH KLS JABABEKA
I100260226L131_S001,MINI VAN BOX,0,0,0,0,0,0,0,S001 - WH KLS JABABEKA,FIRST LOGISTICS,2,LATE,7,158,07.03.2026,27.02.2026,09.03.2026,,,,,,S001,WH KLS JABABEKA
I100260226T029_S001,WINGBOX,5650000,0,0,0,0,0,5650000,S001 - WH KLS JABABEKA,PT. DUTA MEDIA MANDIRI,7,ON SCHEDULE,29,0,29.03.2026,27.02.2026,05.03.2026,09.03.2026,09.03.2026,10.03.2026,10.03.2026,,S001,WH KLS JABABEKA
I100260226T030_S001,CONT-20,14000000,0,0,0,0,0,14000000,S001 - WH KLS JABABEKA,PT. SENTOSA PRIMA ABADI,7,ON SCHEDULE,40,0,10.04.2026,28.02.2026,16.03.2026,27.04.2026,28.04.2026,08.05.2026,08.05.2026,,S001,WH KLS JABABEKA
I100260227L001_S001,MINI VAN BOX,0,0,0,0,0,0,0,S001 - WH KLS JABABEKA,FIRST LOGISTICS,2,LATE,7,159,05.03.2026,25.02.2026,10.03.2026,,,,,,S001,WH KLS JABABEKA
I100260227L057_S001,CDD BAK,11500000,0,0,0,2300000,0,13800000,S001 - WH KLS JABABEKA,BINTANG SAMUDERA,7,ON SCHEDULE,29,0,29.03.2026,27.02.2026,08.03.2026,13.03.2026,13.03.2026,13.03.2026,13.03.2026,,S001,WH KLS JABABEKA
I100260227L057_S001,CDD BAK,11500000,0,0,0,2300000,0,13800000,S001 - WH KLS JABABEKA,BINTANG SAMUDERA,7,ON SCHEDULE,29,0,29.03.2026,27.02.2026,08.03.2026,13.03.2026,13.03.2026,13.03.2026,13.03.2026,,S001,WH KLS JABABEKA
I100260227L057_S001,CDD BAK,11500000,0,0,0,2300000,0,13800000,S001 - WH KLS JABABEKA,BINTANG SAMUDERA,7,ON SCHEDULE,29,0,29.03.2026,27.02.2026,08.03.2026,13.03.2026,13.03.2026,13.03.2026,13.03.2026,,S001,WH KLS JABABEKA
I100260227L058_S001,CDD BAK,6900000,0,0,0,0,0,6900000,S001 - WH KLS JABABEKA,BINTANG SAMUDERA,7,ON SCHEDULE,29,0,29.03.2026,27.02.2026,08.03.2026,09.03.2026,10.03.2026,11.03.2026,13.03.2026,,S001,WH KLS JABABEKA
I100260227L088_S001,CONT-40,25600000,0,0,0,0,0,25600000,S001 - WH KLS JABABEKA,PT. SENTOSA PRIMA ABADI,7,ON SCHEDULE,27,0,27.03.2026,27.02.2026,,03.06.2026,04.06.2026,15.06.2026,01.07.2026,,S001,WH KLS JABABEKA
I100260227L093_S001,CDE PICKUP,312000,0,0,0,0,0,312000,S001 - WH KLS JABABEKA,PT. Nusantara Cargo Line,7,ON SCHEDULE,27,0,27.03.2026,27.02.2026,04.03.2026,13.03.2026,13.03.2026,27.03.2026,27.03.2026,,S001,WH KLS JABABEKA
I100260227L093_S001,CDE PICKUP,312000,0,0,0,0,0,312000,S001 - WH KLS JABABEKA,PT. Nusantara Cargo Line,7,ON SCHEDULE,27,0,27.03.2026,27.02.2026,04.03.2026,13.03.2026,13.03.2026,27.03.2026,27.03.2026,,S001,WH KLS JABABEKA
I100260227L094_S001,CDE PICKUP,234000,0,0,0,0,0,234000,S001 - WH KLS JABABEKA,PT. Nusantara Cargo Line,7,ON SCHEDULE,27,0,27.03.2026,27.02.2026,04.03.2026,11.03.2026,11.03.2026,12.03.2026,12.03.2026,,S001,WH KLS JABABEKA
I100260227L094_S001,CDE PICKUP,234000,0,0,0,0,0,234000,S001 - WH KLS JABABEKA,PT. Nusantara Cargo Line,7,ON SCHEDULE,27,0,27.03.2026,27.02.2026,04.03.2026,11.03.2026,11.03.2026,12.03.2026,12.03.2026,,S001,WH KLS JABABEKA
I100260227L097_S001,CDE PICKUP,425000,0,0,0,0,0,425000,S001 - WH KLS JABABEKA,PT. Nusantara Cargo Line,7,ON SCHEDULE,27,0,27.03.2026,27.02.2026,06.03.2026,01.04.2026,01.04.2026,07.04.2026,07.04.2026,,S001,WH KLS JABABEKA
I100260227L097_S001,CDE PICKUP,425000,0,0,0,0,0,425000,S001 - WH KLS JABABEKA,PT. Nusantara Cargo Line,7,ON SCHEDULE,27,0,27.03.2026,27.02.2026,06.03.2026,01.04.2026,01.04.2026,07.04.2026,07.04.2026,,S001,WH KLS JABABEKA
I100260227L098_S001,CDE PICKUP,275000,0,0,0,0,0,275000,S001 - WH KLS JABABEKA,PT. Nusantara Cargo Line,7,ON SCHEDULE,27,0,27.03.2026,27.02.2026,06.03.2026,13.03.2026,13.03.2026,13.03.2026,13.03.2026,,S001,WH KLS JABABEKA
I100260227L098_S001,CDE PICKUP,275000,0,0,0,0,0,275000,S001 - WH KLS JABABEKA,PT. Nusantara Cargo Line,7,ON SCHEDULE,27,0,27.03.2026,27.02.2026,06.03.2026,13.03.2026,13.03.2026,13.03.2026,13.03.2026,,S001,WH KLS JABABEKA
I100260227L102_S001,CDE PICKUP,0,0,0,0,0,0,0,S001 - WH KLS JABABEKA,PT. Nusantara Cargo Line,2,LATE,7,157,07.03.2026,27.02.2026,10.03.2026,,,,,,S001,WH KLS JABABEKA
I100260227L106_S001,CDD BAK,4150000,0,0,0,0,842500,4992500,S001 - WH KLS JABABEKA,PT. HARI JAYA SEJAHTERA,7,ON SCHEDULE,27,0,27.03.2026,27.02.2026,01.03.2026,04.03.2026,05.03.2026,06.04.2026,06.04.2026,,S001,WH KLS JABABEKA
I100260227L115_S001,CDE PICKUP,0,0,0,0,0,0,0,S001 - WH KLS JABABEKA,PT. MERPATI ALAM SEMESTA,2,LATE,7,156,08.03.2026,28.02.2026,11.03.2026,,,,,,S001,WH KLS JABABEKA
I100260227T009_S001,WINGBOX,5650000,0,0,0,0,0,5650000,S001 - WH KLS JABABEKA,PT. DUTA MEDIA MANDIRI,7,ON SCHEDULE,29,0,30.03.2026,28.02.2026,03.03.2026,09.03.2026,09.03.2026,10.03.2026,10.03.2026,,S001,WH KLS JABABEKA
I100260228L026_S001,CDD BAK,5100000,0,0,0,1900000,0,7000000,S001 - WH KLS JABABEKA,PT. HARI JAYA SEJAHTERA,7,ON SCHEDULE,29,0,30.03.2026,28.02.2026,09.03.2026,11.03.2026,11.03.2026,06.04.2026,06.04.2026,,S001,WH KLS JABABEKA
I100260228L026_S001,CDD BAK,5100000,0,0,0,1900000,0,7000000,S001 - WH KLS JABABEKA,PT. HARI JAYA SEJAHTERA,7,ON SCHEDULE,29,0,30.03.2026,28.02.2026,09.03.2026,11.03.2026,11.03.2026,06.04.2026,06.04.2026,,S001,WH KLS JABABEKA
I100260228L026_S001,CDD BAK,5100000,0,0,0,1900000,0,7000000,S001 - WH KLS JABABEKA,PT. HARI JAYA SEJAHTERA,7,ON SCHEDULE,29,0,30.03.2026,28.02.2026,09.03.2026,11.03.2026,11.03.2026,06.04.2026,06.04.2026,,S001,WH KLS JABABEKA
I100260228L026_S001,CDD BAK,5100000,0,0,0,1900000,0,7000000,S001 - WH KLS JABABEKA,PT. HARI JAYA SEJAHTERA,7,ON SCHEDULE,29,0,30.03.2026,28.02.2026,09.03.2026,11.03.2026,11.03.2026,06.04.2026,06.04.2026,,S001,WH KLS JABABEKA
I100260228L027_S001,CDD BAK,5300000,0,0,0,400000,0,5700000,S001 - WH KLS JABABEKA,EKA CIPTA MANGGALA,7,ON SCHEDULE,29,0,30.03.2026,28.02.2026,05.03.2026,11.03.2026,12.03.2026,13.03.2026,13.03.2026,,S001,WH KLS JABABEKA
I100260228L027_S001,CDD BAK,5300000,0,0,0,400000,0,5700000,S001 - WH KLS JABABEKA,EKA CIPTA MANGGALA,7,ON SCHEDULE,29,0,30.03.2026,28.02.2026,05.03.2026,11.03.2026,12.03.2026,13.03.2026,13.03.2026,,S001,WH KLS JABABEKA
I100260228L027_S001,CDD BAK,5300000,0,0,0,400000,0,5700000,S001 - WH KLS JABABEKA,EKA CIPTA MANGGALA,7,ON SCHEDULE,29,0,30.03.2026,28.02.2026,05.03.2026,11.03.2026,12.03.2026,13.03.2026,13.03.2026,,S001,WH KLS JABABEKA
I100260228L029_S001,CDD BAK,4500000,0,0,0,0,0,4500000,S001 - WH KLS JABABEKA,PT. HARI JAYA SEJAHTERA,7,ON SCHEDULE,29,0,30.03.2026,28.02.2026,09.03.2026,11.03.2026,11.03.2026,06.04.2026,06.04.2026,,S001,WH KLS JABABEKA
I100260228L087_S001,MINI VAN BOX,650000,0,0,0,0,0,650000,S001 - WH KLS JABABEKA,PT. MERPATI ALAM SEMESTA,7,ON SCHEDULE,27,0,28.03.2026,28.02.2026,11.03.2026,12.06.2026,14.06.2026,19.06.2026,25.06.2026,,S001,WH KLS JABABEKA
I100260228L087_S001,MINI VAN BOX,650000,0,0,0,0,0,650000,S001 - WH KLS JABABEKA,PT. MERPATI ALAM SEMESTA,7,ON SCHEDULE,27,0,28.03.2026,28.02.2026,11.03.2026,12.06.2026,14.06.2026,19.06.2026,25.06.2026,,S001,WH KLS JABABEKA
I100260228L088_S001,MINI VAN BOX,500000,0,0,0,0,0,500000,S001 - WH KLS JABABEKA,PT. MERPATI ALAM SEMESTA,7,ON SCHEDULE,27,0,28.03.2026,28.02.2026,11.03.2026,14.04.2026,14.04.2026,28.04.2026,07.05.2026,,S001,WH KLS JABABEKA
I100260228L088_S001,MINI VAN BOX,500000,0,0,0,0,0,500000,S001 - WH KLS JABABEKA,PT. MERPATI ALAM SEMESTA,7,ON SCHEDULE,27,0,28.03.2026,28.02.2026,11.03.2026,14.04.2026,14.04.2026,28.04.2026,07.05.2026,,S001,WH KLS JABABEKA
I100260228L089_S001,MINI VAN BOX,0,0,0,0,0,0,0,S001 - WH KLS JABABEKA,PT. MERPATI ALAM SEMESTA,2,LATE,7,156,08.03.2026,28.02.2026,11.03.2026,,,,,,S001,WH KLS JABABEKA
I100260228L091_S001,CDE PICKUP,101250,0,0,0,0,0,101250,S001 - WH KLS JABABEKA,PT. MERPATI ALAM SEMESTA,7,ON SCHEDULE,27,0,28.03.2026,28.02.2026,11.03.2026,14.04.2026,14.04.2026,28.04.2026,07.05.2026,,S001,WH KLS JABABEKA
I100260228L091_S001,CDE PICKUP,101250,0,0,0,0,0,101250,S001 - WH KLS JABABEKA,PT. MERPATI ALAM SEMESTA,7,ON SCHEDULE,27,0,28.03.2026,28.02.2026,11.03.2026,14.04.2026,14.04.2026,28.04.2026,07.05.2026,,S001,WH KLS JABABEKA
I100260228L097_S001,MINI VAN BOX,654500,0,0,0,0,0,654500,S001 - WH KLS JABABEKA,FIRST LOGISTICS,7,ON SCHEDULE,27,0,28.03.2026,28.02.2026,11.03.2026,08.05.2026,12.05.2026,12.05.2026,20.05.2026,,S001,WH KLS JABABEKA
I100260228L097_S001,MINI VAN BOX,654500,0,0,0,0,0,654500,S001 - WH KLS JABABEKA,FIRST LOGISTICS,7,ON SCHEDULE,27,0,28.03.2026,28.02.2026,11.03.2026,08.05.2026,12.05.2026,12.05.2026,20.05.2026,,S001,WH KLS JABABEKA
I100260228L098_S001,MINI VAN BOX,644250,0,0,0,0,0,644250,S001 - WH KLS JABABEKA,FIRST LOGISTICS,7,ON SCHEDULE,27,0,28.03.2026,28.02.2026,10.03.2026,08.05.2026,12.05.2026,12.05.2026,20.05.2026,,S001,WH KLS JABABEKA
I100260228L098_S001,MINI VAN BOX,644250,0,0,0,0,0,644250,S001 - WH KLS JABABEKA,FIRST LOGISTICS,7,ON SCHEDULE,27,0,28.03.2026,28.02.2026,10.03.2026,08.05.2026,12.05.2026,12.05.2026,20.05.2026,,S001,WH KLS JABABEKA
I100260228L099_S001,MINI VAN BOX,21700,0,0,0,0,0,21700,S001 - WH KLS JABABEKA,FIRST LOGISTICS,7,ON SCHEDULE,27,0,28.03.2026,28.02.2026,10.03.2026,08.05.2026,12.05.2026,12.05.2026,20.05.2026,,S001,WH KLS JABABEKA
I100260228L099_S001,MINI VAN BOX,21700,0,0,0,0,0,21700,S001 - WH KLS JABABEKA,FIRST LOGISTICS,7,ON SCHEDULE,27,0,28.03.2026,28.02.2026,10.03.2026,08.05.2026,12.05.2026,12.05.2026,20.05.2026,,S001,WH KLS JABABEKA
I100260228L101_S001,MINI VAN BOX,826300,0,0,0,0,0,826300,S001 - WH KLS JABABEKA,FIRST LOGISTICS,7,ON SCHEDULE,27,0,28.03.2026,28.02.2026,10.03.2026,08.05.2026,12.05.2026,12.05.2026,20.05.2026,,S001,WH KLS JABABEKA
I100260228L101_S001,MINI VAN BOX,826300,0,0,0,0,0,826300,S001 - WH KLS JABABEKA,FIRST LOGISTICS,7,ON SCHEDULE,27,0,28.03.2026,28.02.2026,10.03.2026,08.05.2026,12.05.2026,12.05.2026,20.05.2026,,S001,WH KLS JABABEKA
I100260302L001_S001,CDE PICKUP,950000,0,0,0,0,0,950000,S001 - WH KLS JABABEKA,PT. Nusantara Cargo Line,7,ON SCHEDULE,27,0,04.03.2026,04.02.2026,05.03.2026,06.03.2026,07.03.2026,09.03.2026,09.03.2026,,S001,WH KLS JABABEKA
I100260302L001_S001,CDE PICKUP,950000,0,0,0,0,0,950000,S001 - WH KLS JABABEKA,PT. Nusantara Cargo Line,7,ON SCHEDULE,27,0,04.03.2026,04.02.2026,05.03.2026,06.03.2026,07.03.2026,09.03.2026,09.03.2026,,S001,WH KLS JABABEKA
R100251219L018_A001,FUSO,14750000,0,0,0,400000,0,15150000,A001 - WH AHI JABABEKA,PT. SATRIA PIRANTI PERKASA,7,ON SCHEDULE,41,0,23.03.2026,09.02.2026,10.02.2026,10.02.2026,10.02.2026,10.02.2026,10.02.2026,,A001,WH AHI JABABEKA
R100260120L021_A001,CONT-20,9300000,0,0,0,0,0,9300000,A001 - WH AHI JABABEKA,PT. SENTOSAPRIMA ABADI,7,ON SCHEDULE,26,0,01.03.2026,02.02.2026,02.02.2026,17.04.2026,17.04.2026,21.04.2026,21.04.2026,,A001,WH AHI JABABEKA
R100260120L023_A001,CDD LONG CHASSIS,3198000,0,0,0,0,0,3198000,A001 - WH AHI JABABEKA,PT.SIASAT CEPAT MUDA,7,ON SCHEDULE,28,0,04.03.2026,03.02.2026,03.02.2026,04.02.2026,04.02.2026,04.02.2026,06.02.2026,,A001,WH AHI JABABEKA
R100260120L027_A001,CONT-20,13600000,0,0,0,0,0,13600000,A001 - WH AHI JABABEKA,PT. VISITA JAYA PERKASA,7,ON SCHEDULE,43,0,20.03.2026,04.02.2026,04.02.2026,05.02.2026,05.02.2026,12.02.2026,12.02.2026,,A001,WH AHI JABABEKA
R100260121L020_A001,FUSO,19350000,0,0,0,200000,0,19550000,A001 - WH AHI JABABEKA,PT. SATRIA PIRANTI PERKASA,7,ON SCHEDULE,41,0,16.03.2026,02.02.2026,03.02.2026,25.02.2026,25.02.2026,05.03.2026,05.03.2026,,A001,WH AHI JABABEKA
R100260122L013_A001,CONT-20,11300000,0,0,0,0,0,11300000,A001 - WH AHI JABABEKA,PT. SENTOSAPRIMA ABADI,7,ON SCHEDULE,41,0,17.03.2026,03.02.2026,12.02.2026,10.03.2026,10.03.2026,27.03.2026,27.03.2026,,A001,WH AHI JABABEKA
R100260122L029_A001,CDD LONG CHASSIS,4900000,0,0,0,300000,0,5200000,A001 - WH AHI JABABEKA,PT.ORANG KREATIF EKSIS,7,ON SCHEDULE,28,0,05.03.2026,04.02.2026,04.02.2026,09.02.2026,10.02.2026,18.02.2026,18.02.2026,,A001,WH AHI JABABEKA
R100260122L052_A001,CONT-20,7900000,0,0,0,0,0,7900000,A001 - WH AHI JABABEKA,PT. VISITA JAYA PERKASA,7,ON SCHEDULE,42,0,18.03.2026,03.02.2026,04.02.2026,06.02.2026,06.02.2026,13.02.2026,13.02.2026,,A001,WH AHI JABABEKA
R100260123L026_A001,CDD LONG CHASSIS,2350000,0,0,0,0,0,2350000,A001 - WH AHI JABABEKA,PT. BINTANG SAMUDRA RAYA,7,ON SCHEDULE,28,0,04.03.2026,03.02.2026,04.02.2026,11.02.2026,12.02.2026,13.02.2026,13.02.2026,,A001,WH AHI JABABEKA
R100260123T053_A001,CONT-20,9450000,0,0,0,0,0,9450000,A001 - WH AHI JABABEKA,PT. SENTOSAPRIMA ABADI,7,ON SCHEDULE,41,0,17.03.2026,03.02.2026,12.02.2026,10.03.2026,11.03.2026,27.03.2026,27.03.2026,,A001,WH AHI JABABEKA
R100260124L021_A001,FUSO,19550000,0,0,0,522000,0,20072000,A001 - WH AHI JABABEKA,PT. DUTA LINTAS NUSA,7,ON SCHEDULE,31,0,09.03.2026,05.02.2026,05.02.2026,11.02.2026,19.02.2026,20.02.2026,23.02.2026,,A001,WH AHI JABABEKA
R100260125L018_A001,CONT-20,17500000,0,0,0,0,0,17500000,A001 - WH AHI JABABEKA,PT. TPIL LOGISTICS,7,ON SCHEDULE,41,0,16.03.2026,02.02.2026,05.02.2026,02.03.2026,02.03.2026,09.03.2026,09.03.2026,,A001,WH AHI JABABEKA
R100260126B003_A001,CONT-20,20500000,0,0,0,0,0,20500000,A001 - WH AHI JABABEKA,PT.TEMAS SAGARA INDONESIA,7,ON SCHEDULE,26,0,01.03.2026,02.02.2026,02.03.2026,15.04.2026,15.04.2026,20.04.2026,20.04.2026,,A001,WH AHI JABABEKA
R100260126L031_A001,CONT-20,8800000,0,0,0,0,0,8800000,A001 - WH AHI JABABEKA,PT. SENTOSAPRIMA ABADI,7,ON SCHEDULE,41,0,15.03.2026,01.02.2026,02.03.2026,01.04.2026,01.04.2026,06.04.2026,06.04.2026,,A001,WH AHI JABABEKA
R100260127L021_A001,CONT-20,11300000,0,0,0,0,0,11300000,A001 - WH AHI JABABEKA,PT. SENTOSAPRIMA ABADI,7,ON SCHEDULE,41,0,16.03.2026,02.02.2026,14.02.2026,01.04.2026,01.04.2026,02.04.2026,06.04.2026,,A001,WH AHI JABABEKA
R100260127L057_A001,FUSO,5900000,0,0,0,200000,0,6100000,A001 - WH AHI JABABEKA,PT. SATRIA PIRANTI PERKASA,7,ON SCHEDULE,30,0,04.03.2026,01.02.2026,04.02.2026,24.02.2026,24.02.2026,05.03.2026,05.03.2026,,A001,WH AHI JABABEKA
R100260127T007_A001,CONT-20,3900000,0,0,0,0,0,3900000,A001 - WH AHI JABABEKA,PT. JATIM PETROLEUM TRANSPORT,7,ON SCHEDULE,30,0,08.03.2026,05.02.2026,05.02.2026,06.03.2026,07.03.2026,30.03.2026,30.03.2026,,A001,WH AHI JABABEKA
R100260127T008_A001,CONT-20,3900000,0,0,0,0,0,3900000,A001 - WH AHI JABABEKA,PT. JATIM PETROLEUM TRANSPORT,7,ON SCHEDULE,30,0,08.03.2026,05.02.2026,05.02.2026,06.03.2026,07.03.2026,30.03.2026,30.03.2026,,A001,WH AHI JABABEKA
R100260128L016_A001,CONT-20,11300000,0,0,0,0,0,11300000,A001 - WH AHI JABABEKA,PT. SENTOSAPRIMA ABADI,7,ON SCHEDULE,41,0,15.03.2026,01.02.2026,14.02.2026,01.04.2026,01.04.2026,07.04.2026,07.04.2026,,A001,WH AHI JABABEKA
R100260128L038_A001,CDD LONG CHASSIS,4900000,0,0,0,150000,0,5050000,A001 - WH AHI JABABEKA,PT.ORANG KREATIF EKSIS,7,ON SCHEDULE,28,0,02.03.2026,01.02.2026,03.02.2026,06.02.2026,06.02.2026,10.02.2026,10.02.2026,,A001,WH AHI JABABEKA
R100260128L044_A001,CONT-40,13300000,0,0,0,0,0,13300000,A001 - WH AHI JABABEKA,PT. HAKKA HYDRO TIRTA,7,ON SCHEDULE,41,0,16.03.2026,02.02.2026,,27.02.2026,27.02.2026,02.03.2026,02.03.2026,,A001,WH AHI JABABEKA
R100260128T004_A001,CONT-20,3900000,0,0,0,0,0,3900000,A001 - WH AHI JABABEKA,PT. JATIM PETROLEUM TRANSPORT,7,ON SCHEDULE,30,0,05.03.2026,02.02.2026,06.02.2026,06.03.2026,07.03.2026,30.03.2026,30.03.2026,,A001,WH AHI JABABEKA
R100260128T006_A001,WINGBOX,6700000,0,0,0,0,0,6700000,A001 - WH AHI JABABEKA,PT.DHANESWARA EXPRES,7,ON SCHEDULE,30,0,09.03.2026,06.02.2026,06.02.2026,13.02.2026,13.02.2026,23.02.2026,23.02.2026,,A001,WH AHI JABABEKA
R100260128T008_A001,CONT-20,3900000,0,0,0,0,0,3900000,A001 - WH AHI JABABEKA,PT. JATIM PETROLEUM TRANSPORT,7,ON SCHEDULE,30,0,09.03.2026,06.02.2026,06.02.2026,06.03.2026,07.03.2026,30.03.2026,30.03.2026,,A001,WH AHI JABABEKA
R100260129L034_A001,CONT-20,27000000,0,0,0,0,0,27000000,A001 - WH AHI JABABEKA,PT. TPIL LOGISTICS,7,ON SCHEDULE,47,0,23.03.2026,03.02.2026,22.02.2026,02.03.2026,02.03.2026,15.04.2026,15.04.2026,,A001,WH AHI JABABEKA
R100260129L039_A001,CONT-20,9000000,0,0,0,0,0,9000000,A001 - WH AHI JABABEKA,PT. SENTOSAPRIMA ABADI,7,ON SCHEDULE,39,0,13.03.2026,01.02.2026,09.02.2026,10.03.2026,11.03.2026,13.03.2026,13.03.2026,,A001,WH AHI JABABEKA
R100260129L040_A001,CONT-20,9000000,0,0,0,0,0,9000000,A001 - WH AHI JABABEKA,PT. SENTOSAPRIMA ABADI,7,ON SCHEDULE,39,0,13.03.2026,01.02.2026,09.02.2026,10.03.2026,11.03.2026,13.03.2026,13.03.2026,,A001,WH AHI JABABEKA
R100260129L045_A001,CONT-20,11800000,0,0,0,0,0,11800000,A001 - WH AHI JABABEKA,PT. WIDYA TRANS CARGO,7,ON SCHEDULE,43,0,17.03.2026,01.02.2026,14.02.2026,05.03.2026,05.03.2026,09.03.2026,09.03.2026,,A001,WH AHI JABABEKA
R100260129L053_A001,CONT-20,9300000,0,0,0,0,0,9300000,A001 - WH AHI JABABEKA,PT. SENTOSAPRIMA ABADI,7,ON SCHEDULE,39,0,13.03.2026,01.02.2026,12.02.2026,10.04.2026,10.04.2026,13.04.2026,13.04.2026,,A001,WH AHI JABABEKA
R100260129L055_A001,CONT-20,9300000,0,0,0,0,0,9300000,A001 - WH AHI JABABEKA,PT. SENTOSAPRIMA ABADI,7,ON SCHEDULE,39,0,13.03.2026,01.02.2026,12.02.2026,10.04.2026,10.04.2026,13.04.2026,13.04.2026,,A001,WH AHI JABABEKA
R100260129L059_A001,CONT-20,9000000,0,0,0,0,0,9000000,A001 - WH AHI JABABEKA,PT. SENTOSAPRIMA ABADI,7,ON SCHEDULE,39,0,15.03.2026,03.02.2026,09.02.2026,10.03.2026,11.03.2026,13.03.2026,13.03.2026,,A001,WH AHI JABABEKA
R100260129L067_A001,CONT-20,9000000,0,0,0,0,0,9000000,A001 - WH AHI JABABEKA,PT. SENTOSAPRIMA ABADI,7,ON SCHEDULE,39,0,15.03.2026,03.02.2026,09.02.2026,10.03.2026,11.03.2026,13.03.2026,13.03.2026,,A001,WH AHI JABABEKA
R100260129L068_A001,CONT-20,11300000,0,0,0,0,0,11300000,A001 - WH AHI JABABEKA,PT. SENTOSAPRIMA ABADI,7,ON SCHEDULE,41,0,17.03.2026,03.02.2026,14.02.2026,01.04.2026,01.04.2026,07.04.2026,07.04.2026,,A001,WH AHI JABABEKA
R100260129L069_A001,CONT-20,19500000,0,0,0,0,0,19500000,A001 - WH AHI JABABEKA,PT.TEMAS SAGARA INDONESIA,7,ON SCHEDULE,48,0,24.03.2026,03.02.2026,22.02.2026,06.03.2026,06.03.2026,06.03.2026,06.03.2026,,A001,WH AHI JABABEKA
R100260129T001_A001,WINGBOX,5600000,0,0,0,0,0,5600000,A001 - WH AHI JABABEKA,PT. BINTANG SAMUDRA RAYA,7,ON SCHEDULE,30,0,05.03.2026,02.02.2026,04.02.2026,06.02.2026,06.02.2026,13.02.2026,13.02.2026,,A001,WH AHI JABABEKA
R100260130L015_A001,CONT-20,8450000,0,0,550000,0,0,9000000,A001 - WH AHI JABABEKA,PT. TPIL LOGISTICS,7,ON SCHEDULE,42,0,19.03.2026,04.02.2026,,23.04.2026,23.04.2026,23.04.2026,27.04.2026,,A001,WH AHI JABABEKA
R100260130L015_A001,CONT-20,8450000,0,0,550000,0,0,9000000,A001 - WH AHI JABABEKA,PT. TPIL LOGISTICS,7,ON SCHEDULE,42,0,19.03.2026,04.02.2026,,23.04.2026,23.04.2026,23.04.2026,27.04.2026,,A001,WH AHI JABABEKA
R100260130L015_A001,CONT-20,8450000,0,0,550000,0,0,9000000,A001 - WH AHI JABABEKA,PT. TPIL LOGISTICS,7,ON SCHEDULE,42,0,19.03.2026,04.02.2026,,23.04.2026,23.04.2026,23.04.2026,27.04.2026,,A001,WH AHI JABABEKA
R100260130L017_A001,CONT-20,13300000,0,0,0,0,0,13300000,A001 - WH AHI JABABEKA,PT. KARGO KONTAINER LOGISTIK INDONESIA,7,ON SCHEDULE,42,0,18.03.2026,03.02.2026,14.02.2026,28.04.2026,28.04.2026,28.04.2026,28.04.2026,,A001,WH AHI JABABEKA
R100260130L019_A001,FUSO,19350000,0,0,0,200000,0,19550000,A001 - WH AHI JABABEKA,PT. SATRIA PIRANTI PERKASA,7,ON SCHEDULE,41,0,01.04.2026,18.02.2026,19.02.2026,25.02.2026,25.02.2026,05.03.2026,05.03.2026,,A001,WH AHI JABABEKA
R100260130L024_A001,CDD LONG CHASSIS,3600000,0,0,0,0,0,3600000,A001 - WH AHI JABABEKA,PT. BINTANG SAMUDRA RAYA,7,ON SCHEDULE,28,0,03.03.2026,02.02.2026,04.02.2026,11.02.2026,12.02.2026,13.02.2026,13.02.2026,,A001,WH AHI JABABEKA
R100260130L032_A001,CONT-20,9300000,0,0,0,0,0,9300000,A001 - WH AHI JABABEKA,PT. SENTOSAPRIMA ABADI,7,ON SCHEDULE,39,0,14.03.2026,02.02.2026,13.02.2026,17.04.2026,17.04.2026,21.04.2026,21.04.2026,,A001,WH AHI JABABEKA
R100260130L035_A001,CONT-20,11800000,0,0,0,0,0,11800000,A001 - WH AHI JABABEKA,PT. WIDYA TRANS CARGO,7,ON SCHEDULE,43,0,18.03.2026,02.02.2026,14.02.2026,05.03.2026,05.03.2026,09.03.2026,09.03.2026,,A001,WH AHI JABABEKA
R100260130L036_A001,CONT-20,17500000,0,0,0,0,0,17500000,A001 - WH AHI JABABEKA,PT. TPIL LOGISTICS,7,ON SCHEDULE,41,0,17.03.2026,03.02.2026,15.02.2026,02.03.2026,02.03.2026,15.04.2026,15.04.2026,,A001,WH AHI JABABEKA
R100260130L037_A001,CONT-20,11900000,0,0,0,0,0,11900000,A001 - WH AHI JABABEKA,PT. HAKKA HYDRO TIRTA,7,ON SCHEDULE,47,0,25.03.2026,05.02.2026,,19.05.2026,19.05.2026,19.05.2026,03.06.2026,,A001,WH AHI JABABEKA
R100260130T049_A001,CONT-20,9000000,0,0,0,0,0,9000000,A001 - WH AHI JABABEKA,PT. SENTOSAPRIMA ABADI,7,ON SCHEDULE,39,0,15.03.2026,03.02.2026,09.02.2026,10.03.2026,11.03.2026,13.03.2026,06.04.2026,,A001,WH AHI JABABEKA
R100260131L005_A001,CONT-20,10550000,0,0,0,0,0,10550000,A001 - WH AHI JABABEKA,PT. PRIMA GLOBALINDO LOGISTIK,7,ON SCHEDULE,39,0,14.03.2026,02.02.2026,14.02.2026,09.03.2026,10.03.2026,10.03.2026,25.05.2026,,A001,WH AHI JABABEKA
R100260131L009_A001,CONT-20,9000000,0,0,800000,0,0,9800000,A001 - WH AHI JABABEKA,PT. HAKKA HYDRO TIRTA,7,ON SCHEDULE,40,0,16.03.2026,03.02.2026,,19.05.2026,20.05.2026,02.06.2026,10.06.2026,,A001,WH AHI JABABEKA
R100260131L010_A001,CONT-20,20400000,0,0,0,0,0,20400000,A001 - WH AHI JABABEKA,PT. MITRA INTERTRANS FORWARDING,7,ON SCHEDULE,49,0,29.03.2026,07.02.2026,03.03.2026,08.04.2026,08.04.2026,08.04.2026,08.04.2026,,A001,WH AHI JABABEKA
R100260131L011_A001,CONT-20,9000000,0,0,800000,0,0,9800000,A001 - WH AHI JABABEKA,PT. HAKKA HYDRO TIRTA,7,ON SCHEDULE,39,0,15.03.2026,03.02.2026,16.02.2026,19.05.2026,20.05.2026,02.06.2026,10.06.2026,,A001,WH AHI JABABEKA
R100260131L013_A001,CONT-20,11500000,0,0,0,0,0,11500000,A001 - WH AHI JABABEKA,PT. WIDYA TRANS CARGO,7,ON SCHEDULE,41,0,18.03.2026,04.02.2026,14.02.2026,25.02.2026,25.02.2026,26.02.2026,26.02.2026,,A001,WH AHI JABABEKA
R100260131L020_A001,CDD LONG CHASSIS,3100000,0,0,0,0,0,3100000,A001 - WH AHI JABABEKA,PT. BINTANG SAMUDRA RAYA,7,ON SCHEDULE,29,0,03.03.2026,01.02.2026,03.02.2026,11.02.2026,12.02.2026,13.02.2026,13.02.2026,,A001,WH AHI JABABEKA
R100260131L021_A001,FUSO,19200000,0,0,0,0,0,19200000,A001 - WH AHI JABABEKA,PT. SATRIA PIRANTI PERKASA,7,ON SCHEDULE,39,0,13.03.2026,01.02.2026,05.02.2026,25.02.2026,25.02.2026,05.03.2026,05.03.2026,,A001,WH AHI JABABEKA
R100260131L022_A001,CONT-20,13900000,0,0,0,0,0,13900000,A001 - WH AHI JABABEKA,PT. KARGO KONTAINER LOGISTIK INDONESIA,7,ON SCHEDULE,43,0,20.03.2026,04.02.2026,21.02.2026,30.03.2026,30.03.2026,30.03.2026,09.04.2026,,A001,WH AHI JABABEKA
R100260131L023_A001,FUSO,13800000,0,0,0,0,0,13800000,A001 - WH AHI JABABEKA,PT. DUTA LINTAS NUSA,7,ON SCHEDULE,40,0,14.03.2026,01.02.2026,06.02.2026,24.02.2026,24.02.2026,24.02.2026,26.02.2026,,A001,WH AHI JABABEKA
R100260131L024_A001,CONT-20,18500000,0,0,0,0,0,18500000,A001 - WH AHI JABABEKA,PT.TEMAS SAGARA INDONESIA,7,ON SCHEDULE,42,0,18.03.2026,03.02.2026,27.02.2026,31.03.2026,31.03.2026,31.03.2026,31.03.2026,,A001,WH AHI JABABEKA
R100260131L025_A001,FUSO,19350000,0,0,0,0,0,19350000,A001 - WH AHI JABABEKA,PT. SATRIA PIRANTI PERKASA,7,ON SCHEDULE,41,0,15.03.2026,01.02.2026,06.02.2026,25.02.2026,25.02.2026,05.03.2026,05.03.2026,,A001,WH AHI JABABEKA
R100260131L026_A001,FUSO,11500000,0,0,0,0,0,11500000,A001 - WH AHI JABABEKA,PT. SATRIA PIRANTI PERKASA,7,ON SCHEDULE,31,0,05.03.2026,01.02.2026,05.02.2026,25.02.2026,25.02.2026,05.03.2026,05.03.2026,,A001,WH AHI JABABEKA
R100260131T008_A001,CONT-20,3900000,0,0,0,0,0,3900000,A001 - WH AHI JABABEKA,PT. JATIM PETROLEUM TRANSPORT,7,ON SCHEDULE,30,0,04.03.2026,01.02.2026,02.02.2026,10.03.2026,10.03.2026,12.03.2026,12.03.2026,,A001,WH AHI JABABEKA
R100260131T009_A001,CONT-20,3900000,0,0,0,0,0,3900000,A001 - WH AHI JABABEKA,PT. JATIM PETROLEUM TRANSPORT,7,ON SCHEDULE,30,0,04.03.2026,01.02.2026,02.02.2026,10.03.2026,10.03.2026,12.03.2026,12.03.2026,,A001,WH AHI JABABEKA
R100260131T012_A001,CONT-40,14200000,0,0,0,0,0,14200000,A001 - WH AHI JABABEKA,PT. SENTOSAPRIMA ABADI,7,ON SCHEDULE,39,0,13.03.2026,01.02.2026,18.02.2026,22.04.2026,23.04.2026,23.04.2026,23.04.2026,,A001,WH AHI JABABEKA
R100260131T051_A001,WINGBOX,6000000,0,0,0,0,0,6000000,A001 - WH AHI JABABEKA,PT.AMANAH TRANSMULIA MANDIRI LOGISTIK,7,ON SCHEDULE,30,0,04.03.2026,01.02.2026,04.02.2026,06.02.2026,06.02.2026,10.02.2026,10.02.2026,,A001,WH AHI JABABEKA
R100260201L002_A001,WINGBOX,10700000,0,0,0,400000,0,11100000,A001 - WH AHI JABABEKA,PT. BINTANG SAMUDRA RAYA,7,ON SCHEDULE,27,0,02.03.2026,02.02.2026,06.02.2026,24.02.2026,24.02.2026,25.02.2026,26.02.2026,,A001,WH AHI JABABEKA
R100260201L003_A001,CDD LONG CHASSIS,3500000,0,0,0,250000,0,3750000,A001 - WH AHI JABABEKA,PT. AGUNG MAKMUR JAYA,7,ON SCHEDULE,28,0,02.03.2026,01.02.2026,03.02.2026,01.04.2026,02.04.2026,14.04.2026,16.04.2026,,A001,WH AHI JABABEKA
R100260201L003_A001,CDD LONG CHASSIS,3500000,0,0,0,250000,0,3750000,A001 - WH AHI JABABEKA,PT. AGUNG MAKMUR JAYA,7,ON SCHEDULE,28,0,02.03.2026,01.02.2026,03.02.2026,01.04.2026,02.04.2026,14.04.2026,16.04.2026,,A001,WH AHI JABABEKA
R100260201L003_A001,CDD LONG CHASSIS,3500000,0,0,0,250000,0,3750000,A001 - WH AHI JABABEKA,PT. AGUNG MAKMUR JAYA,7,ON SCHEDULE,28,0,02.03.2026,01.02.2026,03.02.2026,01.04.2026,02.04.2026,14.04.2026,16.04.2026,,A001,WH AHI JABABEKA
R100260201L004_A001,CDD LONG CHASSIS,4900000,0,0,0,0,0,4900000,A001 - WH AHI JABABEKA,PT.ORANG KREATIF EKSIS,7,ON SCHEDULE,28,0,02.03.2026,01.02.2026,03.02.2026,09.02.2026,10.02.2026,20.02.2026,20.02.2026,,A001,WH AHI JABABEKA
R100260201L005_A001,FUSO,5780000,0,0,0,300000,0,6080000,A001 - WH AHI JABABEKA,PT. SATRIA PIRANTI PERKASA,7,ON SCHEDULE,30,0,04.03.2026,01.02.2026,04.02.2026,02.03.2026,02.03.2026,09.03.2026,09.03.2026,,A001,WH AHI JABABEKA
R100260201L006_A001,FUSO,12500000,0,0,0,0,0,12500000,A001 - WH AHI JABABEKA,PT.DHANESWARA EXPRES,7,ON SCHEDULE,31,0,05.03.2026,01.02.2026,05.02.2026,11.02.2026,12.02.2026,18.02.2026,18.02.2026,,A001,WH AHI JABABEKA
R100260201L008_A001,CDD LONG CHASSIS,1400000,0,0,0,0,0,1400000,A001 - WH AHI JABABEKA,PT. BINTANG SAMUDRA RAYA,7,ON SCHEDULE,28,0,02.03.2026,01.02.2026,02.02.2026,11.02.2026,12.02.2026,23.02.2026,24.02.2026,,A001,WH AHI JABABEKA
R100260201L009_A001,CDD LONG CHASSIS,1400000,0,0,0,0,0,1400000,A001 - WH AHI JABABEKA,PT. BINTANG SAMUDRA RAYA,7,ON SCHEDULE,29,0,03.03.2026,01.02.2026,04.02.2026,11.02.2026,12.02.2026,23.02.2026,24.02.2026,,A001,WH AHI JABABEKA
R100260201L010_A001,CDD LONG CHASSIS,1600000,0,0,0,0,0,1600000,A001 - WH AHI JABABEKA,PT. BINTANG SAMUDRA RAYA,7,ON SCHEDULE,28,0,02.03.2026,01.02.2026,02.02.2026,11.02.2026,12.02.2026,23.02.2026,24.02.2026,,A001,WH AHI JABABEKA
R100260201L011_A001,CDD LONG CHASSIS,1725000,0,0,0,0,0,1725000,A001 - WH AHI JABABEKA,PT. BINTANG SAMUDRA RAYA,7,ON SCHEDULE,27,0,01.03.2026,01.02.2026,02.02.2026,11.02.2026,12.02.2026,23.02.2026,24.02.2026,,A001,WH AHI JABABEKA
R100260201L012_A001,CDD LONG CHASSIS,1750000,0,0,0,0,0,1750000,A001 - WH AHI JABABEKA,PT. CATUR GLOBAL LOGISTIK,7,ON SCHEDULE,26,0,01.03.2026,02.02.2026,03.02.2026,19.02.2026,19.02.2026,20.02.2026,20.02.2026,,A001,WH AHI JABABEKA
R100260201L013_A001,CDD LONG CHASSIS,1750000,0,0,0,0,0,1750000,A001 - WH AHI JABABEKA,PT. CATUR GLOBAL LOGISTIK,7,ON SCHEDULE,28,0,03.03.2026,02.02.2026,03.02.2026,11.02.2026,12.02.2026,12.02.2026,12.02.2026,,A001,WH AHI JABABEKA
R100260201L014_A001,CDD LONG CHASSIS,1800000,0,0,0,0,0,1800000,A001 - WH AHI JABABEKA,PT. ARDYA PRIMA INTERNUSA,7,ON SCHEDULE,28,0,03.03.2026,02.02.2026,03.02.2026,23.02.2026,23.02.2026,03.03.2026,06.03.2026,,A001,WH AHI JABABEKA
R100260201L015_A001,CDD LONG CHASSIS,2250000,0,0,0,0,0,2250000,A001 - WH AHI JABABEKA,PT. BINTANG SAMUDRA RAYA,7,ON SCHEDULE,28,0,03.03.2026,02.02.2026,03.02.2026,11.02.2026,12.02.2026,23.02.2026,24.02.2026,,A001,WH AHI JABABEKA
R100260201L016_A001,CDD LONG CHASSIS,1725000,0,0,0,400000,0,2125000,A001 - WH AHI JABABEKA,PT. BINTANG SAMUDRA RAYA,7,ON SCHEDULE,27,0,01.03.2026,01.02.2026,02.02.2026,24.02.2026,24.02.2026,25.02.2026,26.02.2026,,A001,WH AHI JABABEKA
R100260201L017_A001,CDD LONG CHASSIS,1400000,0,0,0,0,0,1400000,A001 - WH AHI JABABEKA,PT. ARDYA PRIMA INTERNUSA,7,ON SCHEDULE,28,0,03.03.2026,02.02.2026,03.02.2026,23.02.2026,23.02.2026,03.03.2026,06.03.2026,,A001,WH AHI JABABEKA
R100260201L019_A001,CONT-20,14850000,0,0,0,0,0,14850000,A001 - WH AHI JABABEKA,PT. MITRA INTERTRANS FORWARDING,7,ON SCHEDULE,48,0,24.03.2026,03.02.2026,26.02.2026,27.03.2026,29.03.2026,30.03.2026,30.03.2026,,A001,WH AHI JABABEKA
R100260201L020_A001,CDD LONG CHASSIS,1700000,0,0,0,75000,0,1775000,A001 - WH AHI JABABEKA,PT. ANTAR JARINGAN SEPANJANG JALAN,7,ON SCHEDULE,28,0,03.03.2026,02.02.2026,02.02.2026,05.02.2026,06.02.2026,11.02.2026,11.02.2026,,A001,WH AHI JABABEKA
R100260201T001_A001,WINGBOX,5650000,0,0,0,0,0,5650000,A001 - WH AHI JABABEKA,PT. DUTA MEDIA MANDIRI,7,ON SCHEDULE,30,0,05.03.2026,02.02.2026,05.02.2026,10.02.2026,10.02.2026,10.02.2026,10.02.2026,,A001,WH AHI JABABEKA
R100260201T002_A001,CONT-20,3900000,0,0,0,0,0,3900000,A001 - WH AHI JABABEKA,PT. JATIM PETROLEUM TRANSPORT,7,ON SCHEDULE,30,0,04.03.2026,01.02.2026,04.02.2026,10.03.2026,10.03.2026,12.03.2026,12.03.2026,,A001,WH AHI JABABEKA
R100260201T003_A001,CONT-20,3900000,0,0,0,0,0,3900000,A001 - WH AHI JABABEKA,PT. JATIM PETROLEUM TRANSPORT,7,ON SCHEDULE,30,0,04.03.2026,01.02.2026,04.02.2026,10.03.2026,10.03.2026,12.03.2026,12.03.2026,,A001,WH AHI JABABEKA
R100260201T004_A001,CONT-20,3900000,0,0,0,0,0,3900000,A001 - WH AHI JABABEKA,PT. JATIM PETROLEUM TRANSPORT,7,ON SCHEDULE,30,0,04.03.2026,01.02.2026,03.03.2026,10.03.2026,10.03.2026,12.03.2026,12.03.2026,,A001,WH AHI JABABEKA
R100260201T005_A001,CONT-20,3900000,0,0,0,0,0,3900000,A001 - WH AHI JABABEKA,PT. JATIM PETROLEUM TRANSPORT,7,ON SCHEDULE,30,0,04.03.2026,01.02.2026,03.03.2026,10.03.2026,10.03.2026,12.03.2026,12.03.2026,,A001,WH AHI JABABEKA
R100260201T006_A001,WINGBOX,5650000,0,0,0,0,0,5650000,A001 - WH AHI JABABEKA,PT. DUTA MEDIA MANDIRI,7,ON SCHEDULE,30,0,05.03.2026,02.02.2026,04.02.2026,05.02.2026,05.02.2026,10.02.2026,10.02.2026,,A001,WH AHI JABABEKA
R100260201T007_A001,CONT-20,3900000,0,0,0,0,0,3900000,A001 - WH AHI JABABEKA,PT. JATIM PETROLEUM TRANSPORT,7,ON SCHEDULE,30,0,05.03.2026,02.02.2026,06.02.2026,10.03.2026,10.03.2026,12.03.2026,12.03.2026,,A001,WH AHI JABABEKA
R100260201T008_A001,CONT-20,3900000,0,0,0,0,0,3900000,A001 - WH AHI JABABEKA,PT. JATIM PETROLEUM TRANSPORT,7,ON SCHEDULE,30,0,16.03.2026,13.02.2026,14.02.2026,27.03.2026,27.03.2026,27.04.2026,27.04.2026,,A001,WH AHI JABABEKA
R100260201T009_A001,CONT-20,3900000,0,0,0,0,0,3900000,A001 - WH AHI JABABEKA,PT. JATIM PETROLEUM TRANSPORT,7,ON SCHEDULE,30,0,05.03.2026,02.02.2026,06.02.2026,12.03.2026,13.03.2026,15.04.2026,15.04.2026,,A001,WH AHI JABABEKA
R100260201T010_A001,CONT-20,3900000,0,0,0,0,0,3900000,A001 - WH AHI JABABEKA,PT. JATIM PETROLEUM TRANSPORT,7,ON SCHEDULE,30,0,05.03.2026,02.02.2026,06.02.2026,12.03.2026,13.03.2026,15.04.2026,15.04.2026,,A001,WH AHI JABABEKA
R100260201T011_A001,CONT-40,14200000,0,0,0,0,0,14200000,A001 - WH AHI JABABEKA,PT. SENTOSAPRIMA ABADI,7,ON SCHEDULE,39,0,13.03.2026,01.02.2026,08.02.2026,22.04.2026,23.04.2026,23.04.2026,23.04.2026,,A001,WH AHI JABABEKA
R100260202L001_A001,CONT-20,10550000,0,0,0,0,0,10550000,A001 - WH AHI JABABEKA,PT. PRIMA GLOBALINDO LOGISTIK,7,ON SCHEDULE,39,0,14.03.2026,02.02.2026,14.02.2026,09.03.2026,10.03.2026,10.03.2026,25.05.2026,,A001,WH AHI JABABEKA
R100260202L003_A001,CONT-20,11500000,0,0,0,0,0,11500000,A001 - WH AHI JABABEKA,PT. WIDYA TRANS CARGO,7,ON SCHEDULE,41,0,18.03.2026,04.02.2026,14.02.2026,25.02.2026,25.02.2026,26.02.2026,26.02.2026,,A001,WH AHI JABABEKA
R100260202L004_A001,CONT-20,20400000,0,0,0,0,0,20400000,A001 - WH AHI JABABEKA,PT. MITRA INTERTRANS FORWARDING,7,ON SCHEDULE,49,0,30.03.2026,08.02.2026,03.03.2026,08.04.2026,08.04.2026,08.04.2026,08.04.2026,,A001,WH AHI JABABEKA
R100260202L005_A001,CONT-20,12600000,0,0,0,0,0,12600000,A001 - WH AHI JABABEKA,PT. SENTOSAPRIMA ABADI,7,ON SCHEDULE,46,0,29.03.2026,10.02.2026,21.02.2026,16.04.2026,16.04.2026,21.04.2026,21.04.2026,,A001,WH AHI JABABEKA
R100260202L006_A001,CONT-20,19500000,0,0,0,0,0,19500000,A001 - WH AHI JABABEKA,PT.TEMAS SAGARA INDONESIA,7,ON SCHEDULE,48,0,24.03.2026,03.02.2026,22.02.2026,06.03.2026,06.03.2026,06.03.2026,06.03.2026,,A001,WH AHI JABABEKA
R100260202L007_A001,CONT-20,12000000,0,0,0,0,0,12000000,A001 - WH AHI JABABEKA,PT. MITRA INTERTRANS FORWARDING,7,ON SCHEDULE,42,0,19.03.2026,04.02.2026,19.02.2026,12.03.2026,12.03.2026,13.03.2026,13.03.2026,,A001,WH AHI JABABEKA
R100260202L008_A001,CONT-20,9000000,0,0,800000,0,0,9800000,A001 - WH AHI JABABEKA,PT. HAKKA HYDRO TIRTA,7,ON SCHEDULE,39,0,16.03.2026,04.02.2026,16.02.2026,19.05.2026,20.05.2026,02.06.2026,10.06.2026,,A001,WH AHI JABABEKA
R100260202L015_A001,CONT-20,17500000,0,0,0,0,0,17500000,A001 - WH AHI JABABEKA,PT. TPIL LOGISTICS,7,ON SCHEDULE,41,0,19.03.2026,05.02.2026,18.02.2026,02.03.2026,02.03.2026,13.03.2026,13.03.2026,,A001,WH AHI JABABEKA
R100260202L016_A001,WINGBOX,10700000,0,0,0,0,0,10700000,A001 - WH AHI JABABEKA,PT. BINTANG SAMUDRA RAYA,7,ON SCHEDULE,31,0,07.03.2026,03.02.2026,08.02.2026,20.02.2026,20.02.2026,23.02.2026,24.02.2026,,A001,WH AHI JABABEKA
R100260202L020_A001,CONT-20,27000000,0,0,0,0,0,27000000,A001 - WH AHI JABABEKA,PT. TPIL LOGISTICS,7,ON SCHEDULE,47,0,26.03.2026,06.02.2026,26.02.2026,02.03.2026,02.03.2026,10.04.2026,10.04.2026,,A001,WH AHI JABABEKA
R100260202T002_A001,WINGBOX,6600000,0,0,0,0,0,6600000,A001 - WH AHI JABABEKA,PT. JAYA MULYA ERALINDO,7,ON SCHEDULE,30,0,06.03.2026,03.02.2026,06.02.2026,13.02.2026,14.02.2026,18.02.2026,18.02.2026,,A001,WH AHI JABABEKA
R100260202T003_A001,CONT-20,3900000,0,0,0,0,0,3900000,A001 - WH AHI JABABEKA,PT. JATIM PETROLEUM TRANSPORT,7,ON SCHEDULE,30,0,05.03.2026,02.02.2026,06.02.2026,13.04.2026,13.04.2026,04.05.2026,04.05.2026,,A001,WH AHI JABABEKA
R100260202T004_A001,CONT-20,3900000,0,0,0,0,0,3900000,A001 - WH AHI JABABEKA,PT. JATIM PETROLEUM TRANSPORT,7,ON SCHEDULE,30,0,06.03.2026,03.02.2026,06.02.2026,27.03.2026,27.03.2026,27.04.2026,27.04.2026,,A001,WH AHI JABABEKA
R100260202T005_A001,CONT-20,3900000,0,0,0,0,0,3900000,A001 - WH AHI JABABEKA,PT. JATIM PETROLEUM TRANSPORT,7,ON SCHEDULE,30,0,06.03.2026,03.02.2026,06.02.2026,27.03.2026,27.03.2026,27.04.2026,27.04.2026,,A001,WH AHI JABABEKA
R100260202T006_A001,CONT-20,3900000,0,0,0,0,0,3900000,A001 - WH AHI JABABEKA,PT. JATIM PETROLEUM TRANSPORT,7,ON SCHEDULE,30,0,05.03.2026,02.02.2026,06.02.2026,12.03.2026,13.03.2026,15.04.2026,15.04.2026,,A001,WH AHI JABABEKA
R100260202T007_A001,WINGBOX,5600000,0,0,0,0,0,5600000,A001 - WH AHI JABABEKA,PT. BINTANG SAMUDRA RAYA,7,ON SCHEDULE,30,0,06.03.2026,03.02.2026,06.02.2026,11.02.2026,12.02.2026,23.02.2026,24.02.2026,,A001,WH AHI JABABEKA
R100260202T008_A001,CONT-20,3900000,0,0,0,0,0,3900000,A001 - WH AHI JABABEKA,PT. JATIM PETROLEUM TRANSPORT,7,ON SCHEDULE,30,0,06.03.2026,03.02.2026,19.02.2026,12.03.2026,13.03.2026,15.04.2026,15.04.2026,,A001,WH AHI JABABEKA
R100260202T009_A001,CONT-20,3900000,0,0,0,0,0,3900000,A001 - WH AHI JABABEKA,PT. JATIM PETROLEUM TRANSPORT,7,ON SCHEDULE,30,0,21.03.2026,18.02.2026,19.02.2026,12.03.2026,13.03.2026,15.04.2026,15.04.2026,,A001,WH AHI JABABEKA
R100260202T010_A001,CONT-20,3900000,0,0,0,0,0,3900000,A001 - WH AHI JABABEKA,PT. JATIM PETROLEUM TRANSPORT,7,ON SCHEDULE,30,0,06.03.2026,03.02.2026,19.02.2026,27.03.2026,27.03.2026,27.04.2026,27.04.2026,,A001,WH AHI JABABEKA
R100260202T011_A001,CONT-20,3900000,0,0,0,0,0,3900000,A001 - WH AHI JABABEKA,PT. JATIM PETROLEUM TRANSPORT,7,ON SCHEDULE,30,0,06.03.2026,03.02.2026,06.02.2026,12.03.2026,13.03.2026,15.04.2026,15.04.2026,,A001,WH AHI JABABEKA
R100260202T012_A001,CONT-40,14200000,0,0,0,0,0,14200000,A001 - WH AHI JABABEKA,PT. SENTOSAPRIMA ABADI,7,ON SCHEDULE,39,0,14.03.2026,02.02.2026,13.02.2026,10.04.2026,10.04.2026,13.04.2026,13.04.2026,,A001,WH AHI JABABEKA
R100260202T013_A001,CONT-20,9450000,0,0,0,0,0,9450000,A001 - WH AHI JABABEKA,PT. SENTOSAPRIMA ABADI,7,ON SCHEDULE,41,0,19.03.2026,05.02.2026,19.02.2026,16.04.2026,16.04.2026,23.04.2026,29.05.2026,,A001,WH AHI JABABEKA
R100260202T014_A001,CONT-20,9450000,0,0,0,0,0,9450000,A001 - WH AHI JABABEKA,PT. SENTOSAPRIMA ABADI,7,ON SCHEDULE,41,0,21.03.2026,07.02.2026,19.02.2026,16.04.2026,16.04.2026,23.04.2026,23.04.2026,,A001,WH AHI JABABEKA
R100260202T015_A001,CONT-20,9000000,0,0,800000,0,0,9800000,A001 - WH AHI JABABEKA,PT. HAKKA HYDRO TIRTA,6,LATE,39,181,15.03.2026,03.02.2026,16.02.2026,19.05.2026,20.05.2026,02.06.2026,02.06.2026,,A001,WH AHI JABABEKA
R100260202T019_A001,CONT-40,14200000,0,0,0,0,0,14200000,A001 - WH AHI JABABEKA,PT. SENTOSAPRIMA ABADI,7,ON SCHEDULE,39,0,15.03.2026,03.02.2026,14.02.2026,10.04.2026,10.04.2026,13.04.2026,13.04.2026,,A001,WH AHI JABABEKA
R100260202T022_A001,CONT-20,9300000,0,0,0,0,0,9300000,A001 - WH AHI JABABEKA,PT. SENTOSAPRIMA ABADI,7,ON SCHEDULE,39,0,15.03.2026,03.02.2026,15.02.2026,10.04.2026,10.04.2026,13.04.2026,13.04.2026,,A001,WH AHI JABABEKA
R100260202T043_A001,WINGBOX,5600000,0,0,0,600000,0,6200000,A001 - WH AHI JABABEKA,PT. BINTANG SAMUDRA RAYA,7,ON SCHEDULE,30,0,06.03.2026,03.02.2026,06.02.2026,24.02.2026,24.02.2026,25.02.2026,26.02.2026,,A001,WH AHI JABABEKA
R100260203L001_A001,FUSO,19200000,0,0,0,0,0,19200000,A001 - WH AHI JABABEKA,PT. SATRIA PIRANTI PERKASA,7,ON SCHEDULE,39,0,15.03.2026,03.02.2026,08.02.2026,06.03.2026,06.03.2026,13.03.2026,13.03.2026,,A001,WH AHI JABABEKA
R100260203L002_A001,WINGBOX,11450000,0,0,0,250000,0,11700000,A001 - WH AHI JABABEKA,PT LOGISTIK CANGGIH INDONESIA,7,ON SCHEDULE,31,0,16.03.2026,12.02.2026,26.02.2026,02.03.2026,03.03.2026,03.03.2026,04.03.2026,,A001,WH AHI JABABEKA
R100260203L005_A001,CDD LONG CHASSIS,3600000,0,0,0,300000,0,3900000,A001 - WH AHI JABABEKA,PT. BINTANG SAMUDRA RAYA,7,ON SCHEDULE,28,0,04.03.2026,03.02.2026,05.02.2026,24.02.2026,24.02.2026,25.02.2026,26.02.2026,,A001,WH AHI JABABEKA
R100260203L008_A001,CDD LONG CHASSIS,3500000,0,0,0,350000,0,3850000,A001 - WH AHI JABABEKA,PT. AGUNG MAKMUR JAYA,7,ON SCHEDULE,29,0,05.03.2026,03.02.2026,19.02.2026,01.04.2026,02.04.2026,14.04.2026,16.04.2026,,A001,WH AHI JABABEKA
R100260203L008_A001,CDD LONG CHASSIS,3500000,0,0,0,350000,0,3850000,A001 - WH AHI JABABEKA,PT. AGUNG MAKMUR JAYA,7,ON SCHEDULE,29,0,05.03.2026,03.02.2026,19.02.2026,01.04.2026,02.04.2026,14.04.2026,16.04.2026,,A001,WH AHI JABABEKA
R100260203L008_A001,CDD LONG CHASSIS,3500000,0,0,0,350000,0,3850000,A001 - WH AHI JABABEKA,PT. AGUNG MAKMUR JAYA,7,ON SCHEDULE,29,0,05.03.2026,03.02.2026,19.02.2026,01.04.2026,02.04.2026,14.04.2026,16.04.2026,,A001,WH AHI JABABEKA
R100260203L008_A001,CDD LONG CHASSIS,3500000,0,0,0,350000,0,3850000,A001 - WH AHI JABABEKA,PT. AGUNG MAKMUR JAYA,7,ON SCHEDULE,29,0,05.03.2026,03.02.2026,19.02.2026,01.04.2026,02.04.2026,14.04.2026,16.04.2026,,A001,WH AHI JABABEKA
R100260203L011_A001,CONT-20,11200000,0,0,0,0,0,11200000,A001 - WH AHI JABABEKA,PT. MITRA INTERTRANS FORWARDING,7,ON SCHEDULE,46,0,23.03.2026,04.02.2026,22.02.2026,06.04.2026,06.04.2026,07.04.2026,10.04.2026,,A001,WH AHI JABABEKA
R100260203L013_A001,FUSO,15250000,0,0,0,0,0,15250000,A001 - WH AHI JABABEKA,PT LOGISTIK CANGGIH INDONESIA,7,ON SCHEDULE,31,0,08.03.2026,04.02.2026,13.02.2026,18.02.2026,18.02.2026,23.02.2026,24.02.2026,,A001,WH AHI JABABEKA
R100260203L015_A001,CONT-20,9300000,0,0,0,0,0,9300000,A001 - WH AHI JABABEKA,PT. SENTOSAPRIMA ABADI,7,ON SCHEDULE,39,0,15.03.2026,03.02.2026,14.02.2026,11.05.2026,11.05.2026,15.05.2026,15.05.2026,,A001,WH AHI JABABEKA
R100260203L016_A001,CONT-20,8450000,0,0,0,0,0,8450000,A001 - WH AHI JABABEKA,PT. TPIL LOGISTICS,7,ON SCHEDULE,42,0,21.03.2026,06.02.2026,19.02.2026,06.04.2026,06.04.2026,18.05.2026,19.05.2026,,A001,WH AHI JABABEKA
R100260203L017_A001,CONT-20,11800000,0,0,0,0,0,11800000,A001 - WH AHI JABABEKA,PT. WIDYA TRANS CARGO,7,ON SCHEDULE,43,0,20.03.2026,04.02.2026,14.02.2026,27.02.2026,27.02.2026,04.03.2026,11.03.2026,,A001,WH AHI JABABEKA
R100260203L018_A001,CONT-20,13350000,0,0,0,0,0,13350000,A001 - WH AHI JABABEKA,PT. MITRA INTERTRANS FORWARDING,7,ON SCHEDULE,43,0,20.03.2026,04.02.2026,20.02.2026,12.03.2026,12.03.2026,13.03.2026,13.03.2026,,A001,WH AHI JABABEKA
R100260203L019_A001,CONT-20,8900000,0,0,0,0,0,8900000,A001 - WH AHI JABABEKA,PT. TPIL LOGISTICS,7,ON SCHEDULE,42,0,23.03.2026,08.02.2026,20.02.2026,02.03.2026,02.03.2026,10.04.2026,10.04.2026,,A001,WH AHI JABABEKA
R100260203L021_A001,WINGBOX,6000000,0,0,0,500000,0,6500000,A001 - WH AHI JABABEKA,PT.AMANAH TRANSMULIA MANDIRI LOGISTIK,7,ON SCHEDULE,30,0,07.03.2026,04.02.2026,08.02.2026,10.02.2026,10.02.2026,13.02.2026,13.02.2026,,A001,WH AHI JABABEKA
R100260203L022_A001,WINGBOX,5600000,0,0,0,0,0,5600000,A001 - WH AHI JABABEKA,PT. BINTANG SAMUDRA RAYA,7,ON SCHEDULE,30,0,18.03.2026,15.02.2026,15.02.2026,02.03.2026,02.03.2026,11.03.2026,12.03.2026,,A001,WH AHI JABABEKA
R100260203L023_A001,FUSO,8200000,0,0,0,350000,0,8550000,A001 - WH AHI JABABEKA,PT.DHANESWARA EXPRES,7,ON SCHEDULE,30,0,07.03.2026,04.02.2026,08.02.2026,13.02.2026,19.02.2026,23.02.2026,23.02.2026,,A001,WH AHI JABABEKA
R100260203L027_A001,CDD LONG CHASSIS,4900000,0,0,0,0,0,4900000,A001 - WH AHI JABABEKA,PT.ORANG KREATIF EKSIS,7,ON SCHEDULE,28,0,04.03.2026,03.02.2026,05.02.2026,13.02.2026,13.02.2026,20.02.2026,20.02.2026,,A001,WH AHI JABABEKA
R100260203L028_A001,CONT-20,11500000,0,0,0,0,0,11500000,A001 - WH AHI JABABEKA,PT. WIDYA TRANS CARGO,7,ON SCHEDULE,41,0,19.03.2026,05.02.2026,14.02.2026,25.02.2026,25.02.2026,26.02.2026,26.02.2026,,A001,WH AHI JABABEKA
R100260203L029_A001,FUSO,11450000,0,0,0,250000,0,11700000,A001 - WH AHI JABABEKA,PT LOGISTIK CANGGIH INDONESIA,7,ON SCHEDULE,41,0,18.03.2026,04.02.2026,08.02.2026,12.02.2026,19.02.2026,23.02.2026,24.02.2026,,A001,WH AHI JABABEKA
R100260203L033_A001,WINGBOX,10700000,0,0,0,0,0,10700000,A001 - WH AHI JABABEKA,PT. BINTANG SAMUDRA RAYA,7,ON SCHEDULE,31,0,08.03.2026,04.02.2026,08.02.2026,11.02.2026,12.02.2026,10.03.2026,10.03.2026,,A001,WH AHI JABABEKA
R100260203L034_A001,CONT-20,13800000,0,0,0,0,0,13800000,A001 - WH AHI JABABEKA,PT. MITRA INTERTRANS FORWARDING,7,ON SCHEDULE,49,0,26.03.2026,04.02.2026,02.03.2026,06.04.2026,06.04.2026,07.04.2026,07.04.2026,,A001,WH AHI JABABEKA
R100260203L035_A001,WINGBOX,5650000,0,0,0,0,0,5650000,A001 - WH AHI JABABEKA,PT. DUTA MEDIA MANDIRI,7,ON SCHEDULE,30,0,07.03.2026,04.02.2026,08.02.2026,10.02.2026,10.02.2026,13.02.2026,18.02.2026,,A001,WH AHI JABABEKA
R100260203L037_A001,CONT-20,8450000,0,0,0,0,0,8450000,A001 - WH AHI JABABEKA,PT. TPIL LOGISTICS,7,ON SCHEDULE,42,0,20.03.2026,05.02.2026,16.02.2026,02.03.2026,02.03.2026,15.04.2026,15.04.2026,,A001,WH AHI JABABEKA
R100260203L038_A001,CONT-20,11500000,0,0,0,0,0,11500000,A001 - WH AHI JABABEKA,PT. WIDYA TRANS CARGO,7,ON SCHEDULE,41,0,20.03.2026,06.02.2026,14.02.2026,25.02.2026,25.02.2026,26.02.2026,26.02.2026,,A001,WH AHI JABABEKA
R100260203L039_A001,CONT-20,11800000,0,0,0,0,0,11800000,A001 - WH AHI JABABEKA,PT. WIDYA TRANS CARGO,7,ON SCHEDULE,43,0,22.03.2026,06.02.2026,14.02.2026,27.02.2026,27.02.2026,04.03.2026,04.03.2026,,A001,WH AHI JABABEKA
R100260203L040_A001,CONT-20,14600000,0,0,0,0,0,14600000,A001 - WH AHI JABABEKA,PT. MITRA INTERTRANS FORWARDING,7,ON SCHEDULE,38,0,15.03.2026,04.02.2026,18.02.2026,02.04.2026,02.04.2026,02.04.2026,07.04.2026,,A001,WH AHI JABABEKA
R100260203L041_A001,CDD LONG CHASSIS,2850000,0,0,0,0,0,2850000,A001 - WH AHI JABABEKA,PT. BINTANG SAMUDRA RAYA,7,ON SCHEDULE,28,0,05.03.2026,04.02.2026,06.02.2026,11.02.2026,12.02.2026,23.02.2026,24.02.2026,,A001,WH AHI JABABEKA
R100260203T001_A001,WINGBOX,5650000,0,0,0,0,0,5650000,A001 - WH AHI JABABEKA,PT. DUTA MEDIA MANDIRI,7,ON SCHEDULE,30,0,07.03.2026,04.02.2026,08.02.2026,10.02.2026,10.02.2026,13.02.2026,18.02.2026,,A001,WH AHI JABABEKA
R100260203T002_A001,CONT-20,3900000,0,0,0,0,0,3900000,A001 - WH AHI JABABEKA,PT. JATIM PETROLEUM TRANSPORT,7,ON SCHEDULE,30,0,06.03.2026,03.02.2026,06.02.2026,12.03.2026,13.03.2026,15.04.2026,15.04.2026,,A001,WH AHI JABABEKA
R100260203T003_A001,CONT-20,3900000,0,0,0,0,0,3900000,A001 - WH AHI JABABEKA,PT. JATIM PETROLEUM TRANSPORT,7,ON SCHEDULE,30,0,06.03.2026,03.02.2026,06.02.2026,12.03.2026,13.03.2026,15.04.2026,15.04.2026,,A001,WH AHI JABABEKA
R100260203T004_A001,CONT-20,3900000,0,0,0,0,0,3900000,A001 - WH AHI JABABEKA,PT. JATIM PETROLEUM TRANSPORT,7,ON SCHEDULE,30,0,21.03.2026,18.02.2026,19.02.2026,12.03.2026,13.03.2026,15.04.2026,15.04.2026,,A001,WH AHI JABABEKA
R100260203T005_A001,CONT-20,3900000,0,0,0,0,0,3900000,A001 - WH AHI JABABEKA,PT. JATIM PETROLEUM TRANSPORT,7,ON SCHEDULE,30,0,06.03.2026,03.02.2026,06.02.2026,12.03.2026,13.03.2026,15.04.2026,15.04.2026,,A001,WH AHI JABABEKA
R100260203T006_A001,WINGBOX,5650000,0,0,0,0,0,5650000,A001 - WH AHI JABABEKA,PT. DUTA MEDIA MANDIRI,7,ON SCHEDULE,30,0,07.03.2026,04.02.2026,08.02.2026,10.02.2026,10.02.2026,13.02.2026,18.02.2026,,A001,WH AHI JABABEKA
R100260203T007_A001,CONT-20,3900000,0,0,0,0,0,3900000,A001 - WH AHI JABABEKA,PT. JATIM PETROLEUM TRANSPORT,7,ON SCHEDULE,30,0,07.03.2026,04.02.2026,08.02.2026,12.03.2026,13.03.2026,15.04.2026,15.04.2026,,A001,WH AHI JABABEKA
R100260203T008_A001,CONT-20,3900000,0,0,0,0,0,3900000,A001 - WH AHI JABABEKA,PT. JATIM PETROLEUM TRANSPORT,7,ON SCHEDULE,30,0,07.03.2026,04.02.2026,08.02.2026,27.03.2026,27.03.2026,27.04.2026,27.04.2026,,A001,WH AHI JABABEKA
R100260203T009_A001,CONT-20,3900000,0,0,0,0,0,3900000,A001 - WH AHI JABABEKA,PT. JATIM PETROLEUM TRANSPORT,7,ON SCHEDULE,30,0,08.03.2026,05.02.2026,12.02.2026,12.03.2026,13.03.2026,15.04.2026,15.04.2026,,A001,WH AHI JABABEKA
R100260203T010_A001,CONT-20,3900000,0,0,0,0,0,3900000,A001 - WH AHI JABABEKA,PT. JATIM PETROLEUM TRANSPORT,7,ON SCHEDULE,30,0,07.03.2026,04.02.2026,08.02.2026,27.03.2026,27.03.2026,27.04.2026,27.04.2026,,A001,WH AHI JABABEKA
R100260203T011_A001,CONT-40,14200000,0,0,0,0,0,14200000,A001 - WH AHI JABABEKA,PT. SENTOSAPRIMA ABADI,7,ON SCHEDULE,39,0,15.03.2026,03.02.2026,14.02.2026,10.04.2026,10.04.2026,13.04.2026,13.04.2026,,A001,WH AHI JABABEKA
R100260203T013_A001,CONT-20,9450000,0,0,0,0,0,9450000,A001 - WH AHI JABABEKA,PT. SENTOSAPRIMA ABADI,7,ON SCHEDULE,41,0,23.03.2026,09.02.2026,18.02.2026,16.04.2026,16.04.2026,23.04.2026,23.04.2026,,A001,WH AHI JABABEKA
R100260203T014_A001,CONT-20,9000000,0,0,0,0,0,9000000,A001 - WH AHI JABABEKA,PT. TPIL LOGISTICS,7,ON SCHEDULE,39,0,17.03.2026,05.02.2026,25.02.2026,02.03.2026,02.03.2026,10.04.2026,10.04.2026,,A001,WH AHI JABABEKA
R100260204L002_A001,CONT-20,8800000,0,0,0,0,0,8800000,A001 - WH AHI JABABEKA,PT. SENTOSAPRIMA ABADI,7,ON SCHEDULE,41,0,19.03.2026,05.02.2026,18.02.2026,08.04.2026,08.04.2026,13.04.2026,13.04.2026,,A001,WH AHI JABABEKA
R100260204L003_A001,CONT-20,8800000,0,0,0,0,0,8800000,A001 - WH AHI JABABEKA,PT. SENTOSAPRIMA ABADI,7,ON SCHEDULE,40,0,18.03.2026,05.02.2026,18.02.2026,01.04.2026,02.04.2026,07.04.2026,07.04.2026,,A001,WH AHI JABABEKA
R100260204L008_A001,CONT-20,10000000,0,0,0,0,0,10000000,A001 - WH AHI JABABEKA,PT. TPIL LOGISTICS,7,ON SCHEDULE,39,0,16.03.2026,04.02.2026,16.02.2026,02.03.2026,02.03.2026,10.04.2026,10.04.2026,,A001,WH AHI JABABEKA
R100260204L009_A001,CONT-20,11800000,0,0,0,0,0,11800000,A001 - WH AHI JABABEKA,PT. WIDYA TRANS CARGO,7,ON SCHEDULE,43,0,21.03.2026,05.02.2026,04.03.2026,05.03.2026,05.03.2026,09.03.2026,09.03.2026,,A001,WH AHI JABABEKA
R100260204L010_A001,CONT-20,11300000,0,0,0,0,0,11300000,A001 - WH AHI JABABEKA,PT. SENTOSAPRIMA ABADI,7,ON SCHEDULE,41,0,18.03.2026,04.02.2026,14.02.2026,08.04.2026,08.04.2026,13.04.2026,13.04.2026,,A001,WH AHI JABABEKA
R100260204L011_A001,FUSO,19550000,0,0,0,0,0,19550000,A001 - WH AHI JABABEKA,PT. DUTA LINTAS NUSA,7,ON SCHEDULE,41,0,18.03.2026,04.02.2026,09.02.2026,24.02.2026,24.02.2026,25.02.2026,26.02.2026,,A001,WH AHI JABABEKA
R100260204L012_A001,CONT-20,12400000,0,0,0,0,0,12400000,A001 - WH AHI JABABEKA,PT. SENTOSAPRIMA ABADI,7,ON SCHEDULE,43,0,24.03.2026,08.02.2026,25.02.2026,16.04.2026,16.04.2026,21.04.2026,21.04.2026,,A001,WH AHI JABABEKA
R100260204L013_A001,CDD LONG CHASSIS,4900000,0,0,0,0,0,4900000,A001 - WH AHI JABABEKA,PT.ORANG KREATIF EKSIS,7,ON SCHEDULE,28,0,05.03.2026,04.02.2026,06.02.2026,12.02.2026,12.02.2026,20.02.2026,20.02.2026,,A001,WH AHI JABABEKA
R100260204L014_A001,CONT-20,10000000,0,0,0,0,0,10000000,A001 - WH AHI JABABEKA,PT. TPIL LOGISTICS,7,ON SCHEDULE,39,0,16.03.2026,04.02.2026,16.02.2026,02.03.2026,02.03.2026,10.04.2026,10.04.2026,,A001,WH AHI JABABEKA
R100260204L015_A001,CONT-20,17400000,0,0,0,0,0,17400000,A001 - WH AHI JABABEKA,PT. TPIL LOGISTICS,7,ON SCHEDULE,43,0,03.04.2026,18.02.2026,22.02.2026,06.04.2026,06.04.2026,10.04.2026,10.04.2026,,A001,WH AHI JABABEKA
R100260204L016_A001,CONT-20,20400000,0,0,0,0,0,20400000,A001 - WH AHI JABABEKA,PT. MITRA INTERTRANS FORWARDING,7,ON SCHEDULE,49,0,26.03.2026,04.02.2026,27.02.2026,20.04.2026,20.04.2026,21.04.2026,05.05.2026,,A001,WH AHI JABABEKA
R100260204L028_A001,CONT-20,20400000,0,0,0,0,0,20400000,A001 - WH AHI JABABEKA,PT. MITRA INTERTRANS FORWARDING,7,ON SCHEDULE,49,0,27.03.2026,05.02.2026,27.02.2026,02.04.2026,02.04.2026,02.04.2026,06.04.2026,,A001,WH AHI JABABEKA
R100260204L031_A001,CONT-20,20400000,0,0,0,0,0,20400000,A001 - WH AHI JABABEKA,PT. MITRA INTERTRANS FORWARDING,7,ON SCHEDULE,49,0,28.03.2026,06.02.2026,03.03.2026,08.04.2026,08.04.2026,08.04.2026,08.04.2026,,A001,WH AHI JABABEKA
R100260204L032_A001,CONT-20,9000000,0,0,800000,0,0,9800000,A001 - WH AHI JABABEKA,PT. HAKKA HYDRO TIRTA,7,ON SCHEDULE,39,0,18.03.2026,06.02.2026,16.02.2026,19.05.2026,20.05.2026,24.06.2026,25.06.2026,,A001,WH AHI JABABEKA
R100260204L033_A001,CONT-20,11300000,0,0,0,0,0,11300000,A001 - WH AHI JABABEKA,PT. SENTOSAPRIMA ABADI,7,ON SCHEDULE,41,0,18.03.2026,04.02.2026,14.02.2026,01.04.2026,01.04.2026,07.04.2026,07.04.2026,,A001,WH AHI JABABEKA
R100260204L035_A001,FUSO,19550000,0,0,0,522000,0,20072000,A001 - WH AHI JABABEKA,PT. DUTA LINTAS NUSA,7,ON SCHEDULE,31,0,09.03.2026,05.02.2026,12.02.2026,25.02.2026,25.02.2026,26.02.2026,26.02.2026,,A001,WH AHI JABABEKA
R100260204L092_A001,CDD LONG CHASSIS,3500000,0,0,0,100000,0,3600000,A001 - WH AHI JABABEKA,PT. AGUNG MAKMUR JAYA,7,ON SCHEDULE,28,0,06.03.2026,05.02.2026,08.02.2026,01.04.2026,02.04.2026,14.04.2026,16.04.2026,,A001,WH AHI JABABEKA
R100260204L092_A001,CDD LONG CHASSIS,3500000,0,0,0,100000,0,3600000,A001 - WH AHI JABABEKA,PT. AGUNG MAKMUR JAYA,7,ON SCHEDULE,28,0,06.03.2026,05.02.2026,08.02.2026,01.04.2026,02.04.2026,14.04.2026,16.04.2026,,A001,WH AHI JABABEKA
R100260204L092_A001,CDD LONG CHASSIS,3500000,0,0,0,100000,0,3600000,A001 - WH AHI JABABEKA,PT. AGUNG MAKMUR JAYA,7,ON SCHEDULE,28,0,06.03.2026,05.02.2026,08.02.2026,01.04.2026,02.04.2026,14.04.2026,16.04.2026,,A001,WH AHI JABABEKA
R100260204L094_A001,CONT-20,9000000,0,0,800000,0,0,9800000,A001 - WH AHI JABABEKA,PT. HAKKA HYDRO TIRTA,7,ON SCHEDULE,39,0,18.03.2026,06.02.2026,16.02.2026,19.05.2026,20.05.2026,09.06.2026,18.06.2026,,A001,WH AHI JABABEKA
R100260204T002_A001,WINGBOX,5650000,0,0,0,0,0,5650000,A001 - WH AHI JABABEKA,PT. DUTA MEDIA MANDIRI,7,ON SCHEDULE,30,0,07.03.2026,04.02.2026,08.02.2026,10.02.2026,10.02.2026,10.02.2026,10.02.2026,,A001,WH AHI JABABEKA
R100260204T003_A001,CONT-20,3900000,0,0,0,0,0,3900000,A001 - WH AHI JABABEKA,PT. JATIM PETROLEUM TRANSPORT,7,ON SCHEDULE,30,0,08.03.2026,05.02.2026,12.02.2026,12.03.2026,13.03.2026,15.04.2026,15.04.2026,,A001,WH AHI JABABEKA
R100260204T004_A001,CONT-20,3900000,0,0,0,0,0,3900000,A001 - WH AHI JABABEKA,PT. JATIM PETROLEUM TRANSPORT,7,ON SCHEDULE,30,0,08.03.2026,05.02.2026,12.02.2026,27.03.2026,27.03.2026,27.04.2026,27.04.2026,,A001,WH AHI JABABEKA
R100260204T006_A001,CONT-20,3900000,0,0,0,0,0,3900000,A001 - WH AHI JABABEKA,PT. JATIM PETROLEUM TRANSPORT,7,ON SCHEDULE,30,0,08.03.2026,05.02.2026,12.02.2026,12.03.2026,13.03.2026,15.04.2026,15.04.2026,,A001,WH AHI JABABEKA
R100260204T007_A001,WINGBOX,5650000,0,0,0,0,0,5650000,A001 - WH AHI JABABEKA,PT. DUTA MEDIA MANDIRI,7,ON SCHEDULE,30,0,07.03.2026,04.02.2026,08.02.2026,10.02.2026,10.02.2026,19.02.2026,02.03.2026,,A001,WH AHI JABABEKA
R100260204T008_A001,CONT-20,3900000,0,0,0,0,0,3900000,A001 - WH AHI JABABEKA,PT. JATIM PETROLEUM TRANSPORT,7,ON SCHEDULE,30,0,07.03.2026,04.02.2026,12.02.2026,12.03.2026,13.03.2026,15.04.2026,15.04.2026,,A001,WH AHI JABABEKA
R100260204T009_A001,CONT-20,3900000,0,0,0,0,0,3900000,A001 - WH AHI JABABEKA,PT. JATIM PETROLEUM TRANSPORT,7,ON SCHEDULE,30,0,08.03.2026,05.02.2026,12.02.2026,12.03.2026,13.03.2026,15.04.2026,15.04.2026,,A001,WH AHI JABABEKA
R100260204T010_A001,CONT-20,3900000,0,0,0,0,0,3900000,A001 - WH AHI JABABEKA,PT. JATIM PETROLEUM TRANSPORT,7,ON SCHEDULE,30,0,07.03.2026,04.02.2026,03.03.2026,27.03.2026,27.03.2026,27.04.2026,27.04.2026,,A001,WH AHI JABABEKA
R100260204T011_A001,CONT-20,3900000,0,0,0,0,0,3900000,A001 - WH AHI JABABEKA,PT. JATIM PETROLEUM TRANSPORT,7,ON SCHEDULE,30,0,08.03.2026,05.02.2026,12.02.2026,12.03.2026,13.03.2026,15.04.2026,15.04.2026,,A001,WH AHI JABABEKA
R100260204T012_A001,CONT-40,14200000,0,0,0,0,0,14200000,A001 - WH AHI JABABEKA,PT. SENTOSAPRIMA ABADI,7,ON SCHEDULE,39,0,16.03.2026,04.02.2026,18.02.2026,10.04.2026,10.04.2026,13.04.2026,13.04.2026,,A001,WH AHI JABABEKA
R100260204T017_A001,CONT-20,9450000,0,0,0,0,0,9450000,A001 - WH AHI JABABEKA,PT. SENTOSAPRIMA ABADI,7,ON SCHEDULE,41,0,23.03.2026,09.02.2026,22.02.2026,16.04.2026,16.04.2026,23.04.2026,23.04.2026,,A001,WH AHI JABABEKA
R100260205L013_A001,WINGBOX,33000000,0,0,0,0,0,33000000,A001 - WH AHI JABABEKA,PT. SERASI LOGISTIC,7,ON SCHEDULE,47,0,06.04.2026,17.02.2026,18.02.2026,13.03.2026,13.03.2026,01.04.2026,13.04.2026,,A001,WH AHI JABABEKA
R100260205L014_A001,CONT-20,13800000,0,0,0,0,0,13800000,A001 - WH AHI JABABEKA,PT. SENTOSAPRIMA ABADI,7,ON SCHEDULE,41,0,20.03.2026,06.02.2026,20.02.2026,08.04.2026,08.04.2026,13.04.2026,13.04.2026,,A001,WH AHI JABABEKA
R100260205L015_A001,CONT-20,10500000,0,0,400000,0,0,10900000,A001 - WH AHI JABABEKA,PT. HAKKA HYDRO TIRTA,7,ON SCHEDULE,40,0,19.03.2026,06.02.2026,21.02.2026,30.03.2026,31.03.2026,31.03.2026,31.03.2026,,A001,WH AHI JABABEKA
R100260205L016_A001,CDD LONG CHASSIS,4900000,0,0,0,150000,0,5050000,A001 - WH AHI JABABEKA,PT.ORANG KREATIF EKSIS,7,ON SCHEDULE,28,0,06.03.2026,05.02.2026,08.02.2026,12.02.2026,19.02.2026,20.02.2026,20.02.2026,,A001,WH AHI JABABEKA
R100260205L017_A001,CONT-20,32400000,0,0,0,0,0,32400000,A001 - WH AHI JABABEKA,PT. PAUS BIRU LOGISTIK,7,ON SCHEDULE,47,0,02.04.2026,13.02.2026,03.03.2026,05.05.2026,05.05.2026,06.05.2026,22.06.2026,,A001,WH AHI JABABEKA
R100260205L018_A001,CONT-20,13350000,0,0,0,0,0,13350000,A001 - WH AHI JABABEKA,PT. MITRA INTERTRANS FORWARDING,7,ON SCHEDULE,43,0,21.03.2026,05.02.2026,20.02.2026,30.03.2026,30.03.2026,31.03.2026,31.03.2026,,A001,WH AHI JABABEKA
R100260205L019_A001,CONT-20,20400000,0,0,0,0,0,20400000,A001 - WH AHI JABABEKA,PT. MITRA INTERTRANS FORWARDING,7,ON SCHEDULE,49,0,27.03.2026,05.02.2026,03.03.2026,08.04.2026,08.04.2026,08.04.2026,08.04.2026,,A001,WH AHI JABABEKA
R100260205L020_A001,FUSO,19550000,0,0,0,0,0,19550000,A001 - WH AHI JABABEKA,PT. DUTA LINTAS NUSA,7,ON SCHEDULE,39,0,18.03.2026,06.02.2026,12.02.2026,24.02.2026,24.02.2026,25.02.2026,26.02.2026,,A001,WH AHI JABABEKA
R100260205L034_A001,CDD LONG CHASSIS,4900000,0,0,0,150000,0,5050000,A001 - WH AHI JABABEKA,PT.ORANG KREATIF EKSIS,7,ON SCHEDULE,28,0,06.03.2026,05.02.2026,08.02.2026,12.02.2026,19.02.2026,20.02.2026,20.02.2026,,A001,WH AHI JABABEKA
R100260205L035_A001,FUSO,14950000,0,0,0,348000,0,15298000,A001 - WH AHI JABABEKA,PT. DUTA LINTAS NUSA,7,ON SCHEDULE,30,0,09.03.2026,06.02.2026,12.02.2026,24.02.2026,24.02.2026,26.02.2026,26.02.2026,,A001,WH AHI JABABEKA
R100260205L037_A001,CONT-20,13800000,0,0,0,0,0,13800000,A001 - WH AHI JABABEKA,PT. MITRA INTERTRANS FORWARDING,7,ON SCHEDULE,49,0,05.04.2026,14.02.2026,08.03.2026,25.03.2026,25.03.2026,21.04.2026,30.04.2026,,A001,WH AHI JABABEKA
R100260205T002_A001,WINGBOX,5650000,0,0,0,0,0,5650000,A001 - WH AHI JABABEKA,PT. DUTA MEDIA MANDIRI,7,ON SCHEDULE,30,0,10.03.2026,07.02.2026,12.02.2026,18.02.2026,18.02.2026,19.02.2026,02.03.2026,,A001,WH AHI JABABEKA
R100260205T003_A001,CONT-20,3900000,0,0,0,0,0,3900000,A001 - WH AHI JABABEKA,PT. JATIM PETROLEUM TRANSPORT,7,ON SCHEDULE,30,0,08.03.2026,05.02.2026,12.02.2026,12.03.2026,13.03.2026,15.04.2026,15.04.2026,,A001,WH AHI JABABEKA
R100260205T004_A001,CONT-20,3900000,0,0,0,0,0,3900000,A001 - WH AHI JABABEKA,PT. JATIM PETROLEUM TRANSPORT,7,ON SCHEDULE,30,0,08.03.2026,05.02.2026,12.02.2026,12.03.2026,13.03.2026,15.04.2026,15.04.2026,,A001,WH AHI JABABEKA
R100260205T005_A001,CONT-20,3900000,0,0,0,0,0,3900000,A001 - WH AHI JABABEKA,PT. JATIM PETROLEUM TRANSPORT,7,ON SCHEDULE,30,0,08.03.2026,05.02.2026,12.02.2026,12.03.2026,13.03.2026,15.04.2026,15.04.2026,,A001,WH AHI JABABEKA
R100260205T006_A001,CONT-20,3900000,0,0,0,0,0,3900000,A001 - WH AHI JABABEKA,PT. JATIM PETROLEUM TRANSPORT,7,ON SCHEDULE,30,0,08.03.2026,05.02.2026,12.02.2026,12.03.2026,13.03.2026,15.04.2026,15.04.2026,,A001,WH AHI JABABEKA
R100260205T007_A001,WINGBOX,5650000,0,0,0,0,0,5650000,A001 - WH AHI JABABEKA,PT. DUTA MEDIA MANDIRI,7,ON SCHEDULE,30,0,08.03.2026,05.02.2026,08.02.2026,10.02.2026,10.02.2026,13.02.2026,18.02.2026,,A001,WH AHI JABABEKA
R100260205T008_A001,CONT-20,3900000,0,0,0,0,0,3900000,A001 - WH AHI JABABEKA,PT. JATIM PETROLEUM TRANSPORT,7,ON SCHEDULE,30,0,09.03.2026,06.02.2026,09.02.2026,27.03.2026,27.03.2026,27.04.2026,27.04.2026,,A001,WH AHI JABABEKA
R100260205T009_A001,CONT-20,3900000,0,0,0,0,0,3900000,A001 - WH AHI JABABEKA,PT. JATIM PETROLEUM TRANSPORT,7,ON SCHEDULE,30,0,09.03.2026,06.02.2026,09.02.2026,27.03.2026,27.03.2026,27.04.2026,27.04.2026,,A001,WH AHI JABABEKA
R100260205T010_A001,CONT-20,3900000,0,0,0,0,0,3900000,A001 - WH AHI JABABEKA,PT. JATIM PETROLEUM TRANSPORT,7,ON SCHEDULE,30,0,09.03.2026,06.02.2026,12.02.2026,27.03.2026,27.03.2026,27.04.2026,27.04.2026,,A001,WH AHI JABABEKA
R100260205T011_A001,CONT-20,3900000,0,0,0,0,0,3900000,A001 - WH AHI JABABEKA,PT. JATIM PETROLEUM TRANSPORT,7,ON SCHEDULE,30,0,09.03.2026,06.02.2026,09.02.2026,27.03.2026,27.03.2026,27.04.2026,27.04.2026,,A001,WH AHI JABABEKA
R100260205T012_A001,CONT-40,14200000,0,0,0,0,0,14200000,A001 - WH AHI JABABEKA,PT. SENTOSAPRIMA ABADI,7,ON SCHEDULE,39,0,17.03.2026,05.02.2026,14.02.2026,10.04.2026,10.04.2026,13.04.2026,13.04.2026,,A001,WH AHI JABABEKA
R100260205T018_A001,CONT-40,14200000,0,0,0,0,0,14200000,A001 - WH AHI JABABEKA,PT. SENTOSAPRIMA ABADI,7,ON SCHEDULE,39,0,18.03.2026,06.02.2026,14.02.2026,10.04.2026,10.04.2026,13.04.2026,13.04.2026,,A001,WH AHI JABABEKA
R100260205T019_A001,CONT-20,15550000,0,0,1250000,0,0,16800000,A001 - WH AHI JABABEKA,PT. PAUS BIRU LOGISTIK,7,ON SCHEDULE,41,0,25.03.2026,11.02.2026,22.02.2026,15.04.2026,15.04.2026,18.05.2026,19.05.2026,,A001,WH AHI JABABEKA
R100260205T023_A001,CONT-20,9000000,0,0,0,0,0,9000000,A001 - WH AHI JABABEKA,PT. SENTOSAPRIMA ABADI,7,ON SCHEDULE,39,0,18.03.2026,06.02.2026,18.02.2026,16.04.2026,16.04.2026,21.04.2026,21.04.2026,,A001,WH AHI JABABEKA
R100260206B001_A001,CDD LONG CHASSIS,1400000,0,0,0,0,0,1400000,A001 - WH AHI JABABEKA,PT. BINTANG SAMUDRA RAYA,7,ON SCHEDULE,26,0,06.03.2026,07.02.2026,08.02.2026,10.04.2026,10.04.2026,29.05.2026,29.05.2026,,A001,WH AHI JABABEKA
R100260206B002_A001,CDD LONG CHASSIS,1400000,0,0,0,0,0,1400000,A001 - WH AHI JABABEKA,PT. BINTANG SAMUDRA RAYA,7,ON SCHEDULE,26,0,06.03.2026,07.02.2026,08.02.2026,10.04.2026,10.04.2026,29.05.2026,29.05.2026,,A001,WH AHI JABABEKA
R100260206B003_A001,CDD LONG CHASSIS,1400000,0,0,0,0,0,1400000,A001 - WH AHI JABABEKA,PT. BINTANG SAMUDRA RAYA,7,ON SCHEDULE,26,0,06.03.2026,07.02.2026,04.03.2026,10.04.2026,10.04.2026,29.05.2026,29.05.2026,,A001,WH AHI JABABEKA
R100260206B004_A001,CDD LONG CHASSIS,1400000,0,0,0,0,0,1400000,A001 - WH AHI JABABEKA,PT. BINTANG SAMUDRA RAYA,7,ON SCHEDULE,26,0,06.03.2026,07.02.2026,08.02.2026,10.04.2026,10.04.2026,29.05.2026,29.05.2026,,A001,WH AHI JABABEKA
R100260206L005_A001,WINGBOX,5650000,0,0,0,175000,0,5825000,A001 - WH AHI JABABEKA,PT. DUTA MEDIA MANDIRI,7,ON SCHEDULE,30,0,10.03.2026,07.02.2026,12.02.2026,18.02.2026,19.02.2026,19.02.2026,02.03.2026,,A001,WH AHI JABABEKA
R100260206L006_A001,CONT-20,12000000,0,0,0,0,0,12000000,A001 - WH AHI JABABEKA,PT. TPIL LOGISTICS,7,ON SCHEDULE,40,0,25.03.2026,12.02.2026,01.03.2026,02.03.2026,02.03.2026,10.04.2026,10.04.2026,,A001,WH AHI JABABEKA
R100260206L007_A001,CONT-20,10500000,0,0,0,0,0,10500000,A001 - WH AHI JABABEKA,PT. TPIL LOGISTICS,7,ON SCHEDULE,41,0,22.03.2026,08.02.2026,22.02.2026,02.03.2026,02.03.2026,15.04.2026,15.04.2026,,A001,WH AHI JABABEKA
R100260206L008_A001,CONT-20,10500000,0,0,0,0,0,10500000,A001 - WH AHI JABABEKA,PT. TPIL LOGISTICS,7,ON SCHEDULE,41,0,21.03.2026,07.02.2026,21.02.2026,02.03.2026,02.03.2026,10.04.2026,10.04.2026,,A001,WH AHI JABABEKA
R100260206L009_A001,CONT-20,8900000,0,0,0,0,0,8900000,A001 - WH AHI JABABEKA,PT. TPIL LOGISTICS,7,ON SCHEDULE,42,0,23.03.2026,08.02.2026,20.02.2026,02.03.2026,02.03.2026,29.05.2026,29.05.2026,,A001,WH AHI JABABEKA
R100260206L010_A001,CONT-20,20500000,0,0,0,0,0,20500000,A001 - WH AHI JABABEKA,PT.TEMAS SAGARA INDONESIA,7,ON SCHEDULE,54,0,07.04.2026,11.02.2026,27.03.2026,15.04.2026,15.04.2026,20.04.2026,20.04.2026,,A001,WH AHI JABABEKA
R100260206L011_A001,CONT-20,11500000,0,0,0,0,0,11500000,A001 - WH AHI JABABEKA,PT. TPIL LOGISTICS,7,ON SCHEDULE,42,0,22.03.2026,07.02.2026,20.02.2026,02.03.2026,02.03.2026,10.04.2026,10.04.2026,,A001,WH AHI JABABEKA
R100260206L012_A001,CONT-20,17500000,0,0,0,0,0,17500000,A001 - WH AHI JABABEKA,PT. TPIL LOGISTICS,7,ON SCHEDULE,41,0,30.03.2026,16.02.2026,03.03.2026,26.03.2026,26.03.2026,15.04.2026,15.04.2026,,A001,WH AHI JABABEKA
R100260206L013_A001,CONT-20,11800000,0,0,0,0,0,11800000,A001 - WH AHI JABABEKA,PT. WIDYA TRANS CARGO,7,ON SCHEDULE,43,0,29.03.2026,13.02.2026,02.03.2026,09.03.2026,09.03.2026,11.03.2026,11.03.2026,,A001,WH AHI JABABEKA
R100260206L014_A001,CONT-20,11800000,0,0,0,0,0,11800000,A001 - WH AHI JABABEKA,PT. WIDYA TRANS CARGO,7,ON SCHEDULE,43,0,01.04.2026,16.02.2026,03.03.2026,05.03.2026,05.03.2026,09.03.2026,09.03.2026,,A001,WH AHI JABABEKA
R100260206L015_A001,CONT-20,15550000,0,2000000,1250000,0,0,18800000,A001 - WH AHI JABABEKA,PT. PAUS BIRU LOGISTIK,7,ON SCHEDULE,39,0,23.03.2026,11.02.2026,,12.05.2026,12.05.2026,18.05.2026,19.05.2026,,A001,WH AHI JABABEKA
R100260206L017_A001,CDD LONG CHASSIS,3500000,0,0,0,0,0,3500000,A001 - WH AHI JABABEKA,PT. CEHA LOGISTIK CEMERLANG,7,ON SCHEDULE,28,0,07.03.2026,06.02.2026,08.02.2026,09.02.2026,10.02.2026,20.02.2026,20.02.2026,,A001,WH AHI JABABEKA
R100260206L018_A001,CDD LONG CHASSIS,3500000,0,0,0,250000,0,3750000,A001 - WH AHI JABABEKA,PT. AGUNG MAKMUR JAYA,7,ON SCHEDULE,28,0,07.03.2026,06.02.2026,26.02.2026,01.04.2026,02.04.2026,14.04.2026,16.04.2026,,A001,WH AHI JABABEKA
R100260206L018_A001,CDD LONG CHASSIS,3500000,0,0,0,250000,0,3750000,A001 - WH AHI JABABEKA,PT. AGUNG MAKMUR JAYA,7,ON SCHEDULE,28,0,07.03.2026,06.02.2026,26.02.2026,01.04.2026,02.04.2026,14.04.2026,16.04.2026,,A001,WH AHI JABABEKA
R100260206L018_A001,CDD LONG CHASSIS,3500000,0,0,0,250000,0,3750000,A001 - WH AHI JABABEKA,PT. AGUNG MAKMUR JAYA,7,ON SCHEDULE,28,0,07.03.2026,06.02.2026,26.02.2026,01.04.2026,02.04.2026,14.04.2026,16.04.2026,,A001,WH AHI JABABEKA
R100260206L019_A001,CONT-20,20800000,0,0,0,0,0,20800000,A001 - WH AHI JABABEKA,PT. PAUS BIRU LOGISTIK,7,ON SCHEDULE,43,0,04.04.2026,19.02.2026,06.03.2026,16.04.2026,16.04.2026,17.04.2026,17.04.2026,,A001,WH AHI JABABEKA
R100260206L020_A001,CONT-20,32400000,0,0,0,0,0,32400000,A001 - WH AHI JABABEKA,PT. PAUS BIRU LOGISTIK,7,ON SCHEDULE,47,0,02.04.2026,13.02.2026,03.03.2026,05.05.2026,05.05.2026,06.05.2026,22.06.2026,,A001,WH AHI JABABEKA
R100260206L021_A001,CONT-20,20500000,0,0,0,0,0,20500000,A001 - WH AHI JABABEKA,PT.TEMAS SAGARA INDONESIA,7,ON SCHEDULE,54,0,07.04.2026,11.02.2026,27.03.2026,15.04.2026,15.04.2026,20.04.2026,20.04.2026,,A001,WH AHI JABABEKA
R100260206L022_A001,CONT-20,9300000,0,0,0,0,0,9300000,A001 - WH AHI JABABEKA,PT. SENTOSAPRIMA ABADI,7,ON SCHEDULE,39,0,19.03.2026,07.02.2026,18.02.2026,22.04.2026,23.04.2026,23.04.2026,23.04.2026,,A001,WH AHI JABABEKA
R100260206L023_A001,CONT-20,8500000,0,0,0,0,0,8500000,A001 - WH AHI JABABEKA,PT. WIDYA TRANS CARGO,7,ON SCHEDULE,42,0,23.03.2026,08.02.2026,19.02.2026,02.03.2026,02.03.2026,04.03.2026,04.03.2026,,A001,WH AHI JABABEKA
R100260206L024_A001,CONT-20,20800000,0,0,0,0,0,20800000,A001 - WH AHI JABABEKA,PT. PAUS BIRU LOGISTIK,7,ON SCHEDULE,43,0,04.04.2026,19.02.2026,06.03.2026,16.04.2026,16.04.2026,17.04.2026,17.04.2026,,A001,WH AHI JABABEKA
R100260206L025_A001,CONT-20,11300000,0,0,0,0,0,11300000,A001 - WH AHI JABABEKA,PT. SENTOSAPRIMA ABADI,7,ON SCHEDULE,41,0,21.03.2026,07.02.2026,04.03.2026,16.04.2026,16.04.2026,21.04.2026,21.04.2026,,A001,WH AHI JABABEKA
R100260206L026_A001,CONT-20,8500000,0,0,0,0,0,8500000,A001 - WH AHI JABABEKA,PT. WIDYA TRANS CARGO,7,ON SCHEDULE,42,0,23.03.2026,08.02.2026,19.02.2026,02.03.2026,02.03.2026,04.03.2026,04.03.2026,,A001,WH AHI JABABEKA
R100260206L027_A001,CONT-20,12600000,0,0,0,0,0,12600000,A001 - WH AHI JABABEKA,PT. SENTOSAPRIMA ABADI,7,ON SCHEDULE,46,0,31.03.2026,12.02.2026,22.02.2026,06.05.2026,07.05.2026,08.05.2026,08.05.2026,,A001,WH AHI JABABEKA
R100260206L028_A001,CONT-20,15500000,0,0,600000,0,0,16100000,A001 - WH AHI JABABEKA,PT. PAUS BIRU LOGISTIK,7,ON SCHEDULE,42,0,27.03.2026,12.02.2026,27.02.2026,16.04.2026,17.04.2026,28.04.2026,04.05.2026,,A001,WH AHI JABABEKA
R100260206L029_A001,CONT-20,8450000,0,0,550000,0,0,9000000,A001 - WH AHI JABABEKA,PT. TPIL LOGISTICS,7,ON SCHEDULE,42,0,26.03.2026,11.02.2026,22.02.2026,25.05.2026,25.05.2026,29.05.2026,29.05.2026,,A001,WH AHI JABABEKA
R100260206L030_A001,CDD LONG CHASSIS,3500000,0,0,0,0,0,3500000,A001 - WH AHI JABABEKA,PT. CEHA LOGISTIK CEMERLANG,7,ON SCHEDULE,28,0,08.03.2026,07.02.2026,09.02.2026,09.02.2026,10.02.2026,20.02.2026,20.02.2026,,A001,WH AHI JABABEKA
R100260206L040_A001,FUSO,19350000,0,0,0,0,0,19350000,A001 - WH AHI JABABEKA,PT. SATRIA PIRANTI PERKASA,7,ON SCHEDULE,41,0,21.03.2026,07.02.2026,12.02.2026,06.03.2026,06.03.2026,13.03.2026,13.03.2026,,A001,WH AHI JABABEKA
R100260206L041_A001,FUSO,11450000,0,0,0,0,0,11450000,A001 - WH AHI JABABEKA,PT LOGISTIK CANGGIH INDONESIA,7,ON SCHEDULE,41,0,21.03.2026,07.02.2026,12.02.2026,18.02.2026,18.02.2026,23.02.2026,10.03.2026,,A001,WH AHI JABABEKA
R100260206L042_A001,FUSO,5900000,0,0,0,200000,0,6100000,A001 - WH AHI JABABEKA,PT. SATRIA PIRANTI PERKASA,7,ON SCHEDULE,30,0,10.03.2026,07.02.2026,12.02.2026,02.03.2026,02.03.2026,09.03.2026,09.03.2026,,A001,WH AHI JABABEKA
R100260206L043_A001,CONT-20,18600000,0,0,0,0,0,18600000,A001 - WH AHI JABABEKA,PT. PAUS BIRU LOGISTIK,7,ON SCHEDULE,42,0,27.03.2026,12.02.2026,27.02.2026,16.04.2026,17.04.2026,28.04.2026,04.05.2026,,A001,WH AHI JABABEKA
R100260206L044_A001,CONT-20,11800000,0,0,0,0,0,11800000,A001 - WH AHI JABABEKA,PT. WIDYA TRANS CARGO,7,ON SCHEDULE,43,0,04.04.2026,19.02.2026,25.02.2026,09.03.2026,09.03.2026,11.03.2026,11.03.2026,,A001,WH AHI JABABEKA
R100260206L045_A001,CONT-20,11800000,0,0,0,0,0,11800000,A001 - WH AHI JABABEKA,PT. WIDYA TRANS CARGO,7,ON SCHEDULE,43,0,04.04.2026,19.02.2026,03.03.2026,12.03.2026,12.03.2026,13.03.2026,13.03.2026,,A001,WH AHI JABABEKA
R100260206L101_A001,CONT-20,32400000,0,0,0,0,0,32400000,A001 - WH AHI JABABEKA,PT. PAUS BIRU LOGISTIK,7,ON SCHEDULE,47,0,02.04.2026,13.02.2026,03.03.2026,05.05.2026,05.05.2026,06.05.2026,22.06.2026,,A001,WH AHI JABABEKA
R100260206T001_A001,WINGBOX,5650000,0,0,0,0,0,5650000,A001 - WH AHI JABABEKA,PT. DUTA MEDIA MANDIRI,7,ON SCHEDULE,30,0,09.03.2026,06.02.2026,09.02.2026,10.02.2026,10.02.2026,24.02.2026,10.03.2026,,A001,WH AHI JABABEKA
R100260206T002_A001,CONT-20,3900000,0,0,0,0,0,3900000,A001 - WH AHI JABABEKA,PT. JATIM PETROLEUM TRANSPORT,7,ON SCHEDULE,30,0,09.03.2026,06.02.2026,09.02.2026,27.03.2026,27.03.2026,27.04.2026,27.04.2026,,A001,WH AHI JABABEKA
R100260206T003_A001,CONT-20,3900000,0,0,0,0,0,3900000,A001 - WH AHI JABABEKA,PT. JATIM PETROLEUM TRANSPORT,7,ON SCHEDULE,30,0,09.03.2026,06.02.2026,12.02.2026,12.03.2026,13.03.2026,15.04.2026,15.04.2026,,A001,WH AHI JABABEKA
R100260206T004_A001,CONT-20,3900000,0,0,0,0,0,3900000,A001 - WH AHI JABABEKA,PT. JATIM PETROLEUM TRANSPORT,7,ON SCHEDULE,30,0,09.03.2026,06.02.2026,12.02.2026,27.03.2026,27.03.2026,27.04.2026,27.04.2026,,A001,WH AHI JABABEKA
R100260206T005_A001,CONT-20,3900000,0,0,0,0,0,3900000,A001 - WH AHI JABABEKA,PT. JATIM PETROLEUM TRANSPORT,7,ON SCHEDULE,30,0,09.03.2026,06.02.2026,12.02.2026,27.03.2026,27.03.2026,27.04.2026,27.04.2026,,A001,WH AHI JABABEKA
R100260206T006_A001,WINGBOX,6000000,0,0,0,0,0,6000000,A001 - WH AHI JABABEKA,PT.AMANAH TRANSMULIA MANDIRI LOGISTIK,7,ON SCHEDULE,30,0,10.03.2026,07.02.2026,12.02.2026,12.02.2026,12.02.2026,13.02.2026,13.02.2026,,A001,WH AHI JABABEKA
R100260206T007_A001,CONT-20,3900000,0,0,0,0,0,3900000,A001 - WH AHI JABABEKA,PT. JATIM PETROLEUM TRANSPORT,7,ON SCHEDULE,30,0,10.03.2026,07.02.2026,12.02.2026,12.03.2026,13.03.2026,16.04.2026,16.04.2026,,A001,WH AHI JABABEKA
R100260206T008_A001,CONT-20,3900000,0,0,0,0,0,3900000,A001 - WH AHI JABABEKA,PT. JATIM PETROLEUM TRANSPORT,7,ON SCHEDULE,30,0,10.03.2026,07.02.2026,12.02.2026,12.03.2026,13.03.2026,16.04.2026,16.04.2026,,A001,WH AHI JABABEKA
R100260206T009_A001,CONT-20,3900000,0,0,0,0,0,3900000,A001 - WH AHI JABABEKA,PT. JATIM PETROLEUM TRANSPORT,7,ON SCHEDULE,30,0,10.03.2026,07.02.2026,12.02.2026,27.03.2026,27.03.2026,27.04.2026,27.04.2026,,A001,WH AHI JABABEKA
R100260206T010_A001,CONT-20,3900000,0,0,0,0,0,3900000,A001 - WH AHI JABABEKA,PT. JATIM PETROLEUM TRANSPORT,7,ON SCHEDULE,30,0,10.03.2026,07.02.2026,12.02.2026,12.03.2026,13.03.2026,16.04.2026,16.04.2026,,A001,WH AHI JABABEKA
R100260206T011_A001,CONT-40,14200000,0,0,0,0,0,14200000,A001 - WH AHI JABABEKA,PT. SENTOSAPRIMA ABADI,7,ON SCHEDULE,39,0,18.03.2026,06.02.2026,18.02.2026,10.04.2026,10.04.2026,13.04.2026,13.04.2026,,A001,WH AHI JABABEKA
R100260206T016_A001,CONT-20,15550000,0,0,1250000,0,0,16800000,A001 - WH AHI JABABEKA,PT. PAUS BIRU LOGISTIK,7,ON SCHEDULE,41,0,26.03.2026,12.02.2026,22.02.2026,14.04.2026,15.04.2026,18.05.2026,19.05.2026,,A001,WH AHI JABABEKA
R100260206T017_A001,CONT-40,13800000,0,0,0,0,0,13800000,A001 - WH AHI JABABEKA,PT. SENTOSAPRIMA ABADI,7,ON SCHEDULE,36,0,16.03.2026,07.02.2026,18.02.2026,01.04.2026,01.04.2026,07.04.2026,07.04.2026,,A001,WH AHI JABABEKA
R100260206T021_A001,CONT-40,14200000,0,0,0,0,0,14200000,A001 - WH AHI JABABEKA,PT. SENTOSAPRIMA ABADI,7,ON SCHEDULE,39,0,19.03.2026,07.02.2026,20.02.2026,28.04.2026,28.04.2026,04.05.2026,04.05.2026,,A001,WH AHI JABABEKA
R100260207L004_A001,CDD LONG CHASSIS,4900000,0,0,0,0,0,4900000,A001 - WH AHI JABABEKA,PT.ORANG KREATIF EKSIS,7,ON SCHEDULE,28,0,08.03.2026,07.02.2026,09.02.2026,13.02.2026,13.02.2026,20.02.2026,20.02.2026,,A001,WH AHI JABABEKA
R100260207L005_A001,FUSO,17000000,0,0,0,200000,0,17200000,A001 - WH AHI JABABEKA,PT. SATRIA PIRANTI PERKASA,7,ON SCHEDULE,31,0,12.03.2026,08.02.2026,13.02.2026,06.03.2026,06.03.2026,13.03.2026,31.03.2026,,A001,WH AHI JABABEKA
R100260207L008_A001,CDD LONG CHASSIS,3100000,0,0,0,0,0,3100000,A001 - WH AHI JABABEKA,PT. BINTANG SAMUDRA RAYA,7,ON SCHEDULE,29,0,09.03.2026,07.02.2026,09.02.2026,11.02.2026,12.02.2026,23.02.2026,24.02.2026,,A001,WH AHI JABABEKA
R100260207L009_A001,CDD LONG CHASSIS,2850000,0,0,0,0,0,2850000,A001 - WH AHI JABABEKA,PT. BINTANG SAMUDRA RAYA,7,ON SCHEDULE,28,0,08.03.2026,07.02.2026,09.02.2026,11.02.2026,12.02.2026,23.02.2026,24.02.2026,,A001,WH AHI JABABEKA
R100260207L010_A001,CDD LONG CHASSIS,3900000,0,0,0,0,0,3900000,A001 - WH AHI JABABEKA,PT. BINTANG SAMUDRA RAYA,7,ON SCHEDULE,28,0,08.03.2026,07.02.2026,09.02.2026,11.02.2026,12.02.2026,10.03.2026,10.03.2026,,A001,WH AHI JABABEKA
R100260207L011_A001,WINGBOX,34930000,0,0,0,300000,0,35230000,A001 - WH AHI JABABEKA,PT LOGISTIK CANGGIH INDONESIA,7,ON SCHEDULE,48,0,04.04.2026,14.02.2026,25.02.2026,13.03.2026,18.03.2026,25.03.2026,27.03.2026,,A001,WH AHI JABABEKA
R100260207L013_A001,FUSO,14750000,0,0,0,200000,0,14950000,A001 - WH AHI JABABEKA,PT. SATRIA PIRANTI PERKASA,7,ON SCHEDULE,30,0,10.03.2026,07.02.2026,12.02.2026,06.03.2026,06.03.2026,13.03.2026,13.03.2026,,A001,WH AHI JABABEKA
R100260207L014_A001,CONT-20,9000000,0,0,800000,0,0,9800000,A001 - WH AHI JABABEKA,PT. TPIL LOGISTICS,7,ON SCHEDULE,40,0,21.03.2026,08.02.2026,02.03.2026,22.05.2026,24.05.2026,29.05.2026,29.05.2026,,A001,WH AHI JABABEKA
R100260207L015_A001,CONT-20,10750000,0,0,0,0,0,10750000,A001 - WH AHI JABABEKA,PT. SENTOSAPRIMA ABADI,7,ON SCHEDULE,46,0,01.04.2026,13.02.2026,05.03.2026,11.05.2026,11.05.2026,18.05.2026,18.05.2026,,A001,WH AHI JABABEKA
R100260207L017_A001,CONT-20,12000000,0,0,0,0,0,12000000,A001 - WH AHI JABABEKA,PT. TPIL LOGISTICS,7,ON SCHEDULE,40,0,25.03.2026,12.02.2026,01.03.2026,02.03.2026,02.03.2026,15.04.2026,15.04.2026,,A001,WH AHI JABABEKA
R100260207L018_A001,CONT-20,12600000,0,0,0,0,0,12600000,A001 - WH AHI JABABEKA,PT. SENTOSAPRIMA ABADI,7,ON SCHEDULE,46,0,01.04.2026,13.02.2026,25.02.2026,06.05.2026,07.05.2026,08.05.2026,08.05.2026,,A001,WH AHI JABABEKA
R100260207L019_A001,CONT-20,11300000,0,0,0,0,0,11300000,A001 - WH AHI JABABEKA,PT. SENTOSAPRIMA ABADI,7,ON SCHEDULE,41,0,22.03.2026,08.02.2026,22.02.2026,01.04.2026,02.04.2026,13.04.2026,13.04.2026,,A001,WH AHI JABABEKA
R100260207L020_A001,CONT-20,8450000,0,0,550000,0,0,9000000,A001 - WH AHI JABABEKA,PT. TPIL LOGISTICS,7,ON SCHEDULE,42,0,03.04.2026,19.02.2026,22.02.2026,22.05.2026,24.05.2026,29.05.2026,29.05.2026,,A001,WH AHI JABABEKA
R100260207L021_A001,FUSO,19550000,0,0,0,0,0,19550000,A001 - WH AHI JABABEKA,PT. DUTA LINTAS NUSA,7,ON SCHEDULE,31,0,12.03.2026,08.02.2026,13.02.2026,24.02.2026,24.02.2026,25.02.2026,26.02.2026,,A001,WH AHI JABABEKA
R100260207L022_A001,CDD LONG CHASSIS,2350000,0,0,0,0,0,2350000,A001 - WH AHI JABABEKA,PT. BINTANG SAMUDRA RAYA,7,ON SCHEDULE,28,0,08.03.2026,07.02.2026,09.02.2026,11.02.2026,12.02.2026,23.02.2026,24.02.2026,,A001,WH AHI JABABEKA
R100260207L023_A001,CDD LONG CHASSIS,3325000,0,0,0,0,0,3325000,A001 - WH AHI JABABEKA,PT. JEJE HARAPAN TRANSINDO,7,ON SCHEDULE,28,0,09.03.2026,08.02.2026,12.02.2026,19.02.2026,19.02.2026,27.02.2026,13.03.2026,,A001,WH AHI JABABEKA
R100260207L024_A001,CDD LONG CHASSIS,3600000,0,0,0,300000,0,3900000,A001 - WH AHI JABABEKA,PT. BINTANG SAMUDRA RAYA,7,ON SCHEDULE,28,0,08.03.2026,07.02.2026,09.02.2026,24.02.2026,24.02.2026,25.02.2026,26.02.2026,,A001,WH AHI JABABEKA
R100260207L026_A001,CONT-20,15550000,0,2000000,1250000,0,0,18800000,A001 - WH AHI JABABEKA,PT. PAUS BIRU LOGISTIK,7,ON SCHEDULE,39,0,01.04.2026,20.02.2026,,12.05.2026,12.05.2026,18.05.2026,19.05.2026,,A001,WH AHI JABABEKA
R100260207T002_A001,WINGBOX,5650000,0,0,0,0,0,5650000,A001 - WH AHI JABABEKA,PT. DUTA MEDIA MANDIRI,7,ON SCHEDULE,30,0,11.03.2026,08.02.2026,12.02.2026,18.02.2026,18.02.2026,19.02.2026,02.03.2026,,A001,WH AHI JABABEKA
R100260207T003_A001,CONT-20,3900000,0,0,0,0,0,3900000,A001 - WH AHI JABABEKA,PT. JATIM PETROLEUM TRANSPORT,7,ON SCHEDULE,30,0,10.03.2026,07.02.2026,12.02.2026,27.03.2026,27.03.2026,27.04.2026,27.04.2026,,A001,WH AHI JABABEKA
R100260207T004_A001,CONT-20,3900000,0,0,0,0,0,3900000,A001 - WH AHI JABABEKA,PT. JATIM PETROLEUM TRANSPORT,7,ON SCHEDULE,30,0,10.03.2026,07.02.2026,12.02.2026,12.03.2026,13.03.2026,16.04.2026,16.04.2026,,A001,WH AHI JABABEKA
R100260207T005_A001,CONT-20,3900000,0,0,0,0,0,3900000,A001 - WH AHI JABABEKA,PT. JATIM PETROLEUM TRANSPORT,7,ON SCHEDULE,30,0,10.03.2026,07.02.2026,20.02.2026,27.03.2026,27.03.2026,27.04.2026,27.04.2026,,A001,WH AHI JABABEKA
R100260207T006_A001,CONT-20,3900000,0,0,0,0,0,3900000,A001 - WH AHI JABABEKA,PT. JATIM PETROLEUM TRANSPORT,7,ON SCHEDULE,30,0,11.03.2026,08.02.2026,13.02.2026,12.03.2026,13.03.2026,16.04.2026,16.04.2026,,A001,WH AHI JABABEKA
R100260207T007_A001,WINGBOX,5650000,0,0,0,0,0,5650000,A001 - WH AHI JABABEKA,PT. DUTA MEDIA MANDIRI,7,ON SCHEDULE,30,0,11.03.2026,08.02.2026,12.02.2026,18.02.2026,18.02.2026,19.02.2026,02.03.2026,,A001,WH AHI JABABEKA
R100260207T008_A001,CONT-20,3900000,0,0,0,0,0,3900000,A001 - WH AHI JABABEKA,PT. JATIM PETROLEUM TRANSPORT,7,ON SCHEDULE,30,0,10.03.2026,07.02.2026,12.02.2026,12.03.2026,13.03.2026,16.04.2026,16.04.2026,,A001,WH AHI JABABEKA
R100260207T009_A001,CONT-20,3900000,0,0,0,0,0,3900000,A001 - WH AHI JABABEKA,PT. JATIM PETROLEUM TRANSPORT,7,ON SCHEDULE,30,0,11.03.2026,08.02.2026,12.02.2026,12.03.2026,13.03.2026,16.04.2026,16.04.2026,,A001,WH AHI JABABEKA
R100260207T010_A001,CONT-20,3900000,0,0,0,0,0,3900000,A001 - WH AHI JABABEKA,PT. JATIM PETROLEUM TRANSPORT,7,ON SCHEDULE,30,0,10.03.2026,07.02.2026,12.02.2026,12.03.2026,13.03.2026,16.04.2026,16.04.2026,,A001,WH AHI JABABEKA
R100260207T011_A001,CONT-20,3900000,0,0,0,0,0,3900000,A001 - WH AHI JABABEKA,PT. JATIM PETROLEUM TRANSPORT,7,ON SCHEDULE,30,0,10.03.2026,07.02.2026,12.02.2026,12.03.2026,13.03.2026,16.04.2026,16.04.2026,,A001,WH AHI JABABEKA
R100260207T012_A001,CONT-40,14200000,0,0,0,0,0,14200000,A001 - WH AHI JABABEKA,PT. SENTOSAPRIMA ABADI,7,ON SCHEDULE,39,0,20.03.2026,08.02.2026,20.02.2026,28.04.2026,28.04.2026,04.05.2026,04.05.2026,,A001,WH AHI JABABEKA
R100260207T017_A001,CONT-20,9000000,0,0,0,0,0,9000000,A001 - WH AHI JABABEKA,PT. TPIL LOGISTICS,7,ON SCHEDULE,39,0,20.03.2026,08.02.2026,02.03.2026,26.03.2026,26.03.2026,29.05.2026,29.05.2026,,A001,WH AHI JABABEKA
R100260207T061_A001,CONT-40,8150000,0,0,0,0,0,8150000,A001 - WH AHI JABABEKA,PT. JATIM PETROLEUM TRANSPORT,7,ON SCHEDULE,30,0,10.03.2026,07.02.2026,12.02.2026,12.03.2026,13.03.2026,15.04.2026,15.04.2026,,A001,WH AHI JABABEKA
R100260208L002_A001,WINGBOX,2034000,0,0,0,0,0,2034000,A001 - WH AHI JABABEKA,PT. DUTA MEDIA MANDIRI,7,ON SCHEDULE,28,0,09.03.2026,08.02.2026,09.02.2026,10.02.2026,10.02.2026,13.02.2026,18.02.2026,,A001,WH AHI JABABEKA
R100260208L003_A001,CDD LONG CHASSIS,2400000,0,0,0,0,0,2400000,A001 - WH AHI JABABEKA,PT. AGUNG MAKMUR JAYA,7,ON SCHEDULE,28,0,10.03.2026,09.02.2026,12.02.2026,18.02.2026,18.02.2026,25.02.2026,10.03.2026,,A001,WH AHI JABABEKA
R100260208L004_A001,CDD LONG CHASSIS,1400000,0,0,0,0,0,1400000,A001 - WH AHI JABABEKA,PT. BINTANG SAMUDRA RAYA,7,ON SCHEDULE,28,0,09.03.2026,08.02.2026,09.02.2026,11.02.2026,12.02.2026,23.02.2026,24.02.2026,,A001,WH AHI JABABEKA
R100260208L005_A001,CDD LONG CHASSIS,1400000,0,0,0,0,0,1400000,A001 - WH AHI JABABEKA,PT. BINTANG SAMUDRA RAYA,7,ON SCHEDULE,28,0,09.03.2026,08.02.2026,09.02.2026,11.02.2026,12.02.2026,23.02.2026,24.02.2026,,A001,WH AHI JABABEKA
R100260208L006_A001,CDD LONG CHASSIS,1750000,0,0,0,0,0,1750000,A001 - WH AHI JABABEKA,PT. DUTA MEDIA MANDIRI,7,ON SCHEDULE,27,0,08.03.2026,08.02.2026,09.02.2026,10.02.2026,10.02.2026,10.02.2026,10.02.2026,,A001,WH AHI JABABEKA
R100260208L007_A001,CDD LONG CHASSIS,1600000,0,0,0,0,0,1600000,A001 - WH AHI JABABEKA,PT. BINTANG SAMUDRA RAYA,7,ON SCHEDULE,28,0,09.03.2026,08.02.2026,09.02.2026,11.02.2026,12.02.2026,23.02.2026,24.02.2026,,A001,WH AHI JABABEKA
R100260208L008_A001,CDD LONG CHASSIS,1400000,0,0,0,0,0,1400000,A001 - WH AHI JABABEKA,PT. BINTANG SAMUDRA RAYA,7,ON SCHEDULE,29,0,10.03.2026,08.02.2026,09.02.2026,11.02.2026,12.02.2026,23.02.2026,24.02.2026,,A001,WH AHI JABABEKA
R100260208L009_A001,CDD LONG CHASSIS,1725000,0,0,0,0,0,1725000,A001 - WH AHI JABABEKA,PT. BINTANG SAMUDRA RAYA,7,ON SCHEDULE,27,0,08.03.2026,08.02.2026,09.02.2026,11.02.2026,12.02.2026,23.02.2026,24.02.2026,,A001,WH AHI JABABEKA
R100260208L010_A001,CDD LONG CHASSIS,2380000,0,0,0,0,0,2380000,A001 - WH AHI JABABEKA,PT. DUTA MEDIA MANDIRI,7,ON SCHEDULE,28,0,09.03.2026,08.02.2026,09.02.2026,10.02.2026,10.02.2026,13.02.2026,18.02.2026,,A001,WH AHI JABABEKA
R100260208L012_A001,CDD LONG CHASSIS,2300000,0,0,0,75000,0,2375000,A001 - WH AHI JABABEKA,PT. ANTAR JARINGAN SEPANJANG JALAN,7,ON SCHEDULE,28,0,09.03.2026,08.02.2026,09.02.2026,13.02.2026,19.02.2026,24.02.2026,11.03.2026,,A001,WH AHI JABABEKA
R100260208L013_A001,CDD LONG CHASSIS,1400000,0,0,0,0,0,1400000,A001 - WH AHI JABABEKA,PT. BINTANG SAMUDRA RAYA,7,ON SCHEDULE,27,0,08.03.2026,08.02.2026,09.02.2026,11.02.2026,12.02.2026,26.02.2026,26.02.2026,,A001,WH AHI JABABEKA
R100260208L014_A001,CDD LONG CHASSIS,1900000,0,0,0,75000,0,1975000,A001 - WH AHI JABABEKA,PT. ANTAR JARINGAN SEPANJANG JALAN,7,ON SCHEDULE,28,0,10.03.2026,09.02.2026,12.02.2026,13.02.2026,19.02.2026,24.02.2026,11.03.2026,,A001,WH AHI JABABEKA
R100260208L015_A001,CDD LONG CHASSIS,1900000,0,0,0,75000,0,1975000,A001 - WH AHI JABABEKA,PT. ANTAR JARINGAN SEPANJANG JALAN,7,ON SCHEDULE,28,0,10.03.2026,09.02.2026,12.02.2026,13.02.2026,19.02.2026,24.02.2026,11.03.2026,,A001,WH AHI JABABEKA
R100260208L018_A001,CDD LONG CHASSIS,1400000,0,0,0,0,0,1400000,A001 - WH AHI JABABEKA,PT. BINTANG SAMUDRA RAYA,7,ON SCHEDULE,27,0,08.03.2026,08.02.2026,09.02.2026,11.02.2026,12.02.2026,23.02.2026,24.02.2026,,A001,WH AHI JABABEKA
R100260208L019_A001,CDD LONG CHASSIS,1400000,0,0,0,0,0,1400000,A001 - WH AHI JABABEKA,PT. BINTANG SAMUDRA RAYA,7,ON SCHEDULE,28,0,09.03.2026,08.02.2026,09.02.2026,11.02.2026,12.02.2026,23.02.2026,24.02.2026,,A001,WH AHI JABABEKA
R100260208L020_A001,CDD LONG CHASSIS,1900000,0,0,0,0,0,1900000,A001 - WH AHI JABABEKA,PT. ANTAR JARINGAN SEPANJANG JALAN,7,ON SCHEDULE,28,0,10.03.2026,09.02.2026,12.02.2026,13.02.2026,13.02.2026,24.02.2026,11.03.2026,,A001,WH AHI JABABEKA
R100260208L021_A001,CDD LONG CHASSIS,1900000,0,0,0,75000,0,1975000,A001 - WH AHI JABABEKA,PT. ANTAR JARINGAN SEPANJANG JALAN,7,ON SCHEDULE,28,0,09.03.2026,08.02.2026,09.02.2026,13.02.2026,19.02.2026,24.02.2026,11.03.2026,,A001,WH AHI JABABEKA
R100260208L022_A001,CDD LONG CHASSIS,1400000,0,0,0,0,0,1400000,A001 - WH AHI JABABEKA,PT. BINTANG SAMUDRA RAYA,7,ON SCHEDULE,28,0,10.03.2026,09.02.2026,12.02.2026,13.02.2026,13.02.2026,23.02.2026,24.02.2026,,A001,WH AHI JABABEKA
R100260208L023_A001,CDD LONG CHASSIS,2300000,0,0,0,0,0,2300000,A001 - WH AHI JABABEKA,PT.ORANG KREATIF EKSIS,7,ON SCHEDULE,26,0,08.03.2026,09.02.2026,12.02.2026,13.02.2026,13.02.2026,20.02.2026,20.02.2026,,A001,WH AHI JABABEKA
R100260208L024_A001,CDD LONG CHASSIS,2400000,0,0,0,250000,0,2650000,A001 - WH AHI JABABEKA,PT. AGUNG MAKMUR JAYA,7,ON SCHEDULE,28,0,09.03.2026,08.02.2026,09.02.2026,18.02.2026,19.02.2026,25.02.2026,10.03.2026,,A001,WH AHI JABABEKA
R100260208L024_A001,CDD LONG CHASSIS,2400000,0,0,0,250000,0,2650000,A001 - WH AHI JABABEKA,PT. AGUNG MAKMUR JAYA,7,ON SCHEDULE,28,0,09.03.2026,08.02.2026,09.02.2026,18.02.2026,19.02.2026,25.02.2026,10.03.2026,,A001,WH AHI JABABEKA
R100260208L024_A001,CDD LONG CHASSIS,2400000,0,0,0,250000,0,2650000,A001 - WH AHI JABABEKA,PT. AGUNG MAKMUR JAYA,7,ON SCHEDULE,28,0,09.03.2026,08.02.2026,09.02.2026,18.02.2026,19.02.2026,25.02.2026,10.03.2026,,A001,WH AHI JABABEKA
R100260208L025_A001,CDD LONG CHASSIS,1400000,0,0,0,0,0,1400000,A001 - WH AHI JABABEKA,PT. BINTANG SAMUDRA RAYA,7,ON SCHEDULE,28,0,09.03.2026,08.02.2026,09.02.2026,20.02.2026,20.02.2026,26.02.2026,26.02.2026,,A001,WH AHI JABABEKA
R100260208L034_A001,CONT-20,22700000,0,0,600000,0,0,23300000,A001 - WH AHI JABABEKA,PT. PAUS BIRU LOGISTIK,7,ON SCHEDULE,43,0,29.03.2026,13.02.2026,27.02.2026,23.04.2026,23.04.2026,28.04.2026,04.05.2026,,A001,WH AHI JABABEKA
R100260208T002_A001,CONT-40,8750000,0,0,0,0,0,8750000,A001 - WH AHI JABABEKA,PT. CIKARANG GERBANG SOLUSI,6,LATE,30,176,11.03.2026,08.02.2026,12.02.2026,28.04.2026,28.04.2026,29.04.2026,24.06.2026,,A001,WH AHI JABABEKA
R100260208T003_A001,CONT-40,8750000,0,0,0,0,0,8750000,A001 - WH AHI JABABEKA,PT. CIKARANG GERBANG SOLUSI,6,LATE,30,176,12.03.2026,09.02.2026,12.02.2026,28.04.2026,28.04.2026,29.04.2026,24.06.2026,,A001,WH AHI JABABEKA
R100260208T004_A001,CONT-40,8750000,0,0,0,0,0,8750000,A001 - WH AHI JABABEKA,PT. CIKARANG GERBANG SOLUSI,6,LATE,30,176,12.03.2026,09.02.2026,12.02.2026,28.04.2026,28.04.2026,29.04.2026,24.06.2026,,A001,WH AHI JABABEKA
R100260208T005_A001,CONT-40,8750000,0,0,0,0,0,8750000,A001 - WH AHI JABABEKA,PT. CIKARANG GERBANG SOLUSI,6,LATE,30,176,12.03.2026,09.02.2026,14.02.2026,28.04.2026,28.04.2026,29.04.2026,24.06.2026,,A001,WH AHI JABABEKA
R100260208T006_A001,WINGBOX,6200000,0,0,0,0,0,6200000,A001 - WH AHI JABABEKA,PT. SATRIA PIRANTI PERKASA,7,ON SCHEDULE,30,0,11.03.2026,08.02.2026,12.02.2026,06.03.2026,06.03.2026,13.03.2026,13.03.2026,,A001,WH AHI JABABEKA
R100260208T011_A001,CONT-20,9300000,0,0,0,0,0,9300000,A001 - WH AHI JABABEKA,PT. SENTOSAPRIMA ABADI,7,ON SCHEDULE,39,0,21.03.2026,09.02.2026,21.02.2026,28.04.2026,28.04.2026,04.05.2026,04.05.2026,,A001,WH AHI JABABEKA
R100260208T018_A001,CONT-40,8500000,0,0,0,0,0,8500000,A001 - WH AHI JABABEKA,PT. DINOYO PUTRA MANDIRI,7,ON SCHEDULE,30,0,12.03.2026,09.02.2026,12.02.2026,18.02.2026,18.02.2026,20.02.2026,20.02.2026,,A001,WH AHI JABABEKA
R100260209B005_A001,CDD LONG CHASSIS,8250000,0,0,0,300000,0,8550000,A001 - WH AHI JABABEKA,PT. BINTANG SAMUDRA RAYA,7,ON SCHEDULE,31,0,15.03.2026,11.02.2026,16.02.2026,10.03.2026,10.03.2026,10.03.2026,12.03.2026,,A001,WH AHI JABABEKA
R100260209L002_A001,CONT-20,17500000,0,0,0,0,0,17500000,A001 - WH AHI JABABEKA,PT. TPIL LOGISTICS,7,ON SCHEDULE,41,0,30.03.2026,16.02.2026,01.03.2026,02.03.2026,02.03.2026,10.04.2026,10.04.2026,,A001,WH AHI JABABEKA
R100260209L003_A001,CONT-20,20800000,0,0,0,0,0,20800000,A001 - WH AHI JABABEKA,PT. PAUS BIRU LOGISTIK,7,ON SCHEDULE,43,0,30.03.2026,14.02.2026,02.03.2026,14.04.2026,15.04.2026,15.04.2026,22.04.2026,,A001,WH AHI JABABEKA
R100260209L004_A001,CONT-20,15500000,0,0,600000,0,0,16100000,A001 - WH AHI JABABEKA,PT. PAUS BIRU LOGISTIK,7,ON SCHEDULE,42,0,27.03.2026,12.02.2026,27.02.2026,17.04.2026,17.04.2026,28.04.2026,04.05.2026,,A001,WH AHI JABABEKA
R100260209L005_A001,CONT-20,8450000,0,0,0,0,0,8450000,A001 - WH AHI JABABEKA,PT. TPIL LOGISTICS,7,ON SCHEDULE,42,0,25.03.2026,10.02.2026,21.02.2026,06.04.2026,06.04.2026,10.04.2026,10.04.2026,,A001,WH AHI JABABEKA
R100260209L006_A001,CONT-20,8450000,0,0,0,0,0,8450000,A001 - WH AHI JABABEKA,PT. TPIL LOGISTICS,7,ON SCHEDULE,42,0,25.03.2026,10.02.2026,21.02.2026,06.04.2026,06.04.2026,10.04.2026,10.04.2026,,A001,WH AHI JABABEKA
R100260209L007_A001,CONT-20,18200000,0,0,0,0,0,18200000,A001 - WH AHI JABABEKA,PT. PAUS BIRU LOGISTIK,7,ON SCHEDULE,41,0,31.03.2026,17.02.2026,27.02.2026,14.04.2026,15.04.2026,15.04.2026,15.04.2026,,A001,WH AHI JABABEKA
R100260209L009_A001,CDD LONG CHASSIS,4900000,0,0,0,150000,0,5050000,A001 - WH AHI JABABEKA,PT.ORANG KREATIF EKSIS,7,ON SCHEDULE,28,0,10.03.2026,09.02.2026,12.02.2026,18.02.2026,19.02.2026,02.03.2026,02.03.2026,,A001,WH AHI JABABEKA
R100260209L010_A001,CONT-20,18600000,0,0,0,0,0,18600000,A001 - WH AHI JABABEKA,PT. PAUS BIRU LOGISTIK,7,ON SCHEDULE,42,0,28.03.2026,13.02.2026,27.02.2026,16.04.2026,17.04.2026,21.04.2026,21.04.2026,,A001,WH AHI JABABEKA
R100260209L011_A001,FUSO,11500000,0,0,0,200000,0,11700000,A001 - WH AHI JABABEKA,PT. SATRIA PIRANTI PERKASA,7,ON SCHEDULE,31,0,13.03.2026,09.02.2026,14.02.2026,06.03.2026,06.03.2026,13.03.2026,13.03.2026,,A001,WH AHI JABABEKA
R100260209L013_A001,CDD LONG CHASSIS,3100000,0,0,0,400000,0,3500000,A001 - WH AHI JABABEKA,PT. BINTANG SAMUDRA RAYA,7,ON SCHEDULE,29,0,11.03.2026,09.02.2026,12.02.2026,24.02.2026,24.02.2026,25.02.2026,26.02.2026,,A001,WH AHI JABABEKA
R100260209L014_A001,FUSO,14750000,0,0,0,200000,0,14950000,A001 - WH AHI JABABEKA,PT. SATRIA PIRANTI PERKASA,7,ON SCHEDULE,31,0,13.03.2026,09.02.2026,13.02.2026,06.03.2026,06.03.2026,13.03.2026,13.03.2026,,A001,WH AHI JABABEKA
R100260209L015_A001,CONT-20,18200000,0,0,0,0,0,18200000,A001 - WH AHI JABABEKA,PT. PAUS BIRU LOGISTIK,7,ON SCHEDULE,41,0,31.03.2026,17.02.2026,27.02.2026,14.04.2026,15.04.2026,15.04.2026,15.04.2026,,A001,WH AHI JABABEKA
R100260209L022_A001,CONT-20,20800000,0,0,0,0,0,20800000,A001 - WH AHI JABABEKA,PT. PAUS BIRU LOGISTIK,7,ON SCHEDULE,43,0,01.04.2026,16.02.2026,02.03.2026,15.04.2026,15.04.2026,15.04.2026,22.04.2026,,A001,WH AHI JABABEKA
R100260209L024_A001,CONT-20,18600000,0,0,0,0,0,18600000,A001 - WH AHI JABABEKA,PT. PAUS BIRU LOGISTIK,7,ON SCHEDULE,42,0,27.03.2026,12.02.2026,27.02.2026,16.04.2026,17.04.2026,28.04.2026,04.05.2026,,A001,WH AHI JABABEKA
R100260209L025_A001,CONT-20,20400000,0,0,0,0,0,20400000,A001 - WH AHI JABABEKA,PT. MITRA INTERTRANS FORWARDING,7,ON SCHEDULE,49,0,03.04.2026,12.02.2026,26.03.2026,16.04.2026,16.04.2026,17.04.2026,17.04.2026,,A001,WH AHI JABABEKA
R100260209T006_A001,CONT-20,15550000,0,0,1250000,0,0,16800000,A001 - WH AHI JABABEKA,PT. PAUS BIRU LOGISTIK,7,ON SCHEDULE,41,0,27.03.2026,13.02.2026,22.02.2026,15.04.2026,15.04.2026,18.05.2026,19.05.2026,,A001,WH AHI JABABEKA
R100260209T007_A001,WINGBOX,5600000,0,0,0,0,0,5600000,A001 - WH AHI JABABEKA,PT. BINTANG SAMUDRA RAYA,7,ON SCHEDULE,30,0,15.03.2026,12.02.2026,13.02.2026,20.02.2026,20.02.2026,26.02.2026,26.02.2026,,A001,WH AHI JABABEKA
R100260209T008_A001,CONT-20,9000000,0,0,0,0,0,9000000,A001 - WH AHI JABABEKA,PT. TPIL LOGISTICS,7,ON SCHEDULE,39,0,21.03.2026,09.02.2026,02.03.2026,26.03.2026,26.03.2026,29.05.2026,29.05.2026,,A001,WH AHI JABABEKA
R100260209T009_A001,CONT-20,3900000,0,0,0,0,0,3900000,A001 - WH AHI JABABEKA,PT. JATIM PETROLEUM TRANSPORT,7,ON SCHEDULE,30,0,12.03.2026,09.02.2026,12.02.2026,12.03.2026,13.03.2026,16.04.2026,16.04.2026,,A001,WH AHI JABABEKA
R100260209T010_A001,CONT-20,3900000,0,0,0,0,0,3900000,A001 - WH AHI JABABEKA,PT. JATIM PETROLEUM TRANSPORT,7,ON SCHEDULE,30,0,12.03.2026,09.02.2026,12.02.2026,12.03.2026,13.03.2026,16.04.2026,16.04.2026,,A001,WH AHI JABABEKA
R100260209T011_A001,CONT-20,3900000,0,0,0,0,0,3900000,A001 - WH AHI JABABEKA,PT. JATIM PETROLEUM TRANSPORT,7,ON SCHEDULE,30,0,12.03.2026,09.02.2026,16.02.2026,12.03.2026,13.03.2026,16.04.2026,16.04.2026,,A001,WH AHI JABABEKA
R100260209T012_A001,CONT-20,3900000,0,0,0,0,0,3900000,A001 - WH AHI JABABEKA,PT. JATIM PETROLEUM TRANSPORT,7,ON SCHEDULE,30,0,13.03.2026,10.02.2026,14.02.2026,12.03.2026,13.03.2026,16.04.2026,16.04.2026,,A001,WH AHI JABABEKA
R100260209T013_A001,CONT-20,3900000,0,0,0,0,0,3900000,A001 - WH AHI JABABEKA,PT. JATIM PETROLEUM TRANSPORT,7,ON SCHEDULE,30,0,13.03.2026,10.02.2026,20.02.2026,27.03.2026,27.03.2026,27.04.2026,27.04.2026,,A001,WH AHI JABABEKA
R100260209T014_A001,CONT-20,3900000,0,0,0,0,0,3900000,A001 - WH AHI JABABEKA,PT. JATIM PETROLEUM TRANSPORT,7,ON SCHEDULE,30,0,13.03.2026,10.02.2026,13.02.2026,12.03.2026,13.03.2026,16.04.2026,16.04.2026,,A001,WH AHI JABABEKA
R100260209T015_A001,CONT-20,3900000,0,0,0,0,0,3900000,A001 - WH AHI JABABEKA,PT. JATIM PETROLEUM TRANSPORT,7,ON SCHEDULE,30,0,13.03.2026,10.02.2026,21.02.2026,27.03.2026,29.03.2026,04.05.2026,04.05.2026,,A001,WH AHI JABABEKA
R100260209T016_A001,WINGBOX,5650000,0,0,0,0,0,5650000,A001 - WH AHI JABABEKA,PT. DUTA MEDIA MANDIRI,7,ON SCHEDULE,30,0,13.03.2026,10.02.2026,13.02.2026,18.02.2026,18.02.2026,19.02.2026,02.03.2026,,A001,WH AHI JABABEKA
R100260209T017_A001,CONT-40,8750000,0,0,0,0,0,8750000,A001 - WH AHI JABABEKA,PT. CIKARANG GERBANG SOLUSI,6,LATE,30,174,13.03.2026,10.02.2026,13.02.2026,24.07.2026,25.07.2026,27.07.2026,27.07.2026,,A001,WH AHI JABABEKA
R100260209T018_A001,CONT-20,3900000,0,0,0,0,0,3900000,A001 - WH AHI JABABEKA,PT. JATIM PETROLEUM TRANSPORT,7,ON SCHEDULE,30,0,13.03.2026,10.02.2026,20.02.2026,27.03.2026,27.03.2026,27.04.2026,27.04.2026,,A001,WH AHI JABABEKA
R100260210B001_A001,CDD LONG CHASSIS,10350000,0,0,0,0,0,10350000,A001 - WH AHI JABABEKA,PT.ORANG KREATIF EKSIS,7,ON SCHEDULE,31,0,16.03.2026,12.02.2026,16.02.2026,03.03.2026,03.03.2026,10.03.2026,10.03.2026,,A001,WH AHI JABABEKA
R100260210L005_A001,FUSO,19350000,0,0,0,200000,0,19550000,A001 - WH AHI JABABEKA,PT. SATRIA PIRANTI PERKASA,7,ON SCHEDULE,41,0,24.03.2026,10.02.2026,14.02.2026,06.03.2026,06.03.2026,13.03.2026,13.03.2026,,A001,WH AHI JABABEKA
R100260210L006_A001,CONT-20,14600000,0,0,0,0,0,14600000,A001 - WH AHI JABABEKA,PT. MITRA INTERTRANS FORWARDING,7,ON SCHEDULE,38,0,23.03.2026,12.02.2026,27.02.2026,02.04.2026,02.04.2026,02.04.2026,02.04.2026,,A001,WH AHI JABABEKA
R100260210L007_A001,CONT-20,10750000,0,0,0,0,0,10750000,A001 - WH AHI JABABEKA,PT. SENTOSAPRIMA ABADI,7,ON SCHEDULE,46,0,07.04.2026,19.02.2026,05.03.2026,11.05.2026,11.05.2026,18.05.2026,18.05.2026,,A001,WH AHI JABABEKA
R100260210L008_A001,FUSO,13800000,0,0,0,0,0,13800000,A001 - WH AHI JABABEKA,PT. DUTA LINTAS NUSA,7,ON SCHEDULE,40,0,23.03.2026,10.02.2026,14.02.2026,24.02.2026,24.02.2026,25.02.2026,26.02.2026,,A001,WH AHI JABABEKA
R100260210L009_A001,CONT-20,8450000,0,0,550000,0,0,9000000,A001 - WH AHI JABABEKA,PT. TPIL LOGISTICS,7,ON SCHEDULE,42,0,27.03.2026,12.02.2026,22.02.2026,22.05.2026,24.05.2026,29.05.2026,29.05.2026,,A001,WH AHI JABABEKA
R100260210L010_A001,CONT-20,32400000,0,0,0,0,0,32400000,A001 - WH AHI JABABEKA,PT. PAUS BIRU LOGISTIK,7,ON SCHEDULE,47,0,02.04.2026,13.02.2026,03.03.2026,05.05.2026,05.05.2026,06.05.2026,22.06.2026,,A001,WH AHI JABABEKA
R100260210L012_A001,CONT-20,15550000,0,2000000,1250000,0,0,18800000,A001 - WH AHI JABABEKA,PT. PAUS BIRU LOGISTIK,7,ON SCHEDULE,39,0,24.03.2026,12.02.2026,,12.05.2026,12.05.2026,18.05.2026,19.05.2026,,A001,WH AHI JABABEKA
R100260210L013_A001,CDD LONG CHASSIS,3500000,0,0,0,0,0,3500000,A001 - WH AHI JABABEKA,PT. AGUNG MAKMUR JAYA,7,ON SCHEDULE,28,0,14.03.2026,13.02.2026,14.02.2026,18.02.2026,19.02.2026,25.02.2026,25.02.2026,,A001,WH AHI JABABEKA
R100260210L014_A001,CONT-20,20800000,0,0,0,0,0,20800000,A001 - WH AHI JABABEKA,PT. PAUS BIRU LOGISTIK,7,ON SCHEDULE,43,0,31.03.2026,15.02.2026,01.03.2026,14.04.2026,15.04.2026,15.04.2026,22.04.2026,,A001,WH AHI JABABEKA
R100260210L020_A001,CONT-20,8450000,0,0,550000,0,0,9000000,A001 - WH AHI JABABEKA,PT. TPIL LOGISTICS,7,ON SCHEDULE,42,0,27.03.2026,12.02.2026,22.02.2026,22.05.2026,24.05.2026,29.05.2026,29.05.2026,,A001,WH AHI JABABEKA
R100260210L022_A001,CONT-20,20800000,0,0,0,0,0,20800000,A001 - WH AHI JABABEKA,PT. PAUS BIRU LOGISTIK,7,ON SCHEDULE,43,0,31.03.2026,15.02.2026,01.03.2026,14.04.2026,15.04.2026,15.04.2026,22.04.2026,,A001,WH AHI JABABEKA
R100260210L024_A001,CONT-20,20800000,0,0,0,0,0,20800000,A001 - WH AHI JABABEKA,PT. PAUS BIRU LOGISTIK,7,ON SCHEDULE,43,0,04.04.2026,19.02.2026,27.02.2026,16.04.2026,16.04.2026,17.04.2026,17.04.2026,,A001,WH AHI JABABEKA
R100260210L025_A001,CONT-20,9000000,0,0,0,0,0,9000000,A001 - WH AHI JABABEKA,PT. TPIL LOGISTICS,7,ON SCHEDULE,39,0,23.03.2026,11.02.2026,02.03.2026,26.03.2026,26.03.2026,15.04.2026,15.04.2026,,A001,WH AHI JABABEKA
R100260210L026_A001,CONT-20,17500000,0,0,0,0,0,17500000,A001 - WH AHI JABABEKA,PT. TPIL LOGISTICS,7,ON SCHEDULE,41,0,02.04.2026,19.02.2026,01.03.2026,02.03.2026,02.03.2026,10.04.2026,10.04.2026,,A001,WH AHI JABABEKA
R100260210L027_A001,CONT-20,20400000,0,0,0,0,0,20400000,A001 - WH AHI JABABEKA,PT. MITRA INTERTRANS FORWARDING,7,ON SCHEDULE,49,0,02.04.2026,11.02.2026,03.03.2026,02.04.2026,02.04.2026,15.04.2026,15.04.2026,,A001,WH AHI JABABEKA
R100260210L030_A001,CONT-20,18200000,0,0,0,0,0,18200000,A001 - WH AHI JABABEKA,PT. PAUS BIRU LOGISTIK,7,ON SCHEDULE,41,0,31.03.2026,17.02.2026,27.02.2026,14.04.2026,15.04.2026,15.04.2026,15.04.2026,,A001,WH AHI JABABEKA
R100260210L094_A001,WINGBOX,10700000,0,0,0,400000,0,11100000,A001 - WH AHI JABABEKA,PT. BINTANG SAMUDRA RAYA,7,ON SCHEDULE,31,0,15.03.2026,11.02.2026,16.02.2026,24.02.2026,24.02.2026,25.02.2026,26.02.2026,,A001,WH AHI JABABEKA
R100260210L095_A001,WINGBOX,10700000,0,0,0,400000,0,11100000,A001 - WH AHI JABABEKA,PT. BINTANG SAMUDRA RAYA,7,ON SCHEDULE,31,0,15.03.2026,11.02.2026,16.02.2026,27.02.2026,28.02.2026,02.03.2026,02.03.2026,,A001,WH AHI JABABEKA
R100260210L096_A001,WINGBOX,20400000,0,0,0,0,0,20400000,A001 - WH AHI JABABEKA,PT. CITRA SENTRAL EKSPRES,7,ON SCHEDULE,39,0,23.03.2026,11.02.2026,19.02.2026,02.04.2026,03.04.2026,06.04.2026,06.04.2026,,A001,WH AHI JABABEKA
R100260210T007_A001,WINGBOX,5600000,0,0,0,0,0,5600000,A001 - WH AHI JABABEKA,PT. BINTANG SAMUDRA RAYA,7,ON SCHEDULE,30,0,13.03.2026,10.02.2026,13.02.2026,26.02.2026,26.02.2026,05.03.2026,09.03.2026,,A001,WH AHI JABABEKA
R100260210T008_A001,CONT-20,3900000,0,0,0,0,0,3900000,A001 - WH AHI JABABEKA,PT. JATIM PETROLEUM TRANSPORT,7,ON SCHEDULE,30,0,13.03.2026,10.02.2026,16.02.2026,12.03.2026,13.03.2026,16.04.2026,16.04.2026,,A001,WH AHI JABABEKA
R100260210T009_A001,CONT-20,3900000,0,0,0,0,0,3900000,A001 - WH AHI JABABEKA,PT. JATIM PETROLEUM TRANSPORT,7,ON SCHEDULE,30,0,13.03.2026,10.02.2026,16.02.2026,12.03.2026,13.03.2026,16.04.2026,16.04.2026,,A001,WH AHI JABABEKA
R100260210T010_A001,CONT-20,3900000,0,0,0,0,0,3900000,A001 - WH AHI JABABEKA,PT. JATIM PETROLEUM TRANSPORT,7,ON SCHEDULE,30,0,14.03.2026,11.02.2026,20.02.2026,27.03.2026,27.03.2026,27.04.2026,27.04.2026,,A001,WH AHI JABABEKA
R100260210T011_A001,CONT-20,3900000,0,0,0,0,0,3900000,A001 - WH AHI JABABEKA,PT. JATIM PETROLEUM TRANSPORT,7,ON SCHEDULE,30,0,13.03.2026,10.02.2026,16.02.2026,12.03.2026,13.03.2026,16.04.2026,16.04.2026,,A001,WH AHI JABABEKA
R100260210T012_A001,WINGBOX,5600000,0,0,0,0,0,5600000,A001 - WH AHI JABABEKA,PT. BINTANG SAMUDRA RAYA,7,ON SCHEDULE,30,0,14.03.2026,11.02.2026,14.02.2026,10.03.2026,10.03.2026,11.03.2026,12.03.2026,,A001,WH AHI JABABEKA
R100260210T013_A001,CONT-20,3900000,0,0,0,0,0,3900000,A001 - WH AHI JABABEKA,PT. JATIM PETROLEUM TRANSPORT,7,ON SCHEDULE,30,0,14.03.2026,11.02.2026,20.02.2026,27.03.2026,29.03.2026,04.05.2026,04.05.2026,,A001,WH AHI JABABEKA
R100260210T014_A001,CONT-20,3900000,0,0,0,0,0,3900000,A001 - WH AHI JABABEKA,PT. JATIM PETROLEUM TRANSPORT,7,ON SCHEDULE,30,0,23.03.2026,20.02.2026,21.02.2026,27.03.2026,27.03.2026,27.04.2026,27.04.2026,,A001,WH AHI JABABEKA
R100260210T015_A001,CONT-20,3900000,0,0,0,0,0,3900000,A001 - WH AHI JABABEKA,PT. JATIM PETROLEUM TRANSPORT,7,ON SCHEDULE,30,0,14.03.2026,11.02.2026,20.02.2026,27.03.2026,27.03.2026,27.04.2026,27.04.2026,,A001,WH AHI JABABEKA
R100260210T016_A001,CONT-20,3900000,0,0,0,0,0,3900000,A001 - WH AHI JABABEKA,PT. JATIM PETROLEUM TRANSPORT,7,ON SCHEDULE,30,0,14.03.2026,11.02.2026,20.02.2026,27.03.2026,27.03.2026,27.04.2026,27.04.2026,,A001,WH AHI JABABEKA
R100260210T017_A001,CONT-40,14200000,0,0,0,0,0,14200000,A001 - WH AHI JABABEKA,PT. SENTOSAPRIMA ABADI,7,ON SCHEDULE,39,0,22.03.2026,10.02.2026,21.02.2026,28.04.2026,28.04.2026,04.05.2026,04.05.2026,,A001,WH AHI JABABEKA
R100260210T018_A001,CONT-20,15550000,0,2000000,1250000,0,0,18800000,A001 - WH AHI JABABEKA,PT. PAUS BIRU LOGISTIK,7,ON SCHEDULE,41,0,03.04.2026,20.02.2026,,12.05.2026,12.05.2026,18.05.2026,19.05.2026,,A001,WH AHI JABABEKA
R100260210T019_A001,CONT-40,14200000,0,0,0,0,0,14200000,A001 - WH AHI JABABEKA,PT. SENTOSAPRIMA ABADI,7,ON SCHEDULE,39,0,24.03.2026,12.02.2026,21.02.2026,28.04.2026,28.04.2026,04.05.2026,04.05.2026,,A001,WH AHI JABABEKA
R100260210T069_A001,WINGBOX,20400000,0,0,0,0,0,20400000,A001 - WH AHI JABABEKA,PT. CITRA SENTRAL EKSPRES,7,ON SCHEDULE,39,0,01.04.2026,20.02.2026,21.02.2026,02.04.2026,03.04.2026,06.04.2026,06.04.2026,,A001,WH AHI JABABEKA
R100260210T072_A001,CONT-20,9000000,0,0,0,0,0,9000000,A001 - WH AHI JABABEKA,PT. TPIL LOGISTICS,7,ON SCHEDULE,39,0,23.03.2026,11.02.2026,02.03.2026,26.03.2026,26.03.2026,29.05.2026,29.05.2026,,A001,WH AHI JABABEKA
R100260211L004_A001,CDD LONG CHASSIS,3500000,0,0,0,250000,0,3750000,A001 - WH AHI JABABEKA,PT. AGUNG MAKMUR JAYA,7,ON SCHEDULE,28,0,12.03.2026,11.02.2026,13.02.2026,18.02.2026,19.02.2026,10.03.2026,10.03.2026,,A001,WH AHI JABABEKA
R100260211L004_A001,CDD LONG CHASSIS,3500000,0,0,0,250000,0,3750000,A001 - WH AHI JABABEKA,PT. AGUNG MAKMUR JAYA,7,ON SCHEDULE,28,0,12.03.2026,11.02.2026,13.02.2026,18.02.2026,19.02.2026,10.03.2026,10.03.2026,,A001,WH AHI JABABEKA
R100260211L004_A001,CDD LONG CHASSIS,3500000,0,0,0,250000,0,3750000,A001 - WH AHI JABABEKA,PT. AGUNG MAKMUR JAYA,7,ON SCHEDULE,28,0,12.03.2026,11.02.2026,13.02.2026,18.02.2026,19.02.2026,10.03.2026,10.03.2026,,A001,WH AHI JABABEKA
R100260211L005_A001,FUSO,5900000,0,0,0,200000,0,6100000,A001 - WH AHI JABABEKA,PT. SATRIA PIRANTI PERKASA,7,ON SCHEDULE,29,0,13.03.2026,11.02.2026,14.02.2026,06.03.2026,06.03.2026,13.03.2026,13.03.2026,,A001,WH AHI JABABEKA
R100260211L006_A001,FUSO,19550000,0,0,0,0,0,19550000,A001 - WH AHI JABABEKA,PT. DUTA LINTAS NUSA,7,ON SCHEDULE,31,0,16.03.2026,12.02.2026,21.02.2026,12.03.2026,12.03.2026,26.03.2026,26.03.2026,,A001,WH AHI JABABEKA
R100260211L007_A001,CONT-20,8400000,0,0,0,0,0,8400000,A001 - WH AHI JABABEKA,PT. MITRA INTERTRANS FORWARDING,7,ON SCHEDULE,42,0,28.03.2026,13.02.2026,22.02.2026,30.03.2026,30.03.2026,31.03.2026,31.03.2026,,A001,WH AHI JABABEKA
R100260211L008_A001,CONT-20,20800000,0,0,0,0,0,20800000,A001 - WH AHI JABABEKA,PT. PAUS BIRU LOGISTIK,7,ON SCHEDULE,43,0,02.04.2026,17.02.2026,02.03.2026,16.04.2026,16.04.2026,17.04.2026,23.04.2026,,A001,WH AHI JABABEKA
R100260211L009_A001,CDD LONG CHASSIS,4900000,0,0,0,0,0,4900000,A001 - WH AHI JABABEKA,PT.ORANG KREATIF EKSIS,7,ON SCHEDULE,28,0,12.03.2026,11.02.2026,13.02.2026,20.02.2026,20.02.2026,02.03.2026,02.03.2026,,A001,WH AHI JABABEKA
R100260211L021_A001,CDD LONG CHASSIS,3600000,0,0,0,300000,0,3900000,A001 - WH AHI JABABEKA,PT. BINTANG SAMUDRA RAYA,7,ON SCHEDULE,28,0,12.03.2026,11.02.2026,14.02.2026,27.02.2026,28.02.2026,02.03.2026,02.03.2026,,A001,WH AHI JABABEKA
R100260211L022_A001,WINGBOX,10700000,0,0,0,600000,0,11300000,A001 - WH AHI JABABEKA,PT. BINTANG SAMUDRA RAYA,7,ON SCHEDULE,27,0,12.03.2026,12.02.2026,16.02.2026,27.02.2026,28.02.2026,02.03.2026,02.03.2026,,A001,WH AHI JABABEKA
R100260211L025_A001,CONT-20,9000000,0,0,0,0,0,9000000,A001 - WH AHI JABABEKA,PT. SENTOSAPRIMA ABADI,7,ON SCHEDULE,39,0,24.03.2026,12.02.2026,22.02.2026,27.04.2026,28.04.2026,28.04.2026,28.04.2026,,A001,WH AHI JABABEKA
R100260211L026_A001,FUSO,11500000,0,0,0,200000,0,11700000,A001 - WH AHI JABABEKA,PT. SATRIA PIRANTI PERKASA,7,ON SCHEDULE,26,0,11.03.2026,12.02.2026,16.02.2026,06.03.2026,06.03.2026,13.03.2026,13.03.2026,,A001,WH AHI JABABEKA
R100260211L027_A001,WINGBOX,14750000,0,0,0,0,0,14750000,A001 - WH AHI JABABEKA,PT. SATRIA PIRANTI PERKASA,7,ON SCHEDULE,31,0,17.03.2026,13.02.2026,18.02.2026,06.03.2026,06.03.2026,13.03.2026,13.03.2026,,A001,WH AHI JABABEKA
R100260211L028_A001,CDD LONG CHASSIS,4900000,0,0,0,0,0,4900000,A001 - WH AHI JABABEKA,PT.ORANG KREATIF EKSIS,7,ON SCHEDULE,28,0,11.03.2026,10.02.2026,12.02.2026,20.02.2026,20.02.2026,02.03.2026,02.03.2026,,A001,WH AHI JABABEKA
R100260211L029_A001,CDD LONG CHASSIS,4900000,0,0,0,0,0,4900000,A001 - WH AHI JABABEKA,PT.ORANG KREATIF EKSIS,7,ON SCHEDULE,28,0,12.03.2026,11.02.2026,13.02.2026,18.02.2026,18.02.2026,02.03.2026,02.03.2026,,A001,WH AHI JABABEKA
R100260211L032_A001,WINGBOX,20000000,0,0,0,0,0,20000000,A001 - WH AHI JABABEKA,PT.ORANG KREATIF EKSIS,7,ON SCHEDULE,39,0,25.03.2026,13.02.2026,19.02.2026,26.02.2026,26.02.2026,02.03.2026,02.03.2026,,A001,WH AHI JABABEKA
R100260211L033_A001,CDD LONG CHASSIS,4900000,0,0,0,0,0,4900000,A001 - WH AHI JABABEKA,PT.ORANG KREATIF EKSIS,7,ON SCHEDULE,28,0,12.03.2026,11.02.2026,13.02.2026,20.02.2026,20.02.2026,02.03.2026,02.03.2026,,A001,WH AHI JABABEKA
R100260211L041_A001,CDD LONG CHASSIS,3100000,0,0,0,0,0,3100000,A001 - WH AHI JABABEKA,PT. BINTANG SAMUDRA RAYA,7,ON SCHEDULE,29,0,14.03.2026,12.02.2026,14.02.2026,23.02.2026,23.02.2026,05.03.2026,09.03.2026,,A001,WH AHI JABABEKA
R100260211L043_A001,WINGBOX,17000000,0,0,0,0,0,17000000,A001 - WH AHI JABABEKA,PT.ORANG KREATIF EKSIS,7,ON SCHEDULE,41,0,27.03.2026,13.02.2026,18.02.2026,06.03.2026,07.03.2026,13.03.2026,13.03.2026,,A001,WH AHI JABABEKA
R100260211L044_A001,WINGBOX,17000000,0,0,0,0,0,17000000,A001 - WH AHI JABABEKA,PT.ORANG KREATIF EKSIS,7,ON SCHEDULE,41,0,27.03.2026,13.02.2026,18.02.2026,26.02.2026,26.02.2026,02.03.2026,02.03.2026,,A001,WH AHI JABABEKA
R100260211L045_A001,FUSO,11450000,0,0,0,250000,0,11700000,A001 - WH AHI JABABEKA,PT LOGISTIK CANGGIH INDONESIA,7,ON SCHEDULE,30,0,14.03.2026,11.02.2026,13.02.2026,24.02.2026,24.02.2026,26.02.2026,02.03.2026,,A001,WH AHI JABABEKA
R100260211L047_A001,CONT-20,9000000,0,0,0,0,0,9000000,A001 - WH AHI JABABEKA,PT. SENTOSAPRIMA ABADI,7,ON SCHEDULE,39,0,24.03.2026,12.02.2026,22.02.2026,08.04.2026,08.04.2026,13.04.2026,13.04.2026,,A001,WH AHI JABABEKA
R100260211L048_A001,WINGBOX,15000000,0,0,0,750000,0,15750000,A001 - WH AHI JABABEKA,PT. BINTANG SAMUDRA RAYA,7,ON SCHEDULE,31,0,17.03.2026,13.02.2026,17.02.2026,24.02.2026,24.02.2026,25.02.2026,26.02.2026,,A001,WH AHI JABABEKA
R100260211L050_A001,WINGBOX,20000000,0,0,0,0,0,20000000,A001 - WH AHI JABABEKA,PT.ORANG KREATIF EKSIS,7,ON SCHEDULE,39,0,25.03.2026,13.02.2026,19.02.2026,26.02.2026,26.02.2026,02.03.2026,02.03.2026,,A001,WH AHI JABABEKA
R100260211L051_A001,CDD LONG CHASSIS,4900000,0,0,0,0,0,4900000,A001 - WH AHI JABABEKA,PT.ORANG KREATIF EKSIS,7,ON SCHEDULE,28,0,13.03.2026,12.02.2026,13.02.2026,20.02.2026,20.02.2026,02.03.2026,02.03.2026,,A001,WH AHI JABABEKA
R100260211L052_A001,CDD LONG CHASSIS,4900000,0,0,0,0,0,4900000,A001 - WH AHI JABABEKA,PT.ORANG KREATIF EKSIS,7,ON SCHEDULE,28,0,12.03.2026,11.02.2026,14.02.2026,20.02.2026,20.02.2026,02.03.2026,02.03.2026,,A001,WH AHI JABABEKA
R100260211L065_A001,FUSO,14750000,0,0,0,0,0,14750000,A001 - WH AHI JABABEKA,PT. SATRIA PIRANTI PERKASA,7,ON SCHEDULE,41,0,28.03.2026,14.02.2026,21.02.2026,06.04.2026,07.04.2026,08.04.2026,09.04.2026,,A001,WH AHI JABABEKA
R100260211L066_A001,CONT-20,13800000,0,0,0,0,0,13800000,A001 - WH AHI JABABEKA,PT. SENTOSAPRIMA ABADI,7,ON SCHEDULE,41,0,26.03.2026,12.02.2026,01.03.2026,16.04.2026,16.04.2026,21.04.2026,21.04.2026,,A001,WH AHI JABABEKA
R100260211L070_A001,CONT-20,11300000,0,0,0,0,0,11300000,A001 - WH AHI JABABEKA,PT. SENTOSAPRIMA ABADI,7,ON SCHEDULE,41,0,28.03.2026,14.02.2026,01.03.2026,16.04.2026,16.04.2026,23.04.2026,23.04.2026,,A001,WH AHI JABABEKA
R100260211L071_A001,CONT-20,10500000,0,0,400000,0,0,10900000,A001 - WH AHI JABABEKA,PT. HAKKA HYDRO TIRTA,7,ON SCHEDULE,40,0,25.03.2026,12.02.2026,26.02.2026,30.03.2026,31.03.2026,31.03.2026,31.03.2026,,A001,WH AHI JABABEKA
R100260211L073_A001,FUSO,14750000,0,0,0,200000,0,14950000,A001 - WH AHI JABABEKA,PT. SATRIA PIRANTI PERKASA,7,ON SCHEDULE,41,0,28.03.2026,14.02.2026,18.02.2026,06.03.2026,06.03.2026,13.03.2026,13.03.2026,,A001,WH AHI JABABEKA
R100260211L088_A001,CONT-20,15550000,0,2000000,1250000,0,0,18800000,A001 - WH AHI JABABEKA,PT. PAUS BIRU LOGISTIK,7,ON SCHEDULE,39,0,25.03.2026,13.02.2026,,12.05.2026,12.05.2026,18.05.2026,19.05.2026,,A001,WH AHI JABABEKA
R100260211L106_A001,FUSO,13800000,0,0,0,0,0,13800000,A001 - WH AHI JABABEKA,PT. DUTA LINTAS NUSA,7,ON SCHEDULE,40,0,25.03.2026,12.02.2026,16.02.2026,24.02.2026,24.02.2026,25.02.2026,26.02.2026,,A001,WH AHI JABABEKA
R100260211L115_A001,CONT-40,13200000,0,0,1500000,0,0,14700000,A001 - WH AHI JABABEKA,PT. TPIL LOGISTICS,7,ON SCHEDULE,40,0,26.03.2026,13.02.2026,,25.05.2026,25.05.2026,29.05.2026,29.05.2026,,A001,WH AHI JABABEKA
R100260211L115_A001,CONT-40,13200000,0,0,1500000,0,0,14700000,A001 - WH AHI JABABEKA,PT. TPIL LOGISTICS,7,ON SCHEDULE,40,0,26.03.2026,13.02.2026,,25.05.2026,25.05.2026,29.05.2026,29.05.2026,,A001,WH AHI JABABEKA
R100260211L118_A001,CDD LONG CHASSIS,3800000,0,0,0,400000,0,4200000,A001 - WH AHI JABABEKA,PT. BINTANG SAMUDRA RAYA,7,ON SCHEDULE,28,0,14.03.2026,13.02.2026,16.02.2026,24.02.2026,24.02.2026,25.02.2026,26.02.2026,,A001,WH AHI JABABEKA
R100260211T002_A001,WINGBOX,5650000,0,0,0,0,0,5650000,A001 - WH AHI JABABEKA,PT. DUTA MEDIA MANDIRI,7,ON SCHEDULE,30,0,16.03.2026,13.02.2026,16.02.2026,18.02.2026,18.02.2026,24.02.2026,10.03.2026,,A001,WH AHI JABABEKA
R100260211T003_A001,CONT-20,3900000,0,0,0,0,0,3900000,A001 - WH AHI JABABEKA,PT. JATIM PETROLEUM TRANSPORT,7,ON SCHEDULE,30,0,15.03.2026,12.02.2026,15.02.2026,12.03.2026,13.03.2026,16.04.2026,16.04.2026,,A001,WH AHI JABABEKA
R100260211T004_A001,CONT-20,3900000,0,0,0,0,0,3900000,A001 - WH AHI JABABEKA,PT. JATIM PETROLEUM TRANSPORT,7,ON SCHEDULE,30,0,14.03.2026,11.02.2026,16.02.2026,12.03.2026,13.03.2026,16.04.2026,16.04.2026,,A001,WH AHI JABABEKA
R100260211T005_A001,CONT-20,3900000,0,0,0,0,0,3900000,A001 - WH AHI JABABEKA,PT. JATIM PETROLEUM TRANSPORT,7,ON SCHEDULE,30,0,14.03.2026,11.02.2026,20.02.2026,27.03.2026,27.03.2026,27.04.2026,27.04.2026,,A001,WH AHI JABABEKA
R100260211T006_A001,CONT-20,3900000,0,0,0,0,0,3900000,A001 - WH AHI JABABEKA,PT. JATIM PETROLEUM TRANSPORT,7,ON SCHEDULE,30,0,15.03.2026,12.02.2026,15.02.2026,12.03.2026,13.03.2026,16.04.2026,16.04.2026,,A001,WH AHI JABABEKA
R100260211T007_A001,WINGBOX,7000000,0,0,0,0,0,7000000,A001 - WH AHI JABABEKA,PT. DUNIA EXPRESS TRANSINDO,7,ON SCHEDULE,30,0,15.03.2026,12.02.2026,21.02.2026,02.03.2026,02.03.2026,11.03.2026,12.03.2026,,A001,WH AHI JABABEKA
R100260211T008_A001,CONT-20,3900000,0,0,0,0,0,3900000,A001 - WH AHI JABABEKA,PT. JATIM PETROLEUM TRANSPORT,7,ON SCHEDULE,30,0,15.03.2026,12.02.2026,16.02.2026,27.03.2026,27.03.2026,27.04.2026,27.04.2026,,A001,WH AHI JABABEKA
R100260211T009_A001,CONT-20,3900000,0,0,0,0,0,3900000,A001 - WH AHI JABABEKA,PT. JATIM PETROLEUM TRANSPORT,7,ON SCHEDULE,30,0,16.03.2026,13.02.2026,20.02.2026,27.03.2026,29.03.2026,04.05.2026,04.05.2026,,A001,WH AHI JABABEKA
R100260211T010_A001,CONT-20,3900000,0,0,0,0,0,3900000,A001 - WH AHI JABABEKA,PT. JATIM PETROLEUM TRANSPORT,7,ON SCHEDULE,30,0,16.03.2026,13.02.2026,20.02.2026,27.03.2026,27.03.2026,27.04.2026,27.04.2026,,A001,WH AHI JABABEKA
R100260211T011_A001,CONT-20,3900000,0,0,0,0,0,3900000,A001 - WH AHI JABABEKA,PT. JATIM PETROLEUM TRANSPORT,7,ON SCHEDULE,30,0,16.03.2026,13.02.2026,20.02.2026,27.03.2026,29.03.2026,04.05.2026,04.05.2026,,A001,WH AHI JABABEKA
R100260211T019_A001,WINGBOX,20400000,0,0,0,0,0,20400000,A001 - WH AHI JABABEKA,PT. CITRA SENTRAL EKSPRES,7,ON SCHEDULE,39,0,25.03.2026,13.02.2026,20.02.2026,02.04.2026,03.04.2026,06.04.2026,06.04.2026,,A001,WH AHI JABABEKA
R100260211T020_A001,WINGBOX,19000000,0,0,0,0,0,19000000,A001 - WH AHI JABABEKA,PT. BINTANG SAMUDRA RAYA,7,ON SCHEDULE,39,0,26.03.2026,14.02.2026,21.02.2026,26.02.2026,26.02.2026,10.03.2026,10.03.2026,,A001,WH AHI JABABEKA
R100260211T021_A001,WINGBOX,7000000,0,0,0,0,0,7000000,A001 - WH AHI JABABEKA,PT. DUNIA EXPRESS TRANSINDO,7,ON SCHEDULE,30,0,16.03.2026,13.02.2026,14.02.2026,02.03.2026,02.03.2026,11.03.2026,12.03.2026,,A001,WH AHI JABABEKA
R100260211T053_A001,CONT-40,8750000,0,0,0,0,0,8750000,A001 - WH AHI JABABEKA,PT. CIKARANG GERBANG SOLUSI,6,LATE,30,170,17.03.2026,14.02.2026,19.02.2026,29.05.2026,29.05.2026,29.05.2026,24.06.2026,,A001,WH AHI JABABEKA
R100260212L004_A001,CONT-20,9000000,0,0,0,0,0,9000000,A001 - WH AHI JABABEKA,PT. SENTOSAPRIMA ABADI,7,ON SCHEDULE,39,0,28.03.2026,16.02.2026,27.02.2026,17.04.2026,17.04.2026,22.04.2026,22.04.2026,,A001,WH AHI JABABEKA
R100260212L005_A001,CDD LONG CHASSIS,4900000,0,0,0,150000,0,5050000,A001 - WH AHI JABABEKA,PT.ORANG KREATIF EKSIS,7,ON SCHEDULE,28,0,13.03.2026,12.02.2026,14.02.2026,20.02.2026,20.02.2026,02.03.2026,02.03.2026,,A001,WH AHI JABABEKA
R100260212L006_A001,FUSO,14750000,0,0,0,300000,0,15050000,A001 - WH AHI JABABEKA,PT. SATRIA PIRANTI PERKASA,7,ON SCHEDULE,31,0,17.03.2026,13.02.2026,18.02.2026,25.03.2026,25.03.2026,26.03.2026,31.03.2026,,A001,WH AHI JABABEKA
R100260212L008_A001,FUSO,5900000,0,0,0,400000,0,6300000,A001 - WH AHI JABABEKA,PT. SATRIA PIRANTI PERKASA,7,ON SCHEDULE,30,0,16.03.2026,13.02.2026,16.02.2026,06.03.2026,06.03.2026,13.03.2026,13.03.2026,,A001,WH AHI JABABEKA
R100260212L077_A001,CDD LONG CHASSIS,2350000,0,0,0,0,0,2350000,A001 - WH AHI JABABEKA,PT. BINTANG SAMUDRA RAYA,7,ON SCHEDULE,28,0,14.03.2026,13.02.2026,16.02.2026,20.02.2026,20.02.2026,26.02.2026,26.02.2026,,A001,WH AHI JABABEKA
R100260212T004_A001,WINGBOX,5650000,0,0,0,0,0,5650000,A001 - WH AHI JABABEKA,PT. DUTA MEDIA MANDIRI,7,ON SCHEDULE,30,0,16.03.2026,13.02.2026,16.02.2026,18.02.2026,18.02.2026,24.02.2026,10.03.2026,,A001,WH AHI JABABEKA
R100260212T005_A001,WINGBOX,5650000,0,0,0,0,0,5650000,A001 - WH AHI JABABEKA,PT. DUTA MEDIA MANDIRI,7,ON SCHEDULE,30,0,16.03.2026,13.02.2026,16.02.2026,18.02.2026,18.02.2026,24.02.2026,10.03.2026,,A001,WH AHI JABABEKA
R100260212T006_A001,CONT-20,9000000,0,0,0,0,0,9000000,A001 - WH AHI JABABEKA,PT. SENTOSAPRIMA ABADI,7,ON SCHEDULE,39,0,25.03.2026,13.02.2026,27.02.2026,16.04.2026,16.04.2026,21.04.2026,21.04.2026,,A001,WH AHI JABABEKA
R100260212T008_A001,WINGBOX,5650000,0,0,0,0,0,5650000,A001 - WH AHI JABABEKA,PT. DUTA MEDIA MANDIRI,7,ON SCHEDULE,30,0,16.03.2026,13.02.2026,16.02.2026,18.02.2026,18.02.2026,24.02.2026,10.03.2026,,A001,WH AHI JABABEKA
R100260212T009_A001,CONT-40,8750000,0,0,0,0,0,8750000,A001 - WH AHI JABABEKA,PT. CIKARANG GERBANG SOLUSI,6,LATE,30,171,16.03.2026,13.02.2026,18.02.2026,29.05.2026,29.05.2026,29.05.2026,24.06.2026,,A001,WH AHI JABABEKA
R100260212T010_A001,WINGBOX,20000000,0,0,0,0,0,20000000,A001 - WH AHI JABABEKA,PT.ORANG KREATIF EKSIS,7,ON SCHEDULE,39,0,24.03.2026,12.02.2026,18.02.2026,13.04.2026,13.04.2026,17.04.2026,17.04.2026,,A001,WH AHI JABABEKA
R100260212T011_A001,WINGBOX,20000000,0,0,0,0,0,20000000,A001 - WH AHI JABABEKA,PT.ORANG KREATIF EKSIS,7,ON SCHEDULE,39,0,25.03.2026,13.02.2026,19.02.2026,03.03.2026,03.03.2026,10.03.2026,10.03.2026,,A001,WH AHI JABABEKA
R100260212T012_A001,WINGBOX,20000000,0,0,0,0,0,20000000,A001 - WH AHI JABABEKA,PT.ORANG KREATIF EKSIS,7,ON SCHEDULE,39,0,25.03.2026,13.02.2026,19.02.2026,03.03.2026,03.03.2026,10.03.2026,10.03.2026,,A001,WH AHI JABABEKA
R100260212T051_A001,CONT-40,8750000,0,0,0,0,0,8750000,A001 - WH AHI JABABEKA,PT. CIKARANG GERBANG SOLUSI,6,LATE,30,171,17.03.2026,14.02.2026,25.02.2026,29.05.2026,29.05.2026,29.05.2026,24.06.2026,,A001,WH AHI JABABEKA
R100260212T069_A001,WINGBOX,5600000,0,600000,0,0,0,6200000,A001 - WH AHI JABABEKA,PT. BINTANG SAMUDRA RAYA,7,ON SCHEDULE,30,0,16.03.2026,13.02.2026,17.02.2026,11.05.2026,12.05.2026,12.05.2026,12.05.2026,,A001,WH AHI JABABEKA
R100260212T069_A001,WINGBOX,5600000,0,600000,0,0,0,6200000,A001 - WH AHI JABABEKA,PT. BINTANG SAMUDRA RAYA,7,ON SCHEDULE,30,0,16.03.2026,13.02.2026,17.02.2026,11.05.2026,12.05.2026,12.05.2026,12.05.2026,,A001,WH AHI JABABEKA
R100260213B006_A001,CDD LONG CHASSIS,5750000,0,0,0,0,2250000,8000000,A001 - WH AHI JABABEKA,PT. DUTA LINTAS NUSA,7,ON SCHEDULE,26,0,12.03.2026,13.02.2026,21.02.2026,27.03.2026,30.03.2026,15.04.2026,21.04.2026,,A001,WH AHI JABABEKA
R100260213L001_A001,WINGBOX,18550000,0,0,0,750000,0,19300000,A001 - WH AHI JABABEKA,PT.ORANG KREATIF EKSIS,7,ON SCHEDULE,31,0,18.03.2026,14.02.2026,18.02.2026,26.02.2026,27.02.2026,02.03.2026,02.03.2026,,A001,WH AHI JABABEKA
R100260213L003_A001,WINGBOX,18550000,0,0,0,750000,0,19300000,A001 - WH AHI JABABEKA,PT.ORANG KREATIF EKSIS,7,ON SCHEDULE,31,0,18.03.2026,14.02.2026,19.02.2026,26.02.2026,27.02.2026,02.03.2026,02.03.2026,,A001,WH AHI JABABEKA
R100260213L013_A001,FUSO,14750000,0,0,0,0,0,14750000,A001 - WH AHI JABABEKA,PT. SATRIA PIRANTI PERKASA,7,ON SCHEDULE,41,0,28.03.2026,14.02.2026,19.02.2026,06.03.2026,06.03.2026,13.03.2026,13.03.2026,,A001,WH AHI JABABEKA
R100260213L014_A001,CONT-20,9000000,0,0,0,0,0,9000000,A001 - WH AHI JABABEKA,PT. SENTOSAPRIMA ABADI,7,ON SCHEDULE,39,0,28.03.2026,16.02.2026,27.02.2026,16.04.2026,16.04.2026,21.04.2026,21.04.2026,,A001,WH AHI JABABEKA
R100260213L039_A001,FUSO,5900000,0,0,0,200000,0,6100000,A001 - WH AHI JABABEKA,PT. SATRIA PIRANTI PERKASA,7,ON SCHEDULE,30,0,18.03.2026,15.02.2026,18.02.2026,06.03.2026,06.03.2026,13.03.2026,13.03.2026,,A001,WH AHI JABABEKA
R100260213L040_A001,CONT-20,8450000,0,0,0,0,0,8450000,A001 - WH AHI JABABEKA,PT. TPIL LOGISTICS,7,ON SCHEDULE,42,0,29.03.2026,14.02.2026,25.02.2026,06.04.2026,06.04.2026,29.05.2026,29.05.2026,,A001,WH AHI JABABEKA
R100260213L041_A001,CONT-20,8450000,0,0,0,0,0,8450000,A001 - WH AHI JABABEKA,PT. TPIL LOGISTICS,7,ON SCHEDULE,42,0,29.03.2026,14.02.2026,25.02.2026,02.03.2026,02.03.2026,10.04.2026,10.04.2026,,A001,WH AHI JABABEKA
R100260213L042_A001,WINGBOX,5600000,0,0,0,0,0,5600000,A001 - WH AHI JABABEKA,PT. BINTANG SAMUDRA RAYA,7,ON SCHEDULE,30,0,17.03.2026,14.02.2026,17.02.2026,25.02.2026,25.02.2026,26.02.2026,26.02.2026,,A001,WH AHI JABABEKA
R100260213L043_A001,CONT-20,12000000,0,0,0,0,0,12000000,A001 - WH AHI JABABEKA,PT. MITRA INTERTRANS FORWARDING,7,ON SCHEDULE,42,0,31.03.2026,16.02.2026,02.03.2026,30.03.2026,30.03.2026,31.03.2026,31.03.2026,,A001,WH AHI JABABEKA
R100260213L044_A001,CONT-20,11300000,0,0,0,0,0,11300000,A001 - WH AHI JABABEKA,PT. SENTOSAPRIMA ABADI,7,ON SCHEDULE,41,0,30.03.2026,16.02.2026,25.02.2026,16.04.2026,16.04.2026,23.04.2026,23.04.2026,,A001,WH AHI JABABEKA
R100260213L065_A001,WINGBOX,5125000,700000,0,0,0,0,5825000,A001 - WH AHI JABABEKA,PT. CEHA LOGISTIK CEMERLANG,7,ON SCHEDULE,29,0,16.03.2026,14.02.2026,16.02.2026,11.05.2026,12.05.2026,18.05.2026,19.05.2026,,A001,WH AHI JABABEKA
R100260213L066_A001,WINGBOX,4300000,0,0,0,0,0,4300000,A001 - WH AHI JABABEKA,PT.SIASAT CEPAT MUDA,7,ON SCHEDULE,28,0,15.03.2026,14.02.2026,16.02.2026,19.02.2026,19.02.2026,24.02.2026,26.02.2026,,A001,WH AHI JABABEKA
R100260213L067_A001,CDD LONG CHASSIS,3900000,0,0,0,0,0,3900000,A001 - WH AHI JABABEKA,PT. BINTANG SAMUDRA RAYA,7,ON SCHEDULE,28,0,14.03.2026,13.02.2026,16.02.2026,23.02.2026,23.02.2026,26.02.2026,26.02.2026,,A001,WH AHI JABABEKA
R100260213L068_A001,CDD LONG CHASSIS,3500000,0,0,0,0,0,3500000,A001 - WH AHI JABABEKA,PT. CEHA LOGISTIK CEMERLANG,7,ON SCHEDULE,28,0,15.03.2026,14.02.2026,16.02.2026,18.02.2026,18.02.2026,20.02.2026,20.02.2026,,A001,WH AHI JABABEKA
R100260213L069_A001,FUSO,15250000,0,0,0,250000,0,15500000,A001 - WH AHI JABABEKA,PT LOGISTIK CANGGIH INDONESIA,7,ON SCHEDULE,31,0,24.03.2026,20.02.2026,21.02.2026,26.02.2026,27.02.2026,02.03.2026,03.03.2026,,A001,WH AHI JABABEKA
R100260213L070_A001,FUSO,19550000,0,0,0,0,0,19550000,A001 - WH AHI JABABEKA,PT. DUTA LINTAS NUSA,7,ON SCHEDULE,41,0,28.03.2026,14.02.2026,19.02.2026,12.03.2026,12.03.2026,26.03.2026,26.03.2026,,A001,WH AHI JABABEKA
R100260213L101_A001,WINGBOX,11730000,0,0,0,150000,0,11880000,A001 - WH AHI JABABEKA,PT. ARDYA PRIMA INTERNUSA,7,ON SCHEDULE,27,0,14.03.2026,14.02.2026,18.02.2026,27.02.2026,27.02.2026,03.03.2026,25.03.2026,,A001,WH AHI JABABEKA
R100260213L102_A001,CDD LONG CHASSIS,2850000,0,0,0,0,0,2850000,A001 - WH AHI JABABEKA,PT. BINTANG SAMUDRA RAYA,7,ON SCHEDULE,28,0,15.03.2026,14.02.2026,16.02.2026,23.02.2026,23.02.2026,26.02.2026,26.02.2026,,A001,WH AHI JABABEKA
R100260213L103_A001,CDD LONG CHASSIS,3100000,0,0,0,0,0,3100000,A001 - WH AHI JABABEKA,PT. BINTANG SAMUDRA RAYA,7,ON SCHEDULE,29,0,16.03.2026,14.02.2026,21.02.2026,23.02.2026,23.02.2026,26.02.2026,26.02.2026,,A001,WH AHI JABABEKA
R100260213L104_A001,CONT-20,23200000,0,0,0,0,0,23200000,A001 - WH AHI JABABEKA,PT. TPIL LOGISTICS,7,ON SCHEDULE,54,0,10.04.2026,14.02.2026,10.03.2026,11.03.2026,11.03.2026,29.05.2026,29.05.2026,,A001,WH AHI JABABEKA
R100260213L105_A001,WINGBOX,10700000,0,0,0,400000,0,11100000,A001 - WH AHI JABABEKA,PT. BINTANG SAMUDRA RAYA,7,ON SCHEDULE,31,0,18.03.2026,14.02.2026,21.02.2026,02.03.2026,02.03.2026,03.03.2026,05.03.2026,,A001,WH AHI JABABEKA
R100260213L108_A001,CDD LONG CHASSIS,3600000,0,0,0,300000,0,3900000,A001 - WH AHI JABABEKA,PT. BINTANG SAMUDRA RAYA,7,ON SCHEDULE,28,0,15.03.2026,14.02.2026,16.02.2026,02.03.2026,02.03.2026,03.03.2026,05.03.2026,,A001,WH AHI JABABEKA
R100260213L109_A001,CDD LONG CHASSIS,3500000,0,0,0,0,0,3500000,A001 - WH AHI JABABEKA,PT. CEHA LOGISTIK CEMERLANG,7,ON SCHEDULE,28,0,15.03.2026,14.02.2026,16.02.2026,18.02.2026,18.02.2026,20.02.2026,20.02.2026,,A001,WH AHI JABABEKA
R100260213L110_A001,CDD LONG CHASSIS,3500000,0,0,0,0,0,3500000,A001 - WH AHI JABABEKA,PT.DHANESWARA EXPRES,7,ON SCHEDULE,29,0,16.03.2026,14.02.2026,16.02.2026,23.02.2026,23.02.2026,03.03.2026,03.03.2026,,A001,WH AHI JABABEKA
R100260213L112_A001,CONT-20,14600000,0,0,0,0,0,14600000,A001 - WH AHI JABABEKA,PT. MITRA INTERTRANS FORWARDING,7,ON SCHEDULE,38,0,25.03.2026,14.02.2026,26.02.2026,16.04.2026,16.04.2026,17.04.2026,17.04.2026,,A001,WH AHI JABABEKA
R100260213T002_A001,WINGBOX,7740000,0,0,0,500000,0,8240000,A001 - WH AHI JABABEKA,PT. DUTA MEDIA MANDIRI,7,ON SCHEDULE,30,0,17.03.2026,14.02.2026,17.02.2026,24.02.2026,24.02.2026,24.02.2026,10.03.2026,,A001,WH AHI JABABEKA
R100260213T017_A001,CONT-20,3900000,0,0,0,0,0,3900000,A001 - WH AHI JABABEKA,PT. JATIM PETROLEUM TRANSPORT,7,ON SCHEDULE,30,0,17.03.2026,14.02.2026,21.02.2026,27.03.2026,29.03.2026,04.05.2026,04.05.2026,,A001,WH AHI JABABEKA
R100260213T018_A001,WINGBOX,6600000,0,0,0,0,0,6600000,A001 - WH AHI JABABEKA,PT. JAYA MULYA ERALINDO,7,ON SCHEDULE,30,0,17.03.2026,14.02.2026,17.02.2026,23.02.2026,23.02.2026,24.02.2026,24.02.2026,,A001,WH AHI JABABEKA
R100260213T019_A001,WINGBOX,6600000,0,0,0,0,0,6600000,A001 - WH AHI JABABEKA,PT. JAYA MULYA ERALINDO,7,ON SCHEDULE,30,0,17.03.2026,14.02.2026,17.02.2026,23.02.2026,23.02.2026,24.02.2026,24.02.2026,,A001,WH AHI JABABEKA
R100260213T020_A001,WINGBOX,5650000,0,0,0,0,0,5650000,A001 - WH AHI JABABEKA,PT. DUTA MEDIA MANDIRI,7,ON SCHEDULE,30,0,17.03.2026,14.02.2026,17.02.2026,18.02.2026,18.02.2026,24.02.2026,10.03.2026,,A001,WH AHI JABABEKA
R100260213T026_A001,CONT-40,14200000,0,0,0,0,0,14200000,A001 - WH AHI JABABEKA,PT. SENTOSAPRIMA ABADI,7,ON SCHEDULE,39,0,01.04.2026,20.02.2026,01.03.2026,28.04.2026,28.04.2026,04.05.2026,04.05.2026,,A001,WH AHI JABABEKA
R100260213T027_A001,CONT-40,25600000,0,0,0,0,0,25600000,A001 - WH AHI JABABEKA,PT. SENTOSAPRIMA ABADI,7,ON SCHEDULE,39,0,06.04.2026,25.02.2026,01.03.2026,28.04.2026,28.04.2026,04.05.2026,04.05.2026,,A001,WH AHI JABABEKA
R100260213T028_A001,CONT-20,9000000,0,0,0,0,0,9000000,A001 - WH AHI JABABEKA,PT. TPIL LOGISTICS,7,ON SCHEDULE,39,0,26.03.2026,14.02.2026,02.03.2026,26.03.2026,26.03.2026,29.05.2026,29.05.2026,,A001,WH AHI JABABEKA
R100260213T029_A001,CONT-20,9000000,0,0,0,0,0,9000000,A001 - WH AHI JABABEKA,PT. TPIL LOGISTICS,7,ON SCHEDULE,39,0,26.03.2026,14.02.2026,02.03.2026,26.03.2026,26.03.2026,29.05.2026,29.05.2026,,A001,WH AHI JABABEKA
R100260213T046_A001,CONT-20,9450000,0,0,0,0,0,9450000,A001 - WH AHI JABABEKA,PT. SENTOSAPRIMA ABADI,7,ON SCHEDULE,41,0,28.03.2026,14.02.2026,25.02.2026,16.04.2026,16.04.2026,23.04.2026,23.04.2026,,A001,WH AHI JABABEKA
R100260213T047_A001,CONT-20,9450000,0,0,0,0,0,9450000,A001 - WH AHI JABABEKA,PT. SENTOSAPRIMA ABADI,7,ON SCHEDULE,41,0,30.03.2026,16.02.2026,27.02.2026,16.04.2026,16.04.2026,23.04.2026,20.05.2026,,A001,WH AHI JABABEKA
R100260213T056_A001,CONT-20,9450000,0,0,0,0,0,9450000,A001 - WH AHI JABABEKA,PT. SENTOSAPRIMA ABADI,7,ON SCHEDULE,41,0,01.04.2026,18.02.2026,27.02.2026,16.04.2026,16.04.2026,23.04.2026,23.04.2026,,A001,WH AHI JABABEKA
R100260213T060_A001,CONT-20,3900000,0,0,0,0,0,3900000,A001 - WH AHI JABABEKA,PT. JATIM PETROLEUM TRANSPORT,7,ON SCHEDULE,30,0,17.03.2026,14.02.2026,16.02.2026,27.03.2026,27.03.2026,27.04.2026,27.04.2026,,A001,WH AHI JABABEKA
R100260213T067_A001,WINGBOX,5650000,0,0,0,175000,0,5825000,A001 - WH AHI JABABEKA,PT. DUTA MEDIA MANDIRI,7,ON SCHEDULE,30,0,18.03.2026,15.02.2026,18.02.2026,24.02.2026,24.02.2026,24.02.2026,10.03.2026,,A001,WH AHI JABABEKA
R100260214B001_A001,CDD LONG CHASSIS,5450000,0,0,0,0,0,5450000,A001 - WH AHI JABABEKA,PT. BINTANG SAMUDRA RAYA,7,ON SCHEDULE,26,0,15.03.2026,16.02.2026,19.02.2026,26.05.2026,27.05.2026,29.05.2026,29.05.2026,,A001,WH AHI JABABEKA
R100260214L027_A001,CONT-20,9000000,0,0,0,0,0,9000000,A001 - WH AHI JABABEKA,PT. TPIL LOGISTICS,7,ON SCHEDULE,39,0,29.03.2026,17.02.2026,04.03.2026,26.03.2026,26.03.2026,29.05.2026,29.05.2026,,A001,WH AHI JABABEKA
R100260214L030_A001,WINGBOX,35000000,0,0,0,0,0,35000000,A001 - WH AHI JABABEKA,PT.ORANG KREATIF EKSIS,7,ON SCHEDULE,47,0,12.04.2026,23.02.2026,02.03.2026,31.03.2026,31.03.2026,07.04.2026,07.04.2026,,A001,WH AHI JABABEKA
R100260214L031_A001,CONT-20,9450000,0,0,0,0,0,9450000,A001 - WH AHI JABABEKA,PT. SENTOSAPRIMA ABADI,7,ON SCHEDULE,39,0,30.03.2026,18.02.2026,01.03.2026,11.05.2026,11.05.2026,18.05.2026,18.05.2026,,A001,WH AHI JABABEKA
R100260214L035_A001,CDD LONG CHASSIS,1725000,0,0,0,0,0,1725000,A001 - WH AHI JABABEKA,PT. BINTANG SAMUDRA RAYA,7,ON SCHEDULE,27,0,14.03.2026,14.02.2026,16.02.2026,23.02.2026,23.02.2026,10.03.2026,10.03.2026,,A001,WH AHI JABABEKA
R100260214L063_A001,CDD LONG CHASSIS,3600000,0,0,0,250000,0,3850000,A001 - WH AHI JABABEKA,PT LOGISTIK CANGGIH INDONESIA,7,ON SCHEDULE,29,0,17.03.2026,15.02.2026,17.02.2026,03.03.2026,04.03.2026,04.03.2026,05.03.2026,,A001,WH AHI JABABEKA
R100260214L064_A001,CDD LONG CHASSIS,4900000,0,0,0,0,0,4900000,A001 - WH AHI JABABEKA,PT.ORANG KREATIF EKSIS,7,ON SCHEDULE,28,0,16.03.2026,15.02.2026,18.02.2026,23.02.2026,23.02.2026,02.03.2026,02.03.2026,,A001,WH AHI JABABEKA
R100260214L065_A001,CDD LONG CHASSIS,4900000,0,0,0,0,0,4900000,A001 - WH AHI JABABEKA,PT.ORANG KREATIF EKSIS,7,ON SCHEDULE,28,0,16.03.2026,15.02.2026,17.02.2026,20.02.2026,20.02.2026,02.03.2026,02.03.2026,,A001,WH AHI JABABEKA
R100260214L066_A001,WINGBOX,4300000,0,0,0,0,0,4300000,A001 - WH AHI JABABEKA,PT.SIASAT CEPAT MUDA,7,ON SCHEDULE,28,0,16.03.2026,15.02.2026,24.02.2026,24.02.2026,24.02.2026,24.02.2026,26.02.2026,,A001,WH AHI JABABEKA
R100260214L067_A001,CDD LONG CHASSIS,3500000,0,0,0,250000,0,3750000,A001 - WH AHI JABABEKA,PT. AGUNG MAKMUR JAYA,7,ON SCHEDULE,28,0,16.03.2026,15.02.2026,17.02.2026,25.02.2026,27.02.2026,02.03.2026,04.03.2026,,A001,WH AHI JABABEKA
R100260214L067_A001,CDD LONG CHASSIS,3500000,0,0,0,250000,0,3750000,A001 - WH AHI JABABEKA,PT. AGUNG MAKMUR JAYA,7,ON SCHEDULE,28,0,16.03.2026,15.02.2026,17.02.2026,25.02.2026,27.02.2026,02.03.2026,04.03.2026,,A001,WH AHI JABABEKA
R100260214L067_A001,CDD LONG CHASSIS,3500000,0,0,0,250000,0,3750000,A001 - WH AHI JABABEKA,PT. AGUNG MAKMUR JAYA,7,ON SCHEDULE,28,0,16.03.2026,15.02.2026,17.02.2026,25.02.2026,27.02.2026,02.03.2026,04.03.2026,,A001,WH AHI JABABEKA
R100260214L068_A001,CDD LONG CHASSIS,3900000,0,0,0,400000,0,4300000,A001 - WH AHI JABABEKA,PT. BINTANG SAMUDRA RAYA,7,ON SCHEDULE,28,0,16.03.2026,15.02.2026,17.02.2026,09.03.2026,09.03.2026,10.03.2026,10.03.2026,,A001,WH AHI JABABEKA
R100260214L069_A001,CDD LONG CHASSIS,3100000,0,0,0,0,0,3100000,A001 - WH AHI JABABEKA,PT. BINTANG SAMUDRA RAYA,7,ON SCHEDULE,29,0,17.03.2026,15.02.2026,17.02.2026,23.02.2026,23.02.2026,26.02.2026,26.02.2026,,A001,WH AHI JABABEKA
R100260214L070_A001,CDD LONG CHASSIS,2200000,0,0,0,0,0,2200000,A001 - WH AHI JABABEKA,PT. AGUNG MAKMUR JAYA,7,ON SCHEDULE,28,0,16.03.2026,15.02.2026,16.02.2026,18.02.2026,18.02.2026,10.03.2026,01.04.2026,,A001,WH AHI JABABEKA
R100260214L071_A001,CDD LONG CHASSIS,2350000,0,0,0,0,0,2350000,A001 - WH AHI JABABEKA,PT. BINTANG SAMUDRA RAYA,7,ON SCHEDULE,28,0,16.03.2026,15.02.2026,17.02.2026,23.02.2026,23.02.2026,26.02.2026,26.02.2026,,A001,WH AHI JABABEKA
R100260214L072_A001,FUSO,14750000,0,0,0,500000,0,15250000,A001 - WH AHI JABABEKA,PT. SATRIA PIRANTI PERKASA,7,ON SCHEDULE,31,0,19.03.2026,15.02.2026,19.02.2026,06.03.2026,06.03.2026,13.03.2026,13.03.2026,,A001,WH AHI JABABEKA
R100260214L083_A001,CDD LONG CHASSIS,3500000,0,0,0,250000,0,3750000,A001 - WH AHI JABABEKA,PT. AGUNG MAKMUR JAYA,7,ON SCHEDULE,28,0,16.03.2026,15.02.2026,17.02.2026,25.02.2026,27.02.2026,02.03.2026,06.03.2026,,A001,WH AHI JABABEKA
R100260214L083_A001,CDD LONG CHASSIS,3500000,0,0,0,250000,0,3750000,A001 - WH AHI JABABEKA,PT. AGUNG MAKMUR JAYA,7,ON SCHEDULE,28,0,16.03.2026,15.02.2026,17.02.2026,25.02.2026,27.02.2026,02.03.2026,06.03.2026,,A001,WH AHI JABABEKA
R100260214L083_A001,CDD LONG CHASSIS,3500000,0,0,0,250000,0,3750000,A001 - WH AHI JABABEKA,PT. AGUNG MAKMUR JAYA,7,ON SCHEDULE,28,0,16.03.2026,15.02.2026,17.02.2026,25.02.2026,27.02.2026,02.03.2026,06.03.2026,,A001,WH AHI JABABEKA
R100260214L096_A001,FUSO,14750000,0,0,0,0,0,14750000,A001 - WH AHI JABABEKA,PT. SATRIA PIRANTI PERKASA,7,ON SCHEDULE,31,0,19.03.2026,15.02.2026,19.02.2026,06.03.2026,06.03.2026,13.03.2026,13.03.2026,,A001,WH AHI JABABEKA
R100260214T031_A001,CONT-20,3900000,0,0,0,0,0,3900000,A001 - WH AHI JABABEKA,PT. JATIM PETROLEUM TRANSPORT,7,ON SCHEDULE,30,0,17.03.2026,14.02.2026,16.02.2026,27.03.2026,27.03.2026,27.04.2026,27.04.2026,,A001,WH AHI JABABEKA
R100260214T032_A001,CONT-40,14200000,0,0,0,0,0,14200000,A001 - WH AHI JABABEKA,PT. SENTOSAPRIMA ABADI,7,ON SCHEDULE,39,0,26.03.2026,14.02.2026,01.03.2026,28.04.2026,28.04.2026,04.05.2026,04.05.2026,,A001,WH AHI JABABEKA
R100260214T033_A001,CONT-40,14200000,0,0,0,0,0,14200000,A001 - WH AHI JABABEKA,PT. SENTOSAPRIMA ABADI,7,ON SCHEDULE,39,0,27.03.2026,15.02.2026,01.03.2026,28.04.2026,28.04.2026,04.05.2026,04.05.2026,,A001,WH AHI JABABEKA
R100260214T034_A001,WINGBOX,6600000,0,0,0,0,0,6600000,A001 - WH AHI JABABEKA,PT. JAYA MULYA ERALINDO,7,ON SCHEDULE,30,0,18.03.2026,15.02.2026,18.02.2026,02.03.2026,02.03.2026,03.03.2026,11.03.2026,,A001,WH AHI JABABEKA
R100260214T037_A001,CONT-20,3900000,0,0,0,0,0,3900000,A001 - WH AHI JABABEKA,PT. JATIM PETROLEUM TRANSPORT,7,ON SCHEDULE,30,0,18.03.2026,15.02.2026,20.02.2026,27.03.2026,29.03.2026,04.05.2026,04.05.2026,,A001,WH AHI JABABEKA
R100260214T038_A001,CONT-20,3900000,0,0,0,0,0,3900000,A001 - WH AHI JABABEKA,PT. JATIM PETROLEUM TRANSPORT,7,ON SCHEDULE,30,0,17.03.2026,14.02.2026,16.02.2026,27.03.2026,27.03.2026,27.04.2026,27.04.2026,,A001,WH AHI JABABEKA
R100260214T039_A001,CONT-20,3900000,0,0,0,0,0,3900000,A001 - WH AHI JABABEKA,PT. JATIM PETROLEUM TRANSPORT,7,ON SCHEDULE,30,0,18.03.2026,15.02.2026,16.02.2026,27.03.2026,27.03.2026,27.04.2026,27.04.2026,,A001,WH AHI JABABEKA
R100260214T041_A001,CONT-20,3900000,0,0,0,0,0,3900000,A001 - WH AHI JABABEKA,PT. JATIM PETROLEUM TRANSPORT,7,ON SCHEDULE,30,0,18.03.2026,15.02.2026,20.02.2026,27.03.2026,27.03.2026,27.04.2026,27.04.2026,,A001,WH AHI JABABEKA
R100260214T046_A001,CONT-20,3900000,0,0,0,0,0,3900000,A001 - WH AHI JABABEKA,PT. JATIM PETROLEUM TRANSPORT,7,ON SCHEDULE,30,0,18.03.2026,15.02.2026,16.02.2026,27.03.2026,27.03.2026,27.04.2026,27.04.2026,,A001,WH AHI JABABEKA
R100260214T048_A001,CONT-20,3900000,0,0,0,0,0,3900000,A001 - WH AHI JABABEKA,PT. JATIM PETROLEUM TRANSPORT,7,ON SCHEDULE,30,0,18.03.2026,15.02.2026,21.02.2026,27.03.2026,29.03.2026,04.05.2026,04.05.2026,,A001,WH AHI JABABEKA
R100260214T049_A001,CONT-20,3900000,0,0,0,0,0,3900000,A001 - WH AHI JABABEKA,PT. JATIM PETROLEUM TRANSPORT,7,ON SCHEDULE,30,0,22.03.2026,19.02.2026,25.02.2026,27.03.2026,29.03.2026,04.05.2026,04.05.2026,,A001,WH AHI JABABEKA
R100260214T065_A001,CONT-20,3900000,0,0,0,0,0,3900000,A001 - WH AHI JABABEKA,PT. JATIM PETROLEUM TRANSPORT,7,ON SCHEDULE,30,0,19.03.2026,16.02.2026,21.02.2026,27.03.2026,29.03.2026,04.05.2026,04.05.2026,,A001,WH AHI JABABEKA
R100260215L015_A001,CDD LONG CHASSIS,1400000,0,0,0,0,0,1400000,A001 - WH AHI JABABEKA,PT. BINTANG SAMUDRA RAYA,7,ON SCHEDULE,28,0,16.03.2026,15.02.2026,16.02.2026,10.04.2026,10.04.2026,29.05.2026,29.05.2026,,A001,WH AHI JABABEKA
R100260215L016_A001,CDD LONG CHASSIS,1400000,0,0,0,0,0,1400000,A001 - WH AHI JABABEKA,PT. BINTANG SAMUDRA RAYA,7,ON SCHEDULE,28,0,16.03.2026,15.02.2026,16.02.2026,10.04.2026,10.04.2026,29.05.2026,29.05.2026,,A001,WH AHI JABABEKA
R100260215L017_A001,CDD LONG CHASSIS,1400000,0,0,0,0,0,1400000,A001 - WH AHI JABABEKA,PT. BINTANG SAMUDRA RAYA,7,ON SCHEDULE,28,0,17.03.2026,16.02.2026,17.02.2026,23.02.2026,23.02.2026,26.02.2026,26.02.2026,,A001,WH AHI JABABEKA
R100260215L024_A001,CDD LONG CHASSIS,1400000,0,0,0,0,0,1400000,A001 - WH AHI JABABEKA,PT. BINTANG SAMUDRA RAYA,7,ON SCHEDULE,29,0,17.03.2026,15.02.2026,16.02.2026,23.02.2026,23.02.2026,26.02.2026,26.02.2026,,A001,WH AHI JABABEKA
R100260215L025_A001,CDD LONG CHASSIS,1400000,0,0,0,0,0,1400000,A001 - WH AHI JABABEKA,PT. BINTANG SAMUDRA RAYA,7,ON SCHEDULE,27,0,15.03.2026,15.02.2026,16.02.2026,23.02.2026,23.02.2026,26.02.2026,26.02.2026,,A001,WH AHI JABABEKA
R100260215L026_A001,CDD LONG CHASSIS,1400000,0,0,0,200000,0,1600000,A001 - WH AHI JABABEKA,PT. BINTANG SAMUDRA RAYA,7,ON SCHEDULE,28,0,16.03.2026,15.02.2026,16.02.2026,02.03.2026,02.03.2026,03.03.2026,05.03.2026,,A001,WH AHI JABABEKA
R100260215L027_A001,CDD LONG CHASSIS,1400000,0,0,0,0,0,1400000,A001 - WH AHI JABABEKA,PT. BINTANG SAMUDRA RAYA,7,ON SCHEDULE,28,0,16.03.2026,15.02.2026,16.02.2026,23.02.2026,23.02.2026,26.02.2026,26.02.2026,,A001,WH AHI JABABEKA
R100260215L028_A001,CDD LONG CHASSIS,1600000,0,0,0,0,0,1600000,A001 - WH AHI JABABEKA,PT. SATRIA PIRANTI PERKASA,7,ON SCHEDULE,27,0,16.03.2026,16.02.2026,18.02.2026,06.03.2026,06.03.2026,13.03.2026,13.03.2026,,A001,WH AHI JABABEKA
R100260215L029_A001,CDD LONG CHASSIS,1725000,0,0,0,0,0,1725000,A001 - WH AHI JABABEKA,PT. BINTANG SAMUDRA RAYA,7,ON SCHEDULE,27,0,16.03.2026,16.02.2026,17.02.2026,23.02.2026,23.02.2026,26.02.2026,26.02.2026,,A001,WH AHI JABABEKA
R100260215L030_A001,CDD LONG CHASSIS,1725000,0,0,0,0,0,1725000,A001 - WH AHI JABABEKA,PT. BINTANG SAMUDRA RAYA,7,ON SCHEDULE,27,0,16.03.2026,16.02.2026,17.02.2026,23.02.2026,23.02.2026,26.02.2026,26.02.2026,,A001,WH AHI JABABEKA
R100260215L033_A001,CDD LONG CHASSIS,1750000,0,0,0,0,0,1750000,A001 - WH AHI JABABEKA,PT. CATUR GLOBAL LOGISTIK,7,ON SCHEDULE,26,0,15.03.2026,16.02.2026,17.02.2026,27.02.2026,27.02.2026,27.02.2026,27.02.2026,,A001,WH AHI JABABEKA
R100260215L034_A001,CDD LONG CHASSIS,1800000,0,0,0,0,0,1800000,A001 - WH AHI JABABEKA,PT. ANTAR JARINGAN SEPANJANG JALAN,7,ON SCHEDULE,28,0,16.03.2026,15.02.2026,16.02.2026,18.02.2026,18.02.2026,24.02.2026,11.03.2026,,A001,WH AHI JABABEKA
R100260215L035_A001,CDD LONG CHASSIS,2250000,0,0,0,300000,0,2550000,A001 - WH AHI JABABEKA,PT. BINTANG SAMUDRA RAYA,7,ON SCHEDULE,28,0,17.03.2026,16.02.2026,17.02.2026,02.03.2026,02.03.2026,03.03.2026,05.03.2026,,A001,WH AHI JABABEKA
R100260215L036_A001,CDD LONG CHASSIS,1400000,0,0,0,0,0,1400000,A001 - WH AHI JABABEKA,PT. BINTANG SAMUDRA RAYA,7,ON SCHEDULE,28,0,17.03.2026,16.02.2026,17.02.2026,23.02.2026,23.02.2026,26.02.2026,26.02.2026,,A001,WH AHI JABABEKA
R100260215L037_A001,CDD LONG CHASSIS,1400000,0,0,0,200000,0,1600000,A001 - WH AHI JABABEKA,PT. BINTANG SAMUDRA RAYA,7,ON SCHEDULE,27,0,16.03.2026,16.02.2026,17.02.2026,02.03.2026,02.03.2026,03.03.2026,05.03.2026,,A001,WH AHI JABABEKA
R100260215L038_A001,CDD LONG CHASSIS,1400000,0,0,0,0,0,1400000,A001 - WH AHI JABABEKA,PT. BINTANG SAMUDRA RAYA,7,ON SCHEDULE,28,0,16.03.2026,15.02.2026,16.02.2026,23.02.2026,23.02.2026,26.02.2026,26.02.2026,,A001,WH AHI JABABEKA
R100260215L040_A001,CDD LONG CHASSIS,1400000,0,0,0,200000,0,1600000,A001 - WH AHI JABABEKA,PT. BINTANG SAMUDRA RAYA,7,ON SCHEDULE,28,0,17.03.2026,16.02.2026,17.02.2026,02.03.2026,02.03.2026,03.03.2026,05.03.2026,,A001,WH AHI JABABEKA
R100260215L041_A001,CDD LONG CHASSIS,1700000,0,0,0,0,0,1700000,A001 - WH AHI JABABEKA,PT. ANTAR JARINGAN SEPANJANG JALAN,7,ON SCHEDULE,28,0,17.03.2026,16.02.2026,17.02.2026,18.02.2026,18.02.2026,24.02.2026,11.03.2026,,A001,WH AHI JABABEKA
R100260215L042_A001,CDD LONG CHASSIS,1500000,0,0,0,0,0,1500000,A001 - WH AHI JABABEKA,PT.ORANG KREATIF EKSIS,7,ON SCHEDULE,28,0,17.03.2026,16.02.2026,17.02.2026,20.02.2026,20.02.2026,02.03.2026,02.03.2026,,A001,WH AHI JABABEKA
R100260215T026_A001,WINGBOX,5650000,0,0,0,0,0,5650000,A001 - WH AHI JABABEKA,PT. DUTA MEDIA MANDIRI,7,ON SCHEDULE,30,0,19.03.2026,16.02.2026,19.02.2026,24.02.2026,24.02.2026,24.02.2026,10.03.2026,,A001,WH AHI JABABEKA
R100260215T027_A001,CONT-20,3900000,0,0,0,0,0,3900000,A001 - WH AHI JABABEKA,PT. JATIM PETROLEUM TRANSPORT,7,ON SCHEDULE,30,0,18.03.2026,15.02.2026,20.02.2026,27.03.2026,29.03.2026,04.05.2026,04.05.2026,,A001,WH AHI JABABEKA
R100260215T028_A001,CONT-20,3900000,0,0,0,0,0,3900000,A001 - WH AHI JABABEKA,PT. JATIM PETROLEUM TRANSPORT,7,ON SCHEDULE,30,0,18.03.2026,15.02.2026,20.02.2026,27.03.2026,29.03.2026,04.05.2026,04.05.2026,,A001,WH AHI JABABEKA
R100260215T029_A001,CONT-20,3900000,0,0,0,0,0,3900000,A001 - WH AHI JABABEKA,PT. JATIM PETROLEUM TRANSPORT,7,ON SCHEDULE,30,0,18.03.2026,15.02.2026,20.02.2026,27.03.2026,29.03.2026,04.05.2026,04.05.2026,,A001,WH AHI JABABEKA
R100260215T030_A001,CONT-20,3900000,0,0,0,0,0,3900000,A001 - WH AHI JABABEKA,PT. JATIM PETROLEUM TRANSPORT,7,ON SCHEDULE,30,0,18.03.2026,15.02.2026,20.02.2026,27.03.2026,27.03.2026,27.04.2026,27.04.2026,,A001,WH AHI JABABEKA
R100260215T031_A001,CONT-20,3900000,0,0,0,0,0,3900000,A001 - WH AHI JABABEKA,PT. JATIM PETROLEUM TRANSPORT,7,ON SCHEDULE,30,0,18.03.2026,15.02.2026,16.02.2026,27.03.2026,27.03.2026,27.04.2026,27.04.2026,,A001,WH AHI JABABEKA
R100260215T032_A001,CONT-20,3900000,0,0,0,0,0,3900000,A001 - WH AHI JABABEKA,PT. JATIM PETROLEUM TRANSPORT,7,ON SCHEDULE,30,0,18.03.2026,15.02.2026,21.02.2026,27.03.2026,29.03.2026,04.05.2026,04.05.2026,,A001,WH AHI JABABEKA
R100260215T033_A001,CONT-20,3900000,0,0,0,0,0,3900000,A001 - WH AHI JABABEKA,PT. JATIM PETROLEUM TRANSPORT,7,ON SCHEDULE,30,0,18.03.2026,15.02.2026,20.02.2026,27.03.2026,29.03.2026,04.05.2026,04.05.2026,,A001,WH AHI JABABEKA
R100260215T034_A001,CONT-20,3900000,0,0,0,0,0,3900000,A001 - WH AHI JABABEKA,PT. JATIM PETROLEUM TRANSPORT,7,ON SCHEDULE,30,0,19.03.2026,16.02.2026,21.02.2026,27.03.2026,29.03.2026,04.05.2026,04.05.2026,,A001,WH AHI JABABEKA
R100260215T048_A001,CONT-20,9000000,0,0,0,0,0,9000000,A001 - WH AHI JABABEKA,PT. SENTOSAPRIMA ABADI,7,ON SCHEDULE,39,0,28.03.2026,16.02.2026,27.02.2026,16.04.2026,16.04.2026,21.04.2026,21.04.2026,,A001,WH AHI JABABEKA
R100260215T059_A001,CONT-20,14000000,0,0,0,0,0,14000000,A001 - WH AHI JABABEKA,PT. SENTOSAPRIMA ABADI,7,ON SCHEDULE,36,0,05.04.2026,27.02.2026,08.03.2026,17.04.2026,17.04.2026,22.04.2026,22.04.2026,,A001,WH AHI JABABEKA
R100260215T062_A001,WINGBOX,5650000,0,0,0,0,0,5650000,A001 - WH AHI JABABEKA,PT. DUTA MEDIA MANDIRI,7,ON SCHEDULE,30,0,18.03.2026,15.02.2026,18.02.2026,18.02.2026,18.02.2026,24.02.2026,10.03.2026,,A001,WH AHI JABABEKA
R100260216L025_A001,CDD LONG CHASSIS,2850000,0,0,0,0,0,2850000,A001 - WH AHI JABABEKA,PT. BINTANG SAMUDRA RAYA,7,ON SCHEDULE,28,0,17.03.2026,16.02.2026,18.02.2026,23.02.2026,23.02.2026,05.03.2026,09.03.2026,,A001,WH AHI JABABEKA
R100260216L026_A001,FUSO,11500000,0,0,0,200000,0,11700000,A001 - WH AHI JABABEKA,PT. SATRIA PIRANTI PERKASA,7,ON SCHEDULE,31,0,21.03.2026,17.02.2026,21.02.2026,06.03.2026,06.03.2026,13.03.2026,13.03.2026,,A001,WH AHI JABABEKA
R100260216L027_A001,FUSO,11500000,0,0,0,400000,0,11900000,A001 - WH AHI JABABEKA,PT. SATRIA PIRANTI PERKASA,7,ON SCHEDULE,27,0,17.03.2026,17.02.2026,21.02.2026,11.03.2026,11.03.2026,25.03.2026,25.03.2026,,A001,WH AHI JABABEKA
R100260216L028_A001,CDD LONG CHASSIS,5750000,0,0,0,290000,0,6040000,A001 - WH AHI JABABEKA,PT. DUTA LINTAS NUSA,7,ON SCHEDULE,28,0,18.03.2026,17.02.2026,19.02.2026,27.02.2026,28.02.2026,02.03.2026,02.04.2026,,A001,WH AHI JABABEKA
R100260216L029_A001,FUSO,19350000,0,0,0,200000,0,19550000,A001 - WH AHI JABABEKA,PT. SATRIA PIRANTI PERKASA,7,ON SCHEDULE,41,0,30.03.2026,16.02.2026,21.02.2026,12.03.2026,12.03.2026,25.03.2026,25.03.2026,,A001,WH AHI JABABEKA
R100260216L030_A001,FUSO,19550000,0,0,0,522000,0,20072000,A001 - WH AHI JABABEKA,PT. DUTA LINTAS NUSA,7,ON SCHEDULE,31,0,20.03.2026,16.02.2026,22.02.2026,12.03.2026,12.03.2026,26.03.2026,26.03.2026,,A001,WH AHI JABABEKA
R100260216L033_A001,CDD LONG CHASSIS,3500000,0,0,0,0,0,3500000,A001 - WH AHI JABABEKA,PT.DHANESWARA EXPRES,7,ON SCHEDULE,29,0,19.03.2026,17.02.2026,19.02.2026,05.03.2026,05.03.2026,09.03.2026,09.03.2026,,A001,WH AHI JABABEKA
R100260216L069_A001,CONT-20,31300000,0,0,0,0,0,31300000,A001 - WH AHI JABABEKA,PT. PRIMA GLOBALINDO LOGISTIK,7,ON SCHEDULE,47,0,14.04.2026,25.02.2026,27.03.2026,16.04.2026,16.04.2026,16.04.2026,16.04.2026,,A001,WH AHI JABABEKA
R100260216L070_A001,CONT-20,14400000,0,0,0,0,0,14400000,A001 - WH AHI JABABEKA,PT. SENTOSAPRIMA ABADI,7,ON SCHEDULE,42,0,07.04.2026,23.02.2026,08.03.2026,06.05.2026,07.05.2026,08.05.2026,08.05.2026,,A001,WH AHI JABABEKA
R100260216L075_A001,CDD LONG CHASSIS,2350000,0,0,0,0,0,2350000,A001 - WH AHI JABABEKA,PT. BINTANG SAMUDRA RAYA,7,ON SCHEDULE,28,0,18.03.2026,17.02.2026,19.02.2026,05.03.2026,05.03.2026,05.03.2026,09.03.2026,,A001,WH AHI JABABEKA
R100260216L079_A001,CONT-20,14300000,0,0,600000,0,0,14900000,A001 - WH AHI JABABEKA,PT. PAUS BIRU LOGISTIK,7,ON SCHEDULE,42,0,03.04.2026,19.02.2026,02.03.2026,16.04.2026,17.04.2026,27.04.2026,11.05.2026,,A001,WH AHI JABABEKA
R100260216L082_A001,CONT-20,9000000,0,0,800000,0,0,9800000,A001 - WH AHI JABABEKA,PT. TPIL LOGISTICS,7,ON SCHEDULE,40,0,30.03.2026,17.02.2026,04.03.2026,22.05.2026,24.05.2026,29.05.2026,29.05.2026,,A001,WH AHI JABABEKA
R100260216T019_A001,WINGBOX,5650000,0,0,0,175000,0,5825000,A001 - WH AHI JABABEKA,PT. DUTA MEDIA MANDIRI,7,ON SCHEDULE,30,0,19.03.2026,16.02.2026,19.02.2026,24.02.2026,24.02.2026,24.02.2026,10.03.2026,,A001,WH AHI JABABEKA
R100260216T020_A001,CONT-20,3900000,0,0,0,0,0,3900000,A001 - WH AHI JABABEKA,PT. JATIM PETROLEUM TRANSPORT,7,ON SCHEDULE,30,0,19.03.2026,16.02.2026,21.02.2026,27.03.2026,29.03.2026,04.05.2026,04.05.2026,,A001,WH AHI JABABEKA
R100260216T021_A001,CONT-20,3900000,0,0,0,0,0,3900000,A001 - WH AHI JABABEKA,PT. JATIM PETROLEUM TRANSPORT,7,ON SCHEDULE,30,0,20.03.2026,17.02.2026,21.02.2026,27.03.2026,29.03.2026,04.05.2026,04.05.2026,,A001,WH AHI JABABEKA
R100260216T022_A001,CONT-20,3900000,0,0,0,0,0,3900000,A001 - WH AHI JABABEKA,PT. JATIM PETROLEUM TRANSPORT,7,ON SCHEDULE,30,0,19.03.2026,16.02.2026,21.02.2026,27.03.2026,29.03.2026,04.05.2026,04.05.2026,,A001,WH AHI JABABEKA
R100260216T023_A001,WINGBOX,6600000,0,0,0,0,0,6600000,A001 - WH AHI JABABEKA,PT. CATUR GLOBAL LOGISTIK,7,ON SCHEDULE,30,0,20.03.2026,17.02.2026,20.02.2026,25.02.2026,25.02.2026,18.05.2026,18.05.2026,,A001,WH AHI JABABEKA
R100260216T024_A001,CONT-20,3900000,0,0,0,0,0,3900000,A001 - WH AHI JABABEKA,PT. JATIM PETROLEUM TRANSPORT,7,ON SCHEDULE,30,0,19.03.2026,16.02.2026,21.02.2026,27.03.2026,29.03.2026,04.05.2026,04.05.2026,,A001,WH AHI JABABEKA
R100260216T025_A001,CONT-20,3900000,0,0,0,0,0,3900000,A001 - WH AHI JABABEKA,PT. JATIM PETROLEUM TRANSPORT,7,ON SCHEDULE,30,0,19.03.2026,16.02.2026,21.02.2026,27.03.2026,29.03.2026,04.05.2026,04.05.2026,,A001,WH AHI JABABEKA
R100260216T026_A001,CONT-20,3900000,0,0,0,0,0,3900000,A001 - WH AHI JABABEKA,PT. JATIM PETROLEUM TRANSPORT,7,ON SCHEDULE,30,0,19.03.2026,16.02.2026,21.02.2026,27.03.2026,29.03.2026,04.05.2026,04.05.2026,,A001,WH AHI JABABEKA
R100260216T027_A001,CONT-20,3900000,0,0,0,0,0,3900000,A001 - WH AHI JABABEKA,PT. JATIM PETROLEUM TRANSPORT,7,ON SCHEDULE,30,0,20.03.2026,17.02.2026,21.02.2026,27.03.2026,29.03.2026,04.05.2026,04.05.2026,,A001,WH AHI JABABEKA
R100260216T032_A001,WINGBOX,6600000,0,0,0,300000,0,6900000,A001 - WH AHI JABABEKA,PT. CATUR GLOBAL LOGISTIK,7,ON SCHEDULE,30,0,20.03.2026,17.02.2026,20.02.2026,25.02.2026,25.02.2026,18.05.2026,18.05.2026,,A001,WH AHI JABABEKA
R100260216T048_A001,CONT-40,14200000,0,0,0,0,0,14200000,A001 - WH AHI JABABEKA,PT. SENTOSAPRIMA ABADI,7,ON SCHEDULE,39,0,29.03.2026,17.02.2026,27.02.2026,28.04.2026,28.04.2026,04.05.2026,04.05.2026,,A001,WH AHI JABABEKA
R100260216T049_A001,CONT-20,9000000,0,0,0,0,0,9000000,A001 - WH AHI JABABEKA,PT. TPIL LOGISTICS,7,ON SCHEDULE,39,0,29.03.2026,17.02.2026,04.03.2026,26.03.2026,26.03.2026,29.05.2026,29.05.2026,,A001,WH AHI JABABEKA
R100260216T050_A001,CONT-20,9450000,0,0,0,0,0,9450000,A001 - WH AHI JABABEKA,PT. SENTOSAPRIMA ABADI,7,ON SCHEDULE,41,0,01.04.2026,18.02.2026,02.03.2026,11.05.2026,11.05.2026,18.05.2026,18.05.2026,,A001,WH AHI JABABEKA
R100260216T060_A001,CONT-40,25600000,0,0,0,0,0,25600000,A001 - WH AHI JABABEKA,PT. SENTOSAPRIMA ABADI,7,ON SCHEDULE,39,0,04.04.2026,23.02.2026,04.03.2026,28.04.2026,28.04.2026,04.05.2026,04.05.2026,,A001,WH AHI JABABEKA
R100260217L030_A001,WINGBOX,33000000,0,0,0,0,0,33000000,A001 - WH AHI JABABEKA,PT. SERASI LOGISTIC,7,ON SCHEDULE,48,0,08.04.2026,18.02.2026,26.02.2026,13.03.2026,13.03.2026,01.04.2026,01.04.2026,,A001,WH AHI JABABEKA
R100260217L031_A001,FUSO,17000000,0,0,0,200000,0,17200000,A001 - WH AHI JABABEKA,PT. SATRIA PIRANTI PERKASA,7,ON SCHEDULE,31,0,22.03.2026,18.02.2026,21.02.2026,06.03.2026,06.03.2026,13.03.2026,13.03.2026,,A001,WH AHI JABABEKA
R100260217L032_A001,CONT-20,11300000,0,0,0,0,0,11300000,A001 - WH AHI JABABEKA,PT. SENTOSAPRIMA ABADI,7,ON SCHEDULE,41,0,01.04.2026,18.02.2026,03.03.2026,16.04.2026,16.04.2026,23.04.2026,23.04.2026,,A001,WH AHI JABABEKA
R100260217L033_A001,CONT-20,11300000,0,0,0,0,0,11300000,A001 - WH AHI JABABEKA,PT. SENTOSAPRIMA ABADI,7,ON SCHEDULE,41,0,01.04.2026,18.02.2026,03.03.2026,16.04.2026,16.04.2026,23.04.2026,23.04.2026,,A001,WH AHI JABABEKA
R100260217L035_A001,CONT-20,14300000,0,0,600000,0,0,14900000,A001 - WH AHI JABABEKA,PT. PAUS BIRU LOGISTIK,7,ON SCHEDULE,42,0,10.04.2026,26.02.2026,03.03.2026,28.04.2026,28.04.2026,28.04.2026,29.04.2026,,A001,WH AHI JABABEKA
R100260217L036_A001,CONT-20,14400000,0,0,0,0,0,14400000,A001 - WH AHI JABABEKA,PT. SENTOSAPRIMA ABADI,7,ON SCHEDULE,42,0,07.04.2026,23.02.2026,08.03.2026,06.05.2026,07.05.2026,08.05.2026,08.05.2026,,A001,WH AHI JABABEKA
R100260217L037_A001,CONT-20,14300000,0,0,600000,0,0,14900000,A001 - WH AHI JABABEKA,PT. PAUS BIRU LOGISTIK,7,ON SCHEDULE,42,0,06.04.2026,22.02.2026,06.03.2026,16.04.2026,17.04.2026,28.04.2026,29.04.2026,,A001,WH AHI JABABEKA
R100260217L038_A001,CONT-20,10800000,0,0,0,0,0,10800000,A001 - WH AHI JABABEKA,PT.BANGKA JAYA LINE,7,ON SCHEDULE,40,0,31.03.2026,18.02.2026,02.03.2026,01.04.2026,01.04.2026,02.04.2026,02.04.2026,,A001,WH AHI JABABEKA
R100260217L039_A001,CDD LONG CHASSIS,3100000,0,0,0,0,0,3100000,A001 - WH AHI JABABEKA,PT. BINTANG SAMUDRA RAYA,7,ON SCHEDULE,29,0,19.03.2026,17.02.2026,19.02.2026,23.02.2026,23.02.2026,05.03.2026,09.03.2026,,A001,WH AHI JABABEKA
R100260217L040_A001,CONT-20,11800000,0,0,0,0,0,11800000,A001 - WH AHI JABABEKA,PT. WIDYA TRANS CARGO,7,ON SCHEDULE,43,0,03.04.2026,18.02.2026,05.03.2026,09.03.2026,09.03.2026,11.03.2026,11.03.2026,,A001,WH AHI JABABEKA
R100260217L041_A001,CONT-20,11800000,0,0,0,0,0,11800000,A001 - WH AHI JABABEKA,PT. WIDYA TRANS CARGO,7,ON SCHEDULE,43,0,03.04.2026,18.02.2026,05.03.2026,12.03.2026,12.03.2026,13.03.2026,13.03.2026,,A001,WH AHI JABABEKA
R100260217L042_A001,CONT-20,20400000,0,0,0,0,0,20400000,A001 - WH AHI JABABEKA,PT. MITRA INTERTRANS FORWARDING,7,ON SCHEDULE,49,0,18.04.2026,27.02.2026,31.03.2026,11.05.2026,11.05.2026,12.05.2026,12.05.2026,,A001,WH AHI JABABEKA
R100260217L058_A001,FUSO,14750000,0,0,0,0,0,14750000,A001 - WH AHI JABABEKA,PT. SATRIA PIRANTI PERKASA,7,ON SCHEDULE,41,0,31.03.2026,17.02.2026,21.02.2026,11.03.2026,11.03.2026,25.03.2026,25.03.2026,,A001,WH AHI JABABEKA
R100260217L064_A001,CDD LONG CHASSIS,3500000,0,0,0,200000,0,3700000,A001 - WH AHI JABABEKA,PT. AGUNG MAKMUR JAYA,7,ON SCHEDULE,28,0,18.03.2026,17.02.2026,19.02.2026,02.03.2026,03.03.2026,03.03.2026,06.03.2026,,A001,WH AHI JABABEKA
R100260217L064_A001,CDD LONG CHASSIS,3500000,0,0,0,200000,0,3700000,A001 - WH AHI JABABEKA,PT. AGUNG MAKMUR JAYA,7,ON SCHEDULE,28,0,18.03.2026,17.02.2026,19.02.2026,02.03.2026,03.03.2026,03.03.2026,06.03.2026,,A001,WH AHI JABABEKA
R100260217L064_A001,CDD LONG CHASSIS,3500000,0,0,0,200000,0,3700000,A001 - WH AHI JABABEKA,PT. AGUNG MAKMUR JAYA,7,ON SCHEDULE,28,0,18.03.2026,17.02.2026,19.02.2026,02.03.2026,03.03.2026,03.03.2026,06.03.2026,,A001,WH AHI JABABEKA
R100260217L064_A001,CDD LONG CHASSIS,3500000,0,0,0,200000,0,3700000,A001 - WH AHI JABABEKA,PT. AGUNG MAKMUR JAYA,7,ON SCHEDULE,28,0,18.03.2026,17.02.2026,19.02.2026,02.03.2026,03.03.2026,03.03.2026,06.03.2026,,A001,WH AHI JABABEKA
R100260217L066_A001,WINGBOX,25875000,0,0,0,0,0,25875000,A001 - WH AHI JABABEKA,PT.DHANESWARA EXPRES,7,ON SCHEDULE,42,0,04.04.2026,20.02.2026,26.02.2026,13.03.2026,13.03.2026,02.04.2026,06.04.2026,,A001,WH AHI JABABEKA
R100260217L069_A001,CDD LONG CHASSIS,2850000,0,0,0,0,0,2850000,A001 - WH AHI JABABEKA,PT. BINTANG SAMUDRA RAYA,7,ON SCHEDULE,28,0,19.03.2026,18.02.2026,20.02.2026,23.02.2026,23.02.2026,05.03.2026,09.03.2026,,A001,WH AHI JABABEKA
R100260217T011_A001,WINGBOX,5650000,0,0,0,0,0,5650000,A001 - WH AHI JABABEKA,PT. DUTA MEDIA MANDIRI,7,ON SCHEDULE,30,0,20.03.2026,17.02.2026,20.02.2026,24.02.2026,24.02.2026,24.02.2026,10.03.2026,,A001,WH AHI JABABEKA
R100260217T012_A001,CONT-20,3900000,0,0,0,0,0,3900000,A001 - WH AHI JABABEKA,PT. JATIM PETROLEUM TRANSPORT,7,ON SCHEDULE,30,0,20.03.2026,17.02.2026,25.02.2026,27.03.2026,29.03.2026,04.05.2026,04.05.2026,,A001,WH AHI JABABEKA
R100260217T013_A001,CONT-20,3900000,0,0,0,0,0,3900000,A001 - WH AHI JABABEKA,PT. JATIM PETROLEUM TRANSPORT,7,ON SCHEDULE,30,0,20.03.2026,17.02.2026,20.02.2026,27.03.2026,29.03.2026,04.05.2026,04.05.2026,,A001,WH AHI JABABEKA
R100260217T014_A001,CONT-20,3900000,0,0,0,0,0,3900000,A001 - WH AHI JABABEKA,PT. JATIM PETROLEUM TRANSPORT,7,ON SCHEDULE,30,0,20.03.2026,17.02.2026,20.02.2026,27.03.2026,29.03.2026,04.05.2026,04.05.2026,,A001,WH AHI JABABEKA
R100260217T015_A001,CONT-20,3900000,0,0,0,0,0,3900000,A001 - WH AHI JABABEKA,PT. JATIM PETROLEUM TRANSPORT,7,ON SCHEDULE,30,0,20.03.2026,17.02.2026,21.02.2026,27.03.2026,29.03.2026,04.05.2026,04.05.2026,,A001,WH AHI JABABEKA
R100260217T016_A001,WINGBOX,5650000,0,0,0,0,0,5650000,A001 - WH AHI JABABEKA,PT. DUTA MEDIA MANDIRI,7,ON SCHEDULE,30,0,21.03.2026,18.02.2026,21.02.2026,02.03.2026,02.03.2026,03.03.2026,03.03.2026,,A001,WH AHI JABABEKA
R100260217T017_A001,CONT-20,3900000,0,0,0,0,0,3900000,A001 - WH AHI JABABEKA,PT. JATIM PETROLEUM TRANSPORT,7,ON SCHEDULE,30,0,20.03.2026,17.02.2026,21.02.2026,27.03.2026,29.03.2026,04.05.2026,04.05.2026,,A001,WH AHI JABABEKA
R100260217T018_A001,CONT-20,3900000,0,0,0,0,0,3900000,A001 - WH AHI JABABEKA,PT. JATIM PETROLEUM TRANSPORT,7,ON SCHEDULE,30,0,21.03.2026,18.02.2026,21.02.2026,27.03.2026,29.03.2026,04.05.2026,04.05.2026,,A001,WH AHI JABABEKA
R100260217T019_A001,CONT-20,3900000,0,0,0,0,0,3900000,A001 - WH AHI JABABEKA,PT. JATIM PETROLEUM TRANSPORT,7,ON SCHEDULE,30,0,20.03.2026,17.02.2026,21.02.2026,27.03.2026,29.03.2026,04.05.2026,04.05.2026,,A001,WH AHI JABABEKA
R100260217T020_A001,CONT-20,3900000,0,0,0,0,0,3900000,A001 - WH AHI JABABEKA,PT. JATIM PETROLEUM TRANSPORT,7,ON SCHEDULE,30,0,21.03.2026,18.02.2026,21.02.2026,27.03.2026,29.03.2026,04.05.2026,04.05.2026,,A001,WH AHI JABABEKA
R100260217T026_A001,CONT-20,9000000,0,0,800000,0,0,9800000,A001 - WH AHI JABABEKA,PT. HAKKA HYDRO TIRTA,7,ON SCHEDULE,39,0,01.04.2026,20.02.2026,05.03.2026,08.04.2026,08.04.2026,08.04.2026,08.04.2026,,A001,WH AHI JABABEKA
R100260217T027_A001,CONT-20,11600000,0,0,0,0,0,11600000,A001 - WH AHI JABABEKA,PT. MITRA INTERTRANS FORWARDING,7,ON SCHEDULE,41,0,02.04.2026,19.02.2026,10.03.2026,06.04.2026,06.04.2026,07.04.2026,07.04.2026,,A001,WH AHI JABABEKA
R100260217T040_A001,CONT-40,14200000,0,0,0,0,0,14200000,A001 - WH AHI JABABEKA,PT. SENTOSAPRIMA ABADI,7,ON SCHEDULE,39,0,02.04.2026,21.02.2026,04.03.2026,28.04.2026,28.04.2026,04.05.2026,04.05.2026,,A001,WH AHI JABABEKA
R100260218L036_A001,CONT-20,9000000,0,0,800000,0,0,9800000,A001 - WH AHI JABABEKA,PT. HAKKA HYDRO TIRTA,7,ON SCHEDULE,39,0,31.03.2026,19.02.2026,05.03.2026,19.05.2026,20.05.2026,10.06.2026,10.06.2026,,A001,WH AHI JABABEKA
R100260218L037_A001,CDD LONG CHASSIS,3900000,0,0,0,400000,0,4300000,A001 - WH AHI JABABEKA,PT. BINTANG SAMUDRA RAYA,7,ON SCHEDULE,28,0,19.03.2026,18.02.2026,20.02.2026,02.03.2026,02.03.2026,03.03.2026,05.03.2026,,A001,WH AHI JABABEKA
R100260218L038_A001,CONT-20,11300000,0,0,0,0,0,11300000,A001 - WH AHI JABABEKA,PT. SENTOSAPRIMA ABADI,7,ON SCHEDULE,41,0,02.04.2026,19.02.2026,03.03.2026,16.04.2026,16.04.2026,23.04.2026,23.04.2026,,A001,WH AHI JABABEKA
R100260218L040_A001,CONT-20,14300000,0,0,600000,0,0,14900000,A001 - WH AHI JABABEKA,PT. PAUS BIRU LOGISTIK,7,ON SCHEDULE,42,0,05.04.2026,21.02.2026,03.03.2026,28.04.2026,28.04.2026,28.04.2026,29.04.2026,,A001,WH AHI JABABEKA
R100260218L041_A001,CONT-20,11800000,0,0,0,0,0,11800000,A001 - WH AHI JABABEKA,PT. WIDYA TRANS CARGO,7,ON SCHEDULE,43,0,06.04.2026,21.02.2026,08.03.2026,27.03.2026,27.03.2026,07.04.2026,07.04.2026,,A001,WH AHI JABABEKA
R100260218L042_A001,CONT-20,11800000,0,0,0,0,0,11800000,A001 - WH AHI JABABEKA,PT. WIDYA TRANS CARGO,7,ON SCHEDULE,43,0,06.04.2026,21.02.2026,08.03.2026,09.04.2026,10.04.2026,15.04.2026,15.04.2026,,A001,WH AHI JABABEKA
R100260218L043_A001,CONT-20,20800000,0,0,0,0,0,20800000,A001 - WH AHI JABABEKA,PT. PAUS BIRU LOGISTIK,7,ON SCHEDULE,43,0,05.04.2026,20.02.2026,06.03.2026,15.04.2026,15.04.2026,27.04.2026,28.04.2026,,A001,WH AHI JABABEKA
R100260218L044_A001,CONT-20,11500000,0,0,0,0,0,11500000,A001 - WH AHI JABABEKA,PT. TPIL LOGISTICS,7,ON SCHEDULE,42,0,06.04.2026,22.02.2026,03.03.2026,11.03.2026,11.03.2026,15.04.2026,15.04.2026,,A001,WH AHI JABABEKA
R100260218L045_A001,CONT-20,15000000,0,0,0,0,0,15000000,A001 - WH AHI JABABEKA,PT. SENTOSAPRIMA ABADI,7,ON SCHEDULE,39,0,04.04.2026,23.02.2026,04.03.2026,11.05.2026,11.05.2026,15.05.2026,15.05.2026,,A001,WH AHI JABABEKA
R100260218L046_A001,CONT-20,13800000,0,0,0,0,0,13800000,A001 - WH AHI JABABEKA,PT. SENTOSAPRIMA ABADI,7,ON SCHEDULE,39,0,05.04.2026,24.02.2026,04.03.2026,17.04.2026,17.04.2026,22.04.2026,22.04.2026,,A001,WH AHI JABABEKA
R100260218L048_A001,CONT-20,11300000,0,0,0,0,0,11300000,A001 - WH AHI JABABEKA,PT. SENTOSAPRIMA ABADI,7,ON SCHEDULE,41,0,02.04.2026,19.02.2026,03.03.2026,16.04.2026,16.04.2026,23.04.2026,23.04.2026,,A001,WH AHI JABABEKA
R100260218L049_A001,CONT-20,20800000,0,0,0,0,0,20800000,A001 - WH AHI JABABEKA,PT. PAUS BIRU LOGISTIK,7,ON SCHEDULE,43,0,05.04.2026,20.02.2026,06.03.2026,15.04.2026,15.04.2026,27.04.2026,28.04.2026,,A001,WH AHI JABABEKA
R100260218L050_A001,CONT-20,20800000,0,0,0,0,0,20800000,A001 - WH AHI JABABEKA,PT. PAUS BIRU LOGISTIK,7,ON SCHEDULE,43,0,05.04.2026,20.02.2026,06.03.2026,15.04.2026,15.04.2026,27.04.2026,28.04.2026,,A001,WH AHI JABABEKA
R100260218L051_A001,FUSO,11450000,0,0,0,250000,0,11700000,A001 - WH AHI JABABEKA,PT LOGISTIK CANGGIH INDONESIA,7,ON SCHEDULE,41,0,02.04.2026,19.02.2026,,03.03.2026,04.03.2026,04.03.2026,05.03.2026,,A001,WH AHI JABABEKA
R100260218L052_A001,FUSO,14750000,0,0,0,0,0,14750000,A001 - WH AHI JABABEKA,PT. SATRIA PIRANTI PERKASA,7,ON SCHEDULE,31,0,24.03.2026,20.02.2026,25.02.2026,06.03.2026,06.03.2026,13.03.2026,13.03.2026,,A001,WH AHI JABABEKA
R100260218L055_A001,CDD LONG CHASSIS,3500000,0,0,0,0,0,3500000,A001 - WH AHI JABABEKA,PT.DHANESWARA EXPRES,7,ON SCHEDULE,29,0,20.03.2026,18.02.2026,20.02.2026,05.03.2026,05.03.2026,09.03.2026,09.03.2026,,A001,WH AHI JABABEKA
R100260218L057_A001,CDD LONG CHASSIS,2850000,0,0,0,0,0,2850000,A001 - WH AHI JABABEKA,PT. BINTANG SAMUDRA RAYA,7,ON SCHEDULE,28,0,19.03.2026,18.02.2026,20.02.2026,23.02.2026,23.02.2026,05.03.2026,09.03.2026,,A001,WH AHI JABABEKA
R100260218L058_A001,CDD LONG CHASSIS,4900000,0,0,0,0,0,4900000,A001 - WH AHI JABABEKA,PT.ORANG KREATIF EKSIS,7,ON SCHEDULE,28,0,20.03.2026,19.02.2026,21.02.2026,26.02.2026,26.02.2026,02.03.2026,02.03.2026,,A001,WH AHI JABABEKA
R100260218L061_A001,FUSO,19550000,0,0,0,0,0,19550000,A001 - WH AHI JABABEKA,PT. DUTA LINTAS NUSA,7,ON SCHEDULE,41,0,02.04.2026,19.02.2026,25.02.2026,12.03.2026,12.03.2026,26.03.2026,26.03.2026,,A001,WH AHI JABABEKA
R100260218L062_A001,FUSO,12500000,0,0,0,350000,0,12850000,A001 - WH AHI JABABEKA,PT.DHANESWARA EXPRES,7,ON SCHEDULE,31,0,23.03.2026,19.02.2026,25.02.2026,06.03.2026,06.03.2026,09.03.2026,09.03.2026,,A001,WH AHI JABABEKA
R100260218L073_A001,CONT-20,17500000,0,0,0,0,0,17500000,A001 - WH AHI JABABEKA,PT. TPIL LOGISTICS,7,ON SCHEDULE,41,0,04.04.2026,21.02.2026,04.03.2026,11.03.2026,11.03.2026,15.04.2026,15.04.2026,,A001,WH AHI JABABEKA
R100260218L080_A001,CDD LONG CHASSIS,3942500,0,0,0,0,0,3942500,A001 - WH AHI JABABEKA,PT. DUTA MEDIA MANDIRI,7,ON SCHEDULE,28,0,20.03.2026,19.02.2026,21.02.2026,24.02.2026,24.02.2026,24.02.2026,10.03.2026,,A001,WH AHI JABABEKA
R100260218T021_A001,WINGBOX,5600000,0,0,0,400000,0,6000000,A001 - WH AHI JABABEKA,PT. BINTANG SAMUDRA RAYA,7,ON SCHEDULE,30,0,22.03.2026,19.02.2026,25.02.2026,10.03.2026,10.03.2026,10.03.2026,12.03.2026,,A001,WH AHI JABABEKA
R100260218T023_A001,CONT-20,9450000,0,0,0,0,0,9450000,A001 - WH AHI JABABEKA,PT. SENTOSAPRIMA ABADI,7,ON SCHEDULE,41,0,02.04.2026,19.02.2026,04.03.2026,06.05.2026,07.05.2026,08.05.2026,08.05.2026,,A001,WH AHI JABABEKA
R100260218T024_A001,CONT-20,9450000,0,0,0,0,0,9450000,A001 - WH AHI JABABEKA,PT. SENTOSAPRIMA ABADI,7,ON SCHEDULE,41,0,04.04.2026,21.02.2026,04.03.2026,11.05.2026,11.05.2026,13.05.2026,13.05.2026,,A001,WH AHI JABABEKA
R100260218T025_A001,WINGBOX,5650000,0,0,0,175000,0,5825000,A001 - WH AHI JABABEKA,PT. DUTA MEDIA MANDIRI,7,ON SCHEDULE,30,0,21.03.2026,18.02.2026,21.02.2026,02.03.2026,02.03.2026,03.03.2026,03.03.2026,,A001,WH AHI JABABEKA
R100260218T026_A001,CONT-20,3900000,0,0,0,0,0,3900000,A001 - WH AHI JABABEKA,PT. JATIM PETROLEUM TRANSPORT,7,ON SCHEDULE,30,0,22.03.2026,19.02.2026,25.02.2026,27.03.2026,29.03.2026,04.05.2026,04.05.2026,,A001,WH AHI JABABEKA
R100260218T027_A001,CONT-40,14200000,0,0,0,0,0,14200000,A001 - WH AHI JABABEKA,PT. SENTOSAPRIMA ABADI,7,ON SCHEDULE,39,0,31.03.2026,19.02.2026,03.03.2026,28.04.2026,28.04.2026,04.05.2026,04.05.2026,,A001,WH AHI JABABEKA
R100260218T028_A001,CONT-40,14200000,0,0,0,0,0,14200000,A001 - WH AHI JABABEKA,PT. SENTOSAPRIMA ABADI,7,ON SCHEDULE,39,0,31.03.2026,19.02.2026,03.03.2026,28.04.2026,28.04.2026,04.05.2026,04.05.2026,,A001,WH AHI JABABEKA
R100260219L021_A001,CONT-20,9000000,0,0,800000,0,0,9800000,A001 - WH AHI JABABEKA,PT. SENTOSAPRIMA ABADI,7,ON SCHEDULE,40,0,01.04.2026,19.02.2026,04.03.2026,17.04.2026,17.04.2026,22.04.2026,22.04.2026,,A001,WH AHI JABABEKA
R100260219L022_A001,CONT-20,10500000,0,0,0,0,0,10500000,A001 - WH AHI JABABEKA,PT. TPIL LOGISTICS,7,ON SCHEDULE,41,0,04.04.2026,21.02.2026,04.03.2026,11.03.2026,11.03.2026,15.04.2026,15.04.2026,,A001,WH AHI JABABEKA
R100260219L023_A001,CONT-20,18200000,0,0,0,0,0,18200000,A001 - WH AHI JABABEKA,PT. PAUS BIRU LOGISTIK,7,ON SCHEDULE,41,0,04.04.2026,21.02.2026,17.03.2026,17.04.2026,17.04.2026,04.05.2026,22.06.2026,,A001,WH AHI JABABEKA
R100260219L024_A001,CONT-20,11800000,0,0,0,0,0,11800000,A001 - WH AHI JABABEKA,PT. WIDYA TRANS CARGO,7,ON SCHEDULE,43,0,07.04.2026,22.02.2026,09.03.2026,09.04.2026,10.04.2026,15.04.2026,15.04.2026,,A001,WH AHI JABABEKA
R100260219L025_A001,CONT-20,11800000,0,0,0,0,0,11800000,A001 - WH AHI JABABEKA,PT. WIDYA TRANS CARGO,7,ON SCHEDULE,43,0,07.04.2026,22.02.2026,09.03.2026,09.04.2026,10.04.2026,15.04.2026,15.04.2026,,A001,WH AHI JABABEKA
R100260219L026_A001,CONT-20,26900000,0,0,0,0,0,26900000,A001 - WH AHI JABABEKA,PT. PAUS BIRU LOGISTIK,7,ON SCHEDULE,41,0,07.04.2026,24.02.2026,06.03.2026,16.04.2026,16.04.2026,17.04.2026,17.04.2026,,A001,WH AHI JABABEKA
R100260219L027_A001,CONT-20,18600000,0,0,0,0,0,18600000,A001 - WH AHI JABABEKA,PT. PAUS BIRU LOGISTIK,7,ON SCHEDULE,42,0,09.04.2026,25.02.2026,06.03.2026,17.04.2026,17.04.2026,23.04.2026,11.05.2026,,A001,WH AHI JABABEKA
R100260219L028_A001,CDD LONG CHASSIS,4900000,0,0,0,0,0,4900000,A001 - WH AHI JABABEKA,PT.ORANG KREATIF EKSIS,7,ON SCHEDULE,28,0,20.03.2026,19.02.2026,21.02.2026,26.02.2026,26.02.2026,02.03.2026,02.03.2026,,A001,WH AHI JABABEKA
R100260219L030_A001,CONT-20,16100000,0,0,0,0,0,16100000,A001 - WH AHI JABABEKA,PT. SENTOSAPRIMA ABADI,7,ON SCHEDULE,41,0,07.04.2026,24.02.2026,10.03.2026,27.04.2026,28.04.2026,30.04.2026,30.04.2026,,A001,WH AHI JABABEKA
R100260219L031_A001,CONT-20,14600000,0,0,0,0,0,14600000,A001 - WH AHI JABABEKA,PT. MITRA INTERTRANS FORWARDING,7,ON SCHEDULE,38,0,31.03.2026,20.02.2026,27.02.2026,16.04.2026,16.04.2026,17.04.2026,17.04.2026,,A001,WH AHI JABABEKA
R100260219L041_A001,CDD LONG CHASSIS,4900000,0,0,0,150000,0,5050000,A001 - WH AHI JABABEKA,PT.ORANG KREATIF EKSIS,7,ON SCHEDULE,28,0,20.03.2026,19.02.2026,21.02.2026,26.02.2026,27.02.2026,02.03.2026,02.03.2026,,A001,WH AHI JABABEKA
R100260219L042_A001,FUSO,20500000,0,0,0,300000,0,20800000,A001 - WH AHI JABABEKA,PT. SATRIA PIRANTI PERKASA,7,ON SCHEDULE,31,0,25.03.2026,21.02.2026,26.02.2026,31.03.2026,01.04.2026,01.04.2026,01.04.2026,,A001,WH AHI JABABEKA
R100260219L058_A001,CDD LONG CHASSIS,2850000,0,0,0,0,0,2850000,A001 - WH AHI JABABEKA,PT. BINTANG SAMUDRA RAYA,7,ON SCHEDULE,28,0,20.03.2026,19.02.2026,21.02.2026,05.03.2026,05.03.2026,05.03.2026,09.03.2026,,A001,WH AHI JABABEKA
R100260219L062_A001,CONT-20,13950000,0,0,0,0,0,13950000,A001 - WH AHI JABABEKA,PT. SENTOSAPRIMA ABADI,7,ON SCHEDULE,39,0,04.04.2026,23.02.2026,04.03.2026,11.05.2026,11.05.2026,13.05.2026,13.05.2026,,A001,WH AHI JABABEKA
R100260219L075_A001,FUSO,14750000,0,0,0,0,0,14750000,A001 - WH AHI JABABEKA,PT. SATRIA PIRANTI PERKASA,7,ON SCHEDULE,41,0,04.04.2026,21.02.2026,25.02.2026,11.03.2026,11.03.2026,25.03.2026,25.03.2026,,A001,WH AHI JABABEKA
R100260219L076_A001,CONT-20,9000000,0,0,0,0,0,9000000,A001 - WH AHI JABABEKA,PT. SENTOSAPRIMA ABADI,7,ON SCHEDULE,39,0,02.04.2026,21.02.2026,04.03.2026,27.04.2026,28.04.2026,28.04.2026,28.04.2026,,A001,WH AHI JABABEKA
R100260219L077_A001,FUSO,19350000,0,0,0,0,0,19350000,A001 - WH AHI JABABEKA,PT. SATRIA PIRANTI PERKASA,7,ON SCHEDULE,41,0,03.04.2026,20.02.2026,01.03.2026,31.03.2026,31.03.2026,01.04.2026,01.04.2026,,A001,WH AHI JABABEKA
R100260219L078_A001,WINGBOX,35000000,0,0,0,0,0,35000000,A001 - WH AHI JABABEKA,PT.ORANG KREATIF EKSIS,7,ON SCHEDULE,48,0,12.04.2026,22.02.2026,02.03.2026,31.03.2026,31.03.2026,07.04.2026,07.04.2026,,A001,WH AHI JABABEKA
R100260219L097_A001,CONT-20,14600000,0,0,0,0,0,14600000,A001 - WH AHI JABABEKA,PT. MITRA INTERTRANS FORWARDING,7,ON SCHEDULE,38,0,31.03.2026,20.02.2026,27.02.2026,16.04.2026,16.04.2026,17.04.2026,17.04.2026,,A001,WH AHI JABABEKA
R100260219T007_A001,CONT-40,8750000,0,0,0,0,0,8750000,A001 - WH AHI JABABEKA,PT. CIKARANG GERBANG SOLUSI,7,ON SCHEDULE,30,0,22.03.2026,19.02.2026,26.02.2026,17.04.2026,20.04.2026,28.04.2026,28.04.2026,,A001,WH AHI JABABEKA
R100260219T008_A001,CONT-40,8750000,0,0,0,0,0,8750000,A001 - WH AHI JABABEKA,PT. CIKARANG GERBANG SOLUSI,7,ON SCHEDULE,30,0,23.03.2026,20.02.2026,26.02.2026,17.04.2026,20.04.2026,28.04.2026,28.04.2026,,A001,WH AHI JABABEKA
R100260219T010_A001,WINGBOX,5650000,0,0,0,175000,0,5825000,A001 - WH AHI JABABEKA,PT. DUTA MEDIA MANDIRI,7,ON SCHEDULE,30,0,22.03.2026,19.02.2026,25.02.2026,02.03.2026,02.03.2026,03.03.2026,03.03.2026,,A001,WH AHI JABABEKA
R100260219T021_A001,CONT-40,25600000,0,0,0,0,0,25600000,A001 - WH AHI JABABEKA,PT. SENTOSAPRIMA ABADI,7,ON SCHEDULE,39,0,03.04.2026,22.02.2026,04.03.2026,28.04.2026,28.04.2026,04.05.2026,04.05.2026,,A001,WH AHI JABABEKA
R100260219T023_A001,CONT-20,10700000,0,0,0,0,0,10700000,A001 - WH AHI JABABEKA,PT. WIDYA TRANS CARGO,7,ON SCHEDULE,41,0,06.04.2026,23.02.2026,04.03.2026,05.05.2026,05.05.2026,06.05.2026,12.05.2026,,A001,WH AHI JABABEKA
R100260219T024_A001,CONT-20,13950000,0,0,0,0,0,13950000,A001 - WH AHI JABABEKA,PT. SENTOSAPRIMA ABADI,7,ON SCHEDULE,41,0,10.04.2026,27.02.2026,04.03.2026,11.05.2026,11.05.2026,13.05.2026,13.05.2026,,A001,WH AHI JABABEKA
R100260219T034_A001,CONT-40,8750000,0,0,0,0,0,8750000,A001 - WH AHI JABABEKA,PT. CIKARANG GERBANG SOLUSI,7,ON SCHEDULE,30,0,23.03.2026,20.02.2026,01.03.2026,17.04.2026,20.04.2026,28.04.2026,28.04.2026,,A001,WH AHI JABABEKA
R100260219T040_A001,CONT-40,8750000,0,0,0,0,0,8750000,A001 - WH AHI JABABEKA,PT. CIKARANG GERBANG SOLUSI,7,ON SCHEDULE,30,0,23.03.2026,20.02.2026,26.02.2026,17.04.2026,20.04.2026,28.04.2026,28.04.2026,,A001,WH AHI JABABEKA
R100260219T041_A001,WINGBOX,6600000,0,0,0,0,0,6600000,A001 - WH AHI JABABEKA,PT. JAYA MULYA ERALINDO,7,ON SCHEDULE,30,0,23.03.2026,20.02.2026,25.02.2026,09.03.2026,09.03.2026,10.03.2026,10.03.2026,,A001,WH AHI JABABEKA
R100260219T043_A001,CONT-20,14000000,0,0,0,0,0,14000000,A001 - WH AHI JABABEKA,PT. SENTOSAPRIMA ABADI,7,ON SCHEDULE,36,0,05.04.2026,27.02.2026,09.03.2026,27.04.2026,28.04.2026,08.05.2026,08.05.2026,,A001,WH AHI JABABEKA
R100260219T044_A001,CONT-20,9000000,0,0,0,0,0,9000000,A001 - WH AHI JABABEKA,PT. TPIL LOGISTICS,7,ON SCHEDULE,39,0,02.04.2026,21.02.2026,05.03.2026,26.03.2026,26.03.2026,15.04.2026,15.04.2026,,A001,WH AHI JABABEKA
R100260219T045_A001,CONT-40,25600000,0,0,0,0,0,25600000,A001 - WH AHI JABABEKA,PT. SENTOSAPRIMA ABADI,7,ON SCHEDULE,39,0,08.04.2026,27.02.2026,04.03.2026,28.04.2026,28.04.2026,04.05.2026,04.05.2026,,A001,WH AHI JABABEKA
R100260220L014_A001,CONT-20,16100000,0,0,0,0,0,16100000,A001 - WH AHI JABABEKA,PT. SENTOSAPRIMA ABADI,7,ON SCHEDULE,41,0,05.04.2026,22.02.2026,11.03.2026,27.04.2026,28.04.2026,30.04.2026,30.04.2026,,A001,WH AHI JABABEKA
R100260220L015_A001,CONT-20,20400000,0,0,0,0,0,20400000,A001 - WH AHI JABABEKA,PT. MITRA INTERTRANS FORWARDING,7,ON SCHEDULE,49,0,14.04.2026,23.02.2026,31.03.2026,11.05.2026,11.05.2026,12.05.2026,12.05.2026,,A001,WH AHI JABABEKA
R100260220L016_A001,CONT-20,20400000,0,0,0,0,0,20400000,A001 - WH AHI JABABEKA,PT. MITRA INTERTRANS FORWARDING,7,ON SCHEDULE,49,0,15.04.2026,24.02.2026,31.03.2026,11.05.2026,11.05.2026,12.05.2026,12.05.2026,,A001,WH AHI JABABEKA
R100260220L017_A001,WINGBOX,14800000,0,0,0,0,0,14800000,A001 - WH AHI JABABEKA,PT. SATRIA PIRANTI PERKASA,7,ON SCHEDULE,41,0,04.04.2026,21.02.2026,25.02.2026,11.03.2026,11.03.2026,25.03.2026,25.03.2026,,A001,WH AHI JABABEKA
R100260220L018_A001,FUSO,16000000,0,0,0,0,0,16000000,A001 - WH AHI JABABEKA,PT. SATRIA PIRANTI PERKASA,7,ON SCHEDULE,40,0,02.04.2026,20.02.2026,25.02.2026,31.03.2026,31.03.2026,01.04.2026,01.04.2026,,A001,WH AHI JABABEKA
R100260220L027_A001,FUSO,17000000,0,0,0,200000,0,17200000,A001 - WH AHI JABABEKA,PT. SATRIA PIRANTI PERKASA,7,ON SCHEDULE,31,0,25.03.2026,21.02.2026,25.02.2026,11.03.2026,11.03.2026,25.03.2026,25.03.2026,,A001,WH AHI JABABEKA
R100260220L028_A001,CDD LONG CHASSIS,4900000,0,0,0,0,0,4900000,A001 - WH AHI JABABEKA,PT.ORANG KREATIF EKSIS,7,ON SCHEDULE,28,0,21.03.2026,20.02.2026,22.02.2026,03.03.2026,03.03.2026,10.03.2026,10.03.2026,,A001,WH AHI JABABEKA
R100260220L029_A001,CDD LONG CHASSIS,2850000,0,0,0,0,0,2850000,A001 - WH AHI JABABEKA,PT. BINTANG SAMUDRA RAYA,7,ON SCHEDULE,28,0,22.03.2026,21.02.2026,25.02.2026,02.03.2026,02.03.2026,05.03.2026,09.03.2026,,A001,WH AHI JABABEKA
R100260220L031_A001,CDD LONG CHASSIS,3900000,0,0,0,500000,0,4400000,A001 - WH AHI JABABEKA,PT. CEHA LOGISTIK CEMERLANG,7,ON SCHEDULE,28,0,28.03.2026,27.02.2026,02.03.2026,06.03.2026,06.03.2026,06.03.2026,01.04.2026,,A001,WH AHI JABABEKA
R100260220L038_A001,CDD LONG CHASSIS,4900000,0,0,0,0,0,4900000,A001 - WH AHI JABABEKA,PT.ORANG KREATIF EKSIS,7,ON SCHEDULE,28,0,21.03.2026,20.02.2026,21.02.2026,26.02.2026,26.02.2026,02.03.2026,02.03.2026,,A001,WH AHI JABABEKA
R100260220L039_A001,CDD LONG CHASSIS,3100000,0,0,0,0,0,3100000,A001 - WH AHI JABABEKA,PT. BINTANG SAMUDRA RAYA,7,ON SCHEDULE,29,0,22.03.2026,20.02.2026,22.02.2026,23.02.2026,23.02.2026,05.03.2026,09.03.2026,,A001,WH AHI JABABEKA
R100260220L045_A001,CDD LONG CHASSIS,3500000,0,0,0,0,0,3500000,A001 - WH AHI JABABEKA,PT LOGISTIK CANGGIH INDONESIA,7,ON SCHEDULE,29,0,23.03.2026,21.02.2026,25.02.2026,26.02.2026,27.02.2026,02.03.2026,03.03.2026,,A001,WH AHI JABABEKA
R100260220L068_A001,WINGBOX,14800000,0,0,0,300000,0,15100000,A001 - WH AHI JABABEKA,PT. SATRIA PIRANTI PERKASA,7,ON SCHEDULE,30,0,25.03.2026,22.02.2026,26.02.2026,11.03.2026,11.03.2026,25.03.2026,25.03.2026,,A001,WH AHI JABABEKA
R100260220L069_A001,CDD LONG CHASSIS,5800000,0,0,0,100000,0,5900000,A001 - WH AHI JABABEKA,PT. AGUNG MAKMUR JAYA,7,ON SCHEDULE,28,0,21.03.2026,20.02.2026,22.02.2026,02.03.2026,03.03.2026,03.03.2026,06.03.2026,,A001,WH AHI JABABEKA
R100260220L069_A001,CDD LONG CHASSIS,5800000,0,0,0,100000,0,5900000,A001 - WH AHI JABABEKA,PT. AGUNG MAKMUR JAYA,7,ON SCHEDULE,28,0,21.03.2026,20.02.2026,22.02.2026,02.03.2026,03.03.2026,03.03.2026,06.03.2026,,A001,WH AHI JABABEKA
R100260220L069_A001,CDD LONG CHASSIS,5800000,0,0,0,100000,0,5900000,A001 - WH AHI JABABEKA,PT. AGUNG MAKMUR JAYA,7,ON SCHEDULE,28,0,21.03.2026,20.02.2026,22.02.2026,02.03.2026,03.03.2026,03.03.2026,06.03.2026,,A001,WH AHI JABABEKA
R100260220L080_A001,WINGBOX,14800000,0,0,0,0,0,14800000,A001 - WH AHI JABABEKA,PT. SATRIA PIRANTI PERKASA,7,ON SCHEDULE,41,0,04.04.2026,21.02.2026,25.02.2026,31.03.2026,31.03.2026,01.04.2026,01.04.2026,,A001,WH AHI JABABEKA
R100260220L081_A001,WINGBOX,5600000,0,0,0,400000,0,6000000,A001 - WH AHI JABABEKA,PT. BINTANG SAMUDRA RAYA,7,ON SCHEDULE,30,0,24.03.2026,21.02.2026,25.02.2026,10.03.2026,10.03.2026,10.03.2026,12.03.2026,,A001,WH AHI JABABEKA
R100260220L082_A001,CDD LONG CHASSIS,3800000,0,0,0,0,0,3800000,A001 - WH AHI JABABEKA,PT. CEHA LOGISTIK CEMERLANG,7,ON SCHEDULE,28,0,22.03.2026,21.02.2026,25.02.2026,06.03.2026,06.03.2026,06.03.2026,01.04.2026,,A001,WH AHI JABABEKA
R100260220L083_A001,CDD LONG CHASSIS,3500000,0,0,0,0,0,3500000,A001 - WH AHI JABABEKA,PT. CEHA LOGISTIK CEMERLANG,7,ON SCHEDULE,28,0,22.03.2026,21.02.2026,25.02.2026,06.03.2026,06.03.2026,06.03.2026,01.04.2026,,A001,WH AHI JABABEKA
R100260220T003_A001,WINGBOX,20000000,0,0,0,0,0,20000000,A001 - WH AHI JABABEKA,PT.ORANG KREATIF EKSIS,7,ON SCHEDULE,39,0,06.04.2026,25.02.2026,02.03.2026,11.03.2026,11.03.2026,13.03.2026,13.03.2026,,A001,WH AHI JABABEKA
R100260220T004_A001,CONT-40,8750000,0,0,0,0,0,8750000,A001 - WH AHI JABABEKA,PT. CIKARANG GERBANG SOLUSI,6,LATE,30,164,23.03.2026,20.02.2026,01.03.2026,17.04.2026,20.04.2026,28.04.2026,24.06.2026,,A001,WH AHI JABABEKA
R100260220T005_A001,CONT-40,8750000,0,0,0,0,0,8750000,A001 - WH AHI JABABEKA,PT. CIKARANG GERBANG SOLUSI,6,LATE,30,164,23.03.2026,20.02.2026,01.03.2026,17.04.2026,20.04.2026,28.04.2026,24.06.2026,,A001,WH AHI JABABEKA
R100260220T006_A001,CONT-20,13950000,0,0,0,0,0,13950000,A001 - WH AHI JABABEKA,PT. SENTOSAPRIMA ABADI,7,ON SCHEDULE,41,0,10.04.2026,27.02.2026,04.03.2026,11.05.2026,11.05.2026,13.05.2026,20.05.2026,,A001,WH AHI JABABEKA
R100260220T009_A001,CONT-20,9000000,0,0,0,0,0,9000000,A001 - WH AHI JABABEKA,PT. TPIL LOGISTICS,7,ON SCHEDULE,39,0,01.04.2026,20.02.2026,05.03.2026,26.03.2026,26.03.2026,15.04.2026,15.04.2026,,A001,WH AHI JABABEKA
R100260220T010_A001,CONT-20,9000000,0,0,800000,0,0,9800000,A001 - WH AHI JABABEKA,PT. HAKKA HYDRO TIRTA,7,ON SCHEDULE,39,0,02.04.2026,21.02.2026,05.03.2026,19.05.2026,20.05.2026,10.06.2026,10.06.2026,,A001,WH AHI JABABEKA
R100260220T026_A001,WINGBOX,5600000,0,0,0,400000,0,6000000,A001 - WH AHI JABABEKA,PT. BINTANG SAMUDRA RAYA,7,ON SCHEDULE,30,0,25.03.2026,22.02.2026,25.02.2026,27.03.2026,30.03.2026,02.04.2026,02.04.2026,,A001,WH AHI JABABEKA
R100260220T037_A001,WINGBOX,6000000,0,0,0,0,0,6000000,A001 - WH AHI JABABEKA,PT.AMANAH TRANSMULIA MANDIRI LOGISTIK,7,ON SCHEDULE,30,0,24.03.2026,21.02.2026,25.02.2026,25.02.2026,25.02.2026,27.02.2026,27.02.2026,,A001,WH AHI JABABEKA
R100260220T038_A001,WINGBOX,7000000,0,0,0,0,0,7000000,A001 - WH AHI JABABEKA,PT. DUNIA EXPRESS TRANSINDO,7,ON SCHEDULE,30,0,24.03.2026,21.02.2026,25.02.2026,08.04.2026,08.04.2026,22.04.2026,22.04.2026,,A001,WH AHI JABABEKA
R100260221B001_A001,CDD LONG CHASSIS,3300000,0,0,0,0,0,3300000,A001 - WH AHI JABABEKA,PT. BINTANG SAMUDRA RAYA,7,ON SCHEDULE,26,0,22.03.2026,23.02.2026,02.03.2026,11.03.2026,11.03.2026,02.04.2026,15.04.2026,,A001,WH AHI JABABEKA
R100260221L005_A001,CONT-20,17400000,0,0,0,0,0,17400000,A001 - WH AHI JABABEKA,PT. TPIL LOGISTICS,7,ON SCHEDULE,43,0,09.04.2026,24.02.2026,04.03.2026,21.05.2026,22.05.2026,29.05.2026,29.05.2026,,A001,WH AHI JABABEKA
R100260221L006_A001,CONT-20,17400000,0,0,0,0,0,17400000,A001 - WH AHI JABABEKA,PT. TPIL LOGISTICS,7,ON SCHEDULE,43,0,08.04.2026,23.02.2026,04.03.2026,21.05.2026,22.05.2026,29.05.2026,29.05.2026,,A001,WH AHI JABABEKA
R100260221L007_A001,CONT-20,17400000,0,0,0,0,0,17400000,A001 - WH AHI JABABEKA,PT. TPIL LOGISTICS,7,ON SCHEDULE,43,0,08.04.2026,23.02.2026,04.03.2026,21.05.2026,22.05.2026,29.05.2026,29.05.2026,,A001,WH AHI JABABEKA
R100260221L008_A001,CONT-20,17400000,0,0,0,0,0,17400000,A001 - WH AHI JABABEKA,PT. TPIL LOGISTICS,7,ON SCHEDULE,43,0,09.04.2026,24.02.2026,04.03.2026,21.05.2026,22.05.2026,29.05.2026,29.05.2026,,A001,WH AHI JABABEKA
R100260221L009_A001,CONT-20,17400000,0,0,0,0,0,17400000,A001 - WH AHI JABABEKA,PT. TPIL LOGISTICS,7,ON SCHEDULE,43,0,09.04.2026,24.02.2026,04.03.2026,21.05.2026,22.05.2026,29.05.2026,29.05.2026,,A001,WH AHI JABABEKA
R100260221L010_A001,CONT-20,22700000,0,0,600000,0,0,23300000,A001 - WH AHI JABABEKA,PT. PAUS BIRU LOGISTIK,7,ON SCHEDULE,43,0,10.04.2026,25.02.2026,06.03.2026,23.04.2026,23.04.2026,23.04.2026,07.05.2026,,A001,WH AHI JABABEKA
R100260221L011_A001,FUSO,19350000,0,0,0,0,0,19350000,A001 - WH AHI JABABEKA,PT. SATRIA PIRANTI PERKASA,7,ON SCHEDULE,41,0,04.04.2026,21.02.2026,01.03.2026,26.03.2026,26.03.2026,02.04.2026,02.04.2026,,A001,WH AHI JABABEKA
R100260221L014_A001,CDD LONG CHASSIS,2350000,0,0,0,0,0,2350000,A001 - WH AHI JABABEKA,PT. BINTANG SAMUDRA RAYA,7,ON SCHEDULE,28,0,22.03.2026,21.02.2026,25.02.2026,02.03.2026,02.03.2026,05.03.2026,09.03.2026,,A001,WH AHI JABABEKA
R100260221L018_A001,CDD LONG CHASSIS,1725000,0,0,0,0,0,1725000,A001 - WH AHI JABABEKA,PT. BINTANG SAMUDRA RAYA,7,ON SCHEDULE,27,0,21.03.2026,21.02.2026,22.02.2026,02.03.2026,02.03.2026,05.03.2026,09.03.2026,,A001,WH AHI JABABEKA
R100260221L022_A001,CDD LONG CHASSIS,2250000,0,0,0,0,0,2250000,A001 - WH AHI JABABEKA,PT. BINTANG SAMUDRA RAYA,7,ON SCHEDULE,28,0,23.03.2026,22.02.2026,25.02.2026,02.03.2026,02.03.2026,05.03.2026,09.03.2026,,A001,WH AHI JABABEKA
R100260221L024_A001,CDD LONG CHASSIS,1725000,0,0,0,0,0,1725000,A001 - WH AHI JABABEKA,PT. BINTANG SAMUDRA RAYA,7,ON SCHEDULE,27,0,21.03.2026,21.02.2026,22.02.2026,02.03.2026,02.03.2026,05.03.2026,09.03.2026,,A001,WH AHI JABABEKA
R100260221L042_A001,CDD LONG CHASSIS,1400000,0,0,0,200000,0,1600000,A001 - WH AHI JABABEKA,PT. BINTANG SAMUDRA RAYA,7,ON SCHEDULE,27,0,21.03.2026,21.02.2026,22.02.2026,09.03.2026,09.03.2026,10.03.2026,10.03.2026,,A001,WH AHI JABABEKA
R100260221L057_A001,CDD LONG CHASSIS,1400000,0,0,0,200000,0,1600000,A001 - WH AHI JABABEKA,PT. BINTANG SAMUDRA RAYA,7,ON SCHEDULE,28,0,22.03.2026,21.02.2026,22.02.2026,10.03.2026,10.03.2026,10.03.2026,12.03.2026,,A001,WH AHI JABABEKA
R100260221L089_A001,CDD LONG CHASSIS,2350000,0,0,0,0,0,2350000,A001 - WH AHI JABABEKA,PT. BINTANG SAMUDRA RAYA,7,ON SCHEDULE,28,0,22.03.2026,21.02.2026,25.02.2026,02.03.2026,02.03.2026,05.03.2026,09.03.2026,,A001,WH AHI JABABEKA
R100260221T002_A001,WINGBOX,20000000,0,0,0,0,0,20000000,A001 - WH AHI JABABEKA,PT.ORANG KREATIF EKSIS,7,ON SCHEDULE,39,0,07.04.2026,26.02.2026,03.03.2026,30.03.2026,30.03.2026,07.04.2026,07.04.2026,,A001,WH AHI JABABEKA
R100260221T003_A001,CONT-20,13950000,0,0,0,0,0,13950000,A001 - WH AHI JABABEKA,PT. SENTOSAPRIMA ABADI,7,ON SCHEDULE,41,0,11.04.2026,28.02.2026,11.03.2026,06.05.2026,07.05.2026,08.05.2026,29.05.2026,,A001,WH AHI JABABEKA
R100260221T004_A001,CONT-20,9000000,0,0,800000,0,0,9800000,A001 - WH AHI JABABEKA,PT. HAKKA HYDRO TIRTA,7,ON SCHEDULE,39,0,02.04.2026,21.02.2026,05.03.2026,19.05.2026,20.05.2026,10.06.2026,10.06.2026,,A001,WH AHI JABABEKA
R100260221T015_A001,CONT-40,8750000,0,0,0,0,0,8750000,A001 - WH AHI JABABEKA,PT. CIKARANG GERBANG SOLUSI,7,ON SCHEDULE,30,0,24.03.2026,21.02.2026,01.03.2026,17.04.2026,17.04.2026,17.04.2026,17.04.2026,,A001,WH AHI JABABEKA
R100260221T016_A001,CONT-40,8750000,0,0,0,0,0,8750000,A001 - WH AHI JABABEKA,PT. CIKARANG GERBANG SOLUSI,7,ON SCHEDULE,30,0,24.03.2026,21.02.2026,01.03.2026,17.04.2026,17.04.2026,17.04.2026,17.04.2026,,A001,WH AHI JABABEKA
R100260221T032_A001,WINGBOX,5600000,0,0,0,0,0,5600000,A001 - WH AHI JABABEKA,PT. BINTANG SAMUDRA RAYA,7,ON SCHEDULE,30,0,24.03.2026,21.02.2026,25.02.2026,02.03.2026,02.03.2026,05.03.2026,09.03.2026,,A001,WH AHI JABABEKA
R100260221T033_A001,CONT-20,3900000,0,0,0,0,0,3900000,A001 - WH AHI JABABEKA,PT. JATIM PETROLEUM TRANSPORT,7,ON SCHEDULE,30,0,25.03.2026,22.02.2026,26.02.2026,27.03.2026,29.03.2026,04.05.2026,04.05.2026,,A001,WH AHI JABABEKA
R100260221T034_A001,CONT-20,3900000,0,0,0,0,0,3900000,A001 - WH AHI JABABEKA,PT. JATIM PETROLEUM TRANSPORT,7,ON SCHEDULE,30,0,24.03.2026,21.02.2026,26.02.2026,27.03.2026,29.03.2026,04.05.2026,04.05.2026,,A001,WH AHI JABABEKA
R100260221T035_A001,CONT-20,3900000,0,0,0,0,0,3900000,A001 - WH AHI JABABEKA,PT. JATIM PETROLEUM TRANSPORT,7,ON SCHEDULE,30,0,25.03.2026,22.02.2026,26.02.2026,27.03.2026,29.03.2026,04.05.2026,04.05.2026,,A001,WH AHI JABABEKA
R100260221T065_A001,CONT-20,3900000,0,0,0,0,0,3900000,A001 - WH AHI JABABEKA,PT. JATIM PETROLEUM TRANSPORT,7,ON SCHEDULE,30,0,30.03.2026,27.02.2026,01.03.2026,27.03.2026,29.03.2026,04.05.2026,04.05.2026,,A001,WH AHI JABABEKA
R100260221T066_A001,CONT-20,3900000,0,0,0,0,0,3900000,A001 - WH AHI JABABEKA,PT. JATIM PETROLEUM TRANSPORT,7,ON SCHEDULE,30,0,25.03.2026,22.02.2026,26.02.2026,27.03.2026,29.03.2026,04.05.2026,04.05.2026,,A001,WH AHI JABABEKA
R100260221T067_A001,CONT-20,3900000,0,0,0,0,0,3900000,A001 - WH AHI JABABEKA,PT. JATIM PETROLEUM TRANSPORT,7,ON SCHEDULE,30,0,25.03.2026,22.02.2026,26.02.2026,27.03.2026,29.03.2026,04.05.2026,04.05.2026,,A001,WH AHI JABABEKA
R100260222L003_A001,CONT-20,9000000,0,0,800000,0,0,9800000,A001 - WH AHI JABABEKA,PT. HAKKA HYDRO TIRTA,7,ON SCHEDULE,39,0,03.04.2026,22.02.2026,05.03.2026,20.05.2026,20.05.2026,10.06.2026,10.06.2026,,A001,WH AHI JABABEKA
R100260222L004_A001,CONT-20,9000000,0,0,0,0,0,9000000,A001 - WH AHI JABABEKA,PT. TPIL LOGISTICS,7,ON SCHEDULE,39,0,03.04.2026,22.02.2026,05.03.2026,26.03.2026,26.03.2026,15.04.2026,15.04.2026,,A001,WH AHI JABABEKA
R100260222L005_A001,CONT-20,9000000,0,0,0,0,0,9000000,A001 - WH AHI JABABEKA,PT. TPIL LOGISTICS,7,ON SCHEDULE,39,0,03.04.2026,22.02.2026,05.03.2026,26.03.2026,26.03.2026,30.04.2026,30.04.2026,,A001,WH AHI JABABEKA
R100260222L006_A001,CONT-20,16100000,0,0,0,0,0,16100000,A001 - WH AHI JABABEKA,PT. SENTOSAPRIMA ABADI,7,ON SCHEDULE,41,0,05.04.2026,22.02.2026,11.03.2026,27.04.2026,28.04.2026,30.04.2026,30.04.2026,,A001,WH AHI JABABEKA
R100260222L007_A001,CONT-20,18200000,0,0,0,0,0,18200000,A001 - WH AHI JABABEKA,PT. PAUS BIRU LOGISTIK,7,ON SCHEDULE,41,0,07.04.2026,24.02.2026,17.03.2026,14.04.2026,15.04.2026,15.04.2026,15.04.2026,,A001,WH AHI JABABEKA
R100260222L008_A001,CONT-20,18200000,0,0,0,0,0,18200000,A001 - WH AHI JABABEKA,PT. PAUS BIRU LOGISTIK,7,ON SCHEDULE,41,0,10.04.2026,27.02.2026,14.03.2026,14.04.2026,15.04.2026,15.04.2026,15.04.2026,,A001,WH AHI JABABEKA
R100260222L009_A001,CONT-20,14300000,0,0,600000,0,0,14900000,A001 - WH AHI JABABEKA,PT. PAUS BIRU LOGISTIK,7,ON SCHEDULE,42,0,09.04.2026,25.02.2026,06.03.2026,17.04.2026,17.04.2026,23.04.2026,27.04.2026,,A001,WH AHI JABABEKA
R100260222L010_A001,CONT-20,15000000,0,0,0,0,0,15000000,A001 - WH AHI JABABEKA,PT. SENTOSAPRIMA ABADI,7,ON SCHEDULE,39,0,05.04.2026,24.02.2026,08.03.2026,11.05.2026,11.05.2026,15.05.2026,15.05.2026,,A001,WH AHI JABABEKA
R100260222L017_A001,FUSO,20500000,0,0,0,300000,0,20800000,A001 - WH AHI JABABEKA,PT. SATRIA PIRANTI PERKASA,7,ON SCHEDULE,31,0,28.03.2026,24.02.2026,02.03.2026,31.03.2026,01.04.2026,01.04.2026,01.04.2026,,A001,WH AHI JABABEKA
R100260222L021_A001,CDD LONG CHASSIS,2850000,0,0,0,0,0,2850000,A001 - WH AHI JABABEKA,PT. BINTANG SAMUDRA RAYA,7,ON SCHEDULE,28,0,23.03.2026,22.02.2026,25.02.2026,02.03.2026,02.03.2026,05.03.2026,09.03.2026,,A001,WH AHI JABABEKA
R100260222L025_A001,CDD LONG CHASSIS,1725000,0,0,0,0,0,1725000,A001 - WH AHI JABABEKA,PT. BINTANG SAMUDRA RAYA,7,ON SCHEDULE,27,0,23.03.2026,23.02.2026,25.02.2026,02.03.2026,02.03.2026,06.03.2026,09.03.2026,,A001,WH AHI JABABEKA
R100260222L026_A001,CDD LONG CHASSIS,1400000,0,0,0,200000,0,1600000,A001 - WH AHI JABABEKA,PT. BINTANG SAMUDRA RAYA,7,ON SCHEDULE,28,0,24.03.2026,23.02.2026,25.02.2026,09.03.2026,09.03.2026,10.03.2026,10.03.2026,,A001,WH AHI JABABEKA
R100260222L027_A001,CDD LONG CHASSIS,1400000,0,0,0,200000,0,1600000,A001 - WH AHI JABABEKA,PT. BINTANG SAMUDRA RAYA,7,ON SCHEDULE,28,0,24.03.2026,23.02.2026,25.02.2026,09.03.2026,09.03.2026,10.03.2026,10.03.2026,,A001,WH AHI JABABEKA
R100260222L044_A001,CDD LONG CHASSIS,1400000,0,0,0,200000,0,1600000,A001 - WH AHI JABABEKA,PT. BINTANG SAMUDRA RAYA,7,ON SCHEDULE,28,0,26.03.2026,25.02.2026,26.02.2026,09.03.2026,09.03.2026,10.03.2026,10.03.2026,,A001,WH AHI JABABEKA
R100260222L045_A001,CDD LONG CHASSIS,4900000,0,0,0,150000,0,5050000,A001 - WH AHI JABABEKA,PT.ORANG KREATIF EKSIS,7,ON SCHEDULE,28,0,23.03.2026,22.02.2026,25.02.2026,03.03.2026,03.03.2026,10.03.2026,10.03.2026,,A001,WH AHI JABABEKA
R100260222L046_A001,CDD LONG CHASSIS,4900000,0,0,0,0,0,4900000,A001 - WH AHI JABABEKA,PT.ORANG KREATIF EKSIS,7,ON SCHEDULE,28,0,24.03.2026,23.02.2026,25.02.2026,03.03.2026,03.03.2026,10.03.2026,10.03.2026,,A001,WH AHI JABABEKA
R100260222L068_A001,CDD LONG CHASSIS,3600000,0,0,0,0,0,3600000,A001 - WH AHI JABABEKA,PT. BINTANG SAMUDRA RAYA,7,ON SCHEDULE,28,0,23.03.2026,22.02.2026,25.02.2026,02.03.2026,02.03.2026,05.03.2026,09.03.2026,,A001,WH AHI JABABEKA
R100260222L075_A001,CDD LONG CHASSIS,1725000,0,0,0,0,0,1725000,A001 - WH AHI JABABEKA,PT. BINTANG SAMUDRA RAYA,7,ON SCHEDULE,27,0,22.03.2026,22.02.2026,25.02.2026,02.03.2026,02.03.2026,05.03.2026,09.03.2026,,A001,WH AHI JABABEKA
R100260222T002_A001,WINGBOX,24000000,0,0,0,0,0,24000000,A001 - WH AHI JABABEKA,PT. CITRA SENTRAL EKSPRES,7,ON SCHEDULE,39,0,07.04.2026,26.02.2026,06.03.2026,02.04.2026,03.04.2026,06.04.2026,06.04.2026,,A001,WH AHI JABABEKA
R100260222T003_A001,CONT-20,9000000,0,0,800000,0,0,9800000,A001 - WH AHI JABABEKA,PT. HAKKA HYDRO TIRTA,7,ON SCHEDULE,40,0,05.04.2026,23.02.2026,05.03.2026,08.04.2026,08.04.2026,08.04.2026,08.04.2026,,A001,WH AHI JABABEKA
R100260222T005_A001,WINGBOX,5650000,0,0,0,0,0,5650000,A001 - WH AHI JABABEKA,PT. DUTA MEDIA MANDIRI,7,ON SCHEDULE,30,0,27.03.2026,24.02.2026,27.02.2026,02.03.2026,02.03.2026,03.03.2026,03.03.2026,,A001,WH AHI JABABEKA
R100260222T006_A001,CONT-40,8750000,0,0,0,0,0,8750000,A001 - WH AHI JABABEKA,PT. CIKARANG GERBANG SOLUSI,6,LATE,30,162,26.03.2026,23.02.2026,01.03.2026,29.05.2026,29.05.2026,07.07.2026,07.07.2026,,A001,WH AHI JABABEKA
R100260222T007_A001,CONT-40,8750000,0,0,0,0,0,8750000,A001 - WH AHI JABABEKA,PT. CIKARANG GERBANG SOLUSI,6,LATE,30,162,26.03.2026,23.02.2026,01.03.2026,29.05.2026,29.05.2026,07.07.2026,07.07.2026,,A001,WH AHI JABABEKA
R100260222T008_A001,WINGBOX,5600000,0,0,0,400000,0,6000000,A001 - WH AHI JABABEKA,PT. BINTANG SAMUDRA RAYA,7,ON SCHEDULE,30,0,26.03.2026,23.02.2026,26.02.2026,10.03.2026,10.03.2026,10.03.2026,12.03.2026,,A001,WH AHI JABABEKA
R100260222T009_A001,CONT-40,8750000,0,0,0,0,0,8750000,A001 - WH AHI JABABEKA,PT. CIKARANG GERBANG SOLUSI,6,LATE,30,162,26.03.2026,23.02.2026,01.03.2026,29.05.2026,29.05.2026,07.07.2026,07.07.2026,,A001,WH AHI JABABEKA
R100260222T010_A001,CONT-40,8750000,0,0,0,0,0,8750000,A001 - WH AHI JABABEKA,PT. CIKARANG GERBANG SOLUSI,6,LATE,30,162,26.03.2026,23.02.2026,01.03.2026,29.05.2026,29.05.2026,07.07.2026,07.07.2026,,A001,WH AHI JABABEKA
R100260223L001_A001,CONT-20,15500000,0,0,600000,0,0,16100000,A001 - WH AHI JABABEKA,PT. PAUS BIRU LOGISTIK,7,ON SCHEDULE,42,0,12.04.2026,28.02.2026,10.03.2026,24.04.2026,24.04.2026,28.04.2026,29.04.2026,,A001,WH AHI JABABEKA
R100260223L002_A001,CONT-20,14300000,0,0,600000,0,0,14900000,A001 - WH AHI JABABEKA,PT. PAUS BIRU LOGISTIK,7,ON SCHEDULE,42,0,11.04.2026,27.02.2026,06.03.2026,29.04.2026,29.04.2026,21.05.2026,25.05.2026,,A001,WH AHI JABABEKA
R100260223L003_A001,CONT-20,18600000,0,0,0,0,0,18600000,A001 - WH AHI JABABEKA,PT. PAUS BIRU LOGISTIK,7,ON SCHEDULE,42,0,12.04.2026,28.02.2026,11.03.2026,24.04.2026,24.04.2026,28.04.2026,08.05.2026,,A001,WH AHI JABABEKA
R100260223L004_A001,CONT-20,18600000,0,0,0,0,0,18600000,A001 - WH AHI JABABEKA,PT. PAUS BIRU LOGISTIK,7,ON SCHEDULE,42,0,12.04.2026,28.02.2026,11.03.2026,24.04.2026,24.04.2026,28.04.2026,08.05.2026,,A001,WH AHI JABABEKA
R100260223L006_A001,CONT-20,20800000,0,0,0,0,0,20800000,A001 - WH AHI JABABEKA,PT. PAUS BIRU LOGISTIK,7,ON SCHEDULE,43,0,09.04.2026,24.02.2026,06.03.2026,16.04.2026,16.04.2026,17.04.2026,17.04.2026,,A001,WH AHI JABABEKA
R100260223L007_A001,CONT-20,16600000,0,0,0,0,0,16600000,A001 - WH AHI JABABEKA,PT. TPIL LOGISTICS,7,ON SCHEDULE,43,0,11.04.2026,26.02.2026,04.03.2026,25.05.2026,25.05.2026,29.05.2026,29.05.2026,,A001,WH AHI JABABEKA
R100260223L008_A001,CONT-20,16600000,0,0,0,0,0,16600000,A001 - WH AHI JABABEKA,PT. TPIL LOGISTICS,6,LATE,43,159,10.04.2026,25.02.2026,04.03.2026,21.05.2026,22.05.2026,29.05.2026,30.06.2026,,A001,WH AHI JABABEKA
R100260223L009_A001,CONT-20,20800000,0,0,0,0,0,20800000,A001 - WH AHI JABABEKA,PT. PAUS BIRU LOGISTIK,7,ON SCHEDULE,43,0,12.04.2026,27.02.2026,06.03.2026,17.04.2026,17.04.2026,24.04.2026,27.04.2026,,A001,WH AHI JABABEKA
R100260223L043_A001,CDD LONG CHASSIS,3900000,0,0,0,400000,0,4300000,A001 - WH AHI JABABEKA,PT. BINTANG SAMUDRA RAYA,7,ON SCHEDULE,28,0,24.03.2026,23.02.2026,25.02.2026,09.03.2026,09.03.2026,10.03.2026,10.03.2026,,A001,WH AHI JABABEKA
R100260223L044_A001,CDD LONG CHASSIS,3100000,0,0,0,0,0,3100000,A001 - WH AHI JABABEKA,PT. BINTANG SAMUDRA RAYA,7,ON SCHEDULE,29,0,25.03.2026,23.02.2026,25.02.2026,02.03.2026,02.03.2026,06.03.2026,09.03.2026,,A001,WH AHI JABABEKA
R100260223L045_A001,FUSO,11500000,0,0,0,200000,0,11700000,A001 - WH AHI JABABEKA,PT. SATRIA PIRANTI PERKASA,7,ON SCHEDULE,27,0,24.03.2026,24.02.2026,01.03.2026,26.03.2026,30.03.2026,02.04.2026,02.04.2026,,A001,WH AHI JABABEKA
R100260223L049_A001,FUSO,19350000,0,0,0,200000,0,19550000,A001 - WH AHI JABABEKA,PT. SATRIA PIRANTI PERKASA,7,ON SCHEDULE,41,0,08.04.2026,25.02.2026,02.03.2026,26.03.2026,30.03.2026,02.04.2026,02.04.2026,,A001,WH AHI JABABEKA
R100260223L050_A001,FUSO,14750000,0,0,0,400000,0,15150000,A001 - WH AHI JABABEKA,PT. SATRIA PIRANTI PERKASA,7,ON SCHEDULE,41,0,07.04.2026,24.02.2026,01.03.2026,11.03.2026,11.03.2026,25.03.2026,25.03.2026,,A001,WH AHI JABABEKA
R100260223L051_A001,CDD LONG CHASSIS,2350000,0,0,0,0,0,2350000,A001 - WH AHI JABABEKA,PT. BINTANG SAMUDRA RAYA,7,ON SCHEDULE,28,0,25.03.2026,24.02.2026,26.02.2026,02.03.2026,02.03.2026,06.03.2026,09.03.2026,,A001,WH AHI JABABEKA
R100260223L056_A001,CDD LONG CHASSIS,3500000,0,0,0,300000,0,3800000,A001 - WH AHI JABABEKA,PT.DHANESWARA EXPRES,7,ON SCHEDULE,28,0,25.03.2026,24.02.2026,26.02.2026,06.03.2026,06.03.2026,09.03.2026,09.03.2026,,A001,WH AHI JABABEKA
R100260223L098_A001,CDD LONG CHASSIS,2850000,0,0,0,0,0,2850000,A001 - WH AHI JABABEKA,PT. BINTANG SAMUDRA RAYA,7,ON SCHEDULE,28,0,25.03.2026,24.02.2026,26.02.2026,05.03.2026,05.03.2026,06.03.2026,09.03.2026,,A001,WH AHI JABABEKA
R100260223L099_A001,FUSO,15250000,0,0,0,250000,0,15500000,A001 - WH AHI JABABEKA,PT LOGISTIK CANGGIH INDONESIA,7,ON SCHEDULE,31,0,28.03.2026,24.02.2026,01.03.2026,05.03.2026,05.03.2026,13.03.2026,13.03.2026,,A001,WH AHI JABABEKA
R100260223L100_A001,CDD LONG CHASSIS,5800000,0,0,0,200000,0,6000000,A001 - WH AHI JABABEKA,PT. AGUNG MAKMUR JAYA,7,ON SCHEDULE,28,0,25.03.2026,24.02.2026,26.02.2026,02.03.2026,03.03.2026,14.04.2026,21.04.2026,,A001,WH AHI JABABEKA
R100260223L100_A001,CDD LONG CHASSIS,5800000,0,0,0,200000,0,6000000,A001 - WH AHI JABABEKA,PT. AGUNG MAKMUR JAYA,7,ON SCHEDULE,28,0,25.03.2026,24.02.2026,26.02.2026,02.03.2026,03.03.2026,14.04.2026,21.04.2026,,A001,WH AHI JABABEKA
R100260223L100_A001,CDD LONG CHASSIS,5800000,0,0,0,200000,0,6000000,A001 - WH AHI JABABEKA,PT. AGUNG MAKMUR JAYA,7,ON SCHEDULE,28,0,25.03.2026,24.02.2026,26.02.2026,02.03.2026,03.03.2026,14.04.2026,21.04.2026,,A001,WH AHI JABABEKA
R100260223L101_A001,FUSO,14950000,0,0,0,348000,0,15298000,A001 - WH AHI JABABEKA,PT. DUTA LINTAS NUSA,7,ON SCHEDULE,41,0,08.04.2026,25.02.2026,02.03.2026,12.03.2026,12.03.2026,26.03.2026,26.03.2026,,A001,WH AHI JABABEKA
R100260223L102_A001,FUSO,19550000,0,0,0,522000,0,20072000,A001 - WH AHI JABABEKA,PT. DUTA LINTAS NUSA,7,ON SCHEDULE,31,0,29.03.2026,25.02.2026,02.03.2026,13.04.2026,14.04.2026,28.04.2026,29.04.2026,,A001,WH AHI JABABEKA
R100260223T002_A001,WINGBOX,24000000,0,0,0,0,0,24000000,A001 - WH AHI JABABEKA,PT. CITRA SENTRAL EKSPRES,7,ON SCHEDULE,39,0,07.04.2026,26.02.2026,04.03.2026,02.04.2026,03.04.2026,06.04.2026,06.04.2026,,A001,WH AHI JABABEKA
R100260223T003_A001,CONT-40,8750000,0,0,0,0,0,8750000,A001 - WH AHI JABABEKA,PT. CIKARANG GERBANG SOLUSI,6,LATE,30,161,26.03.2026,23.02.2026,03.03.2026,24.06.2026,25.06.2026,29.06.2026,07.07.2026,,A001,WH AHI JABABEKA
R100260223T004_A001,CONT-40,8750000,0,0,0,0,0,8750000,A001 - WH AHI JABABEKA,PT. CIKARANG GERBANG SOLUSI,6,LATE,30,161,26.03.2026,23.02.2026,03.03.2026,24.06.2026,25.06.2026,29.06.2026,07.07.2026,,A001,WH AHI JABABEKA
R100260223T005_A001,CONT-40,8750000,0,0,0,0,0,8750000,A001 - WH AHI JABABEKA,PT. CIKARANG GERBANG SOLUSI,6,LATE,30,161,27.03.2026,24.02.2026,03.03.2026,24.06.2026,25.06.2026,29.06.2026,07.07.2026,,A001,WH AHI JABABEKA
R100260223T006_A001,CONT-40,8750000,0,0,0,0,0,8750000,A001 - WH AHI JABABEKA,PT. CIKARANG GERBANG SOLUSI,6,LATE,30,160,27.03.2026,24.02.2026,03.03.2026,24.06.2026,25.06.2026,29.06.2026,07.07.2026,,A001,WH AHI JABABEKA
R100260223T012_A001,WINGBOX,5600000,0,0,0,0,0,5600000,A001 - WH AHI JABABEKA,PT. BINTANG SAMUDRA RAYA,7,ON SCHEDULE,30,0,27.03.2026,24.02.2026,27.02.2026,05.03.2026,05.03.2026,06.03.2026,09.03.2026,,A001,WH AHI JABABEKA
R100260223T013_A001,WINGBOX,5600000,0,0,0,0,0,5600000,A001 - WH AHI JABABEKA,PT. BINTANG SAMUDRA RAYA,7,ON SCHEDULE,30,0,27.03.2026,24.02.2026,01.03.2026,03.03.2026,03.03.2026,06.03.2026,09.03.2026,,A001,WH AHI JABABEKA
R100260223T037_A001,CONT-20,13800000,0,0,0,0,0,13800000,A001 - WH AHI JABABEKA,PT. SENTOSAPRIMA ABADI,7,ON SCHEDULE,39,0,05.04.2026,24.02.2026,10.03.2026,27.04.2026,28.04.2026,28.04.2026,28.04.2026,,A001,WH AHI JABABEKA
R100260224B004_A001,CDD LONG CHASSIS,3500000,0,0,0,0,0,3500000,A001 - WH AHI JABABEKA,PT. CEHA LOGISTIK CEMERLANG,7,ON SCHEDULE,26,0,24.03.2026,25.02.2026,27.02.2026,06.03.2026,06.03.2026,06.03.2026,01.04.2026,,A001,WH AHI JABABEKA
R100260224L003_A001,CONT-20,16100000,0,0,0,0,0,16100000,A001 - WH AHI JABABEKA,PT. SENTOSAPRIMA ABADI,7,ON SCHEDULE,41,0,07.04.2026,24.02.2026,11.03.2026,27.04.2026,28.04.2026,30.04.2026,30.04.2026,,A001,WH AHI JABABEKA
R100260224L007_A001,CONT-20,16000000,0,0,0,0,0,16000000,A001 - WH AHI JABABEKA,PT. MITRA INTERTRANS FORWARDING,7,ON SCHEDULE,52,0,21.04.2026,27.02.2026,27.03.2026,27.04.2026,28.04.2026,28.04.2026,28.04.2026,,A001,WH AHI JABABEKA
R100260224L009_A001,WINGBOX,33000000,0,0,0,0,0,33000000,A001 - WH AHI JABABEKA,PT. CITRA SENTRAL EKSPRES,7,ON SCHEDULE,48,0,18.04.2026,28.02.2026,08.03.2026,02.04.2026,03.04.2026,06.04.2026,06.04.2026,,A001,WH AHI JABABEKA
R100260224L042_A001,CONT-20,13300000,0,0,0,0,0,13300000,A001 - WH AHI JABABEKA,PT. HAKKA HYDRO TIRTA,7,ON SCHEDULE,41,0,09.04.2026,26.02.2026,10.03.2026,30.03.2026,30.03.2026,31.03.2026,31.03.2026,,A001,WH AHI JABABEKA
R100260224L071_A001,CDD LONG CHASSIS,3600000,0,0,0,300000,0,3900000,A001 - WH AHI JABABEKA,PT. BINTANG SAMUDRA RAYA,7,ON SCHEDULE,28,0,26.03.2026,25.02.2026,27.02.2026,09.03.2026,09.03.2026,10.03.2026,10.03.2026,,A001,WH AHI JABABEKA
R100260224L072_A001,FUSO,5500000,0,0,500000,175000,0,6175000,A001 - WH AHI JABABEKA,PT. DUTA MEDIA MANDIRI,7,ON SCHEDULE,30,0,28.03.2026,25.02.2026,01.03.2026,09.03.2026,09.03.2026,10.03.2026,26.03.2026,,A001,WH AHI JABABEKA
R100260224L073_A001,FUSO,19550000,0,0,0,348000,0,19898000,A001 - WH AHI JABABEKA,PT. DUTA LINTAS NUSA,7,ON SCHEDULE,41,0,08.04.2026,25.02.2026,02.03.2026,13.04.2026,13.04.2026,28.04.2026,18.05.2026,,A001,WH AHI JABABEKA
R100260224L075_A001,CONT-20,10500000,0,0,400000,0,0,10900000,A001 - WH AHI JABABEKA,PT. HAKKA HYDRO TIRTA,7,ON SCHEDULE,40,0,06.04.2026,24.02.2026,17.03.2026,10.04.2026,10.04.2026,10.04.2026,10.04.2026,,A001,WH AHI JABABEKA
R100260224L095_A001,CONT-20,13800000,0,0,0,0,0,13800000,A001 - WH AHI JABABEKA,PT. SENTOSAPRIMA ABADI,7,ON SCHEDULE,39,0,06.04.2026,25.02.2026,10.03.2026,27.04.2026,28.04.2026,28.04.2026,28.04.2026,,A001,WH AHI JABABEKA
R100260224L098_A001,CDD LONG CHASSIS,5800000,0,0,0,100000,0,5900000,A001 - WH AHI JABABEKA,PT. AGUNG MAKMUR JAYA,7,ON SCHEDULE,28,0,26.03.2026,25.02.2026,26.02.2026,03.03.2026,04.03.2026,04.03.2026,10.03.2026,,A001,WH AHI JABABEKA
R100260224L098_A001,CDD LONG CHASSIS,5800000,0,0,0,100000,0,5900000,A001 - WH AHI JABABEKA,PT. AGUNG MAKMUR JAYA,7,ON SCHEDULE,28,0,26.03.2026,25.02.2026,26.02.2026,03.03.2026,04.03.2026,04.03.2026,10.03.2026,,A001,WH AHI JABABEKA
R100260224L098_A001,CDD LONG CHASSIS,5800000,0,0,0,100000,0,5900000,A001 - WH AHI JABABEKA,PT. AGUNG MAKMUR JAYA,7,ON SCHEDULE,28,0,26.03.2026,25.02.2026,26.02.2026,03.03.2026,04.03.2026,04.03.2026,10.03.2026,,A001,WH AHI JABABEKA
R100260224T002_A001,WINGBOX,20000000,0,0,0,0,0,20000000,A001 - WH AHI JABABEKA,PT.ORANG KREATIF EKSIS,7,ON SCHEDULE,39,0,08.04.2026,27.02.2026,17.03.2026,30.03.2026,30.03.2026,07.04.2026,07.04.2026,,A001,WH AHI JABABEKA
R100260224T004_A001,CONT-40,8750000,0,0,0,0,0,8750000,A001 - WH AHI JABABEKA,PT. CIKARANG GERBANG SOLUSI,4,LATE,18,160,15.03.2026,24.02.2026,04.03.2026,07.07.2026,07.07.2026,,,,A001,WH AHI JABABEKA
R100260224T005_A001,CONT-40,8750000,0,0,0,0,0,8750000,A001 - WH AHI JABABEKA,PT. CIKARANG GERBANG SOLUSI,4,LATE,18,160,16.03.2026,25.02.2026,03.03.2026,07.07.2026,07.07.2026,,,,A001,WH AHI JABABEKA
R100260224T006_A001,CONT-40,8750000,0,0,0,0,0,8750000,A001 - WH AHI JABABEKA,PT. CIKARANG GERBANG SOLUSI,4,LATE,18,160,16.03.2026,25.02.2026,03.03.2026,07.07.2026,07.07.2026,,,,A001,WH AHI JABABEKA
R100260224T007_A001,CONT-40,8750000,0,0,0,0,0,8750000,A001 - WH AHI JABABEKA,PT. CIKARANG GERBANG SOLUSI,4,LATE,18,160,16.03.2026,25.02.2026,03.03.2026,07.07.2026,07.07.2026,,,,A001,WH AHI JABABEKA
R100260224T032_A001,CONT-40,8750000,0,0,0,0,0,8750000,A001 - WH AHI JABABEKA,PT. CIKARANG GERBANG SOLUSI,6,LATE,30,159,28.03.2026,25.02.2026,03.03.2026,29.04.2026,29.04.2026,22.06.2026,06.07.2026,,A001,WH AHI JABABEKA
R100260224T033_A001,CONT-40,8750000,0,0,0,0,0,8750000,A001 - WH AHI JABABEKA,PT. CIKARANG GERBANG SOLUSI,6,LATE,30,159,28.03.2026,25.02.2026,08.03.2026,29.04.2026,29.04.2026,22.06.2026,06.07.2026,,A001,WH AHI JABABEKA
R100260225B003_A001,CDD LONG CHASSIS,5750000,0,0,0,0,2250000,8000000,A001 - WH AHI JABABEKA,PT. DUTA LINTAS NUSA,7,ON SCHEDULE,26,0,25.03.2026,26.02.2026,01.03.2026,27.03.2026,30.03.2026,15.04.2026,21.04.2026,,A001,WH AHI JABABEKA
R100260225B004_A001,CDD LONG CHASSIS,5750000,0,0,0,0,2250000,8000000,A001 - WH AHI JABABEKA,PT. DUTA LINTAS NUSA,7,ON SCHEDULE,26,0,25.03.2026,26.02.2026,01.03.2026,27.03.2026,30.03.2026,15.04.2026,21.04.2026,,A001,WH AHI JABABEKA
R100260225B005_A001,CDD LONG CHASSIS,5750000,0,0,0,0,2250000,8000000,A001 - WH AHI JABABEKA,PT. DUTA LINTAS NUSA,7,ON SCHEDULE,26,0,26.03.2026,27.02.2026,02.03.2026,30.03.2026,30.03.2026,15.04.2026,21.04.2026,,A001,WH AHI JABABEKA
R100260225L002_A001,CONT-20,14300000,0,0,600000,0,0,14900000,A001 - WH AHI JABABEKA,PT. PAUS BIRU LOGISTIK,7,ON SCHEDULE,42,0,12.04.2026,28.02.2026,10.03.2026,24.04.2026,24.04.2026,28.04.2026,08.05.2026,,A001,WH AHI JABABEKA
R100260225L004_A001,FUSO,12500000,0,350000,0,0,0,12850000,A001 - WH AHI JABABEKA,PT.DHANESWARA EXPRES,7,ON SCHEDULE,31,0,30.03.2026,26.02.2026,02.03.2026,13.03.2026,13.03.2026,02.04.2026,06.04.2026,,A001,WH AHI JABABEKA
R100260225L030_A001,CDD LONG CHASSIS,3100000,0,0,0,400000,0,3500000,A001 - WH AHI JABABEKA,PT. BINTANG SAMUDRA RAYA,7,ON SCHEDULE,29,0,27.03.2026,25.02.2026,27.02.2026,09.03.2026,09.03.2026,10.03.2026,10.03.2026,,A001,WH AHI JABABEKA
R100260225L031_A001,CONT-20,14600000,0,0,0,0,0,14600000,A001 - WH AHI JABABEKA,PT. MITRA INTERTRANS FORWARDING,7,ON SCHEDULE,38,0,07.04.2026,27.02.2026,11.03.2026,24.04.2026,24.04.2026,27.04.2026,27.04.2026,,A001,WH AHI JABABEKA
R100260225L034_A001,CDD LONG CHASSIS,2350000,0,0,0,0,0,2350000,A001 - WH AHI JABABEKA,PT. BINTANG SAMUDRA RAYA,7,ON SCHEDULE,28,0,26.03.2026,25.02.2026,27.02.2026,02.03.2026,02.03.2026,06.03.2026,09.03.2026,,A001,WH AHI JABABEKA
R100260225L036_A001,CONT-20,20800000,0,0,0,0,0,20800000,A001 - WH AHI JABABEKA,PT. PAUS BIRU LOGISTIK,7,ON SCHEDULE,43,0,12.04.2026,27.02.2026,14.03.2026,17.04.2026,17.04.2026,24.04.2026,27.04.2026,,A001,WH AHI JABABEKA
R100260225L039_A001,CDD LONG CHASSIS,4900000,0,0,0,150000,0,5050000,A001 - WH AHI JABABEKA,PT.ORANG KREATIF EKSIS,7,ON SCHEDULE,28,0,27.03.2026,26.02.2026,,05.03.2026,05.03.2026,10.03.2026,10.03.2026,,A001,WH AHI JABABEKA
R100260225L039_A001,CDD LONG CHASSIS,4900000,0,0,0,150000,0,5050000,A001 - WH AHI JABABEKA,PT.ORANG KREATIF EKSIS,7,ON SCHEDULE,28,0,27.03.2026,26.02.2026,,05.03.2026,05.03.2026,10.03.2026,10.03.2026,,A001,WH AHI JABABEKA
R100260225L042_A001,CONT-20,15500000,0,0,0,0,0,15500000,A001 - WH AHI JABABEKA,PT. WIDYA TRANS CARGO,7,ON SCHEDULE,43,0,12.04.2026,27.02.2026,14.03.2026,09.04.2026,10.04.2026,15.04.2026,15.04.2026,,A001,WH AHI JABABEKA
R100260225L063_A001,CONT-20,13800000,0,0,0,0,0,13800000,A001 - WH AHI JABABEKA,PT. SENTOSAPRIMA ABADI,7,ON SCHEDULE,39,0,07.04.2026,26.02.2026,14.03.2026,11.05.2026,11.05.2026,15.05.2026,15.05.2026,,A001,WH AHI JABABEKA
R100260225L064_A001,CONT-20,13800000,0,0,0,0,0,13800000,A001 - WH AHI JABABEKA,PT. SENTOSAPRIMA ABADI,7,ON SCHEDULE,39,0,07.04.2026,26.02.2026,14.03.2026,27.04.2026,28.04.2026,28.04.2026,28.04.2026,,A001,WH AHI JABABEKA
R100260225L065_A001,CONT-20,13800000,0,0,800000,0,0,14600000,A001 - WH AHI JABABEKA,PT. SENTOSAPRIMA ABADI,7,ON SCHEDULE,40,0,10.04.2026,28.02.2026,14.03.2026,27.04.2026,28.04.2026,29.04.2026,29.04.2026,,A001,WH AHI JABABEKA
R100260225L066_A001,CONT-20,15500000,0,0,0,0,0,15500000,A001 - WH AHI JABABEKA,PT. WIDYA TRANS CARGO,7,ON SCHEDULE,43,0,13.04.2026,28.02.2026,14.03.2026,09.04.2026,10.04.2026,15.04.2026,15.04.2026,,A001,WH AHI JABABEKA
R100260225L072_A001,CDD LONG CHASSIS,3500000,0,0,0,100000,0,3600000,A001 - WH AHI JABABEKA,PT. AGUNG MAKMUR JAYA,7,ON SCHEDULE,28,0,28.03.2026,27.02.2026,02.03.2026,04.03.2026,04.03.2026,06.03.2026,10.03.2026,,A001,WH AHI JABABEKA
R100260225L072_A001,CDD LONG CHASSIS,3500000,0,0,0,100000,0,3600000,A001 - WH AHI JABABEKA,PT. AGUNG MAKMUR JAYA,7,ON SCHEDULE,28,0,28.03.2026,27.02.2026,02.03.2026,04.03.2026,04.03.2026,06.03.2026,10.03.2026,,A001,WH AHI JABABEKA
R100260225L072_A001,CDD LONG CHASSIS,3500000,0,0,0,100000,0,3600000,A001 - WH AHI JABABEKA,PT. AGUNG MAKMUR JAYA,7,ON SCHEDULE,28,0,28.03.2026,27.02.2026,02.03.2026,04.03.2026,04.03.2026,06.03.2026,10.03.2026,,A001,WH AHI JABABEKA
R100260225L073_A001,CDD LONG CHASSIS,3500000,0,0,0,250000,0,3750000,A001 - WH AHI JABABEKA,PT. AGUNG MAKMUR JAYA,7,ON SCHEDULE,28,0,28.03.2026,27.02.2026,03.03.2026,04.03.2026,04.03.2026,06.03.2026,10.03.2026,,A001,WH AHI JABABEKA
R100260225L073_A001,CDD LONG CHASSIS,3500000,0,0,0,250000,0,3750000,A001 - WH AHI JABABEKA,PT. AGUNG MAKMUR JAYA,7,ON SCHEDULE,28,0,28.03.2026,27.02.2026,03.03.2026,04.03.2026,04.03.2026,06.03.2026,10.03.2026,,A001,WH AHI JABABEKA
R100260225L073_A001,CDD LONG CHASSIS,3500000,0,0,0,250000,0,3750000,A001 - WH AHI JABABEKA,PT. AGUNG MAKMUR JAYA,7,ON SCHEDULE,28,0,28.03.2026,27.02.2026,03.03.2026,04.03.2026,04.03.2026,06.03.2026,10.03.2026,,A001,WH AHI JABABEKA
R100260225L077_A001,CDD LONG CHASSIS,3500000,0,0,0,0,0,3500000,A001 - WH AHI JABABEKA,PT. CEHA LOGISTIK CEMERLANG,7,ON SCHEDULE,28,0,27.03.2026,26.02.2026,27.02.2026,06.03.2026,06.03.2026,06.03.2026,01.04.2026,,A001,WH AHI JABABEKA
R100260225T005_A001,CONT-40,25600000,0,0,0,0,0,25600000,A001 - WH AHI JABABEKA,PT. SENTOSAPRIMA ABADI,7,ON SCHEDULE,39,0,06.04.2026,25.02.2026,09.03.2026,28.04.2026,28.04.2026,04.05.2026,04.05.2026,,A001,WH AHI JABABEKA
R100260225T007_A001,CONT-40,8750000,0,0,0,0,0,8750000,A001 - WH AHI JABABEKA,PT. CIKARANG GERBANG SOLUSI,6,LATE,30,159,28.03.2026,25.02.2026,04.03.2026,29.04.2026,29.04.2026,22.06.2026,06.07.2026,,A001,WH AHI JABABEKA
R100260225T008_A001,CONT-40,8750000,0,0,0,0,0,8750000,A001 - WH AHI JABABEKA,PT. CIKARANG GERBANG SOLUSI,6,LATE,30,159,29.03.2026,26.02.2026,06.03.2026,29.04.2026,29.04.2026,22.06.2026,06.07.2026,,A001,WH AHI JABABEKA
R100260225T009_A001,CONT-40,8750000,0,0,0,0,0,8750000,A001 - WH AHI JABABEKA,PT. CIKARANG GERBANG SOLUSI,6,LATE,30,158,29.03.2026,26.02.2026,06.03.2026,29.04.2026,29.04.2026,22.06.2026,06.07.2026,,A001,WH AHI JABABEKA
R100260225T010_A001,CONT-40,8750000,0,0,0,0,0,8750000,A001 - WH AHI JABABEKA,PT. CIKARANG GERBANG SOLUSI,6,LATE,30,159,29.03.2026,26.02.2026,06.03.2026,29.04.2026,29.04.2026,22.06.2026,06.07.2026,,A001,WH AHI JABABEKA
R100260225T049_A001,CONT-20,13800000,0,0,0,0,500000,14300000,A001 - WH AHI JABABEKA,PT. SENTOSAPRIMA ABADI,7,ON SCHEDULE,39,0,07.04.2026,26.02.2026,14.03.2026,27.04.2026,28.04.2026,28.04.2026,28.04.2026,,A001,WH AHI JABABEKA
R100260225T050_A001,CONT-20,14000000,0,0,0,0,0,14000000,A001 - WH AHI JABABEKA,PT. SENTOSAPRIMA ABADI,7,ON SCHEDULE,36,0,04.04.2026,26.02.2026,10.03.2026,27.04.2026,28.04.2026,08.05.2026,01.07.2026,,A001,WH AHI JABABEKA
R100260226L002_A001,CONT-20,10500000,0,0,400000,0,0,10900000,A001 - WH AHI JABABEKA,PT. HAKKA HYDRO TIRTA,7,ON SCHEDULE,40,0,08.04.2026,26.02.2026,27.03.2026,10.04.2026,10.04.2026,10.04.2026,10.04.2026,,A001,WH AHI JABABEKA
R100260226L004_A001,CONT-20,15500000,0,0,0,0,0,15500000,A001 - WH AHI JABABEKA,PT. WIDYA TRANS CARGO,7,ON SCHEDULE,43,0,12.04.2026,27.02.2026,14.03.2026,09.04.2026,10.04.2026,15.04.2026,15.04.2026,,A001,WH AHI JABABEKA
R100260226L005_A001,CONT-20,16100000,0,0,0,0,0,16100000,A001 - WH AHI JABABEKA,PT. SENTOSAPRIMA ABADI,7,ON SCHEDULE,41,0,09.04.2026,26.02.2026,11.03.2026,27.04.2026,28.04.2026,30.04.2026,30.04.2026,,A001,WH AHI JABABEKA
R100260226L008_A001,CONT-20,15500000,0,0,0,0,0,15500000,A001 - WH AHI JABABEKA,PT. WIDYA TRANS CARGO,7,ON SCHEDULE,43,0,12.04.2026,27.02.2026,14.03.2026,09.04.2026,10.04.2026,15.04.2026,15.04.2026,,A001,WH AHI JABABEKA
R100260226L009_A001,CONT-20,16100000,0,0,0,0,0,16100000,A001 - WH AHI JABABEKA,PT. SENTOSAPRIMA ABADI,7,ON SCHEDULE,41,0,09.04.2026,26.02.2026,11.03.2026,27.04.2026,28.04.2026,30.04.2026,30.04.2026,,A001,WH AHI JABABEKA
R100260226L044_A001,FUSO,14750000,0,0,0,400000,0,15150000,A001 - WH AHI JABABEKA,PT. SATRIA PIRANTI PERKASA,7,ON SCHEDULE,41,0,11.04.2026,28.02.2026,04.03.2026,27.03.2026,30.03.2026,02.04.2026,02.04.2026,,A001,WH AHI JABABEKA
R100260226L057_A001,FUSO,11500000,0,0,0,200000,0,11700000,A001 - WH AHI JABABEKA,PT. SATRIA PIRANTI PERKASA,7,ON SCHEDULE,31,0,31.03.2026,27.02.2026,02.03.2026,26.03.2026,30.03.2026,02.04.2026,02.04.2026,,A001,WH AHI JABABEKA
R100260226L058_A001,FUSO,14950000,0,0,0,0,0,14950000,A001 - WH AHI JABABEKA,PT. DUTA LINTAS NUSA,7,ON SCHEDULE,30,0,31.03.2026,28.02.2026,03.03.2026,12.03.2026,12.03.2026,26.03.2026,26.03.2026,,A001,WH AHI JABABEKA
R100260226L061_A001,FUSO,15250000,0,0,0,250000,0,15500000,A001 - WH AHI JABABEKA,PT LOGISTIK CANGGIH INDONESIA,7,ON SCHEDULE,31,0,31.03.2026,27.02.2026,03.03.2026,13.03.2026,13.03.2026,13.03.2026,13.03.2026,,A001,WH AHI JABABEKA
R100260226L073_A001,FUSO,5900000,0,0,0,200000,0,6100000,A001 - WH AHI JABABEKA,PT. SATRIA PIRANTI PERKASA,7,ON SCHEDULE,30,0,30.03.2026,27.02.2026,02.03.2026,31.03.2026,01.04.2026,01.04.2026,01.04.2026,,A001,WH AHI JABABEKA
R100260226L074_A001,CDD LONG CHASSIS,4900000,0,0,0,150000,0,5050000,A001 - WH AHI JABABEKA,PT.ORANG KREATIF EKSIS,7,ON SCHEDULE,28,0,28.03.2026,27.02.2026,02.03.2026,13.04.2026,13.04.2026,17.04.2026,17.04.2026,,A001,WH AHI JABABEKA
R100260226L075_A001,FUSO,14750000,0,0,0,0,0,14750000,A001 - WH AHI JABABEKA,PT. SATRIA PIRANTI PERKASA,7,ON SCHEDULE,31,0,31.03.2026,27.02.2026,02.03.2026,06.04.2026,07.04.2026,08.04.2026,09.04.2026,,A001,WH AHI JABABEKA
R100260226L076_A001,WINGBOX,10700000,0,0,0,400000,0,11100000,A001 - WH AHI JABABEKA,PT. BINTANG SAMUDRA RAYA,7,ON SCHEDULE,31,0,31.03.2026,27.02.2026,03.03.2026,02.04.2026,02.04.2026,06.04.2026,06.04.2026,,A001,WH AHI JABABEKA
R100260226T001_A001,CONT-20,3900000,0,0,0,0,0,3900000,A001 - WH AHI JABABEKA,PT. JATIM PETROLEUM TRANSPORT,7,ON SCHEDULE,30,0,29.03.2026,26.02.2026,03.03.2026,31.03.2026,31.03.2026,17.04.2026,17.04.2026,,A001,WH AHI JABABEKA
R100260226T002_A001,CONT-20,3900000,0,0,0,0,0,3900000,A001 - WH AHI JABABEKA,PT. JATIM PETROLEUM TRANSPORT,7,ON SCHEDULE,30,0,29.03.2026,26.02.2026,03.03.2026,31.03.2026,31.03.2026,17.04.2026,17.04.2026,,A001,WH AHI JABABEKA
R100260226T045_A001,CONT-20,3900000,0,0,0,0,0,3900000,A001 - WH AHI JABABEKA,PT. JATIM PETROLEUM TRANSPORT,7,ON SCHEDULE,30,0,30.03.2026,27.02.2026,03.03.2026,31.03.2026,31.03.2026,17.04.2026,17.04.2026,,A001,WH AHI JABABEKA
R100260226T046_A001,CONT-20,3900000,0,0,0,0,0,3900000,A001 - WH AHI JABABEKA,PT. JATIM PETROLEUM TRANSPORT,7,ON SCHEDULE,30,0,30.03.2026,27.02.2026,03.03.2026,31.03.2026,31.03.2026,17.04.2026,17.04.2026,,A001,WH AHI JABABEKA
R100260227L009_A001,CDD LONG CHASSIS,3600000,0,0,0,300000,0,3900000,A001 - WH AHI JABABEKA,PT. BINTANG SAMUDRA RAYA,7,ON SCHEDULE,28,0,28.03.2026,27.02.2026,02.03.2026,27.03.2026,30.03.2026,02.04.2026,02.04.2026,,A001,WH AHI JABABEKA
R100260227L020_A001,CONT-20,16100000,0,0,0,0,0,16100000,A001 - WH AHI JABABEKA,PT. SENTOSAPRIMA ABADI,7,ON SCHEDULE,41,0,11.04.2026,28.02.2026,11.03.2026,27.04.2026,28.04.2026,30.04.2026,30.04.2026,,A001,WH AHI JABABEKA
R100260227L028_A001,WINGBOX,18000000,0,0,0,0,0,18000000,A001 - WH AHI JABABEKA,PT. BINTANG SAMUDRA RAYA,7,ON SCHEDULE,41,0,10.04.2026,27.02.2026,06.03.2026,11.03.2026,11.03.2026,13.03.2026,13.03.2026,,A001,WH AHI JABABEKA
R100260227L059_A001,WINGBOX,10700000,0,0,0,400000,0,11100000,A001 - WH AHI JABABEKA,PT. BINTANG SAMUDRA RAYA,7,ON SCHEDULE,31,0,01.04.2026,28.02.2026,04.03.2026,27.03.2026,30.03.2026,02.04.2026,02.04.2026,,A001,WH AHI JABABEKA
R100260227L104_A001,FUSO,14750000,0,0,0,0,0,14750000,A001 - WH AHI JABABEKA,PT. SATRIA PIRANTI PERKASA,7,ON SCHEDULE,31,0,01.04.2026,28.02.2026,25.03.2026,31.03.2026,31.03.2026,01.04.2026,01.04.2026,,A001,WH AHI JABABEKA
R100260227T023_A001,WINGBOX,5650000,0,0,0,175000,0,5825000,A001 - WH AHI JABABEKA,PT. DUTA MEDIA MANDIRI,7,ON SCHEDULE,30,0,31.03.2026,28.02.2026,03.03.2026,09.03.2026,09.03.2026,10.03.2026,26.03.2026,,A001,WH AHI JABABEKA
R100260227T024_A001,WINGBOX,5600000,0,0,0,0,0,5600000,A001 - WH AHI JABABEKA,PT. BINTANG SAMUDRA RAYA,7,ON SCHEDULE,30,0,31.03.2026,28.02.2026,03.03.2026,10.03.2026,10.03.2026,11.03.2026,12.03.2026,,A001,WH AHI JABABEKA
R100260227T035_A001,CONT-20,13800000,0,0,0,0,200000,14000000,A001 - WH AHI JABABEKA,PT. SENTOSAPRIMA ABADI,7,ON SCHEDULE,39,0,09.04.2026,28.02.2026,14.03.2026,27.04.2026,28.04.2026,28.04.2026,28.04.2026,,A001,WH AHI JABABEKA
R100260227T036_A001,WINGBOX,6700000,0,0,0,0,0,6700000,A001 - WH AHI JABABEKA,PT.DHANESWARA EXPRES,7,ON SCHEDULE,30,0,31.03.2026,28.02.2026,03.03.2026,05.03.2026,05.03.2026,27.03.2026,27.03.2026,,A001,WH AHI JABABEKA
R100260227T042_A001,CONT-20,3900000,0,0,0,0,0,3900000,A001 - WH AHI JABABEKA,PT. JATIM PETROLEUM TRANSPORT,7,ON SCHEDULE,30,0,30.03.2026,27.02.2026,03.03.2026,31.03.2026,31.03.2026,17.04.2026,17.04.2026,,A001,WH AHI JABABEKA
R100260227T043_A001,CONT-20,3900000,0,0,0,0,0,3900000,A001 - WH AHI JABABEKA,PT. JATIM PETROLEUM TRANSPORT,7,ON SCHEDULE,30,0,30.03.2026,27.02.2026,03.03.2026,31.03.2026,31.03.2026,17.04.2026,17.04.2026,,A001,WH AHI JABABEKA
R100260227T044_A001,CONT-20,3900000,0,0,0,0,0,3900000,A001 - WH AHI JABABEKA,PT. JATIM PETROLEUM TRANSPORT,7,ON SCHEDULE,30,0,31.03.2026,28.02.2026,03.03.2026,31.03.2026,31.03.2026,17.04.2026,17.04.2026,,A001,WH AHI JABABEKA
R100260227T045_A001,CONT-20,3900000,0,0,0,0,0,3900000,A001 - WH AHI JABABEKA,PT. JATIM PETROLEUM TRANSPORT,7,ON SCHEDULE,30,0,31.03.2026,28.02.2026,04.03.2026,31.03.2026,31.03.2026,17.04.2026,17.04.2026,,A001,WH AHI JABABEKA
R100260227T046_A001,CONT-20,3900000,0,0,0,0,0,3900000,A001 - WH AHI JABABEKA,PT. JATIM PETROLEUM TRANSPORT,7,ON SCHEDULE,30,0,30.03.2026,27.02.2026,03.03.2026,31.03.2026,31.03.2026,17.04.2026,17.04.2026,,A001,WH AHI JABABEKA
R100260227T047_A001,CONT-20,3900000,0,0,0,0,0,3900000,A001 - WH AHI JABABEKA,PT. JATIM PETROLEUM TRANSPORT,7,ON SCHEDULE,30,0,31.03.2026,28.02.2026,04.03.2026,31.03.2026,31.03.2026,17.04.2026,17.04.2026,,A001,WH AHI JABABEKA
R100260227T048_A001,CONT-20,3900000,0,0,0,0,0,3900000,A001 - WH AHI JABABEKA,PT. JATIM PETROLEUM TRANSPORT,7,ON SCHEDULE,30,0,31.03.2026,28.02.2026,04.03.2026,31.03.2026,31.03.2026,17.04.2026,17.04.2026,,A001,WH AHI JABABEKA
R100260227T049_A001,CONT-20,3900000,0,0,0,0,0,3900000,A001 - WH AHI JABABEKA,PT. JATIM PETROLEUM TRANSPORT,7,ON SCHEDULE,30,0,31.03.2026,28.02.2026,04.03.2026,31.03.2026,31.03.2026,17.04.2026,17.04.2026,,A001,WH AHI JABABEKA
R100260228L003_A001,CONT-20,16100000,0,0,0,0,0,16100000,A001 - WH AHI JABABEKA,PT. SENTOSAPRIMA ABADI,7,ON SCHEDULE,41,0,11.04.2026,28.02.2026,15.03.2026,27.04.2026,28.04.2026,30.04.2026,30.04.2026,,A001,WH AHI JABABEKA
R100260228L004_A001,CONT-20,16100000,0,0,0,0,0,16100000,A001 - WH AHI JABABEKA,PT. SENTOSAPRIMA ABADI,7,ON SCHEDULE,41,0,11.04.2026,28.02.2026,15.03.2026,27.04.2026,28.04.2026,30.04.2026,30.04.2026,,A001,WH AHI JABABEKA
R100260228L032_A001,CDD LONG CHASSIS,3500000,0,0,0,0,0,3500000,A001 - WH AHI JABABEKA,PT. CEHA LOGISTIK CEMERLANG,7,ON SCHEDULE,28,0,29.03.2026,28.02.2026,02.03.2026,06.03.2026,06.03.2026,06.03.2026,01.04.2026,,A001,WH AHI JABABEKA
R100260228L033_A001,CDD LONG CHASSIS,2350000,0,0,0,0,0,2350000,A001 - WH AHI JABABEKA,PT. BINTANG SAMUDRA RAYA,7,ON SCHEDULE,28,0,29.03.2026,28.02.2026,02.03.2026,10.03.2026,10.03.2026,11.03.2026,12.03.2026,,A001,WH AHI JABABEKA
R100260228L035_A001,CDD LONG CHASSIS,3900000,0,0,0,400000,0,4300000,A001 - WH AHI JABABEKA,PT. BINTANG SAMUDRA RAYA,7,ON SCHEDULE,28,0,29.03.2026,28.02.2026,02.03.2026,27.03.2026,30.03.2026,02.04.2026,02.04.2026,,A001,WH AHI JABABEKA
R100260228L057_A001,CDD LONG CHASSIS,4900000,0,0,0,0,0,4900000,A001 - WH AHI JABABEKA,PT.ORANG KREATIF EKSIS,7,ON SCHEDULE,28,0,29.03.2026,28.02.2026,02.03.2026,06.03.2026,07.03.2026,13.03.2026,13.03.2026,,A001,WH AHI JABABEKA
R100260228L058_A001,CDD LONG CHASSIS,1725000,0,0,0,0,0,1725000,A001 - WH AHI JABABEKA,PT. BINTANG SAMUDRA RAYA,7,ON SCHEDULE,27,0,28.03.2026,28.02.2026,01.03.2026,10.03.2026,10.03.2026,11.03.2026,12.03.2026,,A001,WH AHI JABABEKA
R100260228T031_A001,CONT-20,3900000,0,0,0,0,0,3900000,A001 - WH AHI JABABEKA,PT. JATIM PETROLEUM TRANSPORT,7,ON SCHEDULE,30,0,31.03.2026,28.02.2026,03.03.2026,31.03.2026,31.03.2026,17.04.2026,17.04.2026,,A001,WH AHI JABABEKA
R100260228T032_A001,CONT-20,3900000,0,0,0,0,0,3900000,A001 - WH AHI JABABEKA,PT. JATIM PETROLEUM TRANSPORT,7,ON SCHEDULE,30,0,31.03.2026,28.02.2026,03.03.2026,31.03.2026,31.03.2026,17.04.2026,17.04.2026,,A001,WH AHI JABABEKA
R100260228T033_A001,CONT-40,8750000,0,0,0,0,0,8750000,A001 - WH AHI JABABEKA,PT. CIKARANG GERBANG SOLUSI,7,ON SCHEDULE,30,0,31.03.2026,28.02.2026,09.03.2026,29.05.2026,29.05.2026,29.05.2026,30.06.2026,,A001,WH AHI JABABEKA
R100260228T034_A001,CONT-40,8750000,0,0,0,0,0,8750000,A001 - WH AHI JABABEKA,PT. CIKARANG GERBANG SOLUSI,7,ON SCHEDULE,30,0,31.03.2026,28.02.2026,06.03.2026,29.05.2026,29.05.2026,29.05.2026,30.06.2026,,A001,WH AHI JABABEKA
R110260126L017_H014,CONT-20,11300000,0,0,0,0,0,11300000,H014 - WH INFORMA JABABEKA,PT. SENTOSAPRIMA ABADI,7,ON SCHEDULE,42,0,16.03.2026,01.02.2026,14.02.2026,04.03.2026,04.03.2026,27.03.2026,27.03.2026,,H014,WH INFORMA JABABEKA
R110260127T022_H014,CONT-20,9450000,0,0,0,0,0,9450000,H014 - WH INFORMA JABABEKA,PT. SENTOSAPRIMA ABADI,7,ON SCHEDULE,40,0,16.03.2026,03.02.2026,16.02.2026,17.04.2026,17.04.2026,23.04.2026,23.04.2026,,H014,WH INFORMA JABABEKA
R110260127T023_H014,CONT-20,9450000,0,0,0,0,0,9450000,H014 - WH INFORMA JABABEKA,PT. SENTOSAPRIMA ABADI,7,ON SCHEDULE,40,0,16.03.2026,03.02.2026,16.02.2026,17.04.2026,17.04.2026,23.04.2026,23.04.2026,,H014,WH INFORMA JABABEKA
R110260127T030_H014,CONT-20,10000000,0,0,0,0,0,10000000,H014 - WH INFORMA JABABEKA,PT. TPIL LOGISTICS,7,ON SCHEDULE,40,0,21.03.2026,08.02.2026,18.02.2026,02.03.2026,02.03.2026,10.04.2026,10.04.2026,,H014,WH INFORMA JABABEKA
R110260127T032_H014,CONT-20,10000000,0,0,0,0,0,10000000,H014 - WH INFORMA JABABEKA,PT. TPIL LOGISTICS,7,ON SCHEDULE,40,0,22.03.2026,09.02.2026,18.02.2026,02.03.2026,02.03.2026,10.04.2026,10.04.2026,,H014,WH INFORMA JABABEKA
R110260127T048_H014,CONT-20,10000000,0,0,0,0,0,10000000,H014 - WH INFORMA JABABEKA,PT. TPIL LOGISTICS,7,ON SCHEDULE,40,0,21.03.2026,08.02.2026,18.02.2026,02.03.2026,02.03.2026,10.04.2026,10.04.2026,,H014,WH INFORMA JABABEKA
R110260127T054_H014,CONT-20,10000000,0,0,0,0,0,10000000,H014 - WH INFORMA JABABEKA,PT. TPIL LOGISTICS,7,ON SCHEDULE,40,0,21.03.2026,08.02.2026,18.02.2026,02.03.2026,02.03.2026,22.04.2026,23.04.2026,,H014,WH INFORMA JABABEKA
R110260128T033_H014,CONT-20,9000000,0,0,800000,0,0,9800000,H014 - WH INFORMA JABABEKA,PT. HAKKA HYDRO TIRTA,7,ON SCHEDULE,46,0,21.03.2026,02.02.2026,,20.05.2026,20.05.2026,29.05.2026,12.06.2026,,H014,WH INFORMA JABABEKA
R110260128T036_H014,CONT-20,11200000,0,0,0,0,0,11200000,H014 - WH INFORMA JABABEKA,PT. TPIL LOGISTICS,7,ON SCHEDULE,46,0,23.03.2026,04.02.2026,26.02.2026,02.03.2026,02.03.2026,10.04.2026,10.04.2026,,H014,WH INFORMA JABABEKA
R110260129H024_H014,CONT-20,11500000,0,0,0,0,0,11500000,H014 - WH INFORMA JABABEKA,PT. WIDYA TRANS CARGO,7,ON SCHEDULE,42,0,18.03.2026,03.02.2026,14.02.2026,25.02.2026,25.02.2026,26.02.2026,26.02.2026,,H014,WH INFORMA JABABEKA
R110260129T016_H014,CONT-40,13200000,0,0,0,0,0,13200000,H014 - WH INFORMA JABABEKA,PT. TPIL LOGISTICS,7,ON SCHEDULE,46,0,20.03.2026,01.02.2026,11.02.2026,25.03.2026,26.03.2026,10.04.2026,10.04.2026,,H014,WH INFORMA JABABEKA
R110260129T037_H014,CONT-20,13020000,0,0,0,0,0,13020000,H014 - WH INFORMA JABABEKA,PT KAMADJAJA LOGISTICS,7,ON SCHEDULE,47,0,23.03.2026,03.02.2026,10.02.2026,05.03.2026,05.03.2026,09.03.2026,09.03.2026,,H014,WH INFORMA JABABEKA
R110260129T038_H014,CONT-40,18200000,0,0,0,0,0,18200000,H014 - WH INFORMA JABABEKA,PT. SENTOSAPRIMA ABADI,7,ON SCHEDULE,40,0,14.03.2026,01.02.2026,16.02.2026,01.04.2026,01.04.2026,07.04.2026,07.04.2026,,H014,WH INFORMA JABABEKA
R110260130T013_H014,CONT-20,8400000,0,0,400000,0,0,8800000,H014 - WH INFORMA JABABEKA,PT. MITRA INTERTRANS FORWARDING,7,ON SCHEDULE,42,0,20.03.2026,05.02.2026,18.02.2026,12.03.2026,12.03.2026,13.03.2026,13.03.2026,,H014,WH INFORMA JABABEKA
R110260130T014_H014,CONT-20,8450000,0,0,0,0,0,8450000,H014 - WH INFORMA JABABEKA,PT. TPIL LOGISTICS,7,ON SCHEDULE,42,0,20.03.2026,05.02.2026,14.02.2026,02.03.2026,02.03.2026,10.04.2026,10.04.2026,,H014,WH INFORMA JABABEKA
R110260130T020_H014,CONT-40,13200000,0,0,0,0,0,13200000,H014 - WH INFORMA JABABEKA,PT. TPIL LOGISTICS,7,ON SCHEDULE,46,0,20.03.2026,01.02.2026,11.02.2026,25.03.2026,26.03.2026,10.04.2026,10.04.2026,,H014,WH INFORMA JABABEKA
R110260130T023_H014,CONT-40,13850000,0,0,1500000,0,0,15350000,H014 - WH INFORMA JABABEKA,PT. SENTOSAPRIMA ABADI,7,ON SCHEDULE,46,0,21.03.2026,02.02.2026,11.02.2026,10.03.2026,10.03.2026,11.03.2026,11.03.2026,,H014,WH INFORMA JABABEKA
R110260130T030_H014,WINGBOX,7000000,0,0,0,0,0,7000000,H014 - WH INFORMA JABABEKA,PT. DUNIA EXPRESS TRANSINDO,7,ON SCHEDULE,29,0,03.03.2026,01.02.2026,04.02.2026,02.03.2026,02.03.2026,11.03.2026,12.03.2026,,H014,WH INFORMA JABABEKA
R110260130T038_H014,CONT-40,26000000,0,0,2500000,0,0,28500000,H014 - WH INFORMA JABABEKA,PT. PAUS BIRU LOGISTIK,7,ON SCHEDULE,40,0,24.03.2026,11.02.2026,22.02.2026,15.04.2026,19.04.2026,23.04.2026,24.04.2026,,H014,WH INFORMA JABABEKA
R110260130T040_H014,CONT-20,13020000,0,0,0,0,0,13020000,H014 - WH INFORMA JABABEKA,PT KAMADJAJA LOGISTICS,7,ON SCHEDULE,47,0,22.03.2026,02.02.2026,10.02.2026,05.03.2026,05.03.2026,09.03.2026,09.03.2026,,H014,WH INFORMA JABABEKA
R110260130T042_H014,CONT-40,18200000,0,0,0,0,0,18200000,H014 - WH INFORMA JABABEKA,PT. SENTOSAPRIMA ABADI,7,ON SCHEDULE,40,0,14.03.2026,01.02.2026,16.02.2026,16.04.2026,17.04.2026,21.04.2026,21.04.2026,,H014,WH INFORMA JABABEKA
R110260131H025_H014,WINGBOX,17000000,0,0,0,0,0,17000000,H014 - WH INFORMA JABABEKA,PT. BINTANG SAMUDRA RAYA,7,ON SCHEDULE,33,0,07.03.2026,01.02.2026,05.02.2026,06.02.2026,06.02.2026,11.02.2026,11.02.2026,,H014,WH INFORMA JABABEKA
R110260131L014_H014,CONT-20,8450000,0,0,0,0,0,8450000,H014 - WH INFORMA JABABEKA,PT. TPIL LOGISTICS,7,ON SCHEDULE,42,0,16.03.2026,01.02.2026,13.02.2026,02.03.2026,02.03.2026,10.04.2026,23.04.2026,,H014,WH INFORMA JABABEKA
R110260131L015_H014,CONT-20,8450000,0,0,0,0,0,8450000,H014 - WH INFORMA JABABEKA,PT. TPIL LOGISTICS,7,ON SCHEDULE,42,0,16.03.2026,01.02.2026,13.02.2026,02.03.2026,02.03.2026,10.04.2026,23.04.2026,,H014,WH INFORMA JABABEKA
R110260131L017_H014,CDD LONG CHASSIS,3500000,0,0,0,0,0,3500000,H014 - WH INFORMA JABABEKA,PT. CEHA LOGISTIK CEMERLANG,7,ON SCHEDULE,30,0,04.03.2026,01.02.2026,03.02.2026,04.02.2026,04.02.2026,05.02.2026,05.02.2026,,H014,WH INFORMA JABABEKA
R110260131L018_H014,CDD LONG CHASSIS,3600000,0,0,0,0,0,3600000,H014 - WH INFORMA JABABEKA,PT. BINTANG SAMUDRA RAYA,7,ON SCHEDULE,30,0,04.03.2026,01.02.2026,03.02.2026,06.02.2026,06.02.2026,11.02.2026,11.02.2026,,H014,WH INFORMA JABABEKA
R110260131L019_H014,CONT-20,14700000,0,0,0,0,0,14700000,H014 - WH INFORMA JABABEKA,PT. MITRA INTERTRANS FORWARDING,7,ON SCHEDULE,47,0,23.03.2026,03.02.2026,27.02.2026,14.04.2026,14.04.2026,14.04.2026,14.04.2026,,H014,WH INFORMA JABABEKA
R110260131L039_H014,CONT-20,11200000,0,0,0,0,0,11200000,H014 - WH INFORMA JABABEKA,PT. TPIL LOGISTICS,7,ON SCHEDULE,46,0,23.03.2026,04.02.2026,26.02.2026,02.03.2026,02.03.2026,22.04.2026,23.04.2026,,H014,WH INFORMA JABABEKA
R110260131L041_H014,CDD LONG CHASSIS,3500000,0,0,0,0,0,3500000,H014 - WH INFORMA JABABEKA,PT. AGUNG MAKMUR JAYA,7,ON SCHEDULE,28,0,02.03.2026,01.02.2026,02.02.2026,03.02.2026,03.02.2026,03.02.2026,05.02.2026,,H014,WH INFORMA JABABEKA
R110260131L042_H014,CDD LONG CHASSIS,3500000,0,0,0,0,0,3500000,H014 - WH INFORMA JABABEKA,PT.DHANESWARA EXPRES,7,ON SCHEDULE,30,0,04.03.2026,01.02.2026,03.02.2026,20.02.2026,20.02.2026,23.02.2026,23.02.2026,,H014,WH INFORMA JABABEKA
R110260131L043_H014,CDD LONG CHASSIS,3600000,0,0,0,300000,0,3900000,H014 - WH INFORMA JABABEKA,PT. BINTANG SAMUDRA RAYA,7,ON SCHEDULE,29,0,03.03.2026,01.02.2026,03.02.2026,19.02.2026,20.02.2026,23.02.2026,23.02.2026,,H014,WH INFORMA JABABEKA
R110260131L044_H014,CDD LONG CHASSIS,3500000,0,0,0,100000,0,3600000,H014 - WH INFORMA JABABEKA,PT. AGUNG MAKMUR JAYA,7,ON SCHEDULE,30,0,04.03.2026,01.02.2026,02.02.2026,03.02.2026,03.02.2026,03.02.2026,05.02.2026,,H014,WH INFORMA JABABEKA
R110260131L044_H014,CDD LONG CHASSIS,3500000,0,0,0,100000,0,3600000,H014 - WH INFORMA JABABEKA,PT. AGUNG MAKMUR JAYA,7,ON SCHEDULE,30,0,04.03.2026,01.02.2026,02.02.2026,03.02.2026,03.02.2026,03.02.2026,05.02.2026,,H014,WH INFORMA JABABEKA
R110260131L044_H014,CDD LONG CHASSIS,3500000,0,0,0,100000,0,3600000,H014 - WH INFORMA JABABEKA,PT. AGUNG MAKMUR JAYA,7,ON SCHEDULE,30,0,04.03.2026,01.02.2026,02.02.2026,03.02.2026,03.02.2026,03.02.2026,05.02.2026,,H014,WH INFORMA JABABEKA
R110260131L046_H014,CDD LONG CHASSIS,3500000,0,0,0,100000,0,3600000,H014 - WH INFORMA JABABEKA,PT. AGUNG MAKMUR JAYA,7,ON SCHEDULE,27,0,01.03.2026,01.02.2026,02.02.2026,03.02.2026,03.02.2026,03.02.2026,05.02.2026,,H014,WH INFORMA JABABEKA
R110260131L046_H014,CDD LONG CHASSIS,3500000,0,0,0,100000,0,3600000,H014 - WH INFORMA JABABEKA,PT. AGUNG MAKMUR JAYA,7,ON SCHEDULE,27,0,01.03.2026,01.02.2026,02.02.2026,03.02.2026,03.02.2026,03.02.2026,05.02.2026,,H014,WH INFORMA JABABEKA
R110260131L046_H014,CDD LONG CHASSIS,3500000,0,0,0,100000,0,3600000,H014 - WH INFORMA JABABEKA,PT. AGUNG MAKMUR JAYA,7,ON SCHEDULE,27,0,01.03.2026,01.02.2026,02.02.2026,03.02.2026,03.02.2026,03.02.2026,05.02.2026,,H014,WH INFORMA JABABEKA
R110260131L048_H014,CDD LONG CHASSIS,3500000,0,0,0,0,0,3500000,H014 - WH INFORMA JABABEKA,PT. AGUNG MAKMUR JAYA,7,ON SCHEDULE,30,0,04.03.2026,01.02.2026,02.02.2026,03.02.2026,03.02.2026,03.02.2026,05.02.2026,,H014,WH INFORMA JABABEKA
R110260131L049_H014,CDD LONG CHASSIS,3900000,0,0,0,0,0,3900000,H014 - WH INFORMA JABABEKA,PT. BINTANG SAMUDRA RAYA,7,ON SCHEDULE,28,0,02.03.2026,01.02.2026,03.02.2026,06.02.2026,06.02.2026,11.02.2026,11.02.2026,,H014,WH INFORMA JABABEKA
R110260131T018_H014,CONT-40,13800000,0,0,0,0,0,13800000,H014 - WH INFORMA JABABEKA,PT. SENTOSAPRIMA ABADI,7,ON SCHEDULE,40,0,14.03.2026,01.02.2026,12.02.2026,10.03.2026,10.03.2026,11.03.2026,11.03.2026,,H014,WH INFORMA JABABEKA
R110260131T022_H014,CONT-40,13200000,0,0,0,0,0,13200000,H014 - WH INFORMA JABABEKA,PT. TPIL LOGISTICS,7,ON SCHEDULE,42,0,26.03.2026,11.02.2026,22.02.2026,02.03.2026,02.03.2026,10.04.2026,10.04.2026,,H014,WH INFORMA JABABEKA
R110260131T023_H014,CONT-20,8450000,0,0,0,0,0,8450000,H014 - WH INFORMA JABABEKA,PT. TPIL LOGISTICS,7,ON SCHEDULE,42,0,20.03.2026,05.02.2026,14.02.2026,02.03.2026,02.03.2026,10.04.2026,10.04.2026,,H014,WH INFORMA JABABEKA
R110260131T024_H014,CONT-40,13800000,0,0,0,0,0,13800000,H014 - WH INFORMA JABABEKA,PT. SENTOSAPRIMA ABADI,7,ON SCHEDULE,40,0,14.03.2026,01.02.2026,12.02.2026,01.04.2026,01.04.2026,07.04.2026,07.04.2026,,H014,WH INFORMA JABABEKA
R110260131T026_H014,WINGBOX,6600000,0,0,0,0,0,6600000,H014 - WH INFORMA JABABEKA,PT. JAYA MULYA ERALINDO,7,ON SCHEDULE,29,0,03.03.2026,01.02.2026,04.02.2026,13.02.2026,13.02.2026,19.02.2026,19.02.2026,,H014,WH INFORMA JABABEKA
R110260131T028_H014,CONT-40,8750000,0,0,0,0,0,8750000,H014 - WH INFORMA JABABEKA,PT. CIKARANG GERBANG SOLUSI,7,ON SCHEDULE,29,0,03.03.2026,01.02.2026,06.02.2026,17.04.2026,17.04.2026,17.04.2026,17.04.2026,,H014,WH INFORMA JABABEKA
R110260131T029_H014,WINGBOX,20000000,0,0,0,0,0,20000000,H014 - WH INFORMA JABABEKA,PT.ORANG KREATIF EKSIS,7,ON SCHEDULE,37,0,11.03.2026,01.02.2026,08.02.2026,12.02.2026,12.02.2026,18.02.2026,23.02.2026,,H014,WH INFORMA JABABEKA
R110260131T031_H014,WINGBOX,5600000,0,0,0,0,0,5600000,H014 - WH INFORMA JABABEKA,PT. BINTANG SAMUDRA RAYA,7,ON SCHEDULE,29,0,03.03.2026,01.02.2026,04.02.2026,06.02.2026,06.02.2026,11.02.2026,11.02.2026,,H014,WH INFORMA JABABEKA
R110260131T033_H014,CONT-40,18200000,0,0,0,0,0,18200000,H014 - WH INFORMA JABABEKA,PT. SENTOSAPRIMA ABADI,7,ON SCHEDULE,40,0,14.03.2026,01.02.2026,16.02.2026,01.04.2026,01.04.2026,07.04.2026,07.04.2026,,H014,WH INFORMA JABABEKA
R110260131T037_H014,WINGBOX,7000000,0,0,0,0,0,7000000,H014 - WH INFORMA JABABEKA,PT. DUNIA EXPRESS TRANSINDO,7,ON SCHEDULE,29,0,03.03.2026,01.02.2026,04.02.2026,11.02.2026,11.02.2026,20.02.2026,20.02.2026,,H014,WH INFORMA JABABEKA
R110260131T038_H014,CONT-40,14200000,0,0,0,0,0,14200000,H014 - WH INFORMA JABABEKA,PT. SENTOSAPRIMA ABADI,7,ON SCHEDULE,37,0,11.03.2026,01.02.2026,13.02.2026,22.04.2026,23.04.2026,23.04.2026,23.04.2026,,H014,WH INFORMA JABABEKA
R110260131T039_H014,WINGBOX,5600000,0,0,0,0,0,5600000,H014 - WH INFORMA JABABEKA,PT. BINTANG SAMUDRA RAYA,7,ON SCHEDULE,29,0,03.03.2026,01.02.2026,04.02.2026,06.02.2026,06.02.2026,11.02.2026,23.02.2026,,H014,WH INFORMA JABABEKA
R110260131T040_H014,CONT-40,14200000,0,0,0,0,0,14200000,H014 - WH INFORMA JABABEKA,PT. SENTOSAPRIMA ABADI,7,ON SCHEDULE,37,0,12.03.2026,02.02.2026,13.02.2026,22.04.2026,23.04.2026,23.04.2026,23.04.2026,,H014,WH INFORMA JABABEKA
R110260131T041_H014,CONT-40,26000000,0,0,2500000,0,0,28500000,H014 - WH INFORMA JABABEKA,PT. PAUS BIRU LOGISTIK,7,ON SCHEDULE,40,0,25.03.2026,12.02.2026,22.02.2026,15.04.2026,19.04.2026,23.04.2026,24.04.2026,,H014,WH INFORMA JABABEKA
R110260131T044_H014,CONT-40,18200000,0,0,0,0,0,18200000,H014 - WH INFORMA JABABEKA,PT. SENTOSAPRIMA ABADI,7,ON SCHEDULE,40,0,14.03.2026,01.02.2026,16.02.2026,16.04.2026,17.04.2026,21.04.2026,21.04.2026,,H014,WH INFORMA JABABEKA
R110260131T045_H014,CONT-40,13500000,0,0,0,0,0,13500000,H014 - WH INFORMA JABABEKA,PT. RAJAWALI LINTAS SAMUDERA,7,ON SCHEDULE,40,0,15.03.2026,02.02.2026,21.02.2026,23.02.2026,24.02.2026,04.03.2026,04.03.2026,,H014,WH INFORMA JABABEKA
R110260201H019_H014,CDD LONG CHASSIS,4900000,0,0,0,0,0,4900000,H014 - WH INFORMA JABABEKA,PT.ORANG KREATIF EKSIS,7,ON SCHEDULE,28,0,02.03.2026,01.02.2026,02.02.2026,12.02.2026,12.02.2026,18.02.2026,18.02.2026,,H014,WH INFORMA JABABEKA
R110260201H021_H014,WINGBOX,15000000,0,0,0,0,0,15000000,H014 - WH INFORMA JABABEKA,PT. BINTANG SAMUDRA RAYA,7,ON SCHEDULE,30,0,04.03.2026,01.02.2026,06.02.2026,11.02.2026,11.02.2026,12.02.2026,19.02.2026,,H014,WH INFORMA JABABEKA
R110260201H022_H014,WINGBOX,1998000,0,0,0,0,0,1998000,H014 - WH INFORMA JABABEKA,PT. ARDYA PRIMA INTERNUSA,7,ON SCHEDULE,27,0,01.03.2026,01.02.2026,02.02.2026,04.02.2026,04.02.2026,05.02.2026,13.02.2026,,H014,WH INFORMA JABABEKA
R110260201H023_H014,WINGBOX,1998000,0,0,0,0,0,1998000,H014 - WH INFORMA JABABEKA,PT. ARDYA PRIMA INTERNUSA,7,ON SCHEDULE,27,0,01.03.2026,01.02.2026,02.02.2026,04.02.2026,04.02.2026,05.02.2026,13.02.2026,,H014,WH INFORMA JABABEKA
R110260201H024_H014,WINGBOX,4825000,0,0,0,0,0,4825000,H014 - WH INFORMA JABABEKA,PT. CEHA LOGISTIK CEMERLANG,7,ON SCHEDULE,29,0,03.03.2026,01.02.2026,03.02.2026,04.02.2026,04.02.2026,05.02.2026,05.02.2026,,H014,WH INFORMA JABABEKA
R110260201H025_H014,WINGBOX,17000000,0,0,0,0,0,17000000,H014 - WH INFORMA JABABEKA,PT.ORANG KREATIF EKSIS,7,ON SCHEDULE,31,0,05.03.2026,01.02.2026,08.02.2026,12.02.2026,12.02.2026,18.02.2026,18.02.2026,,H014,WH INFORMA JABABEKA
R110260201H026_H014,WINGBOX,11500000,0,0,0,0,0,11500000,H014 - WH INFORMA JABABEKA,PT. BINTANG SAMUDRA RAYA,7,ON SCHEDULE,29,0,03.03.2026,01.02.2026,05.02.2026,11.02.2026,11.02.2026,12.02.2026,19.02.2026,,H014,WH INFORMA JABABEKA
R110260201H027_H014,CDD LONG CHASSIS,2250000,0,0,0,0,0,2250000,H014 - WH INFORMA JABABEKA,PT. BINTANG SAMUDRA RAYA,7,ON SCHEDULE,27,0,01.03.2026,01.02.2026,02.02.2026,11.02.2026,11.02.2026,12.02.2026,19.02.2026,,H014,WH INFORMA JABABEKA
R110260201H028_H014,CDD LONG CHASSIS,2250000,0,0,0,0,0,2250000,H014 - WH INFORMA JABABEKA,PT. BINTANG SAMUDRA RAYA,7,ON SCHEDULE,27,0,01.03.2026,01.02.2026,02.02.2026,11.02.2026,11.02.2026,12.02.2026,19.02.2026,,H014,WH INFORMA JABABEKA
R110260201H031_H014,CDD LONG CHASSIS,2200000,0,0,0,0,0,2200000,H014 - WH INFORMA JABABEKA,PT. AGUNG MAKMUR JAYA,7,ON SCHEDULE,27,0,01.03.2026,01.02.2026,02.02.2026,03.02.2026,03.02.2026,10.02.2026,12.02.2026,,H014,WH INFORMA JABABEKA
R110260201H043_H014,CDD LONG CHASSIS,4900000,0,0,0,0,0,4900000,H014 - WH INFORMA JABABEKA,PT.ORANG KREATIF EKSIS,7,ON SCHEDULE,28,0,03.03.2026,02.02.2026,05.02.2026,09.02.2026,09.02.2026,18.02.2026,18.02.2026,,H014,WH INFORMA JABABEKA
R110260201H044_H014,CDD LONG CHASSIS,4900000,0,0,0,0,0,4900000,H014 - WH INFORMA JABABEKA,PT.ORANG KREATIF EKSIS,7,ON SCHEDULE,28,0,03.03.2026,02.02.2026,05.02.2026,12.02.2026,12.02.2026,18.02.2026,18.02.2026,,H014,WH INFORMA JABABEKA
R110260201H045_H014,WINGBOX,4294000,0,0,0,0,0,4294000,H014 - WH INFORMA JABABEKA,PT. DUTA MEDIA MANDIRI,7,ON SCHEDULE,28,0,02.03.2026,01.02.2026,03.02.2026,05.02.2026,05.02.2026,06.02.2026,06.02.2026,,H014,WH INFORMA JABABEKA
R110260201H046_H014,WINGBOX,4825000,0,0,0,0,0,4825000,H014 - WH INFORMA JABABEKA,PT. CEHA LOGISTIK CEMERLANG,7,ON SCHEDULE,29,0,03.03.2026,01.02.2026,03.02.2026,04.02.2026,04.02.2026,05.02.2026,05.02.2026,,H014,WH INFORMA JABABEKA
R110260201H047_H014,WINGBOX,5175000,0,0,0,0,0,5175000,H014 - WH INFORMA JABABEKA,PT.SIASAT CEPAT MUDA,7,ON SCHEDULE,29,0,03.03.2026,01.02.2026,03.02.2026,06.02.2026,06.02.2026,12.02.2026,18.02.2026,,H014,WH INFORMA JABABEKA
R110260201H049_H014,BIG MAMA,3600000,0,0,0,0,0,3600000,H014 - WH INFORMA JABABEKA,PT. BINTANG SAMUDRA RAYA,7,ON SCHEDULE,29,0,03.03.2026,01.02.2026,03.02.2026,11.02.2026,11.02.2026,12.02.2026,19.02.2026,,H014,WH INFORMA JABABEKA
R110260201L022_H014,CONT-20,8450000,0,0,0,0,0,8450000,H014 - WH INFORMA JABABEKA,PT. TPIL LOGISTICS,7,ON SCHEDULE,42,0,16.03.2026,01.02.2026,13.02.2026,02.03.2026,02.03.2026,10.04.2026,28.04.2026,,H014,WH INFORMA JABABEKA
R110260201L023_H014,CDD LONG CHASSIS,1400000,0,0,0,0,0,1400000,H014 - WH INFORMA JABABEKA,PT. BINTANG SAMUDRA RAYA,7,ON SCHEDULE,27,0,02.03.2026,02.02.2026,03.02.2026,11.02.2026,11.02.2026,12.02.2026,19.02.2026,,H014,WH INFORMA JABABEKA
R110260201L024_H014,CDD LONG CHASSIS,1750000,0,0,0,250000,0,2000000,H014 - WH INFORMA JABABEKA,PT. CATUR GLOBAL LOGISTIK,7,ON SCHEDULE,27,0,01.03.2026,01.02.2026,02.02.2026,27.02.2026,28.02.2026,02.03.2026,02.03.2026,,H014,WH INFORMA JABABEKA
R110260201L025_H014,CDD LONG CHASSIS,7500000,0,0,0,0,0,7500000,H014 - WH INFORMA JABABEKA,PT.ORANG KREATIF EKSIS,7,ON SCHEDULE,30,0,05.03.2026,02.02.2026,05.02.2026,12.02.2026,12.02.2026,18.02.2026,18.02.2026,,H014,WH INFORMA JABABEKA
R110260201L032_H014,CDD LONG CHASSIS,13100000,0,0,0,0,0,13100000,H014 - WH INFORMA JABABEKA,PT.ORANG KREATIF EKSIS,7,ON SCHEDULE,30,0,04.03.2026,01.02.2026,08.02.2026,13.02.2026,13.02.2026,18.02.2026,18.02.2026,,H014,WH INFORMA JABABEKA
R110260201L033_H014,CDD LONG CHASSIS,13100000,0,0,0,0,0,13100000,H014 - WH INFORMA JABABEKA,PT.ORANG KREATIF EKSIS,7,ON SCHEDULE,30,0,04.03.2026,01.02.2026,08.02.2026,12.02.2026,12.02.2026,18.02.2026,18.02.2026,,H014,WH INFORMA JABABEKA
R110260201L035_H014,CDD LONG CHASSIS,3500000,0,0,0,0,0,3500000,H014 - WH INFORMA JABABEKA,PT. AGUNG MAKMUR JAYA,7,ON SCHEDULE,30,0,04.03.2026,01.02.2026,03.02.2026,04.02.2026,04.02.2026,10.02.2026,12.02.2026,,H014,WH INFORMA JABABEKA
R110260201L036_H014,CDD LONG CHASSIS,4900000,0,0,0,150000,0,5050000,H014 - WH INFORMA JABABEKA,PT.ORANG KREATIF EKSIS,7,ON SCHEDULE,28,0,02.03.2026,01.02.2026,02.02.2026,09.02.2026,10.02.2026,18.02.2026,18.02.2026,,H014,WH INFORMA JABABEKA
R110260201T017_H014,WINGBOX,6600000,0,0,0,0,0,6600000,H014 - WH INFORMA JABABEKA,PT. JAYA MULYA ERALINDO,7,ON SCHEDULE,29,0,03.03.2026,01.02.2026,04.02.2026,13.02.2026,13.02.2026,19.02.2026,19.02.2026,,H014,WH INFORMA JABABEKA
R110260201T019_H014,CONT-40,8150000,0,0,0,0,0,8150000,H014 - WH INFORMA JABABEKA,PT. JATIM PETROLEUM TRANSPORT,7,ON SCHEDULE,29,0,03.03.2026,01.02.2026,02.02.2026,10.03.2026,10.03.2026,12.03.2026,12.03.2026,,H014,WH INFORMA JABABEKA
R110260201T020_H014,CONT-40,8150000,0,0,0,0,0,8150000,H014 - WH INFORMA JABABEKA,PT. JATIM PETROLEUM TRANSPORT,7,ON SCHEDULE,29,0,03.03.2026,01.02.2026,04.02.2026,10.03.2026,10.03.2026,12.03.2026,12.03.2026,,H014,WH INFORMA JABABEKA
R110260201T023_H014,WINGBOX,6600000,0,0,0,0,0,6600000,H014 - WH INFORMA JABABEKA,PT. CATUR GLOBAL LOGISTIK,7,ON SCHEDULE,29,0,03.03.2026,01.02.2026,04.02.2026,19.02.2026,19.02.2026,23.02.2026,23.02.2026,,H014,WH INFORMA JABABEKA
R110260201T024_H014,WINGBOX,6600000,0,0,0,0,0,6600000,H014 - WH INFORMA JABABEKA,PT. JAYA MULYA ERALINDO,7,ON SCHEDULE,29,0,03.03.2026,01.02.2026,04.02.2026,13.02.2026,13.02.2026,19.02.2026,19.02.2026,,H014,WH INFORMA JABABEKA
R110260201T025_H014,CONT-40,8500000,0,0,0,0,0,8500000,H014 - WH INFORMA JABABEKA,PT. DINOYO PUTRA MANDIRI,7,ON SCHEDULE,29,0,03.03.2026,01.02.2026,04.02.2026,06.02.2026,06.02.2026,20.02.2026,20.02.2026,,H014,WH INFORMA JABABEKA
R110260201T026_H014,CONT-20,8450000,0,0,0,0,0,8450000,H014 - WH INFORMA JABABEKA,PT. TPIL LOGISTICS,7,ON SCHEDULE,42,0,21.03.2026,06.02.2026,14.02.2026,02.03.2026,02.03.2026,10.04.2026,10.04.2026,,H014,WH INFORMA JABABEKA
R110260201T027_H014,CONT-40,8150000,0,0,0,0,0,8150000,H014 - WH INFORMA JABABEKA,PT. JATIM PETROLEUM TRANSPORT,7,ON SCHEDULE,29,0,03.03.2026,01.02.2026,02.02.2026,10.03.2026,10.03.2026,12.03.2026,12.03.2026,,H014,WH INFORMA JABABEKA
R110260201T028_H014,CONT-40,8150000,0,0,0,0,0,8150000,H014 - WH INFORMA JABABEKA,PT. JATIM PETROLEUM TRANSPORT,7,ON SCHEDULE,29,0,03.03.2026,01.02.2026,04.02.2026,10.03.2026,10.03.2026,12.03.2026,12.03.2026,,H014,WH INFORMA JABABEKA
R110260201T029_H014,WINGBOX,6700000,0,0,0,0,0,6700000,H014 - WH INFORMA JABABEKA,PT.DHANESWARA EXPRES,7,ON SCHEDULE,29,0,03.03.2026,01.02.2026,04.02.2026,11.02.2026,11.02.2026,18.02.2026,19.02.2026,,H014,WH INFORMA JABABEKA
R110260201T030_H014,WINGBOX,5650000,0,0,0,0,0,5650000,H014 - WH INFORMA JABABEKA,PT. DUTA MEDIA MANDIRI,7,ON SCHEDULE,29,0,04.03.2026,02.02.2026,05.02.2026,10.02.2026,10.02.2026,19.02.2026,20.02.2026,,H014,WH INFORMA JABABEKA
R110260201T031_H014,CONT-40,8150000,0,0,0,0,0,8150000,H014 - WH INFORMA JABABEKA,PT. JATIM PETROLEUM TRANSPORT,7,ON SCHEDULE,29,0,04.03.2026,02.02.2026,04.02.2026,10.03.2026,10.03.2026,12.03.2026,12.03.2026,,H014,WH INFORMA JABABEKA
R110260201T032_H014,CONT-40,14200000,0,0,0,0,0,14200000,H014 - WH INFORMA JABABEKA,PT. SENTOSAPRIMA ABADI,7,ON SCHEDULE,37,0,12.03.2026,02.02.2026,13.02.2026,10.04.2026,10.04.2026,13.04.2026,13.04.2026,,H014,WH INFORMA JABABEKA
R110260202H011_H014,WINGBOX,2350000,0,0,0,0,0,2350000,H014 - WH INFORMA JABABEKA,PT. BINTANG SAMUDRA RAYA,7,ON SCHEDULE,27,0,02.03.2026,02.02.2026,03.02.2026,11.02.2026,11.02.2026,12.02.2026,19.02.2026,,H014,WH INFORMA JABABEKA
R110260202H029_H014,WINGBOX,4300000,0,0,0,0,0,4300000,H014 - WH INFORMA JABABEKA,PT.SIASAT CEPAT MUDA,7,ON SCHEDULE,29,0,04.03.2026,02.02.2026,04.02.2026,06.02.2026,06.02.2026,12.02.2026,18.02.2026,,H014,WH INFORMA JABABEKA
R110260202H030_H014,WINGBOX,4500000,0,0,0,0,0,4500000,H014 - WH INFORMA JABABEKA,PT. CEHA LOGISTIK CEMERLANG,7,ON SCHEDULE,29,0,04.03.2026,02.02.2026,03.02.2026,04.02.2026,04.02.2026,05.02.2026,05.02.2026,,H014,WH INFORMA JABABEKA
R110260202H031_H014,WINGBOX,4500000,0,0,0,0,0,4500000,H014 - WH INFORMA JABABEKA,PT. CEHA LOGISTIK CEMERLANG,7,ON SCHEDULE,29,0,04.03.2026,02.02.2026,03.02.2026,04.02.2026,04.02.2026,05.02.2026,05.02.2026,,H014,WH INFORMA JABABEKA
R110260202H032_H014,WINGBOX,17750000,0,0,0,0,0,17750000,H014 - WH INFORMA JABABEKA,PT. BINTANG SAMUDRA RAYA,7,ON SCHEDULE,30,0,05.03.2026,02.02.2026,08.02.2026,11.02.2026,11.02.2026,12.02.2026,19.02.2026,,H014,WH INFORMA JABABEKA
R110260202H033_H014,FUSO,19200000,0,0,0,0,0,19200000,H014 - WH INFORMA JABABEKA,PT. SATRIA PIRANTI PERKASA,7,ON SCHEDULE,30,0,05.03.2026,02.02.2026,08.02.2026,06.03.2026,06.03.2026,13.03.2026,13.03.2026,,H014,WH INFORMA JABABEKA
R110260202H034_H014,CDD LONG CHASSIS,4900000,0,0,0,0,0,4900000,H014 - WH INFORMA JABABEKA,PT.ORANG KREATIF EKSIS,7,ON SCHEDULE,28,0,03.03.2026,02.02.2026,03.02.2026,09.02.2026,09.02.2026,18.02.2026,18.02.2026,,H014,WH INFORMA JABABEKA
R110260202H035_H014,WINGBOX,2034000,0,0,0,0,0,2034000,H014 - WH INFORMA JABABEKA,PT. DUTA MEDIA MANDIRI,7,ON SCHEDULE,27,0,02.03.2026,02.02.2026,03.02.2026,05.02.2026,05.02.2026,06.02.2026,06.02.2026,,H014,WH INFORMA JABABEKA
R110260202H036_H014,WINGBOX,11500000,0,0,0,0,0,11500000,H014 - WH INFORMA JABABEKA,PT. BINTANG SAMUDRA RAYA,7,ON SCHEDULE,29,0,04.03.2026,02.02.2026,05.02.2026,11.02.2026,11.02.2026,25.02.2026,26.02.2026,,H014,WH INFORMA JABABEKA
R110260202H037_H014,CDD LONG CHASSIS,2850000,0,0,0,0,0,2850000,H014 - WH INFORMA JABABEKA,PT. BINTANG SAMUDRA RAYA,7,ON SCHEDULE,28,0,03.03.2026,02.02.2026,04.02.2026,11.02.2026,11.02.2026,12.02.2026,19.02.2026,,H014,WH INFORMA JABABEKA
R110260202H038_H014,CDD LONG CHASSIS,1725000,0,0,0,0,0,1725000,H014 - WH INFORMA JABABEKA,PT. BINTANG SAMUDRA RAYA,7,ON SCHEDULE,27,0,02.03.2026,02.02.2026,03.02.2026,11.02.2026,11.02.2026,12.02.2026,19.02.2026,,H014,WH INFORMA JABABEKA
R110260202H039_H014,CONT-20,11500000,0,0,0,0,0,11500000,H014 - WH INFORMA JABABEKA,PT. WIDYA TRANS CARGO,7,ON SCHEDULE,42,0,18.03.2026,03.02.2026,14.02.2026,25.02.2026,25.02.2026,26.02.2026,26.02.2026,,H014,WH INFORMA JABABEKA
R110260202H040_H014,WINGBOX,4825000,0,0,0,0,0,4825000,H014 - WH INFORMA JABABEKA,PT. CEHA LOGISTIK CEMERLANG,7,ON SCHEDULE,29,0,04.03.2026,02.02.2026,04.02.2026,05.02.2026,05.02.2026,05.02.2026,05.02.2026,,H014,WH INFORMA JABABEKA
R110260202H044_H014,CDD LONG CHASSIS,1400000,0,0,0,0,0,1400000,H014 - WH INFORMA JABABEKA,PT. BINTANG SAMUDRA RAYA,7,ON SCHEDULE,27,0,02.03.2026,02.02.2026,03.02.2026,11.02.2026,11.02.2026,12.02.2026,19.02.2026,,H014,WH INFORMA JABABEKA
R110260202H045_H014,FUSO,19200000,0,0,0,0,0,19200000,H014 - WH INFORMA JABABEKA,PT. SATRIA PIRANTI PERKASA,7,ON SCHEDULE,30,0,06.03.2026,03.02.2026,08.02.2026,06.03.2026,06.03.2026,13.03.2026,13.03.2026,,H014,WH INFORMA JABABEKA
R110260202H046_H014,CDD LONG CHASSIS,3325000,0,0,0,0,0,3325000,H014 - WH INFORMA JABABEKA,PT. JEJE HARAPAN TRANSINDO,7,ON SCHEDULE,29,0,04.03.2026,02.02.2026,04.02.2026,19.02.2026,20.02.2026,27.02.2026,27.02.2026,,H014,WH INFORMA JABABEKA
R110260202H049_H014,CDD LONG CHASSIS,2250000,0,0,0,0,0,2250000,H014 - WH INFORMA JABABEKA,PT. BINTANG SAMUDRA RAYA,7,ON SCHEDULE,27,0,03.03.2026,03.02.2026,04.02.2026,11.02.2026,11.02.2026,12.02.2026,19.02.2026,,H014,WH INFORMA JABABEKA
R110260202H054_H014,FUSO,19200000,0,0,0,0,0,19200000,H014 - WH INFORMA JABABEKA,PT. SATRIA PIRANTI PERKASA,7,ON SCHEDULE,30,0,05.03.2026,02.02.2026,08.02.2026,06.03.2026,06.03.2026,13.03.2026,13.03.2026,,H014,WH INFORMA JABABEKA
R110260202H055_H014,CDD LONG CHASSIS,4900000,0,0,0,0,0,4900000,H014 - WH INFORMA JABABEKA,PT.ORANG KREATIF EKSIS,7,ON SCHEDULE,28,0,03.03.2026,02.02.2026,03.02.2026,09.02.2026,09.02.2026,18.02.2026,18.02.2026,,H014,WH INFORMA JABABEKA
R110260202H056_H014,CDD LONG CHASSIS,4900000,0,0,0,0,0,4900000,H014 - WH INFORMA JABABEKA,PT.ORANG KREATIF EKSIS,7,ON SCHEDULE,28,0,03.03.2026,02.02.2026,04.02.2026,09.02.2026,09.02.2026,18.02.2026,18.02.2026,,H014,WH INFORMA JABABEKA
R110260202H059_H014,WINGBOX,4825000,0,0,0,0,0,4825000,H014 - WH INFORMA JABABEKA,PT. CEHA LOGISTIK CEMERLANG,7,ON SCHEDULE,29,0,05.03.2026,03.02.2026,05.02.2026,06.02.2026,06.02.2026,12.02.2026,12.02.2026,,H014,WH INFORMA JABABEKA
R110260202H060_H014,WINGBOX,11500000,0,0,0,0,0,11500000,H014 - WH INFORMA JABABEKA,PT. BINTANG SAMUDRA RAYA,7,ON SCHEDULE,29,0,05.03.2026,03.02.2026,08.02.2026,11.02.2026,11.02.2026,27.03.2026,27.03.2026,,H014,WH INFORMA JABABEKA
R110260202H064_H014,CDD LONG CHASSIS,3600000,0,0,0,0,0,3600000,H014 - WH INFORMA JABABEKA,PT. BINTANG SAMUDRA RAYA,7,ON SCHEDULE,29,0,04.03.2026,02.02.2026,04.02.2026,11.02.2026,11.02.2026,12.02.2026,19.02.2026,,H014,WH INFORMA JABABEKA
R110260202H065_H014,CDD LONG CHASSIS,7580000,0,0,0,0,0,7580000,H014 - WH INFORMA JABABEKA,PT LOGISTIK CANGGIH INDONESIA,7,ON SCHEDULE,29,0,05.03.2026,03.02.2026,06.02.2026,12.02.2026,12.02.2026,23.02.2026,23.02.2026,,H014,WH INFORMA JABABEKA
R110260202H066_H014,CDD LONG CHASSIS,2850000,0,0,0,0,0,2850000,H014 - WH INFORMA JABABEKA,PT. BINTANG SAMUDRA RAYA,7,ON SCHEDULE,28,0,03.03.2026,02.02.2026,04.02.2026,11.02.2026,11.02.2026,12.02.2026,19.02.2026,,H014,WH INFORMA JABABEKA
R110260202L018_H014,CONT-20,8450000,0,0,0,0,0,8450000,H014 - WH INFORMA JABABEKA,PT. TPIL LOGISTICS,7,ON SCHEDULE,42,0,20.03.2026,05.02.2026,14.02.2026,02.03.2026,02.03.2026,10.04.2026,10.04.2026,,H014,WH INFORMA JABABEKA
R110260202L028_H014,WINGBOX,1998000,0,0,0,0,0,1998000,H014 - WH INFORMA JABABEKA,PT. ARDYA PRIMA INTERNUSA,7,ON SCHEDULE,27,0,03.03.2026,03.02.2026,04.02.2026,23.02.2026,23.02.2026,03.03.2026,06.03.2026,,H014,WH INFORMA JABABEKA
R110260202L029_H014,CDD LONG CHASSIS,3500000,0,0,0,0,0,3500000,H014 - WH INFORMA JABABEKA,PT. CEHA LOGISTIK CEMERLANG,7,ON SCHEDULE,29,0,04.03.2026,02.02.2026,04.02.2026,05.02.2026,05.02.2026,05.02.2026,05.02.2026,,H014,WH INFORMA JABABEKA
R110260202L030_H014,CDD LONG CHASSIS,3500000,0,0,0,0,0,3500000,H014 - WH INFORMA JABABEKA,PT. CEHA LOGISTIK CEMERLANG,7,ON SCHEDULE,30,0,05.03.2026,02.02.2026,04.02.2026,05.02.2026,05.02.2026,05.02.2026,05.02.2026,,H014,WH INFORMA JABABEKA
R110260202L032_H014,CDD LONG CHASSIS,3600000,0,0,0,0,0,3600000,H014 - WH INFORMA JABABEKA,PT. BINTANG SAMUDRA RAYA,7,ON SCHEDULE,30,0,06.03.2026,03.02.2026,05.02.2026,11.02.2026,11.02.2026,12.02.2026,19.02.2026,,H014,WH INFORMA JABABEKA
R110260202L033_H014,CDD LONG CHASSIS,13100000,0,0,0,0,0,13100000,H014 - WH INFORMA JABABEKA,PT.ORANG KREATIF EKSIS,7,ON SCHEDULE,30,0,05.03.2026,02.02.2026,08.02.2026,13.02.2026,13.02.2026,18.02.2026,18.02.2026,,H014,WH INFORMA JABABEKA
R110260202L034_H014,CDD LONG CHASSIS,13700000,0,0,0,0,0,13700000,H014 - WH INFORMA JABABEKA,PT LOGISTIK CANGGIH INDONESIA,7,ON SCHEDULE,30,0,06.03.2026,03.02.2026,06.02.2026,04.03.2026,05.03.2026,05.03.2026,10.03.2026,,H014,WH INFORMA JABABEKA
R110260202T023_H014,WINGBOX,20000000,0,0,0,0,0,20000000,H014 - WH INFORMA JABABEKA,PT.ORANG KREATIF EKSIS,7,ON SCHEDULE,37,0,12.03.2026,02.02.2026,08.02.2026,18.02.2026,18.02.2026,02.03.2026,02.03.2026,,H014,WH INFORMA JABABEKA
R110260202T024_H014,WINGBOX,6600000,0,0,0,0,0,6600000,H014 - WH INFORMA JABABEKA,PT. JAYA MULYA ERALINDO,7,ON SCHEDULE,29,0,04.03.2026,02.02.2026,06.02.2026,13.02.2026,13.02.2026,19.02.2026,19.02.2026,,H014,WH INFORMA JABABEKA
R110260202T026_H014,WINGBOX,5650000,0,0,0,0,0,5650000,H014 - WH INFORMA JABABEKA,PT. DUTA MEDIA MANDIRI,7,ON SCHEDULE,29,0,04.03.2026,02.02.2026,05.02.2026,10.02.2026,10.02.2026,11.02.2026,11.02.2026,,H014,WH INFORMA JABABEKA
R110260202T027_H014,CONT-40,8150000,0,0,0,0,0,8150000,H014 - WH INFORMA JABABEKA,PT. JATIM PETROLEUM TRANSPORT,7,ON SCHEDULE,29,0,05.03.2026,03.02.2026,06.02.2026,10.03.2026,10.03.2026,12.03.2026,12.03.2026,,H014,WH INFORMA JABABEKA
R110260202T028_H014,CONT-40,8150000,0,0,0,0,0,8150000,H014 - WH INFORMA JABABEKA,PT. JATIM PETROLEUM TRANSPORT,7,ON SCHEDULE,29,0,04.03.2026,02.02.2026,09.02.2026,10.03.2026,10.03.2026,12.03.2026,12.03.2026,,H014,WH INFORMA JABABEKA
R110260202T029_H014,WINGBOX,6200000,0,0,0,0,0,6200000,H014 - WH INFORMA JABABEKA,PT. SATRIA PIRANTI PERKASA,7,ON SCHEDULE,29,0,04.03.2026,02.02.2026,05.02.2026,25.02.2026,25.02.2026,05.03.2026,05.03.2026,,H014,WH INFORMA JABABEKA
R110260202T030_H014,WINGBOX,6600000,0,0,0,0,0,6600000,H014 - WH INFORMA JABABEKA,PT. JAYA MULYA ERALINDO,7,ON SCHEDULE,29,0,04.03.2026,02.02.2026,06.02.2026,13.02.2026,13.02.2026,19.02.2026,19.02.2026,,H014,WH INFORMA JABABEKA
R110260202T031_H014,CONT-40,8150000,0,0,0,0,0,8150000,H014 - WH INFORMA JABABEKA,PT. JATIM PETROLEUM TRANSPORT,7,ON SCHEDULE,29,0,06.03.2026,04.02.2026,06.02.2026,10.03.2026,10.03.2026,12.03.2026,12.03.2026,,H014,WH INFORMA JABABEKA
R110260202T032_H014,CONT-40,14200000,0,0,0,0,0,14200000,H014 - WH INFORMA JABABEKA,PT. SENTOSAPRIMA ABADI,7,ON SCHEDULE,37,0,13.03.2026,03.02.2026,13.02.2026,10.04.2026,10.04.2026,13.04.2026,13.04.2026,,H014,WH INFORMA JABABEKA
R110260202T033_H014,WINGBOX,5650000,0,0,0,0,0,5650000,H014 - WH INFORMA JABABEKA,PT. DUTA MEDIA MANDIRI,7,ON SCHEDULE,29,0,04.03.2026,02.02.2026,05.02.2026,10.02.2026,10.02.2026,11.02.2026,11.02.2026,,H014,WH INFORMA JABABEKA
R110260202T034_H014,WINGBOX,5600000,0,0,0,0,0,5600000,H014 - WH INFORMA JABABEKA,PT. BINTANG SAMUDRA RAYA,7,ON SCHEDULE,29,0,05.03.2026,03.02.2026,06.02.2026,11.02.2026,11.02.2026,12.02.2026,19.02.2026,,H014,WH INFORMA JABABEKA
R110260202T035_H014,CONT-40,14500000,0,0,0,0,0,14500000,H014 - WH INFORMA JABABEKA,PT. MITRA INTERTRANS FORWARDING,7,ON SCHEDULE,40,0,17.03.2026,04.02.2026,11.02.2026,06.03.2026,06.03.2026,09.03.2026,09.03.2026,,H014,WH INFORMA JABABEKA
R110260202T036_H014,CONT-40,14200000,0,0,0,0,0,14200000,H014 - WH INFORMA JABABEKA,PT. SENTOSAPRIMA ABADI,7,ON SCHEDULE,37,0,13.03.2026,03.02.2026,13.02.2026,10.04.2026,10.04.2026,13.04.2026,13.04.2026,,H014,WH INFORMA JABABEKA
R110260202T037_H014,CONT-40,18800000,0,0,0,0,0,18800000,H014 - WH INFORMA JABABEKA,PT. WIDYA TRANS CARGO,7,ON SCHEDULE,40,0,17.03.2026,04.02.2026,16.02.2026,27.02.2026,28.02.2026,04.03.2026,04.03.2026,,H014,WH INFORMA JABABEKA
R110260202T038_H014,WINGBOX,5600000,0,0,0,0,0,5600000,H014 - WH INFORMA JABABEKA,PT. BINTANG SAMUDRA RAYA,7,ON SCHEDULE,29,0,05.03.2026,03.02.2026,06.02.2026,11.02.2026,11.02.2026,12.02.2026,19.02.2026,,H014,WH INFORMA JABABEKA
R110260202T039_H014,WINGBOX,6200000,0,0,0,0,0,6200000,H014 - WH INFORMA JABABEKA,PT. SATRIA PIRANTI PERKASA,7,ON SCHEDULE,29,0,05.03.2026,03.02.2026,06.02.2026,02.03.2026,02.03.2026,09.03.2026,09.03.2026,,H014,WH INFORMA JABABEKA
R110260203H026_H014,WINGBOX,4300000,0,0,0,0,0,4300000,H014 - WH INFORMA JABABEKA,PT.SIASAT CEPAT MUDA,7,ON SCHEDULE,29,0,05.03.2026,03.02.2026,05.02.2026,06.02.2026,06.02.2026,12.02.2026,18.02.2026,,H014,WH INFORMA JABABEKA
R110260203H027_H014,WINGBOX,4300000,0,0,0,0,0,4300000,H014 - WH INFORMA JABABEKA,PT.SIASAT CEPAT MUDA,7,ON SCHEDULE,29,0,05.03.2026,03.02.2026,05.02.2026,06.02.2026,06.02.2026,12.02.2026,18.02.2026,,H014,WH INFORMA JABABEKA
R110260203H028_H014,WINGBOX,4825000,0,0,0,0,0,4825000,H014 - WH INFORMA JABABEKA,PT. CEHA LOGISTIK CEMERLANG,7,ON SCHEDULE,29,0,05.03.2026,03.02.2026,05.02.2026,06.02.2026,06.02.2026,12.02.2026,12.02.2026,,H014,WH INFORMA JABABEKA
R110260203H029_H014,FUSO,19550000,0,0,0,0,0,19550000,H014 - WH INFORMA JABABEKA,PT. DUTA LINTAS NUSA,7,ON SCHEDULE,31,0,07.03.2026,03.02.2026,09.02.2026,24.02.2026,24.02.2026,25.02.2026,26.02.2026,,H014,WH INFORMA JABABEKA
R110260203H030_H014,CDD LONG CHASSIS,9300000,0,0,0,0,0,9300000,H014 - WH INFORMA JABABEKA,PT. AGUNG MAKMUR JAYA,7,ON SCHEDULE,33,0,09.03.2026,03.02.2026,08.02.2026,09.02.2026,10.02.2026,10.02.2026,12.02.2026,,H014,WH INFORMA JABABEKA
R110260203H031_H014,CDD LONG CHASSIS,9300000,0,0,0,0,0,9300000,H014 - WH INFORMA JABABEKA,PT. AGUNG MAKMUR JAYA,7,ON SCHEDULE,33,0,10.03.2026,04.02.2026,08.02.2026,09.02.2026,10.02.2026,10.02.2026,12.02.2026,,H014,WH INFORMA JABABEKA
R110260203H032_H014,WINGBOX,3500000,0,0,0,0,0,3500000,H014 - WH INFORMA JABABEKA,PT. BINTANG SAMUDRA RAYA,7,ON SCHEDULE,29,0,05.03.2026,03.02.2026,05.02.2026,11.02.2026,11.02.2026,12.02.2026,19.02.2026,,H014,WH INFORMA JABABEKA
R110260203H033_H014,CDD LONG CHASSIS,2250000,0,0,0,0,0,2250000,H014 - WH INFORMA JABABEKA,PT. BINTANG SAMUDRA RAYA,7,ON SCHEDULE,27,0,03.03.2026,03.02.2026,04.02.2026,11.02.2026,11.02.2026,12.02.2026,19.02.2026,,H014,WH INFORMA JABABEKA
R110260203H034_H014,CDD LONG CHASSIS,2250000,0,0,0,0,0,2250000,H014 - WH INFORMA JABABEKA,PT. BINTANG SAMUDRA RAYA,7,ON SCHEDULE,27,0,03.03.2026,03.02.2026,04.02.2026,11.02.2026,11.02.2026,12.02.2026,19.02.2026,,H014,WH INFORMA JABABEKA
R110260203H035_H014,WINGBOX,2599000,0,0,0,0,0,2599000,H014 - WH INFORMA JABABEKA,PT. DUTA MEDIA MANDIRI,7,ON SCHEDULE,27,0,03.03.2026,03.02.2026,04.02.2026,05.02.2026,05.02.2026,06.02.2026,09.02.2026,,H014,WH INFORMA JABABEKA
R110260203H036_H014,FUSO,6900000,0,0,0,0,0,6900000,H014 - WH INFORMA JABABEKA,PT. DUTA LINTAS NUSA,7,ON SCHEDULE,28,0,04.03.2026,03.02.2026,05.02.2026,24.02.2026,24.02.2026,25.02.2026,26.02.2026,,H014,WH INFORMA JABABEKA
R110260203H037_H014,CDD LONG CHASSIS,2250000,0,0,0,0,0,2250000,H014 - WH INFORMA JABABEKA,PT. BINTANG SAMUDRA RAYA,7,ON SCHEDULE,27,0,03.03.2026,03.02.2026,04.02.2026,11.02.2026,11.02.2026,19.02.2026,20.02.2026,,H014,WH INFORMA JABABEKA
R110260203H038_H014,WINGBOX,15000000,0,0,0,0,0,15000000,H014 - WH INFORMA JABABEKA,PT. BINTANG SAMUDRA RAYA,7,ON SCHEDULE,30,0,07.03.2026,04.02.2026,09.02.2026,11.02.2026,11.02.2026,25.02.2026,26.02.2026,,H014,WH INFORMA JABABEKA
R110260203H039_H014,WINGBOX,15000000,0,0,0,0,0,15000000,H014 - WH INFORMA JABABEKA,PT. BINTANG SAMUDRA RAYA,7,ON SCHEDULE,30,0,06.03.2026,03.02.2026,09.02.2026,11.02.2026,11.02.2026,12.02.2026,19.02.2026,,H014,WH INFORMA JABABEKA
R110260203H040_H014,WINGBOX,1998000,0,0,0,0,0,1998000,H014 - WH INFORMA JABABEKA,PT. ARDYA PRIMA INTERNUSA,7,ON SCHEDULE,27,0,03.03.2026,03.02.2026,04.02.2026,23.02.2026,23.02.2026,03.03.2026,06.03.2026,,H014,WH INFORMA JABABEKA
R110260203H041_H014,WINGBOX,2034000,0,0,0,0,0,2034000,H014 - WH INFORMA JABABEKA,PT. DUTA MEDIA MANDIRI,7,ON SCHEDULE,27,0,03.03.2026,03.02.2026,04.02.2026,05.02.2026,05.02.2026,06.02.2026,06.02.2026,,H014,WH INFORMA JABABEKA
R110260203H049_H014,CDD LONG CHASSIS,2850000,0,0,0,0,0,2850000,H014 - WH INFORMA JABABEKA,PT. BINTANG SAMUDRA RAYA,7,ON SCHEDULE,28,0,04.03.2026,03.02.2026,05.02.2026,11.02.2026,11.02.2026,12.02.2026,19.02.2026,,H014,WH INFORMA JABABEKA
R110260203H051_H014,WINGBOX,11500000,0,0,0,0,0,11500000,H014 - WH INFORMA JABABEKA,PT. BINTANG SAMUDRA RAYA,7,ON SCHEDULE,29,0,06.03.2026,04.02.2026,08.02.2026,11.02.2026,11.02.2026,19.02.2026,20.02.2026,,H014,WH INFORMA JABABEKA
R110260203H052_H014,CDD LONG CHASSIS,1800000,0,0,0,0,0,1800000,H014 - WH INFORMA JABABEKA,PT. ARDYA PRIMA INTERNUSA,7,ON SCHEDULE,27,0,03.03.2026,03.02.2026,04.02.2026,23.02.2026,23.02.2026,03.03.2026,06.03.2026,,H014,WH INFORMA JABABEKA
R110260203H056_H014,CDD LONG CHASSIS,4900000,0,0,0,0,0,4900000,H014 - WH INFORMA JABABEKA,PT.ORANG KREATIF EKSIS,7,ON SCHEDULE,28,0,04.03.2026,03.02.2026,05.02.2026,12.02.2026,12.02.2026,18.02.2026,18.02.2026,,H014,WH INFORMA JABABEKA
R110260203H057_H014,CDD LONG CHASSIS,10350000,0,0,0,0,0,10350000,H014 - WH INFORMA JABABEKA,PT.ORANG KREATIF EKSIS,7,ON SCHEDULE,33,0,09.03.2026,03.02.2026,08.02.2026,12.02.2026,12.02.2026,18.02.2026,18.02.2026,,H014,WH INFORMA JABABEKA
R110260203H058_H014,CDD LONG CHASSIS,9300000,0,0,0,0,0,9300000,H014 - WH INFORMA JABABEKA,PT. AGUNG MAKMUR JAYA,7,ON SCHEDULE,33,0,10.03.2026,04.02.2026,08.02.2026,09.02.2026,10.02.2026,10.02.2026,12.02.2026,,H014,WH INFORMA JABABEKA
R110260203H059_H014,CDD LONG CHASSIS,12500000,0,0,0,0,0,12500000,H014 - WH INFORMA JABABEKA,PT LOGISTIK CANGGIH INDONESIA,7,ON SCHEDULE,31,0,07.03.2026,03.02.2026,08.02.2026,23.02.2026,23.02.2026,04.03.2026,05.03.2026,,H014,WH INFORMA JABABEKA
R110260203H060_H014,WINGBOX,4825000,0,0,0,0,0,4825000,H014 - WH INFORMA JABABEKA,PT. CEHA LOGISTIK CEMERLANG,7,ON SCHEDULE,29,0,06.03.2026,04.02.2026,05.02.2026,06.02.2026,06.02.2026,12.02.2026,12.02.2026,,H014,WH INFORMA JABABEKA
R110260203H061_H014,CDD LONG CHASSIS,12500000,0,0,0,0,0,12500000,H014 - WH INFORMA JABABEKA,PT LOGISTIK CANGGIH INDONESIA,7,ON SCHEDULE,31,0,07.03.2026,03.02.2026,08.02.2026,23.02.2026,23.02.2026,04.03.2026,05.03.2026,,H014,WH INFORMA JABABEKA
R110260203H063_H014,CDD LONG CHASSIS,7400000,0,0,0,0,0,7400000,H014 - WH INFORMA JABABEKA,PT. BINTANG SAMUDRA RAYA,7,ON SCHEDULE,29,0,05.03.2026,03.02.2026,08.02.2026,11.02.2026,11.02.2026,19.02.2026,20.02.2026,,H014,WH INFORMA JABABEKA
R110260203H064_H014,WINGBOX,1998000,0,0,0,0,0,1998000,H014 - WH INFORMA JABABEKA,PT. ARDYA PRIMA INTERNUSA,7,ON SCHEDULE,27,0,03.03.2026,03.02.2026,04.02.2026,23.02.2026,23.02.2026,03.03.2026,06.03.2026,,H014,WH INFORMA JABABEKA
R110260203L046_H014,CDD LONG CHASSIS,3500000,0,0,0,100000,0,3600000,H014 - WH INFORMA JABABEKA,PT. AGUNG MAKMUR JAYA,7,ON SCHEDULE,28,0,05.03.2026,04.02.2026,06.02.2026,09.02.2026,10.02.2026,10.02.2026,12.02.2026,,H014,WH INFORMA JABABEKA
R110260203L046_H014,CDD LONG CHASSIS,3500000,0,0,0,100000,0,3600000,H014 - WH INFORMA JABABEKA,PT. AGUNG MAKMUR JAYA,7,ON SCHEDULE,28,0,05.03.2026,04.02.2026,06.02.2026,09.02.2026,10.02.2026,10.02.2026,12.02.2026,,H014,WH INFORMA JABABEKA
R110260203L046_H014,CDD LONG CHASSIS,3500000,0,0,0,100000,0,3600000,H014 - WH INFORMA JABABEKA,PT. AGUNG MAKMUR JAYA,7,ON SCHEDULE,28,0,05.03.2026,04.02.2026,06.02.2026,09.02.2026,10.02.2026,10.02.2026,12.02.2026,,H014,WH INFORMA JABABEKA
R110260203L048_H014,CONT-20,8450000,0,0,0,0,0,8450000,H014 - WH INFORMA JABABEKA,PT. TPIL LOGISTICS,7,ON SCHEDULE,42,0,21.03.2026,06.02.2026,14.02.2026,02.03.2026,02.03.2026,10.04.2026,28.04.2026,,H014,WH INFORMA JABABEKA
R110260203L049_H014,CDD LONG CHASSIS,3500000,0,0,0,0,0,3500000,H014 - WH INFORMA JABABEKA,PT. AGUNG MAKMUR JAYA,7,ON SCHEDULE,30,0,06.03.2026,03.02.2026,05.02.2026,06.02.2026,06.02.2026,10.02.2026,12.02.2026,,H014,WH INFORMA JABABEKA
R110260203L050_H014,CDD LONG CHASSIS,1400000,0,0,0,0,0,1400000,H014 - WH INFORMA JABABEKA,PT. ARDYA PRIMA INTERNUSA,7,ON SCHEDULE,27,0,03.03.2026,03.02.2026,04.02.2026,23.02.2026,23.02.2026,03.03.2026,06.03.2026,,H014,WH INFORMA JABABEKA
R110260203L052_H014,CDD LONG CHASSIS,3300000,0,0,0,0,0,3300000,H014 - WH INFORMA JABABEKA,PT. BINTANG SAMUDRA RAYA,6,LATE,28,181,04.03.2026,03.02.2026,05.02.2026,11.03.2026,11.03.2026,10.04.2026,22.04.2026,,H014,WH INFORMA JABABEKA
R110260203T023_H014,CONT-40,13800000,0,0,0,0,0,13800000,H014 - WH INFORMA JABABEKA,PT. SENTOSAPRIMA ABADI,7,ON SCHEDULE,40,0,17.03.2026,04.02.2026,18.02.2026,01.04.2026,01.04.2026,06.04.2026,06.04.2026,,H014,WH INFORMA JABABEKA
R110260203T024_H014,CONT-40,14500000,0,0,0,0,0,14500000,H014 - WH INFORMA JABABEKA,PT. MITRA INTERTRANS FORWARDING,7,ON SCHEDULE,40,0,17.03.2026,04.02.2026,22.02.2026,06.03.2026,06.03.2026,09.03.2026,09.03.2026,,H014,WH INFORMA JABABEKA
R110260203T025_H014,WINGBOX,7000000,0,0,0,0,0,7000000,H014 - WH INFORMA JABABEKA,PT. DUNIA EXPRESS TRANSINDO,7,ON SCHEDULE,29,0,06.03.2026,04.02.2026,08.02.2026,02.03.2026,02.03.2026,11.03.2026,12.03.2026,,H014,WH INFORMA JABABEKA
R110260203T026_H014,CONT-40,13200000,0,0,0,0,0,13200000,H014 - WH INFORMA JABABEKA,PT. TPIL LOGISTICS,7,ON SCHEDULE,42,0,26.03.2026,11.02.2026,22.02.2026,02.03.2026,02.03.2026,10.04.2026,10.04.2026,,H014,WH INFORMA JABABEKA
R110260203T027_H014,CONT-40,13800000,0,0,1000000,0,0,14800000,H014 - WH INFORMA JABABEKA,PT. WIDYA TRANS CARGO,7,ON SCHEDULE,42,0,25.03.2026,10.02.2026,24.02.2026,09.03.2026,09.03.2026,11.03.2026,11.03.2026,,H014,WH INFORMA JABABEKA
R110260203T028_H014,CONT-40,18800000,0,0,0,0,0,18800000,H014 - WH INFORMA JABABEKA,PT. WIDYA TRANS CARGO,7,ON SCHEDULE,40,0,18.03.2026,05.02.2026,16.02.2026,27.02.2026,28.02.2026,04.03.2026,04.03.2026,,H014,WH INFORMA JABABEKA
R110260203T029_H014,CONT-20,9450000,0,0,0,0,0,9450000,H014 - WH INFORMA JABABEKA,PT. SENTOSAPRIMA ABADI,7,ON SCHEDULE,40,0,22.03.2026,09.02.2026,22.02.2026,17.04.2026,17.04.2026,28.04.2026,28.04.2026,,H014,WH INFORMA JABABEKA
R110260203T030_H014,CONT-20,13800000,0,0,0,0,0,13800000,H014 - WH INFORMA JABABEKA,PT. MITRA INTERTRANS FORWARDING,7,ON SCHEDULE,40,0,18.03.2026,05.02.2026,03.03.2026,06.04.2026,06.04.2026,07.04.2026,07.04.2026,,H014,WH INFORMA JABABEKA
R110260203T031_H014,CONT-20,9450000,0,0,0,0,0,9450000,H014 - WH INFORMA JABABEKA,PT. SENTOSAPRIMA ABADI,7,ON SCHEDULE,40,0,22.03.2026,09.02.2026,22.02.2026,17.04.2026,17.04.2026,23.04.2026,23.04.2026,,H014,WH INFORMA JABABEKA
R110260203T032_H014,CONT-20,9450000,0,0,0,0,0,9450000,H014 - WH INFORMA JABABEKA,PT. SENTOSAPRIMA ABADI,7,ON SCHEDULE,40,0,22.03.2026,09.02.2026,22.02.2026,17.04.2026,17.04.2026,23.04.2026,23.04.2026,,H014,WH INFORMA JABABEKA
R110260203T033_H014,CONT-20,9450000,0,0,0,0,0,9450000,H014 - WH INFORMA JABABEKA,PT. SENTOSAPRIMA ABADI,7,ON SCHEDULE,40,0,21.03.2026,08.02.2026,21.02.2026,17.04.2026,17.04.2026,23.04.2026,23.04.2026,,H014,WH INFORMA JABABEKA
R110260203T034_H014,CONT-20,9450000,0,0,0,0,0,9450000,H014 - WH INFORMA JABABEKA,PT. SENTOSAPRIMA ABADI,7,ON SCHEDULE,40,0,24.03.2026,11.02.2026,22.02.2026,11.05.2026,11.05.2026,13.05.2026,13.05.2026,,H014,WH INFORMA JABABEKA
R110260203T035_H014,CONT-40,8150000,0,0,0,0,0,8150000,H014 - WH INFORMA JABABEKA,PT. JATIM PETROLEUM TRANSPORT,7,ON SCHEDULE,29,0,06.03.2026,04.02.2026,06.02.2026,10.03.2026,10.03.2026,12.03.2026,12.03.2026,,H014,WH INFORMA JABABEKA
R110260203T036_H014,WINGBOX,6600000,0,0,0,0,0,6600000,H014 - WH INFORMA JABABEKA,PT. JAYA MULYA ERALINDO,7,ON SCHEDULE,29,0,07.03.2026,05.02.2026,08.02.2026,13.02.2026,13.02.2026,19.02.2026,19.02.2026,,H014,WH INFORMA JABABEKA
R110260203T037_H014,CONT-20,10500000,0,0,400000,0,0,10900000,H014 - WH INFORMA JABABEKA,PT. HAKKA HYDRO TIRTA,7,ON SCHEDULE,40,0,16.03.2026,03.02.2026,21.02.2026,02.03.2026,02.03.2026,03.03.2026,03.03.2026,,H014,WH INFORMA JABABEKA
R110260203T038_H014,CONT-20,9000000,0,0,800000,0,0,9800000,H014 - WH INFORMA JABABEKA,PT. TPIL LOGISTICS,7,ON SCHEDULE,46,0,24.03.2026,05.02.2026,,22.05.2026,22.05.2026,25.05.2026,25.05.2026,,H014,WH INFORMA JABABEKA
R110260203T038_H014,CONT-20,9000000,0,0,800000,0,0,9800000,H014 - WH INFORMA JABABEKA,PT. TPIL LOGISTICS,7,ON SCHEDULE,46,0,24.03.2026,05.02.2026,,22.05.2026,22.05.2026,25.05.2026,25.05.2026,,H014,WH INFORMA JABABEKA
R110260203T039_H014,CONT-40,13850000,0,0,1500000,0,0,15350000,H014 - WH INFORMA JABABEKA,PT. SENTOSAPRIMA ABADI,7,ON SCHEDULE,46,0,25.03.2026,06.02.2026,16.02.2026,27.04.2026,28.04.2026,29.04.2026,29.04.2026,,H014,WH INFORMA JABABEKA
R110260203T040_H014,CONT-40,8150000,0,0,0,0,0,8150000,H014 - WH INFORMA JABABEKA,PT. JATIM PETROLEUM TRANSPORT,7,ON SCHEDULE,29,0,06.03.2026,04.02.2026,06.02.2026,10.03.2026,10.03.2026,12.03.2026,12.03.2026,,H014,WH INFORMA JABABEKA
R110260203T041_H014,CONT-40,8500000,0,0,0,0,0,8500000,H014 - WH INFORMA JABABEKA,PT. DINOYO PUTRA MANDIRI,7,ON SCHEDULE,29,0,05.03.2026,03.02.2026,06.02.2026,09.02.2026,10.02.2026,20.02.2026,20.02.2026,,H014,WH INFORMA JABABEKA
R110260203T044_H014,WINGBOX,6600000,0,0,0,0,0,6600000,H014 - WH INFORMA JABABEKA,PT. CATUR GLOBAL LOGISTIK,7,ON SCHEDULE,29,0,07.03.2026,05.02.2026,08.02.2026,19.02.2026,19.02.2026,20.02.2026,20.02.2026,,H014,WH INFORMA JABABEKA
R110260203T046_H014,CONT-20,9000000,0,0,800000,0,0,9800000,H014 - WH INFORMA JABABEKA,PT. TPIL LOGISTICS,7,ON SCHEDULE,46,0,24.03.2026,05.02.2026,16.02.2026,22.05.2026,22.05.2026,25.05.2026,25.05.2026,,H014,WH INFORMA JABABEKA
R110260203T047_H014,WINGBOX,6600000,0,0,0,0,0,6600000,H014 - WH INFORMA JABABEKA,PT. CATUR GLOBAL LOGISTIK,7,ON SCHEDULE,29,0,06.03.2026,04.02.2026,08.02.2026,19.02.2026,19.02.2026,20.02.2026,20.02.2026,,H014,WH INFORMA JABABEKA
R110260204H037_H014,CDD LONG CHASSIS,2850000,0,0,0,0,0,2850000,H014 - WH INFORMA JABABEKA,PT. BINTANG SAMUDRA RAYA,7,ON SCHEDULE,28,0,05.03.2026,04.02.2026,06.02.2026,11.02.2026,11.02.2026,12.02.2026,19.02.2026,,H014,WH INFORMA JABABEKA
R110260204H038_H014,WINGBOX,11500000,0,0,0,0,0,11500000,H014 - WH INFORMA JABABEKA,PT. BINTANG SAMUDRA RAYA,7,ON SCHEDULE,29,0,06.03.2026,04.02.2026,08.02.2026,11.02.2026,11.02.2026,19.02.2026,20.02.2026,,H014,WH INFORMA JABABEKA
R110260204H039_H014,WINGBOX,1998000,0,0,0,0,0,1998000,H014 - WH INFORMA JABABEKA,PT. ARDYA PRIMA INTERNUSA,7,ON SCHEDULE,27,0,04.03.2026,04.02.2026,05.02.2026,23.02.2026,23.02.2026,03.03.2026,06.03.2026,,H014,WH INFORMA JABABEKA
R110260204H040_H014,WINGBOX,4825000,0,0,0,0,0,4825000,H014 - WH INFORMA JABABEKA,PT. CEHA LOGISTIK CEMERLANG,7,ON SCHEDULE,29,0,06.03.2026,04.02.2026,06.02.2026,09.02.2026,10.02.2026,12.02.2026,12.02.2026,,H014,WH INFORMA JABABEKA
R110260204H041_H014,FUSO,6900000,0,0,0,0,0,6900000,H014 - WH INFORMA JABABEKA,PT. DUTA LINTAS NUSA,7,ON SCHEDULE,28,0,05.03.2026,04.02.2026,06.02.2026,13.02.2026,13.02.2026,23.02.2026,26.02.2026,,H014,WH INFORMA JABABEKA
R110260204H044_H014,WINGBOX,2599000,0,0,0,0,0,2599000,H014 - WH INFORMA JABABEKA,PT. DUTA MEDIA MANDIRI,7,ON SCHEDULE,27,0,04.03.2026,04.02.2026,05.02.2026,10.02.2026,10.02.2026,11.02.2026,11.02.2026,,H014,WH INFORMA JABABEKA
R110260204H051_H014,WINGBOX,4825000,0,0,0,0,0,4825000,H014 - WH INFORMA JABABEKA,PT. CEHA LOGISTIK CEMERLANG,7,ON SCHEDULE,29,0,06.03.2026,04.02.2026,06.02.2026,09.02.2026,10.02.2026,12.02.2026,12.02.2026,,H014,WH INFORMA JABABEKA
R110260204L047_H014,CDD LONG CHASSIS,1750000,0,0,0,250000,0,2000000,H014 - WH INFORMA JABABEKA,PT. CATUR GLOBAL LOGISTIK,7,ON SCHEDULE,27,0,05.03.2026,05.02.2026,06.02.2026,19.02.2026,20.02.2026,23.02.2026,23.02.2026,,H014,WH INFORMA JABABEKA
R110260204L048_H014,CDD LONG CHASSIS,2887500,0,0,0,0,0,2887500,H014 - WH INFORMA JABABEKA,PT.SIASAT CEPAT MUDA,7,ON SCHEDULE,29,0,07.03.2026,05.02.2026,06.02.2026,11.02.2026,12.02.2026,12.02.2026,20.02.2026,,H014,WH INFORMA JABABEKA
R110260204L049_H014,CDD LONG CHASSIS,3600000,0,0,0,0,0,3600000,H014 - WH INFORMA JABABEKA,PT. BINTANG SAMUDRA RAYA,7,ON SCHEDULE,30,0,07.03.2026,04.02.2026,06.02.2026,11.02.2026,11.02.2026,12.02.2026,19.02.2026,,H014,WH INFORMA JABABEKA
R110260204L050_H014,CDD LONG CHASSIS,13100000,0,0,0,0,0,13100000,H014 - WH INFORMA JABABEKA,PT.ORANG KREATIF EKSIS,7,ON SCHEDULE,30,0,07.03.2026,04.02.2026,10.02.2026,18.02.2026,18.02.2026,02.03.2026,02.03.2026,,H014,WH INFORMA JABABEKA
R110260204L055_H014,CONT-20,11300000,0,0,0,0,0,11300000,H014 - WH INFORMA JABABEKA,PT. SENTOSAPRIMA ABADI,7,ON SCHEDULE,42,0,20.03.2026,05.02.2026,14.02.2026,01.04.2026,01.04.2026,07.04.2026,07.04.2026,,H014,WH INFORMA JABABEKA
R110260204L056_H014,CONT-20,11500000,0,0,0,0,0,11500000,H014 - WH INFORMA JABABEKA,PT. TPIL LOGISTICS,7,ON SCHEDULE,38,0,18.03.2026,07.02.2026,14.02.2026,02.03.2026,02.03.2026,10.04.2026,10.04.2026,,H014,WH INFORMA JABABEKA
R110260204L058_H014,CDD LONG CHASSIS,12500000,0,0,0,0,0,12500000,H014 - WH INFORMA JABABEKA,PT.ORANG KREATIF EKSIS,7,ON SCHEDULE,26,0,03.03.2026,04.02.2026,08.02.2026,18.02.2026,19.02.2026,02.03.2026,02.03.2026,,H014,WH INFORMA JABABEKA
R110260204L059_H014,CDD LONG CHASSIS,1400000,150000,0,0,0,0,1550000,H014 - WH INFORMA JABABEKA,PT. ARDYA PRIMA INTERNUSA,7,ON SCHEDULE,27,0,05.03.2026,05.02.2026,05.02.2026,23.02.2026,23.02.2026,03.03.2026,06.03.2026,,H014,WH INFORMA JABABEKA
R110260204L063_H014,CDD LONG CHASSIS,1400000,150000,0,0,0,0,1550000,H014 - WH INFORMA JABABEKA,PT. ARDYA PRIMA INTERNUSA,7,ON SCHEDULE,27,0,05.03.2026,05.02.2026,05.02.2026,23.02.2026,23.02.2026,03.03.2026,06.03.2026,,H014,WH INFORMA JABABEKA
R110260204L066_H014,CONT-20,8450000,0,0,0,0,0,8450000,H014 - WH INFORMA JABABEKA,PT. TPIL LOGISTICS,7,ON SCHEDULE,42,0,21.03.2026,06.02.2026,14.02.2026,02.03.2026,02.03.2026,10.04.2026,28.04.2026,,H014,WH INFORMA JABABEKA
R110260204T022_H014,CONT-20,10500000,0,0,400000,0,0,10900000,H014 - WH INFORMA JABABEKA,PT. HAKKA HYDRO TIRTA,7,ON SCHEDULE,40,0,18.03.2026,05.02.2026,21.02.2026,02.03.2026,02.03.2026,03.03.2026,03.03.2026,,H014,WH INFORMA JABABEKA
R110260204T023_H014,WINGBOX,20000000,0,0,0,0,0,20000000,H014 - WH INFORMA JABABEKA,PT.ORANG KREATIF EKSIS,7,ON SCHEDULE,37,0,14.03.2026,04.02.2026,13.02.2026,20.02.2026,21.02.2026,02.03.2026,02.03.2026,,H014,WH INFORMA JABABEKA
R110260204T024_H014,WINGBOX,5600000,0,0,0,0,0,5600000,H014 - WH INFORMA JABABEKA,PT. BINTANG SAMUDRA RAYA,7,ON SCHEDULE,29,0,07.03.2026,05.02.2026,08.02.2026,11.02.2026,11.02.2026,04.03.2026,05.03.2026,,H014,WH INFORMA JABABEKA
R110260204T027_H014,CONT-40,13850000,0,0,1500000,0,0,15350000,H014 - WH INFORMA JABABEKA,PT. SENTOSAPRIMA ABADI,7,ON SCHEDULE,46,0,25.03.2026,06.02.2026,16.02.2026,27.04.2026,28.04.2026,29.04.2026,29.04.2026,,H014,WH INFORMA JABABEKA
R110260204T029_H014,CONT-20,9000000,0,0,800000,0,0,9800000,H014 - WH INFORMA JABABEKA,PT. SENTOSAPRIMA ABADI,7,ON SCHEDULE,46,0,25.03.2026,06.02.2026,16.02.2026,27.04.2026,28.04.2026,29.04.2026,29.04.2026,,H014,WH INFORMA JABABEKA
R110260204T031_H014,WINGBOX,19000000,0,0,0,0,0,19000000,H014 - WH INFORMA JABABEKA,PT. BINTANG SAMUDRA RAYA,7,ON SCHEDULE,37,0,15.03.2026,05.02.2026,10.02.2026,11.02.2026,11.02.2026,25.02.2026,26.02.2026,,H014,WH INFORMA JABABEKA
R110260204T033_H014,CONT-40,8500000,0,0,0,0,0,8500000,H014 - WH INFORMA JABABEKA,PT. DINOYO PUTRA MANDIRI,7,ON SCHEDULE,29,0,06.03.2026,04.02.2026,08.02.2026,09.02.2026,10.02.2026,20.02.2026,20.02.2026,,H014,WH INFORMA JABABEKA
R110260204T034_H014,CONT-20,8800000,0,0,0,0,0,8800000,H014 - WH INFORMA JABABEKA,PT. SENTOSAPRIMA ABADI,7,ON SCHEDULE,40,0,17.03.2026,04.02.2026,17.02.2026,01.04.2026,01.04.2026,07.04.2026,07.04.2026,,H014,WH INFORMA JABABEKA
R110260204T035_H014,CONT-40,13800000,0,0,0,0,0,13800000,H014 - WH INFORMA JABABEKA,PT. SENTOSAPRIMA ABADI,7,ON SCHEDULE,40,0,17.03.2026,04.02.2026,17.02.2026,01.04.2026,01.04.2026,07.04.2026,07.04.2026,,H014,WH INFORMA JABABEKA
R110260204T036_H014,CONT-40,13800000,0,0,0,0,0,13800000,H014 - WH INFORMA JABABEKA,PT. SENTOSAPRIMA ABADI,7,ON SCHEDULE,40,0,18.03.2026,05.02.2026,18.02.2026,01.04.2026,01.04.2026,07.04.2026,07.04.2026,,H014,WH INFORMA JABABEKA
R110260204T037_H014,CONT-40,13800000,0,0,0,0,0,13800000,H014 - WH INFORMA JABABEKA,PT. SENTOSAPRIMA ABADI,7,ON SCHEDULE,40,0,18.03.2026,05.02.2026,18.02.2026,01.04.2026,01.04.2026,06.04.2026,06.04.2026,,H014,WH INFORMA JABABEKA
R110260204T038_H014,CONT-20,10750000,0,0,0,0,0,10750000,H014 - WH INFORMA JABABEKA,PT. SENTOSAPRIMA ABADI,7,ON SCHEDULE,46,0,24.03.2026,05.02.2026,22.02.2026,16.04.2026,17.04.2026,23.04.2026,23.04.2026,,H014,WH INFORMA JABABEKA
R110260204T039_H014,CONT-20,19400000,0,0,0,0,0,19400000,H014 - WH INFORMA JABABEKA,PT.TEMAS SAGARA INDONESIA,7,ON SCHEDULE,54,0,06.04.2026,10.02.2026,26.03.2026,15.04.2026,16.04.2026,20.04.2026,20.04.2026,,H014,WH INFORMA JABABEKA
R110260204T040_H014,CONT-40,18800000,0,0,0,0,0,18800000,H014 - WH INFORMA JABABEKA,PT. WIDYA TRANS CARGO,7,ON SCHEDULE,40,0,18.03.2026,05.02.2026,16.02.2026,27.02.2026,28.02.2026,04.03.2026,04.03.2026,,H014,WH INFORMA JABABEKA
R110260204T042_H014,CONT-40,8750000,0,0,0,0,0,8750000,H014 - WH INFORMA JABABEKA,PT. CIKARANG GERBANG SOLUSI,6,LATE,29,180,07.03.2026,05.02.2026,09.02.2026,31.03.2026,31.03.2026,27.07.2026,29.07.2026,,H014,WH INFORMA JABABEKA
R110260204T043_H014,CONT-40,8750000,0,0,0,0,0,8750000,H014 - WH INFORMA JABABEKA,PT. CIKARANG GERBANG SOLUSI,6,LATE,29,180,07.03.2026,05.02.2026,09.02.2026,31.03.2026,31.03.2026,27.07.2026,29.07.2026,,H014,WH INFORMA JABABEKA
R110260204T044_H014,CONT-40,8750000,0,0,0,0,0,8750000,H014 - WH INFORMA JABABEKA,PT. CIKARANG GERBANG SOLUSI,6,LATE,29,180,06.03.2026,04.02.2026,10.02.2026,31.03.2026,31.03.2026,27.07.2026,29.07.2026,,H014,WH INFORMA JABABEKA
R110260204T046_H014,CONT-20,8400000,0,0,400000,0,0,8800000,H014 - WH INFORMA JABABEKA,PT. MITRA INTERTRANS FORWARDING,7,ON SCHEDULE,42,0,21.03.2026,06.02.2026,18.02.2026,12.03.2026,12.03.2026,13.03.2026,13.03.2026,,H014,WH INFORMA JABABEKA
R110260204T047_H014,CONT-40,14200000,0,0,0,0,0,14200000,H014 - WH INFORMA JABABEKA,PT. SENTOSAPRIMA ABADI,7,ON SCHEDULE,37,0,15.03.2026,05.02.2026,17.02.2026,10.04.2026,10.04.2026,13.04.2026,13.04.2026,,H014,WH INFORMA JABABEKA
R110260204T048_H014,WINGBOX,6600000,0,0,0,0,0,6600000,H014 - WH INFORMA JABABEKA,PT. JAYA MULYA ERALINDO,7,ON SCHEDULE,29,0,07.03.2026,05.02.2026,08.02.2026,18.02.2026,18.02.2026,19.02.2026,19.02.2026,,H014,WH INFORMA JABABEKA
R110260204T050_H014,CONT-40,13850000,0,0,1500000,0,0,15350000,H014 - WH INFORMA JABABEKA,PT. SENTOSAPRIMA ABADI,7,ON SCHEDULE,46,0,26.03.2026,07.02.2026,22.02.2026,27.04.2026,28.04.2026,29.04.2026,29.04.2026,,H014,WH INFORMA JABABEKA
R110260205H027_H014,WINGBOX,4500000,0,0,0,0,0,4500000,H014 - WH INFORMA JABABEKA,PT. CEHA LOGISTIK CEMERLANG,7,ON SCHEDULE,29,0,08.03.2026,06.02.2026,06.02.2026,09.02.2026,10.02.2026,12.02.2026,12.02.2026,,H014,WH INFORMA JABABEKA
R110260205H028_H014,WINGBOX,4500000,0,0,0,0,0,4500000,H014 - WH INFORMA JABABEKA,PT. CEHA LOGISTIK CEMERLANG,7,ON SCHEDULE,29,0,08.03.2026,06.02.2026,08.02.2026,09.02.2026,10.02.2026,12.02.2026,12.02.2026,,H014,WH INFORMA JABABEKA
R110260205H030_H014,WINGBOX,1998000,0,0,0,0,0,1998000,H014 - WH INFORMA JABABEKA,PT. ARDYA PRIMA INTERNUSA,7,ON SCHEDULE,27,0,05.03.2026,05.02.2026,06.02.2026,23.02.2026,23.02.2026,03.03.2026,06.03.2026,,H014,WH INFORMA JABABEKA
R110260205H032_H014,CDD LONG CHASSIS,2350000,0,0,0,0,0,2350000,H014 - WH INFORMA JABABEKA,PT. BINTANG SAMUDRA RAYA,7,ON SCHEDULE,29,0,07.03.2026,05.02.2026,08.02.2026,11.02.2026,11.02.2026,12.02.2026,19.02.2026,,H014,WH INFORMA JABABEKA
R110260205H033_H014,WINGBOX,2599000,0,0,0,0,0,2599000,H014 - WH INFORMA JABABEKA,PT. DUTA MEDIA MANDIRI,7,ON SCHEDULE,27,0,06.03.2026,06.02.2026,08.02.2026,10.02.2026,10.02.2026,11.02.2026,11.02.2026,,H014,WH INFORMA JABABEKA
R110260205H034_H014,WINGBOX,4825000,0,0,0,0,0,4825000,H014 - WH INFORMA JABABEKA,PT. CEHA LOGISTIK CEMERLANG,7,ON SCHEDULE,29,0,08.03.2026,06.02.2026,08.02.2026,09.02.2026,10.02.2026,12.02.2026,12.02.2026,,H014,WH INFORMA JABABEKA
R110260205H037_H014,CONT-20,11300000,0,0,0,0,0,11300000,H014 - WH INFORMA JABABEKA,PT. SENTOSAPRIMA ABADI,7,ON SCHEDULE,42,0,22.03.2026,07.02.2026,21.02.2026,16.04.2026,17.04.2026,21.04.2026,21.04.2026,,H014,WH INFORMA JABABEKA
R110260205H038_H014,CONT-20,11300000,0,0,0,0,0,11300000,H014 - WH INFORMA JABABEKA,PT. SENTOSAPRIMA ABADI,7,ON SCHEDULE,42,0,22.03.2026,07.02.2026,21.02.2026,16.04.2026,17.04.2026,21.04.2026,21.04.2026,,H014,WH INFORMA JABABEKA
R110260205H039_H014,CDD LONG CHASSIS,2850000,0,0,0,0,0,2850000,H014 - WH INFORMA JABABEKA,PT. BINTANG SAMUDRA RAYA,7,ON SCHEDULE,28,0,06.03.2026,05.02.2026,08.02.2026,11.02.2026,11.02.2026,19.02.2026,20.02.2026,,H014,WH INFORMA JABABEKA
R110260205H056_H014,CDD LONG CHASSIS,1400000,0,0,0,0,0,1400000,H014 - WH INFORMA JABABEKA,PT. ARDYA PRIMA INTERNUSA,7,ON SCHEDULE,27,0,05.03.2026,05.02.2026,06.02.2026,23.02.2026,23.02.2026,03.03.2026,06.03.2026,,H014,WH INFORMA JABABEKA
R110260205H058_H014,CDD LONG CHASSIS,3500000,0,0,0,0,0,3500000,H014 - WH INFORMA JABABEKA,PT. CEHA LOGISTIK CEMERLANG,7,ON SCHEDULE,29,0,07.03.2026,05.02.2026,08.02.2026,09.02.2026,10.02.2026,12.02.2026,12.02.2026,,H014,WH INFORMA JABABEKA
R110260205H061_H014,WINGBOX,4825000,0,0,0,0,0,4825000,H014 - WH INFORMA JABABEKA,PT. CEHA LOGISTIK CEMERLANG,7,ON SCHEDULE,29,0,08.03.2026,06.02.2026,08.02.2026,09.02.2026,10.02.2026,12.02.2026,12.02.2026,,H014,WH INFORMA JABABEKA
R110260205H062_H014,CDD LONG CHASSIS,1400000,0,0,0,0,0,1400000,H014 - WH INFORMA JABABEKA,PT. BINTANG SAMUDRA RAYA,7,ON SCHEDULE,27,0,05.03.2026,05.02.2026,06.02.2026,11.02.2026,11.02.2026,12.02.2026,19.02.2026,,H014,WH INFORMA JABABEKA
R110260205H067_H014,FUSO,19200000,0,0,0,0,0,19200000,H014 - WH INFORMA JABABEKA,PT. SATRIA PIRANTI PERKASA,7,ON SCHEDULE,30,0,09.03.2026,06.02.2026,10.02.2026,06.03.2026,06.03.2026,13.03.2026,13.03.2026,,H014,WH INFORMA JABABEKA
R110260205H068_H014,FUSO,19200000,0,0,0,0,0,19200000,H014 - WH INFORMA JABABEKA,PT. SATRIA PIRANTI PERKASA,7,ON SCHEDULE,30,0,09.03.2026,06.02.2026,10.02.2026,06.03.2026,06.03.2026,13.03.2026,13.03.2026,,H014,WH INFORMA JABABEKA
R110260205H069_H014,CDD LONG CHASSIS,12500000,0,0,0,0,0,12500000,H014 - WH INFORMA JABABEKA,PT.ORANG KREATIF EKSIS,7,ON SCHEDULE,30,0,09.03.2026,06.02.2026,13.02.2026,20.02.2026,20.02.2026,02.03.2026,02.03.2026,,H014,WH INFORMA JABABEKA
R110260205H070_H014,CDD LONG CHASSIS,4900000,0,0,0,0,0,4900000,H014 - WH INFORMA JABABEKA,PT.ORANG KREATIF EKSIS,7,ON SCHEDULE,28,0,07.03.2026,06.02.2026,08.02.2026,13.02.2026,13.02.2026,18.02.2026,18.02.2026,,H014,WH INFORMA JABABEKA
R110260205H071_H014,CDD LONG CHASSIS,4900000,0,0,0,0,0,4900000,H014 - WH INFORMA JABABEKA,PT.ORANG KREATIF EKSIS,7,ON SCHEDULE,28,0,06.03.2026,05.02.2026,08.02.2026,12.02.2026,12.02.2026,18.02.2026,18.02.2026,,H014,WH INFORMA JABABEKA
R110260205H072_H014,CDD LONG CHASSIS,4900000,0,0,0,0,0,4900000,H014 - WH INFORMA JABABEKA,PT.ORANG KREATIF EKSIS,7,ON SCHEDULE,28,0,06.03.2026,05.02.2026,08.02.2026,12.02.2026,12.02.2026,18.02.2026,18.02.2026,,H014,WH INFORMA JABABEKA
R110260205H073_H014,FUSO,14750000,0,0,0,0,0,14750000,H014 - WH INFORMA JABABEKA,PT. SATRIA PIRANTI PERKASA,7,ON SCHEDULE,29,0,08.03.2026,06.02.2026,10.02.2026,02.03.2026,02.03.2026,09.03.2026,09.03.2026,,H014,WH INFORMA JABABEKA
R110260205L003_H014,CONT-20,21800000,0,0,0,0,0,21800000,H014 - WH INFORMA JABABEKA,PT. MITRA INTERTRANS FORWARDING,7,ON SCHEDULE,26,0,06.03.2026,07.02.2026,,23.04.2026,23.04.2026,23.04.2026,23.04.2026,,H014,WH INFORMA JABABEKA
R110260205L004_H014,CONT-20,21800000,0,0,0,0,0,21800000,H014 - WH INFORMA JABABEKA,PT. MITRA INTERTRANS FORWARDING,7,ON SCHEDULE,26,0,05.03.2026,06.02.2026,,23.04.2026,23.04.2026,23.04.2026,23.04.2026,,H014,WH INFORMA JABABEKA
R110260205L063_H014,CONT-20,10750000,0,0,0,0,0,10750000,H014 - WH INFORMA JABABEKA,PT. SENTOSAPRIMA ABADI,7,ON SCHEDULE,46,0,26.03.2026,07.02.2026,27.02.2026,16.04.2026,17.04.2026,23.04.2026,23.04.2026,,H014,WH INFORMA JABABEKA
R110260205L077_H014,CDD LONG CHASSIS,15000000,0,0,0,0,0,15000000,H014 - WH INFORMA JABABEKA,PT LOGISTIK CANGGIH INDONESIA,7,ON SCHEDULE,37,0,16.03.2026,06.02.2026,12.02.2026,23.02.2026,23.02.2026,04.03.2026,05.03.2026,,H014,WH INFORMA JABABEKA
R110260205L093_H014,CONT-20,21800000,0,0,0,0,0,21800000,H014 - WH INFORMA JABABEKA,PT. MITRA INTERTRANS FORWARDING,7,ON SCHEDULE,26,0,09.03.2026,10.02.2026,,23.04.2026,23.04.2026,23.04.2026,23.04.2026,,H014,WH INFORMA JABABEKA
R110260205T021_H014,WINGBOX,5600000,0,0,0,0,0,5600000,H014 - WH INFORMA JABABEKA,PT. BINTANG SAMUDRA RAYA,7,ON SCHEDULE,29,0,08.03.2026,06.02.2026,09.02.2026,11.02.2026,11.02.2026,12.02.2026,19.02.2026,,H014,WH INFORMA JABABEKA
R110260205T024_H014,WINGBOX,5600000,0,0,0,0,0,5600000,H014 - WH INFORMA JABABEKA,PT. BINTANG SAMUDRA RAYA,7,ON SCHEDULE,29,0,08.03.2026,06.02.2026,09.02.2026,11.02.2026,11.02.2026,19.02.2026,20.02.2026,,H014,WH INFORMA JABABEKA
R110260205T025_H014,CONT-40,13200000,0,0,0,0,0,13200000,H014 - WH INFORMA JABABEKA,PT. TPIL LOGISTICS,7,ON SCHEDULE,42,0,28.03.2026,13.02.2026,22.02.2026,02.03.2026,02.03.2026,10.04.2026,10.04.2026,,H014,WH INFORMA JABABEKA
R110260205T026_H014,CONT-40,26000000,0,0,2500000,0,0,28500000,H014 - WH INFORMA JABABEKA,PT. PAUS BIRU LOGISTIK,7,ON SCHEDULE,40,0,25.03.2026,12.02.2026,22.02.2026,15.04.2026,19.04.2026,23.04.2026,24.04.2026,,H014,WH INFORMA JABABEKA
R110260205T031_H014,WINGBOX,5650000,0,0,0,0,0,5650000,H014 - WH INFORMA JABABEKA,PT. DUTA MEDIA MANDIRI,7,ON SCHEDULE,29,0,07.03.2026,05.02.2026,08.02.2026,10.02.2026,10.02.2026,13.02.2026,18.02.2026,,H014,WH INFORMA JABABEKA
R110260205T032_H014,CONT-40,8500000,0,0,0,0,0,8500000,H014 - WH INFORMA JABABEKA,PT. DINOYO PUTRA MANDIRI,7,ON SCHEDULE,29,0,07.03.2026,05.02.2026,08.02.2026,09.02.2026,10.02.2026,20.02.2026,20.02.2026,,H014,WH INFORMA JABABEKA
R110260205T033_H014,CONT-40,8750000,0,0,0,0,0,8750000,H014 - WH INFORMA JABABEKA,PT. CIKARANG GERBANG SOLUSI,7,ON SCHEDULE,29,0,07.03.2026,05.02.2026,09.02.2026,17.04.2026,17.04.2026,17.04.2026,17.04.2026,,H014,WH INFORMA JABABEKA
R110260205T034_H014,CONT-40,8750000,0,0,0,0,0,8750000,H014 - WH INFORMA JABABEKA,PT. CIKARANG GERBANG SOLUSI,7,ON SCHEDULE,29,0,07.03.2026,05.02.2026,09.02.2026,17.04.2026,17.04.2026,17.04.2026,17.04.2026,,H014,WH INFORMA JABABEKA
R110260205T035_H014,WINGBOX,6700000,0,0,0,0,0,6700000,H014 - WH INFORMA JABABEKA,PT.DHANESWARA EXPRES,7,ON SCHEDULE,29,0,08.03.2026,06.02.2026,09.02.2026,18.02.2026,18.02.2026,23.02.2026,23.02.2026,,H014,WH INFORMA JABABEKA
R110260205T036_H014,WINGBOX,6700000,0,0,0,0,0,6700000,H014 - WH INFORMA JABABEKA,PT.DHANESWARA EXPRES,7,ON SCHEDULE,29,0,07.03.2026,05.02.2026,08.02.2026,18.02.2026,18.02.2026,23.02.2026,23.02.2026,,H014,WH INFORMA JABABEKA
R110260205T037_H014,CONT-40,8750000,0,0,0,0,0,8750000,H014 - WH INFORMA JABABEKA,PT. CIKARANG GERBANG SOLUSI,7,ON SCHEDULE,29,0,07.03.2026,05.02.2026,09.02.2026,17.04.2026,17.04.2026,17.04.2026,17.04.2026,,H014,WH INFORMA JABABEKA
R110260205T038_H014,CONT-40,8750000,0,0,0,0,0,8750000,H014 - WH INFORMA JABABEKA,PT. CIKARANG GERBANG SOLUSI,7,ON SCHEDULE,29,0,07.03.2026,05.02.2026,09.02.2026,17.04.2026,17.04.2026,17.04.2026,17.04.2026,,H014,WH INFORMA JABABEKA
R110260205T039_H014,WINGBOX,6000000,0,0,0,0,0,6000000,H014 - WH INFORMA JABABEKA,PT.AMANAH TRANSMULIA MANDIRI LOGISTIK,7,ON SCHEDULE,29,0,07.03.2026,05.02.2026,08.02.2026,10.02.2026,10.02.2026,13.02.2026,13.02.2026,,H014,WH INFORMA JABABEKA
R110260205T040_H014,WINGBOX,6600000,0,0,0,0,0,6600000,H014 - WH INFORMA JABABEKA,PT. CATUR GLOBAL LOGISTIK,7,ON SCHEDULE,29,0,07.03.2026,05.02.2026,08.02.2026,19.02.2026,19.02.2026,20.02.2026,20.02.2026,,H014,WH INFORMA JABABEKA
R110260205T041_H014,CONT-40,8750000,0,0,0,0,0,8750000,H014 - WH INFORMA JABABEKA,PT. CIKARANG GERBANG SOLUSI,7,ON SCHEDULE,29,0,07.03.2026,05.02.2026,09.02.2026,17.04.2026,17.04.2026,17.04.2026,17.04.2026,,H014,WH INFORMA JABABEKA
R110260205T043_H014,CONT-40,8750000,0,0,0,0,0,8750000,H014 - WH INFORMA JABABEKA,PT. CIKARANG GERBANG SOLUSI,7,ON SCHEDULE,29,0,08.03.2026,06.02.2026,10.02.2026,17.04.2026,17.04.2026,17.04.2026,17.04.2026,,H014,WH INFORMA JABABEKA
R110260205T044_H014,WINGBOX,7000000,0,0,0,0,0,7000000,H014 - WH INFORMA JABABEKA,PT. DUNIA EXPRESS TRANSINDO,7,ON SCHEDULE,29,0,07.03.2026,05.02.2026,08.02.2026,02.03.2026,02.03.2026,11.03.2026,12.03.2026,,H014,WH INFORMA JABABEKA
R110260205T045_H014,WINGBOX,7000000,0,0,0,0,0,7000000,H014 - WH INFORMA JABABEKA,PT. DUNIA EXPRESS TRANSINDO,7,ON SCHEDULE,29,0,08.03.2026,06.02.2026,10.02.2026,02.03.2026,02.03.2026,11.03.2026,12.03.2026,,H014,WH INFORMA JABABEKA
R110260205T046_H014,CONT-40,14200000,0,0,0,0,0,14200000,H014 - WH INFORMA JABABEKA,PT. SENTOSAPRIMA ABADI,7,ON SCHEDULE,37,0,16.03.2026,06.02.2026,14.02.2026,10.04.2026,10.04.2026,13.04.2026,13.04.2026,,H014,WH INFORMA JABABEKA
R110260205T047_H014,CONT-40,13850000,0,0,1500000,0,0,15350000,H014 - WH INFORMA JABABEKA,PT. SENTOSAPRIMA ABADI,7,ON SCHEDULE,46,0,26.03.2026,07.02.2026,16.02.2026,27.04.2026,28.04.2026,29.04.2026,29.04.2026,,H014,WH INFORMA JABABEKA
R110260205T049_H014,CONT-40,13800000,0,0,0,0,0,13800000,H014 - WH INFORMA JABABEKA,PT. SENTOSAPRIMA ABADI,7,ON SCHEDULE,40,0,19.03.2026,06.02.2026,18.02.2026,01.04.2026,01.04.2026,06.04.2026,06.04.2026,,H014,WH INFORMA JABABEKA
R110260205T050_H014,CONT-20,10500000,0,0,400000,0,0,10900000,H014 - WH INFORMA JABABEKA,PT. HAKKA HYDRO TIRTA,7,ON SCHEDULE,40,0,19.03.2026,06.02.2026,21.02.2026,26.03.2026,31.03.2026,01.04.2026,01.04.2026,,H014,WH INFORMA JABABEKA
R110260206H028_H014,WINGBOX,4825000,0,0,0,0,0,4825000,H014 - WH INFORMA JABABEKA,PT. CEHA LOGISTIK CEMERLANG,7,ON SCHEDULE,29,0,08.03.2026,06.02.2026,09.02.2026,09.02.2026,10.02.2026,12.02.2026,12.02.2026,,H014,WH INFORMA JABABEKA
R110260206H029_H014,CDD LONG CHASSIS,2250000,0,0,0,0,0,2250000,H014 - WH INFORMA JABABEKA,PT. BINTANG SAMUDRA RAYA,7,ON SCHEDULE,27,0,06.03.2026,06.02.2026,08.02.2026,11.02.2026,11.02.2026,19.02.2026,20.02.2026,,H014,WH INFORMA JABABEKA
R110260206H030_H014,WINGBOX,2599000,0,0,0,0,0,2599000,H014 - WH INFORMA JABABEKA,PT. DUTA MEDIA MANDIRI,7,ON SCHEDULE,27,0,07.03.2026,07.02.2026,09.02.2026,10.02.2026,10.02.2026,11.02.2026,11.02.2026,,H014,WH INFORMA JABABEKA
R110260206H032_H014,WINGBOX,1998000,0,0,0,0,0,1998000,H014 - WH INFORMA JABABEKA,PT. ARDYA PRIMA INTERNUSA,7,ON SCHEDULE,27,0,06.03.2026,06.02.2026,08.02.2026,23.02.2026,23.02.2026,03.03.2026,06.03.2026,,H014,WH INFORMA JABABEKA
R110260206H033_H014,WINGBOX,1998000,0,0,0,0,0,1998000,H014 - WH INFORMA JABABEKA,PT. ARDYA PRIMA INTERNUSA,7,ON SCHEDULE,27,0,06.03.2026,06.02.2026,08.02.2026,23.02.2026,23.02.2026,03.03.2026,06.03.2026,,H014,WH INFORMA JABABEKA
R110260206H034_H014,WINGBOX,15000000,0,0,0,0,0,15000000,H014 - WH INFORMA JABABEKA,PT. BINTANG SAMUDRA RAYA,7,ON SCHEDULE,30,0,10.03.2026,07.02.2026,10.02.2026,11.02.2026,11.02.2026,19.02.2026,20.02.2026,,H014,WH INFORMA JABABEKA
R110260206H036_H014,BIG MAMA,11500000,0,0,0,0,0,11500000,H014 - WH INFORMA JABABEKA,PT. BINTANG SAMUDRA RAYA,7,ON SCHEDULE,29,0,09.03.2026,07.02.2026,10.02.2026,11.02.2026,11.02.2026,19.02.2026,20.02.2026,,H014,WH INFORMA JABABEKA
R110260206H038_H014,CDD LONG CHASSIS,1800000,0,0,0,0,0,1800000,H014 - WH INFORMA JABABEKA,PT. ARDYA PRIMA INTERNUSA,7,ON SCHEDULE,27,0,07.03.2026,07.02.2026,08.02.2026,23.02.2026,23.02.2026,03.03.2026,06.03.2026,,H014,WH INFORMA JABABEKA
R110260206H040_H014,CDD LONG CHASSIS,4900000,0,0,0,0,0,4900000,H014 - WH INFORMA JABABEKA,PT.ORANG KREATIF EKSIS,7,ON SCHEDULE,28,0,07.03.2026,06.02.2026,08.02.2026,12.02.2026,12.02.2026,18.02.2026,18.02.2026,,H014,WH INFORMA JABABEKA
R110260206H057_H014,WINGBOX,18000000,0,0,0,0,0,18000000,H014 - WH INFORMA JABABEKA,PT. BINTANG SAMUDRA RAYA,7,ON SCHEDULE,31,0,11.03.2026,07.02.2026,11.02.2026,11.02.2026,11.02.2026,19.02.2026,20.02.2026,,H014,WH INFORMA JABABEKA
R110260206H058_H014,CDD LONG CHASSIS,12250000,0,0,0,0,0,12250000,H014 - WH INFORMA JABABEKA,PT. BINTANG SAMUDRA RAYA,7,ON SCHEDULE,31,0,11.03.2026,07.02.2026,11.02.2026,11.02.2026,11.02.2026,25.02.2026,26.02.2026,,H014,WH INFORMA JABABEKA
R110260206H059_H014,FUSO,15250000,0,0,0,0,0,15250000,H014 - WH INFORMA JABABEKA,PT LOGISTIK CANGGIH INDONESIA,7,ON SCHEDULE,30,0,10.03.2026,07.02.2026,12.02.2026,23.02.2026,23.02.2026,04.03.2026,05.03.2026,,H014,WH INFORMA JABABEKA
R110260206H060_H014,CDD LONG CHASSIS,5750000,0,0,0,0,0,5750000,H014 - WH INFORMA JABABEKA,PT. DUTA LINTAS NUSA,7,ON SCHEDULE,28,0,08.03.2026,07.02.2026,09.02.2026,23.02.2026,23.02.2026,24.02.2026,26.02.2026,,H014,WH INFORMA JABABEKA
R110260206H061_H014,CDD LONG CHASSIS,2850000,0,0,0,0,0,2850000,H014 - WH INFORMA JABABEKA,PT. BINTANG SAMUDRA RAYA,7,ON SCHEDULE,28,0,07.03.2026,06.02.2026,08.02.2026,11.02.2026,11.02.2026,12.02.2026,19.02.2026,,H014,WH INFORMA JABABEKA
R110260206H062_H014,WINGBOX,4825000,0,0,0,0,0,4825000,H014 - WH INFORMA JABABEKA,PT. CEHA LOGISTIK CEMERLANG,7,ON SCHEDULE,29,0,09.03.2026,07.02.2026,09.02.2026,09.02.2026,10.02.2026,19.02.2026,20.02.2026,,H014,WH INFORMA JABABEKA
R110260206L001_H014,CDD LONG CHASSIS,2250000,0,0,0,0,0,2250000,H014 - WH INFORMA JABABEKA,PT. BINTANG SAMUDRA RAYA,6,LATE,26,178,05.03.2026,06.02.2026,08.02.2026,12.03.2026,12.03.2026,10.04.2026,22.04.2026,,H014,WH INFORMA JABABEKA
R110260206L080_H014,FUSO,11450000,0,0,0,250000,0,11700000,H014 - WH INFORMA JABABEKA,PT LOGISTIK CANGGIH INDONESIA,7,ON SCHEDULE,30,0,10.03.2026,07.02.2026,12.02.2026,23.02.2026,23.02.2026,04.03.2026,05.03.2026,,H014,WH INFORMA JABABEKA
R110260206L090_H014,CDD LONG CHASSIS,3500000,0,0,0,0,0,3500000,H014 - WH INFORMA JABABEKA,PT. CEHA LOGISTIK CEMERLANG,7,ON SCHEDULE,29,0,09.03.2026,07.02.2026,09.02.2026,09.02.2026,10.02.2026,12.02.2026,12.02.2026,,H014,WH INFORMA JABABEKA
R110260206L092_H014,CDD LONG CHASSIS,3900000,0,0,0,0,0,3900000,H014 - WH INFORMA JABABEKA,PT. BINTANG SAMUDRA RAYA,7,ON SCHEDULE,28,0,08.03.2026,07.02.2026,09.02.2026,11.02.2026,11.02.2026,19.02.2026,20.02.2026,,H014,WH INFORMA JABABEKA
R110260206L094_H014,CDD LONG CHASSIS,1750000,0,0,0,250000,0,2000000,H014 - WH INFORMA JABABEKA,PT. CATUR GLOBAL LOGISTIK,7,ON SCHEDULE,26,0,06.03.2026,07.02.2026,08.02.2026,19.02.2026,20.02.2026,23.02.2026,23.02.2026,,H014,WH INFORMA JABABEKA
R110260206L095_H014,CONT-20,11300000,0,0,0,0,0,11300000,H014 - WH INFORMA JABABEKA,PT. SENTOSAPRIMA ABADI,7,ON SCHEDULE,42,0,23.03.2026,08.02.2026,22.02.2026,16.04.2026,17.04.2026,21.04.2026,21.04.2026,,H014,WH INFORMA JABABEKA
R110260206L096_H014,CONT-20,8450000,0,0,0,0,0,8450000,H014 - WH INFORMA JABABEKA,PT. TPIL LOGISTICS,7,ON SCHEDULE,42,0,22.03.2026,07.02.2026,14.02.2026,02.03.2026,02.03.2026,10.04.2026,28.04.2026,,H014,WH INFORMA JABABEKA
R110260206L099_H014,CDD LONG CHASSIS,1400000,0,0,0,0,0,1400000,H014 - WH INFORMA JABABEKA,PT. ARDYA PRIMA INTERNUSA,7,ON SCHEDULE,27,0,07.03.2026,07.02.2026,08.02.2026,23.02.2026,23.02.2026,03.03.2026,06.03.2026,,H014,WH INFORMA JABABEKA
R110260206L104_H014,CDD LONG CHASSIS,4900000,0,0,0,150000,0,5050000,H014 - WH INFORMA JABABEKA,PT.ORANG KREATIF EKSIS,7,ON SCHEDULE,28,0,12.03.2026,11.02.2026,12.02.2026,13.02.2026,13.02.2026,18.02.2026,18.02.2026,,H014,WH INFORMA JABABEKA
R110260206T020_H014,CONT-40,8750000,0,0,0,0,0,8750000,H014 - WH INFORMA JABABEKA,PT. CIKARANG GERBANG SOLUSI,7,ON SCHEDULE,29,0,09.03.2026,07.02.2026,12.02.2026,17.04.2026,17.04.2026,17.04.2026,17.04.2026,,H014,WH INFORMA JABABEKA
R110260206T026_H014,WINGBOX,6600000,0,0,0,0,0,6600000,H014 - WH INFORMA JABABEKA,PT. JAYA MULYA ERALINDO,7,ON SCHEDULE,29,0,09.03.2026,07.02.2026,10.02.2026,18.02.2026,18.02.2026,19.02.2026,19.02.2026,,H014,WH INFORMA JABABEKA
R110260206T028_H014,CONT-40,8750000,0,0,0,0,0,8750000,H014 - WH INFORMA JABABEKA,PT. CIKARANG GERBANG SOLUSI,7,ON SCHEDULE,29,0,08.03.2026,06.02.2026,10.02.2026,17.04.2026,17.04.2026,17.04.2026,17.04.2026,,H014,WH INFORMA JABABEKA
R110260206T031_H014,WINGBOX,5600000,0,0,0,0,0,5600000,H014 - WH INFORMA JABABEKA,PT. BINTANG SAMUDRA RAYA,7,ON SCHEDULE,29,0,09.03.2026,07.02.2026,09.02.2026,11.02.2026,11.02.2026,19.02.2026,20.02.2026,,H014,WH INFORMA JABABEKA
R110260206T032_H014,CONT-40,8750000,0,0,0,0,0,8750000,H014 - WH INFORMA JABABEKA,PT. CIKARANG GERBANG SOLUSI,7,ON SCHEDULE,29,0,08.03.2026,06.02.2026,12.02.2026,17.04.2026,17.04.2026,17.04.2026,17.04.2026,,H014,WH INFORMA JABABEKA
R110260206T033_H014,CONT-40,8750000,0,0,0,0,0,8750000,H014 - WH INFORMA JABABEKA,PT. CIKARANG GERBANG SOLUSI,7,ON SCHEDULE,29,0,08.03.2026,06.02.2026,12.02.2026,17.04.2026,17.04.2026,17.04.2026,17.04.2026,,H014,WH INFORMA JABABEKA
R110260206T034_H014,CONT-40,8750000,0,0,0,0,0,8750000,H014 - WH INFORMA JABABEKA,PT. CIKARANG GERBANG SOLUSI,7,ON SCHEDULE,29,0,09.03.2026,07.02.2026,13.02.2026,17.04.2026,17.04.2026,17.04.2026,17.04.2026,,H014,WH INFORMA JABABEKA
R110260206T035_H014,CONT-40,8750000,0,0,0,0,0,8750000,H014 - WH INFORMA JABABEKA,PT. CIKARANG GERBANG SOLUSI,7,ON SCHEDULE,29,0,09.03.2026,07.02.2026,13.02.2026,17.04.2026,17.04.2026,17.04.2026,17.04.2026,,H014,WH INFORMA JABABEKA
R110260206T036_H014,CONT-40,8750000,0,0,0,0,0,8750000,H014 - WH INFORMA JABABEKA,PT. CIKARANG GERBANG SOLUSI,7,ON SCHEDULE,29,0,09.03.2026,07.02.2026,14.02.2026,17.04.2026,17.04.2026,17.04.2026,17.04.2026,,H014,WH INFORMA JABABEKA
R110260206T038_H014,BIG MAMA,9500000,0,0,0,0,0,9500000,H014 - WH INFORMA JABABEKA,PT. BINTANG BARU RAYA,7,ON SCHEDULE,29,0,08.03.2026,06.02.2026,09.02.2026,27.02.2026,27.02.2026,27.02.2026,27.02.2026,,H014,WH INFORMA JABABEKA
R110260206T039_H014,WINGBOX,6600000,0,0,0,0,0,6600000,H014 - WH INFORMA JABABEKA,PT. JAYA MULYA ERALINDO,7,ON SCHEDULE,29,0,08.03.2026,06.02.2026,10.02.2026,02.03.2026,02.03.2026,03.03.2026,03.03.2026,,H014,WH INFORMA JABABEKA
R110260206T040_H014,WINGBOX,7000000,0,0,0,0,0,7000000,H014 - WH INFORMA JABABEKA,PT. DUNIA EXPRESS TRANSINDO,7,ON SCHEDULE,29,0,09.03.2026,07.02.2026,10.02.2026,02.03.2026,02.03.2026,11.03.2026,12.03.2026,,H014,WH INFORMA JABABEKA
R110260206T041_H014,WINGBOX,7000000,0,0,0,0,0,7000000,H014 - WH INFORMA JABABEKA,PT. DUNIA EXPRESS TRANSINDO,7,ON SCHEDULE,29,0,09.03.2026,07.02.2026,10.02.2026,02.03.2026,02.03.2026,11.03.2026,12.03.2026,,H014,WH INFORMA JABABEKA
R110260206T042_H014,CONT-40,8750000,0,0,0,0,0,8750000,H014 - WH INFORMA JABABEKA,PT. CIKARANG GERBANG SOLUSI,7,ON SCHEDULE,29,0,09.03.2026,07.02.2026,13.02.2026,17.04.2026,17.04.2026,17.04.2026,17.04.2026,,H014,WH INFORMA JABABEKA
R110260206T043_H014,WINGBOX,6200000,0,0,0,0,0,6200000,H014 - WH INFORMA JABABEKA,PT. SATRIA PIRANTI PERKASA,7,ON SCHEDULE,29,0,09.03.2026,07.02.2026,10.02.2026,06.03.2026,06.03.2026,13.03.2026,13.03.2026,,H014,WH INFORMA JABABEKA
R110260206T044_H014,CONT-40,14200000,0,0,0,0,0,14200000,H014 - WH INFORMA JABABEKA,PT. SENTOSAPRIMA ABADI,7,ON SCHEDULE,37,0,18.03.2026,08.02.2026,21.02.2026,28.04.2026,28.04.2026,30.04.2026,30.04.2026,,H014,WH INFORMA JABABEKA
R110260206T045_H014,CONT-40,14200000,0,0,0,0,0,14200000,H014 - WH INFORMA JABABEKA,PT. SENTOSAPRIMA ABADI,7,ON SCHEDULE,37,0,18.03.2026,08.02.2026,21.02.2026,28.04.2026,28.04.2026,30.04.2026,30.04.2026,,H014,WH INFORMA JABABEKA
R110260206T046_H014,CONT-40,13800000,0,0,0,0,0,13800000,H014 - WH INFORMA JABABEKA,PT. SENTOSAPRIMA ABADI,7,ON SCHEDULE,40,0,21.03.2026,08.02.2026,19.02.2026,01.04.2026,01.04.2026,06.04.2026,06.04.2026,,H014,WH INFORMA JABABEKA
R110260206T047_H014,CONT-20,9000000,0,0,800000,0,0,9800000,H014 - WH INFORMA JABABEKA,PT. TPIL LOGISTICS,7,ON SCHEDULE,46,0,26.03.2026,07.02.2026,16.02.2026,22.05.2026,22.05.2026,25.05.2026,25.05.2026,,H014,WH INFORMA JABABEKA
R110260206T048_H014,CONT-20,11000000,0,0,0,0,0,11000000,H014 - WH INFORMA JABABEKA,PT.FREIGHT EXPRESS,7,ON SCHEDULE,40,0,20.03.2026,07.02.2026,21.02.2026,06.03.2026,06.03.2026,11.03.2026,11.03.2026,,H014,WH INFORMA JABABEKA
R110260206T049_H014,WINGBOX,5600000,0,0,0,0,0,5600000,H014 - WH INFORMA JABABEKA,PT. BINTANG SAMUDRA RAYA,7,ON SCHEDULE,29,0,09.03.2026,07.02.2026,09.02.2026,11.02.2026,11.02.2026,12.02.2026,19.02.2026,,H014,WH INFORMA JABABEKA
R110260207H014_H014,WINGBOX,11500000,0,0,0,0,0,11500000,H014 - WH INFORMA JABABEKA,PT. BINTANG SAMUDRA RAYA,7,ON SCHEDULE,29,0,09.03.2026,07.02.2026,14.02.2026,19.02.2026,19.02.2026,19.02.2026,20.02.2026,,H014,WH INFORMA JABABEKA
R110260207H019_H014,WINGBOX,17000000,0,0,0,0,0,17000000,H014 - WH INFORMA JABABEKA,PT. BINTANG SAMUDRA RAYA,7,ON SCHEDULE,33,0,13.03.2026,07.02.2026,10.02.2026,11.02.2026,11.02.2026,19.02.2026,20.02.2026,,H014,WH INFORMA JABABEKA
R110260207H021_H014,WINGBOX,4500000,0,0,0,0,0,4500000,H014 - WH INFORMA JABABEKA,PT. CEHA LOGISTIK CEMERLANG,7,ON SCHEDULE,29,0,09.03.2026,07.02.2026,09.02.2026,09.02.2026,10.02.2026,12.02.2026,12.02.2026,,H014,WH INFORMA JABABEKA
R110260207H022_H014,WINGBOX,4500000,0,0,0,0,0,4500000,H014 - WH INFORMA JABABEKA,PT. CEHA LOGISTIK CEMERLANG,7,ON SCHEDULE,29,0,09.03.2026,07.02.2026,09.02.2026,09.02.2026,10.02.2026,12.02.2026,12.02.2026,,H014,WH INFORMA JABABEKA
R110260207H025_H014,WINGBOX,4825000,0,0,0,0,0,4825000,H014 - WH INFORMA JABABEKA,PT. CEHA LOGISTIK CEMERLANG,7,ON SCHEDULE,29,0,09.03.2026,07.02.2026,09.02.2026,09.02.2026,10.02.2026,12.02.2026,12.02.2026,,H014,WH INFORMA JABABEKA
R110260207H026_H014,CDD LONG CHASSIS,9300000,0,0,0,0,0,9300000,H014 - WH INFORMA JABABEKA,PT. AGUNG MAKMUR JAYA,7,ON SCHEDULE,33,0,13.03.2026,07.02.2026,09.02.2026,09.02.2026,10.02.2026,13.02.2026,13.02.2026,,H014,WH INFORMA JABABEKA
R110260207H027_H014,WINGBOX,1998000,0,0,0,0,0,1998000,H014 - WH INFORMA JABABEKA,PT. ARDYA PRIMA INTERNUSA,7,ON SCHEDULE,27,0,07.03.2026,07.02.2026,08.02.2026,23.02.2026,23.02.2026,03.03.2026,06.03.2026,,H014,WH INFORMA JABABEKA
R110260207H029_H014,CDD LONG CHASSIS,1800000,0,0,0,0,0,1800000,H014 - WH INFORMA JABABEKA,PT. ARDYA PRIMA INTERNUSA,7,ON SCHEDULE,27,0,07.03.2026,07.02.2026,08.02.2026,23.02.2026,23.02.2026,03.03.2026,06.03.2026,,H014,WH INFORMA JABABEKA
R110260207H030_H014,CDD LONG CHASSIS,2350000,0,0,0,0,0,2350000,H014 - WH INFORMA JABABEKA,PT. BINTANG SAMUDRA RAYA,7,ON SCHEDULE,29,0,09.03.2026,07.02.2026,09.02.2026,11.02.2026,11.02.2026,19.02.2026,20.02.2026,,H014,WH INFORMA JABABEKA
R110260207H031_H014,CDD LONG CHASSIS,2850000,0,0,0,0,0,2850000,H014 - WH INFORMA JABABEKA,PT. BINTANG SAMUDRA RAYA,7,ON SCHEDULE,28,0,08.03.2026,07.02.2026,09.02.2026,19.02.2026,19.02.2026,09.03.2026,09.03.2026,,H014,WH INFORMA JABABEKA
R110260207H053_H014,WINGBOX,2599000,0,0,0,0,0,2599000,H014 - WH INFORMA JABABEKA,PT. DUTA MEDIA MANDIRI,7,ON SCHEDULE,27,0,07.03.2026,07.02.2026,08.02.2026,10.02.2026,10.02.2026,11.02.2026,11.02.2026,,H014,WH INFORMA JABABEKA
R110260207H056_H014,CDD LONG CHASSIS,4900000,0,0,0,0,0,4900000,H014 - WH INFORMA JABABEKA,PT.ORANG KREATIF EKSIS,7,ON SCHEDULE,28,0,08.03.2026,07.02.2026,09.02.2026,13.02.2026,13.02.2026,18.02.2026,18.02.2026,,H014,WH INFORMA JABABEKA
R110260207H061_H014,CDD LONG CHASSIS,4900000,0,0,0,0,0,4900000,H014 - WH INFORMA JABABEKA,PT.ORANG KREATIF EKSIS,7,ON SCHEDULE,28,0,08.03.2026,07.02.2026,09.02.2026,13.02.2026,13.02.2026,18.02.2026,18.02.2026,,H014,WH INFORMA JABABEKA
R110260207H064_H014,CDD LONG CHASSIS,3600000,0,0,0,0,0,3600000,H014 - WH INFORMA JABABEKA,PT. BINTANG SAMUDRA RAYA,7,ON SCHEDULE,29,0,09.03.2026,07.02.2026,11.02.2026,11.02.2026,11.02.2026,19.02.2026,20.02.2026,,H014,WH INFORMA JABABEKA
R110260207L052_H014,CDD LONG CHASSIS,7400000,0,0,0,0,0,7400000,H014 - WH INFORMA JABABEKA,PT. BINTANG SAMUDRA RAYA,7,ON SCHEDULE,30,0,10.03.2026,07.02.2026,10.02.2026,11.02.2026,11.02.2026,19.02.2026,20.02.2026,,H014,WH INFORMA JABABEKA
R110260207L054_H014,CDD LONG CHASSIS,3500000,0,0,0,0,0,3500000,H014 - WH INFORMA JABABEKA,PT. AGUNG MAKMUR JAYA,7,ON SCHEDULE,28,0,09.03.2026,08.02.2026,09.02.2026,09.02.2026,10.02.2026,13.02.2026,13.02.2026,,H014,WH INFORMA JABABEKA
R110260207L057_H014,CDD LONG CHASSIS,3500000,0,0,0,0,0,3500000,H014 - WH INFORMA JABABEKA,PT. AGUNG MAKMUR JAYA,7,ON SCHEDULE,30,0,10.03.2026,07.02.2026,09.02.2026,09.02.2026,10.02.2026,13.02.2026,13.02.2026,,H014,WH INFORMA JABABEKA
R110260207L058_H014,CDD LONG CHASSIS,3500000,0,0,0,0,0,3500000,H014 - WH INFORMA JABABEKA,PT. AGUNG MAKMUR JAYA,7,ON SCHEDULE,28,0,08.03.2026,07.02.2026,09.02.2026,09.02.2026,10.02.2026,13.02.2026,13.02.2026,,H014,WH INFORMA JABABEKA
R110260207L065_H014,CDD LONG CHASSIS,3500000,0,0,0,0,0,3500000,H014 - WH INFORMA JABABEKA,PT. AGUNG MAKMUR JAYA,7,ON SCHEDULE,30,0,10.03.2026,07.02.2026,09.02.2026,09.02.2026,10.02.2026,13.02.2026,13.02.2026,,H014,WH INFORMA JABABEKA
R110260207L072_H014,FUSO,4255000,0,0,0,0,0,4255000,H014 - WH INFORMA JABABEKA,PT.SIASAT CEPAT MUDA,7,ON SCHEDULE,30,0,11.03.2026,08.02.2026,10.02.2026,11.02.2026,12.02.2026,12.02.2026,20.02.2026,,H014,WH INFORMA JABABEKA
R110260207L073_H014,CDD LONG CHASSIS,3500000,0,0,0,0,0,3500000,H014 - WH INFORMA JABABEKA,PT. AGUNG MAKMUR JAYA,7,ON SCHEDULE,27,0,07.03.2026,07.02.2026,09.02.2026,09.02.2026,10.02.2026,13.02.2026,13.02.2026,,H014,WH INFORMA JABABEKA
R110260207L074_H014,CDD LONG CHASSIS,3600000,0,0,0,0,0,3600000,H014 - WH INFORMA JABABEKA,PT. BINTANG SAMUDRA RAYA,7,ON SCHEDULE,29,0,10.03.2026,08.02.2026,10.02.2026,11.02.2026,11.02.2026,19.02.2026,20.02.2026,,H014,WH INFORMA JABABEKA
R110260207L075_H014,CDD LONG CHASSIS,3500000,0,0,0,250000,0,3750000,H014 - WH INFORMA JABABEKA,PT. AGUNG MAKMUR JAYA,7,ON SCHEDULE,28,0,09.03.2026,08.02.2026,10.02.2026,11.02.2026,13.02.2026,13.02.2026,13.02.2026,,H014,WH INFORMA JABABEKA
R110260207L075_H014,CDD LONG CHASSIS,3500000,0,0,0,250000,0,3750000,H014 - WH INFORMA JABABEKA,PT. AGUNG MAKMUR JAYA,7,ON SCHEDULE,28,0,09.03.2026,08.02.2026,10.02.2026,11.02.2026,13.02.2026,13.02.2026,13.02.2026,,H014,WH INFORMA JABABEKA
R110260207L075_H014,CDD LONG CHASSIS,3500000,0,0,0,250000,0,3750000,H014 - WH INFORMA JABABEKA,PT. AGUNG MAKMUR JAYA,7,ON SCHEDULE,28,0,09.03.2026,08.02.2026,10.02.2026,11.02.2026,13.02.2026,13.02.2026,13.02.2026,,H014,WH INFORMA JABABEKA
R110260207L076_H014,CDD LONG CHASSIS,2887500,0,0,0,0,0,2887500,H014 - WH INFORMA JABABEKA,PT.SIASAT CEPAT MUDA,7,ON SCHEDULE,29,0,10.03.2026,08.02.2026,09.02.2026,11.02.2026,12.02.2026,12.02.2026,20.02.2026,,H014,WH INFORMA JABABEKA
R110260207L080_H014,CDD LONG CHASSIS,3500000,0,0,0,0,0,3500000,H014 - WH INFORMA JABABEKA,PT. CEHA LOGISTIK CEMERLANG,7,ON SCHEDULE,30,0,11.03.2026,08.02.2026,09.02.2026,09.02.2026,10.02.2026,12.02.2026,12.02.2026,,H014,WH INFORMA JABABEKA
R110260207L082_H014,CDD LONG CHASSIS,3500000,0,0,0,0,0,3500000,H014 - WH INFORMA JABABEKA,PT LOGISTIK CANGGIH INDONESIA,7,ON SCHEDULE,28,0,08.03.2026,07.02.2026,09.02.2026,23.02.2026,23.02.2026,04.03.2026,05.03.2026,,H014,WH INFORMA JABABEKA
R110260207L089_H014,CDD LONG CHASSIS,1400000,0,0,0,0,0,1400000,H014 - WH INFORMA JABABEKA,PT. BINTANG SAMUDRA RAYA,7,ON SCHEDULE,27,0,07.03.2026,07.02.2026,08.02.2026,13.02.2026,13.02.2026,19.02.2026,20.02.2026,,H014,WH INFORMA JABABEKA
R110260207T027_H014,CONT-40,13800000,0,0,0,0,0,13800000,H014 - WH INFORMA JABABEKA,PT. SENTOSAPRIMA ABADI,7,ON SCHEDULE,40,0,21.03.2026,08.02.2026,19.02.2026,01.04.2026,01.04.2026,06.04.2026,23.04.2026,,H014,WH INFORMA JABABEKA
R110260207T030_H014,WINGBOX,19000000,0,0,0,0,0,19000000,H014 - WH INFORMA JABABEKA,PT. BINTANG SAMUDRA RAYA,7,ON SCHEDULE,37,0,17.03.2026,07.02.2026,14.02.2026,19.02.2026,19.02.2026,19.02.2026,20.02.2026,,H014,WH INFORMA JABABEKA
R110260207T033_H014,CONT-40,18200000,0,0,0,0,0,18200000,H014 - WH INFORMA JABABEKA,PT. SENTOSAPRIMA ABADI,7,ON SCHEDULE,40,0,22.03.2026,09.02.2026,25.02.2026,16.04.2026,17.04.2026,21.04.2026,21.04.2026,,H014,WH INFORMA JABABEKA
R110260207T034_H014,CONT-40,13200000,0,0,0,0,0,13200000,H014 - WH INFORMA JABABEKA,PT. TPIL LOGISTICS,7,ON SCHEDULE,42,0,27.03.2026,12.02.2026,06.03.2026,25.03.2026,26.03.2026,10.04.2026,10.04.2026,,H014,WH INFORMA JABABEKA
R110260207T035_H014,WINGBOX,5650000,0,0,0,0,0,5650000,H014 - WH INFORMA JABABEKA,PT. DUTA MEDIA MANDIRI,7,ON SCHEDULE,29,0,10.03.2026,08.02.2026,10.02.2026,11.02.2026,11.02.2026,19.02.2026,20.02.2026,,H014,WH INFORMA JABABEKA
R110260207T036_H014,WINGBOX,6000000,0,0,0,0,0,6000000,H014 - WH INFORMA JABABEKA,PT.AMANAH TRANSMULIA MANDIRI LOGISTIK,7,ON SCHEDULE,29,0,14.03.2026,12.02.2026,15.02.2026,23.02.2026,23.02.2026,23.02.2026,24.02.2026,,H014,WH INFORMA JABABEKA
R110260207T037_H014,WINGBOX,7000000,0,0,0,0,0,7000000,H014 - WH INFORMA JABABEKA,PT. DUNIA EXPRESS TRANSINDO,7,ON SCHEDULE,29,0,09.03.2026,07.02.2026,10.02.2026,02.03.2026,02.03.2026,11.03.2026,12.03.2026,,H014,WH INFORMA JABABEKA
R110260207T038_H014,WINGBOX,19000000,0,0,0,0,0,19000000,H014 - WH INFORMA JABABEKA,PT. BINTANG SAMUDRA RAYA,7,ON SCHEDULE,37,0,18.03.2026,08.02.2026,14.02.2026,19.02.2026,19.02.2026,19.02.2026,20.02.2026,,H014,WH INFORMA JABABEKA
R110260207T039_H014,WINGBOX,20000000,0,0,0,0,0,20000000,H014 - WH INFORMA JABABEKA,PT.ORANG KREATIF EKSIS,7,ON SCHEDULE,37,0,18.03.2026,08.02.2026,13.02.2026,23.02.2026,23.02.2026,02.03.2026,02.03.2026,,H014,WH INFORMA JABABEKA
R110260207T040_H014,WINGBOX,6600000,0,0,0,0,0,6600000,H014 - WH INFORMA JABABEKA,PT. JAYA MULYA ERALINDO,7,ON SCHEDULE,29,0,10.03.2026,08.02.2026,11.02.2026,18.02.2026,18.02.2026,19.02.2026,19.02.2026,,H014,WH INFORMA JABABEKA
R110260207T041_H014,WINGBOX,6600000,0,0,0,0,0,6600000,H014 - WH INFORMA JABABEKA,PT. JAYA MULYA ERALINDO,7,ON SCHEDULE,29,0,09.03.2026,07.02.2026,10.02.2026,20.02.2026,20.02.2026,20.02.2026,20.02.2026,,H014,WH INFORMA JABABEKA
R110260207T042_H014,WINGBOX,7000000,0,0,0,0,0,7000000,H014 - WH INFORMA JABABEKA,PT. DUNIA EXPRESS TRANSINDO,7,ON SCHEDULE,29,0,09.03.2026,07.02.2026,10.02.2026,02.03.2026,02.03.2026,11.03.2026,12.03.2026,,H014,WH INFORMA JABABEKA
R110260207T045_H014,CONT-40,8750000,0,0,0,0,0,8750000,H014 - WH INFORMA JABABEKA,PT. CIKARANG GERBANG SOLUSI,6,LATE,29,172,14.03.2026,12.02.2026,19.02.2026,17.04.2026,17.04.2026,17.04.2026,25.06.2026,,H014,WH INFORMA JABABEKA
R110260207T046_H014,CONT-40,8750000,0,0,0,0,0,8750000,H014 - WH INFORMA JABABEKA,PT. CIKARANG GERBANG SOLUSI,7,ON SCHEDULE,29,0,09.03.2026,07.02.2026,12.02.2026,17.04.2026,17.04.2026,17.04.2026,17.04.2026,,H014,WH INFORMA JABABEKA
R110260207T047_H014,CONT-40,8750000,0,0,0,0,0,8750000,H014 - WH INFORMA JABABEKA,PT. CIKARANG GERBANG SOLUSI,7,ON SCHEDULE,29,0,09.03.2026,07.02.2026,12.02.2026,17.04.2026,17.04.2026,17.04.2026,17.04.2026,,H014,WH INFORMA JABABEKA
R110260207T048_H014,CONT-40,8750000,0,0,0,0,0,8750000,H014 - WH INFORMA JABABEKA,PT. CIKARANG GERBANG SOLUSI,7,ON SCHEDULE,29,0,09.03.2026,07.02.2026,12.02.2026,17.04.2026,17.04.2026,17.04.2026,17.04.2026,,H014,WH INFORMA JABABEKA
R110260207T049_H014,CONT-40,8750000,0,0,0,0,0,8750000,H014 - WH INFORMA JABABEKA,PT. CIKARANG GERBANG SOLUSI,7,ON SCHEDULE,29,0,09.03.2026,07.02.2026,12.02.2026,17.04.2026,17.04.2026,17.04.2026,17.04.2026,,H014,WH INFORMA JABABEKA
R110260207T050_H014,WINGBOX,5650000,0,0,0,0,0,5650000,H014 - WH INFORMA JABABEKA,PT. DUTA MEDIA MANDIRI,7,ON SCHEDULE,29,0,09.03.2026,07.02.2026,10.02.2026,11.02.2026,11.02.2026,13.02.2026,18.02.2026,,H014,WH INFORMA JABABEKA
R110260207T051_H014,CONT-40,8750000,0,0,0,0,0,8750000,H014 - WH INFORMA JABABEKA,PT. CIKARANG GERBANG SOLUSI,7,ON SCHEDULE,29,0,09.03.2026,07.02.2026,12.02.2026,17.04.2026,17.04.2026,17.04.2026,17.04.2026,,H014,WH INFORMA JABABEKA
R110260207T052_H014,WINGBOX,5650000,0,0,0,0,0,5650000,H014 - WH INFORMA JABABEKA,PT. DUTA MEDIA MANDIRI,7,ON SCHEDULE,29,0,09.03.2026,07.02.2026,10.02.2026,11.02.2026,11.02.2026,19.02.2026,20.02.2026,,H014,WH INFORMA JABABEKA
R110260207T053_H014,WINGBOX,5650000,0,0,0,0,0,5650000,H014 - WH INFORMA JABABEKA,PT. DUTA MEDIA MANDIRI,7,ON SCHEDULE,29,0,10.03.2026,08.02.2026,10.02.2026,11.02.2026,11.02.2026,19.02.2026,20.02.2026,,H014,WH INFORMA JABABEKA
R110260207T055_H014,WINGBOX,6200000,0,0,0,0,0,6200000,H014 - WH INFORMA JABABEKA,PT. SATRIA PIRANTI PERKASA,7,ON SCHEDULE,29,0,09.03.2026,07.02.2026,11.02.2026,06.03.2026,06.03.2026,13.03.2026,13.03.2026,,H014,WH INFORMA JABABEKA
R110260207T056_H014,CONT-40,13850000,0,0,1500000,0,0,15350000,H014 - WH INFORMA JABABEKA,PT. SENTOSAPRIMA ABADI,7,ON SCHEDULE,46,0,27.03.2026,08.02.2026,22.02.2026,27.04.2026,28.04.2026,29.04.2026,29.04.2026,,H014,WH INFORMA JABABEKA
R110260207T057_H014,CONT-40,13850000,0,0,1500000,0,0,15350000,H014 - WH INFORMA JABABEKA,PT. SENTOSAPRIMA ABADI,7,ON SCHEDULE,46,0,27.03.2026,08.02.2026,22.02.2026,27.04.2026,28.04.2026,29.04.2026,29.04.2026,,H014,WH INFORMA JABABEKA
R110260207T058_H014,CONT-40,14200000,0,0,0,0,0,14200000,H014 - WH INFORMA JABABEKA,PT. SENTOSAPRIMA ABADI,7,ON SCHEDULE,37,0,19.03.2026,09.02.2026,21.02.2026,28.04.2026,28.04.2026,30.04.2026,30.04.2026,,H014,WH INFORMA JABABEKA
R110260208H017_H014,WINGBOX,1998000,0,0,0,0,0,1998000,H014 - WH INFORMA JABABEKA,PT. ARDYA PRIMA INTERNUSA,7,ON SCHEDULE,27,0,08.03.2026,08.02.2026,09.02.2026,23.02.2026,23.02.2026,03.03.2026,06.03.2026,,H014,WH INFORMA JABABEKA
R110260208H019_H014,CDD LONG CHASSIS,4900000,0,0,0,0,0,4900000,H014 - WH INFORMA JABABEKA,PT.ORANG KREATIF EKSIS,7,ON SCHEDULE,28,0,09.03.2026,08.02.2026,09.02.2026,18.02.2026,18.02.2026,02.03.2026,02.03.2026,,H014,WH INFORMA JABABEKA
R110260208H021_H014,CDD LONG CHASSIS,10350000,0,0,0,0,0,10350000,H014 - WH INFORMA JABABEKA,PT.ORANG KREATIF EKSIS,7,ON SCHEDULE,30,0,11.03.2026,08.02.2026,13.02.2026,20.02.2026,20.02.2026,02.03.2026,02.03.2026,,H014,WH INFORMA JABABEKA
R110260208H022_H014,FUSO,19350000,0,0,0,0,0,19350000,H014 - WH INFORMA JABABEKA,PT. SATRIA PIRANTI PERKASA,7,ON SCHEDULE,31,0,13.03.2026,09.02.2026,13.02.2026,06.03.2026,06.03.2026,13.03.2026,13.03.2026,,H014,WH INFORMA JABABEKA
R110260208H023_H014,FUSO,11450000,0,0,0,0,0,11450000,H014 - WH INFORMA JABABEKA,PT LOGISTIK CANGGIH INDONESIA,7,ON SCHEDULE,29,0,10.03.2026,08.02.2026,10.02.2026,23.02.2026,23.02.2026,04.03.2026,05.03.2026,,H014,WH INFORMA JABABEKA
R110260208H024_H014,CDD LONG CHASSIS,2400000,0,0,0,0,0,2400000,H014 - WH INFORMA JABABEKA,PT. AGUNG MAKMUR JAYA,7,ON SCHEDULE,27,0,08.03.2026,08.02.2026,09.02.2026,09.02.2026,10.02.2026,10.02.2026,12.02.2026,,H014,WH INFORMA JABABEKA
R110260208H025_H014,CDD LONG CHASSIS,2400000,0,0,0,0,0,2400000,H014 - WH INFORMA JABABEKA,PT. AGUNG MAKMUR JAYA,7,ON SCHEDULE,27,0,08.03.2026,08.02.2026,09.02.2026,09.02.2026,10.02.2026,10.02.2026,12.02.2026,,H014,WH INFORMA JABABEKA
R110260208H026_H014,CDD LONG CHASSIS,1750000,0,0,0,0,0,1750000,H014 - WH INFORMA JABABEKA,PT. DUTA MEDIA MANDIRI,7,ON SCHEDULE,27,0,08.03.2026,08.02.2026,09.02.2026,10.02.2026,10.02.2026,11.02.2026,11.02.2026,,H014,WH INFORMA JABABEKA
R110260208H027_H014,CDD LONG CHASSIS,1400000,0,0,0,0,0,1400000,H014 - WH INFORMA JABABEKA,PT. ARDYA PRIMA INTERNUSA,7,ON SCHEDULE,27,0,08.03.2026,08.02.2026,09.02.2026,23.02.2026,23.02.2026,03.03.2026,06.03.2026,,H014,WH INFORMA JABABEKA
R110260208H029_H014,CDD LONG CHASSIS,2900000,0,0,0,0,0,2900000,H014 - WH INFORMA JABABEKA,PT. AGUNG MAKMUR JAYA,7,ON SCHEDULE,28,0,09.03.2026,08.02.2026,09.02.2026,09.02.2026,10.02.2026,10.02.2026,12.02.2026,,H014,WH INFORMA JABABEKA
R110260208H032_H014,CDD LONG CHASSIS,1800000,0,0,0,0,0,1800000,H014 - WH INFORMA JABABEKA,PT. ARDYA PRIMA INTERNUSA,7,ON SCHEDULE,27,0,08.03.2026,08.02.2026,09.02.2026,23.02.2026,23.02.2026,03.03.2026,06.03.2026,,H014,WH INFORMA JABABEKA
R110260208H044_H014,CDD LONG CHASSIS,1400000,0,0,0,0,0,1400000,H014 - WH INFORMA JABABEKA,PT. BINTANG SAMUDRA RAYA,7,ON SCHEDULE,27,0,08.03.2026,08.02.2026,10.02.2026,11.02.2026,11.02.2026,19.02.2026,20.02.2026,,H014,WH INFORMA JABABEKA
R110260208H047_H014,CDD LONG CHASSIS,10350000,0,0,0,0,0,10350000,H014 - WH INFORMA JABABEKA,PT.ORANG KREATIF EKSIS,7,ON SCHEDULE,30,0,11.03.2026,08.02.2026,13.02.2026,18.02.2026,18.02.2026,02.03.2026,02.03.2026,,H014,WH INFORMA JABABEKA
R110260208H048_H014,WINGBOX,4825000,0,0,0,0,0,4825000,H014 - WH INFORMA JABABEKA,PT. CEHA LOGISTIK CEMERLANG,7,ON SCHEDULE,29,0,10.03.2026,08.02.2026,10.02.2026,10.02.2026,10.02.2026,12.02.2026,12.02.2026,,H014,WH INFORMA JABABEKA
R110260208H053_H014,CDD LONG CHASSIS,3900000,0,0,0,0,0,3900000,H014 - WH INFORMA JABABEKA,PT. CEHA LOGISTIK CEMERLANG,7,ON SCHEDULE,29,0,11.03.2026,09.02.2026,10.02.2026,10.02.2026,10.02.2026,12.02.2026,12.02.2026,,H014,WH INFORMA JABABEKA
R110260208H054_H014,CDD LONG CHASSIS,3600000,0,0,0,0,0,3600000,H014 - WH INFORMA JABABEKA,PT LOGISTIK CANGGIH INDONESIA,7,ON SCHEDULE,29,0,11.03.2026,09.02.2026,11.02.2026,23.02.2026,23.02.2026,04.03.2026,05.03.2026,,H014,WH INFORMA JABABEKA
R110260208H055_H014,CDD LONG CHASSIS,3900000,0,0,0,0,0,3900000,H014 - WH INFORMA JABABEKA,PT. CEHA LOGISTIK CEMERLANG,7,ON SCHEDULE,29,0,11.03.2026,09.02.2026,10.02.2026,10.02.2026,10.02.2026,12.02.2026,12.02.2026,,H014,WH INFORMA JABABEKA
R110260208L035_H014,CDD LONG CHASSIS,1400000,0,0,0,0,0,1400000,H014 - WH INFORMA JABABEKA,PT. BINTANG SAMUDRA RAYA,7,ON SCHEDULE,27,0,08.03.2026,08.02.2026,09.02.2026,11.02.2026,11.02.2026,19.02.2026,20.02.2026,,H014,WH INFORMA JABABEKA
R110260208L039_H014,CDD LONG CHASSIS,2300000,0,0,0,0,0,2300000,H014 - WH INFORMA JABABEKA,PT.ORANG KREATIF EKSIS,7,ON SCHEDULE,27,0,08.03.2026,08.02.2026,09.02.2026,13.02.2026,13.02.2026,18.02.2026,18.02.2026,,H014,WH INFORMA JABABEKA
R110260208L040_H014,CDD LONG CHASSIS,1400000,0,0,0,0,0,1400000,H014 - WH INFORMA JABABEKA,PT. BINTANG SAMUDRA RAYA,7,ON SCHEDULE,27,0,08.03.2026,08.02.2026,09.02.2026,11.02.2026,11.02.2026,19.02.2026,20.02.2026,,H014,WH INFORMA JABABEKA
R110260208L041_H014,CDD LONG CHASSIS,1400000,0,0,0,0,0,1400000,H014 - WH INFORMA JABABEKA,PT. BINTANG SAMUDRA RAYA,7,ON SCHEDULE,27,0,08.03.2026,08.02.2026,09.02.2026,11.02.2026,11.02.2026,19.02.2026,20.02.2026,,H014,WH INFORMA JABABEKA
R110260208L042_H014,CDD LONG CHASSIS,10350000,0,0,0,0,0,10350000,H014 - WH INFORMA JABABEKA,PT.ORANG KREATIF EKSIS,7,ON SCHEDULE,30,0,11.03.2026,08.02.2026,13.02.2026,18.02.2026,18.02.2026,02.03.2026,02.03.2026,,H014,WH INFORMA JABABEKA
R110260208L054_H014,CDD LONG CHASSIS,4900000,0,0,0,0,0,4900000,H014 - WH INFORMA JABABEKA,PT.ORANG KREATIF EKSIS,7,ON SCHEDULE,28,0,09.03.2026,08.02.2026,10.02.2026,18.02.2026,18.02.2026,02.03.2026,02.03.2026,,H014,WH INFORMA JABABEKA
R110260208T021_H014,WINGBOX,6600000,0,0,0,0,0,6600000,H014 - WH INFORMA JABABEKA,PT. JAYA MULYA ERALINDO,7,ON SCHEDULE,29,0,11.03.2026,09.02.2026,12.02.2026,20.02.2026,20.02.2026,20.02.2026,20.02.2026,,H014,WH INFORMA JABABEKA
R110260208T023_H014,CONT-40,8750000,0,0,0,0,0,8750000,H014 - WH INFORMA JABABEKA,PT. CIKARANG GERBANG SOLUSI,6,LATE,29,175,11.03.2026,09.02.2026,16.02.2026,29.05.2026,30.05.2026,30.07.2026,30.07.2026,,H014,WH INFORMA JABABEKA
R110260208T024_H014,CONT-40,8750000,0,0,0,0,0,8750000,H014 - WH INFORMA JABABEKA,PT. CIKARANG GERBANG SOLUSI,6,LATE,29,175,11.03.2026,09.02.2026,16.02.2026,29.05.2026,29.05.2026,30.07.2026,30.07.2026,,H014,WH INFORMA JABABEKA
R110260208T025_H014,CONT-40,8750000,0,0,0,0,0,8750000,H014 - WH INFORMA JABABEKA,PT. CIKARANG GERBANG SOLUSI,6,LATE,29,175,11.03.2026,09.02.2026,13.02.2026,29.05.2026,30.05.2026,30.07.2026,30.07.2026,,H014,WH INFORMA JABABEKA
R110260208T026_H014,CONT-40,8750000,0,0,0,0,0,8750000,H014 - WH INFORMA JABABEKA,PT. CIKARANG GERBANG SOLUSI,6,LATE,29,175,12.03.2026,10.02.2026,16.02.2026,29.05.2026,30.05.2026,30.07.2026,30.07.2026,,H014,WH INFORMA JABABEKA
R110260208T027_H014,CONT-40,8750000,0,0,0,0,0,8750000,H014 - WH INFORMA JABABEKA,PT. CIKARANG GERBANG SOLUSI,6,LATE,29,175,12.03.2026,10.02.2026,16.02.2026,29.05.2026,30.05.2026,30.07.2026,30.07.2026,,H014,WH INFORMA JABABEKA
R110260208T028_H014,WINGBOX,5600000,0,0,0,0,0,5600000,H014 - WH INFORMA JABABEKA,PT. BINTANG SAMUDRA RAYA,7,ON SCHEDULE,29,0,11.03.2026,09.02.2026,13.02.2026,13.02.2026,13.02.2026,19.02.2026,20.02.2026,,H014,WH INFORMA JABABEKA
R110260208T029_H014,WINGBOX,6200000,0,0,0,0,0,6200000,H014 - WH INFORMA JABABEKA,PT. SATRIA PIRANTI PERKASA,7,ON SCHEDULE,29,0,11.03.2026,09.02.2026,13.02.2026,06.03.2026,06.03.2026,31.03.2026,31.03.2026,,H014,WH INFORMA JABABEKA
R110260208T030_H014,WINGBOX,6600000,0,0,0,0,0,6600000,H014 - WH INFORMA JABABEKA,PT. JAYA MULYA ERALINDO,7,ON SCHEDULE,29,0,11.03.2026,09.02.2026,13.02.2026,23.02.2026,23.02.2026,24.02.2026,24.02.2026,,H014,WH INFORMA JABABEKA
R110260208T031_H014,WINGBOX,6600000,0,0,0,0,0,6600000,H014 - WH INFORMA JABABEKA,PT. JAYA MULYA ERALINDO,7,ON SCHEDULE,29,0,11.03.2026,09.02.2026,13.02.2026,23.02.2026,23.02.2026,24.02.2026,24.02.2026,,H014,WH INFORMA JABABEKA
R110260208T032_H014,WINGBOX,6600000,0,0,0,0,0,6600000,H014 - WH INFORMA JABABEKA,PT. JAYA MULYA ERALINDO,7,ON SCHEDULE,29,0,11.03.2026,09.02.2026,12.02.2026,20.02.2026,20.02.2026,20.02.2026,20.02.2026,,H014,WH INFORMA JABABEKA
R110260208T033_H014,WINGBOX,6700000,0,0,0,0,0,6700000,H014 - WH INFORMA JABABEKA,PT.DHANESWARA EXPRES,7,ON SCHEDULE,29,0,11.03.2026,09.02.2026,13.02.2026,18.02.2026,18.02.2026,23.02.2026,23.02.2026,,H014,WH INFORMA JABABEKA
R110260208T034_H014,WINGBOX,5650000,0,0,0,0,0,5650000,H014 - WH INFORMA JABABEKA,PT. DUTA MEDIA MANDIRI,7,ON SCHEDULE,29,0,11.03.2026,09.02.2026,13.02.2026,13.02.2026,13.02.2026,19.02.2026,20.02.2026,,H014,WH INFORMA JABABEKA
R110260208T035_H014,CONT-40,34300000,0,0,0,0,0,34300000,H014 - WH INFORMA JABABEKA,PT. PAUS BIRU LOGISTIK,7,ON SCHEDULE,40,0,01.04.2026,19.02.2026,06.03.2026,05.05.2026,06.05.2026,06.05.2026,07.05.2026,,H014,WH INFORMA JABABEKA
R110260208T036_H014,WINGBOX,6600000,0,0,0,0,0,6600000,H014 - WH INFORMA JABABEKA,PT. JAYA MULYA ERALINDO,7,ON SCHEDULE,29,0,14.03.2026,12.02.2026,16.02.2026,02.03.2026,02.03.2026,03.03.2026,03.03.2026,,H014,WH INFORMA JABABEKA
R110260208T037_H014,CONT-40,8750000,0,0,0,0,0,8750000,H014 - WH INFORMA JABABEKA,PT. CIKARANG GERBANG SOLUSI,6,LATE,29,176,10.03.2026,08.02.2026,12.02.2026,17.04.2026,17.04.2026,17.04.2026,25.06.2026,,H014,WH INFORMA JABABEKA
R110260208T038_H014,WINGBOX,5650000,0,0,0,0,0,5650000,H014 - WH INFORMA JABABEKA,PT. DUTA MEDIA MANDIRI,7,ON SCHEDULE,29,0,10.03.2026,08.02.2026,12.02.2026,13.02.2026,13.02.2026,19.02.2026,20.02.2026,,H014,WH INFORMA JABABEKA
R110260208T039_H014,CONT-40,13800000,0,0,0,0,0,13800000,H014 - WH INFORMA JABABEKA,PT. SENTOSAPRIMA ABADI,7,ON SCHEDULE,40,0,21.03.2026,08.02.2026,19.02.2026,01.04.2026,01.04.2026,06.04.2026,06.04.2026,,H014,WH INFORMA JABABEKA
R110260208T040_H014,CONT-40,13800000,0,0,0,0,0,13800000,H014 - WH INFORMA JABABEKA,PT. SENTOSAPRIMA ABADI,7,ON SCHEDULE,40,0,21.03.2026,08.02.2026,19.02.2026,01.04.2026,01.04.2026,06.04.2026,06.04.2026,,H014,WH INFORMA JABABEKA
R110260208T041_H014,CONT-40,18200000,0,0,0,0,0,18200000,H014 - WH INFORMA JABABEKA,PT. SENTOSAPRIMA ABADI,7,ON SCHEDULE,40,0,22.03.2026,09.02.2026,25.02.2026,16.04.2026,17.04.2026,21.04.2026,21.04.2026,,H014,WH INFORMA JABABEKA
R110260208T042_H014,CONT-40,13500000,0,0,1500000,0,0,15000000,H014 - WH INFORMA JABABEKA,PT. HAKKA HYDRO TIRTA,7,ON SCHEDULE,46,0,27.03.2026,08.02.2026,26.02.2026,19.05.2026,20.05.2026,09.06.2026,09.06.2026,,H014,WH INFORMA JABABEKA
R110260208T043_H014,CONT-40,13500000,0,0,1500000,0,0,15000000,H014 - WH INFORMA JABABEKA,PT. HAKKA HYDRO TIRTA,7,ON SCHEDULE,46,0,27.03.2026,08.02.2026,26.02.2026,19.05.2026,20.05.2026,09.06.2026,09.06.2026,,H014,WH INFORMA JABABEKA
R110260208T044_H014,CONT-40,13850000,0,0,1500000,0,0,15350000,H014 - WH INFORMA JABABEKA,PT. SENTOSAPRIMA ABADI,7,ON SCHEDULE,46,0,28.03.2026,09.02.2026,22.02.2026,27.04.2026,28.04.2026,29.04.2026,29.04.2026,,H014,WH INFORMA JABABEKA
R110260208T045_H014,CONT-40,13800000,0,0,0,0,0,13800000,H014 - WH INFORMA JABABEKA,PT. SENTOSAPRIMA ABADI,7,ON SCHEDULE,40,0,22.03.2026,09.02.2026,19.02.2026,01.04.2026,01.04.2026,06.04.2026,06.04.2026,,H014,WH INFORMA JABABEKA
R110260208T046_H014,CONT-20,10500000,0,0,400000,0,0,10900000,H014 - WH INFORMA JABABEKA,PT. HAKKA HYDRO TIRTA,7,ON SCHEDULE,40,0,21.03.2026,08.02.2026,21.02.2026,26.03.2026,31.03.2026,01.04.2026,01.04.2026,,H014,WH INFORMA JABABEKA
R110260208T047_H014,CONT-20,10500000,0,0,400000,0,0,10900000,H014 - WH INFORMA JABABEKA,PT. HAKKA HYDRO TIRTA,7,ON SCHEDULE,40,0,21.03.2026,08.02.2026,21.02.2026,26.03.2026,31.03.2026,01.04.2026,01.04.2026,,H014,WH INFORMA JABABEKA
R110260208T048_H014,CONT-40,14200000,0,0,0,0,0,14200000,H014 - WH INFORMA JABABEKA,PT. SENTOSAPRIMA ABADI,7,ON SCHEDULE,37,0,18.03.2026,08.02.2026,21.02.2026,28.04.2026,28.04.2026,04.05.2026,04.05.2026,,H014,WH INFORMA JABABEKA
R110260208T049_H014,CONT-40,14200000,0,0,0,0,0,14200000,H014 - WH INFORMA JABABEKA,PT. SENTOSAPRIMA ABADI,7,ON SCHEDULE,37,0,19.03.2026,09.02.2026,21.02.2026,28.04.2026,28.04.2026,04.05.2026,04.05.2026,,H014,WH INFORMA JABABEKA
R110260208T050_H014,CONT-20,9300000,0,0,0,0,0,9300000,H014 - WH INFORMA JABABEKA,PT. SENTOSAPRIMA ABADI,7,ON SCHEDULE,37,0,19.03.2026,09.02.2026,21.02.2026,28.04.2026,28.04.2026,30.04.2026,30.04.2026,,H014,WH INFORMA JABABEKA
R110260208T051_H014,CONT-40,13850000,0,0,1500000,0,0,15350000,H014 - WH INFORMA JABABEKA,PT. SENTOSAPRIMA ABADI,7,ON SCHEDULE,46,0,27.03.2026,08.02.2026,22.02.2026,27.04.2026,28.04.2026,29.04.2026,29.04.2026,,H014,WH INFORMA JABABEKA
R110260208T052_H014,CONT-40,27000000,0,0,0,0,0,27000000,H014 - WH INFORMA JABABEKA,PT. PAUS BIRU LOGISTIK,7,ON SCHEDULE,42,0,27.03.2026,12.02.2026,26.02.2026,17.04.2026,19.04.2026,20.04.2026,28.04.2026,,H014,WH INFORMA JABABEKA
R110260208T054_H014,CONT-40,14200000,0,0,0,0,0,14200000,H014 - WH INFORMA JABABEKA,PT. SENTOSAPRIMA ABADI,7,ON SCHEDULE,37,0,22.03.2026,12.02.2026,26.02.2026,28.04.2026,28.04.2026,04.05.2026,04.05.2026,,H014,WH INFORMA JABABEKA
R110260208T055_H014,WINGBOX,5650000,0,0,0,0,0,5650000,H014 - WH INFORMA JABABEKA,PT. DUTA MEDIA MANDIRI,7,ON SCHEDULE,29,0,10.03.2026,08.02.2026,11.02.2026,11.02.2026,11.02.2026,19.02.2026,20.02.2026,,H014,WH INFORMA JABABEKA
R110260209H029_H014,WINGBOX,17750000,0,0,0,0,0,17750000,H014 - WH INFORMA JABABEKA,PT. BINTANG SAMUDRA RAYA,7,ON SCHEDULE,30,0,12.03.2026,09.02.2026,14.02.2026,25.02.2026,25.02.2026,04.03.2026,05.03.2026,,H014,WH INFORMA JABABEKA
R110260209H030_H014,WINGBOX,4825000,0,0,0,0,0,4825000,H014 - WH INFORMA JABABEKA,PT. CEHA LOGISTIK CEMERLANG,7,ON SCHEDULE,29,0,11.03.2026,09.02.2026,12.02.2026,12.02.2026,12.02.2026,19.02.2026,20.02.2026,,H014,WH INFORMA JABABEKA
R110260209H031_H014,WINGBOX,4300000,0,0,0,0,0,4300000,H014 - WH INFORMA JABABEKA,PT.SIASAT CEPAT MUDA,7,ON SCHEDULE,29,0,11.03.2026,09.02.2026,11.02.2026,11.02.2026,12.02.2026,19.02.2026,24.02.2026,,H014,WH INFORMA JABABEKA
R110260209H034_H014,CONT-20,11300000,0,0,0,0,0,11300000,H014 - WH INFORMA JABABEKA,PT. SENTOSAPRIMA ABADI,7,ON SCHEDULE,42,0,27.03.2026,12.02.2026,01.03.2026,16.04.2026,17.04.2026,23.04.2026,23.04.2026,,H014,WH INFORMA JABABEKA
R110260209H036_H014,CDD LONG CHASSIS,1400000,0,0,0,0,0,1400000,H014 - WH INFORMA JABABEKA,PT. BINTANG SAMUDRA RAYA,7,ON SCHEDULE,27,0,09.03.2026,09.02.2026,10.02.2026,13.02.2026,13.02.2026,19.02.2026,20.02.2026,,H014,WH INFORMA JABABEKA
R110260209H038_H014,WINGBOX,11500000,0,0,0,0,0,11500000,H014 - WH INFORMA JABABEKA,PT. BINTANG SAMUDRA RAYA,7,ON SCHEDULE,29,0,12.03.2026,10.02.2026,13.02.2026,19.02.2026,19.02.2026,20.02.2026,20.02.2026,,H014,WH INFORMA JABABEKA
R110260209H046_H014,CDD LONG CHASSIS,4900000,0,0,0,0,0,4900000,H014 - WH INFORMA JABABEKA,PT.ORANG KREATIF EKSIS,7,ON SCHEDULE,28,0,10.03.2026,09.02.2026,10.02.2026,18.02.2026,18.02.2026,02.03.2026,02.03.2026,,H014,WH INFORMA JABABEKA
R110260209H049_H014,WINGBOX,2599000,0,0,0,0,0,2599000,H014 - WH INFORMA JABABEKA,PT. DUTA MEDIA MANDIRI,7,ON SCHEDULE,27,0,09.03.2026,09.02.2026,10.02.2026,11.02.2026,11.02.2026,13.02.2026,18.02.2026,,H014,WH INFORMA JABABEKA
R110260209H050_H014,WINGBOX,4500000,0,0,0,0,0,4500000,H014 - WH INFORMA JABABEKA,PT. CEHA LOGISTIK CEMERLANG,7,ON SCHEDULE,29,0,11.03.2026,09.02.2026,10.02.2026,10.02.2026,10.02.2026,12.02.2026,12.02.2026,,H014,WH INFORMA JABABEKA
R110260209H051_H014,WINGBOX,4500000,0,0,0,0,0,4500000,H014 - WH INFORMA JABABEKA,PT. CEHA LOGISTIK CEMERLANG,7,ON SCHEDULE,29,0,11.03.2026,09.02.2026,11.02.2026,11.02.2026,11.02.2026,12.02.2026,12.02.2026,,H014,WH INFORMA JABABEKA
R110260209H052_H014,BIG MAMA,19200000,0,0,0,0,0,19200000,H014 - WH INFORMA JABABEKA,PT. SATRIA PIRANTI PERKASA,7,ON SCHEDULE,30,0,12.03.2026,09.02.2026,14.02.2026,06.03.2026,06.03.2026,13.03.2026,13.03.2026,,H014,WH INFORMA JABABEKA
R110260209H053_H014,CDD LONG CHASSIS,2850000,0,0,0,0,0,2850000,H014 - WH INFORMA JABABEKA,PT. BINTANG SAMUDRA RAYA,7,ON SCHEDULE,28,0,10.03.2026,09.02.2026,10.02.2026,13.02.2026,13.02.2026,19.02.2026,20.02.2026,,H014,WH INFORMA JABABEKA
R110260209H062_H014,CDD LONG CHASSIS,1400000,0,0,0,0,0,1400000,H014 - WH INFORMA JABABEKA,PT. BINTANG SAMUDRA RAYA,7,ON SCHEDULE,27,0,09.03.2026,09.02.2026,10.02.2026,13.02.2026,13.02.2026,19.02.2026,20.02.2026,,H014,WH INFORMA JABABEKA
R110260209H063_H014,CDD LONG CHASSIS,1400000,0,0,0,0,0,1400000,H014 - WH INFORMA JABABEKA,PT. BINTANG SAMUDRA RAYA,7,ON SCHEDULE,27,0,09.03.2026,09.02.2026,10.02.2026,13.02.2026,13.02.2026,19.02.2026,20.02.2026,,H014,WH INFORMA JABABEKA
R110260209H064_H014,CDD LONG CHASSIS,4900000,0,0,0,0,0,4900000,H014 - WH INFORMA JABABEKA,PT.ORANG KREATIF EKSIS,7,ON SCHEDULE,28,0,10.03.2026,09.02.2026,10.02.2026,13.02.2026,13.02.2026,18.02.2026,18.02.2026,,H014,WH INFORMA JABABEKA
R110260209H065_H014,CDD LONG CHASSIS,4900000,0,0,0,0,0,4900000,H014 - WH INFORMA JABABEKA,PT.ORANG KREATIF EKSIS,7,ON SCHEDULE,28,0,10.03.2026,09.02.2026,10.02.2026,13.02.2026,13.02.2026,18.02.2026,18.02.2026,,H014,WH INFORMA JABABEKA
R110260209H066_H014,CDD LONG CHASSIS,2900000,0,0,0,0,0,2900000,H014 - WH INFORMA JABABEKA,PT. AGUNG MAKMUR JAYA,7,ON SCHEDULE,28,0,10.03.2026,09.02.2026,10.02.2026,13.02.2026,14.02.2026,19.02.2026,20.02.2026,,H014,WH INFORMA JABABEKA
R110260209H068_H014,WINGBOX,5175000,0,0,0,0,647500,5822500,H014 - WH INFORMA JABABEKA,PT.SIASAT CEPAT MUDA,7,ON SCHEDULE,29,0,12.03.2026,10.02.2026,12.02.2026,13.02.2026,13.02.2026,19.02.2026,24.02.2026,,H014,WH INFORMA JABABEKA
R110260209H068_H014,WINGBOX,5175000,0,0,0,0,647500,5822500,H014 - WH INFORMA JABABEKA,PT.SIASAT CEPAT MUDA,7,ON SCHEDULE,29,0,12.03.2026,10.02.2026,12.02.2026,13.02.2026,13.02.2026,19.02.2026,24.02.2026,,H014,WH INFORMA JABABEKA
R110260209H069_H014,WINGBOX,11500000,0,0,0,0,0,11500000,H014 - WH INFORMA JABABEKA,PT. BINTANG SAMUDRA RAYA,7,ON SCHEDULE,29,0,11.03.2026,09.02.2026,13.02.2026,25.02.2026,25.02.2026,25.02.2026,26.02.2026,,H014,WH INFORMA JABABEKA
R110260209H071_H014,WINGBOX,11500000,0,0,0,0,0,11500000,H014 - WH INFORMA JABABEKA,PT. BINTANG SAMUDRA RAYA,7,ON SCHEDULE,29,0,11.03.2026,09.02.2026,13.02.2026,25.02.2026,25.02.2026,27.03.2026,27.03.2026,,H014,WH INFORMA JABABEKA
R110260209H072_H014,WINGBOX,4825000,0,0,0,0,0,4825000,H014 - WH INFORMA JABABEKA,PT. CEHA LOGISTIK CEMERLANG,7,ON SCHEDULE,29,0,11.03.2026,09.02.2026,11.02.2026,11.02.2026,11.02.2026,12.02.2026,12.02.2026,,H014,WH INFORMA JABABEKA
R110260209L065_H014,CDD LONG CHASSIS,4700000,0,0,0,0,0,4700000,H014 - WH INFORMA JABABEKA,PT. BINTANG SAMUDRA RAYA,7,ON SCHEDULE,29,0,11.03.2026,09.02.2026,13.02.2026,13.02.2026,13.02.2026,19.02.2026,20.02.2026,,H014,WH INFORMA JABABEKA
R110260209L095_H014,WINGBOX,1998000,0,0,0,0,0,1998000,H014 - WH INFORMA JABABEKA,PT. ARDYA PRIMA INTERNUSA,7,ON SCHEDULE,27,0,10.03.2026,10.02.2026,10.02.2026,23.02.2026,23.02.2026,03.03.2026,06.03.2026,,H014,WH INFORMA JABABEKA
R110260209L096_H014,CDD LONG CHASSIS,3500000,0,0,0,0,0,3500000,H014 - WH INFORMA JABABEKA,PT. CEHA LOGISTIK CEMERLANG,7,ON SCHEDULE,28,0,11.03.2026,10.02.2026,12.02.2026,12.02.2026,12.02.2026,12.02.2026,12.02.2026,,H014,WH INFORMA JABABEKA
R110260209L097_H014,FUSO,4315000,0,0,0,0,0,4315000,H014 - WH INFORMA JABABEKA,PT. CEHA LOGISTIK CEMERLANG,7,ON SCHEDULE,29,0,12.03.2026,10.02.2026,12.02.2026,12.02.2026,12.02.2026,12.02.2026,12.02.2026,,H014,WH INFORMA JABABEKA
R110260209L098_H014,CDD LONG CHASSIS,4150000,0,0,0,400000,0,4550000,H014 - WH INFORMA JABABEKA,PT. BINTANG SAMUDRA RAYA,7,ON SCHEDULE,28,0,10.03.2026,09.02.2026,13.02.2026,24.02.2026,24.02.2026,24.02.2026,24.02.2026,,H014,WH INFORMA JABABEKA
R110260209T027_H014,WINGBOX,5600000,0,0,0,0,0,5600000,H014 - WH INFORMA JABABEKA,PT. BINTANG SAMUDRA RAYA,7,ON SCHEDULE,29,0,12.03.2026,10.02.2026,13.02.2026,13.02.2026,13.02.2026,19.02.2026,20.02.2026,,H014,WH INFORMA JABABEKA
R110260209T028_H014,WINGBOX,20000000,0,0,0,0,0,20000000,H014 - WH INFORMA JABABEKA,PT.ORANG KREATIF EKSIS,7,ON SCHEDULE,37,0,20.03.2026,10.02.2026,15.02.2026,23.02.2026,23.02.2026,02.03.2026,02.03.2026,,H014,WH INFORMA JABABEKA
R110260209T033_H014,CONT-40,27000000,0,0,0,0,0,27000000,H014 - WH INFORMA JABABEKA,PT. PAUS BIRU LOGISTIK,7,ON SCHEDULE,42,0,27.03.2026,12.02.2026,26.02.2026,17.04.2026,19.04.2026,20.04.2026,28.04.2026,,H014,WH INFORMA JABABEKA
R110260209T034_H014,WINGBOX,6200000,0,0,0,0,0,6200000,H014 - WH INFORMA JABABEKA,PT. SATRIA PIRANTI PERKASA,7,ON SCHEDULE,29,0,12.03.2026,10.02.2026,13.02.2026,06.03.2026,06.03.2026,31.03.2026,31.03.2026,,H014,WH INFORMA JABABEKA
R110260209T035_H014,CONT-40,8750000,0,0,0,0,0,8750000,H014 - WH INFORMA JABABEKA,PT. CIKARANG GERBANG SOLUSI,7,ON SCHEDULE,29,0,12.03.2026,10.02.2026,19.02.2026,17.04.2026,17.04.2026,17.04.2026,17.04.2026,,H014,WH INFORMA JABABEKA
R110260209T036_H014,CONT-40,8750000,0,0,0,0,0,8750000,H014 - WH INFORMA JABABEKA,PT. CIKARANG GERBANG SOLUSI,7,ON SCHEDULE,29,0,12.03.2026,10.02.2026,19.02.2026,17.04.2026,17.04.2026,17.04.2026,17.04.2026,,H014,WH INFORMA JABABEKA
R110260209T037_H014,CONT-40,8750000,0,0,0,0,0,8750000,H014 - WH INFORMA JABABEKA,PT. CIKARANG GERBANG SOLUSI,7,ON SCHEDULE,29,0,12.03.2026,10.02.2026,19.02.2026,17.04.2026,17.04.2026,17.04.2026,17.04.2026,,H014,WH INFORMA JABABEKA
R110260209T038_H014,CONT-40,8750000,0,0,0,0,0,8750000,H014 - WH INFORMA JABABEKA,PT. CIKARANG GERBANG SOLUSI,7,ON SCHEDULE,29,0,12.03.2026,10.02.2026,19.02.2026,17.04.2026,17.04.2026,17.04.2026,17.04.2026,,H014,WH INFORMA JABABEKA
R110260209T040_H014,CONT-40,8750000,0,0,0,0,0,8750000,H014 - WH INFORMA JABABEKA,PT. CIKARANG GERBANG SOLUSI,7,ON SCHEDULE,29,0,12.03.2026,10.02.2026,20.02.2026,17.04.2026,17.04.2026,17.04.2026,17.04.2026,,H014,WH INFORMA JABABEKA
R110260209T041_H014,WINGBOX,6600000,0,0,0,0,0,6600000,H014 - WH INFORMA JABABEKA,PT. CATUR GLOBAL LOGISTIK,7,ON SCHEDULE,29,0,13.03.2026,11.02.2026,15.02.2026,25.02.2026,25.02.2026,26.02.2026,26.02.2026,,H014,WH INFORMA JABABEKA
R110260209T042_H014,WINGBOX,6600000,0,0,0,0,0,6600000,H014 - WH INFORMA JABABEKA,PT. CATUR GLOBAL LOGISTIK,7,ON SCHEDULE,29,0,13.03.2026,11.02.2026,15.02.2026,27.02.2026,27.02.2026,27.02.2026,27.02.2026,,H014,WH INFORMA JABABEKA
R110260209T043_H014,CONT-40,8750000,0,0,0,0,0,8750000,H014 - WH INFORMA JABABEKA,PT. CIKARANG GERBANG SOLUSI,7,ON SCHEDULE,29,0,14.03.2026,12.02.2026,26.02.2026,17.04.2026,17.04.2026,17.04.2026,17.04.2026,,H014,WH INFORMA JABABEKA
R110260209T045_H014,CONT-40,18200000,0,0,0,0,0,18200000,H014 - WH INFORMA JABABEKA,PT. SENTOSAPRIMA ABADI,7,ON SCHEDULE,40,0,23.03.2026,10.02.2026,26.02.2026,16.04.2026,17.04.2026,21.04.2026,21.04.2026,,H014,WH INFORMA JABABEKA
R110260210H024_H014,FUSO,19550000,0,0,0,0,0,19550000,H014 - WH INFORMA JABABEKA,PT. DUTA LINTAS NUSA,7,ON SCHEDULE,31,0,16.03.2026,12.02.2026,21.02.2026,11.03.2026,12.03.2026,25.03.2026,27.03.2026,,H014,WH INFORMA JABABEKA
R110260210H026_H014,WINGBOX,1998000,0,0,0,0,0,1998000,H014 - WH INFORMA JABABEKA,PT. ARDYA PRIMA INTERNUSA,7,ON SCHEDULE,27,0,10.03.2026,10.02.2026,13.02.2026,23.02.2026,23.02.2026,03.03.2026,06.03.2026,,H014,WH INFORMA JABABEKA
R110260210H028_H014,WINGBOX,3500000,0,0,0,0,0,3500000,H014 - WH INFORMA JABABEKA,PT. BINTANG SAMUDRA RAYA,7,ON SCHEDULE,29,0,12.03.2026,10.02.2026,13.02.2026,13.02.2026,13.02.2026,20.02.2026,20.02.2026,,H014,WH INFORMA JABABEKA
R110260210H029_H014,CDD LONG CHASSIS,2350000,0,0,0,0,0,2350000,H014 - WH INFORMA JABABEKA,PT. BINTANG SAMUDRA RAYA,7,ON SCHEDULE,29,0,12.03.2026,10.02.2026,13.02.2026,13.02.2026,13.02.2026,20.02.2026,20.02.2026,,H014,WH INFORMA JABABEKA
R110260210H030_H014,WINGBOX,4300000,0,0,0,0,0,4300000,H014 - WH INFORMA JABABEKA,PT.SIASAT CEPAT MUDA,7,ON SCHEDULE,29,0,12.03.2026,10.02.2026,13.02.2026,13.02.2026,13.02.2026,19.02.2026,24.02.2026,,H014,WH INFORMA JABABEKA
R110260210H031_H014,WINGBOX,4300000,0,0,0,0,0,4300000,H014 - WH INFORMA JABABEKA,PT.SIASAT CEPAT MUDA,7,ON SCHEDULE,29,0,12.03.2026,10.02.2026,13.02.2026,13.02.2026,13.02.2026,19.02.2026,24.02.2026,,H014,WH INFORMA JABABEKA
R110260210H032_H014,WINGBOX,17000000,0,0,0,0,0,17000000,H014 - WH INFORMA JABABEKA,PT. BINTANG SAMUDRA RAYA,7,ON SCHEDULE,33,0,18.03.2026,12.02.2026,16.02.2026,19.02.2026,19.02.2026,20.02.2026,20.02.2026,,H014,WH INFORMA JABABEKA
R110260210H033_H014,WINGBOX,11500000,0,0,0,0,0,11500000,H014 - WH INFORMA JABABEKA,PT. BINTANG SAMUDRA RAYA,7,ON SCHEDULE,29,0,13.03.2026,11.02.2026,15.02.2026,19.02.2026,19.02.2026,04.03.2026,05.03.2026,,H014,WH INFORMA JABABEKA
R110260210H034_H014,WINGBOX,15000000,0,0,0,0,0,15000000,H014 - WH INFORMA JABABEKA,PT. BINTANG SAMUDRA RAYA,7,ON SCHEDULE,30,0,13.03.2026,10.02.2026,14.02.2026,24.02.2026,24.02.2026,25.02.2026,26.02.2026,,H014,WH INFORMA JABABEKA
R110260210H036_H014,CDD LONG CHASSIS,2250000,0,0,0,0,0,2250000,H014 - WH INFORMA JABABEKA,PT. BINTANG SAMUDRA RAYA,7,ON SCHEDULE,27,0,10.03.2026,10.02.2026,12.02.2026,13.02.2026,13.02.2026,20.02.2026,20.02.2026,,H014,WH INFORMA JABABEKA
R110260210H049_H014,WINGBOX,4825000,0,0,0,0,0,4825000,H014 - WH INFORMA JABABEKA,PT. CEHA LOGISTIK CEMERLANG,7,ON SCHEDULE,29,0,12.03.2026,10.02.2026,12.02.2026,12.02.2026,13.02.2026,19.02.2026,20.02.2026,,H014,WH INFORMA JABABEKA
R110260210H050_H014,WINGBOX,1998000,0,0,0,0,0,1998000,H014 - WH INFORMA JABABEKA,PT. ARDYA PRIMA INTERNUSA,7,ON SCHEDULE,27,0,10.03.2026,10.02.2026,13.02.2026,23.02.2026,23.02.2026,03.03.2026,06.03.2026,,H014,WH INFORMA JABABEKA
R110260210H051_H014,CDD LONG CHASSIS,1400000,0,0,0,0,0,1400000,H014 - WH INFORMA JABABEKA,PT. ARDYA PRIMA INTERNUSA,7,ON SCHEDULE,27,0,10.03.2026,10.02.2026,13.02.2026,23.02.2026,23.02.2026,03.03.2026,06.03.2026,,H014,WH INFORMA JABABEKA
R110260210H053_H014,WINGBOX,2599000,0,0,0,0,0,2599000,H014 - WH INFORMA JABABEKA,PT. DUTA MEDIA MANDIRI,7,ON SCHEDULE,27,0,10.03.2026,10.02.2026,11.02.2026,11.02.2026,11.02.2026,13.02.2026,18.02.2026,,H014,WH INFORMA JABABEKA
R110260210H054_H014,CDD LONG CHASSIS,1600000,0,0,0,0,0,1600000,H014 - WH INFORMA JABABEKA,PT. SATRIA PIRANTI PERKASA,7,ON SCHEDULE,27,0,10.03.2026,10.02.2026,13.02.2026,02.03.2026,02.03.2026,09.03.2026,09.03.2026,,H014,WH INFORMA JABABEKA
R110260210H058_H014,CDD LONG CHASSIS,5800000,0,0,0,0,0,5800000,H014 - WH INFORMA JABABEKA,PT. AGUNG MAKMUR JAYA,7,ON SCHEDULE,28,0,11.03.2026,10.02.2026,13.02.2026,13.02.2026,14.02.2026,19.02.2026,20.02.2026,,H014,WH INFORMA JABABEKA
R110260210H059_H014,WINGBOX,15000000,0,0,0,0,0,15000000,H014 - WH INFORMA JABABEKA,PT. BINTANG SAMUDRA RAYA,7,ON SCHEDULE,30,0,14.03.2026,11.02.2026,15.02.2026,25.02.2026,25.02.2026,04.03.2026,05.03.2026,,H014,WH INFORMA JABABEKA
R110260210H060_H014,CDD LONG CHASSIS,2200000,0,0,0,0,0,2200000,H014 - WH INFORMA JABABEKA,PT. AGUNG MAKMUR JAYA,7,ON SCHEDULE,27,0,10.03.2026,10.02.2026,13.02.2026,13.02.2026,14.02.2026,19.02.2026,20.02.2026,,H014,WH INFORMA JABABEKA
R110260210H068_H014,WINGBOX,1998000,0,0,0,0,0,1998000,H014 - WH INFORMA JABABEKA,PT. ARDYA PRIMA INTERNUSA,7,ON SCHEDULE,27,0,10.03.2026,10.02.2026,13.02.2026,23.02.2026,23.02.2026,03.03.2026,06.03.2026,,H014,WH INFORMA JABABEKA
R110260210H071_H014,WINGBOX,4825000,0,0,0,0,0,4825000,H014 - WH INFORMA JABABEKA,PT. CEHA LOGISTIK CEMERLANG,7,ON SCHEDULE,29,0,12.03.2026,10.02.2026,13.02.2026,13.02.2026,13.02.2026,19.02.2026,20.02.2026,,H014,WH INFORMA JABABEKA
R110260210H072_H014,CDD LONG CHASSIS,3325000,0,0,0,0,0,3325000,H014 - WH INFORMA JABABEKA,PT. JEJE HARAPAN TRANSINDO,7,ON SCHEDULE,29,0,12.03.2026,10.02.2026,12.02.2026,19.02.2026,20.02.2026,27.02.2026,27.02.2026,,H014,WH INFORMA JABABEKA
R110260210H074_H014,CDD LONG CHASSIS,1425000,0,0,0,0,0,1425000,H014 - WH INFORMA JABABEKA,PT. DUTA MEDIA MANDIRI,7,ON SCHEDULE,27,0,10.03.2026,10.02.2026,13.02.2026,13.02.2026,13.02.2026,19.02.2026,20.02.2026,,H014,WH INFORMA JABABEKA
R110260210H081_H014,CDD LONG CHASSIS,2350000,0,0,0,0,0,2350000,H014 - WH INFORMA JABABEKA,PT. BINTANG SAMUDRA RAYA,7,ON SCHEDULE,29,0,12.03.2026,10.02.2026,13.02.2026,13.02.2026,13.02.2026,20.02.2026,20.02.2026,,H014,WH INFORMA JABABEKA
R110260210H082_H014,CDD LONG CHASSIS,2850000,0,0,0,0,0,2850000,H014 - WH INFORMA JABABEKA,PT. BINTANG SAMUDRA RAYA,7,ON SCHEDULE,28,0,11.03.2026,10.02.2026,13.02.2026,19.02.2026,19.02.2026,20.02.2026,20.02.2026,,H014,WH INFORMA JABABEKA
R110260210H083_H014,CDD LONG CHASSIS,5800000,0,0,0,0,0,5800000,H014 - WH INFORMA JABABEKA,PT. AGUNG MAKMUR JAYA,7,ON SCHEDULE,28,0,12.03.2026,11.02.2026,13.02.2026,13.02.2026,14.02.2026,19.02.2026,20.02.2026,,H014,WH INFORMA JABABEKA
R110260210H084_H014,CDD LONG,5800000,0,0,0,0,0,5800000,H014 - WH INFORMA JABABEKA,PT. AGUNG MAKMUR JAYA,7,ON SCHEDULE,28,0,12.03.2026,11.02.2026,13.02.2026,18.02.2026,19.02.2026,19.02.2026,20.02.2026,,H014,WH INFORMA JABABEKA
R110260210L078_H014,CDD LONG CHASSIS,8855000,0,0,0,500000,0,9355000,H014 - WH INFORMA JABABEKA,PT.ORANG KREATIF EKSIS,7,ON SCHEDULE,29,0,12.03.2026,10.02.2026,14.02.2026,20.02.2026,22.02.2026,02.03.2026,02.03.2026,,H014,WH INFORMA JABABEKA
R110260210L081_H014,CDD LONG CHASSIS,7500000,0,0,0,0,0,7500000,H014 - WH INFORMA JABABEKA,PT.ORANG KREATIF EKSIS,7,ON SCHEDULE,30,0,13.03.2026,10.02.2026,13.02.2026,20.02.2026,20.02.2026,02.03.2026,02.03.2026,,H014,WH INFORMA JABABEKA
R110260210L087_H014,CDD LONG CHASSIS,1400000,0,0,0,200000,0,1600000,H014 - WH INFORMA JABABEKA,PT. BINTANG SAMUDRA RAYA,7,ON SCHEDULE,27,0,10.03.2026,10.02.2026,12.02.2026,24.02.2026,24.02.2026,24.02.2026,24.02.2026,,H014,WH INFORMA JABABEKA
R110260210L090_H014,WINGBOX,4150000,0,0,0,0,0,4150000,H014 - WH INFORMA JABABEKA,PT. CEHA LOGISTIK CEMERLANG,7,ON SCHEDULE,27,0,10.03.2026,10.02.2026,13.02.2026,26.02.2026,26.02.2026,09.03.2026,09.03.2026,,H014,WH INFORMA JABABEKA
R110260210L091_H014,CDD LONG CHASSIS,9300000,0,0,0,0,0,9300000,H014 - WH INFORMA JABABEKA,PT. AGUNG MAKMUR JAYA,7,ON SCHEDULE,31,0,15.03.2026,11.02.2026,14.02.2026,18.02.2026,18.02.2026,19.02.2026,20.02.2026,,H014,WH INFORMA JABABEKA
R110260210T029_H014,CONT-20,9100000,0,0,300000,0,0,9400000,H014 - WH INFORMA JABABEKA,PT. SENTOSAPRIMA ABADI,7,ON SCHEDULE,42,0,27.03.2026,12.02.2026,24.02.2026,16.04.2026,17.04.2026,21.04.2026,21.04.2026,,H014,WH INFORMA JABABEKA
R110260210T033_H014,CONT-40,8750000,0,0,0,0,0,8750000,H014 - WH INFORMA JABABEKA,PT. CIKARANG GERBANG SOLUSI,7,ON SCHEDULE,29,0,14.03.2026,12.02.2026,19.02.2026,17.04.2026,17.04.2026,17.04.2026,17.04.2026,,H014,WH INFORMA JABABEKA
R110260210T034_H014,WINGBOX,5650000,0,0,0,0,0,5650000,H014 - WH INFORMA JABABEKA,PT. DUTA MEDIA MANDIRI,7,ON SCHEDULE,29,0,13.03.2026,11.02.2026,14.02.2026,19.02.2026,19.02.2026,24.02.2026,25.02.2026,,H014,WH INFORMA JABABEKA
R110260210T035_H014,CONT-40,8750000,0,0,0,0,0,8750000,H014 - WH INFORMA JABABEKA,PT. CIKARANG GERBANG SOLUSI,7,ON SCHEDULE,29,0,13.03.2026,11.02.2026,21.02.2026,17.04.2026,17.04.2026,17.04.2026,17.04.2026,,H014,WH INFORMA JABABEKA
R110260210T036_H014,CONT-40,8750000,0,0,0,0,0,8750000,H014 - WH INFORMA JABABEKA,PT. CIKARANG GERBANG SOLUSI,7,ON SCHEDULE,29,0,13.03.2026,11.02.2026,21.02.2026,17.04.2026,17.04.2026,17.04.2026,17.04.2026,,H014,WH INFORMA JABABEKA
R110260210T037_H014,CONT-40,8750000,0,0,0,0,0,8750000,H014 - WH INFORMA JABABEKA,PT. CIKARANG GERBANG SOLUSI,7,ON SCHEDULE,29,0,13.03.2026,11.02.2026,21.02.2026,17.04.2026,17.04.2026,17.04.2026,17.04.2026,,H014,WH INFORMA JABABEKA
R110260210T038_H014,WINGBOX,6000000,0,0,0,0,0,6000000,H014 - WH INFORMA JABABEKA,PT.AMANAH TRANSMULIA MANDIRI LOGISTIK,7,ON SCHEDULE,29,0,13.03.2026,11.02.2026,14.02.2026,18.02.2026,18.02.2026,23.02.2026,24.02.2026,,H014,WH INFORMA JABABEKA
R110260210T039_H014,WINGBOX,5650000,0,0,0,0,0,5650000,H014 - WH INFORMA JABABEKA,PT. DUTA MEDIA MANDIRI,7,ON SCHEDULE,29,0,12.03.2026,10.02.2026,13.02.2026,13.02.2026,13.02.2026,19.02.2026,20.02.2026,,H014,WH INFORMA JABABEKA
R110260210T040_H014,WINGBOX,5650000,0,0,0,0,0,5650000,H014 - WH INFORMA JABABEKA,PT. DUTA MEDIA MANDIRI,7,ON SCHEDULE,29,0,12.03.2026,10.02.2026,13.02.2026,13.02.2026,13.02.2026,19.02.2026,20.02.2026,,H014,WH INFORMA JABABEKA
R110260210T041_H014,CONT-40,13500000,0,0,1500000,0,0,15000000,H014 - WH INFORMA JABABEKA,PT. HAKKA HYDRO TIRTA,7,ON SCHEDULE,46,0,30.03.2026,11.02.2026,26.02.2026,19.05.2026,20.05.2026,09.06.2026,09.06.2026,,H014,WH INFORMA JABABEKA
R110260210T042_H014,CONT-40,13500000,0,0,1500000,0,0,15000000,H014 - WH INFORMA JABABEKA,PT. HAKKA HYDRO TIRTA,7,ON SCHEDULE,46,0,30.03.2026,11.02.2026,26.02.2026,09.06.2026,09.06.2026,09.06.2026,17.06.2026,,H014,WH INFORMA JABABEKA
R110260210T043_H014,CONT-40,13800000,0,0,0,0,0,13800000,H014 - WH INFORMA JABABEKA,PT. SENTOSAPRIMA ABADI,7,ON SCHEDULE,40,0,23.03.2026,10.02.2026,19.02.2026,01.04.2026,01.04.2026,07.04.2026,07.04.2026,,H014,WH INFORMA JABABEKA
R110260210T044_H014,CONT-40,18200000,0,0,0,0,0,18200000,H014 - WH INFORMA JABABEKA,PT. SENTOSAPRIMA ABADI,7,ON SCHEDULE,40,0,24.03.2026,11.02.2026,26.02.2026,16.04.2026,17.04.2026,21.04.2026,21.04.2026,,H014,WH INFORMA JABABEKA
R110260210T046_H014,CONT-20,9100000,0,0,300000,0,0,9400000,H014 - WH INFORMA JABABEKA,PT. SENTOSAPRIMA ABADI,7,ON SCHEDULE,42,0,26.03.2026,11.02.2026,24.02.2026,16.04.2026,17.04.2026,21.04.2026,21.04.2026,,H014,WH INFORMA JABABEKA
R110260210T047_H014,CONT-40,27000000,0,0,0,0,0,27000000,H014 - WH INFORMA JABABEKA,PT. PAUS BIRU LOGISTIK,7,ON SCHEDULE,42,0,28.03.2026,13.02.2026,26.02.2026,17.04.2026,19.04.2026,20.04.2026,28.04.2026,,H014,WH INFORMA JABABEKA
R110260210T049_H014,,13800000,0,0,0,0,0,13800000,H014 - WH INFORMA JABABEKA,PT. SENTOSAPRIMA ABADI,7,ON SCHEDULE,40,0,24.03.2026,11.02.2026,19.02.2026,08.04.2026,08.04.2026,13.04.2026,13.04.2026,,H014,WH INFORMA JABABEKA
R110260210T050_H014,,13800000,0,0,0,0,0,13800000,H014 - WH INFORMA JABABEKA,PT. SENTOSAPRIMA ABADI,7,ON SCHEDULE,40,0,24.03.2026,11.02.2026,19.02.2026,01.04.2026,01.04.2026,07.04.2026,07.04.2026,,H014,WH INFORMA JABABEKA
R110260210T051_H014,WINGBOX,6000000,0,0,0,0,0,6000000,H014 - WH INFORMA JABABEKA,PT.AMANAH TRANSMULIA MANDIRI LOGISTIK,7,ON SCHEDULE,29,0,13.03.2026,11.02.2026,14.02.2026,18.02.2026,18.02.2026,23.02.2026,24.02.2026,,H014,WH INFORMA JABABEKA
R110260210T052_H014,WINGBOX,6600000,0,0,0,0,0,6600000,H014 - WH INFORMA JABABEKA,PT. JAYA MULYA ERALINDO,7,ON SCHEDULE,29,0,12.03.2026,10.02.2026,13.02.2026,20.02.2026,20.02.2026,20.02.2026,20.02.2026,,H014,WH INFORMA JABABEKA
R110260210T053_H014,WINGBOX,7000000,0,0,0,0,0,7000000,H014 - WH INFORMA JABABEKA,PT. DUNIA EXPRESS TRANSINDO,7,ON SCHEDULE,29,0,13.03.2026,11.02.2026,14.02.2026,02.03.2026,02.03.2026,11.03.2026,12.03.2026,,H014,WH INFORMA JABABEKA
R110260210T058_H014,WINGBOX,7000000,0,0,0,0,0,7000000,H014 - WH INFORMA JABABEKA,PT. DUNIA EXPRESS TRANSINDO,7,ON SCHEDULE,29,0,13.03.2026,11.02.2026,14.02.2026,02.03.2026,02.03.2026,11.03.2026,12.03.2026,,H014,WH INFORMA JABABEKA
R110260210T060_H014,CONT-40,27000000,0,0,0,0,0,27000000,H014 - WH INFORMA JABABEKA,PT. PAUS BIRU LOGISTIK,7,ON SCHEDULE,42,0,27.03.2026,12.02.2026,26.02.2026,17.04.2026,19.04.2026,20.04.2026,28.04.2026,,H014,WH INFORMA JABABEKA
R110260210T061_H014,WINGBOX,6700000,0,0,0,0,0,6700000,H014 - WH INFORMA JABABEKA,PT.DHANESWARA EXPRES,7,ON SCHEDULE,29,0,12.03.2026,10.02.2026,13.02.2026,23.02.2026,23.02.2026,03.03.2026,03.03.2026,,H014,WH INFORMA JABABEKA
R110260210T071_H014,CONT-40,26000000,0,0,2500000,0,0,28500000,H014 - WH INFORMA JABABEKA,PT. PAUS BIRU LOGISTIK,7,ON SCHEDULE,40,0,25.03.2026,12.02.2026,22.02.2026,15.04.2026,19.04.2026,23.04.2026,24.04.2026,,H014,WH INFORMA JABABEKA
R110260211H036_H014,CDD LONG CHASSIS,4900000,0,0,0,0,0,4900000,H014 - WH INFORMA JABABEKA,PT.ORANG KREATIF EKSIS,7,ON SCHEDULE,28,0,12.03.2026,11.02.2026,13.02.2026,20.02.2026,20.02.2026,02.03.2026,02.03.2026,,H014,WH INFORMA JABABEKA
R110260211H038_H014,WINGBOX,4825000,0,0,0,0,0,4825000,H014 - WH INFORMA JABABEKA,PT. CEHA LOGISTIK CEMERLANG,7,ON SCHEDULE,29,0,13.03.2026,11.02.2026,13.02.2026,13.02.2026,13.02.2026,19.02.2026,20.02.2026,,H014,WH INFORMA JABABEKA
R110260211H039_H014,WINGBOX,11500000,0,0,0,0,0,11500000,H014 - WH INFORMA JABABEKA,PT. BINTANG SAMUDRA RAYA,7,ON SCHEDULE,29,0,14.03.2026,12.02.2026,16.02.2026,19.02.2026,19.02.2026,20.02.2026,20.02.2026,,H014,WH INFORMA JABABEKA
R110260211H040_H014,CDD LONG CHASSIS,2850000,0,0,0,0,0,2850000,H014 - WH INFORMA JABABEKA,PT. BINTANG SAMUDRA RAYA,7,ON SCHEDULE,28,0,12.03.2026,11.02.2026,13.02.2026,19.02.2026,19.02.2026,20.02.2026,20.02.2026,,H014,WH INFORMA JABABEKA
R110260211H041_H014,CDD LONG CHASSIS,2850000,0,0,0,0,0,2850000,H014 - WH INFORMA JABABEKA,PT. BINTANG SAMUDRA RAYA,7,ON SCHEDULE,28,0,12.03.2026,11.02.2026,13.02.2026,19.02.2026,19.02.2026,20.02.2026,20.02.2026,,H014,WH INFORMA JABABEKA
R110260211H042_H014,WINGBOX,1998000,0,0,0,0,0,1998000,H014 - WH INFORMA JABABEKA,PT. ARDYA PRIMA INTERNUSA,7,ON SCHEDULE,27,0,11.03.2026,11.02.2026,12.02.2026,23.02.2026,23.02.2026,03.03.2026,06.03.2026,,H014,WH INFORMA JABABEKA
R110260211H044_H014,CDD LONG CHASSIS,1400000,0,0,0,0,0,1400000,H014 - WH INFORMA JABABEKA,PT. ARDYA PRIMA INTERNUSA,7,ON SCHEDULE,27,0,11.03.2026,11.02.2026,12.02.2026,23.02.2026,23.02.2026,03.03.2026,06.03.2026,,H014,WH INFORMA JABABEKA
R110260211H045_H014,CDD LONG CHASSIS,2850000,0,0,0,0,0,2850000,H014 - WH INFORMA JABABEKA,PT. BINTANG SAMUDRA RAYA,7,ON SCHEDULE,28,0,12.03.2026,11.02.2026,13.02.2026,20.02.2026,20.02.2026,20.02.2026,20.02.2026,,H014,WH INFORMA JABABEKA
R110260211H052_H014,CDD LONG CHASSIS,7500000,0,0,0,0,0,7500000,H014 - WH INFORMA JABABEKA,PT.ORANG KREATIF EKSIS,7,ON SCHEDULE,29,0,13.03.2026,11.02.2026,14.02.2026,20.02.2026,21.02.2026,02.03.2026,02.03.2026,,H014,WH INFORMA JABABEKA
R110260211H053_H014,CDD LONG CHASSIS,3500000,0,0,0,0,0,3500000,H014 - WH INFORMA JABABEKA,PT. AGUNG MAKMUR JAYA,7,ON SCHEDULE,29,0,13.03.2026,11.02.2026,13.02.2026,13.02.2026,14.02.2026,19.02.2026,20.02.2026,,H014,WH INFORMA JABABEKA
R110260211H054_H014,CDD LONG CHASSIS,7400000,0,0,0,0,0,7400000,H014 - WH INFORMA JABABEKA,PT. BINTANG SAMUDRA RAYA,7,ON SCHEDULE,29,0,13.03.2026,11.02.2026,15.02.2026,23.02.2026,23.02.2026,25.02.2026,26.02.2026,,H014,WH INFORMA JABABEKA
R110260211L084_H014,CDD LONG CHASSIS,4900000,0,0,0,0,0,4900000,H014 - WH INFORMA JABABEKA,PT.ORANG KREATIF EKSIS,7,ON SCHEDULE,28,0,12.03.2026,11.02.2026,13.02.2026,20.02.2026,20.02.2026,02.03.2026,02.03.2026,,H014,WH INFORMA JABABEKA
R110260211L085_H014,CDD LONG CHASSIS,4900000,0,0,0,0,0,4900000,H014 - WH INFORMA JABABEKA,PT.ORANG KREATIF EKSIS,7,ON SCHEDULE,28,0,13.03.2026,12.02.2026,13.02.2026,26.02.2026,26.02.2026,02.03.2026,04.03.2026,,H014,WH INFORMA JABABEKA
R110260211L086_H014,WINGBOX,4150000,0,0,0,0,0,4150000,H014 - WH INFORMA JABABEKA,PT. CEHA LOGISTIK CEMERLANG,7,ON SCHEDULE,27,0,12.03.2026,12.02.2026,13.02.2026,26.02.2026,26.02.2026,09.03.2026,09.03.2026,,H014,WH INFORMA JABABEKA
R110260211L089_H014,WINGBOX,9300000,0,0,400000,0,1548000,11248000,H014 - WH INFORMA JABABEKA,PT.DHANESWARA EXPRES,7,ON SCHEDULE,26,0,12.03.2026,13.02.2026,14.02.2026,23.02.2026,23.02.2026,03.03.2026,03.03.2026,,H014,WH INFORMA JABABEKA
R110260211L108_H014,WINGBOX,4150000,0,0,0,0,0,4150000,H014 - WH INFORMA JABABEKA,PT. CEHA LOGISTIK CEMERLANG,7,ON SCHEDULE,27,0,11.03.2026,11.02.2026,13.02.2026,26.02.2026,26.02.2026,09.03.2026,09.03.2026,,H014,WH INFORMA JABABEKA
R110260211T026_H014,CONT-40,13200000,0,0,1500000,0,0,14700000,H014 - WH INFORMA JABABEKA,PT. TPIL LOGISTICS,7,ON SCHEDULE,46,0,31.03.2026,12.02.2026,03.03.2026,22.05.2026,22.05.2026,25.05.2026,12.06.2026,,H014,WH INFORMA JABABEKA
R110260211T028_H014,CONT-40,13200000,0,0,1500000,0,0,14700000,H014 - WH INFORMA JABABEKA,PT. TPIL LOGISTICS,7,ON SCHEDULE,46,0,31.03.2026,12.02.2026,03.03.2026,22.05.2026,22.05.2026,25.05.2026,12.06.2026,,H014,WH INFORMA JABABEKA
R110260211T029_H014,CONT-40,13850000,0,0,1500000,0,0,15350000,H014 - WH INFORMA JABABEKA,PT. SENTOSAPRIMA ABADI,7,ON SCHEDULE,46,0,30.03.2026,11.02.2026,22.02.2026,27.04.2026,28.04.2026,29.04.2026,29.04.2026,,H014,WH INFORMA JABABEKA
R110260211T030_H014,WINGBOX,19000000,0,0,0,0,0,19000000,H014 - WH INFORMA JABABEKA,PT. BINTANG SAMUDRA RAYA,7,ON SCHEDULE,37,0,23.03.2026,13.02.2026,20.02.2026,24.02.2026,24.02.2026,25.02.2026,26.02.2026,,H014,WH INFORMA JABABEKA
R110260211T031_H014,CONT-20,10500000,0,0,400000,0,0,10900000,H014 - WH INFORMA JABABEKA,PT. HAKKA HYDRO TIRTA,7,ON SCHEDULE,40,0,24.03.2026,11.02.2026,26.02.2026,26.03.2026,31.03.2026,01.04.2026,01.04.2026,,H014,WH INFORMA JABABEKA
R110260211T032_H014,CONT-20,10800000,0,0,0,0,0,10800000,H014 - WH INFORMA JABABEKA,PT.BANGKA JAYA LINE,7,ON SCHEDULE,40,0,25.03.2026,12.02.2026,26.02.2026,10.03.2026,10.03.2026,13.03.2026,13.03.2026,,H014,WH INFORMA JABABEKA
R110260211T033_H014,WINGBOX,5650000,0,0,0,0,0,5650000,H014 - WH INFORMA JABABEKA,PT. DUTA MEDIA MANDIRI,7,ON SCHEDULE,29,0,14.03.2026,12.02.2026,15.02.2026,19.02.2026,19.02.2026,19.02.2026,20.02.2026,,H014,WH INFORMA JABABEKA
R110260211T036_H014,WINGBOX,6600000,0,0,0,0,0,6600000,H014 - WH INFORMA JABABEKA,PT. JAYA MULYA ERALINDO,7,ON SCHEDULE,29,0,13.03.2026,11.02.2026,14.02.2026,23.02.2026,23.02.2026,24.02.2026,24.02.2026,,H014,WH INFORMA JABABEKA
R110260211T038_H014,WINGBOX,6600000,0,0,0,0,0,6600000,H014 - WH INFORMA JABABEKA,PT. JAYA MULYA ERALINDO,7,ON SCHEDULE,29,0,13.03.2026,11.02.2026,14.02.2026,20.02.2026,20.02.2026,20.02.2026,20.02.2026,,H014,WH INFORMA JABABEKA
R110260211T042_H014,CONT-40,26000000,0,0,2500000,0,0,28500000,H014 - WH INFORMA JABABEKA,PT. PAUS BIRU LOGISTIK,7,ON SCHEDULE,40,0,25.03.2026,12.02.2026,22.02.2026,15.04.2026,19.04.2026,23.04.2026,24.04.2026,,H014,WH INFORMA JABABEKA
R110260211T051_H014,CONT-40,26000000,0,0,2500000,0,0,28500000,H014 - WH INFORMA JABABEKA,PT. PAUS BIRU LOGISTIK,7,ON SCHEDULE,40,0,25.03.2026,12.02.2026,22.02.2026,14.04.2026,19.04.2026,23.04.2026,24.04.2026,,H014,WH INFORMA JABABEKA
R110260212H031_H014,WINGBOX,4300000,0,0,0,0,0,4300000,H014 - WH INFORMA JABABEKA,PT.SIASAT CEPAT MUDA,7,ON SCHEDULE,29,0,14.03.2026,12.02.2026,14.02.2026,19.02.2026,19.02.2026,19.02.2026,20.02.2026,,H014,WH INFORMA JABABEKA
R110260212H038_H014,CDD LONG CHASSIS,4900000,0,0,0,0,0,4900000,H014 - WH INFORMA JABABEKA,PT.ORANG KREATIF EKSIS,7,ON SCHEDULE,28,0,13.03.2026,12.02.2026,14.02.2026,20.02.2026,20.02.2026,02.03.2026,02.03.2026,,H014,WH INFORMA JABABEKA
R110260212H040_H014,CDD LONG CHASSIS,2850000,0,0,0,0,0,2850000,H014 - WH INFORMA JABABEKA,PT. BINTANG SAMUDRA RAYA,7,ON SCHEDULE,28,0,14.03.2026,13.02.2026,15.02.2026,19.02.2026,19.02.2026,20.02.2026,20.02.2026,,H014,WH INFORMA JABABEKA
R110260212H045_H014,WINGBOX,4825000,0,0,0,0,0,4825000,H014 - WH INFORMA JABABEKA,PT. CEHA LOGISTIK CEMERLANG,7,ON SCHEDULE,29,0,14.03.2026,12.02.2026,14.02.2026,18.02.2026,18.02.2026,19.02.2026,20.02.2026,,H014,WH INFORMA JABABEKA
R110260212H047_H014,WINGBOX,11500000,0,0,0,0,0,11500000,H014 - WH INFORMA JABABEKA,PT. BINTANG SAMUDRA RAYA,7,ON SCHEDULE,29,0,15.03.2026,13.02.2026,17.02.2026,03.03.2026,03.03.2026,04.03.2026,05.03.2026,,H014,WH INFORMA JABABEKA
R110260212H048_H014,CONT-20,11300000,0,0,0,0,0,11300000,H014 - WH INFORMA JABABEKA,PT. SENTOSAPRIMA ABADI,7,ON SCHEDULE,42,0,28.03.2026,13.02.2026,27.02.2026,16.04.2026,17.04.2026,23.04.2026,23.04.2026,,H014,WH INFORMA JABABEKA
R110260212H050_H014,WINGBOX,1998000,0,0,0,0,0,1998000,H014 - WH INFORMA JABABEKA,PT. ARDYA PRIMA INTERNUSA,7,ON SCHEDULE,27,0,12.03.2026,12.02.2026,13.02.2026,23.02.2026,23.02.2026,03.03.2026,06.03.2026,,H014,WH INFORMA JABABEKA
R110260212H051_H014,WINGBOX,4825000,0,0,0,0,0,4825000,H014 - WH INFORMA JABABEKA,PT. CEHA LOGISTIK CEMERLANG,7,ON SCHEDULE,29,0,15.03.2026,13.02.2026,15.02.2026,18.02.2026,18.02.2026,19.02.2026,20.02.2026,,H014,WH INFORMA JABABEKA
R110260212H052_H014,WINGBOX,1998000,0,0,0,0,0,1998000,H014 - WH INFORMA JABABEKA,PT. ARDYA PRIMA INTERNUSA,7,ON SCHEDULE,27,0,12.03.2026,12.02.2026,13.02.2026,23.02.2026,23.02.2026,03.03.2026,06.03.2026,,H014,WH INFORMA JABABEKA
R110260212H053_H014,CDD LONG CHASSIS,5800000,0,0,0,0,0,5800000,H014 - WH INFORMA JABABEKA,PT. AGUNG MAKMUR JAYA,7,ON SCHEDULE,28,0,13.03.2026,12.02.2026,14.02.2026,18.02.2026,18.02.2026,19.02.2026,20.02.2026,,H014,WH INFORMA JABABEKA
R110260212H054_H014,CDD LONG CHASSIS,1400000,0,0,0,0,0,1400000,H014 - WH INFORMA JABABEKA,PT. ARDYA PRIMA INTERNUSA,7,ON SCHEDULE,27,0,12.03.2026,12.02.2026,13.02.2026,23.02.2026,23.02.2026,03.03.2026,06.03.2026,,H014,WH INFORMA JABABEKA
R110260212H055_H014,WINGBOX,4300000,0,0,0,0,0,4300000,H014 - WH INFORMA JABABEKA,PT.SIASAT CEPAT MUDA,7,ON SCHEDULE,29,0,14.03.2026,12.02.2026,14.02.2026,19.02.2026,19.02.2026,19.02.2026,20.02.2026,,H014,WH INFORMA JABABEKA
R110260212H056_H014,FUSO,3680000,0,0,0,0,0,3680000,H014 - WH INFORMA JABABEKA,PT.SIASAT CEPAT MUDA,7,ON SCHEDULE,29,0,14.03.2026,12.02.2026,14.02.2026,19.02.2026,19.02.2026,19.02.2026,20.02.2026,,H014,WH INFORMA JABABEKA
R110260212H057_H014,FUSO,19200000,0,0,0,0,0,19200000,H014 - WH INFORMA JABABEKA,PT. SATRIA PIRANTI PERKASA,7,ON SCHEDULE,30,0,15.03.2026,12.02.2026,18.02.2026,06.03.2026,06.03.2026,31.03.2026,31.03.2026,,H014,WH INFORMA JABABEKA
R110260212H059_H014,WINGBOX,4150000,0,0,0,0,0,4150000,H014 - WH INFORMA JABABEKA,PT. CEHA LOGISTIK CEMERLANG,7,ON SCHEDULE,29,0,14.03.2026,12.02.2026,14.02.2026,18.02.2026,18.02.2026,19.02.2026,20.02.2026,,H014,WH INFORMA JABABEKA
R110260212H069_H014,FUSO,19200000,0,0,0,0,0,19200000,H014 - WH INFORMA JABABEKA,PT. SATRIA PIRANTI PERKASA,7,ON SCHEDULE,30,0,15.03.2026,12.02.2026,18.02.2026,06.03.2026,06.03.2026,31.03.2026,31.03.2026,,H014,WH INFORMA JABABEKA
R110260212L037_H014,FUSO,4294000,0,0,0,0,0,4294000,H014 - WH INFORMA JABABEKA,PT. DUTA MEDIA MANDIRI,7,ON SCHEDULE,26,0,11.03.2026,12.02.2026,14.02.2026,24.02.2026,24.02.2026,24.02.2026,25.02.2026,,H014,WH INFORMA JABABEKA
R110260212L067_H014,CDD LONG CHASSIS,5800000,0,0,0,0,0,5800000,H014 - WH INFORMA JABABEKA,PT. AGUNG MAKMUR JAYA,7,ON SCHEDULE,28,0,14.03.2026,13.02.2026,16.02.2026,18.02.2026,18.02.2026,19.02.2026,20.02.2026,,H014,WH INFORMA JABABEKA
R110260212T035_H014,WINGBOX,6600000,0,0,0,0,0,6600000,H014 - WH INFORMA JABABEKA,PT. JAYA MULYA ERALINDO,7,ON SCHEDULE,29,0,15.03.2026,13.02.2026,16.02.2026,02.03.2026,02.03.2026,03.03.2026,03.03.2026,,H014,WH INFORMA JABABEKA
R110260212T037_H014,CONT-40,14200000,0,0,0,0,0,14200000,H014 - WH INFORMA JABABEKA,PT. SENTOSAPRIMA ABADI,7,ON SCHEDULE,37,0,22.03.2026,12.02.2026,22.02.2026,28.04.2026,28.04.2026,30.04.2026,30.04.2026,,H014,WH INFORMA JABABEKA
R110260212T038_H014,CONT-40,14200000,0,0,0,0,0,14200000,H014 - WH INFORMA JABABEKA,PT. SENTOSAPRIMA ABADI,7,ON SCHEDULE,37,0,22.03.2026,12.02.2026,22.02.2026,28.04.2026,28.04.2026,04.05.2026,04.05.2026,,H014,WH INFORMA JABABEKA
R110260212T039_H014,CONT-40,14200000,0,0,0,0,0,14200000,H014 - WH INFORMA JABABEKA,PT. SENTOSAPRIMA ABADI,7,ON SCHEDULE,37,0,22.03.2026,12.02.2026,22.02.2026,28.04.2026,28.04.2026,04.05.2026,04.05.2026,,H014,WH INFORMA JABABEKA
R110260212T040_H014,CONT-40,14200000,0,0,0,0,0,14200000,H014 - WH INFORMA JABABEKA,PT. SENTOSAPRIMA ABADI,7,ON SCHEDULE,37,0,22.03.2026,12.02.2026,21.02.2026,28.04.2026,28.04.2026,30.04.2026,30.04.2026,,H014,WH INFORMA JABABEKA
R110260212T041_H014,CONT-40,14200000,0,0,0,0,0,14200000,H014 - WH INFORMA JABABEKA,PT. SENTOSAPRIMA ABADI,7,ON SCHEDULE,37,0,22.03.2026,12.02.2026,24.02.2026,28.04.2026,28.04.2026,04.05.2026,04.05.2026,,H014,WH INFORMA JABABEKA
R110260212T042_H014,CONT-40,14200000,0,0,0,0,0,14200000,H014 - WH INFORMA JABABEKA,PT. SENTOSAPRIMA ABADI,7,ON SCHEDULE,37,0,22.03.2026,12.02.2026,25.02.2026,28.04.2026,28.04.2026,04.05.2026,04.05.2026,,H014,WH INFORMA JABABEKA
R110260212T043_H014,CONT-40,13800000,0,0,0,0,0,13800000,H014 - WH INFORMA JABABEKA,PT. SENTOSAPRIMA ABADI,7,ON SCHEDULE,40,0,25.03.2026,12.02.2026,19.02.2026,08.04.2026,08.04.2026,13.04.2026,13.04.2026,,H014,WH INFORMA JABABEKA
R110260212T056_H014,CONT-40,13800000,0,0,0,0,0,13800000,H014 - WH INFORMA JABABEKA,PT. SENTOSAPRIMA ABADI,7,ON SCHEDULE,40,0,26.03.2026,13.02.2026,22.02.2026,08.04.2026,08.04.2026,13.04.2026,13.04.2026,,H014,WH INFORMA JABABEKA
R110260212T057_H014,CONT-40,13800000,0,0,0,0,0,13800000,H014 - WH INFORMA JABABEKA,PT. SENTOSAPRIMA ABADI,7,ON SCHEDULE,40,0,26.03.2026,13.02.2026,22.02.2026,08.04.2026,08.04.2026,13.04.2026,13.04.2026,,H014,WH INFORMA JABABEKA
R110260212T058_H014,CONT-40,13800000,0,0,0,0,0,13800000,H014 - WH INFORMA JABABEKA,PT. SENTOSAPRIMA ABADI,7,ON SCHEDULE,40,0,27.03.2026,14.02.2026,22.02.2026,08.04.2026,08.04.2026,13.04.2026,13.04.2026,,H014,WH INFORMA JABABEKA
R110260212T059_H014,CONT-40,18200000,0,0,0,0,0,18200000,H014 - WH INFORMA JABABEKA,PT. SENTOSAPRIMA ABADI,7,ON SCHEDULE,40,0,26.03.2026,13.02.2026,01.03.2026,27.04.2026,28.04.2026,29.04.2026,29.04.2026,,H014,WH INFORMA JABABEKA
R110260212T060_H014,CONT-40,18200000,0,0,0,0,0,18200000,H014 - WH INFORMA JABABEKA,PT. SENTOSAPRIMA ABADI,7,ON SCHEDULE,40,0,26.03.2026,13.02.2026,01.03.2026,11.05.2026,11.05.2026,13.05.2026,13.05.2026,,H014,WH INFORMA JABABEKA
R110260212T061_H014,CONT-40,13800000,0,0,1000000,0,0,14800000,H014 - WH INFORMA JABABEKA,PT. WIDYA TRANS CARGO,7,ON SCHEDULE,42,0,29.03.2026,14.02.2026,27.02.2026,13.03.2026,13.03.2026,07.04.2026,07.04.2026,,H014,WH INFORMA JABABEKA
R110260212T062_H014,CONT-40,13800000,0,0,1000000,0,0,14800000,H014 - WH INFORMA JABABEKA,PT. WIDYA TRANS CARGO,7,ON SCHEDULE,42,0,30.03.2026,15.02.2026,27.02.2026,13.03.2026,13.03.2026,07.04.2026,07.04.2026,,H014,WH INFORMA JABABEKA
R110260212T063_H014,CONT-40,13800000,0,0,1000000,0,0,14800000,H014 - WH INFORMA JABABEKA,PT. WIDYA TRANS CARGO,7,ON SCHEDULE,42,0,29.03.2026,14.02.2026,27.02.2026,13.03.2026,13.03.2026,07.04.2026,07.04.2026,,H014,WH INFORMA JABABEKA
R110260212T064_H014,WINGBOX,7000000,0,0,0,0,0,7000000,H014 - WH INFORMA JABABEKA,PT. DUNIA EXPRESS TRANSINDO,7,ON SCHEDULE,29,0,15.03.2026,13.02.2026,16.02.2026,02.03.2026,02.03.2026,11.03.2026,12.03.2026,,H014,WH INFORMA JABABEKA
R110260212T065_H014,WINGBOX,5600000,0,0,0,0,0,5600000,H014 - WH INFORMA JABABEKA,PT. BINTANG SAMUDRA RAYA,7,ON SCHEDULE,29,0,15.03.2026,13.02.2026,16.02.2026,19.02.2026,19.02.2026,20.02.2026,20.02.2026,,H014,WH INFORMA JABABEKA
R110260212T066_H014,CONT-40,8750000,0,0,0,0,0,8750000,H014 - WH INFORMA JABABEKA,PT. CIKARANG GERBANG SOLUSI,7,ON SCHEDULE,29,0,15.03.2026,13.02.2026,21.02.2026,17.04.2026,17.04.2026,17.04.2026,17.04.2026,,H014,WH INFORMA JABABEKA
R110260212T067_H014,CONT-40,8750000,0,0,0,0,0,8750000,H014 - WH INFORMA JABABEKA,PT. CIKARANG GERBANG SOLUSI,7,ON SCHEDULE,29,0,15.03.2026,13.02.2026,21.02.2026,17.04.2026,17.04.2026,17.04.2026,17.04.2026,,H014,WH INFORMA JABABEKA
R110260212T068_H014,CONT-40,8750000,0,0,0,0,0,8750000,H014 - WH INFORMA JABABEKA,PT. CIKARANG GERBANG SOLUSI,7,ON SCHEDULE,29,0,15.03.2026,13.02.2026,21.02.2026,17.04.2026,17.04.2026,17.04.2026,17.04.2026,,H014,WH INFORMA JABABEKA
R110260213H013_H014,CDD LONG CHASSIS,1400000,0,0,0,0,0,1400000,H014 - WH INFORMA JABABEKA,PT. ARDYA PRIMA INTERNUSA,7,ON SCHEDULE,27,0,13.03.2026,13.02.2026,14.02.2026,23.02.2026,23.02.2026,03.03.2026,06.03.2026,,H014,WH INFORMA JABABEKA
R110260213H015_H014,CDD LONG CHASSIS,1725000,0,0,0,0,0,1725000,H014 - WH INFORMA JABABEKA,PT. BINTANG SAMUDRA RAYA,7,ON SCHEDULE,27,0,13.03.2026,13.02.2026,14.02.2026,19.02.2026,19.02.2026,20.02.2026,20.02.2026,,H014,WH INFORMA JABABEKA
R110260213H018_H014,CDD LONG CHASSIS,2250000,0,0,0,0,0,2250000,H014 - WH INFORMA JABABEKA,PT. BINTANG SAMUDRA RAYA,7,ON SCHEDULE,27,0,13.03.2026,13.02.2026,14.02.2026,23.02.2026,23.02.2026,25.02.2026,26.02.2026,,H014,WH INFORMA JABABEKA
R110260213H022_H014,CDD LONG CHASSIS,2850000,0,0,0,0,0,2850000,H014 - WH INFORMA JABABEKA,PT. BINTANG SAMUDRA RAYA,7,ON SCHEDULE,28,0,14.03.2026,13.02.2026,15.02.2026,23.02.2026,23.02.2026,25.02.2026,26.02.2026,,H014,WH INFORMA JABABEKA
R110260213H047_H014,WINGBOX,15000000,0,0,0,0,0,15000000,H014 - WH INFORMA JABABEKA,PT. BINTANG SAMUDRA RAYA,7,ON SCHEDULE,30,0,16.03.2026,13.02.2026,19.02.2026,24.02.2026,24.02.2026,25.02.2026,26.02.2026,,H014,WH INFORMA JABABEKA
R110260213H048_H014,CDD LONG CHASSIS,10300000,0,0,0,0,0,10300000,H014 - WH INFORMA JABABEKA,PT. BINTANG SAMUDRA RAYA,7,ON SCHEDULE,30,0,16.03.2026,13.02.2026,17.02.2026,23.02.2026,23.02.2026,25.02.2026,26.02.2026,,H014,WH INFORMA JABABEKA
R110260213H049_H014,CDD LONG CHASSIS,4900000,0,0,0,0,0,4900000,H014 - WH INFORMA JABABEKA,PT.ORANG KREATIF EKSIS,7,ON SCHEDULE,28,0,14.03.2026,13.02.2026,14.02.2026,20.02.2026,20.02.2026,02.03.2026,02.03.2026,,H014,WH INFORMA JABABEKA
R110260213H051_H014,WINGBOX,4825000,0,0,0,0,0,4825000,H014 - WH INFORMA JABABEKA,PT. CEHA LOGISTIK CEMERLANG,7,ON SCHEDULE,29,0,15.03.2026,13.02.2026,15.02.2026,18.02.2026,18.02.2026,19.02.2026,20.02.2026,,H014,WH INFORMA JABABEKA
R110260213H052_H014,CDD LONG CHASSIS,1725000,0,0,0,0,0,1725000,H014 - WH INFORMA JABABEKA,PT. BINTANG SAMUDRA RAYA,7,ON SCHEDULE,27,0,13.03.2026,13.02.2026,14.02.2026,19.02.2026,19.02.2026,20.02.2026,20.02.2026,,H014,WH INFORMA JABABEKA
R110260213H054_H014,WINGBOX,11500000,0,0,0,0,0,11500000,H014 - WH INFORMA JABABEKA,PT. BINTANG SAMUDRA RAYA,7,ON SCHEDULE,29,0,16.03.2026,14.02.2026,18.02.2026,23.02.2026,23.02.2026,25.02.2026,26.02.2026,,H014,WH INFORMA JABABEKA
R110260213H055_H014,CDD LONG CHASSIS,1800000,0,0,0,0,0,1800000,H014 - WH INFORMA JABABEKA,PT. ARDYA PRIMA INTERNUSA,7,ON SCHEDULE,27,0,13.03.2026,13.02.2026,14.02.2026,23.02.2026,23.02.2026,03.03.2026,06.03.2026,,H014,WH INFORMA JABABEKA
R110260213H056_H014,CDD LONG CHASSIS,2250000,0,0,0,0,0,2250000,H014 - WH INFORMA JABABEKA,PT. BINTANG SAMUDRA RAYA,7,ON SCHEDULE,27,0,13.03.2026,13.02.2026,14.02.2026,23.02.2026,23.02.2026,25.02.2026,26.02.2026,,H014,WH INFORMA JABABEKA
R110260213H059_H014,CDD LONG CHASSIS,4900000,0,0,0,0,0,4900000,H014 - WH INFORMA JABABEKA,PT.ORANG KREATIF EKSIS,7,ON SCHEDULE,28,0,14.03.2026,13.02.2026,15.02.2026,23.02.2026,23.02.2026,02.03.2026,04.03.2026,,H014,WH INFORMA JABABEKA
R110260213H062_H014,CDD LONG CHASSIS,5800000,0,0,0,0,0,5800000,H014 - WH INFORMA JABABEKA,PT. AGUNG MAKMUR JAYA,7,ON SCHEDULE,28,0,14.03.2026,13.02.2026,15.02.2026,18.02.2026,18.02.2026,19.02.2026,20.02.2026,,H014,WH INFORMA JABABEKA
R110260213H063_H014,WINGBOX,4825000,0,0,0,0,0,4825000,H014 - WH INFORMA JABABEKA,PT. CEHA LOGISTIK CEMERLANG,7,ON SCHEDULE,29,0,15.03.2026,13.02.2026,15.02.2026,18.02.2026,18.02.2026,19.02.2026,20.02.2026,,H014,WH INFORMA JABABEKA
R110260213H064_H014,CDD LONG CHASSIS,7400000,0,0,0,0,0,7400000,H014 - WH INFORMA JABABEKA,PT. BINTANG SAMUDRA RAYA,7,ON SCHEDULE,29,0,15.03.2026,13.02.2026,18.02.2026,23.02.2026,23.02.2026,25.02.2026,26.02.2026,,H014,WH INFORMA JABABEKA
R110260213L055_H014,CDD LONG CHASSIS,5800000,0,0,0,0,0,5800000,H014 - WH INFORMA JABABEKA,PT. AGUNG MAKMUR JAYA,7,ON SCHEDULE,28,0,14.03.2026,13.02.2026,15.02.2026,18.02.2026,18.02.2026,19.02.2026,20.02.2026,,H014,WH INFORMA JABABEKA
R110260213L063_H014,CDD LONG CHASSIS,5800000,0,0,0,100000,0,5900000,H014 - WH INFORMA JABABEKA,PT. AGUNG MAKMUR JAYA,7,ON SCHEDULE,26,0,12.03.2026,13.02.2026,15.02.2026,18.02.2026,19.02.2026,19.02.2026,20.02.2026,,H014,WH INFORMA JABABEKA
R110260213L063_H014,CDD LONG CHASSIS,5800000,0,0,0,100000,0,5900000,H014 - WH INFORMA JABABEKA,PT. AGUNG MAKMUR JAYA,7,ON SCHEDULE,26,0,12.03.2026,13.02.2026,15.02.2026,18.02.2026,19.02.2026,19.02.2026,20.02.2026,,H014,WH INFORMA JABABEKA
R110260213L063_H014,CDD LONG CHASSIS,5800000,0,0,0,100000,0,5900000,H014 - WH INFORMA JABABEKA,PT. AGUNG MAKMUR JAYA,7,ON SCHEDULE,26,0,12.03.2026,13.02.2026,15.02.2026,18.02.2026,19.02.2026,19.02.2026,20.02.2026,,H014,WH INFORMA JABABEKA
R110260213L088_H014,CDD LONG CHASSIS,8855000,0,0,0,0,0,8855000,H014 - WH INFORMA JABABEKA,PT.ORANG KREATIF EKSIS,7,ON SCHEDULE,30,0,16.03.2026,13.02.2026,16.02.2026,20.02.2026,20.02.2026,02.03.2026,02.03.2026,,H014,WH INFORMA JABABEKA
R110260213L089_H014,CDD LONG CHASSIS,10350000,0,0,0,0,0,10350000,H014 - WH INFORMA JABABEKA,PT.ORANG KREATIF EKSIS,7,ON SCHEDULE,29,0,15.03.2026,13.02.2026,18.02.2026,23.02.2026,23.02.2026,02.03.2026,02.03.2026,,H014,WH INFORMA JABABEKA
R110260213T030_H014,CONT-40,14200000,0,0,0,0,0,14200000,H014 - WH INFORMA JABABEKA,PT. SENTOSAPRIMA ABADI,7,ON SCHEDULE,37,0,23.03.2026,13.02.2026,25.02.2026,28.04.2026,28.04.2026,04.05.2026,04.05.2026,,H014,WH INFORMA JABABEKA
R110260213T032_H014,CONT-40,14200000,0,0,0,0,0,14200000,H014 - WH INFORMA JABABEKA,PT. SENTOSAPRIMA ABADI,7,ON SCHEDULE,37,0,24.03.2026,14.02.2026,25.02.2026,28.04.2026,28.04.2026,04.05.2026,04.05.2026,,H014,WH INFORMA JABABEKA
R110260213T033_H014,CONT-40,14200000,0,0,0,0,0,14200000,H014 - WH INFORMA JABABEKA,PT. SENTOSAPRIMA ABADI,7,ON SCHEDULE,37,0,23.03.2026,13.02.2026,25.02.2026,28.04.2026,28.04.2026,04.05.2026,04.05.2026,,H014,WH INFORMA JABABEKA
R110260213T034_H014,CONT-40,14200000,0,0,0,0,0,14200000,H014 - WH INFORMA JABABEKA,PT. SENTOSAPRIMA ABADI,7,ON SCHEDULE,37,0,25.03.2026,15.02.2026,27.02.2026,28.04.2026,28.04.2026,04.05.2026,04.05.2026,,H014,WH INFORMA JABABEKA
R110260213T035_H014,CONT-40,14200000,0,0,0,0,0,14200000,H014 - WH INFORMA JABABEKA,PT. SENTOSAPRIMA ABADI,7,ON SCHEDULE,37,0,25.03.2026,15.02.2026,27.02.2026,28.04.2026,28.04.2026,04.05.2026,04.05.2026,,H014,WH INFORMA JABABEKA
R110260213T038_H014,CONT-40,13800000,0,0,0,0,0,13800000,H014 - WH INFORMA JABABEKA,PT. SENTOSAPRIMA ABADI,7,ON SCHEDULE,40,0,27.03.2026,14.02.2026,22.02.2026,08.04.2026,08.04.2026,13.04.2026,13.04.2026,,H014,WH INFORMA JABABEKA
R110260213T039_H014,CONT-40,13800000,0,0,0,0,0,13800000,H014 - WH INFORMA JABABEKA,PT. SENTOSAPRIMA ABADI,7,ON SCHEDULE,40,0,27.03.2026,14.02.2026,22.02.2026,08.04.2026,08.04.2026,13.04.2026,13.04.2026,,H014,WH INFORMA JABABEKA
R110260213T040_H014,CONT-40,13800000,0,0,0,0,0,13800000,H014 - WH INFORMA JABABEKA,PT. SENTOSAPRIMA ABADI,7,ON SCHEDULE,40,0,28.03.2026,15.02.2026,22.02.2026,08.04.2026,08.04.2026,13.04.2026,13.04.2026,,H014,WH INFORMA JABABEKA
R110260213T041_H014,CONT-40,13800000,0,0,0,0,0,13800000,H014 - WH INFORMA JABABEKA,PT. SENTOSAPRIMA ABADI,7,ON SCHEDULE,40,0,28.03.2026,15.02.2026,22.02.2026,08.04.2026,08.04.2026,13.04.2026,13.04.2026,,H014,WH INFORMA JABABEKA
R110260213T042_H014,CONT-40,13800000,0,0,0,0,0,13800000,H014 - WH INFORMA JABABEKA,PT. SENTOSAPRIMA ABADI,7,ON SCHEDULE,40,0,28.03.2026,15.02.2026,22.02.2026,08.04.2026,08.04.2026,13.04.2026,13.04.2026,,H014,WH INFORMA JABABEKA
R110260213T043_H014,CONT-40,18200000,0,0,0,0,0,18200000,H014 - WH INFORMA JABABEKA,PT. SENTOSAPRIMA ABADI,7,ON SCHEDULE,40,0,28.03.2026,15.02.2026,01.03.2026,22.04.2026,23.04.2026,23.04.2026,23.04.2026,,H014,WH INFORMA JABABEKA
R110260213T044_H014,CONT-40,18200000,0,0,0,0,0,18200000,H014 - WH INFORMA JABABEKA,PT. SENTOSAPRIMA ABADI,7,ON SCHEDULE,40,0,29.03.2026,16.02.2026,01.03.2026,27.04.2026,28.04.2026,29.04.2026,29.04.2026,,H014,WH INFORMA JABABEKA
R110260213T048_H014,CONT-40,18200000,0,0,0,0,0,18200000,H014 - WH INFORMA JABABEKA,PT. SENTOSAPRIMA ABADI,7,ON SCHEDULE,40,0,29.03.2026,16.02.2026,01.03.2026,17.04.2026,17.04.2026,22.04.2026,22.04.2026,,H014,WH INFORMA JABABEKA
R110260213T049_H014,CONT-40,18200000,0,0,0,0,0,18200000,H014 - WH INFORMA JABABEKA,PT. SENTOSAPRIMA ABADI,7,ON SCHEDULE,40,0,27.03.2026,14.02.2026,01.03.2026,22.04.2026,23.04.2026,23.04.2026,23.04.2026,,H014,WH INFORMA JABABEKA
R110260213T050_H014,CONT-40,18200000,0,0,0,0,0,18200000,H014 - WH INFORMA JABABEKA,PT. SENTOSAPRIMA ABADI,7,ON SCHEDULE,40,0,28.03.2026,15.02.2026,01.03.2026,22.04.2026,23.04.2026,23.04.2026,23.04.2026,,H014,WH INFORMA JABABEKA
R110260213T051_H014,WINGBOX,5650000,0,0,0,0,0,5650000,H014 - WH INFORMA JABABEKA,PT. DUTA MEDIA MANDIRI,7,ON SCHEDULE,29,0,15.03.2026,13.02.2026,16.02.2026,19.02.2026,19.02.2026,24.02.2026,25.02.2026,,H014,WH INFORMA JABABEKA
R110260213T058_H014,CONT-40,27000000,0,0,1000000,0,0,28000000,H014 - WH INFORMA JABABEKA,PT. PAUS BIRU LOGISTIK,7,ON SCHEDULE,42,0,03.04.2026,19.02.2026,01.03.2026,21.04.2026,21.04.2026,23.04.2026,13.05.2026,,H014,WH INFORMA JABABEKA
R110260213T059_H014,WINGBOX,6000000,0,0,0,0,0,6000000,H014 - WH INFORMA JABABEKA,PT.AMANAH TRANSMULIA MANDIRI LOGISTIK,7,ON SCHEDULE,29,0,15.03.2026,13.02.2026,16.02.2026,23.02.2026,23.02.2026,23.02.2026,24.02.2026,,H014,WH INFORMA JABABEKA
R110260213T061_H014,WINGBOX,6000000,0,0,0,0,0,6000000,H014 - WH INFORMA JABABEKA,PT.AMANAH TRANSMULIA MANDIRI LOGISTIK,7,ON SCHEDULE,29,0,15.03.2026,13.02.2026,16.02.2026,23.02.2026,23.02.2026,23.02.2026,24.02.2026,,H014,WH INFORMA JABABEKA
R110260213T062_H014,CONT-40,27000000,0,0,1000000,0,0,28000000,H014 - WH INFORMA JABABEKA,PT. PAUS BIRU LOGISTIK,7,ON SCHEDULE,42,0,03.04.2026,19.02.2026,01.03.2026,16.04.2026,19.04.2026,23.04.2026,13.05.2026,,H014,WH INFORMA JABABEKA
R110260213T063_H014,WINGBOX,6600000,0,0,0,0,0,6600000,H014 - WH INFORMA JABABEKA,PT. CATUR GLOBAL LOGISTIK,7,ON SCHEDULE,29,0,15.03.2026,13.02.2026,16.02.2026,25.02.2026,25.02.2026,26.02.2026,26.02.2026,,H014,WH INFORMA JABABEKA
R110260213T064_H014,CONT-40,18200000,0,0,0,0,0,18200000,H014 - WH INFORMA JABABEKA,PT. SENTOSAPRIMA ABADI,7,ON SCHEDULE,40,0,27.03.2026,14.02.2026,01.03.2026,22.04.2026,23.04.2026,23.04.2026,23.04.2026,,H014,WH INFORMA JABABEKA
R110260213T066_H014,WINGBOX,5650000,0,0,0,0,0,5650000,H014 - WH INFORMA JABABEKA,PT. DUTA MEDIA MANDIRI,7,ON SCHEDULE,29,0,17.03.2026,15.02.2026,22.02.2026,24.02.2026,24.02.2026,24.02.2026,25.02.2026,,H014,WH INFORMA JABABEKA
R110260214H018_H014,WINGBOX,4300000,0,0,0,0,0,4300000,H014 - WH INFORMA JABABEKA,PT.SIASAT CEPAT MUDA,7,ON SCHEDULE,29,0,16.03.2026,14.02.2026,16.02.2026,19.02.2026,19.02.2026,19.02.2026,20.02.2026,,H014,WH INFORMA JABABEKA
R110260214H023_H014,CDD LONG CHASSIS,4900000,0,0,0,0,0,4900000,H014 - WH INFORMA JABABEKA,PT.ORANG KREATIF EKSIS,7,ON SCHEDULE,28,0,15.03.2026,14.02.2026,16.02.2026,20.02.2026,20.02.2026,02.03.2026,02.03.2026,,H014,WH INFORMA JABABEKA
R110260214H024_H014,WINGBOX,1998000,0,0,0,0,0,1998000,H014 - WH INFORMA JABABEKA,PT. ARDYA PRIMA INTERNUSA,7,ON SCHEDULE,27,0,14.03.2026,14.02.2026,15.02.2026,23.02.2026,23.02.2026,03.03.2026,06.03.2026,,H014,WH INFORMA JABABEKA
R110260214H026_H014,WINGBOX,4825000,0,0,0,0,0,4825000,H014 - WH INFORMA JABABEKA,PT. CEHA LOGISTIK CEMERLANG,7,ON SCHEDULE,29,0,16.03.2026,14.02.2026,16.02.2026,18.02.2026,18.02.2026,19.02.2026,20.02.2026,,H014,WH INFORMA JABABEKA
R110260214H027_H014,FUSO,13800000,0,0,0,0,0,13800000,H014 - WH INFORMA JABABEKA,PT. DUTA LINTAS NUSA,7,ON SCHEDULE,33,0,20.03.2026,14.02.2026,18.02.2026,12.03.2026,12.03.2026,25.03.2026,27.03.2026,,H014,WH INFORMA JABABEKA
R110260214H028_H014,CDD LONG CHASSIS,2350000,0,0,0,0,0,2350000,H014 - WH INFORMA JABABEKA,PT. BINTANG SAMUDRA RAYA,7,ON SCHEDULE,29,0,16.03.2026,14.02.2026,16.02.2026,23.02.2026,23.02.2026,25.02.2026,26.02.2026,,H014,WH INFORMA JABABEKA
R110260214H029_H014,WINGBOX,4300000,0,0,0,0,0,4300000,H014 - WH INFORMA JABABEKA,PT.SIASAT CEPAT MUDA,7,ON SCHEDULE,29,0,16.03.2026,14.02.2026,16.02.2026,19.02.2026,19.02.2026,20.02.2026,20.02.2026,,H014,WH INFORMA JABABEKA
R110260214H038_H014,CDD LONG CHASSIS,2200000,0,0,0,0,0,2200000,H014 - WH INFORMA JABABEKA,PT. AGUNG MAKMUR JAYA,7,ON SCHEDULE,27,0,14.03.2026,14.02.2026,15.02.2026,18.02.2026,18.02.2026,19.02.2026,20.02.2026,,H014,WH INFORMA JABABEKA
R110260214H043_H014,CDD LONG CHASSIS,1400000,0,0,0,0,0,1400000,H014 - WH INFORMA JABABEKA,PT. ARDYA PRIMA INTERNUSA,7,ON SCHEDULE,27,0,14.03.2026,14.02.2026,15.02.2026,23.02.2026,23.02.2026,03.03.2026,06.03.2026,,H014,WH INFORMA JABABEKA
R110260214H051_H014,FUSO,3680000,0,0,0,0,0,3680000,H014 - WH INFORMA JABABEKA,PT.SIASAT CEPAT MUDA,7,ON SCHEDULE,29,0,16.03.2026,14.02.2026,16.02.2026,19.02.2026,19.02.2026,20.02.2026,20.02.2026,,H014,WH INFORMA JABABEKA
R110260214H055_H014,WINGBOX,11500000,0,0,0,0,0,11500000,H014 - WH INFORMA JABABEKA,PT. BINTANG SAMUDRA RAYA,7,ON SCHEDULE,29,0,16.03.2026,14.02.2026,18.02.2026,24.02.2026,24.02.2026,25.02.2026,26.02.2026,,H014,WH INFORMA JABABEKA
R110260214H056_H014,CDD LONG CHASSIS,2850000,0,0,0,300000,0,3150000,H014 - WH INFORMA JABABEKA,PT. BINTANG SAMUDRA RAYA,7,ON SCHEDULE,28,0,15.03.2026,14.02.2026,16.02.2026,27.02.2026,28.02.2026,02.03.2026,02.03.2026,,H014,WH INFORMA JABABEKA
R110260214H062_H014,CDD LONG CHASSIS,1725000,0,0,0,0,0,1725000,H014 - WH INFORMA JABABEKA,PT. BINTANG SAMUDRA RAYA,7,ON SCHEDULE,27,0,14.03.2026,14.02.2026,15.02.2026,23.02.2026,23.02.2026,25.02.2026,26.02.2026,,H014,WH INFORMA JABABEKA
R110260214H065_H014,WINGBOX,4825000,0,0,0,0,0,4825000,H014 - WH INFORMA JABABEKA,PT. CEHA LOGISTIK CEMERLANG,7,ON SCHEDULE,29,0,16.03.2026,14.02.2026,16.02.2026,18.02.2026,18.02.2026,19.02.2026,20.02.2026,,H014,WH INFORMA JABABEKA
R110260214H066_H014,CDD LONG CHASSIS,9300000,0,0,0,0,0,9300000,H014 - WH INFORMA JABABEKA,PT. AGUNG MAKMUR JAYA,7,ON SCHEDULE,33,0,20.03.2026,14.02.2026,18.02.2026,18.02.2026,18.02.2026,19.02.2026,20.02.2026,,H014,WH INFORMA JABABEKA
R110260214H068_H014,CDD LONG CHASSIS,1725000,0,0,0,0,0,1725000,H014 - WH INFORMA JABABEKA,PT. BINTANG SAMUDRA RAYA,7,ON SCHEDULE,27,0,14.03.2026,14.02.2026,15.02.2026,23.02.2026,23.02.2026,25.02.2026,26.02.2026,,H014,WH INFORMA JABABEKA
R110260214L084_H014,CDD LONG CHASSIS,1400000,0,0,0,0,0,1400000,H014 - WH INFORMA JABABEKA,PT. ARDYA PRIMA INTERNUSA,7,ON SCHEDULE,27,0,14.03.2026,14.02.2026,16.02.2026,23.02.2026,23.02.2026,03.03.2026,06.03.2026,,H014,WH INFORMA JABABEKA
R110260214L085_H014,CDD LONG CHASSIS,8855000,0,0,0,500000,0,9355000,H014 - WH INFORMA JABABEKA,PT.ORANG KREATIF EKSIS,7,ON SCHEDULE,30,0,17.03.2026,14.02.2026,18.02.2026,26.02.2026,27.02.2026,02.03.2026,02.03.2026,,H014,WH INFORMA JABABEKA
R110260214L087_H014,CDD LONG CHASSIS,3500000,0,0,0,200000,0,3700000,H014 - WH INFORMA JABABEKA,PT LOGISTIK CANGGIH INDONESIA,7,ON SCHEDULE,28,0,16.03.2026,15.02.2026,18.02.2026,04.03.2026,05.03.2026,05.03.2026,10.03.2026,,H014,WH INFORMA JABABEKA
R110260214L088_H014,WINGBOX,4150000,0,0,0,0,0,4150000,H014 - WH INFORMA JABABEKA,PT. CEHA LOGISTIK CEMERLANG,7,ON SCHEDULE,27,0,15.03.2026,15.02.2026,16.02.2026,24.02.2026,24.02.2026,09.03.2026,09.03.2026,,H014,WH INFORMA JABABEKA
R110260214L090_H014,CDD LONG CHASSIS,5750000,0,0,0,0,0,5750000,H014 - WH INFORMA JABABEKA,PT. DUTA LINTAS NUSA,7,ON SCHEDULE,28,0,15.03.2026,14.02.2026,16.02.2026,27.02.2026,28.02.2026,25.03.2026,25.03.2026,,H014,WH INFORMA JABABEKA
R110260214L094_H014,CDD LONG CHASSIS,2500000,0,0,0,0,0,2500000,H014 - WH INFORMA JABABEKA,PT. DUTA MEDIA MANDIRI,7,ON SCHEDULE,27,0,14.03.2026,14.02.2026,15.02.2026,27.02.2026,27.02.2026,27.02.2026,27.02.2026,,H014,WH INFORMA JABABEKA
R110260214T023_H014,CONT-40,27000000,0,0,1000000,0,0,28000000,H014 - WH INFORMA JABABEKA,PT. PAUS BIRU LOGISTIK,7,ON SCHEDULE,42,0,04.04.2026,20.02.2026,02.03.2026,16.04.2026,19.04.2026,21.04.2026,22.04.2026,,H014,WH INFORMA JABABEKA
R110260214T024_H014,CONT-40,18800000,0,0,0,0,0,18800000,H014 - WH INFORMA JABABEKA,PT. WIDYA TRANS CARGO,7,ON SCHEDULE,40,0,30.03.2026,17.02.2026,01.03.2026,09.03.2026,09.03.2026,11.03.2026,11.03.2026,,H014,WH INFORMA JABABEKA
R110260214T025_H014,WINGBOX,20000000,0,0,0,0,0,20000000,H014 - WH INFORMA JABABEKA,PT.ORANG KREATIF EKSIS,7,ON SCHEDULE,37,0,24.03.2026,14.02.2026,21.02.2026,26.02.2026,26.02.2026,02.03.2026,04.03.2026,,H014,WH INFORMA JABABEKA
R110260214T026_H014,CONT-40,13800000,0,0,0,0,0,13800000,H014 - WH INFORMA JABABEKA,PT. SENTOSAPRIMA ABADI,7,ON SCHEDULE,40,0,30.03.2026,17.02.2026,02.03.2026,08.04.2026,08.04.2026,13.04.2026,13.04.2026,,H014,WH INFORMA JABABEKA
R110260214T027_H014,WINGBOX,6600000,0,0,0,0,0,6600000,H014 - WH INFORMA JABABEKA,PT. JAYA MULYA ERALINDO,7,ON SCHEDULE,29,0,16.03.2026,14.02.2026,17.02.2026,23.02.2026,23.02.2026,24.02.2026,24.02.2026,,H014,WH INFORMA JABABEKA
R110260214T040_H014,CONT-40,18800000,0,0,0,0,0,18800000,H014 - WH INFORMA JABABEKA,PT. WIDYA TRANS CARGO,7,ON SCHEDULE,40,0,01.04.2026,19.02.2026,01.03.2026,12.03.2026,12.03.2026,13.03.2026,13.03.2026,,H014,WH INFORMA JABABEKA
R110260214T042_H014,CONT-20,14300000,0,0,600000,0,0,14900000,H014 - WH INFORMA JABABEKA,PT. PAUS BIRU LOGISTIK,7,ON SCHEDULE,42,0,02.04.2026,18.02.2026,01.03.2026,16.04.2026,19.04.2026,18.05.2026,18.05.2026,,H014,WH INFORMA JABABEKA
R110260214T043_H014,CONT-20,14300000,0,0,600000,0,0,14900000,H014 - WH INFORMA JABABEKA,PT. PAUS BIRU LOGISTIK,7,ON SCHEDULE,42,0,02.04.2026,18.02.2026,01.03.2026,20.04.2026,21.04.2026,18.05.2026,18.05.2026,,H014,WH INFORMA JABABEKA
R110260214T044_H014,CONT-20,15550000,0,0,1250000,0,0,16800000,H014 - WH INFORMA JABABEKA,PT. PAUS BIRU LOGISTIK,7,ON SCHEDULE,40,0,02.04.2026,20.02.2026,02.03.2026,13.04.2026,19.04.2026,23.04.2026,24.04.2026,,H014,WH INFORMA JABABEKA
R110260214T045_H014,CONT-40,14200000,0,0,0,0,0,14200000,H014 - WH INFORMA JABABEKA,PT. SENTOSAPRIMA ABADI,7,ON SCHEDULE,37,0,30.03.2026,20.02.2026,03.03.2026,28.04.2026,28.04.2026,04.05.2026,04.05.2026,,H014,WH INFORMA JABABEKA
R110260214T047_H014,CONT-40,14200000,0,0,0,0,0,14200000,H014 - WH INFORMA JABABEKA,PT. SENTOSAPRIMA ABADI,7,ON SCHEDULE,37,0,30.03.2026,20.02.2026,03.03.2026,28.04.2026,28.04.2026,04.05.2026,04.05.2026,,H014,WH INFORMA JABABEKA
R110260214T050_H014,CONT-40,14200000,0,0,0,0,0,14200000,H014 - WH INFORMA JABABEKA,PT. SENTOSAPRIMA ABADI,7,ON SCHEDULE,37,0,30.03.2026,20.02.2026,01.03.2026,28.04.2026,28.04.2026,04.05.2026,04.05.2026,,H014,WH INFORMA JABABEKA
R110260214T051_H014,CONT-40,14300000,0,0,0,0,0,14300000,H014 - WH INFORMA JABABEKA,PT. MITRA INTERTRANS FORWARDING,7,ON SCHEDULE,37,0,31.03.2026,21.02.2026,08.03.2026,13.05.2026,14.05.2026,18.05.2026,18.05.2026,,H014,WH INFORMA JABABEKA
R110260214T052_H014,CONT-40,13800000,0,0,0,0,0,13800000,H014 - WH INFORMA JABABEKA,PT. SENTOSAPRIMA ABADI,7,ON SCHEDULE,40,0,31.03.2026,18.02.2026,01.03.2026,08.04.2026,08.04.2026,13.04.2026,13.04.2026,,H014,WH INFORMA JABABEKA
R110260214T053_H014,CONT-40,13800000,0,0,0,0,0,13800000,H014 - WH INFORMA JABABEKA,PT. SENTOSAPRIMA ABADI,7,ON SCHEDULE,40,0,31.03.2026,18.02.2026,02.03.2026,16.04.2026,17.04.2026,20.04.2026,20.04.2026,,H014,WH INFORMA JABABEKA
R110260214T054_H014,CONT-40,13800000,0,0,0,0,0,13800000,H014 - WH INFORMA JABABEKA,PT. SENTOSAPRIMA ABADI,7,ON SCHEDULE,40,0,31.03.2026,18.02.2026,02.03.2026,16.04.2026,17.04.2026,20.04.2026,20.04.2026,,H014,WH INFORMA JABABEKA
R110260214T055_H014,CONT-40,14200000,0,0,0,0,0,14200000,H014 - WH INFORMA JABABEKA,PT. SENTOSAPRIMA ABADI,7,ON SCHEDULE,37,0,31.03.2026,21.02.2026,04.03.2026,28.04.2026,28.04.2026,04.05.2026,04.05.2026,,H014,WH INFORMA JABABEKA
R110260214T056_H014,CONT-40,14200000,0,0,0,0,0,14200000,H014 - WH INFORMA JABABEKA,PT. SENTOSAPRIMA ABADI,7,ON SCHEDULE,37,0,31.03.2026,21.02.2026,03.03.2026,28.04.2026,28.04.2026,04.05.2026,04.05.2026,,H014,WH INFORMA JABABEKA
R110260214T057_H014,CONT-40,13800000,0,0,0,0,0,13800000,H014 - WH INFORMA JABABEKA,PT. SENTOSAPRIMA ABADI,7,ON SCHEDULE,40,0,31.03.2026,18.02.2026,02.03.2026,08.04.2026,08.04.2026,13.04.2026,13.04.2026,,H014,WH INFORMA JABABEKA
R110260214T058_H014,CONT-40,8500000,0,0,0,0,0,8500000,H014 - WH INFORMA JABABEKA,PT. DINOYO PUTRA MANDIRI,7,ON SCHEDULE,29,0,16.03.2026,14.02.2026,17.02.2026,18.02.2026,18.02.2026,20.02.2026,20.02.2026,,H014,WH INFORMA JABABEKA
R110260214T059_H014,CONT-20,15550000,0,0,1250000,0,0,16800000,H014 - WH INFORMA JABABEKA,PT. PAUS BIRU LOGISTIK,7,ON SCHEDULE,40,0,04.04.2026,22.02.2026,03.03.2026,13.04.2026,19.04.2026,23.04.2026,24.04.2026,,H014,WH INFORMA JABABEKA
R110260214T060_H014,CONT-40,14200000,0,0,0,0,0,14200000,H014 - WH INFORMA JABABEKA,PT. SENTOSAPRIMA ABADI,7,ON SCHEDULE,37,0,27.03.2026,17.02.2026,27.02.2026,28.04.2026,28.04.2026,04.05.2026,04.05.2026,,H014,WH INFORMA JABABEKA
R110260214T061_H014,CONT-40,14200000,0,0,0,0,0,14200000,H014 - WH INFORMA JABABEKA,PT. SENTOSAPRIMA ABADI,7,ON SCHEDULE,37,0,27.03.2026,17.02.2026,25.02.2026,28.04.2026,28.04.2026,04.05.2026,04.05.2026,,H014,WH INFORMA JABABEKA
R110260214T062_H014,CONT-40,8500000,0,0,0,0,0,8500000,H014 - WH INFORMA JABABEKA,PT. DINOYO PUTRA MANDIRI,7,ON SCHEDULE,29,0,17.03.2026,15.02.2026,18.02.2026,20.02.2026,20.02.2026,26.02.2026,26.02.2026,,H014,WH INFORMA JABABEKA
R110260214T064_H014,WINGBOX,6200000,0,0,0,0,0,6200000,H014 - WH INFORMA JABABEKA,PT. SATRIA PIRANTI PERKASA,7,ON SCHEDULE,29,0,16.03.2026,14.02.2026,17.02.2026,06.03.2026,06.03.2026,31.03.2026,31.03.2026,,H014,WH INFORMA JABABEKA
R110260215H027_H014,WINGBOX,1998000,0,0,0,0,0,1998000,H014 - WH INFORMA JABABEKA,PT. ARDYA PRIMA INTERNUSA,7,ON SCHEDULE,27,0,15.03.2026,15.02.2026,16.02.2026,23.02.2026,23.02.2026,03.03.2026,06.03.2026,,H014,WH INFORMA JABABEKA
R110260215H029_H014,WINGBOX,4825000,0,0,0,0,0,4825000,H014 - WH INFORMA JABABEKA,PT. CEHA LOGISTIK CEMERLANG,7,ON SCHEDULE,29,0,17.03.2026,15.02.2026,17.02.2026,18.02.2026,18.02.2026,19.02.2026,20.02.2026,,H014,WH INFORMA JABABEKA
R110260215H030_H014,WINGBOX,2599000,0,0,0,0,0,2599000,H014 - WH INFORMA JABABEKA,PT. ARDYA PRIMA INTERNUSA,7,ON SCHEDULE,27,0,15.03.2026,15.02.2026,16.02.2026,23.02.2026,23.02.2026,03.03.2026,06.03.2026,,H014,WH INFORMA JABABEKA
R110260215H031_H014,CDD LONG CHASSIS,2250000,0,0,0,0,0,2250000,H014 - WH INFORMA JABABEKA,PT. BINTANG SAMUDRA RAYA,7,ON SCHEDULE,27,0,15.03.2026,15.02.2026,16.02.2026,23.02.2026,23.02.2026,25.02.2026,26.02.2026,,H014,WH INFORMA JABABEKA
R110260215H032_H014,CDD LONG CHASSIS,2380000,0,0,0,0,0,2380000,H014 - WH INFORMA JABABEKA,PT. DUTA MEDIA MANDIRI,7,ON SCHEDULE,27,0,15.03.2026,15.02.2026,16.02.2026,19.02.2026,19.02.2026,19.02.2026,20.02.2026,,H014,WH INFORMA JABABEKA
R110260215H033_H014,CDD LONG CHASSIS,2400000,0,0,0,0,0,2400000,H014 - WH INFORMA JABABEKA,PT. AGUNG MAKMUR JAYA,7,ON SCHEDULE,27,0,15.03.2026,15.02.2026,16.02.2026,18.02.2026,18.02.2026,19.02.2026,20.02.2026,,H014,WH INFORMA JABABEKA
R110260215H034_H014,CDD LONG CHASSIS,1400000,0,0,0,0,0,1400000,H014 - WH INFORMA JABABEKA,PT. ARDYA PRIMA INTERNUSA,7,ON SCHEDULE,27,0,15.03.2026,15.02.2026,16.02.2026,23.02.2026,23.02.2026,03.03.2026,06.03.2026,,H014,WH INFORMA JABABEKA
R110260215H035_H014,CDD LONG CHASSIS,4900000,0,0,0,0,0,4900000,H014 - WH INFORMA JABABEKA,PT.ORANG KREATIF EKSIS,7,ON SCHEDULE,28,0,16.03.2026,15.02.2026,16.02.2026,23.02.2026,23.02.2026,02.03.2026,04.03.2026,,H014,WH INFORMA JABABEKA
R110260215H036_H014,CDD LONG CHASSIS,12400000,0,0,0,0,0,12400000,H014 - WH INFORMA JABABEKA,PT.ORANG KREATIF EKSIS,7,ON SCHEDULE,31,0,19.03.2026,15.02.2026,19.02.2026,26.02.2026,26.02.2026,02.03.2026,02.03.2026,,H014,WH INFORMA JABABEKA
R110260215H037_H014,WINGBOX,15000000,0,0,0,0,0,15000000,H014 - WH INFORMA JABABEKA,PT. BINTANG SAMUDRA RAYA,7,ON SCHEDULE,30,0,18.03.2026,15.02.2026,19.02.2026,24.02.2026,24.02.2026,25.02.2026,26.02.2026,,H014,WH INFORMA JABABEKA
R110260215H038_H014,CDD LONG CHASSIS,2850000,0,0,0,0,0,2850000,H014 - WH INFORMA JABABEKA,PT. BINTANG SAMUDRA RAYA,7,ON SCHEDULE,28,0,16.03.2026,15.02.2026,17.02.2026,23.02.2026,23.02.2026,25.02.2026,26.02.2026,,H014,WH INFORMA JABABEKA
R110260215H039_H014,CDD LONG CHASSIS,7500000,0,0,0,0,0,7500000,H014 - WH INFORMA JABABEKA,PT.ORANG KREATIF EKSIS,7,ON SCHEDULE,29,0,17.03.2026,15.02.2026,19.02.2026,23.02.2026,23.02.2026,02.03.2026,02.03.2026,,H014,WH INFORMA JABABEKA
R110260215H042_H014,CDD LONG CHASSIS,4900000,0,0,0,0,0,4900000,H014 - WH INFORMA JABABEKA,PT.ORANG KREATIF EKSIS,7,ON SCHEDULE,28,0,16.03.2026,15.02.2026,16.02.2026,23.02.2026,23.02.2026,02.03.2026,04.03.2026,,H014,WH INFORMA JABABEKA
R110260215H045_H014,CDD LONG CHASSIS,3325000,0,0,0,0,0,3325000,H014 - WH INFORMA JABABEKA,PT. JEJE HARAPAN TRANSINDO,7,ON SCHEDULE,29,0,17.03.2026,15.02.2026,17.02.2026,25.02.2026,25.02.2026,27.02.2026,27.02.2026,,H014,WH INFORMA JABABEKA
R110260215H047_H014,WINGBOX,5100000,0,0,0,0,0,5100000,H014 - WH INFORMA JABABEKA,PT. BINTANG SAMUDRA RAYA,7,ON SCHEDULE,29,0,17.03.2026,15.02.2026,17.02.2026,23.02.2026,23.02.2026,25.02.2026,26.02.2026,,H014,WH INFORMA JABABEKA
R110260215H048_H014,FUSO,14750000,0,0,0,0,0,14750000,H014 - WH INFORMA JABABEKA,PT. SATRIA PIRANTI PERKASA,7,ON SCHEDULE,29,0,17.03.2026,15.02.2026,19.02.2026,06.03.2026,06.03.2026,31.03.2026,31.03.2026,,H014,WH INFORMA JABABEKA
R110260215H049_H014,CDD LONG CHASSIS,7500000,0,0,0,0,0,7500000,H014 - WH INFORMA JABABEKA,PT.ORANG KREATIF EKSIS,7,ON SCHEDULE,29,0,18.03.2026,16.02.2026,19.02.2026,26.02.2026,26.02.2026,02.03.2026,02.03.2026,,H014,WH INFORMA JABABEKA
R110260215H050_H014,CDD LONG CHASSIS,2400000,0,0,0,0,0,2400000,H014 - WH INFORMA JABABEKA,PT. AGUNG MAKMUR JAYA,7,ON SCHEDULE,27,0,15.03.2026,15.02.2026,16.02.2026,18.02.2026,18.02.2026,19.02.2026,20.02.2026,,H014,WH INFORMA JABABEKA
R110260215L059_H014,FUSO,4255000,0,0,0,0,0,4255000,H014 - WH INFORMA JABABEKA,PT.SIASAT CEPAT MUDA,7,ON SCHEDULE,30,0,18.03.2026,15.02.2026,17.02.2026,19.02.2026,20.02.2026,20.02.2026,24.02.2026,,H014,WH INFORMA JABABEKA
R110260215L060_H014,WINGBOX,4825000,0,0,0,0,0,4825000,H014 - WH INFORMA JABABEKA,PT. CEHA LOGISTIK CEMERLANG,7,ON SCHEDULE,30,0,18.03.2026,15.02.2026,18.02.2026,18.02.2026,18.02.2026,19.02.2026,20.02.2026,,H014,WH INFORMA JABABEKA
R110260215L061_H014,WINGBOX,5125000,0,0,0,250000,0,5375000,H014 - WH INFORMA JABABEKA,PT. CEHA LOGISTIK CEMERLANG,7,ON SCHEDULE,30,0,19.03.2026,16.02.2026,18.02.2026,23.02.2026,23.02.2026,09.03.2026,09.03.2026,,H014,WH INFORMA JABABEKA
R110260215L062_H014,CDD LONG CHASSIS,3600000,0,0,0,0,0,3600000,H014 - WH INFORMA JABABEKA,PT. BINTANG SAMUDRA RAYA,7,ON SCHEDULE,29,0,17.03.2026,15.02.2026,17.02.2026,23.02.2026,23.02.2026,25.02.2026,26.02.2026,,H014,WH INFORMA JABABEKA
R110260215L064_H014,CDD LONG CHASSIS,3500000,0,0,0,0,0,3500000,H014 - WH INFORMA JABABEKA,PT. AGUNG MAKMUR JAYA,7,ON SCHEDULE,30,0,18.03.2026,15.02.2026,17.02.2026,18.02.2026,18.02.2026,19.02.2026,20.02.2026,,H014,WH INFORMA JABABEKA
R110260215L065_H014,CDD LONG CHASSIS,1800000,0,0,0,0,0,1800000,H014 - WH INFORMA JABABEKA,PT. ANTAR JARINGAN SEPANJANG JALAN,7,ON SCHEDULE,27,0,16.03.2026,16.02.2026,17.02.2026,18.02.2026,18.02.2026,24.02.2026,24.02.2026,,H014,WH INFORMA JABABEKA
R110260215L067_H014,WINGBOX,11500000,0,0,0,0,0,11500000,H014 - WH INFORMA JABABEKA,PT. BINTANG SAMUDRA RAYA,7,ON SCHEDULE,29,0,18.03.2026,16.02.2026,21.02.2026,03.03.2026,03.03.2026,03.03.2026,05.03.2026,,H014,WH INFORMA JABABEKA
R110260215L068_H014,CDD LONG CHASSIS,1400000,0,0,0,0,0,1400000,H014 - WH INFORMA JABABEKA,PT. ARDYA PRIMA INTERNUSA,7,ON SCHEDULE,27,0,16.03.2026,16.02.2026,17.02.2026,23.02.2026,23.02.2026,03.03.2026,06.03.2026,,H014,WH INFORMA JABABEKA
R110260215L069_H014,WINGBOX,11500000,0,0,0,0,0,11500000,H014 - WH INFORMA JABABEKA,PT. BINTANG SAMUDRA RAYA,7,ON SCHEDULE,30,0,19.03.2026,16.02.2026,21.02.2026,24.02.2026,24.02.2026,25.02.2026,26.02.2026,,H014,WH INFORMA JABABEKA
R110260215L070_H014,WINGBOX,4500000,0,0,0,0,0,4500000,H014 - WH INFORMA JABABEKA,PT. CEHA LOGISTIK CEMERLANG,7,ON SCHEDULE,29,0,17.03.2026,15.02.2026,17.02.2026,18.02.2026,18.02.2026,19.02.2026,20.02.2026,,H014,WH INFORMA JABABEKA
R110260215L071_H014,FUSO,3955000,0,0,0,0,0,3955000,H014 - WH INFORMA JABABEKA,PT. DUTA MEDIA MANDIRI,7,ON SCHEDULE,29,0,17.03.2026,15.02.2026,17.02.2026,19.02.2026,19.02.2026,19.02.2026,20.02.2026,,H014,WH INFORMA JABABEKA
R110260215L072_H014,WINGBOX,2599000,0,0,0,0,0,2599000,H014 - WH INFORMA JABABEKA,PT. DUTA MEDIA MANDIRI,7,ON SCHEDULE,27,0,15.03.2026,15.02.2026,16.02.2026,19.02.2026,19.02.2026,19.02.2026,20.02.2026,,H014,WH INFORMA JABABEKA
R110260215L073_H014,WINGBOX,4859000,0,0,0,0,0,4859000,H014 - WH INFORMA JABABEKA,PT. DUTA MEDIA MANDIRI,7,ON SCHEDULE,28,0,17.03.2026,16.02.2026,18.02.2026,19.02.2026,19.02.2026,24.02.2026,25.02.2026,,H014,WH INFORMA JABABEKA
R110260215L074_H014,CDD LONG CHASSIS,5750000,0,0,0,0,0,5750000,H014 - WH INFORMA JABABEKA,PT. DUTA LINTAS NUSA,7,ON SCHEDULE,28,0,17.03.2026,16.02.2026,18.02.2026,27.02.2026,28.02.2026,25.03.2026,25.03.2026,,H014,WH INFORMA JABABEKA
R110260215L075_H014,WINGBOX,5600000,0,0,0,400000,0,6000000,H014 - WH INFORMA JABABEKA,PT. BINTANG SAMUDRA RAYA,7,ON SCHEDULE,29,0,19.03.2026,17.02.2026,20.02.2026,05.03.2026,05.03.2026,05.03.2026,05.03.2026,,H014,WH INFORMA JABABEKA
R110260215L076_H014,CDD LONG CHASSIS,2400000,0,0,0,0,0,2400000,H014 - WH INFORMA JABABEKA,PT. AGUNG MAKMUR JAYA,7,ON SCHEDULE,27,0,15.03.2026,15.02.2026,16.02.2026,18.02.2026,18.02.2026,19.02.2026,20.02.2026,,H014,WH INFORMA JABABEKA
R110260215L081_H014,CDD LONG CHASSIS,5750000,0,0,0,0,0,5750000,H014 - WH INFORMA JABABEKA,PT. DUTA LINTAS NUSA,7,ON SCHEDULE,26,0,15.03.2026,16.02.2026,18.02.2026,02.03.2026,02.03.2026,25.03.2026,25.03.2026,,H014,WH INFORMA JABABEKA
R110260215T036_H014,WINGBOX,5650000,0,0,0,0,0,5650000,H014 - WH INFORMA JABABEKA,PT. DUTA MEDIA MANDIRI,7,ON SCHEDULE,29,0,17.03.2026,15.02.2026,18.02.2026,19.02.2026,19.02.2026,24.02.2026,25.02.2026,,H014,WH INFORMA JABABEKA
R110260215T037_H014,CONT-40,8500000,0,0,0,0,0,8500000,H014 - WH INFORMA JABABEKA,PT. DINOYO PUTRA MANDIRI,7,ON SCHEDULE,29,0,18.03.2026,16.02.2026,19.02.2026,20.02.2026,20.02.2026,26.02.2026,26.02.2026,,H014,WH INFORMA JABABEKA
R110260215T038_H014,CONT-40,8500000,0,0,0,0,0,8500000,H014 - WH INFORMA JABABEKA,PT. DINOYO PUTRA MANDIRI,7,ON SCHEDULE,29,0,17.03.2026,15.02.2026,18.02.2026,20.02.2026,20.02.2026,26.02.2026,26.02.2026,,H014,WH INFORMA JABABEKA
R110260215T039_H014,CONT-40,8500000,0,0,0,0,0,8500000,H014 - WH INFORMA JABABEKA,PT. DINOYO PUTRA MANDIRI,7,ON SCHEDULE,29,0,17.03.2026,15.02.2026,18.02.2026,20.02.2026,20.02.2026,25.02.2026,25.02.2026,,H014,WH INFORMA JABABEKA
R110260215T040_H014,WINGBOX,6600000,0,0,0,0,0,6600000,H014 - WH INFORMA JABABEKA,PT. JAYA MULYA ERALINDO,7,ON SCHEDULE,29,0,17.03.2026,15.02.2026,18.02.2026,02.03.2026,02.03.2026,03.03.2026,03.03.2026,,H014,WH INFORMA JABABEKA
R110260215T041_H014,CONT-20,14300000,0,0,600000,0,0,14900000,H014 - WH INFORMA JABABEKA,PT. PAUS BIRU LOGISTIK,7,ON SCHEDULE,42,0,03.04.2026,19.02.2026,,13.05.2026,14.05.2026,18.05.2026,18.05.2026,,H014,WH INFORMA JABABEKA
R110260215T042_H014,CONT-20,14300000,0,0,600000,0,0,14900000,H014 - WH INFORMA JABABEKA,PT. PAUS BIRU LOGISTIK,7,ON SCHEDULE,42,0,03.04.2026,19.02.2026,,13.05.2026,14.05.2026,18.05.2026,18.05.2026,,H014,WH INFORMA JABABEKA
R110260215T043_H014,CONT-20,15550000,0,0,1250000,0,0,16800000,H014 - WH INFORMA JABABEKA,PT. PAUS BIRU LOGISTIK,7,ON SCHEDULE,40,0,02.04.2026,20.02.2026,02.03.2026,13.04.2026,19.04.2026,23.04.2026,24.04.2026,,H014,WH INFORMA JABABEKA
R110260215T046_H014,CONT-40,18800000,0,0,0,0,0,18800000,H014 - WH INFORMA JABABEKA,PT. WIDYA TRANS CARGO,7,ON SCHEDULE,40,0,31.03.2026,18.02.2026,01.03.2026,12.03.2026,12.03.2026,13.03.2026,13.03.2026,,H014,WH INFORMA JABABEKA
R110260215T047_H014,CONT-40,14200000,0,0,0,0,0,14200000,H014 - WH INFORMA JABABEKA,PT. SENTOSAPRIMA ABADI,7,ON SCHEDULE,37,0,28.03.2026,18.02.2026,25.02.2026,28.04.2026,28.04.2026,04.05.2026,04.05.2026,,H014,WH INFORMA JABABEKA
R110260215T053_H014,WINGBOX,6600000,0,0,0,0,0,6600000,H014 - WH INFORMA JABABEKA,PT. JAYA MULYA ERALINDO,7,ON SCHEDULE,29,0,17.03.2026,15.02.2026,18.02.2026,02.03.2026,02.03.2026,03.03.2026,03.03.2026,,H014,WH INFORMA JABABEKA
R110260215T054_H014,WINGBOX,6600000,0,0,0,0,0,6600000,H014 - WH INFORMA JABABEKA,PT. JAYA MULYA ERALINDO,7,ON SCHEDULE,29,0,17.03.2026,15.02.2026,18.02.2026,02.03.2026,02.03.2026,03.03.2026,03.03.2026,,H014,WH INFORMA JABABEKA
R110260215T055_H014,WINGBOX,6600000,0,0,0,0,0,6600000,H014 - WH INFORMA JABABEKA,PT. JAYA MULYA ERALINDO,7,ON SCHEDULE,29,0,17.03.2026,15.02.2026,18.02.2026,02.03.2026,02.03.2026,03.03.2026,03.03.2026,,H014,WH INFORMA JABABEKA
R110260215T056_H014,WINGBOX,6600000,0,0,0,0,0,6600000,H014 - WH INFORMA JABABEKA,PT. JAYA MULYA ERALINDO,7,ON SCHEDULE,29,0,17.03.2026,15.02.2026,18.02.2026,02.03.2026,02.03.2026,03.03.2026,03.03.2026,,H014,WH INFORMA JABABEKA
R110260215T057_H014,WINGBOX,20000000,0,0,0,0,0,20000000,H014 - WH INFORMA JABABEKA,PT.ORANG KREATIF EKSIS,7,ON SCHEDULE,37,0,30.03.2026,20.02.2026,27.02.2026,06.03.2026,07.03.2026,13.03.2026,13.03.2026,,H014,WH INFORMA JABABEKA
R110260215T058_H014,WINGBOX,5650000,0,0,0,0,0,5650000,H014 - WH INFORMA JABABEKA,PT. DUTA MEDIA MANDIRI,7,ON SCHEDULE,29,0,19.03.2026,17.02.2026,21.02.2026,24.02.2026,24.02.2026,24.02.2026,25.02.2026,,H014,WH INFORMA JABABEKA
R110260216H017_H014,FUSO,19550000,0,0,0,0,0,19550000,H014 - WH INFORMA JABABEKA,PT. DUTA LINTAS NUSA,7,ON SCHEDULE,30,0,19.03.2026,16.02.2026,22.02.2026,12.03.2026,12.03.2026,27.03.2026,27.03.2026,,H014,WH INFORMA JABABEKA
R110260216H038_H014,WINGBOX,2599000,0,0,0,0,0,2599000,H014 - WH INFORMA JABABEKA,PT. ARDYA PRIMA INTERNUSA,7,ON SCHEDULE,27,0,16.03.2026,16.02.2026,17.02.2026,23.02.2026,23.02.2026,03.03.2026,06.03.2026,,H014,WH INFORMA JABABEKA
R110260216H043_H014,WINGBOX,1998000,0,0,0,0,0,1998000,H014 - WH INFORMA JABABEKA,PT. ARDYA PRIMA INTERNUSA,7,ON SCHEDULE,27,0,16.03.2026,16.02.2026,17.02.2026,23.02.2026,23.02.2026,03.03.2026,06.03.2026,,H014,WH INFORMA JABABEKA
R110260216H044_H014,CDD LONG CHASSIS,2200000,0,0,0,0,0,2200000,H014 - WH INFORMA JABABEKA,PT. AGUNG MAKMUR JAYA,7,ON SCHEDULE,27,0,16.03.2026,16.02.2026,17.02.2026,18.02.2026,18.02.2026,19.02.2026,20.02.2026,,H014,WH INFORMA JABABEKA
R110260216H047_H014,WINGBOX,4825000,0,0,0,0,0,4825000,H014 - WH INFORMA JABABEKA,PT. CEHA LOGISTIK CEMERLANG,7,ON SCHEDULE,29,0,18.03.2026,16.02.2026,18.02.2026,18.02.2026,18.02.2026,19.02.2026,20.02.2026,,H014,WH INFORMA JABABEKA
R110260216H048_H014,WINGBOX,4500000,0,0,0,0,0,4500000,H014 - WH INFORMA JABABEKA,PT. CEHA LOGISTIK CEMERLANG,7,ON SCHEDULE,29,0,18.03.2026,16.02.2026,18.02.2026,18.02.2026,19.02.2026,19.02.2026,20.02.2026,,H014,WH INFORMA JABABEKA
R110260216H049_H014,WINGBOX,4300000,0,0,0,0,0,4300000,H014 - WH INFORMA JABABEKA,PT.SIASAT CEPAT MUDA,7,ON SCHEDULE,29,0,18.03.2026,16.02.2026,18.02.2026,19.02.2026,19.02.2026,20.02.2026,24.02.2026,,H014,WH INFORMA JABABEKA
R110260216H051_H014,WINGBOX,11500000,0,0,0,0,0,11500000,H014 - WH INFORMA JABABEKA,PT. BINTANG SAMUDRA RAYA,7,ON SCHEDULE,29,0,18.03.2026,16.02.2026,20.02.2026,24.02.2026,24.02.2026,25.02.2026,26.02.2026,,H014,WH INFORMA JABABEKA
R110260216H052_H014,CONT-20,18200000,0,0,0,0,0,18200000,H014 - WH INFORMA JABABEKA,PT. PAUS BIRU LOGISTIK,7,ON SCHEDULE,42,0,03.04.2026,19.02.2026,02.03.2026,14.04.2026,14.04.2026,14.04.2026,14.04.2026,,H014,WH INFORMA JABABEKA
R110260216H053_H014,CONT-20,18200000,0,0,0,0,0,18200000,H014 - WH INFORMA JABABEKA,PT. PAUS BIRU LOGISTIK,7,ON SCHEDULE,42,0,04.04.2026,20.02.2026,02.03.2026,14.04.2026,14.04.2026,14.04.2026,14.04.2026,,H014,WH INFORMA JABABEKA
R110260216H055_H014,WINGBOX,4300000,0,0,0,0,0,4300000,H014 - WH INFORMA JABABEKA,PT.SIASAT CEPAT MUDA,7,ON SCHEDULE,29,0,19.03.2026,17.02.2026,19.02.2026,19.02.2026,20.02.2026,20.02.2026,24.02.2026,,H014,WH INFORMA JABABEKA
R110260216H056_H014,CDD LONG CHASSIS,1725000,0,0,0,0,0,1725000,H014 - WH INFORMA JABABEKA,PT. BINTANG SAMUDRA RAYA,7,ON SCHEDULE,27,0,16.03.2026,16.02.2026,17.02.2026,23.02.2026,23.02.2026,25.02.2026,26.02.2026,,H014,WH INFORMA JABABEKA
R110260216H060_H014,WINGBOX,19200000,0,0,0,0,0,19200000,H014 - WH INFORMA JABABEKA,PT. SATRIA PIRANTI PERKASA,7,ON SCHEDULE,30,0,20.03.2026,17.02.2026,22.02.2026,11.03.2026,11.03.2026,25.03.2026,25.03.2026,,H014,WH INFORMA JABABEKA
R110260216H061_H014,WINGBOX,1998000,0,0,0,0,0,1998000,H014 - WH INFORMA JABABEKA,PT. ARDYA PRIMA INTERNUSA,7,ON SCHEDULE,27,0,16.03.2026,16.02.2026,17.02.2026,23.02.2026,23.02.2026,03.03.2026,06.03.2026,,H014,WH INFORMA JABABEKA
R110260216H065_H014,WINGBOX,4000000,0,0,0,0,0,4000000,H014 - WH INFORMA JABABEKA,PT. BINTANG SAMUDRA RAYA,7,ON SCHEDULE,28,0,17.03.2026,16.02.2026,18.02.2026,05.03.2026,05.03.2026,27.03.2026,27.03.2026,,H014,WH INFORMA JABABEKA
R110260216H069_H014,WINGBOX,5405000,0,0,0,0,0,5405000,H014 - WH INFORMA JABABEKA,PT. ARDYA PRIMA INTERNUSA,7,ON SCHEDULE,29,0,18.03.2026,16.02.2026,18.02.2026,27.02.2026,27.02.2026,03.03.2026,06.03.2026,,H014,WH INFORMA JABABEKA
R110260216H072_H014,CDD LONG CHASSIS,5800000,0,0,0,0,0,5800000,H014 - WH INFORMA JABABEKA,PT. AGUNG MAKMUR JAYA,7,ON SCHEDULE,28,0,17.03.2026,16.02.2026,18.02.2026,18.02.2026,18.02.2026,19.02.2026,20.02.2026,,H014,WH INFORMA JABABEKA
R110260216H073_H014,CDD LONG CHASSIS,5800000,0,0,0,0,0,5800000,H014 - WH INFORMA JABABEKA,PT. AGUNG MAKMUR JAYA,7,ON SCHEDULE,28,0,17.03.2026,16.02.2026,18.02.2026,18.02.2026,18.02.2026,19.02.2026,20.02.2026,,H014,WH INFORMA JABABEKA
R110260216H074_H014,CDD LONG CHASSIS,5800000,0,0,0,0,0,5800000,H014 - WH INFORMA JABABEKA,PT. AGUNG MAKMUR JAYA,7,ON SCHEDULE,28,0,17.03.2026,16.02.2026,18.02.2026,18.02.2026,18.02.2026,19.02.2026,20.02.2026,,H014,WH INFORMA JABABEKA
R110260216H075_H014,FUSO,19550000,0,0,0,0,0,19550000,H014 - WH INFORMA JABABEKA,PT. DUTA LINTAS NUSA,7,ON SCHEDULE,30,0,20.03.2026,17.02.2026,22.02.2026,12.03.2026,12.03.2026,25.03.2026,27.03.2026,,H014,WH INFORMA JABABEKA
R110260216H076_H014,WINGBOX,11500000,0,0,0,0,0,11500000,H014 - WH INFORMA JABABEKA,PT. BINTANG SAMUDRA RAYA,7,ON SCHEDULE,29,0,19.03.2026,17.02.2026,20.02.2026,03.03.2026,03.03.2026,04.03.2026,05.03.2026,,H014,WH INFORMA JABABEKA
R110260216H077_H014,WINGBOX,5405000,0,0,0,0,647500,6052500,H014 - WH INFORMA JABABEKA,PT. ARDYA PRIMA INTERNUSA,7,ON SCHEDULE,29,0,19.03.2026,17.02.2026,,02.03.2026,02.03.2026,03.03.2026,06.03.2026,,H014,WH INFORMA JABABEKA
R110260216H077_H014,WINGBOX,5405000,0,0,0,0,647500,6052500,H014 - WH INFORMA JABABEKA,PT. ARDYA PRIMA INTERNUSA,7,ON SCHEDULE,29,0,19.03.2026,17.02.2026,,02.03.2026,02.03.2026,03.03.2026,06.03.2026,,H014,WH INFORMA JABABEKA
R110260216H078_H014,CDD LONG CHASSIS,12500000,0,0,0,0,0,12500000,H014 - WH INFORMA JABABEKA,PT.ORANG KREATIF EKSIS,7,ON SCHEDULE,30,0,20.03.2026,17.02.2026,21.02.2026,26.02.2026,26.02.2026,02.03.2026,02.03.2026,,H014,WH INFORMA JABABEKA
R110260216L016_H014,CDD LONG CHASSIS,5750000,0,0,0,0,0,5750000,H014 - WH INFORMA JABABEKA,PT. DUTA LINTAS NUSA,7,ON SCHEDULE,28,0,18.03.2026,17.02.2026,19.02.2026,02.03.2026,02.03.2026,25.03.2026,25.03.2026,,H014,WH INFORMA JABABEKA
R110260216L036_H014,CDD LONG CHASSIS,5750000,0,0,0,0,0,5750000,H014 - WH INFORMA JABABEKA,PT. DUTA LINTAS NUSA,7,ON SCHEDULE,28,0,19.03.2026,18.02.2026,21.02.2026,02.03.2026,02.03.2026,25.03.2026,25.03.2026,,H014,WH INFORMA JABABEKA
R110260216L047_H014,WINGBOX,1998000,600000,0,0,0,0,2598000,H014 - WH INFORMA JABABEKA,PT. ARDYA PRIMA INTERNUSA,7,ON SCHEDULE,27,0,17.03.2026,17.02.2026,18.02.2026,27.02.2026,28.02.2026,03.03.2026,06.03.2026,,H014,WH INFORMA JABABEKA
R110260216L049_H014,FUSO,1977500,0,0,0,0,0,1977500,H014 - WH INFORMA JABABEKA,PT. DUTA MEDIA MANDIRI,7,ON SCHEDULE,27,0,17.03.2026,17.02.2026,18.02.2026,19.02.2026,19.02.2026,24.02.2026,25.02.2026,,H014,WH INFORMA JABABEKA
R110260216L055_H014,CONT-40,15500000,0,0,0,0,0,15500000,H014 - WH INFORMA JABABEKA,PT. CIKARANG GERBANG SOLUSI,2,LATE,6,168,23.02.2026,16.02.2026,,,,,,,H014,WH INFORMA JABABEKA
R110260216L056_H014,CONT-40,15500000,0,0,0,0,0,15500000,H014 - WH INFORMA JABABEKA,PT. CIKARANG GERBANG SOLUSI,2,LATE,6,168,23.02.2026,16.02.2026,,,,,,,H014,WH INFORMA JABABEKA
R110260216L064_H014,CDD LONG CHASSIS,5750000,0,0,0,0,0,5750000,H014 - WH INFORMA JABABEKA,PT. DUTA LINTAS NUSA,7,ON SCHEDULE,28,0,19.03.2026,18.02.2026,21.02.2026,02.03.2026,02.03.2026,25.03.2026,25.03.2026,,H014,WH INFORMA JABABEKA
R110260216L065_H014,CDD LONG CHASSIS,4900000,0,0,0,0,0,4900000,H014 - WH INFORMA JABABEKA,PT.ORANG KREATIF EKSIS,7,ON SCHEDULE,28,0,18.03.2026,17.02.2026,19.02.2026,23.02.2026,23.02.2026,02.03.2026,04.03.2026,,H014,WH INFORMA JABABEKA
R110260216L066_H014,CDD LONG CHASSIS,1750000,0,0,0,0,0,1750000,H014 - WH INFORMA JABABEKA,PT. CATUR GLOBAL LOGISTIK,7,ON SCHEDULE,26,0,16.03.2026,17.02.2026,18.02.2026,25.02.2026,25.02.2026,26.02.2026,26.02.2026,,H014,WH INFORMA JABABEKA
R110260216L068_H014,CDD LONG CHASSIS,3500000,0,0,0,0,0,3500000,H014 - WH INFORMA JABABEKA,PT. AGUNG MAKMUR JAYA,7,ON SCHEDULE,30,0,19.03.2026,16.02.2026,18.02.2026,18.02.2026,18.02.2026,19.02.2026,20.02.2026,,H014,WH INFORMA JABABEKA
R110260216L073_H014,CDD LONG CHASSIS,3600000,0,0,0,0,0,3600000,H014 - WH INFORMA JABABEKA,PT LOGISTIK CANGGIH INDONESIA,7,ON SCHEDULE,30,0,20.03.2026,17.02.2026,19.02.2026,04.03.2026,05.03.2026,05.03.2026,10.03.2026,,H014,WH INFORMA JABABEKA
R110260216L083_H014,CDD LONG CHASSIS,3600000,0,0,0,300000,0,3900000,H014 - WH INFORMA JABABEKA,PT. BINTANG SAMUDRA RAYA,7,ON SCHEDULE,30,0,20.03.2026,17.02.2026,19.02.2026,09.03.2026,09.03.2026,10.03.2026,10.03.2026,,H014,WH INFORMA JABABEKA
R110260216L091_H014,CONT-20,18200000,0,0,0,0,0,18200000,H014 - WH INFORMA JABABEKA,PT. PAUS BIRU LOGISTIK,7,ON SCHEDULE,42,0,04.04.2026,20.02.2026,02.03.2026,14.04.2026,14.04.2026,14.04.2026,14.04.2026,,H014,WH INFORMA JABABEKA
R110260216L092_H014,CONT-20,11500000,0,0,0,0,0,11500000,H014 - WH INFORMA JABABEKA,PT. TPIL LOGISTICS,7,ON SCHEDULE,38,0,02.04.2026,22.02.2026,02.03.2026,02.03.2026,02.03.2026,30.04.2026,30.04.2026,,H014,WH INFORMA JABABEKA
R110260216L098_H014,CDD LONG CHASSIS,3600000,0,0,0,0,0,3600000,H014 - WH INFORMA JABABEKA,PT. BINTANG SAMUDRA RAYA,6,LATE,26,168,16.03.2026,17.02.2026,,09.04.2026,10.04.2026,10.04.2026,22.04.2026,,H014,WH INFORMA JABABEKA
R110260216L100_H014,CDD LONG CHASSIS,10300000,0,0,0,0,0,10300000,H014 - WH INFORMA JABABEKA,PT. BINTANG SAMUDRA RAYA,7,ON SCHEDULE,30,0,19.03.2026,16.02.2026,21.02.2026,02.03.2026,02.03.2026,04.03.2026,05.03.2026,,H014,WH INFORMA JABABEKA
R110260216T036_H014,WINGBOX,20000000,0,0,0,0,0,20000000,H014 - WH INFORMA JABABEKA,PT.ORANG KREATIF EKSIS,7,ON SCHEDULE,37,0,26.03.2026,16.02.2026,24.02.2026,26.02.2026,26.02.2026,02.03.2026,04.03.2026,,H014,WH INFORMA JABABEKA
R110260216T037_H014,WINGBOX,5650000,0,0,0,0,0,5650000,H014 - WH INFORMA JABABEKA,PT. DUTA MEDIA MANDIRI,7,ON SCHEDULE,29,0,19.03.2026,17.02.2026,21.02.2026,24.02.2026,24.02.2026,24.02.2026,25.02.2026,,H014,WH INFORMA JABABEKA
R110260216T038_H014,WINGBOX,6600000,0,0,0,0,0,6600000,H014 - WH INFORMA JABABEKA,PT. JAYA MULYA ERALINDO,7,ON SCHEDULE,29,0,18.03.2026,16.02.2026,19.02.2026,02.03.2026,02.03.2026,03.03.2026,03.03.2026,,H014,WH INFORMA JABABEKA
R110260216T039_H014,CONT-40,8750000,0,0,0,0,0,8750000,H014 - WH INFORMA JABABEKA,PT. CIKARANG GERBANG SOLUSI,4,LATE,17,168,06.03.2026,16.02.2026,21.02.2026,27.04.2026,28.04.2026,29.05.2026,29.05.2026,,H014,WH INFORMA JABABEKA
R110260216T040_H014,CONT-40,8750000,0,0,0,0,0,8750000,H014 - WH INFORMA JABABEKA,PT. CIKARANG GERBANG SOLUSI,4,LATE,17,168,07.03.2026,17.02.2026,22.02.2026,27.04.2026,28.04.2026,29.05.2026,29.05.2026,,H014,WH INFORMA JABABEKA
R110260216T041_H014,CONT-40,8750000,0,0,0,0,0,8750000,H014 - WH INFORMA JABABEKA,PT. CIKARANG GERBANG SOLUSI,4,LATE,17,167,07.03.2026,17.02.2026,22.02.2026,27.04.2026,28.04.2026,29.05.2026,29.05.2026,,H014,WH INFORMA JABABEKA
R110260216T042_H014,CONT-40,13850000,0,0,1500000,0,0,15350000,H014 - WH INFORMA JABABEKA,PT. SENTOSAPRIMA ABADI,7,ON SCHEDULE,46,0,05.04.2026,17.02.2026,03.03.2026,27.04.2026,28.04.2026,28.04.2026,28.04.2026,,H014,WH INFORMA JABABEKA
R110260216T043_H014,CONT-40,13850000,0,0,1500000,0,0,15350000,H014 - WH INFORMA JABABEKA,PT. SENTOSAPRIMA ABADI,7,ON SCHEDULE,46,0,07.04.2026,19.02.2026,03.03.2026,27.04.2026,28.04.2026,28.04.2026,28.04.2026,,H014,WH INFORMA JABABEKA
R110260216T045_H014,CONT-40,23450000,0,0,1500000,0,0,24950000,H014 - WH INFORMA JABABEKA,PT. SENTOSAPRIMA ABADI,7,ON SCHEDULE,46,0,13.04.2026,25.02.2026,10.03.2026,27.04.2026,28.04.2026,28.04.2026,28.04.2026,,H014,WH INFORMA JABABEKA
R110260216T046_H014,WINGBOX,6600000,0,0,0,0,0,6600000,H014 - WH INFORMA JABABEKA,PT. JAYA MULYA ERALINDO,7,ON SCHEDULE,29,0,18.03.2026,16.02.2026,19.02.2026,02.03.2026,02.03.2026,03.03.2026,03.03.2026,,H014,WH INFORMA JABABEKA
R110260216T047_H014,WINGBOX,6700000,0,0,0,0,0,6700000,H014 - WH INFORMA JABABEKA,PT.DHANESWARA EXPRES,7,ON SCHEDULE,29,0,19.03.2026,17.02.2026,21.02.2026,05.03.2026,05.03.2026,09.03.2026,09.03.2026,,H014,WH INFORMA JABABEKA
R110260216T051_H014,WINGBOX,6700000,0,0,0,0,0,6700000,H014 - WH INFORMA JABABEKA,PT.DHANESWARA EXPRES,7,ON SCHEDULE,29,0,19.03.2026,17.02.2026,21.02.2026,23.02.2026,23.02.2026,03.03.2026,03.03.2026,,H014,WH INFORMA JABABEKA
R110260216T052_H014,CONT-20,10800000,0,0,0,0,0,10800000,H014 - WH INFORMA JABABEKA,PT.BANGKA JAYA LINE,7,ON SCHEDULE,40,0,30.03.2026,17.02.2026,03.03.2026,11.03.2026,11.03.2026,13.03.2026,13.03.2026,,H014,WH INFORMA JABABEKA
R110260216T053_H014,CONT-20,10500000,0,0,400000,0,0,10900000,H014 - WH INFORMA JABABEKA,PT. HAKKA HYDRO TIRTA,7,ON SCHEDULE,40,0,01.04.2026,19.02.2026,16.03.2026,01.04.2026,01.04.2026,02.04.2026,02.04.2026,,H014,WH INFORMA JABABEKA
R110260216T054_H014,CONT-20,16750000,0,0,0,0,0,16750000,H014 - WH INFORMA JABABEKA,PT. SENTOSAPRIMA ABADI,7,ON SCHEDULE,46,0,12.04.2026,24.02.2026,19.03.2026,11.05.2026,11.05.2026,18.05.2026,18.05.2026,,H014,WH INFORMA JABABEKA
R110260216T055_H014,CONT-20,15700000,0,0,0,0,0,15700000,H014 - WH INFORMA JABABEKA,PT. MITRA INTERTRANS FORWARDING,7,ON SCHEDULE,40,0,07.04.2026,25.02.2026,17.03.2026,15.04.2026,16.04.2026,16.04.2026,16.04.2026,,H014,WH INFORMA JABABEKA
R110260216T057_H014,CONT-40,14500000,0,0,0,0,0,14500000,H014 - WH INFORMA JABABEKA,PT. MITRA INTERTRANS FORWARDING,7,ON SCHEDULE,40,0,31.03.2026,18.02.2026,03.03.2026,27.03.2026,27.03.2026,11.05.2026,26.05.2026,,H014,WH INFORMA JABABEKA
R110260216T058_H014,CONT-20,14300000,0,0,600000,0,0,14900000,H014 - WH INFORMA JABABEKA,PT. PAUS BIRU LOGISTIK,7,ON SCHEDULE,42,0,03.04.2026,19.02.2026,01.03.2026,16.04.2026,19.04.2026,18.05.2026,18.05.2026,,H014,WH INFORMA JABABEKA
R110260216T059_H014,CONT-20,10700000,0,0,0,0,0,10700000,H014 - WH INFORMA JABABEKA,PT. WIDYA TRANS CARGO,7,ON SCHEDULE,40,0,30.03.2026,17.02.2026,02.03.2026,27.03.2026,27.03.2026,07.04.2026,07.04.2026,,H014,WH INFORMA JABABEKA
R110260217H034_H014,BIG MAMA,1998000,0,0,0,0,0,1998000,H014 - WH INFORMA JABABEKA,PT. ARDYA PRIMA INTERNUSA,7,ON SCHEDULE,27,0,17.03.2026,17.02.2026,18.02.2026,23.02.2026,23.02.2026,03.03.2026,06.03.2026,,H014,WH INFORMA JABABEKA
R110260217H037_H014,BIG MAMA,1998000,0,0,0,0,0,1998000,H014 - WH INFORMA JABABEKA,PT. ARDYA PRIMA INTERNUSA,7,ON SCHEDULE,27,0,17.03.2026,17.02.2026,18.02.2026,27.02.2026,27.02.2026,03.03.2026,06.03.2026,,H014,WH INFORMA JABABEKA
R110260217H038_H014,BIG MAMA,1998000,0,0,0,0,0,1998000,H014 - WH INFORMA JABABEKA,PT. ARDYA PRIMA INTERNUSA,7,ON SCHEDULE,27,0,17.03.2026,17.02.2026,18.02.2026,23.02.2026,23.02.2026,03.03.2026,06.03.2026,,H014,WH INFORMA JABABEKA
R110260217H039_H014,BIG MAMA,1998000,0,0,0,0,0,1998000,H014 - WH INFORMA JABABEKA,PT. ARDYA PRIMA INTERNUSA,7,ON SCHEDULE,27,0,17.03.2026,17.02.2026,18.02.2026,23.02.2026,23.02.2026,03.03.2026,06.03.2026,,H014,WH INFORMA JABABEKA
R110260217H041_H014,WINGBOX,15000000,0,0,0,0,0,15000000,H014 - WH INFORMA JABABEKA,PT. BINTANG SAMUDRA RAYA,7,ON SCHEDULE,30,0,20.03.2026,17.02.2026,22.02.2026,02.03.2026,02.03.2026,03.03.2026,05.03.2026,,H014,WH INFORMA JABABEKA
R110260217H042_H014,WINGBOX,15250000,0,0,0,0,0,15250000,H014 - WH INFORMA JABABEKA,PT LOGISTIK CANGGIH INDONESIA,7,ON SCHEDULE,30,0,20.03.2026,17.02.2026,22.02.2026,04.03.2026,05.03.2026,05.03.2026,10.03.2026,,H014,WH INFORMA JABABEKA
R110260217H043_H014,CDD LONG CHASSIS,5800000,0,0,0,0,0,5800000,H014 - WH INFORMA JABABEKA,PT. AGUNG MAKMUR JAYA,7,ON SCHEDULE,28,0,18.03.2026,17.02.2026,19.02.2026,19.02.2026,20.02.2026,02.03.2026,04.03.2026,,H014,WH INFORMA JABABEKA
R110260217H044_H014,WINGBOX,11500000,0,0,0,0,0,11500000,H014 - WH INFORMA JABABEKA,PT. BINTANG SAMUDRA RAYA,7,ON SCHEDULE,29,0,19.03.2026,17.02.2026,21.02.2026,03.03.2026,03.03.2026,04.03.2026,05.03.2026,,H014,WH INFORMA JABABEKA
R110260217H045_H014,WINGBOX,17000000,0,0,0,0,0,17000000,H014 - WH INFORMA JABABEKA,PT. BINTANG SAMUDRA RAYA,7,ON SCHEDULE,33,0,24.03.2026,18.02.2026,21.02.2026,02.03.2026,02.03.2026,04.03.2026,05.03.2026,,H014,WH INFORMA JABABEKA
R110260217H046_H014,WINGBOX,3500000,0,0,0,0,0,3500000,H014 - WH INFORMA JABABEKA,PT. BINTANG SAMUDRA RAYA,7,ON SCHEDULE,29,0,19.03.2026,17.02.2026,19.02.2026,23.02.2026,23.02.2026,25.02.2026,26.02.2026,,H014,WH INFORMA JABABEKA
R110260217H048_H014,WINGBOX,4500000,0,0,0,0,0,4500000,H014 - WH INFORMA JABABEKA,PT. CEHA LOGISTIK CEMERLANG,7,ON SCHEDULE,29,0,19.03.2026,17.02.2026,19.02.2026,19.02.2026,19.02.2026,19.02.2026,20.02.2026,,H014,WH INFORMA JABABEKA
R110260217H049_H014,WINGBOX,4500000,0,0,0,0,0,4500000,H014 - WH INFORMA JABABEKA,PT. CEHA LOGISTIK CEMERLANG,7,ON SCHEDULE,29,0,19.03.2026,17.02.2026,19.02.2026,19.02.2026,19.02.2026,19.02.2026,20.02.2026,,H014,WH INFORMA JABABEKA
R110260217H050_H014,WINGBOX,2599000,0,0,0,0,0,2599000,H014 - WH INFORMA JABABEKA,PT. DUTA MEDIA MANDIRI,7,ON SCHEDULE,27,0,17.03.2026,17.02.2026,18.02.2026,19.02.2026,19.02.2026,24.02.2026,25.02.2026,,H014,WH INFORMA JABABEKA
R110260217H051_H014,WINGBOX,4825000,0,0,0,0,0,4825000,H014 - WH INFORMA JABABEKA,PT. CEHA LOGISTIK CEMERLANG,7,ON SCHEDULE,29,0,19.03.2026,17.02.2026,19.02.2026,19.02.2026,19.02.2026,19.02.2026,20.02.2026,,H014,WH INFORMA JABABEKA
R110260217H052_H014,CDD LONG CHASSIS,2250000,0,0,0,0,0,2250000,H014 - WH INFORMA JABABEKA,PT. BINTANG SAMUDRA RAYA,7,ON SCHEDULE,27,0,17.03.2026,17.02.2026,18.02.2026,23.02.2026,23.02.2026,25.02.2026,26.02.2026,,H014,WH INFORMA JABABEKA
R110260217H053_H014,CDD LONG CHASSIS,2250000,0,0,0,0,0,2250000,H014 - WH INFORMA JABABEKA,PT. BINTANG SAMUDRA RAYA,7,ON SCHEDULE,27,0,17.03.2026,17.02.2026,18.02.2026,23.02.2026,23.02.2026,25.02.2026,26.02.2026,,H014,WH INFORMA JABABEKA
R110260217H054_H014,CDD LONG CHASSIS,2200000,0,0,0,0,0,2200000,H014 - WH INFORMA JABABEKA,PT. AGUNG MAKMUR JAYA,7,ON SCHEDULE,27,0,17.03.2026,17.02.2026,18.02.2026,18.02.2026,18.02.2026,02.03.2026,04.03.2026,,H014,WH INFORMA JABABEKA
R110260217H055_H014,CDD LONG CHASSIS,2850000,0,0,0,0,0,2850000,H014 - WH INFORMA JABABEKA,PT. BINTANG SAMUDRA RAYA,7,ON SCHEDULE,28,0,18.03.2026,17.02.2026,19.02.2026,23.02.2026,23.02.2026,25.02.2026,26.02.2026,,H014,WH INFORMA JABABEKA
R110260217H057_H014,CDD LONG CHASSIS,2850000,0,0,0,0,0,2850000,H014 - WH INFORMA JABABEKA,PT. BINTANG SAMUDRA RAYA,7,ON SCHEDULE,28,0,18.03.2026,17.02.2026,19.02.2026,23.02.2026,23.02.2026,25.02.2026,26.02.2026,,H014,WH INFORMA JABABEKA
R110260217H060_H014,CDD LONG CHASSIS,2250000,0,0,0,0,0,2250000,H014 - WH INFORMA JABABEKA,PT. BINTANG SAMUDRA RAYA,7,ON SCHEDULE,27,0,17.03.2026,17.02.2026,18.02.2026,23.02.2026,23.02.2026,25.02.2026,26.02.2026,,H014,WH INFORMA JABABEKA
R110260217H065_H014,CDD LONG CHASSIS,3500000,0,0,0,0,0,3500000,H014 - WH INFORMA JABABEKA,PT. CEHA LOGISTIK CEMERLANG,7,ON SCHEDULE,29,0,19.03.2026,17.02.2026,19.02.2026,19.02.2026,19.02.2026,19.02.2026,20.02.2026,,H014,WH INFORMA JABABEKA
R110260217H066_H014,CDD LONG CHASSIS,2250000,0,0,0,0,0,2250000,H014 - WH INFORMA JABABEKA,PT. BINTANG SAMUDRA RAYA,7,ON SCHEDULE,27,0,18.03.2026,18.02.2026,19.02.2026,23.02.2026,23.02.2026,25.02.2026,26.02.2026,,H014,WH INFORMA JABABEKA
R110260217H067_H014,WINGBOX,4825000,0,0,0,0,0,4825000,H014 - WH INFORMA JABABEKA,PT. CEHA LOGISTIK CEMERLANG,7,ON SCHEDULE,29,0,19.03.2026,17.02.2026,19.02.2026,19.02.2026,19.02.2026,19.02.2026,20.02.2026,,H014,WH INFORMA JABABEKA
R110260217H068_H014,WINGBOX,18000000,0,0,0,0,0,18000000,H014 - WH INFORMA JABABEKA,PT. BINTANG SAMUDRA RAYA,7,ON SCHEDULE,31,0,22.03.2026,18.02.2026,24.02.2026,03.03.2026,03.03.2026,04.03.2026,05.03.2026,,H014,WH INFORMA JABABEKA
R110260217H069_H014,CDD LONG CHASSIS,2200000,0,0,0,0,0,2200000,H014 - WH INFORMA JABABEKA,PT. AGUNG MAKMUR JAYA,7,ON SCHEDULE,27,0,17.03.2026,17.02.2026,18.02.2026,18.02.2026,18.02.2026,02.03.2026,04.03.2026,,H014,WH INFORMA JABABEKA
R110260217H070_H014,WINGBOX,4025000,0,0,0,0,0,4025000,H014 - WH INFORMA JABABEKA,PT.SIASAT CEPAT MUDA,7,ON SCHEDULE,29,0,22.03.2026,20.02.2026,21.02.2026,25.02.2026,26.02.2026,26.02.2026,26.02.2026,,H014,WH INFORMA JABABEKA
R110260217H075_H014,CDD LONG CHASSIS,2850000,0,0,0,0,0,2850000,H014 - WH INFORMA JABABEKA,PT. BINTANG SAMUDRA RAYA,7,ON SCHEDULE,28,0,18.03.2026,17.02.2026,19.02.2026,23.02.2026,23.02.2026,25.02.2026,26.02.2026,,H014,WH INFORMA JABABEKA
R110260217H076_H014,CDD LONG CHASSIS,3600000,0,0,0,0,0,3600000,H014 - WH INFORMA JABABEKA,PT. BINTANG SAMUDRA RAYA,7,ON SCHEDULE,29,0,19.03.2026,17.02.2026,19.02.2026,23.02.2026,23.02.2026,25.02.2026,26.02.2026,,H014,WH INFORMA JABABEKA
R110260217H077_H014,FUSO,14950000,0,0,0,0,0,14950000,H014 - WH INFORMA JABABEKA,PT. DUTA LINTAS NUSA,7,ON SCHEDULE,29,0,19.03.2026,17.02.2026,21.02.2026,11.03.2026,11.03.2026,25.03.2026,27.03.2026,,H014,WH INFORMA JABABEKA
R110260217H078_H014,CDD LONG CHASSIS,3600000,0,0,0,0,0,3600000,H014 - WH INFORMA JABABEKA,PT. BINTANG SAMUDRA RAYA,7,ON SCHEDULE,29,0,19.03.2026,17.02.2026,19.02.2026,23.02.2026,23.02.2026,25.02.2026,26.02.2026,,H014,WH INFORMA JABABEKA
R110260217L049_H014,CDD LONG CHASSIS,2100000,0,0,0,300000,0,2400000,H014 - WH INFORMA JABABEKA,PT. BINTANG SAMUDRA RAYA,7,ON SCHEDULE,27,0,18.03.2026,18.02.2026,19.02.2026,27.02.2026,28.02.2026,02.03.2026,02.03.2026,,H014,WH INFORMA JABABEKA
R110260217L050_H014,CDD LONG CHASSIS,7400000,0,0,0,0,0,7400000,H014 - WH INFORMA JABABEKA,PT. BINTANG SAMUDRA RAYA,7,ON SCHEDULE,30,0,21.03.2026,18.02.2026,21.02.2026,02.03.2026,02.03.2026,04.03.2026,05.03.2026,,H014,WH INFORMA JABABEKA
R110260217L051_H014,CDD LONG CHASSIS,9300000,0,0,0,0,0,9300000,H014 - WH INFORMA JABABEKA,PT. AGUNG MAKMUR JAYA,7,ON SCHEDULE,31,0,21.03.2026,17.02.2026,21.02.2026,25.02.2026,26.02.2026,02.03.2026,04.03.2026,,H014,WH INFORMA JABABEKA
R110260217L052_H014,CDD LONG CHASSIS,3500000,0,0,0,300000,0,3800000,H014 - WH INFORMA JABABEKA,PT.DHANESWARA EXPRES,7,ON SCHEDULE,30,0,21.03.2026,18.02.2026,19.02.2026,25.02.2026,27.02.2026,03.03.2026,03.03.2026,,H014,WH INFORMA JABABEKA
R110260217L056_H014,CDD LONG CHASSIS,4900000,0,0,0,0,0,4900000,H014 - WH INFORMA JABABEKA,PT.ORANG KREATIF EKSIS,7,ON SCHEDULE,28,0,18.03.2026,17.02.2026,19.02.2026,26.02.2026,26.02.2026,02.03.2026,04.03.2026,,H014,WH INFORMA JABABEKA
R110260217L057_H014,CDD LONG CHASSIS,4900000,0,0,0,0,0,4900000,H014 - WH INFORMA JABABEKA,PT.ORANG KREATIF EKSIS,7,ON SCHEDULE,28,0,19.03.2026,18.02.2026,19.02.2026,23.02.2026,23.02.2026,02.03.2026,04.03.2026,,H014,WH INFORMA JABABEKA
R110260217L076_H014,CDD LONG CHASSIS,2350000,0,0,0,0,0,2350000,H014 - WH INFORMA JABABEKA,PT. BINTANG SAMUDRA RAYA,7,ON SCHEDULE,27,0,17.03.2026,17.02.2026,19.02.2026,05.03.2026,05.03.2026,27.03.2026,27.03.2026,,H014,WH INFORMA JABABEKA
R110260217L083_H014,CDD LONG CHASSIS,13000000,0,0,0,0,0,13000000,H014 - WH INFORMA JABABEKA,PT LOGISTIK CANGGIH INDONESIA,7,ON SCHEDULE,31,0,22.03.2026,18.02.2026,21.02.2026,04.03.2026,05.03.2026,05.03.2026,10.03.2026,,H014,WH INFORMA JABABEKA
R110260217T028_H014,CONT-40,26000000,0,0,2500000,0,0,28500000,H014 - WH INFORMA JABABEKA,PT. PAUS BIRU LOGISTIK,7,ON SCHEDULE,40,0,03.04.2026,21.02.2026,06.03.2026,13.04.2026,19.04.2026,23.04.2026,24.04.2026,,H014,WH INFORMA JABABEKA
R110260217T030_H014,CONT-40,14500000,0,0,0,0,0,14500000,H014 - WH INFORMA JABABEKA,PT. MITRA INTERTRANS FORWARDING,7,ON SCHEDULE,40,0,31.03.2026,18.02.2026,03.03.2026,27.03.2026,27.03.2026,11.05.2026,26.05.2026,,H014,WH INFORMA JABABEKA
R110260217T031_H014,CONT-40,13800000,0,0,0,0,0,13800000,H014 - WH INFORMA JABABEKA,PT. SENTOSAPRIMA ABADI,7,ON SCHEDULE,40,0,01.04.2026,19.02.2026,02.03.2026,16.04.2026,17.04.2026,20.04.2026,20.04.2026,,H014,WH INFORMA JABABEKA
R110260217T032_H014,CONT-40,27000000,0,0,1000000,0,0,28000000,H014 - WH INFORMA JABABEKA,PT. PAUS BIRU LOGISTIK,7,ON SCHEDULE,42,0,06.04.2026,22.02.2026,06.03.2026,16.04.2026,19.04.2026,21.04.2026,22.04.2026,,H014,WH INFORMA JABABEKA
R110260217T033_H014,CONT-40,18800000,0,0,0,0,0,18800000,H014 - WH INFORMA JABABEKA,PT. WIDYA TRANS CARGO,7,ON SCHEDULE,40,0,31.03.2026,18.02.2026,01.03.2026,12.03.2026,12.03.2026,13.03.2026,13.03.2026,,H014,WH INFORMA JABABEKA
R110260217T034_H014,WINGBOX,6600000,0,0,0,0,0,6600000,H014 - WH INFORMA JABABEKA,PT. JAYA MULYA ERALINDO,7,ON SCHEDULE,29,0,19.03.2026,17.02.2026,21.02.2026,02.03.2026,02.03.2026,03.03.2026,03.03.2026,,H014,WH INFORMA JABABEKA
R110260217T036_H014,CONT-40,26000000,0,0,2500000,0,0,28500000,H014 - WH INFORMA JABABEKA,PT. PAUS BIRU LOGISTIK,7,ON SCHEDULE,40,0,04.04.2026,22.02.2026,06.03.2026,13.04.2026,19.04.2026,23.04.2026,24.04.2026,,H014,WH INFORMA JABABEKA
R110260217T038_H014,CONT-40,8750000,0,0,0,0,0,8750000,H014 - WH INFORMA JABABEKA,PT. CIKARANG GERBANG SOLUSI,7,ON SCHEDULE,29,0,19.03.2026,17.02.2026,22.02.2026,17.04.2026,17.04.2026,17.04.2026,17.04.2026,,H014,WH INFORMA JABABEKA
R110260217T039_H014,WINGBOX,6600000,0,0,0,0,0,6600000,H014 - WH INFORMA JABABEKA,PT. JAYA MULYA ERALINDO,7,ON SCHEDULE,29,0,20.03.2026,18.02.2026,22.02.2026,02.03.2026,02.03.2026,03.03.2026,03.03.2026,,H014,WH INFORMA JABABEKA
R110260217T043_H014,WINGBOX,5650000,0,0,0,0,0,5650000,H014 - WH INFORMA JABABEKA,PT. DUTA MEDIA MANDIRI,7,ON SCHEDULE,29,0,20.03.2026,18.02.2026,21.02.2026,24.02.2026,24.02.2026,26.02.2026,27.02.2026,,H014,WH INFORMA JABABEKA
R110260217T047_H014,CONT-20,15000000,0,0,0,0,0,15000000,H014 - WH INFORMA JABABEKA,PT. SENTOSAPRIMA ABADI,7,ON SCHEDULE,37,0,02.04.2026,23.02.2026,04.03.2026,28.04.2026,28.04.2026,04.05.2026,04.05.2026,,H014,WH INFORMA JABABEKA
R110260217T048_H014,CONT-40,14200000,0,0,0,0,0,14200000,H014 - WH INFORMA JABABEKA,PT. SENTOSAPRIMA ABADI,7,ON SCHEDULE,37,0,31.03.2026,21.02.2026,04.03.2026,28.04.2026,28.04.2026,04.05.2026,04.05.2026,,H014,WH INFORMA JABABEKA
R110260217T049_H014,CONT-40,25600000,0,0,0,0,0,25600000,H014 - WH INFORMA JABABEKA,PT. SENTOSAPRIMA ABADI,7,ON SCHEDULE,37,0,01.04.2026,22.02.2026,04.03.2026,28.04.2026,28.04.2026,04.05.2026,04.05.2026,,H014,WH INFORMA JABABEKA
R110260217T050_H014,CONT-20,11800000,0,0,0,0,0,11800000,H014 - WH INFORMA JABABEKA,PT. WIDYA TRANS CARGO,7,ON SCHEDULE,40,0,30.03.2026,17.02.2026,01.03.2026,12.03.2026,12.03.2026,13.03.2026,13.03.2026,,H014,WH INFORMA JABABEKA
R110260217T051_H014,WINGBOX,6600000,0,0,0,0,0,6600000,H014 - WH INFORMA JABABEKA,PT. JAYA MULYA ERALINDO,7,ON SCHEDULE,29,0,20.03.2026,18.02.2026,21.02.2026,02.03.2026,02.03.2026,03.03.2026,03.03.2026,,H014,WH INFORMA JABABEKA
R110260217T052_H014,CONT-20,11800000,0,0,0,0,0,11800000,H014 - WH INFORMA JABABEKA,PT. WIDYA TRANS CARGO,7,ON SCHEDULE,40,0,30.03.2026,17.02.2026,01.03.2026,12.03.2026,12.03.2026,13.03.2026,13.03.2026,,H014,WH INFORMA JABABEKA
R110260218H035_H014,WINGBOX,2599000,0,0,0,0,0,2599000,H014 - WH INFORMA JABABEKA,PT. DUTA MEDIA MANDIRI,7,ON SCHEDULE,27,0,18.03.2026,18.02.2026,19.02.2026,24.02.2026,24.02.2026,24.02.2026,25.02.2026,,H014,WH INFORMA JABABEKA
R110260218H036_H014,WINGBOX,1998000,0,0,0,0,0,1998000,H014 - WH INFORMA JABABEKA,PT. ARDYA PRIMA INTERNUSA,7,ON SCHEDULE,27,0,18.03.2026,18.02.2026,19.02.2026,27.02.2026,27.02.2026,03.03.2026,06.03.2026,,H014,WH INFORMA JABABEKA
R110260218H037_H014,CDD LONG CHASSIS,1400000,0,0,0,0,0,1400000,H014 - WH INFORMA JABABEKA,PT. BINTANG SAMUDRA RAYA,7,ON SCHEDULE,27,0,18.03.2026,18.02.2026,19.02.2026,23.02.2026,23.02.2026,25.02.2026,26.02.2026,,H014,WH INFORMA JABABEKA
R110260218H038_H014,CDD LONG CHASSIS,4900000,0,0,0,0,0,4900000,H014 - WH INFORMA JABABEKA,PT.ORANG KREATIF EKSIS,7,ON SCHEDULE,28,0,20.03.2026,19.02.2026,21.02.2026,03.03.2026,03.03.2026,10.03.2026,10.03.2026,,H014,WH INFORMA JABABEKA
R110260218H039_H014,WINGBOX,4825000,0,0,0,0,0,4825000,H014 - WH INFORMA JABABEKA,PT. CEHA LOGISTIK CEMERLANG,7,ON SCHEDULE,29,0,20.03.2026,18.02.2026,21.02.2026,23.02.2026,23.02.2026,09.03.2026,09.03.2026,,H014,WH INFORMA JABABEKA
R110260218H040_H014,WINGBOX,11500000,0,0,0,0,0,11500000,H014 - WH INFORMA JABABEKA,PT. BINTANG SAMUDRA RAYA,7,ON SCHEDULE,29,0,20.03.2026,18.02.2026,22.02.2026,24.02.2026,24.02.2026,25.02.2026,26.02.2026,,H014,WH INFORMA JABABEKA
R110260218H044_H014,CDD LONG CHASSIS,1400000,0,0,0,0,0,1400000,H014 - WH INFORMA JABABEKA,PT. BINTANG SAMUDRA RAYA,7,ON SCHEDULE,27,0,18.03.2026,18.02.2026,19.02.2026,23.02.2026,23.02.2026,25.02.2026,26.02.2026,,H014,WH INFORMA JABABEKA
R110260218H045_H014,WINGBOX,4000000,0,0,0,0,0,4000000,H014 - WH INFORMA JABABEKA,PT. BINTANG SAMUDRA RAYA,7,ON SCHEDULE,28,0,19.03.2026,18.02.2026,19.02.2026,23.02.2026,23.02.2026,25.02.2026,26.02.2026,,H014,WH INFORMA JABABEKA
R110260218H052_H014,CDD LONG CHASSIS,1400000,0,0,0,0,0,1400000,H014 - WH INFORMA JABABEKA,PT. BINTANG SAMUDRA RAYA,7,ON SCHEDULE,27,0,18.03.2026,18.02.2026,19.02.2026,23.02.2026,23.02.2026,25.02.2026,26.02.2026,,H014,WH INFORMA JABABEKA
R110260218H054_H014,WINGBOX,5175000,0,0,0,0,0,5175000,H014 - WH INFORMA JABABEKA,PT.SIASAT CEPAT MUDA,7,ON SCHEDULE,29,0,20.03.2026,18.02.2026,21.02.2026,25.02.2026,26.02.2026,26.02.2026,26.02.2026,,H014,WH INFORMA JABABEKA
R110260218H059_H014,WINGBOX,11500000,0,0,0,0,0,11500000,H014 - WH INFORMA JABABEKA,PT. BINTANG SAMUDRA RAYA,7,ON SCHEDULE,29,0,22.03.2026,20.02.2026,24.02.2026,02.03.2026,02.03.2026,04.03.2026,05.03.2026,,H014,WH INFORMA JABABEKA
R110260218H060_H014,CDD LONG CHASSIS,3500000,0,0,0,0,0,3500000,H014 - WH INFORMA JABABEKA,PT. AGUNG MAKMUR JAYA,7,ON SCHEDULE,29,0,20.03.2026,18.02.2026,20.02.2026,20.02.2026,20.02.2026,02.03.2026,04.03.2026,,H014,WH INFORMA JABABEKA
R110260218H062_H014,CDD LONG CHASSIS,3500000,0,0,0,0,0,3500000,H014 - WH INFORMA JABABEKA,PT. AGUNG MAKMUR JAYA,7,ON SCHEDULE,29,0,20.03.2026,18.02.2026,20.02.2026,20.02.2026,20.02.2026,02.03.2026,04.03.2026,,H014,WH INFORMA JABABEKA
R110260218H063_H014,CDD LONG CHASSIS,3600000,0,0,0,0,0,3600000,H014 - WH INFORMA JABABEKA,PT. BINTANG SAMUDRA RAYA,7,ON SCHEDULE,29,0,20.03.2026,18.02.2026,20.02.2026,02.03.2026,02.03.2026,04.03.2026,05.03.2026,,H014,WH INFORMA JABABEKA
R110260218L064_H014,CDD LONG CHASSIS,2350000,0,0,0,0,0,2350000,H014 - WH INFORMA JABABEKA,PT. BINTANG SAMUDRA RAYA,7,ON SCHEDULE,27,0,18.03.2026,18.02.2026,20.02.2026,05.03.2026,05.03.2026,27.03.2026,27.03.2026,,H014,WH INFORMA JABABEKA
R110260218L065_H014,CDD LONG CHASSIS,1400000,0,0,0,200000,0,1600000,H014 - WH INFORMA JABABEKA,PT. BINTANG SAMUDRA RAYA,7,ON SCHEDULE,27,0,18.03.2026,18.02.2026,20.02.2026,09.03.2026,09.03.2026,10.03.2026,10.03.2026,,H014,WH INFORMA JABABEKA
R110260218L075_H014,CDD LONG CHASSIS,5800000,0,0,0,0,0,5800000,H014 - WH INFORMA JABABEKA,PT. AGUNG MAKMUR JAYA,7,ON SCHEDULE,28,0,19.03.2026,18.02.2026,19.02.2026,19.02.2026,20.02.2026,02.03.2026,04.03.2026,,H014,WH INFORMA JABABEKA
R110260218L077_H014,CDD LONG CHASSIS,5800000,0,0,0,0,0,5800000,H014 - WH INFORMA JABABEKA,PT. AGUNG MAKMUR JAYA,7,ON SCHEDULE,28,0,19.03.2026,18.02.2026,21.02.2026,25.02.2026,26.02.2026,02.03.2026,04.03.2026,,H014,WH INFORMA JABABEKA
R110260218L078_H014,CDD LONG CHASSIS,4900000,0,0,0,0,0,4900000,H014 - WH INFORMA JABABEKA,PT.ORANG KREATIF EKSIS,7,ON SCHEDULE,28,0,19.03.2026,18.02.2026,21.02.2026,26.02.2026,26.02.2026,02.03.2026,04.03.2026,,H014,WH INFORMA JABABEKA
R110260218L086_H014,CONT-20,11500000,0,0,0,0,0,11500000,H014 - WH INFORMA JABABEKA,PT. TPIL LOGISTICS,7,ON SCHEDULE,38,0,02.04.2026,22.02.2026,02.03.2026,02.03.2026,02.03.2026,10.04.2026,10.04.2026,,H014,WH INFORMA JABABEKA
R110260218L087_H014,CONT-20,10500000,0,0,0,0,0,10500000,H014 - WH INFORMA JABABEKA,PT. TPIL LOGISTICS,7,ON SCHEDULE,42,0,05.04.2026,21.02.2026,04.03.2026,25.03.2026,26.03.2026,10.04.2026,10.04.2026,,H014,WH INFORMA JABABEKA
R110260218L091_H014,CDD LONG CHASSIS,3500000,0,0,0,0,0,3500000,H014 - WH INFORMA JABABEKA,PT. CEHA LOGISTIK CEMERLANG,7,ON SCHEDULE,28,0,20.03.2026,19.02.2026,21.02.2026,23.02.2026,23.02.2026,09.03.2026,09.03.2026,,H014,WH INFORMA JABABEKA
R110260218T016_H014,WINGBOX,20000000,0,0,0,0,0,20000000,H014 - WH INFORMA JABABEKA,PT.ORANG KREATIF EKSIS,7,ON SCHEDULE,37,0,30.03.2026,20.02.2026,25.02.2026,06.03.2026,07.03.2026,13.03.2026,13.03.2026,,H014,WH INFORMA JABABEKA
R110260218T017_H014,WINGBOX,5650000,0,0,0,0,0,5650000,H014 - WH INFORMA JABABEKA,PT. DUTA MEDIA MANDIRI,7,ON SCHEDULE,29,0,21.03.2026,19.02.2026,22.02.2026,24.02.2026,24.02.2026,26.02.2026,27.02.2026,,H014,WH INFORMA JABABEKA
R110260218T019_H014,CONT-20,9000000,0,0,800000,0,0,9800000,H014 - WH INFORMA JABABEKA,PT. HAKKA HYDRO TIRTA,7,ON SCHEDULE,46,0,10.04.2026,22.02.2026,05.03.2026,19.05.2026,20.05.2026,10.06.2026,10.06.2026,,H014,WH INFORMA JABABEKA
R110260218T020_H014,CONT-40,13500000,0,0,1500000,0,0,15000000,H014 - WH INFORMA JABABEKA,PT. HAKKA HYDRO TIRTA,7,ON SCHEDULE,46,0,10.04.2026,22.02.2026,05.03.2026,20.05.2026,20.05.2026,10.06.2026,10.06.2026,,H014,WH INFORMA JABABEKA
R110260218T022_H014,CONT-20,11000000,0,0,0,0,0,11000000,H014 - WH INFORMA JABABEKA,PT.FREIGHT EXPRESS,7,ON SCHEDULE,40,0,31.03.2026,18.02.2026,21.02.2026,06.03.2026,06.03.2026,11.03.2026,11.03.2026,,H014,WH INFORMA JABABEKA
R110260218T032_H014,WINGBOX,6600000,0,0,0,0,0,6600000,H014 - WH INFORMA JABABEKA,PT. JAYA MULYA ERALINDO,7,ON SCHEDULE,29,0,20.03.2026,18.02.2026,22.02.2026,09.03.2026,09.03.2026,10.03.2026,10.03.2026,,H014,WH INFORMA JABABEKA
R110260218T033_H014,WINGBOX,6600000,0,0,0,0,0,6600000,H014 - WH INFORMA JABABEKA,PT. JAYA MULYA ERALINDO,7,ON SCHEDULE,29,0,20.03.2026,18.02.2026,21.02.2026,02.03.2026,02.03.2026,03.03.2026,03.03.2026,,H014,WH INFORMA JABABEKA
R110260218T034_H014,CONT-20,11000000,0,0,0,0,0,11000000,H014 - WH INFORMA JABABEKA,PT.FREIGHT EXPRESS,7,ON SCHEDULE,40,0,31.03.2026,18.02.2026,21.02.2026,06.03.2026,06.03.2026,11.03.2026,11.03.2026,,H014,WH INFORMA JABABEKA
R110260218T035_H014,WINGBOX,5650000,0,0,0,0,0,5650000,H014 - WH INFORMA JABABEKA,PT. DUTA MEDIA MANDIRI,7,ON SCHEDULE,29,0,21.03.2026,19.02.2026,22.02.2026,24.02.2026,24.02.2026,26.02.2026,27.02.2026,,H014,WH INFORMA JABABEKA
R110260218T036_H014,WINGBOX,6600000,0,0,0,0,0,6600000,H014 - WH INFORMA JABABEKA,PT. JAYA MULYA ERALINDO,7,ON SCHEDULE,29,0,20.03.2026,18.02.2026,22.02.2026,02.03.2026,02.03.2026,03.03.2026,03.03.2026,,H014,WH INFORMA JABABEKA
R110260218T037_H014,CONT-20,10500000,0,0,400000,0,0,10900000,H014 - WH INFORMA JABABEKA,PT. HAKKA HYDRO TIRTA,7,ON SCHEDULE,40,0,01.04.2026,19.02.2026,16.03.2026,06.04.2026,06.04.2026,07.04.2026,07.04.2026,,H014,WH INFORMA JABABEKA
R110260218T038_H014,CONT-40,8500000,0,0,0,0,0,8500000,H014 - WH INFORMA JABABEKA,PT. DINOYO PUTRA MANDIRI,7,ON SCHEDULE,29,0,21.03.2026,19.02.2026,22.02.2026,23.02.2026,24.02.2026,26.02.2026,26.02.2026,,H014,WH INFORMA JABABEKA
R110260218T039_H014,CONT-40,34300000,0,0,0,0,0,34300000,H014 - WH INFORMA JABABEKA,PT. PAUS BIRU LOGISTIK,7,ON SCHEDULE,40,0,02.04.2026,20.02.2026,02.03.2026,15.04.2026,15.04.2026,04.05.2026,07.05.2026,,H014,WH INFORMA JABABEKA
R110260218T040_H014,CONT-40,13800000,0,0,0,0,0,13800000,H014 - WH INFORMA JABABEKA,PT. SENTOSAPRIMA ABADI,7,ON SCHEDULE,40,0,01.04.2026,19.02.2026,02.03.2026,16.04.2026,17.04.2026,20.04.2026,20.04.2026,,H014,WH INFORMA JABABEKA
R110260218T041_H014,WINGBOX,20000000,0,0,0,0,0,20000000,H014 - WH INFORMA JABABEKA,PT.ORANG KREATIF EKSIS,7,ON SCHEDULE,37,0,01.04.2026,22.02.2026,01.03.2026,03.03.2026,03.03.2026,10.03.2026,10.03.2026,,H014,WH INFORMA JABABEKA
R110260218T042_H014,CONT-40,13800000,0,0,0,0,0,13800000,H014 - WH INFORMA JABABEKA,PT. SENTOSAPRIMA ABADI,7,ON SCHEDULE,40,0,01.04.2026,19.02.2026,02.03.2026,16.04.2026,17.04.2026,20.04.2026,20.04.2026,,H014,WH INFORMA JABABEKA
R110260218T043_H014,CONT-40,25600000,0,0,0,0,0,25600000,H014 - WH INFORMA JABABEKA,PT. SENTOSAPRIMA ABADI,7,ON SCHEDULE,37,0,01.04.2026,22.02.2026,04.03.2026,04.05.2026,04.05.2026,07.05.2026,07.05.2026,,H014,WH INFORMA JABABEKA
R110260218T044_H014,CONT-40,25600000,0,0,0,0,0,25600000,H014 - WH INFORMA JABABEKA,PT. SENTOSAPRIMA ABADI,7,ON SCHEDULE,37,0,01.04.2026,22.02.2026,04.03.2026,04.05.2026,04.05.2026,07.05.2026,07.05.2026,,H014,WH INFORMA JABABEKA
R110260218T045_H014,CONT-40,27000000,0,0,1000000,0,0,28000000,H014 - WH INFORMA JABABEKA,PT. PAUS BIRU LOGISTIK,7,ON SCHEDULE,42,0,10.04.2026,26.02.2026,06.03.2026,24.04.2026,24.04.2026,24.04.2026,27.04.2026,,H014,WH INFORMA JABABEKA
R110260218T048_H014,CONT-20,10700000,0,0,0,0,0,10700000,H014 - WH INFORMA JABABEKA,PT. WIDYA TRANS CARGO,7,ON SCHEDULE,40,0,03.04.2026,21.02.2026,02.03.2026,27.03.2026,27.03.2026,07.04.2026,07.04.2026,,H014,WH INFORMA JABABEKA
R110260218T049_H014,CONT-20,9450000,0,0,0,0,0,9450000,H014 - WH INFORMA JABABEKA,PT. SENTOSAPRIMA ABADI,7,ON SCHEDULE,40,0,02.04.2026,20.02.2026,04.03.2026,17.04.2026,17.04.2026,28.04.2026,28.04.2026,,H014,WH INFORMA JABABEKA
R110260218T050_H014,CONT-20,14300000,0,0,600000,0,0,14900000,H014 - WH INFORMA JABABEKA,PT. PAUS BIRU LOGISTIK,7,ON SCHEDULE,42,0,06.04.2026,22.02.2026,06.03.2026,16.04.2026,19.04.2026,21.04.2026,22.04.2026,,H014,WH INFORMA JABABEKA
R110260218T051_H014,CONT-20,14300000,0,0,600000,0,0,14900000,H014 - WH INFORMA JABABEKA,PT. PAUS BIRU LOGISTIK,7,ON SCHEDULE,42,0,06.04.2026,22.02.2026,06.03.2026,16.04.2026,19.04.2026,21.04.2026,22.04.2026,,H014,WH INFORMA JABABEKA
R110260218T052_H014,CONT-20,10700000,0,0,0,0,0,10700000,H014 - WH INFORMA JABABEKA,PT. WIDYA TRANS CARGO,7,ON SCHEDULE,40,0,04.04.2026,22.02.2026,02.03.2026,24.04.2026,24.04.2026,29.04.2026,29.04.2026,,H014,WH INFORMA JABABEKA
R110260218T055_H014,WINGBOX,5600000,0,0,0,0,0,5600000,H014 - WH INFORMA JABABEKA,PT. BINTANG SAMUDRA RAYA,7,ON SCHEDULE,29,0,21.03.2026,19.02.2026,22.02.2026,02.03.2026,02.03.2026,04.03.2026,05.03.2026,,H014,WH INFORMA JABABEKA
R110260219H038_H014,CDD LONG CHASSIS,3705000,0,0,0,0,0,3705000,H014 - WH INFORMA JABABEKA,PT. DUTA MEDIA MANDIRI,7,ON SCHEDULE,29,0,22.03.2026,20.02.2026,22.02.2026,24.02.2026,24.02.2026,24.02.2026,25.02.2026,,H014,WH INFORMA JABABEKA
R110260219H039_H014,CDD LONG CHASSIS,2350000,0,0,0,0,0,2350000,H014 - WH INFORMA JABABEKA,PT. BINTANG SAMUDRA RAYA,7,ON SCHEDULE,29,0,21.03.2026,19.02.2026,21.02.2026,23.02.2026,23.02.2026,25.02.2026,26.02.2026,,H014,WH INFORMA JABABEKA
R110260219H040_H014,WINGBOX,3500000,0,0,0,0,0,3500000,H014 - WH INFORMA JABABEKA,PT. BINTANG SAMUDRA RAYA,7,ON SCHEDULE,29,0,21.03.2026,19.02.2026,21.02.2026,05.03.2026,05.03.2026,27.03.2026,27.03.2026,,H014,WH INFORMA JABABEKA
R110260219H042_H014,CDD LONG CHASSIS,1400000,0,0,0,0,0,1400000,H014 - WH INFORMA JABABEKA,PT. BINTANG SAMUDRA RAYA,7,ON SCHEDULE,27,0,19.03.2026,19.02.2026,20.02.2026,23.02.2026,23.02.2026,25.02.2026,26.02.2026,,H014,WH INFORMA JABABEKA
R110260219H043_H014,WINGBOX,4500000,0,0,0,0,0,4500000,H014 - WH INFORMA JABABEKA,PT. CEHA LOGISTIK CEMERLANG,7,ON SCHEDULE,29,0,22.03.2026,20.02.2026,22.02.2026,23.02.2026,23.02.2026,09.03.2026,09.03.2026,,H014,WH INFORMA JABABEKA
R110260219H044_H014,WINGBOX,4500000,0,0,0,0,0,4500000,H014 - WH INFORMA JABABEKA,PT. CEHA LOGISTIK CEMERLANG,7,ON SCHEDULE,29,0,21.03.2026,19.02.2026,21.02.2026,23.02.2026,23.02.2026,09.03.2026,09.03.2026,,H014,WH INFORMA JABABEKA
R110260219H045_H014,CDD LONG CHASSIS,4900000,0,0,0,0,0,4900000,H014 - WH INFORMA JABABEKA,PT.ORANG KREATIF EKSIS,7,ON SCHEDULE,28,0,20.03.2026,19.02.2026,21.02.2026,03.03.2026,03.03.2026,10.03.2026,10.03.2026,,H014,WH INFORMA JABABEKA
R110260219H046_H014,CDD LONG CHASSIS,4900000,0,0,0,0,0,4900000,H014 - WH INFORMA JABABEKA,PT.ORANG KREATIF EKSIS,7,ON SCHEDULE,28,0,20.03.2026,19.02.2026,21.02.2026,03.03.2026,03.03.2026,10.03.2026,10.03.2026,,H014,WH INFORMA JABABEKA
R110260219H047_H014,WINGBOX,17750000,0,0,0,0,0,17750000,H014 - WH INFORMA JABABEKA,PT. BINTANG SAMUDRA RAYA,7,ON SCHEDULE,30,0,23.03.2026,20.02.2026,25.02.2026,02.03.2026,02.03.2026,03.03.2026,05.03.2026,,H014,WH INFORMA JABABEKA
R110260219H050_H014,FUSO,14750000,0,0,0,0,0,14750000,H014 - WH INFORMA JABABEKA,PT. SATRIA PIRANTI PERKASA,7,ON SCHEDULE,29,0,21.03.2026,19.02.2026,24.02.2026,06.03.2026,06.03.2026,31.03.2026,31.03.2026,,H014,WH INFORMA JABABEKA
R110260219H051_H014,CDD LONG CHASSIS,2200000,0,0,0,0,0,2200000,H014 - WH INFORMA JABABEKA,PT. AGUNG MAKMUR JAYA,7,ON SCHEDULE,27,0,19.03.2026,19.02.2026,20.02.2026,20.02.2026,20.02.2026,02.03.2026,02.03.2026,,H014,WH INFORMA JABABEKA
R110260219H052_H014,CDD LONG CHASSIS,3500000,0,0,0,0,0,3500000,H014 - WH INFORMA JABABEKA,PT. AGUNG MAKMUR JAYA,7,ON SCHEDULE,29,0,22.03.2026,20.02.2026,22.02.2026,25.02.2026,26.02.2026,02.03.2026,02.03.2026,,H014,WH INFORMA JABABEKA
R110260219H053_H014,WINGBOX,4500000,0,0,0,0,0,4500000,H014 - WH INFORMA JABABEKA,PT. CEHA LOGISTIK CEMERLANG,7,ON SCHEDULE,29,0,22.03.2026,20.02.2026,22.02.2026,23.02.2026,23.02.2026,09.03.2026,09.03.2026,,H014,WH INFORMA JABABEKA
R110260219H054_H014,FUSO,19200000,0,0,0,0,0,19200000,H014 - WH INFORMA JABABEKA,PT. SATRIA PIRANTI PERKASA,7,ON SCHEDULE,30,0,23.03.2026,20.02.2026,25.02.2026,06.04.2026,07.04.2026,08.04.2026,09.04.2026,,H014,WH INFORMA JABABEKA
R110260219H055_H014,CDD LONG CHASSIS,2850000,0,0,0,0,0,2850000,H014 - WH INFORMA JABABEKA,PT. BINTANG SAMUDRA RAYA,7,ON SCHEDULE,28,0,20.03.2026,19.02.2026,20.02.2026,23.02.2026,23.02.2026,25.02.2026,26.02.2026,,H014,WH INFORMA JABABEKA
R110260219H056_H014,CONT-20,11300000,0,0,0,0,0,11300000,H014 - WH INFORMA JABABEKA,PT. SENTOSAPRIMA ABADI,7,ON SCHEDULE,42,0,05.04.2026,21.02.2026,08.03.2026,30.04.2026,30.04.2026,07.05.2026,07.05.2026,,H014,WH INFORMA JABABEKA
R110260219H058_H014,FUSO,19200000,0,0,0,0,0,19200000,H014 - WH INFORMA JABABEKA,PT. SATRIA PIRANTI PERKASA,7,ON SCHEDULE,30,0,23.03.2026,20.02.2026,25.02.2026,11.03.2026,11.03.2026,25.03.2026,25.03.2026,,H014,WH INFORMA JABABEKA
R110260219H059_H014,CDD LONG,3600000,0,0,0,0,0,3600000,H014 - WH INFORMA JABABEKA,PT. BINTANG SAMUDRA RAYA,7,ON SCHEDULE,29,0,21.03.2026,19.02.2026,21.02.2026,23.02.2026,23.02.2026,25.02.2026,26.02.2026,,H014,WH INFORMA JABABEKA
R110260219H061_H014,CDD LONG CHASSIS,12500000,0,0,0,0,0,12500000,H014 - WH INFORMA JABABEKA,PT.ORANG KREATIF EKSIS,7,ON SCHEDULE,30,0,22.03.2026,19.02.2026,25.02.2026,26.02.2026,26.02.2026,02.03.2026,02.03.2026,,H014,WH INFORMA JABABEKA
R110260219H062_H014,CDD LONG CHASSIS,1400000,0,0,0,0,0,1400000,H014 - WH INFORMA JABABEKA,PT. BINTANG SAMUDRA RAYA,7,ON SCHEDULE,27,0,19.03.2026,19.02.2026,20.02.2026,23.02.2026,23.02.2026,25.02.2026,26.02.2026,,H014,WH INFORMA JABABEKA
R110260219H063_H014,CDD LONG CHASSIS,4900000,0,0,0,0,0,4900000,H014 - WH INFORMA JABABEKA,PT.ORANG KREATIF EKSIS,7,ON SCHEDULE,28,0,21.03.2026,20.02.2026,24.02.2026,26.02.2026,26.02.2026,02.03.2026,04.03.2026,,H014,WH INFORMA JABABEKA
R110260219H064_H014,CDD LONG CHASSIS,2350000,0,0,0,0,0,2350000,H014 - WH INFORMA JABABEKA,PT. BINTANG SAMUDRA RAYA,7,ON SCHEDULE,29,0,22.03.2026,20.02.2026,22.02.2026,23.02.2026,23.02.2026,25.02.2026,26.02.2026,,H014,WH INFORMA JABABEKA
R110260219H065_H014,CDD LONG CHASSIS,3500000,0,0,0,0,0,3500000,H014 - WH INFORMA JABABEKA,PT. CEHA LOGISTIK CEMERLANG,7,ON SCHEDULE,29,0,21.03.2026,19.02.2026,21.02.2026,23.02.2026,23.02.2026,09.03.2026,09.03.2026,,H014,WH INFORMA JABABEKA
R110260219H072_H014,WINGBOX,2600000,0,0,0,0,0,2600000,H014 - WH INFORMA JABABEKA,PT. BINTANG SAMUDRA RAYA,7,ON SCHEDULE,27,0,19.03.2026,19.02.2026,20.02.2026,23.02.2026,23.02.2026,25.02.2026,26.02.2026,,H014,WH INFORMA JABABEKA
R110260219H073_H014,CDD LONG CHASSIS,3500000,0,0,0,0,0,3500000,H014 - WH INFORMA JABABEKA,PT. BINTANG SAMUDRA RAYA,7,ON SCHEDULE,29,0,21.03.2026,19.02.2026,20.02.2026,23.02.2026,23.02.2026,25.02.2026,26.02.2026,,H014,WH INFORMA JABABEKA
R110260219H076_H014,CDD LONG CHASSIS,3500000,0,0,0,0,0,3500000,H014 - WH INFORMA JABABEKA,PT. CEHA LOGISTIK CEMERLANG,7,ON SCHEDULE,29,0,21.03.2026,19.02.2026,21.02.2026,23.02.2026,23.02.2026,09.03.2026,09.03.2026,,H014,WH INFORMA JABABEKA
R110260219H080_H014,CDD LONG CHASSIS,2850000,0,0,0,0,0,2850000,H014 - WH INFORMA JABABEKA,PT. BINTANG SAMUDRA RAYA,7,ON SCHEDULE,28,0,20.03.2026,19.02.2026,20.02.2026,23.02.2026,23.02.2026,25.02.2026,26.02.2026,,H014,WH INFORMA JABABEKA
R110260219H082_H014,CDD LONG CHASSIS,5800000,0,0,0,0,0,5800000,H014 - WH INFORMA JABABEKA,PT. AGUNG MAKMUR JAYA,7,ON SCHEDULE,28,0,21.03.2026,20.02.2026,22.02.2026,25.02.2026,26.02.2026,02.03.2026,02.03.2026,,H014,WH INFORMA JABABEKA
R110260219H083_H014,CDD LONG CHASSIS,3500000,0,0,0,0,0,3500000,H014 - WH INFORMA JABABEKA,PT. BINTANG SAMUDRA RAYA,7,ON SCHEDULE,29,0,21.03.2026,19.02.2026,21.02.2026,23.02.2026,23.02.2026,25.02.2026,26.02.2026,,H014,WH INFORMA JABABEKA
R110260219H084_H014,CDD LONG CHASSIS,7500000,0,0,0,0,0,7500000,H014 - WH INFORMA JABABEKA,PT.ORANG KREATIF EKSIS,7,ON SCHEDULE,29,0,22.03.2026,20.02.2026,24.02.2026,03.03.2026,03.03.2026,10.03.2026,10.03.2026,,H014,WH INFORMA JABABEKA
R110260219H085_H014,CDD LONG CHASSIS,3600000,0,0,0,0,0,3600000,H014 - WH INFORMA JABABEKA,PT. BINTANG SAMUDRA RAYA,7,ON SCHEDULE,29,0,21.03.2026,19.02.2026,21.02.2026,23.02.2026,23.02.2026,25.02.2026,26.02.2026,,H014,WH INFORMA JABABEKA
R110260219H086_H014,CDD LONG CHASSIS,3600000,0,0,0,0,0,3600000,H014 - WH INFORMA JABABEKA,PT. BINTANG SAMUDRA RAYA,7,ON SCHEDULE,29,0,21.03.2026,19.02.2026,21.02.2026,23.02.2026,23.02.2026,25.02.2026,26.02.2026,,H014,WH INFORMA JABABEKA
R110260219H088_H014,CDD LONG CHASSIS,3500000,0,0,0,0,0,3500000,H014 - WH INFORMA JABABEKA,PT. BINTANG SAMUDRA RAYA,7,ON SCHEDULE,29,0,21.03.2026,19.02.2026,21.02.2026,02.03.2026,02.03.2026,03.03.2026,05.03.2026,,H014,WH INFORMA JABABEKA
R110260219H089_H014,CDD LONG CHASSIS,3500000,0,0,0,0,0,3500000,H014 - WH INFORMA JABABEKA,PT. BINTANG SAMUDRA RAYA,7,ON SCHEDULE,29,0,21.03.2026,19.02.2026,21.02.2026,23.02.2026,23.02.2026,25.02.2026,26.02.2026,,H014,WH INFORMA JABABEKA
R110260219H090_H014,CDD LONG CHASSIS,3500000,0,0,0,0,0,3500000,H014 - WH INFORMA JABABEKA,PT. BINTANG SAMUDRA RAYA,7,ON SCHEDULE,29,0,21.03.2026,19.02.2026,21.02.2026,23.02.2026,23.02.2026,25.02.2026,26.02.2026,,H014,WH INFORMA JABABEKA
R110260219H091_H014,CDD LONG CHASSIS,3500000,0,0,0,0,0,3500000,H014 - WH INFORMA JABABEKA,PT. BINTANG SAMUDRA RAYA,7,ON SCHEDULE,29,0,21.03.2026,19.02.2026,21.02.2026,24.02.2026,24.02.2026,25.02.2026,26.02.2026,,H014,WH INFORMA JABABEKA
R110260219H092_H014,CDD LONG CHASSIS,3500000,0,0,0,0,0,3500000,H014 - WH INFORMA JABABEKA,PT. BINTANG SAMUDRA RAYA,7,ON SCHEDULE,29,0,21.03.2026,19.02.2026,21.02.2026,24.02.2026,24.02.2026,25.02.2026,26.02.2026,,H014,WH INFORMA JABABEKA
R110260219H093_H014,CDD LONG CHASSIS,3600000,0,0,0,0,0,3600000,H014 - WH INFORMA JABABEKA,PT. BINTANG SAMUDRA RAYA,7,ON SCHEDULE,29,0,21.03.2026,19.02.2026,21.02.2026,24.02.2026,24.02.2026,25.02.2026,26.02.2026,,H014,WH INFORMA JABABEKA
R110260219H094_H014,CDD LONG CHASSIS,3600000,0,0,0,0,0,3600000,H014 - WH INFORMA JABABEKA,PT. BINTANG SAMUDRA RAYA,7,ON SCHEDULE,29,0,21.03.2026,19.02.2026,21.02.2026,24.02.2026,24.02.2026,25.02.2026,26.02.2026,,H014,WH INFORMA JABABEKA
R110260219H095_H014,BIG MAMA,3900000,0,0,0,0,0,3900000,H014 - WH INFORMA JABABEKA,PT. CEHA LOGISTIK CEMERLANG,7,ON SCHEDULE,29,0,22.03.2026,20.02.2026,22.02.2026,23.02.2026,23.02.2026,09.03.2026,09.03.2026,,H014,WH INFORMA JABABEKA
R110260219H096_H014,BIG MAMA,3900000,0,0,0,0,0,3900000,H014 - WH INFORMA JABABEKA,PT. CEHA LOGISTIK CEMERLANG,7,ON SCHEDULE,29,0,22.03.2026,20.02.2026,22.02.2026,23.02.2026,23.02.2026,09.03.2026,09.03.2026,,H014,WH INFORMA JABABEKA
R110260219H098_H014,FUSO,19200000,0,0,0,0,0,19200000,H014 - WH INFORMA JABABEKA,PT. SATRIA PIRANTI PERKASA,7,ON SCHEDULE,30,0,23.03.2026,20.02.2026,25.02.2026,11.03.2026,11.03.2026,25.03.2026,25.03.2026,,H014,WH INFORMA JABABEKA
R110260219L033_H014,CDD LONG CHASSIS,7400000,0,0,0,500000,0,7900000,H014 - WH INFORMA JABABEKA,PT. BINTANG SAMUDRA RAYA,7,ON SCHEDULE,30,0,23.03.2026,20.02.2026,24.02.2026,05.03.2026,05.03.2026,05.03.2026,05.03.2026,,H014,WH INFORMA JABABEKA
R110260219L043_H014,CDD LONG CHASSIS,3600000,0,0,0,300000,0,3900000,H014 - WH INFORMA JABABEKA,PT. BINTANG SAMUDRA RAYA,7,ON SCHEDULE,30,0,23.03.2026,20.02.2026,22.02.2026,05.03.2026,05.03.2026,05.03.2026,05.03.2026,,H014,WH INFORMA JABABEKA
R110260219L051_H014,CDD LONG CHASSIS,4900000,0,0,0,0,0,4900000,H014 - WH INFORMA JABABEKA,PT.ORANG KREATIF EKSIS,7,ON SCHEDULE,28,0,20.03.2026,19.02.2026,21.02.2026,26.02.2026,26.02.2026,02.03.2026,04.03.2026,,H014,WH INFORMA JABABEKA
R110260219L052_H014,CDD LONG CHASSIS,4900000,0,0,0,0,0,4900000,H014 - WH INFORMA JABABEKA,PT.ORANG KREATIF EKSIS,7,ON SCHEDULE,28,0,21.03.2026,20.02.2026,22.02.2026,26.02.2026,26.02.2026,02.03.2026,04.03.2026,,H014,WH INFORMA JABABEKA
R110260219L053_H014,CDD LONG CHASSIS,3500000,0,0,0,0,0,3500000,H014 - WH INFORMA JABABEKA,PT. CEHA LOGISTIK CEMERLANG,7,ON SCHEDULE,29,0,22.03.2026,20.02.2026,22.02.2026,23.02.2026,23.02.2026,09.03.2026,09.03.2026,,H014,WH INFORMA JABABEKA
R110260219T025_H014,WINGBOX,5600000,0,0,0,0,0,5600000,H014 - WH INFORMA JABABEKA,PT. BINTANG SAMUDRA RAYA,7,ON SCHEDULE,29,0,22.03.2026,20.02.2026,24.02.2026,05.03.2026,05.03.2026,27.03.2026,27.03.2026,,H014,WH INFORMA JABABEKA
R110260219T026_H014,CONT-40,13800000,0,0,0,0,0,13800000,H014 - WH INFORMA JABABEKA,PT. SENTOSAPRIMA ABADI,7,ON SCHEDULE,40,0,03.04.2026,21.02.2026,04.03.2026,27.04.2026,28.04.2026,26.05.2026,26.05.2026,,H014,WH INFORMA JABABEKA
R110260219T027_H014,CONT-40,13800000,0,0,0,0,0,13800000,H014 - WH INFORMA JABABEKA,PT. SENTOSAPRIMA ABADI,7,ON SCHEDULE,40,0,03.04.2026,21.02.2026,04.03.2026,16.04.2026,17.04.2026,20.04.2026,20.04.2026,,H014,WH INFORMA JABABEKA
R110260219T028_H014,WINGBOX,5650000,0,0,0,0,0,5650000,H014 - WH INFORMA JABABEKA,PT. DUTA MEDIA MANDIRI,7,ON SCHEDULE,29,0,22.03.2026,20.02.2026,24.02.2026,24.02.2026,24.02.2026,03.03.2026,03.03.2026,,H014,WH INFORMA JABABEKA
R110260219T032_H014,WINGBOX,5650000,0,0,0,0,0,5650000,H014 - WH INFORMA JABABEKA,PT. DUTA MEDIA MANDIRI,7,ON SCHEDULE,29,0,22.03.2026,20.02.2026,24.02.2026,24.02.2026,24.02.2026,26.02.2026,27.02.2026,,H014,WH INFORMA JABABEKA
R110260219T033_H014,CONT-40,25600000,0,0,0,0,0,25600000,H014 - WH INFORMA JABABEKA,PT. SENTOSAPRIMA ABADI,7,ON SCHEDULE,37,0,03.04.2026,24.02.2026,04.03.2026,28.04.2026,28.04.2026,04.05.2026,04.05.2026,,H014,WH INFORMA JABABEKA
R110260219T035_H014,WINGBOX,5600000,0,0,0,0,0,5600000,H014 - WH INFORMA JABABEKA,PT. BINTANG SAMUDRA RAYA,7,ON SCHEDULE,29,0,22.03.2026,20.02.2026,24.02.2026,03.03.2026,03.03.2026,03.03.2026,05.03.2026,,H014,WH INFORMA JABABEKA
R110260219T036_H014,CONT-40,34300000,0,0,0,0,0,34300000,H014 - WH INFORMA JABABEKA,PT. PAUS BIRU LOGISTIK,7,ON SCHEDULE,40,0,02.04.2026,20.02.2026,02.03.2026,15.04.2026,15.04.2026,04.05.2026,07.05.2026,,H014,WH INFORMA JABABEKA
R110260219T037_H014,CONT-40,18800000,0,0,0,0,0,18800000,H014 - WH INFORMA JABABEKA,PT. WIDYA TRANS CARGO,7,ON SCHEDULE,40,0,02.04.2026,20.02.2026,06.03.2026,12.03.2026,12.03.2026,13.03.2026,13.03.2026,,H014,WH INFORMA JABABEKA
R110260219T038_H014,CONT-40,25600000,0,0,0,0,0,25600000,H014 - WH INFORMA JABABEKA,PT. SENTOSAPRIMA ABADI,7,ON SCHEDULE,37,0,02.04.2026,23.02.2026,04.03.2026,04.05.2026,04.05.2026,07.05.2026,07.05.2026,,H014,WH INFORMA JABABEKA
R110260219T042_H014,CONT-40,23450000,0,0,1500000,0,0,24950000,H014 - WH INFORMA JABABEKA,PT. SENTOSAPRIMA ABADI,7,ON SCHEDULE,46,0,12.04.2026,24.02.2026,10.03.2026,28.04.2026,30.04.2026,04.05.2026,04.05.2026,,H014,WH INFORMA JABABEKA
R110260220H016_H014,WINGBOX,1998000,0,0,0,0,0,1998000,H014 - WH INFORMA JABABEKA,PT. ARDYA PRIMA INTERNUSA,7,ON SCHEDULE,27,0,20.03.2026,20.02.2026,21.02.2026,27.02.2026,27.02.2026,03.03.2026,06.03.2026,,H014,WH INFORMA JABABEKA
R110260220H038_H014,CDD LONG CHASSIS,2850000,0,0,0,0,0,2850000,H014 - WH INFORMA JABABEKA,PT. BINTANG SAMUDRA RAYA,7,ON SCHEDULE,28,0,21.03.2026,20.02.2026,22.02.2026,02.03.2026,02.03.2026,03.03.2026,05.03.2026,,H014,WH INFORMA JABABEKA
R110260220H039_H014,CDD LONG CHASSIS,2200000,0,0,0,0,0,2200000,H014 - WH INFORMA JABABEKA,PT. AGUNG MAKMUR JAYA,7,ON SCHEDULE,27,0,20.03.2026,20.02.2026,21.02.2026,25.02.2026,26.02.2026,02.03.2026,02.03.2026,,H014,WH INFORMA JABABEKA
R110260220H041_H014,FUSO,17250000,0,0,0,0,0,17250000,H014 - WH INFORMA JABABEKA,PT. DUTA LINTAS NUSA,7,ON SCHEDULE,30,0,24.03.2026,21.02.2026,26.02.2026,11.03.2026,11.03.2026,25.03.2026,27.03.2026,,H014,WH INFORMA JABABEKA
R110260220H042_H014,WINGBOX,19550000,0,0,0,0,0,19550000,H014 - WH INFORMA JABABEKA,PT. DUTA LINTAS NUSA,7,ON SCHEDULE,30,0,24.03.2026,21.02.2026,26.02.2026,31.03.2026,31.03.2026,14.04.2026,20.04.2026,,H014,WH INFORMA JABABEKA
R110260220H045_H014,CDD LONG CHASSIS,2250000,0,0,0,0,0,2250000,H014 - WH INFORMA JABABEKA,PT. BINTANG SAMUDRA RAYA,7,ON SCHEDULE,27,0,20.03.2026,20.02.2026,21.02.2026,02.03.2026,02.03.2026,03.03.2026,05.03.2026,,H014,WH INFORMA JABABEKA
R110260220H046_H014,FUSO,19500000,0,0,0,0,0,19500000,H014 - WH INFORMA JABABEKA,PT. SERASI LOGISTIC,7,ON SCHEDULE,31,0,25.03.2026,21.02.2026,27.02.2026,24.04.2026,24.04.2026,30.04.2026,07.05.2026,,H014,WH INFORMA JABABEKA
R110260220H047_H014,WINGBOX,4825000,0,0,0,0,0,4825000,H014 - WH INFORMA JABABEKA,PT. CEHA LOGISTIK CEMERLANG,7,ON SCHEDULE,29,0,22.03.2026,20.02.2026,22.02.2026,23.02.2026,23.02.2026,09.03.2026,09.03.2026,,H014,WH INFORMA JABABEKA
R110260220H048_H014,CDD LONG CHASSIS,2250000,0,0,0,0,0,2250000,H014 - WH INFORMA JABABEKA,PT. BINTANG SAMUDRA RAYA,7,ON SCHEDULE,27,0,20.03.2026,20.02.2026,21.02.2026,23.02.2026,23.02.2026,25.02.2026,26.02.2026,,H014,WH INFORMA JABABEKA
R110260220H049_H014,CDD LONG CHASSIS,2250000,0,0,0,0,0,2250000,H014 - WH INFORMA JABABEKA,PT. BINTANG SAMUDRA RAYA,7,ON SCHEDULE,27,0,20.03.2026,20.02.2026,21.02.2026,23.02.2026,23.02.2026,25.02.2026,26.02.2026,,H014,WH INFORMA JABABEKA
R110260220H050_H014,CDD LONG CHASSIS,2250000,0,0,0,0,0,2250000,H014 - WH INFORMA JABABEKA,PT. BINTANG SAMUDRA RAYA,7,ON SCHEDULE,27,0,20.03.2026,20.02.2026,21.02.2026,23.02.2026,23.02.2026,25.02.2026,26.02.2026,,H014,WH INFORMA JABABEKA
R110260220H052_H014,FUSO,2300000,0,0,0,0,0,2300000,H014 - WH INFORMA JABABEKA,PT. DUTA MEDIA MANDIRI,7,ON SCHEDULE,27,0,20.03.2026,20.02.2026,21.02.2026,24.02.2026,24.02.2026,24.02.2026,25.02.2026,,H014,WH INFORMA JABABEKA
R110260220H053_H014,WINGBOX,11500000,0,0,0,0,0,11500000,H014 - WH INFORMA JABABEKA,PT. BINTANG SAMUDRA RAYA,7,ON SCHEDULE,29,0,22.03.2026,20.02.2026,24.02.2026,03.03.2026,03.03.2026,03.03.2026,05.03.2026,,H014,WH INFORMA JABABEKA
R110260220H055_H014,CDD LONG CHASSIS,10350000,0,0,0,0,0,10350000,H014 - WH INFORMA JABABEKA,PT.ORANG KREATIF EKSIS,7,ON SCHEDULE,30,0,23.03.2026,20.02.2026,25.02.2026,06.03.2026,07.03.2026,13.03.2026,13.03.2026,,H014,WH INFORMA JABABEKA
R110260220H064_H014,CDD LONG CHASSIS,2250000,0,0,0,0,0,2250000,H014 - WH INFORMA JABABEKA,PT. BINTANG SAMUDRA RAYA,7,ON SCHEDULE,27,0,21.03.2026,21.02.2026,22.02.2026,02.03.2026,02.03.2026,03.03.2026,05.03.2026,,H014,WH INFORMA JABABEKA
R110260220H065_H014,CDD LONG CHASSIS,2850000,0,0,0,0,0,2850000,H014 - WH INFORMA JABABEKA,PT. BINTANG SAMUDRA RAYA,7,ON SCHEDULE,28,0,21.03.2026,20.02.2026,22.02.2026,02.03.2026,02.03.2026,03.03.2026,05.03.2026,,H014,WH INFORMA JABABEKA
R110260220H068_H014,WINGBOX,4825000,0,0,0,0,0,4825000,H014 - WH INFORMA JABABEKA,PT. CEHA LOGISTIK CEMERLANG,7,ON SCHEDULE,29,0,22.03.2026,20.02.2026,22.02.2026,23.02.2026,23.02.2026,09.03.2026,09.03.2026,,H014,WH INFORMA JABABEKA
R110260220L021_H014,CDD LONG CHASSIS,8855000,0,0,0,500000,0,9355000,H014 - WH INFORMA JABABEKA,PT.ORANG KREATIF EKSIS,7,ON SCHEDULE,29,0,23.03.2026,21.02.2026,24.02.2026,03.03.2026,03.03.2026,10.03.2026,10.03.2026,,H014,WH INFORMA JABABEKA
R110260220L033_H014,CDD LONG CHASSIS,4900000,0,0,0,0,0,4900000,H014 - WH INFORMA JABABEKA,PT.ORANG KREATIF EKSIS,7,ON SCHEDULE,28,0,21.03.2026,20.02.2026,22.02.2026,26.02.2026,26.02.2026,02.03.2026,04.03.2026,,H014,WH INFORMA JABABEKA
R110260220L034_H014,CDD LONG CHASSIS,4900000,0,0,0,0,0,4900000,H014 - WH INFORMA JABABEKA,PT.ORANG KREATIF EKSIS,7,ON SCHEDULE,28,0,21.03.2026,20.02.2026,22.02.2026,03.03.2026,03.03.2026,10.03.2026,10.03.2026,,H014,WH INFORMA JABABEKA
R110260220L035_H014,CDD LONG CHASSIS,5800000,0,0,0,0,0,5800000,H014 - WH INFORMA JABABEKA,PT. AGUNG MAKMUR JAYA,7,ON SCHEDULE,26,0,20.03.2026,21.02.2026,24.02.2026,25.02.2026,26.02.2026,02.03.2026,02.03.2026,,H014,WH INFORMA JABABEKA
R110260220L041_H014,FUSO,11450000,0,0,0,0,0,11450000,H014 - WH INFORMA JABABEKA,PT LOGISTIK CANGGIH INDONESIA,7,ON SCHEDULE,30,0,24.03.2026,21.02.2026,24.02.2026,04.03.2026,05.03.2026,05.03.2026,10.03.2026,,H014,WH INFORMA JABABEKA
R110260220L078_H014,CDD LONG CHASSIS,3900000,0,0,0,0,0,3900000,H014 - WH INFORMA JABABEKA,PT. CEHA LOGISTIK CEMERLANG,7,ON SCHEDULE,30,0,24.03.2026,21.02.2026,24.02.2026,24.02.2026,24.02.2026,09.03.2026,09.03.2026,,H014,WH INFORMA JABABEKA
R110260220T002_H014,WINGBOX,5650000,0,0,0,0,0,5650000,H014 - WH INFORMA JABABEKA,PT. DUTA MEDIA MANDIRI,7,ON SCHEDULE,29,0,22.03.2026,20.02.2026,24.02.2026,24.02.2026,24.02.2026,03.03.2026,03.03.2026,,H014,WH INFORMA JABABEKA
R110260220T013_H014,WINGBOX,5650000,0,0,0,0,0,5650000,H014 - WH INFORMA JABABEKA,PT. DUTA MEDIA MANDIRI,7,ON SCHEDULE,29,0,23.03.2026,21.02.2026,24.02.2026,24.02.2026,24.02.2026,03.03.2026,03.03.2026,,H014,WH INFORMA JABABEKA
R110260220T014_H014,WINGBOX,5650000,0,0,0,0,0,5650000,H014 - WH INFORMA JABABEKA,PT. DUTA MEDIA MANDIRI,7,ON SCHEDULE,29,0,23.03.2026,21.02.2026,24.02.2026,24.02.2026,24.02.2026,27.02.2026,27.02.2026,,H014,WH INFORMA JABABEKA
R110260220T016_H014,CONT-20,3900000,0,0,0,0,0,3900000,H014 - WH INFORMA JABABEKA,PT. JATIM PETROLEUM TRANSPORT,7,ON SCHEDULE,29,0,22.03.2026,20.02.2026,25.02.2026,27.03.2026,28.03.2026,29.04.2026,29.04.2026,,H014,WH INFORMA JABABEKA
R110260220T017_H014,CONT-20,3900000,0,0,0,0,0,3900000,H014 - WH INFORMA JABABEKA,PT. JATIM PETROLEUM TRANSPORT,7,ON SCHEDULE,29,0,23.03.2026,21.02.2026,01.03.2026,27.03.2026,28.03.2026,29.04.2026,29.04.2026,,H014,WH INFORMA JABABEKA
R110260220T019_H014,CONT-40,25600000,0,0,0,0,0,25600000,H014 - WH INFORMA JABABEKA,PT. SENTOSAPRIMA ABADI,7,ON SCHEDULE,37,0,02.04.2026,23.02.2026,04.03.2026,28.04.2026,28.04.2026,04.05.2026,04.05.2026,,H014,WH INFORMA JABABEKA
R110260220T021_H014,CONT-40,13800000,0,0,0,0,0,13800000,H014 - WH INFORMA JABABEKA,PT. SENTOSAPRIMA ABADI,7,ON SCHEDULE,40,0,03.04.2026,21.02.2026,04.03.2026,16.04.2026,17.04.2026,20.04.2026,20.04.2026,,H014,WH INFORMA JABABEKA
R110260220T022_H014,CONT-40,24200000,0,0,0,0,0,24200000,H014 - WH INFORMA JABABEKA,PT. SENTOSAPRIMA ABADI,7,ON SCHEDULE,40,0,04.04.2026,22.02.2026,04.03.2026,16.04.2026,17.04.2026,20.04.2026,20.04.2026,,H014,WH INFORMA JABABEKA
R110260220T023_H014,CONT-40,13800000,0,0,0,0,0,13800000,H014 - WH INFORMA JABABEKA,PT. SENTOSAPRIMA ABADI,7,ON SCHEDULE,40,0,03.04.2026,21.02.2026,04.03.2026,16.04.2026,17.04.2026,20.04.2026,20.04.2026,,H014,WH INFORMA JABABEKA
R110260220T024_H014,CONT-40,24200000,0,0,0,0,0,24200000,H014 - WH INFORMA JABABEKA,PT. SENTOSAPRIMA ABADI,7,ON SCHEDULE,40,0,04.04.2026,22.02.2026,04.03.2026,16.04.2026,17.04.2026,20.04.2026,20.04.2026,,H014,WH INFORMA JABABEKA
R110260220T027_H014,CONT-40,23450000,0,0,1500000,0,0,24950000,H014 - WH INFORMA JABABEKA,PT. SENTOSAPRIMA ABADI,7,ON SCHEDULE,46,0,13.04.2026,25.02.2026,10.03.2026,28.04.2026,30.04.2026,04.05.2026,04.05.2026,,H014,WH INFORMA JABABEKA
R110260220T028_H014,CONT-40,34300000,0,0,0,0,0,34300000,H014 - WH INFORMA JABABEKA,PT. PAUS BIRU LOGISTIK,7,ON SCHEDULE,40,0,04.04.2026,22.02.2026,06.03.2026,16.04.2026,17.04.2026,21.05.2026,25.05.2026,,H014,WH INFORMA JABABEKA
R110260220T032_H014,CONT-20,3900000,0,0,0,0,0,3900000,H014 - WH INFORMA JABABEKA,PT. JATIM PETROLEUM TRANSPORT,7,ON SCHEDULE,29,0,23.03.2026,21.02.2026,25.02.2026,27.03.2026,28.03.2026,29.04.2026,29.04.2026,,H014,WH INFORMA JABABEKA
R110260220T033_H014,CONT-20,3900000,0,0,0,0,0,3900000,H014 - WH INFORMA JABABEKA,PT. JATIM PETROLEUM TRANSPORT,7,ON SCHEDULE,29,0,23.03.2026,21.02.2026,01.03.2026,27.03.2026,28.03.2026,29.04.2026,29.04.2026,,H014,WH INFORMA JABABEKA
R110260220T034_H014,CONT-40,23450000,0,0,800000,0,0,24250000,H014 - WH INFORMA JABABEKA,PT. SENTOSAPRIMA ABADI,7,ON SCHEDULE,46,0,13.04.2026,25.02.2026,10.03.2026,28.04.2026,30.04.2026,04.05.2026,04.05.2026,,H014,WH INFORMA JABABEKA
R110260221H001_H014,CDD LONG CHASSIS,12500000,0,0,0,0,0,12500000,H014 - WH INFORMA JABABEKA,PT.ORANG KREATIF EKSIS,7,ON SCHEDULE,30,0,24.03.2026,21.02.2026,25.02.2026,03.03.2026,03.03.2026,10.03.2026,10.03.2026,,H014,WH INFORMA JABABEKA
R110260221H021_H014,WINGBOX,4825000,0,0,0,0,0,4825000,H014 - WH INFORMA JABABEKA,PT. CEHA LOGISTIK CEMERLANG,7,ON SCHEDULE,29,0,23.03.2026,21.02.2026,24.02.2026,24.02.2026,24.02.2026,09.03.2026,09.03.2026,,H014,WH INFORMA JABABEKA
R110260221H022_H014,WINGBOX,4300000,0,0,0,0,0,4300000,H014 - WH INFORMA JABABEKA,PT.SIASAT CEPAT MUDA,7,ON SCHEDULE,29,0,23.03.2026,21.02.2026,24.02.2026,25.02.2026,26.02.2026,26.02.2026,26.02.2026,,H014,WH INFORMA JABABEKA
R110260221H023_H014,WINGBOX,1998000,0,0,0,0,0,1998000,H014 - WH INFORMA JABABEKA,PT. ARDYA PRIMA INTERNUSA,7,ON SCHEDULE,27,0,21.03.2026,21.02.2026,22.02.2026,27.02.2026,27.02.2026,03.03.2026,06.03.2026,,H014,WH INFORMA JABABEKA
R110260221H024_H014,WINGBOX,4300000,0,0,0,0,0,4300000,H014 - WH INFORMA JABABEKA,PT.SIASAT CEPAT MUDA,7,ON SCHEDULE,29,0,23.03.2026,21.02.2026,24.02.2026,25.02.2026,26.02.2026,26.02.2026,26.02.2026,,H014,WH INFORMA JABABEKA
R110260221H026_H014,CDD LONG CHASSIS,4900000,0,0,0,0,0,4900000,H014 - WH INFORMA JABABEKA,PT.ORANG KREATIF EKSIS,7,ON SCHEDULE,28,0,22.03.2026,21.02.2026,24.02.2026,26.02.2026,26.02.2026,02.03.2026,04.03.2026,,H014,WH INFORMA JABABEKA
R110260221H030_H014,WINGBOX,3500000,0,0,0,0,0,3500000,H014 - WH INFORMA JABABEKA,PT. BINTANG SAMUDRA RAYA,7,ON SCHEDULE,29,0,23.03.2026,21.02.2026,24.02.2026,02.03.2026,02.03.2026,03.03.2026,05.03.2026,,H014,WH INFORMA JABABEKA
R110260221H031_H014,CDD LONG CHASSIS,1725000,0,0,0,0,0,1725000,H014 - WH INFORMA JABABEKA,PT. BINTANG SAMUDRA RAYA,7,ON SCHEDULE,27,0,21.03.2026,21.02.2026,22.02.2026,02.03.2026,02.03.2026,03.03.2026,05.03.2026,,H014,WH INFORMA JABABEKA
R110260221H032_H014,WINGBOX,11500000,0,0,0,0,0,11500000,H014 - WH INFORMA JABABEKA,PT. BINTANG SAMUDRA RAYA,7,ON SCHEDULE,29,0,23.03.2026,21.02.2026,24.02.2026,02.03.2026,02.03.2026,03.03.2026,05.03.2026,,H014,WH INFORMA JABABEKA
R110260221H035_H014,CDD LONG CHASSIS,3500000,0,0,0,0,0,3500000,H014 - WH INFORMA JABABEKA,PT. CEHA LOGISTIK CEMERLANG,7,ON SCHEDULE,29,0,23.03.2026,21.02.2026,24.02.2026,24.02.2026,24.02.2026,09.03.2026,09.03.2026,,H014,WH INFORMA JABABEKA
R110260221H038_H014,CDD LONG CHASSIS,3500000,0,0,0,0,0,3500000,H014 - WH INFORMA JABABEKA,PT. CEHA LOGISTIK CEMERLANG,7,ON SCHEDULE,29,0,23.03.2026,21.02.2026,24.02.2026,24.02.2026,24.02.2026,09.03.2026,09.03.2026,,H014,WH INFORMA JABABEKA
R110260221H052_H014,CDD LONG CHASSIS,4900000,0,0,0,0,0,4900000,H014 - WH INFORMA JABABEKA,PT.ORANG KREATIF EKSIS,7,ON SCHEDULE,28,0,22.03.2026,21.02.2026,24.02.2026,26.02.2026,26.02.2026,02.03.2026,04.03.2026,,H014,WH INFORMA JABABEKA
R110260221H060_H014,FUSO,16000000,0,0,0,0,0,16000000,H014 - WH INFORMA JABABEKA,PT. SATRIA PIRANTI PERKASA,7,ON SCHEDULE,33,0,28.03.2026,22.02.2026,25.02.2026,25.03.2026,25.03.2026,26.03.2026,31.03.2026,,H014,WH INFORMA JABABEKA
R110260221H061_H014,CDD LONG CHASSIS,9300000,0,0,0,0,0,9300000,H014 - WH INFORMA JABABEKA,PT. AGUNG MAKMUR JAYA,7,ON SCHEDULE,33,0,27.03.2026,21.02.2026,24.02.2026,25.02.2026,26.02.2026,02.03.2026,02.03.2026,,H014,WH INFORMA JABABEKA
R110260221H062_H014,CDD LONG CHASSIS,12500000,0,0,0,0,0,12500000,H014 - WH INFORMA JABABEKA,PT.ORANG KREATIF EKSIS,7,ON SCHEDULE,30,0,24.03.2026,21.02.2026,25.02.2026,03.03.2026,03.03.2026,10.03.2026,10.03.2026,,H014,WH INFORMA JABABEKA
R110260221H063_H014,CDD LONG CHASSIS,12500000,0,0,0,0,0,12500000,H014 - WH INFORMA JABABEKA,PT.ORANG KREATIF EKSIS,7,ON SCHEDULE,30,0,24.03.2026,21.02.2026,25.02.2026,03.03.2026,03.03.2026,10.03.2026,10.03.2026,,H014,WH INFORMA JABABEKA
R110260221H065_H014,CDD LONG CHASSIS,2850000,0,0,0,400000,0,3250000,H014 - WH INFORMA JABABEKA,PT. BINTANG SAMUDRA RAYA,7,ON SCHEDULE,28,0,22.03.2026,21.02.2026,24.02.2026,05.03.2026,05.03.2026,05.03.2026,05.03.2026,,H014,WH INFORMA JABABEKA
R110260221H066_H014,WINGBOX,4825000,0,0,0,0,0,4825000,H014 - WH INFORMA JABABEKA,PT. CEHA LOGISTIK CEMERLANG,7,ON SCHEDULE,29,0,23.03.2026,21.02.2026,24.02.2026,24.02.2026,24.02.2026,09.03.2026,09.03.2026,,H014,WH INFORMA JABABEKA
R110260221H067_H014,FUSO,14800000,0,0,0,0,0,14800000,H014 - WH INFORMA JABABEKA,PT. SATRIA PIRANTI PERKASA,7,ON SCHEDULE,29,0,24.03.2026,22.02.2026,25.02.2026,11.03.2026,11.03.2026,25.03.2026,25.03.2026,,H014,WH INFORMA JABABEKA
R110260221L025_H014,CDD LONG CHASSIS,1400000,0,0,0,200000,0,1600000,H014 - WH INFORMA JABABEKA,PT. BINTANG SAMUDRA RAYA,7,ON SCHEDULE,27,0,22.03.2026,22.02.2026,24.02.2026,05.03.2026,05.03.2026,05.03.2026,05.03.2026,,H014,WH INFORMA JABABEKA
R110260221L026_H014,CDD LONG CHASSIS,3500000,0,0,0,0,0,3500000,H014 - WH INFORMA JABABEKA,PT. AGUNG MAKMUR JAYA,7,ON SCHEDULE,30,0,25.03.2026,22.02.2026,25.02.2026,25.02.2026,26.02.2026,04.03.2026,04.03.2026,,H014,WH INFORMA JABABEKA
R110260221L028_H014,CDD LONG CHASSIS,3600000,0,0,0,400000,0,4000000,H014 - WH INFORMA JABABEKA,PT. BINTANG SAMUDRA RAYA,7,ON SCHEDULE,30,0,25.03.2026,22.02.2026,24.02.2026,05.03.2026,05.03.2026,05.03.2026,05.03.2026,,H014,WH INFORMA JABABEKA
R110260221L030_H014,CDD LONG CHASSIS,3500000,0,0,0,250000,0,3750000,H014 - WH INFORMA JABABEKA,PT. AGUNG MAKMUR JAYA,7,ON SCHEDULE,30,0,25.03.2026,22.02.2026,24.02.2026,04.03.2026,04.03.2026,04.03.2026,04.03.2026,,H014,WH INFORMA JABABEKA
R110260221L030_H014,CDD LONG CHASSIS,3500000,0,0,0,250000,0,3750000,H014 - WH INFORMA JABABEKA,PT. AGUNG MAKMUR JAYA,7,ON SCHEDULE,30,0,25.03.2026,22.02.2026,24.02.2026,04.03.2026,04.03.2026,04.03.2026,04.03.2026,,H014,WH INFORMA JABABEKA
R110260221L030_H014,CDD LONG CHASSIS,3500000,0,0,0,250000,0,3750000,H014 - WH INFORMA JABABEKA,PT. AGUNG MAKMUR JAYA,7,ON SCHEDULE,30,0,25.03.2026,22.02.2026,24.02.2026,04.03.2026,04.03.2026,04.03.2026,04.03.2026,,H014,WH INFORMA JABABEKA
R110260221L033_H014,CDD LONG CHASSIS,9300000,0,0,0,0,0,9300000,H014 - WH INFORMA JABABEKA,PT. AGUNG MAKMUR JAYA,7,ON SCHEDULE,31,0,25.03.2026,21.02.2026,24.02.2026,25.02.2026,26.02.2026,04.03.2026,04.03.2026,,H014,WH INFORMA JABABEKA
R110260221L034_H014,CDD LONG CHASSIS,14800000,0,0,0,0,0,14800000,H014 - WH INFORMA JABABEKA,PT.ORANG KREATIF EKSIS,7,ON SCHEDULE,33,0,28.03.2026,22.02.2026,27.02.2026,05.03.2026,05.03.2026,10.03.2026,10.03.2026,,H014,WH INFORMA JABABEKA
R110260221L062_H014,CDD LONG CHASSIS,2200000,0,0,0,0,0,2200000,H014 - WH INFORMA JABABEKA,PT. AGUNG MAKMUR JAYA,7,ON SCHEDULE,28,0,22.03.2026,21.02.2026,24.02.2026,25.02.2026,26.02.2026,04.03.2026,04.03.2026,,H014,WH INFORMA JABABEKA
R110260221L063_H014,CDD LONG CHASSIS,1750000,0,0,0,0,0,1750000,H014 - WH INFORMA JABABEKA,PT. CATUR GLOBAL LOGISTIK,7,ON SCHEDULE,27,0,22.03.2026,22.02.2026,24.02.2026,03.03.2026,03.03.2026,04.03.2026,04.03.2026,,H014,WH INFORMA JABABEKA
R110260221L064_H014,CDD LONG CHASSIS,3500000,0,0,0,0,0,3500000,H014 - WH INFORMA JABABEKA,PT. AGUNG MAKMUR JAYA,7,ON SCHEDULE,30,0,25.03.2026,22.02.2026,24.02.2026,25.02.2026,26.02.2026,04.03.2026,04.03.2026,,H014,WH INFORMA JABABEKA
R110260221L065_H014,CDD LONG CHASSIS,3500000,0,0,0,0,0,3500000,H014 - WH INFORMA JABABEKA,PT. AGUNG MAKMUR JAYA,7,ON SCHEDULE,27,0,22.03.2026,22.02.2026,25.02.2026,25.02.2026,26.02.2026,04.03.2026,04.03.2026,,H014,WH INFORMA JABABEKA
R110260221L067_H014,WINGBOX,14800000,0,0,0,0,0,14800000,H014 - WH INFORMA JABABEKA,PT. SATRIA PIRANTI PERKASA,7,ON SCHEDULE,30,0,25.03.2026,22.02.2026,26.02.2026,31.03.2026,31.03.2026,01.04.2026,01.04.2026,,H014,WH INFORMA JABABEKA
R110260221L079_H014,CDD LONG CHASSIS,4900000,0,0,0,0,0,4900000,H014 - WH INFORMA JABABEKA,PT.ORANG KREATIF EKSIS,7,ON SCHEDULE,28,0,22.03.2026,21.02.2026,24.02.2026,26.02.2026,26.02.2026,02.03.2026,04.03.2026,,H014,WH INFORMA JABABEKA
R110260221T019_H014,WINGBOX,6200000,0,0,0,0,0,6200000,H014 - WH INFORMA JABABEKA,PT. SATRIA PIRANTI PERKASA,7,ON SCHEDULE,29,0,24.03.2026,22.02.2026,25.02.2026,11.03.2026,11.03.2026,25.03.2026,25.03.2026,,H014,WH INFORMA JABABEKA
R110260221T020_H014,CONT-40,13850000,0,0,1500000,0,0,15350000,H014 - WH INFORMA JABABEKA,PT. SENTOSAPRIMA ABADI,7,ON SCHEDULE,46,0,09.04.2026,21.02.2026,03.03.2026,27.04.2026,28.04.2026,28.04.2026,28.04.2026,,H014,WH INFORMA JABABEKA
R110260221T021_H014,CONT-40,25500000,0,0,0,0,0,25500000,H014 - WH INFORMA JABABEKA,PT. SENTOSAPRIMA ABADI,7,ON SCHEDULE,40,0,06.04.2026,24.02.2026,04.03.2026,06.05.2026,07.05.2026,08.05.2026,08.05.2026,,H014,WH INFORMA JABABEKA
R110260221T022_H014,CONT-40,25500000,0,0,0,0,0,25500000,H014 - WH INFORMA JABABEKA,PT. SENTOSAPRIMA ABADI,7,ON SCHEDULE,40,0,05.04.2026,23.02.2026,04.03.2026,06.05.2026,07.05.2026,08.05.2026,08.05.2026,,H014,WH INFORMA JABABEKA
R110260221T023_H014,CONT-40,25500000,0,0,0,0,0,25500000,H014 - WH INFORMA JABABEKA,PT. SENTOSAPRIMA ABADI,7,ON SCHEDULE,40,0,05.04.2026,23.02.2026,04.03.2026,06.05.2026,07.05.2026,08.05.2026,08.05.2026,,H014,WH INFORMA JABABEKA
R110260221T024_H014,CONT-40,25500000,0,0,0,0,0,25500000,H014 - WH INFORMA JABABEKA,PT. SENTOSAPRIMA ABADI,7,ON SCHEDULE,40,0,08.04.2026,26.02.2026,10.03.2026,06.05.2026,07.05.2026,08.05.2026,08.05.2026,,H014,WH INFORMA JABABEKA
R110260221T025_H014,WINGBOX,6600000,0,0,0,0,0,6600000,H014 - WH INFORMA JABABEKA,PT. JAYA MULYA ERALINDO,7,ON SCHEDULE,29,0,24.03.2026,22.02.2026,25.02.2026,05.03.2026,05.03.2026,05.03.2026,06.03.2026,,H014,WH INFORMA JABABEKA
R110260221T027_H014,CONT-40,34300000,0,0,0,0,0,34300000,H014 - WH INFORMA JABABEKA,PT. PAUS BIRU LOGISTIK,7,ON SCHEDULE,40,0,06.04.2026,24.02.2026,06.03.2026,29.04.2026,29.04.2026,21.05.2026,25.05.2026,,H014,WH INFORMA JABABEKA
R110260221T030_H014,CONT-40,25600000,0,0,0,0,0,25600000,H014 - WH INFORMA JABABEKA,PT. SENTOSAPRIMA ABADI,7,ON SCHEDULE,37,0,03.04.2026,24.02.2026,08.03.2026,06.05.2026,07.05.2026,07.05.2026,07.05.2026,,H014,WH INFORMA JABABEKA
R110260221T031_H014,CONT-40,25600000,0,0,0,0,0,25600000,H014 - WH INFORMA JABABEKA,PT. SENTOSAPRIMA ABADI,7,ON SCHEDULE,37,0,04.04.2026,25.02.2026,09.03.2026,06.05.2026,07.05.2026,07.05.2026,07.05.2026,,H014,WH INFORMA JABABEKA
R110260221T039_H014,CONT-40,8750000,0,0,0,0,0,8750000,H014 - WH INFORMA JABABEKA,PT. CIKARANG GERBANG SOLUSI,7,ON SCHEDULE,29,0,23.03.2026,21.02.2026,24.02.2026,17.04.2026,17.04.2026,17.04.2026,17.04.2026,,H014,WH INFORMA JABABEKA
R110260221T040_H014,CONT-40,8750000,0,0,0,0,0,8750000,H014 - WH INFORMA JABABEKA,PT. CIKARANG GERBANG SOLUSI,7,ON SCHEDULE,29,0,23.03.2026,21.02.2026,24.02.2026,17.04.2026,17.04.2026,17.04.2026,17.04.2026,,H014,WH INFORMA JABABEKA
R110260221T041_H014,CONT-40,8750000,0,0,0,0,0,8750000,H014 - WH INFORMA JABABEKA,PT. CIKARANG GERBANG SOLUSI,7,ON SCHEDULE,29,0,23.03.2026,21.02.2026,24.02.2026,17.04.2026,17.04.2026,17.04.2026,17.04.2026,,H014,WH INFORMA JABABEKA
R110260221T042_H014,WINGBOX,6600000,0,0,0,0,0,6600000,H014 - WH INFORMA JABABEKA,PT. JAYA MULYA ERALINDO,7,ON SCHEDULE,29,0,23.03.2026,21.02.2026,25.02.2026,05.03.2026,05.03.2026,05.03.2026,06.03.2026,,H014,WH INFORMA JABABEKA
R110260221T043_H014,WINGBOX,6600000,0,0,0,0,0,6600000,H014 - WH INFORMA JABABEKA,PT. JAYA MULYA ERALINDO,7,ON SCHEDULE,29,0,23.03.2026,21.02.2026,24.02.2026,05.03.2026,05.03.2026,05.03.2026,06.03.2026,,H014,WH INFORMA JABABEKA
R110260221T045_H014,WINGBOX,5650000,0,0,0,0,0,5650000,H014 - WH INFORMA JABABEKA,PT. DUTA MEDIA MANDIRI,7,ON SCHEDULE,29,0,23.03.2026,21.02.2026,24.02.2026,24.02.2026,24.02.2026,03.03.2026,03.03.2026,,H014,WH INFORMA JABABEKA
R110260221T046_H014,WINGBOX,5650000,0,0,0,0,0,5650000,H014 - WH INFORMA JABABEKA,PT. DUTA MEDIA MANDIRI,7,ON SCHEDULE,29,0,23.03.2026,21.02.2026,24.02.2026,24.02.2026,24.02.2026,27.02.2026,27.02.2026,,H014,WH INFORMA JABABEKA
R110260221T047_H014,WINGBOX,5650000,0,0,0,0,0,5650000,H014 - WH INFORMA JABABEKA,PT. DUTA MEDIA MANDIRI,7,ON SCHEDULE,29,0,23.03.2026,21.02.2026,24.02.2026,24.02.2026,24.02.2026,05.03.2026,06.03.2026,,H014,WH INFORMA JABABEKA
R110260221T049_H014,CONT-40,24200000,0,0,0,0,0,24200000,H014 - WH INFORMA JABABEKA,PT. SENTOSAPRIMA ABADI,7,ON SCHEDULE,40,0,04.04.2026,22.02.2026,04.03.2026,16.04.2026,17.04.2026,20.04.2026,20.04.2026,,H014,WH INFORMA JABABEKA
R110260221T050_H014,CONT-40,24200000,0,0,0,0,0,24200000,H014 - WH INFORMA JABABEKA,PT. SENTOSAPRIMA ABADI,7,ON SCHEDULE,40,0,06.04.2026,24.02.2026,04.03.2026,16.04.2026,17.04.2026,20.04.2026,20.04.2026,,H014,WH INFORMA JABABEKA
R110260221T051_H014,CONT-40,24200000,0,0,0,0,0,24200000,H014 - WH INFORMA JABABEKA,PT. SENTOSAPRIMA ABADI,7,ON SCHEDULE,40,0,06.04.2026,24.02.2026,04.03.2026,16.04.2026,17.04.2026,20.04.2026,20.04.2026,,H014,WH INFORMA JABABEKA
R110260221T053_H014,CONT-40,24200000,0,0,0,0,0,24200000,H014 - WH INFORMA JABABEKA,PT. SENTOSAPRIMA ABADI,7,ON SCHEDULE,40,0,07.04.2026,25.02.2026,06.03.2026,08.05.2026,08.05.2026,13.05.2026,13.05.2026,,H014,WH INFORMA JABABEKA
R110260221T054_H014,WINGBOX,20000000,0,0,0,0,0,20000000,H014 - WH INFORMA JABABEKA,PT.ORANG KREATIF EKSIS,7,ON SCHEDULE,37,0,03.04.2026,24.02.2026,03.03.2026,11.03.2026,11.03.2026,13.03.2026,13.03.2026,,H014,WH INFORMA JABABEKA
R110260221T055_H014,CONT-40,24200000,0,0,0,0,0,24200000,H014 - WH INFORMA JABABEKA,PT. SENTOSAPRIMA ABADI,7,ON SCHEDULE,40,0,07.04.2026,25.02.2026,06.03.2026,08.05.2026,08.05.2026,13.05.2026,13.05.2026,,H014,WH INFORMA JABABEKA
R110260221T056_H014,CONT-40,27000000,0,0,1000000,0,0,28000000,H014 - WH INFORMA JABABEKA,PT. PAUS BIRU LOGISTIK,7,ON SCHEDULE,42,0,09.04.2026,25.02.2026,06.03.2026,16.04.2026,19.04.2026,21.04.2026,13.05.2026,,H014,WH INFORMA JABABEKA
R110260221T060_H014,CONT-40,27000000,0,0,1000000,0,0,28000000,H014 - WH INFORMA JABABEKA,PT. PAUS BIRU LOGISTIK,7,ON SCHEDULE,42,0,10.04.2026,26.02.2026,06.03.2026,24.04.2026,24.04.2026,24.04.2026,27.04.2026,,H014,WH INFORMA JABABEKA
R110260221T069_H014,CONT-20,9000000,0,0,800000,0,0,9800000,H014 - WH INFORMA JABABEKA,PT. HAKKA HYDRO TIRTA,7,ON SCHEDULE,46,0,10.04.2026,22.02.2026,05.03.2026,19.05.2026,20.05.2026,10.06.2026,10.06.2026,,H014,WH INFORMA JABABEKA
R110260221T071_H014,WINGBOX,6200000,0,0,0,0,0,6200000,H014 - WH INFORMA JABABEKA,PT. SATRIA PIRANTI PERKASA,7,ON SCHEDULE,29,0,24.03.2026,22.02.2026,25.02.2026,11.03.2026,11.03.2026,25.03.2026,25.03.2026,,H014,WH INFORMA JABABEKA
R110260222H021_H014,WINGBOX,1998000,0,0,0,0,0,1998000,H014 - WH INFORMA JABABEKA,PT. ARDYA PRIMA INTERNUSA,7,ON SCHEDULE,27,0,22.03.2026,22.02.2026,24.02.2026,27.02.2026,27.02.2026,03.03.2026,06.03.2026,,H014,WH INFORMA JABABEKA
R110260222H022_H014,WINGBOX,18000000,0,0,0,0,0,18000000,H014 - WH INFORMA JABABEKA,PT. BINTANG SAMUDRA RAYA,7,ON SCHEDULE,31,0,26.03.2026,22.02.2026,26.02.2026,03.03.2026,03.03.2026,03.03.2026,05.03.2026,,H014,WH INFORMA JABABEKA
R110260222H023_H014,WINGBOX,4825000,0,0,0,0,0,4825000,H014 - WH INFORMA JABABEKA,PT. CEHA LOGISTIK CEMERLANG,7,ON SCHEDULE,29,0,24.03.2026,22.02.2026,24.02.2026,24.02.2026,24.02.2026,09.03.2026,09.03.2026,,H014,WH INFORMA JABABEKA
R110260222H024_H014,WINGBOX,11500000,0,0,0,0,0,11500000,H014 - WH INFORMA JABABEKA,PT. BINTANG SAMUDRA RAYA,7,ON SCHEDULE,29,0,24.03.2026,22.02.2026,25.02.2026,03.03.2026,03.03.2026,03.03.2026,05.03.2026,,H014,WH INFORMA JABABEKA
R110260222H025_H014,CDD LONG CHASSIS,2250000,0,0,0,0,0,2250000,H014 - WH INFORMA JABABEKA,PT. BINTANG SAMUDRA RAYA,7,ON SCHEDULE,27,0,22.03.2026,22.02.2026,24.02.2026,02.03.2026,02.03.2026,03.03.2026,05.03.2026,,H014,WH INFORMA JABABEKA
R110260222H026_H014,CDD LONG CHASSIS,2250000,0,0,0,0,0,2250000,H014 - WH INFORMA JABABEKA,PT. BINTANG SAMUDRA RAYA,7,ON SCHEDULE,27,0,22.03.2026,22.02.2026,24.02.2026,02.03.2026,02.03.2026,03.03.2026,05.03.2026,,H014,WH INFORMA JABABEKA
R110260222H028_H014,FUSO,2300000,0,0,0,0,0,2300000,H014 - WH INFORMA JABABEKA,PT. DUTA MEDIA MANDIRI,7,ON SCHEDULE,27,0,22.03.2026,22.02.2026,24.02.2026,24.02.2026,24.02.2026,24.02.2026,25.02.2026,,H014,WH INFORMA JABABEKA
R110260222H029_H014,CDD LONG CHASSIS,2200000,0,0,0,0,0,2200000,H014 - WH INFORMA JABABEKA,PT. AGUNG MAKMUR JAYA,7,ON SCHEDULE,27,0,22.03.2026,22.02.2026,24.02.2026,25.02.2026,26.02.2026,04.03.2026,04.03.2026,,H014,WH INFORMA JABABEKA
R110260222H041_H014,WINGBOX,1998000,0,0,0,0,0,1998000,H014 - WH INFORMA JABABEKA,PT. ARDYA PRIMA INTERNUSA,7,ON SCHEDULE,27,0,22.03.2026,22.02.2026,24.02.2026,27.02.2026,27.02.2026,03.03.2026,06.03.2026,,H014,WH INFORMA JABABEKA
R110260222H050_H014,WINGBOX,10700000,0,0,0,0,0,10700000,H014 - WH INFORMA JABABEKA,PT. BINTANG SAMUDRA RAYA,7,ON SCHEDULE,30,0,25.03.2026,22.02.2026,26.02.2026,03.03.2026,03.03.2026,03.03.2026,05.03.2026,,H014,WH INFORMA JABABEKA
R110260222H052_H014,CDD LONG CHASSIS,2250000,0,0,0,0,0,2250000,H014 - WH INFORMA JABABEKA,PT. BINTANG SAMUDRA RAYA,7,ON SCHEDULE,27,0,22.03.2026,22.02.2026,24.02.2026,02.03.2026,02.03.2026,03.03.2026,05.03.2026,,H014,WH INFORMA JABABEKA
R110260222H053_H014,WINGBOX,15000000,0,0,0,0,0,15000000,H014 - WH INFORMA JABABEKA,PT. BINTANG SAMUDRA RAYA,7,ON SCHEDULE,30,0,25.03.2026,22.02.2026,26.02.2026,03.03.2026,03.03.2026,03.03.2026,05.03.2026,,H014,WH INFORMA JABABEKA
R110260222H056_H014,CDD LONG CHASSIS,2850000,0,0,0,0,0,2850000,H014 - WH INFORMA JABABEKA,PT. BINTANG SAMUDRA RAYA,7,ON SCHEDULE,28,0,23.03.2026,22.02.2026,24.02.2026,02.03.2026,02.03.2026,03.03.2026,05.03.2026,,H014,WH INFORMA JABABEKA
R110260222H057_H014,CDD LONG CHASSIS,4900000,0,0,0,0,0,4900000,H014 - WH INFORMA JABABEKA,PT.ORANG KREATIF EKSIS,7,ON SCHEDULE,28,0,23.03.2026,22.02.2026,24.02.2026,26.02.2026,26.02.2026,02.03.2026,04.03.2026,,H014,WH INFORMA JABABEKA
R110260222H058_H014,CDD LONG CHASSIS,10300000,0,0,0,0,0,10300000,H014 - WH INFORMA JABABEKA,PT. BINTANG SAMUDRA RAYA,7,ON SCHEDULE,30,0,25.03.2026,22.02.2026,26.02.2026,05.03.2026,05.03.2026,27.03.2026,27.03.2026,,H014,WH INFORMA JABABEKA
R110260222H063_H014,CDD LONG CHASSIS,2250000,0,0,0,0,0,2250000,H014 - WH INFORMA JABABEKA,PT. BINTANG SAMUDRA RAYA,7,ON SCHEDULE,27,0,22.03.2026,22.02.2026,24.02.2026,02.03.2026,02.03.2026,03.03.2026,05.03.2026,,H014,WH INFORMA JABABEKA
R110260222H065_H014,WINGBOX,11500000,0,0,0,0,0,11500000,H014 - WH INFORMA JABABEKA,PT. BINTANG SAMUDRA RAYA,7,ON SCHEDULE,29,0,25.03.2026,23.02.2026,26.02.2026,05.03.2026,05.03.2026,09.03.2026,09.03.2026,,H014,WH INFORMA JABABEKA
R110260222H066_H014,WINGBOX,4825000,0,0,0,0,0,4825000,H014 - WH INFORMA JABABEKA,PT. CEHA LOGISTIK CEMERLANG,7,ON SCHEDULE,29,0,24.03.2026,22.02.2026,24.02.2026,24.02.2026,24.02.2026,09.03.2026,09.03.2026,,H014,WH INFORMA JABABEKA
R110260222H068_H014,CDD LONG CHASSIS,5750000,0,0,0,0,0,5750000,H014 - WH INFORMA JABABEKA,PT. DUTA LINTAS NUSA,7,ON SCHEDULE,28,0,23.03.2026,22.02.2026,24.02.2026,31.03.2026,31.03.2026,14.04.2026,20.04.2026,,H014,WH INFORMA JABABEKA
R110260222H069_H014,CDD LONG CHASSIS,5750000,0,0,0,0,0,5750000,H014 - WH INFORMA JABABEKA,PT. DUTA LINTAS NUSA,7,ON SCHEDULE,28,0,23.03.2026,22.02.2026,24.02.2026,11.03.2026,11.03.2026,25.03.2026,27.03.2026,,H014,WH INFORMA JABABEKA
R110260222H070_H014,CDD LONG CHASSIS,5750000,0,0,0,0,0,5750000,H014 - WH INFORMA JABABEKA,PT. DUTA LINTAS NUSA,7,ON SCHEDULE,28,0,23.03.2026,22.02.2026,24.02.2026,11.03.2026,11.03.2026,25.03.2026,27.03.2026,,H014,WH INFORMA JABABEKA
R110260222L058_H014,CDD LONG CHASSIS,1400000,0,0,0,0,0,1400000,H014 - WH INFORMA JABABEKA,PT. BINTANG SAMUDRA RAYA,7,ON SCHEDULE,27,0,22.03.2026,22.02.2026,24.02.2026,02.03.2026,02.03.2026,03.03.2026,05.03.2026,,H014,WH INFORMA JABABEKA
R110260222L059_H014,CDD LONG CHASSIS,3500000,0,0,0,0,0,3500000,H014 - WH INFORMA JABABEKA,PT. CEHA LOGISTIK CEMERLANG,7,ON SCHEDULE,28,0,23.03.2026,22.02.2026,24.02.2026,24.02.2026,24.02.2026,09.03.2026,09.03.2026,,H014,WH INFORMA JABABEKA
R110260222L060_H014,CDD LONG CHASSIS,7400000,0,0,0,0,0,7400000,H014 - WH INFORMA JABABEKA,PT. BINTANG SAMUDRA RAYA,7,ON SCHEDULE,30,0,25.03.2026,22.02.2026,26.02.2026,05.03.2026,05.03.2026,27.03.2026,27.03.2026,,H014,WH INFORMA JABABEKA
R110260222L064_H014,CDD LONG CHASSIS,1725000,0,0,0,0,0,1725000,H014 - WH INFORMA JABABEKA,PT. BINTANG SAMUDRA RAYA,7,ON SCHEDULE,27,0,22.03.2026,22.02.2026,24.02.2026,02.03.2026,02.03.2026,03.03.2026,05.03.2026,,H014,WH INFORMA JABABEKA
R110260222L065_H014,CDD LONG CHASSIS,4900000,0,0,0,0,0,4900000,H014 - WH INFORMA JABABEKA,PT.ORANG KREATIF EKSIS,7,ON SCHEDULE,28,0,24.03.2026,23.02.2026,24.02.2026,03.03.2026,03.03.2026,10.03.2026,10.03.2026,,H014,WH INFORMA JABABEKA
R110260222L066_H014,CDD LONG CHASSIS,4900000,0,0,0,0,0,4900000,H014 - WH INFORMA JABABEKA,PT.ORANG KREATIF EKSIS,7,ON SCHEDULE,28,0,23.03.2026,22.02.2026,24.02.2026,03.03.2026,03.03.2026,10.03.2026,10.03.2026,,H014,WH INFORMA JABABEKA
R110260222L067_H014,WINGBOX,4300000,0,0,0,0,0,4300000,H014 - WH INFORMA JABABEKA,PT.SIASAT CEPAT MUDA,7,ON SCHEDULE,29,0,25.03.2026,23.02.2026,25.02.2026,25.02.2026,26.02.2026,26.02.2026,26.02.2026,,H014,WH INFORMA JABABEKA
R110260222L069_H014,CDD LONG CHASSIS,3500000,0,0,0,0,0,3500000,H014 - WH INFORMA JABABEKA,PT. CEHA LOGISTIK CEMERLANG,7,ON SCHEDULE,30,0,25.03.2026,22.02.2026,25.02.2026,25.02.2026,25.02.2026,09.03.2026,09.03.2026,,H014,WH INFORMA JABABEKA
R110260222L072_H014,CDD LONG CHASSIS,3500000,0,0,0,0,0,3500000,H014 - WH INFORMA JABABEKA,PT. AGUNG MAKMUR JAYA,7,ON SCHEDULE,28,0,24.03.2026,23.02.2026,25.02.2026,25.02.2026,26.02.2026,04.03.2026,04.03.2026,,H014,WH INFORMA JABABEKA
R110260222L073_H014,CDD LONG CHASSIS,4900000,0,0,0,0,0,4900000,H014 - WH INFORMA JABABEKA,PT.ORANG KREATIF EKSIS,7,ON SCHEDULE,28,0,23.03.2026,22.02.2026,25.02.2026,03.03.2026,03.03.2026,10.03.2026,10.03.2026,,H014,WH INFORMA JABABEKA
R110260222L074_H014,CDD LONG CHASSIS,7500000,0,0,0,0,0,7500000,H014 - WH INFORMA JABABEKA,PT.ORANG KREATIF EKSIS,7,ON SCHEDULE,30,0,25.03.2026,22.02.2026,25.02.2026,03.03.2026,03.03.2026,10.03.2026,10.03.2026,,H014,WH INFORMA JABABEKA
R110260222L082_H014,CDD LONG CHASSIS,3600000,0,0,0,0,0,3600000,H014 - WH INFORMA JABABEKA,PT. BINTANG SAMUDRA RAYA,7,ON SCHEDULE,30,0,25.03.2026,22.02.2026,24.02.2026,02.03.2026,02.03.2026,03.03.2026,05.03.2026,,H014,WH INFORMA JABABEKA
R110260222L083_H014,CDD LONG CHASSIS,3600000,0,0,0,0,0,3600000,H014 - WH INFORMA JABABEKA,PT. BINTANG SAMUDRA RAYA,7,ON SCHEDULE,30,0,26.03.2026,23.02.2026,26.02.2026,05.03.2026,05.03.2026,27.03.2026,27.03.2026,,H014,WH INFORMA JABABEKA
R110260222T021_H014,WINGBOX,5650000,0,0,0,0,0,5650000,H014 - WH INFORMA JABABEKA,PT. DUTA MEDIA MANDIRI,7,ON SCHEDULE,29,0,25.03.2026,23.02.2026,25.02.2026,26.02.2026,26.02.2026,05.03.2026,06.03.2026,,H014,WH INFORMA JABABEKA
R110260222T022_H014,WINGBOX,5650000,0,0,0,0,0,5650000,H014 - WH INFORMA JABABEKA,PT. DUTA MEDIA MANDIRI,7,ON SCHEDULE,29,0,24.03.2026,22.02.2026,25.02.2026,26.02.2026,26.02.2026,10.03.2026,10.03.2026,,H014,WH INFORMA JABABEKA
R110260222T023_H014,WINGBOX,5650000,0,0,0,0,0,5650000,H014 - WH INFORMA JABABEKA,PT. DUTA MEDIA MANDIRI,7,ON SCHEDULE,29,0,24.03.2026,22.02.2026,25.02.2026,26.02.2026,26.02.2026,03.03.2026,03.03.2026,,H014,WH INFORMA JABABEKA
R110260222T024_H014,WINGBOX,5650000,0,0,0,0,0,5650000,H014 - WH INFORMA JABABEKA,PT. DUTA MEDIA MANDIRI,7,ON SCHEDULE,29,0,24.03.2026,22.02.2026,25.02.2026,26.02.2026,26.02.2026,03.03.2026,03.03.2026,,H014,WH INFORMA JABABEKA
R110260222T025_H014,WINGBOX,6600000,0,0,0,0,0,6600000,H014 - WH INFORMA JABABEKA,PT. CATUR GLOBAL LOGISTIK,7,ON SCHEDULE,29,0,24.03.2026,22.02.2026,25.02.2026,04.03.2026,05.03.2026,31.03.2026,31.03.2026,,H014,WH INFORMA JABABEKA
R110260222T027_H014,WINGBOX,6600000,0,0,0,0,0,6600000,H014 - WH INFORMA JABABEKA,PT. CATUR GLOBAL LOGISTIK,7,ON SCHEDULE,29,0,24.03.2026,22.02.2026,25.02.2026,04.03.2026,05.03.2026,31.03.2026,31.03.2026,,H014,WH INFORMA JABABEKA
R110260222T028_H014,WINGBOX,6600000,0,0,0,0,0,6600000,H014 - WH INFORMA JABABEKA,PT. JAYA MULYA ERALINDO,7,ON SCHEDULE,29,0,25.03.2026,23.02.2026,26.02.2026,04.03.2026,04.03.2026,04.03.2026,04.03.2026,,H014,WH INFORMA JABABEKA
R110260222T029_H014,WINGBOX,6600000,0,0,0,0,0,6600000,H014 - WH INFORMA JABABEKA,PT. JAYA MULYA ERALINDO,7,ON SCHEDULE,29,0,25.03.2026,23.02.2026,26.02.2026,04.03.2026,04.03.2026,04.03.2026,04.03.2026,,H014,WH INFORMA JABABEKA
R110260222T030_H014,CONT-40,25600000,0,0,0,0,0,25600000,H014 - WH INFORMA JABABEKA,PT. SENTOSAPRIMA ABADI,7,ON SCHEDULE,37,0,03.04.2026,24.02.2026,08.03.2026,06.05.2026,07.05.2026,07.05.2026,07.05.2026,,H014,WH INFORMA JABABEKA
R110260222T031_H014,WINGBOX,7000000,0,0,0,0,0,7000000,H014 - WH INFORMA JABABEKA,PT. DUNIA EXPRESS TRANSINDO,7,ON SCHEDULE,29,0,24.03.2026,22.02.2026,25.02.2026,08.04.2026,08.04.2026,22.04.2026,22.04.2026,,H014,WH INFORMA JABABEKA
R110260222T033_H014,WINGBOX,6600000,0,0,0,0,0,6600000,H014 - WH INFORMA JABABEKA,PT. JAYA MULYA ERALINDO,7,ON SCHEDULE,29,0,24.03.2026,22.02.2026,25.02.2026,05.03.2026,05.03.2026,05.03.2026,06.03.2026,,H014,WH INFORMA JABABEKA
R110260222T034_H014,WINGBOX,6600000,0,0,0,0,0,6600000,H014 - WH INFORMA JABABEKA,PT. JAYA MULYA ERALINDO,7,ON SCHEDULE,29,0,24.03.2026,22.02.2026,25.02.2026,05.03.2026,05.03.2026,05.03.2026,06.03.2026,,H014,WH INFORMA JABABEKA
R110260222T035_H014,WINGBOX,5600000,0,0,0,0,0,5600000,H014 - WH INFORMA JABABEKA,PT. BINTANG SAMUDRA RAYA,7,ON SCHEDULE,29,0,25.03.2026,23.02.2026,26.02.2026,05.03.2026,05.03.2026,09.03.2026,09.03.2026,,H014,WH INFORMA JABABEKA
R110260222T036_H014,CONT-40,25600000,0,0,0,0,0,25600000,H014 - WH INFORMA JABABEKA,PT. SENTOSAPRIMA ABADI,7,ON SCHEDULE,37,0,03.04.2026,24.02.2026,08.03.2026,06.05.2026,07.05.2026,07.05.2026,07.05.2026,,H014,WH INFORMA JABABEKA
R110260222T037_H014,CONT-40,25600000,0,0,0,0,0,25600000,H014 - WH INFORMA JABABEKA,PT. SENTOSAPRIMA ABADI,7,ON SCHEDULE,37,0,04.04.2026,25.02.2026,09.03.2026,06.05.2026,07.05.2026,07.05.2026,07.05.2026,,H014,WH INFORMA JABABEKA
R110260222T040_H014,WINGBOX,6600000,0,0,0,0,0,6600000,H014 - WH INFORMA JABABEKA,PT. CATUR GLOBAL LOGISTIK,7,ON SCHEDULE,29,0,25.03.2026,23.02.2026,26.02.2026,06.03.2026,06.03.2026,10.03.2026,10.03.2026,,H014,WH INFORMA JABABEKA
R110260222T041_H014,CONT-40,25600000,0,0,0,0,0,25600000,H014 - WH INFORMA JABABEKA,PT. SENTOSAPRIMA ABADI,7,ON SCHEDULE,37,0,04.04.2026,25.02.2026,09.03.2026,06.05.2026,07.05.2026,07.05.2026,07.05.2026,,H014,WH INFORMA JABABEKA
R110260222T042_H014,CONT-40,25600000,0,0,0,0,0,25600000,H014 - WH INFORMA JABABEKA,PT. SENTOSAPRIMA ABADI,7,ON SCHEDULE,37,0,05.04.2026,26.02.2026,09.03.2026,06.05.2026,07.05.2026,07.05.2026,07.05.2026,,H014,WH INFORMA JABABEKA
R110260222T043_H014,CONT-40,25600000,0,0,0,0,0,25600000,H014 - WH INFORMA JABABEKA,PT. SENTOSAPRIMA ABADI,7,ON SCHEDULE,37,0,05.04.2026,26.02.2026,09.03.2026,06.05.2026,07.05.2026,07.05.2026,07.05.2026,,H014,WH INFORMA JABABEKA
R110260222T044_H014,CONT-40,25600000,0,0,0,0,0,25600000,H014 - WH INFORMA JABABEKA,PT. SENTOSAPRIMA ABADI,7,ON SCHEDULE,37,0,05.04.2026,26.02.2026,09.03.2026,06.05.2026,07.05.2026,07.05.2026,07.05.2026,,H014,WH INFORMA JABABEKA
R110260222T045_H014,CONT-40,25600000,0,0,0,0,0,25600000,H014 - WH INFORMA JABABEKA,PT. SENTOSAPRIMA ABADI,7,ON SCHEDULE,37,0,05.04.2026,26.02.2026,09.03.2026,06.05.2026,07.05.2026,07.05.2026,07.05.2026,,H014,WH INFORMA JABABEKA
R110260222T046_H014,CONT-40,25600000,0,0,0,0,0,25600000,H014 - WH INFORMA JABABEKA,PT. SENTOSAPRIMA ABADI,7,ON SCHEDULE,37,0,06.04.2026,27.02.2026,09.03.2026,06.05.2026,07.05.2026,07.05.2026,07.05.2026,,H014,WH INFORMA JABABEKA
R110260222T047_H014,CONT-40,25600000,0,0,0,0,0,25600000,H014 - WH INFORMA JABABEKA,PT. SENTOSAPRIMA ABADI,7,ON SCHEDULE,37,0,06.04.2026,27.02.2026,09.03.2026,06.05.2026,07.05.2026,07.05.2026,07.05.2026,,H014,WH INFORMA JABABEKA
R110260222T048_H014,CONT-40,25600000,0,0,0,0,0,25600000,H014 - WH INFORMA JABABEKA,PT. SENTOSAPRIMA ABADI,7,ON SCHEDULE,37,0,06.04.2026,27.02.2026,09.03.2026,06.05.2026,07.05.2026,07.05.2026,07.05.2026,,H014,WH INFORMA JABABEKA
R110260222T049_H014,CONT-20,3900000,0,0,0,0,0,3900000,H014 - WH INFORMA JABABEKA,PT. JATIM PETROLEUM TRANSPORT,7,ON SCHEDULE,29,0,24.03.2026,22.02.2026,25.02.2026,27.03.2026,28.03.2026,29.04.2026,29.04.2026,,H014,WH INFORMA JABABEKA
R110260222T050_H014,WINGBOX,6200000,0,0,0,0,0,6200000,H014 - WH INFORMA JABABEKA,PT. SATRIA PIRANTI PERKASA,7,ON SCHEDULE,29,0,24.03.2026,22.02.2026,25.02.2026,11.03.2026,11.03.2026,25.03.2026,25.03.2026,,H014,WH INFORMA JABABEKA
R110260222T051_H014,CONT-20,3900000,0,0,0,0,0,3900000,H014 - WH INFORMA JABABEKA,PT. JATIM PETROLEUM TRANSPORT,7,ON SCHEDULE,29,0,24.03.2026,22.02.2026,25.02.2026,27.03.2026,28.03.2026,29.04.2026,29.04.2026,,H014,WH INFORMA JABABEKA
R110260222T054_H014,CONT-20,3900000,0,0,0,0,0,3900000,H014 - WH INFORMA JABABEKA,PT. JATIM PETROLEUM TRANSPORT,7,ON SCHEDULE,29,0,25.03.2026,23.02.2026,25.02.2026,27.03.2026,28.03.2026,29.04.2026,29.04.2026,,H014,WH INFORMA JABABEKA
R110260222T055_H014,CONT-20,3900000,0,0,0,0,0,3900000,H014 - WH INFORMA JABABEKA,PT. JATIM PETROLEUM TRANSPORT,7,ON SCHEDULE,29,0,24.03.2026,22.02.2026,25.02.2026,27.03.2026,28.03.2026,29.04.2026,29.04.2026,,H014,WH INFORMA JABABEKA
R110260222T056_H014,WINGBOX,6600000,0,0,0,0,0,6600000,H014 - WH INFORMA JABABEKA,PT. CATUR GLOBAL LOGISTIK,7,ON SCHEDULE,29,0,24.03.2026,22.02.2026,27.02.2026,04.03.2026,05.03.2026,31.03.2026,31.03.2026,,H014,WH INFORMA JABABEKA
R110260222T057_H014,CONT-40,8750000,0,0,0,0,0,8750000,H014 - WH INFORMA JABABEKA,PT. CIKARANG GERBANG SOLUSI,6,LATE,29,162,24.03.2026,22.02.2026,26.02.2026,27.04.2026,28.04.2026,07.07.2026,07.07.2026,,H014,WH INFORMA JABABEKA
R110260222T058_H014,CONT-40,8750000,0,0,0,0,0,8750000,H014 - WH INFORMA JABABEKA,PT. CIKARANG GERBANG SOLUSI,6,LATE,29,162,24.03.2026,22.02.2026,26.02.2026,27.04.2026,28.04.2026,07.07.2026,07.07.2026,,H014,WH INFORMA JABABEKA
R110260222T059_H014,CONT-40,34300000,0,0,0,0,0,34300000,H014 - WH INFORMA JABABEKA,PT. PAUS BIRU LOGISTIK,7,ON SCHEDULE,40,0,07.04.2026,25.02.2026,06.03.2026,20.05.2026,20.05.2026,21.05.2026,25.05.2026,,H014,WH INFORMA JABABEKA
R110260222T060_H014,CONT-20,10500000,0,0,0,0,0,10500000,H014 - WH INFORMA JABABEKA,PT. TPIL LOGISTICS,7,ON SCHEDULE,42,0,07.04.2026,23.02.2026,06.03.2026,25.03.2026,26.03.2026,10.04.2026,10.04.2026,,H014,WH INFORMA JABABEKA
R110260222T063_H014,CONT-20,10500000,0,0,400000,0,0,10900000,H014 - WH INFORMA JABABEKA,PT. HAKKA HYDRO TIRTA,7,ON SCHEDULE,40,0,05.04.2026,23.02.2026,16.03.2026,01.04.2026,01.04.2026,02.04.2026,02.04.2026,,H014,WH INFORMA JABABEKA
R110260222T064_H014,CONT-40,20200000,0,0,1500000,0,0,21700000,H014 - WH INFORMA JABABEKA,PT. HAKKA HYDRO TIRTA,7,ON SCHEDULE,46,0,16.04.2026,28.02.2026,15.03.2026,20.05.2026,20.05.2026,11.06.2026,12.06.2026,,H014,WH INFORMA JABABEKA
R110260222T065_H014,CONT-20,9000000,0,0,800000,0,0,9800000,H014 - WH INFORMA JABABEKA,PT. HAKKA HYDRO TIRTA,7,ON SCHEDULE,46,0,12.04.2026,24.02.2026,05.03.2026,20.05.2026,20.05.2026,10.06.2026,10.06.2026,,H014,WH INFORMA JABABEKA
R110260223H038_H014,WINGBOX,2350000,0,0,0,0,0,2350000,H014 - WH INFORMA JABABEKA,PT. BINTANG SAMUDRA RAYA,7,ON SCHEDULE,27,0,23.03.2026,23.02.2026,24.02.2026,03.03.2026,03.03.2026,03.03.2026,05.03.2026,,H014,WH INFORMA JABABEKA
R110260223H039_H014,WINGBOX,4300000,0,0,0,0,0,4300000,H014 - WH INFORMA JABABEKA,PT.SIASAT CEPAT MUDA,7,ON SCHEDULE,29,0,25.03.2026,23.02.2026,25.02.2026,25.02.2026,26.02.2026,26.02.2026,26.02.2026,,H014,WH INFORMA JABABEKA
R110260223H040_H014,WINGBOX,4300000,0,0,0,0,0,4300000,H014 - WH INFORMA JABABEKA,PT.SIASAT CEPAT MUDA,7,ON SCHEDULE,29,0,25.03.2026,23.02.2026,25.02.2026,25.02.2026,26.02.2026,26.02.2026,26.02.2026,,H014,WH INFORMA JABABEKA
R110260223H041_H014,CONT-40,15500000,0,0,0,0,0,15500000,H014 - WH INFORMA JABABEKA,PT. TPIL LOGISTICS,7,ON SCHEDULE,42,0,10.04.2026,26.02.2026,06.03.2026,21.05.2026,22.05.2026,25.05.2026,25.05.2026,,H014,WH INFORMA JABABEKA
R110260223H042_H014,CDD LONG CHASSIS,5800000,0,0,0,0,0,5800000,H014 - WH INFORMA JABABEKA,PT. AGUNG MAKMUR JAYA,7,ON SCHEDULE,28,0,24.03.2026,23.02.2026,24.02.2026,27.02.2026,27.02.2026,03.03.2026,10.03.2026,,H014,WH INFORMA JABABEKA
R110260223H044_H014,CDD LONG CHASSIS,4900000,0,0,0,0,0,4900000,H014 - WH INFORMA JABABEKA,PT.ORANG KREATIF EKSIS,7,ON SCHEDULE,28,0,24.03.2026,23.02.2026,24.02.2026,03.03.2026,03.03.2026,10.03.2026,10.03.2026,,H014,WH INFORMA JABABEKA
R110260223H045_H014,CDD LONG CHASSIS,1725000,0,0,0,0,0,1725000,H014 - WH INFORMA JABABEKA,PT. BINTANG SAMUDRA RAYA,7,ON SCHEDULE,27,0,23.03.2026,23.02.2026,24.02.2026,02.03.2026,02.03.2026,03.03.2026,05.03.2026,,H014,WH INFORMA JABABEKA
R110260223H046_H014,WINGBOX,17750000,0,0,0,0,0,17750000,H014 - WH INFORMA JABABEKA,PT. BINTANG SAMUDRA RAYA,7,ON SCHEDULE,30,0,26.03.2026,23.02.2026,01.03.2026,05.03.2026,05.03.2026,27.03.2026,27.03.2026,,H014,WH INFORMA JABABEKA
R110260223H048_H014,CDD LONG CHASSIS,12500000,0,0,0,0,0,12500000,H014 - WH INFORMA JABABEKA,PT.ORANG KREATIF EKSIS,7,ON SCHEDULE,30,0,26.03.2026,23.02.2026,01.03.2026,05.03.2026,05.03.2026,10.03.2026,10.03.2026,,H014,WH INFORMA JABABEKA
R110260223H049_H014,CDD LONG CHASSIS,2850000,0,0,0,0,0,2850000,H014 - WH INFORMA JABABEKA,PT. BINTANG SAMUDRA RAYA,7,ON SCHEDULE,28,0,24.03.2026,23.02.2026,25.02.2026,02.03.2026,02.03.2026,03.03.2026,05.03.2026,,H014,WH INFORMA JABABEKA
R110260223H051_H014,CDD LONG CHASSIS,2200000,0,0,0,0,0,2200000,H014 - WH INFORMA JABABEKA,PT. AGUNG MAKMUR JAYA,7,ON SCHEDULE,27,0,23.03.2026,23.02.2026,25.02.2026,27.02.2026,27.02.2026,03.03.2026,10.03.2026,,H014,WH INFORMA JABABEKA
R110260223H053_H014,CDD LONG CHASSIS,3500000,0,0,0,0,0,3500000,H014 - WH INFORMA JABABEKA,PT. BINTANG SAMUDRA RAYA,7,ON SCHEDULE,29,0,25.03.2026,23.02.2026,25.02.2026,02.03.2026,02.03.2026,03.03.2026,05.03.2026,,H014,WH INFORMA JABABEKA
R110260223H054_H014,WINGBOX,4825000,0,0,0,0,0,4825000,H014 - WH INFORMA JABABEKA,PT. CEHA LOGISTIK CEMERLANG,7,ON SCHEDULE,29,0,25.03.2026,23.02.2026,25.02.2026,25.02.2026,25.02.2026,09.03.2026,09.03.2026,,H014,WH INFORMA JABABEKA
R110260223H064_H014,CDD LONG CHASSIS,7500000,0,0,0,0,0,7500000,H014 - WH INFORMA JABABEKA,PT.ORANG KREATIF EKSIS,7,ON SCHEDULE,29,0,25.03.2026,23.02.2026,25.02.2026,03.03.2026,03.03.2026,10.03.2026,10.03.2026,,H014,WH INFORMA JABABEKA
R110260223H065_H014,CDD LONG CHASSIS,4900000,0,0,0,0,0,4900000,H014 - WH INFORMA JABABEKA,PT.ORANG KREATIF EKSIS,7,ON SCHEDULE,28,0,24.03.2026,23.02.2026,25.02.2026,03.03.2026,03.03.2026,10.03.2026,10.03.2026,,H014,WH INFORMA JABABEKA
R110260223H066_H014,CDD LONG CHASSIS,4900000,0,0,0,0,0,4900000,H014 - WH INFORMA JABABEKA,PT.ORANG KREATIF EKSIS,7,ON SCHEDULE,28,0,24.03.2026,23.02.2026,24.02.2026,03.03.2026,03.03.2026,10.03.2026,10.03.2026,,H014,WH INFORMA JABABEKA
R110260223H068_H014,WINGBOX,11500000,0,0,0,0,0,11500000,H014 - WH INFORMA JABABEKA,PT. BINTANG SAMUDRA RAYA,7,ON SCHEDULE,29,0,25.03.2026,23.02.2026,27.02.2026,05.03.2026,05.03.2026,27.03.2026,27.03.2026,,H014,WH INFORMA JABABEKA
R110260223H069_H014,WINGBOX,4825000,0,0,0,0,0,4825000,H014 - WH INFORMA JABABEKA,PT. CEHA LOGISTIK CEMERLANG,7,ON SCHEDULE,29,0,25.03.2026,23.02.2026,25.02.2026,25.02.2026,25.02.2026,09.03.2026,09.03.2026,,H014,WH INFORMA JABABEKA
R110260223L068_H014,CDD BAK,4700000,0,0,0,0,0,4700000,H014 - WH INFORMA JABABEKA,PT. BINTANG SAMUDRA RAYA,7,ON SCHEDULE,28,0,24.03.2026,23.02.2026,02.03.2026,02.03.2026,02.03.2026,03.03.2026,05.03.2026,,H014,WH INFORMA JABABEKA
R110260223L084_H014,CDD LONG CHASSIS,3500000,0,0,0,100000,0,3600000,H014 - WH INFORMA JABABEKA,PT. AGUNG MAKMUR JAYA,7,ON SCHEDULE,30,0,27.03.2026,24.02.2026,26.02.2026,02.03.2026,02.03.2026,03.03.2026,10.03.2026,,H014,WH INFORMA JABABEKA
R110260223L084_H014,CDD LONG CHASSIS,3500000,0,0,0,100000,0,3600000,H014 - WH INFORMA JABABEKA,PT. AGUNG MAKMUR JAYA,7,ON SCHEDULE,30,0,27.03.2026,24.02.2026,26.02.2026,02.03.2026,02.03.2026,03.03.2026,10.03.2026,,H014,WH INFORMA JABABEKA
R110260223L084_H014,CDD LONG CHASSIS,3500000,0,0,0,100000,0,3600000,H014 - WH INFORMA JABABEKA,PT. AGUNG MAKMUR JAYA,7,ON SCHEDULE,30,0,27.03.2026,24.02.2026,26.02.2026,02.03.2026,02.03.2026,03.03.2026,10.03.2026,,H014,WH INFORMA JABABEKA
R110260223L086_H014,CDD LONG CHASSIS,3600000,0,0,0,400000,0,4000000,H014 - WH INFORMA JABABEKA,PT. BINTANG SAMUDRA RAYA,7,ON SCHEDULE,30,0,26.03.2026,23.02.2026,26.02.2026,05.03.2026,05.03.2026,05.03.2026,05.03.2026,,H014,WH INFORMA JABABEKA
R110260223L087_H014,CDD LONG CHASSIS,4900000,0,0,0,0,0,4900000,H014 - WH INFORMA JABABEKA,PT.ORANG KREATIF EKSIS,7,ON SCHEDULE,28,0,24.03.2026,23.02.2026,25.02.2026,03.03.2026,03.03.2026,10.03.2026,10.03.2026,,H014,WH INFORMA JABABEKA
R110260223L088_H014,CDD LONG CHASSIS,4900000,0,0,0,0,0,4900000,H014 - WH INFORMA JABABEKA,PT.ORANG KREATIF EKSIS,7,ON SCHEDULE,28,0,24.03.2026,23.02.2026,25.02.2026,03.03.2026,03.03.2026,10.03.2026,10.03.2026,,H014,WH INFORMA JABABEKA
R110260223T026_H014,WINGBOX,6600000,0,0,0,0,0,6600000,H014 - WH INFORMA JABABEKA,PT. CATUR GLOBAL LOGISTIK,7,ON SCHEDULE,29,0,26.03.2026,24.02.2026,27.02.2026,11.03.2026,11.03.2026,11.03.2026,11.03.2026,,H014,WH INFORMA JABABEKA
R110260223T027_H014,WINGBOX,6600000,0,0,0,0,0,6600000,H014 - WH INFORMA JABABEKA,PT. CATUR GLOBAL LOGISTIK,7,ON SCHEDULE,29,0,26.03.2026,24.02.2026,27.02.2026,06.03.2026,06.03.2026,31.03.2026,31.03.2026,,H014,WH INFORMA JABABEKA
R110260223T028_H014,WINGBOX,24000000,0,0,0,0,0,24000000,H014 - WH INFORMA JABABEKA,PT. CITRA SENTRAL EKSPRES,7,ON SCHEDULE,37,0,05.04.2026,26.02.2026,03.03.2026,02.04.2026,03.04.2026,06.04.2026,06.04.2026,,H014,WH INFORMA JABABEKA
R110260223T029_H014,CONT-20,14300000,0,0,600000,0,0,14900000,H014 - WH INFORMA JABABEKA,PT. PAUS BIRU LOGISTIK,7,ON SCHEDULE,42,0,11.04.2026,27.02.2026,10.03.2026,29.04.2026,30.04.2026,04.05.2026,13.05.2026,,H014,WH INFORMA JABABEKA
R110260223T030_H014,CONT-20,9000000,0,0,0,0,0,9000000,H014 - WH INFORMA JABABEKA,PT. TPIL LOGISTICS,7,ON SCHEDULE,40,0,07.04.2026,25.02.2026,10.03.2026,25.03.2026,26.03.2026,10.04.2026,10.04.2026,,H014,WH INFORMA JABABEKA
R110260223T031_H014,CONT-40,25600000,0,0,0,0,0,25600000,H014 - WH INFORMA JABABEKA,PT. SENTOSAPRIMA ABADI,7,ON SCHEDULE,37,0,07.04.2026,28.02.2026,09.03.2026,06.05.2026,07.05.2026,07.05.2026,07.05.2026,,H014,WH INFORMA JABABEKA
R110260223T032_H014,CONT-40,8750000,0,0,0,0,0,8750000,H014 - WH INFORMA JABABEKA,PT. CIKARANG GERBANG SOLUSI,7,ON SCHEDULE,29,0,26.03.2026,24.02.2026,27.02.2026,17.04.2026,17.04.2026,17.04.2026,17.04.2026,,H014,WH INFORMA JABABEKA
R110260223T034_H014,WINGBOX,5600000,0,0,0,0,0,5600000,H014 - WH INFORMA JABABEKA,PT. BINTANG SAMUDRA RAYA,7,ON SCHEDULE,29,0,25.03.2026,23.02.2026,26.02.2026,03.03.2026,03.03.2026,03.03.2026,05.03.2026,,H014,WH INFORMA JABABEKA
R110260223T035_H014,WINGBOX,5650000,0,0,0,0,0,5650000,H014 - WH INFORMA JABABEKA,PT. DUTA MEDIA MANDIRI,7,ON SCHEDULE,29,0,26.03.2026,24.02.2026,25.02.2026,26.02.2026,26.02.2026,05.03.2026,06.03.2026,,H014,WH INFORMA JABABEKA
R110260223T036_H014,WINGBOX,5650000,0,0,0,0,0,5650000,H014 - WH INFORMA JABABEKA,PT. DUTA MEDIA MANDIRI,7,ON SCHEDULE,29,0,26.03.2026,24.02.2026,27.02.2026,06.03.2026,06.03.2026,09.03.2026,09.03.2026,,H014,WH INFORMA JABABEKA
R110260223T039_H014,WINGBOX,5650000,0,0,0,0,0,5650000,H014 - WH INFORMA JABABEKA,PT. DUTA MEDIA MANDIRI,7,ON SCHEDULE,29,0,26.03.2026,24.02.2026,27.02.2026,02.03.2026,02.03.2026,05.03.2026,06.03.2026,,H014,WH INFORMA JABABEKA
R110260223T042_H014,WINGBOX,7000000,0,0,0,0,0,7000000,H014 - WH INFORMA JABABEKA,PT. DUNIA EXPRESS TRANSINDO,7,ON SCHEDULE,29,0,26.03.2026,24.02.2026,27.02.2026,08.04.2026,08.04.2026,22.04.2026,22.04.2026,,H014,WH INFORMA JABABEKA
R110260223T043_H014,WINGBOX,6700000,0,0,0,0,0,6700000,H014 - WH INFORMA JABABEKA,PT.DHANESWARA EXPRES,7,ON SCHEDULE,29,0,25.03.2026,23.02.2026,26.02.2026,12.03.2026,12.03.2026,27.03.2026,27.03.2026,,H014,WH INFORMA JABABEKA
R110260223T045_H014,WINGBOX,7000000,0,0,0,0,0,7000000,H014 - WH INFORMA JABABEKA,PT. DUNIA EXPRESS TRANSINDO,7,ON SCHEDULE,29,0,27.03.2026,25.02.2026,01.03.2026,08.04.2026,08.04.2026,22.04.2026,22.04.2026,,H014,WH INFORMA JABABEKA
R110260223T046_H014,WINGBOX,5600000,0,0,0,0,0,5600000,H014 - WH INFORMA JABABEKA,PT. BINTANG SAMUDRA RAYA,7,ON SCHEDULE,29,0,26.03.2026,24.02.2026,27.02.2026,03.03.2026,03.03.2026,03.03.2026,05.03.2026,,H014,WH INFORMA JABABEKA
R110260223T047_H014,CONT-40,25600000,0,0,0,0,0,25600000,H014 - WH INFORMA JABABEKA,PT. SENTOSAPRIMA ABADI,7,ON SCHEDULE,37,0,07.04.2026,28.02.2026,09.03.2026,06.05.2026,07.05.2026,07.05.2026,07.05.2026,,H014,WH INFORMA JABABEKA
R110260223T048_H014,CONT-40,25600000,0,0,0,0,0,25600000,H014 - WH INFORMA JABABEKA,PT. SENTOSAPRIMA ABADI,7,ON SCHEDULE,37,0,07.04.2026,28.02.2026,09.03.2026,06.05.2026,07.05.2026,07.05.2026,07.05.2026,,H014,WH INFORMA JABABEKA
R110260223T049_H014,CONT-40,25600000,0,0,0,0,0,25600000,H014 - WH INFORMA JABABEKA,PT. SENTOSAPRIMA ABADI,7,ON SCHEDULE,37,0,07.04.2026,28.02.2026,09.03.2026,06.05.2026,07.05.2026,07.05.2026,07.05.2026,,H014,WH INFORMA JABABEKA
R110260223T050_H014,CONT-40,25600000,0,0,0,0,0,25600000,H014 - WH INFORMA JABABEKA,PT. SENTOSAPRIMA ABADI,7,ON SCHEDULE,37,0,07.04.2026,28.02.2026,09.03.2026,06.05.2026,07.05.2026,07.05.2026,07.05.2026,,H014,WH INFORMA JABABEKA
R110260223T051_H014,CONT-40,8750000,0,0,0,0,0,8750000,H014 - WH INFORMA JABABEKA,PT. CIKARANG GERBANG SOLUSI,6,LATE,29,161,25.03.2026,23.02.2026,01.03.2026,29.05.2026,29.05.2026,29.05.2026,07.07.2026,,H014,WH INFORMA JABABEKA
R110260223T052_H014,CONT-40,8750000,0,0,0,0,0,8750000,H014 - WH INFORMA JABABEKA,PT. CIKARANG GERBANG SOLUSI,6,LATE,29,161,25.03.2026,23.02.2026,01.03.2026,29.05.2026,29.05.2026,29.05.2026,07.07.2026,,H014,WH INFORMA JABABEKA
R110260223T053_H014,CONT-40,8750000,0,0,0,0,0,8750000,H014 - WH INFORMA JABABEKA,PT. CIKARANG GERBANG SOLUSI,6,LATE,29,160,26.03.2026,24.02.2026,27.02.2026,29.05.2026,29.05.2026,29.05.2026,07.07.2026,,H014,WH INFORMA JABABEKA
R110260223T054_H014,CONT-40,8750000,0,0,0,0,0,8750000,H014 - WH INFORMA JABABEKA,PT. CIKARANG GERBANG SOLUSI,6,LATE,29,160,26.03.2026,24.02.2026,27.02.2026,29.05.2026,29.05.2026,29.05.2026,07.07.2026,,H014,WH INFORMA JABABEKA
R110260223T055_H014,WINGBOX,5600000,0,0,0,0,0,5600000,H014 - WH INFORMA JABABEKA,PT. BINTANG SAMUDRA RAYA,7,ON SCHEDULE,29,0,27.03.2026,25.02.2026,01.03.2026,09.03.2026,09.03.2026,13.03.2026,13.03.2026,,H014,WH INFORMA JABABEKA
R110260223T056_H014,WINGBOX,7000000,0,0,0,0,0,7000000,H014 - WH INFORMA JABABEKA,PT. DUNIA EXPRESS TRANSINDO,7,ON SCHEDULE,29,0,26.03.2026,24.02.2026,27.02.2026,08.04.2026,08.04.2026,22.04.2026,22.04.2026,,H014,WH INFORMA JABABEKA
R110260223T057_H014,WINGBOX,7000000,0,0,0,0,0,7000000,H014 - WH INFORMA JABABEKA,PT. DUNIA EXPRESS TRANSINDO,7,ON SCHEDULE,29,0,26.03.2026,24.02.2026,27.02.2026,08.04.2026,08.04.2026,22.04.2026,22.04.2026,,H014,WH INFORMA JABABEKA
R110260223T058_H014,WINGBOX,5650000,0,0,0,0,0,5650000,H014 - WH INFORMA JABABEKA,PT. DUTA MEDIA MANDIRI,7,ON SCHEDULE,29,0,28.03.2026,26.02.2026,01.03.2026,02.03.2026,02.03.2026,05.03.2026,06.03.2026,,H014,WH INFORMA JABABEKA
R110260223T060_H014,CONT-20,9000000,0,0,0,0,0,9000000,H014 - WH INFORMA JABABEKA,PT. TPIL LOGISTICS,7,ON SCHEDULE,40,0,07.04.2026,25.02.2026,10.03.2026,25.03.2026,26.03.2026,10.04.2026,10.04.2026,,H014,WH INFORMA JABABEKA
R110260224H044_H014,WINGBOX,1998000,0,0,0,0,0,1998000,H014 - WH INFORMA JABABEKA,PT. ARDYA PRIMA INTERNUSA,7,ON SCHEDULE,27,0,24.03.2026,24.02.2026,25.02.2026,03.03.2026,03.03.2026,03.03.2026,06.03.2026,,H014,WH INFORMA JABABEKA
R110260224H045_H014,WINGBOX,1998000,0,0,0,0,0,1998000,H014 - WH INFORMA JABABEKA,PT. ARDYA PRIMA INTERNUSA,7,ON SCHEDULE,27,0,25.03.2026,25.02.2026,25.02.2026,03.03.2026,03.03.2026,03.03.2026,06.03.2026,,H014,WH INFORMA JABABEKA
R110260224H046_H014,FUSO,2300000,0,0,0,0,0,2300000,H014 - WH INFORMA JABABEKA,PT. DUTA MEDIA MANDIRI,7,ON SCHEDULE,27,0,24.03.2026,24.02.2026,25.02.2026,26.02.2026,26.02.2026,27.02.2026,27.02.2026,,H014,WH INFORMA JABABEKA
R110260224H047_H014,WINGBOX,15000000,0,0,0,0,0,15000000,H014 - WH INFORMA JABABEKA,PT. BINTANG SAMUDRA RAYA,7,ON SCHEDULE,30,0,28.03.2026,25.02.2026,02.03.2026,04.03.2026,05.03.2026,27.03.2026,27.03.2026,,H014,WH INFORMA JABABEKA
R110260224H048_H014,WINGBOX,15000000,0,0,0,0,0,15000000,H014 - WH INFORMA JABABEKA,PT. BINTANG SAMUDRA RAYA,7,ON SCHEDULE,30,0,28.03.2026,25.02.2026,01.03.2026,04.03.2026,05.03.2026,11.03.2026,12.03.2026,,H014,WH INFORMA JABABEKA
R110260224H049_H014,CDD LONG CHASSIS,10300000,0,0,0,0,0,10300000,H014 - WH INFORMA JABABEKA,PT. BINTANG SAMUDRA RAYA,7,ON SCHEDULE,30,0,27.03.2026,24.02.2026,01.03.2026,05.03.2026,05.03.2026,27.03.2026,27.03.2026,,H014,WH INFORMA JABABEKA
R110260224H050_H014,WINGBOX,17000000,0,0,0,0,0,17000000,H014 - WH INFORMA JABABEKA,PT. BINTANG SAMUDRA RAYA,7,ON SCHEDULE,33,0,31.03.2026,25.02.2026,01.03.2026,03.03.2026,04.03.2026,04.03.2026,05.03.2026,,H014,WH INFORMA JABABEKA
R110260224H051_H014,CDD LONG CHASSIS,10350000,0,0,0,0,0,10350000,H014 - WH INFORMA JABABEKA,PT.ORANG KREATIF EKSIS,7,ON SCHEDULE,33,0,31.03.2026,25.02.2026,27.02.2026,05.03.2026,05.03.2026,10.03.2026,10.03.2026,,H014,WH INFORMA JABABEKA
R110260224H052_H014,WINGBOX,18000000,0,0,0,0,0,18000000,H014 - WH INFORMA JABABEKA,PT. BINTANG SAMUDRA RAYA,7,ON SCHEDULE,31,0,29.03.2026,25.02.2026,01.03.2026,05.03.2026,05.03.2026,27.03.2026,27.03.2026,,H014,WH INFORMA JABABEKA
R110260224H054_H014,WINGBOX,3500000,0,0,0,0,0,3500000,H014 - WH INFORMA JABABEKA,PT. BINTANG SAMUDRA RAYA,7,ON SCHEDULE,29,0,26.03.2026,24.02.2026,26.02.2026,05.03.2026,05.03.2026,27.03.2026,27.03.2026,,H014,WH INFORMA JABABEKA
R110260224H055_H014,WINGBOX,4500000,0,0,0,0,0,4500000,H014 - WH INFORMA JABABEKA,PT. CEHA LOGISTIK CEMERLANG,7,ON SCHEDULE,29,0,26.03.2026,24.02.2026,26.02.2026,26.02.2026,26.02.2026,09.03.2026,09.03.2026,,H014,WH INFORMA JABABEKA
R110260224H056_H014,WINGBOX,4500000,0,0,0,0,0,4500000,H014 - WH INFORMA JABABEKA,PT. CEHA LOGISTIK CEMERLANG,7,ON SCHEDULE,29,0,26.03.2026,24.02.2026,25.02.2026,25.02.2026,25.02.2026,09.03.2026,09.03.2026,,H014,WH INFORMA JABABEKA
R110260224H057_H014,WINGBOX,4500000,0,0,0,0,0,4500000,H014 - WH INFORMA JABABEKA,PT. CEHA LOGISTIK CEMERLANG,7,ON SCHEDULE,29,0,26.03.2026,24.02.2026,26.02.2026,26.02.2026,26.02.2026,09.03.2026,09.03.2026,,H014,WH INFORMA JABABEKA
R110260224H058_H014,CDD LONG CHASSIS,2250000,0,0,0,0,0,2250000,H014 - WH INFORMA JABABEKA,PT. BINTANG SAMUDRA RAYA,7,ON SCHEDULE,27,0,24.03.2026,24.02.2026,25.02.2026,02.03.2026,02.03.2026,03.03.2026,05.03.2026,,H014,WH INFORMA JABABEKA
R110260224H059_H014,CDD LONG CHASSIS,2250000,0,0,0,0,0,2250000,H014 - WH INFORMA JABABEKA,PT. BINTANG SAMUDRA RAYA,7,ON SCHEDULE,27,0,24.03.2026,24.02.2026,25.02.2026,02.03.2026,02.03.2026,03.03.2026,05.03.2026,,H014,WH INFORMA JABABEKA
R110260224H060_H014,CDD LONG CHASSIS,2250000,0,0,0,0,0,2250000,H014 - WH INFORMA JABABEKA,PT. BINTANG SAMUDRA RAYA,7,ON SCHEDULE,27,0,24.03.2026,24.02.2026,25.02.2026,02.03.2026,02.03.2026,03.03.2026,05.03.2026,,H014,WH INFORMA JABABEKA
R110260224H062_H014,CDD LONG CHASSIS,2850000,0,0,0,0,0,2850000,H014 - WH INFORMA JABABEKA,PT. BINTANG SAMUDRA RAYA,7,ON SCHEDULE,28,0,25.03.2026,24.02.2026,25.02.2026,02.03.2026,02.03.2026,03.03.2026,05.03.2026,,H014,WH INFORMA JABABEKA
R110260224H063_H014,WINGBOX,4825000,0,0,0,0,0,4825000,H014 - WH INFORMA JABABEKA,PT. CEHA LOGISTIK CEMERLANG,7,ON SCHEDULE,29,0,26.03.2026,24.02.2026,26.02.2026,26.02.2026,26.02.2026,09.03.2026,09.03.2026,,H014,WH INFORMA JABABEKA
R110260224H064_H014,WINGBOX,11500000,0,0,0,0,0,11500000,H014 - WH INFORMA JABABEKA,PT. BINTANG SAMUDRA RAYA,7,ON SCHEDULE,29,0,26.03.2026,24.02.2026,01.03.2026,05.03.2026,05.03.2026,27.03.2026,27.03.2026,,H014,WH INFORMA JABABEKA
R110260224H066_H014,CDD LONG CHASSIS,3500000,0,0,0,0,0,3500000,H014 - WH INFORMA JABABEKA,PT. CEHA LOGISTIK CEMERLANG,7,ON SCHEDULE,29,0,26.03.2026,24.02.2026,26.02.2026,26.02.2026,26.02.2026,09.03.2026,09.03.2026,,H014,WH INFORMA JABABEKA
R110260224H067_H014,CDD LONG CHASSIS,10350000,0,0,0,0,0,10350000,H014 - WH INFORMA JABABEKA,PT.ORANG KREATIF EKSIS,7,ON SCHEDULE,30,0,27.03.2026,24.02.2026,27.02.2026,06.03.2026,07.03.2026,13.03.2026,13.03.2026,,H014,WH INFORMA JABABEKA
R110260224H068_H014,CDD LONG CHASSIS,9300000,0,0,0,0,0,9300000,H014 - WH INFORMA JABABEKA,PT. AGUNG MAKMUR JAYA,7,ON SCHEDULE,33,0,31.03.2026,25.02.2026,27.02.2026,27.02.2026,27.02.2026,03.03.2026,10.03.2026,,H014,WH INFORMA JABABEKA
R110260224H070_H014,CONT-20,15500000,0,0,0,0,0,15500000,H014 - WH INFORMA JABABEKA,PT. TPIL LOGISTICS,7,ON SCHEDULE,42,0,09.04.2026,25.02.2026,06.03.2026,21.05.2026,22.05.2026,25.05.2026,25.05.2026,,H014,WH INFORMA JABABEKA
R110260224H077_H014,WINGBOX,4825000,0,0,0,0,0,4825000,H014 - WH INFORMA JABABEKA,PT. CEHA LOGISTIK CEMERLANG,7,ON SCHEDULE,29,0,26.03.2026,24.02.2026,26.02.2026,26.02.2026,26.02.2026,09.03.2026,09.03.2026,,H014,WH INFORMA JABABEKA
R110260224H079_H014,CDD LONG CHASSIS,5750000,0,0,0,0,0,5750000,H014 - WH INFORMA JABABEKA,PT. DUTA LINTAS NUSA,7,ON SCHEDULE,28,0,25.03.2026,24.02.2026,26.02.2026,11.03.2026,11.03.2026,25.03.2026,26.03.2026,,H014,WH INFORMA JABABEKA
R110260224H081_H014,CDD LONG CHASSIS,3600000,0,0,0,0,0,3600000,H014 - WH INFORMA JABABEKA,PT. BINTANG SAMUDRA RAYA,7,ON SCHEDULE,29,0,26.03.2026,24.02.2026,26.02.2026,02.03.2026,02.03.2026,03.03.2026,05.03.2026,,H014,WH INFORMA JABABEKA
R110260224L090_H014,CDD LONG CHASSIS,3900000,0,0,0,400000,0,4300000,H014 - WH INFORMA JABABEKA,PT. BINTANG SAMUDRA RAYA,7,ON SCHEDULE,28,0,26.03.2026,25.02.2026,27.02.2026,05.03.2026,05.03.2026,05.03.2026,05.03.2026,,H014,WH INFORMA JABABEKA
R110260224L092_H014,CDD LONG CHASSIS,7500000,0,0,0,150000,0,7650000,H014 - WH INFORMA JABABEKA,PT.ORANG KREATIF EKSIS,7,ON SCHEDULE,30,0,28.03.2026,25.02.2026,27.02.2026,03.03.2026,03.03.2026,10.03.2026,10.03.2026,,H014,WH INFORMA JABABEKA
R110260224L093_H014,CDD LONG CHASSIS,12400000,0,0,0,0,0,12400000,H014 - WH INFORMA JABABEKA,PT.ORANG KREATIF EKSIS,7,ON SCHEDULE,30,0,28.03.2026,25.02.2026,03.03.2026,06.03.2026,07.03.2026,13.03.2026,13.03.2026,,H014,WH INFORMA JABABEKA
R110260224L094_H014,CDD LONG CHASSIS,5750000,0,0,0,0,0,5750000,H014 - WH INFORMA JABABEKA,PT. DUTA LINTAS NUSA,7,ON SCHEDULE,28,0,26.03.2026,25.02.2026,26.02.2026,11.03.2026,11.03.2026,25.03.2026,27.03.2026,,H014,WH INFORMA JABABEKA
R110260224L102_H014,CDD LONG CHASSIS,5750000,0,0,0,0,0,5750000,H014 - WH INFORMA JABABEKA,PT. DUTA LINTAS NUSA,7,ON SCHEDULE,28,0,25.03.2026,24.02.2026,25.02.2026,11.03.2026,11.03.2026,25.03.2026,27.03.2026,,H014,WH INFORMA JABABEKA
R110260224L103_H014,CDD LONG CHASSIS,4900000,0,0,0,0,0,4900000,H014 - WH INFORMA JABABEKA,PT.ORANG KREATIF EKSIS,7,ON SCHEDULE,28,0,25.03.2026,24.02.2026,25.02.2026,03.03.2026,03.03.2026,10.03.2026,10.03.2026,,H014,WH INFORMA JABABEKA
R110260224T023_H014,CONT-40,24200000,0,0,0,0,0,24200000,H014 - WH INFORMA JABABEKA,PT. SENTOSAPRIMA ABADI,7,ON SCHEDULE,40,0,08.04.2026,26.02.2026,06.03.2026,27.04.2026,28.04.2026,08.05.2026,08.05.2026,,H014,WH INFORMA JABABEKA
R110260224T024_H014,WINGBOX,6000000,0,0,0,0,0,6000000,H014 - WH INFORMA JABABEKA,PT.AMANAH TRANSMULIA MANDIRI LOGISTIK,7,ON SCHEDULE,29,0,29.03.2026,27.02.2026,03.03.2026,10.03.2026,10.03.2026,11.03.2026,12.03.2026,,H014,WH INFORMA JABABEKA
R110260224T025_H014,CONT-40,26000000,0,0,0,0,0,26000000,H014 - WH INFORMA JABABEKA,PT. WIDYA TRANS CARGO,7,ON SCHEDULE,40,0,08.04.2026,26.02.2026,06.03.2026,27.03.2026,27.03.2026,07.04.2026,07.04.2026,,H014,WH INFORMA JABABEKA
R110260224T026_H014,CONT-20,10500000,0,0,400000,0,0,10900000,H014 - WH INFORMA JABABEKA,PT. HAKKA HYDRO TIRTA,7,ON SCHEDULE,40,0,06.04.2026,24.02.2026,16.03.2026,06.04.2026,06.04.2026,07.04.2026,07.04.2026,,H014,WH INFORMA JABABEKA
R110260224T027_H014,CONT-40,8750000,0,0,0,0,0,8750000,H014 - WH INFORMA JABABEKA,PT. CIKARANG GERBANG SOLUSI,7,ON SCHEDULE,29,0,27.03.2026,25.02.2026,01.03.2026,17.04.2026,17.04.2026,17.04.2026,17.04.2026,,H014,WH INFORMA JABABEKA
R110260224T028_H014,WINGBOX,6600000,0,0,0,0,0,6600000,H014 - WH INFORMA JABABEKA,PT. JAYA MULYA ERALINDO,7,ON SCHEDULE,29,0,26.03.2026,24.02.2026,27.02.2026,12.03.2026,12.03.2026,13.03.2026,13.03.2026,,H014,WH INFORMA JABABEKA
R110260224T029_H014,CONT-40,24200000,0,0,0,0,0,24200000,H014 - WH INFORMA JABABEKA,PT. SENTOSAPRIMA ABADI,7,ON SCHEDULE,40,0,08.04.2026,26.02.2026,06.03.2026,27.04.2026,28.04.2026,08.05.2026,08.05.2026,,H014,WH INFORMA JABABEKA
R110260224T030_H014,CONT-40,20200000,0,0,1500000,0,0,21700000,H014 - WH INFORMA JABABEKA,PT. HAKKA HYDRO TIRTA,7,ON SCHEDULE,46,0,16.04.2026,28.02.2026,14.03.2026,20.05.2026,20.05.2026,11.06.2026,11.06.2026,,H014,WH INFORMA JABABEKA
R110260224T036_H014,WINGBOX,5600000,0,0,0,0,0,5600000,H014 - WH INFORMA JABABEKA,PT. BINTANG SAMUDRA RAYA,7,ON SCHEDULE,29,0,28.03.2026,26.02.2026,01.03.2026,05.03.2026,05.03.2026,27.03.2026,27.03.2026,,H014,WH INFORMA JABABEKA
R110260224T037_H014,WINGBOX,6600000,0,0,0,0,0,6600000,H014 - WH INFORMA JABABEKA,PT. CATUR GLOBAL LOGISTIK,7,ON SCHEDULE,29,0,27.03.2026,25.02.2026,01.03.2026,11.03.2026,11.03.2026,11.03.2026,11.03.2026,,H014,WH INFORMA JABABEKA
R110260224T038_H014,WINGBOX,6600000,0,0,0,0,0,6600000,H014 - WH INFORMA JABABEKA,PT. JAYA MULYA ERALINDO,7,ON SCHEDULE,29,0,26.03.2026,24.02.2026,27.02.2026,04.03.2026,04.03.2026,04.03.2026,04.03.2026,,H014,WH INFORMA JABABEKA
R110260224T039_H014,CONT-20,3900000,0,0,0,0,0,3900000,H014 - WH INFORMA JABABEKA,PT. JATIM PETROLEUM TRANSPORT,7,ON SCHEDULE,29,0,27.03.2026,25.02.2026,01.03.2026,27.03.2026,28.03.2026,29.04.2026,29.04.2026,,H014,WH INFORMA JABABEKA
R110260224T041_H014,CONT-20,3900000,0,0,0,0,0,3900000,H014 - WH INFORMA JABABEKA,PT. JATIM PETROLEUM TRANSPORT,7,ON SCHEDULE,29,0,27.03.2026,25.02.2026,01.03.2026,27.03.2026,28.03.2026,29.04.2026,29.04.2026,,H014,WH INFORMA JABABEKA
R110260224T042_H014,CONT-20,3900000,0,0,0,0,0,3900000,H014 - WH INFORMA JABABEKA,PT. JATIM PETROLEUM TRANSPORT,7,ON SCHEDULE,29,0,26.03.2026,24.02.2026,27.02.2026,27.03.2026,28.03.2026,29.04.2026,29.04.2026,,H014,WH INFORMA JABABEKA
R110260224T043_H014,CONT-20,3900000,0,0,0,0,0,3900000,H014 - WH INFORMA JABABEKA,PT. JATIM PETROLEUM TRANSPORT,7,ON SCHEDULE,29,0,26.03.2026,24.02.2026,01.03.2026,27.03.2026,28.03.2026,29.04.2026,29.04.2026,,H014,WH INFORMA JABABEKA
R110260224T044_H014,CONT-20,3900000,0,0,0,0,0,3900000,H014 - WH INFORMA JABABEKA,PT. JATIM PETROLEUM TRANSPORT,7,ON SCHEDULE,29,0,27.03.2026,25.02.2026,01.03.2026,27.03.2026,28.03.2026,29.04.2026,29.04.2026,,H014,WH INFORMA JABABEKA
R110260224T045_H014,CONT-20,3900000,0,0,0,0,0,3900000,H014 - WH INFORMA JABABEKA,PT. JATIM PETROLEUM TRANSPORT,7,ON SCHEDULE,29,0,27.03.2026,25.02.2026,01.03.2026,27.03.2026,28.03.2026,29.04.2026,29.04.2026,,H014,WH INFORMA JABABEKA
R110260224T049_H014,CONT-20,3900000,0,0,0,0,0,3900000,H014 - WH INFORMA JABABEKA,PT. JATIM PETROLEUM TRANSPORT,7,ON SCHEDULE,29,0,26.03.2026,24.02.2026,01.03.2026,27.03.2026,28.03.2026,29.04.2026,29.04.2026,,H014,WH INFORMA JABABEKA
R110260225H038_H014,WINGBOX,2599000,0,0,0,0,0,2599000,H014 - WH INFORMA JABABEKA,PT. DUTA MEDIA MANDIRI,7,ON SCHEDULE,27,0,26.03.2026,26.02.2026,27.02.2026,02.03.2026,02.03.2026,03.03.2026,03.03.2026,,H014,WH INFORMA JABABEKA
R110260225H040_H014,WINGBOX,1998000,0,0,0,0,0,1998000,H014 - WH INFORMA JABABEKA,PT. ARDYA PRIMA INTERNUSA,7,ON SCHEDULE,27,0,25.03.2026,25.02.2026,26.02.2026,03.03.2026,03.03.2026,03.03.2026,06.03.2026,,H014,WH INFORMA JABABEKA
R110260225H041_H014,CDD LONG CHASSIS,1400000,0,0,0,0,0,1400000,H014 - WH INFORMA JABABEKA,PT. BINTANG SAMUDRA RAYA,7,ON SCHEDULE,27,0,25.03.2026,25.02.2026,26.02.2026,02.03.2026,02.03.2026,04.03.2026,05.03.2026,,H014,WH INFORMA JABABEKA
R110260225H043_H014,WINGBOX,4825000,0,0,0,0,0,4825000,H014 - WH INFORMA JABABEKA,PT. CEHA LOGISTIK CEMERLANG,7,ON SCHEDULE,29,0,28.03.2026,26.02.2026,27.02.2026,03.03.2026,03.03.2026,05.03.2026,06.03.2026,,H014,WH INFORMA JABABEKA
R110260225H044_H014,CDD LONG CHASSIS,2850000,0,0,0,0,0,2850000,H014 - WH INFORMA JABABEKA,PT. BINTANG SAMUDRA RAYA,7,ON SCHEDULE,28,0,26.03.2026,25.02.2026,27.02.2026,05.03.2026,05.03.2026,27.03.2026,27.03.2026,,H014,WH INFORMA JABABEKA
R110260225H046_H014,WINGBOX,11500000,0,0,0,0,0,11500000,H014 - WH INFORMA JABABEKA,PT. BINTANG SAMUDRA RAYA,7,ON SCHEDULE,29,0,28.03.2026,26.02.2026,02.03.2026,04.03.2026,05.03.2026,11.03.2026,12.03.2026,,H014,WH INFORMA JABABEKA
R110260225H047_H014,CDD LONG CHASSIS,4900000,0,0,0,0,0,4900000,H014 - WH INFORMA JABABEKA,PT.ORANG KREATIF EKSIS,7,ON SCHEDULE,28,0,26.03.2026,25.02.2026,27.02.2026,05.03.2026,05.03.2026,10.03.2026,11.03.2026,,H014,WH INFORMA JABABEKA
R110260225H048_H014,CDD LONG CHASSIS,1400000,0,0,0,0,0,1400000,H014 - WH INFORMA JABABEKA,PT. BINTANG SAMUDRA RAYA,7,ON SCHEDULE,27,0,25.03.2026,25.02.2026,26.02.2026,02.03.2026,02.03.2026,04.03.2026,05.03.2026,,H014,WH INFORMA JABABEKA
R110260225H055_H014,CDD LONG CHASSIS,4900000,0,0,0,0,0,4900000,H014 - WH INFORMA JABABEKA,PT.ORANG KREATIF EKSIS,7,ON SCHEDULE,28,0,26.03.2026,25.02.2026,27.02.2026,03.03.2026,03.03.2026,10.03.2026,10.03.2026,,H014,WH INFORMA JABABEKA
R110260225H056_H014,FUSO,19200000,0,0,0,0,0,19200000,H014 - WH INFORMA JABABEKA,PT. SATRIA PIRANTI PERKASA,7,ON SCHEDULE,30,0,29.03.2026,26.02.2026,03.03.2026,26.03.2026,26.03.2026,02.04.2026,02.04.2026,,H014,WH INFORMA JABABEKA
R110260225H057_H014,CDD LONG CHASSIS,12500000,0,0,0,0,0,12500000,H014 - WH INFORMA JABABEKA,PT.ORANG KREATIF EKSIS,7,ON SCHEDULE,30,0,28.03.2026,25.02.2026,03.03.2026,11.03.2026,11.03.2026,13.03.2026,13.03.2026,,H014,WH INFORMA JABABEKA
R110260225H058_H014,CDD LONG CHASSIS,12500000,0,0,0,0,0,12500000,H014 - WH INFORMA JABABEKA,PT.ORANG KREATIF EKSIS,7,ON SCHEDULE,30,0,28.03.2026,25.02.2026,03.03.2026,11.03.2026,11.03.2026,13.03.2026,13.03.2026,,H014,WH INFORMA JABABEKA
R110260225H059_H014,CDD LONG CHASSIS,12500000,0,0,0,0,0,12500000,H014 - WH INFORMA JABABEKA,PT.ORANG KREATIF EKSIS,7,ON SCHEDULE,30,0,28.03.2026,25.02.2026,03.03.2026,06.03.2026,07.03.2026,13.03.2026,13.03.2026,,H014,WH INFORMA JABABEKA
R110260225H060_H014,CDD LONG CHASSIS,12500000,0,0,0,0,0,12500000,H014 - WH INFORMA JABABEKA,PT.ORANG KREATIF EKSIS,7,ON SCHEDULE,30,0,28.03.2026,25.02.2026,03.03.2026,11.03.2026,11.03.2026,13.03.2026,13.03.2026,,H014,WH INFORMA JABABEKA
R110260225H061_H014,WINGBOX,4825000,0,0,0,0,0,4825000,H014 - WH INFORMA JABABEKA,PT. CEHA LOGISTIK CEMERLANG,7,ON SCHEDULE,29,0,28.03.2026,26.02.2026,27.02.2026,03.03.2026,03.03.2026,05.03.2026,06.03.2026,,H014,WH INFORMA JABABEKA
R110260225H062_H014,WINGBOX,12500000,0,0,0,0,0,12500000,H014 - WH INFORMA JABABEKA,PT. ARDYA PRIMA INTERNUSA,7,ON SCHEDULE,29,0,28.03.2026,26.02.2026,02.03.2026,06.03.2026,06.03.2026,06.03.2026,06.03.2026,,H014,WH INFORMA JABABEKA
R110260225L062_H014,CDD LONG CHASSIS,1750000,0,0,0,250000,0,2000000,H014 - WH INFORMA JABABEKA,PT. CATUR GLOBAL LOGISTIK,7,ON SCHEDULE,27,0,26.03.2026,26.02.2026,01.03.2026,11.03.2026,11.03.2026,11.03.2026,11.03.2026,,H014,WH INFORMA JABABEKA
R110260225L070_H014,CDD LONG CHASSIS,4700000,0,0,0,0,0,4700000,H014 - WH INFORMA JABABEKA,PT. BINTANG SAMUDRA RAYA,7,ON SCHEDULE,29,0,27.03.2026,25.02.2026,01.03.2026,05.03.2026,05.03.2026,27.03.2026,27.03.2026,,H014,WH INFORMA JABABEKA
R110260225L071_H014,CDD LONG CHASSIS,3500000,0,0,0,0,0,3500000,H014 - WH INFORMA JABABEKA,PT.DHANESWARA EXPRES,7,ON SCHEDULE,30,0,28.03.2026,25.02.2026,01.03.2026,05.03.2026,05.03.2026,09.03.2026,09.03.2026,,H014,WH INFORMA JABABEKA
R110260225L075_H014,CDD LONG CHASSIS,3500000,0,0,0,0,0,3500000,H014 - WH INFORMA JABABEKA,PT. CEHA LOGISTIK CEMERLANG,7,ON SCHEDULE,29,0,27.03.2026,25.02.2026,27.02.2026,03.03.2026,03.03.2026,05.03.2026,06.03.2026,,H014,WH INFORMA JABABEKA
R110260225L095_H014,CDD LONG CHASSIS,8855000,0,0,0,500000,0,9355000,H014 - WH INFORMA JABABEKA,PT.ORANG KREATIF EKSIS,7,ON SCHEDULE,30,0,29.03.2026,26.02.2026,02.03.2026,11.03.2026,11.03.2026,13.03.2026,13.03.2026,,H014,WH INFORMA JABABEKA
R110260225L100_H014,CDD LONG CHASSIS,4900000,0,0,0,0,0,4900000,H014 - WH INFORMA JABABEKA,PT.ORANG KREATIF EKSIS,7,ON SCHEDULE,28,0,26.03.2026,25.02.2026,26.02.2026,03.03.2026,03.03.2026,10.03.2026,10.03.2026,,H014,WH INFORMA JABABEKA
R110260225L104_H014,CDD LONG CHASSIS,2380000,0,0,0,0,0,2380000,H014 - WH INFORMA JABABEKA,PT. DUTA MEDIA MANDIRI,7,ON SCHEDULE,26,0,24.03.2026,25.02.2026,26.02.2026,27.02.2026,27.02.2026,27.02.2026,27.02.2026,,H014,WH INFORMA JABABEKA
R110260225L107_H014,CDD LONG,3500000,0,0,0,0,0,3500000,H014 - WH INFORMA JABABEKA,PT. AGUNG MAKMUR JAYA,7,ON SCHEDULE,30,0,30.03.2026,27.02.2026,01.03.2026,02.03.2026,03.03.2026,03.03.2026,10.03.2026,,H014,WH INFORMA JABABEKA
R110260225L115_H014,CDD LONG CHASSIS,4900000,0,0,0,0,0,4900000,H014 - WH INFORMA JABABEKA,PT.ORANG KREATIF EKSIS,7,ON SCHEDULE,28,0,27.03.2026,26.02.2026,27.02.2026,03.03.2026,03.03.2026,10.03.2026,10.03.2026,,H014,WH INFORMA JABABEKA
R110260225T025_H014,CONT-40,24200000,0,0,0,0,0,24200000,H014 - WH INFORMA JABABEKA,PT. SENTOSAPRIMA ABADI,7,ON SCHEDULE,40,0,08.04.2026,26.02.2026,06.03.2026,08.05.2026,08.05.2026,13.05.2026,13.05.2026,,H014,WH INFORMA JABABEKA
R110260225T026_H014,CONT-40,24200000,0,0,0,0,0,24200000,H014 - WH INFORMA JABABEKA,PT. SENTOSAPRIMA ABADI,7,ON SCHEDULE,40,0,08.04.2026,26.02.2026,06.03.2026,08.05.2026,08.05.2026,13.05.2026,13.05.2026,,H014,WH INFORMA JABABEKA
R110260225T027_H014,CONT-40,27000000,0,0,1000000,0,0,28000000,H014 - WH INFORMA JABABEKA,PT. PAUS BIRU LOGISTIK,7,ON SCHEDULE,42,0,12.04.2026,28.02.2026,10.03.2026,28.04.2026,30.04.2026,04.05.2026,04.05.2026,,H014,WH INFORMA JABABEKA
R110260225T028_H014,CONT-40,27000000,0,0,1000000,0,0,28000000,H014 - WH INFORMA JABABEKA,PT. PAUS BIRU LOGISTIK,7,ON SCHEDULE,42,0,12.04.2026,28.02.2026,10.03.2026,28.04.2026,30.04.2026,04.05.2026,04.05.2026,,H014,WH INFORMA JABABEKA
R110260225T029_H014,CONT-40,27000000,0,0,1000000,0,0,28000000,H014 - WH INFORMA JABABEKA,PT. PAUS BIRU LOGISTIK,7,ON SCHEDULE,42,0,12.04.2026,28.02.2026,10.03.2026,28.04.2026,30.04.2026,04.05.2026,04.05.2026,,H014,WH INFORMA JABABEKA
R110260225T030_H014,WINGBOX,6600000,0,0,0,0,0,6600000,H014 - WH INFORMA JABABEKA,PT. JAYA MULYA ERALINDO,7,ON SCHEDULE,29,0,27.03.2026,25.02.2026,01.03.2026,05.03.2026,05.03.2026,05.03.2026,06.03.2026,,H014,WH INFORMA JABABEKA
R110260225T031_H014,WINGBOX,5650000,0,0,0,0,0,5650000,H014 - WH INFORMA JABABEKA,PT. DUTA MEDIA MANDIRI,7,ON SCHEDULE,29,0,27.03.2026,25.02.2026,01.03.2026,02.03.2026,02.03.2026,05.03.2026,06.03.2026,,H014,WH INFORMA JABABEKA
R110260225T033_H014,WINGBOX,5650000,0,0,0,0,0,5650000,H014 - WH INFORMA JABABEKA,PT. DUTA MEDIA MANDIRI,7,ON SCHEDULE,29,0,28.03.2026,26.02.2026,01.03.2026,02.03.2026,02.03.2026,05.03.2026,06.03.2026,,H014,WH INFORMA JABABEKA
R110260225T034_H014,WINGBOX,6600000,0,0,0,0,0,6600000,H014 - WH INFORMA JABABEKA,PT. JAYA MULYA ERALINDO,7,ON SCHEDULE,29,0,28.03.2026,26.02.2026,01.03.2026,09.03.2026,09.03.2026,10.03.2026,10.03.2026,,H014,WH INFORMA JABABEKA
R110260225T037_H014,WINGBOX,7000000,0,0,0,0,0,7000000,H014 - WH INFORMA JABABEKA,PT. DUNIA EXPRESS TRANSINDO,7,ON SCHEDULE,29,0,27.03.2026,25.02.2026,01.03.2026,08.04.2026,08.04.2026,22.04.2026,22.04.2026,,H014,WH INFORMA JABABEKA
R110260225T038_H014,WINGBOX,7000000,0,0,0,0,0,7000000,H014 - WH INFORMA JABABEKA,PT. DUNIA EXPRESS TRANSINDO,7,ON SCHEDULE,29,0,28.03.2026,26.02.2026,01.03.2026,08.04.2026,08.04.2026,22.04.2026,22.04.2026,,H014,WH INFORMA JABABEKA
R110260225T039_H014,CONT-40,20200000,0,0,1500000,0,0,21700000,H014 - WH INFORMA JABABEKA,PT. HAKKA HYDRO TIRTA,7,ON SCHEDULE,46,0,15.04.2026,27.02.2026,14.03.2026,09.04.2026,10.04.2026,11.06.2026,11.06.2026,,H014,WH INFORMA JABABEKA
R110260225T040_H014,CONT-40,26000000,0,0,0,0,0,26000000,H014 - WH INFORMA JABABEKA,PT. WIDYA TRANS CARGO,7,ON SCHEDULE,40,0,08.04.2026,26.02.2026,06.03.2026,27.03.2026,27.03.2026,07.04.2026,07.04.2026,,H014,WH INFORMA JABABEKA
R110260225T041_H014,CONT-40,20200000,0,0,1500000,0,0,21700000,H014 - WH INFORMA JABABEKA,PT. HAKKA HYDRO TIRTA,7,ON SCHEDULE,46,0,16.04.2026,28.02.2026,14.03.2026,09.04.2026,10.04.2026,11.06.2026,11.06.2026,,H014,WH INFORMA JABABEKA
R110260225T042_H014,WINGBOX,5600000,0,0,0,0,0,5600000,H014 - WH INFORMA JABABEKA,PT. BINTANG SAMUDRA RAYA,7,ON SCHEDULE,29,0,28.03.2026,26.02.2026,01.03.2026,05.03.2026,05.03.2026,27.03.2026,27.03.2026,,H014,WH INFORMA JABABEKA
R110260225T043_H014,WINGBOX,20000000,0,0,0,0,0,20000000,H014 - WH INFORMA JABABEKA,PT.ORANG KREATIF EKSIS,7,ON SCHEDULE,37,0,06.04.2026,27.02.2026,05.03.2026,11.03.2026,11.03.2026,13.03.2026,13.03.2026,,H014,WH INFORMA JABABEKA
R110260225T044_H014,WINGBOX,24000000,0,0,0,0,0,24000000,H014 - WH INFORMA JABABEKA,PT. CITRA SENTRAL EKSPRES,7,ON SCHEDULE,37,0,07.04.2026,28.02.2026,05.03.2026,16.04.2026,17.04.2026,17.04.2026,17.04.2026,,H014,WH INFORMA JABABEKA
R110260225T045_H014,CONT-20,10500000,0,0,400000,0,0,10900000,H014 - WH INFORMA JABABEKA,PT. HAKKA HYDRO TIRTA,7,ON SCHEDULE,40,0,07.04.2026,25.02.2026,19.03.2026,06.04.2026,06.04.2026,07.04.2026,07.04.2026,,H014,WH INFORMA JABABEKA
R110260225T046_H014,CONT-20,11000000,0,0,0,0,0,11000000,H014 - WH INFORMA JABABEKA,PT.FREIGHT EXPRESS,7,ON SCHEDULE,40,0,07.04.2026,25.02.2026,08.03.2026,09.03.2026,09.03.2026,25.03.2026,31.03.2026,,H014,WH INFORMA JABABEKA
R110260225T047_H014,CONT-40,8750000,0,0,0,0,0,8750000,H014 - WH INFORMA JABABEKA,PT. CIKARANG GERBANG SOLUSI,7,ON SCHEDULE,29,0,28.03.2026,26.02.2026,01.03.2026,17.04.2026,17.04.2026,17.04.2026,17.04.2026,,H014,WH INFORMA JABABEKA
R110260225T048_H014,CONT-40,23450000,0,0,1500000,0,0,24950000,H014 - WH INFORMA JABABEKA,PT. SENTOSAPRIMA ABADI,7,ON SCHEDULE,46,0,15.04.2026,27.02.2026,14.03.2026,27.04.2026,28.04.2026,28.04.2026,28.04.2026,,H014,WH INFORMA JABABEKA
R110260225T058_H014,CONT-20,11000000,0,0,0,0,0,11000000,H014 - WH INFORMA JABABEKA,PT.FREIGHT EXPRESS,7,ON SCHEDULE,40,0,08.04.2026,26.02.2026,08.03.2026,09.03.2026,09.03.2026,25.03.2026,31.03.2026,,H014,WH INFORMA JABABEKA
R110260225T060_H014,CONT-40,8500000,0,0,0,0,0,8500000,H014 - WH INFORMA JABABEKA,PT. DINOYO PUTRA MANDIRI,7,ON SCHEDULE,29,0,27.03.2026,25.02.2026,01.03.2026,03.03.2026,03.03.2026,06.03.2026,06.03.2026,,H014,WH INFORMA JABABEKA
R110260225T066_H014,WINGBOX,7000000,0,0,0,0,0,7000000,H014 - WH INFORMA JABABEKA,PT. DUNIA EXPRESS TRANSINDO,7,ON SCHEDULE,29,0,28.03.2026,26.02.2026,01.03.2026,08.04.2026,08.04.2026,22.04.2026,22.04.2026,,H014,WH INFORMA JABABEKA
R110260225T069_H014,WINGBOX,6000000,0,0,0,0,0,6000000,H014 - WH INFORMA JABABEKA,PT.AMANAH TRANSMULIA MANDIRI LOGISTIK,7,ON SCHEDULE,29,0,28.03.2026,26.02.2026,01.03.2026,02.03.2026,02.03.2026,04.03.2026,05.03.2026,,H014,WH INFORMA JABABEKA
R110260226H032_H014,WINGBOX,2600000,0,0,0,0,0,2600000,H014 - WH INFORMA JABABEKA,PT. BINTANG SAMUDRA RAYA,7,ON SCHEDULE,27,0,26.03.2026,26.02.2026,27.02.2026,05.03.2026,05.03.2026,27.03.2026,27.03.2026,,H014,WH INFORMA JABABEKA
R110260226H042_H014,CDD LONG CHASSIS,2350000,0,0,0,0,0,2350000,H014 - WH INFORMA JABABEKA,PT. BINTANG SAMUDRA RAYA,7,ON SCHEDULE,29,0,28.03.2026,26.02.2026,01.03.2026,05.03.2026,05.03.2026,11.03.2026,12.03.2026,,H014,WH INFORMA JABABEKA
R110260226H043_H014,CDD LONG CHASSIS,4900000,0,0,0,0,0,4900000,H014 - WH INFORMA JABABEKA,PT.ORANG KREATIF EKSIS,7,ON SCHEDULE,28,0,27.03.2026,26.02.2026,01.03.2026,05.03.2026,05.03.2026,10.03.2026,11.03.2026,,H014,WH INFORMA JABABEKA
R110260226H047_H014,WINGBOX,1998000,0,0,0,0,0,1998000,H014 - WH INFORMA JABABEKA,PT. ARDYA PRIMA INTERNUSA,7,ON SCHEDULE,27,0,26.03.2026,26.02.2026,27.02.2026,03.03.2026,03.03.2026,03.03.2026,06.03.2026,,H014,WH INFORMA JABABEKA
R110260226H048_H014,WINGBOX,2599000,0,0,0,0,0,2599000,H014 - WH INFORMA JABABEKA,PT. DUTA MEDIA MANDIRI,7,ON SCHEDULE,27,0,26.03.2026,26.02.2026,27.02.2026,02.03.2026,02.03.2026,03.03.2026,03.03.2026,,H014,WH INFORMA JABABEKA
R110260226H049_H014,WINGBOX,4500000,0,0,0,0,0,4500000,H014 - WH INFORMA JABABEKA,PT. CEHA LOGISTIK CEMERLANG,7,ON SCHEDULE,29,0,28.03.2026,26.02.2026,01.03.2026,03.03.2026,03.03.2026,05.03.2026,06.03.2026,,H014,WH INFORMA JABABEKA
R110260226H050_H014,WINGBOX,4825000,0,0,0,0,0,4825000,H014 - WH INFORMA JABABEKA,PT. CEHA LOGISTIK CEMERLANG,7,ON SCHEDULE,29,0,28.03.2026,26.02.2026,01.03.2026,03.03.2026,03.03.2026,05.03.2026,06.03.2026,,H014,WH INFORMA JABABEKA
R110260226H051_H014,WINGBOX,21000000,0,0,0,0,0,21000000,H014 - WH INFORMA JABABEKA,PT. CITRA SENTRAL EKSPRES,7,ON SCHEDULE,30,0,31.03.2026,28.02.2026,05.03.2026,02.04.2026,03.04.2026,06.04.2026,06.04.2026,,H014,WH INFORMA JABABEKA
R110260226H053_H014,CONT-20,16100000,0,0,0,0,0,16100000,H014 - WH INFORMA JABABEKA,PT. SENTOSAPRIMA ABADI,7,ON SCHEDULE,42,0,12.04.2026,28.02.2026,15.03.2026,27.04.2026,28.04.2026,30.04.2026,30.04.2026,,H014,WH INFORMA JABABEKA
R110260226H054_H014,WINGBOX,4500000,0,0,0,0,0,4500000,H014 - WH INFORMA JABABEKA,PT. CEHA LOGISTIK CEMERLANG,7,ON SCHEDULE,29,0,28.03.2026,26.02.2026,01.03.2026,03.03.2026,03.03.2026,05.03.2026,06.03.2026,,H014,WH INFORMA JABABEKA
R110260226H056_H014,CDD LONG CHASSIS,2850000,0,0,0,0,0,2850000,H014 - WH INFORMA JABABEKA,PT. BINTANG SAMUDRA RAYA,7,ON SCHEDULE,28,0,27.03.2026,26.02.2026,01.03.2026,02.03.2026,02.03.2026,04.03.2026,05.03.2026,,H014,WH INFORMA JABABEKA
R110260226H057_H014,CDD LONG CHASSIS,2250000,0,0,0,0,0,2250000,H014 - WH INFORMA JABABEKA,PT. BINTANG SAMUDRA RAYA,7,ON SCHEDULE,27,0,26.03.2026,26.02.2026,27.02.2026,02.03.2026,02.03.2026,04.03.2026,05.03.2026,,H014,WH INFORMA JABABEKA
R110260226H058_H014,CDD LONG CHASSIS,2250000,0,0,0,0,0,2250000,H014 - WH INFORMA JABABEKA,PT. BINTANG SAMUDRA RAYA,7,ON SCHEDULE,27,0,26.03.2026,26.02.2026,27.02.2026,02.03.2026,02.03.2026,04.03.2026,05.03.2026,,H014,WH INFORMA JABABEKA
R110260226H059_H014,CDD LONG CHASSIS,2350000,0,0,0,0,0,2350000,H014 - WH INFORMA JABABEKA,PT. BINTANG SAMUDRA RAYA,7,ON SCHEDULE,29,0,28.03.2026,26.02.2026,01.03.2026,02.03.2026,02.03.2026,04.03.2026,05.03.2026,,H014,WH INFORMA JABABEKA
R110260226H060_H014,CDD LONG CHASSIS,4900000,0,0,0,0,0,4900000,H014 - WH INFORMA JABABEKA,PT.ORANG KREATIF EKSIS,7,ON SCHEDULE,28,0,27.03.2026,26.02.2026,27.02.2026,03.03.2026,03.03.2026,10.03.2026,11.03.2026,,H014,WH INFORMA JABABEKA
R110260226H061_H014,WINGBOX,11500000,0,0,0,0,0,11500000,H014 - WH INFORMA JABABEKA,PT. BINTANG SAMUDRA RAYA,7,ON SCHEDULE,29,0,28.03.2026,26.02.2026,02.03.2026,04.03.2026,05.03.2026,11.03.2026,12.03.2026,,H014,WH INFORMA JABABEKA
R110260226H062_H014,WINGBOX,11500000,0,0,0,0,0,11500000,H014 - WH INFORMA JABABEKA,PT. BINTANG SAMUDRA RAYA,7,ON SCHEDULE,29,0,29.03.2026,27.02.2026,02.03.2026,04.03.2026,05.03.2026,11.03.2026,12.03.2026,,H014,WH INFORMA JABABEKA
R110260226H064_H014,WINGBOX,4500000,0,0,0,0,0,4500000,H014 - WH INFORMA JABABEKA,PT. CEHA LOGISTIK CEMERLANG,7,ON SCHEDULE,29,0,28.03.2026,26.02.2026,01.03.2026,03.03.2026,03.03.2026,05.03.2026,06.03.2026,,H014,WH INFORMA JABABEKA
R110260226H067_H014,WINGBOX,4825000,0,0,0,0,0,4825000,H014 - WH INFORMA JABABEKA,PT. CEHA LOGISTIK CEMERLANG,7,ON SCHEDULE,29,0,29.03.2026,27.02.2026,01.03.2026,03.03.2026,03.03.2026,05.03.2026,06.03.2026,,H014,WH INFORMA JABABEKA
R110260226L041_H014,CDD LONG CHASSIS,13100000,0,0,0,0,0,13100000,H014 - WH INFORMA JABABEKA,PT.ORANG KREATIF EKSIS,7,ON SCHEDULE,30,0,29.03.2026,26.02.2026,02.03.2026,06.03.2026,07.03.2026,13.03.2026,30.03.2026,,H014,WH INFORMA JABABEKA
R110260226L042_H014,CDD LONG CHASSIS,13100000,0,0,0,0,0,13100000,H014 - WH INFORMA JABABEKA,PT.ORANG KREATIF EKSIS,7,ON SCHEDULE,30,0,29.03.2026,26.02.2026,02.03.2026,06.03.2026,07.03.2026,13.03.2026,13.03.2026,,H014,WH INFORMA JABABEKA
R110260226L083_H014,CDD LONG CHASSIS,3500000,0,0,0,0,0,3500000,H014 - WH INFORMA JABABEKA,PT. CEHA LOGISTIK CEMERLANG,7,ON SCHEDULE,30,0,30.03.2026,27.02.2026,01.03.2026,03.03.2026,03.03.2026,05.03.2026,06.03.2026,,H014,WH INFORMA JABABEKA
R110260226L086_H014,FUSO,11450000,0,0,0,0,0,11450000,H014 - WH INFORMA JABABEKA,PT LOGISTIK CANGGIH INDONESIA,7,ON SCHEDULE,30,0,30.03.2026,27.02.2026,02.03.2026,13.03.2026,13.03.2026,13.03.2026,13.03.2026,,H014,WH INFORMA JABABEKA
R110260226L090_H014,CDD LONG CHASSIS,3900000,0,0,0,0,0,3900000,H014 - WH INFORMA JABABEKA,PT. BINTANG SAMUDRA RAYA,7,ON SCHEDULE,28,0,27.03.2026,26.02.2026,01.03.2026,02.03.2026,02.03.2026,04.03.2026,05.03.2026,,H014,WH INFORMA JABABEKA
R110260226L091_H014,CDD LONG CHASSIS,1400000,0,0,0,0,0,1400000,H014 - WH INFORMA JABABEKA,PT. BINTANG SAMUDRA RAYA,7,ON SCHEDULE,27,0,27.03.2026,27.02.2026,01.03.2026,02.03.2026,02.03.2026,03.03.2026,05.03.2026,,H014,WH INFORMA JABABEKA
R110260226L093_H014,CDD LONG CHASSIS,1400000,0,0,0,0,0,1400000,H014 - WH INFORMA JABABEKA,PT. BINTANG SAMUDRA RAYA,7,ON SCHEDULE,27,0,27.03.2026,27.02.2026,01.03.2026,02.03.2026,02.03.2026,04.03.2026,05.03.2026,,H014,WH INFORMA JABABEKA
R110260226L094_H014,CDD LONG CHASSIS,1400000,0,0,0,0,0,1400000,H014 - WH INFORMA JABABEKA,PT. BINTANG SAMUDRA RAYA,7,ON SCHEDULE,27,0,27.03.2026,27.02.2026,01.03.2026,02.03.2026,02.03.2026,04.03.2026,05.03.2026,,H014,WH INFORMA JABABEKA
R110260226L097_H014,WINGBOX,2350000,0,0,0,0,0,2350000,H014 - WH INFORMA JABABEKA,PT. BINTANG SAMUDRA RAYA,7,ON SCHEDULE,27,0,26.03.2026,26.02.2026,27.02.2026,02.03.2026,02.03.2026,04.03.2026,05.03.2026,,H014,WH INFORMA JABABEKA
R110260226L098_H014,CDD LONG CHASSIS,4700000,0,0,0,0,0,4700000,H014 - WH INFORMA JABABEKA,PT. BINTANG SAMUDRA RAYA,7,ON SCHEDULE,29,0,28.03.2026,26.02.2026,02.03.2026,05.03.2026,05.03.2026,11.03.2026,12.03.2026,,H014,WH INFORMA JABABEKA
R110260226L099_H014,CDD LONG CHASSIS,1750000,0,0,0,0,0,1750000,H014 - WH INFORMA JABABEKA,PT. CATUR GLOBAL LOGISTIK,7,ON SCHEDULE,27,0,27.03.2026,27.02.2026,01.03.2026,04.03.2026,05.03.2026,31.03.2026,31.03.2026,,H014,WH INFORMA JABABEKA
R110260226L100_H014,CDD LONG CHASSIS,3500000,0,0,0,0,0,3500000,H014 - WH INFORMA JABABEKA,PT. CEHA LOGISTIK CEMERLANG,7,ON SCHEDULE,29,0,29.03.2026,27.02.2026,01.03.2026,03.03.2026,03.03.2026,05.03.2026,06.03.2026,,H014,WH INFORMA JABABEKA
R110260226L106_H014,FUSO,3680000,0,0,0,0,0,3680000,H014 - WH INFORMA JABABEKA,PT.SIASAT CEPAT MUDA,7,ON SCHEDULE,29,0,29.03.2026,27.02.2026,01.03.2026,02.03.2026,02.03.2026,04.03.2026,04.03.2026,,H014,WH INFORMA JABABEKA
R110260226L119_H014,CDD LONG CHASSIS,2250000,0,0,0,0,0,2250000,H014 - WH INFORMA JABABEKA,PT. BINTANG SAMUDRA RAYA,7,ON SCHEDULE,27,0,27.03.2026,27.02.2026,01.03.2026,05.03.2026,05.03.2026,11.03.2026,12.03.2026,,H014,WH INFORMA JABABEKA
R110260226L121_H014,CDD LONG CHASSIS,5750000,0,0,0,0,0,5750000,H014 - WH INFORMA JABABEKA,PT. DUTA LINTAS NUSA,7,ON SCHEDULE,28,0,27.03.2026,26.02.2026,01.03.2026,11.03.2026,11.03.2026,25.03.2026,27.03.2026,,H014,WH INFORMA JABABEKA
R110260226T018_H014,CONT-40,13600000,0,0,0,0,0,13600000,H014 - WH INFORMA JABABEKA,PT. TPIL LOGISTICS,7,ON SCHEDULE,40,0,09.04.2026,27.02.2026,12.03.2026,25.03.2026,26.03.2026,10.04.2026,10.04.2026,,H014,WH INFORMA JABABEKA
R110260226T019_H014,CONT-40,13600000,0,0,0,0,0,13600000,H014 - WH INFORMA JABABEKA,PT. TPIL LOGISTICS,7,ON SCHEDULE,40,0,10.04.2026,28.02.2026,14.03.2026,25.03.2026,26.03.2026,15.04.2026,15.04.2026,,H014,WH INFORMA JABABEKA
R110260226T021_H014,CONT-40,13600000,0,0,0,0,0,13600000,H014 - WH INFORMA JABABEKA,PT. TPIL LOGISTICS,7,ON SCHEDULE,40,0,09.04.2026,27.02.2026,12.03.2026,25.03.2026,26.03.2026,10.04.2026,10.04.2026,,H014,WH INFORMA JABABEKA
R110260226T022_H014,CONT-40,13600000,0,0,0,0,0,13600000,H014 - WH INFORMA JABABEKA,PT. TPIL LOGISTICS,7,ON SCHEDULE,40,0,10.04.2026,28.02.2026,14.03.2026,25.03.2026,26.03.2026,15.04.2026,15.04.2026,,H014,WH INFORMA JABABEKA
R110260226T023_H014,CONT-40,13600000,0,0,0,0,0,13600000,H014 - WH INFORMA JABABEKA,PT. TPIL LOGISTICS,7,ON SCHEDULE,40,0,09.04.2026,27.02.2026,12.03.2026,25.03.2026,26.03.2026,10.04.2026,10.04.2026,,H014,WH INFORMA JABABEKA
R110260226T026_H014,CONT-40,23450000,0,0,1500000,0,0,24950000,H014 - WH INFORMA JABABEKA,PT. SENTOSAPRIMA ABADI,7,ON SCHEDULE,46,0,15.04.2026,27.02.2026,14.03.2026,28.04.2026,30.04.2026,04.05.2026,04.05.2026,,H014,WH INFORMA JABABEKA
R110260226T027_H014,CONT-40,8500000,0,0,0,0,0,8500000,H014 - WH INFORMA JABABEKA,PT. DINOYO PUTRA MANDIRI,7,ON SCHEDULE,29,0,29.03.2026,27.02.2026,02.03.2026,03.03.2026,03.03.2026,06.03.2026,06.03.2026,,H014,WH INFORMA JABABEKA
R110260226T033_H014,WINGBOX,5650000,0,0,0,0,0,5650000,H014 - WH INFORMA JABABEKA,PT. DUTA MEDIA MANDIRI,7,ON SCHEDULE,29,0,29.03.2026,27.02.2026,02.03.2026,06.03.2026,06.03.2026,09.03.2026,09.03.2026,,H014,WH INFORMA JABABEKA
R110260226T041_H014,CONT-20,14300000,0,0,600000,0,0,14900000,H014 - WH INFORMA JABABEKA,PT. PAUS BIRU LOGISTIK,7,ON SCHEDULE,42,0,11.04.2026,27.02.2026,10.03.2026,29.04.2026,30.04.2026,04.05.2026,13.05.2026,,H014,WH INFORMA JABABEKA
R110260226T042_H014,WINGBOX,5600000,0,0,0,0,0,5600000,H014 - WH INFORMA JABABEKA,PT. BINTANG SAMUDRA RAYA,7,ON SCHEDULE,29,0,29.03.2026,27.02.2026,02.03.2026,04.03.2026,05.03.2026,05.03.2026,09.03.2026,,H014,WH INFORMA JABABEKA
R110260226T043_H014,WINGBOX,6600000,0,0,0,0,0,6600000,H014 - WH INFORMA JABABEKA,PT. JAYA MULYA ERALINDO,7,ON SCHEDULE,29,0,29.03.2026,27.02.2026,02.03.2026,05.03.2026,05.03.2026,05.03.2026,06.03.2026,,H014,WH INFORMA JABABEKA
R110260226T044_H014,CONT-20,14300000,0,0,600000,0,0,14900000,H014 - WH INFORMA JABABEKA,PT. PAUS BIRU LOGISTIK,7,ON SCHEDULE,42,0,11.04.2026,27.02.2026,10.03.2026,29.04.2026,30.04.2026,04.05.2026,13.05.2026,,H014,WH INFORMA JABABEKA
R110260227H040_H014,CDD LONG CHASSIS,2250000,0,0,0,0,0,2250000,H014 - WH INFORMA JABABEKA,PT. BINTANG SAMUDRA RAYA,7,ON SCHEDULE,27,0,27.03.2026,27.02.2026,01.03.2026,02.03.2026,02.03.2026,04.03.2026,05.03.2026,,H014,WH INFORMA JABABEKA
R110260227H041_H014,CDD LONG CHASSIS,2250000,0,0,0,0,0,2250000,H014 - WH INFORMA JABABEKA,PT. BINTANG SAMUDRA RAYA,7,ON SCHEDULE,27,0,27.03.2026,27.02.2026,01.03.2026,05.03.2026,05.03.2026,11.03.2026,12.03.2026,,H014,WH INFORMA JABABEKA
R110260227H042_H014,CDD LONG CHASSIS,2250000,0,0,0,0,0,2250000,H014 - WH INFORMA JABABEKA,PT. BINTANG SAMUDRA RAYA,7,ON SCHEDULE,27,0,27.03.2026,27.02.2026,01.03.2026,05.03.2026,05.03.2026,11.03.2026,12.03.2026,,H014,WH INFORMA JABABEKA
R110260227H043_H014,WINGBOX,1998000,0,0,0,0,0,1998000,H014 - WH INFORMA JABABEKA,PT. ARDYA PRIMA INTERNUSA,7,ON SCHEDULE,27,0,27.03.2026,27.02.2026,01.03.2026,06.03.2026,06.03.2026,06.03.2026,06.03.2026,,H014,WH INFORMA JABABEKA
R110260227H046_H014,CDD LONG CHASSIS,4900000,0,0,0,0,0,4900000,H014 - WH INFORMA JABABEKA,PT.ORANG KREATIF EKSIS,7,ON SCHEDULE,28,0,28.03.2026,27.02.2026,01.03.2026,15.04.2026,16.04.2026,20.04.2026,20.04.2026,,H014,WH INFORMA JABABEKA
R110260227H048_H014,WINGBOX,2599000,0,0,0,0,0,2599000,H014 - WH INFORMA JABABEKA,PT. DUTA MEDIA MANDIRI,7,ON SCHEDULE,27,0,27.03.2026,27.02.2026,03.03.2026,04.03.2026,05.03.2026,10.03.2026,10.03.2026,,H014,WH INFORMA JABABEKA
R110260227H049_H014,WINGBOX,15000000,0,0,0,0,0,15000000,H014 - WH INFORMA JABABEKA,PT. BINTANG SAMUDRA RAYA,7,ON SCHEDULE,30,0,31.03.2026,28.02.2026,04.03.2026,09.03.2026,09.03.2026,11.03.2026,12.03.2026,,H014,WH INFORMA JABABEKA
R110260227H050_H014,WINGBOX,4294000,0,0,0,0,0,4294000,H014 - WH INFORMA JABABEKA,PT. DUTA MEDIA MANDIRI,7,ON SCHEDULE,28,0,28.03.2026,27.02.2026,01.03.2026,02.03.2026,02.03.2026,05.03.2026,06.03.2026,,H014,WH INFORMA JABABEKA
R110260227H051_H014,WINGBOX,18000000,0,0,0,0,0,18000000,H014 - WH INFORMA JABABEKA,PT. BINTANG SAMUDRA RAYA,7,ON SCHEDULE,31,0,01.04.2026,28.02.2026,05.03.2026,09.03.2026,09.03.2026,11.03.2026,12.03.2026,,H014,WH INFORMA JABABEKA
R110260227H052_H014,WINGBOX,4825000,0,0,0,0,0,4825000,H014 - WH INFORMA JABABEKA,PT. CEHA LOGISTIK CEMERLANG,7,ON SCHEDULE,29,0,29.03.2026,27.02.2026,01.03.2026,03.03.2026,03.03.2026,05.03.2026,06.03.2026,,H014,WH INFORMA JABABEKA
R110260227H053_H014,WINGBOX,11500000,0,0,0,0,0,11500000,H014 - WH INFORMA JABABEKA,PT. BINTANG SAMUDRA RAYA,7,ON SCHEDULE,29,0,29.03.2026,27.02.2026,03.03.2026,04.03.2026,05.03.2026,11.03.2026,12.03.2026,,H014,WH INFORMA JABABEKA
R110260227H054_H014,CDD LONG CHASSIS,1600000,0,0,0,0,0,1600000,H014 - WH INFORMA JABABEKA,PT. SATRIA PIRANTI PERKASA,7,ON SCHEDULE,27,0,27.03.2026,27.02.2026,01.03.2026,31.03.2026,31.03.2026,01.04.2026,01.04.2026,,H014,WH INFORMA JABABEKA
R110260227H061_H014,CDD LONG CHASSIS,5800000,0,0,0,0,0,5800000,H014 - WH INFORMA JABABEKA,PT. AGUNG MAKMUR JAYA,7,ON SCHEDULE,28,0,28.03.2026,27.02.2026,01.03.2026,02.03.2026,02.03.2026,06.03.2026,10.03.2026,,H014,WH INFORMA JABABEKA
R110260227H063_H014,CDD LONG CHASSIS,5750000,0,0,0,0,0,5750000,H014 - WH INFORMA JABABEKA,PT. DUTA LINTAS NUSA,7,ON SCHEDULE,28,0,29.03.2026,28.02.2026,02.03.2026,11.03.2026,11.03.2026,25.03.2026,27.03.2026,,H014,WH INFORMA JABABEKA
R110260227H068_H014,WINGBOX,4825000,0,0,0,0,0,4825000,H014 - WH INFORMA JABABEKA,PT. CEHA LOGISTIK CEMERLANG,7,ON SCHEDULE,29,0,29.03.2026,27.02.2026,01.03.2026,03.03.2026,03.03.2026,05.03.2026,06.03.2026,,H014,WH INFORMA JABABEKA
R110260227H069_H014,BIG MAMA,11500000,0,0,0,0,0,11500000,H014 - WH INFORMA JABABEKA,PT. BINTANG SAMUDRA RAYA,7,ON SCHEDULE,29,0,30.03.2026,28.02.2026,04.03.2026,09.03.2026,09.03.2026,11.03.2026,12.03.2026,,H014,WH INFORMA JABABEKA
R110260227H072_H014,CDD LONG CHASSIS,3500000,0,0,0,0,0,3500000,H014 - WH INFORMA JABABEKA,PT. AGUNG MAKMUR JAYA,7,ON SCHEDULE,29,0,30.03.2026,28.02.2026,02.03.2026,02.03.2026,02.03.2026,06.03.2026,10.03.2026,,H014,WH INFORMA JABABEKA
R110260227L052_H014,FUSO,14750000,0,0,0,200000,0,14950000,H014 - WH INFORMA JABABEKA,PT. SATRIA PIRANTI PERKASA,7,ON SCHEDULE,30,0,31.03.2026,28.02.2026,04.03.2026,06.04.2026,07.04.2026,08.04.2026,09.04.2026,,H014,WH INFORMA JABABEKA
R110260227L061_H014,FUSO,19200000,0,0,0,200000,0,19400000,H014 - WH INFORMA JABABEKA,PT. SATRIA PIRANTI PERKASA,7,ON SCHEDULE,31,0,01.04.2026,28.02.2026,04.03.2026,26.03.2026,31.03.2026,02.04.2026,02.04.2026,,H014,WH INFORMA JABABEKA
R110260227L087_H014,CDD LONG CHASSIS,3500000,0,0,0,0,0,3500000,H014 - WH INFORMA JABABEKA,PT. AGUNG MAKMUR JAYA,7,ON SCHEDULE,28,0,29.03.2026,28.02.2026,02.03.2026,02.03.2026,02.03.2026,06.03.2026,10.03.2026,,H014,WH INFORMA JABABEKA
R110260227L089_H014,CDD LONG CHASSIS,3500000,0,0,0,0,0,3500000,H014 - WH INFORMA JABABEKA,PT.DHANESWARA EXPRES,7,ON SCHEDULE,30,0,31.03.2026,28.02.2026,02.03.2026,12.03.2026,12.03.2026,27.03.2026,27.03.2026,,H014,WH INFORMA JABABEKA
R110260227L099_H014,CDD LONG CHASSIS,2250000,0,0,0,0,0,2250000,H014 - WH INFORMA JABABEKA,PT. BINTANG SAMUDRA RAYA,7,ON SCHEDULE,27,0,28.03.2026,28.02.2026,03.03.2026,04.03.2026,05.03.2026,11.03.2026,12.03.2026,,H014,WH INFORMA JABABEKA
R110260227L101_H014,CDD LONG CHASSIS,4900000,0,0,0,0,0,4900000,H014 - WH INFORMA JABABEKA,PT.ORANG KREATIF EKSIS,7,ON SCHEDULE,28,0,28.03.2026,27.02.2026,01.03.2026,03.03.2026,03.03.2026,10.03.2026,10.03.2026,,H014,WH INFORMA JABABEKA
R110260227T012_H014,CONT-40,8500000,0,0,0,0,0,8500000,H014 - WH INFORMA JABABEKA,PT. DINOYO PUTRA MANDIRI,7,ON SCHEDULE,29,0,29.03.2026,27.02.2026,02.03.2026,03.03.2026,03.03.2026,06.03.2026,06.03.2026,,H014,WH INFORMA JABABEKA
R110260227T013_H014,WINGBOX,6000000,0,0,0,0,0,6000000,H014 - WH INFORMA JABABEKA,PT.AMANAH TRANSMULIA MANDIRI LOGISTIK,7,ON SCHEDULE,29,0,29.03.2026,27.02.2026,03.03.2026,10.03.2026,10.03.2026,11.03.2026,12.03.2026,,H014,WH INFORMA JABABEKA
R110260227T014_H014,WINGBOX,5650000,0,0,0,0,0,5650000,H014 - WH INFORMA JABABEKA,PT. DUTA MEDIA MANDIRI,7,ON SCHEDULE,29,0,30.03.2026,28.02.2026,02.03.2026,04.03.2026,05.03.2026,10.03.2026,10.03.2026,,H014,WH INFORMA JABABEKA
R110260227T015_H014,WINGBOX,6600000,0,0,0,0,0,6600000,H014 - WH INFORMA JABABEKA,PT. JAYA MULYA ERALINDO,7,ON SCHEDULE,29,0,30.03.2026,28.02.2026,02.03.2026,05.03.2026,05.03.2026,05.03.2026,06.03.2026,,H014,WH INFORMA JABABEKA
R110260227T016_H014,CONT-40,13600000,0,0,0,0,0,13600000,H014 - WH INFORMA JABABEKA,PT. TPIL LOGISTICS,7,ON SCHEDULE,40,0,10.04.2026,28.02.2026,14.03.2026,25.03.2026,26.03.2026,10.04.2026,10.04.2026,,H014,WH INFORMA JABABEKA
R110260227T017_H014,CONT-40,8750000,0,0,0,0,0,8750000,H014 - WH INFORMA JABABEKA,PT. CIKARANG GERBANG SOLUSI,7,ON SCHEDULE,29,0,30.03.2026,28.02.2026,04.03.2026,17.04.2026,17.04.2026,17.04.2026,17.04.2026,,H014,WH INFORMA JABABEKA
R110260227T018_H014,CONT-40,8750000,0,0,0,0,0,8750000,H014 - WH INFORMA JABABEKA,PT. CIKARANG GERBANG SOLUSI,7,ON SCHEDULE,29,0,30.03.2026,28.02.2026,04.03.2026,17.04.2026,17.04.2026,17.04.2026,17.04.2026,,H014,WH INFORMA JABABEKA
R110260227T019_H014,WINGBOX,6600000,0,0,0,0,0,6600000,H014 - WH INFORMA JABABEKA,PT. JAYA MULYA ERALINDO,7,ON SCHEDULE,29,0,30.03.2026,28.02.2026,02.03.2026,05.03.2026,05.03.2026,05.03.2026,06.03.2026,,H014,WH INFORMA JABABEKA
R110260227T021_H014,CONT-40,23450000,0,0,1500000,0,0,24950000,H014 - WH INFORMA JABABEKA,PT. SENTOSAPRIMA ABADI,7,ON SCHEDULE,46,0,16.04.2026,28.02.2026,14.03.2026,28.04.2026,30.04.2026,04.05.2026,04.05.2026,,H014,WH INFORMA JABABEKA
R110260227T030_H014,WINGBOX,6600000,0,0,0,0,0,6600000,H014 - WH INFORMA JABABEKA,PT. JAYA MULYA ERALINDO,7,ON SCHEDULE,29,0,29.03.2026,27.02.2026,02.03.2026,05.03.2026,05.03.2026,05.03.2026,06.03.2026,,H014,WH INFORMA JABABEKA
R110260228H043_H014,WINGBOX,4500000,0,0,0,0,0,4500000,H014 - WH INFORMA JABABEKA,PT. CEHA LOGISTIK CEMERLANG,7,ON SCHEDULE,29,0,30.03.2026,28.02.2026,02.03.2026,03.03.2026,03.03.2026,05.03.2026,06.03.2026,,H014,WH INFORMA JABABEKA
R110260228H044_H014,WINGBOX,4500000,0,0,0,0,0,4500000,H014 - WH INFORMA JABABEKA,PT. CEHA LOGISTIK CEMERLANG,7,ON SCHEDULE,29,0,30.03.2026,28.02.2026,02.03.2026,03.03.2026,03.03.2026,05.03.2026,06.03.2026,,H014,WH INFORMA JABABEKA
R110260228H045_H014,CDD LONG CHASSIS,3500000,0,0,0,0,0,3500000,H014 - WH INFORMA JABABEKA,PT. CEHA LOGISTIK CEMERLANG,7,ON SCHEDULE,29,0,30.03.2026,28.02.2026,02.03.2026,03.03.2026,03.03.2026,05.03.2026,06.03.2026,,H014,WH INFORMA JABABEKA
R110260228H046_H014,WINGBOX,1998000,0,0,0,0,0,1998000,H014 - WH INFORMA JABABEKA,PT. ARDYA PRIMA INTERNUSA,7,ON SCHEDULE,27,0,28.03.2026,28.02.2026,01.03.2026,06.03.2026,06.03.2026,06.03.2026,06.03.2026,,H014,WH INFORMA JABABEKA
R110260228H048_H014,CDD LONG CHASSIS,1725000,0,0,0,0,0,1725000,H014 - WH INFORMA JABABEKA,PT. BINTANG SAMUDRA RAYA,7,ON SCHEDULE,27,0,28.03.2026,28.02.2026,01.03.2026,04.03.2026,05.03.2026,11.03.2026,12.03.2026,,H014,WH INFORMA JABABEKA
R110260228H050_H014,WINGBOX,17000000,0,0,0,0,0,17000000,H014 - WH INFORMA JABABEKA,PT. BINTANG SAMUDRA RAYA,7,ON SCHEDULE,33,0,03.04.2026,28.02.2026,04.03.2026,09.03.2026,09.03.2026,11.03.2026,12.03.2026,,H014,WH INFORMA JABABEKA
R110260228H051_H014,CDD LONG CHASSIS,2850000,0,0,0,0,0,2850000,H014 - WH INFORMA JABABEKA,PT. BINTANG SAMUDRA RAYA,7,ON SCHEDULE,28,0,29.03.2026,28.02.2026,02.03.2026,04.03.2026,05.03.2026,11.03.2026,12.03.2026,,H014,WH INFORMA JABABEKA
R110260228H052_H014,WINGBOX,4825000,0,0,0,0,0,4825000,H014 - WH INFORMA JABABEKA,PT. CEHA LOGISTIK CEMERLANG,7,ON SCHEDULE,29,0,30.03.2026,28.02.2026,02.03.2026,03.03.2026,03.03.2026,05.03.2026,06.03.2026,,H014,WH INFORMA JABABEKA
R110260228H054_H014,CDD LONG CHASSIS,2250000,0,0,0,0,0,2250000,H014 - WH INFORMA JABABEKA,PT. BINTANG SAMUDRA RAYA,7,ON SCHEDULE,27,0,28.03.2026,28.02.2026,01.03.2026,04.03.2026,05.03.2026,11.03.2026,13.03.2026,,H014,WH INFORMA JABABEKA
R110260228H055_H014,CDD LONG CHASSIS,3500000,0,0,0,0,0,3500000,H014 - WH INFORMA JABABEKA,PT. CEHA LOGISTIK CEMERLANG,7,ON SCHEDULE,29,0,30.03.2026,28.02.2026,02.03.2026,03.03.2026,03.03.2026,05.03.2026,06.03.2026,,H014,WH INFORMA JABABEKA
R110260228H056_H014,CDD LONG CHASSIS,1400000,0,0,0,0,0,1400000,H014 - WH INFORMA JABABEKA,PT. BINTANG SAMUDRA RAYA,7,ON SCHEDULE,27,0,28.03.2026,28.02.2026,01.03.2026,02.03.2026,02.03.2026,04.03.2026,05.03.2026,,H014,WH INFORMA JABABEKA
R110260228H058_H014,CDD LONG CHASSIS,2350000,0,0,0,0,0,2350000,H014 - WH INFORMA JABABEKA,PT. BINTANG SAMUDRA RAYA,7,ON SCHEDULE,29,0,30.03.2026,28.02.2026,02.03.2026,04.03.2026,05.03.2026,11.03.2026,12.03.2026,,H014,WH INFORMA JABABEKA
R110260228H061_H014,CDD LONG CHASSIS,2350000,0,0,0,0,0,2350000,H014 - WH INFORMA JABABEKA,PT. BINTANG SAMUDRA RAYA,7,ON SCHEDULE,29,0,30.03.2026,28.02.2026,02.03.2026,04.03.2026,05.03.2026,11.03.2026,12.03.2026,,H014,WH INFORMA JABABEKA
R110260228H065_H014,CDD LONG CHASSIS,4900000,0,0,0,0,0,4900000,H014 - WH INFORMA JABABEKA,PT.ORANG KREATIF EKSIS,7,ON SCHEDULE,28,0,29.03.2026,28.02.2026,02.03.2026,11.03.2026,11.03.2026,13.03.2026,13.03.2026,,H014,WH INFORMA JABABEKA
R110260228H066_H014,CDD LONG CHASSIS,12500000,0,0,0,0,0,12500000,H014 - WH INFORMA JABABEKA,PT.ORANG KREATIF EKSIS,7,ON SCHEDULE,30,0,31.03.2026,28.02.2026,06.03.2026,13.03.2026,13.03.2026,07.04.2026,07.04.2026,,H014,WH INFORMA JABABEKA
R110260228H068_H014,CDD LONG CHASSIS,3900000,0,0,0,0,0,3900000,H014 - WH INFORMA JABABEKA,PT. CEHA LOGISTIK CEMERLANG,7,ON SCHEDULE,29,0,30.03.2026,28.02.2026,02.03.2026,03.03.2026,03.03.2026,05.03.2026,06.03.2026,,H014,WH INFORMA JABABEKA
R110260228H072_H014,CDD LONG CHASSIS,5800000,0,0,0,0,0,5800000,H014 - WH INFORMA JABABEKA,PT. AGUNG MAKMUR JAYA,7,ON SCHEDULE,28,0,29.03.2026,28.02.2026,02.03.2026,02.03.2026,02.03.2026,06.03.2026,10.03.2026,,H014,WH INFORMA JABABEKA
R110260228L072_H014,CDD LONG CHASSIS,4700000,0,0,0,0,0,4700000,H014 - WH INFORMA JABABEKA,PT. BINTANG SAMUDRA RAYA,7,ON SCHEDULE,29,0,30.03.2026,28.02.2026,03.03.2026,11.03.2026,11.03.2026,11.03.2026,12.03.2026,,H014,WH INFORMA JABABEKA
R110260228T018_H014,WINGBOX,5650000,0,0,0,0,0,5650000,H014 - WH INFORMA JABABEKA,PT. DUTA MEDIA MANDIRI,7,ON SCHEDULE,29,0,30.03.2026,28.02.2026,03.03.2026,04.03.2026,05.03.2026,10.03.2026,10.03.2026,,H014,WH INFORMA JABABEKA
R110260228T021_H014,WINGBOX,6600000,0,0,0,0,0,6600000,H014 - WH INFORMA JABABEKA,PT. JAYA MULYA ERALINDO,7,ON SCHEDULE,29,0,30.03.2026,28.02.2026,03.03.2026,11.03.2026,11.03.2026,12.03.2026,12.03.2026,,H014,WH INFORMA JABABEKA
R110260228T024_H014,WINGBOX,6600000,0,0,0,0,0,6600000,H014 - WH INFORMA JABABEKA,PT. JAYA MULYA ERALINDO,7,ON SCHEDULE,29,0,30.03.2026,28.02.2026,03.03.2026,11.03.2026,11.03.2026,12.03.2026,12.03.2026,,H014,WH INFORMA JABABEKA
R110260228T026_H014,WINGBOX,6000000,0,0,0,0,0,6000000,H014 - WH INFORMA JABABEKA,PT.AMANAH TRANSMULIA MANDIRI LOGISTIK,7,ON SCHEDULE,29,0,30.03.2026,28.02.2026,03.03.2026,10.03.2026,10.03.2026,11.03.2026,12.03.2026,,H014,WH INFORMA JABABEKA
R110260228T027_H014,WINGBOX,6000000,0,0,0,0,0,6000000,H014 - WH INFORMA JABABEKA,PT.AMANAH TRANSMULIA MANDIRI LOGISTIK,7,ON SCHEDULE,29,0,30.03.2026,28.02.2026,03.03.2026,10.03.2026,10.03.2026,11.03.2026,12.03.2026,,H014,WH INFORMA JABABEKA
R110260228T029_H014,WINGBOX,6600000,0,0,0,0,0,6600000,H014 - WH INFORMA JABABEKA,PT. JAYA MULYA ERALINDO,7,ON SCHEDULE,29,0,30.03.2026,28.02.2026,03.03.2026,12.03.2026,12.03.2026,13.03.2026,13.03.2026,,H014,WH INFORMA JABABEKA
R110260228T042_H014,CONT-40,8750000,0,0,0,0,0,8750000,H014 - WH INFORMA JABABEKA,PT. CIKARANG GERBANG SOLUSI,7,ON SCHEDULE,29,0,30.03.2026,28.02.2026,04.03.2026,29.05.2026,29.05.2026,29.05.2026,29.05.2026,,H014,WH INFORMA JABABEKA
R110260228T044_H014,WINGBOX,6600000,0,0,0,0,0,6600000,H014 - WH INFORMA JABABEKA,PT. JAYA MULYA ERALINDO,7,ON SCHEDULE,29,0,30.03.2026,28.02.2026,03.03.2026,11.03.2026,11.03.2026,12.03.2026,12.03.2026,,H014,WH INFORMA JABABEKA
R110260228T045_H014,CONT-40,8750000,0,0,0,0,0,8750000,H014 - WH INFORMA JABABEKA,PT. CIKARANG GERBANG SOLUSI,7,ON SCHEDULE,29,0,30.03.2026,28.02.2026,05.03.2026,29.05.2026,29.05.2026,29.05.2026,29.05.2026,,H014,WH INFORMA JABABEKA
R120260202B002_T001,CDD LONG CHASSIS,8200000,0,0,0,300000,0,8500000,T001 - WH TGI JABABEKA,PT.DHANESWARA EXPRES,7,ON SCHEDULE,28,0,04.03.2026,03.02.2026,08.02.2026,25.02.2026,27.02.2026,03.03.2026,03.03.2026,,T001,WH TGI JABABEKA
R120260205B001_T001,CDD LONG CHASSIS,4700000,0,0,0,300000,0,5000000,T001 - WH TGI JABABEKA,PT. BINTANG SAMUDRA RAYA,7,ON SCHEDULE,30,0,09.03.2026,06.02.2026,09.02.2026,09.03.2026,10.03.2026,10.03.2026,10.03.2026,,T001,WH TGI JABABEKA
R120260206B005_T001,CDD LONG CHASSIS,3500000,0,0,0,0,0,3500000,T001 - WH TGI JABABEKA,PT. CEHA LOGISTIK CEMERLANG,7,ON SCHEDULE,29,0,09.03.2026,07.02.2026,09.02.2026,10.02.2026,10.02.2026,10.02.2026,10.02.2026,,T001,WH TGI JABABEKA
R120260209B001_T001,CDD LONG CHASSIS,4700000,0,0,0,300000,0,5000000,T001 - WH TGI JABABEKA,PT. BINTANG SAMUDRA RAYA,7,ON SCHEDULE,26,0,09.03.2026,10.02.2026,13.02.2026,09.03.2026,10.03.2026,10.03.2026,10.03.2026,,T001,WH TGI JABABEKA
R120260212B001_T001,CONT-20,15700000,0,0,0,0,0,15700000,T001 - WH TGI JABABEKA,PT. MITRA INTERTRANS FORWARDING,6,LATE,41,157,10.04.2026,27.02.2026,26.03.2026,05.06.2026,06.06.2026,09.06.2026,14.07.2026,,T001,WH TGI JABABEKA
R120260213B001_T001,FUSO,11450000,0,0,0,0,0,11450000,T001 - WH TGI JABABEKA,PT LOGISTIK CANGGIH INDONESIA,7,ON SCHEDULE,29,0,18.03.2026,16.02.2026,20.02.2026,02.03.2026,02.03.2026,03.03.2026,25.03.2026,,T001,WH TGI JABABEKA
R120260213B002_T001,CONT-20,10750000,0,0,0,0,0,10750000,T001 - WH TGI JABABEKA,PT. SENTOSAPRIMA ABADI,6,LATE,40,166,01.04.2026,19.02.2026,16.03.2026,11.05.2026,11.05.2026,18.05.2026,10.07.2026,,T001,WH TGI JABABEKA
R120260213B003_T001,CONT-20,14000000,0,0,0,0,0,14000000,T001 - WH TGI JABABEKA,PT. SENTOSAPRIMA ABADI,7,ON SCHEDULE,26,0,22.03.2026,23.02.2026,08.03.2026,27.04.2026,28.04.2026,08.05.2026,08.05.2026,,T001,WH TGI JABABEKA
R120260213B004_T001,WINGBOX,10700000,0,600000,0,400000,0,11700000,T001 - WH TGI JABABEKA,PT. BINTANG SAMUDRA RAYA,7,ON SCHEDULE,28,0,21.03.2026,20.02.2026,25.02.2026,09.03.2026,10.03.2026,10.03.2026,10.03.2026,,T001,WH TGI JABABEKA
R120260213B007_T001,CDD LONG CHASSIS,7500000,0,0,0,0,0,7500000,T001 - WH TGI JABABEKA,PT.ORANG KREATIF EKSIS,7,ON SCHEDULE,29,0,16.03.2026,14.02.2026,06.03.2026,11.03.2026,11.03.2026,13.03.2026,13.03.2026,,T001,WH TGI JABABEKA
R120260213B008_T001,CDD LONG CHASSIS,7500000,0,0,0,0,0,7500000,T001 - WH TGI JABABEKA,PT.ORANG KREATIF EKSIS,7,ON SCHEDULE,29,0,16.03.2026,14.02.2026,12.03.2026,10.04.2026,11.04.2026,17.04.2026,17.04.2026,,T001,WH TGI JABABEKA
R120260213B009_T001,CDD LONG CHASSIS,7500000,0,0,0,0,0,7500000,T001 - WH TGI JABABEKA,PT.ORANG KREATIF EKSIS,7,ON SCHEDULE,29,0,16.03.2026,14.02.2026,06.03.2026,11.03.2026,11.03.2026,13.03.2026,13.03.2026,,T001,WH TGI JABABEKA
R120260220B001_T001,CDD LONG CHASSIS,3500000,0,0,0,0,0,3500000,T001 - WH TGI JABABEKA,PT. CEHA LOGISTIK CEMERLANG,7,ON SCHEDULE,28,0,22.03.2026,21.02.2026,25.02.2026,25.02.2026,25.02.2026,26.02.2026,26.02.2026,,T001,WH TGI JABABEKA
R120260223B002_T001,CDD LONG CHASSIS,3600000,0,0,0,300000,0,3900000,T001 - WH TGI JABABEKA,PT. BINTANG SAMUDRA RAYA,7,ON SCHEDULE,26,0,23.03.2026,24.02.2026,27.02.2026,09.03.2026,10.03.2026,10.03.2026,10.03.2026,,T001,WH TGI JABABEKA
R120260223B002_T001,CDD LONG CHASSIS,3600000,0,0,0,300000,0,3900000,T001 - WH TGI JABABEKA,PT. BINTANG SAMUDRA RAYA,7,ON SCHEDULE,26,0,23.03.2026,24.02.2026,27.02.2026,09.03.2026,10.03.2026,10.03.2026,10.03.2026,,T001,WH TGI JABABEKA
R120260224B002_T001,CDD LONG CHASSIS,4700000,0,0,0,300000,0,5000000,T001 - WH TGI JABABEKA,PT. BINTANG SAMUDRA RAYA,7,ON SCHEDULE,26,0,26.03.2026,27.02.2026,01.03.2026,13.03.2026,13.03.2026,13.03.2026,13.03.2026,,T001,WH TGI JABABEKA
R120260224B003_T001,CDD LONG CHASSIS,4700000,0,0,0,300000,0,5000000,T001 - WH TGI JABABEKA,PT. BINTANG SAMUDRA RAYA,7,ON SCHEDULE,30,0,30.03.2026,27.02.2026,01.03.2026,13.03.2026,13.03.2026,13.03.2026,13.03.2026,,T001,WH TGI JABABEKA
R120260224B003_T001,CDD LONG CHASSIS,4700000,0,0,0,300000,0,5000000,T001 - WH TGI JABABEKA,PT. BINTANG SAMUDRA RAYA,7,ON SCHEDULE,30,0,30.03.2026,27.02.2026,01.03.2026,13.03.2026,13.03.2026,13.03.2026,13.03.2026,,T001,WH TGI JABABEKA