,,,,,,,,,,,,End To End Performance,,,,Shipping Instruction Updating Date & Status,,,,,,,Key,
LC,Jenis Armada,Price,Inap Loading,Inap Bongkar,Buruh Bongkar,Multidrop,Other,Total Price,Supplying Site,Name Vendor,Last Status,Performance,Standard (Days),Actual (Days),Deadline,1=NEW,2=RECEIVE,3=CONFIRM,4=VALIDATE,5=BILLED,6=SENT,7=PAID,Code Supply,Name Supply
F100260228B001,CDD LONG CHASSIS,4700000,0,0,0,0,0,4700000,F001 - WH FBI JABABEKA	FBI,PT. BINTANG SAMUDRA RAYA,7,ON SCHEDULE,30,0,13.07.2026,12.06.2026,12.06.2026,12.06.2026,14.06.2026,15.06.2026,23.06.2026,,F001,WH FBI JABABEKA	FBI
F100260314L087,CDD LONG CHASSIS,1900000,0,0,0,0,0,1900000,F001 - WH FBI JABABEKA	FBI,PT. ANTAR JARINGAN SEPANJANG JALAN,7,ON SCHEDULE,28,0,11.07.2026,12.06.2026,12.06.2026,17.06.2026,18.06.2026,25.06.2026,25.06.2026,,F001,WH FBI JABABEKA	FBI
F100260516L005,CDD LONG CHASSIS,5750000,0,0,0,0,0,5750000,F001 - WH FBI JABABEKA	FBI,PT. DUTA LINTAS NUSA,4,LATE,15,49,01.07.2026,15.06.2026,16.06.2026,22.07.2026,23.07.2026,,,,F001,WH FBI JABABEKA	FBI
F100260516L075,CDD LONG CHASSIS,3500000,0,0,0,0,0,3500000,F001 - WH FBI JABABEKA	FBI,PT. AGUNG MAKMUR JAYA,7,ON SCHEDULE,28,0,14.07.2026,15.06.2026,16.06.2026,17.06.2026,18.06.2026,23.06.2026,23.06.2026,,F001,WH FBI JABABEKA	FBI
F100260518L040,WINGBOX,5650000,0,0,0,0,0,5650000,F001 - WH FBI JABABEKA	FBI,PT. DUTA MEDIA MANDIRI,7,ON SCHEDULE,29,0,04.07.2026,04.06.2026,04.06.2026,17.06.2026,18.06.2026,19.06.2026,23.06.2026,,F001,WH FBI JABABEKA	FBI
F100260519L055,CONT-40,27200000,0,0,0,0,0,27200000,F001 - WH FBI JABABEKA	FBI,PT. SENTOSAPRIMA ABADI,6,LATE,40,52,23.07.2026,12.06.2026,14.06.2026,13.07.2026,14.07.2026,23.07.2026,23.07.2026,,F001,WH FBI JABABEKA	FBI
F100260521L043,CDD LONG CHASSIS,3325000,0,0,0,0,0,3325000,F001 - WH FBI JABABEKA	FBI,PT. JEJE HARAPAN TRANSINDO,6,LATE,29,49,15.07.2026,15.06.2026,16.06.2026,06.07.2026,07.07.2026,13.07.2026,13.07.2026,,F001,WH FBI JABABEKA	FBI
F100260526B001,CDD LONG CHASSIS,3950000,0,0,0,0,0,3950000,F001 - WH FBI JABABEKA	FBI,PT. CEHA LOGISTIK CEMERLANG,7,ON SCHEDULE,26,0,14.07.2026,17.06.2026,17.06.2026,26.06.2026,26.06.2026,26.06.2026,01.07.2026,,F001,WH FBI JABABEKA	FBI
F100260528B003,CONT-20,0,0,0,0,0,0,0,F001 - WH FBI JABABEKA	FBI,PT. TPIL LOGISTICS,2,LATE,6,63,08.06.2026,01.06.2026,18.06.2026,,,,,,F001,WH FBI JABABEKA	FBI
F100260529B001,CDD LONG CHASSIS,3900000,0,0,0,0,0,3900000,F001 - WH FBI JABABEKA	FBI,PT. BINTANG SAMUDRA RAYA,6,LATE,26,62,29.06.2026,02.06.2026,09.06.2026,13.07.2026,14.07.2026,23.07.2026,23.07.2026,,F001,WH FBI JABABEKA	FBI
F100260530B001,CONT-20,0,0,0,0,0,0,0,F001 - WH FBI JABABEKA	FBI,PT. MITRA INTERTRANS FORWARDING,2,LATE,6,60,12.06.2026,05.06.2026,24.06.2026,,,,,,F001,WH FBI JABABEKA	FBI
F100260530L090,CDD LONG CHASSIS,7500000,0,0,0,0,0,7500000,F001 - WH FBI JABABEKA	FBI,PT.ORANG KREATIF EKSIS,7,ON SCHEDULE,30,0,13.07.2026,12.06.2026,14.06.2026,15.06.2026,15.06.2026,25.06.2026,25.06.2026,,F001,WH FBI JABABEKA	FBI
F100260530L091,WINGBOX,5650000,0,0,0,0,0,5650000,F001 - WH FBI JABABEKA	FBI,PT. DUTA MEDIA MANDIRI,7,ON SCHEDULE,29,0,02.07.2026,02.06.2026,06.06.2026,17.06.2026,18.06.2026,19.06.2026,23.06.2026,,F001,WH FBI JABABEKA	FBI
F100260601L032,CDD LONG CHASSIS,7500000,0,0,0,0,0,7500000,F001 - WH FBI JABABEKA	FBI,PT.ORANG KREATIF EKSIS,7,ON SCHEDULE,30,0,02.07.2026,01.06.2026,06.06.2026,08.06.2026,09.06.2026,15.06.2026,15.06.2026,,F001,WH FBI JABABEKA	FBI
F100260601L033,CONT-20,15500000,0,0,300000,0,0,15800000,F001 - WH FBI JABABEKA	FBI,PT. SENTOSAPRIMA ABADI,6,LATE,29,63,01.07.2026,01.06.2026,16.06.2026,13.07.2026,14.07.2026,29.07.2026,29.07.2026,,F001,WH FBI JABABEKA	FBI
F100260601L069,WINGBOX,6200000,0,0,0,0,0,6200000,F001 - WH FBI JABABEKA	FBI,PT. SATRIA PIRANTI PERKASA,7,ON SCHEDULE,29,0,03.07.2026,03.06.2026,06.06.2026,24.06.2026,24.06.2026,30.06.2026,30.06.2026,,F001,WH FBI JABABEKA	FBI
F100260602B003,CONT-20,0,0,0,0,0,0,0,F001 - WH FBI JABABEKA	FBI,PT. TPIL LOGISTICS,2,LATE,6,62,10.06.2026,03.06.2026,18.06.2026,,,,,,F001,WH FBI JABABEKA	FBI
F100260602L114,CONT-40,32000000,0,0,0,0,0,32000000,F001 - WH FBI JABABEKA	FBI,PT. DAYA EKA SAMUDERA JAKARTA,6,LATE,40,61,14.07.2026,03.06.2026,23.06.2026,06.07.2026,07.07.2026,07.07.2026,07.07.2026,,F001,WH FBI JABABEKA	FBI
F100260603L076,WINGBOX,6500000,0,0,0,0,0,6500000,F001 - WH FBI JABABEKA	FBI,PT.AMANAH TRANSMULIA MANDIRI LOGISTIK,7,ON SCHEDULE,29,0,04.07.2026,04.06.2026,08.06.2026,12.06.2026,12.06.2026,17.06.2026,18.06.2026,,F001,WH FBI JABABEKA	FBI
F100260604L075,CDD LONG CHASSIS,12400000,0,0,0,500000,0,12900000,F001 - WH FBI JABABEKA	FBI,PT.ORANG KREATIF EKSIS,7,ON SCHEDULE,30,0,09.07.2026,08.06.2026,09.06.2026,12.06.2026,14.06.2026,25.06.2026,25.06.2026,,F001,WH FBI JABABEKA	FBI
F100260604L077,CDD LONG CHASSIS,1725000,0,0,0,0,0,1725000,F001 - WH FBI JABABEKA	FBI,PT. BINTANG SAMUDRA RAYA,7,ON SCHEDULE,27,0,03.07.2026,05.06.2026,06.06.2026,09.07.2026,10.07.2026,10.07.2026,10.07.2026,,F001,WH FBI JABABEKA	FBI
F100260606L068,CONT-20,0,0,0,0,0,0,0,F001 - WH FBI JABABEKA	FBI,PT. TPIL LOGISTICS,2,LATE,23,58,01.07.2026,07.06.2026,24.06.2026,,,,,,F001,WH FBI JABABEKA	FBI
F100260606L070,FUSO,4294000,0,0,0,0,0,4294000,F001 - WH FBI JABABEKA	FBI,PT. DUTA MEDIA MANDIRI,7,ON SCHEDULE,28,0,05.07.2026,06.06.2026,08.06.2026,17.06.2026,18.06.2026,19.06.2026,23.06.2026,,F001,WH FBI JABABEKA	FBI
F100260608L048,WINGBOX,5650000,0,0,0,0,0,5650000,F001 - WH FBI JABABEKA	FBI,PT. DUTA MEDIA MANDIRI,7,ON SCHEDULE,29,0,08.07.2026,08.06.2026,14.06.2026,17.06.2026,18.06.2026,19.06.2026,23.06.2026,,F001,WH FBI JABABEKA	FBI
F100260609L079,WINGBOX,6600000,0,0,0,0,0,6600000,F001 - WH FBI JABABEKA	FBI,PT. CATUR GLOBAL LOGISTIK,7,ON SCHEDULE,29,0,09.07.2026,09.06.2026,12.06.2026,23.06.2026,24.06.2026,25.06.2026,25.06.2026,,F001,WH FBI JABABEKA	FBI
F100260610L065,CDD LONG CHASSIS,4900000,0,0,0,0,0,4900000,F001 - WH FBI JABABEKA	FBI,PT.ORANG KREATIF EKSIS,7,ON SCHEDULE,28,0,09.07.2026,10.06.2026,12.06.2026,18.06.2026,18.06.2026,25.06.2026,25.06.2026,,F001,WH FBI JABABEKA	FBI
F100260610L082,CONT-40,27200000,0,0,0,0,0,27200000,F001 - WH FBI JABABEKA	FBI,PT. SENTOSAPRIMA ABADI,6,LATE,40,54,21.07.2026,10.06.2026,29.06.2026,13.07.2026,14.07.2026,23.07.2026,23.07.2026,,F001,WH FBI JABABEKA	FBI
F100260611L080,WINGBOX,4500000,0,0,0,0,0,4500000,F001 - WH FBI JABABEKA	FBI,PT. CEHA LOGISTIK CEMERLANG,7,ON SCHEDULE,29,0,11.07.2026,11.06.2026,14.06.2026,15.06.2026,15.06.2026,17.06.2026,17.06.2026,,F001,WH FBI JABABEKA	FBI
F100260611L089,CDD LONG CHASSIS,12500000,0,0,0,500000,0,13000000,F001 - WH FBI JABABEKA	FBI,PT.ORANG KREATIF EKSIS,6,LATE,29,53,11.07.2026,11.06.2026,19.06.2026,26.06.2026,26.06.2026,08.07.2026,08.07.2026,,F001,WH FBI JABABEKA	FBI
F100260612B001,CDD LONG CHASSIS,4700000,0,0,0,0,0,4700000,F001 - WH FBI JABABEKA	FBI,PT. BINTANG SAMUDRA RAYA,7,ON SCHEDULE,26,0,12.07.2026,15.06.2026,19.06.2026,09.07.2026,10.07.2026,10.07.2026,10.07.2026,,F001,WH FBI JABABEKA	FBI
F100260612B002,CDD LONG CHASSIS,1400000,0,0,0,0,0,1400000,F001 - WH FBI JABABEKA	FBI,PT. BINTANG SAMUDRA RAYA,6,LATE,26,45,16.07.2026,19.06.2026,23.06.2026,22.07.2026,22.07.2026,23.07.2026,23.07.2026,,F001,WH FBI JABABEKA	FBI
F100260612B003,CONT-20,0,0,0,0,0,0,0,F001 - WH FBI JABABEKA	FBI,PT. TPIL LOGISTICS,2,LATE,6,51,20.06.2026,13.06.2026,03.07.2026,,,,,,F001,WH FBI JABABEKA	FBI
F100260612L053,CDD LONG CHASSIS,12400000,0,0,0,500000,0,12900000,F001 - WH FBI JABABEKA	FBI,PT.ORANG KREATIF EKSIS,6,LATE,30,52,13.07.2026,12.06.2026,17.06.2026,26.06.2026,26.06.2026,08.07.2026,08.07.2026,,F001,WH FBI JABABEKA	FBI
F100260612L065,CDD LONG CHASSIS,3500000,0,0,0,0,0,3500000,F001 - WH FBI JABABEKA	FBI,PT. BINTANG SAMUDRA RAYA,7,ON SCHEDULE,29,0,15.07.2026,15.06.2026,16.06.2026,30.06.2026,01.07.2026,10.07.2026,10.07.2026,,F001,WH FBI JABABEKA	FBI
F100260613L082,CDD LONG CHASSIS,3500000,0,0,0,0,0,3500000,F001 - WH FBI JABABEKA	FBI,PT. AGUNG MAKMUR JAYA,7,ON SCHEDULE,28,0,13.07.2026,14.06.2026,17.06.2026,17.06.2026,18.06.2026,23.06.2026,23.06.2026,,F001,WH FBI JABABEKA	FBI
F100260615L009,WINGBOX,15000000,0,0,0,0,0,15000000,F001 - WH FBI JABABEKA	FBI,PT. AGUNG MAKMUR JAYA,7,ON SCHEDULE,30,0,17.07.2026,16.06.2026,23.06.2026,24.06.2026,24.06.2026,25.06.2026,25.06.2026,,F001,WH FBI JABABEKA	FBI
F100260615L045,WINGBOX,5650000,0,0,0,0,0,5650000,F001 - WH FBI JABABEKA	FBI,PT. DUTA MEDIA MANDIRI,7,ON SCHEDULE,29,0,16.07.2026,16.06.2026,23.06.2026,29.06.2026,30.06.2026,30.06.2026,30.06.2026,,F001,WH FBI JABABEKA	FBI
F100260615L046,CDD LONG CHASSIS,1725000,0,0,0,0,0,1725000,F001 - WH FBI JABABEKA	FBI,PT. BINTANG SAMUDRA RAYA,7,ON SCHEDULE,27,0,13.07.2026,15.06.2026,17.06.2026,09.07.2026,10.07.2026,10.07.2026,10.07.2026,,F001,WH FBI JABABEKA	FBI
F100260616L037,CDD LONG CHASSIS,3500000,0,0,0,0,0,3500000,F001 - WH FBI JABABEKA	FBI,PT. AGUNG MAKMUR JAYA,7,ON SCHEDULE,28,0,15.07.2026,16.06.2026,19.06.2026,23.06.2026,24.06.2026,25.06.2026,01.07.2026,,F001,WH FBI JABABEKA	FBI
F100260616L047,WINGBOX,5650000,0,0,0,0,0,5650000,F001 - WH FBI JABABEKA	FBI,PT. DUTA MEDIA MANDIRI,7,ON SCHEDULE,29,0,17.07.2026,17.06.2026,23.06.2026,23.06.2026,24.06.2026,29.06.2026,29.06.2026,,F001,WH FBI JABABEKA	FBI
F100260617L088,WINGBOX,6500000,0,0,0,0,0,6500000,F001 - WH FBI JABABEKA	FBI,PT.AMANAH TRANSMULIA MANDIRI LOGISTIK,7,ON SCHEDULE,29,0,18.07.2026,18.06.2026,23.06.2026,24.06.2026,24.06.2026,25.06.2026,25.06.2026,,F001,WH FBI JABABEKA	FBI
F100260618L079,CONT-40,27200000,0,0,0,0,0,27200000,F001 - WH FBI JABABEKA	FBI,PT. SENTOSAPRIMA ABADI,6,LATE,40,46,30.07.2026,19.06.2026,03.07.2026,31.07.2026,31.07.2026,03.08.2026,03.08.2026,,F001,WH FBI JABABEKA	FBI
F100260619L001,CONT-20,0,0,0,0,0,0,0,F001 - WH FBI JABABEKA	FBI,PT. CRIETA LOGISTIC,2,LATE,29,37,27.07.2026,27.06.2026,19.07.2026,,,,,,F001,WH FBI JABABEKA	FBI
F100260619L071,FUSO,3680000,0,0,0,0,0,3680000,F001 - WH FBI JABABEKA	FBI,PT.SIASAT CEPAT MUDA,7,ON SCHEDULE,29,0,20.07.2026,20.06.2026,23.06.2026,24.06.2026,24.06.2026,30.06.2026,02.07.2026,,F001,WH FBI JABABEKA	FBI
F100260619L097,CDD LONG CHASSIS,12500000,0,0,0,500000,0,13000000,F001 - WH FBI JABABEKA	FBI,PT.ORANG KREATIF EKSIS,6,LATE,29,45,19.07.2026,19.06.2026,28.06.2026,07.07.2026,07.07.2026,17.07.2026,17.07.2026,,F001,WH FBI JABABEKA	FBI
F100260620L086,FUSO,19350000,0,0,0,300000,0,19650000,F001 - WH FBI JABABEKA	FBI,PT. SATRIA PIRANTI PERKASA,4,LATE,18,43,10.07.2026,21.06.2026,25.06.2026,31.07.2026,01.08.2026,,,,F001,WH FBI JABABEKA	FBI
F100260620L092,CDD LONG CHASSIS,1600000,0,0,0,0,0,1600000,F001 - WH FBI JABABEKA	FBI,PT. SATRIA PIRANTI PERKASA,6,LATE,27,44,18.07.2026,20.06.2026,23.06.2026,09.07.2026,09.07.2026,14.07.2026,24.07.2026,,F001,WH FBI JABABEKA	FBI
F100260620L117,CDD LONG CHASSIS,1400000,0,0,0,0,0,1400000,F001 - WH FBI JABABEKA	FBI,PT. BINTANG SAMUDRA RAYA,6,LATE,28,42,21.07.2026,22.06.2026,24.06.2026,22.07.2026,22.07.2026,23.07.2026,23.07.2026,,F001,WH FBI JABABEKA	FBI
F100260621L054,WINGBOX,5175000,0,0,0,0,0,5175000,F001 - WH FBI JABABEKA	FBI,PT.SIASAT CEPAT MUDA,7,ON SCHEDULE,28,0,20.07.2026,21.06.2026,24.06.2026,25.06.2026,26.06.2026,30.06.2026,02.07.2026,,F001,WH FBI JABABEKA	FBI
F100260623L086,CDD LONG CHASSIS,3325000,0,0,0,0,0,3325000,F001 - WH FBI JABABEKA	FBI,PT. JEJE HARAPAN TRANSINDO,6,LATE,26,40,21.07.2026,24.06.2026,26.06.2026,15.07.2026,15.07.2026,20.07.2026,30.07.2026,,F001,WH FBI JABABEKA	FBI
F100260624L026,CDD LONG CHASSIS,1400000,0,0,0,0,0,1400000,F001 - WH FBI JABABEKA	FBI,PT. BINTANG SAMUDRA RAYA,6,LATE,28,40,23.07.2026,24.06.2026,25.06.2026,22.07.2026,22.07.2026,23.07.2026,23.07.2026,,F001,WH FBI JABABEKA	FBI
F100260625L011,CONT-20,17200000,0,0,0,0,0,17200000,F001 - WH FBI JABABEKA	FBI,PT. SENTOSAPRIMA ABADI,6,ON SCHEDULE,41,39,06.08.2026,25.06.2026,19.07.2026,31.07.2026,31.07.2026,03.08.2026,03.08.2026,,F001,WH FBI JABABEKA	FBI
F100260625L062,CONT-20,15300000,0,0,0,0,0,15300000,F001 - WH FBI JABABEKA	FBI,PT. SENTOSAPRIMA ABADI,2,LATE,19,39,15.07.2026,25.06.2026,19.07.2026,,,,,,F001,WH FBI JABABEKA	FBI
F100260626L074,CDD LONG CHASSIS,3500000,0,0,0,350000,0,3850000,F001 - WH FBI JABABEKA	FBI,PT. CEHA LOGISTIK CEMERLANG,6,LATE,29,38,26.07.2026,26.06.2026,29.06.2026,08.07.2026,08.07.2026,08.07.2026,08.07.2026,,F001,WH FBI JABABEKA	FBI
F100260627L088,FUSO,14750000,0,0,0,0,0,14750000,F001 - WH FBI JABABEKA	FBI,PT. SATRIA PIRANTI PERKASA,2,LATE,10,35,10.07.2026,29.06.2026,03.07.2026,,,,,,F001,WH FBI JABABEKA	FBI
F100260627L106,CDD LONG CHASSIS,3500000,0,0,0,0,0,3500000,F001 - WH FBI JABABEKA	FBI,PT. AGUNG MAKMUR JAYA,6,LATE,28,36,27.07.2026,28.06.2026,29.06.2026,30.06.2026,30.06.2026,13.07.2026,13.07.2026,,F001,WH FBI JABABEKA	FBI
F100260629L062,WINGBOX,5650000,0,0,0,0,0,5650000,F001 - WH FBI JABABEKA	FBI,PT. DUTA MEDIA MANDIRI,6,LATE,29,35,29.07.2026,29.06.2026,03.07.2026,07.07.2026,07.07.2026,08.07.2026,13.07.2026,,F001,WH FBI JABABEKA	FBI
F100260630L084,WINGBOX,7000000,0,0,0,0,0,7000000,F001 - WH FBI JABABEKA	FBI,PT. DUNIA EXPRESS TRANSINDO,4,LATE,17,34,18.07.2026,30.06.2026,03.07.2026,27.07.2026,27.07.2026,,,,F001,WH FBI JABABEKA	FBI
I100251118L031_S001,CDE PICKUP,0,0,0,0,0,0,0,S001 - WH KLS JABABEKA,PT. MERPATI ALAM SEMESTA,1,LATE,1,55,12.06.2026,10.06.2026,,,,,,,S001,WH KLS JABABEKA
I100251224L012_S001,CDD BAK,5000000,0,0,0,0,0,5000000,S001 - WH KLS JABABEKA,PT. HARI JAYA SEJAHTERA,6,LATE,27,49,13.07.2026,15.06.2026,,29.06.2026,01.07.2026,01.07.2026,07.07.2026,,S001,WH KLS JABABEKA
I100260103L023_S001,CDE PICKUP,936000,0,0,0,0,0,936000,S001 - WH KLS JABABEKA,PT. MERPATI ALAM SEMESTA,7,ON SCHEDULE,27,0,02.07.2026,04.06.2026,04.06.2026,12.06.2026,14.06.2026,19.06.2026,25.06.2026,,S001,WH KLS JABABEKA
I100260103L023_S001,CDE PICKUP,936000,0,0,0,0,0,936000,S001 - WH KLS JABABEKA,PT. MERPATI ALAM SEMESTA,7,ON SCHEDULE,27,0,02.07.2026,04.06.2026,04.06.2026,12.06.2026,14.06.2026,19.06.2026,25.06.2026,,S001,WH KLS JABABEKA
I100260109L027_S001,MINI VAN BOX,0,0,0,0,0,0,0,S001 - WH KLS JABABEKA,FIRST LOGISTICS,2,LATE,7,56,16.06.2026,08.06.2026,09.06.2026,,,,,,S001,WH KLS JABABEKA
I100260129L042_S001,CDE PICKUP,1937500,0,0,0,0,0,1937500,S001 - WH KLS JABABEKA,PT. MERPATI ALAM SEMESTA,2,LATE,7,61,12.06.2026,04.06.2026,,,,,,,S001,WH KLS JABABEKA
I100260129L042_S001,CDE PICKUP,1937500,0,0,0,0,0,1937500,S001 - WH KLS JABABEKA,PT. MERPATI ALAM SEMESTA,2,LATE,7,61,12.06.2026,04.06.2026,,,,,,,S001,WH KLS JABABEKA
I100260307L108_S001,MINI VAN BOX,0,0,0,0,0,0,0,S001 - WH KLS JABABEKA,FIRST LOGISTICS,2,LATE,7,56,16.06.2026,08.06.2026,09.06.2026,,,,,,S001,WH KLS JABABEKA
I100260313L107_S001,MINI VAN BOX,0,0,0,0,0,0,0,S001 - WH KLS JABABEKA,FIRST LOGISTICS,2,LATE,7,56,16.06.2026,08.06.2026,09.06.2026,,,,,,S001,WH KLS JABABEKA
I100260401L120_S001,MINI VAN BOX,0,0,0,0,0,0,0,S001 - WH KLS JABABEKA,FIRST LOGISTICS,1,LATE,1,55,11.06.2026,09.06.2026,,,,,,,S001,WH KLS JABABEKA
I100260404L050_S001,CDE PICKUP,720000,0,0,0,0,0,720000,S001 - WH KLS JABABEKA,PT. MERPATI ALAM SEMESTA,6,LATE,27,59,04.07.2026,06.06.2026,06.06.2026,20.07.2026,24.07.2026,27.07.2026,28.07.2026,,S001,WH KLS JABABEKA
I100260404L050_S001,CDE PICKUP,720000,0,0,0,0,0,720000,S001 - WH KLS JABABEKA,PT. MERPATI ALAM SEMESTA,6,LATE,27,59,04.07.2026,06.06.2026,06.06.2026,20.07.2026,24.07.2026,27.07.2026,28.07.2026,,S001,WH KLS JABABEKA
I100260404L060_S001,CDE PICKUP,555000,0,0,0,0,0,555000,S001 - WH KLS JABABEKA,PT. MERPATI ALAM SEMESTA,6,LATE,27,59,04.07.2026,06.06.2026,06.06.2026,20.07.2026,28.07.2026,03.08.2026,03.08.2026,,S001,WH KLS JABABEKA
I100260404L060_S001,CDE PICKUP,555000,0,0,0,0,0,555000,S001 - WH KLS JABABEKA,PT. MERPATI ALAM SEMESTA,6,LATE,27,59,04.07.2026,06.06.2026,06.06.2026,20.07.2026,28.07.2026,03.08.2026,03.08.2026,,S001,WH KLS JABABEKA
I100260406L095_S001,MINI VAN BOX,1255450,0,0,0,0,0,1255450,S001 - WH KLS JABABEKA,FIRST LOGISTICS,6,LATE,27,55,07.07.2026,09.06.2026,12.06.2026,13.07.2026,14.07.2026,16.07.2026,22.07.2026,,S001,WH KLS JABABEKA
I100260406L095_S001,MINI VAN BOX,1255450,0,0,0,0,0,1255450,S001 - WH KLS JABABEKA,FIRST LOGISTICS,6,LATE,27,55,07.07.2026,09.06.2026,12.06.2026,13.07.2026,14.07.2026,16.07.2026,22.07.2026,,S001,WH KLS JABABEKA
I100260410L096_S001,MINI VAN BOX,18750,0,0,0,0,0,18750,S001 - WH KLS JABABEKA,FIRST LOGISTICS,6,LATE,27,59,04.07.2026,06.06.2026,06.06.2026,13.07.2026,14.07.2026,16.07.2026,22.07.2026,,S001,WH KLS JABABEKA
I100260410L096_S001,MINI VAN BOX,18750,0,0,0,0,0,18750,S001 - WH KLS JABABEKA,FIRST LOGISTICS,6,LATE,27,59,04.07.2026,06.06.2026,06.06.2026,13.07.2026,14.07.2026,16.07.2026,22.07.2026,,S001,WH KLS JABABEKA
I100260410L113_S001,CDE PICKUP,70000,0,0,0,0,0,70000,S001 - WH KLS JABABEKA,PT. MERPATI ALAM SEMESTA,6,LATE,27,55,07.07.2026,09.06.2026,12.06.2026,28.07.2026,28.07.2026,03.08.2026,03.08.2026,,S001,WH KLS JABABEKA
I100260410L113_S001,CDE PICKUP,70000,0,0,0,0,0,70000,S001 - WH KLS JABABEKA,PT. MERPATI ALAM SEMESTA,6,LATE,27,55,07.07.2026,09.06.2026,12.06.2026,28.07.2026,28.07.2026,03.08.2026,03.08.2026,,S001,WH KLS JABABEKA
I100260415L103_S001,MINI VAN BOX,535100,0,0,0,0,0,535100,S001 - WH KLS JABABEKA,FIRST LOGISTICS,6,LATE,27,55,07.07.2026,09.06.2026,12.06.2026,13.07.2026,14.07.2026,16.07.2026,22.07.2026,,S001,WH KLS JABABEKA
I100260415L103_S001,MINI VAN BOX,535100,0,0,0,0,0,535100,S001 - WH KLS JABABEKA,FIRST LOGISTICS,6,LATE,27,55,07.07.2026,09.06.2026,12.06.2026,13.07.2026,14.07.2026,16.07.2026,22.07.2026,,S001,WH KLS JABABEKA
I100260416L109_S001,CDE PICKUP,0,0,0,0,0,0,0,S001 - WH KLS JABABEKA,PT. MERPATI ALAM SEMESTA,1,LATE,1,56,10.06.2026,08.06.2026,,,,,,,S001,WH KLS JABABEKA
I100260424L132_S001,CDD PICK UP,53760000,0,0,0,0,0,53760000,S001 - WH KLS JABABEKA,PT. Nusantara Cargo Line,7,ON SCHEDULE,27,0,15.07.2026,17.06.2026,17.06.2026,19.06.2026,23.06.2026,25.06.2026,25.06.2026,,S001,WH KLS JABABEKA
I100260424L132_S001,CDD PICK UP,53760000,0,0,0,0,0,53760000,S001 - WH KLS JABABEKA,PT. Nusantara Cargo Line,7,ON SCHEDULE,27,0,15.07.2026,17.06.2026,17.06.2026,19.06.2026,23.06.2026,25.06.2026,25.06.2026,,S001,WH KLS JABABEKA
I100260428L120_S001,MINI VAN BOX,0,0,0,0,0,0,0,S001 - WH KLS JABABEKA,FIRST LOGISTICS,1,LATE,1,55,11.06.2026,09.06.2026,,,,,,,S001,WH KLS JABABEKA
I100260502L100_S001,TRONTON LOSBAK,10000000,0,0,0,0,0,10000000,S001 - WH KLS JABABEKA,CV. BANGUN JASA TRANS,7,ON SCHEDULE,27,0,02.07.2026,04.06.2026,06.06.2026,08.06.2026,09.06.2026,10.06.2026,11.06.2026,,S001,WH KLS JABABEKA
I100260506L055_S001,CDD PICK UP,425000,0,0,0,0,0,425000,S001 - WH KLS JABABEKA,PT. Nusantara Cargo Line,7,ON SCHEDULE,27,0,02.07.2026,04.06.2026,04.06.2026,10.06.2026,18.06.2026,18.06.2026,18.06.2026,,S001,WH KLS JABABEKA
I100260506L055_S001,CDD PICK UP,425000,0,0,0,0,0,425000,S001 - WH KLS JABABEKA,PT. Nusantara Cargo Line,7,ON SCHEDULE,27,0,02.07.2026,04.06.2026,04.06.2026,10.06.2026,18.06.2026,18.06.2026,18.06.2026,,S001,WH KLS JABABEKA
I100260506L063_S001,CDD PICK UP,275000,0,0,0,0,0,275000,S001 - WH KLS JABABEKA,PT. Nusantara Cargo Line,7,ON SCHEDULE,27,0,02.07.2026,04.06.2026,05.06.2026,08.06.2026,18.06.2026,18.06.2026,18.06.2026,,S001,WH KLS JABABEKA
I100260506L063_S001,CDD PICK UP,275000,0,0,0,0,0,275000,S001 - WH KLS JABABEKA,PT. Nusantara Cargo Line,7,ON SCHEDULE,27,0,02.07.2026,04.06.2026,05.06.2026,08.06.2026,18.06.2026,18.06.2026,18.06.2026,,S001,WH KLS JABABEKA
I100260506L066_S001,CDD PICK UP,682000,0,0,0,0,0,682000,S001 - WH KLS JABABEKA,PT. Nusantara Cargo Line,7,ON SCHEDULE,27,0,02.07.2026,04.06.2026,04.06.2026,08.06.2026,18.06.2026,18.06.2026,18.06.2026,,S001,WH KLS JABABEKA
I100260506L066_S001,CDD PICK UP,682000,0,0,0,0,0,682000,S001 - WH KLS JABABEKA,PT. Nusantara Cargo Line,7,ON SCHEDULE,27,0,02.07.2026,04.06.2026,04.06.2026,08.06.2026,18.06.2026,18.06.2026,18.06.2026,,S001,WH KLS JABABEKA
I100260511L123_S001,TRONTON LOSBAK,20000000,0,0,0,0,0,20000000,S001 - WH KLS JABABEKA,CV. Jatayu Samudra Sejahtera,7,ON SCHEDULE,27,0,03.07.2026,05.06.2026,,18.06.2026,18.06.2026,18.06.2026,19.06.2026,,S001,WH KLS JABABEKA
I100260511L124_S001,TRONTON LOSBAK,20000000,0,0,0,0,0,20000000,S001 - WH KLS JABABEKA,CV. Jatayu Samudra Sejahtera,7,ON SCHEDULE,27,0,03.07.2026,05.06.2026,,18.06.2026,18.06.2026,18.06.2026,19.06.2026,,S001,WH KLS JABABEKA
I100260511L125_S001,CDE PICKUP,0,0,0,0,0,0,0,S001 - WH KLS JABABEKA,PT. Nusantara Cargo Line,1,LATE,1,56,10.06.2026,08.06.2026,,,,,,,S001,WH KLS JABABEKA
I100260513L113_S001,CDE PICKUP,14722500,0,0,0,0,0,14722500,S001 - WH KLS JABABEKA,PT. Nusantara Cargo Line,6,LATE,27,61,01.07.2026,03.06.2026,05.06.2026,15.06.2026,18.06.2026,19.06.2026,21.07.2026,,S001,WH KLS JABABEKA
I100260513L113_S001,CDE PICKUP,14722500,0,0,0,0,0,14722500,S001 - WH KLS JABABEKA,PT. Nusantara Cargo Line,6,LATE,27,61,01.07.2026,03.06.2026,05.06.2026,15.06.2026,18.06.2026,19.06.2026,21.07.2026,,S001,WH KLS JABABEKA
I100260513L114_S001,CDE PICKUP,3622500,0,0,0,0,0,3622500,S001 - WH KLS JABABEKA,PT. Nusantara Cargo Line,6,LATE,27,61,01.07.2026,03.06.2026,05.06.2026,25.06.2026,26.06.2026,29.06.2026,21.07.2026,,S001,WH KLS JABABEKA
I100260513L114_S001,CDE PICKUP,3622500,0,0,0,0,0,3622500,S001 - WH KLS JABABEKA,PT. Nusantara Cargo Line,6,LATE,27,61,01.07.2026,03.06.2026,05.06.2026,25.06.2026,26.06.2026,29.06.2026,21.07.2026,,S001,WH KLS JABABEKA
I100260513L115_S001,CDE PICKUP,0,0,0,0,0,0,0,S001 - WH KLS JABABEKA,PT. MERPATI ALAM SEMESTA,1,LATE,1,61,05.06.2026,03.06.2026,,,,,,,S001,WH KLS JABABEKA
I100260513L116_S001,CDE PICKUP,637500,0,0,0,0,0,637500,S001 - WH KLS JABABEKA,PT. Nusantara Cargo Line,6,LATE,27,61,01.07.2026,03.06.2026,05.06.2026,30.06.2026,01.07.2026,06.07.2026,21.07.2026,,S001,WH KLS JABABEKA
I100260513L116_S001,CDE PICKUP,637500,0,0,0,0,0,637500,S001 - WH KLS JABABEKA,PT. Nusantara Cargo Line,6,LATE,27,61,01.07.2026,03.06.2026,05.06.2026,30.06.2026,01.07.2026,06.07.2026,21.07.2026,,S001,WH KLS JABABEKA
I100260513L117_S001,CDE PICKUP,275000,0,0,0,0,0,275000,S001 - WH KLS JABABEKA,PT. Nusantara Cargo Line,6,LATE,27,61,01.07.2026,03.06.2026,05.06.2026,10.06.2026,18.06.2026,18.06.2026,21.07.2026,,S001,WH KLS JABABEKA
I100260513L117_S001,CDE PICKUP,275000,0,0,0,0,0,275000,S001 - WH KLS JABABEKA,PT. Nusantara Cargo Line,6,LATE,27,61,01.07.2026,03.06.2026,05.06.2026,10.06.2026,18.06.2026,18.06.2026,21.07.2026,,S001,WH KLS JABABEKA
I100260513L118_S001,CDE PICKUP,350000,0,0,0,0,0,350000,S001 - WH KLS JABABEKA,PT. Nusantara Cargo Line,6,LATE,27,61,01.07.2026,03.06.2026,05.06.2026,12.06.2026,18.06.2026,23.06.2026,21.07.2026,,S001,WH KLS JABABEKA
I100260513L118_S001,CDE PICKUP,350000,0,0,0,0,0,350000,S001 - WH KLS JABABEKA,PT. Nusantara Cargo Line,6,LATE,27,61,01.07.2026,03.06.2026,05.06.2026,12.06.2026,18.06.2026,23.06.2026,21.07.2026,,S001,WH KLS JABABEKA
I100260513L119_S001,CDE PICKUP,1500000,0,0,0,0,0,1500000,S001 - WH KLS JABABEKA,PT. Nusantara Cargo Line,6,LATE,27,61,01.07.2026,03.06.2026,05.06.2026,15.06.2026,18.06.2026,18.06.2026,21.07.2026,,S001,WH KLS JABABEKA
I100260513L119_S001,CDE PICKUP,1500000,0,0,0,0,0,1500000,S001 - WH KLS JABABEKA,PT. Nusantara Cargo Line,6,LATE,27,61,01.07.2026,03.06.2026,05.06.2026,15.06.2026,18.06.2026,18.06.2026,21.07.2026,,S001,WH KLS JABABEKA
I100260513L120_S001,CDE PICKUP,275000,0,0,0,0,0,275000,S001 - WH KLS JABABEKA,PT. Nusantara Cargo Line,6,LATE,27,61,01.07.2026,03.06.2026,05.06.2026,08.06.2026,18.06.2026,18.06.2026,21.07.2026,,S001,WH KLS JABABEKA
I100260513L120_S001,CDE PICKUP,275000,0,0,0,0,0,275000,S001 - WH KLS JABABEKA,PT. Nusantara Cargo Line,6,LATE,27,61,01.07.2026,03.06.2026,05.06.2026,08.06.2026,18.06.2026,18.06.2026,21.07.2026,,S001,WH KLS JABABEKA
I100260513L121_S001,CDE PICKUP,0,0,0,0,0,0,0,S001 - WH KLS JABABEKA,PT. Nusantara Cargo Line,2,LATE,7,61,11.06.2026,03.06.2026,05.06.2026,,,,,,S001,WH KLS JABABEKA
I100260513L122_S001,CDE PICKUP,350000,0,0,0,0,0,350000,S001 - WH KLS JABABEKA,PT. Nusantara Cargo Line,6,LATE,27,61,01.07.2026,03.06.2026,05.06.2026,25.06.2026,26.06.2026,26.06.2026,21.07.2026,,S001,WH KLS JABABEKA
I100260513L122_S001,CDE PICKUP,350000,0,0,0,0,0,350000,S001 - WH KLS JABABEKA,PT. Nusantara Cargo Line,6,LATE,27,61,01.07.2026,03.06.2026,05.06.2026,25.06.2026,26.06.2026,26.06.2026,21.07.2026,,S001,WH KLS JABABEKA
I100260513L123_S001,CDE PICKUP,475000,0,0,0,0,0,475000,S001 - WH KLS JABABEKA,PT. Nusantara Cargo Line,6,LATE,27,61,01.07.2026,03.06.2026,05.06.2026,10.06.2026,18.06.2026,18.06.2026,21.07.2026,,S001,WH KLS JABABEKA
I100260513L123_S001,CDE PICKUP,475000,0,0,0,0,0,475000,S001 - WH KLS JABABEKA,PT. Nusantara Cargo Line,6,LATE,27,61,01.07.2026,03.06.2026,05.06.2026,10.06.2026,18.06.2026,18.06.2026,21.07.2026,,S001,WH KLS JABABEKA
I100260513L124_S001,CDE PICKUP,416000,0,0,0,0,0,416000,S001 - WH KLS JABABEKA,PT. Nusantara Cargo Line,6,LATE,27,61,01.07.2026,03.06.2026,05.06.2026,10.06.2026,18.06.2026,18.06.2026,21.07.2026,,S001,WH KLS JABABEKA
I100260513L124_S001,CDE PICKUP,416000,0,0,0,0,0,416000,S001 - WH KLS JABABEKA,PT. Nusantara Cargo Line,6,LATE,27,61,01.07.2026,03.06.2026,05.06.2026,10.06.2026,18.06.2026,18.06.2026,21.07.2026,,S001,WH KLS JABABEKA
I100260513L125_S001,CDE PICKUP,500000,0,0,0,0,0,500000,S001 - WH KLS JABABEKA,PT. Nusantara Cargo Line,6,LATE,27,61,01.07.2026,03.06.2026,05.06.2026,15.06.2026,18.06.2026,19.06.2026,21.07.2026,,S001,WH KLS JABABEKA
I100260513L125_S001,CDE PICKUP,500000,0,0,0,0,0,500000,S001 - WH KLS JABABEKA,PT. Nusantara Cargo Line,6,LATE,27,61,01.07.2026,03.06.2026,05.06.2026,15.06.2026,18.06.2026,19.06.2026,21.07.2026,,S001,WH KLS JABABEKA
I100260513L126_S001,CDE PICKUP,526500,0,0,0,0,0,526500,S001 - WH KLS JABABEKA,PT. Nusantara Cargo Line,6,LATE,27,61,01.07.2026,03.06.2026,05.06.2026,08.06.2026,18.06.2026,18.06.2026,21.07.2026,,S001,WH KLS JABABEKA
I100260513L126_S001,CDE PICKUP,526500,0,0,0,0,0,526500,S001 - WH KLS JABABEKA,PT. Nusantara Cargo Line,6,LATE,27,61,01.07.2026,03.06.2026,05.06.2026,08.06.2026,18.06.2026,18.06.2026,21.07.2026,,S001,WH KLS JABABEKA
I100260513L127_S001,CDE PICKUP,637500,0,0,0,0,0,637500,S001 - WH KLS JABABEKA,PT. Nusantara Cargo Line,6,LATE,27,61,02.07.2026,04.06.2026,15.07.2026,23.07.2026,24.07.2026,28.07.2026,28.07.2026,,S001,WH KLS JABABEKA
I100260513L127_S001,CDE PICKUP,637500,0,0,0,0,0,637500,S001 - WH KLS JABABEKA,PT. Nusantara Cargo Line,6,LATE,27,61,02.07.2026,04.06.2026,15.07.2026,23.07.2026,24.07.2026,28.07.2026,28.07.2026,,S001,WH KLS JABABEKA
I100260513L128_S001,CDE PICKUP,700000,0,0,0,0,0,700000,S001 - WH KLS JABABEKA,PT. Nusantara Cargo Line,6,LATE,27,61,02.07.2026,04.06.2026,09.06.2026,25.06.2026,26.06.2026,29.06.2026,21.07.2026,,S001,WH KLS JABABEKA
I100260513L128_S001,CDE PICKUP,700000,0,0,0,0,0,700000,S001 - WH KLS JABABEKA,PT. Nusantara Cargo Line,6,LATE,27,61,02.07.2026,04.06.2026,09.06.2026,25.06.2026,26.06.2026,29.06.2026,21.07.2026,,S001,WH KLS JABABEKA
I100260513L129_S001,CDE PICKUP,275000,0,0,0,0,0,275000,S001 - WH KLS JABABEKA,PT. Nusantara Cargo Line,6,LATE,27,61,02.07.2026,04.06.2026,05.06.2026,11.06.2026,18.06.2026,23.06.2026,21.07.2026,,S001,WH KLS JABABEKA
I100260513L129_S001,CDE PICKUP,275000,0,0,0,0,0,275000,S001 - WH KLS JABABEKA,PT. Nusantara Cargo Line,6,LATE,27,61,02.07.2026,04.06.2026,05.06.2026,11.06.2026,18.06.2026,23.06.2026,21.07.2026,,S001,WH KLS JABABEKA
I100260513L130_S001,CDE PICKUP,0,0,0,0,0,0,0,S001 - WH KLS JABABEKA,PT. MERPATI ALAM SEMESTA,1,LATE,1,56,10.06.2026,08.06.2026,,,,,,,S001,WH KLS JABABEKA
I100260513L131_S001,CDE PICKUP,0,0,0,0,0,0,0,S001 - WH KLS JABABEKA,PT. MERPATI ALAM SEMESTA,1,LATE,1,56,10.06.2026,08.06.2026,,,,,,,S001,WH KLS JABABEKA
I100260523L054_S001,CDE PICKUP,168000,0,0,0,0,0,168000,S001 - WH KLS JABABEKA,PT. MERPATI ALAM SEMESTA,7,ON SCHEDULE,27,0,30.06.2026,02.06.2026,05.06.2026,12.06.2026,14.06.2026,19.06.2026,19.06.2026,,S001,WH KLS JABABEKA
I100260523L054_S001,CDE PICKUP,168000,0,0,0,0,0,168000,S001 - WH KLS JABABEKA,PT. MERPATI ALAM SEMESTA,7,ON SCHEDULE,27,0,30.06.2026,02.06.2026,05.06.2026,12.06.2026,14.06.2026,19.06.2026,19.06.2026,,S001,WH KLS JABABEKA
I100260523L057_S001,CDE PICKUP,64000,0,0,0,0,0,64000,S001 - WH KLS JABABEKA,PT. MERPATI ALAM SEMESTA,7,ON SCHEDULE,27,0,30.06.2026,02.06.2026,05.06.2026,12.06.2026,14.06.2026,19.06.2026,19.06.2026,,S001,WH KLS JABABEKA
I100260523L057_S001,CDE PICKUP,64000,0,0,0,0,0,64000,S001 - WH KLS JABABEKA,PT. MERPATI ALAM SEMESTA,7,ON SCHEDULE,27,0,30.06.2026,02.06.2026,05.06.2026,12.06.2026,14.06.2026,19.06.2026,19.06.2026,,S001,WH KLS JABABEKA
I100260525L107_S001,CDE PICKUP,0,0,0,0,0,0,0,S001 - WH KLS JABABEKA,PT. Nusantara Cargo Line,1,LATE,1,56,10.06.2026,08.06.2026,,,,,,,S001,WH KLS JABABEKA
I100260526L086_S001,CDE PICKUP,0,0,0,0,0,0,0,S001 - WH KLS JABABEKA,PT. MERPATI ALAM SEMESTA,2,LATE,7,62,10.06.2026,02.06.2026,26.06.2026,,,,,,S001,WH KLS JABABEKA
I100260528L009_S001,FUSO LOSBAK,42000000,0,0,0,0,0,42000000,S001 - WH KLS JABABEKA,CV. BANGUN JASA TRANS,7,ON SCHEDULE,27,0,30.06.2026,02.06.2026,,15.06.2026,18.06.2026,19.06.2026,19.06.2026,,S001,WH KLS JABABEKA
I100260528L010_S001,FUSO,6384000,0,0,0,0,0,6384000,S001 - WH KLS JABABEKA,BEPA IKA PEKASA,6,LATE,27,62,30.06.2026,02.06.2026,18.06.2026,14.07.2026,16.07.2026,24.07.2026,29.07.2026,,S001,WH KLS JABABEKA
I100260528L096_S001,MINI VAN BOX,0,0,0,0,0,0,0,S001 - WH KLS JABABEKA,FIRST LOGISTICS,2,LATE,7,62,10.06.2026,02.06.2026,26.06.2026,,,,,,S001,WH KLS JABABEKA
I100260528L097_S001,MINI VAN BOX,0,0,0,0,0,0,0,S001 - WH KLS JABABEKA,FIRST LOGISTICS,2,LATE,7,62,10.06.2026,02.06.2026,14.07.2026,,,,,,S001,WH KLS JABABEKA
I100260528L098_S001,MINI VAN BOX,0,0,0,0,0,0,0,S001 - WH KLS JABABEKA,FIRST LOGISTICS,2,LATE,7,62,10.06.2026,02.06.2026,14.07.2026,,,,,,S001,WH KLS JABABEKA
I100260528L099_S001,MINI VAN BOX,0,0,0,0,0,0,0,S001 - WH KLS JABABEKA,FIRST LOGISTICS,2,LATE,7,62,10.06.2026,02.06.2026,14.07.2026,,,,,,S001,WH KLS JABABEKA
I100260528L100_S001,MINI VAN BOX,0,0,0,0,0,0,0,S001 - WH KLS JABABEKA,FIRST LOGISTICS,2,LATE,7,62,10.06.2026,02.06.2026,14.07.2026,,,,,,S001,WH KLS JABABEKA
I100260528L101_S001,MINI VAN BOX,0,0,0,0,0,0,0,S001 - WH KLS JABABEKA,FIRST LOGISTICS,2,LATE,7,62,10.06.2026,02.06.2026,14.07.2026,,,,,,S001,WH KLS JABABEKA
I100260528L102_S001,MINI VAN BOX,0,0,0,0,0,0,0,S001 - WH KLS JABABEKA,FIRST LOGISTICS,2,LATE,7,62,10.06.2026,02.06.2026,14.07.2026,,,,,,S001,WH KLS JABABEKA
I100260528L103_S001,MINI VAN BOX,0,0,0,0,0,0,0,S001 - WH KLS JABABEKA,FIRST LOGISTICS,2,LATE,7,62,10.06.2026,02.06.2026,14.07.2026,,,,,,S001,WH KLS JABABEKA
I100260528L106_S001,MINI VAN BOX,0,0,0,0,0,0,0,S001 - WH KLS JABABEKA,FIRST LOGISTICS,2,LATE,7,62,10.06.2026,02.06.2026,14.07.2026,,,,,,S001,WH KLS JABABEKA
I100260529L013_S001,FUSO,584100,0,0,0,0,0,584100,S001 - WH KLS JABABEKA,BEPA IKA PEKASA,6,LATE,27,62,30.06.2026,02.06.2026,21.07.2026,22.07.2026,24.07.2026,24.07.2026,29.07.2026,,S001,WH KLS JABABEKA
I100260529L077_S001,CDE PICKUP,275000,0,0,0,0,0,275000,S001 - WH KLS JABABEKA,PT. Nusantara Cargo Line,7,ON SCHEDULE,27,0,30.06.2026,02.06.2026,18.06.2026,19.06.2026,23.06.2026,25.06.2026,25.06.2026,,S001,WH KLS JABABEKA
I100260529L077_S001,CDE PICKUP,275000,0,0,0,0,0,275000,S001 - WH KLS JABABEKA,PT. Nusantara Cargo Line,7,ON SCHEDULE,27,0,30.06.2026,02.06.2026,18.06.2026,19.06.2026,23.06.2026,25.06.2026,25.06.2026,,S001,WH KLS JABABEKA
I100260529L100_S001,MINI VAN BOX,0,0,0,0,0,0,0,S001 - WH KLS JABABEKA,FIRST LOGISTICS,2,LATE,7,62,10.06.2026,02.06.2026,14.07.2026,,,,,,S001,WH KLS JABABEKA
I100260529L101_S001,MINI VAN BOX,0,0,0,0,0,0,0,S001 - WH KLS JABABEKA,FIRST LOGISTICS,2,LATE,7,62,10.06.2026,02.06.2026,14.07.2026,,,,,,S001,WH KLS JABABEKA
I100260529L102_S001,MINI VAN BOX,0,0,0,0,0,0,0,S001 - WH KLS JABABEKA,FIRST LOGISTICS,2,LATE,7,62,10.06.2026,02.06.2026,14.07.2026,,,,,,S001,WH KLS JABABEKA
I100260529T022_S001,WINGBOX,24000000,0,0,0,0,0,24000000,S001 - WH KLS JABABEKA,PT. CITRA SENTRAL EKSPRESS,6,LATE,32,62,05.07.2026,02.06.2026,08.06.2026,08.07.2026,10.07.2026,10.07.2026,10.07.2026,,S001,WH KLS JABABEKA
I100260530L037_S001,MINI VAN BOX,0,0,0,0,0,0,0,S001 - WH KLS JABABEKA,FIRST LOGISTICS,2,LATE,7,62,10.06.2026,02.06.2026,14.07.2026,,,,,,S001,WH KLS JABABEKA
I100260530L094_S001,MINI VAN BOX,0,0,0,0,0,0,0,S001 - WH KLS JABABEKA,FIRST LOGISTICS,2,LATE,7,60,12.06.2026,04.06.2026,26.06.2026,,,,,,S001,WH KLS JABABEKA
I100260530L095_S001,MINI VAN BOX,0,0,0,0,0,0,0,S001 - WH KLS JABABEKA,FIRST LOGISTICS,2,LATE,7,60,12.06.2026,04.06.2026,26.06.2026,,,,,,S001,WH KLS JABABEKA
I100260530L096_S001,MINI VAN BOX,0,0,0,0,0,0,0,S001 - WH KLS JABABEKA,FIRST LOGISTICS,2,LATE,7,60,12.06.2026,04.06.2026,14.07.2026,,,,,,S001,WH KLS JABABEKA
I100260530L097_S001,MINI VAN BOX,0,0,0,0,0,0,0,S001 - WH KLS JABABEKA,FIRST LOGISTICS,2,LATE,7,60,12.06.2026,04.06.2026,26.06.2026,,,,,,S001,WH KLS JABABEKA
I100260530L098_S001,MINI VAN BOX,0,0,0,0,0,0,0,S001 - WH KLS JABABEKA,FIRST LOGISTICS,2,LATE,7,60,12.06.2026,04.06.2026,26.06.2026,,,,,,S001,WH KLS JABABEKA
I100260530L100_S001,MINI VAN BOX,3240000,0,0,0,0,0,3240000,S001 - WH KLS JABABEKA,PT. MERPATI ALAM SEMESTA,4,LATE,15,62,19.06.2026,03.06.2026,12.06.2026,24.07.2026,29.07.2026,,,,S001,WH KLS JABABEKA
I100260530L100_S001,MINI VAN BOX,3240000,0,0,0,0,0,3240000,S001 - WH KLS JABABEKA,PT. MERPATI ALAM SEMESTA,4,LATE,15,62,19.06.2026,03.06.2026,12.06.2026,24.07.2026,29.07.2026,,,,S001,WH KLS JABABEKA
I100260530L105_S001,MINI VAN BOX,0,0,0,0,0,0,0,S001 - WH KLS JABABEKA,FIRST LOGISTICS,2,LATE,7,60,12.06.2026,04.06.2026,14.07.2026,,,,,,S001,WH KLS JABABEKA
I100260601L020_S001,CDD BAK,3700000,0,0,0,800000,0,4500000,S001 - WH KLS JABABEKA,PT. EKA CIPTA MANGGALA,7,ON SCHEDULE,28,0,30.06.2026,01.06.2026,05.06.2026,11.06.2026,14.06.2026,15.06.2026,15.06.2026,,S001,WH KLS JABABEKA
I100260601L020_S001,CDD BAK,3700000,0,0,0,800000,0,4500000,S001 - WH KLS JABABEKA,PT. EKA CIPTA MANGGALA,7,ON SCHEDULE,28,0,30.06.2026,01.06.2026,05.06.2026,11.06.2026,14.06.2026,15.06.2026,15.06.2026,,S001,WH KLS JABABEKA
I100260601L020_S001,CDD BAK,3700000,0,0,0,800000,0,4500000,S001 - WH KLS JABABEKA,PT. EKA CIPTA MANGGALA,7,ON SCHEDULE,28,0,30.06.2026,01.06.2026,05.06.2026,11.06.2026,14.06.2026,15.06.2026,15.06.2026,,S001,WH KLS JABABEKA
I100260601L020_S001,CDD BAK,3700000,0,0,0,800000,0,4500000,S001 - WH KLS JABABEKA,PT. EKA CIPTA MANGGALA,7,ON SCHEDULE,28,0,30.06.2026,01.06.2026,05.06.2026,11.06.2026,14.06.2026,15.06.2026,15.06.2026,,S001,WH KLS JABABEKA
I100260601L021_S001,CDD BAK,4100000,0,0,0,400000,0,4500000,S001 - WH KLS JABABEKA,PT. EKA CIPTA MANGGALA,7,ON SCHEDULE,27,0,29.06.2026,01.06.2026,05.06.2026,11.06.2026,14.06.2026,15.06.2026,15.06.2026,,S001,WH KLS JABABEKA
I100260601L021_S001,CDD BAK,4100000,0,0,0,400000,0,4500000,S001 - WH KLS JABABEKA,PT. EKA CIPTA MANGGALA,7,ON SCHEDULE,27,0,29.06.2026,01.06.2026,05.06.2026,11.06.2026,14.06.2026,15.06.2026,15.06.2026,,S001,WH KLS JABABEKA
I100260601L021_S001,CDD BAK,4100000,0,0,0,400000,0,4500000,S001 - WH KLS JABABEKA,PT. EKA CIPTA MANGGALA,7,ON SCHEDULE,27,0,29.06.2026,01.06.2026,05.06.2026,11.06.2026,14.06.2026,15.06.2026,15.06.2026,,S001,WH KLS JABABEKA
I100260601L022_S001,CDD BAK,4000000,0,0,0,1200000,0,5200000,S001 - WH KLS JABABEKA,PT. EKA CIPTA MANGGALA,7,ON SCHEDULE,28,0,30.06.2026,01.06.2026,05.06.2026,11.06.2026,14.06.2026,15.06.2026,15.06.2026,,S001,WH KLS JABABEKA
I100260601L022_S001,CDD BAK,4000000,0,0,0,1200000,0,5200000,S001 - WH KLS JABABEKA,PT. EKA CIPTA MANGGALA,7,ON SCHEDULE,28,0,30.06.2026,01.06.2026,05.06.2026,11.06.2026,14.06.2026,15.06.2026,15.06.2026,,S001,WH KLS JABABEKA
I100260601L022_S001,CDD BAK,4000000,0,0,0,1200000,0,5200000,S001 - WH KLS JABABEKA,PT. EKA CIPTA MANGGALA,7,ON SCHEDULE,28,0,30.06.2026,01.06.2026,05.06.2026,11.06.2026,14.06.2026,15.06.2026,15.06.2026,,S001,WH KLS JABABEKA
I100260601L022_S001,CDD BAK,4000000,0,0,0,1200000,0,5200000,S001 - WH KLS JABABEKA,PT. EKA CIPTA MANGGALA,7,ON SCHEDULE,28,0,30.06.2026,01.06.2026,05.06.2026,11.06.2026,14.06.2026,15.06.2026,15.06.2026,,S001,WH KLS JABABEKA
I100260601L022_S001,CDD BAK,4000000,0,0,0,1200000,0,5200000,S001 - WH KLS JABABEKA,PT. EKA CIPTA MANGGALA,7,ON SCHEDULE,28,0,30.06.2026,01.06.2026,05.06.2026,11.06.2026,14.06.2026,15.06.2026,15.06.2026,,S001,WH KLS JABABEKA
I100260601L022_S001,CDD BAK,4000000,0,0,0,1200000,0,5200000,S001 - WH KLS JABABEKA,PT. EKA CIPTA MANGGALA,7,ON SCHEDULE,28,0,30.06.2026,01.06.2026,05.06.2026,11.06.2026,14.06.2026,15.06.2026,15.06.2026,,S001,WH KLS JABABEKA
I100260602L002_S001,CDD LOSBAK,6000000,0,0,0,0,0,6000000,S001 - WH KLS JABABEKA,CV. BANGUN JASA TRANS,7,ON SCHEDULE,27,0,02.07.2026,04.06.2026,06.06.2026,08.06.2026,09.06.2026,10.06.2026,11.06.2026,,S001,WH KLS JABABEKA
I100260602L003_S001,TRONTON LOSBAK,10000000,0,0,0,0,0,10000000,S001 - WH KLS JABABEKA,CV. BANGUN JASA TRANS,7,ON SCHEDULE,27,0,02.07.2026,04.06.2026,06.06.2026,08.06.2026,09.06.2026,10.06.2026,11.06.2026,,S001,WH KLS JABABEKA
I100260602L033_S001,CONT-20,15500000,0,0,0,0,0,15500000,S001 - WH KLS JABABEKA,PT. SENTOSA PRIMA ABADI,2,LATE,20,62,23.06.2026,02.06.2026,24.06.2026,,,,,,S001,WH KLS JABABEKA
I100260602L036_S001,CDD BAK,10500000,0,0,0,2300000,0,12800000,S001 - WH KLS JABABEKA,BINTANG SAMUDERA,7,ON SCHEDULE,29,0,02.07.2026,02.06.2026,08.06.2026,03.07.2026,08.07.2026,08.07.2026,17.07.2026,,S001,WH KLS JABABEKA
I100260602L041_S001,CDD BAK,7500000,0,0,0,0,0,7500000,S001 - WH KLS JABABEKA,PT. EKA CIPTA MANGGALA,7,ON SCHEDULE,31,0,04.07.2026,02.06.2026,06.06.2026,11.06.2026,13.06.2026,15.06.2026,15.06.2026,,S001,WH KLS JABABEKA
I100260602L042_S001,CDD PICK UP,262500,0,0,0,0,0,262500,S001 - WH KLS JABABEKA,PT. Nusantara Cargo Line,6,LATE,27,56,07.07.2026,09.06.2026,09.06.2026,25.06.2026,26.06.2026,29.06.2026,21.07.2026,,S001,WH KLS JABABEKA
I100260602L042_S001,CDD PICK UP,262500,0,0,0,0,0,262500,S001 - WH KLS JABABEKA,PT. Nusantara Cargo Line,6,LATE,27,56,07.07.2026,09.06.2026,09.06.2026,25.06.2026,26.06.2026,29.06.2026,21.07.2026,,S001,WH KLS JABABEKA
I100260602L043_S001,CDD PICK UP,0,0,0,0,0,0,0,S001 - WH KLS JABABEKA,PT. Nusantara Cargo Line,2,LATE,7,58,14.06.2026,06.06.2026,26.06.2026,,,,,,S001,WH KLS JABABEKA
I100260602L044_S001,CDE PICKUP,930896,0,0,0,0,0,930896,S001 - WH KLS JABABEKA,PT. MERPATI ALAM SEMESTA,4,LATE,15,62,19.06.2026,03.06.2026,26.06.2026,28.07.2026,29.07.2026,,,,S001,WH KLS JABABEKA
I100260602L044_S001,CDE PICKUP,930896,0,0,0,0,0,930896,S001 - WH KLS JABABEKA,PT. MERPATI ALAM SEMESTA,4,LATE,15,62,19.06.2026,03.06.2026,26.06.2026,28.07.2026,29.07.2026,,,,S001,WH KLS JABABEKA
I100260602L046_S001,CDE PICKUP,12080000,0,0,0,0,0,12080000,S001 - WH KLS JABABEKA,PT. MERPATI ALAM SEMESTA,4,LATE,15,60,20.06.2026,04.06.2026,26.06.2026,28.07.2026,29.07.2026,,,,S001,WH KLS JABABEKA
I100260602L046_S001,CDE PICKUP,12080000,0,0,0,0,0,12080000,S001 - WH KLS JABABEKA,PT. MERPATI ALAM SEMESTA,4,LATE,15,60,20.06.2026,04.06.2026,26.06.2026,28.07.2026,29.07.2026,,,,S001,WH KLS JABABEKA
I100260602L061_S001,CDE PICKUP,2944500,0,0,0,0,0,2944500,S001 - WH KLS JABABEKA,PT. MERPATI ALAM SEMESTA,4,LATE,15,62,19.06.2026,03.06.2026,12.06.2026,28.07.2026,29.07.2026,,,,S001,WH KLS JABABEKA
I100260602L061_S001,CDE PICKUP,2944500,0,0,0,0,0,2944500,S001 - WH KLS JABABEKA,PT. MERPATI ALAM SEMESTA,4,LATE,15,62,19.06.2026,03.06.2026,12.06.2026,28.07.2026,29.07.2026,,,,S001,WH KLS JABABEKA
I100260602L062_S001,CDE PICKUP,1750000,0,0,0,0,0,1750000,S001 - WH KLS JABABEKA,PT. MERPATI ALAM SEMESTA,4,LATE,15,62,19.06.2026,03.06.2026,26.06.2026,28.07.2026,29.07.2026,,,,S001,WH KLS JABABEKA
I100260602L062_S001,CDE PICKUP,1750000,0,0,0,0,0,1750000,S001 - WH KLS JABABEKA,PT. MERPATI ALAM SEMESTA,4,LATE,15,62,19.06.2026,03.06.2026,26.06.2026,28.07.2026,29.07.2026,,,,S001,WH KLS JABABEKA
I100260602L063_S001,CDE PICKUP,1750000,0,0,0,0,0,1750000,S001 - WH KLS JABABEKA,PT. MERPATI ALAM SEMESTA,4,LATE,15,62,19.06.2026,03.06.2026,26.06.2026,28.07.2026,29.07.2026,,,,S001,WH KLS JABABEKA
I100260602L063_S001,CDE PICKUP,1750000,0,0,0,0,0,1750000,S001 - WH KLS JABABEKA,PT. MERPATI ALAM SEMESTA,4,LATE,15,62,19.06.2026,03.06.2026,26.06.2026,28.07.2026,29.07.2026,,,,S001,WH KLS JABABEKA
I100260602L069_S001,CDE PICKUP,3285000,0,0,0,0,0,3285000,S001 - WH KLS JABABEKA,PT. MERPATI ALAM SEMESTA,4,LATE,15,62,19.06.2026,03.06.2026,26.06.2026,24.07.2026,29.07.2026,,,,S001,WH KLS JABABEKA
I100260602L069_S001,CDE PICKUP,3285000,0,0,0,0,0,3285000,S001 - WH KLS JABABEKA,PT. MERPATI ALAM SEMESTA,4,LATE,15,62,19.06.2026,03.06.2026,26.06.2026,24.07.2026,29.07.2026,,,,S001,WH KLS JABABEKA
I100260602L076_S001,CDD PICK UP,275000,0,0,0,0,0,275000,S001 - WH KLS JABABEKA,PT. Nusantara Cargo Line,7,ON SCHEDULE,27,0,04.07.2026,06.06.2026,18.06.2026,19.06.2026,23.06.2026,25.06.2026,25.06.2026,,S001,WH KLS JABABEKA
I100260602L076_S001,CDD PICK UP,275000,0,0,0,0,0,275000,S001 - WH KLS JABABEKA,PT. Nusantara Cargo Line,7,ON SCHEDULE,27,0,04.07.2026,06.06.2026,18.06.2026,19.06.2026,23.06.2026,25.06.2026,25.06.2026,,S001,WH KLS JABABEKA
I100260602L077_S001,CDD PICK UP,2535000,0,0,0,0,0,2535000,S001 - WH KLS JABABEKA,PT. MERPATI ALAM SEMESTA,4,LATE,15,60,20.06.2026,04.06.2026,26.06.2026,24.07.2026,29.07.2026,,,,S001,WH KLS JABABEKA
I100260602L077_S001,CDD PICK UP,2535000,0,0,0,0,0,2535000,S001 - WH KLS JABABEKA,PT. MERPATI ALAM SEMESTA,4,LATE,15,60,20.06.2026,04.06.2026,26.06.2026,24.07.2026,29.07.2026,,,,S001,WH KLS JABABEKA
I100260602L078_S001,CDD PICK UP,429000,0,0,0,0,0,429000,S001 - WH KLS JABABEKA,PT. Nusantara Cargo Line,7,ON SCHEDULE,27,0,04.07.2026,06.06.2026,26.06.2026,29.06.2026,01.07.2026,02.07.2026,02.07.2026,,S001,WH KLS JABABEKA
I100260602L078_S001,CDD PICK UP,429000,0,0,0,0,0,429000,S001 - WH KLS JABABEKA,PT. Nusantara Cargo Line,7,ON SCHEDULE,27,0,04.07.2026,06.06.2026,26.06.2026,29.06.2026,01.07.2026,02.07.2026,02.07.2026,,S001,WH KLS JABABEKA
I100260602L079_S001,CDD PICK UP,741000,0,0,0,0,0,741000,S001 - WH KLS JABABEKA,PT. Nusantara Cargo Line,7,ON SCHEDULE,27,0,04.07.2026,06.06.2026,18.06.2026,19.06.2026,23.06.2026,25.06.2026,25.06.2026,,S001,WH KLS JABABEKA
I100260602L079_S001,CDD PICK UP,741000,0,0,0,0,0,741000,S001 - WH KLS JABABEKA,PT. Nusantara Cargo Line,7,ON SCHEDULE,27,0,04.07.2026,06.06.2026,18.06.2026,19.06.2026,23.06.2026,25.06.2026,25.06.2026,,S001,WH KLS JABABEKA
I100260602L080_S001,CDD PICK UP,275000,0,0,0,0,0,275000,S001 - WH KLS JABABEKA,PT. Nusantara Cargo Line,7,ON SCHEDULE,27,0,04.07.2026,06.06.2026,26.06.2026,29.06.2026,01.07.2026,02.07.2026,02.07.2026,,S001,WH KLS JABABEKA
I100260602L080_S001,CDD PICK UP,275000,0,0,0,0,0,275000,S001 - WH KLS JABABEKA,PT. Nusantara Cargo Line,7,ON SCHEDULE,27,0,04.07.2026,06.06.2026,26.06.2026,29.06.2026,01.07.2026,02.07.2026,02.07.2026,,S001,WH KLS JABABEKA
I100260602L081_S001,CDD PICK UP,638000,0,0,0,0,0,638000,S001 - WH KLS JABABEKA,PT. Nusantara Cargo Line,7,ON SCHEDULE,27,0,07.07.2026,09.06.2026,26.06.2026,29.06.2026,01.07.2026,03.07.2026,03.07.2026,,S001,WH KLS JABABEKA
I100260602L081_S001,CDD PICK UP,638000,0,0,0,0,0,638000,S001 - WH KLS JABABEKA,PT. Nusantara Cargo Line,7,ON SCHEDULE,27,0,07.07.2026,09.06.2026,26.06.2026,29.06.2026,01.07.2026,03.07.2026,03.07.2026,,S001,WH KLS JABABEKA
I100260602L082_S001,CDD PICK UP,475000,0,0,0,0,0,475000,S001 - WH KLS JABABEKA,PT. Nusantara Cargo Line,7,ON SCHEDULE,27,0,04.07.2026,06.06.2026,26.06.2026,29.06.2026,01.07.2026,03.07.2026,03.07.2026,,S001,WH KLS JABABEKA
I100260602L082_S001,CDD PICK UP,475000,0,0,0,0,0,475000,S001 - WH KLS JABABEKA,PT. Nusantara Cargo Line,7,ON SCHEDULE,27,0,04.07.2026,06.06.2026,26.06.2026,29.06.2026,01.07.2026,03.07.2026,03.07.2026,,S001,WH KLS JABABEKA
I100260602L083_S001,CDD PICK UP,350000,0,0,0,0,0,350000,S001 - WH KLS JABABEKA,PT. Nusantara Cargo Line,7,ON SCHEDULE,27,0,07.07.2026,09.06.2026,26.06.2026,29.06.2026,01.07.2026,02.07.2026,02.07.2026,,S001,WH KLS JABABEKA
I100260602L083_S001,CDD PICK UP,350000,0,0,0,0,0,350000,S001 - WH KLS JABABEKA,PT. Nusantara Cargo Line,7,ON SCHEDULE,27,0,07.07.2026,09.06.2026,26.06.2026,29.06.2026,01.07.2026,02.07.2026,02.07.2026,,S001,WH KLS JABABEKA
I100260602L084_S001,CDD PICK UP,275000,0,0,0,0,0,275000,S001 - WH KLS JABABEKA,PT. Nusantara Cargo Line,7,ON SCHEDULE,27,0,04.07.2026,06.06.2026,26.06.2026,29.06.2026,01.07.2026,02.07.2026,02.07.2026,,S001,WH KLS JABABEKA
I100260602L084_S001,CDD PICK UP,275000,0,0,0,0,0,275000,S001 - WH KLS JABABEKA,PT. Nusantara Cargo Line,7,ON SCHEDULE,27,0,04.07.2026,06.06.2026,26.06.2026,29.06.2026,01.07.2026,02.07.2026,02.07.2026,,S001,WH KLS JABABEKA
I100260602L085_S001,CDD PICK UP,645000,0,0,0,0,0,645000,S001 - WH KLS JABABEKA,PT. Nusantara Cargo Line,7,ON SCHEDULE,27,0,04.07.2026,06.06.2026,08.06.2026,25.06.2026,26.06.2026,29.06.2026,29.06.2026,,S001,WH KLS JABABEKA
I100260602L085_S001,CDD PICK UP,645000,0,0,0,0,0,645000,S001 - WH KLS JABABEKA,PT. Nusantara Cargo Line,7,ON SCHEDULE,27,0,04.07.2026,06.06.2026,08.06.2026,25.06.2026,26.06.2026,29.06.2026,29.06.2026,,S001,WH KLS JABABEKA
I100260602L086_S001,CDD PICK UP,225000,0,0,0,0,0,225000,S001 - WH KLS JABABEKA,PT. Nusantara Cargo Line,7,ON SCHEDULE,27,0,04.07.2026,06.06.2026,18.06.2026,19.06.2026,23.06.2026,25.06.2026,25.06.2026,,S001,WH KLS JABABEKA
I100260602L086_S001,CDD PICK UP,225000,0,0,0,0,0,225000,S001 - WH KLS JABABEKA,PT. Nusantara Cargo Line,7,ON SCHEDULE,27,0,04.07.2026,06.06.2026,18.06.2026,19.06.2026,23.06.2026,25.06.2026,25.06.2026,,S001,WH KLS JABABEKA
I100260602L087_S001,CDD PICK UP,504000,0,0,0,0,0,504000,S001 - WH KLS JABABEKA,PT. Nusantara Cargo Line,6,LATE,27,55,07.07.2026,09.06.2026,15.07.2026,23.07.2026,24.07.2026,28.07.2026,28.07.2026,,S001,WH KLS JABABEKA
I100260602L087_S001,CDD PICK UP,504000,0,0,0,0,0,504000,S001 - WH KLS JABABEKA,PT. Nusantara Cargo Line,6,LATE,27,55,07.07.2026,09.06.2026,15.07.2026,23.07.2026,24.07.2026,28.07.2026,28.07.2026,,S001,WH KLS JABABEKA
I100260602L088_S001,CDD PICK UP,341000,0,0,0,0,0,341000,S001 - WH KLS JABABEKA,PT. Nusantara Cargo Line,7,ON SCHEDULE,27,0,07.07.2026,09.06.2026,26.06.2026,29.06.2026,01.07.2026,02.07.2026,02.07.2026,,S001,WH KLS JABABEKA
I100260602L088_S001,CDD PICK UP,341000,0,0,0,0,0,341000,S001 - WH KLS JABABEKA,PT. Nusantara Cargo Line,7,ON SCHEDULE,27,0,07.07.2026,09.06.2026,26.06.2026,29.06.2026,01.07.2026,02.07.2026,02.07.2026,,S001,WH KLS JABABEKA
I100260602L089_S001,CDD PICK UP,250000,0,0,0,0,0,250000,S001 - WH KLS JABABEKA,PT. Nusantara Cargo Line,7,ON SCHEDULE,27,0,04.07.2026,06.06.2026,26.06.2026,29.06.2026,01.07.2026,03.07.2026,03.07.2026,,S001,WH KLS JABABEKA
I100260602L089_S001,CDD PICK UP,250000,0,0,0,0,0,250000,S001 - WH KLS JABABEKA,PT. Nusantara Cargo Line,7,ON SCHEDULE,27,0,04.07.2026,06.06.2026,26.06.2026,29.06.2026,01.07.2026,03.07.2026,03.07.2026,,S001,WH KLS JABABEKA
I100260602L090_S001,CDD PICK UP,0,0,0,0,0,0,0,S001 - WH KLS JABABEKA,PT. Nusantara Cargo Line,2,LATE,7,55,17.06.2026,09.06.2026,13.07.2026,,,,,,S001,WH KLS JABABEKA
I100260602L091_S001,CDD PICK UP,1339000,0,0,0,0,0,1339000,S001 - WH KLS JABABEKA,PT. Nusantara Cargo Line,7,ON SCHEDULE,27,0,04.07.2026,06.06.2026,26.06.2026,29.06.2026,01.07.2026,02.07.2026,02.07.2026,,S001,WH KLS JABABEKA
I100260602L091_S001,CDD PICK UP,1339000,0,0,0,0,0,1339000,S001 - WH KLS JABABEKA,PT. Nusantara Cargo Line,7,ON SCHEDULE,27,0,04.07.2026,06.06.2026,26.06.2026,29.06.2026,01.07.2026,02.07.2026,02.07.2026,,S001,WH KLS JABABEKA
I100260602L092_S001,CDD PICK UP,467500,0,0,0,0,0,467500,S001 - WH KLS JABABEKA,PT. Nusantara Cargo Line,7,ON SCHEDULE,27,0,04.07.2026,06.06.2026,18.06.2026,19.06.2026,23.06.2026,25.06.2026,25.06.2026,,S001,WH KLS JABABEKA
I100260602L092_S001,CDD PICK UP,467500,0,0,0,0,0,467500,S001 - WH KLS JABABEKA,PT. Nusantara Cargo Line,7,ON SCHEDULE,27,0,04.07.2026,06.06.2026,18.06.2026,19.06.2026,23.06.2026,25.06.2026,25.06.2026,,S001,WH KLS JABABEKA
I100260602L093_S001,CDD PICK UP,325000,0,0,0,0,0,325000,S001 - WH KLS JABABEKA,PT. Nusantara Cargo Line,7,ON SCHEDULE,27,0,04.07.2026,06.06.2026,26.06.2026,29.06.2026,01.07.2026,02.07.2026,02.07.2026,,S001,WH KLS JABABEKA
I100260602L093_S001,CDD PICK UP,325000,0,0,0,0,0,325000,S001 - WH KLS JABABEKA,PT. Nusantara Cargo Line,7,ON SCHEDULE,27,0,04.07.2026,06.06.2026,26.06.2026,29.06.2026,01.07.2026,02.07.2026,02.07.2026,,S001,WH KLS JABABEKA
I100260602L094_S001,CDD PICK UP,275000,0,0,0,0,0,275000,S001 - WH KLS JABABEKA,PT. Nusantara Cargo Line,7,ON SCHEDULE,27,0,04.07.2026,06.06.2026,18.06.2026,19.06.2026,23.06.2026,25.06.2026,25.06.2026,,S001,WH KLS JABABEKA
I100260602L094_S001,CDD PICK UP,275000,0,0,0,0,0,275000,S001 - WH KLS JABABEKA,PT. Nusantara Cargo Line,7,ON SCHEDULE,27,0,04.07.2026,06.06.2026,18.06.2026,19.06.2026,23.06.2026,25.06.2026,25.06.2026,,S001,WH KLS JABABEKA
I100260602L095_S001,CDD PICK UP,300000,0,0,0,0,0,300000,S001 - WH KLS JABABEKA,PT. Nusantara Cargo Line,7,ON SCHEDULE,27,0,07.07.2026,09.06.2026,26.06.2026,29.06.2026,01.07.2026,03.07.2026,03.07.2026,,S001,WH KLS JABABEKA
I100260602L095_S001,CDD PICK UP,300000,0,0,0,0,0,300000,S001 - WH KLS JABABEKA,PT. Nusantara Cargo Line,7,ON SCHEDULE,27,0,07.07.2026,09.06.2026,26.06.2026,29.06.2026,01.07.2026,03.07.2026,03.07.2026,,S001,WH KLS JABABEKA
I100260602L096_S001,CDD PICK UP,275000,0,0,0,0,0,275000,S001 - WH KLS JABABEKA,PT. Nusantara Cargo Line,7,ON SCHEDULE,27,0,07.07.2026,09.06.2026,26.06.2026,29.06.2026,01.07.2026,03.07.2026,03.07.2026,,S001,WH KLS JABABEKA
I100260602L096_S001,CDD PICK UP,275000,0,0,0,0,0,275000,S001 - WH KLS JABABEKA,PT. Nusantara Cargo Line,7,ON SCHEDULE,27,0,07.07.2026,09.06.2026,26.06.2026,29.06.2026,01.07.2026,03.07.2026,03.07.2026,,S001,WH KLS JABABEKA
I100260602L097_S001,CDD PICK UP,1012000,0,0,0,0,0,1012000,S001 - WH KLS JABABEKA,PT. Nusantara Cargo Line,7,ON SCHEDULE,27,0,07.07.2026,09.06.2026,26.06.2026,29.06.2026,01.07.2026,02.07.2026,02.07.2026,,S001,WH KLS JABABEKA
I100260602L097_S001,CDD PICK UP,1012000,0,0,0,0,0,1012000,S001 - WH KLS JABABEKA,PT. Nusantara Cargo Line,7,ON SCHEDULE,27,0,07.07.2026,09.06.2026,26.06.2026,29.06.2026,01.07.2026,02.07.2026,02.07.2026,,S001,WH KLS JABABEKA
I100260602L098_S001,CDD PICK UP,451000,0,0,0,0,0,451000,S001 - WH KLS JABABEKA,PT. Nusantara Cargo Line,7,ON SCHEDULE,27,0,08.07.2026,10.06.2026,18.06.2026,19.06.2026,23.06.2026,25.06.2026,25.06.2026,,S001,WH KLS JABABEKA
I100260602L098_S001,CDD PICK UP,451000,0,0,0,0,0,451000,S001 - WH KLS JABABEKA,PT. Nusantara Cargo Line,7,ON SCHEDULE,27,0,08.07.2026,10.06.2026,18.06.2026,19.06.2026,23.06.2026,25.06.2026,25.06.2026,,S001,WH KLS JABABEKA
I100260602L099_S001,CDD PICK UP,0,0,0,0,0,0,0,S001 - WH KLS JABABEKA,PT. Nusantara Cargo Line,2,LATE,7,56,17.06.2026,09.06.2026,26.06.2026,,,,,,S001,WH KLS JABABEKA
I100260602L100_S001,CDE PICKUP,2535000,0,0,0,0,0,2535000,S001 - WH KLS JABABEKA,PT. MERPATI ALAM SEMESTA,4,LATE,15,62,19.06.2026,03.06.2026,26.06.2026,27.07.2026,29.07.2026,,,,S001,WH KLS JABABEKA
I100260602L100_S001,CDE PICKUP,2535000,0,0,0,0,0,2535000,S001 - WH KLS JABABEKA,PT. MERPATI ALAM SEMESTA,4,LATE,15,62,19.06.2026,03.06.2026,26.06.2026,27.07.2026,29.07.2026,,,,S001,WH KLS JABABEKA
I100260602L102_S001,CDE PICKUP,0,0,0,0,0,0,0,S001 - WH KLS JABABEKA,PT. MERPATI ALAM SEMESTA,2,LATE,7,62,11.06.2026,03.06.2026,12.06.2026,,,,,,S001,WH KLS JABABEKA
I100260602L103_S001,CDE PICKUP,2040000,0,0,0,0,0,2040000,S001 - WH KLS JABABEKA,PT. MERPATI ALAM SEMESTA,4,LATE,15,62,19.06.2026,03.06.2026,26.06.2026,28.07.2026,29.07.2026,,,,S001,WH KLS JABABEKA
I100260602L103_S001,CDE PICKUP,2040000,0,0,0,0,0,2040000,S001 - WH KLS JABABEKA,PT. MERPATI ALAM SEMESTA,4,LATE,15,62,19.06.2026,03.06.2026,26.06.2026,28.07.2026,29.07.2026,,,,S001,WH KLS JABABEKA
I100260602L104_S001,CDD PICK UP,607500,0,0,0,0,0,607500,S001 - WH KLS JABABEKA,PT. MERPATI ALAM SEMESTA,4,LATE,15,62,19.06.2026,03.06.2026,26.06.2026,27.07.2026,29.07.2026,,,,S001,WH KLS JABABEKA
I100260602L104_S001,CDD PICK UP,607500,0,0,0,0,0,607500,S001 - WH KLS JABABEKA,PT. MERPATI ALAM SEMESTA,4,LATE,15,62,19.06.2026,03.06.2026,26.06.2026,27.07.2026,29.07.2026,,,,S001,WH KLS JABABEKA
I100260602L105_S001,CDD PICK UP,0,0,0,0,0,0,0,S001 - WH KLS JABABEKA,PT. MERPATI ALAM SEMESTA,2,LATE,7,62,11.06.2026,03.06.2026,26.06.2026,,,,,,S001,WH KLS JABABEKA
I100260602L116_S001,MINI VAN BOX,0,0,0,0,0,0,0,S001 - WH KLS JABABEKA,FIRST LOGISTICS,2,LATE,7,62,11.06.2026,03.06.2026,14.06.2026,,,,,,S001,WH KLS JABABEKA
I100260602L117_S001,MINI VAN BOX,0,0,0,0,0,0,0,S001 - WH KLS JABABEKA,FIRST LOGISTICS,2,LATE,7,62,11.06.2026,03.06.2026,14.06.2026,,,,,,S001,WH KLS JABABEKA
I100260602L118_S001,MINI VAN BOX,0,0,0,0,0,0,0,S001 - WH KLS JABABEKA,FIRST LOGISTICS,2,LATE,7,62,11.06.2026,03.06.2026,14.07.2026,,,,,,S001,WH KLS JABABEKA
I100260602L120_S001,MINI VAN BOX,0,0,0,0,0,0,0,S001 - WH KLS JABABEKA,FIRST LOGISTICS,2,LATE,7,60,12.06.2026,04.06.2026,14.07.2026,,,,,,S001,WH KLS JABABEKA
I100260602L122_S001,MINI VAN BOX,0,0,0,0,0,0,0,S001 - WH KLS JABABEKA,FIRST LOGISTICS,2,LATE,7,60,12.06.2026,04.06.2026,14.07.2026,,,,,,S001,WH KLS JABABEKA
I100260602T026_S001,WINGBOX,5650000,0,0,0,0,0,5650000,S001 - WH KLS JABABEKA,PT. DUTA MEDIA MANDIRI,7,ON SCHEDULE,29,0,04.07.2026,04.06.2026,06.06.2026,08.06.2026,08.06.2026,10.06.2026,11.06.2026,,S001,WH KLS JABABEKA
I100260603L011_S001,FUSO,8968000,0,0,0,0,0,8968000,S001 - WH KLS JABABEKA,BEPA IKA PEKASA,6,LATE,27,58,04.07.2026,06.06.2026,14.07.2026,20.07.2026,24.07.2026,24.07.2026,29.07.2026,,S001,WH KLS JABABEKA
I100260603L012_S001,FUSO,441000,0,0,0,0,0,441000,S001 - WH KLS JABABEKA,BEPA IKA PEKASA,6,LATE,27,58,04.07.2026,06.06.2026,14.07.2026,20.07.2026,24.07.2026,24.07.2026,29.07.2026,,S001,WH KLS JABABEKA
I100260603L013_S001,FUSO,3477300,0,0,0,0,0,3477300,S001 - WH KLS JABABEKA,BEPA IKA PEKASA,6,LATE,27,58,04.07.2026,06.06.2026,14.07.2026,20.07.2026,24.07.2026,24.07.2026,29.07.2026,,S001,WH KLS JABABEKA
I100260603L014_S001,FUSO,750000,0,0,0,0,0,750000,S001 - WH KLS JABABEKA,BEPA IKA PEKASA,6,LATE,27,58,04.07.2026,06.06.2026,14.07.2026,20.07.2026,24.07.2026,24.07.2026,29.07.2026,,S001,WH KLS JABABEKA
I100260603L022_S001,CONT-20,15300000,0,0,0,0,0,15300000,S001 - WH KLS JABABEKA,PT. SENTOSA PRIMA ABADI,6,LATE,40,61,14.07.2026,03.06.2026,19.06.2026,13.07.2026,14.07.2026,24.07.2026,24.07.2026,,S001,WH KLS JABABEKA
I100260603L023_S001,CDD BAK,5100000,0,0,0,1100000,0,6200000,S001 - WH KLS JABABEKA,PT. HARI JAYA SEJAHTERA,7,ON SCHEDULE,29,0,03.07.2026,03.06.2026,06.06.2026,12.06.2026,14.06.2026,15.06.2026,19.06.2026,,S001,WH KLS JABABEKA
I100260603L023_S001,CDD BAK,5100000,0,0,0,1100000,0,6200000,S001 - WH KLS JABABEKA,PT. HARI JAYA SEJAHTERA,7,ON SCHEDULE,29,0,03.07.2026,03.06.2026,06.06.2026,12.06.2026,14.06.2026,15.06.2026,19.06.2026,,S001,WH KLS JABABEKA
I100260603L023_S001,CDD BAK,5100000,0,0,0,1100000,0,6200000,S001 - WH KLS JABABEKA,PT. HARI JAYA SEJAHTERA,7,ON SCHEDULE,29,0,03.07.2026,03.06.2026,06.06.2026,12.06.2026,14.06.2026,15.06.2026,19.06.2026,,S001,WH KLS JABABEKA
I100260603L024_S001,CDD BAK,5300000,0,0,0,800000,0,6100000,S001 - WH KLS JABABEKA,PT. EKA CIPTA MANGGALA,7,ON SCHEDULE,29,0,03.07.2026,03.06.2026,06.06.2026,11.06.2026,14.06.2026,15.06.2026,15.06.2026,,S001,WH KLS JABABEKA
I100260603L024_S001,CDD BAK,5300000,0,0,0,800000,0,6100000,S001 - WH KLS JABABEKA,PT. EKA CIPTA MANGGALA,7,ON SCHEDULE,29,0,03.07.2026,03.06.2026,06.06.2026,11.06.2026,14.06.2026,15.06.2026,15.06.2026,,S001,WH KLS JABABEKA
I100260603L024_S001,CDD BAK,5300000,0,0,0,800000,0,6100000,S001 - WH KLS JABABEKA,PT. EKA CIPTA MANGGALA,7,ON SCHEDULE,29,0,03.07.2026,03.06.2026,06.06.2026,11.06.2026,14.06.2026,15.06.2026,15.06.2026,,S001,WH KLS JABABEKA
I100260603L024_S001,CDD BAK,5300000,0,0,0,800000,0,6100000,S001 - WH KLS JABABEKA,PT. EKA CIPTA MANGGALA,7,ON SCHEDULE,29,0,03.07.2026,03.06.2026,06.06.2026,11.06.2026,14.06.2026,15.06.2026,15.06.2026,,S001,WH KLS JABABEKA
I100260603L025_S001,CDD BAK,3421969,0,0,0,1000000,0,4421969,S001 - WH KLS JABABEKA,PT. HARI JAYA TRANSPORTASI,7,ON SCHEDULE,28,0,02.07.2026,03.06.2026,05.06.2026,02.07.2026,03.07.2026,03.07.2026,03.07.2026,,S001,WH KLS JABABEKA
I100260603L025_S001,CDD BAK,3421969,0,0,0,1000000,0,4421969,S001 - WH KLS JABABEKA,PT. HARI JAYA TRANSPORTASI,7,ON SCHEDULE,28,0,02.07.2026,03.06.2026,05.06.2026,02.07.2026,03.07.2026,03.07.2026,03.07.2026,,S001,WH KLS JABABEKA
I100260603L025_S001,CDD BAK,3421969,0,0,0,1000000,0,4421969,S001 - WH KLS JABABEKA,PT. HARI JAYA TRANSPORTASI,7,ON SCHEDULE,28,0,02.07.2026,03.06.2026,05.06.2026,02.07.2026,03.07.2026,03.07.2026,03.07.2026,,S001,WH KLS JABABEKA
I100260603L025_S001,CDD BAK,3421969,0,0,0,1000000,0,4421969,S001 - WH KLS JABABEKA,PT. HARI JAYA TRANSPORTASI,7,ON SCHEDULE,28,0,02.07.2026,03.06.2026,05.06.2026,02.07.2026,03.07.2026,03.07.2026,03.07.2026,,S001,WH KLS JABABEKA
I100260603L025_S001,CDD BAK,3421969,0,0,0,1000000,0,4421969,S001 - WH KLS JABABEKA,PT. HARI JAYA TRANSPORTASI,7,ON SCHEDULE,28,0,02.07.2026,03.06.2026,05.06.2026,02.07.2026,03.07.2026,03.07.2026,03.07.2026,,S001,WH KLS JABABEKA
I100260603L025_S001,CDD BAK,3421969,0,0,0,1000000,0,4421969,S001 - WH KLS JABABEKA,PT. HARI JAYA TRANSPORTASI,7,ON SCHEDULE,28,0,02.07.2026,03.06.2026,05.06.2026,02.07.2026,03.07.2026,03.07.2026,03.07.2026,,S001,WH KLS JABABEKA
I100260603L025_S001,CDD BAK,3421969,0,0,0,1000000,0,4421969,S001 - WH KLS JABABEKA,PT. HARI JAYA TRANSPORTASI,7,ON SCHEDULE,28,0,02.07.2026,03.06.2026,05.06.2026,02.07.2026,03.07.2026,03.07.2026,03.07.2026,,S001,WH KLS JABABEKA
I100260603L026_S001,CDD BAK,6900000,0,0,0,0,0,6900000,S001 - WH KLS JABABEKA,BINTANG SAMUDERA,7,ON SCHEDULE,29,0,03.07.2026,03.06.2026,08.06.2026,29.06.2026,01.07.2026,01.07.2026,01.07.2026,,S001,WH KLS JABABEKA
I100260603L027_S001,CDD BAK,4500000,0,0,0,1900000,0,6400000,S001 - WH KLS JABABEKA,PT. HARI JAYA SEJAHTERA,7,ON SCHEDULE,29,0,03.07.2026,03.06.2026,06.06.2026,12.06.2026,14.06.2026,15.06.2026,19.06.2026,,S001,WH KLS JABABEKA
I100260603L027_S001,CDD BAK,4500000,0,0,0,1900000,0,6400000,S001 - WH KLS JABABEKA,PT. HARI JAYA SEJAHTERA,7,ON SCHEDULE,29,0,03.07.2026,03.06.2026,06.06.2026,12.06.2026,14.06.2026,15.06.2026,19.06.2026,,S001,WH KLS JABABEKA
I100260603L027_S001,CDD BAK,4500000,0,0,0,1900000,0,6400000,S001 - WH KLS JABABEKA,PT. HARI JAYA SEJAHTERA,7,ON SCHEDULE,29,0,03.07.2026,03.06.2026,06.06.2026,12.06.2026,14.06.2026,15.06.2026,19.06.2026,,S001,WH KLS JABABEKA
I100260603L027_S001,CDD BAK,4500000,0,0,0,1900000,0,6400000,S001 - WH KLS JABABEKA,PT. HARI JAYA SEJAHTERA,7,ON SCHEDULE,29,0,03.07.2026,03.06.2026,06.06.2026,12.06.2026,14.06.2026,15.06.2026,19.06.2026,,S001,WH KLS JABABEKA
I100260603L048_S001,CDD PICK UP,350000,0,0,0,0,0,350000,S001 - WH KLS JABABEKA,PT. Nusantara Cargo Line,7,ON SCHEDULE,27,0,07.07.2026,09.06.2026,26.06.2026,29.06.2026,01.07.2026,03.07.2026,03.07.2026,,S001,WH KLS JABABEKA
I100260603L048_S001,CDD PICK UP,350000,0,0,0,0,0,350000,S001 - WH KLS JABABEKA,PT. Nusantara Cargo Line,7,ON SCHEDULE,27,0,07.07.2026,09.06.2026,26.06.2026,29.06.2026,01.07.2026,03.07.2026,03.07.2026,,S001,WH KLS JABABEKA
I100260603L049_S001,CDD PICK UP,787500,0,0,0,0,0,787500,S001 - WH KLS JABABEKA,PT. Nusantara Cargo Line,7,ON SCHEDULE,27,0,07.07.2026,09.06.2026,09.06.2026,25.06.2026,26.06.2026,29.06.2026,29.06.2026,,S001,WH KLS JABABEKA
I100260603L049_S001,CDD PICK UP,787500,0,0,0,0,0,787500,S001 - WH KLS JABABEKA,PT. Nusantara Cargo Line,7,ON SCHEDULE,27,0,07.07.2026,09.06.2026,09.06.2026,25.06.2026,26.06.2026,29.06.2026,29.06.2026,,S001,WH KLS JABABEKA
I100260603L050_S001,FUSO,838500,0,0,0,0,0,838500,S001 - WH KLS JABABEKA,BEPA IKA PEKASA,6,LATE,27,58,04.07.2026,06.06.2026,18.06.2026,14.07.2026,16.07.2026,24.07.2026,29.07.2026,,S001,WH KLS JABABEKA
I100260603L051_S001,CDD PICK UP,0,0,0,0,0,0,0,S001 - WH KLS JABABEKA,PT. Nusantara Cargo Line,2,LATE,7,56,17.06.2026,09.06.2026,26.06.2026,,,,,,S001,WH KLS JABABEKA
I100260603L052_S001,CDD PICK UP,0,0,0,0,0,0,0,S001 - WH KLS JABABEKA,PT. Nusantara Cargo Line,2,LATE,7,56,17.06.2026,09.06.2026,26.06.2026,,,,,,S001,WH KLS JABABEKA
I100260603L053_S001,CDD PICK UP,2513500,0,0,0,0,0,2513500,S001 - WH KLS JABABEKA,PT. Nusantara Cargo Line,7,ON SCHEDULE,27,0,07.07.2026,09.06.2026,26.06.2026,29.06.2026,01.07.2026,02.07.2026,02.07.2026,,S001,WH KLS JABABEKA
I100260603L053_S001,CDD PICK UP,2513500,0,0,0,0,0,2513500,S001 - WH KLS JABABEKA,PT. Nusantara Cargo Line,7,ON SCHEDULE,27,0,07.07.2026,09.06.2026,26.06.2026,29.06.2026,01.07.2026,02.07.2026,02.07.2026,,S001,WH KLS JABABEKA
I100260603L054_S001,CDD PICK UP,750000,0,0,0,0,0,750000,S001 - WH KLS JABABEKA,PT. Nusantara Cargo Line,7,ON SCHEDULE,27,0,07.07.2026,09.06.2026,18.06.2026,19.06.2026,23.06.2026,25.06.2026,25.06.2026,,S001,WH KLS JABABEKA
I100260603L054_S001,CDD PICK UP,750000,0,0,0,0,0,750000,S001 - WH KLS JABABEKA,PT. Nusantara Cargo Line,7,ON SCHEDULE,27,0,07.07.2026,09.06.2026,18.06.2026,19.06.2026,23.06.2026,25.06.2026,25.06.2026,,S001,WH KLS JABABEKA
I100260603L055_S001,CDD PICK UP,6104000,0,0,0,0,0,6104000,S001 - WH KLS JABABEKA,PT. Nusantara Cargo Line,6,LATE,27,56,07.07.2026,09.06.2026,26.06.2026,13.07.2026,14.07.2026,23.07.2026,23.07.2026,,S001,WH KLS JABABEKA
I100260603L055_S001,CDD PICK UP,6104000,0,0,0,0,0,6104000,S001 - WH KLS JABABEKA,PT. Nusantara Cargo Line,6,LATE,27,56,07.07.2026,09.06.2026,26.06.2026,13.07.2026,14.07.2026,23.07.2026,23.07.2026,,S001,WH KLS JABABEKA
I100260603L056_S001,CDD PICK UP,325000,0,0,0,0,0,325000,S001 - WH KLS JABABEKA,PT. Nusantara Cargo Line,7,ON SCHEDULE,27,0,07.07.2026,09.06.2026,26.06.2026,29.06.2026,01.07.2026,02.07.2026,02.07.2026,,S001,WH KLS JABABEKA
I100260603L056_S001,CDD PICK UP,325000,0,0,0,0,0,325000,S001 - WH KLS JABABEKA,PT. Nusantara Cargo Line,7,ON SCHEDULE,27,0,07.07.2026,09.06.2026,26.06.2026,29.06.2026,01.07.2026,02.07.2026,02.07.2026,,S001,WH KLS JABABEKA
I100260603L057_S001,CDD PICK UP,0,0,0,0,0,0,0,S001 - WH KLS JABABEKA,PT. Nusantara Cargo Line,2,LATE,7,56,17.06.2026,09.06.2026,09.06.2026,,,,,,S001,WH KLS JABABEKA
I100260603L058_S001,CDD PICK UP,0,0,0,0,0,0,0,S001 - WH KLS JABABEKA,PT. Nusantara Cargo Line,2,LATE,7,56,17.06.2026,09.06.2026,26.06.2026,,,,,,S001,WH KLS JABABEKA
I100260603L059_S001,CDD PICK UP,824000,0,0,0,0,0,824000,S001 - WH KLS JABABEKA,PT. Nusantara Cargo Line,7,ON SCHEDULE,27,0,07.07.2026,09.06.2026,28.06.2026,30.06.2026,01.07.2026,01.07.2026,01.07.2026,,S001,WH KLS JABABEKA
I100260603L059_S001,CDD PICK UP,824000,0,0,0,0,0,824000,S001 - WH KLS JABABEKA,PT. Nusantara Cargo Line,7,ON SCHEDULE,27,0,07.07.2026,09.06.2026,28.06.2026,30.06.2026,01.07.2026,01.07.2026,01.07.2026,,S001,WH KLS JABABEKA
I100260603L060_S001,CDD PICK UP,275000,0,0,0,0,0,275000,S001 - WH KLS JABABEKA,PT. Nusantara Cargo Line,7,ON SCHEDULE,27,0,07.07.2026,09.06.2026,09.06.2026,25.06.2026,26.06.2026,29.06.2026,29.06.2026,,S001,WH KLS JABABEKA
I100260603L060_S001,CDD PICK UP,275000,0,0,0,0,0,275000,S001 - WH KLS JABABEKA,PT. Nusantara Cargo Line,7,ON SCHEDULE,27,0,07.07.2026,09.06.2026,09.06.2026,25.06.2026,26.06.2026,29.06.2026,29.06.2026,,S001,WH KLS JABABEKA
I100260603L062_S001,CDD PICK UP,275000,0,0,0,0,0,275000,S001 - WH KLS JABABEKA,PT. Nusantara Cargo Line,7,ON SCHEDULE,27,0,06.07.2026,08.06.2026,28.06.2026,30.06.2026,01.07.2026,01.07.2026,01.07.2026,,S001,WH KLS JABABEKA
I100260603L062_S001,CDD PICK UP,275000,0,0,0,0,0,275000,S001 - WH KLS JABABEKA,PT. Nusantara Cargo Line,7,ON SCHEDULE,27,0,06.07.2026,08.06.2026,28.06.2026,30.06.2026,01.07.2026,01.07.2026,01.07.2026,,S001,WH KLS JABABEKA
I100260603L063_S001,CDD PICK UP,275000,0,0,0,0,0,275000,S001 - WH KLS JABABEKA,PT. Nusantara Cargo Line,7,ON SCHEDULE,27,0,07.07.2026,09.06.2026,18.06.2026,19.06.2026,23.06.2026,25.06.2026,25.06.2026,,S001,WH KLS JABABEKA
I100260603L063_S001,CDD PICK UP,275000,0,0,0,0,0,275000,S001 - WH KLS JABABEKA,PT. Nusantara Cargo Line,7,ON SCHEDULE,27,0,07.07.2026,09.06.2026,18.06.2026,19.06.2026,23.06.2026,25.06.2026,25.06.2026,,S001,WH KLS JABABEKA
I100260603L064_S001,CDD PICK UP,275000,0,0,0,0,0,275000,S001 - WH KLS JABABEKA,PT. Nusantara Cargo Line,7,ON SCHEDULE,27,0,07.07.2026,09.06.2026,28.06.2026,29.06.2026,01.07.2026,02.07.2026,02.07.2026,,S001,WH KLS JABABEKA
I100260603L064_S001,CDD PICK UP,275000,0,0,0,0,0,275000,S001 - WH KLS JABABEKA,PT. Nusantara Cargo Line,7,ON SCHEDULE,27,0,07.07.2026,09.06.2026,28.06.2026,29.06.2026,01.07.2026,02.07.2026,02.07.2026,,S001,WH KLS JABABEKA
I100260603L065_S001,CDD PICK UP,330000,0,0,0,0,0,330000,S001 - WH KLS JABABEKA,PT. Nusantara Cargo Line,7,ON SCHEDULE,27,0,07.07.2026,09.06.2026,28.06.2026,30.06.2026,01.07.2026,01.07.2026,01.07.2026,,S001,WH KLS JABABEKA
I100260603L065_S001,CDD PICK UP,330000,0,0,0,0,0,330000,S001 - WH KLS JABABEKA,PT. Nusantara Cargo Line,7,ON SCHEDULE,27,0,07.07.2026,09.06.2026,28.06.2026,30.06.2026,01.07.2026,01.07.2026,01.07.2026,,S001,WH KLS JABABEKA
I100260603L067_S001,CDD PICK UP,994000,0,0,0,0,0,994000,S001 - WH KLS JABABEKA,PT. Nusantara Cargo Line,6,LATE,27,54,08.07.2026,10.06.2026,28.06.2026,13.07.2026,14.07.2026,21.07.2026,21.07.2026,,S001,WH KLS JABABEKA
I100260603L067_S001,CDD PICK UP,994000,0,0,0,0,0,994000,S001 - WH KLS JABABEKA,PT. Nusantara Cargo Line,6,LATE,27,54,08.07.2026,10.06.2026,28.06.2026,13.07.2026,14.07.2026,21.07.2026,21.07.2026,,S001,WH KLS JABABEKA
I100260603L068_S001,CDD PICK UP,675000,0,0,0,0,0,675000,S001 - WH KLS JABABEKA,PT. Nusantara Cargo Line,7,ON SCHEDULE,27,0,08.07.2026,10.06.2026,28.06.2026,30.06.2026,01.07.2026,01.07.2026,01.07.2026,,S001,WH KLS JABABEKA
I100260603L068_S001,CDD PICK UP,675000,0,0,0,0,0,675000,S001 - WH KLS JABABEKA,PT. Nusantara Cargo Line,7,ON SCHEDULE,27,0,08.07.2026,10.06.2026,28.06.2026,30.06.2026,01.07.2026,01.07.2026,01.07.2026,,S001,WH KLS JABABEKA
I100260603L069_S001,CDD PICK UP,325000,0,0,0,0,0,325000,S001 - WH KLS JABABEKA,PT. Nusantara Cargo Line,7,ON SCHEDULE,27,0,07.07.2026,09.06.2026,28.06.2026,30.06.2026,01.07.2026,01.07.2026,01.07.2026,,S001,WH KLS JABABEKA
I100260603L069_S001,CDD PICK UP,325000,0,0,0,0,0,325000,S001 - WH KLS JABABEKA,PT. Nusantara Cargo Line,7,ON SCHEDULE,27,0,07.07.2026,09.06.2026,28.06.2026,30.06.2026,01.07.2026,01.07.2026,01.07.2026,,S001,WH KLS JABABEKA
I100260603L087_S001,FUSO LOSBAK,10000000,0,0,0,4500000,0,14500000,S001 - WH KLS JABABEKA,CV. BANGUN JASA TRANS,7,ON SCHEDULE,27,0,01.07.2026,03.06.2026,05.06.2026,09.07.2026,14.07.2026,15.07.2026,15.07.2026,,S001,WH KLS JABABEKA
I100260603L093_S001,MINI VAN BOX,0,0,0,0,0,0,0,S001 - WH KLS JABABEKA,FIRST LOGISTICS,2,LATE,7,58,14.06.2026,06.06.2026,14.07.2026,,,,,,S001,WH KLS JABABEKA
I100260603L094_S001,MINI VAN BOX,0,0,0,0,0,0,0,S001 - WH KLS JABABEKA,FIRST LOGISTICS,2,LATE,7,58,14.06.2026,06.06.2026,14.07.2026,,,,,,S001,WH KLS JABABEKA
I100260603L095_S001,MINI VAN BOX,0,0,0,0,0,0,0,S001 - WH KLS JABABEKA,FIRST LOGISTICS,2,LATE,7,55,17.06.2026,09.06.2026,14.07.2026,,,,,,S001,WH KLS JABABEKA
I100260603L096_S001,MINI VAN BOX,0,0,0,0,0,0,0,S001 - WH KLS JABABEKA,FIRST LOGISTICS,2,LATE,7,58,14.06.2026,06.06.2026,14.07.2026,,,,,,S001,WH KLS JABABEKA
I100260603L097_S001,MINI VAN BOX,0,0,0,0,0,0,0,S001 - WH KLS JABABEKA,FIRST LOGISTICS,2,LATE,7,58,14.06.2026,06.06.2026,14.07.2026,,,,,,S001,WH KLS JABABEKA
I100260603L098_S001,MINI VAN BOX,0,0,0,0,0,0,0,S001 - WH KLS JABABEKA,FIRST LOGISTICS,2,LATE,7,58,14.06.2026,06.06.2026,14.07.2026,,,,,,S001,WH KLS JABABEKA
I100260603L099_S001,MINI VAN BOX,0,0,0,0,0,0,0,S001 - WH KLS JABABEKA,FIRST LOGISTICS,2,LATE,7,58,14.06.2026,06.06.2026,14.07.2026,,,,,,S001,WH KLS JABABEKA
I100260603L100_S001,MINI VAN BOX,0,0,0,0,0,0,0,S001 - WH KLS JABABEKA,FIRST LOGISTICS,2,LATE,7,58,14.06.2026,06.06.2026,14.07.2026,,,,,,S001,WH KLS JABABEKA
I100260603L101_S001,MINI VAN BOX,0,0,0,0,0,0,0,S001 - WH KLS JABABEKA,FIRST LOGISTICS,2,LATE,7,53,19.06.2026,11.06.2026,14.07.2026,,,,,,S001,WH KLS JABABEKA
I100260603L102_S001,MINI VAN BOX,0,0,0,0,0,0,0,S001 - WH KLS JABABEKA,FIRST LOGISTICS,2,LATE,7,58,14.06.2026,06.06.2026,14.07.2026,,,,,,S001,WH KLS JABABEKA
I100260603L103_S001,MINI VAN BOX,0,0,0,0,0,0,0,S001 - WH KLS JABABEKA,FIRST LOGISTICS,2,LATE,7,58,14.06.2026,06.06.2026,14.07.2026,,,,,,S001,WH KLS JABABEKA
I100260603L104_S001,FUSO,3470900,0,0,0,0,0,3470900,S001 - WH KLS JABABEKA,BEPA IKA PEKASA,6,LATE,27,58,04.07.2026,06.06.2026,14.07.2026,20.07.2026,24.07.2026,24.07.2026,29.07.2026,,S001,WH KLS JABABEKA
I100260603L105_S001,MINI VAN BOX,0,0,0,0,0,0,0,S001 - WH KLS JABABEKA,FIRST LOGISTICS,2,LATE,9,58,16.06.2026,06.06.2026,14.07.2026,,,,,,S001,WH KLS JABABEKA
I100260603L106_S001,CDD PICK UP,0,0,0,0,0,0,0,S001 - WH KLS JABABEKA,PT. MERPATI ALAM SEMESTA,2,LATE,7,58,14.06.2026,06.06.2026,28.06.2026,,,,,,S001,WH KLS JABABEKA
I100260604L017_S001,TOWING,0,0,0,0,0,0,0,S001 - WH KLS JABABEKA,JASATAMA DIRGANTARA EXPRESS,2,LATE,7,59,13.06.2026,05.06.2026,24.07.2026,,,,,,S001,WH KLS JABABEKA
I100260604L018_S001,CDD BAK,4500000,0,0,0,0,0,4500000,S001 - WH KLS JABABEKA,PT. HARI JAYA SEJAHTERA,7,ON SCHEDULE,27,0,02.07.2026,04.06.2026,08.06.2026,12.06.2026,14.06.2026,15.06.2026,19.06.2026,,S001,WH KLS JABABEKA
I100260604L019_S001,CDD BAK,4100000,0,0,0,1200000,0,5300000,S001 - WH KLS JABABEKA,PT. EKA CIPTA MANGGALA,7,ON SCHEDULE,28,0,03.07.2026,04.06.2026,06.06.2026,11.06.2026,14.06.2026,15.06.2026,15.06.2026,,S001,WH KLS JABABEKA
I100260604L019_S001,CDD BAK,4100000,0,0,0,1200000,0,5300000,S001 - WH KLS JABABEKA,PT. EKA CIPTA MANGGALA,7,ON SCHEDULE,28,0,03.07.2026,04.06.2026,06.06.2026,11.06.2026,14.06.2026,15.06.2026,15.06.2026,,S001,WH KLS JABABEKA
I100260604L019_S001,CDD BAK,4100000,0,0,0,1200000,0,5300000,S001 - WH KLS JABABEKA,PT. EKA CIPTA MANGGALA,7,ON SCHEDULE,28,0,03.07.2026,04.06.2026,06.06.2026,11.06.2026,14.06.2026,15.06.2026,15.06.2026,,S001,WH KLS JABABEKA
I100260604L019_S001,CDD BAK,4100000,0,0,0,1200000,0,5300000,S001 - WH KLS JABABEKA,PT. EKA CIPTA MANGGALA,7,ON SCHEDULE,28,0,03.07.2026,04.06.2026,06.06.2026,11.06.2026,14.06.2026,15.06.2026,15.06.2026,,S001,WH KLS JABABEKA
I100260604L019_S001,CDD BAK,4100000,0,0,0,1200000,0,5300000,S001 - WH KLS JABABEKA,PT. EKA CIPTA MANGGALA,7,ON SCHEDULE,28,0,03.07.2026,04.06.2026,06.06.2026,11.06.2026,14.06.2026,15.06.2026,15.06.2026,,S001,WH KLS JABABEKA
I100260604L019_S001,CDD BAK,4100000,0,0,0,1200000,0,5300000,S001 - WH KLS JABABEKA,PT. EKA CIPTA MANGGALA,7,ON SCHEDULE,28,0,03.07.2026,04.06.2026,06.06.2026,11.06.2026,14.06.2026,15.06.2026,15.06.2026,,S001,WH KLS JABABEKA
I100260604L020_S001,CDD BAK,7500000,0,0,0,1000000,0,8500000,S001 - WH KLS JABABEKA,PT. EKA CIPTA MANGGALA,7,ON SCHEDULE,30,0,05.07.2026,04.06.2026,09.06.2026,12.06.2026,14.06.2026,15.06.2026,15.06.2026,,S001,WH KLS JABABEKA
I100260604L020_S001,CDD BAK,7500000,0,0,0,1000000,0,8500000,S001 - WH KLS JABABEKA,PT. EKA CIPTA MANGGALA,7,ON SCHEDULE,30,0,05.07.2026,04.06.2026,09.06.2026,12.06.2026,14.06.2026,15.06.2026,15.06.2026,,S001,WH KLS JABABEKA
I100260604L020_S001,CDD BAK,7500000,0,0,0,1000000,0,8500000,S001 - WH KLS JABABEKA,PT. EKA CIPTA MANGGALA,7,ON SCHEDULE,30,0,05.07.2026,04.06.2026,09.06.2026,12.06.2026,14.06.2026,15.06.2026,15.06.2026,,S001,WH KLS JABABEKA
I100260604L020_S001,CDD BAK,7500000,0,0,0,1000000,0,8500000,S001 - WH KLS JABABEKA,PT. EKA CIPTA MANGGALA,7,ON SCHEDULE,30,0,05.07.2026,04.06.2026,09.06.2026,12.06.2026,14.06.2026,15.06.2026,15.06.2026,,S001,WH KLS JABABEKA
I100260604L044_S001,CDD PICK UP,1770000,0,0,0,0,0,1770000,S001 - WH KLS JABABEKA,PT. MERPATI ALAM SEMESTA,4,LATE,15,60,20.06.2026,04.06.2026,09.07.2026,27.07.2026,29.07.2026,,,,S001,WH KLS JABABEKA
I100260604L044_S001,CDD PICK UP,1770000,0,0,0,0,0,1770000,S001 - WH KLS JABABEKA,PT. MERPATI ALAM SEMESTA,4,LATE,15,60,20.06.2026,04.06.2026,09.07.2026,27.07.2026,29.07.2026,,,,S001,WH KLS JABABEKA
I100260604L045_S001,CDD PICK UP,266000,0,0,0,0,0,266000,S001 - WH KLS JABABEKA,PT. MERPATI ALAM SEMESTA,4,LATE,15,60,20.06.2026,04.06.2026,28.06.2026,27.07.2026,29.07.2026,,,,S001,WH KLS JABABEKA
I100260604L045_S001,CDD PICK UP,266000,0,0,0,0,0,266000,S001 - WH KLS JABABEKA,PT. MERPATI ALAM SEMESTA,4,LATE,15,60,20.06.2026,04.06.2026,28.06.2026,27.07.2026,29.07.2026,,,,S001,WH KLS JABABEKA
I100260604L053_S001,CDD PICK UP,67500,0,0,0,0,0,67500,S001 - WH KLS JABABEKA,PT. MERPATI ALAM SEMESTA,4,LATE,15,60,20.06.2026,04.06.2026,28.06.2026,27.07.2026,29.07.2026,,,,S001,WH KLS JABABEKA
I100260604L053_S001,CDD PICK UP,67500,0,0,0,0,0,67500,S001 - WH KLS JABABEKA,PT. MERPATI ALAM SEMESTA,4,LATE,15,60,20.06.2026,04.06.2026,28.06.2026,27.07.2026,29.07.2026,,,,S001,WH KLS JABABEKA
I100260604L054_S001,CDD PICK UP,1060000,0,0,0,0,0,1060000,S001 - WH KLS JABABEKA,PT. MERPATI ALAM SEMESTA,4,LATE,15,60,20.06.2026,04.06.2026,28.06.2026,27.07.2026,29.07.2026,,,,S001,WH KLS JABABEKA
I100260604L054_S001,CDD PICK UP,1060000,0,0,0,0,0,1060000,S001 - WH KLS JABABEKA,PT. MERPATI ALAM SEMESTA,4,LATE,15,60,20.06.2026,04.06.2026,28.06.2026,27.07.2026,29.07.2026,,,,S001,WH KLS JABABEKA
I100260604L055_S001,CDD PICK UP,202000,0,0,0,0,0,202000,S001 - WH KLS JABABEKA,PT. MERPATI ALAM SEMESTA,4,LATE,15,60,20.06.2026,04.06.2026,28.06.2026,27.07.2026,29.07.2026,,,,S001,WH KLS JABABEKA
I100260604L055_S001,CDD PICK UP,202000,0,0,0,0,0,202000,S001 - WH KLS JABABEKA,PT. MERPATI ALAM SEMESTA,4,LATE,15,60,20.06.2026,04.06.2026,28.06.2026,27.07.2026,29.07.2026,,,,S001,WH KLS JABABEKA
I100260604L056_S001,CDD PICK UP,118500,0,0,0,0,0,118500,S001 - WH KLS JABABEKA,PT. MERPATI ALAM SEMESTA,4,LATE,15,60,20.06.2026,04.06.2026,12.06.2026,27.07.2026,29.07.2026,,,,S001,WH KLS JABABEKA
I100260604L056_S001,CDD PICK UP,118500,0,0,0,0,0,118500,S001 - WH KLS JABABEKA,PT. MERPATI ALAM SEMESTA,4,LATE,15,60,20.06.2026,04.06.2026,12.06.2026,27.07.2026,29.07.2026,,,,S001,WH KLS JABABEKA
I100260604L057_S001,CDD PICK UP,472500,0,0,0,0,0,472500,S001 - WH KLS JABABEKA,PT. MERPATI ALAM SEMESTA,4,LATE,15,60,21.06.2026,05.06.2026,09.07.2026,27.07.2026,29.07.2026,,,,S001,WH KLS JABABEKA
I100260604L057_S001,CDD PICK UP,472500,0,0,0,0,0,472500,S001 - WH KLS JABABEKA,PT. MERPATI ALAM SEMESTA,4,LATE,15,60,21.06.2026,05.06.2026,09.07.2026,27.07.2026,29.07.2026,,,,S001,WH KLS JABABEKA
I100260604L058_S001,CDD PICK UP,870000,0,0,0,0,0,870000,S001 - WH KLS JABABEKA,PT. MERPATI ALAM SEMESTA,4,LATE,15,60,20.06.2026,04.06.2026,09.07.2026,27.07.2026,29.07.2026,,,,S001,WH KLS JABABEKA
I100260604L058_S001,CDD PICK UP,870000,0,0,0,0,0,870000,S001 - WH KLS JABABEKA,PT. MERPATI ALAM SEMESTA,4,LATE,15,60,20.06.2026,04.06.2026,09.07.2026,27.07.2026,29.07.2026,,,,S001,WH KLS JABABEKA
I100260604L060_S001,CDD PICK UP,405000,0,0,0,0,0,405000,S001 - WH KLS JABABEKA,PT. MERPATI ALAM SEMESTA,4,LATE,15,60,20.06.2026,04.06.2026,28.06.2026,27.07.2026,29.07.2026,,,,S001,WH KLS JABABEKA
I100260604L060_S001,CDD PICK UP,405000,0,0,0,0,0,405000,S001 - WH KLS JABABEKA,PT. MERPATI ALAM SEMESTA,4,LATE,15,60,20.06.2026,04.06.2026,28.06.2026,27.07.2026,29.07.2026,,,,S001,WH KLS JABABEKA
I100260604L061_S001,CDD PICK UP,494000,0,0,0,0,0,494000,S001 - WH KLS JABABEKA,PT. MERPATI ALAM SEMESTA,4,LATE,15,60,20.06.2026,04.06.2026,12.06.2026,27.07.2026,29.07.2026,,,,S001,WH KLS JABABEKA
I100260604L061_S001,CDD PICK UP,494000,0,0,0,0,0,494000,S001 - WH KLS JABABEKA,PT. MERPATI ALAM SEMESTA,4,LATE,15,60,20.06.2026,04.06.2026,12.06.2026,27.07.2026,29.07.2026,,,,S001,WH KLS JABABEKA
I100260604L062_S001,TRAILER,18750000,0,0,0,0,0,18750000,S001 - WH KLS JABABEKA,CV. BANGUN JASA TRANS,7,ON SCHEDULE,27,0,04.07.2026,06.06.2026,,01.07.2026,02.07.2026,15.07.2026,15.07.2026,,S001,WH KLS JABABEKA
I100260604L063_S001,TRONTON LOSBAK,14500000,0,0,0,0,0,14500000,S001 - WH KLS JABABEKA,CV. BANGUN JASA TRANS,7,ON SCHEDULE,27,0,04.07.2026,06.06.2026,,01.07.2026,02.07.2026,15.07.2026,15.07.2026,,S001,WH KLS JABABEKA
I100260604L065_S001,CDD PICK UP,2145000,0,0,0,0,0,2145000,S001 - WH KLS JABABEKA,PT. MERPATI ALAM SEMESTA,4,LATE,15,60,20.06.2026,04.06.2026,09.07.2026,27.07.2026,29.07.2026,,,,S001,WH KLS JABABEKA
I100260604L065_S001,CDD PICK UP,2145000,0,0,0,0,0,2145000,S001 - WH KLS JABABEKA,PT. MERPATI ALAM SEMESTA,4,LATE,15,60,20.06.2026,04.06.2026,09.07.2026,27.07.2026,29.07.2026,,,,S001,WH KLS JABABEKA
I100260604L066_S001,CDD PICK UP,891000,0,0,0,0,0,891000,S001 - WH KLS JABABEKA,PT. MERPATI ALAM SEMESTA,4,LATE,15,59,21.06.2026,05.06.2026,09.07.2026,30.07.2026,31.07.2026,,,,S001,WH KLS JABABEKA
I100260604L066_S001,CDD PICK UP,891000,0,0,0,0,0,891000,S001 - WH KLS JABABEKA,PT. MERPATI ALAM SEMESTA,4,LATE,15,59,21.06.2026,05.06.2026,09.07.2026,30.07.2026,31.07.2026,,,,S001,WH KLS JABABEKA
I100260604L067_S001,CDD PICK UP,607500,0,0,0,0,0,607500,S001 - WH KLS JABABEKA,PT. MERPATI ALAM SEMESTA,4,LATE,15,59,21.06.2026,05.06.2026,28.06.2026,27.07.2026,29.07.2026,,,,S001,WH KLS JABABEKA
I100260604L067_S001,CDD PICK UP,607500,0,0,0,0,0,607500,S001 - WH KLS JABABEKA,PT. MERPATI ALAM SEMESTA,4,LATE,15,59,21.06.2026,05.06.2026,28.06.2026,27.07.2026,29.07.2026,,,,S001,WH KLS JABABEKA
I100260604L068_S001,CDD PICK UP,2775000,0,0,0,0,0,2775000,S001 - WH KLS JABABEKA,PT. MERPATI ALAM SEMESTA,4,LATE,15,60,20.06.2026,04.06.2026,09.07.2026,27.07.2026,29.07.2026,,,,S001,WH KLS JABABEKA
I100260604L068_S001,CDD PICK UP,2775000,0,0,0,0,0,2775000,S001 - WH KLS JABABEKA,PT. MERPATI ALAM SEMESTA,4,LATE,15,60,20.06.2026,04.06.2026,09.07.2026,27.07.2026,29.07.2026,,,,S001,WH KLS JABABEKA
I100260604L069_S001,CDD PICK UP,67500,0,0,0,0,0,67500,S001 - WH KLS JABABEKA,PT. MERPATI ALAM SEMESTA,4,LATE,15,59,21.06.2026,05.06.2026,28.06.2026,27.07.2026,29.07.2026,,,,S001,WH KLS JABABEKA
I100260604L069_S001,CDD PICK UP,67500,0,0,0,0,0,67500,S001 - WH KLS JABABEKA,PT. MERPATI ALAM SEMESTA,4,LATE,15,59,21.06.2026,05.06.2026,28.06.2026,27.07.2026,29.07.2026,,,,S001,WH KLS JABABEKA
I100260604L070_S001,CDD PICK UP,900000,0,0,0,0,0,900000,S001 - WH KLS JABABEKA,PT. MERPATI ALAM SEMESTA,4,LATE,15,60,20.06.2026,04.06.2026,28.06.2026,27.07.2026,29.07.2026,,,,S001,WH KLS JABABEKA
I100260604L070_S001,CDD PICK UP,900000,0,0,0,0,0,900000,S001 - WH KLS JABABEKA,PT. MERPATI ALAM SEMESTA,4,LATE,15,60,20.06.2026,04.06.2026,28.06.2026,27.07.2026,29.07.2026,,,,S001,WH KLS JABABEKA
I100260604L071_S001,CDD PICK UP,810000,0,0,0,0,0,810000,S001 - WH KLS JABABEKA,PT. MERPATI ALAM SEMESTA,4,LATE,15,59,21.06.2026,05.06.2026,09.07.2026,27.07.2026,29.07.2026,,,,S001,WH KLS JABABEKA
I100260604L071_S001,CDD PICK UP,810000,0,0,0,0,0,810000,S001 - WH KLS JABABEKA,PT. MERPATI ALAM SEMESTA,4,LATE,15,59,21.06.2026,05.06.2026,09.07.2026,27.07.2026,29.07.2026,,,,S001,WH KLS JABABEKA
I100260604L072_S001,CDD PICK UP,1836000,0,0,0,0,0,1836000,S001 - WH KLS JABABEKA,PT. MERPATI ALAM SEMESTA,4,LATE,15,60,20.06.2026,04.06.2026,12.06.2026,27.07.2026,29.07.2026,,,,S001,WH KLS JABABEKA
I100260604L072_S001,CDD PICK UP,1836000,0,0,0,0,0,1836000,S001 - WH KLS JABABEKA,PT. MERPATI ALAM SEMESTA,4,LATE,15,60,20.06.2026,04.06.2026,12.06.2026,27.07.2026,29.07.2026,,,,S001,WH KLS JABABEKA
I100260604L073_S001,CDD PICK UP,0,0,0,0,0,0,0,S001 - WH KLS JABABEKA,PT. MERPATI ALAM SEMESTA,2,LATE,7,60,12.06.2026,04.06.2026,28.06.2026,,,,,,S001,WH KLS JABABEKA
I100260604L090_S001,MINI VAN BOX,0,0,0,0,0,0,0,S001 - WH KLS JABABEKA,FIRST LOGISTICS,2,LATE,7,60,13.06.2026,05.06.2026,14.06.2026,,,,,,S001,WH KLS JABABEKA
I100260604L091_S001,MINI VAN BOX,0,0,0,0,0,0,0,S001 - WH KLS JABABEKA,FIRST LOGISTICS,2,LATE,7,60,13.06.2026,05.06.2026,14.06.2026,,,,,,S001,WH KLS JABABEKA
I100260604L092_S001,MINI VAN BOX,0,0,0,0,0,0,0,S001 - WH KLS JABABEKA,FIRST LOGISTICS,2,LATE,7,60,13.06.2026,05.06.2026,14.06.2026,,,,,,S001,WH KLS JABABEKA
I100260604L093_S001,MINI VAN BOX,0,0,0,0,0,0,0,S001 - WH KLS JABABEKA,FIRST LOGISTICS,2,LATE,7,60,13.06.2026,05.06.2026,14.06.2026,,,,,,S001,WH KLS JABABEKA
I100260604L094_S001,MINI VAN BOX,0,0,0,0,0,0,0,S001 - WH KLS JABABEKA,FIRST LOGISTICS,2,LATE,7,60,13.06.2026,05.06.2026,14.06.2026,,,,,,S001,WH KLS JABABEKA
I100260604L095_S001,MINI VAN BOX,0,0,0,0,0,0,0,S001 - WH KLS JABABEKA,FIRST LOGISTICS,2,LATE,7,59,13.06.2026,05.06.2026,28.06.2026,,,,,,S001,WH KLS JABABEKA
I100260604L097_S001,MINI VAN BOX,0,0,0,0,0,0,0,S001 - WH KLS JABABEKA,FIRST LOGISTICS,2,LATE,7,60,13.06.2026,05.06.2026,14.06.2026,,,,,,S001,WH KLS JABABEKA
I100260604L099_S001,MINI VAN BOX,0,0,0,0,0,0,0,S001 - WH KLS JABABEKA,FIRST LOGISTICS,2,LATE,7,59,13.06.2026,05.06.2026,28.06.2026,,,,,,S001,WH KLS JABABEKA
I100260604L100_S001,MINI VAN BOX,0,0,0,0,0,0,0,S001 - WH KLS JABABEKA,FIRST LOGISTICS,2,LATE,7,59,13.06.2026,05.06.2026,28.06.2026,,,,,,S001,WH KLS JABABEKA
I100260604T017_S001,CONT-20,15400000,0,0,0,0,0,15400000,S001 - WH KLS JABABEKA,PT. SENTOSA PRIMA ABADI,6,LATE,40,60,15.07.2026,04.06.2026,24.06.2026,13.07.2026,14.07.2026,24.07.2026,24.07.2026,,S001,WH KLS JABABEKA
I100260605L020_S001,CDD BAK,11500000,0,0,0,2300000,0,13800000,S001 - WH KLS JABABEKA,BINTANG SAMUDERA,7,ON SCHEDULE,29,0,05.07.2026,05.06.2026,11.06.2026,03.07.2026,08.07.2026,08.07.2026,08.07.2026,,S001,WH KLS JABABEKA
I100260605L020_S001,CDD BAK,11500000,0,0,0,2300000,0,13800000,S001 - WH KLS JABABEKA,BINTANG SAMUDERA,7,ON SCHEDULE,29,0,05.07.2026,05.06.2026,11.06.2026,03.07.2026,08.07.2026,08.07.2026,08.07.2026,,S001,WH KLS JABABEKA
I100260605L021_S001,CONT-20,19000000,0,0,0,0,0,19000000,S001 - WH KLS JABABEKA,PT. SENTOSA PRIMA ABADI,6,LATE,40,59,16.07.2026,05.06.2026,19.06.2026,13.07.2026,14.07.2026,23.07.2026,23.07.2026,,S001,WH KLS JABABEKA
I100260605L048_S001,MINI VAN BOX,0,0,0,0,0,0,0,S001 - WH KLS JABABEKA,FIRST LOGISTICS,2,LATE,7,59,14.06.2026,06.06.2026,14.07.2026,,,,,,S001,WH KLS JABABEKA
I100260605L051_S001,CDD PICK UP,13273000,0,0,0,0,0,13273000,S001 - WH KLS JABABEKA,PT. Nusantara Cargo Line,6,LATE,27,59,04.07.2026,06.06.2026,28.06.2026,30.06.2026,01.07.2026,06.07.2026,06.07.2026,,S001,WH KLS JABABEKA
I100260605L051_S001,CDD PICK UP,13273000,0,0,0,0,0,13273000,S001 - WH KLS JABABEKA,PT. Nusantara Cargo Line,6,LATE,27,59,04.07.2026,06.06.2026,28.06.2026,30.06.2026,01.07.2026,06.07.2026,06.07.2026,,S001,WH KLS JABABEKA
I100260605L052_S001,CDD PICK UP,8702000,0,0,0,0,0,8702000,S001 - WH KLS JABABEKA,PT. Nusantara Cargo Line,6,LATE,27,56,06.07.2026,08.06.2026,09.07.2026,13.07.2026,14.07.2026,22.07.2026,22.07.2026,,S001,WH KLS JABABEKA
I100260605L052_S001,CDD PICK UP,8702000,0,0,0,0,0,8702000,S001 - WH KLS JABABEKA,PT. Nusantara Cargo Line,6,LATE,27,56,06.07.2026,08.06.2026,09.07.2026,13.07.2026,14.07.2026,22.07.2026,22.07.2026,,S001,WH KLS JABABEKA
I100260605L053_S001,CDD PICK UP,12264000,0,0,0,0,0,12264000,S001 - WH KLS JABABEKA,PT. Nusantara Cargo Line,6,LATE,27,55,07.07.2026,09.06.2026,28.06.2026,30.06.2026,01.07.2026,06.07.2026,06.07.2026,,S001,WH KLS JABABEKA
I100260605L053_S001,CDD PICK UP,12264000,0,0,0,0,0,12264000,S001 - WH KLS JABABEKA,PT. Nusantara Cargo Line,6,LATE,27,55,07.07.2026,09.06.2026,28.06.2026,30.06.2026,01.07.2026,06.07.2026,06.07.2026,,S001,WH KLS JABABEKA
I100260605L054_S001,CDD PICK UP,594000,0,0,0,0,0,594000,S001 - WH KLS JABABEKA,PT. Nusantara Cargo Line,7,ON SCHEDULE,27,0,07.07.2026,09.06.2026,28.06.2026,30.06.2026,01.07.2026,01.07.2026,01.07.2026,,S001,WH KLS JABABEKA
I100260605L054_S001,CDD PICK UP,594000,0,0,0,0,0,594000,S001 - WH KLS JABABEKA,PT. Nusantara Cargo Line,7,ON SCHEDULE,27,0,07.07.2026,09.06.2026,28.06.2026,30.06.2026,01.07.2026,01.07.2026,01.07.2026,,S001,WH KLS JABABEKA
I100260605L055_S001,CDD PICK UP,700000,0,0,0,0,0,700000,S001 - WH KLS JABABEKA,PT. Nusantara Cargo Line,7,ON SCHEDULE,27,0,04.07.2026,06.06.2026,28.06.2026,30.06.2026,01.07.2026,01.07.2026,01.07.2026,,S001,WH KLS JABABEKA
I100260605L055_S001,CDD PICK UP,700000,0,0,0,0,0,700000,S001 - WH KLS JABABEKA,PT. Nusantara Cargo Line,7,ON SCHEDULE,27,0,04.07.2026,06.06.2026,28.06.2026,30.06.2026,01.07.2026,01.07.2026,01.07.2026,,S001,WH KLS JABABEKA
I100260605L056_S001,CDD PICK UP,1207500,0,0,0,0,0,1207500,S001 - WH KLS JABABEKA,PT. Nusantara Cargo Line,7,ON SCHEDULE,27,0,04.07.2026,06.06.2026,28.06.2026,30.06.2026,01.07.2026,01.07.2026,01.07.2026,,S001,WH KLS JABABEKA
I100260605L056_S001,CDD PICK UP,1207500,0,0,0,0,0,1207500,S001 - WH KLS JABABEKA,PT. Nusantara Cargo Line,7,ON SCHEDULE,27,0,04.07.2026,06.06.2026,28.06.2026,30.06.2026,01.07.2026,01.07.2026,01.07.2026,,S001,WH KLS JABABEKA
I100260605L057_S001,CDD,350000,0,0,0,0,0,350000,S001 - WH KLS JABABEKA,PT. Nusantara Cargo Line,7,ON SCHEDULE,27,0,07.07.2026,09.06.2026,28.06.2026,30.06.2026,01.07.2026,01.07.2026,01.07.2026,,S001,WH KLS JABABEKA
I100260605L057_S001,CDD,350000,0,0,0,0,0,350000,S001 - WH KLS JABABEKA,PT. Nusantara Cargo Line,7,ON SCHEDULE,27,0,07.07.2026,09.06.2026,28.06.2026,30.06.2026,01.07.2026,01.07.2026,01.07.2026,,S001,WH KLS JABABEKA
I100260605L058_S001,CDD PICK UP,797500,0,0,0,0,0,797500,S001 - WH KLS JABABEKA,PT. Nusantara Cargo Line,7,ON SCHEDULE,27,0,07.07.2026,09.06.2026,28.06.2026,30.06.2026,01.07.2026,01.07.2026,01.07.2026,,S001,WH KLS JABABEKA
I100260605L058_S001,CDD PICK UP,797500,0,0,0,0,0,797500,S001 - WH KLS JABABEKA,PT. Nusantara Cargo Line,7,ON SCHEDULE,27,0,07.07.2026,09.06.2026,28.06.2026,30.06.2026,01.07.2026,01.07.2026,01.07.2026,,S001,WH KLS JABABEKA
I100260605L059_S001,CDD PICK UP,800000,0,0,0,0,0,800000,S001 - WH KLS JABABEKA,PT. Nusantara Cargo Line,6,LATE,27,53,09.07.2026,11.06.2026,04.07.2026,06.07.2026,08.07.2026,08.07.2026,08.07.2026,,S001,WH KLS JABABEKA
I100260605L059_S001,CDD PICK UP,800000,0,0,0,0,0,800000,S001 - WH KLS JABABEKA,PT. Nusantara Cargo Line,6,LATE,27,53,09.07.2026,11.06.2026,04.07.2026,06.07.2026,08.07.2026,08.07.2026,08.07.2026,,S001,WH KLS JABABEKA
I100260605L061_S001,CDD PICK UP,1027000,0,0,0,0,0,1027000,S001 - WH KLS JABABEKA,PT. Nusantara Cargo Line,7,ON SCHEDULE,27,0,07.07.2026,09.06.2026,28.06.2026,30.06.2026,01.07.2026,01.07.2026,01.07.2026,,S001,WH KLS JABABEKA
I100260605L061_S001,CDD PICK UP,1027000,0,0,0,0,0,1027000,S001 - WH KLS JABABEKA,PT. Nusantara Cargo Line,7,ON SCHEDULE,27,0,07.07.2026,09.06.2026,28.06.2026,30.06.2026,01.07.2026,01.07.2026,01.07.2026,,S001,WH KLS JABABEKA
I100260605L062_S001,CDD PICK UP,325000,0,0,0,0,0,325000,S001 - WH KLS JABABEKA,PT. Nusantara Cargo Line,7,ON SCHEDULE,27,0,08.07.2026,10.06.2026,28.06.2026,30.06.2026,01.07.2026,01.07.2026,01.07.2026,,S001,WH KLS JABABEKA
I100260605L062_S001,CDD PICK UP,325000,0,0,0,0,0,325000,S001 - WH KLS JABABEKA,PT. Nusantara Cargo Line,7,ON SCHEDULE,27,0,08.07.2026,10.06.2026,28.06.2026,30.06.2026,01.07.2026,01.07.2026,01.07.2026,,S001,WH KLS JABABEKA
I100260605L069_S001,CDD PICK UP,275000,0,0,0,0,0,275000,S001 - WH KLS JABABEKA,PT. Nusantara Cargo Line,7,ON SCHEDULE,27,0,09.07.2026,11.06.2026,28.06.2026,30.06.2026,01.07.2026,01.07.2026,01.07.2026,,S001,WH KLS JABABEKA
I100260605L069_S001,CDD PICK UP,275000,0,0,0,0,0,275000,S001 - WH KLS JABABEKA,PT. Nusantara Cargo Line,7,ON SCHEDULE,27,0,09.07.2026,11.06.2026,28.06.2026,30.06.2026,01.07.2026,01.07.2026,01.07.2026,,S001,WH KLS JABABEKA
I100260605L071_S001,CDD PICK UP,585000,0,0,0,0,0,585000,S001 - WH KLS JABABEKA,PT. Nusantara Cargo Line,7,ON SCHEDULE,27,0,09.07.2026,11.06.2026,28.06.2026,30.06.2026,01.07.2026,01.07.2026,01.07.2026,,S001,WH KLS JABABEKA
I100260605L071_S001,CDD PICK UP,585000,0,0,0,0,0,585000,S001 - WH KLS JABABEKA,PT. Nusantara Cargo Line,7,ON SCHEDULE,27,0,09.07.2026,11.06.2026,28.06.2026,30.06.2026,01.07.2026,01.07.2026,01.07.2026,,S001,WH KLS JABABEKA
I100260605L072_S001,CDD PICK UP,275000,0,0,0,0,0,275000,S001 - WH KLS JABABEKA,PT. Nusantara Cargo Line,7,ON SCHEDULE,27,0,09.07.2026,11.06.2026,28.06.2026,30.06.2026,01.07.2026,01.07.2026,01.07.2026,,S001,WH KLS JABABEKA
I100260605L072_S001,CDD PICK UP,275000,0,0,0,0,0,275000,S001 - WH KLS JABABEKA,PT. Nusantara Cargo Line,7,ON SCHEDULE,27,0,09.07.2026,11.06.2026,28.06.2026,30.06.2026,01.07.2026,01.07.2026,01.07.2026,,S001,WH KLS JABABEKA
I100260605L073_S001,CDD PICK UP,1006500,0,0,0,0,0,1006500,S001 - WH KLS JABABEKA,PT. Nusantara Cargo Line,7,ON SCHEDULE,27,0,09.07.2026,11.06.2026,28.06.2026,30.06.2026,01.07.2026,01.07.2026,01.07.2026,,S001,WH KLS JABABEKA
I100260605L073_S001,CDD PICK UP,1006500,0,0,0,0,0,1006500,S001 - WH KLS JABABEKA,PT. Nusantara Cargo Line,7,ON SCHEDULE,27,0,09.07.2026,11.06.2026,28.06.2026,30.06.2026,01.07.2026,01.07.2026,01.07.2026,,S001,WH KLS JABABEKA
I100260605L075_S001,CDD PICK UP,952000,0,0,0,0,0,952000,S001 - WH KLS JABABEKA,PT. Nusantara Cargo Line,6,LATE,27,53,09.07.2026,11.06.2026,04.07.2026,13.07.2026,14.07.2026,21.07.2026,21.07.2026,,S001,WH KLS JABABEKA
I100260605L075_S001,CDD PICK UP,952000,0,0,0,0,0,952000,S001 - WH KLS JABABEKA,PT. Nusantara Cargo Line,6,LATE,27,53,09.07.2026,11.06.2026,04.07.2026,13.07.2026,14.07.2026,21.07.2026,21.07.2026,,S001,WH KLS JABABEKA
I100260605L076_S001,MINI VAN BOX,0,0,0,0,0,0,0,S001 - WH KLS JABABEKA,FIRST LOGISTICS,2,LATE,7,59,14.06.2026,06.06.2026,28.06.2026,,,,,,S001,WH KLS JABABEKA
I100260605L077_S001,CDD PICK UP,672000,0,0,0,0,0,672000,S001 - WH KLS JABABEKA,PT. Nusantara Cargo Line,7,ON SCHEDULE,27,0,09.07.2026,11.06.2026,28.06.2026,30.06.2026,01.07.2026,01.07.2026,01.07.2026,,S001,WH KLS JABABEKA
I100260605L077_S001,CDD PICK UP,672000,0,0,0,0,0,672000,S001 - WH KLS JABABEKA,PT. Nusantara Cargo Line,7,ON SCHEDULE,27,0,09.07.2026,11.06.2026,28.06.2026,30.06.2026,01.07.2026,01.07.2026,01.07.2026,,S001,WH KLS JABABEKA
I100260605L078_S001,CDD PICK UP,0,0,0,0,0,0,0,S001 - WH KLS JABABEKA,PT. Nusantara Cargo Line,1,LATE,1,49,17.06.2026,15.06.2026,,,,,,,S001,WH KLS JABABEKA
I100260605L081_S001,CDD PICK UP,350000,0,0,0,0,0,350000,S001 - WH KLS JABABEKA,PT. Nusantara Cargo Line,7,ON SCHEDULE,27,0,09.07.2026,11.06.2026,28.06.2026,30.06.2026,01.07.2026,01.07.2026,01.07.2026,,S001,WH KLS JABABEKA
I100260605L081_S001,CDD PICK UP,350000,0,0,0,0,0,350000,S001 - WH KLS JABABEKA,PT. Nusantara Cargo Line,7,ON SCHEDULE,27,0,09.07.2026,11.06.2026,28.06.2026,30.06.2026,01.07.2026,01.07.2026,01.07.2026,,S001,WH KLS JABABEKA
I100260605L082_S001,CDD PICK UP,325000,0,0,0,0,0,325000,S001 - WH KLS JABABEKA,PT. Nusantara Cargo Line,7,ON SCHEDULE,27,0,04.07.2026,06.06.2026,28.06.2026,30.06.2026,01.07.2026,01.07.2026,01.07.2026,,S001,WH KLS JABABEKA
I100260605L082_S001,CDD PICK UP,325000,0,0,0,0,0,325000,S001 - WH KLS JABABEKA,PT. Nusantara Cargo Line,7,ON SCHEDULE,27,0,04.07.2026,06.06.2026,28.06.2026,30.06.2026,01.07.2026,01.07.2026,01.07.2026,,S001,WH KLS JABABEKA
I100260605L093_S001,MINI VAN BOX,0,0,0,0,0,0,0,S001 - WH KLS JABABEKA,PT. MERPATI ALAM SEMESTA,1,LATE,1,55,11.06.2026,09.06.2026,,,,,,,S001,WH KLS JABABEKA
I100260605L095_S001,MINI VAN BOX,0,0,0,0,0,0,0,S001 - WH KLS JABABEKA,FIRST LOGISTICS,2,LATE,7,59,14.06.2026,06.06.2026,28.06.2026,,,,,,S001,WH KLS JABABEKA
I100260605L096_S001,MINI VAN BOX,0,0,0,0,0,0,0,S001 - WH KLS JABABEKA,FIRST LOGISTICS,2,LATE,7,59,14.06.2026,06.06.2026,14.07.2026,,,,,,S001,WH KLS JABABEKA
I100260605L097_S001,MINI VAN BOX,0,0,0,0,0,0,0,S001 - WH KLS JABABEKA,FIRST LOGISTICS,2,LATE,7,59,14.06.2026,06.06.2026,28.06.2026,,,,,,S001,WH KLS JABABEKA
I100260605L098_S001,MINI VAN BOX,0,0,0,0,0,0,0,S001 - WH KLS JABABEKA,FIRST LOGISTICS,2,LATE,7,59,14.06.2026,06.06.2026,14.07.2026,,,,,,S001,WH KLS JABABEKA
I100260605L099_S001,MINI VAN BOX,0,0,0,0,0,0,0,S001 - WH KLS JABABEKA,FIRST LOGISTICS,2,LATE,7,59,14.06.2026,06.06.2026,28.06.2026,,,,,,S001,WH KLS JABABEKA
I100260605L100_S001,MINI VAN BOX,0,0,0,0,0,0,0,S001 - WH KLS JABABEKA,FIRST LOGISTICS,2,LATE,7,59,14.06.2026,06.06.2026,28.06.2026,,,,,,S001,WH KLS JABABEKA
I100260605L101_S001,MINI VAN BOX,0,0,0,0,0,0,0,S001 - WH KLS JABABEKA,FIRST LOGISTICS,2,LATE,7,59,14.06.2026,06.06.2026,28.06.2026,,,,,,S001,WH KLS JABABEKA
I100260605L102_S001,MINI VAN BOX,0,0,0,0,0,0,0,S001 - WH KLS JABABEKA,FIRST LOGISTICS,2,LATE,7,59,14.06.2026,06.06.2026,28.06.2026,,,,,,S001,WH KLS JABABEKA
I100260605L104_S001,MINI VAN BOX,0,0,0,0,0,0,0,S001 - WH KLS JABABEKA,FIRST LOGISTICS,2,LATE,7,59,14.06.2026,06.06.2026,28.06.2026,,,,,,S001,WH KLS JABABEKA
I100260605L105_S001,MINI VAN BOX,0,0,0,0,0,0,0,S001 - WH KLS JABABEKA,FIRST LOGISTICS,2,LATE,7,58,14.06.2026,06.06.2026,28.06.2026,,,,,,S001,WH KLS JABABEKA
I100260605L107_S001,CDD PICK UP,275000,0,0,0,0,0,275000,S001 - WH KLS JABABEKA,PT. Nusantara Cargo Line,6,LATE,27,59,04.07.2026,06.06.2026,28.06.2026,30.06.2026,01.07.2026,01.07.2026,21.07.2026,,S001,WH KLS JABABEKA
I100260605L107_S001,CDD PICK UP,275000,0,0,0,0,0,275000,S001 - WH KLS JABABEKA,PT. Nusantara Cargo Line,6,LATE,27,59,04.07.2026,06.06.2026,28.06.2026,30.06.2026,01.07.2026,01.07.2026,21.07.2026,,S001,WH KLS JABABEKA
I100260605L109_S001,MINI VAN BOX,0,0,0,0,0,0,0,S001 - WH KLS JABABEKA,FIRST LOGISTICS,2,LATE,7,58,14.06.2026,06.06.2026,28.06.2026,,,,,,S001,WH KLS JABABEKA
I100260605L110_S001,MINI VAN BOX,0,0,0,0,0,0,0,S001 - WH KLS JABABEKA,FIRST LOGISTICS,2,LATE,7,58,14.06.2026,06.06.2026,28.06.2026,,,,,,S001,WH KLS JABABEKA
I100260605T023_S001,WINGBOX,20000000,0,0,0,0,0,20000000,S001 - WH KLS JABABEKA,PT. ORANG KREATIF EKSIS,6,LATE,32,55,12.07.2026,09.06.2026,16.06.2026,26.06.2026,27.06.2026,08.07.2026,08.07.2026,,S001,WH KLS JABABEKA
I100260605T025_S001,WINGBOX,5650000,0,0,0,0,0,5650000,S001 - WH KLS JABABEKA,PT. DUTA MEDIA MANDIRI,7,ON SCHEDULE,29,0,06.07.2026,06.06.2026,09.06.2026,12.06.2026,13.06.2026,15.06.2026,15.06.2026,,S001,WH KLS JABABEKA
I100260606L031_S001,CDD BAK,4500000,0,0,0,0,0,4500000,S001 - WH KLS JABABEKA,PT. HARI JAYA SEJAHTERA,1,LATE,3,58,10.06.2026,06.06.2026,,,,,,,S001,WH KLS JABABEKA
I100260606L079_S001,CDE PICKUP,307500,0,0,0,0,0,307500,S001 - WH KLS JABABEKA,PT. MERPATI ALAM SEMESTA,4,LATE,15,56,24.06.2026,08.06.2026,28.06.2026,27.07.2026,29.07.2026,,,,S001,WH KLS JABABEKA
I100260606L079_S001,CDE PICKUP,307500,0,0,0,0,0,307500,S001 - WH KLS JABABEKA,PT. MERPATI ALAM SEMESTA,4,LATE,15,56,24.06.2026,08.06.2026,28.06.2026,27.07.2026,29.07.2026,,,,S001,WH KLS JABABEKA
I100260606L080_S001,CDE PICKUP,900000,0,0,0,0,0,900000,S001 - WH KLS JABABEKA,PT. MERPATI ALAM SEMESTA,4,LATE,15,56,24.06.2026,08.06.2026,12.06.2026,27.07.2026,29.07.2026,,,,S001,WH KLS JABABEKA
I100260606L080_S001,CDE PICKUP,900000,0,0,0,0,0,900000,S001 - WH KLS JABABEKA,PT. MERPATI ALAM SEMESTA,4,LATE,15,56,24.06.2026,08.06.2026,12.06.2026,27.07.2026,29.07.2026,,,,S001,WH KLS JABABEKA
I100260606L081_S001,CDE,11313000,0,0,0,0,0,11313000,S001 - WH KLS JABABEKA,PT. Nusantara Cargo Line,6,LATE,27,56,06.07.2026,08.06.2026,09.07.2026,13.07.2026,14.07.2026,22.07.2026,22.07.2026,,S001,WH KLS JABABEKA
I100260606L081_S001,CDE,11313000,0,0,0,0,0,11313000,S001 - WH KLS JABABEKA,PT. Nusantara Cargo Line,6,LATE,27,56,06.07.2026,08.06.2026,09.07.2026,13.07.2026,14.07.2026,22.07.2026,22.07.2026,,S001,WH KLS JABABEKA
I100260606L085_S001,MINI VAN BOX,0,0,0,0,0,0,0,S001 - WH KLS JABABEKA,FIRST LOGISTICS,2,LATE,7,56,16.06.2026,08.06.2026,15.07.2026,,,,,,S001,WH KLS JABABEKA
I100260606L086_S001,MINI VAN BOX,0,0,0,0,0,0,0,S001 - WH KLS JABABEKA,FIRST LOGISTICS,2,LATE,7,56,16.06.2026,08.06.2026,14.07.2026,,,,,,S001,WH KLS JABABEKA
I100260606L087_S001,MINI VAN BOX,0,0,0,0,0,0,0,S001 - WH KLS JABABEKA,FIRST LOGISTICS,2,LATE,7,56,16.06.2026,08.06.2026,14.07.2026,,,,,,S001,WH KLS JABABEKA
I100260606L088_S001,MINI VAN BOX,0,0,0,0,0,0,0,S001 - WH KLS JABABEKA,FIRST LOGISTICS,2,LATE,7,56,16.06.2026,08.06.2026,14.07.2026,,,,,,S001,WH KLS JABABEKA
I100260606L089_S001,MINI VAN BOX,0,0,0,0,0,0,0,S001 - WH KLS JABABEKA,FIRST LOGISTICS,2,LATE,7,56,16.06.2026,08.06.2026,14.07.2026,,,,,,S001,WH KLS JABABEKA
I100260606L090_S001,MINI VAN BOX,0,0,0,0,0,0,0,S001 - WH KLS JABABEKA,FIRST LOGISTICS,2,LATE,7,56,16.06.2026,08.06.2026,14.07.2026,,,,,,S001,WH KLS JABABEKA
I100260606L091_S001,MINI VAN BOX,0,0,0,0,0,0,0,S001 - WH KLS JABABEKA,FIRST LOGISTICS,2,LATE,7,56,16.06.2026,08.06.2026,14.07.2026,,,,,,S001,WH KLS JABABEKA
I100260606L092_S001,MINI VAN BOX,0,0,0,0,0,0,0,S001 - WH KLS JABABEKA,FIRST LOGISTICS,2,LATE,7,56,16.06.2026,08.06.2026,24.07.2026,,,,,,S001,WH KLS JABABEKA
I100260606T056_S001,WINGBOX,24150000,0,0,0,0,0,24150000,S001 - WH KLS JABABEKA,PT. DUTA LINTAS NUSA,6,LATE,32,57,10.07.2026,07.06.2026,17.06.2026,08.07.2026,10.07.2026,15.07.2026,15.07.2026,,S001,WH KLS JABABEKA
I100260607L004_S001,CDD BAK,3700000,0,0,0,0,0,3700000,S001 - WH KLS JABABEKA,PT. EKA CIPTA MANGGALA,7,ON SCHEDULE,27,0,05.07.2026,07.06.2026,09.06.2026,11.06.2026,13.06.2026,15.06.2026,15.06.2026,,S001,WH KLS JABABEKA
I100260607L005_S001,CDD BAK,4100000,0,0,0,800000,0,4900000,S001 - WH KLS JABABEKA,PT. EKA CIPTA MANGGALA,7,ON SCHEDULE,28,0,06.07.2026,07.06.2026,09.06.2026,12.06.2026,14.06.2026,15.06.2026,15.06.2026,,S001,WH KLS JABABEKA
I100260607L005_S001,CDD BAK,4100000,0,0,0,800000,0,4900000,S001 - WH KLS JABABEKA,PT. EKA CIPTA MANGGALA,7,ON SCHEDULE,28,0,06.07.2026,07.06.2026,09.06.2026,12.06.2026,14.06.2026,15.06.2026,15.06.2026,,S001,WH KLS JABABEKA
I100260607L005_S001,CDD BAK,4100000,0,0,0,800000,0,4900000,S001 - WH KLS JABABEKA,PT. EKA CIPTA MANGGALA,7,ON SCHEDULE,28,0,06.07.2026,07.06.2026,09.06.2026,12.06.2026,14.06.2026,15.06.2026,15.06.2026,,S001,WH KLS JABABEKA
I100260607L005_S001,CDD BAK,4100000,0,0,0,800000,0,4900000,S001 - WH KLS JABABEKA,PT. EKA CIPTA MANGGALA,7,ON SCHEDULE,28,0,06.07.2026,07.06.2026,09.06.2026,12.06.2026,14.06.2026,15.06.2026,15.06.2026,,S001,WH KLS JABABEKA
I100260607L006_S001,CDD BAK,4000000,0,0,0,800000,0,4800000,S001 - WH KLS JABABEKA,PT. EKA CIPTA MANGGALA,7,ON SCHEDULE,28,0,06.07.2026,07.06.2026,09.06.2026,12.06.2026,14.06.2026,15.06.2026,15.06.2026,,S001,WH KLS JABABEKA
I100260607L006_S001,CDD BAK,4000000,0,0,0,800000,0,4800000,S001 - WH KLS JABABEKA,PT. EKA CIPTA MANGGALA,7,ON SCHEDULE,28,0,06.07.2026,07.06.2026,09.06.2026,12.06.2026,14.06.2026,15.06.2026,15.06.2026,,S001,WH KLS JABABEKA
I100260607L006_S001,CDD BAK,4000000,0,0,0,800000,0,4800000,S001 - WH KLS JABABEKA,PT. EKA CIPTA MANGGALA,7,ON SCHEDULE,28,0,06.07.2026,07.06.2026,09.06.2026,12.06.2026,14.06.2026,15.06.2026,15.06.2026,,S001,WH KLS JABABEKA
I100260607L006_S001,CDD BAK,4000000,0,0,0,800000,0,4800000,S001 - WH KLS JABABEKA,PT. EKA CIPTA MANGGALA,7,ON SCHEDULE,28,0,06.07.2026,07.06.2026,09.06.2026,12.06.2026,14.06.2026,15.06.2026,15.06.2026,,S001,WH KLS JABABEKA
I100260607L007_S001,CDD BAK,4000000,0,0,0,400000,0,4400000,S001 - WH KLS JABABEKA,PT. EKA CIPTA MANGGALA,7,ON SCHEDULE,27,0,05.07.2026,07.06.2026,09.06.2026,11.06.2026,14.06.2026,15.06.2026,15.06.2026,,S001,WH KLS JABABEKA
I100260607L007_S001,CDD BAK,4000000,0,0,0,400000,0,4400000,S001 - WH KLS JABABEKA,PT. EKA CIPTA MANGGALA,7,ON SCHEDULE,27,0,05.07.2026,07.06.2026,09.06.2026,11.06.2026,14.06.2026,15.06.2026,15.06.2026,,S001,WH KLS JABABEKA
I100260607L007_S001,CDD BAK,4000000,0,0,0,400000,0,4400000,S001 - WH KLS JABABEKA,PT. EKA CIPTA MANGGALA,7,ON SCHEDULE,27,0,05.07.2026,07.06.2026,09.06.2026,11.06.2026,14.06.2026,15.06.2026,15.06.2026,,S001,WH KLS JABABEKA
I100260607L008_S001,CDD BAK,5300000,0,0,0,800000,0,6100000,S001 - WH KLS JABABEKA,PT. EKA CIPTA MANGGALA,7,ON SCHEDULE,29,0,07.07.2026,07.06.2026,11.06.2026,12.06.2026,14.06.2026,15.06.2026,15.06.2026,,S001,WH KLS JABABEKA
I100260607L008_S001,CDD BAK,5300000,0,0,0,800000,0,6100000,S001 - WH KLS JABABEKA,PT. EKA CIPTA MANGGALA,7,ON SCHEDULE,29,0,07.07.2026,07.06.2026,11.06.2026,12.06.2026,14.06.2026,15.06.2026,15.06.2026,,S001,WH KLS JABABEKA
I100260607L008_S001,CDD BAK,5300000,0,0,0,800000,0,6100000,S001 - WH KLS JABABEKA,PT. EKA CIPTA MANGGALA,7,ON SCHEDULE,29,0,07.07.2026,07.06.2026,11.06.2026,12.06.2026,14.06.2026,15.06.2026,15.06.2026,,S001,WH KLS JABABEKA
I100260607L008_S001,CDD BAK,5300000,0,0,0,800000,0,6100000,S001 - WH KLS JABABEKA,PT. EKA CIPTA MANGGALA,7,ON SCHEDULE,29,0,07.07.2026,07.06.2026,11.06.2026,12.06.2026,14.06.2026,15.06.2026,15.06.2026,,S001,WH KLS JABABEKA
I100260607L042_S001,FUSO LOSBAK,13500000,0,0,0,0,0,13500000,S001 - WH KLS JABABEKA,CV. BANGUN JASA TRANS,7,ON SCHEDULE,27,0,05.07.2026,07.06.2026,12.06.2026,15.06.2026,18.06.2026,19.06.2026,19.06.2026,,S001,WH KLS JABABEKA
I100260607L068_S001,FUSO,15532500,0,0,0,0,0,15532500,S001 - WH KLS JABABEKA,PT. Nusantara Cargo Line,6,LATE,27,53,09.07.2026,11.06.2026,13.07.2026,23.07.2026,24.07.2026,27.07.2026,27.07.2026,,S001,WH KLS JABABEKA
I100260607L068_S001,FUSO,15532500,0,0,0,0,0,15532500,S001 - WH KLS JABABEKA,PT. Nusantara Cargo Line,6,LATE,27,53,09.07.2026,11.06.2026,13.07.2026,23.07.2026,24.07.2026,27.07.2026,27.07.2026,,S001,WH KLS JABABEKA
I100260608L003_S001,CDD BAK,4700000,0,0,0,1000000,0,5700000,S001 - WH KLS JABABEKA,BINTANG SAMUDERA,7,ON SCHEDULE,27,0,06.07.2026,08.06.2026,14.06.2026,03.07.2026,08.07.2026,08.07.2026,08.07.2026,,S001,WH KLS JABABEKA
I100260608L004_S001,CDD BAK,4500000,0,0,0,0,0,4500000,S001 - WH KLS JABABEKA,PT. HARI JAYA SEJAHTERA,7,ON SCHEDULE,29,0,09.07.2026,09.06.2026,12.06.2026,12.06.2026,13.06.2026,15.06.2026,19.06.2026,,S001,WH KLS JABABEKA
I100260608L005_S001,CDD BAK,4500000,0,0,0,0,0,4500000,S001 - WH KLS JABABEKA,PT. HARI JAYA SEJAHTERA,7,ON SCHEDULE,29,0,08.07.2026,08.06.2026,11.06.2026,12.06.2026,13.06.2026,15.06.2026,19.06.2026,,S001,WH KLS JABABEKA
I100260608L006_S001,CDD BAK,4500000,0,0,0,1100000,0,5600000,S001 - WH KLS JABABEKA,PT. HARI JAYA SEJAHTERA,7,ON SCHEDULE,29,0,08.07.2026,08.06.2026,11.06.2026,19.06.2026,22.06.2026,23.06.2026,01.07.2026,,S001,WH KLS JABABEKA
I100260608L006_S001,CDD BAK,4500000,0,0,0,1100000,0,5600000,S001 - WH KLS JABABEKA,PT. HARI JAYA SEJAHTERA,7,ON SCHEDULE,29,0,08.07.2026,08.06.2026,11.06.2026,19.06.2026,22.06.2026,23.06.2026,01.07.2026,,S001,WH KLS JABABEKA
I100260608L006_S001,CDD BAK,4500000,0,0,0,1100000,0,5600000,S001 - WH KLS JABABEKA,PT. HARI JAYA SEJAHTERA,7,ON SCHEDULE,29,0,08.07.2026,08.06.2026,11.06.2026,19.06.2026,22.06.2026,23.06.2026,01.07.2026,,S001,WH KLS JABABEKA
I100260608L007_S001,CONT-20,15500000,0,0,300000,0,0,15800000,S001 - WH KLS JABABEKA,PT. SENTOSA PRIMA ABADI,6,LATE,40,56,20.07.2026,09.06.2026,24.06.2026,27.07.2026,28.07.2026,29.07.2026,29.07.2026,,S001,WH KLS JABABEKA
I100260608L008_S001,CDD BAK,7500000,0,0,0,500000,0,8000000,S001 - WH KLS JABABEKA,PT. EKA CIPTA MANGGALA,7,ON SCHEDULE,31,0,10.07.2026,08.06.2026,17.06.2026,19.06.2026,22.06.2026,22.06.2026,22.06.2026,,S001,WH KLS JABABEKA
I100260608L008_S001,CDD BAK,7500000,0,0,0,500000,0,8000000,S001 - WH KLS JABABEKA,PT. EKA CIPTA MANGGALA,7,ON SCHEDULE,31,0,10.07.2026,08.06.2026,17.06.2026,19.06.2026,22.06.2026,22.06.2026,22.06.2026,,S001,WH KLS JABABEKA
I100260608L008_S001,CDD BAK,7500000,0,0,0,500000,0,8000000,S001 - WH KLS JABABEKA,PT. EKA CIPTA MANGGALA,7,ON SCHEDULE,31,0,10.07.2026,08.06.2026,17.06.2026,19.06.2026,22.06.2026,22.06.2026,22.06.2026,,S001,WH KLS JABABEKA
I100260608L009_S001,CDD BAK,7500000,0,0,0,500000,0,8000000,S001 - WH KLS JABABEKA,PT. EKA CIPTA MANGGALA,7,ON SCHEDULE,31,0,10.07.2026,08.06.2026,17.06.2026,19.06.2026,22.06.2026,22.06.2026,22.06.2026,,S001,WH KLS JABABEKA
I100260608L009_S001,CDD BAK,7500000,0,0,0,500000,0,8000000,S001 - WH KLS JABABEKA,PT. EKA CIPTA MANGGALA,7,ON SCHEDULE,31,0,10.07.2026,08.06.2026,17.06.2026,19.06.2026,22.06.2026,22.06.2026,22.06.2026,,S001,WH KLS JABABEKA
I100260608L009_S001,CDD BAK,7500000,0,0,0,500000,0,8000000,S001 - WH KLS JABABEKA,PT. EKA CIPTA MANGGALA,7,ON SCHEDULE,31,0,10.07.2026,08.06.2026,17.06.2026,19.06.2026,22.06.2026,22.06.2026,22.06.2026,,S001,WH KLS JABABEKA
I100260608L023_S001,CDE PICKUP,308000,0,0,0,0,0,308000,S001 - WH KLS JABABEKA,PT. Nusantara Cargo Line,7,ON SCHEDULE,27,0,09.07.2026,11.06.2026,28.06.2026,30.06.2026,01.07.2026,01.07.2026,01.07.2026,,S001,WH KLS JABABEKA
I100260608L023_S001,CDE PICKUP,308000,0,0,0,0,0,308000,S001 - WH KLS JABABEKA,PT. Nusantara Cargo Line,7,ON SCHEDULE,27,0,09.07.2026,11.06.2026,28.06.2026,30.06.2026,01.07.2026,01.07.2026,01.07.2026,,S001,WH KLS JABABEKA
I100260608L026_S001,CDE PICKUP,300000,0,0,0,0,0,300000,S001 - WH KLS JABABEKA,PT. Nusantara Cargo Line,7,ON SCHEDULE,27,0,09.07.2026,11.06.2026,28.06.2026,30.06.2026,01.07.2026,01.07.2026,01.07.2026,,S001,WH KLS JABABEKA
I100260608L026_S001,CDE PICKUP,300000,0,0,0,0,0,300000,S001 - WH KLS JABABEKA,PT. Nusantara Cargo Line,7,ON SCHEDULE,27,0,09.07.2026,11.06.2026,28.06.2026,30.06.2026,01.07.2026,01.07.2026,01.07.2026,,S001,WH KLS JABABEKA
I100260608L027_S001,CDE PICKUP,325000,0,0,0,0,0,325000,S001 - WH KLS JABABEKA,PT. Nusantara Cargo Line,7,ON SCHEDULE,27,0,09.07.2026,11.06.2026,28.06.2026,30.06.2026,01.07.2026,01.07.2026,01.07.2026,,S001,WH KLS JABABEKA
I100260608L027_S001,CDE PICKUP,325000,0,0,0,0,0,325000,S001 - WH KLS JABABEKA,PT. Nusantara Cargo Line,7,ON SCHEDULE,27,0,09.07.2026,11.06.2026,28.06.2026,30.06.2026,01.07.2026,01.07.2026,01.07.2026,,S001,WH KLS JABABEKA
I100260608L028_S001,CDE PICKUP,262500,0,0,0,0,0,262500,S001 - WH KLS JABABEKA,PT. Nusantara Cargo Line,7,ON SCHEDULE,27,0,09.07.2026,11.06.2026,28.06.2026,30.06.2026,01.07.2026,01.07.2026,01.07.2026,,S001,WH KLS JABABEKA
I100260608L028_S001,CDE PICKUP,262500,0,0,0,0,0,262500,S001 - WH KLS JABABEKA,PT. Nusantara Cargo Line,7,ON SCHEDULE,27,0,09.07.2026,11.06.2026,28.06.2026,30.06.2026,01.07.2026,01.07.2026,01.07.2026,,S001,WH KLS JABABEKA
I100260608L029_S001,CDE PICKUP,0,0,0,0,0,0,0,S001 - WH KLS JABABEKA,PT. Nusantara Cargo Line,1,LATE,1,49,17.06.2026,15.06.2026,,,,,,,S001,WH KLS JABABEKA
I100260608L095_S001,TRAILER LOSBAK,28750000,0,0,0,0,0,28750000,S001 - WH KLS JABABEKA,CV. BANGUN JASA TRANS,7,ON SCHEDULE,27,0,08.07.2026,10.06.2026,,19.06.2026,26.06.2026,26.06.2026,26.06.2026,,S001,WH KLS JABABEKA
I100260608L099_S001,CDD BAK,3421969,0,0,0,1000000,304175,4726144,S001 - WH KLS JABABEKA,PT. HARI JAYA TRANSPORTASI,7,ON SCHEDULE,27,0,06.07.2026,08.06.2026,11.06.2026,25.06.2026,26.06.2026,26.06.2026,26.06.2026,,S001,WH KLS JABABEKA
I100260608L099_S001,CDD BAK,3421969,0,0,0,1000000,304175,4726144,S001 - WH KLS JABABEKA,PT. HARI JAYA TRANSPORTASI,7,ON SCHEDULE,27,0,06.07.2026,08.06.2026,11.06.2026,25.06.2026,26.06.2026,26.06.2026,26.06.2026,,S001,WH KLS JABABEKA
I100260608L099_S001,CDD BAK,3421969,0,0,0,1000000,304175,4726144,S001 - WH KLS JABABEKA,PT. HARI JAYA TRANSPORTASI,7,ON SCHEDULE,27,0,06.07.2026,08.06.2026,11.06.2026,25.06.2026,26.06.2026,26.06.2026,26.06.2026,,S001,WH KLS JABABEKA
I100260608L099_S001,CDD BAK,3421969,0,0,0,1000000,304175,4726144,S001 - WH KLS JABABEKA,PT. HARI JAYA TRANSPORTASI,7,ON SCHEDULE,27,0,06.07.2026,08.06.2026,11.06.2026,25.06.2026,26.06.2026,26.06.2026,26.06.2026,,S001,WH KLS JABABEKA
I100260608L099_S001,CDD BAK,3421969,0,0,0,1000000,304175,4726144,S001 - WH KLS JABABEKA,PT. HARI JAYA TRANSPORTASI,7,ON SCHEDULE,27,0,06.07.2026,08.06.2026,11.06.2026,25.06.2026,26.06.2026,26.06.2026,26.06.2026,,S001,WH KLS JABABEKA
I100260608L099_S001,CDD BAK,3421969,0,0,0,1000000,304175,4726144,S001 - WH KLS JABABEKA,PT. HARI JAYA TRANSPORTASI,7,ON SCHEDULE,27,0,06.07.2026,08.06.2026,11.06.2026,25.06.2026,26.06.2026,26.06.2026,26.06.2026,,S001,WH KLS JABABEKA
I100260608L099_S001,CDD BAK,3421969,0,0,0,1000000,304175,4726144,S001 - WH KLS JABABEKA,PT. HARI JAYA TRANSPORTASI,7,ON SCHEDULE,27,0,06.07.2026,08.06.2026,11.06.2026,25.06.2026,26.06.2026,26.06.2026,26.06.2026,,S001,WH KLS JABABEKA
I100260608L106_S001,MINI VAN BOX,0,0,0,0,0,0,0,S001 - WH KLS JABABEKA,FIRST LOGISTICS,2,LATE,7,53,19.06.2026,11.06.2026,14.07.2026,,,,,,S001,WH KLS JABABEKA
I100260608L107_S001,MINI VAN BOX,0,0,0,0,0,0,0,S001 - WH KLS JABABEKA,FIRST LOGISTICS,2,LATE,7,53,19.06.2026,11.06.2026,14.07.2026,,,,,,S001,WH KLS JABABEKA
I100260608L108_S001,MINI VAN BOX,0,0,0,0,0,0,0,S001 - WH KLS JABABEKA,FIRST LOGISTICS,2,LATE,7,53,19.06.2026,11.06.2026,14.07.2026,,,,,,S001,WH KLS JABABEKA
I100260608L109_S001,MINI VAN BOX,0,0,0,0,0,0,0,S001 - WH KLS JABABEKA,FIRST LOGISTICS,2,LATE,7,53,19.06.2026,11.06.2026,14.07.2026,,,,,,S001,WH KLS JABABEKA
I100260608L110_S001,CDE PICKUP,0,0,0,0,0,0,0,S001 - WH KLS JABABEKA,PT. Nusantara Cargo Line,1,LATE,1,54,13.06.2026,11.06.2026,,,,,,,S001,WH KLS JABABEKA
I100260608L112_S001,CDE PICKUP,1605000,0,0,0,0,0,1605000,S001 - WH KLS JABABEKA,PT. Nusantara Cargo Line,7,ON SCHEDULE,27,0,09.07.2026,11.06.2026,29.06.2026,01.07.2026,01.07.2026,03.07.2026,03.07.2026,,S001,WH KLS JABABEKA
I100260608L112_S001,CDE PICKUP,1605000,0,0,0,0,0,1605000,S001 - WH KLS JABABEKA,PT. Nusantara Cargo Line,7,ON SCHEDULE,27,0,09.07.2026,11.06.2026,29.06.2026,01.07.2026,01.07.2026,03.07.2026,03.07.2026,,S001,WH KLS JABABEKA
I100260609L039_S001,CDD BAK,3269220,0,0,0,0,0,3269220,S001 - WH KLS JABABEKA,PT. HARI JAYA TRANSPORTASI,7,ON SCHEDULE,28,0,08.07.2026,09.06.2026,11.06.2026,25.06.2026,26.06.2026,26.06.2026,26.06.2026,,S001,WH KLS JABABEKA
I100260609L040_S001,CDD BAK,6900000,0,0,0,3700000,2700000,13300000,S001 - WH KLS JABABEKA,BINTANG SAMUDERA,7,ON SCHEDULE,29,0,09.07.2026,09.06.2026,14.06.2026,08.07.2026,08.07.2026,08.07.2026,08.07.2026,,S001,WH KLS JABABEKA
I100260609L040_S001,CDD BAK,6900000,0,0,0,3700000,2700000,13300000,S001 - WH KLS JABABEKA,BINTANG SAMUDERA,7,ON SCHEDULE,29,0,09.07.2026,09.06.2026,14.06.2026,08.07.2026,08.07.2026,08.07.2026,08.07.2026,,S001,WH KLS JABABEKA
I100260609L041_S001,CDD BAK,4100000,0,0,0,400000,0,4500000,S001 - WH KLS JABABEKA,PT. EKA CIPTA MANGGALA,7,ON SCHEDULE,27,0,07.07.2026,09.06.2026,11.06.2026,19.06.2026,22.06.2026,22.06.2026,22.06.2026,,S001,WH KLS JABABEKA
I100260609L041_S001,CDD BAK,4100000,0,0,0,400000,0,4500000,S001 - WH KLS JABABEKA,PT. EKA CIPTA MANGGALA,7,ON SCHEDULE,27,0,07.07.2026,09.06.2026,11.06.2026,19.06.2026,22.06.2026,22.06.2026,22.06.2026,,S001,WH KLS JABABEKA
I100260609L041_S001,CDD BAK,4100000,0,0,0,400000,0,4500000,S001 - WH KLS JABABEKA,PT. EKA CIPTA MANGGALA,7,ON SCHEDULE,27,0,07.07.2026,09.06.2026,11.06.2026,19.06.2026,22.06.2026,22.06.2026,22.06.2026,,S001,WH KLS JABABEKA
I100260609L042_S001,CDD BAK,11500000,0,0,0,0,1500000,13000000,S001 - WH KLS JABABEKA,BINTANG SAMUDERA,6,LATE,29,55,09.07.2026,09.06.2026,17.06.2026,22.07.2026,24.07.2026,24.07.2026,24.07.2026,,S001,WH KLS JABABEKA
I100260609L042_S001,CDD BAK,11500000,0,0,0,0,1500000,13000000,S001 - WH KLS JABABEKA,BINTANG SAMUDERA,6,LATE,29,55,09.07.2026,09.06.2026,17.06.2026,22.07.2026,24.07.2026,24.07.2026,24.07.2026,,S001,WH KLS JABABEKA
I100260609L042_S001,CDD BAK,11500000,0,0,0,0,1500000,13000000,S001 - WH KLS JABABEKA,BINTANG SAMUDERA,6,LATE,29,55,09.07.2026,09.06.2026,17.06.2026,22.07.2026,24.07.2026,24.07.2026,24.07.2026,,S001,WH KLS JABABEKA
I100260609L043_S001,CDD BAK,3700000,0,0,0,800000,400000,4900000,S001 - WH KLS JABABEKA,PT. EKA CIPTA MANGGALA,7,ON SCHEDULE,28,0,08.07.2026,09.06.2026,11.06.2026,19.06.2026,22.06.2026,22.06.2026,22.06.2026,,S001,WH KLS JABABEKA
I100260609L043_S001,CDD BAK,3700000,0,0,0,800000,400000,4900000,S001 - WH KLS JABABEKA,PT. EKA CIPTA MANGGALA,7,ON SCHEDULE,28,0,08.07.2026,09.06.2026,11.06.2026,19.06.2026,22.06.2026,22.06.2026,22.06.2026,,S001,WH KLS JABABEKA
I100260609L043_S001,CDD BAK,3700000,0,0,0,800000,400000,4900000,S001 - WH KLS JABABEKA,PT. EKA CIPTA MANGGALA,7,ON SCHEDULE,28,0,08.07.2026,09.06.2026,11.06.2026,19.06.2026,22.06.2026,22.06.2026,22.06.2026,,S001,WH KLS JABABEKA
I100260609L043_S001,CDD BAK,3700000,0,0,0,800000,400000,4900000,S001 - WH KLS JABABEKA,PT. EKA CIPTA MANGGALA,7,ON SCHEDULE,28,0,08.07.2026,09.06.2026,11.06.2026,19.06.2026,22.06.2026,22.06.2026,22.06.2026,,S001,WH KLS JABABEKA
I100260609L049_S001,FUSO,16350000,0,0,0,0,0,16350000,S001 - WH KLS JABABEKA,PT. Nusantara Cargo Line,6,LATE,27,55,07.07.2026,09.06.2026,,01.07.2026,02.07.2026,06.07.2026,06.07.2026,,S001,WH KLS JABABEKA
I100260609L049_S001,FUSO,16350000,0,0,0,0,0,16350000,S001 - WH KLS JABABEKA,PT. Nusantara Cargo Line,6,LATE,27,55,07.07.2026,09.06.2026,,01.07.2026,02.07.2026,06.07.2026,06.07.2026,,S001,WH KLS JABABEKA
I100260609L050_S001,CONT-40,19674500,0,0,0,0,0,19674500,S001 - WH KLS JABABEKA,PT. Nusantara Cargo Line,6,LATE,27,55,07.07.2026,09.06.2026,,09.07.2026,14.07.2026,22.07.2026,22.07.2026,,S001,WH KLS JABABEKA
I100260609L050_S001,CONT-40,19674500,0,0,0,0,0,19674500,S001 - WH KLS JABABEKA,PT. Nusantara Cargo Line,6,LATE,27,55,07.07.2026,09.06.2026,,09.07.2026,14.07.2026,22.07.2026,22.07.2026,,S001,WH KLS JABABEKA
I100260609L053_S001,FUSO,0,0,0,0,0,0,0,S001 - WH KLS JABABEKA,PT. Nusantara Cargo Line,2,LATE,7,55,17.06.2026,09.06.2026,13.07.2026,,,,,,S001,WH KLS JABABEKA
I100260609L055_S001,FUSO,13897500,0,0,0,0,0,13897500,S001 - WH KLS JABABEKA,PT. Nusantara Cargo Line,6,LATE,27,54,09.07.2026,11.06.2026,13.07.2026,23.07.2026,24.07.2026,27.07.2026,27.07.2026,,S001,WH KLS JABABEKA
I100260609L055_S001,FUSO,13897500,0,0,0,0,0,13897500,S001 - WH KLS JABABEKA,PT. Nusantara Cargo Line,6,LATE,27,54,09.07.2026,11.06.2026,13.07.2026,23.07.2026,24.07.2026,27.07.2026,27.07.2026,,S001,WH KLS JABABEKA
I100260609L056_S001,FUSO,0,0,0,0,0,0,0,S001 - WH KLS JABABEKA,PT. Nusantara Cargo Line,2,LATE,7,54,19.06.2026,11.06.2026,26.06.2026,,,,,,S001,WH KLS JABABEKA
I100260609L077_S001,CDE LONG CHASSIS,600000,0,0,0,0,0,600000,S001 - WH KLS JABABEKA,PT. MERPATI ALAM SEMESTA,4,LATE,15,55,26.06.2026,10.06.2026,29.06.2026,20.07.2026,29.07.2026,,,,S001,WH KLS JABABEKA
I100260609L077_S001,CDE LONG CHASSIS,600000,0,0,0,0,0,600000,S001 - WH KLS JABABEKA,PT. MERPATI ALAM SEMESTA,4,LATE,15,55,26.06.2026,10.06.2026,29.06.2026,20.07.2026,29.07.2026,,,,S001,WH KLS JABABEKA
I100260609L078_S001,CDE PICKUP,101250,0,0,0,0,0,101250,S001 - WH KLS JABABEKA,PT. MERPATI ALAM SEMESTA,4,LATE,15,53,28.06.2026,12.06.2026,26.06.2026,22.07.2026,29.07.2026,,,,S001,WH KLS JABABEKA
I100260609L078_S001,CDE PICKUP,101250,0,0,0,0,0,101250,S001 - WH KLS JABABEKA,PT. MERPATI ALAM SEMESTA,4,LATE,15,53,28.06.2026,12.06.2026,26.06.2026,22.07.2026,29.07.2026,,,,S001,WH KLS JABABEKA
I100260609L080_S001,CDE PICKUP,48000,0,0,0,0,0,48000,S001 - WH KLS JABABEKA,PT. MERPATI ALAM SEMESTA,4,LATE,15,55,26.06.2026,10.06.2026,29.06.2026,22.07.2026,29.07.2026,,,,S001,WH KLS JABABEKA
I100260609L080_S001,CDE PICKUP,48000,0,0,0,0,0,48000,S001 - WH KLS JABABEKA,PT. MERPATI ALAM SEMESTA,4,LATE,15,55,26.06.2026,10.06.2026,29.06.2026,22.07.2026,29.07.2026,,,,S001,WH KLS JABABEKA
I100260609L082_S001,CDE PICKUP,0,0,0,0,0,0,0,S001 - WH KLS JABABEKA,PT. MERPATI ALAM SEMESTA,2,LATE,7,55,18.06.2026,10.06.2026,09.07.2026,,,,,,S001,WH KLS JABABEKA
I100260609L084_S001,CDE PICKUP,50625,0,0,0,0,0,50625,S001 - WH KLS JABABEKA,PT. MERPATI ALAM SEMESTA,4,LATE,15,55,26.06.2026,10.06.2026,29.06.2026,22.07.2026,29.07.2026,,,,S001,WH KLS JABABEKA
I100260609L084_S001,CDE PICKUP,50625,0,0,0,0,0,50625,S001 - WH KLS JABABEKA,PT. MERPATI ALAM SEMESTA,4,LATE,15,55,26.06.2026,10.06.2026,29.06.2026,22.07.2026,29.07.2026,,,,S001,WH KLS JABABEKA
I100260609L099_S001,CDE PICKUP,5148000,0,0,0,0,0,5148000,S001 - WH KLS JABABEKA,PT. MERPATI ALAM SEMESTA,4,LATE,15,55,26.06.2026,10.06.2026,29.06.2026,22.07.2026,29.07.2026,,,,S001,WH KLS JABABEKA
I100260609L099_S001,CDE PICKUP,5148000,0,0,0,0,0,5148000,S001 - WH KLS JABABEKA,PT. MERPATI ALAM SEMESTA,4,LATE,15,55,26.06.2026,10.06.2026,29.06.2026,22.07.2026,29.07.2026,,,,S001,WH KLS JABABEKA
I100260609L100_S001,CDE PICKUP,1140000,0,0,0,0,0,1140000,S001 - WH KLS JABABEKA,PT. MERPATI ALAM SEMESTA,4,LATE,15,55,26.06.2026,10.06.2026,29.06.2026,22.07.2026,29.07.2026,,,,S001,WH KLS JABABEKA
I100260609L100_S001,CDE PICKUP,1140000,0,0,0,0,0,1140000,S001 - WH KLS JABABEKA,PT. MERPATI ALAM SEMESTA,4,LATE,15,55,26.06.2026,10.06.2026,29.06.2026,22.07.2026,29.07.2026,,,,S001,WH KLS JABABEKA
I100260609L102_S001,MINI VAN BOX,0,0,0,0,0,0,0,S001 - WH KLS JABABEKA,FIRST LOGISTICS,2,LATE,7,54,18.06.2026,10.06.2026,14.07.2026,,,,,,S001,WH KLS JABABEKA
I100260609L103_S001,MINI VAN BOX,0,0,0,0,0,0,0,S001 - WH KLS JABABEKA,FIRST LOGISTICS,2,LATE,7,54,18.06.2026,10.06.2026,14.07.2026,,,,,,S001,WH KLS JABABEKA
I100260609L104_S001,MINI VAN BOX,0,0,0,0,0,0,0,S001 - WH KLS JABABEKA,FIRST LOGISTICS,2,LATE,7,54,18.06.2026,10.06.2026,14.07.2026,,,,,,S001,WH KLS JABABEKA
I100260609L105_S001,MINI VAN BOX,0,0,0,0,0,0,0,S001 - WH KLS JABABEKA,FIRST LOGISTICS,2,LATE,7,54,18.06.2026,10.06.2026,14.07.2026,,,,,,S001,WH KLS JABABEKA
I100260609L106_S001,CDE PICKUP,429000,0,0,0,0,0,429000,S001 - WH KLS JABABEKA,PT. MERPATI ALAM SEMESTA,4,LATE,15,55,26.06.2026,10.06.2026,26.06.2026,22.07.2026,29.07.2026,,,,S001,WH KLS JABABEKA
I100260609L106_S001,CDE PICKUP,429000,0,0,0,0,0,429000,S001 - WH KLS JABABEKA,PT. MERPATI ALAM SEMESTA,4,LATE,15,55,26.06.2026,10.06.2026,26.06.2026,22.07.2026,29.07.2026,,,,S001,WH KLS JABABEKA
I100260609L108_S001,CDE PICKUP,101250,0,0,0,0,0,101250,S001 - WH KLS JABABEKA,PT. MERPATI ALAM SEMESTA,4,LATE,15,55,26.06.2026,10.06.2026,26.06.2026,22.07.2026,29.07.2026,,,,S001,WH KLS JABABEKA
I100260609L108_S001,CDE PICKUP,101250,0,0,0,0,0,101250,S001 - WH KLS JABABEKA,PT. MERPATI ALAM SEMESTA,4,LATE,15,55,26.06.2026,10.06.2026,26.06.2026,22.07.2026,29.07.2026,,,,S001,WH KLS JABABEKA
I100260609L109_S001,CDE PICKUP,1644000,0,0,0,0,0,1644000,S001 - WH KLS JABABEKA,PT. MERPATI ALAM SEMESTA,4,LATE,15,55,26.06.2026,10.06.2026,26.06.2026,22.07.2026,29.07.2026,,,,S001,WH KLS JABABEKA
I100260609L109_S001,CDE PICKUP,1644000,0,0,0,0,0,1644000,S001 - WH KLS JABABEKA,PT. MERPATI ALAM SEMESTA,4,LATE,15,55,26.06.2026,10.06.2026,26.06.2026,22.07.2026,29.07.2026,,,,S001,WH KLS JABABEKA
I100260609L111_S001,CDE PICKUP,0,0,0,0,0,0,0,S001 - WH KLS JABABEKA,PT. MERPATI ALAM SEMESTA,1,LATE,1,52,14.06.2026,12.06.2026,,,,,,,S001,WH KLS JABABEKA
I100260609L113_S001,MINI VAN BOX,0,0,0,0,0,0,0,S001 - WH KLS JABABEKA,FIRST LOGISTICS,2,LATE,7,54,18.06.2026,10.06.2026,14.07.2026,,,,,,S001,WH KLS JABABEKA
I100260609T028_S001,WINGBOX,5650000,0,0,0,0,0,5650000,S001 - WH KLS JABABEKA,PT. DUTA MEDIA MANDIRI,7,ON SCHEDULE,29,0,10.07.2026,10.06.2026,14.06.2026,17.06.2026,18.06.2026,18.06.2026,18.06.2026,,S001,WH KLS JABABEKA
I100260609T029_S001,CONT-20,15400000,0,0,0,0,0,15400000,S001 - WH KLS JABABEKA,PT. SENTOSA PRIMA ABADI,6,LATE,38,55,19.07.2026,10.06.2026,24.06.2026,13.07.2026,14.07.2026,24.07.2026,24.07.2026,,S001,WH KLS JABABEKA
I100260610L013_S001,FUSO,3690000,0,0,0,0,0,3690000,S001 - WH KLS JABABEKA,BEPA IKA PEKASA,6,LATE,27,54,09.07.2026,11.06.2026,21.07.2026,22.07.2026,24.07.2026,24.07.2026,29.07.2026,,S001,WH KLS JABABEKA
I100260610L015_S001,FUSO,4691400,0,0,0,0,0,4691400,S001 - WH KLS JABABEKA,BEPA IKA PEKASA,6,LATE,27,49,13.07.2026,15.06.2026,14.07.2026,20.07.2026,24.07.2026,24.07.2026,29.07.2026,,S001,WH KLS JABABEKA
I100260610L016_S001,FUSO,6820400,0,0,0,0,0,6820400,S001 - WH KLS JABABEKA,BEPA IKA PEKASA,6,LATE,27,49,13.07.2026,15.06.2026,14.07.2026,20.07.2026,24.07.2026,24.07.2026,29.07.2026,,S001,WH KLS JABABEKA
I100260610L017_S001,FUSO,707600,0,0,0,0,0,707600,S001 - WH KLS JABABEKA,BEPA IKA PEKASA,6,LATE,27,49,13.07.2026,15.06.2026,14.07.2026,20.07.2026,24.07.2026,24.07.2026,29.07.2026,,S001,WH KLS JABABEKA
I100260610L024_S001,MINI VAN BOX,0,0,0,0,0,0,0,S001 - WH KLS JABABEKA,FIRST LOGISTICS,2,LATE,7,54,18.06.2026,10.06.2026,14.07.2026,,,,,,S001,WH KLS JABABEKA
I100260610L044_S001,WINGBOX,6500000,0,0,0,0,1388000,7888000,S001 - WH KLS JABABEKA,PT. DUTA MEDIA MANDIRI,7,ON SCHEDULE,27,0,08.07.2026,10.06.2026,,23.06.2026,26.06.2026,30.06.2026,30.06.2026,,S001,WH KLS JABABEKA
I100260610L044_S001,WINGBOX,6500000,0,0,0,0,1388000,7888000,S001 - WH KLS JABABEKA,PT. DUTA MEDIA MANDIRI,7,ON SCHEDULE,27,0,08.07.2026,10.06.2026,,23.06.2026,26.06.2026,30.06.2026,30.06.2026,,S001,WH KLS JABABEKA
I100260610L045_S001,CDD BAK,4000000,0,0,0,400000,0,4400000,S001 - WH KLS JABABEKA,PT. EKA CIPTA MANGGALA,7,ON SCHEDULE,27,0,13.07.2026,15.06.2026,16.06.2026,19.06.2026,22.06.2026,22.06.2026,22.06.2026,,S001,WH KLS JABABEKA
I100260610L045_S001,CDD BAK,4000000,0,0,0,400000,0,4400000,S001 - WH KLS JABABEKA,PT. EKA CIPTA MANGGALA,7,ON SCHEDULE,27,0,13.07.2026,15.06.2026,16.06.2026,19.06.2026,22.06.2026,22.06.2026,22.06.2026,,S001,WH KLS JABABEKA
I100260610L045_S001,CDD BAK,4000000,0,0,0,400000,0,4400000,S001 - WH KLS JABABEKA,PT. EKA CIPTA MANGGALA,7,ON SCHEDULE,27,0,13.07.2026,15.06.2026,16.06.2026,19.06.2026,22.06.2026,22.06.2026,22.06.2026,,S001,WH KLS JABABEKA
I100260610L046_S001,CDD BAK,4500000,0,0,0,550000,0,5050000,S001 - WH KLS JABABEKA,PT. HARI JAYA SEJAHTERA,6,LATE,27,54,08.07.2026,10.06.2026,14.06.2026,19.06.2026,22.06.2026,07.07.2026,07.07.2026,,S001,WH KLS JABABEKA
I100260610L046_S001,CDD BAK,4500000,0,0,0,550000,0,5050000,S001 - WH KLS JABABEKA,PT. HARI JAYA SEJAHTERA,6,LATE,27,54,08.07.2026,10.06.2026,14.06.2026,19.06.2026,22.06.2026,07.07.2026,07.07.2026,,S001,WH KLS JABABEKA
I100260610L047_S001,CDD BAK,7500000,0,0,0,0,0,7500000,S001 - WH KLS JABABEKA,PT. EKA CIPTA MANGGALA,7,ON SCHEDULE,31,0,12.07.2026,10.06.2026,16.06.2026,19.06.2026,19.06.2026,22.06.2026,22.06.2026,,S001,WH KLS JABABEKA
I100260610L048_S001,CDD BAK,5300000,0,0,0,800000,0,6100000,S001 - WH KLS JABABEKA,PT. EKA CIPTA MANGGALA,7,ON SCHEDULE,29,0,10.07.2026,10.06.2026,14.06.2026,19.06.2026,22.06.2026,22.06.2026,22.06.2026,,S001,WH KLS JABABEKA
I100260610L048_S001,CDD BAK,5300000,0,0,0,800000,0,6100000,S001 - WH KLS JABABEKA,PT. EKA CIPTA MANGGALA,7,ON SCHEDULE,29,0,10.07.2026,10.06.2026,14.06.2026,19.06.2026,22.06.2026,22.06.2026,22.06.2026,,S001,WH KLS JABABEKA
I100260610L048_S001,CDD BAK,5300000,0,0,0,800000,0,6100000,S001 - WH KLS JABABEKA,PT. EKA CIPTA MANGGALA,7,ON SCHEDULE,29,0,10.07.2026,10.06.2026,14.06.2026,19.06.2026,22.06.2026,22.06.2026,22.06.2026,,S001,WH KLS JABABEKA
I100260610L048_S001,CDD BAK,5300000,0,0,0,800000,0,6100000,S001 - WH KLS JABABEKA,PT. EKA CIPTA MANGGALA,7,ON SCHEDULE,29,0,10.07.2026,10.06.2026,14.06.2026,19.06.2026,22.06.2026,22.06.2026,22.06.2026,,S001,WH KLS JABABEKA
I100260610L049_S001,CDD BAK,4500000,0,0,0,1200000,0,5700000,S001 - WH KLS JABABEKA,PT. HARI JAYA SEJAHTERA,6,LATE,29,54,10.07.2026,10.06.2026,14.06.2026,19.06.2026,22.06.2026,22.07.2026,30.07.2026,,S001,WH KLS JABABEKA
I100260610L049_S001,CDD BAK,4500000,0,0,0,1200000,0,5700000,S001 - WH KLS JABABEKA,PT. HARI JAYA SEJAHTERA,6,LATE,29,54,10.07.2026,10.06.2026,14.06.2026,19.06.2026,22.06.2026,22.07.2026,30.07.2026,,S001,WH KLS JABABEKA
I100260610L049_S001,CDD BAK,4500000,0,0,0,1200000,0,5700000,S001 - WH KLS JABABEKA,PT. HARI JAYA SEJAHTERA,6,LATE,29,54,10.07.2026,10.06.2026,14.06.2026,19.06.2026,22.06.2026,22.07.2026,30.07.2026,,S001,WH KLS JABABEKA
I100260610L050_S001,CDD BAK,4500000,0,0,0,0,0,4500000,S001 - WH KLS JABABEKA,PT. HARI JAYA SEJAHTERA,7,ON SCHEDULE,29,0,10.07.2026,10.06.2026,14.06.2026,15.06.2026,16.06.2026,29.06.2026,30.06.2026,,S001,WH KLS JABABEKA
I100260610L055_S001,CDD PICK UP,0,0,0,0,0,0,0,S001 - WH KLS JABABEKA,PT.ALIJASIN LOGISTIK INDONESIA,2,LATE,7,49,23.06.2026,15.06.2026,29.06.2026,,,,,,S001,WH KLS JABABEKA
I100260610L086_S001,CDE PICKUP,618000,0,0,0,0,0,618000,S001 - WH KLS JABABEKA,PT. Nusantara Cargo Line,6,LATE,27,49,13.07.2026,15.06.2026,,09.07.2026,14.07.2026,21.07.2026,21.07.2026,,S001,WH KLS JABABEKA
I100260610L086_S001,CDE PICKUP,618000,0,0,0,0,0,618000,S001 - WH KLS JABABEKA,PT. Nusantara Cargo Line,6,LATE,27,49,13.07.2026,15.06.2026,,09.07.2026,14.07.2026,21.07.2026,21.07.2026,,S001,WH KLS JABABEKA
I100260610L088_S001,CDE PICKUP,721000,0,0,0,0,0,721000,S001 - WH KLS JABABEKA,PT. Nusantara Cargo Line,6,LATE,27,49,13.07.2026,15.06.2026,04.07.2026,06.07.2026,08.07.2026,08.07.2026,08.07.2026,,S001,WH KLS JABABEKA
I100260610L088_S001,CDE PICKUP,721000,0,0,0,0,0,721000,S001 - WH KLS JABABEKA,PT. Nusantara Cargo Line,6,LATE,27,49,13.07.2026,15.06.2026,04.07.2026,06.07.2026,08.07.2026,08.07.2026,08.07.2026,,S001,WH KLS JABABEKA
I100260610L089_S001,CDE PICKUP,540750,0,0,0,0,0,540750,S001 - WH KLS JABABEKA,PT. Nusantara Cargo Line,7,ON SCHEDULE,27,0,13.07.2026,15.06.2026,26.06.2026,29.06.2026,01.07.2026,03.07.2026,03.07.2026,,S001,WH KLS JABABEKA
I100260610L089_S001,CDE PICKUP,540750,0,0,0,0,0,540750,S001 - WH KLS JABABEKA,PT. Nusantara Cargo Line,7,ON SCHEDULE,27,0,13.07.2026,15.06.2026,26.06.2026,29.06.2026,01.07.2026,03.07.2026,03.07.2026,,S001,WH KLS JABABEKA
I100260610L091_S001,CDE PICKUP,0,0,0,0,0,0,0,S001 - WH KLS JABABEKA,PT. Nusantara Cargo Line,2,LATE,7,48,25.06.2026,17.06.2026,26.06.2026,,,,,,S001,WH KLS JABABEKA
I100260610L092_S001,CDE PICKUP,40000,0,0,0,0,0,40000,S001 - WH KLS JABABEKA,PT. MERPATI ALAM SEMESTA,4,LATE,15,49,01.07.2026,15.06.2026,26.06.2026,22.07.2026,29.07.2026,,,,S001,WH KLS JABABEKA
I100260610L092_S001,CDE PICKUP,40000,0,0,0,0,0,40000,S001 - WH KLS JABABEKA,PT. MERPATI ALAM SEMESTA,4,LATE,15,49,01.07.2026,15.06.2026,26.06.2026,22.07.2026,29.07.2026,,,,S001,WH KLS JABABEKA
I100260610L093_S001,CDE PICKUP,1117500,0,0,0,0,0,1117500,S001 - WH KLS JABABEKA,PT. Nusantara Cargo Line,7,ON SCHEDULE,27,0,13.07.2026,15.06.2026,26.06.2026,29.06.2026,01.07.2026,03.07.2026,03.07.2026,,S001,WH KLS JABABEKA
I100260610L093_S001,CDE PICKUP,1117500,0,0,0,0,0,1117500,S001 - WH KLS JABABEKA,PT. Nusantara Cargo Line,7,ON SCHEDULE,27,0,13.07.2026,15.06.2026,26.06.2026,29.06.2026,01.07.2026,03.07.2026,03.07.2026,,S001,WH KLS JABABEKA
I100260610L094_S001,CDE PICKUP,534000,0,0,0,0,0,534000,S001 - WH KLS JABABEKA,PT. Nusantara Cargo Line,6,LATE,27,49,13.07.2026,15.06.2026,04.07.2026,06.07.2026,08.07.2026,08.07.2026,08.07.2026,,S001,WH KLS JABABEKA
I100260610L094_S001,CDE PICKUP,534000,0,0,0,0,0,534000,S001 - WH KLS JABABEKA,PT. Nusantara Cargo Line,6,LATE,27,49,13.07.2026,15.06.2026,04.07.2026,06.07.2026,08.07.2026,08.07.2026,08.07.2026,,S001,WH KLS JABABEKA
I100260610L095_S001,CDE PICKUP,0,0,0,0,0,0,0,S001 - WH KLS JABABEKA,PT. Nusantara Cargo Line,2,LATE,7,48,25.06.2026,17.06.2026,13.07.2026,,,,,,S001,WH KLS JABABEKA
I100260610L098_S001,CDE PICKUP,275000,0,0,0,0,0,275000,S001 - WH KLS JABABEKA,PT. Nusantara Cargo Line,7,ON SCHEDULE,27,0,13.07.2026,15.06.2026,26.06.2026,29.06.2026,01.07.2026,03.07.2026,03.07.2026,,S001,WH KLS JABABEKA
I100260610L098_S001,CDE PICKUP,275000,0,0,0,0,0,275000,S001 - WH KLS JABABEKA,PT. Nusantara Cargo Line,7,ON SCHEDULE,27,0,13.07.2026,15.06.2026,26.06.2026,29.06.2026,01.07.2026,03.07.2026,03.07.2026,,S001,WH KLS JABABEKA
I100260610L113_S001,MINI VAN BOX,0,0,0,0,0,0,0,S001 - WH KLS JABABEKA,FIRST LOGISTICS,2,LATE,7,54,19.06.2026,11.06.2026,26.06.2026,,,,,,S001,WH KLS JABABEKA
I100260610L114_S001,MINI VAN BOX,0,0,0,0,0,0,0,S001 - WH KLS JABABEKA,FIRST LOGISTICS,2,LATE,7,54,19.06.2026,11.06.2026,26.06.2026,,,,,,S001,WH KLS JABABEKA
I100260610L115_S001,MINI VAN BOX,0,0,0,0,0,0,0,S001 - WH KLS JABABEKA,FIRST LOGISTICS,2,LATE,7,54,19.06.2026,11.06.2026,26.06.2026,,,,,,S001,WH KLS JABABEKA
I100260610L116_S001,CDE PICKUP,325000,0,0,0,0,0,325000,S001 - WH KLS JABABEKA,PT. Nusantara Cargo Line,7,ON SCHEDULE,27,0,15.07.2026,17.06.2026,26.06.2026,29.06.2026,01.07.2026,03.07.2026,03.07.2026,,S001,WH KLS JABABEKA
I100260610L116_S001,CDE PICKUP,325000,0,0,0,0,0,325000,S001 - WH KLS JABABEKA,PT. Nusantara Cargo Line,7,ON SCHEDULE,27,0,15.07.2026,17.06.2026,26.06.2026,29.06.2026,01.07.2026,03.07.2026,03.07.2026,,S001,WH KLS JABABEKA
I100260610L117_S001,CDE PICKUP,275000,0,0,0,0,0,275000,S001 - WH KLS JABABEKA,PT. Nusantara Cargo Line,6,LATE,27,37,25.07.2026,27.06.2026,13.07.2026,13.07.2026,14.07.2026,21.07.2026,21.07.2026,,S001,WH KLS JABABEKA
I100260610L117_S001,CDE PICKUP,275000,0,0,0,0,0,275000,S001 - WH KLS JABABEKA,PT. Nusantara Cargo Line,6,LATE,27,37,25.07.2026,27.06.2026,13.07.2026,13.07.2026,14.07.2026,21.07.2026,21.07.2026,,S001,WH KLS JABABEKA
I100260610L120_S001,CDE PICKUP,4806000,0,0,0,0,0,4806000,S001 - WH KLS JABABEKA,PT. MERPATI ALAM SEMESTA,4,LATE,15,54,27.06.2026,11.06.2026,26.06.2026,28.07.2026,29.07.2026,,,,S001,WH KLS JABABEKA
I100260610L120_S001,CDE PICKUP,4806000,0,0,0,0,0,4806000,S001 - WH KLS JABABEKA,PT. MERPATI ALAM SEMESTA,4,LATE,15,54,27.06.2026,11.06.2026,26.06.2026,28.07.2026,29.07.2026,,,,S001,WH KLS JABABEKA
I100260610L122_S001,CDE PICKUP,262500,0,0,0,0,0,262500,S001 - WH KLS JABABEKA,PT. Nusantara Cargo Line,7,ON SCHEDULE,27,0,15.07.2026,17.06.2026,26.06.2026,29.06.2026,01.07.2026,03.07.2026,03.07.2026,,S001,WH KLS JABABEKA
I100260610L122_S001,CDE PICKUP,262500,0,0,0,0,0,262500,S001 - WH KLS JABABEKA,PT. Nusantara Cargo Line,7,ON SCHEDULE,27,0,15.07.2026,17.06.2026,26.06.2026,29.06.2026,01.07.2026,03.07.2026,03.07.2026,,S001,WH KLS JABABEKA
I100260610L123_S001,CDE PICKUP,196000,0,0,0,0,0,196000,S001 - WH KLS JABABEKA,PT. MERPATI ALAM SEMESTA,4,LATE,15,49,01.07.2026,15.06.2026,26.06.2026,22.07.2026,29.07.2026,,,,S001,WH KLS JABABEKA
I100260610L123_S001,CDE PICKUP,196000,0,0,0,0,0,196000,S001 - WH KLS JABABEKA,PT. MERPATI ALAM SEMESTA,4,LATE,15,49,01.07.2026,15.06.2026,26.06.2026,22.07.2026,29.07.2026,,,,S001,WH KLS JABABEKA
I100260610T046_S001,WINGBOX,20000000,0,0,0,0,0,20000000,S001 - WH KLS JABABEKA,PT. ORANG KREATIF EKSIS,6,LATE,32,48,19.07.2026,16.06.2026,23.06.2026,03.07.2026,03.07.2026,17.07.2026,17.07.2026,,S001,WH KLS JABABEKA
I100260611L027_S001,CDD BAK,4000000,0,0,0,400000,0,4400000,S001 - WH KLS JABABEKA,PT. EKA CIPTA MANGGALA,7,ON SCHEDULE,27,0,09.07.2026,11.06.2026,14.06.2026,19.06.2026,22.06.2026,22.06.2026,22.06.2026,,S001,WH KLS JABABEKA
I100260611L027_S001,CDD BAK,4000000,0,0,0,400000,0,4400000,S001 - WH KLS JABABEKA,PT. EKA CIPTA MANGGALA,7,ON SCHEDULE,27,0,09.07.2026,11.06.2026,14.06.2026,19.06.2026,22.06.2026,22.06.2026,22.06.2026,,S001,WH KLS JABABEKA
I100260611L027_S001,CDD BAK,4000000,0,0,0,400000,0,4400000,S001 - WH KLS JABABEKA,PT. EKA CIPTA MANGGALA,7,ON SCHEDULE,27,0,09.07.2026,11.06.2026,14.06.2026,19.06.2026,22.06.2026,22.06.2026,22.06.2026,,S001,WH KLS JABABEKA
I100260611L028_S001,CDD BAK,4000000,0,0,0,1200000,0,5200000,S001 - WH KLS JABABEKA,PT. EKA CIPTA MANGGALA,7,ON SCHEDULE,27,0,15.07.2026,17.06.2026,17.06.2026,19.06.2026,22.06.2026,22.06.2026,22.06.2026,,S001,WH KLS JABABEKA
I100260611L028_S001,CDD BAK,4000000,0,0,0,1200000,0,5200000,S001 - WH KLS JABABEKA,PT. EKA CIPTA MANGGALA,7,ON SCHEDULE,27,0,15.07.2026,17.06.2026,17.06.2026,19.06.2026,22.06.2026,22.06.2026,22.06.2026,,S001,WH KLS JABABEKA
I100260611L028_S001,CDD BAK,4000000,0,0,0,1200000,0,5200000,S001 - WH KLS JABABEKA,PT. EKA CIPTA MANGGALA,7,ON SCHEDULE,27,0,15.07.2026,17.06.2026,17.06.2026,19.06.2026,22.06.2026,22.06.2026,22.06.2026,,S001,WH KLS JABABEKA
I100260611L028_S001,CDD BAK,4000000,0,0,0,1200000,0,5200000,S001 - WH KLS JABABEKA,PT. EKA CIPTA MANGGALA,7,ON SCHEDULE,27,0,15.07.2026,17.06.2026,17.06.2026,19.06.2026,22.06.2026,22.06.2026,22.06.2026,,S001,WH KLS JABABEKA
I100260611L028_S001,CDD BAK,4000000,0,0,0,1200000,0,5200000,S001 - WH KLS JABABEKA,PT. EKA CIPTA MANGGALA,7,ON SCHEDULE,27,0,15.07.2026,17.06.2026,17.06.2026,19.06.2026,22.06.2026,22.06.2026,22.06.2026,,S001,WH KLS JABABEKA
I100260611L028_S001,CDD BAK,4000000,0,0,0,1200000,0,5200000,S001 - WH KLS JABABEKA,PT. EKA CIPTA MANGGALA,7,ON SCHEDULE,27,0,15.07.2026,17.06.2026,17.06.2026,19.06.2026,22.06.2026,22.06.2026,22.06.2026,,S001,WH KLS JABABEKA
I100260611L029_S001,CONT-20,15800000,0,0,300000,0,0,16100000,S001 - WH KLS JABABEKA,PT. SENTOSA PRIMA ABADI,6,LATE,40,53,23.07.2026,12.06.2026,01.07.2026,27.07.2026,28.07.2026,29.07.2026,29.07.2026,,S001,WH KLS JABABEKA
I100260611L030_S001,CDD BAK,11500000,0,0,0,2300000,0,13800000,S001 - WH KLS JABABEKA,BINTANG SAMUDERA,7,ON SCHEDULE,29,0,12.07.2026,12.06.2026,17.06.2026,03.07.2026,08.07.2026,08.07.2026,08.07.2026,,S001,WH KLS JABABEKA
I100260611L030_S001,CDD BAK,11500000,0,0,0,2300000,0,13800000,S001 - WH KLS JABABEKA,BINTANG SAMUDERA,7,ON SCHEDULE,29,0,12.07.2026,12.06.2026,17.06.2026,03.07.2026,08.07.2026,08.07.2026,08.07.2026,,S001,WH KLS JABABEKA
I100260611L031_S001,CDD BAK,4100000,0,0,0,800000,0,4900000,S001 - WH KLS JABABEKA,PT. EKA CIPTA MANGGALA,7,ON SCHEDULE,27,0,15.07.2026,17.06.2026,17.06.2026,19.06.2026,22.06.2026,22.06.2026,22.06.2026,,S001,WH KLS JABABEKA
I100260611L031_S001,CDD BAK,4100000,0,0,0,800000,0,4900000,S001 - WH KLS JABABEKA,PT. EKA CIPTA MANGGALA,7,ON SCHEDULE,27,0,15.07.2026,17.06.2026,17.06.2026,19.06.2026,22.06.2026,22.06.2026,22.06.2026,,S001,WH KLS JABABEKA
I100260611L031_S001,CDD BAK,4100000,0,0,0,800000,0,4900000,S001 - WH KLS JABABEKA,PT. EKA CIPTA MANGGALA,7,ON SCHEDULE,27,0,15.07.2026,17.06.2026,17.06.2026,19.06.2026,22.06.2026,22.06.2026,22.06.2026,,S001,WH KLS JABABEKA
I100260611L031_S001,CDD BAK,4100000,0,0,0,800000,0,4900000,S001 - WH KLS JABABEKA,PT. EKA CIPTA MANGGALA,7,ON SCHEDULE,27,0,15.07.2026,17.06.2026,17.06.2026,19.06.2026,22.06.2026,22.06.2026,22.06.2026,,S001,WH KLS JABABEKA
I100260611L032_S001,CDD BAK,3421969,0,0,0,1000000,0,4421969,S001 - WH KLS JABABEKA,PT. HARI JAYA TRANSPORTASI,7,ON SCHEDULE,28,0,10.07.2026,11.06.2026,14.06.2026,26.06.2026,27.06.2026,30.06.2026,02.07.2026,,S001,WH KLS JABABEKA
I100260611L032_S001,CDD BAK,3421969,0,0,0,1000000,0,4421969,S001 - WH KLS JABABEKA,PT. HARI JAYA TRANSPORTASI,7,ON SCHEDULE,28,0,10.07.2026,11.06.2026,14.06.2026,26.06.2026,27.06.2026,30.06.2026,02.07.2026,,S001,WH KLS JABABEKA
I100260611L032_S001,CDD BAK,3421969,0,0,0,1000000,0,4421969,S001 - WH KLS JABABEKA,PT. HARI JAYA TRANSPORTASI,7,ON SCHEDULE,28,0,10.07.2026,11.06.2026,14.06.2026,26.06.2026,27.06.2026,30.06.2026,02.07.2026,,S001,WH KLS JABABEKA
I100260611L032_S001,CDD BAK,3421969,0,0,0,1000000,0,4421969,S001 - WH KLS JABABEKA,PT. HARI JAYA TRANSPORTASI,7,ON SCHEDULE,28,0,10.07.2026,11.06.2026,14.06.2026,26.06.2026,27.06.2026,30.06.2026,02.07.2026,,S001,WH KLS JABABEKA
I100260611L032_S001,CDD BAK,3421969,0,0,0,1000000,0,4421969,S001 - WH KLS JABABEKA,PT. HARI JAYA TRANSPORTASI,7,ON SCHEDULE,28,0,10.07.2026,11.06.2026,14.06.2026,26.06.2026,27.06.2026,30.06.2026,02.07.2026,,S001,WH KLS JABABEKA
I100260611L032_S001,CDD BAK,3421969,0,0,0,1000000,0,4421969,S001 - WH KLS JABABEKA,PT. HARI JAYA TRANSPORTASI,7,ON SCHEDULE,28,0,10.07.2026,11.06.2026,14.06.2026,26.06.2026,27.06.2026,30.06.2026,02.07.2026,,S001,WH KLS JABABEKA
I100260611L033_S001,CDD BAK,3700000,0,0,0,800000,0,4500000,S001 - WH KLS JABABEKA,PT. EKA CIPTA MANGGALA,7,ON SCHEDULE,28,0,10.07.2026,11.06.2026,14.06.2026,19.06.2026,22.06.2026,22.06.2026,22.06.2026,,S001,WH KLS JABABEKA
I100260611L033_S001,CDD BAK,3700000,0,0,0,800000,0,4500000,S001 - WH KLS JABABEKA,PT. EKA CIPTA MANGGALA,7,ON SCHEDULE,28,0,10.07.2026,11.06.2026,14.06.2026,19.06.2026,22.06.2026,22.06.2026,22.06.2026,,S001,WH KLS JABABEKA
I100260611L033_S001,CDD BAK,3700000,0,0,0,800000,0,4500000,S001 - WH KLS JABABEKA,PT. EKA CIPTA MANGGALA,7,ON SCHEDULE,28,0,10.07.2026,11.06.2026,14.06.2026,19.06.2026,22.06.2026,22.06.2026,22.06.2026,,S001,WH KLS JABABEKA
I100260611L033_S001,CDD BAK,3700000,0,0,0,800000,0,4500000,S001 - WH KLS JABABEKA,PT. EKA CIPTA MANGGALA,7,ON SCHEDULE,28,0,10.07.2026,11.06.2026,14.06.2026,19.06.2026,22.06.2026,22.06.2026,22.06.2026,,S001,WH KLS JABABEKA
I100260611L077_S001,CDE PICKUP,200000,0,0,0,0,0,200000,S001 - WH KLS JABABEKA,PT. MERPATI ALAM SEMESTA,4,LATE,15,53,28.06.2026,12.06.2026,26.06.2026,22.07.2026,29.07.2026,,,,S001,WH KLS JABABEKA
I100260611L077_S001,CDE PICKUP,200000,0,0,0,0,0,200000,S001 - WH KLS JABABEKA,PT. MERPATI ALAM SEMESTA,4,LATE,15,53,28.06.2026,12.06.2026,26.06.2026,22.07.2026,29.07.2026,,,,S001,WH KLS JABABEKA
I100260611L078_S001,CDE PICKUP,0,0,0,0,0,0,0,S001 - WH KLS JABABEKA,PT. MERPATI ALAM SEMESTA,1,LATE,1,53,14.06.2026,12.06.2026,,,,,,,S001,WH KLS JABABEKA
I100260611L082_S001,CDE PICKUP,1890000,0,0,0,0,0,1890000,S001 - WH KLS JABABEKA,PT. MERPATI ALAM SEMESTA,2,LATE,7,53,20.06.2026,12.06.2026,,,,,,,S001,WH KLS JABABEKA
I100260611L082_S001,CDE PICKUP,1890000,0,0,0,0,0,1890000,S001 - WH KLS JABABEKA,PT. MERPATI ALAM SEMESTA,2,LATE,7,53,20.06.2026,12.06.2026,,,,,,,S001,WH KLS JABABEKA
I100260611L083_S001,CDE PICKUP,0,0,0,0,0,0,0,S001 - WH KLS JABABEKA,PT. MERPATI ALAM SEMESTA,2,LATE,7,49,23.06.2026,15.06.2026,31.07.2026,,,,,,S001,WH KLS JABABEKA
I100260611L084_S001,CDE PICKUP,2314000,0,0,0,0,0,2314000,S001 - WH KLS JABABEKA,PT. MERPATI ALAM SEMESTA,4,LATE,15,53,28.06.2026,12.06.2026,09.07.2026,22.07.2026,29.07.2026,,,,S001,WH KLS JABABEKA
I100260611L084_S001,CDE PICKUP,2314000,0,0,0,0,0,2314000,S001 - WH KLS JABABEKA,PT. MERPATI ALAM SEMESTA,4,LATE,15,53,28.06.2026,12.06.2026,09.07.2026,22.07.2026,29.07.2026,,,,S001,WH KLS JABABEKA
I100260611L085_S001,CDE PICKUP,752000,0,0,0,0,0,752000,S001 - WH KLS JABABEKA,PT. MERPATI ALAM SEMESTA,4,LATE,15,49,01.07.2026,15.06.2026,26.06.2026,22.07.2026,29.07.2026,,,,S001,WH KLS JABABEKA
I100260611L085_S001,CDE PICKUP,752000,0,0,0,0,0,752000,S001 - WH KLS JABABEKA,PT. MERPATI ALAM SEMESTA,4,LATE,15,49,01.07.2026,15.06.2026,26.06.2026,22.07.2026,29.07.2026,,,,S001,WH KLS JABABEKA
I100260611L086_S001,CDE PICKUP,0,0,0,0,0,0,0,S001 - WH KLS JABABEKA,PT. MERPATI ALAM SEMESTA,2,LATE,7,53,20.06.2026,12.06.2026,09.07.2026,,,,,,S001,WH KLS JABABEKA
I100260611L088_S001,CDE PICKUP,575000,0,0,0,0,0,575000,S001 - WH KLS JABABEKA,PT. MERPATI ALAM SEMESTA,4,LATE,15,53,28.06.2026,12.06.2026,26.06.2026,22.07.2026,29.07.2026,,,,S001,WH KLS JABABEKA
I100260611L088_S001,CDE PICKUP,575000,0,0,0,0,0,575000,S001 - WH KLS JABABEKA,PT. MERPATI ALAM SEMESTA,4,LATE,15,53,28.06.2026,12.06.2026,26.06.2026,22.07.2026,29.07.2026,,,,S001,WH KLS JABABEKA
I100260611L090_S001,CDE PICKUP,160000,0,0,0,0,0,160000,S001 - WH KLS JABABEKA,PT. MERPATI ALAM SEMESTA,4,LATE,15,53,28.06.2026,12.06.2026,26.06.2026,22.07.2026,29.07.2026,,,,S001,WH KLS JABABEKA
I100260611L090_S001,CDE PICKUP,160000,0,0,0,0,0,160000,S001 - WH KLS JABABEKA,PT. MERPATI ALAM SEMESTA,4,LATE,15,53,28.06.2026,12.06.2026,26.06.2026,22.07.2026,29.07.2026,,,,S001,WH KLS JABABEKA
I100260611L091_S001,CDE PICKUP,580000,0,0,0,0,0,580000,S001 - WH KLS JABABEKA,PT. MERPATI ALAM SEMESTA,4,LATE,15,53,28.06.2026,12.06.2026,26.06.2026,22.07.2026,29.07.2026,,,,S001,WH KLS JABABEKA
I100260611L091_S001,CDE PICKUP,580000,0,0,0,0,0,580000,S001 - WH KLS JABABEKA,PT. MERPATI ALAM SEMESTA,4,LATE,15,53,28.06.2026,12.06.2026,26.06.2026,22.07.2026,29.07.2026,,,,S001,WH KLS JABABEKA
I100260611L092_S001,CDE PICKUP,0,0,0,0,0,0,0,S001 - WH KLS JABABEKA,PT. MERPATI ALAM SEMESTA,1,LATE,1,53,14.06.2026,12.06.2026,,,,,,,S001,WH KLS JABABEKA
I100260611L093_S001,CDE PICKUP,528750,0,0,0,0,0,528750,S001 - WH KLS JABABEKA,PT. MERPATI ALAM SEMESTA,4,LATE,15,53,28.06.2026,12.06.2026,09.07.2026,22.07.2026,29.07.2026,,,,S001,WH KLS JABABEKA
I100260611L093_S001,CDE PICKUP,528750,0,0,0,0,0,528750,S001 - WH KLS JABABEKA,PT. MERPATI ALAM SEMESTA,4,LATE,15,53,28.06.2026,12.06.2026,09.07.2026,22.07.2026,29.07.2026,,,,S001,WH KLS JABABEKA
I100260611L094_S001,CDE PICKUP,155000,0,0,0,0,0,155000,S001 - WH KLS JABABEKA,PT. MERPATI ALAM SEMESTA,4,LATE,15,49,01.07.2026,15.06.2026,13.07.2026,22.07.2026,29.07.2026,,,,S001,WH KLS JABABEKA
I100260611L094_S001,CDE PICKUP,155000,0,0,0,0,0,155000,S001 - WH KLS JABABEKA,PT. MERPATI ALAM SEMESTA,4,LATE,15,49,01.07.2026,15.06.2026,13.07.2026,22.07.2026,29.07.2026,,,,S001,WH KLS JABABEKA
I100260611L096_S001,CDE PICKUP,50625,0,0,0,0,0,50625,S001 - WH KLS JABABEKA,PT. MERPATI ALAM SEMESTA,4,LATE,15,53,28.06.2026,12.06.2026,26.06.2026,22.07.2026,29.07.2026,,,,S001,WH KLS JABABEKA
I100260611L096_S001,CDE PICKUP,50625,0,0,0,0,0,50625,S001 - WH KLS JABABEKA,PT. MERPATI ALAM SEMESTA,4,LATE,15,53,28.06.2026,12.06.2026,26.06.2026,22.07.2026,29.07.2026,,,,S001,WH KLS JABABEKA
I100260611L097_S001,CDE PICKUP,528750,0,0,0,0,0,528750,S001 - WH KLS JABABEKA,PT. MERPATI ALAM SEMESTA,4,LATE,15,53,28.06.2026,12.06.2026,13.07.2026,22.07.2026,29.07.2026,,,,S001,WH KLS JABABEKA
I100260611L097_S001,CDE PICKUP,528750,0,0,0,0,0,528750,S001 - WH KLS JABABEKA,PT. MERPATI ALAM SEMESTA,4,LATE,15,53,28.06.2026,12.06.2026,13.07.2026,22.07.2026,29.07.2026,,,,S001,WH KLS JABABEKA
I100260611L109_S001,MINI VAN BOX,0,0,0,0,0,0,0,S001 - WH KLS JABABEKA,FIRST LOGISTICS,2,LATE,7,49,23.06.2026,15.06.2026,14.07.2026,,,,,,S001,WH KLS JABABEKA
I100260611L110_S001,MINI VAN BOX,0,0,0,0,0,0,0,S001 - WH KLS JABABEKA,FIRST LOGISTICS,2,LATE,7,53,20.06.2026,12.06.2026,26.06.2026,,,,,,S001,WH KLS JABABEKA
I100260611L111_S001,MINI VAN BOX,0,0,0,0,0,0,0,S001 - WH KLS JABABEKA,FIRST LOGISTICS,2,LATE,7,53,20.06.2026,12.06.2026,14.07.2026,,,,,,S001,WH KLS JABABEKA
I100260611L114_S001,MINI VAN BOX,0,0,0,0,0,0,0,S001 - WH KLS JABABEKA,FIRST LOGISTICS,2,LATE,7,53,20.06.2026,12.06.2026,26.06.2026,,,,,,S001,WH KLS JABABEKA
I100260611L116_S001,MINI VAN BOX,0,0,0,0,0,0,0,S001 - WH KLS JABABEKA,FIRST LOGISTICS,2,LATE,7,49,23.06.2026,15.06.2026,14.07.2026,,,,,,S001,WH KLS JABABEKA
I100260611L117_S001,CDE PICKUP,272000,0,0,0,0,0,272000,S001 - WH KLS JABABEKA,PT. MERPATI ALAM SEMESTA,4,LATE,15,53,28.06.2026,12.06.2026,26.06.2026,22.07.2026,29.07.2026,,,,S001,WH KLS JABABEKA
I100260611L117_S001,CDE PICKUP,272000,0,0,0,0,0,272000,S001 - WH KLS JABABEKA,PT. MERPATI ALAM SEMESTA,4,LATE,15,53,28.06.2026,12.06.2026,26.06.2026,22.07.2026,29.07.2026,,,,S001,WH KLS JABABEKA
I100260611L120_S001,CDE PICKUP,834000,0,0,0,0,0,834000,S001 - WH KLS JABABEKA,PT. MERPATI ALAM SEMESTA,4,LATE,15,49,01.07.2026,15.06.2026,13.07.2026,28.07.2026,29.07.2026,,,,S001,WH KLS JABABEKA
I100260611L120_S001,CDE PICKUP,834000,0,0,0,0,0,834000,S001 - WH KLS JABABEKA,PT. MERPATI ALAM SEMESTA,4,LATE,15,49,01.07.2026,15.06.2026,13.07.2026,28.07.2026,29.07.2026,,,,S001,WH KLS JABABEKA
I100260612L026_S001,TRAILER LOSBAK,19750000,0,0,0,0,0,19750000,S001 - WH KLS JABABEKA,CV. BANGUN JASA TRANS,7,ON SCHEDULE,27,0,10.07.2026,12.06.2026,16.06.2026,17.06.2026,18.06.2026,19.06.2026,19.06.2026,,S001,WH KLS JABABEKA
I100260612L027_S001,CDD BAK,6900000,0,0,0,0,0,6900000,S001 - WH KLS JABABEKA,BINTANG SAMUDERA,7,ON SCHEDULE,29,0,12.07.2026,12.06.2026,17.06.2026,24.06.2026,25.06.2026,29.06.2026,30.06.2026,,S001,WH KLS JABABEKA
I100260612L028_S001,CDD BAK,7500000,0,0,0,0,0,7500000,S001 - WH KLS JABABEKA,PT. EKA CIPTA MANGGALA,7,ON SCHEDULE,30,0,13.07.2026,12.06.2026,17.06.2026,19.06.2026,19.06.2026,22.06.2026,22.06.2026,,S001,WH KLS JABABEKA
I100260612L029_S001,CDD BAK,7500000,0,0,0,0,0,7500000,S001 - WH KLS JABABEKA,PT. EKA CIPTA MANGGALA,7,ON SCHEDULE,31,0,14.07.2026,12.06.2026,17.06.2026,25.06.2026,26.06.2026,26.06.2026,26.06.2026,,S001,WH KLS JABABEKA
I100260612L031_S001,FUSO,1333300,0,0,0,0,0,1333300,S001 - WH KLS JABABEKA,BEPA IKA PEKASA,6,LATE,27,49,13.07.2026,15.06.2026,14.07.2026,20.07.2026,24.07.2026,24.07.2026,29.07.2026,,S001,WH KLS JABABEKA
I100260612L032_S001,FUSO,11587800,0,0,0,0,0,11587800,S001 - WH KLS JABABEKA,BEPA IKA PEKASA,6,LATE,27,49,13.07.2026,15.06.2026,14.07.2026,20.07.2026,24.07.2026,24.07.2026,29.07.2026,,S001,WH KLS JABABEKA
I100260612L034_S001,FUSO,295000,0,0,0,0,0,295000,S001 - WH KLS JABABEKA,BEPA IKA PEKASA,6,LATE,27,49,13.07.2026,15.06.2026,14.07.2026,20.07.2026,24.07.2026,24.07.2026,29.07.2026,,S001,WH KLS JABABEKA
I100260612L036_S001,FUSO,3003550,0,0,0,0,0,3003550,S001 - WH KLS JABABEKA,BEPA IKA PEKASA,6,LATE,27,49,13.07.2026,15.06.2026,14.07.2026,20.07.2026,24.07.2026,24.07.2026,29.07.2026,,S001,WH KLS JABABEKA
I100260612L054_S001,CDE PICKUP,3022500,0,0,0,0,0,3022500,S001 - WH KLS JABABEKA,PT. Nusantara Cargo Line,6,LATE,27,44,18.07.2026,20.06.2026,04.07.2026,06.07.2026,08.07.2026,08.07.2026,08.07.2026,,S001,WH KLS JABABEKA
I100260612L054_S001,CDE PICKUP,3022500,0,0,0,0,0,3022500,S001 - WH KLS JABABEKA,PT. Nusantara Cargo Line,6,LATE,27,44,18.07.2026,20.06.2026,04.07.2026,06.07.2026,08.07.2026,08.07.2026,08.07.2026,,S001,WH KLS JABABEKA
I100260612L059_S001,CDE PICKUP,92000,0,0,0,0,0,92000,S001 - WH KLS JABABEKA,PT. MERPATI ALAM SEMESTA,2,LATE,7,48,25.06.2026,17.06.2026,,,,,,,S001,WH KLS JABABEKA
I100260612L059_S001,CDE PICKUP,92000,0,0,0,0,0,92000,S001 - WH KLS JABABEKA,PT. MERPATI ALAM SEMESTA,2,LATE,7,48,25.06.2026,17.06.2026,,,,,,,S001,WH KLS JABABEKA
I100260612L066_S001,TRONTON LOSBAK,14500000,0,0,0,0,0,14500000,S001 - WH KLS JABABEKA,CV. BANGUN JASA TRANS,7,ON SCHEDULE,27,0,15.07.2026,17.06.2026,,01.07.2026,02.07.2026,15.07.2026,17.07.2026,,S001,WH KLS JABABEKA
I100260612L074_S001,CDE PICKUP,0,0,0,0,0,0,0,S001 - WH KLS JABABEKA,PT. MERPATI ALAM SEMESTA,1,LATE,1,47,19.06.2026,17.06.2026,,,,,,,S001,WH KLS JABABEKA
I100260612L078_S001,MINI VAN BOX,0,0,0,0,0,0,0,S001 - WH KLS JABABEKA,FIRST LOGISTICS,2,LATE,7,48,25.06.2026,17.06.2026,24.07.2026,,,,,,S001,WH KLS JABABEKA
I100260612L079_S001,MINI VAN BOX,0,0,0,0,0,0,0,S001 - WH KLS JABABEKA,FIRST LOGISTICS,2,LATE,7,48,25.06.2026,17.06.2026,26.06.2026,,,,,,S001,WH KLS JABABEKA
I100260612L080_S001,MINI VAN BOX,0,0,0,0,0,0,0,S001 - WH KLS JABABEKA,FIRST LOGISTICS,2,LATE,7,48,25.06.2026,17.06.2026,14.07.2026,,,,,,S001,WH KLS JABABEKA
I100260612L081_S001,MINI VAN BOX,0,0,0,0,0,0,0,S001 - WH KLS JABABEKA,FIRST LOGISTICS,2,LATE,7,48,25.06.2026,17.06.2026,26.06.2026,,,,,,S001,WH KLS JABABEKA
I100260612L082_S001,MINI VAN BOX,0,0,0,0,0,0,0,S001 - WH KLS JABABEKA,FIRST LOGISTICS,2,LATE,7,48,25.06.2026,17.06.2026,25.06.2026,,,,,,S001,WH KLS JABABEKA
I100260612L083_S001,MINI VAN BOX,0,0,0,0,0,0,0,S001 - WH KLS JABABEKA,FIRST LOGISTICS,2,LATE,7,48,25.06.2026,17.06.2026,25.06.2026,,,,,,S001,WH KLS JABABEKA
I100260612L084_S001,CDE PICKUP,275000,0,0,0,0,0,275000,S001 - WH KLS JABABEKA,PT. Nusantara Cargo Line,6,LATE,27,48,15.07.2026,17.06.2026,25.06.2026,06.07.2026,08.07.2026,08.07.2026,08.07.2026,,S001,WH KLS JABABEKA
I100260612L084_S001,CDE PICKUP,275000,0,0,0,0,0,275000,S001 - WH KLS JABABEKA,PT. Nusantara Cargo Line,6,LATE,27,48,15.07.2026,17.06.2026,25.06.2026,06.07.2026,08.07.2026,08.07.2026,08.07.2026,,S001,WH KLS JABABEKA
I100260612L085_S001,CDE PICKUP,450000,0,0,0,0,0,450000,S001 - WH KLS JABABEKA,PT. Nusantara Cargo Line,6,LATE,27,48,15.07.2026,17.06.2026,25.06.2026,06.07.2026,08.07.2026,08.07.2026,08.07.2026,,S001,WH KLS JABABEKA
I100260612L085_S001,CDE PICKUP,450000,0,0,0,0,0,450000,S001 - WH KLS JABABEKA,PT. Nusantara Cargo Line,6,LATE,27,48,15.07.2026,17.06.2026,25.06.2026,06.07.2026,08.07.2026,08.07.2026,08.07.2026,,S001,WH KLS JABABEKA
I100260612L086_S001,CDE PICKUP,700000,0,0,0,0,0,700000,S001 - WH KLS JABABEKA,PT. Nusantara Cargo Line,7,ON SCHEDULE,27,0,15.07.2026,17.06.2026,25.06.2026,30.06.2026,01.07.2026,01.07.2026,01.07.2026,,S001,WH KLS JABABEKA
I100260612L086_S001,CDE PICKUP,700000,0,0,0,0,0,700000,S001 - WH KLS JABABEKA,PT. Nusantara Cargo Line,7,ON SCHEDULE,27,0,15.07.2026,17.06.2026,25.06.2026,30.06.2026,01.07.2026,01.07.2026,01.07.2026,,S001,WH KLS JABABEKA
I100260612L087_S001,CDE PICKUP,700000,0,0,0,0,0,700000,S001 - WH KLS JABABEKA,PT. Nusantara Cargo Line,7,ON SCHEDULE,27,0,15.07.2026,17.06.2026,25.06.2026,30.06.2026,01.07.2026,01.07.2026,01.07.2026,,S001,WH KLS JABABEKA
I100260612L087_S001,CDE PICKUP,700000,0,0,0,0,0,700000,S001 - WH KLS JABABEKA,PT. Nusantara Cargo Line,7,ON SCHEDULE,27,0,15.07.2026,17.06.2026,25.06.2026,30.06.2026,01.07.2026,01.07.2026,01.07.2026,,S001,WH KLS JABABEKA
I100260612L088_S001,CDE PICKUP,750000,0,0,0,0,0,750000,S001 - WH KLS JABABEKA,PT. Nusantara Cargo Line,6,LATE,27,48,15.07.2026,17.06.2026,13.07.2026,24.07.2026,24.07.2026,28.07.2026,28.07.2026,,S001,WH KLS JABABEKA
I100260612L088_S001,CDE PICKUP,750000,0,0,0,0,0,750000,S001 - WH KLS JABABEKA,PT. Nusantara Cargo Line,6,LATE,27,48,15.07.2026,17.06.2026,13.07.2026,24.07.2026,24.07.2026,28.07.2026,28.07.2026,,S001,WH KLS JABABEKA
I100260612L089_S001,CDE PICKUP,750000,0,0,0,0,0,750000,S001 - WH KLS JABABEKA,PT. Nusantara Cargo Line,6,LATE,27,48,15.07.2026,17.06.2026,15.07.2026,24.07.2026,24.07.2026,28.07.2026,28.07.2026,,S001,WH KLS JABABEKA
I100260612L089_S001,CDE PICKUP,750000,0,0,0,0,0,750000,S001 - WH KLS JABABEKA,PT. Nusantara Cargo Line,6,LATE,27,48,15.07.2026,17.06.2026,15.07.2026,24.07.2026,24.07.2026,28.07.2026,28.07.2026,,S001,WH KLS JABABEKA
I100260612L090_S001,CDE PICKUP,275000,0,0,0,0,0,275000,S001 - WH KLS JABABEKA,PT. Nusantara Cargo Line,7,ON SCHEDULE,27,0,15.07.2026,17.06.2026,25.06.2026,29.06.2026,01.07.2026,03.07.2026,03.07.2026,,S001,WH KLS JABABEKA
I100260612L090_S001,CDE PICKUP,275000,0,0,0,0,0,275000,S001 - WH KLS JABABEKA,PT. Nusantara Cargo Line,7,ON SCHEDULE,27,0,15.07.2026,17.06.2026,25.06.2026,29.06.2026,01.07.2026,03.07.2026,03.07.2026,,S001,WH KLS JABABEKA
I100260612L091_S001,CDE PICKUP,325000,0,0,0,0,0,325000,S001 - WH KLS JABABEKA,PT. Nusantara Cargo Line,6,LATE,27,48,15.07.2026,17.06.2026,15.07.2026,23.07.2026,24.07.2026,28.07.2026,28.07.2026,,S001,WH KLS JABABEKA
I100260612L091_S001,CDE PICKUP,325000,0,0,0,0,0,325000,S001 - WH KLS JABABEKA,PT. Nusantara Cargo Line,6,LATE,27,48,15.07.2026,17.06.2026,15.07.2026,23.07.2026,24.07.2026,28.07.2026,28.07.2026,,S001,WH KLS JABABEKA
I100260612L092_S001,CDE PICKUP,275000,0,0,0,0,0,275000,S001 - WH KLS JABABEKA,PT. Nusantara Cargo Line,6,LATE,27,48,15.07.2026,17.06.2026,25.06.2026,06.07.2026,08.07.2026,08.07.2026,08.07.2026,,S001,WH KLS JABABEKA
I100260612L092_S001,CDE PICKUP,275000,0,0,0,0,0,275000,S001 - WH KLS JABABEKA,PT. Nusantara Cargo Line,6,LATE,27,48,15.07.2026,17.06.2026,25.06.2026,06.07.2026,08.07.2026,08.07.2026,08.07.2026,,S001,WH KLS JABABEKA
I100260612L093_S001,CDE PICKUP,0,0,0,0,0,0,0,S001 - WH KLS JABABEKA,PT. Nusantara Cargo Line,2,LATE,7,48,25.06.2026,17.06.2026,25.06.2026,,,,,,S001,WH KLS JABABEKA
I100260612L097_S001,CDE PICKUP,0,0,0,0,0,0,0,S001 - WH KLS JABABEKA,PT. Nusantara Cargo Line,2,LATE,7,48,25.06.2026,17.06.2026,13.07.2026,,,,,,S001,WH KLS JABABEKA
I100260612T027_S001,WINGBOX,5650000,0,0,0,0,0,5650000,S001 - WH KLS JABABEKA,PT. DUTA MEDIA MANDIRI,7,ON SCHEDULE,29,0,13.07.2026,13.06.2026,17.06.2026,23.06.2026,26.06.2026,26.06.2026,26.06.2026,,S001,WH KLS JABABEKA
I100260613L002_S001,MINI VAN BOX,0,0,0,0,0,0,0,S001 - WH KLS JABABEKA,FIRST LOGISTICS,2,LATE,7,48,25.06.2026,17.06.2026,15.07.2026,,,,,,S001,WH KLS JABABEKA
I100260613L025_S001,CDD BAK,4500000,0,0,0,0,0,4500000,S001 - WH KLS JABABEKA,PT. HARI JAYA SEJAHTERA,7,ON SCHEDULE,29,0,17.07.2026,17.06.2026,17.06.2026,19.06.2026,22.06.2026,23.06.2026,01.07.2026,,S001,WH KLS JABABEKA
I100260613L026_S001,CDD BAK,4500000,0,0,0,1450000,0,5950000,S001 - WH KLS JABABEKA,PT. HARI JAYA SEJAHTERA,6,LATE,29,51,13.07.2026,13.06.2026,17.06.2026,19.06.2026,22.06.2026,22.07.2026,30.07.2026,,S001,WH KLS JABABEKA
I100260613L026_S001,CDD BAK,4500000,0,0,0,1450000,0,5950000,S001 - WH KLS JABABEKA,PT. HARI JAYA SEJAHTERA,6,LATE,29,51,13.07.2026,13.06.2026,17.06.2026,19.06.2026,22.06.2026,22.07.2026,30.07.2026,,S001,WH KLS JABABEKA
I100260613L026_S001,CDD BAK,4500000,0,0,0,1450000,0,5950000,S001 - WH KLS JABABEKA,PT. HARI JAYA SEJAHTERA,6,LATE,29,51,13.07.2026,13.06.2026,17.06.2026,19.06.2026,22.06.2026,22.07.2026,30.07.2026,,S001,WH KLS JABABEKA
I100260613L027_S001,CDD BAK,5300000,0,0,0,800000,0,6100000,S001 - WH KLS JABABEKA,PT. EKA CIPTA MANGGALA,7,ON SCHEDULE,29,0,13.07.2026,13.06.2026,17.06.2026,19.06.2026,22.06.2026,22.06.2026,22.06.2026,,S001,WH KLS JABABEKA
I100260613L027_S001,CDD BAK,5300000,0,0,0,800000,0,6100000,S001 - WH KLS JABABEKA,PT. EKA CIPTA MANGGALA,7,ON SCHEDULE,29,0,13.07.2026,13.06.2026,17.06.2026,19.06.2026,22.06.2026,22.06.2026,22.06.2026,,S001,WH KLS JABABEKA
I100260613L027_S001,CDD BAK,5300000,0,0,0,800000,0,6100000,S001 - WH KLS JABABEKA,PT. EKA CIPTA MANGGALA,7,ON SCHEDULE,29,0,13.07.2026,13.06.2026,17.06.2026,19.06.2026,22.06.2026,22.06.2026,22.06.2026,,S001,WH KLS JABABEKA
I100260613L027_S001,CDD BAK,5300000,0,0,0,800000,0,6100000,S001 - WH KLS JABABEKA,PT. EKA CIPTA MANGGALA,7,ON SCHEDULE,29,0,13.07.2026,13.06.2026,17.06.2026,19.06.2026,22.06.2026,22.06.2026,22.06.2026,,S001,WH KLS JABABEKA
I100260613L028_S001,CDD BAK,4500000,0,0,0,0,0,4500000,S001 - WH KLS JABABEKA,PT. HARI JAYA SEJAHTERA,6,LATE,29,51,13.07.2026,13.06.2026,17.06.2026,19.06.2026,22.06.2026,07.07.2026,07.07.2026,,S001,WH KLS JABABEKA
I100260613L029_S001,CDD BAK,4000000,0,0,0,800000,0,4800000,S001 - WH KLS JABABEKA,PT. EKA CIPTA MANGGALA,7,ON SCHEDULE,27,0,11.07.2026,13.06.2026,16.06.2026,19.06.2026,22.06.2026,22.06.2026,22.06.2026,,S001,WH KLS JABABEKA
I100260613L029_S001,CDD BAK,4000000,0,0,0,800000,0,4800000,S001 - WH KLS JABABEKA,PT. EKA CIPTA MANGGALA,7,ON SCHEDULE,27,0,11.07.2026,13.06.2026,16.06.2026,19.06.2026,22.06.2026,22.06.2026,22.06.2026,,S001,WH KLS JABABEKA
I100260613L029_S001,CDD BAK,4000000,0,0,0,800000,0,4800000,S001 - WH KLS JABABEKA,PT. EKA CIPTA MANGGALA,7,ON SCHEDULE,27,0,11.07.2026,13.06.2026,16.06.2026,19.06.2026,22.06.2026,22.06.2026,22.06.2026,,S001,WH KLS JABABEKA
I100260613L029_S001,CDD BAK,4000000,0,0,0,800000,0,4800000,S001 - WH KLS JABABEKA,PT. EKA CIPTA MANGGALA,7,ON SCHEDULE,27,0,11.07.2026,13.06.2026,16.06.2026,19.06.2026,22.06.2026,22.06.2026,22.06.2026,,S001,WH KLS JABABEKA
I100260613L030_S001,CDD BAK,4000000,0,0,0,800000,0,4800000,S001 - WH KLS JABABEKA,PT. EKA CIPTA MANGGALA,7,ON SCHEDULE,27,0,11.07.2026,13.06.2026,16.06.2026,19.06.2026,22.06.2026,22.06.2026,22.06.2026,,S001,WH KLS JABABEKA
I100260613L030_S001,CDD BAK,4000000,0,0,0,800000,0,4800000,S001 - WH KLS JABABEKA,PT. EKA CIPTA MANGGALA,7,ON SCHEDULE,27,0,11.07.2026,13.06.2026,16.06.2026,19.06.2026,22.06.2026,22.06.2026,22.06.2026,,S001,WH KLS JABABEKA
I100260613L030_S001,CDD BAK,4000000,0,0,0,800000,0,4800000,S001 - WH KLS JABABEKA,PT. EKA CIPTA MANGGALA,7,ON SCHEDULE,27,0,11.07.2026,13.06.2026,16.06.2026,19.06.2026,22.06.2026,22.06.2026,22.06.2026,,S001,WH KLS JABABEKA
I100260613L030_S001,CDD BAK,4000000,0,0,0,800000,0,4800000,S001 - WH KLS JABABEKA,PT. EKA CIPTA MANGGALA,7,ON SCHEDULE,27,0,11.07.2026,13.06.2026,16.06.2026,19.06.2026,22.06.2026,22.06.2026,22.06.2026,,S001,WH KLS JABABEKA
I100260613L094_S001,MINI VAN BOX,0,0,0,0,0,0,0,S001 - WH KLS JABABEKA,FIRST LOGISTICS,2,LATE,7,48,25.06.2026,17.06.2026,14.07.2026,,,,,,S001,WH KLS JABABEKA
I100260613L095_S001,MINI VAN BOX,0,0,0,0,0,0,0,S001 - WH KLS JABABEKA,FIRST LOGISTICS,2,LATE,7,48,25.06.2026,17.06.2026,14.07.2026,,,,,,S001,WH KLS JABABEKA
I100260613L096_S001,MINI VAN BOX,0,0,0,0,0,0,0,S001 - WH KLS JABABEKA,FIRST LOGISTICS,2,LATE,7,48,25.06.2026,17.06.2026,14.07.2026,,,,,,S001,WH KLS JABABEKA
I100260613L097_S001,MINI VAN BOX,0,0,0,0,0,0,0,S001 - WH KLS JABABEKA,FIRST LOGISTICS,2,LATE,7,48,25.06.2026,17.06.2026,15.07.2026,,,,,,S001,WH KLS JABABEKA
I100260613L099_S001,MINI VAN BOX,0,0,0,0,0,0,0,S001 - WH KLS JABABEKA,FIRST LOGISTICS,2,LATE,7,48,25.06.2026,17.06.2026,14.07.2026,,,,,,S001,WH KLS JABABEKA
I100260614L005_S001,FUSO LOSBAK,12500000,0,0,0,0,0,12500000,S001 - WH KLS JABABEKA,CV. BANGUN JASA TRANS,7,ON SCHEDULE,27,0,12.07.2026,14.06.2026,17.06.2026,18.06.2026,18.06.2026,23.06.2026,23.06.2026,,S001,WH KLS JABABEKA
I100260614L006_S001,FUSO LOSBAK,12500000,0,0,0,0,0,12500000,S001 - WH KLS JABABEKA,CV. BANGUN JASA TRANS,7,ON SCHEDULE,27,0,15.07.2026,17.06.2026,20.06.2026,22.06.2026,23.06.2026,23.06.2026,23.06.2026,,S001,WH KLS JABABEKA
I100260614L007_S001,FUSO LOSBAK,12500000,0,0,0,0,0,12500000,S001 - WH KLS JABABEKA,CV. BANGUN JASA TRANS,7,ON SCHEDULE,27,0,12.07.2026,14.06.2026,17.06.2026,18.06.2026,18.06.2026,23.06.2026,23.06.2026,,S001,WH KLS JABABEKA
I100260614L008_S001,FUSO LOSBAK,9500000,0,0,0,0,0,9500000,S001 - WH KLS JABABEKA,JASATAMA DIRGANTARA EXPRESS,4,LATE,15,48,03.07.2026,17.06.2026,20.06.2026,09.07.2026,14.07.2026,,,,S001,WH KLS JABABEKA
I100260614L009_S001,FUSO LOSBAK,9500000,0,0,0,0,0,9500000,S001 - WH KLS JABABEKA,JASATAMA DIRGANTARA EXPRESS,4,LATE,15,48,03.07.2026,17.06.2026,20.06.2026,09.07.2026,14.07.2026,,,,S001,WH KLS JABABEKA
I100260614L010_S001,FUSO LOSBAK,0,0,0,0,0,0,0,S001 - WH KLS JABABEKA,JASATAMA DIRGANTARA EXPRESS,2,LATE,7,48,25.06.2026,17.06.2026,24.07.2026,,,,,,S001,WH KLS JABABEKA
I100260614L015_S001,SELFOLDER,25000000,0,0,0,0,0,25000000,S001 - WH KLS JABABEKA,JASATAMA DIRGANTARA EXPRESS,2,LATE,7,48,25.06.2026,17.06.2026,,,,,,,S001,WH KLS JABABEKA
I100260614L016_S001,WINGBOX,5650000,0,0,0,0,0,5650000,S001 - WH KLS JABABEKA,PT. DUTA MEDIA MANDIRI,6,LATE,27,48,14.07.2026,16.06.2026,20.06.2026,23.06.2026,26.06.2026,03.07.2026,06.07.2026,,S001,WH KLS JABABEKA
I100260615L011_S001,CONT-20,15300000,0,0,0,0,0,15300000,S001 - WH KLS JABABEKA,PT. SENTOSA PRIMA ABADI,6,LATE,27,49,14.07.2026,16.06.2026,01.07.2026,27.07.2026,28.07.2026,31.07.2026,31.07.2026,,S001,WH KLS JABABEKA
I100260615L012_S001,CDD BAK,7500000,0,0,0,500000,0,8000000,S001 - WH KLS JABABEKA,PT. EKA CIPTA MANGGALA,6,LATE,31,49,17.07.2026,15.06.2026,26.06.2026,26.06.2026,27.06.2026,08.07.2026,08.07.2026,,S001,WH KLS JABABEKA
I100260615L012_S001,CDD BAK,7500000,0,0,0,500000,0,8000000,S001 - WH KLS JABABEKA,PT. EKA CIPTA MANGGALA,6,LATE,31,49,17.07.2026,15.06.2026,26.06.2026,26.06.2026,27.06.2026,08.07.2026,08.07.2026,,S001,WH KLS JABABEKA
I100260615L012_S001,CDD BAK,7500000,0,0,0,500000,0,8000000,S001 - WH KLS JABABEKA,PT. EKA CIPTA MANGGALA,6,LATE,31,49,17.07.2026,15.06.2026,26.06.2026,26.06.2026,27.06.2026,08.07.2026,08.07.2026,,S001,WH KLS JABABEKA
I100260615L013_S001,CDD BAK,3421969,0,0,0,1500000,304174,5226143,S001 - WH KLS JABABEKA,PT. HARI JAYA TRANSPORTASI,7,ON SCHEDULE,28,0,14.07.2026,15.06.2026,17.06.2026,02.07.2026,03.07.2026,03.07.2026,03.07.2026,,S001,WH KLS JABABEKA
I100260615L013_S001,CDD BAK,3421969,0,0,0,1500000,304174,5226143,S001 - WH KLS JABABEKA,PT. HARI JAYA TRANSPORTASI,7,ON SCHEDULE,28,0,14.07.2026,15.06.2026,17.06.2026,02.07.2026,03.07.2026,03.07.2026,03.07.2026,,S001,WH KLS JABABEKA
I100260615L013_S001,CDD BAK,3421969,0,0,0,1500000,304174,5226143,S001 - WH KLS JABABEKA,PT. HARI JAYA TRANSPORTASI,7,ON SCHEDULE,28,0,14.07.2026,15.06.2026,17.06.2026,02.07.2026,03.07.2026,03.07.2026,03.07.2026,,S001,WH KLS JABABEKA
I100260615L013_S001,CDD BAK,3421969,0,0,0,1500000,304174,5226143,S001 - WH KLS JABABEKA,PT. HARI JAYA TRANSPORTASI,7,ON SCHEDULE,28,0,14.07.2026,15.06.2026,17.06.2026,02.07.2026,03.07.2026,03.07.2026,03.07.2026,,S001,WH KLS JABABEKA
I100260615L013_S001,CDD BAK,3421969,0,0,0,1500000,304174,5226143,S001 - WH KLS JABABEKA,PT. HARI JAYA TRANSPORTASI,7,ON SCHEDULE,28,0,14.07.2026,15.06.2026,17.06.2026,02.07.2026,03.07.2026,03.07.2026,03.07.2026,,S001,WH KLS JABABEKA
I100260615L013_S001,CDD BAK,3421969,0,0,0,1500000,304174,5226143,S001 - WH KLS JABABEKA,PT. HARI JAYA TRANSPORTASI,7,ON SCHEDULE,28,0,14.07.2026,15.06.2026,17.06.2026,02.07.2026,03.07.2026,03.07.2026,03.07.2026,,S001,WH KLS JABABEKA
I100260615L013_S001,CDD BAK,3421969,0,0,0,1500000,304174,5226143,S001 - WH KLS JABABEKA,PT. HARI JAYA TRANSPORTASI,7,ON SCHEDULE,28,0,14.07.2026,15.06.2026,17.06.2026,02.07.2026,03.07.2026,03.07.2026,03.07.2026,,S001,WH KLS JABABEKA
I100260615L013_S001,CDD BAK,3421969,0,0,0,1500000,304174,5226143,S001 - WH KLS JABABEKA,PT. HARI JAYA TRANSPORTASI,7,ON SCHEDULE,28,0,14.07.2026,15.06.2026,17.06.2026,02.07.2026,03.07.2026,03.07.2026,03.07.2026,,S001,WH KLS JABABEKA
I100260615L014_S001,CDD BAK,3700000,0,0,0,800000,0,4500000,S001 - WH KLS JABABEKA,PT. EKA CIPTA MANGGALA,7,ON SCHEDULE,28,0,14.07.2026,15.06.2026,17.06.2026,25.06.2026,26.06.2026,26.06.2026,26.06.2026,,S001,WH KLS JABABEKA
I100260615L014_S001,CDD BAK,3700000,0,0,0,800000,0,4500000,S001 - WH KLS JABABEKA,PT. EKA CIPTA MANGGALA,7,ON SCHEDULE,28,0,14.07.2026,15.06.2026,17.06.2026,25.06.2026,26.06.2026,26.06.2026,26.06.2026,,S001,WH KLS JABABEKA
I100260615L014_S001,CDD BAK,3700000,0,0,0,800000,0,4500000,S001 - WH KLS JABABEKA,PT. EKA CIPTA MANGGALA,7,ON SCHEDULE,28,0,14.07.2026,15.06.2026,17.06.2026,25.06.2026,26.06.2026,26.06.2026,26.06.2026,,S001,WH KLS JABABEKA
I100260615L014_S001,CDD BAK,3700000,0,0,0,800000,0,4500000,S001 - WH KLS JABABEKA,PT. EKA CIPTA MANGGALA,7,ON SCHEDULE,28,0,14.07.2026,15.06.2026,17.06.2026,25.06.2026,26.06.2026,26.06.2026,26.06.2026,,S001,WH KLS JABABEKA
I100260615L015_S001,CDE PICKUP,275000,0,0,0,0,0,275000,S001 - WH KLS JABABEKA,PT. Nusantara Cargo Line,6,LATE,27,49,14.07.2026,16.06.2026,04.07.2026,06.07.2026,08.07.2026,08.07.2026,08.07.2026,,S001,WH KLS JABABEKA
I100260615L015_S001,CDE PICKUP,275000,0,0,0,0,0,275000,S001 - WH KLS JABABEKA,PT. Nusantara Cargo Line,6,LATE,27,49,14.07.2026,16.06.2026,04.07.2026,06.07.2026,08.07.2026,08.07.2026,08.07.2026,,S001,WH KLS JABABEKA
I100260615L016_S001,CDE PICKUP,225000,0,0,0,0,0,225000,S001 - WH KLS JABABEKA,PT. Nusantara Cargo Line,6,LATE,27,49,14.07.2026,16.06.2026,25.06.2026,06.07.2026,08.07.2026,10.07.2026,10.07.2026,,S001,WH KLS JABABEKA
I100260615L016_S001,CDE PICKUP,225000,0,0,0,0,0,225000,S001 - WH KLS JABABEKA,PT. Nusantara Cargo Line,6,LATE,27,49,14.07.2026,16.06.2026,25.06.2026,06.07.2026,08.07.2026,10.07.2026,10.07.2026,,S001,WH KLS JABABEKA
I100260615L017_S001,CDE PICKUP,382500,0,0,0,0,0,382500,S001 - WH KLS JABABEKA,PT. Nusantara Cargo Line,6,LATE,27,49,14.07.2026,16.06.2026,15.07.2026,23.07.2026,24.07.2026,28.07.2026,28.07.2026,,S001,WH KLS JABABEKA
I100260615L017_S001,CDE PICKUP,382500,0,0,0,0,0,382500,S001 - WH KLS JABABEKA,PT. Nusantara Cargo Line,6,LATE,27,49,14.07.2026,16.06.2026,15.07.2026,23.07.2026,24.07.2026,28.07.2026,28.07.2026,,S001,WH KLS JABABEKA
I100260615L018_S001,CDE PICKUP,324000,0,0,0,0,0,324000,S001 - WH KLS JABABEKA,PT. Nusantara Cargo Line,6,LATE,27,49,14.07.2026,16.06.2026,15.07.2026,23.07.2026,24.07.2026,28.07.2026,28.07.2026,,S001,WH KLS JABABEKA
I100260615L018_S001,CDE PICKUP,324000,0,0,0,0,0,324000,S001 - WH KLS JABABEKA,PT. Nusantara Cargo Line,6,LATE,27,49,14.07.2026,16.06.2026,15.07.2026,23.07.2026,24.07.2026,28.07.2026,28.07.2026,,S001,WH KLS JABABEKA
I100260615L019_S001,CDE PICKUP,238500,0,0,0,0,0,238500,S001 - WH KLS JABABEKA,PT. Nusantara Cargo Line,6,LATE,27,49,14.07.2026,16.06.2026,15.07.2026,23.07.2026,24.07.2026,28.07.2026,28.07.2026,,S001,WH KLS JABABEKA
I100260615L019_S001,CDE PICKUP,238500,0,0,0,0,0,238500,S001 - WH KLS JABABEKA,PT. Nusantara Cargo Line,6,LATE,27,49,14.07.2026,16.06.2026,15.07.2026,23.07.2026,24.07.2026,28.07.2026,28.07.2026,,S001,WH KLS JABABEKA
I100260615L020_S001,CDE PICKUP,0,0,0,0,0,0,0,S001 - WH KLS JABABEKA,PT. Nusantara Cargo Line,1,LATE,1,49,18.06.2026,16.06.2026,,,,,,,S001,WH KLS JABABEKA
I100260615L021_S001,CDE PICKUP,0,0,0,0,0,0,0,S001 - WH KLS JABABEKA,PT. Nusantara Cargo Line,2,LATE,7,49,24.06.2026,16.06.2026,13.07.2026,,,,,,S001,WH KLS JABABEKA
I100260615L022_S001,CDE PICKUP,0,0,0,0,0,0,0,S001 - WH KLS JABABEKA,PT. Nusantara Cargo Line,1,LATE,1,49,18.06.2026,16.06.2026,,,,,,,S001,WH KLS JABABEKA
I100260615L023_S001,CDE PICKUP,0,0,0,0,0,0,0,S001 - WH KLS JABABEKA,PT. Nusantara Cargo Line,2,LATE,7,49,24.06.2026,16.06.2026,25.06.2026,,,,,,S001,WH KLS JABABEKA
I100260615L024_S001,CDE PICKUP,0,0,0,0,0,0,0,S001 - WH KLS JABABEKA,PT. Nusantara Cargo Line,1,LATE,1,49,18.06.2026,16.06.2026,,,,,,,S001,WH KLS JABABEKA
I100260615L025_S001,CDE PICKUP,262500,0,0,0,0,0,262500,S001 - WH KLS JABABEKA,PT. Nusantara Cargo Line,6,LATE,27,49,14.07.2026,16.06.2026,04.07.2026,06.07.2026,08.07.2026,08.07.2026,08.07.2026,,S001,WH KLS JABABEKA
I100260615L025_S001,CDE PICKUP,262500,0,0,0,0,0,262500,S001 - WH KLS JABABEKA,PT. Nusantara Cargo Line,6,LATE,27,49,14.07.2026,16.06.2026,04.07.2026,06.07.2026,08.07.2026,08.07.2026,08.07.2026,,S001,WH KLS JABABEKA
I100260615L026_S001,CDE PICKUP,0,0,0,0,0,0,0,S001 - WH KLS JABABEKA,PT. Nusantara Cargo Line,1,LATE,1,49,18.06.2026,16.06.2026,,,,,,,S001,WH KLS JABABEKA
I100260615L027_S001,CDE PICKUP,475000,0,0,0,0,0,475000,S001 - WH KLS JABABEKA,PT. Nusantara Cargo Line,6,LATE,27,49,14.07.2026,16.06.2026,04.07.2026,06.07.2026,08.07.2026,10.07.2026,10.07.2026,,S001,WH KLS JABABEKA
I100260615L027_S001,CDE PICKUP,475000,0,0,0,0,0,475000,S001 - WH KLS JABABEKA,PT. Nusantara Cargo Line,6,LATE,27,49,14.07.2026,16.06.2026,04.07.2026,06.07.2026,08.07.2026,10.07.2026,10.07.2026,,S001,WH KLS JABABEKA
I100260615L028_S001,CDE PICKUP,0,0,0,0,0,0,0,S001 - WH KLS JABABEKA,PT. Nusantara Cargo Line,1,LATE,1,49,18.06.2026,16.06.2026,,,,,,,S001,WH KLS JABABEKA
I100260615L029_S001,CDE PICKUP,0,0,0,0,0,0,0,S001 - WH KLS JABABEKA,PT. Nusantara Cargo Line,1,LATE,1,49,18.06.2026,16.06.2026,,,,,,,S001,WH KLS JABABEKA
I100260615L030_S001,CDE PICKUP,275000,0,0,0,0,0,275000,S001 - WH KLS JABABEKA,PT. Nusantara Cargo Line,6,LATE,27,49,14.07.2026,16.06.2026,04.07.2026,06.07.2026,08.07.2026,10.07.2026,10.07.2026,,S001,WH KLS JABABEKA
I100260615L030_S001,CDE PICKUP,275000,0,0,0,0,0,275000,S001 - WH KLS JABABEKA,PT. Nusantara Cargo Line,6,LATE,27,49,14.07.2026,16.06.2026,04.07.2026,06.07.2026,08.07.2026,10.07.2026,10.07.2026,,S001,WH KLS JABABEKA
I100260615L031_S001,CDE PICKUP,313500,0,0,0,0,0,313500,S001 - WH KLS JABABEKA,PT. Nusantara Cargo Line,6,LATE,27,49,14.07.2026,16.06.2026,04.07.2026,06.07.2026,08.07.2026,10.07.2026,10.07.2026,,S001,WH KLS JABABEKA
I100260615L031_S001,CDE PICKUP,313500,0,0,0,0,0,313500,S001 - WH KLS JABABEKA,PT. Nusantara Cargo Line,6,LATE,27,49,14.07.2026,16.06.2026,04.07.2026,06.07.2026,08.07.2026,10.07.2026,10.07.2026,,S001,WH KLS JABABEKA
I100260615L032_S001,CDE PICKUP,0,0,0,0,0,0,0,S001 - WH KLS JABABEKA,PT. Nusantara Cargo Line,2,LATE,7,49,24.06.2026,16.06.2026,04.07.2026,,,,,,S001,WH KLS JABABEKA
I100260615L033_S001,CDE PICKUP,0,0,0,0,0,0,0,S001 - WH KLS JABABEKA,PT. Nusantara Cargo Line,1,LATE,1,49,18.06.2026,16.06.2026,,,,,,,S001,WH KLS JABABEKA
I100260615L034_S001,CDE PICKUP,750000,0,0,0,0,0,750000,S001 - WH KLS JABABEKA,PT. Nusantara Cargo Line,6,LATE,27,47,15.07.2026,17.06.2026,13.07.2026,24.07.2026,24.07.2026,28.07.2026,28.07.2026,,S001,WH KLS JABABEKA
I100260615L034_S001,CDE PICKUP,750000,0,0,0,0,0,750000,S001 - WH KLS JABABEKA,PT. Nusantara Cargo Line,6,LATE,27,47,15.07.2026,17.06.2026,13.07.2026,24.07.2026,24.07.2026,28.07.2026,28.07.2026,,S001,WH KLS JABABEKA
I100260615L035_S001,CDE PICKUP,350000,0,0,0,0,0,350000,S001 - WH KLS JABABEKA,PT. Nusantara Cargo Line,6,LATE,27,49,14.07.2026,16.06.2026,26.06.2026,13.07.2026,14.07.2026,21.07.2026,21.07.2026,,S001,WH KLS JABABEKA
I100260615L035_S001,CDE PICKUP,350000,0,0,0,0,0,350000,S001 - WH KLS JABABEKA,PT. Nusantara Cargo Line,6,LATE,27,49,14.07.2026,16.06.2026,26.06.2026,13.07.2026,14.07.2026,21.07.2026,21.07.2026,,S001,WH KLS JABABEKA
I100260615L037_S001,CDE PICKUP,0,0,0,0,0,0,0,S001 - WH KLS JABABEKA,PT. Nusantara Cargo Line,1,LATE,1,49,18.06.2026,16.06.2026,,,,,,,S001,WH KLS JABABEKA
I100260615L085_S001,CDE PICKUP,0,0,0,0,0,0,0,S001 - WH KLS JABABEKA,PT. Nusantara Cargo Line,2,LATE,7,49,24.06.2026,16.06.2026,13.07.2026,,,,,,S001,WH KLS JABABEKA
I100260615L086_S001,CDE PICKUP,1200000,0,0,0,0,0,1200000,S001 - WH KLS JABABEKA,PT. Nusantara Cargo Line,6,LATE,27,49,14.07.2026,16.06.2026,15.07.2026,24.07.2026,24.07.2026,27.07.2026,27.07.2026,,S001,WH KLS JABABEKA
I100260615L086_S001,CDE PICKUP,1200000,0,0,0,0,0,1200000,S001 - WH KLS JABABEKA,PT. Nusantara Cargo Line,6,LATE,27,49,14.07.2026,16.06.2026,15.07.2026,24.07.2026,24.07.2026,27.07.2026,27.07.2026,,S001,WH KLS JABABEKA
I100260615L086_S001,CDE PICKUP,1200000,0,0,0,0,0,1200000,S001 - WH KLS JABABEKA,PT. Nusantara Cargo Line,6,LATE,27,49,14.07.2026,16.06.2026,15.07.2026,24.07.2026,24.07.2026,27.07.2026,27.07.2026,,S001,WH KLS JABABEKA
I100260615L101_S001,MINI VAN BOX,0,0,0,0,0,0,0,S001 - WH KLS JABABEKA,FIRST LOGISTICS,2,LATE,7,48,24.06.2026,16.06.2026,14.07.2026,,,,,,S001,WH KLS JABABEKA
I100260615L102_S001,MINI VAN BOX,0,0,0,0,0,0,0,S001 - WH KLS JABABEKA,FIRST LOGISTICS,2,LATE,7,48,24.06.2026,16.06.2026,25.06.2026,,,,,,S001,WH KLS JABABEKA
I100260615L103_S001,MINI VAN BOX,0,0,0,0,0,0,0,S001 - WH KLS JABABEKA,FIRST LOGISTICS,2,LATE,7,48,24.06.2026,16.06.2026,25.06.2026,,,,,,S001,WH KLS JABABEKA
I100260615L104_S001,MINI VAN BOX,0,0,0,0,0,0,0,S001 - WH KLS JABABEKA,FIRST LOGISTICS,2,LATE,7,48,24.06.2026,16.06.2026,25.06.2026,,,,,,S001,WH KLS JABABEKA
I100260615L106_S001,MINI VAN BOX,0,0,0,0,0,0,0,S001 - WH KLS JABABEKA,FIRST LOGISTICS,2,LATE,7,48,24.06.2026,16.06.2026,25.06.2026,,,,,,S001,WH KLS JABABEKA
I100260615L107_S001,MINI VAN BOX,0,0,0,0,0,0,0,S001 - WH KLS JABABEKA,FIRST LOGISTICS,2,LATE,7,48,24.06.2026,16.06.2026,25.06.2026,,,,,,S001,WH KLS JABABEKA
I100260615L108_S001,MINI VAN BOX,0,0,0,0,0,0,0,S001 - WH KLS JABABEKA,FIRST LOGISTICS,2,LATE,7,48,24.06.2026,16.06.2026,25.06.2026,,,,,,S001,WH KLS JABABEKA
I100260615L109_S001,MINI VAN BOX,0,0,0,0,0,0,0,S001 - WH KLS JABABEKA,FIRST LOGISTICS,2,LATE,7,47,25.06.2026,17.06.2026,14.07.2026,,,,,,S001,WH KLS JABABEKA
I100260615T011_S001,WINGBOX,24000000,0,0,0,0,0,24000000,S001 - WH KLS JABABEKA,PT. CITRA SENTRAL EKSPRESS,6,LATE,32,49,18.07.2026,15.06.2026,23.06.2026,08.07.2026,10.07.2026,10.07.2026,10.07.2026,,S001,WH KLS JABABEKA
I100260616L001_S001,WINGBOX,5650000,0,0,0,0,0,5650000,S001 - WH KLS JABABEKA,PT. DUTA MEDIA MANDIRI,7,ON SCHEDULE,27,0,14.07.2026,16.06.2026,20.06.2026,23.06.2026,26.06.2026,26.06.2026,26.06.2026,,S001,WH KLS JABABEKA
I100260616L002_S001,WINGBOX,5650000,0,0,0,0,0,5650000,S001 - WH KLS JABABEKA,PT. DUTA MEDIA MANDIRI,7,ON SCHEDULE,27,0,14.07.2026,16.06.2026,20.06.2026,23.06.2026,26.06.2026,26.06.2026,26.06.2026,,S001,WH KLS JABABEKA
I100260616L015_S001,CDD BAK,3700000,0,0,0,400000,0,4100000,S001 - WH KLS JABABEKA,PT. EKA CIPTA MANGGALA,7,ON SCHEDULE,27,0,14.07.2026,16.06.2026,19.06.2026,25.06.2026,26.06.2026,26.06.2026,26.06.2026,,S001,WH KLS JABABEKA
I100260616L015_S001,CDD BAK,3700000,0,0,0,400000,0,4100000,S001 - WH KLS JABABEKA,PT. EKA CIPTA MANGGALA,7,ON SCHEDULE,27,0,14.07.2026,16.06.2026,19.06.2026,25.06.2026,26.06.2026,26.06.2026,26.06.2026,,S001,WH KLS JABABEKA
I100260616L015_S001,CDD BAK,3700000,0,0,0,400000,0,4100000,S001 - WH KLS JABABEKA,PT. EKA CIPTA MANGGALA,7,ON SCHEDULE,27,0,14.07.2026,16.06.2026,19.06.2026,25.06.2026,26.06.2026,26.06.2026,26.06.2026,,S001,WH KLS JABABEKA
I100260616L015_S001,CDD BAK,3700000,0,0,0,400000,0,4100000,S001 - WH KLS JABABEKA,PT. EKA CIPTA MANGGALA,7,ON SCHEDULE,27,0,14.07.2026,16.06.2026,19.06.2026,25.06.2026,26.06.2026,26.06.2026,26.06.2026,,S001,WH KLS JABABEKA
I100260616L016_S001,CDD BAK,4100000,0,0,0,0,0,4100000,S001 - WH KLS JABABEKA,PT. EKA CIPTA MANGGALA,7,ON SCHEDULE,27,0,15.07.2026,17.06.2026,20.06.2026,25.06.2026,26.06.2026,26.06.2026,26.06.2026,,S001,WH KLS JABABEKA
I100260617L003_S001,CDD PICK UP,1811300,0,0,0,0,0,1811300,S001 - WH KLS JABABEKA,BEPA IKA PEKASA,6,LATE,27,47,16.07.2026,18.06.2026,14.07.2026,20.07.2026,24.07.2026,24.07.2026,29.07.2026,,S001,WH KLS JABABEKA
I100260617L004_S001,CDD PICK UP,0,0,0,0,0,0,0,S001 - WH KLS JABABEKA,BEPA IKA PEKASA,1,LATE,1,47,20.06.2026,18.06.2026,,,,,,,S001,WH KLS JABABEKA
I100260617L005_S001,CDD PICK UP,495800,0,0,0,0,0,495800,S001 - WH KLS JABABEKA,BEPA IKA PEKASA,6,LATE,27,47,16.07.2026,18.06.2026,14.07.2026,20.07.2026,24.07.2026,24.07.2026,29.07.2026,,S001,WH KLS JABABEKA
I100260617L006_S001,CDD PICK UP,4297800,0,0,0,0,0,4297800,S001 - WH KLS JABABEKA,BEPA IKA PEKASA,6,LATE,27,47,16.07.2026,18.06.2026,14.07.2026,20.07.2026,24.07.2026,24.07.2026,29.07.2026,,S001,WH KLS JABABEKA
I100260617L007_S001,CDD PICK UP,659400,0,0,0,0,0,659400,S001 - WH KLS JABABEKA,BEPA IKA PEKASA,6,LATE,27,47,16.07.2026,18.06.2026,14.07.2026,20.07.2026,24.07.2026,24.07.2026,29.07.2026,,S001,WH KLS JABABEKA
I100260617L008_S001,CDE PICKUP,26100000,0,0,0,0,0,26100000,S001 - WH KLS JABABEKA,BEPA IKA PEKASA,2,LATE,7,47,26.06.2026,18.06.2026,,,,,,,S001,WH KLS JABABEKA
I100260617L009_S001,CDE PICKUP,295000,0,0,0,0,0,295000,S001 - WH KLS JABABEKA,BEPA IKA PEKASA,6,LATE,27,47,16.07.2026,18.06.2026,14.07.2026,20.07.2026,24.07.2026,24.07.2026,29.07.2026,,S001,WH KLS JABABEKA
I100260617L010_S001,CDD PICK UP,7702550,0,0,0,0,0,7702550,S001 - WH KLS JABABEKA,BEPA IKA PEKASA,6,LATE,27,47,16.07.2026,18.06.2026,14.07.2026,20.07.2026,24.07.2026,24.07.2026,29.07.2026,,S001,WH KLS JABABEKA
I100260617L024_S001,CONT-20,19000000,0,0,0,0,0,19000000,S001 - WH KLS JABABEKA,PT. SENTOSA PRIMA ABADI,6,LATE,40,47,28.07.2026,17.06.2026,01.07.2026,27.07.2026,28.07.2026,29.07.2026,29.07.2026,,S001,WH KLS JABABEKA
I100260617L025_S001,CONT-20,15500000,0,0,300000,0,0,15800000,S001 - WH KLS JABABEKA,PT. SENTOSA PRIMA ABADI,6,LATE,40,47,28.07.2026,17.06.2026,04.07.2026,27.07.2026,28.07.2026,29.07.2026,29.07.2026,,S001,WH KLS JABABEKA
I100260617L026_S001,CDD BAK,4500000,0,0,0,1100000,0,5600000,S001 - WH KLS JABABEKA,PT. HARI JAYA SEJAHTERA,7,ON SCHEDULE,29,0,17.07.2026,17.06.2026,20.06.2026,24.06.2026,26.06.2026,26.06.2026,30.06.2026,,S001,WH KLS JABABEKA
I100260617L026_S001,CDD BAK,4500000,0,0,0,1100000,0,5600000,S001 - WH KLS JABABEKA,PT. HARI JAYA SEJAHTERA,7,ON SCHEDULE,29,0,17.07.2026,17.06.2026,20.06.2026,24.06.2026,26.06.2026,26.06.2026,30.06.2026,,S001,WH KLS JABABEKA
I100260617L026_S001,CDD BAK,4500000,0,0,0,1100000,0,5600000,S001 - WH KLS JABABEKA,PT. HARI JAYA SEJAHTERA,7,ON SCHEDULE,29,0,17.07.2026,17.06.2026,20.06.2026,24.06.2026,26.06.2026,26.06.2026,30.06.2026,,S001,WH KLS JABABEKA
I100260617L027_S001,CDD BAK,4000000,0,0,0,1200000,0,5200000,S001 - WH KLS JABABEKA,PT. EKA CIPTA MANGGALA,7,ON SCHEDULE,27,0,15.07.2026,17.06.2026,20.06.2026,25.06.2026,26.06.2026,26.06.2026,26.06.2026,,S001,WH KLS JABABEKA
I100260617L027_S001,CDD BAK,4000000,0,0,0,1200000,0,5200000,S001 - WH KLS JABABEKA,PT. EKA CIPTA MANGGALA,7,ON SCHEDULE,27,0,15.07.2026,17.06.2026,20.06.2026,25.06.2026,26.06.2026,26.06.2026,26.06.2026,,S001,WH KLS JABABEKA
I100260617L027_S001,CDD BAK,4000000,0,0,0,1200000,0,5200000,S001 - WH KLS JABABEKA,PT. EKA CIPTA MANGGALA,7,ON SCHEDULE,27,0,15.07.2026,17.06.2026,20.06.2026,25.06.2026,26.06.2026,26.06.2026,26.06.2026,,S001,WH KLS JABABEKA
I100260617L027_S001,CDD BAK,4000000,0,0,0,1200000,0,5200000,S001 - WH KLS JABABEKA,PT. EKA CIPTA MANGGALA,7,ON SCHEDULE,27,0,15.07.2026,17.06.2026,20.06.2026,25.06.2026,26.06.2026,26.06.2026,26.06.2026,,S001,WH KLS JABABEKA
I100260617L027_S001,CDD BAK,4000000,0,0,0,1200000,0,5200000,S001 - WH KLS JABABEKA,PT. EKA CIPTA MANGGALA,7,ON SCHEDULE,27,0,15.07.2026,17.06.2026,20.06.2026,25.06.2026,26.06.2026,26.06.2026,26.06.2026,,S001,WH KLS JABABEKA
I100260617L027_S001,CDD BAK,4000000,0,0,0,1200000,0,5200000,S001 - WH KLS JABABEKA,PT. EKA CIPTA MANGGALA,7,ON SCHEDULE,27,0,15.07.2026,17.06.2026,20.06.2026,25.06.2026,26.06.2026,26.06.2026,26.06.2026,,S001,WH KLS JABABEKA
I100260617L028_S001,CDD BAK,4000000,0,0,0,1200000,0,5200000,S001 - WH KLS JABABEKA,PT. EKA CIPTA MANGGALA,7,ON SCHEDULE,28,0,16.07.2026,17.06.2026,20.06.2026,25.06.2026,26.06.2026,26.06.2026,26.06.2026,,S001,WH KLS JABABEKA
I100260617L028_S001,CDD BAK,4000000,0,0,0,1200000,0,5200000,S001 - WH KLS JABABEKA,PT. EKA CIPTA MANGGALA,7,ON SCHEDULE,28,0,16.07.2026,17.06.2026,20.06.2026,25.06.2026,26.06.2026,26.06.2026,26.06.2026,,S001,WH KLS JABABEKA
I100260617L028_S001,CDD BAK,4000000,0,0,0,1200000,0,5200000,S001 - WH KLS JABABEKA,PT. EKA CIPTA MANGGALA,7,ON SCHEDULE,28,0,16.07.2026,17.06.2026,20.06.2026,25.06.2026,26.06.2026,26.06.2026,26.06.2026,,S001,WH KLS JABABEKA
I100260617L028_S001,CDD BAK,4000000,0,0,0,1200000,0,5200000,S001 - WH KLS JABABEKA,PT. EKA CIPTA MANGGALA,7,ON SCHEDULE,28,0,16.07.2026,17.06.2026,20.06.2026,25.06.2026,26.06.2026,26.06.2026,26.06.2026,,S001,WH KLS JABABEKA
I100260617L028_S001,CDD BAK,4000000,0,0,0,1200000,0,5200000,S001 - WH KLS JABABEKA,PT. EKA CIPTA MANGGALA,7,ON SCHEDULE,28,0,16.07.2026,17.06.2026,20.06.2026,25.06.2026,26.06.2026,26.06.2026,26.06.2026,,S001,WH KLS JABABEKA
I100260617L028_S001,CDD BAK,4000000,0,0,0,1200000,0,5200000,S001 - WH KLS JABABEKA,PT. EKA CIPTA MANGGALA,7,ON SCHEDULE,28,0,16.07.2026,17.06.2026,20.06.2026,25.06.2026,26.06.2026,26.06.2026,26.06.2026,,S001,WH KLS JABABEKA
I100260617L029_S001,CDD BAK,5300000,0,0,0,400000,0,5700000,S001 - WH KLS JABABEKA,PT. EKA CIPTA MANGGALA,7,ON SCHEDULE,29,0,17.07.2026,17.06.2026,20.06.2026,25.06.2026,26.06.2026,26.06.2026,26.06.2026,,S001,WH KLS JABABEKA
I100260617L029_S001,CDD BAK,5300000,0,0,0,400000,0,5700000,S001 - WH KLS JABABEKA,PT. EKA CIPTA MANGGALA,7,ON SCHEDULE,29,0,17.07.2026,17.06.2026,20.06.2026,25.06.2026,26.06.2026,26.06.2026,26.06.2026,,S001,WH KLS JABABEKA
I100260617L029_S001,CDD BAK,5300000,0,0,0,400000,0,5700000,S001 - WH KLS JABABEKA,PT. EKA CIPTA MANGGALA,7,ON SCHEDULE,29,0,17.07.2026,17.06.2026,20.06.2026,25.06.2026,26.06.2026,26.06.2026,26.06.2026,,S001,WH KLS JABABEKA
I100260617L030_S001,CDD BAK,4500000,0,0,0,0,1443000,5943000,S001 - WH KLS JABABEKA,PT. HARI JAYA SEJAHTERA,7,ON SCHEDULE,29,0,17.07.2026,17.06.2026,20.06.2026,24.06.2026,26.06.2026,26.06.2026,30.06.2026,,S001,WH KLS JABABEKA
I100260617L095_S001,WINGBOX,0,0,0,0,0,0,0,S001 - WH KLS JABABEKA,PT. Satria Piranti Perkasa,2,LATE,7,46,26.06.2026,18.06.2026,23.06.2026,,,,,,S001,WH KLS JABABEKA
I100260617L103_S001,MINI VAN BOX,0,0,0,0,0,0,0,S001 - WH KLS JABABEKA,FIRST LOGISTICS,2,LATE,7,46,26.06.2026,18.06.2026,25.06.2026,,,,,,S001,WH KLS JABABEKA
I100260617L104_S001,MINI VAN BOX,0,0,0,0,0,0,0,S001 - WH KLS JABABEKA,FIRST LOGISTICS,2,LATE,7,47,26.06.2026,18.06.2026,25.06.2026,,,,,,S001,WH KLS JABABEKA
I100260617L105_S001,CDE PICKUP,0,0,0,0,0,0,0,S001 - WH KLS JABABEKA,PT. Nusantara Cargo Line,2,LATE,7,47,25.06.2026,17.06.2026,13.07.2026,,,,,,S001,WH KLS JABABEKA
I100260617L106_S001,CDE PICKUP,0,0,0,0,0,0,0,S001 - WH KLS JABABEKA,PT. Nusantara Cargo Line,2,LATE,7,47,25.06.2026,17.06.2026,04.07.2026,,,,,,S001,WH KLS JABABEKA
I100260617L107_S001,CDE PICKUP,275000,0,0,0,0,0,275000,S001 - WH KLS JABABEKA,PT. Nusantara Cargo Line,6,LATE,27,47,15.07.2026,17.06.2026,04.07.2026,06.07.2026,08.07.2026,10.07.2026,10.07.2026,,S001,WH KLS JABABEKA
I100260617L107_S001,CDE PICKUP,275000,0,0,0,0,0,275000,S001 - WH KLS JABABEKA,PT. Nusantara Cargo Line,6,LATE,27,47,15.07.2026,17.06.2026,04.07.2026,06.07.2026,08.07.2026,10.07.2026,10.07.2026,,S001,WH KLS JABABEKA
I100260617L108_S001,MINI VAN BOX,0,0,0,0,0,0,0,S001 - WH KLS JABABEKA,FIRST LOGISTICS,2,LATE,7,47,26.06.2026,18.06.2026,25.06.2026,,,,,,S001,WH KLS JABABEKA
I100260617L110_S001,MINI VAN BOX,0,0,0,0,0,0,0,S001 - WH KLS JABABEKA,FIRST LOGISTICS,2,LATE,7,47,26.06.2026,18.06.2026,25.06.2026,,,,,,S001,WH KLS JABABEKA
I100260617L111_S001,CDE PICKUP,0,0,0,0,0,0,0,S001 - WH KLS JABABEKA,PT. Nusantara Cargo Line,1,LATE,1,47,19.06.2026,17.06.2026,,,,,,,S001,WH KLS JABABEKA
I100260617L112_S001,CDE PICKUP,275000,0,0,0,0,0,275000,S001 - WH KLS JABABEKA,PT. Nusantara Cargo Line,6,LATE,27,47,15.07.2026,17.06.2026,25.06.2026,06.07.2026,08.07.2026,10.07.2026,10.07.2026,,S001,WH KLS JABABEKA
I100260617L112_S001,CDE PICKUP,275000,0,0,0,0,0,275000,S001 - WH KLS JABABEKA,PT. Nusantara Cargo Line,6,LATE,27,47,15.07.2026,17.06.2026,25.06.2026,06.07.2026,08.07.2026,10.07.2026,10.07.2026,,S001,WH KLS JABABEKA
I100260617L113_S001,CDE PICKUP,375000,0,0,0,0,0,375000,S001 - WH KLS JABABEKA,PT. Nusantara Cargo Line,6,LATE,27,47,15.07.2026,17.06.2026,04.07.2026,06.07.2026,08.07.2026,10.07.2026,10.07.2026,,S001,WH KLS JABABEKA
I100260617L113_S001,CDE PICKUP,375000,0,0,0,0,0,375000,S001 - WH KLS JABABEKA,PT. Nusantara Cargo Line,6,LATE,27,47,15.07.2026,17.06.2026,04.07.2026,06.07.2026,08.07.2026,10.07.2026,10.07.2026,,S001,WH KLS JABABEKA
I100260617L114_S001,CDE PICKUP,375000,0,0,0,0,0,375000,S001 - WH KLS JABABEKA,PT. Nusantara Cargo Line,6,LATE,27,47,15.07.2026,17.06.2026,04.07.2026,06.07.2026,08.07.2026,10.07.2026,10.07.2026,,S001,WH KLS JABABEKA
I100260617L114_S001,CDE PICKUP,375000,0,0,0,0,0,375000,S001 - WH KLS JABABEKA,PT. Nusantara Cargo Line,6,LATE,27,47,15.07.2026,17.06.2026,04.07.2026,06.07.2026,08.07.2026,10.07.2026,10.07.2026,,S001,WH KLS JABABEKA
I100260617L115_S001,CDE PICKUP,750000,0,0,0,0,0,750000,S001 - WH KLS JABABEKA,PT. Nusantara Cargo Line,6,LATE,27,47,15.07.2026,17.06.2026,13.07.2026,13.07.2026,14.07.2026,21.07.2026,21.07.2026,,S001,WH KLS JABABEKA
I100260617L115_S001,CDE PICKUP,750000,0,0,0,0,0,750000,S001 - WH KLS JABABEKA,PT. Nusantara Cargo Line,6,LATE,27,47,15.07.2026,17.06.2026,13.07.2026,13.07.2026,14.07.2026,21.07.2026,21.07.2026,,S001,WH KLS JABABEKA
I100260617L116_S001,CDE PICKUP,0,0,0,0,0,0,0,S001 - WH KLS JABABEKA,PT. Nusantara Cargo Line,2,LATE,7,47,25.06.2026,17.06.2026,26.06.2026,,,,,,S001,WH KLS JABABEKA
I100260617L117_S001,CDE PICKUP,0,0,0,0,0,0,0,S001 - WH KLS JABABEKA,PT. Nusantara Cargo Line,1,LATE,1,47,19.06.2026,17.06.2026,,,,,,,S001,WH KLS JABABEKA
I100260617L118_S001,CDE PICKUP,275000,0,0,0,0,0,275000,S001 - WH KLS JABABEKA,PT. Nusantara Cargo Line,6,LATE,27,47,15.07.2026,17.06.2026,04.07.2026,06.07.2026,08.07.2026,10.07.2026,10.07.2026,,S001,WH KLS JABABEKA
I100260617L118_S001,CDE PICKUP,275000,0,0,0,0,0,275000,S001 - WH KLS JABABEKA,PT. Nusantara Cargo Line,6,LATE,27,47,15.07.2026,17.06.2026,04.07.2026,06.07.2026,08.07.2026,10.07.2026,10.07.2026,,S001,WH KLS JABABEKA
I100260617L119_S001,CDE PICKUP,750000,0,0,0,0,0,750000,S001 - WH KLS JABABEKA,PT. Nusantara Cargo Line,6,LATE,27,46,16.07.2026,18.06.2026,15.07.2026,24.07.2026,24.07.2026,28.07.2026,28.07.2026,,S001,WH KLS JABABEKA
I100260617L119_S001,CDE PICKUP,750000,0,0,0,0,0,750000,S001 - WH KLS JABABEKA,PT. Nusantara Cargo Line,6,LATE,27,46,16.07.2026,18.06.2026,15.07.2026,24.07.2026,24.07.2026,28.07.2026,28.07.2026,,S001,WH KLS JABABEKA
I100260617L120_S001,CDE LONG CHASSIS,275000,0,0,0,0,0,275000,S001 - WH KLS JABABEKA,PT. Nusantara Cargo Line,7,ON SCHEDULE,27,0,15.07.2026,17.06.2026,26.06.2026,29.06.2026,01.07.2026,03.07.2026,03.07.2026,,S001,WH KLS JABABEKA
I100260617L120_S001,CDE LONG CHASSIS,275000,0,0,0,0,0,275000,S001 - WH KLS JABABEKA,PT. Nusantara Cargo Line,7,ON SCHEDULE,27,0,15.07.2026,17.06.2026,26.06.2026,29.06.2026,01.07.2026,03.07.2026,03.07.2026,,S001,WH KLS JABABEKA
I100260617L121_S001,CDE PICKUP,2904000,0,0,0,0,0,2904000,S001 - WH KLS JABABEKA,PT. Nusantara Cargo Line,6,LATE,27,47,15.07.2026,17.06.2026,04.07.2026,06.07.2026,08.07.2026,09.07.2026,09.07.2026,,S001,WH KLS JABABEKA
I100260617L121_S001,CDE PICKUP,2904000,0,0,0,0,0,2904000,S001 - WH KLS JABABEKA,PT. Nusantara Cargo Line,6,LATE,27,47,15.07.2026,17.06.2026,04.07.2026,06.07.2026,08.07.2026,09.07.2026,09.07.2026,,S001,WH KLS JABABEKA
I100260617L122_S001,CDE PICKUP,250000,0,0,0,0,0,250000,S001 - WH KLS JABABEKA,PT. Nusantara Cargo Line,6,LATE,27,46,16.07.2026,18.06.2026,13.07.2026,29.07.2026,29.07.2026,31.07.2026,31.07.2026,,S001,WH KLS JABABEKA
I100260617L122_S001,CDE PICKUP,250000,0,0,0,0,0,250000,S001 - WH KLS JABABEKA,PT. Nusantara Cargo Line,6,LATE,27,46,16.07.2026,18.06.2026,13.07.2026,29.07.2026,29.07.2026,31.07.2026,31.07.2026,,S001,WH KLS JABABEKA
I100260617L123_S001,CDE PICKUP,0,0,0,0,0,0,0,S001 - WH KLS JABABEKA,PT. Nusantara Cargo Line,1,LATE,1,47,19.06.2026,17.06.2026,,,,,,,S001,WH KLS JABABEKA
I100260617L124_S001,CDE PICKUP,1498000,0,0,0,0,0,1498000,S001 - WH KLS JABABEKA,PT. Nusantara Cargo Line,6,LATE,27,47,15.07.2026,17.06.2026,15.07.2026,24.07.2026,24.07.2026,27.07.2026,27.07.2026,,S001,WH KLS JABABEKA
I100260617L124_S001,CDE PICKUP,1498000,0,0,0,0,0,1498000,S001 - WH KLS JABABEKA,PT. Nusantara Cargo Line,6,LATE,27,47,15.07.2026,17.06.2026,15.07.2026,24.07.2026,24.07.2026,27.07.2026,27.07.2026,,S001,WH KLS JABABEKA
I100260617L127_S001,CDE PICKUP,606000,0,0,0,0,0,606000,S001 - WH KLS JABABEKA,PT. Nusantara Cargo Line,7,ON SCHEDULE,27,0,16.07.2026,18.06.2026,25.06.2026,29.06.2026,01.07.2026,03.07.2026,03.07.2026,,S001,WH KLS JABABEKA
I100260617L127_S001,CDE PICKUP,606000,0,0,0,0,0,606000,S001 - WH KLS JABABEKA,PT. Nusantara Cargo Line,7,ON SCHEDULE,27,0,16.07.2026,18.06.2026,25.06.2026,29.06.2026,01.07.2026,03.07.2026,03.07.2026,,S001,WH KLS JABABEKA
I100260617L128_S001,CDE PICKUP,530250,0,0,0,0,0,530250,S001 - WH KLS JABABEKA,PT. Nusantara Cargo Line,7,ON SCHEDULE,27,0,16.07.2026,18.06.2026,25.06.2026,29.06.2026,01.07.2026,03.07.2026,03.07.2026,,S001,WH KLS JABABEKA
I100260617L128_S001,CDE PICKUP,530250,0,0,0,0,0,530250,S001 - WH KLS JABABEKA,PT. Nusantara Cargo Line,7,ON SCHEDULE,27,0,16.07.2026,18.06.2026,25.06.2026,29.06.2026,01.07.2026,03.07.2026,03.07.2026,,S001,WH KLS JABABEKA
I100260617L129_S001,CDE PICKUP,707000,0,0,0,0,0,707000,S001 - WH KLS JABABEKA,PT. Nusantara Cargo Line,7,ON SCHEDULE,27,0,16.07.2026,18.06.2026,25.06.2026,29.06.2026,01.07.2026,03.07.2026,03.07.2026,,S001,WH KLS JABABEKA
I100260617L129_S001,CDE PICKUP,707000,0,0,0,0,0,707000,S001 - WH KLS JABABEKA,PT. Nusantara Cargo Line,7,ON SCHEDULE,27,0,16.07.2026,18.06.2026,25.06.2026,29.06.2026,01.07.2026,03.07.2026,03.07.2026,,S001,WH KLS JABABEKA
I100260617L131_S001,MINI VAN BOX,0,0,0,0,0,0,0,S001 - WH KLS JABABEKA,FIRST LOGISTICS,2,LATE,7,46,26.06.2026,18.06.2026,25.06.2026,,,,,,S001,WH KLS JABABEKA
I100260618L011_S001,CDD BAK,3700000,0,0,0,400000,0,4100000,S001 - WH KLS JABABEKA,PT. EKA CIPTA MANGGALA,7,ON SCHEDULE,28,0,17.07.2026,18.06.2026,23.06.2026,25.06.2026,26.06.2026,26.06.2026,26.06.2026,,S001,WH KLS JABABEKA
I100260618L011_S001,CDD BAK,3700000,0,0,0,400000,0,4100000,S001 - WH KLS JABABEKA,PT. EKA CIPTA MANGGALA,7,ON SCHEDULE,28,0,17.07.2026,18.06.2026,23.06.2026,25.06.2026,26.06.2026,26.06.2026,26.06.2026,,S001,WH KLS JABABEKA
I100260618L011_S001,CDD BAK,3700000,0,0,0,400000,0,4100000,S001 - WH KLS JABABEKA,PT. EKA CIPTA MANGGALA,7,ON SCHEDULE,28,0,17.07.2026,18.06.2026,23.06.2026,25.06.2026,26.06.2026,26.06.2026,26.06.2026,,S001,WH KLS JABABEKA
I100260618L012_S001,CDD BAK,4100000,0,0,0,800000,0,4900000,S001 - WH KLS JABABEKA,PT. EKA CIPTA MANGGALA,7,ON SCHEDULE,27,0,16.07.2026,18.06.2026,24.06.2026,25.06.2026,26.06.2026,26.06.2026,26.06.2026,,S001,WH KLS JABABEKA
I100260618L012_S001,CDD BAK,4100000,0,0,0,800000,0,4900000,S001 - WH KLS JABABEKA,PT. EKA CIPTA MANGGALA,7,ON SCHEDULE,27,0,16.07.2026,18.06.2026,24.06.2026,25.06.2026,26.06.2026,26.06.2026,26.06.2026,,S001,WH KLS JABABEKA
I100260618L012_S001,CDD BAK,4100000,0,0,0,800000,0,4900000,S001 - WH KLS JABABEKA,PT. EKA CIPTA MANGGALA,7,ON SCHEDULE,27,0,16.07.2026,18.06.2026,24.06.2026,25.06.2026,26.06.2026,26.06.2026,26.06.2026,,S001,WH KLS JABABEKA
I100260618L012_S001,CDD BAK,4100000,0,0,0,800000,0,4900000,S001 - WH KLS JABABEKA,PT. EKA CIPTA MANGGALA,7,ON SCHEDULE,27,0,16.07.2026,18.06.2026,24.06.2026,25.06.2026,26.06.2026,26.06.2026,26.06.2026,,S001,WH KLS JABABEKA
I100260618L013_S001,CDD BAK,7500000,0,0,0,500000,0,8000000,S001 - WH KLS JABABEKA,PT. EKA CIPTA MANGGALA,7,ON SCHEDULE,30,0,19.07.2026,18.06.2026,23.06.2026,25.06.2026,26.06.2026,26.06.2026,26.06.2026,,S001,WH KLS JABABEKA
I100260618L013_S001,CDD BAK,7500000,0,0,0,500000,0,8000000,S001 - WH KLS JABABEKA,PT. EKA CIPTA MANGGALA,7,ON SCHEDULE,30,0,19.07.2026,18.06.2026,23.06.2026,25.06.2026,26.06.2026,26.06.2026,26.06.2026,,S001,WH KLS JABABEKA
I100260618L013_S001,CDD BAK,7500000,0,0,0,500000,0,8000000,S001 - WH KLS JABABEKA,PT. EKA CIPTA MANGGALA,7,ON SCHEDULE,30,0,19.07.2026,18.06.2026,23.06.2026,25.06.2026,26.06.2026,26.06.2026,26.06.2026,,S001,WH KLS JABABEKA
I100260618L014_S001,CDD BAK,10500000,0,0,0,0,0,10500000,S001 - WH KLS JABABEKA,BINTANG SAMUDERA,7,ON SCHEDULE,29,0,18.07.2026,18.06.2026,24.06.2026,03.07.2026,04.07.2026,06.07.2026,06.07.2026,,S001,WH KLS JABABEKA
I100260618L069_S001,CONT-20,17200000,0,0,0,3400000,0,20600000,S001 - WH KLS JABABEKA,PT. SENTOSA PRIMA ABADI,6,LATE,39,46,29.07.2026,19.06.2026,07.07.2026,23.07.2026,24.07.2026,29.07.2026,29.07.2026,,S001,WH KLS JABABEKA
I100260618L082_S001,CDE PICKUP,500000,0,0,0,0,0,500000,S001 - WH KLS JABABEKA,PT. Nusantara Cargo Line,7,ON SCHEDULE,27,0,16.07.2026,18.06.2026,25.06.2026,30.06.2026,01.07.2026,01.07.2026,01.07.2026,,S001,WH KLS JABABEKA
I100260618L082_S001,CDE PICKUP,500000,0,0,0,0,0,500000,S001 - WH KLS JABABEKA,PT. Nusantara Cargo Line,7,ON SCHEDULE,27,0,16.07.2026,18.06.2026,25.06.2026,30.06.2026,01.07.2026,01.07.2026,01.07.2026,,S001,WH KLS JABABEKA
I100260618L083_S001,FUSO LOSBAK,6000000,0,0,0,0,0,6000000,S001 - WH KLS JABABEKA,CV. BANGUN JASA TRANS,7,ON SCHEDULE,27,0,17.07.2026,19.06.2026,23.06.2026,23.06.2026,26.06.2026,26.06.2026,26.06.2026,,S001,WH KLS JABABEKA
I100260618L088_S001,CDD BAK,4500000,0,0,0,0,1429000,5929000,S001 - WH KLS JABABEKA,PT. HARI JAYA SEJAHTERA,7,ON SCHEDULE,27,0,16.07.2026,18.06.2026,23.06.2026,24.06.2026,26.06.2026,26.06.2026,30.06.2026,,S001,WH KLS JABABEKA
I100260618L089_S001,CDD BAK,4500000,0,0,0,0,1443000,5943000,S001 - WH KLS JABABEKA,PT. HARI JAYA SEJAHTERA,7,ON SCHEDULE,27,0,16.07.2026,18.06.2026,23.06.2026,24.06.2026,26.06.2026,26.06.2026,30.06.2026,,S001,WH KLS JABABEKA
I100260618L090_S001,MINI VAN BOX,0,0,0,0,0,0,0,S001 - WH KLS JABABEKA,FIRST LOGISTICS,2,LATE,7,45,27.06.2026,19.06.2026,25.06.2026,,,,,,S001,WH KLS JABABEKA
I100260618L091_S001,MINI VAN BOX,0,0,0,0,0,0,0,S001 - WH KLS JABABEKA,FIRST LOGISTICS,2,LATE,7,45,27.06.2026,19.06.2026,25.06.2026,,,,,,S001,WH KLS JABABEKA
I100260618L092_S001,MINI VAN BOX,0,0,0,0,0,0,0,S001 - WH KLS JABABEKA,FIRST LOGISTICS,2,LATE,7,45,27.06.2026,19.06.2026,14.07.2026,,,,,,S001,WH KLS JABABEKA
I100260618L093_S001,MINI VAN BOX,0,0,0,0,0,0,0,S001 - WH KLS JABABEKA,FIRST LOGISTICS,2,LATE,7,45,27.06.2026,19.06.2026,14.07.2026,,,,,,S001,WH KLS JABABEKA
I100260618L094_S001,MINI VAN BOX,0,0,0,0,0,0,0,S001 - WH KLS JABABEKA,FIRST LOGISTICS,2,LATE,7,45,27.06.2026,19.06.2026,25.06.2026,,,,,,S001,WH KLS JABABEKA
I100260618L095_S001,MINI VAN BOX,0,0,0,0,0,0,0,S001 - WH KLS JABABEKA,FIRST LOGISTICS,2,LATE,7,45,27.06.2026,19.06.2026,14.07.2026,,,,,,S001,WH KLS JABABEKA
I100260618L096_S001,MINI VAN BOX,0,0,0,0,0,0,0,S001 - WH KLS JABABEKA,FIRST LOGISTICS,2,LATE,7,45,27.06.2026,19.06.2026,25.06.2026,,,,,,S001,WH KLS JABABEKA
I100260618L097_S001,MINI VAN BOX,0,0,0,0,0,0,0,S001 - WH KLS JABABEKA,FIRST LOGISTICS,2,LATE,7,45,27.06.2026,19.06.2026,25.06.2026,,,,,,S001,WH KLS JABABEKA
I100260618L098_S001,MINI VAN BOX,0,0,0,0,0,0,0,S001 - WH KLS JABABEKA,FIRST LOGISTICS,2,LATE,7,45,27.06.2026,19.06.2026,25.06.2026,,,,,,S001,WH KLS JABABEKA
I100260618L100_S001,CDD PICK UP,1610000,0,0,0,0,0,1610000,S001 - WH KLS JABABEKA,PT. MERPATI ALAM SEMESTA,4,LATE,15,45,05.07.2026,19.06.2026,13.07.2026,22.07.2026,29.07.2026,,,,S001,WH KLS JABABEKA
I100260618L100_S001,CDD PICK UP,1610000,0,0,0,0,0,1610000,S001 - WH KLS JABABEKA,PT. MERPATI ALAM SEMESTA,4,LATE,15,45,05.07.2026,19.06.2026,13.07.2026,22.07.2026,29.07.2026,,,,S001,WH KLS JABABEKA
I100260618L101_S001,CDE PICKUP,1228500,0,0,0,0,0,1228500,S001 - WH KLS JABABEKA,PT. MERPATI ALAM SEMESTA,4,LATE,15,45,05.07.2026,19.06.2026,13.07.2026,22.07.2026,29.07.2026,,,,S001,WH KLS JABABEKA
I100260618L101_S001,CDE PICKUP,1228500,0,0,0,0,0,1228500,S001 - WH KLS JABABEKA,PT. MERPATI ALAM SEMESTA,4,LATE,15,45,05.07.2026,19.06.2026,13.07.2026,22.07.2026,29.07.2026,,,,S001,WH KLS JABABEKA
I100260618L102_S001,CDE PICKUP,0,0,0,0,0,0,0,S001 - WH KLS JABABEKA,PT. MERPATI ALAM SEMESTA,2,LATE,7,45,27.06.2026,19.06.2026,13.07.2026,,,,,,S001,WH KLS JABABEKA
I100260618L103_S001,MINI VAN BOX,2712000,0,0,0,0,0,2712000,S001 - WH KLS JABABEKA,PT. MERPATI ALAM SEMESTA,4,LATE,15,45,05.07.2026,19.06.2026,13.07.2026,22.07.2026,29.07.2026,,,,S001,WH KLS JABABEKA
I100260618L103_S001,MINI VAN BOX,2712000,0,0,0,0,0,2712000,S001 - WH KLS JABABEKA,PT. MERPATI ALAM SEMESTA,4,LATE,15,45,05.07.2026,19.06.2026,13.07.2026,22.07.2026,29.07.2026,,,,S001,WH KLS JABABEKA
I100260618L104_S001,CDE PICKUP,0,0,0,0,0,0,0,S001 - WH KLS JABABEKA,PT. MERPATI ALAM SEMESTA,2,LATE,7,45,27.06.2026,19.06.2026,13.07.2026,,,,,,S001,WH KLS JABABEKA
I100260618L105_S001,CDE PICKUP,575000,0,0,0,0,0,575000,S001 - WH KLS JABABEKA,PT. MERPATI ALAM SEMESTA,4,LATE,15,45,05.07.2026,19.06.2026,25.06.2026,22.07.2026,29.07.2026,,,,S001,WH KLS JABABEKA
I100260618L105_S001,CDE PICKUP,575000,0,0,0,0,0,575000,S001 - WH KLS JABABEKA,PT. MERPATI ALAM SEMESTA,4,LATE,15,45,05.07.2026,19.06.2026,25.06.2026,22.07.2026,29.07.2026,,,,S001,WH KLS JABABEKA
I100260618L106_S001,CDE PICKUP,520000,0,0,0,0,0,520000,S001 - WH KLS JABABEKA,PT. MERPATI ALAM SEMESTA,4,LATE,15,45,05.07.2026,19.06.2026,25.06.2026,22.07.2026,29.07.2026,,,,S001,WH KLS JABABEKA
I100260618L106_S001,CDE PICKUP,520000,0,0,0,0,0,520000,S001 - WH KLS JABABEKA,PT. MERPATI ALAM SEMESTA,4,LATE,15,45,05.07.2026,19.06.2026,25.06.2026,22.07.2026,29.07.2026,,,,S001,WH KLS JABABEKA
I100260618L107_S001,CDE PICKUP,0,0,0,0,0,0,0,S001 - WH KLS JABABEKA,PT. MERPATI ALAM SEMESTA,2,LATE,7,45,27.06.2026,19.06.2026,25.06.2026,,,,,,S001,WH KLS JABABEKA
I100260618L108_S001,CDE PICKUP,748000,0,0,0,0,0,748000,S001 - WH KLS JABABEKA,PT. MERPATI ALAM SEMESTA,4,LATE,15,45,05.07.2026,19.06.2026,25.06.2026,22.07.2026,29.07.2026,,,,S001,WH KLS JABABEKA
I100260618L108_S001,CDE PICKUP,748000,0,0,0,0,0,748000,S001 - WH KLS JABABEKA,PT. MERPATI ALAM SEMESTA,4,LATE,15,45,05.07.2026,19.06.2026,25.06.2026,22.07.2026,29.07.2026,,,,S001,WH KLS JABABEKA
I100260618L109_S001,CDE PICKUP,50625,0,0,0,0,0,50625,S001 - WH KLS JABABEKA,PT. MERPATI ALAM SEMESTA,4,LATE,15,45,05.07.2026,19.06.2026,13.07.2026,22.07.2026,29.07.2026,,,,S001,WH KLS JABABEKA
I100260618L109_S001,CDE PICKUP,50625,0,0,0,0,0,50625,S001 - WH KLS JABABEKA,PT. MERPATI ALAM SEMESTA,4,LATE,15,45,05.07.2026,19.06.2026,13.07.2026,22.07.2026,29.07.2026,,,,S001,WH KLS JABABEKA
I100260618L110_S001,CDE PICKUP,412500,0,0,0,0,0,412500,S001 - WH KLS JABABEKA,PT. MERPATI ALAM SEMESTA,4,LATE,15,45,05.07.2026,19.06.2026,13.07.2026,22.07.2026,29.07.2026,,,,S001,WH KLS JABABEKA
I100260618L110_S001,CDE PICKUP,412500,0,0,0,0,0,412500,S001 - WH KLS JABABEKA,PT. MERPATI ALAM SEMESTA,4,LATE,15,45,05.07.2026,19.06.2026,13.07.2026,22.07.2026,29.07.2026,,,,S001,WH KLS JABABEKA
I100260618L111_S001,CDE PICKUP,9720000,0,0,0,0,0,9720000,S001 - WH KLS JABABEKA,PT. MERPATI ALAM SEMESTA,4,LATE,15,45,05.07.2026,19.06.2026,13.07.2026,22.07.2026,29.07.2026,,,,S001,WH KLS JABABEKA
I100260618L111_S001,CDE PICKUP,9720000,0,0,0,0,0,9720000,S001 - WH KLS JABABEKA,PT. MERPATI ALAM SEMESTA,4,LATE,15,45,05.07.2026,19.06.2026,13.07.2026,22.07.2026,29.07.2026,,,,S001,WH KLS JABABEKA
I100260618L112_S001,CDE PICKUP,125000,0,0,0,0,0,125000,S001 - WH KLS JABABEKA,PT. MERPATI ALAM SEMESTA,4,LATE,15,45,05.07.2026,19.06.2026,13.07.2026,22.07.2026,29.07.2026,,,,S001,WH KLS JABABEKA
I100260618L112_S001,CDE PICKUP,125000,0,0,0,0,0,125000,S001 - WH KLS JABABEKA,PT. MERPATI ALAM SEMESTA,4,LATE,15,45,05.07.2026,19.06.2026,13.07.2026,22.07.2026,29.07.2026,,,,S001,WH KLS JABABEKA
I100260618L113_S001,CDE PICKUP,80000,0,0,0,0,0,80000,S001 - WH KLS JABABEKA,PT. MERPATI ALAM SEMESTA,2,LATE,7,45,27.06.2026,19.06.2026,,,,,,,S001,WH KLS JABABEKA
I100260618L113_S001,CDE PICKUP,80000,0,0,0,0,0,80000,S001 - WH KLS JABABEKA,PT. MERPATI ALAM SEMESTA,2,LATE,7,45,27.06.2026,19.06.2026,,,,,,,S001,WH KLS JABABEKA
I100260618L114_S001,CDE PICKUP,0,0,0,0,0,0,0,S001 - WH KLS JABABEKA,PT. MERPATI ALAM SEMESTA,2,LATE,7,45,27.06.2026,19.06.2026,13.07.2026,,,,,,S001,WH KLS JABABEKA
I100260618L115_S001,CDE PICKUP,267000,0,0,0,0,0,267000,S001 - WH KLS JABABEKA,PT. MERPATI ALAM SEMESTA,4,LATE,15,45,05.07.2026,19.06.2026,25.06.2026,23.07.2026,29.07.2026,,,,S001,WH KLS JABABEKA
I100260618L115_S001,CDE PICKUP,267000,0,0,0,0,0,267000,S001 - WH KLS JABABEKA,PT. MERPATI ALAM SEMESTA,4,LATE,15,45,05.07.2026,19.06.2026,25.06.2026,23.07.2026,29.07.2026,,,,S001,WH KLS JABABEKA
I100260618L116_S001,CDE PICKUP,575000,0,0,0,0,0,575000,S001 - WH KLS JABABEKA,PT. MERPATI ALAM SEMESTA,4,LATE,15,45,05.07.2026,19.06.2026,13.07.2026,23.07.2026,29.07.2026,,,,S001,WH KLS JABABEKA
I100260618L116_S001,CDE PICKUP,575000,0,0,0,0,0,575000,S001 - WH KLS JABABEKA,PT. MERPATI ALAM SEMESTA,4,LATE,15,45,05.07.2026,19.06.2026,13.07.2026,23.07.2026,29.07.2026,,,,S001,WH KLS JABABEKA
I100260618L117_S001,CDE PICKUP,0,0,0,0,0,0,0,S001 - WH KLS JABABEKA,PT. MERPATI ALAM SEMESTA,2,LATE,7,45,27.06.2026,19.06.2026,31.07.2026,,,,,,S001,WH KLS JABABEKA
I100260618L118_S001,CDE PICKUP,708750,0,0,0,0,0,708750,S001 - WH KLS JABABEKA,PT. MERPATI ALAM SEMESTA,4,LATE,15,45,05.07.2026,19.06.2026,13.07.2026,30.07.2026,31.07.2026,,,,S001,WH KLS JABABEKA
I100260618L118_S001,CDE PICKUP,708750,0,0,0,0,0,708750,S001 - WH KLS JABABEKA,PT. MERPATI ALAM SEMESTA,4,LATE,15,45,05.07.2026,19.06.2026,13.07.2026,30.07.2026,31.07.2026,,,,S001,WH KLS JABABEKA
I100260618L120_S001,MINI VAN BOX,0,0,0,0,0,0,0,S001 - WH KLS JABABEKA,FIRST LOGISTICS,2,LATE,7,45,27.06.2026,19.06.2026,25.06.2026,,,,,,S001,WH KLS JABABEKA
I100260618L121_S001,CDE PICKUP,1000000,0,0,0,0,0,1000000,S001 - WH KLS JABABEKA,PT. MERPATI ALAM SEMESTA,4,LATE,15,45,05.07.2026,19.06.2026,25.06.2026,23.07.2026,29.07.2026,,,,S001,WH KLS JABABEKA
I100260618L121_S001,CDE PICKUP,1000000,0,0,0,0,0,1000000,S001 - WH KLS JABABEKA,PT. MERPATI ALAM SEMESTA,4,LATE,15,45,05.07.2026,19.06.2026,25.06.2026,23.07.2026,29.07.2026,,,,S001,WH KLS JABABEKA
I100260618L122_S001,MINI VAN BOX,0,0,0,0,0,0,0,S001 - WH KLS JABABEKA,FIRST LOGISTICS,2,LATE,7,45,27.06.2026,19.06.2026,25.06.2026,,,,,,S001,WH KLS JABABEKA
I100260618L123_S001,MINI VAN BOX,0,0,0,0,0,0,0,S001 - WH KLS JABABEKA,FIRST LOGISTICS,2,LATE,7,45,27.06.2026,19.06.2026,25.06.2026,,,,,,S001,WH KLS JABABEKA
I100260618L124_S001,CDE PICKUP,596000,0,0,0,0,0,596000,S001 - WH KLS JABABEKA,PT. MERPATI ALAM SEMESTA,4,LATE,15,45,05.07.2026,19.06.2026,25.06.2026,23.07.2026,29.07.2026,,,,S001,WH KLS JABABEKA
I100260618L124_S001,CDE PICKUP,596000,0,0,0,0,0,596000,S001 - WH KLS JABABEKA,PT. MERPATI ALAM SEMESTA,4,LATE,15,45,05.07.2026,19.06.2026,25.06.2026,23.07.2026,29.07.2026,,,,S001,WH KLS JABABEKA
I100260618L125_S001,CDE PICKUP,468000,0,0,0,0,0,468000,S001 - WH KLS JABABEKA,PT. MERPATI ALAM SEMESTA,4,LATE,15,45,05.07.2026,19.06.2026,13.07.2026,30.07.2026,31.07.2026,,,,S001,WH KLS JABABEKA
I100260618L125_S001,CDE PICKUP,468000,0,0,0,0,0,468000,S001 - WH KLS JABABEKA,PT. MERPATI ALAM SEMESTA,4,LATE,15,45,05.07.2026,19.06.2026,13.07.2026,30.07.2026,31.07.2026,,,,S001,WH KLS JABABEKA
I100260618L126_S001,CDD BAK,4500000,0,0,0,0,1429000,5929000,S001 - WH KLS JABABEKA,PT. HARI JAYA SEJAHTERA,7,ON SCHEDULE,27,0,16.07.2026,18.06.2026,23.06.2026,24.06.2026,26.06.2026,26.06.2026,30.06.2026,,S001,WH KLS JABABEKA
I100260618L127_S001,CDE PICKUP,2250000,0,0,0,0,0,2250000,S001 - WH KLS JABABEKA,PT. Ginta Global Mandiri,2,LATE,7,45,27.06.2026,19.06.2026,,,,,,,S001,WH KLS JABABEKA
I100260618L128_S001,CDE PICKUP,2250000,0,0,0,0,0,2250000,S001 - WH KLS JABABEKA,PT. MERPATI ALAM SEMESTA,4,LATE,15,45,05.07.2026,19.06.2026,13.07.2026,23.07.2026,29.07.2026,,,,S001,WH KLS JABABEKA
I100260618L128_S001,CDE PICKUP,2250000,0,0,0,0,0,2250000,S001 - WH KLS JABABEKA,PT. MERPATI ALAM SEMESTA,4,LATE,15,45,05.07.2026,19.06.2026,13.07.2026,23.07.2026,29.07.2026,,,,S001,WH KLS JABABEKA
I100260618L129_S001,CDE PICKUP,0,0,0,0,0,0,0,S001 - WH KLS JABABEKA,PT. MERPATI ALAM SEMESTA,2,LATE,7,45,27.06.2026,19.06.2026,13.07.2026,,,,,,S001,WH KLS JABABEKA
I100260618L130_S001,MINI VAN BOX,0,0,0,0,0,0,0,S001 - WH KLS JABABEKA,FIRST LOGISTICS,2,LATE,7,45,27.06.2026,19.06.2026,25.06.2026,,,,,,S001,WH KLS JABABEKA
I100260618L131_S001,MINI VAN BOX,0,0,0,0,0,0,0,S001 - WH KLS JABABEKA,FIRST LOGISTICS,2,LATE,7,45,27.06.2026,19.06.2026,25.06.2026,,,,,,S001,WH KLS JABABEKA
I100260618T013_S001,CONT-20,15400000,0,0,0,0,0,15400000,S001 - WH KLS JABABEKA,PT. SENTOSA PRIMA ABADI,6,LATE,40,46,29.07.2026,18.06.2026,04.07.2026,30.07.2026,30.07.2026,31.07.2026,31.07.2026,,S001,WH KLS JABABEKA
I100260619L012_S001,CDD BAK,11500000,0,0,0,3800000,0,15300000,S001 - WH KLS JABABEKA,BINTANG SAMUDERA,7,ON SCHEDULE,29,0,19.07.2026,19.06.2026,24.06.2026,03.07.2026,08.07.2026,10.07.2026,10.07.2026,,S001,WH KLS JABABEKA
I100260619L013_S001,CDD BAK,6900000,0,0,0,0,0,6900000,S001 - WH KLS JABABEKA,BINTANG SAMUDERA,2,LATE,9,45,30.06.2026,20.06.2026,24.06.2026,,,,,,S001,WH KLS JABABEKA
I100260619L014_S001,WINGBOX,25675000,0,0,0,0,0,25675000,S001 - WH KLS JABABEKA,PT. Satria Piranti Perkasa,6,LATE,27,44,18.07.2026,20.06.2026,29.06.2026,20.07.2026,24.07.2026,27.07.2026,27.07.2026,,S001,WH KLS JABABEKA
I100260619L015_S001,WINGBOX,25675000,0,0,0,0,0,25675000,S001 - WH KLS JABABEKA,PT. Satria Piranti Perkasa,4,LATE,15,44,06.07.2026,20.06.2026,29.06.2026,31.07.2026,01.08.2026,,,,S001,WH KLS JABABEKA
I100260619L061_S001,CDE PICKUP,0,0,0,0,0,0,0,S001 - WH KLS JABABEKA,PT. MERPATI ALAM SEMESTA,1,LATE,1,45,22.06.2026,20.06.2026,,,,,,,S001,WH KLS JABABEKA
I100260619L069_S001,CDD PICK UP,0,0,0,0,0,0,0,S001 - WH KLS JABABEKA,PT. Nusantara Cargo Line,2,LATE,7,41,01.07.2026,23.06.2026,13.07.2026,,,,,,S001,WH KLS JABABEKA
I100260619L070_S001,CDD PICK UP,0,0,0,0,0,0,0,S001 - WH KLS JABABEKA,PT. Nusantara Cargo Line,2,LATE,7,41,01.07.2026,23.06.2026,13.07.2026,,,,,,S001,WH KLS JABABEKA
I100260619L072_S001,CDD PICK UP,275000,0,0,0,0,0,275000,S001 - WH KLS JABABEKA,PT. Nusantara Cargo Line,6,LATE,27,41,21.07.2026,23.06.2026,04.07.2026,06.07.2026,08.07.2026,09.07.2026,09.07.2026,,S001,WH KLS JABABEKA
I100260619L072_S001,CDD PICK UP,275000,0,0,0,0,0,275000,S001 - WH KLS JABABEKA,PT. Nusantara Cargo Line,6,LATE,27,41,21.07.2026,23.06.2026,04.07.2026,06.07.2026,08.07.2026,09.07.2026,09.07.2026,,S001,WH KLS JABABEKA
I100260619L073_S001,CDD PICK UP,357000,0,0,0,0,0,357000,S001 - WH KLS JABABEKA,PT. Nusantara Cargo Line,6,LATE,27,44,18.07.2026,20.06.2026,25.06.2026,13.07.2026,14.07.2026,22.07.2026,22.07.2026,,S001,WH KLS JABABEKA
I100260619L073_S001,CDD PICK UP,357000,0,0,0,0,0,357000,S001 - WH KLS JABABEKA,PT. Nusantara Cargo Line,6,LATE,27,44,18.07.2026,20.06.2026,25.06.2026,13.07.2026,14.07.2026,22.07.2026,22.07.2026,,S001,WH KLS JABABEKA
I100260619L074_S001,CDD PICK UP,275000,0,0,0,0,0,275000,S001 - WH KLS JABABEKA,PT. Nusantara Cargo Line,6,LATE,27,41,21.07.2026,23.06.2026,04.07.2026,06.07.2026,08.07.2026,09.07.2026,09.07.2026,,S001,WH KLS JABABEKA
I100260619L074_S001,CDD PICK UP,275000,0,0,0,0,0,275000,S001 - WH KLS JABABEKA,PT. Nusantara Cargo Line,6,LATE,27,41,21.07.2026,23.06.2026,04.07.2026,06.07.2026,08.07.2026,09.07.2026,09.07.2026,,S001,WH KLS JABABEKA
I100260619L075_S001,CDD PICK UP,250000,0,0,0,0,0,250000,S001 - WH KLS JABABEKA,PT. Nusantara Cargo Line,7,ON SCHEDULE,27,0,18.07.2026,20.06.2026,26.06.2026,29.06.2026,01.07.2026,03.07.2026,03.07.2026,,S001,WH KLS JABABEKA
I100260619L075_S001,CDD PICK UP,250000,0,0,0,0,0,250000,S001 - WH KLS JABABEKA,PT. Nusantara Cargo Line,7,ON SCHEDULE,27,0,18.07.2026,20.06.2026,26.06.2026,29.06.2026,01.07.2026,03.07.2026,03.07.2026,,S001,WH KLS JABABEKA
I100260619L076_S001,CDD PICK UP,350000,0,0,0,0,0,350000,S001 - WH KLS JABABEKA,PT. Nusantara Cargo Line,6,LATE,27,41,21.07.2026,23.06.2026,04.07.2026,06.07.2026,08.07.2026,10.07.2026,10.07.2026,,S001,WH KLS JABABEKA
I100260619L076_S001,CDD PICK UP,350000,0,0,0,0,0,350000,S001 - WH KLS JABABEKA,PT. Nusantara Cargo Line,6,LATE,27,41,21.07.2026,23.06.2026,04.07.2026,06.07.2026,08.07.2026,10.07.2026,10.07.2026,,S001,WH KLS JABABEKA
I100260619L077_S001,CDD PICK UP,275000,0,0,0,0,0,275000,S001 - WH KLS JABABEKA,PT. Nusantara Cargo Line,6,LATE,27,44,18.07.2026,20.06.2026,15.07.2026,24.07.2026,24.07.2026,28.07.2026,28.07.2026,,S001,WH KLS JABABEKA
I100260619L077_S001,CDD PICK UP,275000,0,0,0,0,0,275000,S001 - WH KLS JABABEKA,PT. Nusantara Cargo Line,6,LATE,27,44,18.07.2026,20.06.2026,15.07.2026,24.07.2026,24.07.2026,28.07.2026,28.07.2026,,S001,WH KLS JABABEKA
I100260619L079_S001,CDD PICK UP,325000,0,0,0,0,0,325000,S001 - WH KLS JABABEKA,PT. Nusantara Cargo Line,6,LATE,27,41,21.07.2026,23.06.2026,25.06.2026,06.07.2026,08.07.2026,10.07.2026,10.07.2026,,S001,WH KLS JABABEKA
I100260619L079_S001,CDD PICK UP,325000,0,0,0,0,0,325000,S001 - WH KLS JABABEKA,PT. Nusantara Cargo Line,6,LATE,27,41,21.07.2026,23.06.2026,25.06.2026,06.07.2026,08.07.2026,10.07.2026,10.07.2026,,S001,WH KLS JABABEKA
I100260619L081_S001,CDD PICK UP,275000,0,0,0,0,0,275000,S001 - WH KLS JABABEKA,PT. Nusantara Cargo Line,6,LATE,27,41,21.07.2026,23.06.2026,04.07.2026,06.07.2026,08.07.2026,09.07.2026,09.07.2026,,S001,WH KLS JABABEKA
I100260619L081_S001,CDD PICK UP,275000,0,0,0,0,0,275000,S001 - WH KLS JABABEKA,PT. Nusantara Cargo Line,6,LATE,27,41,21.07.2026,23.06.2026,04.07.2026,06.07.2026,08.07.2026,09.07.2026,09.07.2026,,S001,WH KLS JABABEKA
I100260619L082_S001,CDD PICK UP,6422000,0,0,0,0,0,6422000,S001 - WH KLS JABABEKA,PT. Nusantara Cargo Line,6,LATE,27,44,18.07.2026,20.06.2026,13.07.2026,27.07.2026,28.07.2026,29.07.2026,29.07.2026,,S001,WH KLS JABABEKA
I100260619L082_S001,CDD PICK UP,6422000,0,0,0,0,0,6422000,S001 - WH KLS JABABEKA,PT. Nusantara Cargo Line,6,LATE,27,44,18.07.2026,20.06.2026,13.07.2026,27.07.2026,28.07.2026,29.07.2026,29.07.2026,,S001,WH KLS JABABEKA
I100260619L083_S001,CDD PICK UP,275000,0,0,0,0,0,275000,S001 - WH KLS JABABEKA,PT. Nusantara Cargo Line,6,LATE,27,41,21.07.2026,23.06.2026,04.07.2026,06.07.2026,08.07.2026,10.07.2026,10.07.2026,,S001,WH KLS JABABEKA
I100260619L083_S001,CDD PICK UP,275000,0,0,0,0,0,275000,S001 - WH KLS JABABEKA,PT. Nusantara Cargo Line,6,LATE,27,41,21.07.2026,23.06.2026,04.07.2026,06.07.2026,08.07.2026,10.07.2026,10.07.2026,,S001,WH KLS JABABEKA
I100260619L084_S001,CDD PICK UP,286000,0,0,0,0,0,286000,S001 - WH KLS JABABEKA,PT. Nusantara Cargo Line,6,LATE,27,41,21.07.2026,23.06.2026,04.07.2026,06.07.2026,08.07.2026,10.07.2026,10.07.2026,,S001,WH KLS JABABEKA
I100260619L084_S001,CDD PICK UP,286000,0,0,0,0,0,286000,S001 - WH KLS JABABEKA,PT. Nusantara Cargo Line,6,LATE,27,41,21.07.2026,23.06.2026,04.07.2026,06.07.2026,08.07.2026,10.07.2026,10.07.2026,,S001,WH KLS JABABEKA
I100260619L086_S001,CDD PICK UP,275000,0,0,0,0,0,275000,S001 - WH KLS JABABEKA,PT. Nusantara Cargo Line,6,LATE,27,41,21.07.2026,23.06.2026,04.07.2026,06.07.2026,08.07.2026,09.07.2026,09.07.2026,,S001,WH KLS JABABEKA
I100260619L086_S001,CDD PICK UP,275000,0,0,0,0,0,275000,S001 - WH KLS JABABEKA,PT. Nusantara Cargo Line,6,LATE,27,41,21.07.2026,23.06.2026,04.07.2026,06.07.2026,08.07.2026,09.07.2026,09.07.2026,,S001,WH KLS JABABEKA
I100260619L087_S001,CDD PICK UP,325000,0,0,0,0,0,325000,S001 - WH KLS JABABEKA,PT. Nusantara Cargo Line,6,LATE,27,41,21.07.2026,23.06.2026,04.07.2026,06.07.2026,08.07.2026,10.07.2026,10.07.2026,,S001,WH KLS JABABEKA
I100260619L087_S001,CDD PICK UP,325000,0,0,0,0,0,325000,S001 - WH KLS JABABEKA,PT. Nusantara Cargo Line,6,LATE,27,41,21.07.2026,23.06.2026,04.07.2026,06.07.2026,08.07.2026,10.07.2026,10.07.2026,,S001,WH KLS JABABEKA
I100260619L089_S001,CDD PICK UP,490000,0,0,0,0,0,490000,S001 - WH KLS JABABEKA,PT. Nusantara Cargo Line,6,LATE,27,42,21.07.2026,23.06.2026,04.07.2026,08.07.2026,08.07.2026,10.07.2026,10.07.2026,,S001,WH KLS JABABEKA
I100260619L089_S001,CDD PICK UP,490000,0,0,0,0,0,490000,S001 - WH KLS JABABEKA,PT. Nusantara Cargo Line,6,LATE,27,42,21.07.2026,23.06.2026,04.07.2026,08.07.2026,08.07.2026,10.07.2026,10.07.2026,,S001,WH KLS JABABEKA
I100260619L089_S001,CDD PICK UP,490000,0,0,0,0,0,490000,S001 - WH KLS JABABEKA,PT. Nusantara Cargo Line,6,LATE,27,42,21.07.2026,23.06.2026,04.07.2026,08.07.2026,08.07.2026,10.07.2026,10.07.2026,,S001,WH KLS JABABEKA
I100260619L093_S001,CDD PICK UP,350000,0,0,0,0,0,350000,S001 - WH KLS JABABEKA,PT. Nusantara Cargo Line,6,LATE,27,41,21.07.2026,23.06.2026,04.07.2026,06.07.2026,08.07.2026,10.07.2026,10.07.2026,,S001,WH KLS JABABEKA
I100260619L093_S001,CDD PICK UP,350000,0,0,0,0,0,350000,S001 - WH KLS JABABEKA,PT. Nusantara Cargo Line,6,LATE,27,41,21.07.2026,23.06.2026,04.07.2026,06.07.2026,08.07.2026,10.07.2026,10.07.2026,,S001,WH KLS JABABEKA
I100260619L104_S001,CDE PICKUP,330000,0,0,0,0,0,330000,S001 - WH KLS JABABEKA,PT. Nusantara Cargo Line,6,LATE,27,44,18.07.2026,20.06.2026,25.06.2026,06.07.2026,08.07.2026,10.07.2026,10.07.2026,,S001,WH KLS JABABEKA
I100260619L104_S001,CDE PICKUP,330000,0,0,0,0,0,330000,S001 - WH KLS JABABEKA,PT. Nusantara Cargo Line,6,LATE,27,44,18.07.2026,20.06.2026,25.06.2026,06.07.2026,08.07.2026,10.07.2026,10.07.2026,,S001,WH KLS JABABEKA
I100260619L105_S001,CDE PICKUP,0,0,0,0,0,0,0,S001 - WH KLS JABABEKA,PT. Nusantara Cargo Line,2,LATE,7,44,28.06.2026,20.06.2026,25.06.2026,,,,,,S001,WH KLS JABABEKA
I100260619L106_S001,CDE PICKUP,0,0,0,0,0,0,0,S001 - WH KLS JABABEKA,PT. Nusantara Cargo Line,2,LATE,7,44,28.06.2026,20.06.2026,02.08.2026,,,,,,S001,WH KLS JABABEKA
I100260619L107_S001,CDE PICKUP,450000,0,0,0,0,0,450000,S001 - WH KLS JABABEKA,PT. Nusantara Cargo Line,6,LATE,27,44,18.07.2026,20.06.2026,15.07.2026,23.07.2026,24.07.2026,28.07.2026,28.07.2026,,S001,WH KLS JABABEKA
I100260619L107_S001,CDE PICKUP,450000,0,0,0,0,0,450000,S001 - WH KLS JABABEKA,PT. Nusantara Cargo Line,6,LATE,27,44,18.07.2026,20.06.2026,15.07.2026,23.07.2026,24.07.2026,28.07.2026,28.07.2026,,S001,WH KLS JABABEKA
I100260619L108_S001,CDE PICKUP,1053000,0,0,0,0,0,1053000,S001 - WH KLS JABABEKA,PT. Nusantara Cargo Line,6,LATE,27,44,18.07.2026,20.06.2026,13.07.2026,24.07.2026,24.07.2026,27.07.2026,27.07.2026,,S001,WH KLS JABABEKA
I100260619L108_S001,CDE PICKUP,1053000,0,0,0,0,0,1053000,S001 - WH KLS JABABEKA,PT. Nusantara Cargo Line,6,LATE,27,44,18.07.2026,20.06.2026,13.07.2026,24.07.2026,24.07.2026,27.07.2026,27.07.2026,,S001,WH KLS JABABEKA
I100260619L109_S001,CDE PICKUP,1590000,0,0,0,0,0,1590000,S001 - WH KLS JABABEKA,PT. Nusantara Cargo Line,6,LATE,27,44,18.07.2026,20.06.2026,15.07.2026,27.07.2026,28.07.2026,29.07.2026,29.07.2026,,S001,WH KLS JABABEKA
I100260619L109_S001,CDE PICKUP,1590000,0,0,0,0,0,1590000,S001 - WH KLS JABABEKA,PT. Nusantara Cargo Line,6,LATE,27,44,18.07.2026,20.06.2026,15.07.2026,27.07.2026,28.07.2026,29.07.2026,29.07.2026,,S001,WH KLS JABABEKA
I100260619L110_S001,CDE PICKUP,0,0,0,0,0,0,0,S001 - WH KLS JABABEKA,PT. Nusantara Cargo Line,2,LATE,7,44,28.06.2026,20.06.2026,25.06.2026,,,,,,S001,WH KLS JABABEKA
I100260619L111_S001,CDE PICKUP,4572000,0,0,0,0,0,4572000,S001 - WH KLS JABABEKA,PT. Nusantara Cargo Line,6,LATE,27,44,18.07.2026,20.06.2026,15.07.2026,23.07.2026,24.07.2026,27.07.2026,27.07.2026,,S001,WH KLS JABABEKA
I100260619L111_S001,CDE PICKUP,4572000,0,0,0,0,0,4572000,S001 - WH KLS JABABEKA,PT. Nusantara Cargo Line,6,LATE,27,44,18.07.2026,20.06.2026,15.07.2026,23.07.2026,24.07.2026,27.07.2026,27.07.2026,,S001,WH KLS JABABEKA
I100260619L116_S001,MINI VAN BOX,0,0,0,0,0,0,0,S001 - WH KLS JABABEKA,FIRST LOGISTICS,2,LATE,7,44,28.06.2026,20.06.2026,25.06.2026,,,,,,S001,WH KLS JABABEKA
I100260619L117_S001,MINI VAN BOX,0,0,0,0,0,0,0,S001 - WH KLS JABABEKA,FIRST LOGISTICS,2,LATE,7,44,28.06.2026,20.06.2026,14.07.2026,,,,,,S001,WH KLS JABABEKA
I100260619L118_S001,MINI VAN BOX,0,0,0,0,0,0,0,S001 - WH KLS JABABEKA,FIRST LOGISTICS,2,LATE,7,44,28.06.2026,20.06.2026,25.06.2026,,,,,,S001,WH KLS JABABEKA
I100260619L119_S001,MINI VAN BOX,0,0,0,0,0,0,0,S001 - WH KLS JABABEKA,FIRST LOGISTICS,2,LATE,7,44,28.06.2026,20.06.2026,14.07.2026,,,,,,S001,WH KLS JABABEKA
I100260619L120_S001,MINI VAN BOX,0,0,0,0,0,0,0,S001 - WH KLS JABABEKA,FIRST LOGISTICS,2,LATE,7,44,28.06.2026,20.06.2026,25.06.2026,,,,,,S001,WH KLS JABABEKA
I100260619L121_S001,MINI VAN BOX,0,0,0,0,0,0,0,S001 - WH KLS JABABEKA,FIRST LOGISTICS,2,LATE,7,44,28.06.2026,20.06.2026,25.06.2026,,,,,,S001,WH KLS JABABEKA
I100260619L122_S001,CDD BAK,4500000,0,0,0,0,1429000,5929000,S001 - WH KLS JABABEKA,PT. HARI JAYA SEJAHTERA,7,ON SCHEDULE,27,0,17.07.2026,19.06.2026,23.06.2026,24.06.2026,26.06.2026,26.06.2026,30.06.2026,,S001,WH KLS JABABEKA
I100260619L124_S001,MINI VAN BOX,0,0,0,0,0,0,0,S001 - WH KLS JABABEKA,FIRST LOGISTICS,2,LATE,7,44,28.06.2026,20.06.2026,25.06.2026,,,,,,S001,WH KLS JABABEKA
I100260619L125_S001,MINI VAN BOX,5054000,0,0,0,0,0,5054000,S001 - WH KLS JABABEKA,PT. Nusantara Cargo Line,6,LATE,27,44,18.07.2026,20.06.2026,13.07.2026,27.07.2026,28.07.2026,29.07.2026,29.07.2026,,S001,WH KLS JABABEKA
I100260619L125_S001,MINI VAN BOX,5054000,0,0,0,0,0,5054000,S001 - WH KLS JABABEKA,PT. Nusantara Cargo Line,6,LATE,27,44,18.07.2026,20.06.2026,13.07.2026,27.07.2026,28.07.2026,29.07.2026,29.07.2026,,S001,WH KLS JABABEKA
I100260619L126_S001,MINI VAN BOX,0,0,0,0,0,0,0,S001 - WH KLS JABABEKA,FIRST LOGISTICS,2,LATE,7,44,28.06.2026,20.06.2026,25.06.2026,,,,,,S001,WH KLS JABABEKA
I100260619T005_S001,WINGBOX,6600000,0,0,0,0,0,6600000,S001 - WH KLS JABABEKA,PT.JAYA MULYA ERALINDO,6,LATE,29,45,19.07.2026,19.06.2026,23.06.2026,10.07.2026,10.07.2026,13.07.2026,13.07.2026,,S001,WH KLS JABABEKA
I100260620L038_S001,CDD BAK,4500000,0,0,0,0,0,4500000,S001 - WH KLS JABABEKA,PT. HARI JAYA SEJAHTERA,7,ON SCHEDULE,27,0,18.07.2026,20.06.2026,24.06.2026,24.06.2026,26.06.2026,26.06.2026,30.06.2026,,S001,WH KLS JABABEKA
I100260620L039_S001,CDD BAK,4500000,0,0,0,0,0,4500000,S001 - WH KLS JABABEKA,PT. HARI JAYA SEJAHTERA,7,ON SCHEDULE,29,0,21.07.2026,21.06.2026,24.06.2026,24.06.2026,26.06.2026,26.06.2026,30.06.2026,,S001,WH KLS JABABEKA
I100260620L041_S001,CDD BAK,5300000,0,0,0,350000,0,5650000,S001 - WH KLS JABABEKA,PT. HARI JAYA SEJAHTERA,7,ON SCHEDULE,29,0,20.07.2026,20.06.2026,24.06.2026,24.06.2026,26.06.2026,26.06.2026,30.06.2026,,S001,WH KLS JABABEKA
I100260620L041_S001,CDD BAK,5300000,0,0,0,350000,0,5650000,S001 - WH KLS JABABEKA,PT. HARI JAYA SEJAHTERA,7,ON SCHEDULE,29,0,20.07.2026,20.06.2026,24.06.2026,24.06.2026,26.06.2026,26.06.2026,30.06.2026,,S001,WH KLS JABABEKA
I100260620L041_S001,CDD BAK,5300000,0,0,0,350000,0,5650000,S001 - WH KLS JABABEKA,PT. HARI JAYA SEJAHTERA,7,ON SCHEDULE,29,0,20.07.2026,20.06.2026,24.06.2026,24.06.2026,26.06.2026,26.06.2026,30.06.2026,,S001,WH KLS JABABEKA
I100260620L042_S001,CDD BAK,5300000,0,0,0,550000,0,5850000,S001 - WH KLS JABABEKA,PT. HARI JAYA SEJAHTERA,7,ON SCHEDULE,29,0,20.07.2026,20.06.2026,24.06.2026,24.06.2026,26.06.2026,26.06.2026,30.06.2026,,S001,WH KLS JABABEKA
I100260620L042_S001,CDD BAK,5300000,0,0,0,550000,0,5850000,S001 - WH KLS JABABEKA,PT. HARI JAYA SEJAHTERA,7,ON SCHEDULE,29,0,20.07.2026,20.06.2026,24.06.2026,24.06.2026,26.06.2026,26.06.2026,30.06.2026,,S001,WH KLS JABABEKA
I100260620L043_S001,CDD BAK,4500000,0,0,0,550000,0,5050000,S001 - WH KLS JABABEKA,PT. HARI JAYA SEJAHTERA,6,LATE,29,43,21.07.2026,21.06.2026,24.06.2026,25.06.2026,26.06.2026,07.07.2026,07.07.2026,,S001,WH KLS JABABEKA
I100260620L043_S001,CDD BAK,4500000,0,0,0,550000,0,5050000,S001 - WH KLS JABABEKA,PT. HARI JAYA SEJAHTERA,6,LATE,29,43,21.07.2026,21.06.2026,24.06.2026,25.06.2026,26.06.2026,07.07.2026,07.07.2026,,S001,WH KLS JABABEKA
I100260620L044_S001,CDD BAK,4500000,0,0,0,650000,0,5150000,S001 - WH KLS JABABEKA,PT. HARI JAYA SEJAHTERA,7,ON SCHEDULE,29,0,20.07.2026,20.06.2026,24.06.2026,25.06.2026,26.06.2026,26.06.2026,01.07.2026,,S001,WH KLS JABABEKA
I100260620L044_S001,CDD BAK,4500000,0,0,0,650000,0,5150000,S001 - WH KLS JABABEKA,PT. HARI JAYA SEJAHTERA,7,ON SCHEDULE,29,0,20.07.2026,20.06.2026,24.06.2026,25.06.2026,26.06.2026,26.06.2026,01.07.2026,,S001,WH KLS JABABEKA
I100260620L051_S001,CDE PICKUP,0,0,0,0,0,0,0,S001 - WH KLS JABABEKA,PT. Nusantara Cargo Line,2,LATE,7,44,28.06.2026,20.06.2026,13.07.2026,,,,,,S001,WH KLS JABABEKA
I100260620L052_S001,CDE PICKUP,2507500,0,0,0,0,0,2507500,S001 - WH KLS JABABEKA,PT. Nusantara Cargo Line,6,LATE,27,44,18.07.2026,20.06.2026,13.07.2026,13.07.2026,14.07.2026,22.07.2026,22.07.2026,,S001,WH KLS JABABEKA
I100260620L052_S001,CDE PICKUP,2507500,0,0,0,0,0,2507500,S001 - WH KLS JABABEKA,PT. Nusantara Cargo Line,6,LATE,27,44,18.07.2026,20.06.2026,13.07.2026,13.07.2026,14.07.2026,22.07.2026,22.07.2026,,S001,WH KLS JABABEKA
I100260620L074_S001,TRONTON LOSBAK,14500000,0,0,0,0,0,14500000,S001 - WH KLS JABABEKA,CV. BANGUN JASA TRANS,7,ON SCHEDULE,27,0,18.07.2026,20.06.2026,,01.07.2026,02.07.2026,15.07.2026,17.07.2026,,S001,WH KLS JABABEKA
I100260620L078_S001,TRAILER LOSBAK,18750000,0,0,0,0,0,18750000,S001 - WH KLS JABABEKA,CV. BANGUN JASA TRANS,7,ON SCHEDULE,27,0,18.07.2026,20.06.2026,,01.07.2026,02.07.2026,15.07.2026,17.07.2026,,S001,WH KLS JABABEKA
I100260620L079_S001,FUSO LOSBAK,12750000,0,0,0,0,0,12750000,S001 - WH KLS JABABEKA,CV. BANGUN JASA TRANS,7,ON SCHEDULE,27,0,18.07.2026,20.06.2026,,01.07.2026,02.07.2026,15.07.2026,17.07.2026,,S001,WH KLS JABABEKA
I100260620L096_S001,CDE PICKUP,1308000,0,0,0,0,0,1308000,S001 - WH KLS JABABEKA,PT. MERPATI ALAM SEMESTA,4,LATE,15,44,06.07.2026,20.06.2026,13.07.2026,23.07.2026,29.07.2026,,,,S001,WH KLS JABABEKA
I100260620L096_S001,CDE PICKUP,1308000,0,0,0,0,0,1308000,S001 - WH KLS JABABEKA,PT. MERPATI ALAM SEMESTA,4,LATE,15,44,06.07.2026,20.06.2026,13.07.2026,23.07.2026,29.07.2026,,,,S001,WH KLS JABABEKA
I100260620L097_S001,CDE PICKUP,1110000,0,0,0,0,0,1110000,S001 - WH KLS JABABEKA,PT. MERPATI ALAM SEMESTA,4,LATE,15,44,06.07.2026,20.06.2026,13.07.2026,23.07.2026,29.07.2026,,,,S001,WH KLS JABABEKA
I100260620L097_S001,CDE PICKUP,1110000,0,0,0,0,0,1110000,S001 - WH KLS JABABEKA,PT. MERPATI ALAM SEMESTA,4,LATE,15,44,06.07.2026,20.06.2026,13.07.2026,23.07.2026,29.07.2026,,,,S001,WH KLS JABABEKA
I100260620L098_S001,CDE PICKUP,50625,0,0,0,0,0,50625,S001 - WH KLS JABABEKA,PT. MERPATI ALAM SEMESTA,4,LATE,15,44,06.07.2026,20.06.2026,13.07.2026,23.07.2026,29.07.2026,,,,S001,WH KLS JABABEKA
I100260620L098_S001,CDE PICKUP,50625,0,0,0,0,0,50625,S001 - WH KLS JABABEKA,PT. MERPATI ALAM SEMESTA,4,LATE,15,44,06.07.2026,20.06.2026,13.07.2026,23.07.2026,29.07.2026,,,,S001,WH KLS JABABEKA
I100260620L099_S001,CDE PICKUP,52000,0,0,0,0,0,52000,S001 - WH KLS JABABEKA,PT. MERPATI ALAM SEMESTA,4,LATE,15,44,06.07.2026,20.06.2026,13.07.2026,23.07.2026,29.07.2026,,,,S001,WH KLS JABABEKA
I100260620L099_S001,CDE PICKUP,52000,0,0,0,0,0,52000,S001 - WH KLS JABABEKA,PT. MERPATI ALAM SEMESTA,4,LATE,15,44,06.07.2026,20.06.2026,13.07.2026,23.07.2026,29.07.2026,,,,S001,WH KLS JABABEKA
I100260620L100_S001,CDE PICKUP,80000,0,0,0,0,0,80000,S001 - WH KLS JABABEKA,PT. MERPATI ALAM SEMESTA,4,LATE,15,44,06.07.2026,20.06.2026,13.07.2026,23.07.2026,29.07.2026,,,,S001,WH KLS JABABEKA
I100260620L100_S001,CDE PICKUP,80000,0,0,0,0,0,80000,S001 - WH KLS JABABEKA,PT. MERPATI ALAM SEMESTA,4,LATE,15,44,06.07.2026,20.06.2026,13.07.2026,23.07.2026,29.07.2026,,,,S001,WH KLS JABABEKA
I100260620L101_S001,CDE PICKUP,200000,0,0,0,0,0,200000,S001 - WH KLS JABABEKA,PT. MERPATI ALAM SEMESTA,4,LATE,15,44,06.07.2026,20.06.2026,13.07.2026,23.07.2026,29.07.2026,,,,S001,WH KLS JABABEKA
I100260620L101_S001,CDE PICKUP,200000,0,0,0,0,0,200000,S001 - WH KLS JABABEKA,PT. MERPATI ALAM SEMESTA,4,LATE,15,44,06.07.2026,20.06.2026,13.07.2026,23.07.2026,29.07.2026,,,,S001,WH KLS JABABEKA
I100260620L102_S001,CDE PICKUP,1750000,0,0,0,0,0,1750000,S001 - WH KLS JABABEKA,PT. MERPATI ALAM SEMESTA,4,LATE,15,44,06.07.2026,20.06.2026,13.07.2026,24.07.2026,29.07.2026,,,,S001,WH KLS JABABEKA
I100260620L102_S001,CDE PICKUP,1750000,0,0,0,0,0,1750000,S001 - WH KLS JABABEKA,PT. MERPATI ALAM SEMESTA,4,LATE,15,44,06.07.2026,20.06.2026,13.07.2026,24.07.2026,29.07.2026,,,,S001,WH KLS JABABEKA
I100260620L103_S001,CDE PICKUP,2755000,0,0,0,0,0,2755000,S001 - WH KLS JABABEKA,PT. MERPATI ALAM SEMESTA,4,LATE,15,44,06.07.2026,20.06.2026,25.06.2026,23.07.2026,29.07.2026,,,,S001,WH KLS JABABEKA
I100260620L103_S001,CDE PICKUP,2755000,0,0,0,0,0,2755000,S001 - WH KLS JABABEKA,PT. MERPATI ALAM SEMESTA,4,LATE,15,44,06.07.2026,20.06.2026,25.06.2026,23.07.2026,29.07.2026,,,,S001,WH KLS JABABEKA
I100260620L104_S001,CDE PICKUP,170000,0,0,0,0,0,170000,S001 - WH KLS JABABEKA,PT. MERPATI ALAM SEMESTA,4,LATE,15,44,06.07.2026,20.06.2026,13.07.2026,23.07.2026,29.07.2026,,,,S001,WH KLS JABABEKA
I100260620L104_S001,CDE PICKUP,170000,0,0,0,0,0,170000,S001 - WH KLS JABABEKA,PT. MERPATI ALAM SEMESTA,4,LATE,15,44,06.07.2026,20.06.2026,13.07.2026,23.07.2026,29.07.2026,,,,S001,WH KLS JABABEKA
I100260620L105_S001,CDE PICKUP,1296000,0,0,0,0,0,1296000,S001 - WH KLS JABABEKA,PT. MERPATI ALAM SEMESTA,4,LATE,15,44,06.07.2026,20.06.2026,13.07.2026,23.07.2026,29.07.2026,,,,S001,WH KLS JABABEKA
I100260620L105_S001,CDE PICKUP,1296000,0,0,0,0,0,1296000,S001 - WH KLS JABABEKA,PT. MERPATI ALAM SEMESTA,4,LATE,15,44,06.07.2026,20.06.2026,13.07.2026,23.07.2026,29.07.2026,,,,S001,WH KLS JABABEKA
I100260620L107_S001,MINI VAN BOX,0,0,0,0,0,0,0,S001 - WH KLS JABABEKA,FIRST LOGISTICS,1,LATE,1,42,24.06.2026,22.06.2026,,,,,,,S001,WH KLS JABABEKA
I100260620L108_S001,MINI VAN BOX,0,0,0,0,0,0,0,S001 - WH KLS JABABEKA,FIRST LOGISTICS,2,LATE,7,44,28.06.2026,20.06.2026,25.06.2026,,,,,,S001,WH KLS JABABEKA
I100260620L109_S001,MINI VAN BOX,0,0,0,0,0,0,0,S001 - WH KLS JABABEKA,FIRST LOGISTICS,2,LATE,7,42,30.06.2026,22.06.2026,14.07.2026,,,,,,S001,WH KLS JABABEKA
I100260620L110_S001,MINI VAN BOX,0,0,0,0,0,0,0,S001 - WH KLS JABABEKA,FIRST LOGISTICS,2,LATE,7,44,28.06.2026,20.06.2026,14.07.2026,,,,,,S001,WH KLS JABABEKA
I100260620L111_S001,MINI VAN BOX,0,0,0,0,0,0,0,S001 - WH KLS JABABEKA,FIRST LOGISTICS,2,LATE,7,44,28.06.2026,20.06.2026,14.07.2026,,,,,,S001,WH KLS JABABEKA
I100260620L112_S001,CDE PICKUP,0,0,0,0,0,0,0,S001 - WH KLS JABABEKA,FIRST LOGISTICS,2,LATE,7,42,30.06.2026,22.06.2026,15.07.2026,,,,,,S001,WH KLS JABABEKA
I100260620L113_S001,MINI VAN BOX,0,0,0,0,0,0,0,S001 - WH KLS JABABEKA,FIRST LOGISTICS,2,LATE,7,44,28.06.2026,20.06.2026,25.06.2026,,,,,,S001,WH KLS JABABEKA
I100260620L114_S001,CDE PICKUP,567000,0,0,0,0,0,567000,S001 - WH KLS JABABEKA,PT. MERPATI ALAM SEMESTA,4,LATE,15,44,06.07.2026,20.06.2026,13.07.2026,30.07.2026,31.07.2026,,,,S001,WH KLS JABABEKA
I100260620L114_S001,CDE PICKUP,567000,0,0,0,0,0,567000,S001 - WH KLS JABABEKA,PT. MERPATI ALAM SEMESTA,4,LATE,15,44,06.07.2026,20.06.2026,13.07.2026,30.07.2026,31.07.2026,,,,S001,WH KLS JABABEKA
I100260621L014_S001,CDD BAK,4100000,0,0,0,400000,0,4500000,S001 - WH KLS JABABEKA,PT. EKA CIPTA MANGGALA,7,ON SCHEDULE,27,0,19.07.2026,21.06.2026,24.06.2026,25.06.2026,26.06.2026,26.06.2026,26.06.2026,,S001,WH KLS JABABEKA
I100260621L014_S001,CDD BAK,4100000,0,0,0,400000,0,4500000,S001 - WH KLS JABABEKA,PT. EKA CIPTA MANGGALA,7,ON SCHEDULE,27,0,19.07.2026,21.06.2026,24.06.2026,25.06.2026,26.06.2026,26.06.2026,26.06.2026,,S001,WH KLS JABABEKA
I100260621L014_S001,CDD BAK,4100000,0,0,0,400000,0,4500000,S001 - WH KLS JABABEKA,PT. EKA CIPTA MANGGALA,7,ON SCHEDULE,27,0,19.07.2026,21.06.2026,24.06.2026,25.06.2026,26.06.2026,26.06.2026,26.06.2026,,S001,WH KLS JABABEKA
I100260621L015_S001,CDD BAK,3700000,0,0,0,800000,400000,4900000,S001 - WH KLS JABABEKA,PT. EKA CIPTA MANGGALA,7,ON SCHEDULE,28,0,20.07.2026,21.06.2026,24.06.2026,25.06.2026,26.06.2026,26.06.2026,26.06.2026,,S001,WH KLS JABABEKA
I100260621L015_S001,CDD BAK,3700000,0,0,0,800000,400000,4900000,S001 - WH KLS JABABEKA,PT. EKA CIPTA MANGGALA,7,ON SCHEDULE,28,0,20.07.2026,21.06.2026,24.06.2026,25.06.2026,26.06.2026,26.06.2026,26.06.2026,,S001,WH KLS JABABEKA
I100260621L015_S001,CDD BAK,3700000,0,0,0,800000,400000,4900000,S001 - WH KLS JABABEKA,PT. EKA CIPTA MANGGALA,7,ON SCHEDULE,28,0,20.07.2026,21.06.2026,24.06.2026,25.06.2026,26.06.2026,26.06.2026,26.06.2026,,S001,WH KLS JABABEKA
I100260621L015_S001,CDD BAK,3700000,0,0,0,800000,400000,4900000,S001 - WH KLS JABABEKA,PT. EKA CIPTA MANGGALA,7,ON SCHEDULE,28,0,20.07.2026,21.06.2026,24.06.2026,25.06.2026,26.06.2026,26.06.2026,26.06.2026,,S001,WH KLS JABABEKA
I100260621L016_S001,CDD BAK,4000000,0,0,0,800000,0,4800000,S001 - WH KLS JABABEKA,PT. EKA CIPTA MANGGALA,7,ON SCHEDULE,28,0,20.07.2026,21.06.2026,24.06.2026,25.06.2026,26.06.2026,26.06.2026,26.06.2026,,S001,WH KLS JABABEKA
I100260621L016_S001,CDD BAK,4000000,0,0,0,800000,0,4800000,S001 - WH KLS JABABEKA,PT. EKA CIPTA MANGGALA,7,ON SCHEDULE,28,0,20.07.2026,21.06.2026,24.06.2026,25.06.2026,26.06.2026,26.06.2026,26.06.2026,,S001,WH KLS JABABEKA
I100260621L016_S001,CDD BAK,4000000,0,0,0,800000,0,4800000,S001 - WH KLS JABABEKA,PT. EKA CIPTA MANGGALA,7,ON SCHEDULE,28,0,20.07.2026,21.06.2026,24.06.2026,25.06.2026,26.06.2026,26.06.2026,26.06.2026,,S001,WH KLS JABABEKA
I100260621L016_S001,CDD BAK,4000000,0,0,0,800000,0,4800000,S001 - WH KLS JABABEKA,PT. EKA CIPTA MANGGALA,7,ON SCHEDULE,28,0,20.07.2026,21.06.2026,24.06.2026,25.06.2026,26.06.2026,26.06.2026,26.06.2026,,S001,WH KLS JABABEKA
I100260621L059_S001,CDD BAK,4000000,0,0,0,0,0,4000000,S001 - WH KLS JABABEKA,PT. EKA CIPTA MANGGALA,7,ON SCHEDULE,27,0,20.07.2026,22.06.2026,24.06.2026,25.06.2026,26.06.2026,26.06.2026,26.06.2026,,S001,WH KLS JABABEKA
I100260621L067_S001,WINGBOX,25675000,0,0,0,0,0,25675000,S001 - WH KLS JABABEKA,PT. Satria Piranti Perkasa,4,LATE,15,42,08.07.2026,22.06.2026,29.06.2026,31.07.2026,01.08.2026,,,,S001,WH KLS JABABEKA
I100260622L010_S001,CONT-20,15300000,0,0,0,0,0,15300000,S001 - WH KLS JABABEKA,PT. SENTOSA PRIMA ABADI,6,LATE,27,42,20.07.2026,22.06.2026,09.07.2026,30.07.2026,30.07.2026,31.07.2026,31.07.2026,,S001,WH KLS JABABEKA
I100260622L011_S001,CONT-20,15300000,0,0,0,1100000,0,16400000,S001 - WH KLS JABABEKA,PT. SENTOSA PRIMA ABADI,3,LATE,20,41,14.07.2026,23.06.2026,09.07.2026,03.08.2026,31.07.2026,,,,S001,WH KLS JABABEKA
I100260622L012_S001,CDD BAK,7500000,0,0,0,1000000,0,8500000,S001 - WH KLS JABABEKA,PT. EKA CIPTA MANGGALA,6,LATE,30,42,23.07.2026,22.06.2026,29.06.2026,06.07.2026,08.07.2026,08.07.2026,08.07.2026,,S001,WH KLS JABABEKA
I100260622L012_S001,CDD BAK,7500000,0,0,0,1000000,0,8500000,S001 - WH KLS JABABEKA,PT. EKA CIPTA MANGGALA,6,LATE,30,42,23.07.2026,22.06.2026,29.06.2026,06.07.2026,08.07.2026,08.07.2026,08.07.2026,,S001,WH KLS JABABEKA
I100260622L012_S001,CDD BAK,7500000,0,0,0,1000000,0,8500000,S001 - WH KLS JABABEKA,PT. EKA CIPTA MANGGALA,6,LATE,30,42,23.07.2026,22.06.2026,29.06.2026,06.07.2026,08.07.2026,08.07.2026,08.07.2026,,S001,WH KLS JABABEKA
I100260622L012_S001,CDD BAK,7500000,0,0,0,1000000,0,8500000,S001 - WH KLS JABABEKA,PT. EKA CIPTA MANGGALA,6,LATE,30,42,23.07.2026,22.06.2026,29.06.2026,06.07.2026,08.07.2026,08.07.2026,08.07.2026,,S001,WH KLS JABABEKA
I100260622L013_S001,CDD BAK,3421969,0,0,0,1000000,0,4421969,S001 - WH KLS JABABEKA,PT. HARI JAYA TRANSPORTASI,6,LATE,28,42,21.07.2026,22.06.2026,24.06.2026,13.07.2026,14.07.2026,14.07.2026,14.07.2026,,S001,WH KLS JABABEKA
I100260622L013_S001,CDD BAK,3421969,0,0,0,1000000,0,4421969,S001 - WH KLS JABABEKA,PT. HARI JAYA TRANSPORTASI,6,LATE,28,42,21.07.2026,22.06.2026,24.06.2026,13.07.2026,14.07.2026,14.07.2026,14.07.2026,,S001,WH KLS JABABEKA
I100260622L013_S001,CDD BAK,3421969,0,0,0,1000000,0,4421969,S001 - WH KLS JABABEKA,PT. HARI JAYA TRANSPORTASI,6,LATE,28,42,21.07.2026,22.06.2026,24.06.2026,13.07.2026,14.07.2026,14.07.2026,14.07.2026,,S001,WH KLS JABABEKA
I100260622L013_S001,CDD BAK,3421969,0,0,0,1000000,0,4421969,S001 - WH KLS JABABEKA,PT. HARI JAYA TRANSPORTASI,6,LATE,28,42,21.07.2026,22.06.2026,24.06.2026,13.07.2026,14.07.2026,14.07.2026,14.07.2026,,S001,WH KLS JABABEKA
I100260622L013_S001,CDD BAK,3421969,0,0,0,1000000,0,4421969,S001 - WH KLS JABABEKA,PT. HARI JAYA TRANSPORTASI,6,LATE,28,42,21.07.2026,22.06.2026,24.06.2026,13.07.2026,14.07.2026,14.07.2026,14.07.2026,,S001,WH KLS JABABEKA
I100260622L013_S001,CDD BAK,3421969,0,0,0,1000000,0,4421969,S001 - WH KLS JABABEKA,PT. HARI JAYA TRANSPORTASI,6,LATE,28,42,21.07.2026,22.06.2026,24.06.2026,13.07.2026,14.07.2026,14.07.2026,14.07.2026,,S001,WH KLS JABABEKA
I100260622L014_S001,CDD BAK,4100000,0,0,0,1200000,0,5300000,S001 - WH KLS JABABEKA,PT. EKA CIPTA MANGGALA,6,LATE,27,41,21.07.2026,23.06.2026,25.06.2026,26.06.2026,27.06.2026,08.07.2026,08.07.2026,,S001,WH KLS JABABEKA
I100260622L014_S001,CDD BAK,4100000,0,0,0,1200000,0,5300000,S001 - WH KLS JABABEKA,PT. EKA CIPTA MANGGALA,6,LATE,27,41,21.07.2026,23.06.2026,25.06.2026,26.06.2026,27.06.2026,08.07.2026,08.07.2026,,S001,WH KLS JABABEKA
I100260622L014_S001,CDD BAK,4100000,0,0,0,1200000,0,5300000,S001 - WH KLS JABABEKA,PT. EKA CIPTA MANGGALA,6,LATE,27,41,21.07.2026,23.06.2026,25.06.2026,26.06.2026,27.06.2026,08.07.2026,08.07.2026,,S001,WH KLS JABABEKA
I100260622L014_S001,CDD BAK,4100000,0,0,0,1200000,0,5300000,S001 - WH KLS JABABEKA,PT. EKA CIPTA MANGGALA,6,LATE,27,41,21.07.2026,23.06.2026,25.06.2026,26.06.2026,27.06.2026,08.07.2026,08.07.2026,,S001,WH KLS JABABEKA
I100260622L014_S001,CDD BAK,4100000,0,0,0,1200000,0,5300000,S001 - WH KLS JABABEKA,PT. EKA CIPTA MANGGALA,6,LATE,27,41,21.07.2026,23.06.2026,25.06.2026,26.06.2026,27.06.2026,08.07.2026,08.07.2026,,S001,WH KLS JABABEKA
I100260622L014_S001,CDD BAK,4100000,0,0,0,1200000,0,5300000,S001 - WH KLS JABABEKA,PT. EKA CIPTA MANGGALA,6,LATE,27,41,21.07.2026,23.06.2026,25.06.2026,26.06.2026,27.06.2026,08.07.2026,08.07.2026,,S001,WH KLS JABABEKA
I100260622L015_S001,CDE PICKUP,670000,0,0,0,0,0,670000,S001 - WH KLS JABABEKA,PT. MERPATI ALAM SEMESTA,4,LATE,15,44,06.07.2026,20.06.2026,13.07.2026,23.07.2026,29.07.2026,,,,S001,WH KLS JABABEKA
I100260622L015_S001,CDE PICKUP,670000,0,0,0,0,0,670000,S001 - WH KLS JABABEKA,PT. MERPATI ALAM SEMESTA,4,LATE,15,44,06.07.2026,20.06.2026,13.07.2026,23.07.2026,29.07.2026,,,,S001,WH KLS JABABEKA
I100260622L016_S001,CDE PICKUP,368000,0,0,0,0,0,368000,S001 - WH KLS JABABEKA,PT. MERPATI ALAM SEMESTA,4,LATE,15,42,08.07.2026,22.06.2026,25.06.2026,23.07.2026,29.07.2026,,,,S001,WH KLS JABABEKA
I100260622L016_S001,CDE PICKUP,368000,0,0,0,0,0,368000,S001 - WH KLS JABABEKA,PT. MERPATI ALAM SEMESTA,4,LATE,15,42,08.07.2026,22.06.2026,25.06.2026,23.07.2026,29.07.2026,,,,S001,WH KLS JABABEKA
I100260622L017_S001,CDE PICKUP,280000,0,0,0,0,0,280000,S001 - WH KLS JABABEKA,PT. MERPATI ALAM SEMESTA,4,LATE,15,42,08.07.2026,22.06.2026,25.06.2026,23.07.2026,29.07.2026,,,,S001,WH KLS JABABEKA
I100260622L017_S001,CDE PICKUP,280000,0,0,0,0,0,280000,S001 - WH KLS JABABEKA,PT. MERPATI ALAM SEMESTA,4,LATE,15,42,08.07.2026,22.06.2026,25.06.2026,23.07.2026,29.07.2026,,,,S001,WH KLS JABABEKA
I100260622L018_S001,CDE PICKUP,0,0,0,0,0,0,0,S001 - WH KLS JABABEKA,PT. MERPATI ALAM SEMESTA,2,LATE,7,44,28.06.2026,20.06.2026,23.07.2026,,,,,,S001,WH KLS JABABEKA
I100260622L034_S001,WINGBOX,6700000,0,0,0,0,0,6700000,S001 - WH KLS JABABEKA,PT. ORANG KREATIF EKSIS,6,LATE,27,41,21.07.2026,23.06.2026,25.06.2026,29.06.2026,01.07.2026,08.07.2026,08.07.2026,,S001,WH KLS JABABEKA
I100260622L036_S001,CDD,10331450,0,0,0,0,0,10331450,S001 - WH KLS JABABEKA,BEPA IKA PEKASA,6,LATE,27,42,20.07.2026,22.06.2026,15.07.2026,20.07.2026,24.07.2026,24.07.2026,29.07.2026,,S001,WH KLS JABABEKA
I100260622L088_S001,MINI VAN BOX,0,0,0,0,0,0,0,S001 - WH KLS JABABEKA,FIRST LOGISTICS,2,LATE,7,42,01.07.2026,23.06.2026,15.07.2026,,,,,,S001,WH KLS JABABEKA
I100260622L089_S001,MINI VAN BOX,0,0,0,0,0,0,0,S001 - WH KLS JABABEKA,FIRST LOGISTICS,2,LATE,7,42,01.07.2026,23.06.2026,15.07.2026,,,,,,S001,WH KLS JABABEKA
I100260622L090_S001,MINI VAN BOX,0,0,0,0,0,0,0,S001 - WH KLS JABABEKA,FIRST LOGISTICS,2,LATE,7,42,01.07.2026,23.06.2026,25.06.2026,,,,,,S001,WH KLS JABABEKA
I100260622L091_S001,MINI VAN BOX,0,0,0,0,0,0,0,S001 - WH KLS JABABEKA,FIRST LOGISTICS,2,LATE,7,42,01.07.2026,23.06.2026,15.07.2026,,,,,,S001,WH KLS JABABEKA
I100260622L092_S001,MINI VAN BOX,0,0,0,0,0,0,0,S001 - WH KLS JABABEKA,FIRST LOGISTICS,2,LATE,7,42,01.07.2026,23.06.2026,15.07.2026,,,,,,S001,WH KLS JABABEKA
I100260622L093_S001,MINI VAN BOX,0,0,0,0,0,0,0,S001 - WH KLS JABABEKA,FIRST LOGISTICS,2,LATE,7,42,01.07.2026,23.06.2026,15.07.2026,,,,,,S001,WH KLS JABABEKA
I100260622L094_S001,MINI VAN BOX,0,0,0,0,0,0,0,S001 - WH KLS JABABEKA,FIRST LOGISTICS,2,LATE,7,42,01.07.2026,23.06.2026,25.06.2026,,,,,,S001,WH KLS JABABEKA
I100260622L095_S001,MINI VAN BOX,0,0,0,0,0,0,0,S001 - WH KLS JABABEKA,FIRST LOGISTICS,2,LATE,7,42,01.07.2026,23.06.2026,25.06.2026,,,,,,S001,WH KLS JABABEKA
I100260622L097_S001,MINI VAN BOX,0,0,0,0,0,0,0,S001 - WH KLS JABABEKA,FIRST LOGISTICS,1,LATE,1,41,25.06.2026,23.06.2026,,,,,,,S001,WH KLS JABABEKA
I100260622L098_S001,MINI VAN BOX,0,0,0,0,0,0,0,S001 - WH KLS JABABEKA,FIRST LOGISTICS,2,LATE,7,41,01.07.2026,23.06.2026,25.06.2026,,,,,,S001,WH KLS JABABEKA
I100260622L099_S001,MINI VAN BOX,0,0,0,0,0,0,0,S001 - WH KLS JABABEKA,FIRST LOGISTICS,2,LATE,7,41,01.07.2026,23.06.2026,15.07.2026,,,,,,S001,WH KLS JABABEKA
I100260622T012_S001,WINGBOX,24000000,0,0,0,0,0,24000000,S001 - WH KLS JABABEKA,PT. CITRA SENTRAL EKSPRESS,6,LATE,32,42,25.07.2026,22.06.2026,29.06.2026,21.07.2026,22.07.2026,23.07.2026,23.07.2026,,S001,WH KLS JABABEKA
I100260623L006_S001,CDD BAK,11500000,0,0,0,0,0,11500000,S001 - WH KLS JABABEKA,BINTANG SAMUDERA,2,LATE,9,41,03.07.2026,23.06.2026,01.07.2026,20.07.2026,22.07.2026,,,,S001,WH KLS JABABEKA
I100260623L007_S001,CDD BAK,6900000,0,0,0,0,0,6900000,S001 - WH KLS JABABEKA,BINTANG SAMUDERA,7,ON SCHEDULE,29,0,24.07.2026,24.06.2026,01.07.2026,03.07.2026,04.07.2026,06.07.2026,06.07.2026,,S001,WH KLS JABABEKA
I100260623L031_S001,CDD BAK,4100000,0,0,0,800000,0,4900000,S001 - WH KLS JABABEKA,PT. EKA CIPTA MANGGALA,6,LATE,28,41,22.07.2026,23.06.2026,25.06.2026,26.06.2026,27.06.2026,08.07.2026,08.07.2026,,S001,WH KLS JABABEKA
I100260623L031_S001,CDD BAK,4100000,0,0,0,800000,0,4900000,S001 - WH KLS JABABEKA,PT. EKA CIPTA MANGGALA,6,LATE,28,41,22.07.2026,23.06.2026,25.06.2026,26.06.2026,27.06.2026,08.07.2026,08.07.2026,,S001,WH KLS JABABEKA
I100260623L031_S001,CDD BAK,4100000,0,0,0,800000,0,4900000,S001 - WH KLS JABABEKA,PT. EKA CIPTA MANGGALA,6,LATE,28,41,22.07.2026,23.06.2026,25.06.2026,26.06.2026,27.06.2026,08.07.2026,08.07.2026,,S001,WH KLS JABABEKA
I100260623L031_S001,CDD BAK,4100000,0,0,0,800000,0,4900000,S001 - WH KLS JABABEKA,PT. EKA CIPTA MANGGALA,6,LATE,28,41,22.07.2026,23.06.2026,25.06.2026,26.06.2026,27.06.2026,08.07.2026,08.07.2026,,S001,WH KLS JABABEKA
I100260623L039_S001,FUSO BAK,14985000,0,0,0,0,0,14985000,S001 - WH KLS JABABEKA,PT. Nusantara Cargo Line,6,LATE,27,40,22.07.2026,24.06.2026,15.07.2026,23.07.2026,24.07.2026,27.07.2026,27.07.2026,,S001,WH KLS JABABEKA
I100260623L039_S001,FUSO BAK,14985000,0,0,0,0,0,14985000,S001 - WH KLS JABABEKA,PT. Nusantara Cargo Line,6,LATE,27,40,22.07.2026,24.06.2026,15.07.2026,23.07.2026,24.07.2026,27.07.2026,27.07.2026,,S001,WH KLS JABABEKA
I100260623L040_S001,FUSO BAK,10260000,0,0,0,0,0,10260000,S001 - WH KLS JABABEKA,PT. Nusantara Cargo Line,6,LATE,27,40,22.07.2026,24.06.2026,15.07.2026,23.07.2026,24.07.2026,27.07.2026,27.07.2026,,S001,WH KLS JABABEKA
I100260623L040_S001,FUSO BAK,10260000,0,0,0,0,0,10260000,S001 - WH KLS JABABEKA,PT. Nusantara Cargo Line,6,LATE,27,40,22.07.2026,24.06.2026,15.07.2026,23.07.2026,24.07.2026,27.07.2026,27.07.2026,,S001,WH KLS JABABEKA
I100260623L041_S001,FUSO BAK,5400000,0,0,0,0,0,5400000,S001 - WH KLS JABABEKA,PT. Nusantara Cargo Line,6,LATE,27,40,22.07.2026,24.06.2026,15.07.2026,23.07.2026,24.07.2026,27.07.2026,27.07.2026,,S001,WH KLS JABABEKA
I100260623L041_S001,FUSO BAK,5400000,0,0,0,0,0,5400000,S001 - WH KLS JABABEKA,PT. Nusantara Cargo Line,6,LATE,27,40,22.07.2026,24.06.2026,15.07.2026,23.07.2026,24.07.2026,27.07.2026,27.07.2026,,S001,WH KLS JABABEKA
I100260623L042_S001,FUSO BAK,1215000,0,0,0,0,0,1215000,S001 - WH KLS JABABEKA,PT. Nusantara Cargo Line,6,LATE,27,40,22.07.2026,24.06.2026,15.07.2026,23.07.2026,24.07.2026,27.07.2026,27.07.2026,,S001,WH KLS JABABEKA
I100260623L042_S001,FUSO BAK,1215000,0,0,0,0,0,1215000,S001 - WH KLS JABABEKA,PT. Nusantara Cargo Line,6,LATE,27,40,22.07.2026,24.06.2026,15.07.2026,23.07.2026,24.07.2026,27.07.2026,27.07.2026,,S001,WH KLS JABABEKA
I100260623L062_S001,CDD BAK,4000000,0,0,0,1600000,0,5600000,S001 - WH KLS JABABEKA,PT. EKA CIPTA MANGGALA,6,LATE,27,41,21.07.2026,23.06.2026,25.06.2026,06.07.2026,08.07.2026,08.07.2026,08.07.2026,,S001,WH KLS JABABEKA
I100260623L062_S001,CDD BAK,4000000,0,0,0,1600000,0,5600000,S001 - WH KLS JABABEKA,PT. EKA CIPTA MANGGALA,6,LATE,27,41,21.07.2026,23.06.2026,25.06.2026,06.07.2026,08.07.2026,08.07.2026,08.07.2026,,S001,WH KLS JABABEKA
I100260623L062_S001,CDD BAK,4000000,0,0,0,1600000,0,5600000,S001 - WH KLS JABABEKA,PT. EKA CIPTA MANGGALA,6,LATE,27,41,21.07.2026,23.06.2026,25.06.2026,06.07.2026,08.07.2026,08.07.2026,08.07.2026,,S001,WH KLS JABABEKA
I100260623L062_S001,CDD BAK,4000000,0,0,0,1600000,0,5600000,S001 - WH KLS JABABEKA,PT. EKA CIPTA MANGGALA,6,LATE,27,41,21.07.2026,23.06.2026,25.06.2026,06.07.2026,08.07.2026,08.07.2026,08.07.2026,,S001,WH KLS JABABEKA
I100260623L062_S001,CDD BAK,4000000,0,0,0,1600000,0,5600000,S001 - WH KLS JABABEKA,PT. EKA CIPTA MANGGALA,6,LATE,27,41,21.07.2026,23.06.2026,25.06.2026,06.07.2026,08.07.2026,08.07.2026,08.07.2026,,S001,WH KLS JABABEKA
I100260623L062_S001,CDD BAK,4000000,0,0,0,1600000,0,5600000,S001 - WH KLS JABABEKA,PT. EKA CIPTA MANGGALA,6,LATE,27,41,21.07.2026,23.06.2026,25.06.2026,06.07.2026,08.07.2026,08.07.2026,08.07.2026,,S001,WH KLS JABABEKA
I100260623L062_S001,CDD BAK,4000000,0,0,0,1600000,0,5600000,S001 - WH KLS JABABEKA,PT. EKA CIPTA MANGGALA,6,LATE,27,41,21.07.2026,23.06.2026,25.06.2026,06.07.2026,08.07.2026,08.07.2026,08.07.2026,,S001,WH KLS JABABEKA
I100260623L063_S001,MINI VAN BOX,0,0,0,0,0,0,0,S001 - WH KLS JABABEKA,FIRST LOGISTICS,2,LATE,7,40,03.07.2026,25.06.2026,15.07.2026,,,,,,S001,WH KLS JABABEKA
I100260623L065_S001,MINI VAN BOX,0,0,0,0,0,0,0,S001 - WH KLS JABABEKA,PT. Ginta Global Mandiri,1,LATE,1,40,26.06.2026,24.06.2026,,,,,,,S001,WH KLS JABABEKA
I100260623L078_S001,CDE PICKUP,104000,0,0,0,0,0,104000,S001 - WH KLS JABABEKA,PT. MERPATI ALAM SEMESTA,4,LATE,15,41,10.07.2026,24.06.2026,25.06.2026,23.07.2026,29.07.2026,,,,S001,WH KLS JABABEKA
I100260623L078_S001,CDE PICKUP,104000,0,0,0,0,0,104000,S001 - WH KLS JABABEKA,PT. MERPATI ALAM SEMESTA,4,LATE,15,41,10.07.2026,24.06.2026,25.06.2026,23.07.2026,29.07.2026,,,,S001,WH KLS JABABEKA
I100260623L079_S001,CDE PICKUP,1464000,0,0,0,0,0,1464000,S001 - WH KLS JABABEKA,PT. MERPATI ALAM SEMESTA,4,LATE,15,41,10.07.2026,24.06.2026,13.07.2026,23.07.2026,29.07.2026,,,,S001,WH KLS JABABEKA
I100260623L079_S001,CDE PICKUP,1464000,0,0,0,0,0,1464000,S001 - WH KLS JABABEKA,PT. MERPATI ALAM SEMESTA,4,LATE,15,41,10.07.2026,24.06.2026,13.07.2026,23.07.2026,29.07.2026,,,,S001,WH KLS JABABEKA
I100260623L080_S001,CDE PICKUP,104625,0,0,0,0,0,104625,S001 - WH KLS JABABEKA,PT. MERPATI ALAM SEMESTA,2,LATE,7,41,02.07.2026,24.06.2026,,,,,,,S001,WH KLS JABABEKA
I100260623L080_S001,CDE PICKUP,104625,0,0,0,0,0,104625,S001 - WH KLS JABABEKA,PT. MERPATI ALAM SEMESTA,2,LATE,7,41,02.07.2026,24.06.2026,,,,,,,S001,WH KLS JABABEKA
I100260623L081_S001,CDE PICKUP,0,0,0,0,0,0,0,S001 - WH KLS JABABEKA,PT. MERPATI ALAM SEMESTA,1,LATE,1,41,26.06.2026,24.06.2026,,,,,,,S001,WH KLS JABABEKA
I100260623L082_S001,CDE PICKUP,0,0,0,0,0,0,0,S001 - WH KLS JABABEKA,PT. MERPATI ALAM SEMESTA,2,LATE,7,41,02.07.2026,24.06.2026,31.07.2026,,,,,,S001,WH KLS JABABEKA
I100260623L083_S001,CDE PICKUP,11746000,0,0,0,0,0,11746000,S001 - WH KLS JABABEKA,PT. MERPATI ALAM SEMESTA,4,LATE,15,38,12.07.2026,26.06.2026,13.07.2026,23.07.2026,29.07.2026,,,,S001,WH KLS JABABEKA
I100260623L083_S001,CDE PICKUP,11746000,0,0,0,0,0,11746000,S001 - WH KLS JABABEKA,PT. MERPATI ALAM SEMESTA,4,LATE,15,38,12.07.2026,26.06.2026,13.07.2026,23.07.2026,29.07.2026,,,,S001,WH KLS JABABEKA
I100260623L084_S001,CDE PICKUP,650000,0,0,0,0,0,650000,S001 - WH KLS JABABEKA,PT. MERPATI ALAM SEMESTA,4,LATE,15,41,10.07.2026,24.06.2026,13.07.2026,23.07.2026,29.07.2026,,,,S001,WH KLS JABABEKA
I100260623L084_S001,CDE PICKUP,650000,0,0,0,0,0,650000,S001 - WH KLS JABABEKA,PT. MERPATI ALAM SEMESTA,4,LATE,15,41,10.07.2026,24.06.2026,13.07.2026,23.07.2026,29.07.2026,,,,S001,WH KLS JABABEKA
I100260623L085_S001,CDE PICKUP,200000,0,0,0,0,0,200000,S001 - WH KLS JABABEKA,PT. MERPATI ALAM SEMESTA,4,LATE,15,41,10.07.2026,24.06.2026,13.07.2026,23.07.2026,29.07.2026,,,,S001,WH KLS JABABEKA
I100260623L085_S001,CDE PICKUP,200000,0,0,0,0,0,200000,S001 - WH KLS JABABEKA,PT. MERPATI ALAM SEMESTA,4,LATE,15,41,10.07.2026,24.06.2026,13.07.2026,23.07.2026,29.07.2026,,,,S001,WH KLS JABABEKA
I100260623L087_S001,CDD PICK UP,6265800,0,0,0,0,0,6265800,S001 - WH KLS JABABEKA,BEPA IKA PEKASA,6,LATE,27,40,22.07.2026,24.06.2026,21.07.2026,22.07.2026,24.07.2026,24.07.2026,29.07.2026,,S001,WH KLS JABABEKA
I100260623L088_S001,FUSO BAK,6120000,0,0,0,0,0,6120000,S001 - WH KLS JABABEKA,PT. Nusantara Cargo Line,6,LATE,27,37,25.07.2026,27.06.2026,15.07.2026,23.07.2026,24.07.2026,27.07.2026,27.07.2026,,S001,WH KLS JABABEKA
I100260623L088_S001,FUSO BAK,6120000,0,0,0,0,0,6120000,S001 - WH KLS JABABEKA,PT. Nusantara Cargo Line,6,LATE,27,37,25.07.2026,27.06.2026,15.07.2026,23.07.2026,24.07.2026,27.07.2026,27.07.2026,,S001,WH KLS JABABEKA
I100260623L090_S001,MINI VAN BOX,0,0,0,0,0,0,0,S001 - WH KLS JABABEKA,FIRST LOGISTICS,2,LATE,7,40,02.07.2026,24.06.2026,15.07.2026,,,,,,S001,WH KLS JABABEKA
I100260623L091_S001,MINI VAN BOX,0,0,0,0,0,0,0,S001 - WH KLS JABABEKA,FIRST LOGISTICS,2,LATE,7,40,02.07.2026,24.06.2026,15.07.2026,,,,,,S001,WH KLS JABABEKA
I100260623L092_S001,MINI VAN BOX,0,0,0,0,0,0,0,S001 - WH KLS JABABEKA,FIRST LOGISTICS,2,LATE,7,40,02.07.2026,24.06.2026,15.07.2026,,,,,,S001,WH KLS JABABEKA
I100260623L093_S001,MINI VAN BOX,0,0,0,0,0,0,0,S001 - WH KLS JABABEKA,FIRST LOGISTICS,2,LATE,7,40,02.07.2026,24.06.2026,15.07.2026,,,,,,S001,WH KLS JABABEKA
I100260623L094_S001,MINI VAN BOX,0,0,0,0,0,0,0,S001 - WH KLS JABABEKA,FIRST LOGISTICS,2,LATE,7,40,02.07.2026,24.06.2026,15.07.2026,,,,,,S001,WH KLS JABABEKA
I100260623L095_S001,CDE PICKUP,40000,0,0,0,0,0,40000,S001 - WH KLS JABABEKA,PT. MERPATI ALAM SEMESTA,4,LATE,15,41,10.07.2026,24.06.2026,25.06.2026,23.07.2026,29.07.2026,,,,S001,WH KLS JABABEKA
I100260623L095_S001,CDE PICKUP,40000,0,0,0,0,0,40000,S001 - WH KLS JABABEKA,PT. MERPATI ALAM SEMESTA,4,LATE,15,41,10.07.2026,24.06.2026,25.06.2026,23.07.2026,29.07.2026,,,,S001,WH KLS JABABEKA
I100260623L096_S001,CDE PICKUP,2640000,0,0,0,0,0,2640000,S001 - WH KLS JABABEKA,PT. MERPATI ALAM SEMESTA,4,LATE,15,41,10.07.2026,24.06.2026,13.07.2026,23.07.2026,29.07.2026,,,,S001,WH KLS JABABEKA
I100260623L096_S001,CDE PICKUP,2640000,0,0,0,0,0,2640000,S001 - WH KLS JABABEKA,PT. MERPATI ALAM SEMESTA,4,LATE,15,41,10.07.2026,24.06.2026,13.07.2026,23.07.2026,29.07.2026,,,,S001,WH KLS JABABEKA
I100260623L097_S001,CDE PICKUP,0,0,0,0,0,0,0,S001 - WH KLS JABABEKA,PT. MERPATI ALAM SEMESTA,1,LATE,1,41,26.06.2026,24.06.2026,,,,,,,S001,WH KLS JABABEKA
I100260623L098_S001,CDE PICKUP,4740000,0,0,0,0,0,4740000,S001 - WH KLS JABABEKA,PT. MERPATI ALAM SEMESTA,4,LATE,15,41,10.07.2026,24.06.2026,13.07.2026,23.07.2026,29.07.2026,,,,S001,WH KLS JABABEKA
I100260623L098_S001,CDE PICKUP,4740000,0,0,0,0,0,4740000,S001 - WH KLS JABABEKA,PT. MERPATI ALAM SEMESTA,4,LATE,15,41,10.07.2026,24.06.2026,13.07.2026,23.07.2026,29.07.2026,,,,S001,WH KLS JABABEKA
I100260623L099_S001,CDE PICKUP,1540000,0,0,0,0,0,1540000,S001 - WH KLS JABABEKA,PT. MERPATI ALAM SEMESTA,4,LATE,15,41,10.07.2026,24.06.2026,13.07.2026,23.07.2026,29.07.2026,,,,S001,WH KLS JABABEKA
I100260623L099_S001,CDE PICKUP,1540000,0,0,0,0,0,1540000,S001 - WH KLS JABABEKA,PT. MERPATI ALAM SEMESTA,4,LATE,15,41,10.07.2026,24.06.2026,13.07.2026,23.07.2026,29.07.2026,,,,S001,WH KLS JABABEKA
I100260623L100_S001,CDE PICKUP,70000,0,0,0,0,0,70000,S001 - WH KLS JABABEKA,PT. MERPATI ALAM SEMESTA,4,LATE,15,40,10.07.2026,24.06.2026,23.07.2026,29.07.2026,29.07.2026,,,,S001,WH KLS JABABEKA
I100260623L100_S001,CDE PICKUP,70000,0,0,0,0,0,70000,S001 - WH KLS JABABEKA,PT. MERPATI ALAM SEMESTA,4,LATE,15,40,10.07.2026,24.06.2026,23.07.2026,29.07.2026,29.07.2026,,,,S001,WH KLS JABABEKA
I100260623T005_S001,WINGBOX,5650000,0,0,0,0,0,5650000,S001 - WH KLS JABABEKA,PT. DUTA MEDIA MANDIRI,6,LATE,29,41,23.07.2026,23.06.2026,26.06.2026,03.07.2026,04.07.2026,06.07.2026,06.07.2026,,S001,WH KLS JABABEKA
I100260623T006_S001,CONT-20,15400000,0,0,0,0,0,15400000,S001 - WH KLS JABABEKA,PT. SENTOSA PRIMA ABADI,6,LATE,38,41,02.08.2026,24.06.2026,15.07.2026,30.07.2026,30.07.2026,03.08.2026,03.08.2026,,S001,WH KLS JABABEKA
I100260624C033_S001,FUSO BAK,3000000,0,0,0,0,0,3000000,S001 - WH KLS JABABEKA,PT. EKA CIPTA MANGGALA,6,LATE,27,40,23.07.2026,25.06.2026,26.06.2026,06.07.2026,08.07.2026,08.07.2026,08.07.2026,,S001,WH KLS JABABEKA
I100260624C034_S001,FUSO BAK,3000000,0,0,0,0,0,3000000,S001 - WH KLS JABABEKA,PT. EKA CIPTA MANGGALA,6,LATE,27,40,22.07.2026,24.06.2026,26.06.2026,06.07.2026,08.07.2026,08.07.2026,08.07.2026,,S001,WH KLS JABABEKA
I100260624C037_S001,FUSO BAK,3000000,0,0,0,0,0,3000000,S001 - WH KLS JABABEKA,PT. EKA CIPTA MANGGALA,6,LATE,27,40,22.07.2026,24.06.2026,26.06.2026,06.07.2026,08.07.2026,08.07.2026,08.07.2026,,S001,WH KLS JABABEKA
I100260624C040_S001,FUSO BAK,3000000,0,0,0,0,0,3000000,S001 - WH KLS JABABEKA,PT. EKA CIPTA MANGGALA,6,LATE,27,40,22.07.2026,24.06.2026,26.06.2026,06.07.2026,08.07.2026,08.07.2026,08.07.2026,,S001,WH KLS JABABEKA
I100260624C043_S001,FUSO BAK,2.7,0,0,0,0,0,2.7,S001 - WH KLS JABABEKA,JELAJAH SEMESTA PERSADA,2,LATE,7,40,02.07.2026,24.06.2026,,,,,,,S001,WH KLS JABABEKA
I100260624C043_S001,FUSO BAK,2.7,0,0,0,0,0,2.7,S001 - WH KLS JABABEKA,JELAJAH SEMESTA PERSADA,2,LATE,7,40,02.07.2026,24.06.2026,,,,,,,S001,WH KLS JABABEKA
I100260624C043_S001,FUSO BAK,2.7,0,0,0,0,0,2.7,S001 - WH KLS JABABEKA,JELAJAH SEMESTA PERSADA,2,LATE,7,40,02.07.2026,24.06.2026,,,,,,,S001,WH KLS JABABEKA
I100260624C043_S001,FUSO BAK,2.7,0,0,0,0,0,2.7,S001 - WH KLS JABABEKA,JELAJAH SEMESTA PERSADA,2,LATE,7,40,02.07.2026,24.06.2026,,,,,,,S001,WH KLS JABABEKA
I100260624L021_S001,CONT-40,26000000,0,0,1000000,0,0,27000000,S001 - WH KLS JABABEKA,PT.WIDYA TRANS CARGO,6,NEAR LATE,40,40,04.08.2026,24.06.2026,25.06.2026,21.07.2026,24.07.2026,24.07.2026,24.07.2026,,S001,WH KLS JABABEKA
I100260624L022_S001,CDD BAK,4500000,0,0,250000,550000,0,5300000,S001 - WH KLS JABABEKA,PT. HARI JAYA SEJAHTERA,6,LATE,29,40,24.07.2026,24.06.2026,,15.07.2026,16.07.2026,22.07.2026,30.07.2026,,S001,WH KLS JABABEKA
I100260624L022_S001,CDD BAK,4500000,0,0,250000,550000,0,5300000,S001 - WH KLS JABABEKA,PT. HARI JAYA SEJAHTERA,6,LATE,29,40,24.07.2026,24.06.2026,,15.07.2026,16.07.2026,22.07.2026,30.07.2026,,S001,WH KLS JABABEKA
I100260624L023_S001,CDD BAK,5000000,0,0,0,400000,0,5400000,S001 - WH KLS JABABEKA,PT. EKA CIPTA MANGGALA,6,LATE,29,40,24.07.2026,24.06.2026,29.06.2026,06.07.2026,08.07.2026,08.07.2026,08.07.2026,,S001,WH KLS JABABEKA
I100260624L023_S001,CDD BAK,5000000,0,0,0,400000,0,5400000,S001 - WH KLS JABABEKA,PT. EKA CIPTA MANGGALA,6,LATE,29,40,24.07.2026,24.06.2026,29.06.2026,06.07.2026,08.07.2026,08.07.2026,08.07.2026,,S001,WH KLS JABABEKA
I100260624L023_S001,CDD BAK,5000000,0,0,0,400000,0,5400000,S001 - WH KLS JABABEKA,PT. EKA CIPTA MANGGALA,6,LATE,29,40,24.07.2026,24.06.2026,29.06.2026,06.07.2026,08.07.2026,08.07.2026,08.07.2026,,S001,WH KLS JABABEKA
I100260624L024_S001,CDD BAK,5300000,0,0,0,800000,0,6100000,S001 - WH KLS JABABEKA,PT. EKA CIPTA MANGGALA,6,LATE,29,40,24.07.2026,24.06.2026,29.06.2026,13.07.2026,14.07.2026,14.07.2026,14.07.2026,,S001,WH KLS JABABEKA
I100260624L024_S001,CDD BAK,5300000,0,0,0,800000,0,6100000,S001 - WH KLS JABABEKA,PT. EKA CIPTA MANGGALA,6,LATE,29,40,24.07.2026,24.06.2026,29.06.2026,13.07.2026,14.07.2026,14.07.2026,14.07.2026,,S001,WH KLS JABABEKA
I100260624L024_S001,CDD BAK,5300000,0,0,0,800000,0,6100000,S001 - WH KLS JABABEKA,PT. EKA CIPTA MANGGALA,6,LATE,29,40,24.07.2026,24.06.2026,29.06.2026,13.07.2026,14.07.2026,14.07.2026,14.07.2026,,S001,WH KLS JABABEKA
I100260624L024_S001,CDD BAK,5300000,0,0,0,800000,0,6100000,S001 - WH KLS JABABEKA,PT. EKA CIPTA MANGGALA,6,LATE,29,40,24.07.2026,24.06.2026,29.06.2026,13.07.2026,14.07.2026,14.07.2026,14.07.2026,,S001,WH KLS JABABEKA
I100260624L025_S001,CDD BAK,4500000,0,0,0,1350000,0,5850000,S001 - WH KLS JABABEKA,PT. HARI JAYA SEJAHTERA,6,LATE,29,40,24.07.2026,24.06.2026,29.06.2026,09.07.2026,14.07.2026,15.07.2026,30.07.2026,,S001,WH KLS JABABEKA
I100260624L025_S001,CDD BAK,4500000,0,0,0,1350000,0,5850000,S001 - WH KLS JABABEKA,PT. HARI JAYA SEJAHTERA,6,LATE,29,40,24.07.2026,24.06.2026,29.06.2026,09.07.2026,14.07.2026,15.07.2026,30.07.2026,,S001,WH KLS JABABEKA
I100260624L025_S001,CDD BAK,4500000,0,0,0,1350000,0,5850000,S001 - WH KLS JABABEKA,PT. HARI JAYA SEJAHTERA,6,LATE,29,40,24.07.2026,24.06.2026,29.06.2026,09.07.2026,14.07.2026,15.07.2026,30.07.2026,,S001,WH KLS JABABEKA
I100260624L028_S001,CONT-20,0,0,0,400000,0,0,400000,S001 - WH KLS JABABEKA,PT.WIDYA TRANS CARGO,2,LATE,20,39,16.07.2026,25.06.2026,18.07.2026,,,,,,S001,WH KLS JABABEKA
I100260624L088_S001,CDD PICK UP,482400,0,0,0,0,0,482400,S001 - WH KLS JABABEKA,BEPA IKA PEKASA,6,LATE,27,40,22.07.2026,24.06.2026,21.07.2026,22.07.2026,24.07.2026,24.07.2026,29.07.2026,,S001,WH KLS JABABEKA
I100260624L089_S001,CDD PICK UP,1159200,0,0,0,0,0,1159200,S001 - WH KLS JABABEKA,BEPA IKA PEKASA,6,LATE,27,40,22.07.2026,24.06.2026,15.07.2026,20.07.2026,24.07.2026,24.07.2026,29.07.2026,,S001,WH KLS JABABEKA
I100260624L090_S001,CDD PICK UP,444600,0,0,0,0,0,444600,S001 - WH KLS JABABEKA,BEPA IKA PEKASA,6,LATE,27,40,22.07.2026,24.06.2026,15.07.2026,20.07.2026,24.07.2026,24.07.2026,29.07.2026,,S001,WH KLS JABABEKA
I100260624L095_S001,MINI VAN BOX,0,0,0,0,0,0,0,S001 - WH KLS JABABEKA,FIRST LOGISTICS,2,LATE,7,40,03.07.2026,25.06.2026,15.07.2026,,,,,,S001,WH KLS JABABEKA
I100260624L096_S001,MINI VAN BOX,0,0,0,0,0,0,0,S001 - WH KLS JABABEKA,FIRST LOGISTICS,2,LATE,7,39,03.07.2026,25.06.2026,15.07.2026,,,,,,S001,WH KLS JABABEKA
I100260624L097_S001,MINI VAN BOX,0,0,0,0,0,0,0,S001 - WH KLS JABABEKA,FIRST LOGISTICS,2,LATE,7,39,03.07.2026,25.06.2026,15.07.2026,,,,,,S001,WH KLS JABABEKA
I100260624L098_S001,MINI VAN BOX,0,0,0,0,0,0,0,S001 - WH KLS JABABEKA,FIRST LOGISTICS,2,LATE,7,39,03.07.2026,25.06.2026,15.07.2026,,,,,,S001,WH KLS JABABEKA
I100260624L099_S001,MINI VAN BOX,0,0,0,0,0,0,0,S001 - WH KLS JABABEKA,FIRST LOGISTICS,1,LATE,1,40,27.06.2026,25.06.2026,,,,,,,S001,WH KLS JABABEKA
I100260624L100_S001,MINI VAN BOX,0,0,0,0,0,0,0,S001 - WH KLS JABABEKA,FIRST LOGISTICS,2,LATE,7,40,03.07.2026,25.06.2026,15.07.2026,,,,,,S001,WH KLS JABABEKA
I100260624L101_S001,CDE PICKUP,435500,0,0,0,0,0,435500,S001 - WH KLS JABABEKA,PT. Nusantara Cargo Line,6,LATE,27,39,23.07.2026,25.06.2026,13.07.2026,13.07.2026,14.07.2026,22.07.2026,22.07.2026,,S001,WH KLS JABABEKA
I100260624L101_S001,CDE PICKUP,435500,0,0,0,0,0,435500,S001 - WH KLS JABABEKA,PT. Nusantara Cargo Line,6,LATE,27,39,23.07.2026,25.06.2026,13.07.2026,13.07.2026,14.07.2026,22.07.2026,22.07.2026,,S001,WH KLS JABABEKA
I100260624L102_S001,CDE PICKUP,0,0,0,0,0,0,0,S001 - WH KLS JABABEKA,PT. Nusantara Cargo Line,1,LATE,1,38,28.06.2026,26.06.2026,,,,,,,S001,WH KLS JABABEKA
I100260624L103_S001,CDE PICKUP,425000,0,0,0,0,0,425000,S001 - WH KLS JABABEKA,PT. Nusantara Cargo Line,6,LATE,27,38,24.07.2026,26.06.2026,15.07.2026,29.07.2026,29.07.2026,29.07.2026,29.07.2026,,S001,WH KLS JABABEKA
I100260624L103_S001,CDE PICKUP,425000,0,0,0,0,0,425000,S001 - WH KLS JABABEKA,PT. Nusantara Cargo Line,6,LATE,27,38,24.07.2026,26.06.2026,15.07.2026,29.07.2026,29.07.2026,29.07.2026,29.07.2026,,S001,WH KLS JABABEKA
I100260624L104_S001,CDE PICKUP,275000,0,0,0,0,0,275000,S001 - WH KLS JABABEKA,PT. Nusantara Cargo Line,6,LATE,27,38,24.07.2026,26.06.2026,13.07.2026,13.07.2026,14.07.2026,21.07.2026,21.07.2026,,S001,WH KLS JABABEKA
I100260624L104_S001,CDE PICKUP,275000,0,0,0,0,0,275000,S001 - WH KLS JABABEKA,PT. Nusantara Cargo Line,6,LATE,27,38,24.07.2026,26.06.2026,13.07.2026,13.07.2026,14.07.2026,21.07.2026,21.07.2026,,S001,WH KLS JABABEKA
I100260624L105_S001,CDE PICKUP,0,0,0,0,0,0,0,S001 - WH KLS JABABEKA,PT. Nusantara Cargo Line,2,LATE,7,38,04.07.2026,26.06.2026,24.07.2026,,,,,,S001,WH KLS JABABEKA
I100260624L106_S001,CDE PICKUP,0,0,0,0,0,0,0,S001 - WH KLS JABABEKA,PT. Nusantara Cargo Line,2,LATE,7,39,03.07.2026,25.06.2026,13.07.2026,,,,,,S001,WH KLS JABABEKA
I100260624L107_S001,CDE PICKUP,0,0,0,0,0,0,0,S001 - WH KLS JABABEKA,PT. Nusantara Cargo Line,2,LATE,7,39,03.07.2026,25.06.2026,13.07.2026,,,,,,S001,WH KLS JABABEKA
I100260624L108_S001,CDE PICKUP,0,0,0,0,0,0,0,S001 - WH KLS JABABEKA,PT. Nusantara Cargo Line,2,LATE,7,38,04.07.2026,26.06.2026,13.07.2026,,,,,,S001,WH KLS JABABEKA
I100260624L109_S001,CDE PICKUP,325000,0,0,0,0,0,325000,S001 - WH KLS JABABEKA,PT. Nusantara Cargo Line,6,LATE,27,39,23.07.2026,25.06.2026,15.07.2026,24.07.2026,24.07.2026,28.07.2026,28.07.2026,,S001,WH KLS JABABEKA
I100260624L109_S001,CDE PICKUP,325000,0,0,0,0,0,325000,S001 - WH KLS JABABEKA,PT. Nusantara Cargo Line,6,LATE,27,39,23.07.2026,25.06.2026,15.07.2026,24.07.2026,24.07.2026,28.07.2026,28.07.2026,,S001,WH KLS JABABEKA
I100260624L110_S001,CDE PICKUP,364000,0,0,0,0,0,364000,S001 - WH KLS JABABEKA,PT. Nusantara Cargo Line,6,LATE,27,38,24.07.2026,26.06.2026,15.07.2026,29.07.2026,29.07.2026,31.07.2026,31.07.2026,,S001,WH KLS JABABEKA
I100260624L110_S001,CDE PICKUP,364000,0,0,0,0,0,364000,S001 - WH KLS JABABEKA,PT. Nusantara Cargo Line,6,LATE,27,38,24.07.2026,26.06.2026,15.07.2026,29.07.2026,29.07.2026,31.07.2026,31.07.2026,,S001,WH KLS JABABEKA
I100260624L111_S001,CDE PICKUP,478500,0,0,0,0,0,478500,S001 - WH KLS JABABEKA,PT. Nusantara Cargo Line,6,LATE,27,38,24.07.2026,26.06.2026,13.07.2026,13.07.2026,14.07.2026,22.07.2026,22.07.2026,,S001,WH KLS JABABEKA
I100260624L111_S001,CDE PICKUP,478500,0,0,0,0,0,478500,S001 - WH KLS JABABEKA,PT. Nusantara Cargo Line,6,LATE,27,38,24.07.2026,26.06.2026,13.07.2026,13.07.2026,14.07.2026,22.07.2026,22.07.2026,,S001,WH KLS JABABEKA
I100260624L112_S001,CDE PICKUP,1131000,0,0,0,0,0,1131000,S001 - WH KLS JABABEKA,PT. Nusantara Cargo Line,6,LATE,27,38,24.07.2026,26.06.2026,13.07.2026,28.07.2026,29.07.2026,29.07.2026,29.07.2026,,S001,WH KLS JABABEKA
I100260624L112_S001,CDE PICKUP,1131000,0,0,0,0,0,1131000,S001 - WH KLS JABABEKA,PT. Nusantara Cargo Line,6,LATE,27,38,24.07.2026,26.06.2026,13.07.2026,28.07.2026,29.07.2026,29.07.2026,29.07.2026,,S001,WH KLS JABABEKA
I100260624L113_S001,CDE PICKUP,275000,0,0,0,0,0,275000,S001 - WH KLS JABABEKA,PT. Nusantara Cargo Line,6,LATE,27,38,24.07.2026,26.06.2026,15.07.2026,28.07.2026,29.07.2026,29.07.2026,29.07.2026,,S001,WH KLS JABABEKA
I100260624L113_S001,CDE PICKUP,275000,0,0,0,0,0,275000,S001 - WH KLS JABABEKA,PT. Nusantara Cargo Line,6,LATE,27,38,24.07.2026,26.06.2026,15.07.2026,28.07.2026,29.07.2026,29.07.2026,29.07.2026,,S001,WH KLS JABABEKA
I100260624L114_S001,CDE PICKUP,700000,0,0,0,0,0,700000,S001 - WH KLS JABABEKA,PT. Nusantara Cargo Line,6,LATE,27,39,23.07.2026,25.06.2026,13.07.2026,21.07.2026,24.07.2026,28.07.2026,28.07.2026,,S001,WH KLS JABABEKA
I100260624L114_S001,CDE PICKUP,700000,0,0,0,0,0,700000,S001 - WH KLS JABABEKA,PT. Nusantara Cargo Line,6,LATE,27,39,23.07.2026,25.06.2026,13.07.2026,21.07.2026,24.07.2026,28.07.2026,28.07.2026,,S001,WH KLS JABABEKA
I100260624L114_S001,CDE PICKUP,700000,0,0,0,0,0,700000,S001 - WH KLS JABABEKA,PT. Nusantara Cargo Line,6,LATE,27,39,23.07.2026,25.06.2026,13.07.2026,21.07.2026,24.07.2026,28.07.2026,28.07.2026,,S001,WH KLS JABABEKA
I100260624L115_S001,CDE PICKUP,280500,0,0,0,0,0,280500,S001 - WH KLS JABABEKA,PT. Nusantara Cargo Line,6,LATE,27,38,24.07.2026,26.06.2026,13.07.2026,13.07.2026,14.07.2026,22.07.2026,22.07.2026,,S001,WH KLS JABABEKA
I100260624L115_S001,CDE PICKUP,280500,0,0,0,0,0,280500,S001 - WH KLS JABABEKA,PT. Nusantara Cargo Line,6,LATE,27,38,24.07.2026,26.06.2026,13.07.2026,13.07.2026,14.07.2026,22.07.2026,22.07.2026,,S001,WH KLS JABABEKA
I100260624L116_S001,FUSO,0,0,0,0,0,0,0,S001 - WH KLS JABABEKA,PT. Nusantara Cargo Line,2,LATE,7,37,05.07.2026,27.06.2026,13.07.2026,,,,,,S001,WH KLS JABABEKA
I100260624L117_S001,FUSO,675000,0,0,0,0,0,675000,S001 - WH KLS JABABEKA,PT. Nusantara Cargo Line,6,LATE,27,37,25.07.2026,27.06.2026,13.07.2026,24.07.2026,24.07.2026,28.07.2026,28.07.2026,,S001,WH KLS JABABEKA
I100260624L117_S001,FUSO,675000,0,0,0,0,0,675000,S001 - WH KLS JABABEKA,PT. Nusantara Cargo Line,6,LATE,27,37,25.07.2026,27.06.2026,13.07.2026,24.07.2026,24.07.2026,28.07.2026,28.07.2026,,S001,WH KLS JABABEKA
I100260624L118_S001,CDE PICKUP,0,0,0,0,0,0,0,S001 - WH KLS JABABEKA,PT. Nusantara Cargo Line,1,LATE,1,38,28.06.2026,26.06.2026,,,,,,,S001,WH KLS JABABEKA
I100260624L119_S001,CDE PICKUP,325000,0,0,0,0,0,325000,S001 - WH KLS JABABEKA,PT. Nusantara Cargo Line,6,LATE,27,38,24.07.2026,26.06.2026,13.07.2026,13.07.2026,14.07.2026,21.07.2026,21.07.2026,,S001,WH KLS JABABEKA
I100260624L119_S001,CDE PICKUP,325000,0,0,0,0,0,325000,S001 - WH KLS JABABEKA,PT. Nusantara Cargo Line,6,LATE,27,38,24.07.2026,26.06.2026,13.07.2026,13.07.2026,14.07.2026,21.07.2026,21.07.2026,,S001,WH KLS JABABEKA
I100260624L120_S001,CDE PICKUP,0,0,0,0,0,0,0,S001 - WH KLS JABABEKA,PT. Nusantara Cargo Line,2,LATE,7,38,04.07.2026,26.06.2026,13.07.2026,,,,,,S001,WH KLS JABABEKA
I100260624L121_S001,FUSO,0,0,0,0,0,0,0,S001 - WH KLS JABABEKA,PT. Nusantara Cargo Line,2,LATE,7,38,04.07.2026,26.06.2026,13.07.2026,,,,,,S001,WH KLS JABABEKA
I100260624L122_S001,CDE PICKUP,0,0,0,0,0,0,0,S001 - WH KLS JABABEKA,PT. Nusantara Cargo Line,2,LATE,7,38,04.07.2026,26.06.2026,13.07.2026,,,,,,S001,WH KLS JABABEKA
I100260624L123_S001,CDE PICKUP,0,0,0,0,0,0,0,S001 - WH KLS JABABEKA,PT. Nusantara Cargo Line,2,LATE,7,38,04.07.2026,26.06.2026,24.07.2026,,,,,,S001,WH KLS JABABEKA
I100260624L124_S001,CDE PICKUP,0,0,0,0,0,0,0,S001 - WH KLS JABABEKA,PT. Nusantara Cargo Line,1,LATE,1,38,28.06.2026,26.06.2026,,,,,,,S001,WH KLS JABABEKA
I100260624L129_S001,MINI VAN BOX,0,0,0,0,0,0,0,S001 - WH KLS JABABEKA,FIRST LOGISTICS,2,LATE,7,39,03.07.2026,25.06.2026,15.07.2026,,,,,,S001,WH KLS JABABEKA
I100260625L031_S001,CDD BAK,3421969,0,0,0,1000000,0,4421969,S001 - WH KLS JABABEKA,PT. HARI JAYA TRANSPORTASI,6,LATE,28,39,24.07.2026,25.06.2026,29.06.2026,13.07.2026,14.07.2026,14.07.2026,14.07.2026,,S001,WH KLS JABABEKA
I100260625L031_S001,CDD BAK,3421969,0,0,0,1000000,0,4421969,S001 - WH KLS JABABEKA,PT. HARI JAYA TRANSPORTASI,6,LATE,28,39,24.07.2026,25.06.2026,29.06.2026,13.07.2026,14.07.2026,14.07.2026,14.07.2026,,S001,WH KLS JABABEKA
I100260625L031_S001,CDD BAK,3421969,0,0,0,1000000,0,4421969,S001 - WH KLS JABABEKA,PT. HARI JAYA TRANSPORTASI,6,LATE,28,39,24.07.2026,25.06.2026,29.06.2026,13.07.2026,14.07.2026,14.07.2026,14.07.2026,,S001,WH KLS JABABEKA
I100260625L031_S001,CDD BAK,3421969,0,0,0,1000000,0,4421969,S001 - WH KLS JABABEKA,PT. HARI JAYA TRANSPORTASI,6,LATE,28,39,24.07.2026,25.06.2026,29.06.2026,13.07.2026,14.07.2026,14.07.2026,14.07.2026,,S001,WH KLS JABABEKA
I100260625L031_S001,CDD BAK,3421969,0,0,0,1000000,0,4421969,S001 - WH KLS JABABEKA,PT. HARI JAYA TRANSPORTASI,6,LATE,28,39,24.07.2026,25.06.2026,29.06.2026,13.07.2026,14.07.2026,14.07.2026,14.07.2026,,S001,WH KLS JABABEKA
I100260625L031_S001,CDD BAK,3421969,0,0,0,1000000,0,4421969,S001 - WH KLS JABABEKA,PT. HARI JAYA TRANSPORTASI,6,LATE,28,39,24.07.2026,25.06.2026,29.06.2026,13.07.2026,14.07.2026,14.07.2026,14.07.2026,,S001,WH KLS JABABEKA
I100260625L032_S001,CDD BAK,4000000,0,0,0,1200000,0,5200000,S001 - WH KLS JABABEKA,PT. EKA CIPTA MANGGALA,6,LATE,28,39,24.07.2026,25.06.2026,29.06.2026,06.07.2026,08.07.2026,08.07.2026,08.07.2026,,S001,WH KLS JABABEKA
I100260625L032_S001,CDD BAK,4000000,0,0,0,1200000,0,5200000,S001 - WH KLS JABABEKA,PT. EKA CIPTA MANGGALA,6,LATE,28,39,24.07.2026,25.06.2026,29.06.2026,06.07.2026,08.07.2026,08.07.2026,08.07.2026,,S001,WH KLS JABABEKA
I100260625L032_S001,CDD BAK,4000000,0,0,0,1200000,0,5200000,S001 - WH KLS JABABEKA,PT. EKA CIPTA MANGGALA,6,LATE,28,39,24.07.2026,25.06.2026,29.06.2026,06.07.2026,08.07.2026,08.07.2026,08.07.2026,,S001,WH KLS JABABEKA
I100260625L032_S001,CDD BAK,4000000,0,0,0,1200000,0,5200000,S001 - WH KLS JABABEKA,PT. EKA CIPTA MANGGALA,6,LATE,28,39,24.07.2026,25.06.2026,29.06.2026,06.07.2026,08.07.2026,08.07.2026,08.07.2026,,S001,WH KLS JABABEKA
I100260625L032_S001,CDD BAK,4000000,0,0,0,1200000,0,5200000,S001 - WH KLS JABABEKA,PT. EKA CIPTA MANGGALA,6,LATE,28,39,24.07.2026,25.06.2026,29.06.2026,06.07.2026,08.07.2026,08.07.2026,08.07.2026,,S001,WH KLS JABABEKA
I100260625L032_S001,CDD BAK,4000000,0,0,0,1200000,0,5200000,S001 - WH KLS JABABEKA,PT. EKA CIPTA MANGGALA,6,LATE,28,39,24.07.2026,25.06.2026,29.06.2026,06.07.2026,08.07.2026,08.07.2026,08.07.2026,,S001,WH KLS JABABEKA
I100260625L033_S001,CDD BAK,4100000,0,0,0,400000,0,4500000,S001 - WH KLS JABABEKA,PT. EKA CIPTA MANGGALA,6,LATE,28,39,24.07.2026,25.06.2026,29.06.2026,06.07.2026,08.07.2026,08.07.2026,08.07.2026,,S001,WH KLS JABABEKA
I100260625L033_S001,CDD BAK,4100000,0,0,0,400000,0,4500000,S001 - WH KLS JABABEKA,PT. EKA CIPTA MANGGALA,6,LATE,28,39,24.07.2026,25.06.2026,29.06.2026,06.07.2026,08.07.2026,08.07.2026,08.07.2026,,S001,WH KLS JABABEKA
I100260625L033_S001,CDD BAK,4100000,0,0,0,400000,0,4500000,S001 - WH KLS JABABEKA,PT. EKA CIPTA MANGGALA,6,LATE,28,39,24.07.2026,25.06.2026,29.06.2026,06.07.2026,08.07.2026,08.07.2026,08.07.2026,,S001,WH KLS JABABEKA
I100260625L034_S001,CDD BAK,3700000,0,0,0,400000,0,4100000,S001 - WH KLS JABABEKA,PT. EKA CIPTA MANGGALA,6,LATE,27,39,23.07.2026,25.06.2026,29.06.2026,06.07.2026,08.07.2026,08.07.2026,08.07.2026,,S001,WH KLS JABABEKA
I100260625L034_S001,CDD BAK,3700000,0,0,0,400000,0,4100000,S001 - WH KLS JABABEKA,PT. EKA CIPTA MANGGALA,6,LATE,27,39,23.07.2026,25.06.2026,29.06.2026,06.07.2026,08.07.2026,08.07.2026,08.07.2026,,S001,WH KLS JABABEKA
I100260625L034_S001,CDD BAK,3700000,0,0,0,400000,0,4100000,S001 - WH KLS JABABEKA,PT. EKA CIPTA MANGGALA,6,LATE,27,39,23.07.2026,25.06.2026,29.06.2026,06.07.2026,08.07.2026,08.07.2026,08.07.2026,,S001,WH KLS JABABEKA
I100260625L038_S001,CDD BAK,7500000,0,0,0,500000,0,8000000,S001 - WH KLS JABABEKA,PT. EKA CIPTA MANGGALA,6,LATE,31,39,27.07.2026,25.06.2026,29.06.2026,06.07.2026,08.07.2026,08.07.2026,08.07.2026,,S001,WH KLS JABABEKA
I100260625L038_S001,CDD BAK,7500000,0,0,0,500000,0,8000000,S001 - WH KLS JABABEKA,PT. EKA CIPTA MANGGALA,6,LATE,31,39,27.07.2026,25.06.2026,29.06.2026,06.07.2026,08.07.2026,08.07.2026,08.07.2026,,S001,WH KLS JABABEKA
I100260625L038_S001,CDD BAK,7500000,0,0,0,500000,0,8000000,S001 - WH KLS JABABEKA,PT. EKA CIPTA MANGGALA,6,LATE,31,39,27.07.2026,25.06.2026,29.06.2026,06.07.2026,08.07.2026,08.07.2026,08.07.2026,,S001,WH KLS JABABEKA
I100260625L039_S001,CDD BAK,10500000,0,0,0,0,0,10500000,S001 - WH KLS JABABEKA,BINTANG SAMUDERA,7,ON SCHEDULE,29,0,25.07.2026,25.06.2026,01.07.2026,08.07.2026,08.07.2026,10.07.2026,10.07.2026,,S001,WH KLS JABABEKA
I100260625L090_S001,CDE PICKUP,69000,0,0,0,0,0,69000,S001 - WH KLS JABABEKA,PT. MERPATI ALAM SEMESTA,4,LATE,15,39,12.07.2026,26.06.2026,29.06.2026,23.07.2026,29.07.2026,,,,S001,WH KLS JABABEKA
I100260625L090_S001,CDE PICKUP,69000,0,0,0,0,0,69000,S001 - WH KLS JABABEKA,PT. MERPATI ALAM SEMESTA,4,LATE,15,39,12.07.2026,26.06.2026,29.06.2026,23.07.2026,29.07.2026,,,,S001,WH KLS JABABEKA
I100260625L093_S001,CDE PICKUP,1500000,0,0,0,0,0,1500000,S001 - WH KLS JABABEKA,PT. MERPATI ALAM SEMESTA,4,LATE,15,39,12.07.2026,26.06.2026,29.06.2026,23.07.2026,29.07.2026,,,,S001,WH KLS JABABEKA
I100260625L093_S001,CDE PICKUP,1500000,0,0,0,0,0,1500000,S001 - WH KLS JABABEKA,PT. MERPATI ALAM SEMESTA,4,LATE,15,39,12.07.2026,26.06.2026,29.06.2026,23.07.2026,29.07.2026,,,,S001,WH KLS JABABEKA
I100260625L094_S001,CDE PICKUP,50000,0,0,0,0,0,50000,S001 - WH KLS JABABEKA,PT. MERPATI ALAM SEMESTA,4,LATE,15,39,12.07.2026,26.06.2026,29.06.2026,23.07.2026,29.07.2026,,,,S001,WH KLS JABABEKA
I100260625L094_S001,CDE PICKUP,50000,0,0,0,0,0,50000,S001 - WH KLS JABABEKA,PT. MERPATI ALAM SEMESTA,4,LATE,15,39,12.07.2026,26.06.2026,29.06.2026,23.07.2026,29.07.2026,,,,S001,WH KLS JABABEKA
I100260625L095_S001,CDE PICKUP,0,0,0,0,0,0,0,S001 - WH KLS JABABEKA,PT. MERPATI ALAM SEMESTA,1,LATE,1,39,28.06.2026,26.06.2026,,,,,,,S001,WH KLS JABABEKA
I100260625L096_S001,CDE PICKUP,200000,0,0,0,0,0,200000,S001 - WH KLS JABABEKA,PT. MERPATI ALAM SEMESTA,4,LATE,15,39,12.07.2026,26.06.2026,13.07.2026,23.07.2026,29.07.2026,,,,S001,WH KLS JABABEKA
I100260625L096_S001,CDE PICKUP,200000,0,0,0,0,0,200000,S001 - WH KLS JABABEKA,PT. MERPATI ALAM SEMESTA,4,LATE,15,39,12.07.2026,26.06.2026,13.07.2026,23.07.2026,29.07.2026,,,,S001,WH KLS JABABEKA
I100260625L100_S001,CDE PICKUP,80000,0,0,0,0,0,80000,S001 - WH KLS JABABEKA,PT. MERPATI ALAM SEMESTA,4,LATE,15,39,12.07.2026,26.06.2026,13.07.2026,23.07.2026,29.07.2026,,,,S001,WH KLS JABABEKA
I100260625L100_S001,CDE PICKUP,80000,0,0,0,0,0,80000,S001 - WH KLS JABABEKA,PT. MERPATI ALAM SEMESTA,4,LATE,15,39,12.07.2026,26.06.2026,13.07.2026,23.07.2026,29.07.2026,,,,S001,WH KLS JABABEKA
I100260625L101_S001,CDE PICKUP,50000,0,0,0,0,0,50000,S001 - WH KLS JABABEKA,PT. MERPATI ALAM SEMESTA,4,LATE,15,39,12.07.2026,26.06.2026,13.07.2026,23.07.2026,29.07.2026,,,,S001,WH KLS JABABEKA
I100260625L101_S001,CDE PICKUP,50000,0,0,0,0,0,50000,S001 - WH KLS JABABEKA,PT. MERPATI ALAM SEMESTA,4,LATE,15,39,12.07.2026,26.06.2026,13.07.2026,23.07.2026,29.07.2026,,,,S001,WH KLS JABABEKA
I100260625L102_S001,CDE PICKUP,105000,0,0,0,0,0,105000,S001 - WH KLS JABABEKA,PT. MERPATI ALAM SEMESTA,4,LATE,15,37,13.07.2026,27.06.2026,13.07.2026,28.07.2026,29.07.2026,,,,S001,WH KLS JABABEKA
I100260625L102_S001,CDE PICKUP,105000,0,0,0,0,0,105000,S001 - WH KLS JABABEKA,PT. MERPATI ALAM SEMESTA,4,LATE,15,37,13.07.2026,27.06.2026,13.07.2026,28.07.2026,29.07.2026,,,,S001,WH KLS JABABEKA
I100260625L103_S001,CDE PICKUP,372000,0,0,0,0,0,372000,S001 - WH KLS JABABEKA,PT. MERPATI ALAM SEMESTA,4,LATE,15,39,12.07.2026,26.06.2026,13.07.2026,23.07.2026,29.07.2026,,,,S001,WH KLS JABABEKA
I100260625L103_S001,CDE PICKUP,372000,0,0,0,0,0,372000,S001 - WH KLS JABABEKA,PT. MERPATI ALAM SEMESTA,4,LATE,15,39,12.07.2026,26.06.2026,13.07.2026,23.07.2026,29.07.2026,,,,S001,WH KLS JABABEKA
I100260625L104_S001,CDE PICKUP,159000,0,0,0,0,0,159000,S001 - WH KLS JABABEKA,PT. MERPATI ALAM SEMESTA,4,LATE,15,37,13.07.2026,27.06.2026,13.07.2026,23.07.2026,29.07.2026,,,,S001,WH KLS JABABEKA
I100260625L104_S001,CDE PICKUP,159000,0,0,0,0,0,159000,S001 - WH KLS JABABEKA,PT. MERPATI ALAM SEMESTA,4,LATE,15,37,13.07.2026,27.06.2026,13.07.2026,23.07.2026,29.07.2026,,,,S001,WH KLS JABABEKA
I100260625L105_S001,CDE PICKUP,0,0,0,0,0,0,0,S001 - WH KLS JABABEKA,PT. MERPATI ALAM SEMESTA,2,LATE,7,39,04.07.2026,26.06.2026,31.07.2026,,,,,,S001,WH KLS JABABEKA
I100260625L107_S001,FUSO,8415000,0,0,0,0,0,8415000,S001 - WH KLS JABABEKA,PT. Nusantara Cargo Line,6,LATE,27,39,23.07.2026,25.06.2026,24.07.2026,29.07.2026,29.07.2026,31.07.2026,31.07.2026,,S001,WH KLS JABABEKA
I100260625L107_S001,FUSO,8415000,0,0,0,0,0,8415000,S001 - WH KLS JABABEKA,PT. Nusantara Cargo Line,6,LATE,27,39,23.07.2026,25.06.2026,24.07.2026,29.07.2026,29.07.2026,31.07.2026,31.07.2026,,S001,WH KLS JABABEKA
I100260625L108_S001,FUSO,8100000,0,0,0,0,0,8100000,S001 - WH KLS JABABEKA,PT. Nusantara Cargo Line,6,LATE,27,39,23.07.2026,25.06.2026,13.07.2026,24.07.2026,24.07.2026,27.07.2026,27.07.2026,,S001,WH KLS JABABEKA
I100260625L108_S001,FUSO,8100000,0,0,0,0,0,8100000,S001 - WH KLS JABABEKA,PT. Nusantara Cargo Line,6,LATE,27,39,23.07.2026,25.06.2026,13.07.2026,24.07.2026,24.07.2026,27.07.2026,27.07.2026,,S001,WH KLS JABABEKA
I100260625L111_S001,FUSO LOSBAK,9000000,0,0,0,0,0,9000000,S001 - WH KLS JABABEKA,CV. BANGUN JASA TRANS,7,ON SCHEDULE,27,0,23.07.2026,25.06.2026,29.06.2026,01.07.2026,02.07.2026,15.07.2026,17.07.2026,,S001,WH KLS JABABEKA
I100260625L124_S001,MINI VAN BOX,0,0,0,0,0,0,0,S001 - WH KLS JABABEKA,PT. Nusantara Cargo Line,2,LATE,7,37,05.07.2026,27.06.2026,13.07.2026,,,,,,S001,WH KLS JABABEKA
I100260625L125_S001,CDD PICK UP,275000,0,0,0,0,0,275000,S001 - WH KLS JABABEKA,PT. Nusantara Cargo Line,6,LATE,27,37,25.07.2026,27.06.2026,15.07.2026,24.07.2026,24.07.2026,28.07.2026,28.07.2026,,S001,WH KLS JABABEKA
I100260625L125_S001,CDD PICK UP,275000,0,0,0,0,0,275000,S001 - WH KLS JABABEKA,PT. Nusantara Cargo Line,6,LATE,27,37,25.07.2026,27.06.2026,15.07.2026,24.07.2026,24.07.2026,28.07.2026,28.07.2026,,S001,WH KLS JABABEKA
I100260625L128_S001,MINI VAN BOX,0,0,0,0,0,0,0,S001 - WH KLS JABABEKA,FIRST LOGISTICS,2,LATE,7,37,05.07.2026,27.06.2026,15.07.2026,,,,,,S001,WH KLS JABABEKA
I100260625L129_S001,MINI VAN BOX,0,0,0,0,0,0,0,S001 - WH KLS JABABEKA,FIRST LOGISTICS,2,LATE,7,37,05.07.2026,27.06.2026,15.07.2026,,,,,,S001,WH KLS JABABEKA
I100260625L130_S001,MINI VAN BOX,0,0,0,0,0,0,0,S001 - WH KLS JABABEKA,FIRST LOGISTICS,2,LATE,7,37,05.07.2026,27.06.2026,15.07.2026,,,,,,S001,WH KLS JABABEKA
I100260625L131_S001,MINI VAN BOX,0,0,0,0,0,0,0,S001 - WH KLS JABABEKA,FIRST LOGISTICS,2,LATE,7,37,05.07.2026,27.06.2026,15.07.2026,,,,,,S001,WH KLS JABABEKA
I100260625L132_S001,MINI VAN BOX,0,0,0,0,0,0,0,S001 - WH KLS JABABEKA,FIRST LOGISTICS,2,LATE,7,37,05.07.2026,27.06.2026,15.07.2026,,,,,,S001,WH KLS JABABEKA
I100260625L133_S001,MINI VAN BOX,0,0,0,0,0,0,0,S001 - WH KLS JABABEKA,FIRST LOGISTICS,2,LATE,7,37,05.07.2026,27.06.2026,15.07.2026,,,,,,S001,WH KLS JABABEKA
I100260625L134_S001,MINI VAN BOX,0,0,0,0,0,0,0,S001 - WH KLS JABABEKA,FIRST LOGISTICS,2,LATE,7,37,05.07.2026,27.06.2026,15.07.2026,,,,,,S001,WH KLS JABABEKA
I100260625L141_S001,MINI VAN BOX,0,0,0,0,0,0,0,S001 - WH KLS JABABEKA,FIRST LOGISTICS,2,LATE,7,37,05.07.2026,27.06.2026,15.07.2026,,,,,,S001,WH KLS JABABEKA
I100260625L144_S001,CDE PICKUP,0,0,0,0,0,0,0,S001 - WH KLS JABABEKA,PT. Nusantara Cargo Line,2,LATE,7,37,05.07.2026,27.06.2026,13.07.2026,,,,,,S001,WH KLS JABABEKA
I100260625T016_S001,WINGBOX,20000000,0,0,0,750000,0,20750000,S001 - WH KLS JABABEKA,PT. ORANG KREATIF EKSIS,6,LATE,32,37,30.07.2026,27.06.2026,04.07.2026,15.07.2026,16.07.2026,29.07.2026,29.07.2026,,S001,WH KLS JABABEKA
I100260625T031_S001,CONT-20,15400000,0,0,0,0,0,15400000,S001 - WH KLS JABABEKA,PT. SENTOSA PRIMA ABADI,6,LATE,38,39,04.08.2026,26.06.2026,15.07.2026,30.07.2026,30.07.2026,03.08.2026,03.08.2026,,S001,WH KLS JABABEKA
I100260626C099_S001,SELFOLDER,0,0,0,0,0,0,0,S001 - WH KLS JABABEKA,JASATAMA DIRGANTARA EXPRESS,2,LATE,7,39,03.07.2026,25.06.2026,26.06.2026,,,,,,S001,WH KLS JABABEKA
I100260626L043_S001,CDD BAK,6900000,0,0,0,700000,839500,8439500,S001 - WH KLS JABABEKA,BINTANG SAMUDERA,6,LATE,29,38,26.07.2026,26.06.2026,01.07.2026,20.07.2026,24.07.2026,24.07.2026,24.07.2026,,S001,WH KLS JABABEKA
I100260626L043_S001,CDD BAK,6900000,0,0,0,700000,839500,8439500,S001 - WH KLS JABABEKA,BINTANG SAMUDERA,6,LATE,29,38,26.07.2026,26.06.2026,01.07.2026,20.07.2026,24.07.2026,24.07.2026,24.07.2026,,S001,WH KLS JABABEKA
I100260626L044_S001,CDD BAK,7500000,0,0,0,0,0,7500000,S001 - WH KLS JABABEKA,PT. EKA CIPTA MANGGALA,6,LATE,31,38,28.07.2026,26.06.2026,29.06.2026,06.07.2026,06.07.2026,08.07.2026,08.07.2026,,S001,WH KLS JABABEKA
I100260626L046_S001,CDD BAK,11500000,0,0,0,2300000,0,13800000,S001 - WH KLS JABABEKA,BINTANG SAMUDERA,7,ON SCHEDULE,29,0,26.07.2026,26.06.2026,05.07.2026,15.07.2026,16.07.2026,16.07.2026,17.07.2026,,S001,WH KLS JABABEKA
I100260626L046_S001,CDD BAK,11500000,0,0,0,2300000,0,13800000,S001 - WH KLS JABABEKA,BINTANG SAMUDERA,7,ON SCHEDULE,29,0,26.07.2026,26.06.2026,05.07.2026,15.07.2026,16.07.2026,16.07.2026,17.07.2026,,S001,WH KLS JABABEKA
I100260626L060_S001,CONT-20,15500000,0,0,0,0,0,15500000,S001 - WH KLS JABABEKA,PT. SENTOSA PRIMA ABADI,2,LATE,20,38,17.07.2026,26.06.2026,15.07.2026,,,,,,S001,WH KLS JABABEKA
I100260626L080_S001,CDD BAK,4500000,0,0,0,0,1438000,5938000,S001 - WH KLS JABABEKA,PT. HARI JAYA SEJAHTERA,6,LATE,27,38,24.07.2026,26.06.2026,29.06.2026,09.07.2026,14.07.2026,15.07.2026,30.07.2026,,S001,WH KLS JABABEKA
I100260626L084_S001,MINI VAN BOX,0,0,0,0,0,0,0,S001 - WH KLS JABABEKA,FIRST LOGISTICS,2,LATE,7,37,05.07.2026,27.06.2026,15.07.2026,,,,,,S001,WH KLS JABABEKA
I100260626L085_S001,MINI VAN BOX,0,0,0,0,0,0,0,S001 - WH KLS JABABEKA,FIRST LOGISTICS,2,LATE,7,37,05.07.2026,27.06.2026,15.07.2026,,,,,,S001,WH KLS JABABEKA
I100260626L086_S001,MINI VAN BOX,0,0,0,0,0,0,0,S001 - WH KLS JABABEKA,FIRST LOGISTICS,2,LATE,7,37,05.07.2026,27.06.2026,15.07.2026,,,,,,S001,WH KLS JABABEKA
I100260626L087_S001,MINI VAN BOX,0,0,0,0,0,0,0,S001 - WH KLS JABABEKA,FIRST LOGISTICS,2,LATE,7,37,05.07.2026,27.06.2026,15.07.2026,,,,,,S001,WH KLS JABABEKA
I100260626L088_S001,MINI VAN BOX,0,0,0,0,0,0,0,S001 - WH KLS JABABEKA,FIRST LOGISTICS,2,LATE,7,37,05.07.2026,27.06.2026,15.07.2026,,,,,,S001,WH KLS JABABEKA
I100260626L089_S001,MINI VAN BOX,0,0,0,0,0,0,0,S001 - WH KLS JABABEKA,FIRST LOGISTICS,2,LATE,7,37,05.07.2026,27.06.2026,15.07.2026,,,,,,S001,WH KLS JABABEKA
I100260626L090_S001,CDE PICKUP,300000,0,0,0,0,0,300000,S001 - WH KLS JABABEKA,PT. Nusantara Cargo Line,6,LATE,27,37,25.07.2026,27.06.2026,13.07.2026,13.07.2026,14.07.2026,21.07.2026,21.07.2026,,S001,WH KLS JABABEKA
I100260626L090_S001,CDE PICKUP,300000,0,0,0,0,0,300000,S001 - WH KLS JABABEKA,PT. Nusantara Cargo Line,6,LATE,27,37,25.07.2026,27.06.2026,13.07.2026,13.07.2026,14.07.2026,21.07.2026,21.07.2026,,S001,WH KLS JABABEKA
I100260626L091_S001,CDE PICKUP,262500,0,0,0,0,0,262500,S001 - WH KLS JABABEKA,PT. Nusantara Cargo Line,6,LATE,27,37,25.07.2026,27.06.2026,13.07.2026,13.07.2026,14.07.2026,23.07.2026,23.07.2026,,S001,WH KLS JABABEKA
I100260626L091_S001,CDE PICKUP,262500,0,0,0,0,0,262500,S001 - WH KLS JABABEKA,PT. Nusantara Cargo Line,6,LATE,27,37,25.07.2026,27.06.2026,13.07.2026,13.07.2026,14.07.2026,23.07.2026,23.07.2026,,S001,WH KLS JABABEKA
I100260626L092_S001,CDE LONG CHASSIS,2073500,0,0,0,0,0,2073500,S001 - WH KLS JABABEKA,PT. Nusantara Cargo Line,6,LATE,27,37,25.07.2026,27.06.2026,13.07.2026,13.07.2026,14.07.2026,22.07.2026,22.07.2026,,S001,WH KLS JABABEKA
I100260626L092_S001,CDE LONG CHASSIS,2073500,0,0,0,0,0,2073500,S001 - WH KLS JABABEKA,PT. Nusantara Cargo Line,6,LATE,27,37,25.07.2026,27.06.2026,13.07.2026,13.07.2026,14.07.2026,22.07.2026,22.07.2026,,S001,WH KLS JABABEKA
I100260626L093_S001,CDE PICKUP,258000,0,0,0,0,0,258000,S001 - WH KLS JABABEKA,PT. Nusantara Cargo Line,6,LATE,27,37,25.07.2026,27.06.2026,13.07.2026,13.07.2026,14.07.2026,23.07.2026,23.07.2026,,S001,WH KLS JABABEKA
I100260626L093_S001,CDE PICKUP,258000,0,0,0,0,0,258000,S001 - WH KLS JABABEKA,PT. Nusantara Cargo Line,6,LATE,27,37,25.07.2026,27.06.2026,13.07.2026,13.07.2026,14.07.2026,23.07.2026,23.07.2026,,S001,WH KLS JABABEKA
I100260626L094_S001,CDE PICKUP,474500,0,0,0,0,0,474500,S001 - WH KLS JABABEKA,PT. Nusantara Cargo Line,6,LATE,27,37,25.07.2026,27.06.2026,13.07.2026,28.07.2026,29.07.2026,31.07.2026,31.07.2026,,S001,WH KLS JABABEKA
I100260626L094_S001,CDE PICKUP,474500,0,0,0,0,0,474500,S001 - WH KLS JABABEKA,PT. Nusantara Cargo Line,6,LATE,27,37,25.07.2026,27.06.2026,13.07.2026,28.07.2026,29.07.2026,31.07.2026,31.07.2026,,S001,WH KLS JABABEKA
I100260626L095_S001,CDE PICKUP,0,0,0,0,0,0,0,S001 - WH KLS JABABEKA,PT. Nusantara Cargo Line,2,LATE,7,38,04.07.2026,26.06.2026,13.07.2026,,,,,,S001,WH KLS JABABEKA
I100260626L096_S001,CDE PICKUP,383500,0,0,0,0,0,383500,S001 - WH KLS JABABEKA,PT. Nusantara Cargo Line,6,LATE,27,38,24.07.2026,26.06.2026,13.07.2026,13.07.2026,14.07.2026,23.07.2026,23.07.2026,,S001,WH KLS JABABEKA
I100260626L096_S001,CDE PICKUP,383500,0,0,0,0,0,383500,S001 - WH KLS JABABEKA,PT. Nusantara Cargo Line,6,LATE,27,38,24.07.2026,26.06.2026,13.07.2026,13.07.2026,14.07.2026,23.07.2026,23.07.2026,,S001,WH KLS JABABEKA
I100260626L097_S001,CDE PICKUP,275000,0,0,0,0,0,275000,S001 - WH KLS JABABEKA,PT. Nusantara Cargo Line,6,LATE,27,38,24.07.2026,26.06.2026,13.07.2026,13.07.2026,14.07.2026,21.07.2026,21.07.2026,,S001,WH KLS JABABEKA
I100260626L097_S001,CDE PICKUP,275000,0,0,0,0,0,275000,S001 - WH KLS JABABEKA,PT. Nusantara Cargo Line,6,LATE,27,38,24.07.2026,26.06.2026,13.07.2026,13.07.2026,14.07.2026,21.07.2026,21.07.2026,,S001,WH KLS JABABEKA
I100260626L098_S001,CDE,0,0,0,0,0,0,0,S001 - WH KLS JABABEKA,PT. MERPATI ALAM SEMESTA,1,LATE,1,37,29.06.2026,27.06.2026,,,,,,,S001,WH KLS JABABEKA
I100260626L100_S001,CDE PICKUP,0,0,0,0,0,0,0,S001 - WH KLS JABABEKA,PT. MERPATI ALAM SEMESTA,2,LATE,7,34,08.07.2026,30.06.2026,23.07.2026,,,,,,S001,WH KLS JABABEKA
I100260626L101_S001,CDE PICKUP,187500,0,0,0,0,0,187500,S001 - WH KLS JABABEKA,PT. MERPATI ALAM SEMESTA,4,LATE,15,34,16.07.2026,30.06.2026,13.07.2026,23.07.2026,29.07.2026,,,,S001,WH KLS JABABEKA
I100260626L101_S001,CDE PICKUP,187500,0,0,0,0,0,187500,S001 - WH KLS JABABEKA,PT. MERPATI ALAM SEMESTA,4,LATE,15,34,16.07.2026,30.06.2026,13.07.2026,23.07.2026,29.07.2026,,,,S001,WH KLS JABABEKA
I100260626L102_S001,MINI VAN BOX,0,0,0,0,0,0,0,S001 - WH KLS JABABEKA,FIRST LOGISTICS,2,LATE,7,37,05.07.2026,27.06.2026,15.07.2026,,,,,,S001,WH KLS JABABEKA
I100260626L103_S001,CDE PICKUP,1044000,0,0,0,0,0,1044000,S001 - WH KLS JABABEKA,PT. Nusantara Cargo Line,6,LATE,27,37,25.07.2026,27.06.2026,13.07.2026,13.07.2026,14.07.2026,22.07.2026,22.07.2026,,S001,WH KLS JABABEKA
I100260626L103_S001,CDE PICKUP,1044000,0,0,0,0,0,1044000,S001 - WH KLS JABABEKA,PT. Nusantara Cargo Line,6,LATE,27,37,25.07.2026,27.06.2026,13.07.2026,13.07.2026,14.07.2026,22.07.2026,22.07.2026,,S001,WH KLS JABABEKA
I100260626L104_S001,CDE PICKUP,965000,0,0,0,0,0,965000,S001 - WH KLS JABABEKA,PT. Nusantara Cargo Line,6,LATE,27,37,25.07.2026,27.06.2026,15.07.2026,28.07.2026,29.07.2026,29.07.2026,29.07.2026,,S001,WH KLS JABABEKA
I100260626L104_S001,CDE PICKUP,965000,0,0,0,0,0,965000,S001 - WH KLS JABABEKA,PT. Nusantara Cargo Line,6,LATE,27,37,25.07.2026,27.06.2026,15.07.2026,28.07.2026,29.07.2026,29.07.2026,29.07.2026,,S001,WH KLS JABABEKA
I100260626T021_S001,WINGBOX,5650000,0,500000,0,0,0,6150000,S001 - WH KLS JABABEKA,PT. DUTA MEDIA MANDIRI,6,LATE,29,38,26.07.2026,26.06.2026,,28.07.2026,28.07.2026,28.07.2026,28.07.2026,,S001,WH KLS JABABEKA
I100260626T021_S001,WINGBOX,5650000,0,500000,0,0,0,6150000,S001 - WH KLS JABABEKA,PT. DUTA MEDIA MANDIRI,6,LATE,29,38,26.07.2026,26.06.2026,,28.07.2026,28.07.2026,28.07.2026,28.07.2026,,S001,WH KLS JABABEKA
I100260627L023_S001,MINI VAN BOX,0,0,0,0,0,0,0,S001 - WH KLS JABABEKA,FIRST LOGISTICS,2,LATE,7,35,07.07.2026,29.06.2026,15.07.2026,,,,,,S001,WH KLS JABABEKA
I100260627L050_S001,FUSO LOSBAK,10000000,0,0,0,0,0,10000000,S001 - WH KLS JABABEKA,CV. BANGUN JASA TRANS,7,ON SCHEDULE,27,0,25.07.2026,27.06.2026,29.06.2026,01.07.2026,02.07.2026,15.07.2026,17.07.2026,,S001,WH KLS JABABEKA
I100260627L051_S001,CDD BAK,4500000,0,0,0,550000,0,5050000,S001 - WH KLS JABABEKA,PT. HARI JAYA SEJAHTERA,6,LATE,29,37,27.07.2026,27.06.2026,01.07.2026,09.07.2026,14.07.2026,15.07.2026,30.07.2026,,S001,WH KLS JABABEKA
I100260627L051_S001,CDD BAK,4500000,0,0,0,550000,0,5050000,S001 - WH KLS JABABEKA,PT. HARI JAYA SEJAHTERA,6,LATE,29,37,27.07.2026,27.06.2026,01.07.2026,09.07.2026,14.07.2026,15.07.2026,30.07.2026,,S001,WH KLS JABABEKA
I100260627L052_S001,CDD BAK,4500000,0,0,0,650000,0,5150000,S001 - WH KLS JABABEKA,PT. HARI JAYA SEJAHTERA,6,LATE,29,36,28.07.2026,28.06.2026,01.07.2026,09.07.2026,14.07.2026,15.07.2026,30.07.2026,,S001,WH KLS JABABEKA
I100260627L052_S001,CDD BAK,4500000,0,0,0,650000,0,5150000,S001 - WH KLS JABABEKA,PT. HARI JAYA SEJAHTERA,6,LATE,29,36,28.07.2026,28.06.2026,01.07.2026,09.07.2026,14.07.2026,15.07.2026,30.07.2026,,S001,WH KLS JABABEKA
I100260627L053_S001,CDD BAK,5300000,0,0,0,1100000,0,6400000,S001 - WH KLS JABABEKA,PT. HARI JAYA SEJAHTERA,6,LATE,29,37,27.07.2026,27.06.2026,01.07.2026,09.07.2026,14.07.2026,15.07.2026,30.07.2026,,S001,WH KLS JABABEKA
I100260627L053_S001,CDD BAK,5300000,0,0,0,1100000,0,6400000,S001 - WH KLS JABABEKA,PT. HARI JAYA SEJAHTERA,6,LATE,29,37,27.07.2026,27.06.2026,01.07.2026,09.07.2026,14.07.2026,15.07.2026,30.07.2026,,S001,WH KLS JABABEKA
I100260627L053_S001,CDD BAK,5300000,0,0,0,1100000,0,6400000,S001 - WH KLS JABABEKA,PT. HARI JAYA SEJAHTERA,6,LATE,29,37,27.07.2026,27.06.2026,01.07.2026,09.07.2026,14.07.2026,15.07.2026,30.07.2026,,S001,WH KLS JABABEKA
I100260627L064_S001,CDE PICKUP,0,0,0,0,0,0,0,S001 - WH KLS JABABEKA,PT. MERPATI ALAM SEMESTA,1,LATE,1,37,29.06.2026,27.06.2026,,,,,,,S001,WH KLS JABABEKA
I100260627L068_S001,CDE PICKUP,808000,0,0,0,0,0,808000,S001 - WH KLS JABABEKA,PT. MERPATI ALAM SEMESTA,4,LATE,15,35,15.07.2026,29.06.2026,13.07.2026,23.07.2026,29.07.2026,,,,S001,WH KLS JABABEKA
I100260627L068_S001,CDE PICKUP,808000,0,0,0,0,0,808000,S001 - WH KLS JABABEKA,PT. MERPATI ALAM SEMESTA,4,LATE,15,35,15.07.2026,29.06.2026,13.07.2026,23.07.2026,29.07.2026,,,,S001,WH KLS JABABEKA
I100260627L069_S001,CDE PICKUP,255000,0,0,0,0,0,255000,S001 - WH KLS JABABEKA,PT. MERPATI ALAM SEMESTA,4,LATE,15,35,15.07.2026,29.06.2026,13.07.2026,23.07.2026,29.07.2026,,,,S001,WH KLS JABABEKA
I100260627L069_S001,CDE PICKUP,255000,0,0,0,0,0,255000,S001 - WH KLS JABABEKA,PT. MERPATI ALAM SEMESTA,4,LATE,15,35,15.07.2026,29.06.2026,13.07.2026,23.07.2026,29.07.2026,,,,S001,WH KLS JABABEKA
I100260627L070_S001,CDE PICKUP,162500,0,0,0,0,0,162500,S001 - WH KLS JABABEKA,PT. MERPATI ALAM SEMESTA,4,LATE,15,35,15.07.2026,29.06.2026,13.07.2026,23.07.2026,29.07.2026,,,,S001,WH KLS JABABEKA
I100260627L070_S001,CDE PICKUP,162500,0,0,0,0,0,162500,S001 - WH KLS JABABEKA,PT. MERPATI ALAM SEMESTA,4,LATE,15,35,15.07.2026,29.06.2026,13.07.2026,23.07.2026,29.07.2026,,,,S001,WH KLS JABABEKA
I100260627L071_S001,CDE PICKUP,0,0,0,0,0,0,0,S001 - WH KLS JABABEKA,PT. MERPATI ALAM SEMESTA,2,LATE,7,34,08.07.2026,30.06.2026,24.07.2026,,,,,,S001,WH KLS JABABEKA
I100260627L072_S001,CDE PICKUP,84000,0,0,0,0,0,84000,S001 - WH KLS JABABEKA,PT. MERPATI ALAM SEMESTA,2,LATE,7,35,07.07.2026,29.06.2026,,,,,,,S001,WH KLS JABABEKA
I100260627L072_S001,CDE PICKUP,84000,0,0,0,0,0,84000,S001 - WH KLS JABABEKA,PT. MERPATI ALAM SEMESTA,2,LATE,7,35,07.07.2026,29.06.2026,,,,,,,S001,WH KLS JABABEKA
I100260627L096_S001,TOWING,0,0,0,0,0,0,0,S001 - WH KLS JABABEKA,JASATAMA DIRGANTARA EXPRESS,2,LATE,7,35,07.07.2026,29.06.2026,02.07.2026,,,,,,S001,WH KLS JABABEKA
I100260627L108_S001,CDE PICKUP,2100000,0,0,0,0,0,2100000,S001 - WH KLS JABABEKA,PT. MERPATI ALAM SEMESTA,4,LATE,15,35,15.07.2026,29.06.2026,13.07.2026,23.07.2026,29.07.2026,,,,S001,WH KLS JABABEKA
I100260627L108_S001,CDE PICKUP,2100000,0,0,0,0,0,2100000,S001 - WH KLS JABABEKA,PT. MERPATI ALAM SEMESTA,4,LATE,15,35,15.07.2026,29.06.2026,13.07.2026,23.07.2026,29.07.2026,,,,S001,WH KLS JABABEKA
I100260627L109_S001,CDE PICKUP,48000,0,0,0,0,0,48000,S001 - WH KLS JABABEKA,PT. MERPATI ALAM SEMESTA,4,LATE,15,35,15.07.2026,29.06.2026,13.07.2026,23.07.2026,29.07.2026,,,,S001,WH KLS JABABEKA
I100260627L109_S001,CDE PICKUP,48000,0,0,0,0,0,48000,S001 - WH KLS JABABEKA,PT. MERPATI ALAM SEMESTA,4,LATE,15,35,15.07.2026,29.06.2026,13.07.2026,23.07.2026,29.07.2026,,,,S001,WH KLS JABABEKA
I100260627L110_S001,CDE PICKUP,50000,0,0,0,0,0,50000,S001 - WH KLS JABABEKA,PT. MERPATI ALAM SEMESTA,4,LATE,15,35,15.07.2026,29.06.2026,13.07.2026,23.07.2026,29.07.2026,,,,S001,WH KLS JABABEKA
I100260627L110_S001,CDE PICKUP,50000,0,0,0,0,0,50000,S001 - WH KLS JABABEKA,PT. MERPATI ALAM SEMESTA,4,LATE,15,35,15.07.2026,29.06.2026,13.07.2026,23.07.2026,29.07.2026,,,,S001,WH KLS JABABEKA
I100260627L111_S001,CDE PICKUP,345000,0,0,0,0,0,345000,S001 - WH KLS JABABEKA,PT. MERPATI ALAM SEMESTA,4,LATE,15,35,15.07.2026,29.06.2026,13.07.2026,23.07.2026,29.07.2026,,,,S001,WH KLS JABABEKA
I100260627L111_S001,CDE PICKUP,345000,0,0,0,0,0,345000,S001 - WH KLS JABABEKA,PT. MERPATI ALAM SEMESTA,4,LATE,15,35,15.07.2026,29.06.2026,13.07.2026,23.07.2026,29.07.2026,,,,S001,WH KLS JABABEKA
I100260627L112_S001,CDE PICKUP,50000,0,0,0,0,0,50000,S001 - WH KLS JABABEKA,PT. MERPATI ALAM SEMESTA,4,LATE,15,35,15.07.2026,29.06.2026,13.07.2026,23.07.2026,29.07.2026,,,,S001,WH KLS JABABEKA
I100260627L112_S001,CDE PICKUP,50000,0,0,0,0,0,50000,S001 - WH KLS JABABEKA,PT. MERPATI ALAM SEMESTA,4,LATE,15,35,15.07.2026,29.06.2026,13.07.2026,23.07.2026,29.07.2026,,,,S001,WH KLS JABABEKA
I100260627L113_S001,CDD,380000,0,0,0,0,0,380000,S001 - WH KLS JABABEKA,PT. MERPATI ALAM SEMESTA,4,LATE,15,35,15.07.2026,29.06.2026,13.07.2026,23.07.2026,29.07.2026,,,,S001,WH KLS JABABEKA
I100260627L113_S001,CDD,380000,0,0,0,0,0,380000,S001 - WH KLS JABABEKA,PT. MERPATI ALAM SEMESTA,4,LATE,15,35,15.07.2026,29.06.2026,13.07.2026,23.07.2026,29.07.2026,,,,S001,WH KLS JABABEKA
I100260627L114_S001,CDE PICKUP,50000,0,0,0,0,0,50000,S001 - WH KLS JABABEKA,PT. MERPATI ALAM SEMESTA,4,LATE,15,35,15.07.2026,29.06.2026,13.07.2026,23.07.2026,29.07.2026,,,,S001,WH KLS JABABEKA
I100260627L114_S001,CDE PICKUP,50000,0,0,0,0,0,50000,S001 - WH KLS JABABEKA,PT. MERPATI ALAM SEMESTA,4,LATE,15,35,15.07.2026,29.06.2026,13.07.2026,23.07.2026,29.07.2026,,,,S001,WH KLS JABABEKA
I100260627L117_S001,MINI VAN BOX,0,0,0,0,0,0,0,S001 - WH KLS JABABEKA,FIRST LOGISTICS,2,LATE,7,37,05.07.2026,27.06.2026,15.07.2026,,,,,,S001,WH KLS JABABEKA
I100260627L118_S001,MINI VAN BOX,0,0,0,0,0,0,0,S001 - WH KLS JABABEKA,FIRST LOGISTICS,2,LATE,7,35,07.07.2026,29.06.2026,15.07.2026,,,,,,S001,WH KLS JABABEKA
I100260627L119_S001,MINI VAN BOX,0,0,0,0,0,0,0,S001 - WH KLS JABABEKA,FIRST LOGISTICS,2,LATE,7,35,07.07.2026,29.06.2026,15.07.2026,,,,,,S001,WH KLS JABABEKA
I100260627L120_S001,MINI VAN BOX,0,0,0,0,0,0,0,S001 - WH KLS JABABEKA,FIRST LOGISTICS,2,LATE,7,35,07.07.2026,29.06.2026,24.07.2026,,,,,,S001,WH KLS JABABEKA
I100260627L121_S001,MINI VAN BOX,0,0,0,0,0,0,0,S001 - WH KLS JABABEKA,FIRST LOGISTICS,2,LATE,7,35,07.07.2026,29.06.2026,15.07.2026,,,,,,S001,WH KLS JABABEKA
I100260627L122_S001,MIN VAN OPS,0,0,0,0,0,0,0,S001 - WH KLS JABABEKA,FIRST LOGISTICS,2,LATE,7,35,07.07.2026,29.06.2026,15.07.2026,,,,,,S001,WH KLS JABABEKA
I100260627L124_S001,MINI VAN BOX,0,0,0,0,0,0,0,S001 - WH KLS JABABEKA,FIRST LOGISTICS,2,LATE,7,35,07.07.2026,29.06.2026,15.07.2026,,,,,,S001,WH KLS JABABEKA
I100260628L020_S001,CDD BAK,3800000,0,0,0,1100000,500000,5400000,S001 - WH KLS JABABEKA,PT. HARI JAYA SEJAHTERA,6,LATE,27,36,26.07.2026,28.06.2026,01.07.2026,16.07.2026,16.07.2026,22.07.2026,31.07.2026,,S001,WH KLS JABABEKA
I100260628L020_S001,CDD BAK,3800000,0,0,0,1100000,500000,5400000,S001 - WH KLS JABABEKA,PT. HARI JAYA SEJAHTERA,6,LATE,27,36,26.07.2026,28.06.2026,01.07.2026,16.07.2026,16.07.2026,22.07.2026,31.07.2026,,S001,WH KLS JABABEKA
I100260628L020_S001,CDD BAK,3800000,0,0,0,1100000,500000,5400000,S001 - WH KLS JABABEKA,PT. HARI JAYA SEJAHTERA,6,LATE,27,36,26.07.2026,28.06.2026,01.07.2026,16.07.2026,16.07.2026,22.07.2026,31.07.2026,,S001,WH KLS JABABEKA
I100260628L021_S001,CDD BAK,4000000,0,0,0,800000,0,4800000,S001 - WH KLS JABABEKA,PT. EKA CIPTA MANGGALA,6,LATE,27,36,26.07.2026,28.06.2026,01.07.2026,06.07.2026,08.07.2026,08.07.2026,08.07.2026,,S001,WH KLS JABABEKA
I100260628L021_S001,CDD BAK,4000000,0,0,0,800000,0,4800000,S001 - WH KLS JABABEKA,PT. EKA CIPTA MANGGALA,6,LATE,27,36,26.07.2026,28.06.2026,01.07.2026,06.07.2026,08.07.2026,08.07.2026,08.07.2026,,S001,WH KLS JABABEKA
I100260628L021_S001,CDD BAK,4000000,0,0,0,800000,0,4800000,S001 - WH KLS JABABEKA,PT. EKA CIPTA MANGGALA,6,LATE,27,36,26.07.2026,28.06.2026,01.07.2026,06.07.2026,08.07.2026,08.07.2026,08.07.2026,,S001,WH KLS JABABEKA
I100260628L021_S001,CDD BAK,4000000,0,0,0,800000,0,4800000,S001 - WH KLS JABABEKA,PT. EKA CIPTA MANGGALA,6,LATE,27,36,26.07.2026,28.06.2026,01.07.2026,06.07.2026,08.07.2026,08.07.2026,08.07.2026,,S001,WH KLS JABABEKA
I100260628L022_S001,CDD BAK,3800000,0,0,0,800000,350000,4950000,S001 - WH KLS JABABEKA,PT. HARI JAYA SEJAHTERA,6,LATE,28,36,27.07.2026,28.06.2026,01.07.2026,10.07.2026,14.07.2026,15.07.2026,30.07.2026,,S001,WH KLS JABABEKA
I100260628L022_S001,CDD BAK,3800000,0,0,0,800000,350000,4950000,S001 - WH KLS JABABEKA,PT. HARI JAYA SEJAHTERA,6,LATE,28,36,27.07.2026,28.06.2026,01.07.2026,10.07.2026,14.07.2026,15.07.2026,30.07.2026,,S001,WH KLS JABABEKA
I100260628L023_S001,CDD BAK,4100000,0,0,0,0,0,4100000,S001 - WH KLS JABABEKA,PT. EKA CIPTA MANGGALA,6,LATE,27,36,26.07.2026,28.06.2026,01.07.2026,06.07.2026,06.07.2026,08.07.2026,08.07.2026,,S001,WH KLS JABABEKA
I100260628L031_S001,TOWING LONG,0,0,0,0,0,0,0,S001 - WH KLS JABABEKA,JASATAMA DIRGANTARA EXPRESS,2,LATE,7,36,06.07.2026,28.06.2026,01.07.2026,,,,,,S001,WH KLS JABABEKA
I100260629L010_S001,FUSO LOSBAK,9000000,0,0,0,0,0,9000000,S001 - WH KLS JABABEKA,CV. BANGUN JASA TRANS,7,ON SCHEDULE,27,0,28.07.2026,30.06.2026,02.07.2026,03.07.2026,03.07.2026,06.07.2026,15.07.2026,,S001,WH KLS JABABEKA
I100260629L011_S001,CDD BAK,6900000,0,0,0,0,0,6900000,S001 - WH KLS JABABEKA,BINTANG SAMUDERA,7,ON SCHEDULE,29,0,29.07.2026,29.06.2026,05.07.2026,08.07.2026,08.07.2026,10.07.2026,10.07.2026,,S001,WH KLS JABABEKA
I100260629L012_S001,CDD BAK,4000000,0,0,0,800000,0,4800000,S001 - WH KLS JABABEKA,PT. EKA CIPTA MANGGALA,6,LATE,28,36,27.07.2026,28.06.2026,01.07.2026,06.07.2026,08.07.2026,08.07.2026,08.07.2026,,S001,WH KLS JABABEKA
I100260629L012_S001,CDD BAK,4000000,0,0,0,800000,0,4800000,S001 - WH KLS JABABEKA,PT. EKA CIPTA MANGGALA,6,LATE,28,36,27.07.2026,28.06.2026,01.07.2026,06.07.2026,08.07.2026,08.07.2026,08.07.2026,,S001,WH KLS JABABEKA
I100260629L012_S001,CDD BAK,4000000,0,0,0,800000,0,4800000,S001 - WH KLS JABABEKA,PT. EKA CIPTA MANGGALA,6,LATE,28,36,27.07.2026,28.06.2026,01.07.2026,06.07.2026,08.07.2026,08.07.2026,08.07.2026,,S001,WH KLS JABABEKA
I100260629L012_S001,CDD BAK,4000000,0,0,0,800000,0,4800000,S001 - WH KLS JABABEKA,PT. EKA CIPTA MANGGALA,6,LATE,28,36,27.07.2026,28.06.2026,01.07.2026,06.07.2026,08.07.2026,08.07.2026,08.07.2026,,S001,WH KLS JABABEKA
I100260629L033_S001,CDD PICK UP,0,0,0,0,0,0,0,S001 - WH KLS JABABEKA,PT. Nusantara Cargo Line,2,LATE,7,35,08.07.2026,30.06.2026,24.07.2026,,,,,,S001,WH KLS JABABEKA
I100260629L034_S001,CDD PICK UP,0,0,0,0,0,0,0,S001 - WH KLS JABABEKA,PT. Nusantara Cargo Line,2,LATE,7,35,08.07.2026,30.06.2026,02.08.2026,,,,,,S001,WH KLS JABABEKA
I100260629L035_S001,CDD PICK UP,0,0,0,0,0,0,0,S001 - WH KLS JABABEKA,PT. Nusantara Cargo Line,1,LATE,1,35,02.07.2026,30.06.2026,,,,,,,S001,WH KLS JABABEKA
I100260629L036_S001,CDD PICK UP,275000,0,0,0,0,0,275000,S001 - WH KLS JABABEKA,PT. Nusantara Cargo Line,6,LATE,27,35,28.07.2026,30.06.2026,13.07.2026,13.07.2026,14.07.2026,22.07.2026,22.07.2026,,S001,WH KLS JABABEKA
I100260629L036_S001,CDD PICK UP,275000,0,0,0,0,0,275000,S001 - WH KLS JABABEKA,PT. Nusantara Cargo Line,6,LATE,27,35,28.07.2026,30.06.2026,13.07.2026,13.07.2026,14.07.2026,22.07.2026,22.07.2026,,S001,WH KLS JABABEKA
I100260629L037_S001,CDD PICK UP,0,0,0,0,0,0,0,S001 - WH KLS JABABEKA,PT. Nusantara Cargo Line,1,LATE,1,35,02.07.2026,30.06.2026,,,,,,,S001,WH KLS JABABEKA
I100260629L038_S001,CDD PICK UP,325000,0,0,0,0,0,325000,S001 - WH KLS JABABEKA,PT. Nusantara Cargo Line,6,LATE,27,34,28.07.2026,30.06.2026,13.07.2026,28.07.2026,29.07.2026,31.07.2026,31.07.2026,,S001,WH KLS JABABEKA
I100260629L038_S001,CDD PICK UP,325000,0,0,0,0,0,325000,S001 - WH KLS JABABEKA,PT. Nusantara Cargo Line,6,LATE,27,34,28.07.2026,30.06.2026,13.07.2026,28.07.2026,29.07.2026,31.07.2026,31.07.2026,,S001,WH KLS JABABEKA
I100260629L039_S001,CDD PICK UP,940500,0,0,0,0,0,940500,S001 - WH KLS JABABEKA,PT. Nusantara Cargo Line,6,LATE,27,35,28.07.2026,30.06.2026,13.07.2026,13.07.2026,14.07.2026,22.07.2026,24.07.2026,,S001,WH KLS JABABEKA
I100260629L039_S001,CDD PICK UP,940500,0,0,0,0,0,940500,S001 - WH KLS JABABEKA,PT. Nusantara Cargo Line,6,LATE,27,35,28.07.2026,30.06.2026,13.07.2026,13.07.2026,14.07.2026,22.07.2026,24.07.2026,,S001,WH KLS JABABEKA
I100260629L040_S001,CDD PICK UP,0,0,0,0,0,0,0,S001 - WH KLS JABABEKA,PT. Nusantara Cargo Line,2,LATE,7,35,08.07.2026,30.06.2026,13.07.2026,,,,,,S001,WH KLS JABABEKA
I100260629L041_S001,CDD PICK UP,0,0,0,0,0,0,0,S001 - WH KLS JABABEKA,PT. Nusantara Cargo Line,1,LATE,1,35,02.07.2026,30.06.2026,,,,,,,S001,WH KLS JABABEKA
I100260629L046_S001,CONT-20,15500000,0,0,0,0,0,15500000,S001 - WH KLS JABABEKA,PT. SENTOSA PRIMA ABADI,2,LATE,20,35,21.07.2026,30.06.2026,15.07.2026,,,,,,S001,WH KLS JABABEKA
I100260629L048_S001,CDD BAK,3421969,0,0,0,1500000,0,4921969,S001 - WH KLS JABABEKA,PT. HARI JAYA TRANSPORTASI,6,LATE,28,35,28.07.2026,29.06.2026,02.07.2026,13.07.2026,14.07.2026,14.07.2026,14.07.2026,,S001,WH KLS JABABEKA
I100260629L048_S001,CDD BAK,3421969,0,0,0,1500000,0,4921969,S001 - WH KLS JABABEKA,PT. HARI JAYA TRANSPORTASI,6,LATE,28,35,28.07.2026,29.06.2026,02.07.2026,13.07.2026,14.07.2026,14.07.2026,14.07.2026,,S001,WH KLS JABABEKA
I100260629L048_S001,CDD BAK,3421969,0,0,0,1500000,0,4921969,S001 - WH KLS JABABEKA,PT. HARI JAYA TRANSPORTASI,6,LATE,28,35,28.07.2026,29.06.2026,02.07.2026,13.07.2026,14.07.2026,14.07.2026,14.07.2026,,S001,WH KLS JABABEKA
I100260629L048_S001,CDD BAK,3421969,0,0,0,1500000,0,4921969,S001 - WH KLS JABABEKA,PT. HARI JAYA TRANSPORTASI,6,LATE,28,35,28.07.2026,29.06.2026,02.07.2026,13.07.2026,14.07.2026,14.07.2026,14.07.2026,,S001,WH KLS JABABEKA
I100260629L048_S001,CDD BAK,3421969,0,0,0,1500000,0,4921969,S001 - WH KLS JABABEKA,PT. HARI JAYA TRANSPORTASI,6,LATE,28,35,28.07.2026,29.06.2026,02.07.2026,13.07.2026,14.07.2026,14.07.2026,14.07.2026,,S001,WH KLS JABABEKA
I100260629L048_S001,CDD BAK,3421969,0,0,0,1500000,0,4921969,S001 - WH KLS JABABEKA,PT. HARI JAYA TRANSPORTASI,6,LATE,28,35,28.07.2026,29.06.2026,02.07.2026,13.07.2026,14.07.2026,14.07.2026,14.07.2026,,S001,WH KLS JABABEKA
I100260629L048_S001,CDD BAK,3421969,0,0,0,1500000,0,4921969,S001 - WH KLS JABABEKA,PT. HARI JAYA TRANSPORTASI,6,LATE,28,35,28.07.2026,29.06.2026,02.07.2026,13.07.2026,14.07.2026,14.07.2026,14.07.2026,,S001,WH KLS JABABEKA
I100260629L048_S001,CDD BAK,3421969,0,0,0,1500000,0,4921969,S001 - WH KLS JABABEKA,PT. HARI JAYA TRANSPORTASI,6,LATE,28,35,28.07.2026,29.06.2026,02.07.2026,13.07.2026,14.07.2026,14.07.2026,14.07.2026,,S001,WH KLS JABABEKA
I100260629L049_S001,CDD BAK,11500000,0,0,0,2300000,0,13800000,S001 - WH KLS JABABEKA,BINTANG SAMUDERA,7,ON SCHEDULE,29,0,29.07.2026,29.06.2026,05.07.2026,15.07.2026,16.07.2026,16.07.2026,17.07.2026,,S001,WH KLS JABABEKA
I100260629L049_S001,CDD BAK,11500000,0,0,0,2300000,0,13800000,S001 - WH KLS JABABEKA,BINTANG SAMUDERA,7,ON SCHEDULE,29,0,29.07.2026,29.06.2026,05.07.2026,15.07.2026,16.07.2026,16.07.2026,17.07.2026,,S001,WH KLS JABABEKA
I100260629L049_S001,CDD BAK,11500000,0,0,0,2300000,0,13800000,S001 - WH KLS JABABEKA,BINTANG SAMUDERA,7,ON SCHEDULE,29,0,29.07.2026,29.06.2026,05.07.2026,15.07.2026,16.07.2026,16.07.2026,17.07.2026,,S001,WH KLS JABABEKA
I100260629L050_S001,CDD BAK,7500000,0,0,0,500000,0,8000000,S001 - WH KLS JABABEKA,PT. EKA CIPTA MANGGALA,6,LATE,30,34,31.07.2026,30.06.2026,04.07.2026,13.07.2026,14.07.2026,14.07.2026,14.07.2026,,S001,WH KLS JABABEKA
I100260629L050_S001,CDD BAK,7500000,0,0,0,500000,0,8000000,S001 - WH KLS JABABEKA,PT. EKA CIPTA MANGGALA,6,LATE,30,34,31.07.2026,30.06.2026,04.07.2026,13.07.2026,14.07.2026,14.07.2026,14.07.2026,,S001,WH KLS JABABEKA
I100260629L050_S001,CDD BAK,7500000,0,0,0,500000,0,8000000,S001 - WH KLS JABABEKA,PT. EKA CIPTA MANGGALA,6,LATE,30,34,31.07.2026,30.06.2026,04.07.2026,13.07.2026,14.07.2026,14.07.2026,14.07.2026,,S001,WH KLS JABABEKA
I100260629L052_S001,CDE PICKUP,1500000,0,0,0,0,0,1500000,S001 - WH KLS JABABEKA,PT. Nusantara Cargo Line,6,LATE,27,35,28.07.2026,30.06.2026,13.07.2026,23.07.2026,24.07.2026,27.07.2026,27.07.2026,,S001,WH KLS JABABEKA
I100260629L052_S001,CDE PICKUP,1500000,0,0,0,0,0,1500000,S001 - WH KLS JABABEKA,PT. Nusantara Cargo Line,6,LATE,27,35,28.07.2026,30.06.2026,13.07.2026,23.07.2026,24.07.2026,27.07.2026,27.07.2026,,S001,WH KLS JABABEKA
I100260629L052_S001,CDE PICKUP,1500000,0,0,0,0,0,1500000,S001 - WH KLS JABABEKA,PT. Nusantara Cargo Line,6,LATE,27,35,28.07.2026,30.06.2026,13.07.2026,23.07.2026,24.07.2026,27.07.2026,27.07.2026,,S001,WH KLS JABABEKA
I100260629L052_S001,CDE PICKUP,1500000,0,0,0,0,0,1500000,S001 - WH KLS JABABEKA,PT. Nusantara Cargo Line,6,LATE,27,35,28.07.2026,30.06.2026,13.07.2026,23.07.2026,24.07.2026,27.07.2026,27.07.2026,,S001,WH KLS JABABEKA
I100260629L052_S001,CDE PICKUP,1500000,0,0,0,0,0,1500000,S001 - WH KLS JABABEKA,PT. Nusantara Cargo Line,6,LATE,27,35,28.07.2026,30.06.2026,13.07.2026,23.07.2026,24.07.2026,27.07.2026,27.07.2026,,S001,WH KLS JABABEKA
I100260629L053_S001,CDE PICKUP,325000,0,0,0,0,0,325000,S001 - WH KLS JABABEKA,PT. Nusantara Cargo Line,6,LATE,27,35,28.07.2026,30.06.2026,13.07.2026,13.07.2026,14.07.2026,21.07.2026,21.07.2026,,S001,WH KLS JABABEKA
I100260629L053_S001,CDE PICKUP,325000,0,0,0,0,0,325000,S001 - WH KLS JABABEKA,PT. Nusantara Cargo Line,6,LATE,27,35,28.07.2026,30.06.2026,13.07.2026,13.07.2026,14.07.2026,21.07.2026,21.07.2026,,S001,WH KLS JABABEKA
I100260629L054_S001,CDE PICKUP,350000,0,0,0,0,0,350000,S001 - WH KLS JABABEKA,PT. Nusantara Cargo Line,6,LATE,27,35,28.07.2026,30.06.2026,13.07.2026,13.07.2026,14.07.2026,21.07.2026,21.07.2026,,S001,WH KLS JABABEKA
I100260629L054_S001,CDE PICKUP,350000,0,0,0,0,0,350000,S001 - WH KLS JABABEKA,PT. Nusantara Cargo Line,6,LATE,27,35,28.07.2026,30.06.2026,13.07.2026,13.07.2026,14.07.2026,21.07.2026,21.07.2026,,S001,WH KLS JABABEKA
I100260629L055_S001,CDE PICKUP,0,0,0,0,0,0,0,S001 - WH KLS JABABEKA,PT. Nusantara Cargo Line,1,LATE,1,35,02.07.2026,30.06.2026,,,,,,,S001,WH KLS JABABEKA
I100260629L056_S001,CDE LONG CHASSIS,0,0,0,0,0,0,0,S001 - WH KLS JABABEKA,PT. Nusantara Cargo Line,1,LATE,1,35,02.07.2026,30.06.2026,,,,,,,S001,WH KLS JABABEKA
I100260629L059_S001,CDD BAK,325000,0,0,0,0,0,325000,S001 - WH KLS JABABEKA,PT. Nusantara Cargo Line,6,LATE,27,34,28.07.2026,30.06.2026,13.07.2026,13.07.2026,14.07.2026,21.07.2026,21.07.2026,,S001,WH KLS JABABEKA
I100260629L059_S001,CDD BAK,325000,0,0,0,0,0,325000,S001 - WH KLS JABABEKA,PT. Nusantara Cargo Line,6,LATE,27,34,28.07.2026,30.06.2026,13.07.2026,13.07.2026,14.07.2026,21.07.2026,21.07.2026,,S001,WH KLS JABABEKA
I100260629L114_S001,CDD BAK,3700000,0,0,0,400000,0,4100000,S001 - WH KLS JABABEKA,PT. EKA CIPTA MANGGALA,6,LATE,28,35,28.07.2026,29.06.2026,02.07.2026,06.07.2026,08.07.2026,08.07.2026,08.07.2026,,S001,WH KLS JABABEKA
I100260629L114_S001,CDD BAK,3700000,0,0,0,400000,0,4100000,S001 - WH KLS JABABEKA,PT. EKA CIPTA MANGGALA,6,LATE,28,35,28.07.2026,29.06.2026,02.07.2026,06.07.2026,08.07.2026,08.07.2026,08.07.2026,,S001,WH KLS JABABEKA
I100260629L114_S001,CDD BAK,3700000,0,0,0,400000,0,4100000,S001 - WH KLS JABABEKA,PT. EKA CIPTA MANGGALA,6,LATE,28,35,28.07.2026,29.06.2026,02.07.2026,06.07.2026,08.07.2026,08.07.2026,08.07.2026,,S001,WH KLS JABABEKA
I100260629L119_S001,MINI VAN BOX,0,0,0,0,0,0,0,S001 - WH KLS JABABEKA,FIRST LOGISTICS,2,LATE,7,35,08.07.2026,30.06.2026,15.07.2026,,,,,,S001,WH KLS JABABEKA
I100260629L120_S001,MINI VAN BOX,0,0,0,0,0,0,0,S001 - WH KLS JABABEKA,FIRST LOGISTICS,2,LATE,7,35,08.07.2026,30.06.2026,15.07.2026,,,,,,S001,WH KLS JABABEKA
I100260629L121_S001,MINI VAN BOX,0,0,0,0,0,0,0,S001 - WH KLS JABABEKA,FIRST LOGISTICS,2,LATE,7,35,08.07.2026,30.06.2026,24.07.2026,,,,,,S001,WH KLS JABABEKA
I100260629L122_S001,MINI VAN BOX,0,0,0,0,0,0,0,S001 - WH KLS JABABEKA,FIRST LOGISTICS,2,LATE,7,35,08.07.2026,30.06.2026,15.07.2026,,,,,,S001,WH KLS JABABEKA
I100260629L125_S001,CDE PICKUP,350000,0,0,0,0,0,350000,S001 - WH KLS JABABEKA,PT. Nusantara Cargo Line,6,LATE,27,35,28.07.2026,30.06.2026,13.07.2026,13.07.2026,14.07.2026,22.07.2026,22.07.2026,,S001,WH KLS JABABEKA
I100260629L125_S001,CDE PICKUP,350000,0,0,0,0,0,350000,S001 - WH KLS JABABEKA,PT. Nusantara Cargo Line,6,LATE,27,35,28.07.2026,30.06.2026,13.07.2026,13.07.2026,14.07.2026,22.07.2026,22.07.2026,,S001,WH KLS JABABEKA
I100260629L127_S001,MINI VAN BOX,0,0,0,0,0,0,0,S001 - WH KLS JABABEKA,FIRST LOGISTICS,2,LATE,7,35,08.07.2026,30.06.2026,15.07.2026,,,,,,S001,WH KLS JABABEKA
I100260629L131_S001,CDE PICKUP,451000,0,0,0,0,0,451000,S001 - WH KLS JABABEKA,PT. Nusantara Cargo Line,6,LATE,27,34,28.07.2026,30.06.2026,13.07.2026,13.07.2026,14.07.2026,22.07.2026,22.07.2026,,S001,WH KLS JABABEKA
I100260629L131_S001,CDE PICKUP,451000,0,0,0,0,0,451000,S001 - WH KLS JABABEKA,PT. Nusantara Cargo Line,6,LATE,27,34,28.07.2026,30.06.2026,13.07.2026,13.07.2026,14.07.2026,22.07.2026,22.07.2026,,S001,WH KLS JABABEKA
I100260629L134_S001,MINI VAN BOX,0,0,0,0,0,0,0,S001 - WH KLS JABABEKA,FIRST LOGISTICS,2,LATE,7,34,08.07.2026,30.06.2026,15.07.2026,,,,,,S001,WH KLS JABABEKA
I100260629L135_S001,MINI VAN BOX,0,0,0,0,0,0,0,S001 - WH KLS JABABEKA,FIRST LOGISTICS,2,LATE,7,34,08.07.2026,30.06.2026,15.07.2026,,,,,,S001,WH KLS JABABEKA
I100260629L137_S001,CDE PICKUP,0,0,0,0,0,0,0,S001 - WH KLS JABABEKA,PT. Nusantara Cargo Line,1,LATE,1,34,02.07.2026,30.06.2026,,,,,,,S001,WH KLS JABABEKA
I100260629T017_S001,CONT-20,15400000,0,0,0,0,0,15400000,S001 - WH KLS JABABEKA,PT. SENTOSA PRIMA ABADI,2,LATE,18,35,19.07.2026,30.06.2026,15.07.2026,,,,,,S001,WH KLS JABABEKA
I100260630L025_S001,CONT-20,15300000,0,0,0,0,0,15300000,S001 - WH KLS JABABEKA,PT. SENTOSA PRIMA ABADI,2,LATE,20,34,21.07.2026,30.06.2026,15.07.2026,,,,,,S001,WH KLS JABABEKA
I100260630L026_S001,CDD BAK,6900000,0,0,0,0,0,6900000,S001 - WH KLS JABABEKA,BINTANG SAMUDERA,7,ON SCHEDULE,29,0,30.07.2026,30.06.2026,05.07.2026,10.07.2026,12.07.2026,13.07.2026,14.07.2026,,S001,WH KLS JABABEKA
I100260630L027_S001,CDD BAK,4100000,0,0,0,800000,0,4900000,S001 - WH KLS JABABEKA,PT. EKA CIPTA MANGGALA,6,LATE,27,34,28.07.2026,30.06.2026,02.07.2026,06.07.2026,08.07.2026,08.07.2026,08.07.2026,,S001,WH KLS JABABEKA
I100260630L027_S001,CDD BAK,4100000,0,0,0,800000,0,4900000,S001 - WH KLS JABABEKA,PT. EKA CIPTA MANGGALA,6,LATE,27,34,28.07.2026,30.06.2026,02.07.2026,06.07.2026,08.07.2026,08.07.2026,08.07.2026,,S001,WH KLS JABABEKA
I100260630L027_S001,CDD BAK,4100000,0,0,0,800000,0,4900000,S001 - WH KLS JABABEKA,PT. EKA CIPTA MANGGALA,6,LATE,27,34,28.07.2026,30.06.2026,02.07.2026,06.07.2026,08.07.2026,08.07.2026,08.07.2026,,S001,WH KLS JABABEKA
I100260630L027_S001,CDD BAK,4100000,0,0,0,800000,0,4900000,S001 - WH KLS JABABEKA,PT. EKA CIPTA MANGGALA,6,LATE,27,34,28.07.2026,30.06.2026,02.07.2026,06.07.2026,08.07.2026,08.07.2026,08.07.2026,,S001,WH KLS JABABEKA
I100260630T023_S001,WINGBOX,5650000,0,0,0,0,0,5650000,S001 - WH KLS JABABEKA,PT. DUTA MEDIA MANDIRI,6,LATE,29,34,30.07.2026,30.06.2026,04.07.2026,10.07.2026,10.07.2026,10.07.2026,10.07.2026,,S001,WH KLS JABABEKA
R100260226L003_A001,WINGBOX,0,0,0,0,0,0,0,A001 - WH AHI JABABEKA,PT. BINTANG SAMUDRA RAYA,2,LATE,22,53,04.07.2026,11.06.2026,11.06.2026,,,,,,A001,WH AHI JABABEKA
R100260227L103_A001,CDD LONG CHASSIS,4900000,0,0,0,0,0,4900000,A001 - WH AHI JABABEKA,PT.ORANG KREATIF EKSIS,2,LATE,8,55,18.06.2026,09.06.2026,10.06.2026,,,,,,A001,WH AHI JABABEKA
R100260307T021_A001,CONT-20,13800000,0,0,0,0,0,13800000,A001 - WH AHI JABABEKA,PT. SENTOSAPRIMA ABADI,7,ON SCHEDULE,39,0,25.07.2026,15.06.2026,16.06.2026,29.06.2026,29.06.2026,29.06.2026,29.06.2026,,A001,WH AHI JABABEKA
R100260327L123_A001,CDD LONG CHASSIS,3800000,0,0,0,400000,700000,4900000,A001 - WH AHI JABABEKA,PT. BINTANG SAMUDRA RAYA,7,ON SCHEDULE,28,0,14.07.2026,15.06.2026,16.06.2026,17.06.2026,17.06.2026,17.06.2026,25.06.2026,,A001,WH AHI JABABEKA
R100260327L125_A001,CDD LONG CHASSIS,4150000,0,0,0,400000,700000,5250000,A001 - WH AHI JABABEKA,PT. BINTANG SAMUDRA RAYA,7,ON SCHEDULE,28,0,11.07.2026,12.06.2026,12.06.2026,12.06.2026,14.06.2026,17.06.2026,25.06.2026,,A001,WH AHI JABABEKA
R100260330L001_A001,CONT-20,13950000,0,0,0,0,0,13950000,A001 - WH AHI JABABEKA,PT. SENTOSAPRIMA ABADI,6,LATE,39,49,25.07.2026,15.06.2026,16.06.2026,29.06.2026,29.06.2026,29.06.2026,17.07.2026,,A001,WH AHI JABABEKA
R100260330T088_A001,CONT-40,25600000,0,0,0,0,0,25600000,A001 - WH AHI JABABEKA,PT. SENTOSAPRIMA ABADI,7,ON SCHEDULE,39,0,25.07.2026,15.06.2026,16.06.2026,29.06.2026,29.06.2026,29.06.2026,29.06.2026,,A001,WH AHI JABABEKA
R100260412L015_A001,CONT-20,18100000,0,0,0,0,0,18100000,A001 - WH AHI JABABEKA,PT. TPIL LOGISTICS,6,LATE,43,53,25.07.2026,11.06.2026,11.06.2026,22.07.2026,23.07.2026,24.07.2026,24.07.2026,,A001,WH AHI JABABEKA
R100260412L024_A001,CDD LONG CHASSIS,1400000,0,0,0,0,0,1400000,A001 - WH AHI JABABEKA,PT. BINTANG SAMUDRA RAYA,7,ON SCHEDULE,28,0,10.07.2026,11.06.2026,12.06.2026,12.06.2026,13.06.2026,15.06.2026,15.06.2026,,A001,WH AHI JABABEKA
R100260415L050_A001,CDD LONG CHASSIS,3600000,0,0,0,300000,0,3900000,A001 - WH AHI JABABEKA,PT. BINTANG SAMUDRA RAYA,7,ON SCHEDULE,28,0,10.07.2026,11.06.2026,12.06.2026,12.06.2026,14.06.2026,15.06.2026,15.06.2026,,A001,WH AHI JABABEKA
R100260426L029_A001,FUSO,11500000,0,0,0,400000,0,11900000,A001 - WH AHI JABABEKA,PT. SATRIA PIRANTI PERKASA,7,ON SCHEDULE,31,0,13.07.2026,11.06.2026,12.06.2026,15.06.2026,15.06.2026,15.06.2026,15.06.2026,,A001,WH AHI JABABEKA
R100260430L056_A001,CDD LONG CHASSIS,4900000,0,0,0,300000,0,5200000,A001 - WH AHI JABABEKA,PT.ORANG KREATIF EKSIS,7,ON SCHEDULE,28,0,10.07.2026,11.06.2026,12.06.2026,12.06.2026,14.06.2026,24.06.2026,24.06.2026,,A001,WH AHI JABABEKA
R100260430T019_A001,CONT-20,15800000,0,0,0,0,0,15800000,A001 - WH AHI JABABEKA,PT. SENTOSAPRIMA ABADI,2,LATE,21,53,03.07.2026,11.06.2026,12.06.2026,,,,,,A001,WH AHI JABABEKA
R100260504T037_A001,CONT-20,3900000,0,0,0,0,0,3900000,A001 - WH AHI JABABEKA,PT. JATIM PETROLEUM TRANSPORT,2,LATE,10,53,22.06.2026,11.06.2026,12.06.2026,,,,,,A001,WH AHI JABABEKA
R100260506L033_A001,FUSO,19350000,0,0,0,0,0,19350000,A001 - WH AHI JABABEKA,PT. SATRIA PIRANTI PERKASA,7,ON SCHEDULE,41,0,23.07.2026,11.06.2026,12.06.2026,15.06.2026,15.06.2026,15.06.2026,15.06.2026,,A001,WH AHI JABABEKA
R100260507T023_A001,CONT-20,13900000,0,0,0,0,0,13900000,A001 - WH AHI JABABEKA,PT. WIDYA TRANS CARGO,7,ON SCHEDULE,40,0,22.07.2026,11.06.2026,12.06.2026,29.06.2026,29.06.2026,30.06.2026,30.06.2026,,A001,WH AHI JABABEKA
R100260508L024_A001,CDD LONG CHASSIS,1425000,0,1000000,0,100000,0,2525000,A001 - WH AHI JABABEKA,PT. DUTA MEDIA MANDIRI,7,ON SCHEDULE,28,0,10.07.2026,11.06.2026,12.06.2026,17.06.2026,19.06.2026,19.06.2026,23.06.2026,,A001,WH AHI JABABEKA
R100260509L074_A001,CONT-20,17000000,0,0,800000,0,0,17800000,A001 - WH AHI JABABEKA,PT. SARANA TRANS SUMATERA,6,LATE,39,52,22.07.2026,12.06.2026,14.06.2026,16.07.2026,16.07.2026,17.07.2026,17.07.2026,,A001,WH AHI JABABEKA
R100260512T025_A001,WINGBOX,5650000,0,0,0,0,0,5650000,A001 - WH AHI JABABEKA,PT. DUTA MEDIA MANDIRI,7,ON SCHEDULE,30,0,12.07.2026,11.06.2026,12.06.2026,17.06.2026,18.06.2026,19.06.2026,23.06.2026,,A001,WH AHI JABABEKA
R100260515L037_A001,CDD LONG CHASSIS,3600000,0,0,0,300000,0,3900000,A001 - WH AHI JABABEKA,PT. BINTANG SAMUDRA RAYA,7,ON SCHEDULE,28,0,10.07.2026,11.06.2026,12.06.2026,15.06.2026,15.06.2026,15.06.2026,15.06.2026,,A001,WH AHI JABABEKA
R100260516L049_A001,CDD LONG CHASSIS,1400000,0,0,0,0,0,1400000,A001 - WH AHI JABABEKA,PT. BINTANG SAMUDRA RAYA,7,ON SCHEDULE,28,0,10.07.2026,11.06.2026,12.06.2026,15.06.2026,15.06.2026,15.06.2026,15.06.2026,,A001,WH AHI JABABEKA
R100260516L050_A001,CDD LONG CHASSIS,1400000,0,0,0,0,0,1400000,A001 - WH AHI JABABEKA,PT. BINTANG SAMUDRA RAYA,7,ON SCHEDULE,28,0,10.07.2026,11.06.2026,12.06.2026,15.06.2026,15.06.2026,15.06.2026,15.06.2026,,A001,WH AHI JABABEKA
R100260516T007_A001,CONT-40,28100000,0,0,0,0,0,28100000,A001 - WH AHI JABABEKA,PT. MITRA INTERTRANS FORWARDING,2,LATE,19,60,24.06.2026,04.06.2026,10.06.2026,,,,,,A001,WH AHI JABABEKA
R100260518L047_A001,CDD LONG CHASSIS,2350000,0,0,0,0,0,2350000,A001 - WH AHI JABABEKA,PT. BINTANG SAMUDRA RAYA,7,ON SCHEDULE,28,0,08.07.2026,09.06.2026,14.06.2026,15.06.2026,15.06.2026,15.06.2026,15.06.2026,,A001,WH AHI JABABEKA
R100260519L014_A001,CDD LONG CHASSIS,4900000,0,0,0,0,0,4900000,A001 - WH AHI JABABEKA,PT.ORANG KREATIF EKSIS,7,ON SCHEDULE,28,0,10.07.2026,11.06.2026,12.06.2026,12.06.2026,13.06.2026,24.06.2026,24.06.2026,,A001,WH AHI JABABEKA
R100260519L015_A001,FUSO,11450000,0,0,0,0,0,11450000,A001 - WH AHI JABABEKA,PT LOGISTIK CANGGIH INDONESIA,7,ON SCHEDULE,31,0,13.07.2026,11.06.2026,11.06.2026,15.06.2026,15.06.2026,19.06.2026,24.06.2026,,A001,WH AHI JABABEKA
R100260520B003_A001,CDD LONG CHASSIS,1400000,0,0,0,0,0,1400000,A001 - WH AHI JABABEKA,PT. BINTANG SAMUDRA RAYA,7,ON SCHEDULE,26,0,12.07.2026,15.06.2026,16.06.2026,17.06.2026,17.06.2026,18.06.2026,14.07.2026,,A001,WH AHI JABABEKA
R100260520L053_A001,CDD LONG CHASSIS,5750000,0,0,0,290000,0,6040000,A001 - WH AHI JABABEKA,PT. DUTA LINTAS NUSA,5,LATE,22,52,05.07.2026,12.06.2026,14.06.2026,22.07.2026,23.07.2026,30.07.2026,,,A001,WH AHI JABABEKA
R100260520L079_A001,CONT-20,15600000,0,0,0,0,0,15600000,A001 - WH AHI JABABEKA,PT. MITRA INTERTRANS FORWARDING,6,LATE,42,55,22.07.2026,09.06.2026,11.06.2026,27.07.2026,28.07.2026,29.07.2026,29.07.2026,,A001,WH AHI JABABEKA
R100260520T014_A001,CONT-20,3900000,0,0,0,0,0,3900000,A001 - WH AHI JABABEKA,PT. JATIM PETROLEUM TRANSPORT,6,LATE,30,55,10.07.2026,09.06.2026,10.06.2026,10.06.2026,11.06.2026,07.07.2026,07.07.2026,,A001,WH AHI JABABEKA
R100260521T036_A001,CONT-40,27200000,0,0,0,0,0,27200000,A001 - WH AHI JABABEKA,PT. SENTOSAPRIMA ABADI,6,LATE,39,52,22.07.2026,12.06.2026,14.06.2026,13.07.2026,13.07.2026,14.07.2026,14.07.2026,,A001,WH AHI JABABEKA
R100260521T039_A001,CONT-20,3900000,0,0,0,0,0,3900000,A001 - WH AHI JABABEKA,PT. JATIM PETROLEUM TRANSPORT,6,LATE,30,52,13.07.2026,12.06.2026,14.06.2026,22.06.2026,24.06.2026,07.07.2026,07.07.2026,,A001,WH AHI JABABEKA
R100260522L027_A001,CONT-20,0,0,0,0,0,0,0,A001 - WH AHI JABABEKA,PT. TPIL LOGISTICS,2,LATE,22,52,05.07.2026,12.06.2026,19.06.2026,,,,,,A001,WH AHI JABABEKA
R100260522T050_A001,CONT-20,18100000,0,0,0,0,0,18100000,A001 - WH AHI JABABEKA,PT. TPIL LOGISTICS,2,LATE,26,55,06.07.2026,09.06.2026,10.06.2026,,,,,,A001,WH AHI JABABEKA
R100260523L065_A001,CDD LONG CHASSIS,3500000,0,0,0,0,0,3500000,A001 - WH AHI JABABEKA,PT. AGUNG MAKMUR JAYA,7,ON SCHEDULE,28,0,11.07.2026,12.06.2026,14.06.2026,15.06.2026,15.06.2026,17.06.2026,18.06.2026,,A001,WH AHI JABABEKA
R100260523L069_A001,CDD LONG CHASSIS,1500000,0,0,0,150000,0,1650000,A001 - WH AHI JABABEKA,PT.ORANG KREATIF EKSIS,7,ON SCHEDULE,28,0,11.07.2026,12.06.2026,14.06.2026,15.06.2026,15.06.2026,24.06.2026,24.06.2026,,A001,WH AHI JABABEKA
R100260523T012_A001,CONT-40,27300000,0,0,0,0,0,27300000,A001 - WH AHI JABABEKA,PT. TPIL LOGISTICS,2,LATE,19,58,26.06.2026,06.06.2026,10.06.2026,,,,,,A001,WH AHI JABABEKA
R100260524L067_A001,CDD LONG CHASSIS,1425000,0,0,0,0,0,1425000,A001 - WH AHI JABABEKA,PT. DUTA MEDIA MANDIRI,6,LATE,28,52,11.07.2026,12.06.2026,14.06.2026,17.06.2026,17.06.2026,18.06.2026,06.07.2026,,A001,WH AHI JABABEKA
R100260524L068_A001,CDD LONG CHASSIS,1600000,0,0,0,0,0,1600000,A001 - WH AHI JABABEKA,PT. AGUNG MAKMUR JAYA,7,ON SCHEDULE,28,0,02.07.2026,03.06.2026,04.06.2026,11.06.2026,12.06.2026,17.06.2026,18.06.2026,,A001,WH AHI JABABEKA
R100260525L036_A001,FUSO,20500000,0,0,0,300000,0,20800000,A001 - WH AHI JABABEKA,PT. SATRIA PIRANTI PERKASA,6,LATE,31,52,14.07.2026,12.06.2026,14.06.2026,09.07.2026,10.07.2026,10.07.2026,10.07.2026,,A001,WH AHI JABABEKA
R100260526B006_A001,CONT-20,0,0,0,0,0,0,0,A001 - WH AHI JABABEKA,PT. TPIL LOGISTICS,2,LATE,6,62,10.06.2026,03.06.2026,27.06.2026,,,,,,A001,WH AHI JABABEKA
R100260527L008_A001,FUSO,14750000,0,0,0,0,0,14750000,A001 - WH AHI JABABEKA,PT. SATRIA PIRANTI PERKASA,7,ON SCHEDULE,41,0,24.07.2026,12.06.2026,14.06.2026,15.06.2026,15.06.2026,24.06.2026,24.06.2026,,A001,WH AHI JABABEKA
R100260527T006_A001,CONT-40,8750000,0,0,0,0,0,8750000,A001 - WH AHI JABABEKA,PT. CIKARANG GERBANG SOLUSI,4,LATE,18,62,21.06.2026,02.06.2026,10.06.2026,21.07.2026,21.07.2026,21.07.2026,,,A001,WH AHI JABABEKA
R100260527T015_A001,WINGBOX,5600000,0,0,0,0,0,5600000,A001 - WH AHI JABABEKA,PT. BINTANG SAMUDRA RAYA,7,ON SCHEDULE,30,0,13.07.2026,12.06.2026,14.06.2026,15.06.2026,15.06.2026,15.06.2026,14.07.2026,,A001,WH AHI JABABEKA
R100260527T047_A001,CONT-40,27200000,0,0,0,0,0,27200000,A001 - WH AHI JABABEKA,PT. SENTOSAPRIMA ABADI,6,LATE,39,54,20.07.2026,10.06.2026,23.06.2026,13.07.2026,13.07.2026,14.07.2026,14.07.2026,,A001,WH AHI JABABEKA
R100260528T006_A001,CONT-20,3900000,0,0,0,0,0,3900000,A001 - WH AHI JABABEKA,PT. JATIM PETROLEUM TRANSPORT,6,LATE,30,62,03.07.2026,02.06.2026,05.06.2026,10.06.2026,11.06.2026,07.07.2026,07.07.2026,,A001,WH AHI JABABEKA
R100260528T044_A001,WINGBOX,5600000,0,0,0,0,0,5600000,A001 - WH AHI JABABEKA,PT. BINTANG SAMUDRA RAYA,7,ON SCHEDULE,30,0,02.07.2026,01.06.2026,09.06.2026,11.06.2026,11.06.2026,15.06.2026,18.06.2026,,A001,WH AHI JABABEKA
R100260528T045_A001,CONT-40,28000000,0,0,0,0,0,28000000,A001 - WH AHI JABABEKA,PT. TERATAI EMAS LOGISTINDO,6,LATE,39,52,22.07.2026,12.06.2026,02.07.2026,10.07.2026,10.07.2026,14.07.2026,17.07.2026,,A001,WH AHI JABABEKA
R100260529L014_A001,CONT-20,19500000,0,0,0,0,0,19500000,A001 - WH AHI JABABEKA,PT. CRIETA LOGISTIC,6,LATE,39,64,11.07.2026,01.06.2026,24.06.2026,13.07.2026,14.07.2026,14.07.2026,03.08.2026,,A001,WH AHI JABABEKA
R100260529L041_A001,CDD LONG CHASSIS,3500000,0,0,0,0,0,3500000,A001 - WH AHI JABABEKA,PT. AGUNG MAKMUR JAYA,7,ON SCHEDULE,28,0,01.07.2026,02.06.2026,05.06.2026,08.06.2026,08.06.2026,15.06.2026,15.06.2026,,A001,WH AHI JABABEKA
R100260529L053_A001,CONT-20,22900000,0,0,0,0,0,22900000,A001 - WH AHI JABABEKA,PT. TPIL LOGISTICS,2,LATE,23,63,25.06.2026,01.06.2026,27.06.2026,,,,,,A001,WH AHI JABABEKA
R100260529L056_A001,CONT-20,18100000,0,0,0,0,0,18100000,A001 - WH AHI JABABEKA,PT. TPIL LOGISTICS,2,LATE,23,64,25.06.2026,01.06.2026,19.06.2026,,,,,,A001,WH AHI JABABEKA
R100260529T027_A001,CONT-40,32000000,0,0,0,0,0,32000000,A001 - WH AHI JABABEKA,PT. DAYA EKA SAMUDERA JAKARTA,7,ON SCHEDULE,39,0,12.07.2026,02.06.2026,23.06.2026,30.06.2026,30.06.2026,30.06.2026,30.06.2026,,A001,WH AHI JABABEKA
R100260529T058_A001,CONT-40,32000000,0,0,0,0,0,32000000,A001 - WH AHI JABABEKA,PT. DAYA EKA SAMUDERA JAKARTA,7,ON SCHEDULE,39,0,12.07.2026,02.06.2026,23.06.2026,30.06.2026,30.06.2026,30.06.2026,30.06.2026,,A001,WH AHI JABABEKA
R100260530L030_A001,FUSO,3680000,0,0,0,0,0,3680000,A001 - WH AHI JABABEKA,PT.SIASAT CEPAT MUDA,7,ON SCHEDULE,28,0,17.07.2026,18.06.2026,24.06.2026,24.06.2026,24.06.2026,30.06.2026,02.07.2026,,A001,WH AHI JABABEKA
R100260530L061_A001,CONT-20,32300000,0,0,0,0,0,32300000,A001 - WH AHI JABABEKA,PT. TPIL LOGISTICS,2,LATE,27,61,02.07.2026,04.06.2026,23.06.2026,,,,,,A001,WH AHI JABABEKA
R100260530L062_A001,CDD LONG CHASSIS,4900000,0,0,0,0,0,4900000,A001 - WH AHI JABABEKA,PT.ORANG KREATIF EKSIS,7,ON SCHEDULE,28,0,01.07.2026,02.06.2026,03.06.2026,08.06.2026,08.06.2026,15.06.2026,15.06.2026,,A001,WH AHI JABABEKA
R100260530L068_A001,CONT-20,23900000,0,0,0,0,0,23900000,A001 - WH AHI JABABEKA,PT. TPIL LOGISTICS,2,LATE,21,63,23.06.2026,01.06.2026,18.06.2026,,,,,,A001,WH AHI JABABEKA
R100260530T007_A001,CONT-20,3900000,0,0,0,0,0,3900000,A001 - WH AHI JABABEKA,PT. JATIM PETROLEUM TRANSPORT,6,LATE,30,64,02.07.2026,01.06.2026,06.06.2026,12.06.2026,13.06.2026,07.07.2026,07.07.2026,,A001,WH AHI JABABEKA
R100260530T033_A001,CONT-20,15300000,0,0,0,0,0,15300000,A001 - WH AHI JABABEKA,PT. SENTOSAPRIMA ABADI,6,LATE,39,64,11.07.2026,01.06.2026,19.06.2026,13.07.2026,14.07.2026,24.07.2026,24.07.2026,,A001,WH AHI JABABEKA
R100260530T034_A001,CONT-20,15300000,0,0,500000,0,500000,16300000,A001 - WH AHI JABABEKA,PT. SENTOSAPRIMA ABADI,4,LATE,27,63,30.06.2026,02.06.2026,18.06.2026,17.07.2026,19.07.2026,20.07.2026,,,A001,WH AHI JABABEKA
R100260530T048_A001,CONT-40,8150000,0,0,0,0,0,8150000,A001 - WH AHI JABABEKA,PT. JATIM PETROLEUM TRANSPORT,6,LATE,30,62,03.07.2026,02.06.2026,09.06.2026,12.06.2026,13.06.2026,07.07.2026,07.07.2026,,A001,WH AHI JABABEKA
R100260531L009_A001,CDD LONG CHASSIS,1400000,0,0,0,0,0,1400000,A001 - WH AHI JABABEKA,PT. BINTANG SAMUDRA RAYA,7,ON SCHEDULE,28,0,02.07.2026,03.06.2026,05.06.2026,11.06.2026,11.06.2026,11.06.2026,12.06.2026,,A001,WH AHI JABABEKA
R100260531L011_A001,CDD LONG CHASSIS,1950000,0,0,0,200000,0,2150000,A001 - WH AHI JABABEKA,PT. BINTANG SAMUDRA RAYA,7,ON SCHEDULE,28,0,30.06.2026,01.06.2026,03.06.2026,18.06.2026,19.06.2026,19.06.2026,19.06.2026,,A001,WH AHI JABABEKA
R100260531L012_A001,CDD LONG CHASSIS,1700000,0,0,0,0,0,1700000,A001 - WH AHI JABABEKA,PT. ANTAR JARINGAN SEPANJANG JALAN,7,ON SCHEDULE,28,0,30.06.2026,01.06.2026,03.06.2026,03.06.2026,03.06.2026,17.06.2026,25.06.2026,,A001,WH AHI JABABEKA
R100260531L013_A001,CDD LONG CHASSIS,1750000,0,0,0,250000,0,2000000,A001 - WH AHI JABABEKA,PT. CATUR GLOBAL LOGISTIK,7,ON SCHEDULE,28,0,30.06.2026,01.06.2026,09.06.2026,17.06.2026,17.06.2026,18.06.2026,18.06.2026,,A001,WH AHI JABABEKA
R100260531L014_A001,CONT-20,17000000,0,0,0,0,0,17000000,A001 - WH AHI JABABEKA,PT. SARANA TRANS SUMATERA,6,LATE,39,63,12.07.2026,02.06.2026,19.06.2026,16.07.2026,16.07.2026,17.07.2026,17.07.2026,,A001,WH AHI JABABEKA
R100260531L017_A001,CDD LONG CHASSIS,1400000,0,0,0,0,0,1400000,A001 - WH AHI JABABEKA,PT. BINTANG SAMUDRA RAYA,7,ON SCHEDULE,28,0,30.06.2026,01.06.2026,03.06.2026,09.06.2026,10.06.2026,11.06.2026,12.06.2026,,A001,WH AHI JABABEKA
R100260531L018_A001,CDD LONG CHASSIS,1750000,0,0,0,100000,0,1850000,A001 - WH AHI JABABEKA,PT. DUTA MEDIA MANDIRI,7,ON SCHEDULE,28,0,30.06.2026,01.06.2026,02.06.2026,03.06.2026,04.06.2026,04.06.2026,04.06.2026,,A001,WH AHI JABABEKA
R100260531L019_A001,CDD LONG CHASSIS,1700000,0,0,0,0,0,1700000,A001 - WH AHI JABABEKA,PT. ANTAR JARINGAN SEPANJANG JALAN,7,ON SCHEDULE,28,0,30.06.2026,01.06.2026,03.06.2026,03.06.2026,03.06.2026,05.06.2026,05.06.2026,,A001,WH AHI JABABEKA
R100260531L020_A001,CDD LONG CHASSIS,1500000,0,0,0,150000,0,1650000,A001 - WH AHI JABABEKA,PT.ORANG KREATIF EKSIS,7,ON SCHEDULE,28,0,30.06.2026,01.06.2026,09.06.2026,12.06.2026,14.06.2026,02.07.2026,02.07.2026,,A001,WH AHI JABABEKA
R100260531L021_A001,CDD LONG CHASSIS,4900000,0,0,0,150000,0,5050000,A001 - WH AHI JABABEKA,PT.ORANG KREATIF EKSIS,7,ON SCHEDULE,28,0,30.06.2026,01.06.2026,04.06.2026,08.06.2026,09.06.2026,15.06.2026,15.06.2026,,A001,WH AHI JABABEKA
R100260531L022_A001,CDD LONG CHASSIS,2250000,0,0,0,400000,0,2650000,A001 - WH AHI JABABEKA,PT. BINTANG SAMUDRA RAYA,7,ON SCHEDULE,28,0,30.06.2026,01.06.2026,03.06.2026,18.06.2026,19.06.2026,19.06.2026,19.06.2026,,A001,WH AHI JABABEKA
R100260531L023_A001,CDD LONG CHASSIS,2250000,0,0,0,0,0,2250000,A001 - WH AHI JABABEKA,PT. BINTANG SAMUDRA RAYA,6,LATE,28,64,30.06.2026,01.06.2026,03.06.2026,13.07.2026,14.07.2026,14.07.2026,29.07.2026,,A001,WH AHI JABABEKA
R100260531L024_A001,CDD LONG CHASSIS,1400000,0,0,0,0,0,1400000,A001 - WH AHI JABABEKA,PT. BINTANG SAMUDRA RAYA,7,ON SCHEDULE,28,0,30.06.2026,01.06.2026,04.06.2026,09.06.2026,10.06.2026,11.06.2026,12.06.2026,,A001,WH AHI JABABEKA
R100260531L025_A001,CDD LONG CHASSIS,1400000,0,0,0,200000,0,1600000,A001 - WH AHI JABABEKA,PT. BINTANG SAMUDRA RAYA,7,ON SCHEDULE,27,0,29.06.2026,01.06.2026,03.06.2026,18.06.2026,19.06.2026,19.06.2026,19.06.2026,,A001,WH AHI JABABEKA
R100260531L026_A001,CDD LONG CHASSIS,1400000,0,0,0,200000,0,1600000,A001 - WH AHI JABABEKA,PT. BINTANG SAMUDRA RAYA,7,ON SCHEDULE,28,0,30.06.2026,01.06.2026,03.06.2026,23.06.2026,25.06.2026,29.06.2026,29.06.2026,,A001,WH AHI JABABEKA
R100260531T003_A001,WINGBOX,6500000,0,0,0,0,0,6500000,A001 - WH AHI JABABEKA,PT.AMANAH TRANSMULIA MANDIRI LOGISTIK,7,ON SCHEDULE,30,0,02.07.2026,01.06.2026,05.06.2026,09.06.2026,09.06.2026,10.06.2026,19.06.2026,,A001,WH AHI JABABEKA
R100260531T004_A001,WINGBOX,6600000,0,0,0,0,0,6600000,A001 - WH AHI JABABEKA,PT. JAYA MULYA ERALINDO,7,ON SCHEDULE,30,0,03.07.2026,02.06.2026,06.06.2026,22.06.2026,22.06.2026,24.06.2026,24.06.2026,,A001,WH AHI JABABEKA
R100260531T006_A001,CONT-20,3900000,0,0,0,0,0,3900000,A001 - WH AHI JABABEKA,PT. JATIM PETROLEUM TRANSPORT,6,LATE,30,63,02.07.2026,01.06.2026,09.06.2026,12.06.2026,13.06.2026,07.07.2026,07.07.2026,,A001,WH AHI JABABEKA
R100260531T007_A001,CONT-20,3900000,0,0,0,0,0,3900000,A001 - WH AHI JABABEKA,PT. JATIM PETROLEUM TRANSPORT,6,LATE,30,64,02.07.2026,01.06.2026,09.06.2026,12.06.2026,13.06.2026,07.07.2026,07.07.2026,,A001,WH AHI JABABEKA
R100260531T008_A001,CONT-40,28000000,0,0,0,0,0,28000000,A001 - WH AHI JABABEKA,PT. TERATAI EMAS LOGISTINDO,6,LATE,39,64,11.07.2026,01.06.2026,02.07.2026,10.07.2026,10.07.2026,20.07.2026,20.07.2026,,A001,WH AHI JABABEKA
R100260531T009_A001,CONT-20,3900000,0,0,0,0,0,3900000,A001 - WH AHI JABABEKA,PT. JATIM PETROLEUM TRANSPORT,6,LATE,30,63,02.07.2026,01.06.2026,09.06.2026,12.06.2026,13.06.2026,07.07.2026,07.07.2026,,A001,WH AHI JABABEKA
R100260531T010_A001,CONT-20,3900000,0,0,0,0,0,3900000,A001 - WH AHI JABABEKA,PT. JATIM PETROLEUM TRANSPORT,6,LATE,30,63,02.07.2026,01.06.2026,09.06.2026,12.06.2026,13.06.2026,07.07.2026,07.07.2026,,A001,WH AHI JABABEKA
R100260531T011_A001,CONT-20,3900000,0,0,0,0,0,3900000,A001 - WH AHI JABABEKA,PT. JATIM PETROLEUM TRANSPORT,6,LATE,30,63,02.07.2026,01.06.2026,09.06.2026,12.06.2026,13.06.2026,07.07.2026,07.07.2026,,A001,WH AHI JABABEKA
R100260531T012_A001,CONT-20,3900000,0,0,0,0,0,3900000,A001 - WH AHI JABABEKA,PT. JATIM PETROLEUM TRANSPORT,6,LATE,30,63,02.07.2026,01.06.2026,09.06.2026,12.06.2026,13.06.2026,07.07.2026,07.07.2026,,A001,WH AHI JABABEKA
R100260531T013_A001,CONT-20,3900000,0,0,0,0,0,3900000,A001 - WH AHI JABABEKA,PT. JATIM PETROLEUM TRANSPORT,6,LATE,30,61,04.07.2026,03.06.2026,10.06.2026,25.06.2026,26.06.2026,07.07.2026,07.07.2026,,A001,WH AHI JABABEKA
R100260531T015_A001,CONT-20,15550000,0,0,0,0,0,15550000,A001 - WH AHI JABABEKA,PT. TPIL LOGISTICS,2,LATE,20,61,25.06.2026,04.06.2026,16.06.2026,,,,,,A001,WH AHI JABABEKA
R100260601L006_A001,FUSO,15250000,0,0,0,250000,0,15500000,A001 - WH AHI JABABEKA,PT LOGISTIK CANGGIH INDONESIA,7,ON SCHEDULE,31,0,04.07.2026,02.06.2026,06.06.2026,24.06.2026,25.06.2026,26.06.2026,02.07.2026,,A001,WH AHI JABABEKA
R100260601L007_A001,FUSO,14750000,0,0,0,200000,0,14950000,A001 - WH AHI JABABEKA,PT. SATRIA PIRANTI PERKASA,7,ON SCHEDULE,41,0,15.07.2026,03.06.2026,09.06.2026,24.06.2026,25.06.2026,30.06.2026,30.06.2026,,A001,WH AHI JABABEKA
R100260601L008_A001,FUSO,14750000,0,0,0,400000,0,15150000,A001 - WH AHI JABABEKA,PT. SATRIA PIRANTI PERKASA,7,ON SCHEDULE,31,0,07.07.2026,05.06.2026,09.06.2026,24.06.2026,25.06.2026,30.06.2026,30.06.2026,,A001,WH AHI JABABEKA
R100260601L009_A001,FUSO,19350000,0,0,0,200000,0,19550000,A001 - WH AHI JABABEKA,PT. SATRIA PIRANTI PERKASA,7,ON SCHEDULE,41,0,14.07.2026,02.06.2026,09.06.2026,24.06.2026,25.06.2026,30.06.2026,30.06.2026,,A001,WH AHI JABABEKA
R100260601L010_A001,CONT-20,17200000,0,0,0,0,0,17200000,A001 - WH AHI JABABEKA,PT. SENTOSAPRIMA ABADI,6,LATE,41,63,13.07.2026,01.06.2026,19.06.2026,13.07.2026,14.07.2026,23.07.2026,23.07.2026,,A001,WH AHI JABABEKA
R100260601L011_A001,CONT-20,17200000,0,0,0,0,0,17200000,A001 - WH AHI JABABEKA,PT. SENTOSAPRIMA ABADI,6,LATE,41,62,15.07.2026,03.06.2026,19.06.2026,13.07.2026,14.07.2026,23.07.2026,23.07.2026,,A001,WH AHI JABABEKA
R100260601L012_A001,CONT-20,25700000,0,0,0,0,0,25700000,A001 - WH AHI JABABEKA,PT. TPIL LOGISTICS,2,LATE,29,61,04.07.2026,04.06.2026,25.06.2026,,,,,,A001,WH AHI JABABEKA
R100260601L013_A001,CONT-20,13300000,0,0,0,0,0,13300000,A001 - WH AHI JABABEKA,PT.BANGKA JAYA LINE,7,ON SCHEDULE,40,0,12.07.2026,01.06.2026,19.06.2026,02.07.2026,02.07.2026,03.07.2026,03.07.2026,,A001,WH AHI JABABEKA
R100260601L014_A001,FUSO,19550000,0,0,0,522000,0,20072000,A001 - WH AHI JABABEKA,PT. DUTA LINTAS NUSA,6,LATE,31,62,04.07.2026,02.06.2026,09.06.2026,08.07.2026,09.07.2026,21.07.2026,21.07.2026,,A001,WH AHI JABABEKA
R100260601L016_A001,CDD LONG CHASSIS,3325000,0,0,0,350000,0,3675000,A001 - WH AHI JABABEKA,PT. JEJE HARAPAN TRANSINDO,6,LATE,29,63,02.07.2026,02.06.2026,05.06.2026,15.07.2026,15.07.2026,20.07.2026,22.07.2026,,A001,WH AHI JABABEKA
R100260601L019_A001,CONT-20,19000000,0,0,0,0,0,19000000,A001 - WH AHI JABABEKA,PT. SENTOSAPRIMA ABADI,6,LATE,43,62,17.07.2026,03.06.2026,25.06.2026,13.07.2026,14.07.2026,23.07.2026,23.07.2026,,A001,WH AHI JABABEKA
R100260601L024_A001,CONT-20,17000000,0,0,0,0,0,17000000,A001 - WH AHI JABABEKA,PT. SARANA TRANS SUMATERA,6,LATE,39,62,12.07.2026,02.06.2026,19.06.2026,13.07.2026,13.07.2026,16.07.2026,16.07.2026,,A001,WH AHI JABABEKA
R100260601L025_A001,CONT-20,19200000,0,0,0,0,0,19200000,A001 - WH AHI JABABEKA,PT. SENTOSAPRIMA ABADI,6,LATE,41,62,14.07.2026,02.06.2026,25.06.2026,13.07.2026,14.07.2026,23.07.2026,23.07.2026,,A001,WH AHI JABABEKA
R100260601L029_A001,CDD LONG CHASSIS,3100000,0,0,0,400000,0,3500000,A001 - WH AHI JABABEKA,PT. BINTANG SAMUDRA RAYA,7,ON SCHEDULE,29,0,02.07.2026,02.06.2026,05.06.2026,24.06.2026,25.06.2026,29.06.2026,29.06.2026,,A001,WH AHI JABABEKA
R100260601L029_A001,CDD LONG CHASSIS,3100000,0,0,0,400000,0,3500000,A001 - WH AHI JABABEKA,PT. BINTANG SAMUDRA RAYA,7,ON SCHEDULE,29,0,02.07.2026,02.06.2026,05.06.2026,24.06.2026,25.06.2026,29.06.2026,29.06.2026,,A001,WH AHI JABABEKA
R100260601L030_A001,FUSO,12500000,0,350000,0,700000,0,13550000,A001 - WH AHI JABABEKA,PT.DHANESWARA EXPRES,7,ON SCHEDULE,31,0,04.07.2026,02.06.2026,09.06.2026,12.06.2026,14.06.2026,23.06.2026,23.06.2026,,A001,WH AHI JABABEKA
R100260601T001_A001,CONT-20,3900000,0,0,0,0,0,3900000,A001 - WH AHI JABABEKA,PT. JATIM PETROLEUM TRANSPORT,7,ON SCHEDULE,30,0,03.07.2026,02.06.2026,09.06.2026,12.06.2026,13.06.2026,30.06.2026,30.06.2026,,A001,WH AHI JABABEKA
R100260601T002_A001,CONT-20,3900000,0,0,0,0,0,3900000,A001 - WH AHI JABABEKA,PT. JATIM PETROLEUM TRANSPORT,7,ON SCHEDULE,30,0,03.07.2026,02.06.2026,09.06.2026,12.06.2026,13.06.2026,30.06.2026,30.06.2026,,A001,WH AHI JABABEKA
R100260601T003_A001,CONT-20,3900000,0,0,0,0,0,3900000,A001 - WH AHI JABABEKA,PT. JATIM PETROLEUM TRANSPORT,7,ON SCHEDULE,30,0,03.07.2026,02.06.2026,09.06.2026,12.06.2026,13.06.2026,30.06.2026,30.06.2026,,A001,WH AHI JABABEKA
R100260601T004_A001,CONT-20,3900000,0,0,0,0,0,3900000,A001 - WH AHI JABABEKA,PT. JATIM PETROLEUM TRANSPORT,7,ON SCHEDULE,30,0,03.07.2026,02.06.2026,09.06.2026,26.06.2026,26.06.2026,30.06.2026,30.06.2026,,A001,WH AHI JABABEKA
R100260601T005_A001,CONT-20,3900000,0,0,0,0,0,3900000,A001 - WH AHI JABABEKA,PT. JATIM PETROLEUM TRANSPORT,7,ON SCHEDULE,30,0,03.07.2026,02.06.2026,09.06.2026,12.06.2026,13.06.2026,30.06.2026,30.06.2026,,A001,WH AHI JABABEKA
R100260601T006_A001,CONT-20,3900000,0,0,0,0,0,3900000,A001 - WH AHI JABABEKA,PT. JATIM PETROLEUM TRANSPORT,7,ON SCHEDULE,30,0,03.07.2026,02.06.2026,09.06.2026,12.06.2026,13.06.2026,30.06.2026,30.06.2026,,A001,WH AHI JABABEKA
R100260601T007_A001,CONT-20,3900000,0,0,0,0,0,3900000,A001 - WH AHI JABABEKA,PT. JATIM PETROLEUM TRANSPORT,7,ON SCHEDULE,30,0,03.07.2026,02.06.2026,10.06.2026,12.06.2026,13.06.2026,30.06.2026,30.06.2026,,A001,WH AHI JABABEKA
R100260601T008_A001,CONT-20,3900000,0,0,0,0,0,3900000,A001 - WH AHI JABABEKA,PT. JATIM PETROLEUM TRANSPORT,7,ON SCHEDULE,30,0,05.07.2026,04.06.2026,09.06.2026,12.06.2026,13.06.2026,30.06.2026,30.06.2026,,A001,WH AHI JABABEKA
R100260601T009_A001,CONT-40,32000000,0,0,0,0,0,32000000,A001 - WH AHI JABABEKA,PT. DAYA EKA SAMUDERA JAKARTA,7,ON SCHEDULE,39,0,12.07.2026,02.06.2026,19.06.2026,30.06.2026,30.06.2026,30.06.2026,30.06.2026,,A001,WH AHI JABABEKA
R100260601T011_A001,WINGBOX,5650000,0,0,0,0,0,5650000,A001 - WH AHI JABABEKA,PT. DUTA MEDIA MANDIRI,7,ON SCHEDULE,30,0,05.07.2026,04.06.2026,09.06.2026,09.06.2026,10.06.2026,11.06.2026,12.06.2026,,A001,WH AHI JABABEKA
R100260601T012_A001,CONT-40,32000000,0,0,0,0,0,32000000,A001 - WH AHI JABABEKA,PT. DAYA EKA SAMUDERA JAKARTA,7,ON SCHEDULE,39,0,12.07.2026,02.06.2026,19.06.2026,30.06.2026,30.06.2026,30.06.2026,30.06.2026,,A001,WH AHI JABABEKA
R100260601T013_A001,CONT-40,32000000,0,0,0,0,0,32000000,A001 - WH AHI JABABEKA,PT. DAYA EKA SAMUDERA JAKARTA,7,ON SCHEDULE,39,0,12.07.2026,02.06.2026,19.06.2026,30.06.2026,30.06.2026,30.06.2026,30.06.2026,,A001,WH AHI JABABEKA
R100260601T014_A001,CONT-20,15800000,0,0,0,0,0,15800000,A001 - WH AHI JABABEKA,PT. SENTOSAPRIMA ABADI,6,LATE,41,62,14.07.2026,02.06.2026,19.06.2026,13.07.2026,14.07.2026,23.07.2026,23.07.2026,,A001,WH AHI JABABEKA
R100260601T016_A001,CONT-40,32000000,0,0,0,0,0,32000000,A001 - WH AHI JABABEKA,PT. DAYA EKA SAMUDERA JAKARTA,7,ON SCHEDULE,39,0,17.07.2026,07.06.2026,19.06.2026,30.06.2026,30.06.2026,30.06.2026,30.06.2026,,A001,WH AHI JABABEKA
R100260601T050_A001,CONT-20,3900000,0,0,0,0,0,3900000,A001 - WH AHI JABABEKA,PT. JATIM PETROLEUM TRANSPORT,7,ON SCHEDULE,30,0,03.07.2026,02.06.2026,17.06.2026,26.06.2026,26.06.2026,30.06.2026,30.06.2026,,A001,WH AHI JABABEKA
R100260601T051_A001,CONT-20,3900000,0,0,0,0,0,3900000,A001 - WH AHI JABABEKA,PT. JATIM PETROLEUM TRANSPORT,7,ON SCHEDULE,30,0,03.07.2026,02.06.2026,09.06.2026,12.06.2026,13.06.2026,30.06.2026,30.06.2026,,A001,WH AHI JABABEKA
R100260602L015_A001,CDD LONG CHASSIS,4900000,0,0,0,150000,0,5050000,A001 - WH AHI JABABEKA,PT.ORANG KREATIF EKSIS,7,ON SCHEDULE,28,0,02.07.2026,03.06.2026,06.06.2026,12.06.2026,14.06.2026,24.06.2026,24.06.2026,,A001,WH AHI JABABEKA
R100260602L016_A001,CONT-20,15800000,0,0,0,0,0,15800000,A001 - WH AHI JABABEKA,PT. SENTOSAPRIMA ABADI,6,LATE,42,61,16.07.2026,03.06.2026,19.06.2026,13.07.2026,13.07.2026,23.07.2026,23.07.2026,,A001,WH AHI JABABEKA
R100260602L023_A001,CONT-20,17000000,0,0,800000,0,0,17800000,A001 - WH AHI JABABEKA,PT. SARANA TRANS SUMATERA,6,LATE,39,61,14.07.2026,04.06.2026,19.06.2026,16.07.2026,16.07.2026,17.07.2026,17.07.2026,,A001,WH AHI JABABEKA
R100260602L024_A001,CDD LONG CHASSIS,2350000,0,0,0,0,0,2350000,A001 - WH AHI JABABEKA,PT. BINTANG SAMUDRA RAYA,7,ON SCHEDULE,28,0,06.07.2026,07.06.2026,09.06.2026,15.06.2026,15.06.2026,18.06.2026,14.07.2026,,A001,WH AHI JABABEKA
R100260602L029_A001,CONT-20,14900000,0,0,0,0,0,14900000,A001 - WH AHI JABABEKA,PT. MITRA INTERTRANS FORWARDING,2,LATE,18,61,22.06.2026,03.06.2026,19.06.2026,,,,,,A001,WH AHI JABABEKA
R100260602T003_A001,WINGBOX,6200000,0,0,0,0,0,6200000,A001 - WH AHI JABABEKA,PT. SATRIA PIRANTI PERKASA,7,ON SCHEDULE,30,0,04.07.2026,03.06.2026,06.06.2026,24.06.2026,24.06.2026,30.06.2026,30.06.2026,,A001,WH AHI JABABEKA
R100260602T004_A001,WINGBOX,7000000,0,0,0,0,0,7000000,A001 - WH AHI JABABEKA,PT. DUNIA EXPRESS TRANSINDO,6,LATE,30,61,04.07.2026,03.06.2026,09.06.2026,12.06.2026,12.06.2026,26.06.2026,08.07.2026,,A001,WH AHI JABABEKA
R100260602T005_A001,CONT-20,3900000,0,0,0,0,0,3900000,A001 - WH AHI JABABEKA,PT. JATIM PETROLEUM TRANSPORT,7,ON SCHEDULE,30,0,04.07.2026,03.06.2026,10.06.2026,26.06.2026,26.06.2026,30.06.2026,30.06.2026,,A001,WH AHI JABABEKA
R100260602T006_A001,CONT-20,3900000,0,0,0,0,0,3900000,A001 - WH AHI JABABEKA,PT. JATIM PETROLEUM TRANSPORT,7,ON SCHEDULE,30,0,04.07.2026,03.06.2026,09.06.2026,26.06.2026,26.06.2026,30.06.2026,30.06.2026,,A001,WH AHI JABABEKA
R100260602T007_A001,WINGBOX,6600000,0,0,0,0,0,6600000,A001 - WH AHI JABABEKA,PT. JAYA MULYA ERALINDO,7,ON SCHEDULE,30,0,06.07.2026,05.06.2026,09.06.2026,22.06.2026,22.06.2026,24.06.2026,24.06.2026,,A001,WH AHI JABABEKA
R100260602T008_A001,CONT-20,3900000,0,0,0,0,0,3900000,A001 - WH AHI JABABEKA,PT. JATIM PETROLEUM TRANSPORT,7,ON SCHEDULE,30,0,04.07.2026,03.06.2026,10.06.2026,26.06.2026,26.06.2026,30.06.2026,30.06.2026,,A001,WH AHI JABABEKA
R100260602T009_A001,CONT-20,3900000,0,0,0,0,0,3900000,A001 - WH AHI JABABEKA,PT. JATIM PETROLEUM TRANSPORT,7,ON SCHEDULE,30,0,04.07.2026,03.06.2026,10.06.2026,26.06.2026,26.06.2026,30.06.2026,30.06.2026,,A001,WH AHI JABABEKA
R100260602T010_A001,CONT-20,3900000,0,0,0,0,0,3900000,A001 - WH AHI JABABEKA,PT. JATIM PETROLEUM TRANSPORT,7,ON SCHEDULE,30,0,04.07.2026,03.06.2026,10.06.2026,26.06.2026,26.06.2026,30.06.2026,30.06.2026,,A001,WH AHI JABABEKA
R100260602T011_A001,CONT-40,32000000,0,0,0,0,0,32000000,A001 - WH AHI JABABEKA,PT. DAYA EKA SAMUDERA JAKARTA,6,LATE,39,61,13.07.2026,03.06.2026,23.06.2026,06.07.2026,06.07.2026,07.07.2026,07.07.2026,,A001,WH AHI JABABEKA
R100260602T013_A001,CONT-20,15500000,0,0,300000,0,0,15800000,A001 - WH AHI JABABEKA,PT. SENTOSAPRIMA ABADI,6,LATE,40,61,14.07.2026,03.06.2026,16.06.2026,20.07.2026,21.07.2026,22.07.2026,22.07.2026,,A001,WH AHI JABABEKA
R100260602T014_A001,WINGBOX,5650000,0,0,0,0,0,5650000,A001 - WH AHI JABABEKA,PT. DUTA MEDIA MANDIRI,7,ON SCHEDULE,30,0,06.07.2026,05.06.2026,09.06.2026,09.06.2026,10.06.2026,11.06.2026,12.06.2026,,A001,WH AHI JABABEKA
R100260602T028_A001,CONT-40,32000000,0,0,0,0,0,32000000,A001 - WH AHI JABABEKA,PT. DAYA EKA SAMUDERA JAKARTA,6,LATE,39,61,14.07.2026,04.06.2026,23.06.2026,06.07.2026,06.07.2026,07.07.2026,07.07.2026,,A001,WH AHI JABABEKA
R100260602T029_A001,CONT-20,20300000,0,0,0,0,0,20300000,A001 - WH AHI JABABEKA,PT. SARANA TRANS SUMATERA,6,LATE,47,61,21.07.2026,03.06.2026,23.06.2026,30.07.2026,30.07.2026,30.07.2026,30.07.2026,,A001,WH AHI JABABEKA
R100260602T053_A001,CONT-20,3900000,0,0,0,0,0,3900000,A001 - WH AHI JABABEKA,PT. JATIM PETROLEUM TRANSPORT,7,ON SCHEDULE,30,0,04.07.2026,03.06.2026,10.06.2026,26.06.2026,26.06.2026,01.07.2026,01.07.2026,,A001,WH AHI JABABEKA
R100260603L015_A001,FUSO,12500000,0,0,0,350000,100000,12950000,A001 - WH AHI JABABEKA,PT.DHANESWARA EXPRES,6,LATE,31,61,05.07.2026,03.06.2026,,17.07.2026,19.07.2026,27.07.2026,27.07.2026,,A001,WH AHI JABABEKA
R100260603L016_A001,FUSO,12500000,0,0,0,350000,0,12850000,A001 - WH AHI JABABEKA,PT.DHANESWARA EXPRES,7,ON SCHEDULE,31,0,05.07.2026,03.06.2026,09.06.2026,12.06.2026,14.06.2026,23.06.2026,23.06.2026,,A001,WH AHI JABABEKA
R100260603L017_A001,CONT-20,18500000,0,0,0,0,0,18500000,A001 - WH AHI JABABEKA,PT. TPIL LOGISTICS,2,LATE,22,61,26.06.2026,03.06.2026,19.06.2026,,,,,,A001,WH AHI JABABEKA
R100260603L018_A001,CDD LONG CHASSIS,4900000,0,0,0,150000,0,5050000,A001 - WH AHI JABABEKA,PT.ORANG KREATIF EKSIS,7,ON SCHEDULE,28,0,02.07.2026,03.06.2026,06.06.2026,12.06.2026,14.06.2026,24.06.2026,24.06.2026,,A001,WH AHI JABABEKA
R100260603L019_A001,FUSO,14950000,0,0,0,348000,0,15298000,A001 - WH AHI JABABEKA,PT. DUTA LINTAS NUSA,6,LATE,31,61,05.07.2026,03.06.2026,09.06.2026,30.06.2026,01.07.2026,21.07.2026,21.07.2026,,A001,WH AHI JABABEKA
R100260603L021_A001,CONT-20,33500000,0,0,0,0,0,33500000,A001 - WH AHI JABABEKA,PT. TPIL LOGISTICS,2,LATE,27,61,02.07.2026,04.06.2026,09.07.2026,,,,,,A001,WH AHI JABABEKA
R100260603L080_A001,CDD LONG CHASSIS,3500000,0,0,0,350000,0,3850000,A001 - WH AHI JABABEKA,PT. AGUNG MAKMUR JAYA,7,ON SCHEDULE,28,0,03.07.2026,04.06.2026,06.06.2026,15.06.2026,15.06.2026,17.06.2026,23.06.2026,,A001,WH AHI JABABEKA
R100260603L080_A001,CDD LONG CHASSIS,3500000,0,0,0,350000,0,3850000,A001 - WH AHI JABABEKA,PT. AGUNG MAKMUR JAYA,7,ON SCHEDULE,28,0,03.07.2026,04.06.2026,06.06.2026,15.06.2026,15.06.2026,17.06.2026,23.06.2026,,A001,WH AHI JABABEKA
R100260603L080_A001,CDD LONG CHASSIS,3500000,0,0,0,350000,0,3850000,A001 - WH AHI JABABEKA,PT. AGUNG MAKMUR JAYA,7,ON SCHEDULE,28,0,03.07.2026,04.06.2026,06.06.2026,15.06.2026,15.06.2026,17.06.2026,23.06.2026,,A001,WH AHI JABABEKA
R100260603L080_A001,CDD LONG CHASSIS,3500000,0,0,0,350000,0,3850000,A001 - WH AHI JABABEKA,PT. AGUNG MAKMUR JAYA,7,ON SCHEDULE,28,0,03.07.2026,04.06.2026,06.06.2026,15.06.2026,15.06.2026,17.06.2026,23.06.2026,,A001,WH AHI JABABEKA
R100260603L089_A001,CDD LONG CHASSIS,3500000,0,0,0,350000,0,3850000,A001 - WH AHI JABABEKA,PT. AGUNG MAKMUR JAYA,7,ON SCHEDULE,29,0,04.07.2026,04.06.2026,06.06.2026,15.06.2026,15.06.2026,17.06.2026,23.06.2026,,A001,WH AHI JABABEKA
R100260603L089_A001,CDD LONG CHASSIS,3500000,0,0,0,350000,0,3850000,A001 - WH AHI JABABEKA,PT. AGUNG MAKMUR JAYA,7,ON SCHEDULE,29,0,04.07.2026,04.06.2026,06.06.2026,15.06.2026,15.06.2026,17.06.2026,23.06.2026,,A001,WH AHI JABABEKA
R100260603L089_A001,CDD LONG CHASSIS,3500000,0,0,0,350000,0,3850000,A001 - WH AHI JABABEKA,PT. AGUNG MAKMUR JAYA,7,ON SCHEDULE,29,0,04.07.2026,04.06.2026,06.06.2026,15.06.2026,15.06.2026,17.06.2026,23.06.2026,,A001,WH AHI JABABEKA
R100260603L089_A001,CDD LONG CHASSIS,3500000,0,0,0,350000,0,3850000,A001 - WH AHI JABABEKA,PT. AGUNG MAKMUR JAYA,7,ON SCHEDULE,29,0,04.07.2026,04.06.2026,06.06.2026,15.06.2026,15.06.2026,17.06.2026,23.06.2026,,A001,WH AHI JABABEKA
R100260603T003_A001,CONT-40,8150000,0,0,0,0,0,8150000,A001 - WH AHI JABABEKA,PT. JATIM PETROLEUM TRANSPORT,7,ON SCHEDULE,30,0,04.07.2026,03.06.2026,14.06.2026,26.06.2026,27.06.2026,01.07.2026,01.07.2026,,A001,WH AHI JABABEKA
R100260603T004_A001,CONT-40,8150000,0,0,0,0,0,8150000,A001 - WH AHI JABABEKA,PT. JATIM PETROLEUM TRANSPORT,7,ON SCHEDULE,30,0,05.07.2026,04.06.2026,17.06.2026,26.06.2026,27.06.2026,01.07.2026,01.07.2026,,A001,WH AHI JABABEKA
R100260603T005_A001,CONT-20,3900000,0,0,0,0,0,3900000,A001 - WH AHI JABABEKA,PT. JATIM PETROLEUM TRANSPORT,4,LATE,18,60,24.06.2026,05.06.2026,23.06.2026,15.07.2026,16.07.2026,,,,A001,WH AHI JABABEKA
R100260603T006_A001,CONT-20,3900000,0,0,0,0,0,3900000,A001 - WH AHI JABABEKA,PT. JATIM PETROLEUM TRANSPORT,7,ON SCHEDULE,30,0,06.07.2026,05.06.2026,10.06.2026,26.06.2026,27.06.2026,01.07.2026,01.07.2026,,A001,WH AHI JABABEKA
R100260603T007_A001,CONT-20,3900000,0,0,0,0,0,3900000,A001 - WH AHI JABABEKA,PT. JATIM PETROLEUM TRANSPORT,7,ON SCHEDULE,30,0,06.07.2026,05.06.2026,10.06.2026,26.06.2026,27.06.2026,01.07.2026,01.07.2026,,A001,WH AHI JABABEKA
R100260603T008_A001,CONT-20,3900000,0,0,0,0,0,3900000,A001 - WH AHI JABABEKA,PT. JATIM PETROLEUM TRANSPORT,7,ON SCHEDULE,30,0,08.07.2026,07.06.2026,10.06.2026,26.06.2026,27.06.2026,01.07.2026,01.07.2026,,A001,WH AHI JABABEKA
R100260603T009_A001,WINGBOX,6200000,0,0,0,0,0,6200000,A001 - WH AHI JABABEKA,PT. SATRIA PIRANTI PERKASA,7,ON SCHEDULE,30,0,06.07.2026,05.06.2026,09.06.2026,24.06.2026,24.06.2026,30.06.2026,30.06.2026,,A001,WH AHI JABABEKA
R100260603T010_A001,CONT-40,28000000,0,0,0,0,0,28000000,A001 - WH AHI JABABEKA,PT. TERATAI EMAS LOGISTINDO,6,LATE,39,61,14.07.2026,04.06.2026,25.06.2026,10.07.2026,10.07.2026,16.07.2026,16.07.2026,,A001,WH AHI JABABEKA
R100260603T017_A001,CONT-20,15800000,0,0,0,0,0,15800000,A001 - WH AHI JABABEKA,PT. SENTOSAPRIMA ABADI,6,LATE,41,61,15.07.2026,03.06.2026,23.06.2026,13.07.2026,14.07.2026,23.07.2026,23.07.2026,,A001,WH AHI JABABEKA
R100260603T018_A001,WINGBOX,5600000,0,0,0,0,0,5600000,A001 - WH AHI JABABEKA,PT. BINTANG SAMUDRA RAYA,7,ON SCHEDULE,30,0,05.07.2026,04.06.2026,09.06.2026,15.06.2026,15.06.2026,18.06.2026,14.07.2026,,A001,WH AHI JABABEKA
R100260603T038_A001,CONT-20,0,0,0,0,0,0,0,A001 - WH AHI JABABEKA,PT. TPIL LOGISTICS,2,LATE,20,59,27.06.2026,06.06.2026,23.06.2026,,,,,,A001,WH AHI JABABEKA
R100260603T039_A001,CONT-40,28000000,0,0,0,0,0,28000000,A001 - WH AHI JABABEKA,PT. TERATAI EMAS LOGISTINDO,6,LATE,39,60,14.07.2026,04.06.2026,24.06.2026,10.07.2026,10.07.2026,16.07.2026,16.07.2026,,A001,WH AHI JABABEKA
R100260603T048_A001,CONT-20,0,0,0,0,0,0,0,A001 - WH AHI JABABEKA,PT. TPIL LOGISTICS,2,LATE,26,57,04.07.2026,07.06.2026,28.06.2026,,,,,,A001,WH AHI JABABEKA
R100260603T057_A001,WINGBOX,6700000,0,0,0,0,0,6700000,A001 - WH AHI JABABEKA,PT.DHANESWARA EXPRES,7,ON SCHEDULE,30,0,06.07.2026,05.06.2026,09.06.2026,18.06.2026,18.06.2026,23.06.2026,23.06.2026,,A001,WH AHI JABABEKA
R100260604L011_A001,CONT-20,15550000,0,0,0,0,0,15550000,A001 - WH AHI JABABEKA,PT. TPIL LOGISTICS,2,LATE,22,59,28.06.2026,05.06.2026,23.06.2026,,,,,,A001,WH AHI JABABEKA
R100260604L012_A001,CONT-20,17000000,0,0,0,0,0,17000000,A001 - WH AHI JABABEKA,PT. TPIL LOGISTICS,2,LATE,21,59,27.06.2026,05.06.2026,23.06.2026,,,,,,A001,WH AHI JABABEKA
R100260604L013_A001,FUSO,14750000,0,0,0,400000,0,15150000,A001 - WH AHI JABABEKA,PT. SATRIA PIRANTI PERKASA,7,ON SCHEDULE,41,0,16.07.2026,04.06.2026,09.06.2026,26.06.2026,26.06.2026,02.07.2026,02.07.2026,,A001,WH AHI JABABEKA
R100260604L022_A001,CDD LONG CHASSIS,3900000,0,0,0,400000,0,4300000,A001 - WH AHI JABABEKA,PT. BINTANG SAMUDRA RAYA,7,ON SCHEDULE,29,0,04.07.2026,04.06.2026,06.06.2026,24.06.2026,25.06.2026,29.06.2026,29.06.2026,,A001,WH AHI JABABEKA
R100260604L022_A001,CDD LONG CHASSIS,3900000,0,0,0,400000,0,4300000,A001 - WH AHI JABABEKA,PT. BINTANG SAMUDRA RAYA,7,ON SCHEDULE,29,0,04.07.2026,04.06.2026,06.06.2026,24.06.2026,25.06.2026,29.06.2026,29.06.2026,,A001,WH AHI JABABEKA
R100260604L027_A001,CONT-20,15300000,0,0,800000,0,0,16100000,A001 - WH AHI JABABEKA,PT. SENTOSAPRIMA ABADI,6,LATE,40,59,16.07.2026,05.06.2026,23.06.2026,13.07.2026,14.07.2026,24.07.2026,24.07.2026,,A001,WH AHI JABABEKA
R100260604L032_A001,CDD LONG CHASSIS,4900000,0,0,0,0,0,4900000,A001 - WH AHI JABABEKA,PT.ORANG KREATIF EKSIS,7,ON SCHEDULE,28,0,03.07.2026,04.06.2026,06.06.2026,12.06.2026,13.06.2026,02.07.2026,02.07.2026,,A001,WH AHI JABABEKA
R100260604L033_A001,CDD LONG CHASSIS,3100000,0,0,0,400000,0,3500000,A001 - WH AHI JABABEKA,PT. BINTANG SAMUDRA RAYA,7,ON SCHEDULE,29,0,05.07.2026,05.06.2026,09.06.2026,24.06.2026,25.06.2026,29.06.2026,29.06.2026,,A001,WH AHI JABABEKA
R100260604L033_A001,CDD LONG CHASSIS,3100000,0,0,0,400000,0,3500000,A001 - WH AHI JABABEKA,PT. BINTANG SAMUDRA RAYA,7,ON SCHEDULE,29,0,05.07.2026,05.06.2026,09.06.2026,24.06.2026,25.06.2026,29.06.2026,29.06.2026,,A001,WH AHI JABABEKA
R100260604L037_A001,FUSO,19350000,0,0,0,0,0,19350000,A001 - WH AHI JABABEKA,PT. SATRIA PIRANTI PERKASA,6,LATE,41,59,17.07.2026,05.06.2026,10.06.2026,02.07.2026,02.07.2026,10.07.2026,10.07.2026,,A001,WH AHI JABABEKA
R100260604L086_A001,CDD LONG CHASSIS,1600000,0,0,0,0,0,1600000,A001 - WH AHI JABABEKA,PT. BINTANG SAMUDRA RAYA,6,LATE,27,60,02.07.2026,04.06.2026,06.06.2026,23.07.2026,23.07.2026,23.07.2026,23.07.2026,,A001,WH AHI JABABEKA
R100260604L087_A001,CDD LONG CHASSIS,1600000,0,0,0,0,0,1600000,A001 - WH AHI JABABEKA,PT. BINTANG SAMUDRA RAYA,6,LATE,27,60,03.07.2026,05.06.2026,06.06.2026,23.07.2026,23.07.2026,23.07.2026,23.07.2026,,A001,WH AHI JABABEKA
R100260604T001_A001,CONT-40,8750000,0,0,0,0,0,8750000,A001 - WH AHI JABABEKA,PT. CIKARANG GERBANG SOLUSI,6,LATE,30,60,06.07.2026,05.06.2026,12.06.2026,26.06.2026,26.06.2026,21.07.2026,21.07.2026,,A001,WH AHI JABABEKA
R100260604T002_A001,WINGBOX,6200000,0,0,0,0,0,6200000,A001 - WH AHI JABABEKA,PT. SATRIA PIRANTI PERKASA,7,ON SCHEDULE,30,0,06.07.2026,05.06.2026,09.06.2026,24.06.2026,24.06.2026,30.06.2026,30.06.2026,,A001,WH AHI JABABEKA
R100260604T003_A001,CONT-20,3900000,0,0,0,0,0,3900000,A001 - WH AHI JABABEKA,PT. JATIM PETROLEUM TRANSPORT,7,ON SCHEDULE,30,0,06.07.2026,05.06.2026,10.06.2026,26.06.2026,27.06.2026,01.07.2026,01.07.2026,,A001,WH AHI JABABEKA
R100260604T004_A001,CONT-20,3900000,0,0,0,0,0,3900000,A001 - WH AHI JABABEKA,PT. JATIM PETROLEUM TRANSPORT,7,ON SCHEDULE,30,0,06.07.2026,05.06.2026,14.06.2026,26.06.2026,27.06.2026,01.07.2026,01.07.2026,,A001,WH AHI JABABEKA
R100260604T005_A001,CONT-20,3900000,0,0,0,0,0,3900000,A001 - WH AHI JABABEKA,PT. JATIM PETROLEUM TRANSPORT,7,ON SCHEDULE,30,0,06.07.2026,05.06.2026,14.06.2026,26.06.2026,27.06.2026,01.07.2026,01.07.2026,,A001,WH AHI JABABEKA
R100260604T006_A001,CONT-40,28000000,0,0,0,0,0,28000000,A001 - WH AHI JABABEKA,PT. TERATAI EMAS LOGISTINDO,6,LATE,39,60,14.07.2026,04.06.2026,25.06.2026,10.07.2026,10.07.2026,16.07.2026,16.07.2026,,A001,WH AHI JABABEKA
R100260604T015_A001,CONT-20,16100000,0,0,0,0,0,16100000,A001 - WH AHI JABABEKA,PT. TPIL LOGISTICS,2,LATE,16,57,24.06.2026,07.06.2026,23.06.2026,,,,,,A001,WH AHI JABABEKA
R100260604T026_A001,CONT-40,8500000,0,0,0,0,0,8500000,A001 - WH AHI JABABEKA,PT. DINOYO PUTRA MANDIRI,7,ON SCHEDULE,30,0,05.07.2026,04.06.2026,09.06.2026,09.06.2026,10.06.2026,15.06.2026,15.06.2026,,A001,WH AHI JABABEKA
R100260604T029_A001,CONT-40,28000000,0,0,0,0,0,28000000,A001 - WH AHI JABABEKA,PT. TERATAI EMAS LOGISTINDO,6,LATE,39,57,17.07.2026,07.06.2026,24.06.2026,10.07.2026,10.07.2026,20.07.2026,20.07.2026,,A001,WH AHI JABABEKA
R100260605L014_A001,FUSO,15250000,0,0,0,0,0,15250000,A001 - WH AHI JABABEKA,PT LOGISTIK CANGGIH INDONESIA,7,ON SCHEDULE,31,0,07.07.2026,05.06.2026,09.06.2026,24.06.2026,25.06.2026,26.06.2026,02.07.2026,,A001,WH AHI JABABEKA
R100260605L015_A001,CDD LONG CHASSIS,4900000,0,0,0,150000,0,5050000,A001 - WH AHI JABABEKA,PT.ORANG KREATIF EKSIS,7,ON SCHEDULE,28,0,04.07.2026,05.06.2026,09.06.2026,12.06.2026,14.06.2026,24.06.2026,24.06.2026,,A001,WH AHI JABABEKA
R100260605L016_A001,FUSO,19550000,0,0,0,522000,0,20072000,A001 - WH AHI JABABEKA,PT. DUTA LINTAS NUSA,6,LATE,31,59,08.07.2026,06.06.2026,14.06.2026,30.06.2026,30.06.2026,21.07.2026,21.07.2026,,A001,WH AHI JABABEKA
R100260605L025_A001,FUSO,14750000,0,0,0,200000,0,14950000,A001 - WH AHI JABABEKA,PT. SATRIA PIRANTI PERKASA,7,ON SCHEDULE,41,0,18.07.2026,06.06.2026,10.06.2026,24.06.2026,25.06.2026,30.06.2026,30.06.2026,,A001,WH AHI JABABEKA
R100260605L026_A001,CONT-20,17000000,0,0,0,0,0,17000000,A001 - WH AHI JABABEKA,PT. TPIL LOGISTICS,2,LATE,21,59,28.06.2026,06.06.2026,27.06.2026,,,,,,A001,WH AHI JABABEKA
R100260605L029_A001,FUSO,12500000,0,0,0,700000,0,13200000,A001 - WH AHI JABABEKA,PT.DHANESWARA EXPRES,7,ON SCHEDULE,31,0,09.07.2026,07.06.2026,11.06.2026,18.06.2026,19.06.2026,23.06.2026,23.06.2026,,A001,WH AHI JABABEKA
R100260605L030_A001,CONT-20,19300000,0,0,0,0,0,19300000,A001 - WH AHI JABABEKA,PT. TPIL LOGISTICS,2,LATE,26,58,03.07.2026,06.06.2026,19.06.2026,,,,,,A001,WH AHI JABABEKA
R100260605L031_A001,CDD LONG CHASSIS,3300000,0,0,0,600000,0,3900000,A001 - WH AHI JABABEKA,PT. JAYA MULYA ERALINDO,6,LATE,28,59,05.07.2026,06.06.2026,09.06.2026,10.07.2026,10.07.2026,13.07.2026,13.07.2026,,A001,WH AHI JABABEKA
R100260605L032_A001,CDD LONG CHASSIS,4900000,0,0,0,150000,0,5050000,A001 - WH AHI JABABEKA,PT.ORANG KREATIF EKSIS,7,ON SCHEDULE,28,0,05.07.2026,06.06.2026,09.06.2026,12.06.2026,14.06.2026,24.06.2026,24.06.2026,,A001,WH AHI JABABEKA
R100260605L033_A001,CONT-20,17000000,0,0,0,0,0,17000000,A001 - WH AHI JABABEKA,PT. TPIL LOGISTICS,2,LATE,21,57,29.06.2026,07.06.2026,29.06.2026,,,,,,A001,WH AHI JABABEKA
R100260605L034_A001,CONT-20,18100000,0,0,0,0,0,18100000,A001 - WH AHI JABABEKA,PT. TPIL LOGISTICS,2,LATE,23,59,30.06.2026,06.06.2026,19.06.2026,,,,,,A001,WH AHI JABABEKA
R100260605L035_A001,CONT-20,30500000,0,0,0,0,0,30500000,A001 - WH AHI JABABEKA,PT. CRIETA LOGISTIC,6,LATE,47,58,25.07.2026,07.06.2026,25.06.2026,14.07.2026,14.07.2026,14.07.2026,14.07.2026,,A001,WH AHI JABABEKA
R100260605L036_A001,CONT-20,17000000,0,0,0,0,0,17000000,A001 - WH AHI JABABEKA,PT. TPIL LOGISTICS,2,LATE,21,58,28.06.2026,06.06.2026,30.06.2026,,,,,,A001,WH AHI JABABEKA
R100260605L037_A001,FUSO,14750000,0,0,0,200000,0,14950000,A001 - WH AHI JABABEKA,PT. SATRIA PIRANTI PERKASA,7,ON SCHEDULE,41,0,18.07.2026,06.06.2026,10.06.2026,24.06.2026,25.06.2026,30.06.2026,30.06.2026,,A001,WH AHI JABABEKA
R100260605L038_A001,CONT-20,30500000,0,0,0,0,0,30500000,A001 - WH AHI JABABEKA,PT. CRIETA LOGISTIC,6,LATE,47,58,24.07.2026,06.06.2026,27.06.2026,14.07.2026,14.07.2026,14.07.2026,14.07.2026,,A001,WH AHI JABABEKA
R100260605L039_A001,CONT-20,25700000,0,0,0,0,0,25700000,A001 - WH AHI JABABEKA,PT. TPIL LOGISTICS,2,LATE,29,58,07.07.2026,07.06.2026,25.06.2026,,,,,,A001,WH AHI JABABEKA
R100260605L041_A001,CONT-20,17200000,0,0,0,0,0,17200000,A001 - WH AHI JABABEKA,PT. SENTOSAPRIMA ABADI,6,LATE,41,59,18.07.2026,06.06.2026,29.06.2026,13.07.2026,14.07.2026,23.07.2026,23.07.2026,,A001,WH AHI JABABEKA
R100260605L042_A001,CONT-20,17200000,0,0,0,0,0,17200000,A001 - WH AHI JABABEKA,PT. SENTOSAPRIMA ABADI,6,LATE,41,59,18.07.2026,06.06.2026,29.06.2026,13.07.2026,14.07.2026,23.07.2026,23.07.2026,,A001,WH AHI JABABEKA
R100260605L043_A001,WINGBOX,35000000,0,0,0,0,0,35000000,A001 - WH AHI JABABEKA,PT.ORANG KREATIF EKSIS,6,LATE,47,56,27.07.2026,09.06.2026,17.06.2026,30.06.2026,30.06.2026,08.07.2026,08.07.2026,,A001,WH AHI JABABEKA
R100260605L108_A001,CDD LONG CHASSIS,7500000,0,0,0,0,0,7500000,A001 - WH AHI JABABEKA,PT.ORANG KREATIF EKSIS,6,LATE,26,58,03.07.2026,06.06.2026,10.06.2026,26.06.2026,26.06.2026,08.07.2026,08.07.2026,,A001,WH AHI JABABEKA
R100260605T005_A001,CONT-40,8750000,0,0,0,0,0,8750000,A001 - WH AHI JABABEKA,PT. CIKARANG GERBANG SOLUSI,6,LATE,30,59,07.07.2026,06.06.2026,24.06.2026,23.07.2026,24.07.2026,24.07.2026,24.07.2026,,A001,WH AHI JABABEKA
R100260605T006_A001,CONT-40,8750000,0,0,0,0,0,8750000,A001 - WH AHI JABABEKA,PT. CIKARANG GERBANG SOLUSI,6,LATE,30,59,07.07.2026,06.06.2026,24.06.2026,23.07.2026,24.07.2026,24.07.2026,24.07.2026,,A001,WH AHI JABABEKA
R100260605T007_A001,WINGBOX,6600000,0,0,0,0,0,6600000,A001 - WH AHI JABABEKA,PT. JAYA MULYA ERALINDO,7,ON SCHEDULE,30,0,07.07.2026,06.06.2026,09.06.2026,22.06.2026,22.06.2026,24.06.2026,24.06.2026,,A001,WH AHI JABABEKA
R100260605T008_A001,WINGBOX,6600000,0,0,0,0,0,6600000,A001 - WH AHI JABABEKA,PT. JAYA MULYA ERALINDO,7,ON SCHEDULE,30,0,07.07.2026,06.06.2026,09.06.2026,22.06.2026,22.06.2026,24.06.2026,24.06.2026,,A001,WH AHI JABABEKA
R100260605T009_A001,WINGBOX,6600000,0,0,0,0,0,6600000,A001 - WH AHI JABABEKA,PT. JAYA MULYA ERALINDO,7,ON SCHEDULE,30,0,06.07.2026,05.06.2026,09.06.2026,22.06.2026,22.06.2026,24.06.2026,24.06.2026,,A001,WH AHI JABABEKA
R100260605T011_A001,WINGBOX,5650000,0,0,0,0,0,5650000,A001 - WH AHI JABABEKA,PT. DUTA MEDIA MANDIRI,6,LATE,30,59,07.07.2026,06.06.2026,09.06.2026,09.06.2026,10.06.2026,18.06.2026,06.07.2026,,A001,WH AHI JABABEKA
R100260605T012_A001,CONT-20,15800000,0,0,0,0,0,15800000,A001 - WH AHI JABABEKA,PT. SENTOSAPRIMA ABADI,6,LATE,41,59,17.07.2026,05.06.2026,24.06.2026,13.07.2026,14.07.2026,23.07.2026,23.07.2026,,A001,WH AHI JABABEKA
R100260605T032_A001,CONT-20,15600000,0,0,0,0,0,15600000,A001 - WH AHI JABABEKA,PT. MITRA INTERTRANS FORWARDING,6,LATE,40,59,16.07.2026,05.06.2026,23.06.2026,23.07.2026,23.07.2026,24.07.2026,24.07.2026,,A001,WH AHI JABABEKA
R100260605T033_A001,CONT-20,15000000,0,0,0,0,0,15000000,A001 - WH AHI JABABEKA,PT. TPIL LOGISTICS,2,LATE,19,57,27.06.2026,07.06.2026,29.06.2026,,,,,,A001,WH AHI JABABEKA
R100260605T034_A001,CONT-20,19700000,0,0,0,0,0,19700000,A001 - WH AHI JABABEKA,PT. MITRA INTERTRANS FORWARDING,2,LATE,26,58,03.07.2026,06.06.2026,02.07.2026,,,,,,A001,WH AHI JABABEKA
R100260605T035_A001,WINGBOX,5600000,0,0,0,0,0,5600000,A001 - WH AHI JABABEKA,PT. BINTANG SAMUDRA RAYA,7,ON SCHEDULE,30,0,08.07.2026,07.06.2026,10.06.2026,15.06.2026,15.06.2026,18.06.2026,14.07.2026,,A001,WH AHI JABABEKA
R100260605T036_A001,WINGBOX,5600000,0,0,0,0,0,5600000,A001 - WH AHI JABABEKA,PT. BINTANG SAMUDRA RAYA,7,ON SCHEDULE,30,0,08.07.2026,07.06.2026,10.06.2026,15.06.2026,15.06.2026,18.06.2026,14.07.2026,,A001,WH AHI JABABEKA
R100260605T037_A001,WINGBOX,6500000,0,0,0,0,0,6500000,A001 - WH AHI JABABEKA,PT.AMANAH TRANSMULIA MANDIRI LOGISTIK,7,ON SCHEDULE,30,0,07.07.2026,06.06.2026,09.06.2026,12.06.2026,12.06.2026,17.06.2026,18.06.2026,,A001,WH AHI JABABEKA
R100260605T038_A001,CONT-40,28000000,0,0,0,0,0,28000000,A001 - WH AHI JABABEKA,PT. TERATAI EMAS LOGISTINDO,6,LATE,39,58,16.07.2026,06.06.2026,29.06.2026,10.07.2026,10.07.2026,20.07.2026,20.07.2026,,A001,WH AHI JABABEKA
R100260605T040_A001,CONT-20,17550000,0,0,0,0,0,17550000,A001 - WH AHI JABABEKA,PT. MITRA INTERTRANS FORWARDING,6,LATE,41,59,18.07.2026,06.06.2026,24.06.2026,28.07.2026,28.07.2026,29.07.2026,29.07.2026,,A001,WH AHI JABABEKA
R100260606L003_A001,CONT-20,15000000,0,0,0,0,0,15000000,A001 - WH AHI JABABEKA,PT. TPIL LOGISTICS,2,LATE,19,58,27.06.2026,07.06.2026,03.07.2026,,,,,,A001,WH AHI JABABEKA
R100260606L005_A001,CDD LONG CHASSIS,2850000,0,0,0,0,0,2850000,A001 - WH AHI JABABEKA,PT. BINTANG SAMUDRA RAYA,7,ON SCHEDULE,28,0,05.07.2026,06.06.2026,09.06.2026,15.06.2026,15.06.2026,18.06.2026,14.07.2026,,A001,WH AHI JABABEKA
R100260606L006_A001,FUSO,3955000,0,0,0,0,0,3955000,A001 - WH AHI JABABEKA,PT. DUTA MEDIA MANDIRI,7,ON SCHEDULE,29,0,07.07.2026,07.06.2026,09.06.2026,09.06.2026,10.06.2026,11.06.2026,12.06.2026,,A001,WH AHI JABABEKA
R100260606L007_A001,CDD LONG CHASSIS,3900000,0,0,0,400000,0,4300000,A001 - WH AHI JABABEKA,PT. BINTANG SAMUDRA RAYA,7,ON SCHEDULE,29,0,06.07.2026,06.06.2026,09.06.2026,24.06.2026,25.06.2026,29.06.2026,10.07.2026,,A001,WH AHI JABABEKA
R100260606L007_A001,CDD LONG CHASSIS,3900000,0,0,0,400000,0,4300000,A001 - WH AHI JABABEKA,PT. BINTANG SAMUDRA RAYA,7,ON SCHEDULE,29,0,06.07.2026,06.06.2026,09.06.2026,24.06.2026,25.06.2026,29.06.2026,10.07.2026,,A001,WH AHI JABABEKA
R100260606L008_A001,CDD LONG CHASSIS,2350000,0,600000,0,0,0,2950000,A001 - WH AHI JABABEKA,PT. BINTANG SAMUDRA RAYA,6,LATE,28,55,08.07.2026,09.06.2026,02.07.2026,17.07.2026,19.07.2026,20.07.2026,20.07.2026,,A001,WH AHI JABABEKA
R100260606L010_A001,CONT-20,17000000,0,0,0,0,0,17000000,A001 - WH AHI JABABEKA,PT. TPIL LOGISTICS,2,LATE,21,58,29.06.2026,07.06.2026,27.06.2026,,,,,,A001,WH AHI JABABEKA
R100260606L011_A001,FUSO,12500000,0,0,0,700000,0,13200000,A001 - WH AHI JABABEKA,PT.DHANESWARA EXPRES,6,LATE,31,57,09.07.2026,07.06.2026,11.06.2026,26.06.2026,26.06.2026,09.07.2026,09.07.2026,,A001,WH AHI JABABEKA
R100260606L016_A001,CDD LONG CHASSIS,1400000,0,0,0,0,0,1400000,A001 - WH AHI JABABEKA,PT. BINTANG SAMUDRA RAYA,7,ON SCHEDULE,28,0,06.07.2026,07.06.2026,09.06.2026,15.06.2026,15.06.2026,18.06.2026,14.07.2026,,A001,WH AHI JABABEKA
R100260606L017_A001,CDD LONG CHASSIS,1950000,0,0,0,200000,0,2150000,A001 - WH AHI JABABEKA,PT. BINTANG SAMUDRA RAYA,7,ON SCHEDULE,28,0,06.07.2026,07.06.2026,09.06.2026,24.06.2026,25.06.2026,29.06.2026,29.06.2026,,A001,WH AHI JABABEKA
R100260606L017_A001,CDD LONG CHASSIS,1950000,0,0,0,200000,0,2150000,A001 - WH AHI JABABEKA,PT. BINTANG SAMUDRA RAYA,7,ON SCHEDULE,28,0,06.07.2026,07.06.2026,09.06.2026,24.06.2026,25.06.2026,29.06.2026,29.06.2026,,A001,WH AHI JABABEKA
R100260606L018_A001,CDD LONG CHASSIS,1725000,0,0,0,400000,0,2125000,A001 - WH AHI JABABEKA,PT. BINTANG SAMUDRA RAYA,7,ON SCHEDULE,28,0,06.07.2026,07.06.2026,09.06.2026,24.06.2026,25.06.2026,29.06.2026,10.07.2026,,A001,WH AHI JABABEKA
R100260606L018_A001,CDD LONG CHASSIS,1725000,0,0,0,400000,0,2125000,A001 - WH AHI JABABEKA,PT. BINTANG SAMUDRA RAYA,7,ON SCHEDULE,28,0,06.07.2026,07.06.2026,09.06.2026,24.06.2026,25.06.2026,29.06.2026,10.07.2026,,A001,WH AHI JABABEKA
R100260606L019_A001,CDD LONG CHASSIS,2250000,0,0,0,300000,0,2550000,A001 - WH AHI JABABEKA,PT. BINTANG SAMUDRA RAYA,7,ON SCHEDULE,28,0,06.07.2026,07.06.2026,09.06.2026,24.06.2026,25.06.2026,29.06.2026,10.07.2026,,A001,WH AHI JABABEKA
R100260606L019_A001,CDD LONG CHASSIS,2250000,0,0,0,300000,0,2550000,A001 - WH AHI JABABEKA,PT. BINTANG SAMUDRA RAYA,7,ON SCHEDULE,28,0,06.07.2026,07.06.2026,09.06.2026,24.06.2026,25.06.2026,29.06.2026,10.07.2026,,A001,WH AHI JABABEKA
R100260606L021_A001,CDD LONG CHASSIS,1400000,0,0,0,200000,0,1600000,A001 - WH AHI JABABEKA,PT. BINTANG SAMUDRA RAYA,7,ON SCHEDULE,28,0,06.07.2026,07.06.2026,09.06.2026,24.06.2026,25.06.2026,29.06.2026,10.07.2026,,A001,WH AHI JABABEKA
R100260606L021_A001,CDD LONG CHASSIS,1400000,0,0,0,200000,0,1600000,A001 - WH AHI JABABEKA,PT. BINTANG SAMUDRA RAYA,7,ON SCHEDULE,28,0,06.07.2026,07.06.2026,09.06.2026,24.06.2026,25.06.2026,29.06.2026,10.07.2026,,A001,WH AHI JABABEKA
R100260606L022_A001,CDD LONG CHASSIS,1600000,0,0,0,0,0,1600000,A001 - WH AHI JABABEKA,PT. SATRIA PIRANTI PERKASA,7,ON SCHEDULE,27,0,05.07.2026,07.06.2026,09.06.2026,24.06.2026,24.06.2026,30.06.2026,30.06.2026,,A001,WH AHI JABABEKA
R100260606L023_A001,CDD LONG CHASSIS,1600000,0,0,0,0,0,1600000,A001 - WH AHI JABABEKA,PT. SATRIA PIRANTI PERKASA,7,ON SCHEDULE,27,0,05.07.2026,07.06.2026,09.06.2026,24.06.2026,24.06.2026,30.06.2026,30.06.2026,,A001,WH AHI JABABEKA
R100260606L024_A001,CDD LONG CHASSIS,1400000,0,0,0,200000,0,1600000,A001 - WH AHI JABABEKA,PT. BINTANG SAMUDRA RAYA,7,ON SCHEDULE,28,0,06.07.2026,07.06.2026,09.06.2026,24.06.2026,25.06.2026,29.06.2026,10.07.2026,,A001,WH AHI JABABEKA
R100260606L024_A001,CDD LONG CHASSIS,1400000,0,0,0,200000,0,1600000,A001 - WH AHI JABABEKA,PT. BINTANG SAMUDRA RAYA,7,ON SCHEDULE,28,0,06.07.2026,07.06.2026,09.06.2026,24.06.2026,25.06.2026,29.06.2026,10.07.2026,,A001,WH AHI JABABEKA
R100260606L025_A001,CDD LONG CHASSIS,1400000,0,0,0,200000,0,1600000,A001 - WH AHI JABABEKA,PT. BINTANG SAMUDRA RAYA,7,ON SCHEDULE,28,0,06.07.2026,07.06.2026,09.06.2026,24.06.2026,25.06.2026,29.06.2026,10.07.2026,,A001,WH AHI JABABEKA
R100260606L025_A001,CDD LONG CHASSIS,1400000,0,0,0,200000,0,1600000,A001 - WH AHI JABABEKA,PT. BINTANG SAMUDRA RAYA,7,ON SCHEDULE,28,0,06.07.2026,07.06.2026,09.06.2026,24.06.2026,25.06.2026,29.06.2026,10.07.2026,,A001,WH AHI JABABEKA
R100260606L026_A001,CDD LONG CHASSIS,1400000,0,0,0,200000,0,1600000,A001 - WH AHI JABABEKA,PT. BINTANG SAMUDRA RAYA,7,ON SCHEDULE,29,0,07.07.2026,07.06.2026,09.06.2026,24.06.2026,25.06.2026,29.06.2026,10.07.2026,,A001,WH AHI JABABEKA
R100260606L026_A001,CDD LONG CHASSIS,1400000,0,0,0,200000,0,1600000,A001 - WH AHI JABABEKA,PT. BINTANG SAMUDRA RAYA,7,ON SCHEDULE,29,0,07.07.2026,07.06.2026,09.06.2026,24.06.2026,25.06.2026,29.06.2026,10.07.2026,,A001,WH AHI JABABEKA
R100260606L027_A001,CDD LONG CHASSIS,1400000,0,0,0,0,0,1400000,A001 - WH AHI JABABEKA,PT. BINTANG SAMUDRA RAYA,7,ON SCHEDULE,28,0,06.07.2026,07.06.2026,09.06.2026,15.06.2026,15.06.2026,02.07.2026,06.07.2026,,A001,WH AHI JABABEKA
R100260606L074_A001,CDD LONG CHASSIS,7500000,0,0,0,0,0,7500000,A001 - WH AHI JABABEKA,PT.ORANG KREATIF EKSIS,6,LATE,26,58,03.07.2026,06.06.2026,24.06.2026,16.07.2026,16.07.2026,23.07.2026,23.07.2026,,A001,WH AHI JABABEKA
R100260606T008_A001,CONT-20,3900000,0,0,0,0,0,3900000,A001 - WH AHI JABABEKA,PT. JATIM PETROLEUM TRANSPORT,7,ON SCHEDULE,30,0,07.07.2026,06.06.2026,14.06.2026,26.06.2026,27.06.2026,01.07.2026,01.07.2026,,A001,WH AHI JABABEKA
R100260606T009_A001,CONT-20,3900000,0,0,0,0,0,3900000,A001 - WH AHI JABABEKA,PT. JATIM PETROLEUM TRANSPORT,7,ON SCHEDULE,30,0,07.07.2026,06.06.2026,14.06.2026,26.06.2026,27.06.2026,01.07.2026,01.07.2026,,A001,WH AHI JABABEKA
R100260606T010_A001,CONT-20,3900000,0,0,0,0,0,3900000,A001 - WH AHI JABABEKA,PT. JATIM PETROLEUM TRANSPORT,7,ON SCHEDULE,30,0,08.07.2026,07.06.2026,17.06.2026,26.06.2026,27.06.2026,01.07.2026,01.07.2026,,A001,WH AHI JABABEKA
R100260606T011_A001,CONT-20,3900000,0,0,0,0,0,3900000,A001 - WH AHI JABABEKA,PT. JATIM PETROLEUM TRANSPORT,7,ON SCHEDULE,30,0,08.07.2026,07.06.2026,17.06.2026,26.06.2026,27.06.2026,01.07.2026,01.07.2026,,A001,WH AHI JABABEKA
R100260606T013_A001,CONT-40,27300000,0,0,0,0,0,27300000,A001 - WH AHI JABABEKA,PT. TPIL LOGISTICS,2,LATE,19,57,27.06.2026,07.06.2026,23.06.2026,,,,,,A001,WH AHI JABABEKA
R100260606T014_A001,WINGBOX,5600000,0,0,0,0,0,5600000,A001 - WH AHI JABABEKA,PT. BINTANG SAMUDRA RAYA,7,ON SCHEDULE,30,0,08.07.2026,07.06.2026,10.06.2026,15.06.2026,15.06.2026,18.06.2026,14.07.2026,,A001,WH AHI JABABEKA
R100260606T037_A001,CONT-40,28000000,0,0,0,0,0,28000000,A001 - WH AHI JABABEKA,PT. TERATAI EMAS LOGISTINDO,6,LATE,39,57,17.07.2026,07.06.2026,24.06.2026,10.07.2026,10.07.2026,14.07.2026,17.07.2026,,A001,WH AHI JABABEKA
R100260606T040_A001,CONT-40,28000000,0,0,0,0,0,28000000,A001 - WH AHI JABABEKA,PT. TERATAI EMAS LOGISTINDO,6,LATE,39,57,17.07.2026,07.06.2026,25.06.2026,10.07.2026,10.07.2026,14.07.2026,17.07.2026,,A001,WH AHI JABABEKA
R100260606T041_A001,CONT-20,3900000,0,0,0,0,0,3900000,A001 - WH AHI JABABEKA,PT. JATIM PETROLEUM TRANSPORT,7,ON SCHEDULE,30,0,08.07.2026,07.06.2026,17.06.2026,26.06.2026,27.06.2026,01.07.2026,01.07.2026,,A001,WH AHI JABABEKA
R100260606T047_A001,CONT-40,8500000,0,0,0,0,0,8500000,A001 - WH AHI JABABEKA,PT. DINOYO PUTRA MANDIRI,7,ON SCHEDULE,30,0,07.07.2026,06.06.2026,09.06.2026,09.06.2026,10.06.2026,15.06.2026,15.06.2026,,A001,WH AHI JABABEKA
R100260607L009_A001,CONT-20,20300000,0,0,600000,0,0,20900000,A001 - WH AHI JABABEKA,PT. PAUS BIRU LOGISTIK,6,LATE,42,55,22.07.2026,09.06.2026,29.06.2026,13.07.2026,14.07.2026,15.07.2026,17.07.2026,,A001,WH AHI JABABEKA
R100260607L010_A001,CONT-20,17900000,0,0,0,0,0,17900000,A001 - WH AHI JABABEKA,PT. SILKARGO INDONESIA,7,ON SCHEDULE,42,0,20.07.2026,07.06.2026,23.06.2026,29.06.2026,29.06.2026,30.06.2026,30.06.2026,,A001,WH AHI JABABEKA
R100260607L011_A001,CDD LONG CHASSIS,1700000,0,0,0,0,0,1700000,A001 - WH AHI JABABEKA,PT. ANTAR JARINGAN SEPANJANG JALAN,7,ON SCHEDULE,28,0,06.07.2026,07.06.2026,09.06.2026,11.06.2026,11.06.2026,17.06.2026,17.06.2026,,A001,WH AHI JABABEKA
R100260607L012_A001,CDD LONG CHASSIS,1700000,0,0,0,150000,0,1850000,A001 - WH AHI JABABEKA,PT. ANTAR JARINGAN SEPANJANG JALAN,7,ON SCHEDULE,28,0,06.07.2026,07.06.2026,09.06.2026,11.06.2026,11.06.2026,17.06.2026,17.06.2026,,A001,WH AHI JABABEKA
R100260607L013_A001,FUSO,14950000,0,0,0,348000,0,15298000,A001 - WH AHI JABABEKA,PT. DUTA LINTAS NUSA,6,LATE,41,56,21.07.2026,09.06.2026,17.06.2026,30.06.2026,01.07.2026,21.07.2026,21.07.2026,,A001,WH AHI JABABEKA
R100260607L014_A001,FUSO,11450000,0,0,0,0,0,11450000,A001 - WH AHI JABABEKA,PT LOGISTIK CANGGIH INDONESIA,7,ON SCHEDULE,41,0,21.07.2026,09.06.2026,13.06.2026,24.06.2026,25.06.2026,26.06.2026,02.07.2026,,A001,WH AHI JABABEKA
R100260607L015_A001,CONT-20,26220000,0,0,0,0,0,26220000,A001 - WH AHI JABABEKA,PT KAMADJAJA LOGISTICS,7,ON SCHEDULE,41,0,19.07.2026,07.06.2026,26.06.2026,02.07.2026,02.07.2026,02.07.2026,02.07.2026,,A001,WH AHI JABABEKA
R100260607L016_A001,CONT-20,17900000,0,0,0,0,0,17900000,A001 - WH AHI JABABEKA,PT. SILKARGO INDONESIA,7,ON SCHEDULE,42,0,20.07.2026,07.06.2026,19.06.2026,29.06.2026,29.06.2026,01.07.2026,01.07.2026,,A001,WH AHI JABABEKA
R100260607L017_A001,CONT-20,23600000,0,0,0,0,0,23600000,A001 - WH AHI JABABEKA,PT. PAUS BIRU LOGISTIK,6,LATE,42,56,22.07.2026,09.06.2026,29.06.2026,13.07.2026,14.07.2026,15.07.2026,17.07.2026,,A001,WH AHI JABABEKA
R100260607L018_A001,CONT-20,20500000,0,0,0,0,0,20500000,A001 - WH AHI JABABEKA,PT. PAUS BIRU LOGISTIK,6,LATE,46,56,26.07.2026,09.06.2026,30.06.2026,13.07.2026,14.07.2026,20.07.2026,22.07.2026,,A001,WH AHI JABABEKA
R100260607L019_A001,CONT-20,25700000,0,0,0,0,0,25700000,A001 - WH AHI JABABEKA,PT. TPIL LOGISTICS,2,LATE,29,56,09.07.2026,09.06.2026,03.07.2026,,,,,,A001,WH AHI JABABEKA
R100260607L020_A001,CDD LONG CHASSIS,3500000,0,0,0,500000,0,4000000,A001 - WH AHI JABABEKA,PT. AGUNG MAKMUR JAYA,7,ON SCHEDULE,28,0,07.07.2026,08.06.2026,10.06.2026,15.06.2026,15.06.2026,17.06.2026,23.06.2026,,A001,WH AHI JABABEKA
R100260607L020_A001,CDD LONG CHASSIS,3500000,0,0,0,500000,0,4000000,A001 - WH AHI JABABEKA,PT. AGUNG MAKMUR JAYA,7,ON SCHEDULE,28,0,07.07.2026,08.06.2026,10.06.2026,15.06.2026,15.06.2026,17.06.2026,23.06.2026,,A001,WH AHI JABABEKA
R100260607L020_A001,CDD LONG CHASSIS,3500000,0,0,0,500000,0,4000000,A001 - WH AHI JABABEKA,PT. AGUNG MAKMUR JAYA,7,ON SCHEDULE,28,0,07.07.2026,08.06.2026,10.06.2026,15.06.2026,15.06.2026,17.06.2026,23.06.2026,,A001,WH AHI JABABEKA
R100260607L020_A001,CDD LONG CHASSIS,3500000,0,0,0,500000,0,4000000,A001 - WH AHI JABABEKA,PT. AGUNG MAKMUR JAYA,7,ON SCHEDULE,28,0,07.07.2026,08.06.2026,10.06.2026,15.06.2026,15.06.2026,17.06.2026,23.06.2026,,A001,WH AHI JABABEKA
R100260607L021_A001,CDD LONG CHASSIS,3100000,0,0,0,400000,0,3500000,A001 - WH AHI JABABEKA,PT. BINTANG SAMUDRA RAYA,7,ON SCHEDULE,29,0,08.07.2026,08.06.2026,10.06.2026,24.06.2026,25.06.2026,29.06.2026,10.07.2026,,A001,WH AHI JABABEKA
R100260607L021_A001,CDD LONG CHASSIS,3100000,0,0,0,400000,0,3500000,A001 - WH AHI JABABEKA,PT. BINTANG SAMUDRA RAYA,7,ON SCHEDULE,29,0,08.07.2026,08.06.2026,10.06.2026,24.06.2026,25.06.2026,29.06.2026,10.07.2026,,A001,WH AHI JABABEKA
R100260607L022_A001,CDD LONG CHASSIS,1400000,0,0,0,200000,0,1600000,A001 - WH AHI JABABEKA,PT. BINTANG SAMUDRA RAYA,7,ON SCHEDULE,28,0,07.07.2026,08.06.2026,09.06.2026,24.06.2026,25.06.2026,29.06.2026,10.07.2026,,A001,WH AHI JABABEKA
R100260607L022_A001,CDD LONG CHASSIS,1400000,0,0,0,200000,0,1600000,A001 - WH AHI JABABEKA,PT. BINTANG SAMUDRA RAYA,7,ON SCHEDULE,28,0,07.07.2026,08.06.2026,09.06.2026,24.06.2026,25.06.2026,29.06.2026,10.07.2026,,A001,WH AHI JABABEKA
R100260607L022_A001,CDD LONG CHASSIS,1400000,0,0,0,200000,0,1600000,A001 - WH AHI JABABEKA,PT. BINTANG SAMUDRA RAYA,7,ON SCHEDULE,28,0,07.07.2026,08.06.2026,09.06.2026,24.06.2026,25.06.2026,29.06.2026,10.07.2026,,A001,WH AHI JABABEKA
R100260607L023_A001,CDD LONG CHASSIS,1400000,0,0,0,200000,0,1600000,A001 - WH AHI JABABEKA,PT. BINTANG SAMUDRA RAYA,7,ON SCHEDULE,28,0,06.07.2026,07.06.2026,09.06.2026,24.06.2026,25.06.2026,29.06.2026,10.07.2026,,A001,WH AHI JABABEKA
R100260607L023_A001,CDD LONG CHASSIS,1400000,0,0,0,200000,0,1600000,A001 - WH AHI JABABEKA,PT. BINTANG SAMUDRA RAYA,7,ON SCHEDULE,28,0,06.07.2026,07.06.2026,09.06.2026,24.06.2026,25.06.2026,29.06.2026,10.07.2026,,A001,WH AHI JABABEKA
R100260607L023_A001,CDD LONG CHASSIS,1400000,0,0,0,200000,0,1600000,A001 - WH AHI JABABEKA,PT. BINTANG SAMUDRA RAYA,7,ON SCHEDULE,28,0,06.07.2026,07.06.2026,09.06.2026,24.06.2026,25.06.2026,29.06.2026,10.07.2026,,A001,WH AHI JABABEKA
R100260607L024_A001,CDD LONG CHASSIS,1725000,0,0,0,0,0,1725000,A001 - WH AHI JABABEKA,PT. BINTANG SAMUDRA RAYA,7,ON SCHEDULE,27,0,06.07.2026,08.06.2026,10.06.2026,15.06.2026,15.06.2026,18.06.2026,14.07.2026,,A001,WH AHI JABABEKA
R100260607L025_A001,CDD LONG CHASSIS,2250000,0,0,0,0,0,2250000,A001 - WH AHI JABABEKA,PT. BINTANG SAMUDRA RAYA,6,LATE,28,57,06.07.2026,07.06.2026,09.06.2026,13.07.2026,14.07.2026,16.07.2026,17.07.2026,,A001,WH AHI JABABEKA
R100260607L026_A001,CDD LONG CHASSIS,4900000,0,0,0,300000,0,5200000,A001 - WH AHI JABABEKA,PT.ORANG KREATIF EKSIS,7,ON SCHEDULE,28,0,07.07.2026,08.06.2026,10.06.2026,12.06.2026,14.06.2026,24.06.2026,24.06.2026,,A001,WH AHI JABABEKA
R100260607T004_A001,CONT-20,15000000,0,0,0,0,0,15000000,A001 - WH AHI JABABEKA,PT. TPIL LOGISTICS,2,LATE,19,54,30.06.2026,10.06.2026,04.07.2026,,,,,,A001,WH AHI JABABEKA
R100260607T005_A001,CONT-20,17900000,0,0,0,0,0,17900000,A001 - WH AHI JABABEKA,PT. SILKARGO INDONESIA,7,ON SCHEDULE,40,0,18.07.2026,07.06.2026,19.06.2026,29.06.2026,29.06.2026,30.06.2026,30.06.2026,,A001,WH AHI JABABEKA
R100260607T006_A001,CONT-40,8750000,0,0,0,0,0,8750000,A001 - WH AHI JABABEKA,PT. CIKARANG GERBANG SOLUSI,6,LATE,30,57,09.07.2026,08.06.2026,24.06.2026,23.07.2026,24.07.2026,24.07.2026,24.07.2026,,A001,WH AHI JABABEKA
R100260607T007_A001,CONT-40,28000000,0,0,0,0,0,28000000,A001 - WH AHI JABABEKA,PT. TERATAI EMAS LOGISTINDO,6,LATE,39,56,18.07.2026,08.06.2026,29.06.2026,10.07.2026,10.07.2026,14.07.2026,17.07.2026,,A001,WH AHI JABABEKA
R100260607T008_A001,CONT-20,3900000,0,0,0,0,0,3900000,A001 - WH AHI JABABEKA,PT. JATIM PETROLEUM TRANSPORT,7,ON SCHEDULE,30,0,08.07.2026,07.06.2026,17.06.2026,26.06.2026,27.06.2026,01.07.2026,01.07.2026,,A001,WH AHI JABABEKA
R100260607T009_A001,CONT-20,3900000,0,0,0,0,0,3900000,A001 - WH AHI JABABEKA,PT. JATIM PETROLEUM TRANSPORT,7,ON SCHEDULE,30,0,08.07.2026,07.06.2026,17.06.2026,26.06.2026,27.06.2026,01.07.2026,01.07.2026,,A001,WH AHI JABABEKA
R100260607T010_A001,CONT-20,17550000,0,0,0,0,0,17550000,A001 - WH AHI JABABEKA,PT. MITRA INTERTRANS FORWARDING,6,LATE,41,57,19.07.2026,07.06.2026,23.06.2026,28.07.2026,28.07.2026,29.07.2026,29.07.2026,,A001,WH AHI JABABEKA
R100260607T011_A001,WINGBOX,6200000,0,0,0,0,0,6200000,A001 - WH AHI JABABEKA,PT. SATRIA PIRANTI PERKASA,7,ON SCHEDULE,30,0,09.07.2026,08.06.2026,11.06.2026,24.06.2026,25.06.2026,30.06.2026,30.06.2026,,A001,WH AHI JABABEKA
R100260607T012_A001,CONT-40,28000000,0,0,0,0,0,28000000,A001 - WH AHI JABABEKA,PT. TERATAI EMAS LOGISTINDO,6,LATE,39,57,18.07.2026,08.06.2026,25.06.2026,10.07.2026,10.07.2026,14.07.2026,17.07.2026,,A001,WH AHI JABABEKA
R100260607T013_A001,CONT-40,28000000,0,0,0,0,0,28000000,A001 - WH AHI JABABEKA,PT. TERATAI EMAS LOGISTINDO,6,LATE,39,56,18.07.2026,08.06.2026,25.06.2026,10.07.2026,10.07.2026,16.07.2026,16.07.2026,,A001,WH AHI JABABEKA
R100260607T014_A001,CONT-20,3900000,0,0,0,0,0,3900000,A001 - WH AHI JABABEKA,PT. JATIM PETROLEUM TRANSPORT,7,ON SCHEDULE,30,0,09.07.2026,08.06.2026,17.06.2026,26.06.2026,27.06.2026,01.07.2026,01.07.2026,,A001,WH AHI JABABEKA
R100260607T015_A001,CONT-20,3900000,0,0,0,0,0,3900000,A001 - WH AHI JABABEKA,PT. JATIM PETROLEUM TRANSPORT,7,ON SCHEDULE,30,0,09.07.2026,08.06.2026,17.06.2026,26.06.2026,27.06.2026,01.07.2026,01.07.2026,,A001,WH AHI JABABEKA
R100260607T052_A001,CONT-40,8500000,0,0,0,0,0,8500000,A001 - WH AHI JABABEKA,PT. DINOYO PUTRA MANDIRI,7,ON SCHEDULE,30,0,08.07.2026,07.06.2026,10.06.2026,10.06.2026,11.06.2026,15.06.2026,15.06.2026,,A001,WH AHI JABABEKA
R100260607T053_A001,CONT-40,8500000,0,0,0,0,0,8500000,A001 - WH AHI JABABEKA,PT. DINOYO PUTRA MANDIRI,7,ON SCHEDULE,30,0,08.07.2026,07.06.2026,10.06.2026,10.06.2026,11.06.2026,15.06.2026,15.06.2026,,A001,WH AHI JABABEKA
R100260607T054_A001,CONT-20,3900000,0,0,0,0,0,3900000,A001 - WH AHI JABABEKA,PT. JATIM PETROLEUM TRANSPORT,7,ON SCHEDULE,30,0,09.07.2026,08.06.2026,17.06.2026,26.06.2026,27.06.2026,01.07.2026,01.07.2026,,A001,WH AHI JABABEKA
R100260607T055_A001,WINGBOX,6600000,0,0,0,0,0,6600000,A001 - WH AHI JABABEKA,PT. JAYA MULYA ERALINDO,6,LATE,30,56,10.07.2026,09.06.2026,12.06.2026,10.07.2026,11.07.2026,23.07.2026,23.07.2026,,A001,WH AHI JABABEKA
R100260608L015_A001,CONT-20,16500000,0,0,0,0,0,16500000,A001 - WH AHI JABABEKA,PT. TPIL LOGISTICS,2,LATE,19,56,29.06.2026,09.06.2026,24.06.2026,,,,,,A001,WH AHI JABABEKA
R100260608L016_A001,CONT-20,16100000,0,0,0,0,0,16100000,A001 - WH AHI JABABEKA,PT. SENTOSAPRIMA ABADI,6,LATE,39,53,22.07.2026,12.06.2026,25.06.2026,13.07.2026,14.07.2026,23.07.2026,23.07.2026,,A001,WH AHI JABABEKA
R100260608L017_A001,CONT-20,24130000,0,0,0,0,0,24130000,A001 - WH AHI JABABEKA,PT KAMADJAJA LOGISTICS,6,LATE,47,55,27.07.2026,09.06.2026,02.07.2026,13.07.2026,13.07.2026,14.07.2026,14.07.2026,,A001,WH AHI JABABEKA
R100260608L018_A001,FUSO,20500000,0,0,0,300000,0,20800000,A001 - WH AHI JABABEKA,PT. SATRIA PIRANTI PERKASA,6,LATE,31,55,11.07.2026,09.06.2026,17.06.2026,09.07.2026,10.07.2026,10.07.2026,10.07.2026,,A001,WH AHI JABABEKA
R100260608L022_A001,FUSO,19350000,0,0,0,400000,0,19750000,A001 - WH AHI JABABEKA,PT. SATRIA PIRANTI PERKASA,6,LATE,41,55,21.07.2026,09.06.2026,13.06.2026,09.07.2026,09.07.2026,14.07.2026,14.07.2026,,A001,WH AHI JABABEKA
R100260608L032_A001,CONT-20,15300000,0,0,0,0,0,15300000,A001 - WH AHI JABABEKA,PT. SENTOSAPRIMA ABADI,6,LATE,39,55,19.07.2026,09.06.2026,19.06.2026,13.07.2026,14.07.2026,24.07.2026,24.07.2026,,A001,WH AHI JABABEKA
R100260608L033_A001,FUSO,15250000,0,0,0,250000,0,15500000,A001 - WH AHI JABABEKA,PT LOGISTIK CANGGIH INDONESIA,7,ON SCHEDULE,31,0,11.07.2026,09.06.2026,13.06.2026,24.06.2026,25.06.2026,26.06.2026,02.07.2026,,A001,WH AHI JABABEKA
R100260608L034_A001,FUSO,14750000,0,0,0,200000,0,14950000,A001 - WH AHI JABABEKA,PT. SATRIA PIRANTI PERKASA,7,ON SCHEDULE,31,0,11.07.2026,09.06.2026,13.06.2026,26.06.2026,26.06.2026,02.07.2026,02.07.2026,,A001,WH AHI JABABEKA
R100260608L035_A001,CONT-20,15550000,0,0,0,0,0,15550000,A001 - WH AHI JABABEKA,PT. TPIL LOGISTICS,2,LATE,22,56,02.07.2026,09.06.2026,23.06.2026,,,,,,A001,WH AHI JABABEKA
R100260608L036_A001,CONT-20,18100000,0,0,0,0,0,18100000,A001 - WH AHI JABABEKA,PT. TPIL LOGISTICS,2,LATE,23,55,03.07.2026,09.06.2026,27.06.2026,,,,,,A001,WH AHI JABABEKA
R100260608L037_A001,CDD LONG CHASSIS,2350000,0,0,0,0,0,2350000,A001 - WH AHI JABABEKA,PT. BINTANG SAMUDRA RAYA,7,ON SCHEDULE,28,0,11.07.2026,12.06.2026,15.06.2026,15.06.2026,15.06.2026,18.06.2026,14.07.2026,,A001,WH AHI JABABEKA
R100260608L042_A001,CDD LONG CHASSIS,3100000,0,0,0,0,0,3100000,A001 - WH AHI JABABEKA,PT. BINTANG SAMUDRA RAYA,7,ON SCHEDULE,29,0,09.07.2026,09.06.2026,11.06.2026,15.06.2026,15.06.2026,18.06.2026,14.07.2026,,A001,WH AHI JABABEKA
R100260608L043_A001,CDD LONG CHASSIS,4900000,0,0,0,300000,0,5200000,A001 - WH AHI JABABEKA,PT.ORANG KREATIF EKSIS,7,ON SCHEDULE,28,0,08.07.2026,09.06.2026,12.06.2026,15.06.2026,15.06.2026,02.07.2026,02.07.2026,,A001,WH AHI JABABEKA
R100260608L044_A001,WINGBOX,10700000,0,0,0,600000,0,11300000,A001 - WH AHI JABABEKA,PT. BINTANG SAMUDRA RAYA,6,LATE,31,55,11.07.2026,09.06.2026,15.06.2026,17.07.2026,19.07.2026,20.07.2026,20.07.2026,,A001,WH AHI JABABEKA
R100260608L044_A001,WINGBOX,10700000,0,0,0,600000,0,11300000,A001 - WH AHI JABABEKA,PT. BINTANG SAMUDRA RAYA,6,LATE,31,55,11.07.2026,09.06.2026,15.06.2026,17.07.2026,19.07.2026,20.07.2026,20.07.2026,,A001,WH AHI JABABEKA
R100260608L045_A001,CONT-20,13300000,0,0,0,0,0,13300000,A001 - WH AHI JABABEKA,PT.BANGKA JAYA LINE,7,ON SCHEDULE,40,0,20.07.2026,09.06.2026,27.06.2026,03.07.2026,03.07.2026,03.07.2026,03.07.2026,,A001,WH AHI JABABEKA
R100260608L054_A001,CDD LONG CHASSIS,7500000,0,0,0,0,0,7500000,A001 - WH AHI JABABEKA,PT.ORANG KREATIF EKSIS,7,ON SCHEDULE,26,0,05.07.2026,08.06.2026,14.06.2026,15.06.2026,15.06.2026,02.07.2026,02.07.2026,,A001,WH AHI JABABEKA
R100260608L086_A001,CONT-20,20500000,0,0,0,0,0,20500000,A001 - WH AHI JABABEKA,PT. TPIL LOGISTICS,2,LATE,27,53,09.07.2026,11.06.2026,30.06.2026,,,,,,A001,WH AHI JABABEKA
R100260608L087_A001,CONT-20,20500000,0,0,0,0,0,20500000,A001 - WH AHI JABABEKA,PT. TPIL LOGISTICS,2,LATE,27,54,09.07.2026,11.06.2026,04.07.2026,,,,,,A001,WH AHI JABABEKA
R100260608L088_A001,CDD LONG CHASSIS,2850000,0,0,0,0,0,2850000,A001 - WH AHI JABABEKA,PT. AGUNG MAKMUR JAYA,7,ON SCHEDULE,29,0,10.07.2026,10.06.2026,12.06.2026,23.06.2026,24.06.2026,26.06.2026,27.07.2026,,A001,WH AHI JABABEKA
R100260608T002_A001,CONT-40,8750000,0,0,0,0,0,8750000,A001 - WH AHI JABABEKA,PT. CIKARANG GERBANG SOLUSI,6,LATE,30,55,10.07.2026,09.06.2026,24.06.2026,27.07.2026,27.07.2026,29.07.2026,29.07.2026,,A001,WH AHI JABABEKA
R100260608T003_A001,CONT-40,8750000,0,0,0,0,0,8750000,A001 - WH AHI JABABEKA,PT. CIKARANG GERBANG SOLUSI,6,LATE,30,56,10.07.2026,09.06.2026,15.06.2026,27.07.2026,27.07.2026,29.07.2026,29.07.2026,,A001,WH AHI JABABEKA
R100260608T004_A001,CONT-20,3900000,0,0,0,0,0,3900000,A001 - WH AHI JABABEKA,PT. JATIM PETROLEUM TRANSPORT,7,ON SCHEDULE,30,0,09.07.2026,08.06.2026,17.06.2026,26.06.2026,27.06.2026,01.07.2026,01.07.2026,,A001,WH AHI JABABEKA
R100260608T005_A001,CONT-20,3900000,0,0,0,0,0,3900000,A001 - WH AHI JABABEKA,PT. JATIM PETROLEUM TRANSPORT,6,LATE,30,56,09.07.2026,08.06.2026,17.06.2026,01.07.2026,01.07.2026,07.07.2026,17.07.2026,,A001,WH AHI JABABEKA
R100260608T006_A001,CONT-20,3900000,0,0,0,0,0,3900000,A001 - WH AHI JABABEKA,PT. JATIM PETROLEUM TRANSPORT,7,ON SCHEDULE,30,0,10.07.2026,09.06.2026,17.06.2026,26.06.2026,27.06.2026,30.06.2026,30.06.2026,,A001,WH AHI JABABEKA
R100260608T007_A001,CONT-40,28000000,0,0,0,0,0,28000000,A001 - WH AHI JABABEKA,PT. TERATAI EMAS LOGISTINDO,6,LATE,39,56,19.07.2026,09.06.2026,12.07.2026,14.07.2026,14.07.2026,20.07.2026,20.07.2026,,A001,WH AHI JABABEKA
R100260608T008_A001,WINGBOX,5600000,0,0,0,0,0,5600000,A001 - WH AHI JABABEKA,PT. BINTANG SAMUDRA RAYA,7,ON SCHEDULE,30,0,10.07.2026,09.06.2026,17.06.2026,18.06.2026,18.06.2026,18.06.2026,14.07.2026,,A001,WH AHI JABABEKA
R100260608T009_A001,CONT-20,3900000,0,0,0,0,0,3900000,A001 - WH AHI JABABEKA,PT. JATIM PETROLEUM TRANSPORT,7,ON SCHEDULE,30,0,10.07.2026,09.06.2026,23.06.2026,26.06.2026,27.06.2026,30.06.2026,30.06.2026,,A001,WH AHI JABABEKA
R100260608T010_A001,CONT-20,3900000,0,0,0,0,0,3900000,A001 - WH AHI JABABEKA,PT. JATIM PETROLEUM TRANSPORT,7,ON SCHEDULE,30,0,10.07.2026,09.06.2026,23.06.2026,26.06.2026,27.06.2026,30.06.2026,30.06.2026,,A001,WH AHI JABABEKA
R100260608T011_A001,CONT-20,3900000,0,0,0,0,0,3900000,A001 - WH AHI JABABEKA,PT. JATIM PETROLEUM TRANSPORT,7,ON SCHEDULE,30,0,10.07.2026,09.06.2026,23.06.2026,26.06.2026,27.06.2026,30.06.2026,30.06.2026,,A001,WH AHI JABABEKA
R100260608T016_A001,CONT-40,28000000,0,0,0,0,0,28000000,A001 - WH AHI JABABEKA,PT. TERATAI EMAS LOGISTINDO,6,LATE,39,44,30.07.2026,20.06.2026,12.07.2026,14.07.2026,14.07.2026,20.07.2026,20.07.2026,,A001,WH AHI JABABEKA
R100260608T017_A001,WINGBOX,5600000,0,0,0,0,0,5600000,A001 - WH AHI JABABEKA,PT. BINTANG SAMUDRA RAYA,7,ON SCHEDULE,30,0,13.07.2026,12.06.2026,17.06.2026,19.06.2026,20.06.2026,02.07.2026,06.07.2026,,A001,WH AHI JABABEKA
R100260608T018_A001,CONT-20,16600000,0,0,0,0,0,16600000,A001 - WH AHI JABABEKA,PT. TPIL LOGISTICS,2,LATE,21,52,04.07.2026,12.06.2026,27.06.2026,,,,,,A001,WH AHI JABABEKA
R100260608T020_A001,WINGBOX,6600000,0,0,0,0,0,6600000,A001 - WH AHI JABABEKA,PT. JAYA MULYA ERALINDO,7,ON SCHEDULE,30,0,09.07.2026,08.06.2026,14.06.2026,22.06.2026,22.06.2026,24.06.2026,24.06.2026,,A001,WH AHI JABABEKA
R100260608T021_A001,WINGBOX,6600000,0,0,0,0,0,6600000,A001 - WH AHI JABABEKA,PT. JAYA MULYA ERALINDO,7,ON SCHEDULE,30,0,10.07.2026,09.06.2026,14.06.2026,22.06.2026,22.06.2026,24.06.2026,24.06.2026,,A001,WH AHI JABABEKA
R100260609L004_A001,CDD LONG CHASSIS,3600000,0,0,0,300000,0,3900000,A001 - WH AHI JABABEKA,PT. BINTANG SAMUDRA RAYA,6,LATE,28,55,08.07.2026,09.06.2026,14.06.2026,17.07.2026,19.07.2026,20.07.2026,20.07.2026,,A001,WH AHI JABABEKA
R100260609L004_A001,CDD LONG CHASSIS,3600000,0,0,0,300000,0,3900000,A001 - WH AHI JABABEKA,PT. BINTANG SAMUDRA RAYA,6,LATE,28,55,08.07.2026,09.06.2026,14.06.2026,17.07.2026,19.07.2026,20.07.2026,20.07.2026,,A001,WH AHI JABABEKA
R100260609L008_A001,CDD LONG CHASSIS,2350000,0,0,0,0,0,2350000,A001 - WH AHI JABABEKA,PT. BINTANG SAMUDRA RAYA,7,ON SCHEDULE,28,0,09.07.2026,10.06.2026,12.06.2026,15.06.2026,15.06.2026,18.06.2026,14.07.2026,,A001,WH AHI JABABEKA
R100260609L009_A001,CONT-20,15300000,0,0,800000,0,0,16100000,A001 - WH AHI JABABEKA,PT. SENTOSAPRIMA ABADI,6,LATE,40,55,21.07.2026,10.06.2026,25.06.2026,13.07.2026,14.07.2026,31.07.2026,31.07.2026,,A001,WH AHI JABABEKA
R100260609L010_A001,FUSO,13800000,0,0,0,0,0,13800000,A001 - WH AHI JABABEKA,PT. DUTA LINTAS NUSA,6,LATE,40,55,21.07.2026,10.06.2026,17.06.2026,30.06.2026,30.06.2026,21.07.2026,21.07.2026,,A001,WH AHI JABABEKA
R100260609L011_A001,CDD LONG CHASSIS,3100000,0,0,0,400000,0,3500000,A001 - WH AHI JABABEKA,PT. BINTANG SAMUDRA RAYA,6,LATE,29,55,09.07.2026,09.06.2026,12.06.2026,17.07.2026,19.07.2026,20.07.2026,20.07.2026,,A001,WH AHI JABABEKA
R100260609L017_A001,CONT-20,22900000,0,0,0,0,0,22900000,A001 - WH AHI JABABEKA,PT. TPIL LOGISTICS,2,LATE,23,54,04.07.2026,10.06.2026,03.07.2026,,,,,,A001,WH AHI JABABEKA
R100260609L018_A001,CONT-20,19600000,0,0,0,0,0,19600000,A001 - WH AHI JABABEKA,PT. MITRA INTERTRANS FORWARDING,6,LATE,43,54,24.07.2026,10.06.2026,25.06.2026,14.07.2026,14.07.2026,16.07.2026,16.07.2026,,A001,WH AHI JABABEKA
R100260609L019_A001,CONT-20,18450000,0,0,0,0,0,18450000,A001 - WH AHI JABABEKA,PT. MITRA INTERTRANS FORWARDING,2,LATE,21,54,02.07.2026,10.06.2026,25.06.2026,,,,,,A001,WH AHI JABABEKA
R100260609L023_A001,CDD LONG CHASSIS,4900000,0,0,0,300000,0,5200000,A001 - WH AHI JABABEKA,PT.ORANG KREATIF EKSIS,7,ON SCHEDULE,28,0,09.07.2026,10.06.2026,12.06.2026,18.06.2026,19.06.2026,24.06.2026,24.06.2026,,A001,WH AHI JABABEKA
R100260609L029_A001,FUSO,14750000,0,0,0,300000,0,15050000,A001 - WH AHI JABABEKA,PT. SATRIA PIRANTI PERKASA,6,LATE,41,53,24.07.2026,12.06.2026,17.06.2026,02.07.2026,07.07.2026,10.07.2026,10.07.2026,,A001,WH AHI JABABEKA
R100260609L034_A001,CONT-20,17000000,0,0,0,0,0,17000000,A001 - WH AHI JABABEKA,PT. TPIL LOGISTICS,2,LATE,21,54,02.07.2026,10.06.2026,03.07.2026,,,,,,A001,WH AHI JABABEKA
R100260609L036_A001,CONT-20,20500000,0,0,0,0,0,20500000,A001 - WH AHI JABABEKA,PT. TPIL LOGISTICS,2,LATE,27,53,10.07.2026,12.06.2026,07.07.2026,,,,,,A001,WH AHI JABABEKA
R100260609L037_A001,CONT-20,20500000,0,0,0,0,0,20500000,A001 - WH AHI JABABEKA,PT. TPIL LOGISTICS,2,LATE,27,54,08.07.2026,10.06.2026,15.07.2026,,,,,,A001,WH AHI JABABEKA
R100260609L087_A001,CDD LONG CHASSIS,3500000,0,0,0,0,0,3500000,A001 - WH AHI JABABEKA,PT. AGUNG MAKMUR JAYA,7,ON SCHEDULE,28,0,08.07.2026,09.06.2026,11.06.2026,12.06.2026,13.06.2026,17.06.2026,23.06.2026,,A001,WH AHI JABABEKA
R100260609T004_A001,CONT-40,8750000,0,0,0,0,0,8750000,A001 - WH AHI JABABEKA,PT. CIKARANG GERBANG SOLUSI,6,LATE,30,54,12.07.2026,11.06.2026,28.06.2026,23.07.2026,24.07.2026,24.07.2026,24.07.2026,,A001,WH AHI JABABEKA
R100260609T005_A001,CONT-40,8750000,0,0,0,0,0,8750000,A001 - WH AHI JABABEKA,PT. CIKARANG GERBANG SOLUSI,6,LATE,30,54,11.07.2026,10.06.2026,25.06.2026,23.07.2026,24.07.2026,24.07.2026,24.07.2026,,A001,WH AHI JABABEKA
R100260609T006_A001,CONT-20,3900000,0,0,0,0,0,3900000,A001 - WH AHI JABABEKA,PT. JATIM PETROLEUM TRANSPORT,7,ON SCHEDULE,30,0,11.07.2026,10.06.2026,17.06.2026,26.06.2026,27.06.2026,30.06.2026,30.06.2026,,A001,WH AHI JABABEKA
R100260609T007_A001,CONT-20,3900000,0,0,0,0,0,3900000,A001 - WH AHI JABABEKA,PT. JATIM PETROLEUM TRANSPORT,7,ON SCHEDULE,30,0,10.07.2026,09.06.2026,17.06.2026,26.06.2026,27.06.2026,30.06.2026,30.06.2026,,A001,WH AHI JABABEKA
R100260609T008_A001,CONT-20,3900000,0,0,0,0,0,3900000,A001 - WH AHI JABABEKA,PT. JATIM PETROLEUM TRANSPORT,7,ON SCHEDULE,30,0,10.07.2026,09.06.2026,23.06.2026,26.06.2026,27.06.2026,30.06.2026,30.06.2026,,A001,WH AHI JABABEKA
R100260609T009_A001,CONT-40,28000000,0,0,0,0,0,28000000,A001 - WH AHI JABABEKA,PT. TERATAI EMAS LOGISTINDO,6,LATE,39,54,20.07.2026,10.06.2026,09.07.2026,10.07.2026,10.07.2026,20.07.2026,20.07.2026,,A001,WH AHI JABABEKA
R100260609T010_A001,WINGBOX,7000000,0,0,0,0,0,7000000,A001 - WH AHI JABABEKA,PT. DUNIA EXPRESS TRANSINDO,6,LATE,30,54,11.07.2026,10.06.2026,13.06.2026,25.06.2026,25.06.2026,02.07.2026,02.07.2026,,A001,WH AHI JABABEKA
R100260609T011_A001,WINGBOX,7000000,0,0,0,0,0,7000000,A001 - WH AHI JABABEKA,PT. DUNIA EXPRESS TRANSINDO,6,LATE,30,55,11.07.2026,10.06.2026,13.06.2026,25.06.2026,25.06.2026,02.07.2026,02.07.2026,,A001,WH AHI JABABEKA
R100260609T012_A001,CONT-20,3900000,0,0,0,0,0,3900000,A001 - WH AHI JABABEKA,PT. JATIM PETROLEUM TRANSPORT,6,LATE,30,55,10.07.2026,09.06.2026,17.06.2026,15.07.2026,16.07.2026,03.08.2026,03.08.2026,,A001,WH AHI JABABEKA
R100260609T013_A001,CONT-20,3900000,0,0,0,0,0,3900000,A001 - WH AHI JABABEKA,PT. JATIM PETROLEUM TRANSPORT,7,ON SCHEDULE,30,0,11.07.2026,10.06.2026,13.06.2026,26.06.2026,27.06.2026,30.06.2026,30.06.2026,,A001,WH AHI JABABEKA
R100260609T018_A001,CONT-20,15550000,0,0,0,0,0,15550000,A001 - WH AHI JABABEKA,PT. TPIL LOGISTICS,2,LATE,20,52,03.07.2026,12.06.2026,25.06.2026,,,,,,A001,WH AHI JABABEKA
R100260609T020_A001,CONT-20,15300000,0,0,0,0,0,15300000,A001 - WH AHI JABABEKA,PT. SENTOSAPRIMA ABADI,6,LATE,39,54,20.07.2026,10.06.2026,27.06.2026,13.07.2026,14.07.2026,24.07.2026,31.07.2026,,A001,WH AHI JABABEKA
R100260609T021_A001,CONT-20,16100000,0,0,0,0,0,16100000,A001 - WH AHI JABABEKA,PT. TPIL LOGISTICS,2,LATE,16,54,28.06.2026,11.06.2026,24.06.2026,,,,,,A001,WH AHI JABABEKA
R100260609T022_A001,CONT-20,15550000,0,0,0,0,0,15550000,A001 - WH AHI JABABEKA,PT. TPIL LOGISTICS,2,LATE,20,53,02.07.2026,11.06.2026,24.06.2026,,,,,,A001,WH AHI JABABEKA
R100260609T023_A001,CONT-20,15300000,0,0,0,1750000,500000,17550000,A001 - WH AHI JABABEKA,PT. SENTOSAPRIMA ABADI,5,LATE,33,54,14.07.2026,10.06.2026,27.06.2026,24.07.2026,25.07.2026,31.07.2026,,,A001,WH AHI JABABEKA
R100260609T024_A001,CONT-20,16600000,0,0,0,0,0,16600000,A001 - WH AHI JABABEKA,PT. TPIL LOGISTICS,2,LATE,21,55,02.07.2026,10.06.2026,24.06.2026,,,,,,A001,WH AHI JABABEKA
R100260609T025_A001,CONT-40,28000000,0,0,0,0,0,28000000,A001 - WH AHI JABABEKA,PT. TERATAI EMAS LOGISTINDO,6,LATE,39,53,21.07.2026,11.06.2026,15.07.2026,15.07.2026,15.07.2026,29.07.2026,29.07.2026,,A001,WH AHI JABABEKA
R100260609T053_A001,CONT-40,8500000,0,0,0,0,0,8500000,A001 - WH AHI JABABEKA,PT. DINOYO PUTRA MANDIRI,7,ON SCHEDULE,30,0,10.07.2026,09.06.2026,12.06.2026,15.06.2026,15.06.2026,25.06.2026,25.06.2026,,A001,WH AHI JABABEKA
R100260610B001_A001,CDD LONG CHASSIS,4900000,0,0,0,450000,0,5350000,A001 - WH AHI JABABEKA,PT.ORANG KREATIF EKSIS,6,LATE,26,52,09.07.2026,12.06.2026,24.06.2026,26.06.2026,26.06.2026,08.07.2026,08.07.2026,,A001,WH AHI JABABEKA
R100260610B002_A001,CDD LONG CHASSIS,7500000,0,0,0,0,0,7500000,A001 - WH AHI JABABEKA,PT.ORANG KREATIF EKSIS,4,LATE,14,45,04.07.2026,19.06.2026,28.07.2026,30.07.2026,30.07.2026,,,,A001,WH AHI JABABEKA
R100260610L004_A001,CDD LONG CHASSIS,3100000,0,0,0,400000,0,3500000,A001 - WH AHI JABABEKA,PT. BINTANG SAMUDRA RAYA,6,LATE,29,53,11.07.2026,11.06.2026,13.06.2026,17.07.2026,19.07.2026,20.07.2026,20.07.2026,,A001,WH AHI JABABEKA
R100260610L019_A001,CONT-20,17000000,0,0,0,0,0,17000000,A001 - WH AHI JABABEKA,PT. TPIL LOGISTICS,2,LATE,21,54,03.07.2026,11.06.2026,30.06.2026,,,,,,A001,WH AHI JABABEKA
R100260610L020_A001,CONT-20,23900000,0,0,0,0,0,23900000,A001 - WH AHI JABABEKA,PT. TPIL LOGISTICS,2,LATE,21,52,05.07.2026,13.06.2026,29.06.2026,,,,,,A001,WH AHI JABABEKA
R100260610L022_A001,WINGBOX,10700000,0,0,0,400000,0,11100000,A001 - WH AHI JABABEKA,PT. BINTANG SAMUDRA RAYA,6,LATE,31,54,13.07.2026,11.06.2026,09.07.2026,17.07.2026,19.07.2026,20.07.2026,20.07.2026,,A001,WH AHI JABABEKA
R100260610L022_A001,WINGBOX,10700000,0,0,0,400000,0,11100000,A001 - WH AHI JABABEKA,PT. BINTANG SAMUDRA RAYA,6,LATE,31,54,13.07.2026,11.06.2026,09.07.2026,17.07.2026,19.07.2026,20.07.2026,20.07.2026,,A001,WH AHI JABABEKA
R100260610L032_A001,FUSO,14750000,0,0,0,200000,0,14950000,A001 - WH AHI JABABEKA,PT. SATRIA PIRANTI PERKASA,7,ON SCHEDULE,41,0,23.07.2026,11.06.2026,17.06.2026,24.06.2026,25.06.2026,30.06.2026,30.06.2026,,A001,WH AHI JABABEKA
R100260610L033_A001,CONT-20,32300000,0,0,0,0,0,32300000,A001 - WH AHI JABABEKA,PT. TPIL LOGISTICS,2,LATE,27,54,09.07.2026,11.06.2026,04.07.2026,,,,,,A001,WH AHI JABABEKA
R100260610L034_A001,CONT-20,18780000,0,0,0,0,0,18780000,A001 - WH AHI JABABEKA,PT KAMADJAJA LOGISTICS,4,LATE,26,53,09.07.2026,12.06.2026,02.07.2026,03.08.2026,03.08.2026,,,,A001,WH AHI JABABEKA
R100260610L035_A001,CDD LONG CHASSIS,3500000,0,0,0,500000,0,4000000,A001 - WH AHI JABABEKA,PT. AGUNG MAKMUR JAYA,7,ON SCHEDULE,28,0,10.07.2026,11.06.2026,13.06.2026,15.06.2026,15.06.2026,17.06.2026,23.06.2026,,A001,WH AHI JABABEKA
R100260610L035_A001,CDD LONG CHASSIS,3500000,0,0,0,500000,0,4000000,A001 - WH AHI JABABEKA,PT. AGUNG MAKMUR JAYA,7,ON SCHEDULE,28,0,10.07.2026,11.06.2026,13.06.2026,15.06.2026,15.06.2026,17.06.2026,23.06.2026,,A001,WH AHI JABABEKA
R100260610L035_A001,CDD LONG CHASSIS,3500000,0,0,0,500000,0,4000000,A001 - WH AHI JABABEKA,PT. AGUNG MAKMUR JAYA,7,ON SCHEDULE,28,0,10.07.2026,11.06.2026,13.06.2026,15.06.2026,15.06.2026,17.06.2026,23.06.2026,,A001,WH AHI JABABEKA
R100260610L035_A001,CDD LONG CHASSIS,3500000,0,0,0,500000,0,4000000,A001 - WH AHI JABABEKA,PT. AGUNG MAKMUR JAYA,7,ON SCHEDULE,28,0,10.07.2026,11.06.2026,13.06.2026,15.06.2026,15.06.2026,17.06.2026,23.06.2026,,A001,WH AHI JABABEKA
R100260610L052_A001,FUSO,19350000,0,0,0,0,0,19350000,A001 - WH AHI JABABEKA,PT. SATRIA PIRANTI PERKASA,6,LATE,41,53,23.07.2026,11.06.2026,17.06.2026,02.07.2026,02.07.2026,10.07.2026,10.07.2026,,A001,WH AHI JABABEKA
R100260610L054_A001,CDD LONG CHASSIS,4900000,0,0,0,300000,0,5200000,A001 - WH AHI JABABEKA,PT.ORANG KREATIF EKSIS,6,LATE,28,53,10.07.2026,11.06.2026,13.06.2026,26.06.2026,26.06.2026,08.07.2026,08.07.2026,,A001,WH AHI JABABEKA
R100260610L097_A001,CDD LONG CHASSIS,3600000,0,0,0,0,0,3600000,A001 - WH AHI JABABEKA,PT. BINTANG SAMUDRA RAYA,6,LATE,28,54,09.07.2026,10.06.2026,17.06.2026,19.06.2026,20.06.2026,13.07.2026,16.07.2026,,A001,WH AHI JABABEKA
R100260610T004_A001,CONT-40,8150000,0,0,0,0,0,8150000,A001 - WH AHI JABABEKA,PT. JATIM PETROLEUM TRANSPORT,7,ON SCHEDULE,30,0,12.07.2026,11.06.2026,17.06.2026,26.06.2026,27.06.2026,30.06.2026,30.06.2026,,A001,WH AHI JABABEKA
R100260610T005_A001,CONT-40,8150000,0,0,0,0,0,8150000,A001 - WH AHI JABABEKA,PT. JATIM PETROLEUM TRANSPORT,7,ON SCHEDULE,30,0,12.07.2026,11.06.2026,23.06.2026,26.06.2026,27.06.2026,30.06.2026,30.06.2026,,A001,WH AHI JABABEKA
R100260610T008_A001,CONT-20,3900000,0,0,0,0,0,3900000,A001 - WH AHI JABABEKA,PT. JATIM PETROLEUM TRANSPORT,7,ON SCHEDULE,30,0,11.07.2026,10.06.2026,17.06.2026,26.06.2026,27.06.2026,30.06.2026,30.06.2026,,A001,WH AHI JABABEKA
R100260610T009_A001,CONT-20,3900000,0,0,0,0,0,3900000,A001 - WH AHI JABABEKA,PT. JATIM PETROLEUM TRANSPORT,7,ON SCHEDULE,30,0,12.07.2026,11.06.2026,23.06.2026,26.06.2026,27.06.2026,30.06.2026,30.06.2026,,A001,WH AHI JABABEKA
R100260610T010_A001,CONT-20,3900000,0,0,0,0,0,3900000,A001 - WH AHI JABABEKA,PT. JATIM PETROLEUM TRANSPORT,7,ON SCHEDULE,30,0,12.07.2026,11.06.2026,23.06.2026,26.06.2026,27.06.2026,30.06.2026,30.06.2026,,A001,WH AHI JABABEKA
R100260610T011_A001,CONT-40,28000000,0,0,0,0,0,28000000,A001 - WH AHI JABABEKA,PT. TERATAI EMAS LOGISTINDO,4,LATE,27,53,09.07.2026,11.06.2026,18.07.2026,20.07.2026,21.07.2026,,,,A001,WH AHI JABABEKA
R100260610T012_A001,WINGBOX,7000000,0,0,0,0,0,7000000,A001 - WH AHI JABABEKA,PT. DUNIA EXPRESS TRANSINDO,6,LATE,30,53,12.07.2026,11.06.2026,15.06.2026,25.06.2026,25.06.2026,02.07.2026,02.07.2026,,A001,WH AHI JABABEKA
R100260610T013_A001,WINGBOX,7000000,0,0,0,0,0,7000000,A001 - WH AHI JABABEKA,PT. DUNIA EXPRESS TRANSINDO,6,LATE,30,53,12.07.2026,11.06.2026,15.06.2026,25.06.2026,25.06.2026,02.07.2026,02.07.2026,,A001,WH AHI JABABEKA
R100260610T014_A001,CONT-20,3900000,0,0,0,0,0,3900000,A001 - WH AHI JABABEKA,PT. JATIM PETROLEUM TRANSPORT,7,ON SCHEDULE,30,0,12.07.2026,11.06.2026,17.06.2026,26.06.2026,27.06.2026,30.06.2026,30.06.2026,,A001,WH AHI JABABEKA
R100260610T015_A001,CONT-20,3900000,0,0,0,0,0,3900000,A001 - WH AHI JABABEKA,PT. JATIM PETROLEUM TRANSPORT,7,ON SCHEDULE,30,0,12.07.2026,11.06.2026,17.06.2026,26.06.2026,27.06.2026,30.06.2026,30.06.2026,,A001,WH AHI JABABEKA
R100260610T019_A001,WINGBOX,7000000,0,0,0,0,0,7000000,A001 - WH AHI JABABEKA,PT. DUNIA EXPRESS TRANSINDO,6,LATE,30,52,13.07.2026,12.06.2026,16.06.2026,25.06.2026,25.06.2026,02.07.2026,02.07.2026,,A001,WH AHI JABABEKA
R100260610T027_A001,CONT-20,16600000,0,0,0,0,0,16600000,A001 - WH AHI JABABEKA,PT. TPIL LOGISTICS,2,LATE,21,53,03.07.2026,11.06.2026,12.07.2026,,,,,,A001,WH AHI JABABEKA
R100260610T032_A001,CONT-20,15000000,0,0,0,0,0,15000000,A001 - WH AHI JABABEKA,PT. TPIL LOGISTICS,2,LATE,19,53,02.07.2026,12.06.2026,11.07.2026,,,,,,A001,WH AHI JABABEKA
R100260610T033_A001,CONT-40,28000000,0,0,0,0,0,28000000,A001 - WH AHI JABABEKA,PT. TERATAI EMAS LOGISTINDO,6,LATE,39,52,22.07.2026,12.06.2026,09.07.2026,10.07.2026,10.07.2026,20.07.2026,20.07.2026,,A001,WH AHI JABABEKA
R100260610T066_A001,CONT-20,15550000,0,0,0,0,0,15550000,A001 - WH AHI JABABEKA,PT. TPIL LOGISTICS,2,LATE,20,52,03.07.2026,12.06.2026,27.06.2026,,,,,,A001,WH AHI JABABEKA
R100260610T088_A001,CONT-40,8500000,0,0,0,0,0,8500000,A001 - WH AHI JABABEKA,PT. DINOYO PUTRA MANDIRI,7,ON SCHEDULE,30,0,11.07.2026,10.06.2026,13.06.2026,15.06.2026,15.06.2026,25.06.2026,25.06.2026,,A001,WH AHI JABABEKA
R100260611B001_A001,CDD LONG CHASSIS,7500000,0,0,0,0,0,7500000,A001 - WH AHI JABABEKA,PT.ORANG KREATIF EKSIS,6,LATE,26,52,10.07.2026,13.06.2026,17.06.2026,26.06.2026,26.06.2026,08.07.2026,08.07.2026,,A001,WH AHI JABABEKA
R100260611L002_A001,FUSO,15250000,0,0,0,250000,0,15500000,A001 - WH AHI JABABEKA,PT LOGISTIK CANGGIH INDONESIA,7,ON SCHEDULE,31,0,14.07.2026,12.06.2026,17.06.2026,24.06.2026,25.06.2026,26.06.2026,02.07.2026,,A001,WH AHI JABABEKA
R100260611L003_A001,CDD LONG CHASSIS,3325000,0,0,0,350000,0,3675000,A001 - WH AHI JABABEKA,PT. JEJE HARAPAN TRANSINDO,6,LATE,28,53,11.07.2026,12.06.2026,17.06.2026,15.07.2026,15.07.2026,20.07.2026,22.07.2026,,A001,WH AHI JABABEKA
R100260611L008_A001,CONT-20,16600000,0,0,0,0,0,16600000,A001 - WH AHI JABABEKA,PT. TPIL LOGISTICS,2,LATE,19,52,02.07.2026,12.06.2026,02.07.2026,,,,,,A001,WH AHI JABABEKA
R100260611L009_A001,CONT-20,19100000,0,0,0,0,0,19100000,A001 - WH AHI JABABEKA,PT. MITRA INTERTRANS FORWARDING,6,LATE,42,52,25.07.2026,12.06.2026,29.06.2026,24.07.2026,25.07.2026,28.07.2026,28.07.2026,,A001,WH AHI JABABEKA
R100260611L010_A001,FUSO,20500000,0,0,0,300000,0,20800000,A001 - WH AHI JABABEKA,PT. SATRIA PIRANTI PERKASA,6,LATE,31,53,14.07.2026,12.06.2026,17.06.2026,14.07.2026,15.07.2026,15.07.2026,15.07.2026,,A001,WH AHI JABABEKA
R100260611L011_A001,CONT-20,0,0,0,0,0,0,0,A001 - WH AHI JABABEKA,PT. TPIL LOGISTICS,2,LATE,27,50,12.07.2026,14.06.2026,18.07.2026,,,,,,A001,WH AHI JABABEKA
R100260611L012_A001,CONT-20,15800000,0,0,0,0,0,15800000,A001 - WH AHI JABABEKA,PT. SENTOSAPRIMA ABADI,2,LATE,19,53,01.07.2026,11.06.2026,07.07.2026,,,,,,A001,WH AHI JABABEKA
R100260611L021_A001,CONT-20,19300000,0,0,0,0,0,19300000,A001 - WH AHI JABABEKA,PT. TPIL LOGISTICS,2,LATE,26,53,09.07.2026,12.06.2026,02.07.2026,,,,,,A001,WH AHI JABABEKA
R100260611L022_A001,CONT-20,15000000,0,0,0,0,0,15000000,A001 - WH AHI JABABEKA,PT. TPIL LOGISTICS,2,LATE,19,52,02.07.2026,12.06.2026,15.07.2026,,,,,,A001,WH AHI JABABEKA
R100260611L042_A001,CONT-20,15000000,0,0,0,0,0,15000000,A001 - WH AHI JABABEKA,PT. TPIL LOGISTICS,2,LATE,19,53,02.07.2026,12.06.2026,15.07.2026,,,,,,A001,WH AHI JABABEKA
R100260611L053_A001,CONT-20,16100000,0,0,0,0,0,16100000,A001 - WH AHI JABABEKA,PT. SENTOSAPRIMA ABADI,6,LATE,39,52,22.07.2026,12.06.2026,04.07.2026,13.07.2026,14.07.2026,23.07.2026,23.07.2026,,A001,WH AHI JABABEKA
R100260611L054_A001,FUSO,14750000,0,0,0,200000,0,14950000,A001 - WH AHI JABABEKA,PT. SATRIA PIRANTI PERKASA,6,LATE,41,52,24.07.2026,12.06.2026,17.06.2026,09.07.2026,09.07.2026,14.07.2026,14.07.2026,,A001,WH AHI JABABEKA
R100260611L055_A001,CONT-20,17000000,0,0,0,0,0,17000000,A001 - WH AHI JABABEKA,PT. SARANA TRANS SUMATERA,6,LATE,39,52,22.07.2026,12.06.2026,07.07.2026,30.07.2026,30.07.2026,30.07.2026,30.07.2026,,A001,WH AHI JABABEKA
R100260611L056_A001,CDD LONG CHASSIS,2350000,0,0,0,0,0,2350000,A001 - WH AHI JABABEKA,PT. BINTANG SAMUDRA RAYA,7,ON SCHEDULE,28,0,13.07.2026,14.06.2026,17.06.2026,19.06.2026,20.06.2026,02.07.2026,06.07.2026,,A001,WH AHI JABABEKA
R100260611L105_A001,WINGBOX,34930000,0,0,0,300000,0,35230000,A001 - WH AHI JABABEKA,PT LOGISTIK CANGGIH INDONESIA,6,LATE,47,49,03.08.2026,16.06.2026,24.06.2026,03.07.2026,07.07.2026,07.07.2026,08.07.2026,,A001,WH AHI JABABEKA
R100260611T003_A001,CONT-40,8150000,0,0,0,0,0,8150000,A001 - WH AHI JABABEKA,PT. JATIM PETROLEUM TRANSPORT,7,ON SCHEDULE,30,0,13.07.2026,12.06.2026,23.06.2026,26.06.2026,27.06.2026,30.06.2026,30.06.2026,,A001,WH AHI JABABEKA
R100260611T004_A001,CONT-40,8150000,0,0,0,0,0,8150000,A001 - WH AHI JABABEKA,PT. JATIM PETROLEUM TRANSPORT,7,ON SCHEDULE,30,0,13.07.2026,12.06.2026,23.06.2026,26.06.2026,27.06.2026,30.06.2026,30.06.2026,,A001,WH AHI JABABEKA
R100260611T005_A001,CONT-20,3900000,0,0,0,0,0,3900000,A001 - WH AHI JABABEKA,PT. JATIM PETROLEUM TRANSPORT,7,ON SCHEDULE,30,0,13.07.2026,12.06.2026,23.06.2026,26.06.2026,27.06.2026,30.06.2026,30.06.2026,,A001,WH AHI JABABEKA
R100260611T006_A001,CONT-20,3900000,0,0,0,0,0,3900000,A001 - WH AHI JABABEKA,PT. JATIM PETROLEUM TRANSPORT,7,ON SCHEDULE,30,0,13.07.2026,12.06.2026,23.06.2026,26.06.2026,27.06.2026,30.06.2026,30.06.2026,,A001,WH AHI JABABEKA
R100260611T007_A001,CONT-20,3900000,0,0,0,0,0,3900000,A001 - WH AHI JABABEKA,PT. JATIM PETROLEUM TRANSPORT,7,ON SCHEDULE,30,0,12.07.2026,11.06.2026,23.06.2026,26.06.2026,27.06.2026,30.06.2026,30.06.2026,,A001,WH AHI JABABEKA
R100260611T008_A001,WINGBOX,5650000,0,0,0,0,0,5650000,A001 - WH AHI JABABEKA,PT. DUTA MEDIA MANDIRI,7,ON SCHEDULE,30,0,13.07.2026,12.06.2026,16.06.2026,17.06.2026,18.06.2026,25.06.2026,25.06.2026,,A001,WH AHI JABABEKA
R100260611T009_A001,WINGBOX,5650000,0,0,0,0,0,5650000,A001 - WH AHI JABABEKA,PT. DUTA MEDIA MANDIRI,7,ON SCHEDULE,30,0,13.07.2026,12.06.2026,16.06.2026,17.06.2026,18.06.2026,25.06.2026,25.06.2026,,A001,WH AHI JABABEKA
R100260611T010_A001,CONT-20,3900000,0,0,0,0,0,3900000,A001 - WH AHI JABABEKA,PT. JATIM PETROLEUM TRANSPORT,7,ON SCHEDULE,30,0,13.07.2026,12.06.2026,23.06.2026,26.06.2026,27.06.2026,30.06.2026,30.06.2026,,A001,WH AHI JABABEKA
R100260611T011_A001,CONT-20,3900000,0,0,0,0,0,3900000,A001 - WH AHI JABABEKA,PT. JATIM PETROLEUM TRANSPORT,7,ON SCHEDULE,30,0,13.07.2026,12.06.2026,23.06.2026,26.06.2026,27.06.2026,30.06.2026,30.06.2026,,A001,WH AHI JABABEKA
R100260611T023_A001,CONT-40,27200000,0,0,0,0,0,27200000,A001 - WH AHI JABABEKA,PT. SENTOSAPRIMA ABADI,6,LATE,39,52,22.07.2026,12.06.2026,02.07.2026,13.07.2026,14.07.2026,23.07.2026,23.07.2026,,A001,WH AHI JABABEKA
R100260611T038_A001,CONT-20,3900000,0,0,0,0,0,3900000,A001 - WH AHI JABABEKA,PT. JATIM PETROLEUM TRANSPORT,7,ON SCHEDULE,30,0,12.07.2026,11.06.2026,23.06.2026,26.06.2026,27.06.2026,30.06.2026,30.06.2026,,A001,WH AHI JABABEKA
R100260611T039_A001,CONT-20,15000000,0,0,0,0,0,15000000,A001 - WH AHI JABABEKA,PT. TPIL LOGISTICS,2,LATE,19,53,01.07.2026,11.06.2026,11.07.2026,,,,,,A001,WH AHI JABABEKA
R100260611T050_A001,WINGBOX,5650000,0,0,0,0,0,5650000,A001 - WH AHI JABABEKA,PT. DUTA MEDIA MANDIRI,7,ON SCHEDULE,30,0,13.07.2026,12.06.2026,16.06.2026,17.06.2026,18.06.2026,25.06.2026,25.06.2026,,A001,WH AHI JABABEKA
R100260611T055_A001,WINGBOX,7000000,0,0,0,0,0,7000000,A001 - WH AHI JABABEKA,PT. DUNIA EXPRESS TRANSINDO,6,LATE,30,52,13.07.2026,12.06.2026,16.06.2026,25.06.2026,25.06.2026,02.07.2026,02.07.2026,,A001,WH AHI JABABEKA
R100260611T077_A001,CONT-20,3900000,0,0,0,0,0,3900000,A001 - WH AHI JABABEKA,PT. JATIM PETROLEUM TRANSPORT,7,ON SCHEDULE,30,0,12.07.2026,11.06.2026,23.06.2026,26.06.2026,27.06.2026,30.06.2026,30.06.2026,,A001,WH AHI JABABEKA
R100260612B004_A001,CDD LONG CHASSIS,7500000,0,0,0,0,0,7500000,A001 - WH AHI JABABEKA,PT.ORANG KREATIF EKSIS,6,LATE,26,51,10.07.2026,13.06.2026,17.06.2026,26.06.2026,26.06.2026,08.07.2026,08.07.2026,,A001,WH AHI JABABEKA
R100260612L002_A001,CONT-20,17000000,0,0,0,0,0,17000000,A001 - WH AHI JABABEKA,PT. TPIL LOGISTICS,2,LATE,21,50,06.07.2026,14.06.2026,11.07.2026,,,,,,A001,WH AHI JABABEKA
R100260612L017_A001,CDD LONG CHASSIS,1600000,0,0,0,0,0,1600000,A001 - WH AHI JABABEKA,PT. AGUNG MAKMUR JAYA,7,ON SCHEDULE,28,0,12.07.2026,13.06.2026,15.06.2026,15.06.2026,15.06.2026,19.06.2026,19.06.2026,,A001,WH AHI JABABEKA
R100260612L018_A001,CDD LONG CHASSIS,3100000,0,0,0,400000,0,3500000,A001 - WH AHI JABABEKA,PT. BINTANG SAMUDRA RAYA,6,LATE,29,52,12.07.2026,12.06.2026,15.06.2026,17.07.2026,19.07.2026,20.07.2026,20.07.2026,,A001,WH AHI JABABEKA
R100260612L019_A001,FUSO,17000000,0,0,0,200000,0,17200000,A001 - WH AHI JABABEKA,PT. SATRIA PIRANTI PERKASA,6,LATE,31,52,15.07.2026,13.06.2026,17.06.2026,09.07.2026,09.07.2026,14.07.2026,14.07.2026,,A001,WH AHI JABABEKA
R100260612L020_A001,CDD LONG CHASSIS,4900000,0,0,0,150000,0,5050000,A001 - WH AHI JABABEKA,PT.ORANG KREATIF EKSIS,6,LATE,28,52,11.07.2026,12.06.2026,17.06.2026,26.06.2026,26.06.2026,08.07.2026,08.07.2026,,A001,WH AHI JABABEKA
R100260612L038_A001,CONT-20,10300000,0,0,0,0,0,10300000,A001 - WH AHI JABABEKA,PT. HAKKA HYDRO TIRTA,2,LATE,20,52,04.07.2026,13.06.2026,04.07.2026,,,,,,A001,WH AHI JABABEKA
R100260612L039_A001,CONT-20,15600000,0,0,0,0,0,15600000,A001 - WH AHI JABABEKA,PT. MITRA INTERTRANS FORWARDING,2,LATE,22,50,07.07.2026,14.06.2026,29.06.2026,,,,,,A001,WH AHI JABABEKA
R100260612L040_A001,CONT-20,25700000,0,0,0,0,0,25700000,A001 - WH AHI JABABEKA,PT. TPIL LOGISTICS,2,LATE,29,51,14.07.2026,14.06.2026,03.07.2026,,,,,,A001,WH AHI JABABEKA
R100260612L045_A001,FUSO,13800000,0,0,0,0,0,13800000,A001 - WH AHI JABABEKA,PT. DUTA LINTAS NUSA,6,LATE,40,52,24.07.2026,13.06.2026,18.06.2026,08.07.2026,09.07.2026,21.07.2026,21.07.2026,,A001,WH AHI JABABEKA
R100260612L046_A001,FUSO,12500000,0,0,0,700000,80000,13280000,A001 - WH AHI JABABEKA,PT.DHANESWARA EXPRES,6,LATE,31,51,15.07.2026,13.06.2026,17.06.2026,26.06.2026,09.07.2026,13.07.2026,14.07.2026,,A001,WH AHI JABABEKA
R100260612L047_A001,CDD LONG CHASSIS,3325000,0,0,0,0,0,3325000,A001 - WH AHI JABABEKA,PT. JEJE HARAPAN TRANSINDO,6,LATE,28,52,12.07.2026,13.06.2026,17.06.2026,15.07.2026,15.07.2026,31.07.2026,31.07.2026,,A001,WH AHI JABABEKA
R100260612L048_A001,CDD LONG CHASSIS,3900000,0,0,0,400000,0,4300000,A001 - WH AHI JABABEKA,PT. BINTANG SAMUDRA RAYA,6,LATE,29,52,13.07.2026,13.06.2026,17.06.2026,17.07.2026,19.07.2026,20.07.2026,20.07.2026,,A001,WH AHI JABABEKA
R100260612L049_A001,CDD LONG CHASSIS,3600000,0,0,0,300000,0,3900000,A001 - WH AHI JABABEKA,PT. BINTANG SAMUDRA RAYA,6,LATE,28,51,12.07.2026,13.06.2026,17.06.2026,17.07.2026,19.07.2026,20.07.2026,20.07.2026,,A001,WH AHI JABABEKA
R100260612L049_A001,CDD LONG CHASSIS,3600000,0,0,0,300000,0,3900000,A001 - WH AHI JABABEKA,PT. BINTANG SAMUDRA RAYA,6,LATE,28,51,12.07.2026,13.06.2026,17.06.2026,17.07.2026,19.07.2026,20.07.2026,20.07.2026,,A001,WH AHI JABABEKA
R100260612L050_A001,CONT-20,15800000,0,0,0,0,0,15800000,A001 - WH AHI JABABEKA,PT. SENTOSAPRIMA ABADI,6,LATE,42,51,26.07.2026,13.06.2026,29.06.2026,27.07.2026,27.07.2026,29.07.2026,29.07.2026,,A001,WH AHI JABABEKA
R100260612L051_A001,CDD LONG CHASSIS,3500000,0,0,0,350000,0,3850000,A001 - WH AHI JABABEKA,PT. AGUNG MAKMUR JAYA,7,ON SCHEDULE,28,0,12.07.2026,13.06.2026,16.06.2026,24.06.2026,25.06.2026,26.06.2026,27.07.2026,,A001,WH AHI JABABEKA
R100260612L051_A001,CDD LONG CHASSIS,3500000,0,0,0,350000,0,3850000,A001 - WH AHI JABABEKA,PT. AGUNG MAKMUR JAYA,7,ON SCHEDULE,28,0,12.07.2026,13.06.2026,16.06.2026,24.06.2026,25.06.2026,26.06.2026,27.07.2026,,A001,WH AHI JABABEKA
R100260612L051_A001,CDD LONG CHASSIS,3500000,0,0,0,350000,0,3850000,A001 - WH AHI JABABEKA,PT. AGUNG MAKMUR JAYA,7,ON SCHEDULE,28,0,12.07.2026,13.06.2026,16.06.2026,24.06.2026,25.06.2026,26.06.2026,27.07.2026,,A001,WH AHI JABABEKA
R100260612L051_A001,CDD LONG CHASSIS,3500000,0,0,0,350000,0,3850000,A001 - WH AHI JABABEKA,PT. AGUNG MAKMUR JAYA,7,ON SCHEDULE,28,0,12.07.2026,13.06.2026,16.06.2026,24.06.2026,25.06.2026,26.06.2026,27.07.2026,,A001,WH AHI JABABEKA
R100260612T002_A001,CONT-40,8150000,0,0,0,0,0,8150000,A001 - WH AHI JABABEKA,PT. JATIM PETROLEUM TRANSPORT,2,LATE,10,45,30.06.2026,19.06.2026,16.07.2026,,,,,,A001,WH AHI JABABEKA
R100260612T003_A001,CONT-40,8150000,0,0,0,0,0,8150000,A001 - WH AHI JABABEKA,PT. JATIM PETROLEUM TRANSPORT,2,LATE,10,52,23.06.2026,12.06.2026,23.06.2026,26.06.2026,27.06.2026,,,,A001,WH AHI JABABEKA
R100260612T004_A001,CONT-20,3900000,0,0,0,0,0,3900000,A001 - WH AHI JABABEKA,PT. JATIM PETROLEUM TRANSPORT,2,LATE,10,45,30.06.2026,19.06.2026,23.06.2026,26.06.2026,27.06.2026,,,,A001,WH AHI JABABEKA
R100260612T005_A001,CONT-20,3900000,0,0,0,0,0,3900000,A001 - WH AHI JABABEKA,PT. JATIM PETROLEUM TRANSPORT,7,ON SCHEDULE,30,0,13.07.2026,12.06.2026,23.06.2026,26.06.2026,27.06.2026,30.06.2026,30.06.2026,,A001,WH AHI JABABEKA
R100260612T006_A001,CONT-20,3900000,0,0,0,0,0,3900000,A001 - WH AHI JABABEKA,PT. JATIM PETROLEUM TRANSPORT,7,ON SCHEDULE,30,0,13.07.2026,12.06.2026,23.06.2026,26.06.2026,27.06.2026,30.06.2026,30.06.2026,,A001,WH AHI JABABEKA
R100260612T007_A001,CONT-20,3900000,0,0,0,0,0,3900000,A001 - WH AHI JABABEKA,PT. JATIM PETROLEUM TRANSPORT,7,ON SCHEDULE,30,0,14.07.2026,13.06.2026,23.06.2026,26.06.2026,27.06.2026,30.06.2026,30.06.2026,,A001,WH AHI JABABEKA
R100260612T008_A001,CONT-20,3900000,0,0,0,0,0,3900000,A001 - WH AHI JABABEKA,PT. JATIM PETROLEUM TRANSPORT,7,ON SCHEDULE,30,0,20.07.2026,19.06.2026,23.06.2026,26.06.2026,27.06.2026,30.06.2026,30.06.2026,,A001,WH AHI JABABEKA
R100260612T019_A001,CONT-20,16600000,0,0,0,0,0,16600000,A001 - WH AHI JABABEKA,PT. TPIL LOGISTICS,2,LATE,21,52,04.07.2026,12.06.2026,02.07.2026,,,,,,A001,WH AHI JABABEKA
R100260612T020_A001,CONT-20,15800000,0,0,0,0,0,15800000,A001 - WH AHI JABABEKA,PT. SENTOSAPRIMA ABADI,6,LATE,41,52,24.07.2026,12.06.2026,28.06.2026,13.07.2026,14.07.2026,23.07.2026,23.07.2026,,A001,WH AHI JABABEKA
R100260612T021_A001,CONT-20,15600000,0,0,0,0,0,15600000,A001 - WH AHI JABABEKA,PT. MITRA INTERTRANS FORWARDING,6,LATE,40,52,24.07.2026,13.06.2026,28.06.2026,23.07.2026,23.07.2026,24.07.2026,24.07.2026,,A001,WH AHI JABABEKA
R100260612T022_A001,CONT-20,15600000,0,0,0,0,0,15600000,A001 - WH AHI JABABEKA,PT. MITRA INTERTRANS FORWARDING,6,LATE,40,52,24.07.2026,13.06.2026,28.06.2026,23.07.2026,23.07.2026,24.07.2026,24.07.2026,,A001,WH AHI JABABEKA
R100260612T023_A001,CONT-40,27200000,0,0,0,0,0,27200000,A001 - WH AHI JABABEKA,PT. SENTOSAPRIMA ABADI,6,LATE,39,52,23.07.2026,13.06.2026,02.07.2026,13.07.2026,14.07.2026,23.07.2026,23.07.2026,,A001,WH AHI JABABEKA
R100260612T041_A001,CONT-40,28000000,0,0,0,0,0,28000000,A001 - WH AHI JABABEKA,PT. TERATAI EMAS LOGISTINDO,4,LATE,27,52,11.07.2026,13.06.2026,18.07.2026,20.07.2026,21.07.2026,,,,A001,WH AHI JABABEKA
R100260612T042_A001,CONT-20,16600000,0,0,0,0,0,16600000,A001 - WH AHI JABABEKA,PT. TPIL LOGISTICS,2,LATE,21,52,05.07.2026,13.06.2026,02.07.2026,,,,,,A001,WH AHI JABABEKA
R100260612T043_A001,WINGBOX,7000000,0,0,0,0,0,7000000,A001 - WH AHI JABABEKA,PT. DUNIA EXPRESS TRANSINDO,6,LATE,30,51,14.07.2026,13.06.2026,17.06.2026,25.06.2026,25.06.2026,02.07.2026,02.07.2026,,A001,WH AHI JABABEKA
R100260612T044_A001,WINGBOX,7000000,0,0,0,0,0,7000000,A001 - WH AHI JABABEKA,PT. DUNIA EXPRESS TRANSINDO,6,LATE,30,52,14.07.2026,13.06.2026,16.06.2026,25.06.2026,25.06.2026,02.07.2026,02.07.2026,,A001,WH AHI JABABEKA
R100260612T060_A001,CONT-20,3900000,0,0,0,0,0,3900000,A001 - WH AHI JABABEKA,PT. JATIM PETROLEUM TRANSPORT,7,ON SCHEDULE,30,0,14.07.2026,13.06.2026,23.06.2026,26.06.2026,27.06.2026,30.06.2026,30.06.2026,,A001,WH AHI JABABEKA
R100260613L003_A001,WINGBOX,10700000,0,0,0,0,0,10700000,A001 - WH AHI JABABEKA,PT. BINTANG SAMUDRA RAYA,6,LATE,30,51,14.07.2026,13.06.2026,17.06.2026,13.07.2026,14.07.2026,16.07.2026,16.07.2026,,A001,WH AHI JABABEKA
R100260613L004_A001,WINGBOX,10700000,0,0,0,0,0,10700000,A001 - WH AHI JABABEKA,PT. BINTANG SAMUDRA RAYA,6,LATE,30,49,16.07.2026,15.06.2026,23.06.2026,13.07.2026,14.07.2026,16.07.2026,16.07.2026,,A001,WH AHI JABABEKA
R100260613L006_A001,CONT-20,15000000,0,0,0,0,0,15000000,A001 - WH AHI JABABEKA,PT. TPIL LOGISTICS,2,LATE,20,52,04.07.2026,13.06.2026,15.07.2026,,,,,,A001,WH AHI JABABEKA
R100260613L007_A001,FUSO,14950000,0,0,0,348000,0,15298000,A001 - WH AHI JABABEKA,PT. DUTA LINTAS NUSA,6,LATE,31,49,17.07.2026,15.06.2026,23.06.2026,08.07.2026,09.07.2026,21.07.2026,21.07.2026,,A001,WH AHI JABABEKA
R100260613L010_A001,CDD LONG CHASSIS,3100000,0,0,0,400000,0,3500000,A001 - WH AHI JABABEKA,PT. BINTANG SAMUDRA RAYA,7,ON SCHEDULE,28,0,12.07.2026,13.06.2026,17.06.2026,03.07.2026,07.07.2026,07.07.2026,07.07.2026,,A001,WH AHI JABABEKA
R100260613L010_A001,CDD LONG CHASSIS,3100000,0,0,0,400000,0,3500000,A001 - WH AHI JABABEKA,PT. BINTANG SAMUDRA RAYA,7,ON SCHEDULE,28,0,12.07.2026,13.06.2026,17.06.2026,03.07.2026,07.07.2026,07.07.2026,07.07.2026,,A001,WH AHI JABABEKA
R100260613L012_A001,CDD LONG CHASSIS,2350000,0,0,0,0,0,2350000,A001 - WH AHI JABABEKA,PT. BINTANG SAMUDRA RAYA,7,ON SCHEDULE,28,0,12.07.2026,13.06.2026,17.06.2026,19.06.2026,20.06.2026,02.07.2026,06.07.2026,,A001,WH AHI JABABEKA
R100260613L013_A001,CDD LONG CHASSIS,1750000,0,0,0,0,0,1750000,A001 - WH AHI JABABEKA,PT. CATUR GLOBAL LOGISTIK,6,LATE,26,50,11.07.2026,14.06.2026,16.06.2026,03.07.2026,03.07.2026,07.07.2026,07.07.2026,,A001,WH AHI JABABEKA
R100260613L014_A001,CDD LONG CHASSIS,2250000,0,0,0,0,0,2250000,A001 - WH AHI JABABEKA,PT. BINTANG SAMUDRA RAYA,7,ON SCHEDULE,28,0,12.07.2026,13.06.2026,17.06.2026,19.06.2026,20.06.2026,02.07.2026,06.07.2026,,A001,WH AHI JABABEKA
R100260613L015_A001,CDD LONG CHASSIS,2200000,0,0,0,0,0,2200000,A001 - WH AHI JABABEKA,PT. AGUNG MAKMUR JAYA,7,ON SCHEDULE,28,0,12.07.2026,13.06.2026,17.06.2026,17.06.2026,18.06.2026,19.06.2026,19.06.2026,,A001,WH AHI JABABEKA
R100260613L016_A001,CDD LONG CHASSIS,1750000,0,0,0,0,0,1750000,A001 - WH AHI JABABEKA,PT. DUTA MEDIA MANDIRI,6,LATE,27,50,12.07.2026,14.06.2026,16.06.2026,17.06.2026,17.06.2026,18.06.2026,06.07.2026,,A001,WH AHI JABABEKA
R100260613L017_A001,CDD LONG CHASSIS,1750000,0,0,0,0,0,1750000,A001 - WH AHI JABABEKA,PT. DUTA MEDIA MANDIRI,6,LATE,27,50,12.07.2026,14.06.2026,16.06.2026,17.06.2026,17.06.2026,18.06.2026,06.07.2026,,A001,WH AHI JABABEKA
R100260613L051_A001,CONT-20,18100000,0,0,0,0,0,18100000,A001 - WH AHI JABABEKA,PT. TPIL LOGISTICS,2,LATE,23,50,08.07.2026,14.06.2026,29.06.2026,,,,,,A001,WH AHI JABABEKA
R100260613L052_A001,CDD LONG CHASSIS,1700000,0,0,0,75000,0,1775000,A001 - WH AHI JABABEKA,PT. ANTAR JARINGAN SEPANJANG JALAN,7,ON SCHEDULE,28,0,14.07.2026,15.06.2026,17.06.2026,22.06.2026,22.06.2026,25.06.2026,25.06.2026,,A001,WH AHI JABABEKA
R100260613L053_A001,CDD LONG CHASSIS,1400000,0,0,0,200000,0,1600000,A001 - WH AHI JABABEKA,PT. BINTANG SAMUDRA RAYA,7,ON SCHEDULE,27,0,12.07.2026,14.06.2026,16.06.2026,03.07.2026,07.07.2026,07.07.2026,07.07.2026,,A001,WH AHI JABABEKA
R100260613L053_A001,CDD LONG CHASSIS,1400000,0,0,0,200000,0,1600000,A001 - WH AHI JABABEKA,PT. BINTANG SAMUDRA RAYA,7,ON SCHEDULE,27,0,12.07.2026,14.06.2026,16.06.2026,03.07.2026,07.07.2026,07.07.2026,07.07.2026,,A001,WH AHI JABABEKA
R100260613L054_A001,CDD LONG CHASSIS,1400000,0,0,0,200000,0,1600000,A001 - WH AHI JABABEKA,PT. BINTANG SAMUDRA RAYA,7,ON SCHEDULE,28,0,13.07.2026,14.06.2026,16.06.2026,03.07.2026,07.07.2026,07.07.2026,07.07.2026,,A001,WH AHI JABABEKA
R100260613L054_A001,CDD LONG CHASSIS,1400000,0,0,0,200000,0,1600000,A001 - WH AHI JABABEKA,PT. BINTANG SAMUDRA RAYA,7,ON SCHEDULE,28,0,13.07.2026,14.06.2026,16.06.2026,03.07.2026,07.07.2026,07.07.2026,07.07.2026,,A001,WH AHI JABABEKA
R100260613L055_A001,CDD LONG CHASSIS,1400000,0,0,0,200000,0,1600000,A001 - WH AHI JABABEKA,PT. BINTANG SAMUDRA RAYA,7,ON SCHEDULE,27,0,12.07.2026,14.06.2026,16.06.2026,03.07.2026,07.07.2026,07.07.2026,07.07.2026,,A001,WH AHI JABABEKA
R100260613L055_A001,CDD LONG CHASSIS,1400000,0,0,0,200000,0,1600000,A001 - WH AHI JABABEKA,PT. BINTANG SAMUDRA RAYA,7,ON SCHEDULE,27,0,12.07.2026,14.06.2026,16.06.2026,03.07.2026,07.07.2026,07.07.2026,07.07.2026,,A001,WH AHI JABABEKA
R100260613L056_A001,CDD LONG CHASSIS,1400000,0,0,0,0,0,1400000,A001 - WH AHI JABABEKA,PT. BINTANG SAMUDRA RAYA,7,ON SCHEDULE,28,0,12.07.2026,13.06.2026,17.06.2026,19.06.2026,20.06.2026,02.07.2026,06.07.2026,,A001,WH AHI JABABEKA
R100260613L057_A001,CDD LONG CHASSIS,1400000,0,0,0,200000,0,1600000,A001 - WH AHI JABABEKA,PT. BINTANG SAMUDRA RAYA,7,ON SCHEDULE,28,0,12.07.2026,13.06.2026,17.06.2026,03.07.2026,07.07.2026,07.07.2026,07.07.2026,,A001,WH AHI JABABEKA
R100260613L058_A001,CDD LONG CHASSIS,1400000,0,0,0,200000,0,1600000,A001 - WH AHI JABABEKA,PT. BINTANG SAMUDRA RAYA,7,ON SCHEDULE,28,0,13.07.2026,14.06.2026,16.06.2026,03.07.2026,07.07.2026,07.07.2026,07.07.2026,,A001,WH AHI JABABEKA
R100260613L058_A001,CDD LONG CHASSIS,1400000,0,0,0,200000,0,1600000,A001 - WH AHI JABABEKA,PT. BINTANG SAMUDRA RAYA,7,ON SCHEDULE,28,0,13.07.2026,14.06.2026,16.06.2026,03.07.2026,07.07.2026,07.07.2026,07.07.2026,,A001,WH AHI JABABEKA
R100260613L059_A001,CDD LONG CHASSIS,1725000,0,0,0,0,0,1725000,A001 - WH AHI JABABEKA,PT. BINTANG SAMUDRA RAYA,7,ON SCHEDULE,28,0,13.07.2026,14.06.2026,16.06.2026,19.06.2026,20.06.2026,02.07.2026,06.07.2026,,A001,WH AHI JABABEKA
R100260613L060_A001,CDD LONG CHASSIS,4900000,0,0,0,150000,0,5050000,A001 - WH AHI JABABEKA,PT.ORANG KREATIF EKSIS,6,LATE,28,51,12.07.2026,13.06.2026,16.06.2026,26.06.2026,26.06.2026,08.07.2026,08.07.2026,,A001,WH AHI JABABEKA
R100260613L061_A001,CDD LONG CHASSIS,2250000,0,0,0,0,0,2250000,A001 - WH AHI JABABEKA,PT. BINTANG SAMUDRA RAYA,6,LATE,28,51,12.07.2026,13.06.2026,17.06.2026,13.07.2026,14.07.2026,16.07.2026,17.07.2026,,A001,WH AHI JABABEKA
R100260613L062_A001,CDD LONG CHASSIS,2250000,0,0,0,0,0,2250000,A001 - WH AHI JABABEKA,PT. BINTANG SAMUDRA RAYA,6,LATE,28,51,12.07.2026,13.06.2026,17.06.2026,13.07.2026,14.07.2026,16.07.2026,17.07.2026,,A001,WH AHI JABABEKA
R100260613L063_A001,WINGBOX,10700000,0,0,0,0,0,10700000,A001 - WH AHI JABABEKA,PT. BINTANG SAMUDRA RAYA,6,LATE,30,48,17.07.2026,16.06.2026,23.06.2026,13.07.2026,14.07.2026,16.07.2026,16.07.2026,,A001,WH AHI JABABEKA
R100260613L064_A001,WINGBOX,10700000,0,0,0,0,0,10700000,A001 - WH AHI JABABEKA,PT. BINTANG SAMUDRA RAYA,7,ON SCHEDULE,30,0,17.07.2026,16.06.2026,23.06.2026,09.07.2026,10.07.2026,10.07.2026,10.07.2026,,A001,WH AHI JABABEKA
R100260613L085_A001,CDD LONG CHASSIS,3500000,0,0,0,0,0,3500000,A001 - WH AHI JABABEKA,PT. AGUNG MAKMUR JAYA,7,ON SCHEDULE,26,0,10.07.2026,13.06.2026,16.06.2026,17.06.2026,19.06.2026,19.06.2026,19.06.2026,,A001,WH AHI JABABEKA
R100260613T005_A001,WINGBOX,5650000,0,0,0,0,0,5650000,A001 - WH AHI JABABEKA,PT. DUTA MEDIA MANDIRI,7,ON SCHEDULE,30,0,14.07.2026,13.06.2026,17.06.2026,17.06.2026,18.06.2026,25.06.2026,25.06.2026,,A001,WH AHI JABABEKA
R100260613T006_A001,CONT-40,8150000,0,0,0,0,0,8150000,A001 - WH AHI JABABEKA,PT. JATIM PETROLEUM TRANSPORT,6,LATE,30,51,14.07.2026,13.06.2026,23.06.2026,15.07.2026,16.07.2026,03.08.2026,03.08.2026,,A001,WH AHI JABABEKA
R100260613T007_A001,CONT-20,3900000,0,0,0,0,0,3900000,A001 - WH AHI JABABEKA,PT. JATIM PETROLEUM TRANSPORT,7,ON SCHEDULE,30,0,14.07.2026,13.06.2026,23.06.2026,26.06.2026,27.06.2026,30.06.2026,30.06.2026,,A001,WH AHI JABABEKA
R100260613T008_A001,CONT-20,3900000,0,0,0,0,0,3900000,A001 - WH AHI JABABEKA,PT. JATIM PETROLEUM TRANSPORT,7,ON SCHEDULE,30,0,14.07.2026,13.06.2026,23.06.2026,26.06.2026,27.06.2026,30.06.2026,30.06.2026,,A001,WH AHI JABABEKA
R100260613T009_A001,CONT-20,3900000,0,0,0,0,0,3900000,A001 - WH AHI JABABEKA,PT. JATIM PETROLEUM TRANSPORT,7,ON SCHEDULE,30,0,14.07.2026,13.06.2026,23.06.2026,26.06.2026,27.06.2026,30.06.2026,30.06.2026,,A001,WH AHI JABABEKA
R100260613T035_A001,CONT-40,28000000,0,0,0,0,0,28000000,A001 - WH AHI JABABEKA,PT. TERATAI EMAS LOGISTINDO,4,LATE,27,50,12.07.2026,14.06.2026,18.07.2026,20.07.2026,21.07.2026,,,,A001,WH AHI JABABEKA
R100260613T036_A001,CONT-20,17550000,0,0,0,0,0,17550000,A001 - WH AHI JABABEKA,PT. MITRA INTERTRANS FORWARDING,6,LATE,41,51,26.07.2026,14.06.2026,02.07.2026,28.07.2026,28.07.2026,29.07.2026,29.07.2026,,A001,WH AHI JABABEKA
R100260613T037_A001,CONT-20,15550000,0,0,0,0,0,15550000,A001 - WH AHI JABABEKA,PT. TPIL LOGISTICS,2,LATE,20,51,05.07.2026,14.06.2026,02.07.2026,,,,,,A001,WH AHI JABABEKA
R100260613T060_A001,CONT-40,8750000,0,0,0,0,0,8750000,A001 - WH AHI JABABEKA,PT. CIKARANG GERBANG SOLUSI,2,LATE,10,51,24.06.2026,13.06.2026,24.06.2026,,,,,,A001,WH AHI JABABEKA
R100260613T062_A001,CONT-40,28000000,0,0,0,0,0,28000000,A001 - WH AHI JABABEKA,PT. TERATAI EMAS LOGISTINDO,4,LATE,27,48,14.07.2026,16.06.2026,18.07.2026,20.07.2026,21.07.2026,,,,A001,WH AHI JABABEKA
R100260614L019_A001,CDD LONG CHASSIS,4900000,0,0,0,150000,0,5050000,A001 - WH AHI JABABEKA,PT.ORANG KREATIF EKSIS,6,LATE,28,50,13.07.2026,14.06.2026,16.06.2026,26.06.2026,26.06.2026,08.07.2026,08.07.2026,,A001,WH AHI JABABEKA
R100260614L020_A001,CONT-20,22560000,0,0,0,0,0,22560000,A001 - WH AHI JABABEKA,PT KAMADJAJA LOGISTICS,6,LATE,41,49,28.07.2026,16.06.2026,03.07.2026,13.07.2026,13.07.2026,14.07.2026,14.07.2026,,A001,WH AHI JABABEKA
R100260614L021_A001,FUSO,14750000,0,0,0,200000,0,14950000,A001 - WH AHI JABABEKA,PT. SATRIA PIRANTI PERKASA,6,LATE,41,50,26.07.2026,14.06.2026,19.06.2026,09.07.2026,09.07.2026,14.07.2026,14.07.2026,,A001,WH AHI JABABEKA
R100260614L022_A001,CONT-20,18100000,0,0,0,0,0,18100000,A001 - WH AHI JABABEKA,PT. TPIL LOGISTICS,2,LATE,23,50,08.07.2026,14.06.2026,29.06.2026,,,,,,A001,WH AHI JABABEKA
R100260614L023_A001,CDD LONG CHASSIS,1850000,0,0,0,0,0,1850000,A001 - WH AHI JABABEKA,PT.ORANG KREATIF EKSIS,6,LATE,28,50,13.07.2026,14.06.2026,16.06.2026,21.07.2026,21.07.2026,29.07.2026,29.07.2026,,A001,WH AHI JABABEKA
R100260614L024_A001,FUSO,19350000,0,0,0,200000,0,19550000,A001 - WH AHI JABABEKA,PT. SATRIA PIRANTI PERKASA,6,LATE,41,49,28.07.2026,16.06.2026,24.06.2026,09.07.2026,09.07.2026,14.07.2026,14.07.2026,,A001,WH AHI JABABEKA
R100260614L025_A001,CDD LONG CHASSIS,2400000,0,0,0,0,0,2400000,A001 - WH AHI JABABEKA,PT. AGUNG MAKMUR JAYA,7,ON SCHEDULE,28,0,13.07.2026,14.06.2026,16.06.2026,17.06.2026,17.06.2026,19.06.2026,19.06.2026,,A001,WH AHI JABABEKA
R100260614L026_A001,CDD LONG CHASSIS,1600000,0,0,0,0,0,1600000,A001 - WH AHI JABABEKA,PT. BINTANG SAMUDRA RAYA,7,ON SCHEDULE,28,0,13.07.2026,14.06.2026,16.06.2026,19.06.2026,20.06.2026,02.07.2026,06.07.2026,,A001,WH AHI JABABEKA
R100260614L031_A001,CDD LONG CHASSIS,1400000,0,0,0,0,0,1400000,A001 - WH AHI JABABEKA,PT. BINTANG SAMUDRA RAYA,7,ON SCHEDULE,28,0,13.07.2026,14.06.2026,16.06.2026,19.06.2026,20.06.2026,02.07.2026,06.07.2026,,A001,WH AHI JABABEKA
R100260614L032_A001,CDD LONG CHASSIS,1600000,0,0,0,0,0,1600000,A001 - WH AHI JABABEKA,PT. AGUNG MAKMUR JAYA,7,ON SCHEDULE,28,0,14.07.2026,15.06.2026,17.06.2026,17.06.2026,18.06.2026,19.06.2026,19.06.2026,,A001,WH AHI JABABEKA
R100260614L033_A001,CDD LONG CHASSIS,1725000,0,0,0,0,0,1725000,A001 - WH AHI JABABEKA,PT. BINTANG SAMUDRA RAYA,7,ON SCHEDULE,27,0,12.07.2026,14.06.2026,16.06.2026,19.06.2026,20.06.2026,03.07.2026,06.07.2026,,A001,WH AHI JABABEKA
R100260614L034_A001,CDD LONG CHASSIS,2250000,0,0,0,0,0,2250000,A001 - WH AHI JABABEKA,PT. BINTANG SAMUDRA RAYA,7,ON SCHEDULE,28,0,13.07.2026,14.06.2026,16.06.2026,19.06.2026,20.06.2026,02.07.2026,06.07.2026,,A001,WH AHI JABABEKA
R100260614L035_A001,CDD LONG CHASSIS,1400000,0,0,0,0,0,1400000,A001 - WH AHI JABABEKA,PT. BINTANG SAMUDRA RAYA,7,ON SCHEDULE,29,0,14.07.2026,14.06.2026,16.06.2026,19.06.2026,20.06.2026,02.07.2026,06.07.2026,,A001,WH AHI JABABEKA
R100260614L036_A001,CDD LONG CHASSIS,1950000,0,0,0,0,0,1950000,A001 - WH AHI JABABEKA,PT. BINTANG SAMUDRA RAYA,7,ON SCHEDULE,28,0,14.07.2026,15.06.2026,17.06.2026,19.06.2026,20.06.2026,02.07.2026,06.07.2026,,A001,WH AHI JABABEKA
R100260614L037_A001,CDD LONG CHASSIS,1400000,0,0,0,200000,0,1600000,A001 - WH AHI JABABEKA,PT. BINTANG SAMUDRA RAYA,7,ON SCHEDULE,28,0,13.07.2026,14.06.2026,16.06.2026,03.07.2026,07.07.2026,07.07.2026,07.07.2026,,A001,WH AHI JABABEKA
R100260614L038_A001,CONT-20,0,0,0,0,0,0,0,A001 - WH AHI JABABEKA,PT. TPIL LOGISTICS,2,LATE,27,50,12.07.2026,14.06.2026,18.07.2026,,,,,,A001,WH AHI JABABEKA
R100260614L039_A001,FUSO,20500000,0,0,0,300000,0,20800000,A001 - WH AHI JABABEKA,PT. SATRIA PIRANTI PERKASA,6,LATE,31,48,18.07.2026,16.06.2026,23.06.2026,14.07.2026,15.07.2026,15.07.2026,15.07.2026,,A001,WH AHI JABABEKA
R100260614T004_A001,CONT-40,8500000,0,0,0,0,0,8500000,A001 - WH AHI JABABEKA,PT. DINOYO PUTRA MANDIRI,7,ON SCHEDULE,30,0,16.07.2026,15.06.2026,19.06.2026,22.06.2026,22.06.2026,25.06.2026,25.06.2026,,A001,WH AHI JABABEKA
R100260614T005_A001,CONT-40,8150000,0,0,0,0,0,8150000,A001 - WH AHI JABABEKA,PT. JATIM PETROLEUM TRANSPORT,6,LATE,30,50,16.07.2026,15.06.2026,23.06.2026,15.07.2026,16.07.2026,03.08.2026,03.08.2026,,A001,WH AHI JABABEKA
R100260614T006_A001,CONT-20,3900000,0,0,0,0,0,3900000,A001 - WH AHI JABABEKA,PT. JATIM PETROLEUM TRANSPORT,6,LATE,30,50,15.07.2026,14.06.2026,24.06.2026,15.07.2026,16.07.2026,03.08.2026,03.08.2026,,A001,WH AHI JABABEKA
R100260614T007_A001,CONT-20,3900000,0,0,0,0,0,3900000,A001 - WH AHI JABABEKA,PT. JATIM PETROLEUM TRANSPORT,7,ON SCHEDULE,30,0,15.07.2026,14.06.2026,23.06.2026,26.06.2026,27.06.2026,30.06.2026,30.06.2026,,A001,WH AHI JABABEKA
R100260614T008_A001,CONT-20,3900000,0,0,0,0,0,3900000,A001 - WH AHI JABABEKA,PT. JATIM PETROLEUM TRANSPORT,7,ON SCHEDULE,30,0,15.07.2026,14.06.2026,23.06.2026,26.06.2026,27.06.2026,30.06.2026,30.06.2026,,A001,WH AHI JABABEKA
R100260614T009_A001,WINGBOX,5650000,0,0,0,0,0,5650000,A001 - WH AHI JABABEKA,PT. DUTA MEDIA MANDIRI,7,ON SCHEDULE,30,0,20.07.2026,19.06.2026,23.06.2026,23.06.2026,24.06.2026,26.06.2026,26.06.2026,,A001,WH AHI JABABEKA
R100260614T010_A001,WINGBOX,5650000,0,0,0,0,0,5650000,A001 - WH AHI JABABEKA,PT. DUTA MEDIA MANDIRI,7,ON SCHEDULE,30,0,16.07.2026,15.06.2026,19.06.2026,23.06.2026,24.06.2026,25.06.2026,25.06.2026,,A001,WH AHI JABABEKA
R100260614T011_A001,CONT-20,3900000,0,0,0,0,0,3900000,A001 - WH AHI JABABEKA,PT. JATIM PETROLEUM TRANSPORT,6,LATE,30,49,16.07.2026,15.06.2026,23.06.2026,15.07.2026,16.07.2026,03.08.2026,03.08.2026,,A001,WH AHI JABABEKA
R100260614T012_A001,CONT-20,3900000,0,0,0,0,0,3900000,A001 - WH AHI JABABEKA,PT. JATIM PETROLEUM TRANSPORT,6,LATE,30,49,16.07.2026,15.06.2026,23.06.2026,15.07.2026,16.07.2026,03.08.2026,03.08.2026,,A001,WH AHI JABABEKA
R100260614T013_A001,CONT-40,28000000,0,0,0,0,0,28000000,A001 - WH AHI JABABEKA,PT. TERATAI EMAS LOGISTINDO,4,LATE,27,50,13.07.2026,15.06.2026,15.07.2026,15.07.2026,15.07.2026,,,,A001,WH AHI JABABEKA
R100260614T014_A001,CONT-40,30000000,0,0,550000,0,0,30550000,A001 - WH AHI JABABEKA,PT. TERATAI EMAS LOGISTINDO,6,LATE,36,49,22.07.2026,15.06.2026,28.06.2026,14.07.2026,15.07.2026,29.07.2026,29.07.2026,,A001,WH AHI JABABEKA
R100260614T027_A001,CONT-40,34700000,0,0,0,0,0,34700000,A001 - WH AHI JABABEKA,PT. SARANA TRANS SUMATERA,6,LATE,47,49,03.08.2026,16.06.2026,02.07.2026,30.07.2026,30.07.2026,30.07.2026,30.07.2026,,A001,WH AHI JABABEKA
R100260614T028_A001,CONT-20,0,0,0,0,0,0,0,A001 - WH AHI JABABEKA,PT. TPIL LOGISTICS,2,LATE,27,49,14.07.2026,16.06.2026,28.06.2026,,,,,,A001,WH AHI JABABEKA
R100260615B003_A001,CDD LONG CHASSIS,7400000,0,0,0,0,0,7400000,A001 - WH AHI JABABEKA,PT. BINTANG SAMUDRA RAYA,7,ON SCHEDULE,26,0,13.07.2026,16.06.2026,20.06.2026,02.07.2026,03.07.2026,03.07.2026,06.07.2026,,A001,WH AHI JABABEKA
R100260615B004_A001,CDD LONG CHASSIS,3500000,0,0,0,0,0,3500000,A001 - WH AHI JABABEKA,PT. AGUNG MAKMUR JAYA,7,ON SCHEDULE,26,0,13.07.2026,16.06.2026,20.06.2026,23.06.2026,24.06.2026,26.06.2026,27.07.2026,,A001,WH AHI JABABEKA
R100260615L038_A001,CDD LONG CHASSIS,3500000,0,0,0,100000,0,3600000,A001 - WH AHI JABABEKA,PT. AGUNG MAKMUR JAYA,7,ON SCHEDULE,28,0,15.07.2026,16.06.2026,19.06.2026,24.06.2026,25.06.2026,26.06.2026,27.07.2026,,A001,WH AHI JABABEKA
R100260615L038_A001,CDD LONG CHASSIS,3500000,0,0,0,100000,0,3600000,A001 - WH AHI JABABEKA,PT. AGUNG MAKMUR JAYA,7,ON SCHEDULE,28,0,15.07.2026,16.06.2026,19.06.2026,24.06.2026,25.06.2026,26.06.2026,27.07.2026,,A001,WH AHI JABABEKA
R100260615L038_A001,CDD LONG CHASSIS,3500000,0,0,0,100000,0,3600000,A001 - WH AHI JABABEKA,PT. AGUNG MAKMUR JAYA,7,ON SCHEDULE,28,0,15.07.2026,16.06.2026,19.06.2026,24.06.2026,25.06.2026,26.06.2026,27.07.2026,,A001,WH AHI JABABEKA
R100260615L040_A001,CDD LONG CHASSIS,3100000,0,0,0,0,0,3100000,A001 - WH AHI JABABEKA,PT. BINTANG SAMUDRA RAYA,7,ON SCHEDULE,29,0,16.07.2026,16.06.2026,19.06.2026,09.07.2026,10.07.2026,10.07.2026,13.07.2026,,A001,WH AHI JABABEKA
R100260615L041_A001,CDD LONG CHASSIS,3900000,0,0,0,400000,0,4300000,A001 - WH AHI JABABEKA,PT. BINTANG SAMUDRA RAYA,7,ON SCHEDULE,28,0,15.07.2026,16.06.2026,19.06.2026,03.07.2026,07.07.2026,07.07.2026,07.07.2026,,A001,WH AHI JABABEKA
R100260615L042_A001,FUSO,15250000,0,0,0,250000,0,15500000,A001 - WH AHI JABABEKA,PT LOGISTIK CANGGIH INDONESIA,6,LATE,31,49,18.07.2026,16.06.2026,24.06.2026,26.06.2026,26.06.2026,02.07.2026,08.07.2026,,A001,WH AHI JABABEKA
R100260615L043_A001,CONT-20,17000000,0,0,0,0,0,17000000,A001 - WH AHI JABABEKA,PT. TPIL LOGISTICS,2,LATE,21,48,08.07.2026,16.06.2026,09.07.2026,,,,,,A001,WH AHI JABABEKA
R100260615L051_A001,FUSO,12500000,0,0,0,350000,0,12850000,A001 - WH AHI JABABEKA,PT.DHANESWARA EXPRES,6,LATE,31,48,18.07.2026,16.06.2026,23.06.2026,30.06.2026,09.07.2026,13.07.2026,14.07.2026,,A001,WH AHI JABABEKA
R100260615L052_A001,CONT-20,22000000,0,0,0,0,0,22000000,A001 - WH AHI JABABEKA,PT. CRIETA LOGISTIC,6,NEAR LATE,48,48,04.08.2026,16.06.2026,09.07.2026,03.08.2026,03.08.2026,03.08.2026,03.08.2026,,A001,WH AHI JABABEKA
R100260615L056_A001,FUSO,12500000,0,0,0,350000,0,12850000,A001 - WH AHI JABABEKA,PT.DHANESWARA EXPRES,6,LATE,31,49,18.07.2026,16.06.2026,23.06.2026,26.06.2026,26.06.2026,09.07.2026,09.07.2026,,A001,WH AHI JABABEKA
R100260615L057_A001,CONT-20,0,0,0,0,0,0,0,A001 - WH AHI JABABEKA,PT. TPIL LOGISTICS,2,LATE,21,48,08.07.2026,16.06.2026,30.06.2026,,,,,,A001,WH AHI JABABEKA
R100260615L079_A001,CDD LONG CHASSIS,4900000,0,0,0,150000,0,5050000,A001 - WH AHI JABABEKA,PT.ORANG KREATIF EKSIS,6,LATE,28,48,15.07.2026,16.06.2026,19.06.2026,26.06.2026,26.06.2026,08.07.2026,08.07.2026,,A001,WH AHI JABABEKA
R100260615T001_A001,CONT-40,8750000,0,0,0,0,0,8750000,A001 - WH AHI JABABEKA,PT. CIKARANG GERBANG SOLUSI,2,LATE,10,49,26.06.2026,15.06.2026,25.06.2026,,,,,,A001,WH AHI JABABEKA
R100260615T002_A001,CONT-40,8150000,0,0,0,0,0,8150000,A001 - WH AHI JABABEKA,PT. JATIM PETROLEUM TRANSPORT,4,LATE,18,49,05.07.2026,16.06.2026,23.06.2026,15.07.2026,16.07.2026,,,,A001,WH AHI JABABEKA
R100260615T003_A001,CONT-20,3900000,0,0,0,0,0,3900000,A001 - WH AHI JABABEKA,PT. JATIM PETROLEUM TRANSPORT,6,LATE,30,49,16.07.2026,15.06.2026,23.06.2026,15.07.2026,16.07.2026,03.08.2026,03.08.2026,,A001,WH AHI JABABEKA
R100260615T004_A001,CONT-20,3900000,0,0,0,0,0,3900000,A001 - WH AHI JABABEKA,PT. JATIM PETROLEUM TRANSPORT,6,LATE,30,49,16.07.2026,15.06.2026,23.06.2026,15.07.2026,16.07.2026,03.08.2026,03.08.2026,,A001,WH AHI JABABEKA
R100260615T005_A001,CONT-20,3900000,0,0,0,0,0,3900000,A001 - WH AHI JABABEKA,PT. JATIM PETROLEUM TRANSPORT,6,LATE,30,49,16.07.2026,15.06.2026,23.06.2026,15.07.2026,16.07.2026,03.08.2026,03.08.2026,,A001,WH AHI JABABEKA
R100260615T006_A001,CONT-40,27300000,0,0,0,0,0,27300000,A001 - WH AHI JABABEKA,PT. TPIL LOGISTICS,2,LATE,19,48,06.07.2026,16.06.2026,02.07.2026,,,,,,A001,WH AHI JABABEKA
R100260615T007_A001,WINGBOX,5650000,0,0,0,0,0,5650000,A001 - WH AHI JABABEKA,PT. DUTA MEDIA MANDIRI,7,ON SCHEDULE,30,0,17.07.2026,16.06.2026,23.06.2026,23.06.2026,24.06.2026,25.06.2026,25.06.2026,,A001,WH AHI JABABEKA
R100260615T008_A001,WINGBOX,5650000,0,0,0,0,0,5650000,A001 - WH AHI JABABEKA,PT. DUTA MEDIA MANDIRI,7,ON SCHEDULE,30,0,17.07.2026,16.06.2026,23.06.2026,23.06.2026,24.06.2026,25.06.2026,25.06.2026,,A001,WH AHI JABABEKA
R100260615T009_A001,CONT-20,3900000,0,0,0,0,0,3900000,A001 - WH AHI JABABEKA,PT. JATIM PETROLEUM TRANSPORT,4,LATE,18,49,05.07.2026,16.06.2026,23.06.2026,15.07.2026,16.07.2026,,,,A001,WH AHI JABABEKA
R100260615T010_A001,CONT-20,3900000,0,0,0,0,0,3900000,A001 - WH AHI JABABEKA,PT. JATIM PETROLEUM TRANSPORT,4,LATE,18,49,05.07.2026,16.06.2026,23.06.2026,15.07.2026,16.07.2026,,,,A001,WH AHI JABABEKA
R100260615T012_A001,CONT-20,16200000,0,0,0,0,0,16200000,A001 - WH AHI JABABEKA,PT. TPIL LOGISTICS,2,LATE,19,49,06.07.2026,16.06.2026,09.07.2026,,,,,,A001,WH AHI JABABEKA
R100260615T013_A001,CONT-20,15400000,0,0,0,0,0,15400000,A001 - WH AHI JABABEKA,PT. SENTOSAPRIMA ABADI,4,LATE,24,49,11.07.2026,16.06.2026,27.06.2026,13.07.2026,14.07.2026,,,,A001,WH AHI JABABEKA
R100260615T014_A001,CONT-20,15800000,0,0,0,0,0,15800000,A001 - WH AHI JABABEKA,PT. SENTOSAPRIMA ABADI,6,LATE,41,49,28.07.2026,16.06.2026,02.07.2026,13.07.2026,14.07.2026,23.07.2026,23.07.2026,,A001,WH AHI JABABEKA
R100260615T033_A001,CONT-40,28000000,0,0,0,0,0,28000000,A001 - WH AHI JABABEKA,PT. TERATAI EMAS LOGISTINDO,4,LATE,27,49,13.07.2026,15.06.2026,15.07.2026,15.07.2026,15.07.2026,,,,A001,WH AHI JABABEKA
R100260616B001_A001,CDD LONG CHASSIS,7500000,0,0,0,0,0,7500000,A001 - WH AHI JABABEKA,PT.ORANG KREATIF EKSIS,6,LATE,26,47,15.07.2026,18.06.2026,23.06.2026,26.06.2026,26.06.2026,08.07.2026,08.07.2026,,A001,WH AHI JABABEKA
R100260616L003_A001,CDD LONG CHASSIS,0,0,0,0,0,0,0,A001 - WH AHI JABABEKA,PT. MERPATI ALAM SEMESTA,2,LATE,27,48,14.07.2026,16.06.2026,03.07.2026,,,,,,A001,WH AHI JABABEKA
R100260616L008_A001,CONT-20,14900000,0,0,0,0,0,14900000,A001 - WH AHI JABABEKA,PT. MITRA INTERTRANS FORWARDING,2,LATE,18,45,09.07.2026,20.06.2026,07.07.2026,,,,,,A001,WH AHI JABABEKA
R100260616L009_A001,CONT-20,17000000,0,0,0,0,0,17000000,A001 - WH AHI JABABEKA,PT. TPIL LOGISTICS,2,LATE,21,48,09.07.2026,17.06.2026,07.07.2026,,,,,,A001,WH AHI JABABEKA
R100260616L010_A001,CDD LONG CHASSIS,2850000,0,0,0,0,0,2850000,A001 - WH AHI JABABEKA,PT. BINTANG SAMUDRA RAYA,7,ON SCHEDULE,28,0,15.07.2026,16.06.2026,19.06.2026,19.06.2026,20.06.2026,02.07.2026,06.07.2026,,A001,WH AHI JABABEKA
R100260616L011_A001,CDD LONG CHASSIS,3500000,0,0,0,300000,0,3800000,A001 - WH AHI JABABEKA,PT.DHANESWARA EXPRES,6,LATE,28,48,15.07.2026,16.06.2026,19.06.2026,26.06.2026,26.06.2026,09.07.2026,09.07.2026,,A001,WH AHI JABABEKA
R100260616L017_A001,WINGBOX,14800000,0,0,0,200000,0,15000000,A001 - WH AHI JABABEKA,PT. SATRIA PIRANTI PERKASA,6,LATE,41,47,29.07.2026,17.06.2026,23.06.2026,13.07.2026,14.07.2026,17.07.2026,17.07.2026,,A001,WH AHI JABABEKA
R100260616L018_A001,CDD LONG CHASSIS,4900000,0,0,0,150000,0,5050000,A001 - WH AHI JABABEKA,PT.ORANG KREATIF EKSIS,6,LATE,28,48,16.07.2026,17.06.2026,23.06.2026,26.06.2026,26.06.2026,08.07.2026,08.07.2026,,A001,WH AHI JABABEKA
R100260616L048_A001,CONT-20,17200000,0,0,0,0,0,17200000,A001 - WH AHI JABABEKA,PT. SENTOSAPRIMA ABADI,6,LATE,41,46,30.07.2026,18.06.2026,07.07.2026,13.07.2026,14.07.2026,23.07.2026,23.07.2026,,A001,WH AHI JABABEKA
R100260616L051_A001,CONT-20,0,0,0,0,0,0,0,A001 - WH AHI JABABEKA,PT. TPIL LOGISTICS,2,LATE,21,47,09.07.2026,17.06.2026,30.06.2026,,,,,,A001,WH AHI JABABEKA
R100260616L054_A001,CONT-20,0,0,0,0,0,0,0,A001 - WH AHI JABABEKA,PT. MITRA INTERTRANS FORWARDING,2,LATE,27,45,17.07.2026,19.06.2026,18.07.2026,,,,,,A001,WH AHI JABABEKA
R100260616T005_A001,CONT-40,8150000,0,0,0,0,0,8150000,A001 - WH AHI JABABEKA,PT. JATIM PETROLEUM TRANSPORT,6,LATE,30,48,17.07.2026,16.06.2026,23.06.2026,15.07.2026,16.07.2026,03.08.2026,03.08.2026,,A001,WH AHI JABABEKA
R100260616T006_A001,CONT-40,8150000,0,0,0,0,0,8150000,A001 - WH AHI JABABEKA,PT. JATIM PETROLEUM TRANSPORT,4,LATE,18,46,07.07.2026,18.06.2026,25.06.2026,15.07.2026,16.07.2026,,,,A001,WH AHI JABABEKA
R100260616T007_A001,CONT-20,3900000,0,0,0,0,0,3900000,A001 - WH AHI JABABEKA,PT. JATIM PETROLEUM TRANSPORT,4,LATE,18,48,06.07.2026,17.06.2026,24.06.2026,15.07.2026,16.07.2026,,,,A001,WH AHI JABABEKA
R100260616T008_A001,CONT-20,3900000,0,0,0,0,0,3900000,A001 - WH AHI JABABEKA,PT. JATIM PETROLEUM TRANSPORT,6,LATE,30,48,18.07.2026,17.06.2026,24.06.2026,15.07.2026,16.07.2026,03.08.2026,03.08.2026,,A001,WH AHI JABABEKA
R100260616T009_A001,CONT-20,3900000,0,0,0,0,0,3900000,A001 - WH AHI JABABEKA,PT. JATIM PETROLEUM TRANSPORT,4,LATE,18,48,06.07.2026,17.06.2026,24.06.2026,15.07.2026,16.07.2026,,,,A001,WH AHI JABABEKA
R100260616T010_A001,CONT-40,28000000,0,0,0,0,0,28000000,A001 - WH AHI JABABEKA,PT. TERATAI EMAS LOGISTINDO,4,LATE,27,48,15.07.2026,17.06.2026,18.07.2026,20.07.2026,21.07.2026,,,,A001,WH AHI JABABEKA
R100260616T012_A001,WINGBOX,7000000,0,0,0,0,0,7000000,A001 - WH AHI JABABEKA,PT. DUNIA EXPRESS TRANSINDO,6,LATE,30,48,17.07.2026,16.06.2026,23.06.2026,25.06.2026,25.06.2026,02.07.2026,02.07.2026,,A001,WH AHI JABABEKA
R100260616T013_A001,CONT-20,3900000,0,0,0,0,0,3900000,A001 - WH AHI JABABEKA,PT. JATIM PETROLEUM TRANSPORT,6,LATE,30,45,20.07.2026,19.06.2026,24.06.2026,15.07.2026,16.07.2026,03.08.2026,03.08.2026,,A001,WH AHI JABABEKA
R100260616T014_A001,CONT-20,3900000,0,0,0,0,0,3900000,A001 - WH AHI JABABEKA,PT. JATIM PETROLEUM TRANSPORT,6,LATE,30,48,18.07.2026,17.06.2026,25.06.2026,15.07.2026,16.07.2026,03.08.2026,03.08.2026,,A001,WH AHI JABABEKA
R100260616T022_A001,CONT-40,28000000,0,0,0,0,0,28000000,A001 - WH AHI JABABEKA,PT. TERATAI EMAS LOGISTINDO,6,LATE,39,48,27.07.2026,17.06.2026,15.07.2026,15.07.2026,15.07.2026,29.07.2026,29.07.2026,,A001,WH AHI JABABEKA
R100260616T023_A001,CONT-40,30400000,0,0,0,0,0,30400000,A001 - WH AHI JABABEKA,PT. SENTOSAPRIMA ABADI,6,LATE,47,48,04.08.2026,17.06.2026,02.07.2026,13.07.2026,14.07.2026,23.07.2026,23.07.2026,,A001,WH AHI JABABEKA
R100260616T024_A001,CONT-20,16600000,0,0,0,0,0,16600000,A001 - WH AHI JABABEKA,PT. TPIL LOGISTICS,2,LATE,21,47,09.07.2026,17.06.2026,02.07.2026,,,,,,A001,WH AHI JABABEKA
R100260616T031_A001,CONT-40,28500000,0,0,0,0,0,28500000,A001 - WH AHI JABABEKA,PT. MITRA INTERTRANS FORWARDING,6,LATE,36,47,24.07.2026,17.06.2026,02.07.2026,23.07.2026,23.07.2026,24.07.2026,24.07.2026,,A001,WH AHI JABABEKA
R100260616T032_A001,CONT-20,16200000,0,0,0,0,0,16200000,A001 - WH AHI JABABEKA,PT. TPIL LOGISTICS,2,LATE,19,47,07.07.2026,17.06.2026,15.07.2026,,,,,,A001,WH AHI JABABEKA
R100260616T033_A001,CONT-40,26000000,0,0,1000000,0,0,27000000,A001 - WH AHI JABABEKA,PT. WIDYA TRANS CARGO,6,LATE,40,47,28.07.2026,17.06.2026,27.06.2026,10.07.2026,11.07.2026,13.07.2026,13.07.2026,,A001,WH AHI JABABEKA
R100260616T034_A001,CONT-20,16600000,0,0,0,0,0,16600000,A001 - WH AHI JABABEKA,PT. TPIL LOGISTICS,2,LATE,21,48,09.07.2026,17.06.2026,02.07.2026,,,,,,A001,WH AHI JABABEKA
R100260617B001_A001,CDD LONG CHASSIS,3500000,0,0,0,0,0,3500000,A001 - WH AHI JABABEKA,PT. AGUNG MAKMUR JAYA,7,ON SCHEDULE,26,0,15.07.2026,18.06.2026,23.06.2026,23.06.2026,24.06.2026,26.06.2026,27.07.2026,,A001,WH AHI JABABEKA
R100260617B002_A001,CDD LONG CHASSIS,7500000,0,0,0,0,0,7500000,A001 - WH AHI JABABEKA,PT.ORANG KREATIF EKSIS,6,LATE,26,46,15.07.2026,18.06.2026,24.06.2026,26.06.2026,26.06.2026,08.07.2026,08.07.2026,,A001,WH AHI JABABEKA
R100260617B003_A001,CONT-20,21480000,0,0,0,0,0,21480000,A001 - WH AHI JABABEKA,PT KAMADJAJA LOGISTICS,6,ON SCHEDULE,46,44,06.08.2026,20.06.2026,09.07.2026,22.07.2026,23.07.2026,28.07.2026,03.08.2026,,A001,WH AHI JABABEKA
R100260617L045_A001,CDD LONG CHASSIS,2350000,0,0,0,0,0,2350000,A001 - WH AHI JABABEKA,PT. BINTANG SAMUDRA RAYA,7,ON SCHEDULE,28,0,16.07.2026,17.06.2026,23.06.2026,01.07.2026,01.07.2026,03.07.2026,06.07.2026,,A001,WH AHI JABABEKA
R100260617L050_A001,CDD LONG CHASSIS,3500000,0,0,0,700000,0,4200000,A001 - WH AHI JABABEKA,PT. CEHA LOGISTIK CEMERLANG,7,ON SCHEDULE,28,0,16.07.2026,17.06.2026,23.06.2026,25.06.2026,25.06.2026,26.06.2026,26.06.2026,,A001,WH AHI JABABEKA
R100260617L052_A001,CONT-20,33500000,0,0,0,0,0,33500000,A001 - WH AHI JABABEKA,PT. TPIL LOGISTICS,2,LATE,27,47,16.07.2026,18.06.2026,21.07.2026,,,,,,A001,WH AHI JABABEKA
R100260617L053_A001,CONT-20,20500000,0,0,0,0,0,20500000,A001 - WH AHI JABABEKA,PT. TPIL LOGISTICS,2,LATE,27,47,16.07.2026,18.06.2026,18.07.2026,,,,,,A001,WH AHI JABABEKA
R100260617L059_A001,CDD LONG CHASSIS,3100000,0,0,0,0,0,3100000,A001 - WH AHI JABABEKA,PT. BINTANG SAMUDRA RAYA,7,ON SCHEDULE,29,0,18.07.2026,18.06.2026,22.06.2026,01.07.2026,01.07.2026,03.07.2026,06.07.2026,,A001,WH AHI JABABEKA
R100260617L064_A001,CONT-20,24500000,0,0,0,0,0,24500000,A001 - WH AHI JABABEKA,PT. TPIL LOGISTICS,2,LATE,29,46,18.07.2026,18.06.2026,11.07.2026,,,,,,A001,WH AHI JABABEKA
R100260617L065_A001,CONT-20,18100000,0,0,0,0,0,18100000,A001 - WH AHI JABABEKA,PT. TPIL LOGISTICS,2,LATE,23,46,12.07.2026,18.06.2026,03.07.2026,,,,,,A001,WH AHI JABABEKA
R100260617L066_A001,CONT-20,20450000,0,0,0,0,0,20450000,A001 - WH AHI JABABEKA,PT. MITRA INTERTRANS FORWARDING,6,LATE,43,46,01.08.2026,18.06.2026,29.06.2026,23.07.2026,23.07.2026,24.07.2026,24.07.2026,,A001,WH AHI JABABEKA
R100260617L067_A001,CONT-20,0,0,0,0,0,0,0,A001 - WH AHI JABABEKA,PT. HAKKA HYDRO TIRTA,2,LATE,20,45,11.07.2026,20.06.2026,09.07.2026,,,,,,A001,WH AHI JABABEKA
R100260617L068_A001,CONT-20,22800000,0,0,0,0,0,22800000,A001 - WH AHI JABABEKA,PT.TEMAS SAGARA INDONESIA,6,ON SCHEDULE,48,46,06.08.2026,18.06.2026,18.07.2026,24.07.2026,25.07.2026,27.07.2026,27.07.2026,,A001,WH AHI JABABEKA
R100260617T001_A001,CONT-40,8500000,0,0,0,0,0,8500000,A001 - WH AHI JABABEKA,PT. DINOYO PUTRA MANDIRI,7,ON SCHEDULE,30,0,19.07.2026,18.06.2026,22.06.2026,25.06.2026,25.06.2026,26.06.2026,26.06.2026,,A001,WH AHI JABABEKA
R100260617T002_A001,CONT-40,8150000,0,0,0,0,0,8150000,A001 - WH AHI JABABEKA,PT. JATIM PETROLEUM TRANSPORT,4,LATE,18,46,07.07.2026,18.06.2026,25.06.2026,15.07.2026,16.07.2026,,,,A001,WH AHI JABABEKA
R100260617T003_A001,CONT-20,3900000,0,0,0,0,0,3900000,A001 - WH AHI JABABEKA,PT. JATIM PETROLEUM TRANSPORT,4,LATE,18,47,06.07.2026,17.06.2026,25.06.2026,15.07.2026,16.07.2026,,,,A001,WH AHI JABABEKA
R100260617T004_A001,CONT-20,3900000,0,0,0,0,0,3900000,A001 - WH AHI JABABEKA,PT. JATIM PETROLEUM TRANSPORT,4,LATE,18,47,06.07.2026,17.06.2026,25.06.2026,15.07.2026,16.07.2026,,,,A001,WH AHI JABABEKA
R100260617T005_A001,CONT-20,3900000,0,0,0,0,0,3900000,A001 - WH AHI JABABEKA,PT. JATIM PETROLEUM TRANSPORT,6,LATE,30,47,18.07.2026,17.06.2026,24.06.2026,15.07.2026,16.07.2026,03.08.2026,03.08.2026,,A001,WH AHI JABABEKA
R100260617T006_A001,CDE LONG CHASSIS,27200000,0,0,0,0,0,27200000,A001 - WH AHI JABABEKA,PT. SENTOSAPRIMA ABADI,6,LATE,39,47,27.07.2026,17.06.2026,02.07.2026,31.07.2026,31.07.2026,03.08.2026,03.08.2026,,A001,WH AHI JABABEKA
R100260617T007_A001,WINGBOX,5650000,0,0,0,0,0,5650000,A001 - WH AHI JABABEKA,PT. DUTA MEDIA MANDIRI,7,ON SCHEDULE,30,0,19.07.2026,18.06.2026,23.06.2026,23.06.2026,24.06.2026,26.06.2026,26.06.2026,,A001,WH AHI JABABEKA
R100260617T008_A001,WINGBOX,5650000,0,0,0,0,0,5650000,A001 - WH AHI JABABEKA,PT. DUTA MEDIA MANDIRI,7,ON SCHEDULE,30,0,19.07.2026,18.06.2026,23.06.2026,23.06.2026,24.06.2026,26.06.2026,26.06.2026,,A001,WH AHI JABABEKA
R100260617T009_A001,CONT-20,3900000,0,0,0,0,0,3900000,A001 - WH AHI JABABEKA,PT. JATIM PETROLEUM TRANSPORT,6,LATE,30,46,19.07.2026,18.06.2026,24.06.2026,15.07.2026,16.07.2026,03.08.2026,03.08.2026,,A001,WH AHI JABABEKA
R100260617T010_A001,CONT-20,3900000,0,0,0,0,0,3900000,A001 - WH AHI JABABEKA,PT. JATIM PETROLEUM TRANSPORT,4,LATE,18,47,07.07.2026,18.06.2026,24.06.2026,15.07.2026,16.07.2026,,,,A001,WH AHI JABABEKA
R100260617T025_A001,CONT-20,3900000,0,0,0,0,0,3900000,A001 - WH AHI JABABEKA,PT. JATIM PETROLEUM TRANSPORT,6,LATE,30,47,18.07.2026,17.06.2026,24.06.2026,15.07.2026,16.07.2026,03.08.2026,03.08.2026,,A001,WH AHI JABABEKA
R100260617T031_A001,CONT-40,34700000,0,0,0,0,0,34700000,A001 - WH AHI JABABEKA,PT. SARANA TRANS SUMATERA,6,ON SCHEDULE,47,46,05.08.2026,18.06.2026,02.07.2026,30.07.2026,30.07.2026,30.07.2026,30.07.2026,,A001,WH AHI JABABEKA
R100260617T078_A001,CONT-20,15550000,0,0,0,0,0,15550000,A001 - WH AHI JABABEKA,PT. TPIL LOGISTICS,2,LATE,20,46,09.07.2026,18.06.2026,16.07.2026,,,,,,A001,WH AHI JABABEKA
R100260618B004_A001,CDD LONG CHASSIS,3600000,0,0,0,0,0,3600000,A001 - WH AHI JABABEKA,PT. BINTANG SAMUDRA RAYA,6,LATE,26,45,16.07.2026,19.06.2026,24.06.2026,13.07.2026,13.07.2026,13.07.2026,16.07.2026,,A001,WH AHI JABABEKA
R100260618L037_A001,CDD LONG CHASSIS,4900000,0,0,0,0,0,4900000,A001 - WH AHI JABABEKA,PT.ORANG KREATIF EKSIS,6,LATE,28,46,17.07.2026,18.06.2026,23.06.2026,26.06.2026,26.06.2026,08.07.2026,08.07.2026,,A001,WH AHI JABABEKA
R100260618L038_A001,CDD LONG CHASSIS,4900000,0,0,0,0,0,4900000,A001 - WH AHI JABABEKA,PT.ORANG KREATIF EKSIS,6,LATE,28,46,17.07.2026,18.06.2026,23.06.2026,26.06.2026,26.06.2026,08.07.2026,08.07.2026,,A001,WH AHI JABABEKA
R100260618L039_A001,CDD LONG CHASSIS,2850000,0,0,0,0,0,2850000,A001 - WH AHI JABABEKA,PT. BINTANG SAMUDRA RAYA,7,ON SCHEDULE,28,0,17.07.2026,18.06.2026,23.06.2026,01.07.2026,01.07.2026,02.07.2026,06.07.2026,,A001,WH AHI JABABEKA
R100260618L043_A001,CONT-20,15900000,0,0,0,0,0,15900000,A001 - WH AHI JABABEKA,PT. TPIL LOGISTICS,2,LATE,22,45,12.07.2026,19.06.2026,15.07.2026,,,,,,A001,WH AHI JABABEKA
R100260618L044_A001,CONT-20,15550000,0,0,0,0,0,15550000,A001 - WH AHI JABABEKA,PT. TPIL LOGISTICS,2,LATE,22,46,12.07.2026,19.06.2026,04.07.2026,,,,,,A001,WH AHI JABABEKA
R100260618L045_A001,FUSO,19350000,0,0,0,200000,0,19550000,A001 - WH AHI JABABEKA,PT. SATRIA PIRANTI PERKASA,6,LATE,41,46,31.07.2026,19.06.2026,24.06.2026,09.07.2026,09.07.2026,14.07.2026,14.07.2026,,A001,WH AHI JABABEKA
R100260618L046_A001,CONT-20,19100000,0,0,0,0,0,19100000,A001 - WH AHI JABABEKA,PT. MITRA INTERTRANS FORWARDING,6,LATE,42,46,01.08.2026,19.06.2026,02.07.2026,24.07.2026,25.07.2026,28.07.2026,28.07.2026,,A001,WH AHI JABABEKA
R100260618L048_A001,WINGBOX,10700000,0,0,0,400000,0,11100000,A001 - WH AHI JABABEKA,PT. BINTANG SAMUDRA RAYA,6,LATE,31,45,21.07.2026,19.06.2026,24.06.2026,17.07.2026,19.07.2026,20.07.2026,20.07.2026,,A001,WH AHI JABABEKA
R100260618L049_A001,CONT-20,16200000,0,0,0,0,0,16200000,A001 - WH AHI JABABEKA,PT. TPIL LOGISTICS,2,LATE,19,46,09.07.2026,19.06.2026,09.07.2026,,,,,,A001,WH AHI JABABEKA
R100260618L053_A001,FUSO,11450000,0,0,0,0,0,11450000,A001 - WH AHI JABABEKA,PT LOGISTIK CANGGIH INDONESIA,6,LATE,31,46,21.07.2026,19.06.2026,24.06.2026,03.07.2026,03.07.2026,07.07.2026,10.07.2026,,A001,WH AHI JABABEKA
R100260618L055_A001,CONT-20,16500000,0,0,0,0,0,16500000,A001 - WH AHI JABABEKA,PT. TPIL LOGISTICS,2,LATE,19,45,09.07.2026,19.06.2026,09.07.2026,,,,,,A001,WH AHI JABABEKA
R100260618L056_A001,WINGBOX,11500000,0,0,0,750000,0,12250000,A001 - WH AHI JABABEKA,PT. BINTANG SAMUDRA RAYA,7,ON SCHEDULE,41,0,31.07.2026,19.06.2026,24.06.2026,03.07.2026,07.07.2026,07.07.2026,07.07.2026,,A001,WH AHI JABABEKA
R100260618L057_A001,FUSO,11450000,0,0,0,0,0,11450000,A001 - WH AHI JABABEKA,PT LOGISTIK CANGGIH INDONESIA,6,LATE,31,45,21.07.2026,19.06.2026,24.06.2026,03.07.2026,03.07.2026,07.07.2026,10.07.2026,,A001,WH AHI JABABEKA
R100260618L058_A001,FUSO,19550000,0,0,0,522000,0,20072000,A001 - WH AHI JABABEKA,PT. DUTA LINTAS NUSA,6,LATE,31,45,21.07.2026,19.06.2026,28.06.2026,08.07.2026,09.07.2026,21.07.2026,21.07.2026,,A001,WH AHI JABABEKA
R100260618L070_A001,CONT-20,20350000,0,0,0,0,0,20350000,A001 - WH AHI JABABEKA,PT. MITRA INTERTRANS FORWARDING,2,LATE,28,44,19.07.2026,20.06.2026,22.07.2026,,,,,,A001,WH AHI JABABEKA
R100260618T003_A001,CONT-40,8150000,0,0,0,0,0,8150000,A001 - WH AHI JABABEKA,PT. JATIM PETROLEUM TRANSPORT,4,LATE,18,46,08.07.2026,19.06.2026,25.06.2026,15.07.2026,16.07.2026,,,,A001,WH AHI JABABEKA
R100260618T004_A001,CONT-40,8150000,0,0,0,0,0,8150000,A001 - WH AHI JABABEKA,PT. JATIM PETROLEUM TRANSPORT,4,LATE,18,45,08.07.2026,19.06.2026,25.06.2026,15.07.2026,16.07.2026,,,,A001,WH AHI JABABEKA
R100260618T005_A001,CONT-20,3900000,0,0,0,0,0,3900000,A001 - WH AHI JABABEKA,PT. JATIM PETROLEUM TRANSPORT,6,LATE,30,46,19.07.2026,18.06.2026,25.06.2026,15.07.2026,16.07.2026,03.08.2026,03.08.2026,,A001,WH AHI JABABEKA
R100260618T006_A001,CONT-20,3900000,0,0,0,0,0,3900000,A001 - WH AHI JABABEKA,PT. JATIM PETROLEUM TRANSPORT,6,LATE,30,46,20.07.2026,19.06.2026,25.06.2026,15.07.2026,16.07.2026,03.08.2026,03.08.2026,,A001,WH AHI JABABEKA
R100260618T007_A001,CONT-20,3900000,0,0,0,0,0,3900000,A001 - WH AHI JABABEKA,PT. JATIM PETROLEUM TRANSPORT,6,LATE,30,46,19.07.2026,18.06.2026,25.06.2026,15.07.2026,16.07.2026,03.08.2026,03.08.2026,,A001,WH AHI JABABEKA
R100260618T018_A001,CONT-40,27300000,0,0,0,0,0,27300000,A001 - WH AHI JABABEKA,PT. TPIL LOGISTICS,2,LATE,19,46,09.07.2026,19.06.2026,02.07.2026,,,,,,A001,WH AHI JABABEKA
R100260618T019_A001,CONT-20,0,0,0,0,0,0,0,A001 - WH AHI JABABEKA,PT. TPIL LOGISTICS,2,LATE,19,46,09.07.2026,19.06.2026,15.07.2026,,,,,,A001,WH AHI JABABEKA
R100260618T020_A001,CONT-20,0,0,0,0,0,0,0,A001 - WH AHI JABABEKA,PT. TPIL LOGISTICS,2,LATE,20,45,10.07.2026,19.06.2026,02.07.2026,,,,,,A001,WH AHI JABABEKA
R100260618T021_A001,CONT-20,16600000,0,0,0,0,0,16600000,A001 - WH AHI JABABEKA,PT. TPIL LOGISTICS,2,LATE,21,46,11.07.2026,19.06.2026,07.07.2026,,,,,,A001,WH AHI JABABEKA
R100260618T022_A001,CONT-20,3900000,0,0,0,0,0,3900000,A001 - WH AHI JABABEKA,PT. JATIM PETROLEUM TRANSPORT,6,LATE,30,45,20.07.2026,19.06.2026,25.06.2026,15.07.2026,16.07.2026,03.08.2026,03.08.2026,,A001,WH AHI JABABEKA
R100260618T023_A001,CONT-20,3900000,0,0,0,0,0,3900000,A001 - WH AHI JABABEKA,PT. JATIM PETROLEUM TRANSPORT,6,LATE,30,45,20.07.2026,19.06.2026,25.06.2026,15.07.2026,16.07.2026,03.08.2026,03.08.2026,,A001,WH AHI JABABEKA
R100260618T024_A001,CONT-40,34700000,0,0,0,0,0,34700000,A001 - WH AHI JABABEKA,PT. SARANA TRANS SUMATERA,6,ON SCHEDULE,47,45,06.08.2026,19.06.2026,04.07.2026,30.07.2026,30.07.2026,30.07.2026,30.07.2026,,A001,WH AHI JABABEKA
R100260618T025_A001,CONT-20,16600000,0,0,0,0,0,16600000,A001 - WH AHI JABABEKA,PT. TPIL LOGISTICS,2,LATE,21,45,11.07.2026,19.06.2026,07.07.2026,,,,,,A001,WH AHI JABABEKA
R100260618T050_A001,CONT-40,28000000,0,0,0,0,0,28000000,A001 - WH AHI JABABEKA,PT. TERATAI EMAS LOGISTINDO,4,LATE,27,43,20.07.2026,22.06.2026,22.07.2026,24.07.2026,24.07.2026,,,,A001,WH AHI JABABEKA
R100260619L003_A001,CONT-20,17000000,0,0,0,0,0,17000000,A001 - WH AHI JABABEKA,PT. TPIL LOGISTICS,2,LATE,21,44,12.07.2026,20.06.2026,15.07.2026,,,,,,A001,WH AHI JABABEKA
R100260619L022_A001,CONT-20,16200000,0,0,0,0,0,16200000,A001 - WH AHI JABABEKA,PT. TPIL LOGISTICS,2,LATE,20,45,10.07.2026,19.06.2026,09.07.2026,,,,,,A001,WH AHI JABABEKA
R100260619L023_A001,FUSO,17000000,0,0,0,200000,0,17200000,A001 - WH AHI JABABEKA,PT. SATRIA PIRANTI PERKASA,6,LATE,31,45,21.07.2026,19.06.2026,24.06.2026,13.07.2026,13.07.2026,17.07.2026,17.07.2026,,A001,WH AHI JABABEKA
R100260619L024_A001,CDD LONG CHASSIS,4900000,0,0,0,0,0,4900000,A001 - WH AHI JABABEKA,PT.ORANG KREATIF EKSIS,6,LATE,28,45,18.07.2026,19.06.2026,23.06.2026,26.06.2026,26.06.2026,08.07.2026,08.07.2026,,A001,WH AHI JABABEKA
R100260619L025_A001,CDD LONG CHASSIS,4900000,0,0,0,150000,0,5050000,A001 - WH AHI JABABEKA,PT.ORANG KREATIF EKSIS,6,LATE,28,45,19.07.2026,20.06.2026,23.06.2026,26.06.2026,26.06.2026,08.07.2026,08.07.2026,,A001,WH AHI JABABEKA
R100260619L026_A001,CONT-20,15300000,0,0,0,0,0,15300000,A001 - WH AHI JABABEKA,PT. SENTOSAPRIMA ABADI,2,LATE,19,42,12.07.2026,22.06.2026,07.07.2026,,,,,,A001,WH AHI JABABEKA
R100260619L027_A001,CONT-20,15300000,0,0,0,0,0,15300000,A001 - WH AHI JABABEKA,PT. SENTOSAPRIMA ABADI,2,LATE,19,44,10.07.2026,20.06.2026,07.07.2026,,,,,,A001,WH AHI JABABEKA
R100260619L028_A001,FUSO,13800000,0,0,0,0,0,13800000,A001 - WH AHI JABABEKA,PT. DUTA LINTAS NUSA,5,LATE,34,44,25.07.2026,20.06.2026,28.06.2026,22.07.2026,23.07.2026,30.07.2026,,,A001,WH AHI JABABEKA
R100260619L031_A001,CONT-20,18100000,0,0,0,0,0,18100000,A001 - WH AHI JABABEKA,PT. TPIL LOGISTICS,2,LATE,26,45,17.07.2026,20.06.2026,25.07.2026,,,,,,A001,WH AHI JABABEKA
R100260619L033_A001,CONT-20,16500000,0,0,0,0,0,16500000,A001 - WH AHI JABABEKA,PT. TPIL LOGISTICS,2,LATE,19,44,10.07.2026,20.06.2026,09.07.2026,,,,,,A001,WH AHI JABABEKA
R100260619L037_A001,FUSO,5500000,0,0,0,175000,0,5675000,A001 - WH AHI JABABEKA,PT. DUTA MEDIA MANDIRI,7,ON SCHEDULE,30,0,21.07.2026,20.06.2026,24.06.2026,30.06.2026,30.06.2026,30.06.2026,30.06.2026,,A001,WH AHI JABABEKA
R100260619L038_A001,CDD LONG CHASSIS,2350000,0,0,0,0,0,2350000,A001 - WH AHI JABABEKA,PT. BINTANG SAMUDRA RAYA,7,ON SCHEDULE,28,0,19.07.2026,20.06.2026,23.06.2026,01.07.2026,01.07.2026,02.07.2026,06.07.2026,,A001,WH AHI JABABEKA
R100260619L039_A001,CDD LONG CHASSIS,3600000,0,0,0,300000,0,3900000,A001 - WH AHI JABABEKA,PT. BINTANG SAMUDRA RAYA,7,ON SCHEDULE,28,0,19.07.2026,20.06.2026,23.06.2026,03.07.2026,07.07.2026,07.07.2026,08.07.2026,,A001,WH AHI JABABEKA
R100260619L041_A001,CDD LONG CHASSIS,2850000,0,0,0,0,0,2850000,A001 - WH AHI JABABEKA,PT. BINTANG SAMUDRA RAYA,7,ON SCHEDULE,28,0,19.07.2026,20.06.2026,23.06.2026,01.07.2026,01.07.2026,02.07.2026,06.07.2026,,A001,WH AHI JABABEKA
R100260619L042_A001,CDD LONG CHASSIS,3500000,0,0,0,300000,0,3800000,A001 - WH AHI JABABEKA,PT. BINTANG SAMUDRA RAYA,7,ON SCHEDULE,28,0,21.07.2026,22.06.2026,24.06.2026,03.07.2026,07.07.2026,07.07.2026,08.07.2026,,A001,WH AHI JABABEKA
R100260619L042_A001,CDD LONG CHASSIS,3500000,0,0,0,300000,0,3800000,A001 - WH AHI JABABEKA,PT. BINTANG SAMUDRA RAYA,7,ON SCHEDULE,28,0,21.07.2026,22.06.2026,24.06.2026,03.07.2026,07.07.2026,07.07.2026,08.07.2026,,A001,WH AHI JABABEKA
R100260619L099_A001,CONT-20,21480000,0,0,0,0,0,21480000,A001 - WH AHI JABABEKA,PT KAMADJAJA LOGISTICS,6,ON SCHEDULE,48,39,13.08.2026,25.06.2026,21.07.2026,31.07.2026,31.07.2026,03.08.2026,03.08.2026,,A001,WH AHI JABABEKA
R100260619T022_A001,CONT-40,30400000,0,0,0,0,0,30400000,A001 - WH AHI JABABEKA,PT. SENTOSAPRIMA ABADI,4,LATE,35,45,26.07.2026,20.06.2026,07.07.2026,31.07.2026,31.07.2026,,,,A001,WH AHI JABABEKA
R100260619T025_A001,CONT-20,16200000,0,0,0,0,0,16200000,A001 - WH AHI JABABEKA,PT. TPIL LOGISTICS,2,LATE,19,44,10.07.2026,20.06.2026,11.07.2026,,,,,,A001,WH AHI JABABEKA
R100260619T027_A001,CONT-20,3900000,0,0,0,0,0,3900000,A001 - WH AHI JABABEKA,PT. JATIM PETROLEUM TRANSPORT,6,LATE,30,45,21.07.2026,20.06.2026,25.06.2026,15.07.2026,16.07.2026,03.08.2026,03.08.2026,,A001,WH AHI JABABEKA
R100260619T028_A001,CONT-20,3900000,0,0,0,0,0,3900000,A001 - WH AHI JABABEKA,PT. JATIM PETROLEUM TRANSPORT,6,LATE,30,45,21.07.2026,20.06.2026,25.06.2026,15.07.2026,16.07.2026,03.08.2026,03.08.2026,,A001,WH AHI JABABEKA
R100260619T029_A001,CONT-20,3900000,0,0,0,0,0,3900000,A001 - WH AHI JABABEKA,PT. JATIM PETROLEUM TRANSPORT,6,LATE,30,42,23.07.2026,22.06.2026,28.06.2026,15.07.2026,16.07.2026,03.08.2026,03.08.2026,,A001,WH AHI JABABEKA
R100260619T030_A001,CONT-20,3900000,0,0,0,0,0,3900000,A001 - WH AHI JABABEKA,PT. JATIM PETROLEUM TRANSPORT,6,LATE,30,45,20.07.2026,19.06.2026,28.06.2026,15.07.2026,16.07.2026,03.08.2026,03.08.2026,,A001,WH AHI JABABEKA
R100260619T031_A001,CONT-20,3900000,0,0,0,0,0,3900000,A001 - WH AHI JABABEKA,PT. JATIM PETROLEUM TRANSPORT,6,LATE,30,44,21.07.2026,20.06.2026,28.06.2026,15.07.2026,16.07.2026,03.08.2026,03.08.2026,,A001,WH AHI JABABEKA
R100260619T032_A001,CONT-40,28000000,0,0,0,0,0,28000000,A001 - WH AHI JABABEKA,PT. TERATAI EMAS LOGISTINDO,4,LATE,27,43,19.07.2026,21.06.2026,23.07.2026,24.07.2026,24.07.2026,,,,A001,WH AHI JABABEKA
R100260619T033_A001,CONT-20,3900000,0,0,0,0,0,3900000,A001 - WH AHI JABABEKA,PT. JATIM PETROLEUM TRANSPORT,6,LATE,30,44,21.07.2026,20.06.2026,28.06.2026,15.07.2026,16.07.2026,03.08.2026,03.08.2026,,A001,WH AHI JABABEKA
R100260619T034_A001,CONT-20,3900000,0,0,0,0,0,3900000,A001 - WH AHI JABABEKA,PT. JATIM PETROLEUM TRANSPORT,6,LATE,30,45,21.07.2026,20.06.2026,28.06.2026,15.07.2026,16.07.2026,03.08.2026,03.08.2026,,A001,WH AHI JABABEKA
R100260619T042_A001,CONT-40,28000000,0,0,0,0,0,28000000,A001 - WH AHI JABABEKA,PT. TERATAI EMAS LOGISTINDO,4,LATE,27,43,19.07.2026,21.06.2026,23.07.2026,24.07.2026,24.07.2026,,,,A001,WH AHI JABABEKA
R100260619T043_A001,CONT-20,15550000,0,0,0,0,0,15550000,A001 - WH AHI JABABEKA,PT. TPIL LOGISTICS,2,LATE,20,44,11.07.2026,20.06.2026,04.07.2026,,,,,,A001,WH AHI JABABEKA
R100260619T055_A001,CONT-40,8500000,0,0,0,0,0,8500000,A001 - WH AHI JABABEKA,PT. DINOYO PUTRA MANDIRI,7,ON SCHEDULE,30,0,23.07.2026,22.06.2026,23.06.2026,25.06.2026,25.06.2026,26.06.2026,26.06.2026,,A001,WH AHI JABABEKA
R100260619T056_A001,CONT-40,8500000,0,0,0,0,0,8500000,A001 - WH AHI JABABEKA,PT. DINOYO PUTRA MANDIRI,7,ON SCHEDULE,30,0,23.07.2026,22.06.2026,23.06.2026,25.06.2026,25.06.2026,26.06.2026,26.06.2026,,A001,WH AHI JABABEKA
R100260619T065_A001,CONT-20,21400000,0,0,0,0,0,21400000,A001 - WH AHI JABABEKA,PT. SARANABHAKTI TIMUR,6,LATE,41,45,01.08.2026,20.06.2026,07.07.2026,29.07.2026,29.07.2026,30.07.2026,03.08.2026,,A001,WH AHI JABABEKA
R100260620L003_A001,CDD LONG CHASSIS,4900000,0,0,0,0,0,4900000,A001 - WH AHI JABABEKA,PT.ORANG KREATIF EKSIS,6,LATE,28,44,20.07.2026,21.06.2026,24.06.2026,26.06.2026,26.06.2026,08.07.2026,08.07.2026,,A001,WH AHI JABABEKA
R100260620L004_A001,FUSO,14750000,0,0,0,200000,0,14950000,A001 - WH AHI JABABEKA,PT. SATRIA PIRANTI PERKASA,6,LATE,31,44,23.07.2026,21.06.2026,25.06.2026,09.07.2026,09.07.2026,14.07.2026,14.07.2026,,A001,WH AHI JABABEKA
R100260620L005_A001,CDD LONG CHASSIS,3100000,0,0,0,0,0,3100000,A001 - WH AHI JABABEKA,PT. BINTANG SAMUDRA RAYA,7,ON SCHEDULE,29,0,21.07.2026,21.06.2026,24.06.2026,01.07.2026,01.07.2026,02.07.2026,06.07.2026,,A001,WH AHI JABABEKA
R100260620L006_A001,CDD LONG CHASSIS,1950000,0,0,0,200000,0,2150000,A001 - WH AHI JABABEKA,PT. BINTANG SAMUDRA RAYA,6,LATE,28,44,19.07.2026,20.06.2026,24.06.2026,17.07.2026,19.07.2026,20.07.2026,20.07.2026,,A001,WH AHI JABABEKA
R100260620L006_A001,CDD LONG CHASSIS,1950000,0,0,0,200000,0,2150000,A001 - WH AHI JABABEKA,PT. BINTANG SAMUDRA RAYA,6,LATE,28,44,19.07.2026,20.06.2026,24.06.2026,17.07.2026,19.07.2026,20.07.2026,20.07.2026,,A001,WH AHI JABABEKA
R100260620L009_A001,CDD LONG CHASSIS,1725000,0,0,0,0,0,1725000,A001 - WH AHI JABABEKA,PT. BINTANG SAMUDRA RAYA,7,ON SCHEDULE,27,0,18.07.2026,20.06.2026,24.06.2026,01.07.2026,01.07.2026,02.07.2026,06.07.2026,,A001,WH AHI JABABEKA
R100260620L010_A001,CDD LONG CHASSIS,1400000,0,0,0,200000,0,1600000,A001 - WH AHI JABABEKA,PT. BINTANG SAMUDRA RAYA,7,ON SCHEDULE,28,0,19.07.2026,20.06.2026,24.06.2026,03.07.2026,07.07.2026,07.07.2026,08.07.2026,,A001,WH AHI JABABEKA
R100260620L024_A001,CONT-20,16500000,0,0,0,0,0,16500000,A001 - WH AHI JABABEKA,PT. TPIL LOGISTICS,2,LATE,19,43,11.07.2026,21.06.2026,09.07.2026,,,,,,A001,WH AHI JABABEKA
R100260620L025_A001,FUSO,19350000,0,0,0,200000,0,19550000,A001 - WH AHI JABABEKA,PT. SATRIA PIRANTI PERKASA,6,LATE,41,44,02.08.2026,21.06.2026,25.06.2026,09.07.2026,09.07.2026,14.07.2026,14.07.2026,,A001,WH AHI JABABEKA
R100260620L026_A001,CONT-20,18100000,0,0,0,0,0,18100000,A001 - WH AHI JABABEKA,PT. TPIL LOGISTICS,2,LATE,23,43,15.07.2026,21.06.2026,07.07.2026,,,,,,A001,WH AHI JABABEKA
R100260620L027_A001,CONT-20,20500000,0,0,0,0,0,20500000,A001 - WH AHI JABABEKA,PT. TPIL LOGISTICS,2,LATE,27,44,18.07.2026,20.06.2026,18.07.2026,,,,,,A001,WH AHI JABABEKA
R100260620L028_A001,CDD LONG CHASSIS,1750000,0,0,0,0,0,1750000,A001 - WH AHI JABABEKA,PT. CATUR GLOBAL LOGISTIK,6,LATE,28,44,20.07.2026,21.06.2026,23.06.2026,03.07.2026,03.07.2026,07.07.2026,07.07.2026,,A001,WH AHI JABABEKA
R100260620L029_A001,CONT-20,18100000,0,0,0,0,0,18100000,A001 - WH AHI JABABEKA,PT. TPIL LOGISTICS,2,LATE,23,43,15.07.2026,21.06.2026,09.07.2026,,,,,,A001,WH AHI JABABEKA
R100260620L031_A001,CDD LONG CHASSIS,3500000,0,0,0,500000,0,4000000,A001 - WH AHI JABABEKA,PT. AGUNG MAKMUR JAYA,7,ON SCHEDULE,28,0,20.07.2026,21.06.2026,24.06.2026,25.06.2026,25.06.2026,26.06.2026,27.07.2026,,A001,WH AHI JABABEKA
R100260620L031_A001,CDD LONG CHASSIS,3500000,0,0,0,500000,0,4000000,A001 - WH AHI JABABEKA,PT. AGUNG MAKMUR JAYA,7,ON SCHEDULE,28,0,20.07.2026,21.06.2026,24.06.2026,25.06.2026,25.06.2026,26.06.2026,27.07.2026,,A001,WH AHI JABABEKA
R100260620L031_A001,CDD LONG CHASSIS,3500000,0,0,0,500000,0,4000000,A001 - WH AHI JABABEKA,PT. AGUNG MAKMUR JAYA,7,ON SCHEDULE,28,0,20.07.2026,21.06.2026,24.06.2026,25.06.2026,25.06.2026,26.06.2026,27.07.2026,,A001,WH AHI JABABEKA
R100260620L031_A001,CDD LONG CHASSIS,3500000,0,0,0,500000,0,4000000,A001 - WH AHI JABABEKA,PT. AGUNG MAKMUR JAYA,7,ON SCHEDULE,28,0,20.07.2026,21.06.2026,24.06.2026,25.06.2026,25.06.2026,26.06.2026,27.07.2026,,A001,WH AHI JABABEKA
R100260620L032_A001,CDD LONG CHASSIS,2250000,0,0,0,0,0,2250000,A001 - WH AHI JABABEKA,PT. BINTANG SAMUDRA RAYA,7,ON SCHEDULE,28,0,20.07.2026,21.06.2026,23.06.2026,26.06.2026,27.06.2026,02.07.2026,06.07.2026,,A001,WH AHI JABABEKA
R100260620L034_A001,CDD LONG CHASSIS,4900000,0,0,0,0,0,4900000,A001 - WH AHI JABABEKA,PT.ORANG KREATIF EKSIS,6,LATE,28,44,19.07.2026,20.06.2026,23.06.2026,26.06.2026,26.06.2026,08.07.2026,08.07.2026,,A001,WH AHI JABABEKA
R100260620L036_A001,CDD LONG CHASSIS,1400000,0,0,0,200000,0,1600000,A001 - WH AHI JABABEKA,PT. BINTANG SAMUDRA RAYA,7,ON SCHEDULE,29,0,21.07.2026,21.06.2026,23.06.2026,03.07.2026,07.07.2026,07.07.2026,08.07.2026,,A001,WH AHI JABABEKA
R100260620L077_A001,CDD LONG CHASSIS,2250000,0,0,0,0,0,2250000,A001 - WH AHI JABABEKA,PT. BINTANG SAMUDRA RAYA,6,LATE,28,43,21.07.2026,22.06.2026,24.06.2026,13.07.2026,14.07.2026,16.07.2026,17.07.2026,,A001,WH AHI JABABEKA
R100260620L083_A001,CDD LONG CHASSIS,2250000,0,0,0,0,0,2250000,A001 - WH AHI JABABEKA,PT. BINTANG SAMUDRA RAYA,7,ON SCHEDULE,28,0,20.07.2026,21.06.2026,23.06.2026,13.07.2026,14.07.2026,16.07.2026,17.07.2026,,A001,WH AHI JABABEKA
R100260620L093_A001,CONT-20,21480000,0,0,0,0,0,21480000,A001 - WH AHI JABABEKA,PT KAMADJAJA LOGISTICS,6,ON SCHEDULE,48,42,10.08.2026,22.06.2026,11.07.2026,22.07.2026,23.07.2026,28.07.2026,28.07.2026,,A001,WH AHI JABABEKA
R100260620T004_A001,CONT-40,8150000,0,0,0,0,0,8150000,A001 - WH AHI JABABEKA,PT. JATIM PETROLEUM TRANSPORT,6,LATE,30,43,22.07.2026,21.06.2026,03.07.2026,15.07.2026,16.07.2026,03.08.2026,03.08.2026,,A001,WH AHI JABABEKA
R100260620T005_A001,CONT-40,8150000,0,0,0,0,0,8150000,A001 - WH AHI JABABEKA,PT. JATIM PETROLEUM TRANSPORT,6,LATE,30,44,22.07.2026,21.06.2026,03.07.2026,15.07.2026,16.07.2026,03.08.2026,03.08.2026,,A001,WH AHI JABABEKA
R100260620T006_A001,CONT-20,3900000,0,0,0,0,0,3900000,A001 - WH AHI JABABEKA,PT. JATIM PETROLEUM TRANSPORT,6,LATE,30,44,21.07.2026,20.06.2026,28.06.2026,15.07.2026,16.07.2026,03.08.2026,03.08.2026,,A001,WH AHI JABABEKA
R100260620T007_A001,CONT-40,27200000,0,0,0,0,0,27200000,A001 - WH AHI JABABEKA,PT. SENTOSAPRIMA ABADI,6,LATE,39,44,30.07.2026,20.06.2026,05.07.2026,31.07.2026,31.07.2026,03.08.2026,03.08.2026,,A001,WH AHI JABABEKA
R100260620T008_A001,CONT-40,28000000,0,0,0,0,0,28000000,A001 - WH AHI JABABEKA,PT. TERATAI EMAS LOGISTINDO,4,LATE,27,43,20.07.2026,22.06.2026,23.07.2026,24.07.2026,24.07.2026,,,,A001,WH AHI JABABEKA
R100260620T009_A001,CONT-20,3900000,0,0,0,0,0,3900000,A001 - WH AHI JABABEKA,PT. JATIM PETROLEUM TRANSPORT,6,LATE,30,44,21.07.2026,20.06.2026,29.06.2026,15.07.2026,16.07.2026,03.08.2026,03.08.2026,,A001,WH AHI JABABEKA
R100260620T016_A001,CONT-20,3900000,0,0,0,0,0,3900000,A001 - WH AHI JABABEKA,PT. JATIM PETROLEUM TRANSPORT,6,LATE,30,44,21.07.2026,20.06.2026,28.06.2026,15.07.2026,16.07.2026,03.08.2026,03.08.2026,,A001,WH AHI JABABEKA
R100260620T030_A001,CONT-20,3900000,0,0,0,0,0,3900000,A001 - WH AHI JABABEKA,PT. JATIM PETROLEUM TRANSPORT,6,LATE,30,44,22.07.2026,21.06.2026,28.06.2026,15.07.2026,16.07.2026,03.08.2026,03.08.2026,,A001,WH AHI JABABEKA
R100260620T031_A001,WINGBOX,5650000,0,0,0,0,0,5650000,A001 - WH AHI JABABEKA,PT. DUTA MEDIA MANDIRI,7,ON SCHEDULE,30,0,22.07.2026,21.06.2026,24.06.2026,26.06.2026,26.06.2026,30.06.2026,30.06.2026,,A001,WH AHI JABABEKA
R100260620T032_A001,WINGBOX,5650000,0,0,0,0,0,5650000,A001 - WH AHI JABABEKA,PT. DUTA MEDIA MANDIRI,7,ON SCHEDULE,30,0,22.07.2026,21.06.2026,24.06.2026,26.06.2026,26.06.2026,30.06.2026,30.06.2026,,A001,WH AHI JABABEKA
R100260620T043_A001,CONT-40,8500000,0,0,0,0,0,8500000,A001 - WH AHI JABABEKA,PT. DINOYO PUTRA MANDIRI,7,ON SCHEDULE,30,0,21.07.2026,20.06.2026,24.06.2026,25.06.2026,25.06.2026,03.07.2026,03.07.2026,,A001,WH AHI JABABEKA
R100260621B001_A001,CDD LONG CHASSIS,3500000,0,0,0,0,0,3500000,A001 - WH AHI JABABEKA,PT. AGUNG MAKMUR JAYA,6,LATE,26,42,19.07.2026,22.06.2026,24.06.2026,24.06.2026,25.06.2026,27.07.2026,27.07.2026,,A001,WH AHI JABABEKA
R100260621L003_A001,CDD LONG CHASSIS,1400000,0,0,0,200000,0,1600000,A001 - WH AHI JABABEKA,PT. BINTANG SAMUDRA RAYA,7,ON SCHEDULE,28,0,20.07.2026,21.06.2026,23.06.2026,03.07.2026,07.07.2026,07.07.2026,08.07.2026,,A001,WH AHI JABABEKA
R100260621L004_A001,CDD LONG CHASSIS,1400000,0,0,0,200000,0,1600000,A001 - WH AHI JABABEKA,PT. BINTANG SAMUDRA RAYA,6,LATE,27,43,20.07.2026,22.06.2026,24.06.2026,17.07.2026,19.07.2026,20.07.2026,20.07.2026,,A001,WH AHI JABABEKA
R100260621L005_A001,CDD LONG CHASSIS,2380000,0,0,0,100000,0,2480000,A001 - WH AHI JABABEKA,PT. DUTA MEDIA MANDIRI,7,ON SCHEDULE,28,0,21.07.2026,22.06.2026,24.06.2026,26.06.2026,26.06.2026,26.06.2026,26.06.2026,,A001,WH AHI JABABEKA
R100260621L006_A001,CDD LONG CHASSIS,1400000,0,0,0,200000,0,1600000,A001 - WH AHI JABABEKA,PT. BINTANG SAMUDRA RAYA,6,LATE,28,43,20.07.2026,21.06.2026,23.06.2026,17.07.2026,19.07.2026,20.07.2026,20.07.2026,,A001,WH AHI JABABEKA
R100260621L007_A001,CDD LONG CHASSIS,1500000,0,0,0,0,0,1500000,A001 - WH AHI JABABEKA,PT.ORANG KREATIF EKSIS,6,LATE,28,43,20.07.2026,21.06.2026,23.06.2026,03.07.2026,03.07.2026,17.07.2026,17.07.2026,,A001,WH AHI JABABEKA
R100260621L008_A001,CDD LONG CHASSIS,1600000,0,0,0,300000,0,1900000,A001 - WH AHI JABABEKA,PT. SATRIA PIRANTI PERKASA,6,LATE,28,43,20.07.2026,21.06.2026,23.06.2026,09.07.2026,09.07.2026,14.07.2026,14.07.2026,,A001,WH AHI JABABEKA
R100260621L009_A001,CDD LONG CHASSIS,1400000,0,0,0,200000,0,1600000,A001 - WH AHI JABABEKA,PT. BINTANG SAMUDRA RAYA,6,LATE,28,43,21.07.2026,22.06.2026,24.06.2026,17.07.2026,19.07.2026,20.07.2026,20.07.2026,,A001,WH AHI JABABEKA
R100260621L010_A001,CONT-20,17000000,0,0,0,0,0,17000000,A001 - WH AHI JABABEKA,PT. TPIL LOGISTICS,2,LATE,21,42,14.07.2026,22.06.2026,17.07.2026,,,,,,A001,WH AHI JABABEKA
R100260621L011_A001,CONT-20,24700000,0,0,0,0,0,24700000,A001 - WH AHI JABABEKA,PT. SILKARGO INDONESIA,6,ON SCHEDULE,48,43,10.08.2026,22.06.2026,18.07.2026,22.07.2026,23.07.2026,24.07.2026,24.07.2026,,A001,WH AHI JABABEKA
R100260621L020_A001,CDD LONG CHASSIS,2250000,0,0,0,0,0,2250000,A001 - WH AHI JABABEKA,PT. BINTANG SAMUDRA RAYA,6,LATE,28,43,20.07.2026,21.06.2026,23.06.2026,13.07.2026,14.07.2026,16.07.2026,17.07.2026,,A001,WH AHI JABABEKA
R100260621L024_A001,CDD LONG CHASSIS,1425000,0,0,0,150000,0,1575000,A001 - WH AHI JABABEKA,PT. DUTA MEDIA MANDIRI,5,LATE,22,42,15.07.2026,22.06.2026,24.06.2026,31.07.2026,31.07.2026,03.08.2026,,,A001,WH AHI JABABEKA
R100260621L025_A001,CDD LONG CHASSIS,1725000,0,0,0,0,0,1725000,A001 - WH AHI JABABEKA,PT. BINTANG SAMUDRA RAYA,7,ON SCHEDULE,27,0,20.07.2026,22.06.2026,24.06.2026,01.07.2026,01.07.2026,02.07.2026,06.07.2026,,A001,WH AHI JABABEKA
R100260621L026_A001,CDD LONG CHASSIS,3100000,0,0,0,400000,0,3500000,A001 - WH AHI JABABEKA,PT. BINTANG SAMUDRA RAYA,6,LATE,29,41,23.07.2026,23.06.2026,24.06.2026,17.07.2026,19.07.2026,20.07.2026,20.07.2026,,A001,WH AHI JABABEKA
R100260621L027_A001,CONT-20,19300000,0,0,0,0,0,19300000,A001 - WH AHI JABABEKA,PT. TPIL LOGISTICS,2,LATE,26,42,19.07.2026,22.06.2026,15.07.2026,,,,,,A001,WH AHI JABABEKA
R100260621L028_A001,CONT-20,32300000,0,0,0,0,0,32300000,A001 - WH AHI JABABEKA,PT. TPIL LOGISTICS,2,LATE,27,43,20.07.2026,22.06.2026,09.07.2026,,,,,,A001,WH AHI JABABEKA
R100260621L029_A001,FUSO,14750000,0,0,0,500000,0,15250000,A001 - WH AHI JABABEKA,PT. SATRIA PIRANTI PERKASA,6,LATE,31,42,25.07.2026,23.06.2026,28.06.2026,09.07.2026,09.07.2026,14.07.2026,14.07.2026,,A001,WH AHI JABABEKA
R100260621L030_A001,CONT-20,16500000,0,0,0,0,0,16500000,A001 - WH AHI JABABEKA,PT. TPIL LOGISTICS,2,LATE,19,42,12.07.2026,22.06.2026,15.07.2026,,,,,,A001,WH AHI JABABEKA
R100260621T002_A001,CONT-40,30000000,0,0,550000,0,0,30550000,A001 - WH AHI JABABEKA,PT. TERATAI EMAS LOGISTINDO,6,LATE,36,40,01.08.2026,25.06.2026,23.07.2026,24.07.2026,24.07.2026,29.07.2026,29.07.2026,,A001,WH AHI JABABEKA
R100260621T003_A001,WINGBOX,5650000,0,0,0,175000,0,5825000,A001 - WH AHI JABABEKA,PT. DUTA MEDIA MANDIRI,7,ON SCHEDULE,30,0,23.07.2026,22.06.2026,25.06.2026,30.06.2026,30.06.2026,30.06.2026,30.06.2026,,A001,WH AHI JABABEKA
R100260621T004_A001,CONT-40,8150000,0,0,0,0,0,8150000,A001 - WH AHI JABABEKA,PT. JATIM PETROLEUM TRANSPORT,6,LATE,30,42,23.07.2026,22.06.2026,03.07.2026,15.07.2026,16.07.2026,03.08.2026,03.08.2026,,A001,WH AHI JABABEKA
R100260621T005_A001,CONT-40,8150000,0,0,0,0,0,8150000,A001 - WH AHI JABABEKA,PT. JATIM PETROLEUM TRANSPORT,6,LATE,30,42,23.07.2026,22.06.2026,03.07.2026,15.07.2026,16.07.2026,03.08.2026,03.08.2026,,A001,WH AHI JABABEKA
R100260621T006_A001,CONT-20,3900000,0,0,0,0,0,3900000,A001 - WH AHI JABABEKA,PT. JATIM PETROLEUM TRANSPORT,6,LATE,30,43,22.07.2026,21.06.2026,28.06.2026,15.07.2026,16.07.2026,03.08.2026,03.08.2026,,A001,WH AHI JABABEKA
R100260621T007_A001,WINGBOX,5650000,0,0,0,0,0,5650000,A001 - WH AHI JABABEKA,PT. DUTA MEDIA MANDIRI,7,ON SCHEDULE,30,0,24.07.2026,23.06.2026,26.06.2026,26.06.2026,26.06.2026,30.06.2026,30.06.2026,,A001,WH AHI JABABEKA
R100260621T008_A001,WINGBOX,5650000,0,0,0,0,0,5650000,A001 - WH AHI JABABEKA,PT. DUTA MEDIA MANDIRI,7,ON SCHEDULE,30,0,24.07.2026,23.06.2026,26.06.2026,26.06.2026,26.06.2026,30.06.2026,30.06.2026,,A001,WH AHI JABABEKA
R100260621T009_A001,CONT-40,28000000,0,0,0,0,0,28000000,A001 - WH AHI JABABEKA,PT. TERATAI EMAS LOGISTINDO,4,LATE,27,42,20.07.2026,22.06.2026,23.07.2026,24.07.2026,24.07.2026,,,,A001,WH AHI JABABEKA
R100260621T010_A001,WINGBOX,7000000,0,0,0,0,0,7000000,A001 - WH AHI JABABEKA,PT. DUNIA EXPRESS TRANSINDO,4,LATE,18,42,11.07.2026,22.06.2026,25.06.2026,27.07.2026,27.07.2026,,,,A001,WH AHI JABABEKA
R100260621T011_A001,WINGBOX,7000000,0,0,0,0,0,7000000,A001 - WH AHI JABABEKA,PT. DUNIA EXPRESS TRANSINDO,4,LATE,18,43,11.07.2026,22.06.2026,25.06.2026,27.07.2026,27.07.2026,,,,A001,WH AHI JABABEKA
R100260621T012_A001,WINGBOX,7000000,0,0,0,0,0,7000000,A001 - WH AHI JABABEKA,PT. DUNIA EXPRESS TRANSINDO,4,LATE,18,43,11.07.2026,22.06.2026,25.06.2026,27.07.2026,27.07.2026,,,,A001,WH AHI JABABEKA
R100260621T013_A001,WINGBOX,6600000,0,0,0,300000,0,6900000,A001 - WH AHI JABABEKA,PT. JAYA MULYA ERALINDO,6,LATE,30,40,25.07.2026,24.06.2026,28.06.2026,10.07.2026,10.07.2026,13.07.2026,13.07.2026,,A001,WH AHI JABABEKA
R100260621T015_A001,CONT-20,16600000,0,0,0,0,0,16600000,A001 - WH AHI JABABEKA,PT. TPIL LOGISTICS,2,LATE,21,42,14.07.2026,22.06.2026,09.07.2026,,,,,,A001,WH AHI JABABEKA
R100260621T019_A001,CONT-40,8500000,0,0,0,0,0,8500000,A001 - WH AHI JABABEKA,PT. DINOYO PUTRA MANDIRI,7,ON SCHEDULE,30,0,21.07.2026,20.06.2026,24.06.2026,25.06.2026,25.06.2026,26.06.2026,26.06.2026,,A001,WH AHI JABABEKA
R100260621T040_A001,CONT-20,15550000,0,0,0,0,0,15550000,A001 - WH AHI JABABEKA,PT. TPIL LOGISTICS,2,LATE,20,42,13.07.2026,22.06.2026,04.07.2026,,,,,,A001,WH AHI JABABEKA
R100260621T052_A001,CONT-20,16600000,0,0,0,0,0,16600000,A001 - WH AHI JABABEKA,PT. TPIL LOGISTICS,2,LATE,21,43,13.07.2026,21.06.2026,07.07.2026,,,,,,A001,WH AHI JABABEKA
R100260622L002_A001,CDD LONG CHASSIS,14800000,0,0,0,0,0,14800000,A001 - WH AHI JABABEKA,PT.ORANG KREATIF EKSIS,6,LATE,41,42,03.08.2026,22.06.2026,28.06.2026,16.07.2026,16.07.2026,23.07.2026,23.07.2026,,A001,WH AHI JABABEKA
R100260622L047_A001,CDD LONG CHASSIS,4900000,0,0,0,150000,0,5050000,A001 - WH AHI JABABEKA,PT.ORANG KREATIF EKSIS,6,LATE,28,41,22.07.2026,23.06.2026,25.06.2026,26.06.2026,26.06.2026,08.07.2026,08.07.2026,,A001,WH AHI JABABEKA
R100260622L048_A001,FUSO,14750000,0,0,0,200000,0,14950000,A001 - WH AHI JABABEKA,PT. SATRIA PIRANTI PERKASA,6,LATE,31,41,26.07.2026,24.06.2026,28.06.2026,09.07.2026,09.07.2026,14.07.2026,14.07.2026,,A001,WH AHI JABABEKA
R100260622L049_A001,CONT-20,18780000,0,0,0,0,0,18780000,A001 - WH AHI JABABEKA,PT KAMADJAJA LOGISTICS,6,LATE,38,41,01.08.2026,23.06.2026,07.07.2026,22.07.2026,22.07.2026,23.07.2026,23.07.2026,,A001,WH AHI JABABEKA
R100260622L050_A001,CONT-20,23900000,0,0,0,0,0,23900000,A001 - WH AHI JABABEKA,PT. TPIL LOGISTICS,2,LATE,21,41,15.07.2026,23.06.2026,09.07.2026,,,,,,A001,WH AHI JABABEKA
R100260622L051_A001,FUSO,15250000,0,0,0,250000,0,15500000,A001 - WH AHI JABABEKA,PT LOGISTIK CANGGIH INDONESIA,6,LATE,31,41,25.07.2026,23.06.2026,28.06.2026,15.07.2026,15.07.2026,17.07.2026,22.07.2026,,A001,WH AHI JABABEKA
R100260622L052_A001,FUSO,19550000,0,0,0,522000,0,20072000,A001 - WH AHI JABABEKA,PT. DUTA LINTAS NUSA,5,LATE,25,41,19.07.2026,23.06.2026,04.07.2026,22.07.2026,23.07.2026,30.07.2026,,,A001,WH AHI JABABEKA
R100260622T003_A001,WINGBOX,5600000,0,0,0,0,0,5600000,A001 - WH AHI JABABEKA,PT. BINTANG SAMUDRA RAYA,7,ON SCHEDULE,30,0,24.07.2026,23.06.2026,26.06.2026,01.07.2026,01.07.2026,02.07.2026,06.07.2026,,A001,WH AHI JABABEKA
R100260622T004_A001,CONT-40,8150000,0,0,0,0,0,8150000,A001 - WH AHI JABABEKA,PT. JATIM PETROLEUM TRANSPORT,4,LATE,18,41,12.07.2026,23.06.2026,03.07.2026,17.07.2026,19.07.2026,,,,A001,WH AHI JABABEKA
R100260622T005_A001,CONT-20,3900000,0,0,0,0,0,3900000,A001 - WH AHI JABABEKA,PT. JATIM PETROLEUM TRANSPORT,4,LATE,18,42,11.07.2026,22.06.2026,03.07.2026,17.07.2026,19.07.2026,,,,A001,WH AHI JABABEKA
R100260622T006_A001,CONT-20,3900000,0,0,0,0,0,3900000,A001 - WH AHI JABABEKA,PT. JATIM PETROLEUM TRANSPORT,4,LATE,18,42,12.07.2026,23.06.2026,03.07.2026,17.07.2026,19.07.2026,,,,A001,WH AHI JABABEKA
R100260622T007_A001,CONT-20,3900000,0,0,0,0,0,3900000,A001 - WH AHI JABABEKA,PT. JATIM PETROLEUM TRANSPORT,4,LATE,18,41,12.07.2026,23.06.2026,03.07.2026,17.07.2026,19.07.2026,,,,A001,WH AHI JABABEKA
R100260622T008_A001,CONT-20,3900000,0,0,0,0,0,3900000,A001 - WH AHI JABABEKA,PT. JATIM PETROLEUM TRANSPORT,4,LATE,18,41,12.07.2026,23.06.2026,03.07.2026,17.07.2026,19.07.2026,,,,A001,WH AHI JABABEKA
R100260622T009_A001,WINGBOX,7000000,0,0,0,0,0,7000000,A001 - WH AHI JABABEKA,PT. DUNIA EXPRESS TRANSINDO,4,LATE,18,41,12.07.2026,23.06.2026,28.06.2026,27.07.2026,27.07.2026,,,,A001,WH AHI JABABEKA
R100260622T010_A001,WINGBOX,7000000,0,0,0,0,0,7000000,A001 - WH AHI JABABEKA,PT. DUNIA EXPRESS TRANSINDO,4,LATE,18,41,12.07.2026,23.06.2026,27.06.2026,27.07.2026,27.07.2026,,,,A001,WH AHI JABABEKA
R100260622T011_A001,CONT-40,28000000,0,0,0,0,0,28000000,A001 - WH AHI JABABEKA,PT. TERATAI EMAS LOGISTINDO,4,LATE,27,42,21.07.2026,23.06.2026,18.07.2026,20.07.2026,21.07.2026,,,,A001,WH AHI JABABEKA
R100260622T013_A001,CONT-20,18100000,0,0,0,0,0,18100000,A001 - WH AHI JABABEKA,PT. TPIL LOGISTICS,2,LATE,27,41,21.07.2026,23.06.2026,04.07.2026,,,,,,A001,WH AHI JABABEKA
R100260622T014_A001,CONT-20,15800000,0,0,0,0,0,15800000,A001 - WH AHI JABABEKA,PT. SENTOSAPRIMA ABADI,2,LATE,21,42,15.07.2026,23.06.2026,07.07.2026,,,,,,A001,WH AHI JABABEKA
R100260622T015_A001,CONT-20,16600000,0,0,0,0,0,16600000,A001 - WH AHI JABABEKA,PT. TPIL LOGISTICS,2,LATE,21,42,14.07.2026,22.06.2026,09.07.2026,,,,,,A001,WH AHI JABABEKA
R100260622T016_A001,CONT-40,8150000,0,0,0,0,0,8150000,A001 - WH AHI JABABEKA,PT. JATIM PETROLEUM TRANSPORT,4,LATE,18,42,11.07.2026,22.06.2026,03.07.2026,17.07.2026,19.07.2026,,,,A001,WH AHI JABABEKA
R100260622T017_A001,CONT-20,3900000,0,0,0,0,0,3900000,A001 - WH AHI JABABEKA,PT. JATIM PETROLEUM TRANSPORT,4,LATE,18,42,11.07.2026,22.06.2026,03.07.2026,17.07.2026,19.07.2026,,,,A001,WH AHI JABABEKA
R100260622T038_A001,CONT-40,28000000,0,0,0,0,0,28000000,A001 - WH AHI JABABEKA,PT. TERATAI EMAS LOGISTINDO,4,LATE,27,38,25.07.2026,27.06.2026,28.07.2026,29.07.2026,29.07.2026,,,,A001,WH AHI JABABEKA
R100260623L013_A001,FUSO,19350000,0,0,0,200000,0,19550000,A001 - WH AHI JABABEKA,PT. SATRIA PIRANTI PERKASA,6,NEAR LATE,41,41,04.08.2026,23.06.2026,28.06.2026,16.07.2026,16.07.2026,22.07.2026,22.07.2026,,A001,WH AHI JABABEKA
R100260623L014_A001,CONT-20,18100000,0,0,0,0,0,18100000,A001 - WH AHI JABABEKA,PT. TPIL LOGISTICS,2,LATE,26,42,20.07.2026,23.06.2026,25.07.2026,,,,,,A001,WH AHI JABABEKA
R100260623L015_A001,CDD LONG CHASSIS,2350000,0,0,0,0,0,2350000,A001 - WH AHI JABABEKA,PT. BINTANG SAMUDRA RAYA,7,ON SCHEDULE,28,0,22.07.2026,23.06.2026,25.06.2026,06.07.2026,07.07.2026,10.07.2026,13.07.2026,,A001,WH AHI JABABEKA
R100260623L017_A001,FUSO,12500000,0,350000,0,0,0,12850000,A001 - WH AHI JABABEKA,PT.DHANESWARA EXPRES,6,LATE,31,40,26.07.2026,24.06.2026,28.06.2026,09.07.2026,10.07.2026,13.07.2026,14.07.2026,,A001,WH AHI JABABEKA
R100260623L021_A001,CONT-20,0,0,0,0,0,0,0,A001 - WH AHI JABABEKA,PT. HAKKA HYDRO TIRTA,2,LATE,20,41,15.07.2026,24.06.2026,07.07.2026,,,,,,A001,WH AHI JABABEKA
R100260623L029_A001,CDD LONG CHASSIS,2850000,0,0,0,0,0,2850000,A001 - WH AHI JABABEKA,PT. BINTANG SAMUDRA RAYA,7,ON SCHEDULE,28,0,23.07.2026,24.06.2026,26.06.2026,01.07.2026,01.07.2026,02.07.2026,06.07.2026,,A001,WH AHI JABABEKA
R100260623L030_A001,CDD LONG CHASSIS,3900000,0,0,0,400000,0,4300000,A001 - WH AHI JABABEKA,PT. BINTANG SAMUDRA RAYA,6,LATE,28,41,22.07.2026,23.06.2026,25.06.2026,17.07.2026,19.07.2026,20.07.2026,20.07.2026,,A001,WH AHI JABABEKA
R100260623L032_A001,CONT-20,16200000,0,0,0,0,0,16200000,A001 - WH AHI JABABEKA,PT. TPIL LOGISTICS,2,LATE,20,40,15.07.2026,24.06.2026,15.07.2026,,,,,,A001,WH AHI JABABEKA
R100260623L033_A001,CDD LONG CHASSIS,3100000,0,0,0,0,0,3100000,A001 - WH AHI JABABEKA,PT. BINTANG SAMUDRA RAYA,7,ON SCHEDULE,29,0,24.07.2026,24.06.2026,26.06.2026,01.07.2026,01.07.2026,02.07.2026,06.07.2026,,A001,WH AHI JABABEKA
R100260623L035_A001,CONT-20,17000000,0,0,0,0,0,17000000,A001 - WH AHI JABABEKA,PT. TPIL LOGISTICS,2,LATE,21,41,16.07.2026,24.06.2026,15.07.2026,,,,,,A001,WH AHI JABABEKA
R100260623L036_A001,CONT-20,0,0,0,0,0,0,0,A001 - WH AHI JABABEKA,PT. TPIL LOGISTICS,2,LATE,27,39,24.07.2026,26.06.2026,24.07.2026,,,,,,A001,WH AHI JABABEKA
R100260623L037_A001,CONT-20,20500000,0,0,0,0,0,20500000,A001 - WH AHI JABABEKA,PT. TPIL LOGISTICS,2,LATE,27,41,22.07.2026,24.06.2026,18.07.2026,,,,,,A001,WH AHI JABABEKA
R100260623T007_A001,CONT-40,8500000,0,0,0,0,0,8500000,A001 - WH AHI JABABEKA,PT. DINOYO PUTRA MANDIRI,7,ON SCHEDULE,30,0,24.07.2026,23.06.2026,26.06.2026,26.06.2026,26.06.2026,03.07.2026,03.07.2026,,A001,WH AHI JABABEKA
R100260623T008_A001,CONT-40,8500000,0,0,0,0,0,8500000,A001 - WH AHI JABABEKA,PT. DINOYO PUTRA MANDIRI,7,ON SCHEDULE,30,0,25.07.2026,24.06.2026,28.06.2026,29.06.2026,29.06.2026,03.07.2026,03.07.2026,,A001,WH AHI JABABEKA
R100260623T010_A001,CONT-20,3900000,0,0,0,0,0,3900000,A001 - WH AHI JABABEKA,PT. JATIM PETROLEUM TRANSPORT,4,LATE,18,41,13.07.2026,24.06.2026,01.07.2026,17.07.2026,19.07.2026,,,,A001,WH AHI JABABEKA
R100260623T011_A001,CONT-20,3900000,0,0,0,0,0,3900000,A001 - WH AHI JABABEKA,PT. JATIM PETROLEUM TRANSPORT,4,LATE,18,41,13.07.2026,24.06.2026,01.07.2026,17.07.2026,19.07.2026,,,,A001,WH AHI JABABEKA
R100260623T012_A001,CONT-20,3900000,0,0,0,0,0,3900000,A001 - WH AHI JABABEKA,PT. JATIM PETROLEUM TRANSPORT,4,LATE,18,41,13.07.2026,24.06.2026,03.07.2026,17.07.2026,19.07.2026,,,,A001,WH AHI JABABEKA
R100260623T013_A001,CONT-20,3900000,0,0,0,0,0,3900000,A001 - WH AHI JABABEKA,PT. JATIM PETROLEUM TRANSPORT,4,LATE,18,41,13.07.2026,24.06.2026,03.07.2026,17.07.2026,19.07.2026,,,,A001,WH AHI JABABEKA
R100260623T014_A001,CONT-20,3900000,0,0,0,0,0,3900000,A001 - WH AHI JABABEKA,PT. JATIM PETROLEUM TRANSPORT,4,LATE,18,41,13.07.2026,24.06.2026,03.07.2026,17.07.2026,19.07.2026,,,,A001,WH AHI JABABEKA
R100260623T015_A001,CONT-20,3900000,0,0,0,0,0,3900000,A001 - WH AHI JABABEKA,PT. JATIM PETROLEUM TRANSPORT,4,LATE,18,41,13.07.2026,24.06.2026,01.07.2026,17.07.2026,19.07.2026,,,,A001,WH AHI JABABEKA
R100260623T016_A001,CONT-40,27200000,0,0,0,0,0,27200000,A001 - WH AHI JABABEKA,PT. SENTOSAPRIMA ABADI,2,LATE,19,41,13.07.2026,23.06.2026,11.07.2026,,,,,,A001,WH AHI JABABEKA
R100260623T017_A001,CONT-20,18100000,0,0,0,0,0,18100000,A001 - WH AHI JABABEKA,PT. TPIL LOGISTICS,2,LATE,27,40,22.07.2026,24.06.2026,09.07.2026,,,,,,A001,WH AHI JABABEKA
R100260623T051_A001,CONT-40,28000000,0,0,0,0,0,28000000,A001 - WH AHI JABABEKA,PT. TERATAI EMAS LOGISTINDO,4,LATE,27,41,22.07.2026,24.06.2026,28.07.2026,29.07.2026,29.07.2026,,,,A001,WH AHI JABABEKA
R100260624L003_A001,CONT-20,0,0,0,0,0,0,0,A001 - WH AHI JABABEKA,PT. TPIL LOGISTICS,2,LATE,22,39,18.07.2026,25.06.2026,15.07.2026,,,,,,A001,WH AHI JABABEKA
R100260624L004_A001,CDD LONG CHASSIS,4900000,0,0,0,0,0,4900000,A001 - WH AHI JABABEKA,PT.ORANG KREATIF EKSIS,6,LATE,28,39,24.07.2026,25.06.2026,26.06.2026,03.07.2026,03.07.2026,17.07.2026,17.07.2026,,A001,WH AHI JABABEKA
R100260624L010_A001,WINGBOX,34930000,0,0,0,300000,0,35230000,A001 - WH AHI JABABEKA,PT LOGISTIK CANGGIH INDONESIA,6,ON SCHEDULE,47,39,12.08.2026,25.06.2026,02.07.2026,09.07.2026,10.07.2026,10.07.2026,15.07.2026,,A001,WH AHI JABABEKA
R100260624L011_A001,CONT-20,32300000,0,0,0,0,0,32300000,A001 - WH AHI JABABEKA,PT. TPIL LOGISTICS,2,LATE,27,39,23.07.2026,25.06.2026,18.07.2026,,,,,,A001,WH AHI JABABEKA
R100260624L030_A001,FUSO,14750000,0,0,0,200000,0,14950000,A001 - WH AHI JABABEKA,PT. SATRIA PIRANTI PERKASA,4,LATE,19,39,15.07.2026,25.06.2026,30.06.2026,31.07.2026,01.08.2026,,,,A001,WH AHI JABABEKA
R100260624L040_A001,CONT-20,19100000,0,0,0,0,0,19100000,A001 - WH AHI JABABEKA,PT. MITRA INTERTRANS FORWARDING,2,LATE,22,39,18.07.2026,25.06.2026,11.07.2026,,,,,,A001,WH AHI JABABEKA
R100260624L041_A001,CONT-20,18500000,0,0,0,0,0,18500000,A001 - WH AHI JABABEKA,PT. SENTOSAPRIMA ABADI,2,LATE,12,39,08.07.2026,25.06.2026,15.07.2026,,,,,,A001,WH AHI JABABEKA
R100260624L042_A001,CONT-20,18100000,0,0,0,0,0,18100000,A001 - WH AHI JABABEKA,PT. TPIL LOGISTICS,2,LATE,23,39,19.07.2026,25.06.2026,15.07.2026,,,,,,A001,WH AHI JABABEKA
R100260624L043_A001,CONT-20,16200000,0,0,0,0,0,16200000,A001 - WH AHI JABABEKA,PT. TPIL LOGISTICS,2,LATE,19,39,15.07.2026,25.06.2026,15.07.2026,,,,,,A001,WH AHI JABABEKA
R100260624L085_A001,CDD LONG CHASSIS,3100000,0,0,0,0,0,3100000,A001 - WH AHI JABABEKA,PT. BINTANG SAMUDRA RAYA,6,LATE,26,40,21.07.2026,24.06.2026,26.06.2026,13.07.2026,14.07.2026,16.07.2026,16.07.2026,,A001,WH AHI JABABEKA
R100260624T008_A001,CONT-20,16600000,0,0,0,0,0,16600000,A001 - WH AHI JABABEKA,PT. TPIL LOGISTICS,2,LATE,21,40,17.07.2026,25.06.2026,09.07.2026,,,,,,A001,WH AHI JABABEKA
R100260624T009_A001,CONT-20,15600000,0,0,0,0,0,15600000,A001 - WH AHI JABABEKA,PT. MITRA INTERTRANS FORWARDING,2,LATE,20,40,15.07.2026,24.06.2026,11.07.2026,,,,,,A001,WH AHI JABABEKA
R100260624T010_A001,WINGBOX,5650000,0,0,0,0,0,5650000,A001 - WH AHI JABABEKA,PT. DUTA MEDIA MANDIRI,6,LATE,30,40,25.07.2026,24.06.2026,28.06.2026,30.06.2026,30.06.2026,06.07.2026,06.07.2026,,A001,WH AHI JABABEKA
R100260624T012_A001,WINGBOX,5650000,0,0,0,0,0,5650000,A001 - WH AHI JABABEKA,PT. DUTA MEDIA MANDIRI,6,LATE,30,40,26.07.2026,25.06.2026,28.06.2026,30.06.2026,30.06.2026,06.07.2026,06.07.2026,,A001,WH AHI JABABEKA
R100260624T013_A001,WINGBOX,5650000,0,0,0,0,0,5650000,A001 - WH AHI JABABEKA,PT. DUTA MEDIA MANDIRI,6,LATE,30,40,25.07.2026,24.06.2026,28.06.2026,30.06.2026,30.06.2026,06.07.2026,06.07.2026,,A001,WH AHI JABABEKA
R100260624T014_A001,CONT-20,3900000,0,0,0,0,0,3900000,A001 - WH AHI JABABEKA,PT. JATIM PETROLEUM TRANSPORT,4,LATE,18,40,13.07.2026,24.06.2026,03.07.2026,17.07.2026,19.07.2026,,,,A001,WH AHI JABABEKA
R100260624T015_A001,CONT-20,3900000,0,0,0,0,0,3900000,A001 - WH AHI JABABEKA,PT. JATIM PETROLEUM TRANSPORT,4,LATE,18,39,14.07.2026,25.06.2026,03.07.2026,17.07.2026,19.07.2026,,,,A001,WH AHI JABABEKA
R100260624T016_A001,CONT-40,27200000,0,0,0,0,0,27200000,A001 - WH AHI JABABEKA,PT. SENTOSAPRIMA ABADI,2,LATE,19,40,14.07.2026,24.06.2026,12.07.2026,,,,,,A001,WH AHI JABABEKA
R100260624T017_A001,CONT-20,3900000,0,0,0,0,0,3900000,A001 - WH AHI JABABEKA,PT. JATIM PETROLEUM TRANSPORT,6,LATE,30,39,26.07.2026,25.06.2026,03.07.2026,17.07.2026,19.07.2026,03.08.2026,03.08.2026,,A001,WH AHI JABABEKA
R100260624T018_A001,CONT-20,3900000,0,0,0,0,0,3900000,A001 - WH AHI JABABEKA,PT. JATIM PETROLEUM TRANSPORT,4,LATE,18,39,14.07.2026,25.06.2026,03.07.2026,17.07.2026,19.07.2026,,,,A001,WH AHI JABABEKA
R100260624T019_A001,CONT-20,3900000,0,0,0,0,0,3900000,A001 - WH AHI JABABEKA,PT. JATIM PETROLEUM TRANSPORT,6,LATE,30,39,26.07.2026,25.06.2026,03.07.2026,17.07.2026,19.07.2026,03.08.2026,03.08.2026,,A001,WH AHI JABABEKA
R100260624T020_A001,WINGBOX,7000000,0,0,0,0,0,7000000,A001 - WH AHI JABABEKA,PT. DUNIA EXPRESS TRANSINDO,4,LATE,18,40,14.07.2026,25.06.2026,28.06.2026,27.07.2026,27.07.2026,,,,A001,WH AHI JABABEKA
R100260624T026_A001,WINGBOX,7000000,0,0,0,0,0,7000000,A001 - WH AHI JABABEKA,PT. DUNIA EXPRESS TRANSINDO,4,LATE,18,40,14.07.2026,25.06.2026,28.06.2026,27.07.2026,27.07.2026,,,,A001,WH AHI JABABEKA
R100260624T027_A001,CONT-40,27200000,0,0,0,0,0,27200000,A001 - WH AHI JABABEKA,PT. SENTOSAPRIMA ABADI,2,LATE,19,39,15.07.2026,25.06.2026,16.07.2026,,,,,,A001,WH AHI JABABEKA
R100260624T039_A001,CONT-20,18100000,0,0,0,0,0,18100000,A001 - WH AHI JABABEKA,PT. TPIL LOGISTICS,2,LATE,27,40,23.07.2026,25.06.2026,09.07.2026,,,,,,A001,WH AHI JABABEKA
R100260624T058_A001,CONT-20,3900000,0,0,0,0,0,3900000,A001 - WH AHI JABABEKA,PT. JATIM PETROLEUM TRANSPORT,4,LATE,18,40,13.07.2026,24.06.2026,01.07.2026,17.07.2026,19.07.2026,,,,A001,WH AHI JABABEKA
R100260624T063_A001,CONT-40,8150000,0,0,0,0,0,8150000,A001 - WH AHI JABABEKA,PT. JATIM PETROLEUM TRANSPORT,4,LATE,18,38,15.07.2026,26.06.2026,03.07.2026,17.07.2026,19.07.2026,,,,A001,WH AHI JABABEKA
R100260625L002_A001,CONT-20,17200000,0,0,0,0,0,17200000,A001 - WH AHI JABABEKA,PT. SENTOSAPRIMA ABADI,6,ON SCHEDULE,41,40,06.08.2026,25.06.2026,09.07.2026,31.07.2026,31.07.2026,03.08.2026,03.08.2026,,A001,WH AHI JABABEKA
R100260625L003_A001,CDD LONG CHASSIS,2850000,0,0,0,0,0,2850000,A001 - WH AHI JABABEKA,PT. BINTANG SAMUDRA RAYA,7,ON SCHEDULE,28,0,25.07.2026,26.06.2026,30.06.2026,10.07.2026,10.07.2026,14.07.2026,14.07.2026,,A001,WH AHI JABABEKA
R100260625L004_A001,CDD LONG CHASSIS,4900000,0,0,0,0,0,4900000,A001 - WH AHI JABABEKA,PT.ORANG KREATIF EKSIS,6,LATE,28,39,24.07.2026,25.06.2026,28.06.2026,09.07.2026,10.07.2026,17.07.2026,17.07.2026,,A001,WH AHI JABABEKA
R100260625L017_A001,CDD LONG CHASSIS,4900000,0,0,0,150000,0,5050000,A001 - WH AHI JABABEKA,PT.ORANG KREATIF EKSIS,6,LATE,29,39,25.07.2026,25.06.2026,28.06.2026,03.07.2026,07.07.2026,17.07.2026,17.07.2026,,A001,WH AHI JABABEKA
R100260625L052_A001,CDD LONG CHASSIS,2350000,0,0,0,0,0,2350000,A001 - WH AHI JABABEKA,PT. BINTANG SAMUDRA RAYA,7,ON SCHEDULE,28,0,25.07.2026,26.06.2026,30.06.2026,06.07.2026,07.07.2026,10.07.2026,10.07.2026,,A001,WH AHI JABABEKA
R100260625L054_A001,WINGBOX,10700000,0,0,0,0,0,10700000,A001 - WH AHI JABABEKA,PT. BINTANG SAMUDRA RAYA,7,ON SCHEDULE,31,0,28.07.2026,26.06.2026,30.06.2026,06.07.2026,07.07.2026,10.07.2026,13.07.2026,,A001,WH AHI JABABEKA
R100260625T003_A001,CONT-20,3900000,0,0,0,0,0,3900000,A001 - WH AHI JABABEKA,PT. JATIM PETROLEUM TRANSPORT,4,LATE,18,39,14.07.2026,25.06.2026,03.07.2026,17.07.2026,19.07.2026,,,,A001,WH AHI JABABEKA
R100260625T004_A001,CONT-20,3900000,0,0,0,0,0,3900000,A001 - WH AHI JABABEKA,PT. JATIM PETROLEUM TRANSPORT,6,LATE,30,39,26.07.2026,25.06.2026,03.07.2026,17.07.2026,19.07.2026,03.08.2026,03.08.2026,,A001,WH AHI JABABEKA
R100260625T005_A001,CONT-20,3900000,0,0,0,0,0,3900000,A001 - WH AHI JABABEKA,PT. JATIM PETROLEUM TRANSPORT,4,LATE,18,39,14.07.2026,25.06.2026,03.07.2026,17.07.2026,19.07.2026,,,,A001,WH AHI JABABEKA
R100260625T006_A001,CONT-20,3900000,0,0,0,0,0,3900000,A001 - WH AHI JABABEKA,PT. JATIM PETROLEUM TRANSPORT,4,LATE,18,39,14.07.2026,25.06.2026,03.07.2026,17.07.2026,19.07.2026,,,,A001,WH AHI JABABEKA
R100260625T007_A001,CONT-20,3900000,0,0,0,0,0,3900000,A001 - WH AHI JABABEKA,PT. JATIM PETROLEUM TRANSPORT,4,LATE,18,39,14.07.2026,25.06.2026,03.07.2026,17.07.2026,19.07.2026,,,,A001,WH AHI JABABEKA
R100260625T008_A001,CONT-40,28000000,0,0,0,0,0,28000000,A001 - WH AHI JABABEKA,PT. TERATAI EMAS LOGISTINDO,4,LATE,27,38,24.07.2026,26.06.2026,24.07.2026,27.07.2026,27.07.2026,,,,A001,WH AHI JABABEKA
R100260625T010_A001,CONT-20,3900000,0,0,0,0,0,3900000,A001 - WH AHI JABABEKA,PT. JATIM PETROLEUM TRANSPORT,4,LATE,18,39,15.07.2026,26.06.2026,03.07.2026,17.07.2026,19.07.2026,,,,A001,WH AHI JABABEKA
R100260625T013_A001,CONT-20,17550000,0,0,0,0,0,17550000,A001 - WH AHI JABABEKA,PT. MITRA INTERTRANS FORWARDING,2,LATE,21,39,18.07.2026,26.06.2026,11.07.2026,,,,,,A001,WH AHI JABABEKA
R100260625T024_A001,CONT-40,27300000,0,0,0,0,0,27300000,A001 - WH AHI JABABEKA,PT. TPIL LOGISTICS,2,LATE,19,38,16.07.2026,26.06.2026,09.07.2026,,,,,,A001,WH AHI JABABEKA
R100260625T025_A001,CONT-20,18100000,0,0,0,0,0,18100000,A001 - WH AHI JABABEKA,PT. TPIL LOGISTICS,2,LATE,27,38,24.07.2026,26.06.2026,11.07.2026,,,,,,A001,WH AHI JABABEKA
R100260626L002_A001,CONT-20,18100000,0,0,0,0,0,18100000,A001 - WH AHI JABABEKA,PT. TPIL LOGISTICS,2,LATE,23,38,20.07.2026,26.06.2026,15.07.2026,,,,,,A001,WH AHI JABABEKA
R100260626L003_A001,CONT-20,15900000,0,0,0,0,0,15900000,A001 - WH AHI JABABEKA,PT. TPIL LOGISTICS,2,LATE,22,38,19.07.2026,26.06.2026,21.07.2026,,,,,,A001,WH AHI JABABEKA
R100260626L004_A001,FUSO,14750000,0,0,0,200000,0,14950000,A001 - WH AHI JABABEKA,PT. SATRIA PIRANTI PERKASA,6,ON SCHEDULE,41,38,07.08.2026,26.06.2026,30.06.2026,16.07.2026,16.07.2026,22.07.2026,22.07.2026,,A001,WH AHI JABABEKA
R100260626L005_A001,CONT-20,24500000,0,0,0,0,0,24500000,A001 - WH AHI JABABEKA,PT. TPIL LOGISTICS,2,LATE,29,38,26.07.2026,26.06.2026,18.07.2026,,,,,,A001,WH AHI JABABEKA
R100260626L006_A001,CONT-20,15300000,0,0,0,0,0,15300000,A001 - WH AHI JABABEKA,PT. SENTOSAPRIMA ABADI,2,LATE,19,38,16.07.2026,26.06.2026,09.07.2026,,,,,,A001,WH AHI JABABEKA
R100260626L007_A001,WINGBOX,10700000,0,0,0,600000,0,11300000,A001 - WH AHI JABABEKA,PT. BINTANG SAMUDRA RAYA,6,LATE,31,37,29.07.2026,27.06.2026,02.07.2026,17.07.2026,19.07.2026,20.07.2026,20.07.2026,,A001,WH AHI JABABEKA
R100260626L008_A001,CONT-20,19300000,0,0,0,0,0,19300000,A001 - WH AHI JABABEKA,PT. TPIL LOGISTICS,2,LATE,26,38,24.07.2026,27.06.2026,18.07.2026,,,,,,A001,WH AHI JABABEKA
R100260626L009_A001,CONT-20,22900000,0,0,0,0,0,22900000,A001 - WH AHI JABABEKA,PT. TPIL LOGISTICS,2,LATE,23,38,21.07.2026,27.06.2026,21.07.2026,,,,,,A001,WH AHI JABABEKA
R100260626L010_A001,FUSO,19350000,0,0,0,0,0,19350000,A001 - WH AHI JABABEKA,PT. SATRIA PIRANTI PERKASA,6,ON SCHEDULE,41,37,09.08.2026,28.06.2026,03.07.2026,16.07.2026,16.07.2026,22.07.2026,22.07.2026,,A001,WH AHI JABABEKA
R100260626L011_A001,WINGBOX,10700000,0,0,0,0,0,10700000,A001 - WH AHI JABABEKA,PT. BINTANG SAMUDRA RAYA,7,ON SCHEDULE,31,0,29.07.2026,27.06.2026,02.07.2026,06.07.2026,07.07.2026,09.07.2026,13.07.2026,,A001,WH AHI JABABEKA
R100260626L012_A001,FUSO,12500000,0,0,0,350000,0,12850000,A001 - WH AHI JABABEKA,PT.DHANESWARA EXPRES,6,LATE,31,38,28.07.2026,26.06.2026,30.06.2026,14.07.2026,15.07.2026,20.07.2026,20.07.2026,,A001,WH AHI JABABEKA
R100260626L013_A001,FUSO,8200000,0,0,0,350000,0,8550000,A001 - WH AHI JABABEKA,PT.DHANESWARA EXPRES,6,LATE,29,38,27.07.2026,27.06.2026,03.07.2026,14.07.2026,15.07.2026,20.07.2026,20.07.2026,,A001,WH AHI JABABEKA
R100260626L014_A001,CDD LONG CHASSIS,3600000,0,0,0,250000,0,3850000,A001 - WH AHI JABABEKA,PT LOGISTIK CANGGIH INDONESIA,6,LATE,28,38,25.07.2026,26.06.2026,30.06.2026,03.07.2026,07.07.2026,07.07.2026,10.07.2026,,A001,WH AHI JABABEKA
R100260626L026_A001,CDD LONG CHASSIS,3325000,0,0,0,350000,0,3675000,A001 - WH AHI JABABEKA,PT. JEJE HARAPAN TRANSINDO,6,LATE,28,38,25.07.2026,26.06.2026,30.06.2026,20.07.2026,21.07.2026,31.07.2026,31.07.2026,,A001,WH AHI JABABEKA
R100260626L026_A001,CDD LONG CHASSIS,3325000,0,0,0,350000,0,3675000,A001 - WH AHI JABABEKA,PT. JEJE HARAPAN TRANSINDO,6,LATE,28,38,25.07.2026,26.06.2026,30.06.2026,20.07.2026,21.07.2026,31.07.2026,31.07.2026,,A001,WH AHI JABABEKA
R100260626L027_A001,CDD LONG CHASSIS,3100000,0,0,0,400000,0,3500000,A001 - WH AHI JABABEKA,PT. BINTANG SAMUDRA RAYA,7,ON SCHEDULE,29,0,27.07.2026,27.06.2026,03.07.2026,15.07.2026,15.07.2026,16.07.2026,16.07.2026,,A001,WH AHI JABABEKA
R100260626L028_A001,CDD LONG CHASSIS,4900000,0,0,0,300000,0,5200000,A001 - WH AHI JABABEKA,PT.ORANG KREATIF EKSIS,6,LATE,28,38,25.07.2026,26.06.2026,28.06.2026,07.07.2026,07.07.2026,17.07.2026,17.07.2026,,A001,WH AHI JABABEKA
R100260626L029_A001,FUSO,13800000,0,0,0,0,0,13800000,A001 - WH AHI JABABEKA,PT. DUTA LINTAS NUSA,5,LATE,34,37,01.08.2026,27.06.2026,02.07.2026,22.07.2026,23.07.2026,30.07.2026,,,A001,WH AHI JABABEKA
R100260626L030_A001,CONT-20,17000000,0,0,0,0,0,17000000,A001 - WH AHI JABABEKA,PT. TPIL LOGISTICS,2,LATE,21,38,19.07.2026,27.06.2026,21.07.2026,,,,,,A001,WH AHI JABABEKA
R100260626L031_A001,CONT-20,23900000,0,0,0,0,0,23900000,A001 - WH AHI JABABEKA,PT. TPIL LOGISTICS,2,LATE,21,38,19.07.2026,27.06.2026,15.07.2026,,,,,,A001,WH AHI JABABEKA
R100260626L032_A001,CONT-20,32300000,0,0,0,0,0,32300000,A001 - WH AHI JABABEKA,PT. TPIL LOGISTICS,2,LATE,27,34,28.07.2026,30.06.2026,25.07.2026,,,,,,A001,WH AHI JABABEKA
R100260626L033_A001,FUSO,20500000,0,0,0,300000,0,20800000,A001 - WH AHI JABABEKA,PT. SATRIA PIRANTI PERKASA,6,LATE,31,37,29.07.2026,27.06.2026,03.07.2026,23.07.2026,23.07.2026,29.07.2026,29.07.2026,,A001,WH AHI JABABEKA
R100260626L034_A001,FUSO,15250000,0,0,0,250000,0,15500000,A001 - WH AHI JABABEKA,PT LOGISTIK CANGGIH INDONESIA,6,LATE,31,38,29.07.2026,27.06.2026,02.07.2026,07.07.2026,08.07.2026,08.07.2026,10.07.2026,,A001,WH AHI JABABEKA
R100260626L047_A001,CONT-20,14900000,0,0,0,0,0,14900000,A001 - WH AHI JABABEKA,PT. MITRA INTERTRANS FORWARDING,2,LATE,18,36,17.07.2026,28.06.2026,18.07.2026,,,,,,A001,WH AHI JABABEKA
R100260626L078_A001,CONT-20,0,0,0,0,0,0,0,A001 - WH AHI JABABEKA,PT. PAUS BIRU LOGISTIK,2,LATE,28,34,29.07.2026,30.06.2026,29.07.2026,,,,,,A001,WH AHI JABABEKA
R100260626T001_A001,WINGBOX,7000000,0,0,0,0,0,7000000,A001 - WH AHI JABABEKA,PT. DUNIA EXPRESS TRANSINDO,4,LATE,18,38,15.07.2026,26.06.2026,30.06.2026,27.07.2026,27.07.2026,,,,A001,WH AHI JABABEKA
R100260626T002_A001,CONT-40,27300000,0,0,0,0,0,27300000,A001 - WH AHI JABABEKA,PT. TPIL LOGISTICS,2,LATE,19,38,16.07.2026,26.06.2026,18.07.2026,,,,,,A001,WH AHI JABABEKA
R100260626T007_A001,CONT-20,15550000,0,0,0,0,0,15550000,A001 - WH AHI JABABEKA,PT. TPIL LOGISTICS,2,LATE,20,38,17.07.2026,26.06.2026,07.07.2026,,,,,,A001,WH AHI JABABEKA
R100260626T016_A001,WINGBOX,6600000,0,0,0,0,0,6600000,A001 - WH AHI JABABEKA,PT. JAYA MULYA ERALINDO,6,LATE,30,39,27.07.2026,26.06.2026,30.06.2026,10.07.2026,10.07.2026,13.07.2026,13.07.2026,,A001,WH AHI JABABEKA
R100260626T017_A001,WINGBOX,6600000,0,0,0,0,0,6600000,A001 - WH AHI JABABEKA,PT. JAYA MULYA ERALINDO,6,LATE,30,39,27.07.2026,26.06.2026,03.07.2026,10.07.2026,10.07.2026,13.07.2026,13.07.2026,,A001,WH AHI JABABEKA
R100260626T022_A001,CONT-20,3900000,0,0,0,0,0,3900000,A001 - WH AHI JABABEKA,PT. JATIM PETROLEUM TRANSPORT,2,LATE,10,38,07.07.2026,26.06.2026,04.07.2026,,,,,,A001,WH AHI JABABEKA
R100260626T023_A001,CONT-20,3900000,0,0,0,0,0,3900000,A001 - WH AHI JABABEKA,PT. JATIM PETROLEUM TRANSPORT,4,LATE,18,38,16.07.2026,27.06.2026,04.07.2026,17.07.2026,19.07.2026,,,,A001,WH AHI JABABEKA
R100260626T024_A001,CONT-20,3900000,0,0,0,0,0,3900000,A001 - WH AHI JABABEKA,PT. JATIM PETROLEUM TRANSPORT,6,LATE,30,38,27.07.2026,26.06.2026,04.07.2026,17.07.2026,19.07.2026,03.08.2026,03.08.2026,,A001,WH AHI JABABEKA
R100260626T025_A001,CONT-40,8150000,0,0,0,0,0,8150000,A001 - WH AHI JABABEKA,PT. JATIM PETROLEUM TRANSPORT,6,LATE,30,38,27.07.2026,26.06.2026,04.07.2026,17.07.2026,19.07.2026,03.08.2026,03.08.2026,,A001,WH AHI JABABEKA
R100260626T026_A001,CONT-20,3900000,0,0,0,0,0,3900000,A001 - WH AHI JABABEKA,PT. JATIM PETROLEUM TRANSPORT,2,LATE,10,38,08.07.2026,27.06.2026,04.07.2026,,,,,,A001,WH AHI JABABEKA
R100260626T027_A001,WINGBOX,6600000,0,0,0,0,0,6600000,A001 - WH AHI JABABEKA,PT. JAYA MULYA ERALINDO,6,LATE,30,37,28.07.2026,27.06.2026,30.06.2026,10.07.2026,10.07.2026,13.07.2026,13.07.2026,,A001,WH AHI JABABEKA
R100260626T030_A001,CONT-20,3900000,0,0,0,0,0,3900000,A001 - WH AHI JABABEKA,PT. JATIM PETROLEUM TRANSPORT,4,LATE,18,38,16.07.2026,27.06.2026,04.07.2026,17.07.2026,19.07.2026,,,,A001,WH AHI JABABEKA
R100260626T054_A001,CONT-40,8150000,0,0,0,0,0,8150000,A001 - WH AHI JABABEKA,PT. JATIM PETROLEUM TRANSPORT,2,LATE,10,37,08.07.2026,27.06.2026,04.07.2026,,,,,,A001,WH AHI JABABEKA
R100260626T055_A001,CONT-40,8150000,0,0,0,0,0,8150000,A001 - WH AHI JABABEKA,PT. JATIM PETROLEUM TRANSPORT,4,LATE,18,37,16.07.2026,27.06.2026,04.07.2026,29.07.2026,29.07.2026,,,,A001,WH AHI JABABEKA
R100260627L005_A001,FUSO,14750000,0,0,0,0,0,14750000,A001 - WH AHI JABABEKA,PT. SATRIA PIRANTI PERKASA,2,LATE,11,37,09.07.2026,27.06.2026,02.07.2026,,,,,,A001,WH AHI JABABEKA
R100260627L006_A001,CDD LONG CHASSIS,2250000,0,0,0,400000,0,2650000,A001 - WH AHI JABABEKA,PT. BINTANG SAMUDRA RAYA,6,LATE,28,37,26.07.2026,27.06.2026,30.06.2026,17.07.2026,19.07.2026,20.07.2026,20.07.2026,,A001,WH AHI JABABEKA
R100260627L007_A001,CDD LONG CHASSIS,4900000,0,0,0,150000,0,5050000,A001 - WH AHI JABABEKA,PT.ORANG KREATIF EKSIS,6,LATE,28,37,26.07.2026,27.06.2026,30.06.2026,09.07.2026,10.07.2026,17.07.2026,17.07.2026,,A001,WH AHI JABABEKA
R100260627L008_A001,CDD LONG CHASSIS,1725000,0,0,0,0,0,1725000,A001 - WH AHI JABABEKA,PT. BINTANG SAMUDRA RAYA,7,ON SCHEDULE,27,0,25.07.2026,27.06.2026,30.06.2026,06.07.2026,07.07.2026,10.07.2026,10.07.2026,,A001,WH AHI JABABEKA
R100260627L009_A001,CDD LONG CHASSIS,3100000,0,0,0,400000,0,3500000,A001 - WH AHI JABABEKA,PT. BINTANG SAMUDRA RAYA,7,ON SCHEDULE,29,0,27.07.2026,27.06.2026,03.07.2026,15.07.2026,15.07.2026,16.07.2026,16.07.2026,,A001,WH AHI JABABEKA
R100260627L010_A001,CDD LONG CHASSIS,2250000,0,0,0,0,0,2250000,A001 - WH AHI JABABEKA,PT. BINTANG SAMUDRA RAYA,6,LATE,28,37,26.07.2026,27.06.2026,30.06.2026,14.07.2026,14.07.2026,20.07.2026,22.07.2026,,A001,WH AHI JABABEKA
R100260627L011_A001,CONT-20,20500000,0,0,0,0,0,20500000,A001 - WH AHI JABABEKA,PT. TPIL LOGISTICS,2,LATE,27,37,25.07.2026,27.06.2026,23.07.2026,,,,,,A001,WH AHI JABABEKA
R100260627L012_A001,CONT-20,20500000,0,0,0,0,0,20500000,A001 - WH AHI JABABEKA,PT. TPIL LOGISTICS,2,LATE,27,37,25.07.2026,27.06.2026,18.07.2026,,,,,,A001,WH AHI JABABEKA
R100260627L013_A001,CDD LONG CHASSIS,2100000,0,0,0,400000,0,2500000,A001 - WH AHI JABABEKA,PT. BINTANG SAMUDRA RAYA,6,LATE,28,37,26.07.2026,27.06.2026,30.06.2026,17.07.2026,19.07.2026,20.07.2026,20.07.2026,,A001,WH AHI JABABEKA
R100260627L014_A001,CDD LONG CHASSIS,1400000,0,0,0,0,0,1400000,A001 - WH AHI JABABEKA,PT. BINTANG SAMUDRA RAYA,7,ON SCHEDULE,28,0,26.07.2026,27.06.2026,30.06.2026,06.07.2026,07.07.2026,10.07.2026,10.07.2026,,A001,WH AHI JABABEKA
R100260627L015_A001,CDD LONG CHASSIS,1725000,0,0,0,0,0,1725000,A001 - WH AHI JABABEKA,PT. BINTANG SAMUDRA RAYA,7,ON SCHEDULE,27,0,25.07.2026,27.06.2026,30.06.2026,06.07.2026,07.07.2026,10.07.2026,10.07.2026,,A001,WH AHI JABABEKA
R100260627L017_A001,CDD LONG CHASSIS,1400000,0,0,0,0,0,1400000,A001 - WH AHI JABABEKA,PT. BINTANG SAMUDRA RAYA,7,ON SCHEDULE,29,0,27.07.2026,27.06.2026,30.06.2026,06.07.2026,07.07.2026,08.07.2026,09.07.2026,,A001,WH AHI JABABEKA
R100260627L018_A001,CDD LONG CHASSIS,1400000,0,0,0,200000,0,1600000,A001 - WH AHI JABABEKA,PT. BINTANG SAMUDRA RAYA,6,LATE,28,37,27.07.2026,28.06.2026,03.07.2026,17.07.2026,19.07.2026,20.07.2026,23.07.2026,,A001,WH AHI JABABEKA
R100260627L019_A001,CDD LONG CHASSIS,1725000,0,0,0,400000,0,2125000,A001 - WH AHI JABABEKA,PT. BINTANG SAMUDRA RAYA,7,ON SCHEDULE,28,0,27.07.2026,28.06.2026,03.07.2026,15.07.2026,15.07.2026,16.07.2026,16.07.2026,,A001,WH AHI JABABEKA
R100260627L020_A001,CDD LONG CHASSIS,4900000,0,0,0,150000,0,5050000,A001 - WH AHI JABABEKA,PT.ORANG KREATIF EKSIS,6,LATE,28,37,27.07.2026,28.06.2026,30.06.2026,07.07.2026,07.07.2026,17.07.2026,17.07.2026,,A001,WH AHI JABABEKA
R100260627L026_A001,CDD LONG CHASSIS,1400000,0,0,0,200000,0,1600000,A001 - WH AHI JABABEKA,PT. BINTANG SAMUDRA RAYA,6,LATE,28,37,26.07.2026,27.06.2026,30.06.2026,17.07.2026,19.07.2026,20.07.2026,20.07.2026,,A001,WH AHI JABABEKA
R100260627L027_A001,CDD LONG CHASSIS,1600000,0,0,0,200000,0,1800000,A001 - WH AHI JABABEKA,PT. BINTANG SAMUDRA RAYA,7,ON SCHEDULE,28,0,27.07.2026,28.06.2026,03.07.2026,15.07.2026,15.07.2026,16.07.2026,16.07.2026,,A001,WH AHI JABABEKA
R100260627L028_A001,CDD LONG CHASSIS,1400000,0,0,0,200000,0,1600000,A001 - WH AHI JABABEKA,PT. BINTANG SAMUDRA RAYA,6,LATE,28,37,26.07.2026,27.06.2026,30.06.2026,17.07.2026,19.07.2026,20.07.2026,20.07.2026,,A001,WH AHI JABABEKA
R100260627L029_A001,CDD LONG CHASSIS,1750000,0,0,0,250000,0,2000000,A001 - WH AHI JABABEKA,PT. CATUR GLOBAL LOGISTIK,6,LATE,26,37,24.07.2026,27.06.2026,30.06.2026,10.07.2026,10.07.2026,15.07.2026,15.07.2026,,A001,WH AHI JABABEKA
R100260627L030_A001,WINGBOX,7560000,0,0,0,0,0,7560000,A001 - WH AHI JABABEKA,PT. JAYA MULYA ERALINDO,6,LATE,29,38,26.07.2026,26.06.2026,30.06.2026,10.07.2026,10.07.2026,13.07.2026,13.07.2026,,A001,WH AHI JABABEKA
R100260627L031_A001,FUSO,14750000,0,0,0,200000,0,14950000,A001 - WH AHI JABABEKA,PT. SATRIA PIRANTI PERKASA,6,ON SCHEDULE,41,37,09.08.2026,28.06.2026,03.07.2026,16.07.2026,16.07.2026,22.07.2026,22.07.2026,,A001,WH AHI JABABEKA
R100260627L036_A001,CONT-20,15550000,0,0,0,0,0,15550000,A001 - WH AHI JABABEKA,PT. TPIL LOGISTICS,2,LATE,22,36,21.07.2026,28.06.2026,11.07.2026,,,,,,A001,WH AHI JABABEKA
R100260627T006_A001,WINGBOX,5650000,0,0,0,0,0,5650000,A001 - WH AHI JABABEKA,PT. DUTA MEDIA MANDIRI,6,LATE,30,37,28.07.2026,27.06.2026,30.06.2026,03.07.2026,03.07.2026,08.07.2026,08.07.2026,,A001,WH AHI JABABEKA
R100260627T007_A001,CONT-40,28000000,0,0,0,0,0,28000000,A001 - WH AHI JABABEKA,PT. TERATAI EMAS LOGISTINDO,4,LATE,27,36,26.07.2026,28.06.2026,01.08.2026,03.08.2026,03.08.2026,,,,A001,WH AHI JABABEKA
R100260627T008_A001,CONT-20,3900000,0,0,0,0,0,3900000,A001 - WH AHI JABABEKA,PT. JATIM PETROLEUM TRANSPORT,4,LATE,18,37,16.07.2026,27.06.2026,04.07.2026,29.07.2026,29.07.2026,,,,A001,WH AHI JABABEKA
R100260627T009_A001,CONT-20,3900000,0,0,0,0,0,3900000,A001 - WH AHI JABABEKA,PT. JATIM PETROLEUM TRANSPORT,6,LATE,30,37,28.07.2026,27.06.2026,04.07.2026,17.07.2026,19.07.2026,03.08.2026,03.08.2026,,A001,WH AHI JABABEKA
R100260627T010_A001,CONT-20,3900000,0,0,0,0,0,3900000,A001 - WH AHI JABABEKA,PT. JATIM PETROLEUM TRANSPORT,4,LATE,18,37,16.07.2026,27.06.2026,04.07.2026,22.07.2026,22.07.2026,,,,A001,WH AHI JABABEKA
R100260627T011_A001,WINGBOX,7000000,0,0,0,0,0,7000000,A001 - WH AHI JABABEKA,PT. DUNIA EXPRESS TRANSINDO,4,LATE,18,37,17.07.2026,28.06.2026,02.07.2026,27.07.2026,27.07.2026,,,,A001,WH AHI JABABEKA
R100260627T012_A001,CONT-20,3900000,0,0,0,0,0,3900000,A001 - WH AHI JABABEKA,PT. JATIM PETROLEUM TRANSPORT,6,LATE,30,37,28.07.2026,27.06.2026,08.07.2026,17.07.2026,19.07.2026,03.08.2026,03.08.2026,,A001,WH AHI JABABEKA
R100260627T013_A001,CONT-20,3900000,0,0,0,0,0,3900000,A001 - WH AHI JABABEKA,PT. JATIM PETROLEUM TRANSPORT,6,LATE,30,37,28.07.2026,27.06.2026,04.07.2026,17.07.2026,19.07.2026,03.08.2026,03.08.2026,,A001,WH AHI JABABEKA
R100260627T014_A001,CONT-20,16600000,0,0,0,0,0,16600000,A001 - WH AHI JABABEKA,PT. TPIL LOGISTICS,2,LATE,21,37,20.07.2026,28.06.2026,15.07.2026,,,,,,A001,WH AHI JABABEKA
R100260627T035_A001,CONT-40,8150000,0,0,0,0,0,8150000,A001 - WH AHI JABABEKA,PT. JATIM PETROLEUM TRANSPORT,6,LATE,30,36,29.07.2026,28.06.2026,08.07.2026,20.07.2026,21.07.2026,03.08.2026,03.08.2026,,A001,WH AHI JABABEKA
R100260628L006_A001,CONT-20,16600000,0,0,0,0,0,16600000,A001 - WH AHI JABABEKA,PT. TPIL LOGISTICS,2,LATE,19,36,18.07.2026,28.06.2026,15.07.2026,,,,,,A001,WH AHI JABABEKA
R100260628L007_A001,CONT-20,17000000,0,0,0,0,0,17000000,A001 - WH AHI JABABEKA,PT. SARANA TRANS SUMATERA,2,LATE,19,36,18.07.2026,28.06.2026,22.07.2026,,,,,,A001,WH AHI JABABEKA
R100260628L008_A001,CDD LONG CHASSIS,1400000,0,0,0,200000,0,1600000,A001 - WH AHI JABABEKA,PT. BINTANG SAMUDRA RAYA,7,ON SCHEDULE,27,0,26.07.2026,28.06.2026,03.07.2026,15.07.2026,15.07.2026,16.07.2026,16.07.2026,,A001,WH AHI JABABEKA
R100260628L009_A001,CDD LONG CHASSIS,1725000,0,0,0,0,0,1725000,A001 - WH AHI JABABEKA,PT. BINTANG SAMUDRA RAYA,7,ON SCHEDULE,27,0,26.07.2026,28.06.2026,03.07.2026,06.07.2026,07.07.2026,08.07.2026,09.07.2026,,A001,WH AHI JABABEKA
R100260628L010_A001,CDD LONG CHASSIS,1725000,0,0,0,400000,0,2125000,A001 - WH AHI JABABEKA,PT. BINTANG SAMUDRA RAYA,6,LATE,28,36,28.07.2026,29.06.2026,30.06.2026,17.07.2026,19.07.2026,20.07.2026,20.07.2026,,A001,WH AHI JABABEKA
R100260628L011_A001,CDD LONG CHASSIS,1400000,0,0,0,200000,0,1600000,A001 - WH AHI JABABEKA,PT. BINTANG SAMUDRA RAYA,6,LATE,28,36,27.07.2026,28.06.2026,03.07.2026,17.07.2026,19.07.2026,23.07.2026,23.07.2026,,A001,WH AHI JABABEKA
R100260628L012_A001,CDD LONG CHASSIS,1750000,0,0,0,0,0,1750000,A001 - WH AHI JABABEKA,PT.ORANG KREATIF EKSIS,6,LATE,28,36,28.07.2026,29.06.2026,30.06.2026,09.07.2026,10.07.2026,17.07.2026,17.07.2026,,A001,WH AHI JABABEKA
R100260628L013_A001,CONT-20,0,0,0,0,0,0,0,A001 - WH AHI JABABEKA,PT.BANGKA JAYA LINE,2,LATE,20,34,21.07.2026,30.06.2026,21.07.2026,,,,,,A001,WH AHI JABABEKA
R100260628L014_A001,CONT-20,17000000,0,0,0,0,0,17000000,A001 - WH AHI JABABEKA,PT. TPIL LOGISTICS,2,LATE,21,36,20.07.2026,28.06.2026,21.07.2026,,,,,,A001,WH AHI JABABEKA
R100260628L016_A001,CDD LONG CHASSIS,1400000,0,0,0,200000,0,1600000,A001 - WH AHI JABABEKA,PT. BINTANG SAMUDRA RAYA,6,LATE,28,36,28.07.2026,29.06.2026,30.06.2026,17.07.2026,19.07.2026,20.07.2026,20.07.2026,,A001,WH AHI JABABEKA
R100260628L017_A001,FUSO,12500000,0,0,0,700000,0,13200000,A001 - WH AHI JABABEKA,PT.DHANESWARA EXPRES,6,LATE,31,36,31.07.2026,29.06.2026,04.07.2026,23.07.2026,23.07.2026,27.07.2026,29.07.2026,,A001,WH AHI JABABEKA
R100260628L024_A001,CDD LONG CHASSIS,3500000,0,0,0,500000,0,4000000,A001 - WH AHI JABABEKA,PT. AGUNG MAKMUR JAYA,6,LATE,28,35,28.07.2026,29.06.2026,02.07.2026,02.07.2026,07.07.2026,27.07.2026,27.07.2026,,A001,WH AHI JABABEKA
R100260628L024_A001,CDD LONG CHASSIS,3500000,0,0,0,500000,0,4000000,A001 - WH AHI JABABEKA,PT. AGUNG MAKMUR JAYA,6,LATE,28,35,28.07.2026,29.06.2026,02.07.2026,02.07.2026,07.07.2026,27.07.2026,27.07.2026,,A001,WH AHI JABABEKA
R100260628L024_A001,CDD LONG CHASSIS,3500000,0,0,0,500000,0,4000000,A001 - WH AHI JABABEKA,PT. AGUNG MAKMUR JAYA,6,LATE,28,35,28.07.2026,29.06.2026,02.07.2026,02.07.2026,07.07.2026,27.07.2026,27.07.2026,,A001,WH AHI JABABEKA
R100260628L024_A001,CDD LONG CHASSIS,3500000,0,0,0,500000,0,4000000,A001 - WH AHI JABABEKA,PT. AGUNG MAKMUR JAYA,6,LATE,28,35,28.07.2026,29.06.2026,02.07.2026,02.07.2026,07.07.2026,27.07.2026,27.07.2026,,A001,WH AHI JABABEKA
R100260628T006_A001,CONT-20,3900000,0,0,0,0,0,3900000,A001 - WH AHI JABABEKA,PT. JATIM PETROLEUM TRANSPORT,4,LATE,18,36,17.07.2026,28.06.2026,08.07.2026,22.07.2026,22.07.2026,,,,A001,WH AHI JABABEKA
R100260628T007_A001,CONT-40,28000000,0,0,0,0,0,28000000,A001 - WH AHI JABABEKA,PT. TERATAI EMAS LOGISTINDO,4,LATE,27,35,27.07.2026,29.06.2026,02.08.2026,03.08.2026,03.08.2026,,,,A001,WH AHI JABABEKA
R100260628T008_A001,CONT-20,18100000,0,0,0,0,0,18100000,A001 - WH AHI JABABEKA,PT. TPIL LOGISTICS,2,LATE,27,36,26.07.2026,28.06.2026,12.07.2026,,,,,,A001,WH AHI JABABEKA
R100260628T009_A001,CONT-20,16600000,0,0,0,0,0,16600000,A001 - WH AHI JABABEKA,PT. TPIL LOGISTICS,2,LATE,21,36,20.07.2026,28.06.2026,12.07.2026,,,,,,A001,WH AHI JABABEKA
R100260628T010_A001,CONT-20,16600000,0,0,0,0,0,16600000,A001 - WH AHI JABABEKA,PT. TPIL LOGISTICS,2,LATE,21,36,21.07.2026,29.06.2026,15.07.2026,,,,,,A001,WH AHI JABABEKA
R100260628T011_A001,WINGBOX,7000000,0,0,0,0,0,7000000,A001 - WH AHI JABABEKA,PT. DUNIA EXPRESS TRANSINDO,4,LATE,18,36,18.07.2026,29.06.2026,02.07.2026,27.07.2026,27.07.2026,,,,A001,WH AHI JABABEKA
R100260628T012_A001,CONT-20,3900000,0,0,0,0,0,3900000,A001 - WH AHI JABABEKA,PT. JATIM PETROLEUM TRANSPORT,4,LATE,18,36,18.07.2026,29.06.2026,08.07.2026,22.07.2026,22.07.2026,,,,A001,WH AHI JABABEKA
R100260628T013_A001,CONT-20,3900000,0,0,0,0,0,3900000,A001 - WH AHI JABABEKA,PT. JATIM PETROLEUM TRANSPORT,4,LATE,18,36,18.07.2026,29.06.2026,08.07.2026,22.07.2026,22.07.2026,,,,A001,WH AHI JABABEKA
R100260628T014_A001,CONT-20,3900000,0,0,0,0,0,3900000,A001 - WH AHI JABABEKA,PT. JATIM PETROLEUM TRANSPORT,4,LATE,18,36,17.07.2026,28.06.2026,08.07.2026,29.07.2026,29.07.2026,,,,A001,WH AHI JABABEKA
R100260628T015_A001,CONT-20,3900000,0,0,0,0,0,3900000,A001 - WH AHI JABABEKA,PT. JATIM PETROLEUM TRANSPORT,4,LATE,18,36,17.07.2026,28.06.2026,08.07.2026,29.07.2026,29.07.2026,,,,A001,WH AHI JABABEKA
R100260628T016_A001,WINGBOX,7000000,0,0,0,0,0,7000000,A001 - WH AHI JABABEKA,PT. DUNIA EXPRESS TRANSINDO,4,LATE,18,36,17.07.2026,28.06.2026,02.07.2026,27.07.2026,27.07.2026,,,,A001,WH AHI JABABEKA
R100260628T017_A001,WINGBOX,7000000,0,0,0,0,0,7000000,A001 - WH AHI JABABEKA,PT. DUNIA EXPRESS TRANSINDO,4,LATE,18,36,18.07.2026,29.06.2026,02.07.2026,27.07.2026,27.07.2026,,,,A001,WH AHI JABABEKA
R100260628T018_A001,CONT-40,27300000,0,0,0,0,0,27300000,A001 - WH AHI JABABEKA,PT. TPIL LOGISTICS,2,LATE,19,34,20.07.2026,30.06.2026,18.07.2026,,,,,,A001,WH AHI JABABEKA
R100260628T020_A001,CONT-40,28000000,0,0,0,0,0,28000000,A001 - WH AHI JABABEKA,PT. TERATAI EMAS LOGISTINDO,1,LATE,13,35,13.07.2026,29.06.2026,,,,,,,A001,WH AHI JABABEKA
R100260628T021_A001,WINGBOX,5650000,0,0,0,0,0,5650000,A001 - WH AHI JABABEKA,PT. DUTA MEDIA MANDIRI,6,LATE,30,36,30.07.2026,29.06.2026,02.07.2026,03.07.2026,03.07.2026,08.07.2026,08.07.2026,,A001,WH AHI JABABEKA
R100260629L001_A001,CONT-20,0,0,0,0,0,0,0,A001 - WH AHI JABABEKA,PT. PAUS BIRU LOGISTIK,2,LATE,28,34,29.07.2026,30.06.2026,29.07.2026,,,,,,A001,WH AHI JABABEKA
R100260629L002_A001,CONT-20,0,0,0,0,0,0,0,A001 - WH AHI JABABEKA,PT. PAUS BIRU LOGISTIK,2,LATE,28,34,29.07.2026,30.06.2026,29.07.2026,,,,,,A001,WH AHI JABABEKA
R100260629L004_A001,CONT-20,15500000,0,0,0,0,0,15500000,A001 - WH AHI JABABEKA,PT. SENTOSAPRIMA ABADI,6,ON SCHEDULE,42,35,12.08.2026,30.06.2026,23.07.2026,31.07.2026,31.07.2026,03.08.2026,03.08.2026,,A001,WH AHI JABABEKA
R100260629L006_A001,CDD LONG CHASSIS,2850000,0,0,0,0,0,2850000,A001 - WH AHI JABABEKA,PT. BINTANG SAMUDRA RAYA,7,ON SCHEDULE,28,0,28.07.2026,29.06.2026,02.07.2026,06.07.2026,07.07.2026,08.07.2026,09.07.2026,,A001,WH AHI JABABEKA
R100260629L009_A001,CONT-20,18100000,0,0,0,0,0,18100000,A001 - WH AHI JABABEKA,PT. TPIL LOGISTICS,2,LATE,23,35,23.07.2026,29.06.2026,21.07.2026,,,,,,A001,WH AHI JABABEKA
R100260629L019_A001,FUSO,19350000,0,0,0,0,0,19350000,A001 - WH AHI JABABEKA,PT. SATRIA PIRANTI PERKASA,2,LATE,21,35,22.07.2026,30.06.2026,04.07.2026,,,,,,A001,WH AHI JABABEKA
R100260629L020_A001,CONT-20,15300000,0,0,0,0,0,15300000,A001 - WH AHI JABABEKA,PT. SENTOSAPRIMA ABADI,2,LATE,20,34,21.07.2026,30.06.2026,15.07.2026,,,,,,A001,WH AHI JABABEKA
R100260629L029_A001,CDD LONG CHASSIS,0,0,0,0,0,0,0,A001 - WH AHI JABABEKA,PT.ORANG KREATIF EKSIS,2,LATE,6,35,07.07.2026,30.06.2026,04.07.2026,,,,,,A001,WH AHI JABABEKA
R100260629L031_A001,CONT-20,19100000,0,0,0,0,0,19100000,A001 - WH AHI JABABEKA,PT. MITRA INTERTRANS FORWARDING,2,LATE,22,34,23.07.2026,30.06.2026,21.07.2026,,,,,,A001,WH AHI JABABEKA
R100260629L032_A001,CDD LONG CHASSIS,3900000,0,0,0,300000,0,4200000,A001 - WH AHI JABABEKA,PT. BINTANG SAMUDRA RAYA,6,LATE,29,34,30.07.2026,30.06.2026,02.07.2026,17.07.2026,19.07.2026,20.07.2026,20.07.2026,,A001,WH AHI JABABEKA
R100260629L043_A001,CONT-20,15800000,0,0,0,0,0,15800000,A001 - WH AHI JABABEKA,PT. SENTOSAPRIMA ABADI,2,LATE,22,34,23.07.2026,30.06.2026,22.07.2026,,,,,,A001,WH AHI JABABEKA
R100260629L044_A001,CONT-20,24500000,0,0,0,0,0,24500000,A001 - WH AHI JABABEKA,PT. TPIL LOGISTICS,2,LATE,29,34,30.07.2026,30.06.2026,24.07.2026,,,,,,A001,WH AHI JABABEKA
R100260629T005_A001,WINGBOX,6500000,0,0,0,0,0,6500000,A001 - WH AHI JABABEKA,PT.AMANAH TRANSMULIA MANDIRI LOGISTIK,6,LATE,30,35,31.07.2026,30.06.2026,04.07.2026,06.07.2026,06.07.2026,07.07.2026,08.07.2026,,A001,WH AHI JABABEKA
R100260629T006_A001,CONT-20,3900000,0,0,0,0,0,3900000,A001 - WH AHI JABABEKA,PT. JATIM PETROLEUM TRANSPORT,4,LATE,18,35,18.07.2026,29.06.2026,08.07.2026,22.07.2026,22.07.2026,,,,A001,WH AHI JABABEKA
R100260629T008_A001,CONT-40,8150000,0,0,0,0,0,8150000,A001 - WH AHI JABABEKA,PT. JATIM PETROLEUM TRANSPORT,4,LATE,18,35,18.07.2026,29.06.2026,08.07.2026,22.07.2026,22.07.2026,,,,A001,WH AHI JABABEKA
R100260629T009_A001,CONT-20,3900000,0,0,0,0,0,3900000,A001 - WH AHI JABABEKA,PT. JATIM PETROLEUM TRANSPORT,4,LATE,18,35,19.07.2026,30.06.2026,08.07.2026,29.07.2026,29.07.2026,,,,A001,WH AHI JABABEKA
R100260629T010_A001,WINGBOX,5650000,0,0,0,0,0,5650000,A001 - WH AHI JABABEKA,PT. DUTA MEDIA MANDIRI,6,LATE,30,35,31.07.2026,30.06.2026,04.07.2026,07.07.2026,07.07.2026,08.07.2026,08.07.2026,,A001,WH AHI JABABEKA
R100260629T011_A001,WINGBOX,5650000,0,0,0,0,0,5650000,A001 - WH AHI JABABEKA,PT. DUTA MEDIA MANDIRI,6,LATE,30,34,31.07.2026,30.06.2026,04.07.2026,07.07.2026,07.07.2026,10.07.2026,10.07.2026,,A001,WH AHI JABABEKA
R100260629T013_A001,CONT-20,3900000,0,0,0,0,0,3900000,A001 - WH AHI JABABEKA,PT. JATIM PETROLEUM TRANSPORT,4,LATE,18,34,19.07.2026,30.06.2026,08.07.2026,22.07.2026,22.07.2026,,,,A001,WH AHI JABABEKA
R100260629T014_A001,WINGBOX,7000000,0,0,0,0,0,7000000,A001 - WH AHI JABABEKA,PT. DUNIA EXPRESS TRANSINDO,4,LATE,18,35,19.07.2026,30.06.2026,04.07.2026,27.07.2026,27.07.2026,,,,A001,WH AHI JABABEKA
R100260629T015_A001,CONT-40,27200000,0,0,0,0,0,27200000,A001 - WH AHI JABABEKA,PT. SENTOSAPRIMA ABADI,2,LATE,19,34,20.07.2026,30.06.2026,24.07.2026,,,,,,A001,WH AHI JABABEKA
R100260630L008_A001,CONT-20,0,0,0,0,0,0,0,A001 - WH AHI JABABEKA,PT. PAUS BIRU LOGISTIK,2,LATE,28,34,29.07.2026,30.06.2026,29.07.2026,,,,,,A001,WH AHI JABABEKA
R100260630L013_A001,CDD LONG CHASSIS,2350000,0,0,0,0,0,2350000,A001 - WH AHI JABABEKA,PT. BINTANG SAMUDRA RAYA,7,ON SCHEDULE,28,0,29.07.2026,30.06.2026,02.07.2026,06.07.2026,07.07.2026,08.07.2026,09.07.2026,,A001,WH AHI JABABEKA
R100260630L014_A001,FUSO,12500000,0,350000,0,0,80000,12930000,A001 - WH AHI JABABEKA,PT.DHANESWARA EXPRES,6,LATE,31,34,01.08.2026,30.06.2026,08.07.2026,14.07.2026,15.07.2026,20.07.2026,20.07.2026,,A001,WH AHI JABABEKA
R100260630L096_A001,CDD LONG CHASSIS,4700000,0,0,0,0,0,4700000,A001 - WH AHI JABABEKA,PT. BINTANG SAMUDRA RAYA,6,LATE,30,34,31.07.2026,30.06.2026,04.07.2026,14.07.2026,14.07.2026,20.07.2026,22.07.2026,,A001,WH AHI JABABEKA
R100260630T003_A001,CONT-20,3900000,0,0,0,0,0,3900000,A001 - WH AHI JABABEKA,PT. JATIM PETROLEUM TRANSPORT,6,LATE,30,34,31.07.2026,30.06.2026,08.07.2026,20.07.2026,21.07.2026,03.08.2026,03.08.2026,,A001,WH AHI JABABEKA
R100260630T015_A001,CONT-20,15500000,0,0,0,0,0,15500000,A001 - WH AHI JABABEKA,PT. SENTOSAPRIMA ABADI,6,ON SCHEDULE,40,34,10.08.2026,30.06.2026,12.07.2026,31.07.2026,31.07.2026,03.08.2026,03.08.2026,,A001,WH AHI JABABEKA
R100260630T036_A001,CONT-40,8500000,0,0,0,0,0,8500000,A001 - WH AHI JABABEKA,PT. DINOYO PUTRA MANDIRI,6,LATE,30,34,31.07.2026,30.06.2026,04.07.2026,06.07.2026,07.07.2026,09.07.2026,09.07.2026,,A001,WH AHI JABABEKA
R110260517H046_H014,WINGBOX,4825000,0,0,0,0,0,4825000,H014 - WH INFORMA JABABEKA,PT. CEHA LOGISTIK CEMERLANG,7,ON SCHEDULE,29,0,12.07.2026,12.06.2026,14.06.2026,15.06.2026,15.06.2026,18.06.2026,18.06.2026,,H014,WH INFORMA JABABEKA
R110260521L044_H014,CDD LONG CHASSIS,12400000,0,0,0,0,0,12400000,H014 - WH INFORMA JABABEKA,PT.ORANG KREATIF EKSIS,7,ON SCHEDULE,30,0,13.07.2026,12.06.2026,14.06.2026,15.06.2026,15.06.2026,25.06.2026,25.06.2026,,H014,WH INFORMA JABABEKA
R110260522H036_H014,WINGBOX,2599000,0,0,0,0,0,2599000,H014 - WH INFORMA JABABEKA,PT. ARDYA PRIMA INTERNUSA,7,ON SCHEDULE,27,0,09.07.2026,11.06.2026,11.06.2026,15.06.2026,15.06.2026,15.06.2026,24.06.2026,,H014,WH INFORMA JABABEKA
R110260522L050_H014,WINGBOX,2599000,0,0,0,0,0,2599000,H014 - WH INFORMA JABABEKA,PT. DUTA MEDIA MANDIRI,7,ON SCHEDULE,27,0,03.07.2026,05.06.2026,05.06.2026,08.06.2026,08.06.2026,08.06.2026,09.06.2026,,H014,WH INFORMA JABABEKA
R110260526T052_H014,CONT-20,0,0,0,0,0,0,0,H014 - WH INFORMA JABABEKA,PT. TPIL LOGISTICS,2,LATE,20,61,25.06.2026,04.06.2026,23.06.2026,,,,,,H014,WH INFORMA JABABEKA
R110260527T025_H014,CONT-20,20000000,0,0,0,0,0,20000000,H014 - WH INFORMA JABABEKA,PT. CRIETA LOGISTIC,6,LATE,46,62,20.07.2026,03.06.2026,25.06.2026,13.07.2026,14.07.2026,14.07.2026,14.07.2026,,H014,WH INFORMA JABABEKA
R110260528T029_H014,CONT-20,19500000,0,0,0,0,0,19500000,H014 - WH INFORMA JABABEKA,PT. CRIETA LOGISTIC,6,LATE,40,62,14.07.2026,03.06.2026,20.06.2026,14.07.2026,14.07.2026,14.07.2026,14.07.2026,,H014,WH INFORMA JABABEKA
R110260528T061_H014,CONT-40,34950000,0,0,0,0,0,34950000,H014 - WH INFORMA JABABEKA,PT. MITRA INTERTRANS FORWARDING,2,LATE,26,63,28.06.2026,01.06.2026,25.06.2026,,,,,,H014,WH INFORMA JABABEKA
R110260528T062_H014,CONT-40,0,0,0,0,0,0,0,H014 - WH INFORMA JABABEKA,PT. TPIL LOGISTICS,2,LATE,26,61,01.07.2026,04.06.2026,27.06.2026,,,,,,H014,WH INFORMA JABABEKA
R110260528T065_H014,CONT-40,33800000,0,0,0,0,0,33800000,H014 - WH INFORMA JABABEKA,PT. CRIETA LOGISTIC,6,LATE,40,61,15.07.2026,04.06.2026,20.06.2026,14.07.2026,14.07.2026,14.07.2026,14.07.2026,,H014,WH INFORMA JABABEKA
R110260529T044_H014,CONT-40,39200000,0,0,0,0,0,39200000,H014 - WH INFORMA JABABEKA,PT.TEMAS SAGARA INDONESIA,6,LATE,40,64,12.07.2026,01.06.2026,29.06.2026,17.07.2026,17.07.2026,17.07.2026,17.07.2026,,H014,WH INFORMA JABABEKA
R110260529T045_H014,CONT-40,0,0,0,0,0,0,0,H014 - WH INFORMA JABABEKA,PT. TPIL LOGISTICS,2,LATE,26,60,02.07.2026,05.06.2026,27.06.2026,,,,,,H014,WH INFORMA JABABEKA
R110260530H032_H014,WINGBOX,1998000,0,0,0,0,0,1998000,H014 - WH INFORMA JABABEKA,PT. ARDYA PRIMA INTERNUSA,7,ON SCHEDULE,27,0,29.06.2026,01.06.2026,04.06.2026,05.06.2026,05.06.2026,05.06.2026,05.06.2026,,H014,WH INFORMA JABABEKA
R110260530T049_H014,CONT-20,0,0,0,0,0,0,0,H014 - WH INFORMA JABABEKA,PT. TPIL LOGISTICS,2,LATE,34,61,09.07.2026,04.06.2026,27.06.2026,,,,,,H014,WH INFORMA JABABEKA
R110260531H014_H014,WINGBOX,4825000,0,0,0,0,0,4825000,H014 - WH INFORMA JABABEKA,PT. CEHA LOGISTIK CEMERLANG,7,ON SCHEDULE,29,0,01.07.2026,01.06.2026,02.06.2026,02.06.2026,03.06.2026,04.06.2026,04.06.2026,,H014,WH INFORMA JABABEKA
R110260531H015_H014,CDD LONG CHASSIS,2200000,0,0,0,0,0,2200000,H014 - WH INFORMA JABABEKA,PT. AGUNG MAKMUR JAYA,7,ON SCHEDULE,27,0,29.06.2026,01.06.2026,02.06.2026,02.06.2026,02.06.2026,09.06.2026,12.06.2026,,H014,WH INFORMA JABABEKA
R110260531H017_H014,WINGBOX,15000000,0,0,0,0,0,15000000,H014 - WH INFORMA JABABEKA,PT. BINTANG SAMUDRA RAYA,7,ON SCHEDULE,30,0,02.07.2026,01.06.2026,07.06.2026,15.06.2026,15.06.2026,17.06.2026,19.06.2026,,H014,WH INFORMA JABABEKA
R110260531H018_H014,WINGBOX,18000000,0,0,0,0,0,18000000,H014 - WH INFORMA JABABEKA,PT. BINTANG SAMUDRA RAYA,7,ON SCHEDULE,31,0,03.07.2026,01.06.2026,06.06.2026,09.06.2026,09.06.2026,09.06.2026,11.06.2026,,H014,WH INFORMA JABABEKA
R110260531H019_H014,WINGBOX,11500000,0,0,0,0,0,11500000,H014 - WH INFORMA JABABEKA,PT. BINTANG SAMUDRA RAYA,7,ON SCHEDULE,29,0,01.07.2026,01.06.2026,04.06.2026,09.06.2026,09.06.2026,09.06.2026,11.06.2026,,H014,WH INFORMA JABABEKA
R110260531H048_H014,WINGBOX,4825000,0,0,0,0,0,4825000,H014 - WH INFORMA JABABEKA,PT. CEHA LOGISTIK CEMERLANG,7,ON SCHEDULE,29,0,01.07.2026,01.06.2026,02.06.2026,02.06.2026,03.06.2026,04.06.2026,04.06.2026,,H014,WH INFORMA JABABEKA
R110260531H064_H014,WINGBOX,4825000,0,0,0,0,0,4825000,H014 - WH INFORMA JABABEKA,PT. CEHA LOGISTIK CEMERLANG,7,ON SCHEDULE,29,0,01.07.2026,01.06.2026,05.06.2026,08.06.2026,08.06.2026,11.06.2026,12.06.2026,,H014,WH INFORMA JABABEKA
R110260531H065_H014,FUSO,14750000,0,0,0,0,0,14750000,H014 - WH INFORMA JABABEKA,PT. SATRIA PIRANTI PERKASA,7,ON SCHEDULE,29,0,01.07.2026,01.06.2026,04.06.2026,24.06.2026,24.06.2026,30.06.2026,30.06.2026,,H014,WH INFORMA JABABEKA
R110260531L045_H014,CDD LONG CHASSIS,4900000,0,0,0,0,0,4900000,H014 - WH INFORMA JABABEKA,PT.ORANG KREATIF EKSIS,7,ON SCHEDULE,26,0,28.06.2026,01.06.2026,02.06.2026,05.06.2026,05.06.2026,15.06.2026,15.06.2026,,H014,WH INFORMA JABABEKA
R110260531L049_H014,CDD LONG CHASSIS,1500000,0,0,0,0,0,1500000,H014 - WH INFORMA JABABEKA,PT. ANTAR JARINGAN SEPANJANG JALAN,7,ON SCHEDULE,27,0,29.06.2026,01.06.2026,02.06.2026,03.06.2026,03.06.2026,05.06.2026,29.06.2026,,H014,WH INFORMA JABABEKA
R110260531L051_H014,CDD LONG CHASSIS,2300000,0,0,0,150000,0,2450000,H014 - WH INFORMA JABABEKA,PT.ORANG KREATIF EKSIS,7,ON SCHEDULE,26,0,28.06.2026,01.06.2026,05.06.2026,12.06.2026,14.06.2026,25.06.2026,25.06.2026,,H014,WH INFORMA JABABEKA
R110260531L052_H014,CDD LONG CHASSIS,3325000,0,0,0,0,0,3325000,H014 - WH INFORMA JABABEKA,PT. JEJE HARAPAN TRANSINDO,7,ON SCHEDULE,29,0,01.07.2026,01.06.2026,02.06.2026,12.06.2026,13.06.2026,15.06.2026,15.06.2026,,H014,WH INFORMA JABABEKA
R110260531L061_H014,CDD LONG CHASSIS,3950000,0,0,0,600000,0,4550000,H014 - WH INFORMA JABABEKA,PT. CEHA LOGISTIK CEMERLANG,7,ON SCHEDULE,30,0,02.07.2026,01.06.2026,05.06.2026,08.06.2026,09.06.2026,11.06.2026,12.06.2026,,H014,WH INFORMA JABABEKA
R110260531T020_H014,WINGBOX,5600000,0,0,0,0,0,5600000,H014 - WH INFORMA JABABEKA,PT. BINTANG SAMUDRA RAYA,7,ON SCHEDULE,29,0,01.07.2026,01.06.2026,03.06.2026,09.06.2026,09.06.2026,09.06.2026,11.06.2026,,H014,WH INFORMA JABABEKA
R110260531T026_H014,CONT-40,28500000,0,0,0,0,0,28500000,H014 - WH INFORMA JABABEKA,PT. MITRA INTERTRANS FORWARDING,6,LATE,40,63,12.07.2026,01.06.2026,12.06.2026,23.07.2026,23.07.2026,24.07.2026,24.07.2026,,H014,WH INFORMA JABABEKA
R110260531T033_H014,WINGBOX,5600000,0,0,0,0,0,5600000,H014 - WH INFORMA JABABEKA,PT. BINTANG SAMUDRA RAYA,7,ON SCHEDULE,29,0,01.07.2026,01.06.2026,03.06.2026,09.06.2026,09.06.2026,09.06.2026,11.06.2026,,H014,WH INFORMA JABABEKA
R110260531T035_H014,WINGBOX,6600000,0,0,0,0,0,6600000,H014 - WH INFORMA JABABEKA,PT. JAYA MULYA ERALINDO,7,ON SCHEDULE,29,0,02.07.2026,02.06.2026,04.06.2026,22.06.2026,22.06.2026,25.06.2026,26.06.2026,,H014,WH INFORMA JABABEKA
R110260531T036_H014,CONT-40,28000000,0,0,0,0,0,28000000,H014 - WH INFORMA JABABEKA,PT. TERATAI EMAS LOGISTINDO,6,LATE,37,64,09.07.2026,01.06.2026,02.07.2026,10.07.2026,10.07.2026,20.07.2026,20.07.2026,,H014,WH INFORMA JABABEKA
R110260531T037_H014,CONT-40,26000000,0,0,1000000,0,0,27000000,H014 - WH INFORMA JABABEKA,PT. WIDYA TRANS CARGO,6,LATE,42,63,15.07.2026,02.06.2026,16.06.2026,01.07.2026,02.07.2026,06.07.2026,16.07.2026,,H014,WH INFORMA JABABEKA
R110260531T038_H014,CONT-40,0,0,0,0,0,0,0,H014 - WH INFORMA JABABEKA,PT. TPIL LOGISTICS,2,LATE,20,64,22.06.2026,01.06.2026,16.06.2026,,,,,,H014,WH INFORMA JABABEKA
R110260531T039_H014,CONT-40,0,0,0,0,0,0,0,H014 - WH INFORMA JABABEKA,PT. TPIL LOGISTICS,2,LATE,36,58,14.07.2026,07.06.2026,09.07.2026,,,,,,H014,WH INFORMA JABABEKA
R110260531T040_H014,CONT-20,0,0,0,0,0,0,0,H014 - WH INFORMA JABABEKA,PT. TPIL LOGISTICS,2,LATE,26,64,28.06.2026,01.06.2026,19.06.2026,,,,,,H014,WH INFORMA JABABEKA
R110260531T042_H014,CONT-40,28000000,0,0,0,0,0,28000000,H014 - WH INFORMA JABABEKA,PT. TERATAI EMAS LOGISTINDO,6,LATE,37,64,09.07.2026,01.06.2026,02.07.2026,10.07.2026,10.07.2026,20.07.2026,20.07.2026,,H014,WH INFORMA JABABEKA
R110260531T043_H014,WINGBOX,6700000,0,0,0,0,0,6700000,H014 - WH INFORMA JABABEKA,PT.DHANESWARA EXPRES,7,ON SCHEDULE,29,0,01.07.2026,01.06.2026,04.06.2026,11.06.2026,12.06.2026,15.06.2026,17.06.2026,,H014,WH INFORMA JABABEKA
R110260531T044_H014,CONT-40,34700000,0,0,0,0,0,34700000,H014 - WH INFORMA JABABEKA,PT. SARANA TRANS SUMATERA,6,LATE,40,63,12.07.2026,01.06.2026,19.06.2026,10.07.2026,10.07.2026,10.07.2026,10.07.2026,,H014,WH INFORMA JABABEKA
R110260601H036_H014,WINGBOX,4500000,0,0,0,0,0,4500000,H014 - WH INFORMA JABABEKA,PT. CEHA LOGISTIK CEMERLANG,7,ON SCHEDULE,29,0,02.07.2026,02.06.2026,03.06.2026,03.06.2026,03.06.2026,04.06.2026,04.06.2026,,H014,WH INFORMA JABABEKA
R110260601H037_H014,WINGBOX,4300000,0,0,0,0,293500,4593500,H014 - WH INFORMA JABABEKA,PT.SIASAT CEPAT MUDA,7,ON SCHEDULE,29,0,03.07.2026,03.06.2026,04.06.2026,04.06.2026,04.06.2026,11.06.2026,17.06.2026,,H014,WH INFORMA JABABEKA
R110260601H039_H014,WINGBOX,4825000,0,0,0,0,0,4825000,H014 - WH INFORMA JABABEKA,PT. CEHA LOGISTIK CEMERLANG,7,ON SCHEDULE,29,0,02.07.2026,02.06.2026,03.06.2026,03.06.2026,03.06.2026,11.06.2026,12.06.2026,,H014,WH INFORMA JABABEKA
R110260601H040_H014,WINGBOX,1998000,0,0,0,0,0,1998000,H014 - WH INFORMA JABABEKA,PT. ARDYA PRIMA INTERNUSA,7,ON SCHEDULE,27,0,29.06.2026,01.06.2026,02.06.2026,05.06.2026,05.06.2026,05.06.2026,05.06.2026,,H014,WH INFORMA JABABEKA
R110260601H041_H014,WINGBOX,1998000,0,0,0,0,0,1998000,H014 - WH INFORMA JABABEKA,PT. ARDYA PRIMA INTERNUSA,7,ON SCHEDULE,27,0,29.06.2026,01.06.2026,02.06.2026,05.06.2026,05.06.2026,05.06.2026,05.06.2026,,H014,WH INFORMA JABABEKA
R110260601H042_H014,WINGBOX,11500000,0,0,0,0,0,11500000,H014 - WH INFORMA JABABEKA,PT. BINTANG SAMUDRA RAYA,7,ON SCHEDULE,29,0,02.07.2026,02.06.2026,05.06.2026,15.06.2026,16.06.2026,19.06.2026,19.06.2026,,H014,WH INFORMA JABABEKA
R110260601H043_H014,WINGBOX,2599000,0,0,0,0,0,2599000,H014 - WH INFORMA JABABEKA,PT. DUTA MEDIA MANDIRI,7,ON SCHEDULE,27,0,29.06.2026,01.06.2026,03.06.2026,03.06.2026,04.06.2026,08.06.2026,09.06.2026,,H014,WH INFORMA JABABEKA
R110260601H045_H014,CONT-20,18450000,0,0,0,0,0,18450000,H014 - WH INFORMA JABABEKA,PT. MITRA INTERTRANS FORWARDING,2,LATE,22,63,25.06.2026,02.06.2026,16.06.2026,,,,,,H014,WH INFORMA JABABEKA
R110260601H048_H014,WINGBOX,17750000,0,0,0,0,0,17750000,H014 - WH INFORMA JABABEKA,PT. BINTANG SAMUDRA RAYA,7,ON SCHEDULE,30,0,02.07.2026,01.06.2026,07.06.2026,23.06.2026,24.06.2026,25.06.2026,25.06.2026,,H014,WH INFORMA JABABEKA
R110260601H049_H014,WINGBOX,4000000,0,0,0,0,0,4000000,H014 - WH INFORMA JABABEKA,PT. BINTANG SAMUDRA RAYA,7,ON SCHEDULE,28,0,30.06.2026,01.06.2026,03.06.2026,18.06.2026,18.06.2026,19.06.2026,19.06.2026,,H014,WH INFORMA JABABEKA
R110260601H057_H014,FUSO,19550000,0,0,0,0,0,19550000,H014 - WH INFORMA JABABEKA,PT. DUTA LINTAS NUSA,6,LATE,30,63,03.07.2026,02.06.2026,09.06.2026,30.06.2026,30.06.2026,14.07.2026,17.07.2026,,H014,WH INFORMA JABABEKA
R110260601H064_H014,CDD LONG CHASSIS,7500000,0,0,0,0,0,7500000,H014 - WH INFORMA JABABEKA,PT.ORANG KREATIF EKSIS,7,ON SCHEDULE,29,0,02.07.2026,02.06.2026,05.06.2026,08.06.2026,09.06.2026,15.06.2026,15.06.2026,,H014,WH INFORMA JABABEKA
R110260601H065_H014,WINGBOX,4825000,0,0,0,0,0,4825000,H014 - WH INFORMA JABABEKA,PT. CEHA LOGISTIK CEMERLANG,7,ON SCHEDULE,29,0,01.07.2026,01.06.2026,03.06.2026,03.06.2026,03.06.2026,04.06.2026,04.06.2026,,H014,WH INFORMA JABABEKA
R110260601H072_H014,CDD LONG CHASSIS,7500000,0,0,0,0,0,7500000,H014 - WH INFORMA JABABEKA,PT.ORANG KREATIF EKSIS,7,ON SCHEDULE,29,0,02.07.2026,02.06.2026,05.06.2026,08.06.2026,09.06.2026,15.06.2026,15.06.2026,,H014,WH INFORMA JABABEKA
R110260601H073_H014,CDD LONG CHASSIS,3500000,0,0,0,0,0,3500000,H014 - WH INFORMA JABABEKA,PT. AGUNG MAKMUR JAYA,7,ON SCHEDULE,29,0,02.07.2026,02.06.2026,04.06.2026,04.06.2026,04.06.2026,09.06.2026,11.06.2026,,H014,WH INFORMA JABABEKA
R110260601H075_H014,CDD LONG CHASSIS,7500000,0,0,0,0,0,7500000,H014 - WH INFORMA JABABEKA,PT.ORANG KREATIF EKSIS,7,ON SCHEDULE,29,0,02.07.2026,02.06.2026,06.06.2026,08.06.2026,09.06.2026,15.06.2026,15.06.2026,,H014,WH INFORMA JABABEKA
R110260601H076_H014,CDD LONG CHASSIS,7500000,0,0,0,0,0,7500000,H014 - WH INFORMA JABABEKA,PT.ORANG KREATIF EKSIS,7,ON SCHEDULE,29,0,03.07.2026,03.06.2026,05.06.2026,08.06.2026,09.06.2026,15.06.2026,15.06.2026,,H014,WH INFORMA JABABEKA
R110260601H077_H014,CDD LONG CHASSIS,3200000,0,0,0,0,0,3200000,H014 - WH INFORMA JABABEKA,PT. JAYA MULYA ERALINDO,6,LATE,29,63,02.07.2026,02.06.2026,03.06.2026,10.07.2026,10.07.2026,10.07.2026,10.07.2026,,H014,WH INFORMA JABABEKA
R110260601L057_H014,CDD LONG CHASSIS,3600000,0,0,0,0,0,3600000,H014 - WH INFORMA JABABEKA,PT. BINTANG SAMUDRA RAYA,7,ON SCHEDULE,30,0,03.07.2026,02.06.2026,04.06.2026,15.06.2026,16.06.2026,19.06.2026,19.06.2026,,H014,WH INFORMA JABABEKA
R110260601L058_H014,CDD LONG CHASSIS,3500000,0,0,0,100000,0,3600000,H014 - WH INFORMA JABABEKA,PT. AGUNG MAKMUR JAYA,7,ON SCHEDULE,30,0,03.07.2026,02.06.2026,04.06.2026,08.06.2026,09.06.2026,09.06.2026,12.06.2026,,H014,WH INFORMA JABABEKA
R110260601L058_H014,CDD LONG CHASSIS,3500000,0,0,0,100000,0,3600000,H014 - WH INFORMA JABABEKA,PT. AGUNG MAKMUR JAYA,7,ON SCHEDULE,30,0,03.07.2026,02.06.2026,04.06.2026,08.06.2026,09.06.2026,09.06.2026,12.06.2026,,H014,WH INFORMA JABABEKA
R110260601L058_H014,CDD LONG CHASSIS,3500000,0,0,0,100000,0,3600000,H014 - WH INFORMA JABABEKA,PT. AGUNG MAKMUR JAYA,7,ON SCHEDULE,30,0,03.07.2026,02.06.2026,04.06.2026,08.06.2026,09.06.2026,09.06.2026,12.06.2026,,H014,WH INFORMA JABABEKA
R110260601L060_H014,CDD LONG CHASSIS,12400000,0,0,0,0,0,12400000,H014 - WH INFORMA JABABEKA,PT.ORANG KREATIF EKSIS,7,ON SCHEDULE,30,0,03.07.2026,02.06.2026,05.06.2026,12.06.2026,13.06.2026,25.06.2026,25.06.2026,,H014,WH INFORMA JABABEKA
R110260601L063_H014,CDD LONG CHASSIS,1400000,0,0,0,0,0,1400000,H014 - WH INFORMA JABABEKA,PT. BINTANG SAMUDRA RAYA,7,ON SCHEDULE,27,0,30.06.2026,02.06.2026,05.06.2026,15.06.2026,16.06.2026,25.06.2026,25.06.2026,,H014,WH INFORMA JABABEKA
R110260601L065_H014,CDD LONG CHASSIS,3500000,0,0,0,0,0,3500000,H014 - WH INFORMA JABABEKA,PT. AGUNG MAKMUR JAYA,7,ON SCHEDULE,26,0,29.06.2026,02.06.2026,05.06.2026,08.06.2026,08.06.2026,09.06.2026,12.06.2026,,H014,WH INFORMA JABABEKA
R110260601T023_H014,WINGBOX,6200000,0,0,0,0,0,6200000,H014 - WH INFORMA JABABEKA,PT. SATRIA PIRANTI PERKASA,7,ON SCHEDULE,29,0,02.07.2026,02.06.2026,05.06.2026,24.06.2026,24.06.2026,30.06.2026,30.06.2026,,H014,WH INFORMA JABABEKA
R110260601T025_H014,WINGBOX,20000000,0,0,0,0,0,20000000,H014 - WH INFORMA JABABEKA,PT.ORANG KREATIF EKSIS,7,ON SCHEDULE,37,0,10.07.2026,02.06.2026,08.06.2026,12.06.2026,13.06.2026,25.06.2026,25.06.2026,,H014,WH INFORMA JABABEKA
R110260601T026_H014,WINGBOX,24000000,0,0,0,0,0,24000000,H014 - WH INFORMA JABABEKA,PT. CITRA SENTRAL EKSPRES,6,LATE,37,63,10.07.2026,02.06.2026,08.06.2026,03.07.2026,04.07.2026,09.07.2026,10.07.2026,,H014,WH INFORMA JABABEKA
R110260601T030_H014,WINGBOX,5650000,0,0,0,0,0,5650000,H014 - WH INFORMA JABABEKA,PT. DUTA MEDIA MANDIRI,7,ON SCHEDULE,29,0,02.07.2026,02.06.2026,05.06.2026,08.06.2026,08.06.2026,18.06.2026,23.06.2026,,H014,WH INFORMA JABABEKA
R110260601T031_H014,WINGBOX,6700000,0,0,0,0,0,6700000,H014 - WH INFORMA JABABEKA,PT.DHANESWARA EXPRES,7,ON SCHEDULE,29,0,01.07.2026,01.06.2026,05.06.2026,11.06.2026,12.06.2026,15.06.2026,17.06.2026,,H014,WH INFORMA JABABEKA
R110260601T032_H014,WINGBOX,6600000,0,0,0,0,0,6600000,H014 - WH INFORMA JABABEKA,PT. CATUR GLOBAL LOGISTIK,7,ON SCHEDULE,29,0,02.07.2026,02.06.2026,04.06.2026,11.06.2026,11.06.2026,17.06.2026,17.06.2026,,H014,WH INFORMA JABABEKA
R110260601T033_H014,WINGBOX,7000000,0,0,0,0,0,7000000,H014 - WH INFORMA JABABEKA,PT. DUNIA EXPRESS TRANSINDO,7,ON SCHEDULE,29,0,02.07.2026,02.06.2026,05.06.2026,12.06.2026,12.06.2026,26.06.2026,29.06.2026,,H014,WH INFORMA JABABEKA
R110260601T035_H014,WINGBOX,7000000,0,0,0,0,0,7000000,H014 - WH INFORMA JABABEKA,PT. DUNIA EXPRESS TRANSINDO,7,ON SCHEDULE,29,0,02.07.2026,02.06.2026,05.06.2026,12.06.2026,12.06.2026,26.06.2026,29.06.2026,,H014,WH INFORMA JABABEKA
R110260601T037_H014,WINGBOX,7000000,0,0,0,0,0,7000000,H014 - WH INFORMA JABABEKA,PT. DUNIA EXPRESS TRANSINDO,6,LATE,29,62,02.07.2026,02.06.2026,05.06.2026,10.07.2026,10.07.2026,10.07.2026,10.07.2026,,H014,WH INFORMA JABABEKA
R110260601T038_H014,WINGBOX,7000000,0,0,0,0,0,7000000,H014 - WH INFORMA JABABEKA,PT. DUNIA EXPRESS TRANSINDO,7,ON SCHEDULE,29,0,02.07.2026,02.06.2026,05.06.2026,12.06.2026,12.06.2026,26.06.2026,29.06.2026,,H014,WH INFORMA JABABEKA
R110260601T040_H014,WINGBOX,7000000,0,0,0,0,0,7000000,H014 - WH INFORMA JABABEKA,PT. DUNIA EXPRESS TRANSINDO,7,ON SCHEDULE,29,0,02.07.2026,02.06.2026,06.06.2026,12.06.2026,12.06.2026,26.06.2026,29.06.2026,,H014,WH INFORMA JABABEKA
R110260601T041_H014,CONT-40,26500000,0,0,0,0,0,26500000,H014 - WH INFORMA JABABEKA,PT. SENTOSAPRIMA ABADI,6,LATE,40,63,13.07.2026,02.06.2026,16.06.2026,20.07.2026,21.07.2026,22.07.2026,22.07.2026,,H014,WH INFORMA JABABEKA
R110260601T042_H014,CONT-40,26500000,0,0,0,0,0,26500000,H014 - WH INFORMA JABABEKA,PT. SENTOSAPRIMA ABADI,6,LATE,40,62,13.07.2026,02.06.2026,16.06.2026,20.07.2026,21.07.2026,22.07.2026,22.07.2026,,H014,WH INFORMA JABABEKA
R110260601T043_H014,CONT-40,26500000,0,0,0,0,0,26500000,H014 - WH INFORMA JABABEKA,PT. SENTOSAPRIMA ABADI,6,LATE,40,52,23.07.2026,12.06.2026,16.06.2026,20.07.2026,21.07.2026,22.07.2026,22.07.2026,,H014,WH INFORMA JABABEKA
R110260601T044_H014,CONT-40,26500000,0,0,0,0,0,26500000,H014 - WH INFORMA JABABEKA,PT. SENTOSAPRIMA ABADI,6,LATE,40,62,13.07.2026,02.06.2026,16.06.2026,13.07.2026,14.07.2026,24.07.2026,24.07.2026,,H014,WH INFORMA JABABEKA
R110260601T046_H014,CONT-40,25400000,0,0,1500000,0,0,26900000,H014 - WH INFORMA JABABEKA,PT. SENTOSAPRIMA ABADI,6,LATE,46,63,19.07.2026,02.06.2026,27.06.2026,13.07.2026,14.07.2026,24.07.2026,24.07.2026,,H014,WH INFORMA JABABEKA
R110260601T047_H014,CONT-40,26000000,0,0,1000000,0,0,27000000,H014 - WH INFORMA JABABEKA,PT. WIDYA TRANS CARGO,6,LATE,42,62,15.07.2026,02.06.2026,12.06.2026,01.07.2026,02.07.2026,06.07.2026,06.07.2026,,H014,WH INFORMA JABABEKA
R110260602H040_H014,WINGBOX,4500000,0,0,0,0,0,4500000,H014 - WH INFORMA JABABEKA,PT. CEHA LOGISTIK CEMERLANG,7,ON SCHEDULE,29,0,03.07.2026,03.06.2026,04.06.2026,08.06.2026,08.06.2026,11.06.2026,12.06.2026,,H014,WH INFORMA JABABEKA
R110260602H041_H014,WINGBOX,4500000,0,0,0,0,0,4500000,H014 - WH INFORMA JABABEKA,PT. CEHA LOGISTIK CEMERLANG,7,ON SCHEDULE,29,0,03.07.2026,03.06.2026,04.06.2026,08.06.2026,08.06.2026,11.06.2026,12.06.2026,,H014,WH INFORMA JABABEKA
R110260602H044_H014,WINGBOX,4500000,0,0,0,0,0,4500000,H014 - WH INFORMA JABABEKA,PT. CEHA LOGISTIK CEMERLANG,7,ON SCHEDULE,29,0,03.07.2026,03.06.2026,05.06.2026,08.06.2026,08.06.2026,11.06.2026,12.06.2026,,H014,WH INFORMA JABABEKA
R110260602H045_H014,WINGBOX,1998000,0,0,0,0,0,1998000,H014 - WH INFORMA JABABEKA,PT. ARDYA PRIMA INTERNUSA,6,LATE,27,62,30.06.2026,02.06.2026,03.06.2026,25.06.2026,25.06.2026,03.07.2026,09.07.2026,,H014,WH INFORMA JABABEKA
R110260602H047_H014,WINGBOX,2599000,0,0,0,0,0,2599000,H014 - WH INFORMA JABABEKA,PT. DUTA MEDIA MANDIRI,7,ON SCHEDULE,27,0,01.07.2026,03.06.2026,03.06.2026,03.06.2026,04.06.2026,04.06.2026,04.06.2026,,H014,WH INFORMA JABABEKA
R110260602H049_H014,CDD LONG CHASSIS,2250000,0,0,0,0,0,2250000,H014 - WH INFORMA JABABEKA,PT. BINTANG SAMUDRA RAYA,7,ON SCHEDULE,27,0,30.06.2026,02.06.2026,03.06.2026,15.06.2026,16.06.2026,19.06.2026,19.06.2026,,H014,WH INFORMA JABABEKA
R110260602H050_H014,CDD LONG CHASSIS,2200000,0,0,0,0,0,2200000,H014 - WH INFORMA JABABEKA,PT. AGUNG MAKMUR JAYA,7,ON SCHEDULE,27,0,01.07.2026,03.06.2026,04.06.2026,04.06.2026,04.06.2026,15.06.2026,18.06.2026,,H014,WH INFORMA JABABEKA
R110260602H051_H014,CDD LONG CHASSIS,2250000,0,0,0,0,0,2250000,H014 - WH INFORMA JABABEKA,PT. BINTANG SAMUDRA RAYA,7,ON SCHEDULE,27,0,01.07.2026,03.06.2026,03.06.2026,15.06.2026,16.06.2026,19.06.2026,19.06.2026,,H014,WH INFORMA JABABEKA
R110260602H052_H014,WINGBOX,4825000,0,0,0,0,0,4825000,H014 - WH INFORMA JABABEKA,PT. CEHA LOGISTIK CEMERLANG,7,ON SCHEDULE,29,0,03.07.2026,03.06.2026,04.06.2026,08.06.2026,08.06.2026,11.06.2026,12.06.2026,,H014,WH INFORMA JABABEKA
R110260602H053_H014,WINGBOX,4025000,0,0,0,0,0,4025000,H014 - WH INFORMA JABABEKA,PT.SIASAT CEPAT MUDA,7,ON SCHEDULE,29,0,03.07.2026,03.06.2026,05.06.2026,09.06.2026,09.06.2026,11.06.2026,17.06.2026,,H014,WH INFORMA JABABEKA
R110260602H056_H014,WINGBOX,11500000,0,0,0,0,0,11500000,H014 - WH INFORMA JABABEKA,PT. BINTANG SAMUDRA RAYA,7,ON SCHEDULE,29,0,03.07.2026,03.06.2026,06.06.2026,15.06.2026,16.06.2026,19.06.2026,19.06.2026,,H014,WH INFORMA JABABEKA
R110260602H059_H014,CDD LONG CHASSIS,9300000,0,0,0,0,0,9300000,H014 - WH INFORMA JABABEKA,PT. AGUNG MAKMUR JAYA,7,ON SCHEDULE,33,0,07.07.2026,03.06.2026,06.06.2026,08.06.2026,08.06.2026,09.06.2026,12.06.2026,,H014,WH INFORMA JABABEKA
R110260602H062_H014,CDD LONG CHASSIS,2250000,0,0,0,0,0,2250000,H014 - WH INFORMA JABABEKA,PT. BINTANG SAMUDRA RAYA,7,ON SCHEDULE,27,0,30.06.2026,02.06.2026,03.06.2026,15.06.2026,16.06.2026,19.06.2026,19.06.2026,,H014,WH INFORMA JABABEKA
R110260602H063_H014,WINGBOX,15000000,0,0,0,0,0,15000000,H014 - WH INFORMA JABABEKA,PT. BINTANG SAMUDRA RAYA,7,ON SCHEDULE,30,0,04.07.2026,03.06.2026,09.06.2026,15.06.2026,16.06.2026,19.06.2026,19.06.2026,,H014,WH INFORMA JABABEKA
R110260602H065_H014,WINGBOX,18000000,0,0,0,0,0,18000000,H014 - WH INFORMA JABABEKA,PT. BINTANG SAMUDRA RAYA,7,ON SCHEDULE,31,0,05.07.2026,03.06.2026,09.06.2026,15.06.2026,16.06.2026,19.06.2026,19.06.2026,,H014,WH INFORMA JABABEKA
R110260602H066_H014,CDD LONG CHASSIS,12400000,0,0,0,0,0,12400000,H014 - WH INFORMA JABABEKA,PT.ORANG KREATIF EKSIS,7,ON SCHEDULE,31,0,05.07.2026,03.06.2026,06.06.2026,18.06.2026,18.06.2026,25.06.2026,25.06.2026,,H014,WH INFORMA JABABEKA
R110260602H073_H014,CDD LONG CHASSIS,1400000,0,0,0,0,0,1400000,H014 - WH INFORMA JABABEKA,PT. BINTANG SAMUDRA RAYA,7,ON SCHEDULE,27,0,30.06.2026,02.06.2026,03.06.2026,15.06.2026,16.06.2026,19.06.2026,19.06.2026,,H014,WH INFORMA JABABEKA
R110260602H076_H014,CDD LONG CHASSIS,2850000,0,0,0,0,0,2850000,H014 - WH INFORMA JABABEKA,PT. BINTANG SAMUDRA RAYA,7,ON SCHEDULE,28,0,02.07.2026,03.06.2026,04.06.2026,15.06.2026,16.06.2026,19.06.2026,19.06.2026,,H014,WH INFORMA JABABEKA
R110260602H077_H014,CDD LONG CHASSIS,1400000,0,0,0,0,0,1400000,H014 - WH INFORMA JABABEKA,PT. BINTANG SAMUDRA RAYA,7,ON SCHEDULE,27,0,30.06.2026,02.06.2026,03.06.2026,15.06.2026,16.06.2026,19.06.2026,19.06.2026,,H014,WH INFORMA JABABEKA
R110260602H078_H014,CDD LONG CHASSIS,1400000,0,0,0,0,0,1400000,H014 - WH INFORMA JABABEKA,PT. BINTANG SAMUDRA RAYA,7,ON SCHEDULE,27,0,30.06.2026,02.06.2026,03.06.2026,15.06.2026,16.06.2026,19.06.2026,19.06.2026,,H014,WH INFORMA JABABEKA
R110260602H079_H014,CDD LONG CHASSIS,1400000,0,0,0,0,0,1400000,H014 - WH INFORMA JABABEKA,PT. BINTANG SAMUDRA RAYA,7,ON SCHEDULE,27,0,30.06.2026,02.06.2026,03.06.2026,15.06.2026,16.06.2026,19.06.2026,19.06.2026,,H014,WH INFORMA JABABEKA
R110260602H080_H014,CDD LONG CHASSIS,1400000,0,0,0,0,0,1400000,H014 - WH INFORMA JABABEKA,PT. BINTANG SAMUDRA RAYA,7,ON SCHEDULE,27,0,30.06.2026,02.06.2026,03.06.2026,15.06.2026,16.06.2026,19.06.2026,19.06.2026,,H014,WH INFORMA JABABEKA
R110260602H081_H014,CDD LONG CHASSIS,1400000,0,0,0,0,0,1400000,H014 - WH INFORMA JABABEKA,PT. BINTANG SAMUDRA RAYA,7,ON SCHEDULE,27,0,30.06.2026,02.06.2026,03.06.2026,15.06.2026,16.06.2026,19.06.2026,19.06.2026,,H014,WH INFORMA JABABEKA
R110260602H082_H014,CDD LONG CHASSIS,2850000,0,0,0,0,0,2850000,H014 - WH INFORMA JABABEKA,PT. BINTANG SAMUDRA RAYA,7,ON SCHEDULE,28,0,02.07.2026,03.06.2026,04.06.2026,15.06.2026,16.06.2026,19.06.2026,19.06.2026,,H014,WH INFORMA JABABEKA
R110260602H083_H014,CDD LONG CHASSIS,9300000,0,0,0,0,0,9300000,H014 - WH INFORMA JABABEKA,PT. AGUNG MAKMUR JAYA,7,ON SCHEDULE,33,0,07.07.2026,03.06.2026,09.06.2026,09.06.2026,09.06.2026,09.06.2026,12.06.2026,,H014,WH INFORMA JABABEKA
R110260602H084_H014,CDD LONG CHASSIS,9300000,0,0,0,0,0,9300000,H014 - WH INFORMA JABABEKA,PT. AGUNG MAKMUR JAYA,7,ON SCHEDULE,33,0,06.07.2026,02.06.2026,06.06.2026,08.06.2026,08.06.2026,09.06.2026,12.06.2026,,H014,WH INFORMA JABABEKA
R110260602H085_H014,WINGBOX,4825000,0,0,0,0,0,4825000,H014 - WH INFORMA JABABEKA,PT. CEHA LOGISTIK CEMERLANG,7,ON SCHEDULE,29,0,03.07.2026,03.06.2026,05.06.2026,08.06.2026,08.06.2026,11.06.2026,12.06.2026,,H014,WH INFORMA JABABEKA
R110260602H086_H014,CDD LONG CHASSIS,7500000,0,0,0,0,0,7500000,H014 - WH INFORMA JABABEKA,PT.ORANG KREATIF EKSIS,7,ON SCHEDULE,29,0,03.07.2026,03.06.2026,06.06.2026,12.06.2026,13.06.2026,25.06.2026,25.06.2026,,H014,WH INFORMA JABABEKA
R110260602H087_H014,CDD LONG CHASSIS,3500000,0,0,0,0,0,3500000,H014 - WH INFORMA JABABEKA,PT. AGUNG MAKMUR JAYA,7,ON SCHEDULE,29,0,03.07.2026,03.06.2026,05.06.2026,08.06.2026,08.06.2026,09.06.2026,12.06.2026,,H014,WH INFORMA JABABEKA
R110260602L060_H014,CDD LONG CHASSIS,2850000,0,0,0,0,0,2850000,H014 - WH INFORMA JABABEKA,PT. AGUNG MAKMUR JAYA,7,ON SCHEDULE,27,0,30.06.2026,02.06.2026,04.06.2026,22.06.2026,22.06.2026,23.06.2026,24.06.2026,,H014,WH INFORMA JABABEKA
R110260602L110_H014,CDD LONG CHASSIS,3500000,0,0,0,350000,0,3850000,H014 - WH INFORMA JABABEKA,PT. CEHA LOGISTIK CEMERLANG,7,ON SCHEDULE,27,0,01.07.2026,03.06.2026,04.06.2026,08.06.2026,09.06.2026,11.06.2026,12.06.2026,,H014,WH INFORMA JABABEKA
R110260602L111_H014,CDD LONG CHASSIS,2350000,0,0,0,400000,0,2750000,H014 - WH INFORMA JABABEKA,PT. BINTANG SAMUDRA RAYA,7,ON SCHEDULE,27,0,01.07.2026,03.06.2026,05.06.2026,24.06.2026,25.06.2026,25.06.2026,25.06.2026,,H014,WH INFORMA JABABEKA
R110260602T033_H014,WINGBOX,5650000,0,0,0,0,0,5650000,H014 - WH INFORMA JABABEKA,PT. DUTA MEDIA MANDIRI,7,ON SCHEDULE,29,0,03.07.2026,03.06.2026,06.06.2026,08.06.2026,08.06.2026,09.06.2026,11.06.2026,,H014,WH INFORMA JABABEKA
R110260602T036_H014,WINGBOX,7000000,0,0,0,0,0,7000000,H014 - WH INFORMA JABABEKA,PT. DUNIA EXPRESS TRANSINDO,7,ON SCHEDULE,29,0,03.07.2026,03.06.2026,06.06.2026,12.06.2026,12.06.2026,26.06.2026,29.06.2026,,H014,WH INFORMA JABABEKA
R110260602T038_H014,CONT-40,30000000,0,0,550000,0,0,30550000,H014 - WH INFORMA JABABEKA,PT. TERATAI EMAS LOGISTINDO,6,LATE,40,62,14.07.2026,03.06.2026,19.06.2026,10.07.2026,11.07.2026,14.07.2026,14.07.2026,,H014,WH INFORMA JABABEKA
R110260602T039_H014,CONT-40,30000000,0,0,550000,0,0,30550000,H014 - WH INFORMA JABABEKA,PT. TERATAI EMAS LOGISTINDO,6,LATE,40,62,14.07.2026,03.06.2026,19.06.2026,10.07.2026,11.07.2026,14.07.2026,14.07.2026,,H014,WH INFORMA JABABEKA
R110260602T040_H014,CONT-40,27900000,0,0,800000,0,0,28700000,H014 - WH INFORMA JABABEKA,PT. MITRA INTERTRANS FORWARDING,6,LATE,42,61,16.07.2026,03.06.2026,12.06.2026,28.07.2026,29.07.2026,30.07.2026,30.07.2026,,H014,WH INFORMA JABABEKA
R110260602T041_H014,CONT-20,15800000,0,0,0,0,0,15800000,H014 - WH INFORMA JABABEKA,PT. SENTOSAPRIMA ABADI,6,LATE,40,62,14.07.2026,03.06.2026,19.06.2026,13.07.2026,14.07.2026,23.07.2026,23.07.2026,,H014,WH INFORMA JABABEKA
R110260602T042_H014,CONT-40,34700000,0,0,0,0,0,34700000,H014 - WH INFORMA JABABEKA,PT. SARANA TRANS SUMATERA,6,LATE,40,61,15.07.2026,04.06.2026,20.06.2026,24.07.2026,25.07.2026,28.07.2026,28.07.2026,,H014,WH INFORMA JABABEKA
R110260602T043_H014,CONT-20,15500000,0,0,300000,0,0,15800000,H014 - WH INFORMA JABABEKA,PT. SENTOSAPRIMA ABADI,6,LATE,42,62,16.07.2026,03.06.2026,16.06.2026,20.07.2026,21.07.2026,22.07.2026,22.07.2026,,H014,WH INFORMA JABABEKA
R110260602T044_H014,CONT-20,15800000,0,0,0,0,0,15800000,H014 - WH INFORMA JABABEKA,PT. SENTOSAPRIMA ABADI,6,LATE,40,61,15.07.2026,04.06.2026,19.06.2026,13.07.2026,14.07.2026,23.07.2026,23.07.2026,,H014,WH INFORMA JABABEKA
R110260602T048_H014,WINGBOX,7000000,0,0,0,0,0,7000000,H014 - WH INFORMA JABABEKA,PT. DUNIA EXPRESS TRANSINDO,7,ON SCHEDULE,29,0,03.07.2026,03.06.2026,06.06.2026,12.06.2026,12.06.2026,26.06.2026,29.06.2026,,H014,WH INFORMA JABABEKA
R110260602T049_H014,WINGBOX,7000000,0,0,0,0,0,7000000,H014 - WH INFORMA JABABEKA,PT. DUNIA EXPRESS TRANSINDO,7,ON SCHEDULE,29,0,03.07.2026,03.06.2026,06.06.2026,12.06.2026,12.06.2026,26.06.2026,29.06.2026,,H014,WH INFORMA JABABEKA
R110260602T050_H014,WINGBOX,7000000,0,0,0,0,0,7000000,H014 - WH INFORMA JABABEKA,PT. DUNIA EXPRESS TRANSINDO,7,ON SCHEDULE,29,0,03.07.2026,03.06.2026,06.06.2026,12.06.2026,12.06.2026,26.06.2026,29.06.2026,,H014,WH INFORMA JABABEKA
R110260602T051_H014,CONT-40,30000000,0,0,550000,0,0,30550000,H014 - WH INFORMA JABABEKA,PT. TERATAI EMAS LOGISTINDO,6,LATE,40,62,14.07.2026,03.06.2026,19.06.2026,10.07.2026,11.07.2026,14.07.2026,14.07.2026,,H014,WH INFORMA JABABEKA
R110260602T052_H014,CONT-40,27000000,0,0,0,0,0,27000000,H014 - WH INFORMA JABABEKA,PT. WIDYA TRANS CARGO,6,LATE,40,61,15.07.2026,04.06.2026,16.06.2026,29.06.2026,29.06.2026,30.06.2026,16.07.2026,,H014,WH INFORMA JABABEKA
R110260603H046_H014,WINGBOX,2599000,0,0,0,0,0,2599000,H014 - WH INFORMA JABABEKA,PT. DUTA MEDIA MANDIRI,7,ON SCHEDULE,27,0,02.07.2026,04.06.2026,04.06.2026,04.06.2026,04.06.2026,08.06.2026,09.06.2026,,H014,WH INFORMA JABABEKA
R110260603H048_H014,WINGBOX,11500000,0,0,0,0,0,11500000,H014 - WH INFORMA JABABEKA,PT. BINTANG SAMUDRA RAYA,7,ON SCHEDULE,29,0,04.07.2026,04.06.2026,08.06.2026,15.06.2026,16.06.2026,18.06.2026,19.06.2026,,H014,WH INFORMA JABABEKA
R110260603H049_H014,CDD LONG CHASSIS,2850000,0,0,0,0,0,2850000,H014 - WH INFORMA JABABEKA,PT. BINTANG SAMUDRA RAYA,7,ON SCHEDULE,28,0,03.07.2026,04.06.2026,05.06.2026,15.06.2026,16.06.2026,18.06.2026,19.06.2026,,H014,WH INFORMA JABABEKA
R110260603H051_H014,WINGBOX,4825000,0,0,0,0,0,4825000,H014 - WH INFORMA JABABEKA,PT. CEHA LOGISTIK CEMERLANG,7,ON SCHEDULE,29,0,04.07.2026,04.06.2026,05.06.2026,08.06.2026,08.06.2026,11.06.2026,12.06.2026,,H014,WH INFORMA JABABEKA
R110260603H060_H014,CDD LONG CHASSIS,3500000,0,0,0,0,0,3500000,H014 - WH INFORMA JABABEKA,PT. AGUNG MAKMUR JAYA,7,ON SCHEDULE,29,0,04.07.2026,04.06.2026,05.06.2026,08.06.2026,08.06.2026,17.06.2026,18.06.2026,,H014,WH INFORMA JABABEKA
R110260603L003_H014,CDD LONG CHASSIS,8250000,0,0,0,0,0,8250000,H014 - WH INFORMA JABABEKA,PT. BINTANG SAMUDRA RAYA,7,ON SCHEDULE,30,0,04.07.2026,03.06.2026,08.06.2026,13.07.2026,13.07.2026,13.07.2026,16.07.2026,,H014,WH INFORMA JABABEKA
R110260603L077_H014,FUSO,14950000,0,0,0,522000,0,15472000,H014 - WH INFORMA JABABEKA,PT. DUTA LINTAS NUSA,6,LATE,30,60,05.07.2026,04.06.2026,09.06.2026,07.07.2026,07.07.2026,08.07.2026,17.07.2026,,H014,WH INFORMA JABABEKA
R110260603L078_H014,CDD LONG CHASSIS,3600000,0,0,0,300000,0,3900000,H014 - WH INFORMA JABABEKA,PT. BINTANG SAMUDRA RAYA,7,ON SCHEDULE,29,0,04.07.2026,04.06.2026,06.06.2026,24.06.2026,25.06.2026,25.06.2026,25.06.2026,,H014,WH INFORMA JABABEKA
R110260603L079_H014,CDD LONG CHASSIS,3500000,0,0,0,100000,0,3600000,H014 - WH INFORMA JABABEKA,PT. AGUNG MAKMUR JAYA,7,ON SCHEDULE,30,0,05.07.2026,04.06.2026,07.06.2026,08.06.2026,09.06.2026,15.06.2026,18.06.2026,,H014,WH INFORMA JABABEKA
R110260603L079_H014,CDD LONG CHASSIS,3500000,0,0,0,100000,0,3600000,H014 - WH INFORMA JABABEKA,PT. AGUNG MAKMUR JAYA,7,ON SCHEDULE,30,0,05.07.2026,04.06.2026,07.06.2026,08.06.2026,09.06.2026,15.06.2026,18.06.2026,,H014,WH INFORMA JABABEKA
R110260603L079_H014,CDD LONG CHASSIS,3500000,0,0,0,100000,0,3600000,H014 - WH INFORMA JABABEKA,PT. AGUNG MAKMUR JAYA,7,ON SCHEDULE,30,0,05.07.2026,04.06.2026,07.06.2026,08.06.2026,09.06.2026,15.06.2026,18.06.2026,,H014,WH INFORMA JABABEKA
R110260603L082_H014,CDD LONG CHASSIS,10350000,0,0,0,150000,0,10500000,H014 - WH INFORMA JABABEKA,PT.ORANG KREATIF EKSIS,7,ON SCHEDULE,29,0,04.07.2026,04.06.2026,08.06.2026,12.06.2026,14.06.2026,25.06.2026,25.06.2026,,H014,WH INFORMA JABABEKA
R110260603T022_H014,CONT-40,28000000,0,0,0,0,0,28000000,H014 - WH INFORMA JABABEKA,PT. TERATAI EMAS LOGISTINDO,6,LATE,37,61,12.07.2026,04.06.2026,27.06.2026,15.07.2026,15.07.2026,15.07.2026,15.07.2026,,H014,WH INFORMA JABABEKA
R110260603T023_H014,CONT-40,27100000,0,0,600000,0,0,27700000,H014 - WH INFORMA JABABEKA,PT. SENTOSAPRIMA ABADI,6,LATE,42,61,17.07.2026,04.06.2026,16.06.2026,20.07.2026,21.07.2026,22.07.2026,22.07.2026,,H014,WH INFORMA JABABEKA
R110260603T024_H014,CONT-40,26500000,0,0,0,0,0,26500000,H014 - WH INFORMA JABABEKA,PT. SENTOSAPRIMA ABADI,6,LATE,40,60,15.07.2026,04.06.2026,16.06.2026,13.07.2026,14.07.2026,24.07.2026,24.07.2026,,H014,WH INFORMA JABABEKA
R110260603T025_H014,CONT-40,25400000,0,0,1500000,0,0,26900000,H014 - WH INFORMA JABABEKA,PT. SENTOSAPRIMA ABADI,6,LATE,46,61,21.07.2026,04.06.2026,27.06.2026,13.07.2026,14.07.2026,24.07.2026,24.07.2026,,H014,WH INFORMA JABABEKA
R110260603T026_H014,WINGBOX,7000000,0,0,0,0,0,7000000,H014 - WH INFORMA JABABEKA,PT. DUNIA EXPRESS TRANSINDO,7,ON SCHEDULE,29,0,04.07.2026,04.06.2026,08.06.2026,12.06.2026,12.06.2026,26.06.2026,29.06.2026,,H014,WH INFORMA JABABEKA
R110260603T029_H014,WINGBOX,5650000,0,0,0,0,0,5650000,H014 - WH INFORMA JABABEKA,PT. DUTA MEDIA MANDIRI,7,ON SCHEDULE,29,0,03.07.2026,03.06.2026,06.06.2026,08.06.2026,08.06.2026,11.06.2026,12.06.2026,,H014,WH INFORMA JABABEKA
R110260603T031_H014,WINGBOX,5650000,0,0,0,0,0,5650000,H014 - WH INFORMA JABABEKA,PT. DUTA MEDIA MANDIRI,7,ON SCHEDULE,29,0,03.07.2026,03.06.2026,06.06.2026,08.06.2026,08.06.2026,09.06.2026,11.06.2026,,H014,WH INFORMA JABABEKA
R110260603T032_H014,WINGBOX,7000000,0,0,0,0,0,7000000,H014 - WH INFORMA JABABEKA,PT. DUNIA EXPRESS TRANSINDO,7,ON SCHEDULE,29,0,04.07.2026,04.06.2026,08.06.2026,12.06.2026,12.06.2026,26.06.2026,29.06.2026,,H014,WH INFORMA JABABEKA
R110260603T033_H014,WINGBOX,7000000,0,0,0,0,0,7000000,H014 - WH INFORMA JABABEKA,PT. DUNIA EXPRESS TRANSINDO,7,ON SCHEDULE,29,0,04.07.2026,04.06.2026,08.06.2026,12.06.2026,12.06.2026,26.06.2026,29.06.2026,,H014,WH INFORMA JABABEKA
R110260603T040_H014,CONT-40,28000000,0,0,0,0,0,28000000,H014 - WH INFORMA JABABEKA,PT. TERATAI EMAS LOGISTINDO,6,LATE,37,60,12.07.2026,04.06.2026,24.06.2026,15.07.2026,15.07.2026,15.07.2026,15.07.2026,,H014,WH INFORMA JABABEKA
R110260603T042_H014,WINGBOX,20000000,0,0,0,0,0,20000000,H014 - WH INFORMA JABABEKA,PT.ORANG KREATIF EKSIS,6,LATE,37,61,12.07.2026,04.06.2026,10.06.2026,26.06.2026,26.06.2026,08.07.2026,08.07.2026,,H014,WH INFORMA JABABEKA
R110260603T043_H014,WINGBOX,25200000,0,0,0,0,0,25200000,H014 - WH INFORMA JABABEKA,PT. SERASI LOGISTIC,6,LATE,37,61,12.07.2026,04.06.2026,10.06.2026,24.06.2026,25.06.2026,01.07.2026,08.07.2026,,H014,WH INFORMA JABABEKA
R110260603T044_H014,CONT-40,25400000,0,0,1500000,0,0,26900000,H014 - WH INFORMA JABABEKA,PT. SENTOSAPRIMA ABADI,6,LATE,46,60,22.07.2026,05.06.2026,27.06.2026,13.07.2026,14.07.2026,24.07.2026,24.07.2026,,H014,WH INFORMA JABABEKA
R110260603T045_H014,WINGBOX,7000000,0,0,0,0,0,7000000,H014 - WH INFORMA JABABEKA,PT. DUNIA EXPRESS TRANSINDO,7,ON SCHEDULE,29,0,04.07.2026,04.06.2026,08.06.2026,12.06.2026,12.06.2026,26.06.2026,29.06.2026,,H014,WH INFORMA JABABEKA
R110260603T046_H014,CONT-20,10300000,0,0,0,0,0,10300000,H014 - WH INFORMA JABABEKA,PT. HAKKA HYDRO TIRTA,2,LATE,20,61,25.06.2026,04.06.2026,16.06.2026,,,,,,H014,WH INFORMA JABABEKA
R110260603T047_H014,WINGBOX,7000000,0,0,0,0,0,7000000,H014 - WH INFORMA JABABEKA,PT. DUNIA EXPRESS TRANSINDO,7,ON SCHEDULE,29,0,04.07.2026,04.06.2026,08.06.2026,12.06.2026,12.06.2026,26.06.2026,29.06.2026,,H014,WH INFORMA JABABEKA
R110260603T052_H014,CONT-20,15300000,0,0,800000,0,0,16100000,H014 - WH INFORMA JABABEKA,PT. SENTOSAPRIMA ABADI,6,LATE,46,61,21.07.2026,04.06.2026,29.06.2026,13.07.2026,14.07.2026,24.07.2026,24.07.2026,,H014,WH INFORMA JABABEKA
R110260603T054_H014,WINGBOX,25200000,0,0,0,0,0,25200000,H014 - WH INFORMA JABABEKA,PT. SERASI LOGISTIC,6,LATE,37,60,12.07.2026,04.06.2026,10.06.2026,24.06.2026,25.06.2026,01.07.2026,08.07.2026,,H014,WH INFORMA JABABEKA
R110260603T058_H014,WINGBOX,5650000,0,0,0,0,0,5650000,H014 - WH INFORMA JABABEKA,PT. DUTA MEDIA MANDIRI,7,ON SCHEDULE,29,0,04.07.2026,04.06.2026,08.06.2026,08.06.2026,08.06.2026,17.06.2026,18.06.2026,,H014,WH INFORMA JABABEKA
R110260603T059_H014,WINGBOX,5650000,0,0,0,0,0,5650000,H014 - WH INFORMA JABABEKA,PT. DUTA MEDIA MANDIRI,7,ON SCHEDULE,29,0,04.07.2026,04.06.2026,08.06.2026,08.06.2026,08.06.2026,11.06.2026,12.06.2026,,H014,WH INFORMA JABABEKA
R110260603T061_H014,CONT-40,30000000,0,0,550000,0,0,30550000,H014 - WH INFORMA JABABEKA,PT. TERATAI EMAS LOGISTINDO,6,LATE,40,60,15.07.2026,04.06.2026,19.06.2026,14.07.2026,15.07.2026,16.07.2026,16.07.2026,,H014,WH INFORMA JABABEKA
R110260604H019_H014,WINGBOX,4500000,0,0,0,0,0,4500000,H014 - WH INFORMA JABABEKA,PT. CEHA LOGISTIK CEMERLANG,7,ON SCHEDULE,29,0,05.07.2026,05.06.2026,06.06.2026,08.06.2026,08.06.2026,11.06.2026,12.06.2026,,H014,WH INFORMA JABABEKA
R110260604H020_H014,WINGBOX,4500000,0,0,0,0,0,4500000,H014 - WH INFORMA JABABEKA,PT. CEHA LOGISTIK CEMERLANG,7,ON SCHEDULE,29,0,05.07.2026,05.06.2026,06.06.2026,08.06.2026,08.06.2026,11.06.2026,12.06.2026,,H014,WH INFORMA JABABEKA
R110260604H021_H014,FUSO,19550000,0,0,0,0,0,19550000,H014 - WH INFORMA JABABEKA,PT. DUTA LINTAS NUSA,6,LATE,30,60,06.07.2026,05.06.2026,12.06.2026,30.06.2026,30.06.2026,14.07.2026,17.07.2026,,H014,WH INFORMA JABABEKA
R110260604H024_H014,WINGBOX,4825000,0,0,0,0,0,4825000,H014 - WH INFORMA JABABEKA,PT. CEHA LOGISTIK CEMERLANG,7,ON SCHEDULE,29,0,05.07.2026,05.06.2026,08.06.2026,08.06.2026,09.06.2026,11.06.2026,12.06.2026,,H014,WH INFORMA JABABEKA
R110260604H025_H014,WINGBOX,3500000,0,0,0,0,0,3500000,H014 - WH INFORMA JABABEKA,PT. BINTANG SAMUDRA RAYA,7,ON SCHEDULE,29,0,05.07.2026,05.06.2026,06.06.2026,15.06.2026,16.06.2026,29.06.2026,30.06.2026,,H014,WH INFORMA JABABEKA
R110260604H026_H014,CDD LONG CHASSIS,12500000,0,0,0,0,0,12500000,H014 - WH INFORMA JABABEKA,PT.ORANG KREATIF EKSIS,7,ON SCHEDULE,30,0,06.07.2026,05.06.2026,11.06.2026,15.06.2026,15.06.2026,25.06.2026,25.06.2026,,H014,WH INFORMA JABABEKA
R110260604H028_H014,CDD LONG CHASSIS,1600000,0,0,0,0,0,1600000,H014 - WH INFORMA JABABEKA,PT. SATRIA PIRANTI PERKASA,6,LATE,27,60,03.07.2026,05.06.2026,07.06.2026,02.07.2026,02.07.2026,10.07.2026,10.07.2026,,H014,WH INFORMA JABABEKA
R110260604H029_H014,WINGBOX,11500000,0,0,0,0,0,11500000,H014 - WH INFORMA JABABEKA,PT. BINTANG SAMUDRA RAYA,7,ON SCHEDULE,29,0,05.07.2026,05.06.2026,08.06.2026,15.06.2026,16.06.2026,18.06.2026,19.06.2026,,H014,WH INFORMA JABABEKA
R110260604H030_H014,WINGBOX,4500000,0,0,0,0,0,4500000,H014 - WH INFORMA JABABEKA,PT. CEHA LOGISTIK CEMERLANG,7,ON SCHEDULE,29,0,05.07.2026,05.06.2026,06.06.2026,08.06.2026,08.06.2026,11.06.2026,12.06.2026,,H014,WH INFORMA JABABEKA
R110260604H033_H014,CDD LONG CHASSIS,2850000,0,0,0,0,0,2850000,H014 - WH INFORMA JABABEKA,PT. BINTANG SAMUDRA RAYA,7,ON SCHEDULE,28,0,04.07.2026,05.06.2026,06.06.2026,15.06.2026,16.06.2026,18.06.2026,19.06.2026,,H014,WH INFORMA JABABEKA
R110260604H041_H014,WINGBOX,4500000,0,0,0,0,0,4500000,H014 - WH INFORMA JABABEKA,PT. CEHA LOGISTIK CEMERLANG,7,ON SCHEDULE,29,0,05.07.2026,05.06.2026,06.06.2026,08.06.2026,08.06.2026,11.06.2026,12.06.2026,,H014,WH INFORMA JABABEKA
R110260604H068_H014,CDD LONG CHASSIS,1400000,0,0,0,0,0,1400000,H014 - WH INFORMA JABABEKA,PT. BINTANG SAMUDRA RAYA,7,ON SCHEDULE,27,0,02.07.2026,04.06.2026,05.06.2026,15.06.2026,16.06.2026,18.06.2026,19.06.2026,,H014,WH INFORMA JABABEKA
R110260604H069_H014,CDD LONG CHASSIS,1400000,0,0,0,0,0,1400000,H014 - WH INFORMA JABABEKA,PT. BINTANG SAMUDRA RAYA,7,ON SCHEDULE,27,0,02.07.2026,04.06.2026,05.06.2026,15.06.2026,16.06.2026,18.06.2026,19.06.2026,,H014,WH INFORMA JABABEKA
R110260604H070_H014,CDD LONG CHASSIS,12500000,0,0,0,0,0,12500000,H014 - WH INFORMA JABABEKA,PT.ORANG KREATIF EKSIS,7,ON SCHEDULE,30,0,06.07.2026,05.06.2026,11.06.2026,12.06.2026,13.06.2026,25.06.2026,25.06.2026,,H014,WH INFORMA JABABEKA
R110260604L001_H014,FUSO,3955000,0,0,0,0,1500000,5455000,H014 - WH INFORMA JABABEKA,PT. DUTA MEDIA MANDIRI,7,ON SCHEDULE,26,0,01.07.2026,04.06.2026,06.06.2026,09.06.2026,10.06.2026,11.06.2026,12.06.2026,,H014,WH INFORMA JABABEKA
R110260604L001_H014,FUSO,3955000,0,0,0,0,1500000,5455000,H014 - WH INFORMA JABABEKA,PT. DUTA MEDIA MANDIRI,7,ON SCHEDULE,26,0,01.07.2026,04.06.2026,06.06.2026,09.06.2026,10.06.2026,11.06.2026,12.06.2026,,H014,WH INFORMA JABABEKA
R110260604L008_H014,CONT-20,21550000,0,0,0,0,0,21550000,H014 - WH INFORMA JABABEKA,PT. MITRA INTERTRANS FORWARDING,2,LATE,20,60,26.06.2026,05.06.2026,22.06.2026,,,,,,H014,WH INFORMA JABABEKA
R110260604L009_H014,CONT-20,21550000,0,0,0,0,0,21550000,H014 - WH INFORMA JABABEKA,PT. MITRA INTERTRANS FORWARDING,2,LATE,20,60,26.06.2026,05.06.2026,26.06.2026,27.07.2026,28.07.2026,,,,H014,WH INFORMA JABABEKA
R110260604L021_H014,CONT-20,0,0,0,0,0,0,0,H014 - WH INFORMA JABABEKA,PT. TPIL LOGISTICS,2,LATE,6,57,14.06.2026,07.06.2026,23.06.2026,,,,,,H014,WH INFORMA JABABEKA
R110260604L042_H014,CONT-40,31800000,0,0,0,0,0,31800000,H014 - WH INFORMA JABABEKA,PT. SENTOSAPRIMA ABADI,6,LATE,26,55,06.07.2026,09.06.2026,29.06.2026,14.07.2026,15.07.2026,31.07.2026,31.07.2026,,H014,WH INFORMA JABABEKA
R110260604L047_H014,CDD LONG CHASSIS,1750000,0,0,0,0,0,1750000,H014 - WH INFORMA JABABEKA,PT. CATUR GLOBAL LOGISTIK,7,ON SCHEDULE,26,0,02.07.2026,05.06.2026,07.06.2026,17.06.2026,17.06.2026,17.06.2026,17.06.2026,,H014,WH INFORMA JABABEKA
R110260604L049_H014,WINGBOX,2034000,0,0,0,0,0,2034000,H014 - WH INFORMA JABABEKA,PT. DUTA MEDIA MANDIRI,7,ON SCHEDULE,27,0,03.07.2026,05.06.2026,05.06.2026,08.06.2026,08.06.2026,08.06.2026,09.06.2026,,H014,WH INFORMA JABABEKA
R110260604L050_H014,CDD LONG CHASSIS,1400000,0,0,0,200000,0,1600000,H014 - WH INFORMA JABABEKA,PT. BINTANG SAMUDRA RAYA,7,ON SCHEDULE,27,0,03.07.2026,05.06.2026,06.06.2026,24.06.2026,25.06.2026,25.06.2026,25.06.2026,,H014,WH INFORMA JABABEKA
R110260604L051_H014,CDD LONG CHASSIS,3900000,0,0,0,0,0,3900000,H014 - WH INFORMA JABABEKA,PT. BINTANG SAMUDRA RAYA,7,ON SCHEDULE,28,0,04.07.2026,05.06.2026,08.06.2026,15.06.2026,16.06.2026,18.06.2026,19.06.2026,,H014,WH INFORMA JABABEKA
R110260604L052_H014,CDD LONG CHASSIS,1400000,0,0,0,0,0,1400000,H014 - WH INFORMA JABABEKA,PT. BINTANG SAMUDRA RAYA,7,ON SCHEDULE,27,0,03.07.2026,05.06.2026,06.06.2026,15.06.2026,16.06.2026,18.06.2026,19.06.2026,,H014,WH INFORMA JABABEKA
R110260604T018_H014,WINGBOX,5650000,0,0,0,0,0,5650000,H014 - WH INFORMA JABABEKA,PT. DUTA MEDIA MANDIRI,7,ON SCHEDULE,29,0,05.07.2026,05.06.2026,08.06.2026,08.06.2026,08.06.2026,11.06.2026,12.06.2026,,H014,WH INFORMA JABABEKA
R110260604T019_H014,CONT-40,25400000,0,0,1500000,0,0,26900000,H014 - WH INFORMA JABABEKA,PT. SENTOSAPRIMA ABADI,6,LATE,46,59,22.07.2026,05.06.2026,29.06.2026,13.07.2026,14.07.2026,24.07.2026,24.07.2026,,H014,WH INFORMA JABABEKA
R110260604T020_H014,CONT-40,0,0,0,0,0,0,0,H014 - WH INFORMA JABABEKA,PT. TPIL LOGISTICS,2,LATE,20,60,26.06.2026,05.06.2026,20.06.2026,,,,,,H014,WH INFORMA JABABEKA
R110260604T022_H014,CONT-40,0,0,0,0,0,0,0,H014 - WH INFORMA JABABEKA,PT. TPIL LOGISTICS,2,LATE,22,47,11.07.2026,18.06.2026,19.06.2026,,,,,,H014,WH INFORMA JABABEKA
R110260604T023_H014,CONT-40,30000000,0,0,550000,0,0,30550000,H014 - WH INFORMA JABABEKA,PT. TERATAI EMAS LOGISTINDO,6,LATE,40,59,16.07.2026,05.06.2026,19.06.2026,14.07.2026,15.07.2026,16.07.2026,16.07.2026,,H014,WH INFORMA JABABEKA
R110260604T027_H014,CONT-40,25400000,0,0,1500000,0,0,26900000,H014 - WH INFORMA JABABEKA,PT. SENTOSAPRIMA ABADI,6,LATE,46,59,22.07.2026,05.06.2026,29.06.2026,13.07.2026,14.07.2026,24.07.2026,24.07.2026,,H014,WH INFORMA JABABEKA
R110260604T030_H014,CONT-20,0,0,0,0,0,0,0,H014 - WH INFORMA JABABEKA,PT. TPIL LOGISTICS,2,LATE,26,59,02.07.2026,05.06.2026,29.06.2026,,,,,,H014,WH INFORMA JABABEKA
R110260604T032_H014,WINGBOX,5650000,0,0,0,0,0,5650000,H014 - WH INFORMA JABABEKA,PT. DUTA MEDIA MANDIRI,7,ON SCHEDULE,29,0,05.07.2026,05.06.2026,08.06.2026,08.06.2026,08.06.2026,11.06.2026,12.06.2026,,H014,WH INFORMA JABABEKA
R110260604T033_H014,CONT-20,0,0,0,0,0,0,0,H014 - WH INFORMA JABABEKA,PT. TPIL LOGISTICS,2,LATE,20,59,26.06.2026,05.06.2026,16.06.2026,,,,,,H014,WH INFORMA JABABEKA
R110260604T036_H014,WINGBOX,5650000,0,0,0,0,0,5650000,H014 - WH INFORMA JABABEKA,PT. DUTA MEDIA MANDIRI,7,ON SCHEDULE,29,0,05.07.2026,05.06.2026,08.06.2026,08.06.2026,08.06.2026,17.06.2026,18.06.2026,,H014,WH INFORMA JABABEKA
R110260604T038_H014,WINGBOX,5600000,0,0,0,0,0,5600000,H014 - WH INFORMA JABABEKA,PT. BINTANG SAMUDRA RAYA,7,ON SCHEDULE,29,0,05.07.2026,05.06.2026,08.06.2026,15.06.2026,16.06.2026,18.06.2026,19.06.2026,,H014,WH INFORMA JABABEKA
R110260604T039_H014,WINGBOX,5600000,0,0,0,0,0,5600000,H014 - WH INFORMA JABABEKA,PT. BINTANG SAMUDRA RAYA,7,ON SCHEDULE,29,0,05.07.2026,05.06.2026,08.06.2026,15.06.2026,16.06.2026,25.06.2026,25.06.2026,,H014,WH INFORMA JABABEKA
R110260605H040_H014,WINGBOX,4825000,0,0,0,0,0,4825000,H014 - WH INFORMA JABABEKA,PT. CEHA LOGISTIK CEMERLANG,7,ON SCHEDULE,29,0,06.07.2026,06.06.2026,08.06.2026,08.06.2026,09.06.2026,11.06.2026,12.06.2026,,H014,WH INFORMA JABABEKA
R110260605H041_H014,CDD LONG CHASSIS,2250000,0,0,0,0,0,2250000,H014 - WH INFORMA JABABEKA,PT. BINTANG SAMUDRA RAYA,7,ON SCHEDULE,27,0,03.07.2026,05.06.2026,06.06.2026,15.06.2026,16.06.2026,29.06.2026,30.06.2026,,H014,WH INFORMA JABABEKA
R110260605H042_H014,CDD LONG CHASSIS,2250000,0,0,0,0,0,2250000,H014 - WH INFORMA JABABEKA,PT. BINTANG SAMUDRA RAYA,7,ON SCHEDULE,27,0,03.07.2026,05.06.2026,06.06.2026,15.06.2026,16.06.2026,18.06.2026,19.06.2026,,H014,WH INFORMA JABABEKA
R110260605H044_H014,FUSO,17250000,0,0,0,0,0,17250000,H014 - WH INFORMA JABABEKA,PT. DUTA LINTAS NUSA,6,LATE,30,59,07.07.2026,06.06.2026,12.06.2026,07.07.2026,07.07.2026,08.07.2026,17.07.2026,,H014,WH INFORMA JABABEKA
R110260605H049_H014,WINGBOX,2599000,0,0,0,0,0,2599000,H014 - WH INFORMA JABABEKA,PT. DUTA MEDIA MANDIRI,7,ON SCHEDULE,27,0,04.07.2026,06.06.2026,06.06.2026,08.06.2026,08.06.2026,08.06.2026,09.06.2026,,H014,WH INFORMA JABABEKA
R110260605H051_H014,CDD LONG CHASSIS,2250000,0,0,0,0,0,2250000,H014 - WH INFORMA JABABEKA,PT. BINTANG SAMUDRA RAYA,7,ON SCHEDULE,27,0,03.07.2026,05.06.2026,06.06.2026,15.06.2026,16.06.2026,18.06.2026,19.06.2026,,H014,WH INFORMA JABABEKA
R110260605H052_H014,CDD LONG CHASSIS,2850000,0,0,0,0,0,2850000,H014 - WH INFORMA JABABEKA,PT. BINTANG SAMUDRA RAYA,7,ON SCHEDULE,28,0,04.07.2026,05.06.2026,08.06.2026,15.06.2026,16.06.2026,18.06.2026,19.06.2026,,H014,WH INFORMA JABABEKA
R110260605H053_H014,CDD LONG CHASSIS,2200000,0,0,0,0,0,2200000,H014 - WH INFORMA JABABEKA,PT. AGUNG MAKMUR JAYA,7,ON SCHEDULE,27,0,03.07.2026,05.06.2026,06.06.2026,08.06.2026,08.06.2026,15.06.2026,18.06.2026,,H014,WH INFORMA JABABEKA
R110260605H054_H014,FUSO,11450000,0,0,0,0,0,11450000,H014 - WH INFORMA JABABEKA,PT LOGISTIK CANGGIH INDONESIA,7,ON SCHEDULE,29,0,06.07.2026,06.06.2026,09.06.2026,24.06.2026,25.06.2026,26.06.2026,02.07.2026,,H014,WH INFORMA JABABEKA
R110260605H061_H014,CDD LONG CHASSIS,2250000,0,0,0,0,0,2250000,H014 - WH INFORMA JABABEKA,PT. BINTANG SAMUDRA RAYA,7,ON SCHEDULE,27,0,04.07.2026,06.06.2026,06.06.2026,15.06.2026,16.06.2026,18.06.2026,19.06.2026,,H014,WH INFORMA JABABEKA
R110260605H063_H014,FUSO,19350000,0,0,0,0,0,19350000,H014 - WH INFORMA JABABEKA,PT. SATRIA PIRANTI PERKASA,7,ON SCHEDULE,31,0,08.07.2026,06.06.2026,10.06.2026,24.06.2026,24.06.2026,30.06.2026,30.06.2026,,H014,WH INFORMA JABABEKA
R110260605H064_H014,CDD LONG CHASSIS,12400000,0,0,0,0,0,12400000,H014 - WH INFORMA JABABEKA,PT.ORANG KREATIF EKSIS,7,ON SCHEDULE,31,0,08.07.2026,06.06.2026,10.06.2026,18.06.2026,18.06.2026,25.06.2026,25.06.2026,,H014,WH INFORMA JABABEKA
R110260605H065_H014,WINGBOX,4825000,0,0,0,0,0,4825000,H014 - WH INFORMA JABABEKA,PT. CEHA LOGISTIK CEMERLANG,7,ON SCHEDULE,29,0,06.07.2026,06.06.2026,08.06.2026,08.06.2026,09.06.2026,11.06.2026,12.06.2026,,H014,WH INFORMA JABABEKA
R110260605L045_H014,CDD LONG CHASSIS,1400000,0,0,0,0,0,1400000,H014 - WH INFORMA JABABEKA,PT. BINTANG SAMUDRA RAYA,7,ON SCHEDULE,27,0,03.07.2026,05.06.2026,06.06.2026,15.06.2026,16.06.2026,18.06.2026,19.06.2026,,H014,WH INFORMA JABABEKA
R110260605L046_H014,CONT-20,21550000,0,0,0,0,0,21550000,H014 - WH INFORMA JABABEKA,PT. MITRA INTERTRANS FORWARDING,2,LATE,20,59,26.06.2026,05.06.2026,22.06.2026,27.07.2026,28.07.2026,,,,H014,WH INFORMA JABABEKA
R110260605L047_H014,CONT-20,21550000,0,0,0,0,0,21550000,H014 - WH INFORMA JABABEKA,PT. MITRA INTERTRANS FORWARDING,2,LATE,20,59,26.06.2026,05.06.2026,25.06.2026,,,,,,H014,WH INFORMA JABABEKA
R110260605L064_H014,CDD LONG CHASSIS,1400000,0,0,0,0,0,1400000,H014 - WH INFORMA JABABEKA,PT. BINTANG SAMUDRA RAYA,7,ON SCHEDULE,27,0,04.07.2026,06.06.2026,09.06.2026,15.06.2026,16.06.2026,18.06.2026,19.06.2026,,H014,WH INFORMA JABABEKA
R110260605L065_H014,CDD LONG CHASSIS,1400000,0,0,0,200000,0,1600000,H014 - WH INFORMA JABABEKA,PT. BINTANG SAMUDRA RAYA,7,ON SCHEDULE,27,0,04.07.2026,06.06.2026,06.06.2026,24.06.2026,25.06.2026,25.06.2026,25.06.2026,,H014,WH INFORMA JABABEKA
R110260605L066_H014,CDD LONG CHASSIS,3900000,0,0,0,400000,0,4300000,H014 - WH INFORMA JABABEKA,PT. BINTANG SAMUDRA RAYA,7,ON SCHEDULE,30,0,07.07.2026,06.06.2026,08.06.2026,24.06.2026,25.06.2026,25.06.2026,25.06.2026,,H014,WH INFORMA JABABEKA
R110260605L067_H014,CDD LONG CHASSIS,3500000,0,0,0,0,0,3500000,H014 - WH INFORMA JABABEKA,PT. CEHA LOGISTIK CEMERLANG,7,ON SCHEDULE,29,0,06.07.2026,06.06.2026,08.06.2026,08.06.2026,09.06.2026,18.06.2026,18.06.2026,,H014,WH INFORMA JABABEKA
R110260605L086_H014,FUSO,4700000,0,0,0,0,0,4700000,H014 - WH INFORMA JABABEKA,PT LOGISTIK CANGGIH INDONESIA,6,LATE,26,59,02.07.2026,05.06.2026,,02.07.2026,03.07.2026,03.07.2026,08.07.2026,,H014,WH INFORMA JABABEKA
R110260605L092_H014,CDD LONG CHASSIS,3500000,0,0,0,0,0,3500000,H014 - WH INFORMA JABABEKA,PT. AGUNG MAKMUR JAYA,7,ON SCHEDULE,30,0,07.07.2026,06.06.2026,08.06.2026,08.06.2026,08.06.2026,17.06.2026,18.06.2026,,H014,WH INFORMA JABABEKA
R110260605T018_H014,CONT-40,30000000,0,0,550000,0,0,30550000,H014 - WH INFORMA JABABEKA,PT. TERATAI EMAS LOGISTINDO,6,LATE,40,58,17.07.2026,06.06.2026,19.06.2026,10.07.2026,11.07.2026,14.07.2026,14.07.2026,,H014,WH INFORMA JABABEKA
R110260605T019_H014,CONT-40,28000000,0,0,0,0,0,28000000,H014 - WH INFORMA JABABEKA,PT. TERATAI EMAS LOGISTINDO,6,LATE,37,58,14.07.2026,06.06.2026,29.06.2026,15.07.2026,15.07.2026,15.07.2026,15.07.2026,,H014,WH INFORMA JABABEKA
R110260605T020_H014,WINGBOX,5650000,0,0,0,0,0,5650000,H014 - WH INFORMA JABABEKA,PT. DUTA MEDIA MANDIRI,7,ON SCHEDULE,29,0,06.07.2026,06.06.2026,09.06.2026,09.06.2026,10.06.2026,17.06.2026,18.06.2026,,H014,WH INFORMA JABABEKA
R110260605T022_H014,WINGBOX,7000000,0,0,0,0,0,7000000,H014 - WH INFORMA JABABEKA,PT. DUNIA EXPRESS TRANSINDO,7,ON SCHEDULE,29,0,06.07.2026,06.06.2026,09.06.2026,12.06.2026,12.06.2026,26.06.2026,29.06.2026,,H014,WH INFORMA JABABEKA
R110260605T024_H014,CONT-20,0,0,0,0,0,0,0,H014 - WH INFORMA JABABEKA,PT. TPIL LOGISTICS,2,LATE,26,57,04.07.2026,07.06.2026,29.06.2026,,,,,,H014,WH INFORMA JABABEKA
R110260605T026_H014,WINGBOX,7000000,0,0,0,0,0,7000000,H014 - WH INFORMA JABABEKA,PT. DUNIA EXPRESS TRANSINDO,7,ON SCHEDULE,29,0,06.07.2026,06.06.2026,09.06.2026,12.06.2026,12.06.2026,26.06.2026,29.06.2026,,H014,WH INFORMA JABABEKA
R110260605T027_H014,WINGBOX,7000000,0,0,0,0,0,7000000,H014 - WH INFORMA JABABEKA,PT. DUNIA EXPRESS TRANSINDO,7,ON SCHEDULE,29,0,06.07.2026,06.06.2026,09.06.2026,25.06.2026,25.06.2026,02.07.2026,02.07.2026,,H014,WH INFORMA JABABEKA
R110260605T028_H014,WINGBOX,7000000,0,0,0,0,0,7000000,H014 - WH INFORMA JABABEKA,PT. DUNIA EXPRESS TRANSINDO,7,ON SCHEDULE,29,0,06.07.2026,06.06.2026,08.06.2026,25.06.2026,25.06.2026,02.07.2026,02.07.2026,,H014,WH INFORMA JABABEKA
R110260605T029_H014,WINGBOX,7000000,0,0,0,0,0,7000000,H014 - WH INFORMA JABABEKA,PT. DUNIA EXPRESS TRANSINDO,7,ON SCHEDULE,29,0,06.07.2026,06.06.2026,08.06.2026,12.06.2026,12.06.2026,26.06.2026,29.06.2026,,H014,WH INFORMA JABABEKA
R110260605T031_H014,CONT-40,26000000,0,0,1000000,0,0,27000000,H014 - WH INFORMA JABABEKA,PT. WIDYA TRANS CARGO,6,LATE,42,58,19.07.2026,06.06.2026,20.06.2026,07.07.2026,07.07.2026,09.07.2026,09.07.2026,,H014,WH INFORMA JABABEKA
R110260605T045_H014,CONT-20,15500000,0,0,300000,0,0,15800000,H014 - WH INFORMA JABABEKA,PT. SENTOSAPRIMA ABADI,6,LATE,42,59,19.07.2026,06.06.2026,23.06.2026,13.07.2026,14.07.2026,23.07.2026,23.07.2026,,H014,WH INFORMA JABABEKA
R110260605T046_H014,CONT-40,29000000,0,0,0,0,0,29000000,H014 - WH INFORMA JABABEKA,PT. WIDYA TRANS CARGO,6,LATE,40,58,17.07.2026,06.06.2026,20.06.2026,14.07.2026,14.07.2026,16.07.2026,16.07.2026,,H014,WH INFORMA JABABEKA
R110260605T048_H014,CONT-40,30000000,0,0,550000,0,0,30550000,H014 - WH INFORMA JABABEKA,PT. TERATAI EMAS LOGISTINDO,6,LATE,40,59,17.07.2026,06.06.2026,19.06.2026,10.07.2026,11.07.2026,14.07.2026,14.07.2026,,H014,WH INFORMA JABABEKA
R110260605T052_H014,WINGBOX,6200000,0,0,0,0,0,6200000,H014 - WH INFORMA JABABEKA,PT. SATRIA PIRANTI PERKASA,4,LATE,17,58,24.06.2026,06.06.2026,09.06.2026,31.07.2026,31.07.2026,,,,H014,WH INFORMA JABABEKA
R110260606H023_H014,WINGBOX,4300000,0,0,0,0,0,4300000,H014 - WH INFORMA JABABEKA,PT.SIASAT CEPAT MUDA,7,ON SCHEDULE,29,0,07.07.2026,07.06.2026,08.06.2026,09.06.2026,10.06.2026,11.06.2026,17.06.2026,,H014,WH INFORMA JABABEKA
R110260606H024_H014,WINGBOX,4500000,0,0,0,0,0,4500000,H014 - WH INFORMA JABABEKA,PT. CEHA LOGISTIK CEMERLANG,7,ON SCHEDULE,29,0,07.07.2026,07.06.2026,08.06.2026,08.06.2026,09.06.2026,11.06.2026,12.06.2026,,H014,WH INFORMA JABABEKA
R110260606H025_H014,WINGBOX,4500000,0,0,0,0,0,4500000,H014 - WH INFORMA JABABEKA,PT. CEHA LOGISTIK CEMERLANG,7,ON SCHEDULE,29,0,07.07.2026,07.06.2026,08.06.2026,08.06.2026,09.06.2026,11.06.2026,12.06.2026,,H014,WH INFORMA JABABEKA
R110260606H031_H014,FUSO,13800000,0,0,0,0,0,13800000,H014 - WH INFORMA JABABEKA,PT. DUTA LINTAS NUSA,6,LATE,33,58,10.07.2026,06.06.2026,10.06.2026,30.06.2026,30.06.2026,14.07.2026,17.07.2026,,H014,WH INFORMA JABABEKA
R110260606H032_H014,WINGBOX,17000000,0,0,0,0,0,17000000,H014 - WH INFORMA JABABEKA,PT. BINTANG SAMUDRA RAYA,7,ON SCHEDULE,33,0,11.07.2026,07.06.2026,11.06.2026,17.06.2026,17.06.2026,18.06.2026,19.06.2026,,H014,WH INFORMA JABABEKA
R110260606H034_H014,CDD LONG CHASSIS,2350000,0,0,0,0,0,2350000,H014 - WH INFORMA JABABEKA,PT. BINTANG SAMUDRA RAYA,7,ON SCHEDULE,29,0,07.07.2026,07.06.2026,08.06.2026,17.06.2026,17.06.2026,18.06.2026,19.06.2026,,H014,WH INFORMA JABABEKA
R110260606H035_H014,WINGBOX,4825000,0,0,0,0,0,4825000,H014 - WH INFORMA JABABEKA,PT. CEHA LOGISTIK CEMERLANG,7,ON SCHEDULE,29,0,07.07.2026,07.06.2026,08.06.2026,08.06.2026,09.06.2026,11.06.2026,12.06.2026,,H014,WH INFORMA JABABEKA
R110260606H037_H014,CDD LONG CHASSIS,2850000,0,0,0,0,0,2850000,H014 - WH INFORMA JABABEKA,PT. BINTANG SAMUDRA RAYA,7,ON SCHEDULE,28,0,05.07.2026,06.06.2026,08.06.2026,15.06.2026,16.06.2026,18.06.2026,19.06.2026,,H014,WH INFORMA JABABEKA
R110260606H055_H014,WINGBOX,2599000,0,0,0,0,0,2599000,H014 - WH INFORMA JABABEKA,PT. DUTA MEDIA MANDIRI,7,ON SCHEDULE,27,0,05.07.2026,07.06.2026,08.06.2026,08.06.2026,08.06.2026,08.06.2026,09.06.2026,,H014,WH INFORMA JABABEKA
R110260606H059_H014,WINGBOX,11500000,0,0,0,0,0,11500000,H014 - WH INFORMA JABABEKA,PT. BINTANG SAMUDRA RAYA,7,ON SCHEDULE,29,0,07.07.2026,07.06.2026,11.06.2026,17.06.2026,17.06.2026,18.06.2026,19.06.2026,,H014,WH INFORMA JABABEKA
R110260606H061_H014,CDD LONG CHASSIS,2850000,0,0,0,0,0,2850000,H014 - WH INFORMA JABABEKA,PT. BINTANG SAMUDRA RAYA,7,ON SCHEDULE,28,0,06.07.2026,07.06.2026,08.06.2026,17.06.2026,17.06.2026,18.06.2026,19.06.2026,,H014,WH INFORMA JABABEKA
R110260606H067_H014,CDD LONG CHASSIS,9300000,0,0,0,0,0,9300000,H014 - WH INFORMA JABABEKA,PT. AGUNG MAKMUR JAYA,7,ON SCHEDULE,33,0,11.07.2026,07.06.2026,10.06.2026,11.06.2026,12.06.2026,15.06.2026,18.06.2026,,H014,WH INFORMA JABABEKA
R110260606H068_H014,WINGBOX,4825000,0,0,0,0,0,4825000,H014 - WH INFORMA JABABEKA,PT. CEHA LOGISTIK CEMERLANG,7,ON SCHEDULE,29,0,07.07.2026,07.06.2026,09.06.2026,09.06.2026,09.06.2026,11.06.2026,12.06.2026,,H014,WH INFORMA JABABEKA
R110260606L001_H014,CDD LONG CHASSIS,4900000,0,0,200000,0,0,5100000,H014 - WH INFORMA JABABEKA,PT.ORANG KREATIF EKSIS,7,ON SCHEDULE,26,0,03.07.2026,06.06.2026,09.06.2026,18.06.2026,19.06.2026,25.06.2026,25.06.2026,,H014,WH INFORMA JABABEKA
R110260606L001_H014,CDD LONG CHASSIS,4900000,0,0,200000,0,0,5100000,H014 - WH INFORMA JABABEKA,PT.ORANG KREATIF EKSIS,7,ON SCHEDULE,26,0,03.07.2026,06.06.2026,09.06.2026,18.06.2026,19.06.2026,25.06.2026,25.06.2026,,H014,WH INFORMA JABABEKA
R110260606L028_H014,CDD LONG CHASSIS,7400000,0,0,0,0,0,7400000,H014 - WH INFORMA JABABEKA,PT. BINTANG SAMUDRA RAYA,7,ON SCHEDULE,30,0,08.07.2026,07.06.2026,11.06.2026,17.06.2026,17.06.2026,29.06.2026,30.06.2026,,H014,WH INFORMA JABABEKA
R110260606L029_H014,CDD LONG CHASSIS,7400000,0,0,0,0,0,7400000,H014 - WH INFORMA JABABEKA,PT. BINTANG SAMUDRA RAYA,7,ON SCHEDULE,30,0,08.07.2026,07.06.2026,10.06.2026,17.06.2026,17.06.2026,29.06.2026,30.06.2026,,H014,WH INFORMA JABABEKA
R110260606L030_H014,CDD LONG CHASSIS,2850000,0,0,0,100000,0,2950000,H014 - WH INFORMA JABABEKA,PT. AGUNG MAKMUR JAYA,7,ON SCHEDULE,27,0,05.07.2026,07.06.2026,10.06.2026,22.06.2026,22.06.2026,25.06.2026,25.06.2026,,H014,WH INFORMA JABABEKA
R110260606L030_H014,CDD LONG CHASSIS,2850000,0,0,0,100000,0,2950000,H014 - WH INFORMA JABABEKA,PT. AGUNG MAKMUR JAYA,7,ON SCHEDULE,27,0,05.07.2026,07.06.2026,10.06.2026,22.06.2026,22.06.2026,25.06.2026,25.06.2026,,H014,WH INFORMA JABABEKA
R110260606L030_H014,CDD LONG CHASSIS,2850000,0,0,0,100000,0,2950000,H014 - WH INFORMA JABABEKA,PT. AGUNG MAKMUR JAYA,7,ON SCHEDULE,27,0,05.07.2026,07.06.2026,10.06.2026,22.06.2026,22.06.2026,25.06.2026,25.06.2026,,H014,WH INFORMA JABABEKA
R110260606L032_H014,CONT-20,0,0,0,0,0,0,0,H014 - WH INFORMA JABABEKA,PT. MITRA INTERTRANS FORWARDING,2,LATE,20,58,27.06.2026,06.06.2026,22.06.2026,,,,,,H014,WH INFORMA JABABEKA
R110260606L034_H014,CONT-20,0,0,0,0,0,0,0,H014 - WH INFORMA JABABEKA,PT. MITRA INTERTRANS FORWARDING,2,LATE,20,58,28.06.2026,07.06.2026,25.06.2026,,,,,,H014,WH INFORMA JABABEKA
R110260606L035_H014,CONT-20,0,0,0,0,0,0,0,H014 - WH INFORMA JABABEKA,PT. MITRA INTERTRANS FORWARDING,2,LATE,20,57,28.06.2026,07.06.2026,25.06.2026,,,,,,H014,WH INFORMA JABABEKA
R110260606L036_H014,CONT-20,0,0,0,0,0,0,0,H014 - WH INFORMA JABABEKA,PT. MITRA INTERTRANS FORWARDING,2,LATE,20,57,29.06.2026,08.06.2026,22.06.2026,,,,,,H014,WH INFORMA JABABEKA
R110260606L049_H014,CDD LONG CHASSIS,1750000,0,0,0,0,0,1750000,H014 - WH INFORMA JABABEKA,PT. CATUR GLOBAL LOGISTIK,7,ON SCHEDULE,27,0,05.07.2026,07.06.2026,08.06.2026,22.06.2026,22.06.2026,23.06.2026,23.06.2026,,H014,WH INFORMA JABABEKA
R110260606L061_H014,CDD LONG CHASSIS,3500000,0,0,0,0,0,3500000,H014 - WH INFORMA JABABEKA,PT. AGUNG MAKMUR JAYA,7,ON SCHEDULE,30,0,07.07.2026,06.06.2026,08.06.2026,08.06.2026,08.06.2026,15.06.2026,18.06.2026,,H014,WH INFORMA JABABEKA
R110260606L064_H014,CDD LONG CHASSIS,3600000,0,0,0,0,0,3600000,H014 - WH INFORMA JABABEKA,PT. BINTANG SAMUDRA RAYA,7,ON SCHEDULE,30,0,08.07.2026,07.06.2026,09.06.2026,17.06.2026,17.06.2026,18.06.2026,19.06.2026,,H014,WH INFORMA JABABEKA
R110260606L071_H014,CDD LONG CHASSIS,1750000,0,0,0,100000,0,1850000,H014 - WH INFORMA JABABEKA,PT. DUTA MEDIA MANDIRI,7,ON SCHEDULE,27,0,05.07.2026,07.06.2026,08.06.2026,09.06.2026,10.06.2026,11.06.2026,12.06.2026,,H014,WH INFORMA JABABEKA
R110260606L072_H014,FUSO,33597000,0,0,0,0,0,33597000,H014 - WH INFORMA JABABEKA,PT.DHANESWARA EXPRES,6,LATE,26,58,03.07.2026,06.06.2026,,28.07.2026,28.07.2026,03.08.2026,03.08.2026,,H014,WH INFORMA JABABEKA
R110260606L073_H014,CONT-20,20500000,0,0,0,0,0,20500000,H014 - WH INFORMA JABABEKA,PT. TPIL LOGISTICS,2,LATE,20,58,27.06.2026,06.06.2026,27.06.2026,,,,,,H014,WH INFORMA JABABEKA
R110260606T015_H014,WINGBOX,7000000,0,0,0,0,0,7000000,H014 - WH INFORMA JABABEKA,PT. DUNIA EXPRESS TRANSINDO,7,ON SCHEDULE,29,0,07.07.2026,07.06.2026,10.06.2026,25.06.2026,25.06.2026,02.07.2026,02.07.2026,,H014,WH INFORMA JABABEKA
R110260606T016_H014,WINGBOX,7000000,0,0,0,0,0,7000000,H014 - WH INFORMA JABABEKA,PT. DUNIA EXPRESS TRANSINDO,7,ON SCHEDULE,29,0,07.07.2026,07.06.2026,10.06.2026,25.06.2026,25.06.2026,02.07.2026,02.07.2026,,H014,WH INFORMA JABABEKA
R110260606T018_H014,WINGBOX,5650000,0,0,0,0,0,5650000,H014 - WH INFORMA JABABEKA,PT. DUTA MEDIA MANDIRI,7,ON SCHEDULE,29,0,07.07.2026,07.06.2026,10.06.2026,11.06.2026,11.06.2026,17.06.2026,18.06.2026,,H014,WH INFORMA JABABEKA
R110260606T019_H014,WINGBOX,20000000,0,0,0,0,0,20000000,H014 - WH INFORMA JABABEKA,PT.ORANG KREATIF EKSIS,6,LATE,37,58,15.07.2026,07.06.2026,12.06.2026,26.06.2026,26.06.2026,08.07.2026,08.07.2026,,H014,WH INFORMA JABABEKA
R110260606T020_H014,WINGBOX,24000000,0,0,0,0,0,24000000,H014 - WH INFORMA JABABEKA,PT. CITRA SENTRAL EKSPRES,7,ON SCHEDULE,37,0,16.07.2026,08.06.2026,14.06.2026,23.06.2026,24.06.2026,24.06.2026,26.06.2026,,H014,WH INFORMA JABABEKA
R110260606T021_H014,CONT-20,18100000,0,0,0,0,0,18100000,H014 - WH INFORMA JABABEKA,PT. TPIL LOGISTICS,2,LATE,20,58,28.06.2026,07.06.2026,27.06.2026,,,,,,H014,WH INFORMA JABABEKA
R110260606T022_H014,CONT-40,27900000,0,0,800000,0,0,28700000,H014 - WH INFORMA JABABEKA,PT. MITRA INTERTRANS FORWARDING,6,LATE,42,57,20.07.2026,07.06.2026,19.06.2026,31.07.2026,01.08.2026,03.08.2026,03.08.2026,,H014,WH INFORMA JABABEKA
R110260606T023_H014,CONT-40,27000000,0,0,0,0,0,27000000,H014 - WH INFORMA JABABEKA,PT. TPIL LOGISTICS,2,LATE,20,57,28.06.2026,07.06.2026,20.06.2026,,,,,,H014,WH INFORMA JABABEKA
R110260606T024_H014,WINGBOX,20000000,0,0,0,0,0,20000000,H014 - WH INFORMA JABABEKA,PT.ORANG KREATIF EKSIS,6,LATE,37,56,17.07.2026,09.06.2026,15.06.2026,26.06.2026,26.06.2026,08.07.2026,08.07.2026,,H014,WH INFORMA JABABEKA
R110260606T025_H014,WINGBOX,7000000,0,0,0,0,0,7000000,H014 - WH INFORMA JABABEKA,PT. DUNIA EXPRESS TRANSINDO,7,ON SCHEDULE,29,0,07.07.2026,07.06.2026,10.06.2026,25.06.2026,25.06.2026,02.07.2026,02.07.2026,,H014,WH INFORMA JABABEKA
R110260606T028_H014,WINGBOX,5650000,0,0,0,0,0,5650000,H014 - WH INFORMA JABABEKA,PT. DUTA MEDIA MANDIRI,7,ON SCHEDULE,29,0,07.07.2026,07.06.2026,09.06.2026,09.06.2026,10.06.2026,17.06.2026,23.06.2026,,H014,WH INFORMA JABABEKA
R110260606T029_H014,WINGBOX,5650000,0,0,0,0,0,5650000,H014 - WH INFORMA JABABEKA,PT. DUTA MEDIA MANDIRI,7,ON SCHEDULE,29,0,07.07.2026,07.06.2026,09.06.2026,09.06.2026,10.06.2026,17.06.2026,23.06.2026,,H014,WH INFORMA JABABEKA
R110260606T030_H014,WINGBOX,7000000,0,0,0,0,0,7000000,H014 - WH INFORMA JABABEKA,PT. DUNIA EXPRESS TRANSINDO,7,ON SCHEDULE,29,0,07.07.2026,07.06.2026,10.06.2026,25.06.2026,25.06.2026,02.07.2026,02.07.2026,,H014,WH INFORMA JABABEKA
R110260606T031_H014,WINGBOX,7000000,0,0,0,0,0,7000000,H014 - WH INFORMA JABABEKA,PT. DUNIA EXPRESS TRANSINDO,7,ON SCHEDULE,29,0,08.07.2026,08.06.2026,10.06.2026,25.06.2026,25.06.2026,02.07.2026,02.07.2026,,H014,WH INFORMA JABABEKA
R110260606T033_H014,CONT-20,10300000,0,0,0,0,0,10300000,H014 - WH INFORMA JABABEKA,PT. HAKKA HYDRO TIRTA,2,LATE,20,57,28.06.2026,07.06.2026,19.06.2026,,,,,,H014,WH INFORMA JABABEKA
R110260606T034_H014,CONT-40,27000000,0,0,0,0,0,27000000,H014 - WH INFORMA JABABEKA,PT. WIDYA TRANS CARGO,6,LATE,40,57,18.07.2026,07.06.2026,24.06.2026,07.07.2026,07.07.2026,09.07.2026,09.07.2026,,H014,WH INFORMA JABABEKA
R110260606T035_H014,CONT-40,30000000,0,0,550000,0,0,30550000,H014 - WH INFORMA JABABEKA,PT. TERATAI EMAS LOGISTINDO,6,LATE,40,57,19.07.2026,08.06.2026,23.06.2026,10.07.2026,11.07.2026,14.07.2026,14.07.2026,,H014,WH INFORMA JABABEKA
R110260606T036_H014,CONT-20,23100000,0,0,0,0,0,23100000,H014 - WH INFORMA JABABEKA,PT. TPIL LOGISTICS,2,LATE,20,54,01.07.2026,10.06.2026,09.07.2026,,,,,,H014,WH INFORMA JABABEKA
R110260606T048_H014,WINGBOX,5600000,0,0,0,0,0,5600000,H014 - WH INFORMA JABABEKA,PT. BINTANG SAMUDRA RAYA,7,ON SCHEDULE,29,0,07.07.2026,07.06.2026,10.06.2026,17.06.2026,17.06.2026,18.06.2026,19.06.2026,,H014,WH INFORMA JABABEKA
R110260606T049_H014,WINGBOX,5600000,0,0,0,0,0,5600000,H014 - WH INFORMA JABABEKA,PT. BINTANG SAMUDRA RAYA,7,ON SCHEDULE,29,0,07.07.2026,07.06.2026,10.06.2026,17.06.2026,17.06.2026,18.06.2026,19.06.2026,,H014,WH INFORMA JABABEKA
R110260606T050_H014,WINGBOX,5600000,0,600000,0,0,0,6200000,H014 - WH INFORMA JABABEKA,PT. BINTANG SAMUDRA RAYA,6,LATE,29,57,08.07.2026,08.06.2026,10.06.2026,22.07.2026,23.07.2026,23.07.2026,23.07.2026,,H014,WH INFORMA JABABEKA
R110260606T050_H014,WINGBOX,5600000,0,600000,0,0,0,6200000,H014 - WH INFORMA JABABEKA,PT. BINTANG SAMUDRA RAYA,6,LATE,29,57,08.07.2026,08.06.2026,10.06.2026,22.07.2026,23.07.2026,23.07.2026,23.07.2026,,H014,WH INFORMA JABABEKA
R110260606T051_H014,WINGBOX,6200000,0,0,0,0,0,6200000,H014 - WH INFORMA JABABEKA,PT. SATRIA PIRANTI PERKASA,7,ON SCHEDULE,29,0,07.07.2026,07.06.2026,10.06.2026,24.06.2026,24.06.2026,30.06.2026,30.06.2026,,H014,WH INFORMA JABABEKA
R110260606T053_H014,WINGBOX,6600000,0,0,0,0,0,6600000,H014 - WH INFORMA JABABEKA,PT. JAYA MULYA ERALINDO,7,ON SCHEDULE,29,0,07.07.2026,07.06.2026,10.06.2026,22.06.2026,22.06.2026,25.06.2026,26.06.2026,,H014,WH INFORMA JABABEKA
R110260606T054_H014,WINGBOX,6600000,0,0,0,0,0,6600000,H014 - WH INFORMA JABABEKA,PT. JAYA MULYA ERALINDO,7,ON SCHEDULE,29,0,07.07.2026,07.06.2026,10.06.2026,22.06.2026,22.06.2026,25.06.2026,26.06.2026,,H014,WH INFORMA JABABEKA
R110260607H024_H014,WINGBOX,1998000,0,0,0,0,0,1998000,H014 - WH INFORMA JABABEKA,PT. ARDYA PRIMA INTERNUSA,6,LATE,27,57,05.07.2026,07.06.2026,08.06.2026,25.06.2026,25.06.2026,03.07.2026,09.07.2026,,H014,WH INFORMA JABABEKA
R110260607H025_H014,WINGBOX,1998000,0,0,0,0,0,1998000,H014 - WH INFORMA JABABEKA,PT. ARDYA PRIMA INTERNUSA,6,LATE,27,57,05.07.2026,07.06.2026,08.06.2026,25.06.2026,25.06.2026,03.07.2026,09.07.2026,,H014,WH INFORMA JABABEKA
R110260607H028_H014,WINGBOX,2599000,0,0,0,0,0,2599000,H014 - WH INFORMA JABABEKA,PT. DUTA MEDIA MANDIRI,7,ON SCHEDULE,27,0,06.07.2026,08.06.2026,08.06.2026,08.06.2026,08.06.2026,11.06.2026,12.06.2026,,H014,WH INFORMA JABABEKA
R110260607H030_H014,CDD LONG CHASSIS,2250000,0,0,0,0,0,2250000,H014 - WH INFORMA JABABEKA,PT. BINTANG SAMUDRA RAYA,7,ON SCHEDULE,27,0,06.07.2026,08.06.2026,08.06.2026,17.06.2026,17.06.2026,18.06.2026,19.06.2026,,H014,WH INFORMA JABABEKA
R110260607H031_H014,CDD LONG CHASSIS,10350000,0,0,0,0,0,10350000,H014 - WH INFORMA JABABEKA,PT.ORANG KREATIF EKSIS,7,ON SCHEDULE,30,0,09.07.2026,08.06.2026,12.06.2026,15.06.2026,15.06.2026,25.06.2026,25.06.2026,,H014,WH INFORMA JABABEKA
R110260607H033_H014,WINGBOX,4825000,0,0,0,0,0,4825000,H014 - WH INFORMA JABABEKA,PT. CEHA LOGISTIK CEMERLANG,7,ON SCHEDULE,29,0,08.07.2026,08.06.2026,09.06.2026,09.06.2026,09.06.2026,11.06.2026,12.06.2026,,H014,WH INFORMA JABABEKA
R110260607H047_H014,CDD LONG CHASSIS,2900000,0,0,0,0,0,2900000,H014 - WH INFORMA JABABEKA,PT. AGUNG MAKMUR JAYA,7,ON SCHEDULE,28,0,07.07.2026,08.06.2026,10.06.2026,11.06.2026,12.06.2026,15.06.2026,18.06.2026,,H014,WH INFORMA JABABEKA
R110260607H053_H014,CDD LONG CHASSIS,12400000,0,0,0,0,0,12400000,H014 - WH INFORMA JABABEKA,PT.ORANG KREATIF EKSIS,7,ON SCHEDULE,31,0,10.07.2026,08.06.2026,12.06.2026,18.06.2026,18.06.2026,25.06.2026,25.06.2026,,H014,WH INFORMA JABABEKA
R110260607H056_H014,FUSO,19350000,0,0,0,0,0,19350000,H014 - WH INFORMA JABABEKA,PT. SATRIA PIRANTI PERKASA,6,LATE,31,57,10.07.2026,08.06.2026,14.06.2026,20.07.2026,21.07.2026,27.07.2026,27.07.2026,,H014,WH INFORMA JABABEKA
R110260607H058_H014,WINGBOX,11300000,0,0,0,0,0,11300000,H014 - WH INFORMA JABABEKA,PT. DUTA MEDIA MANDIRI,7,ON SCHEDULE,30,0,10.07.2026,09.06.2026,12.06.2026,15.06.2026,15.06.2026,23.06.2026,26.06.2026,,H014,WH INFORMA JABABEKA
R110260607H059_H014,FUSO,14750000,0,0,0,0,0,14750000,H014 - WH INFORMA JABABEKA,PT. SATRIA PIRANTI PERKASA,6,LATE,29,57,08.07.2026,08.06.2026,11.06.2026,02.07.2026,02.07.2026,10.07.2026,10.07.2026,,H014,WH INFORMA JABABEKA
R110260607H062_H014,CDD LONG CHASSIS,2900000,0,0,0,0,0,2900000,H014 - WH INFORMA JABABEKA,PT. AGUNG MAKMUR JAYA,7,ON SCHEDULE,28,0,07.07.2026,08.06.2026,10.06.2026,11.06.2026,12.06.2026,15.06.2026,18.06.2026,,H014,WH INFORMA JABABEKA
R110260607H063_H014,CDD LONG CHASSIS,7500000,0,0,0,0,0,7500000,H014 - WH INFORMA JABABEKA,PT.ORANG KREATIF EKSIS,7,ON SCHEDULE,29,0,08.07.2026,08.06.2026,11.06.2026,15.06.2026,15.06.2026,25.06.2026,25.06.2026,,H014,WH INFORMA JABABEKA
R110260607H064_H014,CDD LONG CHASSIS,12400000,0,0,0,0,0,12400000,H014 - WH INFORMA JABABEKA,PT.ORANG KREATIF EKSIS,7,ON SCHEDULE,31,0,10.07.2026,08.06.2026,14.06.2026,18.06.2026,18.06.2026,25.06.2026,25.06.2026,,H014,WH INFORMA JABABEKA
R110260607H065_H014,CDD LONG CHASSIS,12400000,0,0,0,0,0,12400000,H014 - WH INFORMA JABABEKA,PT.ORANG KREATIF EKSIS,7,ON SCHEDULE,31,0,10.07.2026,08.06.2026,11.06.2026,18.06.2026,18.06.2026,25.06.2026,25.06.2026,,H014,WH INFORMA JABABEKA
R110260607H066_H014,CDD LONG CHASSIS,12400000,0,0,0,0,0,12400000,H014 - WH INFORMA JABABEKA,PT.ORANG KREATIF EKSIS,7,ON SCHEDULE,31,0,10.07.2026,08.06.2026,12.06.2026,18.06.2026,18.06.2026,25.06.2026,25.06.2026,,H014,WH INFORMA JABABEKA
R110260607H067_H014,CDD LONG CHASSIS,3500000,0,0,0,0,0,3500000,H014 - WH INFORMA JABABEKA,PT. AGUNG MAKMUR JAYA,7,ON SCHEDULE,29,0,08.07.2026,08.06.2026,10.06.2026,11.06.2026,12.06.2026,15.06.2026,18.06.2026,,H014,WH INFORMA JABABEKA
R110260607L002_H014,FUSO,3955000,0,0,0,0,1500000,5455000,H014 - WH INFORMA JABABEKA,PT. DUTA MEDIA MANDIRI,7,ON SCHEDULE,26,0,04.07.2026,07.06.2026,08.06.2026,09.06.2026,10.06.2026,11.06.2026,12.06.2026,,H014,WH INFORMA JABABEKA
R110260607L037_H014,CDD LONG CHASSIS,3500000,0,0,0,0,0,3500000,H014 - WH INFORMA JABABEKA,PT. AGUNG MAKMUR JAYA,7,ON SCHEDULE,30,0,09.07.2026,08.06.2026,10.06.2026,11.06.2026,12.06.2026,15.06.2026,18.06.2026,,H014,WH INFORMA JABABEKA
R110260607L039_H014,WINGBOX,4825000,0,0,0,0,0,4825000,H014 - WH INFORMA JABABEKA,PT. CEHA LOGISTIK CEMERLANG,7,ON SCHEDULE,30,0,09.07.2026,08.06.2026,10.06.2026,11.06.2026,11.06.2026,11.06.2026,12.06.2026,,H014,WH INFORMA JABABEKA
R110260607L040_H014,CDD LONG CHASSIS,3500000,0,0,0,0,0,3500000,H014 - WH INFORMA JABABEKA,PT.DHANESWARA EXPRES,7,ON SCHEDULE,30,0,09.07.2026,08.06.2026,09.06.2026,25.06.2026,25.06.2026,29.06.2026,29.06.2026,,H014,WH INFORMA JABABEKA
R110260607L041_H014,CDD LONG CHASSIS,3200000,0,0,0,300000,0,3500000,H014 - WH INFORMA JABABEKA,PT. JAYA MULYA ERALINDO,6,LATE,27,56,06.07.2026,08.06.2026,10.06.2026,10.07.2026,10.07.2026,13.07.2026,13.07.2026,,H014,WH INFORMA JABABEKA
R110260607L044_H014,CONT-20,21550000,0,0,0,0,0,21550000,H014 - WH INFORMA JABABEKA,PT. MITRA INTERTRANS FORWARDING,6,LATE,40,56,19.07.2026,08.06.2026,22.06.2026,27.07.2026,28.07.2026,28.07.2026,28.07.2026,,H014,WH INFORMA JABABEKA
R110260607L045_H014,CONT-20,22100000,0,0,0,0,0,22100000,H014 - WH INFORMA JABABEKA,PT. HAKKA HYDRO TIRTA,2,LATE,20,56,29.06.2026,08.06.2026,22.06.2026,,,,,,H014,WH INFORMA JABABEKA
R110260607L046_H014,CONT-20,22100000,0,0,0,0,0,22100000,H014 - WH INFORMA JABABEKA,PT. HAKKA HYDRO TIRTA,2,LATE,20,57,29.06.2026,08.06.2026,22.06.2026,,,,,,H014,WH INFORMA JABABEKA
R110260607L047_H014,CONT-20,22100000,0,0,0,0,0,22100000,H014 - WH INFORMA JABABEKA,PT. HAKKA HYDRO TIRTA,2,LATE,20,56,29.06.2026,08.06.2026,22.06.2026,,,,,,H014,WH INFORMA JABABEKA
R110260607L050_H014,CDD LONG CHASSIS,3500000,0,0,0,350000,0,3850000,H014 - WH INFORMA JABABEKA,PT. CEHA LOGISTIK CEMERLANG,7,ON SCHEDULE,28,0,06.07.2026,07.06.2026,09.06.2026,09.06.2026,10.06.2026,11.06.2026,12.06.2026,,H014,WH INFORMA JABABEKA
R110260607L065_H014,CDD LONG CHASSIS,3500000,0,0,0,0,0,3500000,H014 - WH INFORMA JABABEKA,PT. AGUNG MAKMUR JAYA,7,ON SCHEDULE,30,0,09.07.2026,08.06.2026,10.06.2026,11.06.2026,12.06.2026,15.06.2026,18.06.2026,,H014,WH INFORMA JABABEKA
R110260607T024_H014,WINGBOX,6600000,0,0,0,0,0,6600000,H014 - WH INFORMA JABABEKA,PT. JAYA MULYA ERALINDO,7,ON SCHEDULE,29,0,08.07.2026,08.06.2026,11.06.2026,22.06.2026,22.06.2026,25.06.2026,26.06.2026,,H014,WH INFORMA JABABEKA
R110260607T025_H014,WINGBOX,6500000,0,0,0,0,0,6500000,H014 - WH INFORMA JABABEKA,PT.AMANAH TRANSMULIA MANDIRI LOGISTIK,7,ON SCHEDULE,29,0,06.07.2026,06.06.2026,09.06.2026,12.06.2026,12.06.2026,17.06.2026,18.06.2026,,H014,WH INFORMA JABABEKA
R110260607T026_H014,WINGBOX,6500000,0,0,0,0,0,6500000,H014 - WH INFORMA JABABEKA,PT.AMANAH TRANSMULIA MANDIRI LOGISTIK,7,ON SCHEDULE,29,0,06.07.2026,06.06.2026,09.06.2026,12.06.2026,12.06.2026,17.06.2026,18.06.2026,,H014,WH INFORMA JABABEKA
R110260607T027_H014,CONT-40,8750000,0,0,0,0,0,8750000,H014 - WH INFORMA JABABEKA,PT. CIKARANG GERBANG SOLUSI,6,LATE,29,57,07.07.2026,07.06.2026,20.06.2026,23.07.2026,23.07.2026,30.07.2026,30.07.2026,,H014,WH INFORMA JABABEKA
R110260607T028_H014,WINGBOX,6600000,0,0,0,0,0,6600000,H014 - WH INFORMA JABABEKA,PT. CATUR GLOBAL LOGISTIK,7,ON SCHEDULE,29,0,08.07.2026,08.06.2026,11.06.2026,23.06.2026,23.06.2026,25.06.2026,25.06.2026,,H014,WH INFORMA JABABEKA
R110260607T029_H014,WINGBOX,6600000,0,0,0,0,0,6600000,H014 - WH INFORMA JABABEKA,PT. CATUR GLOBAL LOGISTIK,7,ON SCHEDULE,29,0,07.07.2026,07.06.2026,10.06.2026,22.06.2026,22.06.2026,23.06.2026,23.06.2026,,H014,WH INFORMA JABABEKA
R110260607T030_H014,CONT-40,29000000,0,0,0,0,0,29000000,H014 - WH INFORMA JABABEKA,PT. SARANA TRANS SUMATERA,2,LATE,26,56,05.07.2026,08.06.2026,29.06.2026,,,,,,H014,WH INFORMA JABABEKA
R110260607T031_H014,WINGBOX,5650000,0,0,0,0,0,5650000,H014 - WH INFORMA JABABEKA,PT. DUTA MEDIA MANDIRI,7,ON SCHEDULE,29,0,08.07.2026,08.06.2026,10.06.2026,11.06.2026,11.06.2026,17.06.2026,18.06.2026,,H014,WH INFORMA JABABEKA
R110260607T032_H014,CONT-40,8750000,0,0,0,0,0,8750000,H014 - WH INFORMA JABABEKA,PT. CIKARANG GERBANG SOLUSI,6,LATE,29,56,08.07.2026,08.06.2026,15.06.2026,23.07.2026,23.07.2026,30.07.2026,30.07.2026,,H014,WH INFORMA JABABEKA
R110260607T033_H014,CONT-20,3900000,0,0,0,0,0,3900000,H014 - WH INFORMA JABABEKA,PT. JATIM PETROLEUM TRANSPORT,7,ON SCHEDULE,29,0,07.07.2026,07.06.2026,16.06.2026,22.06.2026,23.06.2026,30.06.2026,30.06.2026,,H014,WH INFORMA JABABEKA
R110260607T034_H014,WINGBOX,6600000,0,0,0,0,0,6600000,H014 - WH INFORMA JABABEKA,PT. JAYA MULYA ERALINDO,7,ON SCHEDULE,29,0,09.07.2026,09.06.2026,11.06.2026,22.06.2026,22.06.2026,25.06.2026,26.06.2026,,H014,WH INFORMA JABABEKA
R110260607T035_H014,WINGBOX,5650000,0,0,0,0,0,5650000,H014 - WH INFORMA JABABEKA,PT. DUTA MEDIA MANDIRI,7,ON SCHEDULE,29,0,07.07.2026,07.06.2026,10.06.2026,11.06.2026,11.06.2026,17.06.2026,18.06.2026,,H014,WH INFORMA JABABEKA
R110260607T036_H014,WINGBOX,6700000,0,0,0,0,0,6700000,H014 - WH INFORMA JABABEKA,PT.DHANESWARA EXPRES,7,ON SCHEDULE,29,0,08.07.2026,08.06.2026,11.06.2026,18.06.2026,18.06.2026,23.06.2026,23.06.2026,,H014,WH INFORMA JABABEKA
R110260607T037_H014,WINGBOX,6200000,0,0,0,0,0,6200000,H014 - WH INFORMA JABABEKA,PT. SATRIA PIRANTI PERKASA,6,LATE,29,57,08.07.2026,08.06.2026,10.06.2026,02.07.2026,02.07.2026,10.07.2026,10.07.2026,,H014,WH INFORMA JABABEKA
R110260607T038_H014,WINGBOX,6600000,0,0,0,0,0,6600000,H014 - WH INFORMA JABABEKA,PT. JAYA MULYA ERALINDO,7,ON SCHEDULE,29,0,08.07.2026,08.06.2026,10.06.2026,22.06.2026,22.06.2026,25.06.2026,26.06.2026,,H014,WH INFORMA JABABEKA
R110260607T039_H014,WINGBOX,6600000,0,0,0,0,0,6600000,H014 - WH INFORMA JABABEKA,PT. JAYA MULYA ERALINDO,7,ON SCHEDULE,29,0,08.07.2026,08.06.2026,10.06.2026,24.06.2026,25.06.2026,30.06.2026,30.06.2026,,H014,WH INFORMA JABABEKA
R110260607T040_H014,CONT-40,30000000,0,0,550000,0,0,30550000,H014 - WH INFORMA JABABEKA,PT. TERATAI EMAS LOGISTINDO,6,LATE,40,56,19.07.2026,08.06.2026,19.06.2026,14.07.2026,15.07.2026,16.07.2026,16.07.2026,,H014,WH INFORMA JABABEKA
R110260607T041_H014,CONT-20,17550000,0,0,0,0,0,17550000,H014 - WH INFORMA JABABEKA,PT. MITRA INTERTRANS FORWARDING,6,LATE,40,56,19.07.2026,08.06.2026,23.06.2026,28.07.2026,28.07.2026,29.07.2026,29.07.2026,,H014,WH INFORMA JABABEKA
R110260607T043_H014,WINGBOX,5650000,0,0,0,0,0,5650000,H014 - WH INFORMA JABABEKA,PT. DUTA MEDIA MANDIRI,7,ON SCHEDULE,29,0,08.07.2026,08.06.2026,11.06.2026,11.06.2026,11.06.2026,17.06.2026,18.06.2026,,H014,WH INFORMA JABABEKA
R110260607T045_H014,WINGBOX,5650000,0,0,0,0,0,5650000,H014 - WH INFORMA JABABEKA,PT. DUTA MEDIA MANDIRI,7,ON SCHEDULE,29,0,09.07.2026,09.06.2026,11.06.2026,11.06.2026,11.06.2026,17.06.2026,18.06.2026,,H014,WH INFORMA JABABEKA
R110260607T046_H014,WINGBOX,5650000,0,0,0,0,0,5650000,H014 - WH INFORMA JABABEKA,PT. DUTA MEDIA MANDIRI,7,ON SCHEDULE,29,0,08.07.2026,08.06.2026,11.06.2026,11.06.2026,11.06.2026,17.06.2026,18.06.2026,,H014,WH INFORMA JABABEKA
R110260607T047_H014,WINGBOX,6325000,0,0,0,0,0,6325000,H014 - WH INFORMA JABABEKA,PT. DUTA LINTAS NUSA,6,LATE,29,56,09.07.2026,09.06.2026,11.06.2026,14.07.2026,14.07.2026,17.07.2026,22.07.2026,,H014,WH INFORMA JABABEKA
R110260607T048_H014,WINGBOX,6700000,0,0,0,0,0,6700000,H014 - WH INFORMA JABABEKA,PT.DHANESWARA EXPRES,7,ON SCHEDULE,29,0,08.07.2026,08.06.2026,10.06.2026,18.06.2026,18.06.2026,23.06.2026,23.06.2026,,H014,WH INFORMA JABABEKA
R110260607T049_H014,WINGBOX,6600000,0,0,0,0,0,6600000,H014 - WH INFORMA JABABEKA,PT. JAYA MULYA ERALINDO,7,ON SCHEDULE,29,0,08.07.2026,08.06.2026,10.06.2026,22.06.2026,22.06.2026,25.06.2026,26.06.2026,,H014,WH INFORMA JABABEKA
R110260607T050_H014,WINGBOX,6600000,0,0,0,0,0,6600000,H014 - WH INFORMA JABABEKA,PT. JAYA MULYA ERALINDO,7,ON SCHEDULE,29,0,08.07.2026,08.06.2026,10.06.2026,22.06.2026,22.06.2026,25.06.2026,26.06.2026,,H014,WH INFORMA JABABEKA
R110260607T051_H014,WINGBOX,6600000,0,0,0,0,0,6600000,H014 - WH INFORMA JABABEKA,PT. JAYA MULYA ERALINDO,7,ON SCHEDULE,29,0,08.07.2026,08.06.2026,12.06.2026,22.06.2026,22.06.2026,25.06.2026,26.06.2026,,H014,WH INFORMA JABABEKA
R110260607T057_H014,WINGBOX,6200000,0,0,0,0,0,6200000,H014 - WH INFORMA JABABEKA,PT. SATRIA PIRANTI PERKASA,6,LATE,29,57,08.07.2026,08.06.2026,11.06.2026,02.07.2026,02.07.2026,10.07.2026,10.07.2026,,H014,WH INFORMA JABABEKA
R110260607T060_H014,WINGBOX,6325000,0,0,0,0,0,6325000,H014 - WH INFORMA JABABEKA,PT. DUTA LINTAS NUSA,6,LATE,29,57,08.07.2026,08.06.2026,10.06.2026,14.07.2026,14.07.2026,17.07.2026,22.07.2026,,H014,WH INFORMA JABABEKA
R110260608D098_H014,CDD LONG CHASSIS,1200000,0,0,0,0,0,1200000,H014 - WH INFORMA JABABEKA,PT. ANTAR JARINGAN SEPANJANG JALAN,7,ON SCHEDULE,26,0,06.07.2026,09.06.2026,09.06.2026,11.06.2026,11.06.2026,17.06.2026,29.06.2026,,H014,WH INFORMA JABABEKA
R110260608D099_H014,CDD LONG CHASSIS,1300000,0,0,0,0,0,1300000,H014 - WH INFORMA JABABEKA,PT. ANTAR JARINGAN SEPANJANG JALAN,7,ON SCHEDULE,26,0,06.07.2026,09.06.2026,10.06.2026,11.06.2026,11.06.2026,17.06.2026,29.06.2026,,H014,WH INFORMA JABABEKA
R110260608D100_H014,CDD LONG CHASSIS,1200000,0,0,0,0,0,1200000,H014 - WH INFORMA JABABEKA,PT. ANTAR JARINGAN SEPANJANG JALAN,7,ON SCHEDULE,26,0,06.07.2026,09.06.2026,09.06.2026,11.06.2026,11.06.2026,17.06.2026,29.06.2026,,H014,WH INFORMA JABABEKA
R110260608D101_H014,CDD LONG CHASSIS,1200000,0,0,0,0,0,1200000,H014 - WH INFORMA JABABEKA,PT. ANTAR JARINGAN SEPANJANG JALAN,7,ON SCHEDULE,26,0,06.07.2026,09.06.2026,09.06.2026,11.06.2026,11.06.2026,17.06.2026,29.06.2026,,H014,WH INFORMA JABABEKA
R110260608D102_H014,CDD LONG CHASSIS,1100000,0,0,0,0,0,1100000,H014 - WH INFORMA JABABEKA,PT. ANTAR JARINGAN SEPANJANG JALAN,7,ON SCHEDULE,26,0,06.07.2026,09.06.2026,09.06.2026,11.06.2026,12.06.2026,17.06.2026,29.06.2026,,H014,WH INFORMA JABABEKA
R110260608D106_H014,CDD LONG CHASSIS,950000,0,0,0,75000,0,1025000,H014 - WH INFORMA JABABEKA,PT. ANTAR JARINGAN SEPANJANG JALAN,7,ON SCHEDULE,26,0,06.07.2026,09.06.2026,10.06.2026,11.06.2026,12.06.2026,17.06.2026,29.06.2026,,H014,WH INFORMA JABABEKA
R110260608D107_H014,CDD LONG CHASSIS,1100000,0,0,0,75000,0,1175000,H014 - WH INFORMA JABABEKA,PT. ANTAR JARINGAN SEPANJANG JALAN,7,ON SCHEDULE,26,0,06.07.2026,09.06.2026,10.06.2026,11.06.2026,12.06.2026,17.06.2026,29.06.2026,,H014,WH INFORMA JABABEKA
R110260608D111_H014,CDD LONG CHASSIS,1200000,0,0,0,75000,0,1275000,H014 - WH INFORMA JABABEKA,PT. ANTAR JARINGAN SEPANJANG JALAN,7,ON SCHEDULE,26,0,06.07.2026,09.06.2026,09.06.2026,11.06.2026,12.06.2026,17.06.2026,29.06.2026,,H014,WH INFORMA JABABEKA
R110260608H041_H014,CDD LONG CHASSIS,4900000,0,0,0,0,0,4900000,H014 - WH INFORMA JABABEKA,PT.ORANG KREATIF EKSIS,7,ON SCHEDULE,28,0,08.07.2026,09.06.2026,10.06.2026,12.06.2026,13.06.2026,25.06.2026,25.06.2026,,H014,WH INFORMA JABABEKA
R110260608H042_H014,CDD LONG CHASSIS,4900000,0,0,0,0,0,4900000,H014 - WH INFORMA JABABEKA,PT.ORANG KREATIF EKSIS,7,ON SCHEDULE,28,0,08.07.2026,09.06.2026,10.06.2026,12.06.2026,13.06.2026,25.06.2026,25.06.2026,,H014,WH INFORMA JABABEKA
R110260608H043_H014,WINGBOX,4500000,0,0,0,0,0,4500000,H014 - WH INFORMA JABABEKA,PT. CEHA LOGISTIK CEMERLANG,7,ON SCHEDULE,29,0,09.07.2026,09.06.2026,10.06.2026,11.06.2026,11.06.2026,11.06.2026,12.06.2026,,H014,WH INFORMA JABABEKA
R110260608H044_H014,WINGBOX,4500000,0,0,0,0,0,4500000,H014 - WH INFORMA JABABEKA,PT. CEHA LOGISTIK CEMERLANG,7,ON SCHEDULE,29,0,09.07.2026,09.06.2026,10.06.2026,11.06.2026,11.06.2026,11.06.2026,12.06.2026,,H014,WH INFORMA JABABEKA
R110260608H045_H014,WINGBOX,4825000,0,0,0,0,0,4825000,H014 - WH INFORMA JABABEKA,PT. CEHA LOGISTIK CEMERLANG,7,ON SCHEDULE,29,0,09.07.2026,09.06.2026,10.06.2026,11.06.2026,11.06.2026,18.06.2026,18.06.2026,,H014,WH INFORMA JABABEKA
R110260608H046_H014,WINGBOX,2350000,0,0,0,0,0,2350000,H014 - WH INFORMA JABABEKA,PT. BINTANG SAMUDRA RAYA,7,ON SCHEDULE,27,0,06.07.2026,08.06.2026,09.06.2026,17.06.2026,17.06.2026,18.06.2026,19.06.2026,,H014,WH INFORMA JABABEKA
R110260608H047_H014,WINGBOX,2350000,0,0,0,0,0,2350000,H014 - WH INFORMA JABABEKA,PT. BINTANG SAMUDRA RAYA,7,ON SCHEDULE,27,0,06.07.2026,08.06.2026,09.06.2026,17.06.2026,17.06.2026,18.06.2026,19.06.2026,,H014,WH INFORMA JABABEKA
R110260608H048_H014,CONT-20,17000000,0,0,0,0,0,17000000,H014 - WH INFORMA JABABEKA,PT. TPIL LOGISTICS,2,LATE,22,55,02.07.2026,09.06.2026,27.06.2026,,,,,,H014,WH INFORMA JABABEKA
R110260608H049_H014,CONT-20,17000000,0,0,0,0,0,17000000,H014 - WH INFORMA JABABEKA,PT. TPIL LOGISTICS,2,LATE,22,55,02.07.2026,09.06.2026,27.06.2026,,,,,,H014,WH INFORMA JABABEKA
R110260608H050_H014,WINGBOX,11500000,0,0,0,0,0,11500000,H014 - WH INFORMA JABABEKA,PT. BINTANG SAMUDRA RAYA,7,ON SCHEDULE,29,0,09.07.2026,09.06.2026,13.06.2026,17.06.2026,17.06.2026,18.06.2026,19.06.2026,,H014,WH INFORMA JABABEKA
R110260608H051_H014,CDD LONG CHASSIS,1725000,0,0,0,0,0,1725000,H014 - WH INFORMA JABABEKA,PT. BINTANG SAMUDRA RAYA,7,ON SCHEDULE,27,0,07.07.2026,09.06.2026,09.06.2026,17.06.2026,17.06.2026,18.06.2026,19.06.2026,,H014,WH INFORMA JABABEKA
R110260608H052_H014,WINGBOX,17750000,0,0,0,0,0,17750000,H014 - WH INFORMA JABABEKA,PT. BINTANG SAMUDRA RAYA,7,ON SCHEDULE,30,0,10.07.2026,09.06.2026,16.06.2026,17.06.2026,17.06.2026,30.06.2026,02.07.2026,,H014,WH INFORMA JABABEKA
R110260608H053_H014,CDD LONG CHASSIS,12500000,0,0,0,0,0,12500000,H014 - WH INFORMA JABABEKA,PT.ORANG KREATIF EKSIS,6,LATE,30,56,10.07.2026,09.06.2026,12.06.2026,26.06.2026,26.06.2026,08.07.2026,08.07.2026,,H014,WH INFORMA JABABEKA
R110260608H054_H014,CDD LONG CHASSIS,2250000,0,0,0,0,0,2250000,H014 - WH INFORMA JABABEKA,PT. BINTANG SAMUDRA RAYA,7,ON SCHEDULE,27,0,07.07.2026,09.06.2026,10.06.2026,17.06.2026,17.06.2026,18.06.2026,19.06.2026,,H014,WH INFORMA JABABEKA
R110260608H055_H014,CDD LONG CHASSIS,2850000,0,0,0,0,0,2850000,H014 - WH INFORMA JABABEKA,PT. BINTANG SAMUDRA RAYA,7,ON SCHEDULE,28,0,08.07.2026,09.06.2026,10.06.2026,17.06.2026,17.06.2026,29.06.2026,30.06.2026,,H014,WH INFORMA JABABEKA
R110260608H059_H014,WINGBOX,4300000,0,0,0,0,379000,4679000,H014 - WH INFORMA JABABEKA,PT.SIASAT CEPAT MUDA,7,ON SCHEDULE,29,0,09.07.2026,09.06.2026,11.06.2026,12.06.2026,14.06.2026,19.06.2026,24.06.2026,,H014,WH INFORMA JABABEKA
R110260608H065_H014,WINGBOX,11500000,0,0,0,0,0,11500000,H014 - WH INFORMA JABABEKA,PT. BINTANG SAMUDRA RAYA,7,ON SCHEDULE,29,0,10.07.2026,10.06.2026,14.06.2026,17.06.2026,17.06.2026,29.06.2026,02.07.2026,,H014,WH INFORMA JABABEKA
R110260608H066_H014,WINGBOX,4825000,0,0,0,0,0,4825000,H014 - WH INFORMA JABABEKA,PT. CEHA LOGISTIK CEMERLANG,7,ON SCHEDULE,29,0,09.07.2026,09.06.2026,11.06.2026,11.06.2026,11.06.2026,18.06.2026,18.06.2026,,H014,WH INFORMA JABABEKA
R110260608H068_H014,CDD LONG CHASSIS,3500000,0,0,0,0,0,3500000,H014 - WH INFORMA JABABEKA,PT. AGUNG MAKMUR JAYA,7,ON SCHEDULE,29,0,09.07.2026,09.06.2026,11.06.2026,11.06.2026,12.06.2026,15.06.2026,18.06.2026,,H014,WH INFORMA JABABEKA
R110260608H069_H014,CDD LONG CHASSIS,3600000,0,0,0,0,0,3600000,H014 - WH INFORMA JABABEKA,PT. BINTANG SAMUDRA RAYA,7,ON SCHEDULE,29,0,09.07.2026,09.06.2026,11.06.2026,17.06.2026,17.06.2026,29.06.2026,30.06.2026,,H014,WH INFORMA JABABEKA
R110260608L001_H014,WINGBOX,4746000,0,0,0,0,2000000,6746000,H014 - WH INFORMA JABABEKA,PT. DUTA MEDIA MANDIRI,7,ON SCHEDULE,26,0,05.07.2026,08.06.2026,10.06.2026,11.06.2026,11.06.2026,11.06.2026,12.06.2026,,H014,WH INFORMA JABABEKA
R110260608L073_H014,CDD LONG CHASSIS,1400000,0,0,0,0,0,1400000,H014 - WH INFORMA JABABEKA,PT. BINTANG SAMUDRA RAYA,7,ON SCHEDULE,27,0,07.07.2026,09.06.2026,10.06.2026,17.06.2026,17.06.2026,18.06.2026,19.06.2026,,H014,WH INFORMA JABABEKA
R110260608L074_H014,CDD LONG CHASSIS,1400000,0,0,0,0,0,1400000,H014 - WH INFORMA JABABEKA,PT. BINTANG SAMUDRA RAYA,7,ON SCHEDULE,27,0,07.07.2026,09.06.2026,09.06.2026,17.06.2026,17.06.2026,18.06.2026,19.06.2026,,H014,WH INFORMA JABABEKA
R110260608L075_H014,CDD LONG CHASSIS,1750000,0,0,0,250000,0,2000000,H014 - WH INFORMA JABABEKA,PT. CATUR GLOBAL LOGISTIK,7,ON SCHEDULE,27,0,07.07.2026,09.06.2026,10.06.2026,23.06.2026,25.06.2026,25.06.2026,25.06.2026,,H014,WH INFORMA JABABEKA
R110260608L082_H014,CDD LONG CHASSIS,3600000,0,0,0,0,0,3600000,H014 - WH INFORMA JABABEKA,PT. BINTANG SAMUDRA RAYA,7,ON SCHEDULE,30,0,10.07.2026,09.06.2026,11.06.2026,17.06.2026,17.06.2026,29.06.2026,30.06.2026,,H014,WH INFORMA JABABEKA
R110260608L084_H014,CDD LONG CHASSIS,3500000,0,0,0,0,0,3500000,H014 - WH INFORMA JABABEKA,PT. AGUNG MAKMUR JAYA,7,ON SCHEDULE,30,0,10.07.2026,09.06.2026,11.06.2026,11.06.2026,12.06.2026,15.06.2026,18.06.2026,,H014,WH INFORMA JABABEKA
R110260608L085_H014,CDD LONG CHASSIS,2850000,0,0,0,100000,0,2950000,H014 - WH INFORMA JABABEKA,PT. AGUNG MAKMUR JAYA,7,ON SCHEDULE,27,0,07.07.2026,09.06.2026,11.06.2026,22.06.2026,22.06.2026,26.06.2026,26.06.2026,,H014,WH INFORMA JABABEKA
R110260608L085_H014,CDD LONG CHASSIS,2850000,0,0,0,100000,0,2950000,H014 - WH INFORMA JABABEKA,PT. AGUNG MAKMUR JAYA,7,ON SCHEDULE,27,0,07.07.2026,09.06.2026,11.06.2026,22.06.2026,22.06.2026,26.06.2026,26.06.2026,,H014,WH INFORMA JABABEKA
R110260608L085_H014,CDD LONG CHASSIS,2850000,0,0,0,100000,0,2950000,H014 - WH INFORMA JABABEKA,PT. AGUNG MAKMUR JAYA,7,ON SCHEDULE,27,0,07.07.2026,09.06.2026,11.06.2026,22.06.2026,22.06.2026,26.06.2026,26.06.2026,,H014,WH INFORMA JABABEKA
R110260608L091_H014,CONT-20,0,0,0,0,0,0,0,H014 - WH INFORMA JABABEKA,PT. MITRA INTERTRANS FORWARDING,2,LATE,20,55,01.07.2026,10.06.2026,25.06.2026,,,,,,H014,WH INFORMA JABABEKA
R110260608L102_H014,CDD LONG CHASSIS,1400000,0,0,0,0,0,1400000,H014 - WH INFORMA JABABEKA,PT. BINTANG SAMUDRA RAYA,7,ON SCHEDULE,27,0,07.07.2026,09.06.2026,10.06.2026,17.06.2026,17.06.2026,18.06.2026,19.06.2026,,H014,WH INFORMA JABABEKA
R110260608T029_H014,WINGBOX,5600000,0,0,0,0,0,5600000,H014 - WH INFORMA JABABEKA,PT. BINTANG SAMUDRA RAYA,7,ON SCHEDULE,29,0,09.07.2026,09.06.2026,12.06.2026,17.06.2026,17.06.2026,29.06.2026,02.07.2026,,H014,WH INFORMA JABABEKA
R110260608T030_H014,WINGBOX,24000000,0,0,0,0,0,24000000,H014 - WH INFORMA JABABEKA,PT. CITRA SENTRAL EKSPRES,7,ON SCHEDULE,37,0,18.07.2026,10.06.2026,19.06.2026,23.06.2026,24.06.2026,24.06.2026,26.06.2026,,H014,WH INFORMA JABABEKA
R110260608T031_H014,WINGBOX,20000000,0,0,0,0,0,20000000,H014 - WH INFORMA JABABEKA,PT.ORANG KREATIF EKSIS,6,LATE,37,54,18.07.2026,10.06.2026,18.06.2026,26.06.2026,26.06.2026,08.07.2026,08.07.2026,,H014,WH INFORMA JABABEKA
R110260608T036_H014,WINGBOX,6600000,0,0,0,0,0,6600000,H014 - WH INFORMA JABABEKA,PT. CATUR GLOBAL LOGISTIK,7,ON SCHEDULE,29,0,09.07.2026,09.06.2026,11.06.2026,23.06.2026,23.06.2026,25.06.2026,25.06.2026,,H014,WH INFORMA JABABEKA
R110260608T037_H014,WINGBOX,7000000,0,0,0,0,0,7000000,H014 - WH INFORMA JABABEKA,PT. DUNIA EXPRESS TRANSINDO,7,ON SCHEDULE,29,0,08.07.2026,08.06.2026,11.06.2026,25.06.2026,25.06.2026,02.07.2026,02.07.2026,,H014,WH INFORMA JABABEKA
R110260608T038_H014,WINGBOX,7000000,0,0,0,0,0,7000000,H014 - WH INFORMA JABABEKA,PT. DUNIA EXPRESS TRANSINDO,7,ON SCHEDULE,29,0,09.07.2026,09.06.2026,12.06.2026,25.06.2026,25.06.2026,02.07.2026,02.07.2026,,H014,WH INFORMA JABABEKA
R110260608T039_H014,WINGBOX,7000000,0,0,0,0,0,7000000,H014 - WH INFORMA JABABEKA,PT. DUNIA EXPRESS TRANSINDO,7,ON SCHEDULE,29,0,09.07.2026,09.06.2026,12.06.2026,25.06.2026,25.06.2026,02.07.2026,02.07.2026,,H014,WH INFORMA JABABEKA
R110260608T040_H014,WINGBOX,7000000,0,0,0,0,0,7000000,H014 - WH INFORMA JABABEKA,PT. DUNIA EXPRESS TRANSINDO,7,ON SCHEDULE,29,0,09.07.2026,09.06.2026,12.06.2026,25.06.2026,25.06.2026,02.07.2026,02.07.2026,,H014,WH INFORMA JABABEKA
R110260608T041_H014,WINGBOX,7000000,0,0,0,0,0,7000000,H014 - WH INFORMA JABABEKA,PT. DUNIA EXPRESS TRANSINDO,7,ON SCHEDULE,29,0,09.07.2026,09.06.2026,12.06.2026,25.06.2026,25.06.2026,02.07.2026,02.07.2026,,H014,WH INFORMA JABABEKA
R110260608T043_H014,WINGBOX,6600000,0,0,0,0,0,6600000,H014 - WH INFORMA JABABEKA,PT. CATUR GLOBAL LOGISTIK,7,ON SCHEDULE,29,0,09.07.2026,09.06.2026,11.06.2026,23.06.2026,23.06.2026,25.06.2026,25.06.2026,,H014,WH INFORMA JABABEKA
R110260609H043_H014,WINGBOX,2350000,0,0,0,0,0,2350000,H014 - WH INFORMA JABABEKA,PT. BINTANG SAMUDRA RAYA,7,ON SCHEDULE,27,0,07.07.2026,09.06.2026,10.06.2026,17.06.2026,17.06.2026,29.06.2026,02.07.2026,,H014,WH INFORMA JABABEKA
R110260609H046_H014,WINGBOX,4500000,0,0,0,0,0,4500000,H014 - WH INFORMA JABABEKA,PT. CEHA LOGISTIK CEMERLANG,7,ON SCHEDULE,29,0,10.07.2026,10.06.2026,11.06.2026,11.06.2026,11.06.2026,18.06.2026,18.06.2026,,H014,WH INFORMA JABABEKA
R110260609H047_H014,WINGBOX,4500000,0,0,0,0,0,4500000,H014 - WH INFORMA JABABEKA,PT. CEHA LOGISTIK CEMERLANG,7,ON SCHEDULE,29,0,10.07.2026,10.06.2026,11.06.2026,11.06.2026,11.06.2026,18.06.2026,18.06.2026,,H014,WH INFORMA JABABEKA
R110260609H051_H014,CDD LONG CHASSIS,12400000,0,0,0,0,0,12400000,H014 - WH INFORMA JABABEKA,PT.ORANG KREATIF EKSIS,7,ON SCHEDULE,31,0,12.07.2026,10.06.2026,13.06.2026,18.06.2026,18.06.2026,25.06.2026,25.06.2026,,H014,WH INFORMA JABABEKA
R110260609H053_H014,WINGBOX,2599000,0,0,0,0,0,2599000,H014 - WH INFORMA JABABEKA,PT. DUTA MEDIA MANDIRI,7,ON SCHEDULE,27,0,08.07.2026,10.06.2026,10.06.2026,11.06.2026,11.06.2026,11.06.2026,12.06.2026,,H014,WH INFORMA JABABEKA
R110260609H054_H014,WINGBOX,3500000,0,0,0,0,0,3500000,H014 - WH INFORMA JABABEKA,PT. BINTANG SAMUDRA RAYA,7,ON SCHEDULE,29,0,10.07.2026,10.06.2026,11.06.2026,17.06.2026,17.06.2026,30.06.2026,02.07.2026,,H014,WH INFORMA JABABEKA
R110260609H055_H014,WINGBOX,4000000,0,0,0,0,0,4000000,H014 - WH INFORMA JABABEKA,PT. BINTANG SAMUDRA RAYA,7,ON SCHEDULE,28,0,09.07.2026,10.06.2026,11.06.2026,17.06.2026,17.06.2026,29.06.2026,30.06.2026,,H014,WH INFORMA JABABEKA
R110260609H056_H014,CDD LONG CHASSIS,2200000,0,0,0,0,0,2200000,H014 - WH INFORMA JABABEKA,PT. AGUNG MAKMUR JAYA,7,ON SCHEDULE,27,0,08.07.2026,10.06.2026,11.06.2026,11.06.2026,12.06.2026,17.06.2026,18.06.2026,,H014,WH INFORMA JABABEKA
R110260609H057_H014,WINGBOX,4825000,0,0,0,0,0,4825000,H014 - WH INFORMA JABABEKA,PT. CEHA LOGISTIK CEMERLANG,7,ON SCHEDULE,29,0,10.07.2026,10.06.2026,11.06.2026,11.06.2026,11.06.2026,18.06.2026,18.06.2026,,H014,WH INFORMA JABABEKA
R110260609H058_H014,CDD LONG CHASSIS,2250000,0,0,0,0,0,2250000,H014 - WH INFORMA JABABEKA,PT. BINTANG SAMUDRA RAYA,7,ON SCHEDULE,27,0,08.07.2026,10.06.2026,10.06.2026,17.06.2026,17.06.2026,29.06.2026,30.06.2026,,H014,WH INFORMA JABABEKA
R110260609H059_H014,CDD,2250000,0,0,0,0,0,2250000,H014 - WH INFORMA JABABEKA,PT. BINTANG SAMUDRA RAYA,7,ON SCHEDULE,27,0,08.07.2026,10.06.2026,10.06.2026,17.06.2026,17.06.2026,29.06.2026,30.06.2026,,H014,WH INFORMA JABABEKA
R110260609H061_H014,WINGBOX,11500000,0,0,0,0,0,11500000,H014 - WH INFORMA JABABEKA,PT. BINTANG SAMUDRA RAYA,7,ON SCHEDULE,29,0,10.07.2026,10.06.2026,13.06.2026,17.06.2026,17.06.2026,29.06.2026,02.07.2026,,H014,WH INFORMA JABABEKA
R110260609H062_H014,WINGBOX,4500000,0,0,0,0,0,4500000,H014 - WH INFORMA JABABEKA,PT. CEHA LOGISTIK CEMERLANG,7,ON SCHEDULE,29,0,10.07.2026,10.06.2026,11.06.2026,11.06.2026,11.06.2026,18.06.2026,18.06.2026,,H014,WH INFORMA JABABEKA
R110260609H063_H014,CDD LONG CHASSIS,2350000,0,0,0,0,0,2350000,H014 - WH INFORMA JABABEKA,PT. BINTANG SAMUDRA RAYA,7,ON SCHEDULE,29,0,10.07.2026,10.06.2026,11.06.2026,17.06.2026,17.06.2026,29.06.2026,02.07.2026,,H014,WH INFORMA JABABEKA
R110260609H064_H014,CDD LONG CHASSIS,1400000,0,0,0,0,0,1400000,H014 - WH INFORMA JABABEKA,PT. BINTANG SAMUDRA RAYA,7,ON SCHEDULE,27,0,07.07.2026,09.06.2026,10.06.2026,17.06.2026,17.06.2026,18.06.2026,19.06.2026,,H014,WH INFORMA JABABEKA
R110260609H067_H014,CDD LONG CHASSIS,1400000,0,0,0,0,0,1400000,H014 - WH INFORMA JABABEKA,PT. BINTANG SAMUDRA RAYA,7,ON SCHEDULE,27,0,07.07.2026,09.06.2026,10.06.2026,17.06.2026,17.06.2026,18.06.2026,19.06.2026,,H014,WH INFORMA JABABEKA
R110260609H068_H014,CDD LONG CHASSIS,1400000,0,0,0,0,0,1400000,H014 - WH INFORMA JABABEKA,PT. BINTANG SAMUDRA RAYA,7,ON SCHEDULE,27,0,07.07.2026,09.06.2026,10.06.2026,17.06.2026,17.06.2026,19.06.2026,19.06.2026,,H014,WH INFORMA JABABEKA
R110260609H069_H014,CDD LONG CHASSIS,1400000,0,0,0,0,0,1400000,H014 - WH INFORMA JABABEKA,PT. BINTANG SAMUDRA RAYA,7,ON SCHEDULE,27,0,07.07.2026,09.06.2026,10.06.2026,17.06.2026,17.06.2026,29.06.2026,02.07.2026,,H014,WH INFORMA JABABEKA
R110260609H070_H014,CDD LONG CHASSIS,1400000,0,0,0,0,0,1400000,H014 - WH INFORMA JABABEKA,PT. BINTANG SAMUDRA RAYA,7,ON SCHEDULE,27,0,07.07.2026,09.06.2026,10.06.2026,17.06.2026,17.06.2026,29.06.2026,02.07.2026,,H014,WH INFORMA JABABEKA
R110260609H071_H014,CDD LONG CHASSIS,1400000,0,0,0,0,0,1400000,H014 - WH INFORMA JABABEKA,PT. BINTANG SAMUDRA RAYA,7,ON SCHEDULE,27,0,07.07.2026,09.06.2026,10.06.2026,17.06.2026,17.06.2026,18.06.2026,19.06.2026,,H014,WH INFORMA JABABEKA
R110260609H072_H014,CDD LONG CHASSIS,9300000,0,0,0,0,0,9300000,H014 - WH INFORMA JABABEKA,PT. AGUNG MAKMUR JAYA,7,ON SCHEDULE,33,0,14.07.2026,10.06.2026,14.06.2026,15.06.2026,15.06.2026,15.06.2026,18.06.2026,,H014,WH INFORMA JABABEKA
R110260609H073_H014,CDD LONG CHASSIS,9300000,0,0,0,0,0,9300000,H014 - WH INFORMA JABABEKA,PT. AGUNG MAKMUR JAYA,7,ON SCHEDULE,33,0,14.07.2026,10.06.2026,15.06.2026,15.06.2026,15.06.2026,15.06.2026,18.06.2026,,H014,WH INFORMA JABABEKA
R110260609H075_H014,WINGBOX,4830000,0,0,0,0,0,4830000,H014 - WH INFORMA JABABEKA,PT. DUTA MEDIA MANDIRI,7,ON SCHEDULE,29,0,10.07.2026,10.06.2026,12.06.2026,15.06.2026,15.06.2026,17.06.2026,18.06.2026,,H014,WH INFORMA JABABEKA
R110260609H077_H014,FUSO,17000000,0,0,0,0,0,17000000,H014 - WH INFORMA JABABEKA,PT. SATRIA PIRANTI PERKASA,6,LATE,30,55,11.07.2026,10.06.2026,14.06.2026,02.07.2026,02.07.2026,10.07.2026,10.07.2026,,H014,WH INFORMA JABABEKA
R110260609L071_H014,CDD LONG CHASSIS,3325000,0,0,0,175000,0,3500000,H014 - WH INFORMA JABABEKA,PT. JEJE HARAPAN TRANSINDO,6,LATE,29,54,10.07.2026,10.06.2026,14.06.2026,15.07.2026,16.07.2026,20.07.2026,22.07.2026,,H014,WH INFORMA JABABEKA
R110260609L072_H014,CDD LONG CHASSIS,3600000,0,0,0,300000,0,3900000,H014 - WH INFORMA JABABEKA,PT. BINTANG SAMUDRA RAYA,6,LATE,30,55,11.07.2026,10.06.2026,12.06.2026,02.07.2026,03.07.2026,21.07.2026,21.07.2026,,H014,WH INFORMA JABABEKA
R110260609L086_H014,CDD LONG CHASSIS,1600000,0,0,0,0,0,1600000,H014 - WH INFORMA JABABEKA,PT. SATRIA PIRANTI PERKASA,7,ON SCHEDULE,27,0,07.07.2026,09.06.2026,10.06.2026,24.06.2026,24.06.2026,30.06.2026,30.06.2026,,H014,WH INFORMA JABABEKA
R110260609T040_H014,CONT-40,26000000,0,0,1000000,0,0,27000000,H014 - WH INFORMA JABABEKA,PT. WIDYA TRANS CARGO,6,LATE,42,44,02.08.2026,20.06.2026,23.06.2026,07.07.2026,07.07.2026,09.07.2026,09.07.2026,,H014,WH INFORMA JABABEKA
R110260609T041_H014,CONT-40,30000000,0,0,550000,0,0,30550000,H014 - WH INFORMA JABABEKA,PT. TERATAI EMAS LOGISTINDO,6,LATE,40,54,21.07.2026,10.06.2026,25.06.2026,10.07.2026,11.07.2026,14.07.2026,14.07.2026,,H014,WH INFORMA JABABEKA
R110260609T042_H014,CONT-40,27000000,0,0,0,0,0,27000000,H014 - WH INFORMA JABABEKA,PT. WIDYA TRANS CARGO,6,LATE,40,54,21.07.2026,10.06.2026,24.06.2026,07.07.2026,07.07.2026,09.07.2026,09.07.2026,,H014,WH INFORMA JABABEKA
R110260609T043_H014,CONT-20,19000000,0,0,0,0,0,19000000,H014 - WH INFORMA JABABEKA,PT. SENTOSAPRIMA ABADI,6,LATE,40,54,21.07.2026,10.06.2026,27.06.2026,13.07.2026,14.07.2026,23.07.2026,23.07.2026,,H014,WH INFORMA JABABEKA
R110260609T044_H014,WINGBOX,5600000,0,0,0,0,0,5600000,H014 - WH INFORMA JABABEKA,PT. BINTANG SAMUDRA RAYA,7,ON SCHEDULE,29,0,10.07.2026,10.06.2026,14.06.2026,17.06.2026,17.06.2026,29.06.2026,02.07.2026,,H014,WH INFORMA JABABEKA
R110260609T048_H014,WINGBOX,7000000,0,0,0,0,0,7000000,H014 - WH INFORMA JABABEKA,PT. DUNIA EXPRESS TRANSINDO,7,ON SCHEDULE,29,0,10.07.2026,10.06.2026,14.06.2026,25.06.2026,25.06.2026,02.07.2026,02.07.2026,,H014,WH INFORMA JABABEKA
R110260609T049_H014,WINGBOX,7000000,0,0,0,0,0,7000000,H014 - WH INFORMA JABABEKA,PT. DUNIA EXPRESS TRANSINDO,7,ON SCHEDULE,29,0,10.07.2026,10.06.2026,14.06.2026,25.06.2026,25.06.2026,02.07.2026,02.07.2026,,H014,WH INFORMA JABABEKA
R110260609T051_H014,WINGBOX,7000000,0,0,0,0,0,7000000,H014 - WH INFORMA JABABEKA,PT. DUNIA EXPRESS TRANSINDO,7,ON SCHEDULE,29,0,10.07.2026,10.06.2026,14.06.2026,25.06.2026,25.06.2026,02.07.2026,02.07.2026,,H014,WH INFORMA JABABEKA
R110260609T052_H014,WINGBOX,5600000,0,0,0,0,0,5600000,H014 - WH INFORMA JABABEKA,PT. BINTANG SAMUDRA RAYA,7,ON SCHEDULE,29,0,11.07.2026,11.06.2026,15.06.2026,17.06.2026,17.06.2026,29.06.2026,02.07.2026,,H014,WH INFORMA JABABEKA
R110260609T054_H014,WINGBOX,5650000,0,0,0,0,0,5650000,H014 - WH INFORMA JABABEKA,PT. DUTA MEDIA MANDIRI,7,ON SCHEDULE,29,0,10.07.2026,10.06.2026,12.06.2026,15.06.2026,15.06.2026,17.06.2026,18.06.2026,,H014,WH INFORMA JABABEKA
R110260609T055_H014,WINGBOX,5650000,0,0,0,0,0,5650000,H014 - WH INFORMA JABABEKA,PT. DUTA MEDIA MANDIRI,7,ON SCHEDULE,29,0,10.07.2026,10.06.2026,14.06.2026,15.06.2026,15.06.2026,17.06.2026,18.06.2026,,H014,WH INFORMA JABABEKA
R110260609T056_H014,CONT-20,15800000,0,0,0,0,0,15800000,H014 - WH INFORMA JABABEKA,PT. SENTOSAPRIMA ABADI,6,LATE,40,55,21.07.2026,10.06.2026,27.06.2026,13.07.2026,14.07.2026,23.07.2026,23.07.2026,,H014,WH INFORMA JABABEKA
R110260610H014_H014,WINGBOX,4825000,0,0,0,0,0,4825000,H014 - WH INFORMA JABABEKA,PT. CEHA LOGISTIK CEMERLANG,7,ON SCHEDULE,29,0,11.07.2026,11.06.2026,12.06.2026,15.06.2026,15.06.2026,18.06.2026,18.06.2026,,H014,WH INFORMA JABABEKA
R110260610H051_H014,WINGBOX,11500000,0,0,0,0,0,11500000,H014 - WH INFORMA JABABEKA,PT. BINTANG SAMUDRA RAYA,7,ON SCHEDULE,29,0,11.07.2026,11.06.2026,15.06.2026,17.06.2026,17.06.2026,29.06.2026,02.07.2026,,H014,WH INFORMA JABABEKA
R110260610L040_H014,CDD LONG CHASSIS,4900000,0,0,0,150000,0,5050000,H014 - WH INFORMA JABABEKA,PT.ORANG KREATIF EKSIS,7,ON SCHEDULE,28,0,09.07.2026,10.06.2026,12.06.2026,15.06.2026,15.06.2026,25.06.2026,25.06.2026,,H014,WH INFORMA JABABEKA
R110260610L057_H014,CDD LONG CHASSIS,8855000,0,0,0,0,0,8855000,H014 - WH INFORMA JABABEKA,PT.ORANG KREATIF EKSIS,6,LATE,30,54,12.07.2026,11.06.2026,15.06.2026,26.06.2026,26.06.2026,08.07.2026,08.07.2026,,H014,WH INFORMA JABABEKA
R110260610L058_H014,CDD LONG CHASSIS,7500000,0,0,0,0,0,7500000,H014 - WH INFORMA JABABEKA,PT.ORANG KREATIF EKSIS,7,ON SCHEDULE,30,0,12.07.2026,11.06.2026,15.06.2026,18.06.2026,18.06.2026,25.06.2026,25.06.2026,,H014,WH INFORMA JABABEKA
R110260610L059_H014,CONT-20,21550000,0,0,0,0,0,21550000,H014 - WH INFORMA JABABEKA,PT. MITRA INTERTRANS FORWARDING,6,LATE,40,54,22.07.2026,11.06.2026,25.06.2026,24.07.2026,25.07.2026,29.07.2026,29.07.2026,,H014,WH INFORMA JABABEKA
R110260610L060_H014,CDD LONG CHASSIS,4700000,0,0,0,0,0,4700000,H014 - WH INFORMA JABABEKA,PT. BINTANG SAMUDRA RAYA,7,ON SCHEDULE,28,0,10.07.2026,11.06.2026,16.06.2026,13.07.2026,13.07.2026,13.07.2026,16.07.2026,,H014,WH INFORMA JABABEKA
R110260610L061_H014,CDD LONG CHASSIS,4700000,0,0,0,0,0,4700000,H014 - WH INFORMA JABABEKA,PT. BINTANG SAMUDRA RAYA,7,ON SCHEDULE,28,0,10.07.2026,11.06.2026,16.06.2026,13.07.2026,13.07.2026,13.07.2026,16.07.2026,,H014,WH INFORMA JABABEKA
R110260610L063_H014,CDD LONG CHASSIS,3500000,0,0,0,0,0,3500000,H014 - WH INFORMA JABABEKA,PT. AGUNG MAKMUR JAYA,7,ON SCHEDULE,30,0,12.07.2026,11.06.2026,13.06.2026,15.06.2026,15.06.2026,17.06.2026,18.06.2026,,H014,WH INFORMA JABABEKA
R110260610L064_H014,CDD LONG CHASSIS,3500000,0,0,0,100000,0,3600000,H014 - WH INFORMA JABABEKA,PT. AGUNG MAKMUR JAYA,6,LATE,30,54,12.07.2026,11.06.2026,12.06.2026,15.06.2026,15.06.2026,22.06.2026,23.06.2026,,H014,WH INFORMA JABABEKA
R110260610L064_H014,CDD LONG CHASSIS,3500000,0,0,0,100000,0,3600000,H014 - WH INFORMA JABABEKA,PT. AGUNG MAKMUR JAYA,6,LATE,30,54,12.07.2026,11.06.2026,12.06.2026,15.06.2026,15.06.2026,22.06.2026,23.06.2026,,H014,WH INFORMA JABABEKA
R110260610L064_H014,CDD LONG CHASSIS,3500000,0,0,0,100000,0,3600000,H014 - WH INFORMA JABABEKA,PT. AGUNG MAKMUR JAYA,6,LATE,30,54,12.07.2026,11.06.2026,12.06.2026,15.06.2026,15.06.2026,22.06.2026,23.06.2026,,H014,WH INFORMA JABABEKA
R110260610L066_H014,WINGBOX,18000000,0,0,0,0,0,18000000,H014 - WH INFORMA JABABEKA,PT. BINTANG SAMUDRA RAYA,4,LATE,14,53,27.06.2026,12.06.2026,18.06.2026,14.07.2026,14.07.2026,,,,H014,WH INFORMA JABABEKA
R110260610L108_H014,WINGBOX,4500000,0,0,2400000,0,0,6900000,H014 - WH INFORMA JABABEKA,PT. CEHA LOGISTIK CEMERLANG,7,ON SCHEDULE,26,0,08.07.2026,11.06.2026,14.06.2026,15.06.2026,15.06.2026,18.06.2026,18.06.2026,,H014,WH INFORMA JABABEKA
R110260610T030_H014,CONT-20,0,0,0,0,0,0,0,H014 - WH INFORMA JABABEKA,PT. HAKKA HYDRO TIRTA,2,LATE,20,53,03.07.2026,12.06.2026,02.07.2026,,,,,,H014,WH INFORMA JABABEKA
R110260610T035_H014,CONT-40,25400000,0,0,1500000,0,0,26900000,H014 - WH INFORMA JABABEKA,PT. SENTOSAPRIMA ABADI,6,LATE,46,54,28.07.2026,11.06.2026,03.07.2026,31.07.2026,31.07.2026,03.08.2026,03.08.2026,,H014,WH INFORMA JABABEKA
R110260610T036_H014,CONT-20,0,0,0,0,0,0,0,H014 - WH INFORMA JABABEKA,PT. HAKKA HYDRO TIRTA,2,LATE,20,52,03.07.2026,12.06.2026,02.07.2026,,,,,,H014,WH INFORMA JABABEKA
R110260610T038_H014,WINGBOX,7000000,0,0,0,0,0,7000000,H014 - WH INFORMA JABABEKA,PT. DUNIA EXPRESS TRANSINDO,7,ON SCHEDULE,29,0,11.07.2026,11.06.2026,14.06.2026,25.06.2026,25.06.2026,02.07.2026,02.07.2026,,H014,WH INFORMA JABABEKA
R110260610T039_H014,WINGBOX,20000000,0,0,0,0,0,20000000,H014 - WH INFORMA JABABEKA,PT.ORANG KREATIF EKSIS,6,LATE,37,51,22.07.2026,14.06.2026,24.06.2026,26.06.2026,26.06.2026,08.07.2026,08.07.2026,,H014,WH INFORMA JABABEKA
R110260610T057_H014,WINGBOX,6500000,0,0,0,0,0,6500000,H014 - WH INFORMA JABABEKA,PT.AMANAH TRANSMULIA MANDIRI LOGISTIK,7,ON SCHEDULE,29,0,10.07.2026,10.06.2026,14.06.2026,18.06.2026,19.06.2026,22.06.2026,23.06.2026,,H014,WH INFORMA JABABEKA
R110260610T058_H014,WINGBOX,5650000,0,0,0,0,0,5650000,H014 - WH INFORMA JABABEKA,PT. DUTA MEDIA MANDIRI,7,ON SCHEDULE,29,0,10.07.2026,10.06.2026,14.06.2026,15.06.2026,15.06.2026,18.06.2026,23.06.2026,,H014,WH INFORMA JABABEKA
R110260610T059_H014,CONT-40,27000000,0,0,0,0,0,27000000,H014 - WH INFORMA JABABEKA,PT. TPIL LOGISTICS,2,LATE,20,53,02.07.2026,11.06.2026,28.06.2026,,,,,,H014,WH INFORMA JABABEKA
R110260610T060_H014,CONT-40,30000000,0,0,550000,0,0,30550000,H014 - WH INFORMA JABABEKA,PT. TERATAI EMAS LOGISTINDO,6,LATE,40,54,22.07.2026,11.06.2026,23.06.2026,10.07.2026,11.07.2026,14.07.2026,14.07.2026,,H014,WH INFORMA JABABEKA
R110260610T061_H014,CONT-40,30000000,0,0,550000,0,0,30550000,H014 - WH INFORMA JABABEKA,PT. TERATAI EMAS LOGISTINDO,6,LATE,40,53,23.07.2026,12.06.2026,24.06.2026,10.07.2026,11.07.2026,14.07.2026,14.07.2026,,H014,WH INFORMA JABABEKA
R110260610T062_H014,CONT-40,26300000,0,0,0,0,0,26300000,H014 - WH INFORMA JABABEKA,PT. TPIL LOGISTICS,2,LATE,22,54,04.07.2026,11.06.2026,27.06.2026,,,,,,H014,WH INFORMA JABABEKA
R110260610T063_H014,CONT-40,30700000,0,0,0,0,0,30700000,H014 - WH INFORMA JABABEKA,PT. TPIL LOGISTICS,2,LATE,20,53,02.07.2026,11.06.2026,28.06.2026,,,,,,H014,WH INFORMA JABABEKA
R110260610T064_H014,CONT-40,27000000,0,0,0,0,0,27000000,H014 - WH INFORMA JABABEKA,PT. WIDYA TRANS CARGO,6,LATE,40,54,22.07.2026,11.06.2026,27.06.2026,07.07.2026,07.07.2026,09.07.2026,09.07.2026,,H014,WH INFORMA JABABEKA
R110260610T065_H014,WINGBOX,7000000,0,0,0,0,0,7000000,H014 - WH INFORMA JABABEKA,PT. DUNIA EXPRESS TRANSINDO,7,ON SCHEDULE,29,0,11.07.2026,11.06.2026,15.06.2026,25.06.2026,25.06.2026,02.07.2026,02.07.2026,,H014,WH INFORMA JABABEKA
R110260610T068_H014,CONT-40,28000000,0,0,0,0,0,28000000,H014 - WH INFORMA JABABEKA,PT. TERATAI EMAS LOGISTINDO,6,LATE,37,53,19.07.2026,11.06.2026,16.07.2026,17.07.2026,17.07.2026,29.07.2026,29.07.2026,,H014,WH INFORMA JABABEKA
R110260610T069_H014,CONT-40,26000000,0,0,1000000,0,0,27000000,H014 - WH INFORMA JABABEKA,PT. WIDYA TRANS CARGO,6,LATE,42,54,24.07.2026,11.06.2026,24.06.2026,07.07.2026,07.07.2026,09.07.2026,09.07.2026,,H014,WH INFORMA JABABEKA
R110260610T070_H014,CONT-40,30000000,0,0,550000,0,0,30550000,H014 - WH INFORMA JABABEKA,PT. TERATAI EMAS LOGISTINDO,6,LATE,40,53,23.07.2026,12.06.2026,24.06.2026,10.07.2026,11.07.2026,14.07.2026,14.07.2026,,H014,WH INFORMA JABABEKA
R110260610T071_H014,CONT-40,25400000,0,0,1500000,0,0,26900000,H014 - WH INFORMA JABABEKA,PT. SENTOSAPRIMA ABADI,6,LATE,46,54,27.07.2026,10.06.2026,02.07.2026,31.07.2026,31.07.2026,03.08.2026,03.08.2026,,H014,WH INFORMA JABABEKA
R110260610T072_H014,CONT-40,25400000,0,0,1500000,0,0,26900000,H014 - WH INFORMA JABABEKA,PT. SENTOSAPRIMA ABADI,6,LATE,46,54,28.07.2026,11.06.2026,29.06.2026,31.07.2026,31.07.2026,03.08.2026,03.08.2026,,H014,WH INFORMA JABABEKA
R110260610T073_H014,CONT-40,25400000,0,0,1500000,0,0,26900000,H014 - WH INFORMA JABABEKA,PT. SENTOSAPRIMA ABADI,6,LATE,46,54,28.07.2026,11.06.2026,02.07.2026,31.07.2026,31.07.2026,03.08.2026,03.08.2026,,H014,WH INFORMA JABABEKA
R110260610T074_H014,CONT-40,28000000,0,0,0,0,0,28000000,H014 - WH INFORMA JABABEKA,PT. TERATAI EMAS LOGISTINDO,6,LATE,37,54,19.07.2026,11.06.2026,09.07.2026,14.07.2026,14.07.2026,20.07.2026,20.07.2026,,H014,WH INFORMA JABABEKA
R110260610T075_H014,CONT-20,0,0,0,0,0,0,0,H014 - WH INFORMA JABABEKA,PT. TPIL LOGISTICS,2,LATE,26,53,08.07.2026,11.06.2026,27.06.2026,,,,,,H014,WH INFORMA JABABEKA
R110260610T080_H014,CONT-20,15800000,0,0,0,0,0,15800000,H014 - WH INFORMA JABABEKA,PT. SENTOSAPRIMA ABADI,6,LATE,40,54,21.07.2026,10.06.2026,27.06.2026,13.07.2026,14.07.2026,23.07.2026,23.07.2026,,H014,WH INFORMA JABABEKA
R110260610T082_H014,CONT-20,10300000,0,0,0,0,0,10300000,H014 - WH INFORMA JABABEKA,PT. HAKKA HYDRO TIRTA,2,LATE,20,52,03.07.2026,12.06.2026,02.07.2026,,,,,,H014,WH INFORMA JABABEKA
R110260610T083_H014,CONT-20,18800000,0,0,0,0,0,18800000,H014 - WH INFORMA JABABEKA,PT. MITRA INTERTRANS FORWARDING,2,LATE,20,54,02.07.2026,11.06.2026,02.07.2026,,,,,,H014,WH INFORMA JABABEKA
R110260610T084_H014,WINGBOX,5650000,0,0,0,0,0,5650000,H014 - WH INFORMA JABABEKA,PT. DUTA MEDIA MANDIRI,7,ON SCHEDULE,29,0,10.07.2026,10.06.2026,14.06.2026,15.06.2026,15.06.2026,17.06.2026,18.06.2026,,H014,WH INFORMA JABABEKA
R110260610T085_H014,WINGBOX,5650000,0,0,0,0,0,5650000,H014 - WH INFORMA JABABEKA,PT. DUTA MEDIA MANDIRI,7,ON SCHEDULE,29,0,11.07.2026,11.06.2026,15.06.2026,15.06.2026,15.06.2026,23.06.2026,26.06.2026,,H014,WH INFORMA JABABEKA
R110260610T086_H014,CONT-40,30000000,0,0,550000,0,0,30550000,H014 - WH INFORMA JABABEKA,PT. TERATAI EMAS LOGISTINDO,6,LATE,40,53,23.07.2026,12.06.2026,24.06.2026,10.07.2026,11.07.2026,14.07.2026,14.07.2026,,H014,WH INFORMA JABABEKA
R110260610T089_H014,WINGBOX,29500000,0,0,0,0,0,29500000,H014 - WH INFORMA JABABEKA,PT LOGISTIK CANGGIH INDONESIA,6,LATE,37,51,22.07.2026,14.06.2026,20.06.2026,09.07.2026,10.07.2026,10.07.2026,15.07.2026,,H014,WH INFORMA JABABEKA
R110260610T090_H014,WINGBOX,6600000,0,0,0,0,0,6600000,H014 - WH INFORMA JABABEKA,PT. JAYA MULYA ERALINDO,7,ON SCHEDULE,29,0,11.07.2026,11.06.2026,15.06.2026,22.06.2026,22.06.2026,25.06.2026,26.06.2026,,H014,WH INFORMA JABABEKA
R110260611H016_H014,WINGBOX,4825000,0,0,0,0,0,4825000,H014 - WH INFORMA JABABEKA,PT. CEHA LOGISTIK CEMERLANG,7,ON SCHEDULE,29,0,11.07.2026,11.06.2026,14.06.2026,15.06.2026,15.06.2026,18.06.2026,18.06.2026,,H014,WH INFORMA JABABEKA
R110260611H018_H014,WINGBOX,4500000,0,0,0,0,0,4500000,H014 - WH INFORMA JABABEKA,PT. CEHA LOGISTIK CEMERLANG,7,ON SCHEDULE,29,0,12.07.2026,12.06.2026,13.06.2026,15.06.2026,15.06.2026,18.06.2026,18.06.2026,,H014,WH INFORMA JABABEKA
R110260611H020_H014,CDD LONG CHASSIS,2850000,0,0,0,0,0,2850000,H014 - WH INFORMA JABABEKA,PT. BINTANG SAMUDRA RAYA,7,ON SCHEDULE,28,0,11.07.2026,12.06.2026,13.06.2026,17.06.2026,17.06.2026,29.06.2026,30.06.2026,,H014,WH INFORMA JABABEKA
R110260611H021_H014,FUSO,19200000,0,0,0,0,0,19200000,H014 - WH INFORMA JABABEKA,PT. SATRIA PIRANTI PERKASA,6,LATE,30,53,13.07.2026,12.06.2026,16.06.2026,20.07.2026,21.07.2026,27.07.2026,27.07.2026,,H014,WH INFORMA JABABEKA
R110260611H023_H014,CDD LONG CHASSIS,1725000,0,0,0,0,0,1725000,H014 - WH INFORMA JABABEKA,PT. BINTANG SAMUDRA RAYA,7,ON SCHEDULE,27,0,09.07.2026,11.06.2026,12.06.2026,17.06.2026,17.06.2026,29.06.2026,30.06.2026,,H014,WH INFORMA JABABEKA
R110260611H024_H014,CDD LONG CHASSIS,2350000,0,0,0,0,0,2350000,H014 - WH INFORMA JABABEKA,PT. BINTANG SAMUDRA RAYA,7,ON SCHEDULE,29,0,11.07.2026,11.06.2026,13.06.2026,17.06.2026,17.06.2026,29.06.2026,30.06.2026,,H014,WH INFORMA JABABEKA
R110260611H025_H014,WINGBOX,11500000,0,0,0,0,0,11500000,H014 - WH INFORMA JABABEKA,PT. BINTANG SAMUDRA RAYA,7,ON SCHEDULE,29,0,11.07.2026,11.06.2026,16.06.2026,23.06.2026,24.06.2026,25.06.2026,25.06.2026,,H014,WH INFORMA JABABEKA
R110260611H026_H014,CDD LONG CHASSIS,2200000,0,0,0,0,0,2200000,H014 - WH INFORMA JABABEKA,PT. AGUNG MAKMUR JAYA,7,ON SCHEDULE,27,0,09.07.2026,11.06.2026,12.06.2026,12.06.2026,13.06.2026,17.06.2026,18.06.2026,,H014,WH INFORMA JABABEKA
R110260611H039_H014,CDD LONG CHASSIS,1725000,0,0,0,0,0,1725000,H014 - WH INFORMA JABABEKA,PT. BINTANG SAMUDRA RAYA,7,ON SCHEDULE,27,0,09.07.2026,11.06.2026,12.06.2026,17.06.2026,17.06.2026,29.06.2026,30.06.2026,,H014,WH INFORMA JABABEKA
R110260611H065_H014,WINGBOX,4825000,0,0,0,0,0,4825000,H014 - WH INFORMA JABABEKA,PT. CEHA LOGISTIK CEMERLANG,7,ON SCHEDULE,29,0,12.07.2026,12.06.2026,13.06.2026,15.06.2026,15.06.2026,18.06.2026,18.06.2026,,H014,WH INFORMA JABABEKA
R110260611H066_H014,CDD LONG CHASSIS,12500000,0,0,0,0,0,12500000,H014 - WH INFORMA JABABEKA,PT.ORANG KREATIF EKSIS,6,LATE,30,53,12.07.2026,11.06.2026,18.06.2026,26.06.2026,26.06.2026,08.07.2026,08.07.2026,,H014,WH INFORMA JABABEKA
R110260611L034_H014,CDD LONG CHASSIS,1750000,0,0,0,0,0,1750000,H014 - WH INFORMA JABABEKA,PT. CATUR GLOBAL LOGISTIK,7,ON SCHEDULE,26,0,09.07.2026,12.06.2026,14.06.2026,23.06.2026,23.06.2026,25.06.2026,25.06.2026,,H014,WH INFORMA JABABEKA
R110260611L046_H014,CDD LONG CHASSIS,1400000,0,0,0,0,0,1400000,H014 - WH INFORMA JABABEKA,PT. BINTANG SAMUDRA RAYA,7,ON SCHEDULE,27,0,10.07.2026,12.06.2026,13.06.2026,17.06.2026,17.06.2026,29.06.2026,30.06.2026,,H014,WH INFORMA JABABEKA
R110260611L048_H014,CDD LONG CHASSIS,3600000,0,0,0,0,0,3600000,H014 - WH INFORMA JABABEKA,PT. BINTANG SAMUDRA RAYA,7,ON SCHEDULE,30,0,13.07.2026,12.06.2026,16.06.2026,17.06.2026,17.06.2026,08.07.2026,09.07.2026,,H014,WH INFORMA JABABEKA
R110260611L067_H014,CDD LONG CHASSIS,3900000,0,0,0,0,0,3900000,H014 - WH INFORMA JABABEKA,PT. BINTANG SAMUDRA RAYA,7,ON SCHEDULE,28,0,11.07.2026,12.06.2026,16.06.2026,17.06.2026,17.06.2026,29.06.2026,30.06.2026,,H014,WH INFORMA JABABEKA
R110260611L074_H014,CDD LONG CHASSIS,3500000,0,0,0,0,0,3500000,H014 - WH INFORMA JABABEKA,PT.DHANESWARA EXPRES,7,ON SCHEDULE,30,0,13.07.2026,12.06.2026,15.06.2026,25.06.2026,25.06.2026,29.06.2026,29.06.2026,,H014,WH INFORMA JABABEKA
R110260611L075_H014,CDD LONG CHASSIS,3325000,0,0,0,0,0,3325000,H014 - WH INFORMA JABABEKA,PT. JEJE HARAPAN TRANSINDO,6,LATE,29,52,12.07.2026,12.06.2026,16.06.2026,15.07.2026,15.07.2026,20.07.2026,22.07.2026,,H014,WH INFORMA JABABEKA
R110260611L087_H014,CDD LONG CHASSIS,1400000,0,0,0,0,0,1400000,H014 - WH INFORMA JABABEKA,PT. BINTANG SAMUDRA RAYA,7,ON SCHEDULE,27,0,09.07.2026,11.06.2026,12.06.2026,17.06.2026,17.06.2026,29.06.2026,30.06.2026,,H014,WH INFORMA JABABEKA
R110260611L098_H014,CDD LONG CHASSIS,13100000,0,0,0,0,0,13100000,H014 - WH INFORMA JABABEKA,PT.ORANG KREATIF EKSIS,6,LATE,30,53,13.07.2026,12.06.2026,18.06.2026,26.06.2026,26.06.2026,08.07.2026,08.07.2026,,H014,WH INFORMA JABABEKA
R110260611L101_H014,CDD LONG CHASSIS,1400000,0,0,0,0,0,1400000,H014 - WH INFORMA JABABEKA,PT. BINTANG SAMUDRA RAYA,7,ON SCHEDULE,27,0,10.07.2026,12.06.2026,12.06.2026,17.06.2026,17.06.2026,29.06.2026,30.06.2026,,H014,WH INFORMA JABABEKA
R110260611T040_H014,WINGBOX,7000000,0,0,0,0,0,7000000,H014 - WH INFORMA JABABEKA,PT. DUNIA EXPRESS TRANSINDO,7,ON SCHEDULE,29,0,12.07.2026,12.06.2026,15.06.2026,25.06.2026,25.06.2026,02.07.2026,02.07.2026,,H014,WH INFORMA JABABEKA
R110260611T041_H014,CONT-40,30400000,0,0,0,0,0,30400000,H014 - WH INFORMA JABABEKA,PT. SENTOSAPRIMA ABADI,6,LATE,40,53,23.07.2026,12.06.2026,27.06.2026,13.07.2026,14.07.2026,23.07.2026,23.07.2026,,H014,WH INFORMA JABABEKA
R110260611T042_H014,WINGBOX,7000000,0,0,0,0,0,7000000,H014 - WH INFORMA JABABEKA,PT. DUNIA EXPRESS TRANSINDO,7,ON SCHEDULE,29,0,12.07.2026,12.06.2026,15.06.2026,25.06.2026,25.06.2026,02.07.2026,02.07.2026,,H014,WH INFORMA JABABEKA
R110260611T043_H014,CONT-40,0,0,0,0,0,0,0,H014 - WH INFORMA JABABEKA,PT. TPIL LOGISTICS,2,LATE,22,52,05.07.2026,12.06.2026,24.06.2026,,,,,,H014,WH INFORMA JABABEKA
R110260611T044_H014,CONT-40,28500000,0,0,0,0,0,28500000,H014 - WH INFORMA JABABEKA,PT. MITRA INTERTRANS FORWARDING,6,LATE,40,52,23.07.2026,12.06.2026,20.06.2026,23.07.2026,23.07.2026,24.07.2026,24.07.2026,,H014,WH INFORMA JABABEKA
R110260611T053_H014,CONT-40,30000000,0,0,550000,0,0,30550000,H014 - WH INFORMA JABABEKA,PT. TERATAI EMAS LOGISTINDO,6,LATE,40,52,23.07.2026,12.06.2026,25.06.2026,10.07.2026,11.07.2026,14.07.2026,14.07.2026,,H014,WH INFORMA JABABEKA
R110260611T054_H014,CONT-40,24600000,0,0,0,0,0,24600000,H014 - WH INFORMA JABABEKA,PT. TPIL LOGISTICS,2,LATE,26,53,09.07.2026,12.06.2026,02.07.2026,,,,,,H014,WH INFORMA JABABEKA
R110260611T056_H014,CONT-40,25400000,0,0,1500000,0,0,26900000,H014 - WH INFORMA JABABEKA,PT. SENTOSAPRIMA ABADI,6,LATE,46,52,29.07.2026,12.06.2026,04.07.2026,31.07.2026,31.07.2026,03.08.2026,03.08.2026,,H014,WH INFORMA JABABEKA
R110260611T057_H014,CONT-40,26000000,0,0,1000000,0,0,27000000,H014 - WH INFORMA JABABEKA,PT. WIDYA TRANS CARGO,6,LATE,42,48,29.07.2026,16.06.2026,24.06.2026,07.07.2026,07.07.2026,09.07.2026,09.07.2026,,H014,WH INFORMA JABABEKA
R110260611T058_H014,CONT-40,30400000,0,0,0,0,0,30400000,H014 - WH INFORMA JABABEKA,PT. SENTOSAPRIMA ABADI,6,LATE,40,53,23.07.2026,12.06.2026,24.06.2026,13.07.2026,14.07.2026,23.07.2026,23.07.2026,,H014,WH INFORMA JABABEKA
R110260611T061_H014,CONT-20,17000000,0,0,800000,0,0,17800000,H014 - WH INFORMA JABABEKA,PT. SARANA TRANS SUMATERA,6,LATE,46,52,29.07.2026,12.06.2026,18.07.2026,24.07.2026,25.07.2026,28.07.2026,28.07.2026,,H014,WH INFORMA JABABEKA
R110260611T062_H014,CONT-40,30600000,0,0,0,0,0,30600000,H014 - WH INFORMA JABABEKA,PT. SARANA TRANS SUMATERA,6,LATE,40,52,23.07.2026,12.06.2026,27.06.2026,16.07.2026,16.07.2026,17.07.2026,17.07.2026,,H014,WH INFORMA JABABEKA
R110260611T063_H014,CONT-40,30400000,0,0,0,0,0,30400000,H014 - WH INFORMA JABABEKA,PT. SENTOSAPRIMA ABADI,6,LATE,40,53,23.07.2026,12.06.2026,23.06.2026,13.07.2026,14.07.2026,23.07.2026,23.07.2026,,H014,WH INFORMA JABABEKA
R110260611T068_H014,CONT-20,19000000,0,0,0,0,0,19000000,H014 - WH INFORMA JABABEKA,PT. SENTOSAPRIMA ABADI,6,LATE,40,53,23.07.2026,12.06.2026,23.06.2026,13.07.2026,14.07.2026,23.07.2026,23.07.2026,,H014,WH INFORMA JABABEKA
R110260611T069_H014,CONT-20,3900000,0,0,0,0,0,3900000,H014 - WH INFORMA JABABEKA,PT. JATIM PETROLEUM TRANSPORT,6,LATE,29,53,11.07.2026,11.06.2026,15.06.2026,10.07.2026,11.07.2026,16.07.2026,16.07.2026,,H014,WH INFORMA JABABEKA
R110260611T070_H014,WINGBOX,7000000,0,0,0,0,0,7000000,H014 - WH INFORMA JABABEKA,PT. DUNIA EXPRESS TRANSINDO,7,ON SCHEDULE,29,0,12.07.2026,12.06.2026,15.06.2026,25.06.2026,25.06.2026,02.07.2026,02.07.2026,,H014,WH INFORMA JABABEKA
R110260611T071_H014,WINGBOX,7000000,0,0,0,0,0,7000000,H014 - WH INFORMA JABABEKA,PT. DUNIA EXPRESS TRANSINDO,7,ON SCHEDULE,29,0,12.07.2026,12.06.2026,15.06.2026,25.06.2026,25.06.2026,02.07.2026,02.07.2026,,H014,WH INFORMA JABABEKA
R110260611T072_H014,CONT-40,27900000,0,0,800000,0,0,28700000,H014 - WH INFORMA JABABEKA,PT. MITRA INTERTRANS FORWARDING,6,LATE,42,52,25.07.2026,12.06.2026,27.06.2026,29.07.2026,29.07.2026,30.07.2026,30.07.2026,,H014,WH INFORMA JABABEKA
R110260611T073_H014,CONT-40,28000000,0,0,0,0,0,28000000,H014 - WH INFORMA JABABEKA,PT. TERATAI EMAS LOGISTINDO,4,LATE,25,52,08.07.2026,12.06.2026,15.07.2026,15.07.2026,16.07.2026,,,,H014,WH INFORMA JABABEKA
R110260612H028_H014,WINGBOX,4825000,0,0,0,0,0,4825000,H014 - WH INFORMA JABABEKA,PT. CEHA LOGISTIK CEMERLANG,7,ON SCHEDULE,29,0,13.07.2026,13.06.2026,15.06.2026,15.06.2026,15.06.2026,18.06.2026,18.06.2026,,H014,WH INFORMA JABABEKA
R110260612H030_H014,CDD LONG CHASSIS,1725000,0,0,0,0,0,1725000,H014 - WH INFORMA JABABEKA,PT. BINTANG SAMUDRA RAYA,7,ON SCHEDULE,27,0,10.07.2026,12.06.2026,13.06.2026,17.06.2026,17.06.2026,29.06.2026,30.06.2026,,H014,WH INFORMA JABABEKA
R110260612H031_H014,WINGBOX,11500000,0,0,0,0,0,11500000,H014 - WH INFORMA JABABEKA,PT. BINTANG SAMUDRA RAYA,7,ON SCHEDULE,29,0,13.07.2026,13.06.2026,17.06.2026,19.06.2026,20.06.2026,25.06.2026,25.06.2026,,H014,WH INFORMA JABABEKA
R110260612H032_H014,CDD LONG CHASSIS,2250000,0,0,0,0,0,2250000,H014 - WH INFORMA JABABEKA,PT. BINTANG SAMUDRA RAYA,7,ON SCHEDULE,27,0,10.07.2026,12.06.2026,14.06.2026,17.06.2026,17.06.2026,30.06.2026,02.07.2026,,H014,WH INFORMA JABABEKA
R110260612H037_H014,FUSO,15250000,0,0,0,0,0,15250000,H014 - WH INFORMA JABABEKA,PT LOGISTIK CANGGIH INDONESIA,7,ON SCHEDULE,30,0,14.07.2026,13.06.2026,18.06.2026,24.06.2026,25.06.2026,26.06.2026,02.07.2026,,H014,WH INFORMA JABABEKA
R110260612H038_H014,WINGBOX,4500000,0,0,0,0,0,4500000,H014 - WH INFORMA JABABEKA,PT. CEHA LOGISTIK CEMERLANG,7,ON SCHEDULE,29,0,13.07.2026,13.06.2026,15.06.2026,15.06.2026,15.06.2026,18.06.2026,18.06.2026,,H014,WH INFORMA JABABEKA
R110260612H039_H014,WINGBOX,18000000,0,0,0,0,0,18000000,H014 - WH INFORMA JABABEKA,PT. BINTANG SAMUDRA RAYA,7,ON SCHEDULE,31,0,15.07.2026,13.06.2026,18.06.2026,19.06.2026,20.06.2026,25.06.2026,25.06.2026,,H014,WH INFORMA JABABEKA
R110260612H043_H014,FUSO,4000000,0,0,0,0,0,4000000,H014 - WH INFORMA JABABEKA,PT. BINTANG SAMUDRA RAYA,7,ON SCHEDULE,28,0,12.07.2026,13.06.2026,15.06.2026,17.06.2026,17.06.2026,29.06.2026,30.06.2026,,H014,WH INFORMA JABABEKA
R110260612H046_H014,CDD LONG CHASSIS,2250000,0,0,0,0,0,2250000,H014 - WH INFORMA JABABEKA,PT. BINTANG SAMUDRA RAYA,7,ON SCHEDULE,27,0,10.07.2026,12.06.2026,13.06.2026,17.06.2026,17.06.2026,29.06.2026,30.06.2026,,H014,WH INFORMA JABABEKA
R110260612H062_H014,CDD LONG CHASSIS,4900000,0,0,0,0,0,4900000,H014 - WH INFORMA JABABEKA,PT.ORANG KREATIF EKSIS,7,ON SCHEDULE,28,0,11.07.2026,12.06.2026,15.06.2026,18.06.2026,18.06.2026,25.06.2026,25.06.2026,,H014,WH INFORMA JABABEKA
R110260612H070_H014,WINGBOX,4825000,0,0,0,0,0,4825000,H014 - WH INFORMA JABABEKA,PT. CEHA LOGISTIK CEMERLANG,7,ON SCHEDULE,29,0,13.07.2026,13.06.2026,15.06.2026,15.06.2026,15.06.2026,18.06.2026,18.06.2026,,H014,WH INFORMA JABABEKA
R110260612H071_H014,CDD LONG CHASSIS,1400000,0,0,0,0,0,1400000,H014 - WH INFORMA JABABEKA,PT. BINTANG SAMUDRA RAYA,7,ON SCHEDULE,27,0,10.07.2026,12.06.2026,13.06.2026,17.06.2026,17.06.2026,29.06.2026,30.06.2026,,H014,WH INFORMA JABABEKA
R110260612H072_H014,CDD LONG CHASSIS,1400000,0,0,0,0,0,1400000,H014 - WH INFORMA JABABEKA,PT. BINTANG SAMUDRA RAYA,7,ON SCHEDULE,27,0,10.07.2026,12.06.2026,13.06.2026,17.06.2026,17.06.2026,29.06.2026,30.06.2026,,H014,WH INFORMA JABABEKA
R110260612H073_H014,CDD LONG CHASSIS,1400000,0,0,0,0,0,1400000,H014 - WH INFORMA JABABEKA,PT. BINTANG SAMUDRA RAYA,7,ON SCHEDULE,27,0,10.07.2026,12.06.2026,13.06.2026,17.06.2026,17.06.2026,29.06.2026,30.06.2026,,H014,WH INFORMA JABABEKA
R110260612H074_H014,CDD LONG CHASSIS,1400000,0,0,0,0,0,1400000,H014 - WH INFORMA JABABEKA,PT. BINTANG SAMUDRA RAYA,7,ON SCHEDULE,27,0,10.07.2026,12.06.2026,13.06.2026,17.06.2026,17.06.2026,29.06.2026,30.06.2026,,H014,WH INFORMA JABABEKA
R110260612H075_H014,CDD LONG CHASSIS,1400000,0,0,0,0,0,1400000,H014 - WH INFORMA JABABEKA,PT. BINTANG SAMUDRA RAYA,7,ON SCHEDULE,27,0,10.07.2026,12.06.2026,13.06.2026,17.06.2026,17.06.2026,29.06.2026,30.06.2026,,H014,WH INFORMA JABABEKA
R110260612H076_H014,CDD LONG CHASSIS,1400000,0,0,0,0,0,1400000,H014 - WH INFORMA JABABEKA,PT. BINTANG SAMUDRA RAYA,7,ON SCHEDULE,27,0,10.07.2026,12.06.2026,13.06.2026,17.06.2026,17.06.2026,29.06.2026,30.06.2026,,H014,WH INFORMA JABABEKA
R110260612H077_H014,CDD LONG CHASSIS,4900000,0,0,0,0,0,4900000,H014 - WH INFORMA JABABEKA,PT.ORANG KREATIF EKSIS,6,LATE,28,52,12.07.2026,13.06.2026,15.06.2026,26.06.2026,26.06.2026,08.07.2026,08.07.2026,,H014,WH INFORMA JABABEKA
R110260612H078_H014,CDD LONG CHASSIS,10350000,0,0,0,0,0,10350000,H014 - WH INFORMA JABABEKA,PT.ORANG KREATIF EKSIS,6,LATE,30,52,13.07.2026,12.06.2026,16.06.2026,26.06.2026,26.06.2026,08.07.2026,08.07.2026,,H014,WH INFORMA JABABEKA
R110260612L044_H014,CDD LONG CHASSIS,3325000,0,0,0,175000,0,3500000,H014 - WH INFORMA JABABEKA,PT. JEJE HARAPAN TRANSINDO,6,LATE,27,52,11.07.2026,13.06.2026,16.06.2026,15.07.2026,16.07.2026,20.07.2026,22.07.2026,,H014,WH INFORMA JABABEKA
R110260612L052_H014,CDD LONG CHASSIS,4900000,0,0,0,0,0,4900000,H014 - WH INFORMA JABABEKA,PT.ORANG KREATIF EKSIS,7,ON SCHEDULE,26,0,10.07.2026,13.06.2026,15.06.2026,18.06.2026,18.06.2026,25.06.2026,25.06.2026,,H014,WH INFORMA JABABEKA
R110260612L060_H014,CONT-20,20500000,0,0,0,0,0,20500000,H014 - WH INFORMA JABABEKA,PT. TPIL LOGISTICS,2,LATE,20,49,07.07.2026,16.06.2026,03.07.2026,,,,,,H014,WH INFORMA JABABEKA
R110260612L061_H014,CDD LONG CHASSIS,1750000,0,0,0,250000,0,2000000,H014 - WH INFORMA JABABEKA,PT. CATUR GLOBAL LOGISTIK,7,ON SCHEDULE,26,0,10.07.2026,13.06.2026,14.06.2026,23.06.2026,25.06.2026,25.06.2026,25.06.2026,,H014,WH INFORMA JABABEKA
R110260612T026_H014,WINGBOX,7000000,0,0,0,0,0,7000000,H014 - WH INFORMA JABABEKA,PT. DUNIA EXPRESS TRANSINDO,7,ON SCHEDULE,29,0,13.07.2026,13.06.2026,16.06.2026,25.06.2026,25.06.2026,02.07.2026,02.07.2026,,H014,WH INFORMA JABABEKA
R110260612T028_H014,CONT-40,28850000,0,0,0,0,0,28850000,H014 - WH INFORMA JABABEKA,PT. SENTOSAPRIMA ABADI,6,LATE,40,51,24.07.2026,13.06.2026,27.06.2026,13.07.2026,14.07.2026,23.07.2026,23.07.2026,,H014,WH INFORMA JABABEKA
R110260612T029_H014,CONT-40,26300000,0,0,0,0,0,26300000,H014 - WH INFORMA JABABEKA,PT. TPIL LOGISTICS,2,LATE,22,51,06.07.2026,13.06.2026,27.06.2026,,,,,,H014,WH INFORMA JABABEKA
R110260612T030_H014,CONT-40,27300000,0,0,0,0,0,27300000,H014 - WH INFORMA JABABEKA,PT. TPIL LOGISTICS,2,LATE,17,51,01.07.2026,13.06.2026,02.07.2026,,,,,,H014,WH INFORMA JABABEKA
R110260612T031_H014,CONT-40,30000000,0,0,550000,0,0,30550000,H014 - WH INFORMA JABABEKA,PT. TERATAI EMAS LOGISTINDO,6,LATE,40,51,24.07.2026,13.06.2026,25.06.2026,10.07.2026,11.07.2026,14.07.2026,14.07.2026,,H014,WH INFORMA JABABEKA
R110260612T032_H014,CONT-40,26500000,0,0,0,0,0,26500000,H014 - WH INFORMA JABABEKA,PT. SENTOSAPRIMA ABADI,6,LATE,40,52,24.07.2026,13.06.2026,27.06.2026,13.07.2026,14.07.2026,24.07.2026,24.07.2026,,H014,WH INFORMA JABABEKA
R110260612T033_H014,CONT-20,15600000,0,0,0,0,0,15600000,H014 - WH INFORMA JABABEKA,PT. MITRA INTERTRANS FORWARDING,2,LATE,22,51,06.07.2026,13.06.2026,26.06.2026,,,,,,H014,WH INFORMA JABABEKA
R110260612T035_H014,WINGBOX,7000000,0,0,0,0,0,7000000,H014 - WH INFORMA JABABEKA,PT. DUNIA EXPRESS TRANSINDO,7,ON SCHEDULE,29,0,13.07.2026,13.06.2026,16.06.2026,25.06.2026,25.06.2026,02.07.2026,02.07.2026,,H014,WH INFORMA JABABEKA
R110260612T036_H014,CONT-40,8500000,0,0,0,0,0,8500000,H014 - WH INFORMA JABABEKA,PT. DINOYO PUTRA MANDIRI,7,ON SCHEDULE,29,0,13.07.2026,13.06.2026,16.06.2026,17.06.2026,17.06.2026,25.06.2026,25.06.2026,,H014,WH INFORMA JABABEKA
R110260612T037_H014,CONT-40,8500000,0,0,0,0,0,8500000,H014 - WH INFORMA JABABEKA,PT. DINOYO PUTRA MANDIRI,7,ON SCHEDULE,29,0,13.07.2026,13.06.2026,16.06.2026,17.06.2026,17.06.2026,25.06.2026,25.06.2026,,H014,WH INFORMA JABABEKA
R110260612T039_H014,CONT-40,26500000,0,0,0,0,0,26500000,H014 - WH INFORMA JABABEKA,PT. SENTOSAPRIMA ABADI,6,LATE,40,51,24.07.2026,13.06.2026,27.06.2026,13.07.2026,14.07.2026,24.07.2026,24.07.2026,,H014,WH INFORMA JABABEKA
R110260612T040_H014,CONT-40,24600000,0,0,0,0,0,24600000,H014 - WH INFORMA JABABEKA,PT. TPIL LOGISTICS,2,LATE,26,50,12.07.2026,15.06.2026,04.07.2026,,,,,,H014,WH INFORMA JABABEKA
R110260612T047_H014,CONT-20,10300000,0,0,0,0,0,10300000,H014 - WH INFORMA JABABEKA,PT. HAKKA HYDRO TIRTA,2,LATE,20,48,07.07.2026,16.06.2026,02.07.2026,,,,,,H014,WH INFORMA JABABEKA
R110260612T048_H014,CONT-40,25400000,0,0,1500000,0,0,26900000,H014 - WH INFORMA JABABEKA,PT. SENTOSAPRIMA ABADI,6,LATE,46,51,30.07.2026,13.06.2026,09.07.2026,31.07.2026,31.07.2026,03.08.2026,03.08.2026,,H014,WH INFORMA JABABEKA
R110260612T049_H014,CONT-40,25400000,0,0,1500000,0,0,26900000,H014 - WH INFORMA JABABEKA,PT. SENTOSAPRIMA ABADI,6,LATE,46,52,30.07.2026,13.06.2026,09.07.2026,31.07.2026,31.07.2026,03.08.2026,03.08.2026,,H014,WH INFORMA JABABEKA
R110260612T050_H014,WINGBOX,5650000,0,0,0,0,0,5650000,H014 - WH INFORMA JABABEKA,PT. DUTA MEDIA MANDIRI,7,ON SCHEDULE,29,0,13.07.2026,13.06.2026,16.06.2026,17.06.2026,17.06.2026,18.06.2026,23.06.2026,,H014,WH INFORMA JABABEKA
R110260612T051_H014,WINGBOX,5600000,0,0,0,0,0,5600000,H014 - WH INFORMA JABABEKA,PT. BINTANG SAMUDRA RAYA,7,ON SCHEDULE,29,0,13.07.2026,13.06.2026,16.06.2026,17.06.2026,17.06.2026,29.06.2026,02.07.2026,,H014,WH INFORMA JABABEKA
R110260612T054_H014,CONT-20,0,0,0,0,0,0,0,H014 - WH INFORMA JABABEKA,PT. TPIL LOGISTICS,2,LATE,20,50,05.07.2026,14.06.2026,02.07.2026,,,,,,H014,WH INFORMA JABABEKA
R110260612T057_H014,CONT-40,27200000,0,0,0,0,0,27200000,H014 - WH INFORMA JABABEKA,PT. SENTOSAPRIMA ABADI,6,LATE,37,51,21.07.2026,13.06.2026,02.07.2026,16.07.2026,17.07.2026,03.08.2026,03.08.2026,,H014,WH INFORMA JABABEKA
R110260612T058_H014,CONT-20,0,0,0,0,0,0,0,H014 - WH INFORMA JABABEKA,PT. TPIL LOGISTICS,2,LATE,20,51,04.07.2026,13.06.2026,28.06.2026,,,,,,H014,WH INFORMA JABABEKA
R110260612T062_H014,WINGBOX,7000000,0,0,0,0,0,7000000,H014 - WH INFORMA JABABEKA,PT. DUNIA EXPRESS TRANSINDO,7,ON SCHEDULE,29,0,13.07.2026,13.06.2026,16.06.2026,25.06.2026,25.06.2026,02.07.2026,02.07.2026,,H014,WH INFORMA JABABEKA
R110260612T063_H014,WINGBOX,5650000,0,0,0,0,0,5650000,H014 - WH INFORMA JABABEKA,PT. DUTA MEDIA MANDIRI,7,ON SCHEDULE,29,0,13.07.2026,13.06.2026,16.06.2026,17.06.2026,17.06.2026,23.06.2026,26.06.2026,,H014,WH INFORMA JABABEKA
R110260613H010_H014,WINGBOX,4300000,0,0,0,0,0,4300000,H014 - WH INFORMA JABABEKA,PT.SIASAT CEPAT MUDA,7,ON SCHEDULE,29,0,14.07.2026,14.06.2026,16.06.2026,18.06.2026,19.06.2026,19.06.2026,24.06.2026,,H014,WH INFORMA JABABEKA
R110260613H012_H014,WINGBOX,4300000,0,0,0,0,0,4300000,H014 - WH INFORMA JABABEKA,PT.SIASAT CEPAT MUDA,7,ON SCHEDULE,29,0,14.07.2026,14.06.2026,16.06.2026,18.06.2026,19.06.2026,19.06.2026,24.06.2026,,H014,WH INFORMA JABABEKA
R110260613H014_H014,WINGBOX,11500000,0,0,0,0,0,11500000,H014 - WH INFORMA JABABEKA,PT. BINTANG SAMUDRA RAYA,7,ON SCHEDULE,29,0,14.07.2026,14.06.2026,19.06.2026,19.06.2026,20.06.2026,25.06.2026,25.06.2026,,H014,WH INFORMA JABABEKA
R110260613H015_H014,WINGBOX,4825000,0,0,0,0,0,4825000,H014 - WH INFORMA JABABEKA,PT. CEHA LOGISTIK CEMERLANG,7,ON SCHEDULE,29,0,14.07.2026,14.06.2026,17.06.2026,17.06.2026,17.06.2026,23.06.2026,23.06.2026,,H014,WH INFORMA JABABEKA
R110260613H016_H014,WINGBOX,1998000,0,0,0,0,0,1998000,H014 - WH INFORMA JABABEKA,PT. ARDYA PRIMA INTERNUSA,6,LATE,27,51,12.07.2026,14.06.2026,15.06.2026,25.06.2026,25.06.2026,03.07.2026,09.07.2026,,H014,WH INFORMA JABABEKA
R110260613H018_H014,WINGBOX,17000000,0,0,0,0,0,17000000,H014 - WH INFORMA JABABEKA,PT. BINTANG SAMUDRA RAYA,7,ON SCHEDULE,33,0,18.07.2026,14.06.2026,16.06.2026,17.06.2026,17.06.2026,25.06.2026,25.06.2026,,H014,WH INFORMA JABABEKA
R110260613H023_H014,WINGBOX,4825000,0,0,0,0,0,4825000,H014 - WH INFORMA JABABEKA,PT. CEHA LOGISTIK CEMERLANG,7,ON SCHEDULE,29,0,14.07.2026,14.06.2026,16.06.2026,17.06.2026,17.06.2026,18.06.2026,18.06.2026,,H014,WH INFORMA JABABEKA
R110260613H024_H014,CDD LONG CHASSIS,1600000,0,0,0,0,0,1600000,H014 - WH INFORMA JABABEKA,PT. SATRIA PIRANTI PERKASA,6,LATE,27,51,12.07.2026,14.06.2026,15.06.2026,20.07.2026,21.07.2026,27.07.2026,27.07.2026,,H014,WH INFORMA JABABEKA
R110260613H040_H014,WINGBOX,4294000,0,0,0,0,0,4294000,H014 - WH INFORMA JABABEKA,PT. DUTA MEDIA MANDIRI,7,ON SCHEDULE,28,0,13.07.2026,14.06.2026,15.06.2026,15.06.2026,15.06.2026,17.06.2026,18.06.2026,,H014,WH INFORMA JABABEKA
R110260613H042_H014,CDD LONG CHASSIS,9300000,0,0,0,0,0,9300000,H014 - WH INFORMA JABABEKA,PT. AGUNG MAKMUR JAYA,7,ON SCHEDULE,33,0,18.07.2026,14.06.2026,16.06.2026,17.06.2026,17.06.2026,18.06.2026,24.06.2026,,H014,WH INFORMA JABABEKA
R110260613H043_H014,CDD LONG CHASSIS,2350000,0,0,0,0,0,2350000,H014 - WH INFORMA JABABEKA,PT. BINTANG SAMUDRA RAYA,7,ON SCHEDULE,29,0,13.07.2026,13.06.2026,16.06.2026,17.06.2026,17.06.2026,29.06.2026,30.06.2026,,H014,WH INFORMA JABABEKA
R110260613H045_H014,CDD LONG CHASSIS,3500000,0,0,0,0,0,3500000,H014 - WH INFORMA JABABEKA,PT. CEHA LOGISTIK CEMERLANG,7,ON SCHEDULE,29,0,14.07.2026,14.06.2026,16.06.2026,17.06.2026,17.06.2026,18.06.2026,18.06.2026,,H014,WH INFORMA JABABEKA
R110260613H068_H014,CDD LONG CHASSIS,9300000,0,0,0,0,0,9300000,H014 - WH INFORMA JABABEKA,PT. AGUNG MAKMUR JAYA,6,LATE,33,51,18.07.2026,14.06.2026,19.06.2026,19.06.2026,20.06.2026,22.06.2026,23.06.2026,,H014,WH INFORMA JABABEKA
R110260613H069_H014,WINGBOX,4300000,0,0,0,0,0,4300000,H014 - WH INFORMA JABABEKA,PT.SIASAT CEPAT MUDA,7,ON SCHEDULE,29,0,14.07.2026,14.06.2026,16.06.2026,18.06.2026,19.06.2026,19.06.2026,24.06.2026,,H014,WH INFORMA JABABEKA
R110260613L018_H014,CDD LONG CHASSIS,3900000,0,0,0,0,0,3900000,H014 - WH INFORMA JABABEKA,PT. CEHA LOGISTIK CEMERLANG,7,ON SCHEDULE,26,0,11.07.2026,14.06.2026,16.06.2026,17.06.2026,19.06.2026,23.06.2026,23.06.2026,,H014,WH INFORMA JABABEKA
R110260613L031_H014,CDD LONG CHASSIS,3800000,0,0,0,0,0,3800000,H014 - WH INFORMA JABABEKA,PT. CEHA LOGISTIK CEMERLANG,7,ON SCHEDULE,26,0,11.07.2026,14.06.2026,17.06.2026,17.06.2026,19.06.2026,23.06.2026,23.06.2026,,H014,WH INFORMA JABABEKA
R110260613L049_H014,CDD LONG CHASSIS,3500000,0,0,0,0,0,3500000,H014 - WH INFORMA JABABEKA,PT. AGUNG MAKMUR JAYA,7,ON SCHEDULE,30,0,15.07.2026,14.06.2026,16.06.2026,17.06.2026,17.06.2026,18.06.2026,24.06.2026,,H014,WH INFORMA JABABEKA
R110260613L050_H014,CDD LONG CHASSIS,3900000,0,0,0,350000,0,4250000,H014 - WH INFORMA JABABEKA,PT. CEHA LOGISTIK CEMERLANG,7,ON SCHEDULE,29,0,14.07.2026,14.06.2026,17.06.2026,17.06.2026,19.06.2026,23.06.2026,23.06.2026,,H014,WH INFORMA JABABEKA
R110260613L066_H014,CDD LONG CHASSIS,3900000,0,0,0,0,0,3900000,H014 - WH INFORMA JABABEKA,PT. CEHA LOGISTIK CEMERLANG,7,ON SCHEDULE,30,0,15.07.2026,14.06.2026,16.06.2026,17.06.2026,17.06.2026,26.06.2026,26.06.2026,,H014,WH INFORMA JABABEKA
R110260613L074_H014,CDD LONG CHASSIS,3900000,0,0,0,600000,0,4500000,H014 - WH INFORMA JABABEKA,PT. CEHA LOGISTIK CEMERLANG,7,ON SCHEDULE,26,0,11.07.2026,14.06.2026,,25.06.2026,25.06.2026,25.06.2026,25.06.2026,,H014,WH INFORMA JABABEKA
R110260613L075_H014,CDD LONG CHASSIS,3500000,0,0,0,0,0,3500000,H014 - WH INFORMA JABABEKA,PT. CEHA LOGISTIK CEMERLANG,7,ON SCHEDULE,26,0,11.07.2026,14.06.2026,16.06.2026,17.06.2026,19.06.2026,26.06.2026,26.06.2026,,H014,WH INFORMA JABABEKA
R110260613L084_H014,WINGBOX,1998000,0,0,0,0,0,1998000,H014 - WH INFORMA JABABEKA,PT. ARDYA PRIMA INTERNUSA,6,LATE,27,50,13.07.2026,15.06.2026,16.06.2026,25.06.2026,25.06.2026,03.07.2026,09.07.2026,,H014,WH INFORMA JABABEKA
R110260613T021_H014,WINGBOX,5650000,0,0,0,0,0,5650000,H014 - WH INFORMA JABABEKA,PT. DUTA MEDIA MANDIRI,7,ON SCHEDULE,29,0,14.07.2026,14.06.2026,18.06.2026,19.06.2026,20.06.2026,23.06.2026,26.06.2026,,H014,WH INFORMA JABABEKA
R110260613T022_H014,WINGBOX,29500000,0,0,0,0,0,29500000,H014 - WH INFORMA JABABEKA,PT LOGISTIK CANGGIH INDONESIA,6,LATE,37,50,22.07.2026,14.06.2026,20.06.2026,09.07.2026,10.07.2026,10.07.2026,15.07.2026,,H014,WH INFORMA JABABEKA
R110260613T023_H014,CONT-40,30400000,0,0,0,0,0,30400000,H014 - WH INFORMA JABABEKA,PT. SENTOSAPRIMA ABADI,6,LATE,40,50,25.07.2026,14.06.2026,04.07.2026,13.07.2026,14.07.2026,23.07.2026,23.07.2026,,H014,WH INFORMA JABABEKA
R110260613T025_H014,CONT-40,30000000,0,0,550000,0,0,30550000,H014 - WH INFORMA JABABEKA,PT. TERATAI EMAS LOGISTINDO,6,LATE,40,51,25.07.2026,14.06.2026,28.06.2026,10.07.2026,11.07.2026,14.07.2026,14.07.2026,,H014,WH INFORMA JABABEKA
R110260613T026_H014,CONT-40,30000000,0,0,550000,0,0,30550000,H014 - WH INFORMA JABABEKA,PT. TERATAI EMAS LOGISTINDO,6,LATE,40,50,25.07.2026,14.06.2026,28.06.2026,14.07.2026,15.07.2026,16.07.2026,16.07.2026,,H014,WH INFORMA JABABEKA
R110260613T028_H014,CONT-40,26300000,0,0,0,0,0,26300000,H014 - WH INFORMA JABABEKA,PT. TPIL LOGISTICS,2,LATE,22,50,07.07.2026,14.06.2026,02.07.2026,,,,,,H014,WH INFORMA JABABEKA
R110260613T031_H014,WINGBOX,29500000,0,0,0,0,0,29500000,H014 - WH INFORMA JABABEKA,PT LOGISTIK CANGGIH INDONESIA,6,LATE,37,50,22.07.2026,14.06.2026,20.06.2026,09.07.2026,10.07.2026,10.07.2026,15.07.2026,,H014,WH INFORMA JABABEKA
R110260613T032_H014,CONT-40,26300000,0,0,0,0,0,26300000,H014 - WH INFORMA JABABEKA,PT. TPIL LOGISTICS,2,LATE,22,50,07.07.2026,14.06.2026,28.06.2026,,,,,,H014,WH INFORMA JABABEKA
R110260613T034_H014,CONT-40,29000000,0,0,0,0,0,29000000,H014 - WH INFORMA JABABEKA,PT. SARANA TRANS SUMATERA,2,LATE,26,50,11.07.2026,14.06.2026,09.07.2026,,,,,,H014,WH INFORMA JABABEKA
R110260613T040_H014,CONT-40,27200000,0,0,0,0,0,27200000,H014 - WH INFORMA JABABEKA,PT. SENTOSAPRIMA ABADI,6,LATE,37,51,21.07.2026,13.06.2026,02.07.2026,13.07.2026,13.07.2026,23.07.2026,23.07.2026,,H014,WH INFORMA JABABEKA
R110260613T041_H014,CONT-40,27200000,0,0,0,0,0,27200000,H014 - WH INFORMA JABABEKA,PT. SENTOSAPRIMA ABADI,6,LATE,37,51,22.07.2026,14.06.2026,02.07.2026,13.07.2026,13.07.2026,23.07.2026,23.07.2026,,H014,WH INFORMA JABABEKA
R110260613T042_H014,CONT-40,28000000,0,0,0,0,0,28000000,H014 - WH INFORMA JABABEKA,PT. TERATAI EMAS LOGISTINDO,6,LATE,37,50,23.07.2026,15.06.2026,16.07.2026,17.07.2026,17.07.2026,29.07.2026,29.07.2026,,H014,WH INFORMA JABABEKA
R110260613T043_H014,CONT-40,0,0,0,0,0,0,0,H014 - WH INFORMA JABABEKA,PT. TPIL LOGISTICS,2,LATE,17,50,02.07.2026,14.06.2026,02.07.2026,,,,,,H014,WH INFORMA JABABEKA
R110260613T044_H014,CONT-40,30000000,0,0,550000,0,0,30550000,H014 - WH INFORMA JABABEKA,PT. TERATAI EMAS LOGISTINDO,6,LATE,40,51,24.07.2026,13.06.2026,27.06.2026,14.07.2026,15.07.2026,16.07.2026,16.07.2026,,H014,WH INFORMA JABABEKA
R110260613T045_H014,CONT-40,30000000,0,0,550000,0,0,30550000,H014 - WH INFORMA JABABEKA,PT. TERATAI EMAS LOGISTINDO,6,LATE,40,50,25.07.2026,14.06.2026,28.06.2026,10.07.2026,11.07.2026,14.07.2026,14.07.2026,,H014,WH INFORMA JABABEKA
R110260613T046_H014,CONT-40,30400000,0,0,0,0,0,30400000,H014 - WH INFORMA JABABEKA,PT. SENTOSAPRIMA ABADI,6,LATE,40,51,24.07.2026,13.06.2026,02.07.2026,13.07.2026,14.07.2026,23.07.2026,23.07.2026,,H014,WH INFORMA JABABEKA
R110260613T047_H014,CONT-40,27900000,0,0,0,0,0,27900000,H014 - WH INFORMA JABABEKA,PT. MITRA INTERTRANS FORWARDING,2,LATE,22,50,07.07.2026,14.06.2026,28.06.2026,,,,,,H014,WH INFORMA JABABEKA
R110260613T048_H014,CONT-20,0,0,0,0,0,0,0,H014 - WH INFORMA JABABEKA,PT. TPIL LOGISTICS,2,LATE,34,49,20.07.2026,15.06.2026,04.07.2026,,,,,,H014,WH INFORMA JABABEKA
R110260613T049_H014,CONT-20,3900000,0,0,0,0,0,3900000,H014 - WH INFORMA JABABEKA,PT. JATIM PETROLEUM TRANSPORT,6,LATE,29,50,15.07.2026,15.06.2026,17.06.2026,10.07.2026,11.07.2026,16.07.2026,16.07.2026,,H014,WH INFORMA JABABEKA
R110260613T050_H014,CONT-40,30000000,0,0,550000,0,0,30550000,H014 - WH INFORMA JABABEKA,PT. TERATAI EMAS LOGISTINDO,6,LATE,40,50,25.07.2026,14.06.2026,28.06.2026,10.07.2026,11.07.2026,14.07.2026,14.07.2026,,H014,WH INFORMA JABABEKA
R110260613T058_H014,CONT-20,0,0,0,0,0,0,0,H014 - WH INFORMA JABABEKA,PT. HAKKA HYDRO TIRTA,2,LATE,20,50,05.07.2026,14.06.2026,02.07.2026,,,,,,H014,WH INFORMA JABABEKA
R110260613T059_H014,WINGBOX,6600000,0,0,0,0,0,6600000,H014 - WH INFORMA JABABEKA,PT. JAYA MULYA ERALINDO,7,ON SCHEDULE,29,0,14.07.2026,14.06.2026,17.06.2026,24.06.2026,25.06.2026,30.06.2026,30.06.2026,,H014,WH INFORMA JABABEKA
R110260614H011_H014,WINGBOX,1998000,0,0,0,0,0,1998000,H014 - WH INFORMA JABABEKA,PT. ARDYA PRIMA INTERNUSA,6,LATE,27,50,12.07.2026,14.06.2026,16.06.2026,25.06.2026,25.06.2026,03.07.2026,09.07.2026,,H014,WH INFORMA JABABEKA
R110260614H013_H014,WINGBOX,4825000,0,0,0,0,0,4825000,H014 - WH INFORMA JABABEKA,PT. CEHA LOGISTIK CEMERLANG,7,ON SCHEDULE,29,0,15.07.2026,15.06.2026,16.06.2026,17.06.2026,17.06.2026,23.06.2026,23.06.2026,,H014,WH INFORMA JABABEKA
R110260614H014_H014,CDD LONG CHASSIS,2850000,0,0,0,0,0,2850000,H014 - WH INFORMA JABABEKA,PT. BINTANG SAMUDRA RAYA,7,ON SCHEDULE,28,0,14.07.2026,15.06.2026,16.06.2026,17.06.2026,17.06.2026,29.06.2026,30.06.2026,,H014,WH INFORMA JABABEKA
R110260614H016_H014,FUSO,2300000,0,0,0,0,0,2300000,H014 - WH INFORMA JABABEKA,PT. DUTA MEDIA MANDIRI,7,ON SCHEDULE,27,0,13.07.2026,15.06.2026,16.06.2026,17.06.2026,17.06.2026,18.06.2026,23.06.2026,,H014,WH INFORMA JABABEKA
R110260614H018_H014,WINGBOX,4500000,0,0,0,0,0,4500000,H014 - WH INFORMA JABABEKA,PT. CEHA LOGISTIK CEMERLANG,7,ON SCHEDULE,29,0,15.07.2026,15.06.2026,17.06.2026,17.06.2026,17.06.2026,18.06.2026,18.06.2026,,H014,WH INFORMA JABABEKA
R110260614H020_H014,WINGBOX,11500000,0,0,0,0,0,11500000,H014 - WH INFORMA JABABEKA,PT. BINTANG SAMUDRA RAYA,7,ON SCHEDULE,29,0,15.07.2026,15.06.2026,19.06.2026,19.06.2026,20.06.2026,30.06.2026,02.07.2026,,H014,WH INFORMA JABABEKA
R110260614H040_H014,CDD LONG CHASSIS,12400000,0,0,0,0,0,12400000,H014 - WH INFORMA JABABEKA,PT.ORANG KREATIF EKSIS,6,LATE,31,50,16.07.2026,14.06.2026,19.06.2026,26.06.2026,26.06.2026,08.07.2026,08.07.2026,,H014,WH INFORMA JABABEKA
R110260614H052_H014,WINGBOX,15000000,0,0,0,0,0,15000000,H014 - WH INFORMA JABABEKA,PT. BINTANG SAMUDRA RAYA,7,ON SCHEDULE,30,0,16.07.2026,15.06.2026,20.06.2026,23.06.2026,23.06.2026,25.06.2026,25.06.2026,,H014,WH INFORMA JABABEKA
R110260614H056_H014,CDD LONG CHASSIS,2380000,0,0,0,0,0,2380000,H014 - WH INFORMA JABABEKA,PT. DUTA MEDIA MANDIRI,7,ON SCHEDULE,27,0,13.07.2026,15.06.2026,16.06.2026,17.06.2026,17.06.2026,18.06.2026,23.06.2026,,H014,WH INFORMA JABABEKA
R110260614H060_H014,CDD LONG CHASSIS,12400000,0,0,0,0,0,12400000,H014 - WH INFORMA JABABEKA,PT.ORANG KREATIF EKSIS,6,LATE,31,50,16.07.2026,14.06.2026,20.06.2026,26.06.2026,26.06.2026,08.07.2026,08.07.2026,,H014,WH INFORMA JABABEKA
R110260614H062_H014,CDD LONG CHASSIS,12400000,0,0,0,0,0,12400000,H014 - WH INFORMA JABABEKA,PT.ORANG KREATIF EKSIS,6,LATE,31,50,17.07.2026,15.06.2026,20.06.2026,26.06.2026,26.06.2026,08.07.2026,08.07.2026,,H014,WH INFORMA JABABEKA
R110260614H064_H014,CDD LONG CHASSIS,7400000,0,0,0,0,0,7400000,H014 - WH INFORMA JABABEKA,PT. BINTANG SAMUDRA RAYA,7,ON SCHEDULE,29,0,15.07.2026,15.06.2026,19.06.2026,19.06.2026,20.06.2026,29.06.2026,30.06.2026,,H014,WH INFORMA JABABEKA
R110260614H067_H014,CDD LONG CHASSIS,7400000,0,0,0,0,0,7400000,H014 - WH INFORMA JABABEKA,PT. BINTANG SAMUDRA RAYA,7,ON SCHEDULE,29,0,15.07.2026,15.06.2026,19.06.2026,19.06.2026,20.06.2026,29.06.2026,30.06.2026,,H014,WH INFORMA JABABEKA
R110260614H069_H014,WINGBOX,4825000,0,0,0,0,0,4825000,H014 - WH INFORMA JABABEKA,PT. CEHA LOGISTIK CEMERLANG,7,ON SCHEDULE,29,0,15.07.2026,15.06.2026,16.06.2026,17.06.2026,17.06.2026,18.06.2026,18.06.2026,,H014,WH INFORMA JABABEKA
R110260614L049_H014,CDD LONG CHASSIS,3500000,0,0,0,0,0,3500000,H014 - WH INFORMA JABABEKA,PT. AGUNG MAKMUR JAYA,7,ON SCHEDULE,26,0,12.07.2026,15.06.2026,17.06.2026,17.06.2026,19.06.2026,23.06.2026,24.06.2026,,H014,WH INFORMA JABABEKA
R110260614L052_H014,CDD LONG CHASSIS,3500000,0,0,0,0,0,3500000,H014 - WH INFORMA JABABEKA,PT. AGUNG MAKMUR JAYA,7,ON SCHEDULE,30,0,17.07.2026,16.06.2026,17.06.2026,18.06.2026,18.06.2026,18.06.2026,24.06.2026,,H014,WH INFORMA JABABEKA
R110260614L054_H014,CDD LONG CHASSIS,3500000,0,0,0,0,0,3500000,H014 - WH INFORMA JABABEKA,PT. AGUNG MAKMUR JAYA,7,ON SCHEDULE,28,0,14.07.2026,15.06.2026,17.06.2026,17.06.2026,18.06.2026,18.06.2026,24.06.2026,,H014,WH INFORMA JABABEKA
R110260614T024_H014,WINGBOX,5650000,0,0,0,0,0,5650000,H014 - WH INFORMA JABABEKA,PT. DUTA MEDIA MANDIRI,7,ON SCHEDULE,29,0,15.07.2026,15.06.2026,19.06.2026,19.06.2026,20.06.2026,23.06.2026,26.06.2026,,H014,WH INFORMA JABABEKA
R110260614T032_H014,WINGBOX,7000000,0,0,0,0,0,7000000,H014 - WH INFORMA JABABEKA,PT. DUNIA EXPRESS TRANSINDO,7,ON SCHEDULE,29,0,15.07.2026,15.06.2026,19.06.2026,25.06.2026,25.06.2026,02.07.2026,02.07.2026,,H014,WH INFORMA JABABEKA
R110260614T033_H014,WINGBOX,7000000,0,0,0,0,0,7000000,H014 - WH INFORMA JABABEKA,PT. DUNIA EXPRESS TRANSINDO,7,ON SCHEDULE,29,0,15.07.2026,15.06.2026,19.06.2026,25.06.2026,25.06.2026,02.07.2026,02.07.2026,,H014,WH INFORMA JABABEKA
R110260614T036_H014,CONT-40,25700000,0,0,0,0,0,25700000,H014 - WH INFORMA JABABEKA,PT. TPIL LOGISTICS,2,LATE,26,49,13.07.2026,16.06.2026,09.07.2026,,,,,,H014,WH INFORMA JABABEKA
R110260614T038_H014,CONT-40,30000000,0,0,550000,0,0,30550000,H014 - WH INFORMA JABABEKA,PT. TERATAI EMAS LOGISTINDO,6,LATE,40,49,26.07.2026,15.06.2026,28.06.2026,14.07.2026,15.07.2026,16.07.2026,16.07.2026,,H014,WH INFORMA JABABEKA
R110260614T039_H014,CONT-40,30000000,0,0,550000,0,0,30550000,H014 - WH INFORMA JABABEKA,PT. TERATAI EMAS LOGISTINDO,6,LATE,40,49,26.07.2026,15.06.2026,28.06.2026,10.07.2026,11.07.2026,14.07.2026,14.07.2026,,H014,WH INFORMA JABABEKA
R110260614T040_H014,CONT-40,28000000,0,0,0,0,0,28000000,H014 - WH INFORMA JABABEKA,PT. TERATAI EMAS LOGISTINDO,6,LATE,37,49,23.07.2026,15.06.2026,15.07.2026,15.07.2026,16.07.2026,29.07.2026,29.07.2026,,H014,WH INFORMA JABABEKA
R110260614T042_H014,CONT-40,29000000,0,0,0,0,0,29000000,H014 - WH INFORMA JABABEKA,PT. SARANA TRANS SUMATERA,2,LATE,26,49,12.07.2026,15.06.2026,04.07.2026,,,,,,H014,WH INFORMA JABABEKA
R110260614T043_H014,WINGBOX,6600000,0,0,0,0,0,6600000,H014 - WH INFORMA JABABEKA,PT. JAYA MULYA ERALINDO,7,ON SCHEDULE,29,0,14.07.2026,14.06.2026,16.06.2026,24.06.2026,25.06.2026,30.06.2026,30.06.2026,,H014,WH INFORMA JABABEKA
R110260614T044_H014,CONT-40,0,0,0,0,0,0,0,H014 - WH INFORMA JABABEKA,PT. TPIL LOGISTICS,2,LATE,22,48,09.07.2026,16.06.2026,02.07.2026,,,,,,H014,WH INFORMA JABABEKA
R110260614T046_H014,CONT-20,17550000,0,0,0,0,0,17550000,H014 - WH INFORMA JABABEKA,PT. MITRA INTERTRANS FORWARDING,6,LATE,40,49,26.07.2026,15.06.2026,02.07.2026,28.07.2026,28.07.2026,29.07.2026,29.07.2026,,H014,WH INFORMA JABABEKA
R110260614T047_H014,CONT-40,34700000,0,0,0,0,0,34700000,H014 - WH INFORMA JABABEKA,PT. SARANA TRANS SUMATERA,6,LATE,40,49,27.07.2026,16.06.2026,28.06.2026,16.07.2026,16.07.2026,17.07.2026,17.07.2026,,H014,WH INFORMA JABABEKA
R110260614T048_H014,WINGBOX,6600000,0,0,0,0,0,6600000,H014 - WH INFORMA JABABEKA,PT. JAYA MULYA ERALINDO,7,ON SCHEDULE,29,0,16.07.2026,16.06.2026,19.06.2026,24.06.2026,25.06.2026,30.06.2026,30.06.2026,,H014,WH INFORMA JABABEKA
R110260614T049_H014,WINGBOX,6600000,0,0,0,0,0,6600000,H014 - WH INFORMA JABABEKA,PT. JAYA MULYA ERALINDO,7,ON SCHEDULE,29,0,15.07.2026,15.06.2026,19.06.2026,24.06.2026,25.06.2026,30.06.2026,30.06.2026,,H014,WH INFORMA JABABEKA
R110260614T050_H014,CONT-20,15500000,0,0,300000,0,0,15800000,H014 - WH INFORMA JABABEKA,PT. SENTOSAPRIMA ABADI,6,LATE,42,48,29.07.2026,16.06.2026,27.06.2026,27.07.2026,28.07.2026,29.07.2026,29.07.2026,,H014,WH INFORMA JABABEKA
R110260614T051_H014,WINGBOX,6600000,0,0,0,0,0,6600000,H014 - WH INFORMA JABABEKA,PT. JAYA MULYA ERALINDO,7,ON SCHEDULE,29,0,15.07.2026,15.06.2026,19.06.2026,24.06.2026,25.06.2026,30.06.2026,30.06.2026,,H014,WH INFORMA JABABEKA
R110260615H006_H014,CDD LONG CHASSIS,1725000,0,0,0,0,0,1725000,H014 - WH INFORMA JABABEKA,PT. BINTANG SAMUDRA RAYA,7,ON SCHEDULE,27,0,14.07.2026,16.06.2026,16.06.2026,17.06.2026,17.06.2026,29.06.2026,30.06.2026,,H014,WH INFORMA JABABEKA
R110260615H022_H014,WINGBOX,4300000,0,0,0,0,0,4300000,H014 - WH INFORMA JABABEKA,PT.SIASAT CEPAT MUDA,7,ON SCHEDULE,29,0,16.07.2026,16.06.2026,17.06.2026,18.06.2026,19.06.2026,19.06.2026,24.06.2026,,H014,WH INFORMA JABABEKA
R110260615H023_H014,CDD LONG CHASSIS,12500000,0,0,0,0,0,12500000,H014 - WH INFORMA JABABEKA,PT.ORANG KREATIF EKSIS,6,LATE,30,49,17.07.2026,16.06.2026,20.06.2026,26.06.2026,26.06.2026,08.07.2026,08.07.2026,,H014,WH INFORMA JABABEKA
R110260615H024_H014,WINGBOX,15000000,0,0,0,0,0,15000000,H014 - WH INFORMA JABABEKA,PT. AGUNG MAKMUR JAYA,7,ON SCHEDULE,29,0,16.07.2026,16.06.2026,20.06.2026,24.06.2026,24.06.2026,24.06.2026,24.06.2026,,H014,WH INFORMA JABABEKA
R110260615H025_H014,CDD LONG CHASSIS,2850000,0,0,0,0,0,2850000,H014 - WH INFORMA JABABEKA,PT. BINTANG SAMUDRA RAYA,7,ON SCHEDULE,28,0,14.07.2026,15.06.2026,16.06.2026,17.06.2026,17.06.2026,29.06.2026,30.06.2026,,H014,WH INFORMA JABABEKA
R110260615H027_H014,WINGBOX,2350000,0,0,0,0,0,2350000,H014 - WH INFORMA JABABEKA,PT. BINTANG SAMUDRA RAYA,7,ON SCHEDULE,27,0,13.07.2026,15.06.2026,16.06.2026,17.06.2026,17.06.2026,29.06.2026,30.06.2026,,H014,WH INFORMA JABABEKA
R110260615H029_H014,WINGBOX,4825000,0,0,0,0,0,4825000,H014 - WH INFORMA JABABEKA,PT. CEHA LOGISTIK CEMERLANG,7,ON SCHEDULE,29,0,16.07.2026,16.06.2026,17.06.2026,18.06.2026,18.06.2026,25.06.2026,25.06.2026,,H014,WH INFORMA JABABEKA
R110260615H057_H014,CDD LONG CHASSIS,2200000,0,0,0,0,0,2200000,H014 - WH INFORMA JABABEKA,PT. AGUNG MAKMUR JAYA,7,ON SCHEDULE,27,0,14.07.2026,16.06.2026,17.06.2026,18.06.2026,18.06.2026,24.06.2026,24.06.2026,,H014,WH INFORMA JABABEKA
R110260615H067_H014,CDD LONG CHASSIS,8900000,0,0,0,0,0,8900000,H014 - WH INFORMA JABABEKA,PT. AGUNG MAKMUR JAYA,7,ON SCHEDULE,29,0,16.07.2026,16.06.2026,19.06.2026,19.06.2026,20.06.2026,23.06.2026,24.06.2026,,H014,WH INFORMA JABABEKA
R110260615H068_H014,CDD LONG CHASSIS,3500000,0,0,0,0,0,3500000,H014 - WH INFORMA JABABEKA,PT. AGUNG MAKMUR JAYA,7,ON SCHEDULE,30,0,17.07.2026,16.06.2026,17.06.2026,18.06.2026,18.06.2026,18.06.2026,24.06.2026,,H014,WH INFORMA JABABEKA
R110260615H069_H014,CDD LONG CHASSIS,3325000,0,0,0,0,0,3325000,H014 - WH INFORMA JABABEKA,PT. JEJE HARAPAN TRANSINDO,6,LATE,29,49,16.07.2026,16.06.2026,17.06.2026,15.07.2026,15.07.2026,20.07.2026,22.07.2026,,H014,WH INFORMA JABABEKA
R110260615H071_H014,CDD LONG CHASSIS,12500000,0,0,0,0,0,12500000,H014 - WH INFORMA JABABEKA,PT.ORANG KREATIF EKSIS,6,LATE,30,49,17.07.2026,16.06.2026,20.06.2026,26.06.2026,26.06.2026,08.07.2026,08.07.2026,,H014,WH INFORMA JABABEKA
R110260615H072_H014,CDD LONG CHASSIS,12500000,0,0,0,0,0,12500000,H014 - WH INFORMA JABABEKA,PT.ORANG KREATIF EKSIS,6,LATE,30,49,17.07.2026,16.06.2026,20.06.2026,26.06.2026,26.06.2026,08.07.2026,08.07.2026,,H014,WH INFORMA JABABEKA
R110260615H074_H014,WINGBOX,4825000,0,0,0,0,0,4825000,H014 - WH INFORMA JABABEKA,PT. CEHA LOGISTIK CEMERLANG,7,ON SCHEDULE,29,0,16.07.2026,16.06.2026,19.06.2026,22.06.2026,22.06.2026,23.06.2026,23.06.2026,,H014,WH INFORMA JABABEKA
R110260615L001_H014,CDD LONG CHASSIS,1725000,0,0,0,0,0,1725000,H014 - WH INFORMA JABABEKA,PT. BINTANG SAMUDRA RAYA,4,LATE,14,44,06.07.2026,21.06.2026,24.06.2026,14.07.2026,14.07.2026,,,,H014,WH INFORMA JABABEKA
R110260615L010_H014,WINGBOX,4300000,0,0,0,0,0,4300000,H014 - WH INFORMA JABABEKA,PT.SIASAT CEPAT MUDA,7,ON SCHEDULE,29,0,16.07.2026,16.06.2026,19.06.2026,19.06.2026,20.06.2026,01.07.2026,03.07.2026,,H014,WH INFORMA JABABEKA
R110260615L073_H014,CDD LONG CHASSIS,1400000,0,0,0,200000,0,1600000,H014 - WH INFORMA JABABEKA,PT. BINTANG SAMUDRA RAYA,7,ON SCHEDULE,27,0,14.07.2026,16.06.2026,17.06.2026,02.07.2026,03.07.2026,03.07.2026,03.07.2026,,H014,WH INFORMA JABABEKA
R110260615L082_H014,CDD LONG CHASSIS,1400000,0,0,0,200000,0,1600000,H014 - WH INFORMA JABABEKA,PT. BINTANG SAMUDRA RAYA,6,LATE,27,49,14.07.2026,16.06.2026,17.06.2026,02.07.2026,03.07.2026,21.07.2026,21.07.2026,,H014,WH INFORMA JABABEKA
R110260615L083_H014,CDD LONG CHASSIS,3300000,0,0,0,300000,0,3600000,H014 - WH INFORMA JABABEKA,PT. JAYA MULYA ERALINDO,6,LATE,30,49,17.07.2026,16.06.2026,19.06.2026,10.07.2026,10.07.2026,13.07.2026,13.07.2026,,H014,WH INFORMA JABABEKA
R110260615L091_H014,CDD LONG CHASSIS,8855000,0,0,0,0,0,8855000,H014 - WH INFORMA JABABEKA,PT.ORANG KREATIF EKSIS,6,LATE,30,48,17.07.2026,16.06.2026,20.06.2026,26.06.2026,26.06.2026,08.07.2026,08.07.2026,,H014,WH INFORMA JABABEKA
R110260615L098_H014,FUSO,11450000,0,0,0,0,0,11450000,H014 - WH INFORMA JABABEKA,PT LOGISTIK CANGGIH INDONESIA,6,LATE,26,49,13.07.2026,16.06.2026,20.06.2026,15.07.2026,16.07.2026,17.07.2026,22.07.2026,,H014,WH INFORMA JABABEKA
R110260615T020_H014,WINGBOX,6600000,0,0,0,0,0,6600000,H014 - WH INFORMA JABABEKA,PT. JAYA MULYA ERALINDO,7,ON SCHEDULE,29,0,16.07.2026,16.06.2026,19.06.2026,24.06.2026,25.06.2026,30.06.2026,30.06.2026,,H014,WH INFORMA JABABEKA
R110260615T021_H014,WINGBOX,24000000,0,0,0,0,0,24000000,H014 - WH INFORMA JABABEKA,PT. CITRA SENTRAL EKSPRES,6,LATE,37,48,24.07.2026,16.06.2026,24.06.2026,03.07.2026,04.07.2026,09.07.2026,10.07.2026,,H014,WH INFORMA JABABEKA
R110260615T022_H014,WINGBOX,24000000,0,0,0,0,0,24000000,H014 - WH INFORMA JABABEKA,PT. CITRA SENTRAL EKSPRES,6,LATE,37,48,24.07.2026,16.06.2026,24.06.2026,03.07.2026,04.07.2026,09.07.2026,10.07.2026,,H014,WH INFORMA JABABEKA
R110260615T028_H014,WINGBOX,6600000,0,0,0,0,0,6600000,H014 - WH INFORMA JABABEKA,PT. JAYA MULYA ERALINDO,7,ON SCHEDULE,29,0,16.07.2026,16.06.2026,19.06.2026,24.06.2026,25.06.2026,30.06.2026,30.06.2026,,H014,WH INFORMA JABABEKA
R110260616H015_H014,WINGBOX,11500000,0,0,0,0,0,11500000,H014 - WH INFORMA JABABEKA,PT. BINTANG SAMUDRA RAYA,7,ON SCHEDULE,29,0,17.07.2026,17.06.2026,20.06.2026,24.06.2026,24.06.2026,13.07.2026,14.07.2026,,H014,WH INFORMA JABABEKA
R110260616H016_H014,WINGBOX,1998000,0,0,0,0,0,1998000,H014 - WH INFORMA JABABEKA,PT. ARDYA PRIMA INTERNUSA,6,LATE,27,48,15.07.2026,17.06.2026,17.06.2026,25.06.2026,25.06.2026,03.07.2026,09.07.2026,,H014,WH INFORMA JABABEKA
R110260616H018_H014,WINGBOX,4300000,0,0,0,0,0,4300000,H014 - WH INFORMA JABABEKA,PT.SIASAT CEPAT MUDA,7,ON SCHEDULE,29,0,17.07.2026,17.06.2026,19.06.2026,19.06.2026,20.06.2026,01.07.2026,03.07.2026,,H014,WH INFORMA JABABEKA
R110260616H022_H014,WINGBOX,17000000,0,0,0,0,0,17000000,H014 - WH INFORMA JABABEKA,PT. BINTANG SAMUDRA RAYA,7,ON SCHEDULE,33,0,20.07.2026,16.06.2026,20.06.2026,23.06.2026,23.06.2026,25.06.2026,25.06.2026,,H014,WH INFORMA JABABEKA
R110260616H025_H014,WINGBOX,4825000,0,0,0,0,0,4825000,H014 - WH INFORMA JABABEKA,PT. CEHA LOGISTIK CEMERLANG,7,ON SCHEDULE,29,0,16.07.2026,16.06.2026,19.06.2026,22.06.2026,22.06.2026,25.06.2026,25.06.2026,,H014,WH INFORMA JABABEKA
R110260616H026_H014,WINGBOX,3500000,0,0,0,0,0,3500000,H014 - WH INFORMA JABABEKA,PT. BINTANG SAMUDRA RAYA,7,ON SCHEDULE,29,0,16.07.2026,16.06.2026,19.06.2026,24.06.2026,24.06.2026,29.06.2026,30.06.2026,,H014,WH INFORMA JABABEKA
R110260616H027_H014,CDD LONG CHASSIS,2250000,0,0,0,0,0,2250000,H014 - WH INFORMA JABABEKA,PT. BINTANG SAMUDRA RAYA,7,ON SCHEDULE,27,0,14.07.2026,16.06.2026,18.06.2026,24.06.2026,24.06.2026,29.06.2026,30.06.2026,,H014,WH INFORMA JABABEKA
R110260616H028_H014,WINGBOX,15000000,0,0,0,0,0,15000000,H014 - WH INFORMA JABABEKA,PT. BINTANG SAMUDRA RAYA,7,ON SCHEDULE,30,0,18.07.2026,17.06.2026,20.06.2026,24.06.2026,24.06.2026,29.06.2026,30.06.2026,,H014,WH INFORMA JABABEKA
R110260616H033_H014,WINGBOX,1998000,0,0,0,0,0,1998000,H014 - WH INFORMA JABABEKA,PT. ARDYA PRIMA INTERNUSA,6,LATE,27,48,14.07.2026,16.06.2026,17.06.2026,25.06.2026,25.06.2026,03.07.2026,09.07.2026,,H014,WH INFORMA JABABEKA
R110260616H055_H014,CDD LONG CHASSIS,2250000,0,0,0,0,0,2250000,H014 - WH INFORMA JABABEKA,PT. BINTANG SAMUDRA RAYA,7,ON SCHEDULE,27,0,14.07.2026,16.06.2026,18.06.2026,24.06.2026,24.06.2026,29.06.2026,30.06.2026,,H014,WH INFORMA JABABEKA
R110260616H056_H014,WINGBOX,1998000,0,0,0,0,0,1998000,H014 - WH INFORMA JABABEKA,PT. ARDYA PRIMA INTERNUSA,6,LATE,27,48,14.07.2026,16.06.2026,17.06.2026,25.06.2026,25.06.2026,03.07.2026,09.07.2026,,H014,WH INFORMA JABABEKA
R110260616H057_H014,WINGBOX,4300000,0,0,0,0,0,4300000,H014 - WH INFORMA JABABEKA,PT.SIASAT CEPAT MUDA,7,ON SCHEDULE,29,0,17.07.2026,17.06.2026,19.06.2026,19.06.2026,20.06.2026,01.07.2026,03.07.2026,,H014,WH INFORMA JABABEKA
R110260616H058_H014,WINGBOX,4500000,0,0,0,0,0,4500000,H014 - WH INFORMA JABABEKA,PT. CEHA LOGISTIK CEMERLANG,7,ON SCHEDULE,29,0,17.07.2026,17.06.2026,19.06.2026,22.06.2026,22.06.2026,23.06.2026,23.06.2026,,H014,WH INFORMA JABABEKA
R110260616H059_H014,CDD LONG CHASSIS,1400000,0,0,0,0,0,1400000,H014 - WH INFORMA JABABEKA,PT. BINTANG SAMUDRA RAYA,7,ON SCHEDULE,27,0,14.07.2026,16.06.2026,17.06.2026,24.06.2026,24.06.2026,29.06.2026,30.06.2026,,H014,WH INFORMA JABABEKA
R110260616H061_H014,FUSO,15250000,0,0,0,0,0,15250000,H014 - WH INFORMA JABABEKA,PT LOGISTIK CANGGIH INDONESIA,6,LATE,30,48,18.07.2026,17.06.2026,24.06.2026,02.07.2026,02.07.2026,03.07.2026,08.07.2026,,H014,WH INFORMA JABABEKA
R110260616H062_H014,CDD LONG CHASSIS,2200000,0,0,0,0,0,2200000,H014 - WH INFORMA JABABEKA,PT. AGUNG MAKMUR JAYA,7,ON SCHEDULE,27,0,14.07.2026,16.06.2026,17.06.2026,17.06.2026,18.06.2026,24.06.2026,24.06.2026,,H014,WH INFORMA JABABEKA
R110260616H063_H014,WINGBOX,4000000,0,0,0,0,0,4000000,H014 - WH INFORMA JABABEKA,PT. BINTANG SAMUDRA RAYA,7,ON SCHEDULE,28,0,15.07.2026,16.06.2026,19.06.2026,24.06.2026,24.06.2026,29.06.2026,30.06.2026,,H014,WH INFORMA JABABEKA
R110260616H066_H014,CDD LONG CHASSIS,9300000,0,0,0,0,0,9300000,H014 - WH INFORMA JABABEKA,PT. AGUNG MAKMUR JAYA,7,ON SCHEDULE,33,0,21.07.2026,17.06.2026,20.06.2026,22.06.2026,22.06.2026,24.06.2026,25.06.2026,,H014,WH INFORMA JABABEKA
R110260616H068_H014,FUSO,19350000,0,0,0,0,0,19350000,H014 - WH INFORMA JABABEKA,PT. SATRIA PIRANTI PERKASA,6,LATE,31,48,19.07.2026,17.06.2026,22.06.2026,24.07.2026,24.07.2026,29.07.2026,29.07.2026,,H014,WH INFORMA JABABEKA
R110260616H069_H014,WINGBOX,2599000,0,0,0,0,0,2599000,H014 - WH INFORMA JABABEKA,PT. DUTA MEDIA MANDIRI,7,ON SCHEDULE,27,0,15.07.2026,17.06.2026,17.06.2026,17.06.2026,17.06.2026,23.06.2026,26.06.2026,,H014,WH INFORMA JABABEKA
R110260616H075_H014,CDD LONG CHASSIS,12400000,0,0,0,0,0,12400000,H014 - WH INFORMA JABABEKA,PT.ORANG KREATIF EKSIS,6,LATE,31,48,18.07.2026,16.06.2026,20.06.2026,26.06.2026,26.06.2026,08.07.2026,08.07.2026,,H014,WH INFORMA JABABEKA
R110260616H077_H014,WINGBOX,4830000,0,0,0,0,0,4830000,H014 - WH INFORMA JABABEKA,PT. DUTA MEDIA MANDIRI,7,ON SCHEDULE,29,0,17.07.2026,17.06.2026,19.06.2026,19.06.2026,20.06.2026,23.06.2026,26.06.2026,,H014,WH INFORMA JABABEKA
R110260616L034_H014,CDD LONG CHASSIS,3100000,0,0,0,0,0,3100000,H014 - WH INFORMA JABABEKA,PT. BINTANG SAMUDRA RAYA,4,LATE,14,48,01.07.2026,16.06.2026,19.06.2026,14.07.2026,14.07.2026,,,,H014,WH INFORMA JABABEKA
R110260616L039_H014,FUSO,19200000,0,0,1000000,0,0,20200000,H014 - WH INFORMA JABABEKA,PT. SATRIA PIRANTI PERKASA,6,LATE,26,48,13.07.2026,16.06.2026,,23.07.2026,24.07.2026,29.07.2026,29.07.2026,,H014,WH INFORMA JABABEKA
R110260616T025_H014,CONT-20,0,0,0,0,0,0,0,H014 - WH INFORMA JABABEKA,PT. TPIL LOGISTICS,2,LATE,20,48,08.07.2026,17.06.2026,12.07.2026,,,,,,H014,WH INFORMA JABABEKA
R110260616T026_H014,WINGBOX,7000000,0,0,0,0,0,7000000,H014 - WH INFORMA JABABEKA,PT. DUNIA EXPRESS TRANSINDO,7,ON SCHEDULE,29,0,17.07.2026,17.06.2026,20.06.2026,25.06.2026,25.06.2026,02.07.2026,02.07.2026,,H014,WH INFORMA JABABEKA
R110260616T027_H014,CONT-40,28500000,0,0,0,0,0,28500000,H014 - WH INFORMA JABABEKA,PT. MITRA INTERTRANS FORWARDING,6,LATE,40,48,28.07.2026,17.06.2026,02.07.2026,24.07.2026,25.07.2026,29.07.2026,29.07.2026,,H014,WH INFORMA JABABEKA
R110260616T029_H014,CONT-40,26000000,0,0,1000000,0,0,27000000,H014 - WH INFORMA JABABEKA,PT. WIDYA TRANS CARGO,6,LATE,42,47,31.07.2026,18.06.2026,27.06.2026,10.07.2026,11.07.2026,13.07.2026,13.07.2026,,H014,WH INFORMA JABABEKA
R110260616T030_H014,CONT-40,0,0,0,0,0,0,0,H014 - WH INFORMA JABABEKA,PT. TPIL LOGISTICS,2,LATE,20,48,08.07.2026,17.06.2026,02.07.2026,,,,,,H014,WH INFORMA JABABEKA
R110260616T046_H014,CONT-40,27000000,0,0,0,0,0,27000000,H014 - WH INFORMA JABABEKA,PT. WIDYA TRANS CARGO,6,LATE,40,48,28.07.2026,17.06.2026,02.07.2026,14.07.2026,14.07.2026,16.07.2026,16.07.2026,,H014,WH INFORMA JABABEKA
R110260616T047_H014,CONT-40,30000000,0,0,550000,0,0,30550000,H014 - WH INFORMA JABABEKA,PT. TERATAI EMAS LOGISTINDO,6,LATE,40,47,28.07.2026,17.06.2026,04.07.2026,15.07.2026,16.07.2026,17.07.2026,21.07.2026,,H014,WH INFORMA JABABEKA
R110260616T050_H014,CONT-20,15500000,0,0,300000,0,0,15800000,H014 - WH INFORMA JABABEKA,PT. SENTOSAPRIMA ABADI,6,LATE,42,48,30.07.2026,17.06.2026,27.06.2026,27.07.2026,28.07.2026,29.07.2026,29.07.2026,,H014,WH INFORMA JABABEKA
R110260616T051_H014,CONT-40,27200000,0,0,0,0,0,27200000,H014 - WH INFORMA JABABEKA,PT. SENTOSAPRIMA ABADI,6,LATE,37,48,25.07.2026,17.06.2026,04.07.2026,31.07.2026,31.07.2026,03.08.2026,03.08.2026,,H014,WH INFORMA JABABEKA
R110260617H040_H014,WINGBOX,4300000,0,0,0,0,0,4300000,H014 - WH INFORMA JABABEKA,PT.SIASAT CEPAT MUDA,7,ON SCHEDULE,29,0,18.07.2026,18.06.2026,20.06.2026,22.06.2026,22.06.2026,01.07.2026,03.07.2026,,H014,WH INFORMA JABABEKA
R110260617H041_H014,WINGBOX,4825000,0,0,0,0,0,4825000,H014 - WH INFORMA JABABEKA,PT. CEHA LOGISTIK CEMERLANG,7,ON SCHEDULE,29,0,18.07.2026,18.06.2026,20.06.2026,22.06.2026,22.06.2026,25.06.2026,25.06.2026,,H014,WH INFORMA JABABEKA
R110260617H043_H014,WINGBOX,2599000,0,0,0,0,0,2599000,H014 - WH INFORMA JABABEKA,PT. DUTA MEDIA MANDIRI,7,ON SCHEDULE,27,0,15.07.2026,17.06.2026,19.06.2026,19.06.2026,20.06.2026,23.06.2026,26.06.2026,,H014,WH INFORMA JABABEKA
R110260617H046_H014,CDD LONG CHASSIS,2850000,0,0,0,0,0,2850000,H014 - WH INFORMA JABABEKA,PT. BINTANG SAMUDRA RAYA,7,ON SCHEDULE,28,0,16.07.2026,17.06.2026,19.06.2026,24.06.2026,24.06.2026,29.06.2026,30.06.2026,,H014,WH INFORMA JABABEKA
R110260617H048_H014,WINGBOX,1998000,0,0,0,0,0,1998000,H014 - WH INFORMA JABABEKA,PT. ARDYA PRIMA INTERNUSA,6,LATE,27,47,15.07.2026,17.06.2026,19.06.2026,25.06.2026,25.06.2026,03.07.2026,09.07.2026,,H014,WH INFORMA JABABEKA
R110260617H049_H014,WINGBOX,1998000,0,0,0,0,0,1998000,H014 - WH INFORMA JABABEKA,PT. ARDYA PRIMA INTERNUSA,6,LATE,27,47,15.07.2026,17.06.2026,19.06.2026,25.06.2026,25.06.2026,03.07.2026,09.07.2026,,H014,WH INFORMA JABABEKA
R110260617H055_H014,CDD LONG CHASSIS,7400000,0,0,0,0,0,7400000,H014 - WH INFORMA JABABEKA,PT. BINTANG SAMUDRA RAYA,7,ON SCHEDULE,29,0,17.07.2026,17.06.2026,22.06.2026,24.06.2026,24.06.2026,29.06.2026,30.06.2026,,H014,WH INFORMA JABABEKA
R110260617H057_H014,WINGBOX,4825000,0,0,0,0,0,4825000,H014 - WH INFORMA JABABEKA,PT. CEHA LOGISTIK CEMERLANG,7,ON SCHEDULE,29,0,18.07.2026,18.06.2026,20.06.2026,22.06.2026,22.06.2026,25.06.2026,25.06.2026,,H014,WH INFORMA JABABEKA
R110260617H058_H014,CDD LONG CHASSIS,4900000,0,0,0,150000,0,5050000,H014 - WH INFORMA JABABEKA,PT.ORANG KREATIF EKSIS,6,LATE,28,47,17.07.2026,18.06.2026,19.06.2026,26.06.2026,26.06.2026,08.07.2026,08.07.2026,,H014,WH INFORMA JABABEKA
R110260617H060_H014,CDD LONG CHASSIS,7500000,0,0,0,0,0,7500000,H014 - WH INFORMA JABABEKA,PT.ORANG KREATIF EKSIS,6,LATE,29,47,17.07.2026,17.06.2026,22.06.2026,26.06.2026,26.06.2026,08.07.2026,08.07.2026,,H014,WH INFORMA JABABEKA
R110260617H063_H014,CDD LONG CHASSIS,3600000,0,0,0,0,0,3600000,H014 - WH INFORMA JABABEKA,PT. BINTANG SAMUDRA RAYA,7,ON SCHEDULE,29,0,18.07.2026,18.06.2026,20.06.2026,24.06.2026,24.06.2026,29.06.2026,30.06.2026,,H014,WH INFORMA JABABEKA
R110260617L043_H014,CDD LONG CHASSIS,7500000,0,0,0,0,0,7500000,H014 - WH INFORMA JABABEKA,PT.ORANG KREATIF EKSIS,6,LATE,26,47,14.07.2026,17.06.2026,22.06.2026,26.06.2026,26.06.2026,08.07.2026,08.07.2026,,H014,WH INFORMA JABABEKA
R110260617L072_H014,CDD LONG CHASSIS,1400000,0,0,0,0,0,1400000,H014 - WH INFORMA JABABEKA,PT. BINTANG SAMUDRA RAYA,7,ON SCHEDULE,27,0,16.07.2026,18.06.2026,19.06.2026,24.06.2026,24.06.2026,29.06.2026,30.06.2026,,H014,WH INFORMA JABABEKA
R110260617L078_H014,CDD LONG CHASSIS,3500000,0,0,0,350000,0,3850000,H014 - WH INFORMA JABABEKA,PT. CEHA LOGISTIK CEMERLANG,7,ON SCHEDULE,29,0,18.07.2026,18.06.2026,20.06.2026,22.06.2026,22.06.2026,23.06.2026,23.06.2026,,H014,WH INFORMA JABABEKA
R110260617L079_H014,CDD LONG CHASSIS,3500000,0,0,0,100000,0,3600000,H014 - WH INFORMA JABABEKA,PT. AGUNG MAKMUR JAYA,7,ON SCHEDULE,27,0,16.07.2026,18.06.2026,20.06.2026,22.06.2026,22.06.2026,24.06.2026,25.06.2026,,H014,WH INFORMA JABABEKA
R110260617L079_H014,CDD LONG CHASSIS,3500000,0,0,0,100000,0,3600000,H014 - WH INFORMA JABABEKA,PT. AGUNG MAKMUR JAYA,7,ON SCHEDULE,27,0,16.07.2026,18.06.2026,20.06.2026,22.06.2026,22.06.2026,24.06.2026,25.06.2026,,H014,WH INFORMA JABABEKA
R110260617L079_H014,CDD LONG CHASSIS,3500000,0,0,0,100000,0,3600000,H014 - WH INFORMA JABABEKA,PT. AGUNG MAKMUR JAYA,7,ON SCHEDULE,27,0,16.07.2026,18.06.2026,20.06.2026,22.06.2026,22.06.2026,24.06.2026,25.06.2026,,H014,WH INFORMA JABABEKA
R110260617T018_H014,WINGBOX,5600000,0,0,0,0,0,5600000,H014 - WH INFORMA JABABEKA,PT. BINTANG SAMUDRA RAYA,7,ON SCHEDULE,29,0,18.07.2026,18.06.2026,20.06.2026,24.06.2026,24.06.2026,29.06.2026,30.06.2026,,H014,WH INFORMA JABABEKA
R110260617T019_H014,CONT-40,29000000,0,0,0,0,0,29000000,H014 - WH INFORMA JABABEKA,PT. SARANA TRANS SUMATERA,2,LATE,26,47,15.07.2026,18.06.2026,12.07.2026,,,,,,H014,WH INFORMA JABABEKA
R110260617T020_H014,WINGBOX,24000000,0,0,0,0,0,24000000,H014 - WH INFORMA JABABEKA,PT. CITRA SENTRAL EKSPRES,6,LATE,37,47,26.07.2026,18.06.2026,24.06.2026,03.07.2026,04.07.2026,09.07.2026,10.07.2026,,H014,WH INFORMA JABABEKA
R110260617T021_H014,WINGBOX,19000000,0,0,0,0,0,19000000,H014 - WH INFORMA JABABEKA,PT. BINTANG SAMUDRA RAYA,6,LATE,37,47,26.07.2026,18.06.2026,24.06.2026,14.07.2026,14.07.2026,22.07.2026,22.07.2026,,H014,WH INFORMA JABABEKA
R110260617T024_H014,CONT-20,13300000,0,0,0,0,0,13300000,H014 - WH INFORMA JABABEKA,PT.BANGKA JAYA LINE,6,LATE,40,46,30.07.2026,19.06.2026,27.06.2026,06.07.2026,07.07.2026,09.07.2026,09.07.2026,,H014,WH INFORMA JABABEKA
R110260617T032_H014,CONT-40,32000000,0,0,0,0,0,32000000,H014 - WH INFORMA JABABEKA,PT. DAYA EKA SAMUDERA JAKARTA,6,LATE,37,47,26.07.2026,18.06.2026,04.07.2026,16.07.2026,16.07.2026,20.07.2026,20.07.2026,,H014,WH INFORMA JABABEKA
R110260617T033_H014,CONT-40,32000000,0,0,0,0,0,32000000,H014 - WH INFORMA JABABEKA,PT. DAYA EKA SAMUDERA JAKARTA,6,LATE,37,47,25.07.2026,17.06.2026,04.07.2026,16.07.2026,16.07.2026,20.07.2026,20.07.2026,,H014,WH INFORMA JABABEKA
R110260617T034_H014,CONT-40,28000000,0,0,0,0,0,28000000,H014 - WH INFORMA JABABEKA,PT. TERATAI EMAS LOGISTINDO,6,LATE,37,47,25.07.2026,17.06.2026,16.07.2026,17.07.2026,17.07.2026,29.07.2026,29.07.2026,,H014,WH INFORMA JABABEKA
R110260617T035_H014,CONT-40,30000000,0,0,550000,0,0,30550000,H014 - WH INFORMA JABABEKA,PT. TERATAI EMAS LOGISTINDO,6,LATE,40,46,29.07.2026,18.06.2026,09.07.2026,15.07.2026,16.07.2026,17.07.2026,17.07.2026,,H014,WH INFORMA JABABEKA
R110260617T036_H014,CONT-40,30000000,0,0,550000,0,0,30550000,H014 - WH INFORMA JABABEKA,PT. TERATAI EMAS LOGISTINDO,6,LATE,40,46,29.07.2026,18.06.2026,09.07.2026,15.07.2026,16.07.2026,17.07.2026,17.07.2026,,H014,WH INFORMA JABABEKA
R110260617T037_H014,CONT-40,30000000,0,0,550000,0,0,30550000,H014 - WH INFORMA JABABEKA,PT. TERATAI EMAS LOGISTINDO,6,LATE,40,46,30.07.2026,19.06.2026,09.07.2026,15.07.2026,16.07.2026,17.07.2026,17.07.2026,,H014,WH INFORMA JABABEKA
R110260617T038_H014,CONT-40,27900000,0,0,800000,0,0,28700000,H014 - WH INFORMA JABABEKA,PT. MITRA INTERTRANS FORWARDING,6,LATE,42,47,31.07.2026,18.06.2026,02.07.2026,24.07.2026,25.07.2026,28.07.2026,28.07.2026,,H014,WH INFORMA JABABEKA
R110260617T039_H014,WINGBOX,5650000,0,0,0,0,0,5650000,H014 - WH INFORMA JABABEKA,PT. DUTA MEDIA MANDIRI,7,ON SCHEDULE,29,0,17.07.2026,17.06.2026,20.06.2026,26.06.2026,26.06.2026,26.06.2026,26.06.2026,,H014,WH INFORMA JABABEKA
R110260617T040_H014,CONT-40,26500000,0,0,0,0,0,26500000,H014 - WH INFORMA JABABEKA,PT. SENTOSAPRIMA ABADI,6,LATE,40,47,28.07.2026,17.06.2026,02.07.2026,30.07.2026,30.07.2026,31.07.2026,31.07.2026,,H014,WH INFORMA JABABEKA
R110260617T041_H014,CONT-40,26500000,0,0,0,0,0,26500000,H014 - WH INFORMA JABABEKA,PT. SENTOSAPRIMA ABADI,6,LATE,40,47,28.07.2026,17.06.2026,02.07.2026,30.07.2026,30.07.2026,31.07.2026,31.07.2026,,H014,WH INFORMA JABABEKA
R110260617T042_H014,CONT-40,30600000,0,0,0,0,0,30600000,H014 - WH INFORMA JABABEKA,PT. SARANA TRANS SUMATERA,6,LATE,40,47,28.07.2026,17.06.2026,02.07.2026,17.07.2026,17.07.2026,20.07.2026,20.07.2026,,H014,WH INFORMA JABABEKA
R110260617T043_H014,CONT-40,30600000,0,0,0,0,0,30600000,H014 - WH INFORMA JABABEKA,PT. SARANA TRANS SUMATERA,6,LATE,40,47,28.07.2026,17.06.2026,02.07.2026,16.07.2026,16.07.2026,17.07.2026,17.07.2026,,H014,WH INFORMA JABABEKA
R110260617T045_H014,CONT-40,30000000,0,0,550000,0,0,30550000,H014 - WH INFORMA JABABEKA,PT. TERATAI EMAS LOGISTINDO,6,LATE,40,46,30.07.2026,19.06.2026,09.07.2026,15.07.2026,16.07.2026,17.07.2026,17.07.2026,,H014,WH INFORMA JABABEKA
R110260617T046_H014,CONT-40,28000000,0,0,0,0,0,28000000,H014 - WH INFORMA JABABEKA,PT. TERATAI EMAS LOGISTINDO,6,LATE,37,46,26.07.2026,18.06.2026,16.07.2026,17.07.2026,17.07.2026,29.07.2026,29.07.2026,,H014,WH INFORMA JABABEKA
R110260617T047_H014,CONT-40,28000000,0,0,0,0,0,28000000,H014 - WH INFORMA JABABEKA,PT. TERATAI EMAS LOGISTINDO,6,LATE,37,46,26.07.2026,18.06.2026,15.07.2026,15.07.2026,16.07.2026,29.07.2026,29.07.2026,,H014,WH INFORMA JABABEKA
R110260617T048_H014,CONT-40,28000000,0,0,0,0,0,28000000,H014 - WH INFORMA JABABEKA,PT. TERATAI EMAS LOGISTINDO,6,LATE,37,46,26.07.2026,18.06.2026,15.07.2026,15.07.2026,16.07.2026,29.07.2026,29.07.2026,,H014,WH INFORMA JABABEKA
R110260617T049_H014,CONT-40,27900000,0,0,0,0,0,27900000,H014 - WH INFORMA JABABEKA,PT. MITRA INTERTRANS FORWARDING,2,LATE,22,46,11.07.2026,18.06.2026,02.07.2026,,,,,,H014,WH INFORMA JABABEKA
R110260617T050_H014,CONT-40,30600000,0,0,0,0,0,30600000,H014 - WH INFORMA JABABEKA,PT. SARANA TRANS SUMATERA,6,LATE,40,47,29.07.2026,18.06.2026,02.07.2026,16.07.2026,16.07.2026,17.07.2026,17.07.2026,,H014,WH INFORMA JABABEKA
R110260617T051_H014,CONT-40,30000000,0,0,550000,0,0,30550000,H014 - WH INFORMA JABABEKA,PT. TERATAI EMAS LOGISTINDO,6,LATE,40,45,30.07.2026,19.06.2026,04.07.2026,15.07.2026,16.07.2026,17.07.2026,21.07.2026,,H014,WH INFORMA JABABEKA
R110260617T052_H014,CONT-40,32000000,0,0,0,0,0,32000000,H014 - WH INFORMA JABABEKA,PT. DAYA EKA SAMUDERA JAKARTA,6,LATE,37,46,26.07.2026,18.06.2026,04.07.2026,16.07.2026,16.07.2026,20.07.2026,20.07.2026,,H014,WH INFORMA JABABEKA
R110260617T053_H014,CONT-40,32000000,0,0,0,0,0,32000000,H014 - WH INFORMA JABABEKA,PT. DAYA EKA SAMUDERA JAKARTA,6,LATE,37,46,27.07.2026,19.06.2026,02.07.2026,16.07.2026,16.07.2026,20.07.2026,20.07.2026,,H014,WH INFORMA JABABEKA
R110260617T054_H014,CONT-40,32000000,0,0,0,0,0,32000000,H014 - WH INFORMA JABABEKA,PT. DAYA EKA SAMUDERA JAKARTA,6,LATE,37,46,26.07.2026,18.06.2026,04.07.2026,16.07.2026,16.07.2026,20.07.2026,20.07.2026,,H014,WH INFORMA JABABEKA
R110260617T055_H014,CONT-40,30000000,0,0,550000,0,0,30550000,H014 - WH INFORMA JABABEKA,PT. TERATAI EMAS LOGISTINDO,6,LATE,40,45,30.07.2026,19.06.2026,07.07.2026,15.07.2026,16.07.2026,17.07.2026,17.07.2026,,H014,WH INFORMA JABABEKA
R110260617T057_H014,CONT-20,10300000,0,0,0,0,0,10300000,H014 - WH INFORMA JABABEKA,PT. HAKKA HYDRO TIRTA,2,LATE,20,46,10.07.2026,19.06.2026,07.07.2026,,,,,,H014,WH INFORMA JABABEKA
R110260617T067_H014,CONT-20,10300000,0,0,0,0,0,10300000,H014 - WH INFORMA JABABEKA,PT. HAKKA HYDRO TIRTA,2,LATE,20,46,09.07.2026,18.06.2026,07.07.2026,,,,,,H014,WH INFORMA JABABEKA
R110260617T068_H014,CONT-40,33800000,0,0,0,0,0,33800000,H014 - WH INFORMA JABABEKA,PT. CRIETA LOGISTIC,6,LATE,40,46,29.07.2026,18.06.2026,02.07.2026,14.07.2026,14.07.2026,14.07.2026,14.07.2026,,H014,WH INFORMA JABABEKA
R110260617T069_H014,WINGBOX,7000000,0,0,0,0,0,7000000,H014 - WH INFORMA JABABEKA,PT. DUNIA EXPRESS TRANSINDO,6,LATE,29,46,18.07.2026,18.06.2026,22.06.2026,29.06.2026,29.06.2026,07.07.2026,07.07.2026,,H014,WH INFORMA JABABEKA
R110260617T070_H014,WINGBOX,7000000,0,0,0,0,0,7000000,H014 - WH INFORMA JABABEKA,PT. DUNIA EXPRESS TRANSINDO,6,LATE,29,46,18.07.2026,18.06.2026,22.06.2026,29.06.2026,29.06.2026,07.07.2026,07.07.2026,,H014,WH INFORMA JABABEKA
R110260617T071_H014,CONT-40,34700000,0,0,0,0,0,34700000,H014 - WH INFORMA JABABEKA,PT. SARANA TRANS SUMATERA,6,LATE,40,47,29.07.2026,18.06.2026,28.06.2026,13.07.2026,13.07.2026,16.07.2026,16.07.2026,,H014,WH INFORMA JABABEKA
R110260617T072_H014,WINGBOX,7000000,0,0,0,0,0,7000000,H014 - WH INFORMA JABABEKA,PT. DUNIA EXPRESS TRANSINDO,7,ON SCHEDULE,29,0,18.07.2026,18.06.2026,22.06.2026,25.06.2026,25.06.2026,02.07.2026,02.07.2026,,H014,WH INFORMA JABABEKA
R110260617T076_H014,WINGBOX,24000000,0,0,0,0,0,24000000,H014 - WH INFORMA JABABEKA,PT. CITRA SENTRAL EKSPRES,6,LATE,37,47,26.07.2026,18.06.2026,24.06.2026,03.07.2026,04.07.2026,09.07.2026,10.07.2026,,H014,WH INFORMA JABABEKA
R110260618H017_H014,WINGBOX,17750000,0,0,0,0,0,17750000,H014 - WH INFORMA JABABEKA,PT. BINTANG SAMUDRA RAYA,7,ON SCHEDULE,30,0,20.07.2026,19.06.2026,27.06.2026,29.06.2026,29.06.2026,30.06.2026,30.06.2026,,H014,WH INFORMA JABABEKA
R110260618H018_H014,FUSO,19200000,0,0,0,0,0,19200000,H014 - WH INFORMA JABABEKA,PT. SATRIA PIRANTI PERKASA,6,LATE,30,46,20.07.2026,19.06.2026,27.06.2026,16.07.2026,16.07.2026,22.07.2026,22.07.2026,,H014,WH INFORMA JABABEKA
R110260618H020_H014,WINGBOX,4825000,0,0,0,0,0,4825000,H014 - WH INFORMA JABABEKA,PT. CEHA LOGISTIK CEMERLANG,7,ON SCHEDULE,29,0,18.07.2026,18.06.2026,20.06.2026,22.06.2026,22.06.2026,25.06.2026,25.06.2026,,H014,WH INFORMA JABABEKA
R110260618H021_H014,WINGBOX,4500000,0,0,0,0,0,4500000,H014 - WH INFORMA JABABEKA,PT. CEHA LOGISTIK CEMERLANG,7,ON SCHEDULE,29,0,19.07.2026,19.06.2026,27.06.2026,29.06.2026,29.06.2026,30.06.2026,30.06.2026,,H014,WH INFORMA JABABEKA
R110260618H022_H014,WINGBOX,4300000,0,0,0,0,0,4300000,H014 - WH INFORMA JABABEKA,PT.SIASAT CEPAT MUDA,7,ON SCHEDULE,29,0,19.07.2026,19.06.2026,27.06.2026,30.06.2026,01.07.2026,01.07.2026,03.07.2026,,H014,WH INFORMA JABABEKA
R110260618H023_H014,WINGBOX,1998000,0,0,0,0,0,1998000,H014 - WH INFORMA JABABEKA,PT. ARDYA PRIMA INTERNUSA,6,LATE,27,46,16.07.2026,18.06.2026,20.06.2026,25.06.2026,25.06.2026,03.07.2026,09.07.2026,,H014,WH INFORMA JABABEKA
R110260618H048_H014,CDD LONG CHASSIS,2350000,0,0,0,0,0,2350000,H014 - WH INFORMA JABABEKA,PT. BINTANG SAMUDRA RAYA,7,ON SCHEDULE,29,0,18.07.2026,18.06.2026,20.06.2026,24.06.2026,24.06.2026,29.06.2026,30.06.2026,,H014,WH INFORMA JABABEKA
R110260618H049_H014,CDD LONG CHASSIS,1725000,0,0,0,0,0,1725000,H014 - WH INFORMA JABABEKA,PT. BINTANG SAMUDRA RAYA,7,ON SCHEDULE,27,0,16.07.2026,18.06.2026,20.06.2026,24.06.2026,24.06.2026,29.06.2026,30.06.2026,,H014,WH INFORMA JABABEKA
R110260618H051_H014,WINGBOX,1998000,0,0,0,0,0,1998000,H014 - WH INFORMA JABABEKA,PT. ARDYA PRIMA INTERNUSA,6,LATE,27,46,16.07.2026,18.06.2026,20.06.2026,25.06.2026,25.06.2026,03.07.2026,09.07.2026,,H014,WH INFORMA JABABEKA
R110260618H052_H014,WINGBOX,4500000,0,0,0,0,0,4500000,H014 - WH INFORMA JABABEKA,PT. CEHA LOGISTIK CEMERLANG,7,ON SCHEDULE,29,0,19.07.2026,19.06.2026,27.06.2026,29.06.2026,29.06.2026,30.06.2026,30.06.2026,,H014,WH INFORMA JABABEKA
R110260618H054_H014,CDD LONG CHASSIS,2850000,0,0,0,0,0,2850000,H014 - WH INFORMA JABABEKA,PT. BINTANG SAMUDRA RAYA,7,ON SCHEDULE,28,0,17.07.2026,18.06.2026,20.06.2026,24.06.2026,24.06.2026,29.06.2026,30.06.2026,,H014,WH INFORMA JABABEKA
R110260618H055_H014,CDD LONG CHASSIS,1400000,0,0,0,0,0,1400000,H014 - WH INFORMA JABABEKA,PT. BINTANG SAMUDRA RAYA,7,ON SCHEDULE,27,0,16.07.2026,18.06.2026,20.06.2026,24.06.2026,24.06.2026,29.06.2026,30.06.2026,,H014,WH INFORMA JABABEKA
R110260618H056_H014,WINGBOX,4825000,0,0,0,0,0,4825000,H014 - WH INFORMA JABABEKA,PT. CEHA LOGISTIK CEMERLANG,7,ON SCHEDULE,29,0,18.07.2026,18.06.2026,20.06.2026,22.06.2026,22.06.2026,25.06.2026,25.06.2026,,H014,WH INFORMA JABABEKA
R110260618H057_H014,WINGBOX,11500000,0,0,0,0,0,11500000,H014 - WH INFORMA JABABEKA,PT. BINTANG SAMUDRA RAYA,7,ON SCHEDULE,29,0,19.07.2026,19.06.2026,27.06.2026,29.06.2026,29.06.2026,29.06.2026,30.06.2026,,H014,WH INFORMA JABABEKA
R110260618H064_H014,CDD LONG CHASSIS,2350000,0,0,0,0,0,2350000,H014 - WH INFORMA JABABEKA,PT. BINTANG SAMUDRA RAYA,7,ON SCHEDULE,29,0,18.07.2026,18.06.2026,20.06.2026,24.06.2026,24.06.2026,30.06.2026,02.07.2026,,H014,WH INFORMA JABABEKA
R110260618H065_H014,CDD LONG CHASSIS,1725000,0,0,0,0,0,1725000,H014 - WH INFORMA JABABEKA,PT. BINTANG SAMUDRA RAYA,7,ON SCHEDULE,27,0,16.07.2026,18.06.2026,20.06.2026,24.06.2026,24.06.2026,29.06.2026,30.06.2026,,H014,WH INFORMA JABABEKA
R110260618H068_H014,CDD LONG CHASSIS,3500000,0,0,0,0,0,3500000,H014 - WH INFORMA JABABEKA,PT. AGUNG MAKMUR JAYA,7,ON SCHEDULE,29,0,18.07.2026,18.06.2026,20.06.2026,22.06.2026,22.06.2026,24.06.2026,25.06.2026,,H014,WH INFORMA JABABEKA
R110260618L067_H014,WINGBOX,14500000,0,0,0,0,0,14500000,H014 - WH INFORMA JABABEKA,PT. DUNIA EXPRESS TRANSINDO,4,LATE,18,45,08.07.2026,19.06.2026,25.06.2026,27.07.2026,27.07.2026,,,,H014,WH INFORMA JABABEKA
R110260618L077_H014,WINGBOX,14500000,0,0,0,0,0,14500000,H014 - WH INFORMA JABABEKA,PT. DUNIA EXPRESS TRANSINDO,4,LATE,18,45,09.07.2026,20.06.2026,25.06.2026,27.07.2026,27.07.2026,,,,H014,WH INFORMA JABABEKA
R110260618T017_H014,WINGBOX,5650000,0,0,0,0,0,5650000,H014 - WH INFORMA JABABEKA,PT. DUTA MEDIA MANDIRI,7,ON SCHEDULE,29,0,19.07.2026,19.06.2026,27.06.2026,29.06.2026,30.06.2026,30.06.2026,30.06.2026,,H014,WH INFORMA JABABEKA
R110260618T032_H014,CONT-40,26000000,0,0,1000000,0,0,27000000,H014 - WH INFORMA JABABEKA,PT. WIDYA TRANS CARGO,6,LATE,42,46,01.08.2026,19.06.2026,04.07.2026,10.07.2026,11.07.2026,13.07.2026,13.07.2026,,H014,WH INFORMA JABABEKA
R110260618T033_H014,CONT-40,30000000,0,0,550000,0,0,30550000,H014 - WH INFORMA JABABEKA,PT. TERATAI EMAS LOGISTINDO,6,LATE,40,44,31.07.2026,20.06.2026,09.07.2026,15.07.2026,16.07.2026,17.07.2026,17.07.2026,,H014,WH INFORMA JABABEKA
R110260618T034_H014,CONT-40,28100000,0,0,0,0,0,28100000,H014 - WH INFORMA JABABEKA,PT. MITRA INTERTRANS FORWARDING,6,LATE,37,45,27.07.2026,19.06.2026,02.07.2026,22.07.2026,22.07.2026,22.07.2026,22.07.2026,,H014,WH INFORMA JABABEKA
R110260618T035_H014,CONT-40,34700000,0,0,0,0,0,34700000,H014 - WH INFORMA JABABEKA,PT. SARANA TRANS SUMATERA,6,LATE,40,45,30.07.2026,19.06.2026,07.07.2026,24.07.2026,25.07.2026,28.07.2026,28.07.2026,,H014,WH INFORMA JABABEKA
R110260618T036_H014,CONT-40,25400000,0,0,0,0,0,25400000,H014 - WH INFORMA JABABEKA,PT. SENTOSAPRIMA ABADI,2,LATE,26,45,16.07.2026,19.06.2026,12.07.2026,,,,,,H014,WH INFORMA JABABEKA
R110260618T037_H014,CONT-40,27200000,0,0,0,0,0,27200000,H014 - WH INFORMA JABABEKA,PT. SENTOSAPRIMA ABADI,6,LATE,37,46,27.07.2026,19.06.2026,04.07.2026,31.07.2026,31.07.2026,03.08.2026,03.08.2026,,H014,WH INFORMA JABABEKA
R110260618T038_H014,CONT-40,26500000,0,0,0,0,0,26500000,H014 - WH INFORMA JABABEKA,PT. SENTOSAPRIMA ABADI,6,LATE,40,46,30.07.2026,19.06.2026,02.07.2026,30.07.2026,30.07.2026,31.07.2026,31.07.2026,,H014,WH INFORMA JABABEKA
R110260618T039_H014,CONT-40,27200000,0,0,0,0,0,27200000,H014 - WH INFORMA JABABEKA,PT. SENTOSAPRIMA ABADI,6,LATE,37,46,27.07.2026,19.06.2026,02.07.2026,31.07.2026,31.07.2026,03.08.2026,03.08.2026,,H014,WH INFORMA JABABEKA
R110260618T040_H014,WINGBOX,5650000,0,0,0,0,0,5650000,H014 - WH INFORMA JABABEKA,PT. DUTA MEDIA MANDIRI,7,ON SCHEDULE,29,0,19.07.2026,19.06.2026,27.06.2026,29.06.2026,30.06.2026,30.06.2026,30.06.2026,,H014,WH INFORMA JABABEKA
R110260618T041_H014,WINGBOX,5650000,0,0,0,0,0,5650000,H014 - WH INFORMA JABABEKA,PT. DUTA MEDIA MANDIRI,7,ON SCHEDULE,29,0,19.07.2026,19.06.2026,27.06.2026,29.06.2026,30.06.2026,30.06.2026,30.06.2026,,H014,WH INFORMA JABABEKA
R110260618T042_H014,CONT-40,26500000,0,0,0,0,0,26500000,H014 - WH INFORMA JABABEKA,PT. SENTOSAPRIMA ABADI,6,LATE,40,46,30.07.2026,19.06.2026,02.07.2026,30.07.2026,30.07.2026,31.07.2026,31.07.2026,,H014,WH INFORMA JABABEKA
R110260618T043_H014,CONT-40,26500000,0,0,0,0,0,26500000,H014 - WH INFORMA JABABEKA,PT. SENTOSAPRIMA ABADI,6,LATE,40,46,30.07.2026,19.06.2026,02.07.2026,30.07.2026,30.07.2026,31.07.2026,31.07.2026,,H014,WH INFORMA JABABEKA
R110260618T044_H014,CONT-40,26500000,0,0,0,0,0,26500000,H014 - WH INFORMA JABABEKA,PT. SENTOSAPRIMA ABADI,6,LATE,40,45,30.07.2026,19.06.2026,02.07.2026,30.07.2026,30.07.2026,31.07.2026,31.07.2026,,H014,WH INFORMA JABABEKA
R110260618T045_H014,CONT-40,30000000,0,0,550000,0,0,30550000,H014 - WH INFORMA JABABEKA,PT. TERATAI EMAS LOGISTINDO,6,LATE,40,44,31.07.2026,20.06.2026,07.07.2026,15.07.2026,16.07.2026,17.07.2026,17.07.2026,,H014,WH INFORMA JABABEKA
R110260618T046_H014,CONT-40,28000000,0,0,0,0,0,28000000,H014 - WH INFORMA JABABEKA,PT. TERATAI EMAS LOGISTINDO,4,LATE,25,43,17.07.2026,21.06.2026,25.07.2026,27.07.2026,27.07.2026,,,,H014,WH INFORMA JABABEKA
R110260618T047_H014,CONT-40,28000000,0,0,0,0,0,28000000,H014 - WH INFORMA JABABEKA,PT. TERATAI EMAS LOGISTINDO,4,LATE,25,43,17.07.2026,21.06.2026,22.07.2026,24.07.2026,24.07.2026,,,,H014,WH INFORMA JABABEKA
R110260618T048_H014,WINGBOX,6600000,0,0,0,0,0,6600000,H014 - WH INFORMA JABABEKA,PT. JAYA MULYA ERALINDO,6,LATE,29,46,19.07.2026,19.06.2026,27.06.2026,10.07.2026,10.07.2026,10.07.2026,10.07.2026,,H014,WH INFORMA JABABEKA
R110260619H042_H014,WINGBOX,1998000,0,0,0,0,0,1998000,H014 - WH INFORMA JABABEKA,PT. ARDYA PRIMA INTERNUSA,6,LATE,27,45,17.07.2026,19.06.2026,27.06.2026,30.06.2026,30.06.2026,03.07.2026,09.07.2026,,H014,WH INFORMA JABABEKA
R110260619H043_H014,WINGBOX,1998000,0,0,0,0,0,1998000,H014 - WH INFORMA JABABEKA,PT. ARDYA PRIMA INTERNUSA,6,LATE,27,45,17.07.2026,19.06.2026,27.06.2026,30.06.2026,30.06.2026,03.07.2026,09.07.2026,,H014,WH INFORMA JABABEKA
R110260619H046_H014,WINGBOX,4825000,0,0,0,0,0,4825000,H014 - WH INFORMA JABABEKA,PT. CEHA LOGISTIK CEMERLANG,7,ON SCHEDULE,29,0,20.07.2026,20.06.2026,23.06.2026,23.06.2026,24.06.2026,25.06.2026,25.06.2026,,H014,WH INFORMA JABABEKA
R110260619H047_H014,FUSO,2300000,0,0,0,0,0,2300000,H014 - WH INFORMA JABABEKA,PT. DUTA MEDIA MANDIRI,7,ON SCHEDULE,27,0,17.07.2026,19.06.2026,27.06.2026,29.06.2026,30.06.2026,30.06.2026,30.06.2026,,H014,WH INFORMA JABABEKA
R110260619H048_H014,WINGBOX,18000000,0,0,0,0,0,18000000,H014 - WH INFORMA JABABEKA,PT. BINTANG SAMUDRA RAYA,7,ON SCHEDULE,31,0,22.07.2026,20.06.2026,24.06.2026,10.07.2026,10.07.2026,13.07.2026,14.07.2026,,H014,WH INFORMA JABABEKA
R110260619H049_H014,WINGBOX,15000000,0,0,0,0,0,15000000,H014 - WH INFORMA JABABEKA,PT. BINTANG SAMUDRA RAYA,7,ON SCHEDULE,30,0,21.07.2026,20.06.2026,28.06.2026,30.06.2026,30.06.2026,30.06.2026,02.07.2026,,H014,WH INFORMA JABABEKA
R110260619H050_H014,CDD,10300000,0,0,0,0,0,10300000,H014 - WH INFORMA JABABEKA,PT. BINTANG SAMUDRA RAYA,7,ON SCHEDULE,30,0,21.07.2026,20.06.2026,24.06.2026,06.07.2026,06.07.2026,08.07.2026,09.07.2026,,H014,WH INFORMA JABABEKA
R110260619H051_H014,WINGBOX,4500000,0,0,0,0,0,4500000,H014 - WH INFORMA JABABEKA,PT. CEHA LOGISTIK CEMERLANG,7,ON SCHEDULE,29,0,20.07.2026,20.06.2026,24.06.2026,24.06.2026,25.06.2026,25.06.2026,25.06.2026,,H014,WH INFORMA JABABEKA
R110260619H052_H014,CDD,2850000,0,0,0,0,0,2850000,H014 - WH INFORMA JABABEKA,PT. BINTANG SAMUDRA RAYA,7,ON SCHEDULE,28,0,18.07.2026,19.06.2026,27.06.2026,29.06.2026,29.06.2026,29.06.2026,30.06.2026,,H014,WH INFORMA JABABEKA
R110260619H053_H014,WINGBOX,11500000,0,0,0,0,0,11500000,H014 - WH INFORMA JABABEKA,PT. BINTANG SAMUDRA RAYA,7,ON SCHEDULE,29,0,20.07.2026,20.06.2026,24.06.2026,26.06.2026,26.06.2026,29.06.2026,30.06.2026,,H014,WH INFORMA JABABEKA
R110260619H054_H014,CDD,2250000,0,0,0,0,0,2250000,H014 - WH INFORMA JABABEKA,PT. BINTANG SAMUDRA RAYA,7,ON SCHEDULE,27,0,17.07.2026,19.06.2026,23.06.2026,29.06.2026,29.06.2026,29.06.2026,30.06.2026,,H014,WH INFORMA JABABEKA
R110260619H055_H014,CDD,2250000,0,0,0,0,0,2250000,H014 - WH INFORMA JABABEKA,PT. BINTANG SAMUDRA RAYA,7,ON SCHEDULE,27,0,18.07.2026,20.06.2026,23.06.2026,29.06.2026,29.06.2026,29.06.2026,30.06.2026,,H014,WH INFORMA JABABEKA
R110260619H057_H014,CDD,2850000,0,0,0,0,0,2850000,H014 - WH INFORMA JABABEKA,PT. BINTANG SAMUDRA RAYA,7,ON SCHEDULE,28,0,19.07.2026,20.06.2026,23.06.2026,29.06.2026,29.06.2026,29.06.2026,30.06.2026,,H014,WH INFORMA JABABEKA
R110260619H062_H014,WINGBOX,4825000,0,0,0,0,0,4825000,H014 - WH INFORMA JABABEKA,PT. CEHA LOGISTIK CEMERLANG,7,ON SCHEDULE,29,0,20.07.2026,20.06.2026,23.06.2026,23.06.2026,24.06.2026,25.06.2026,25.06.2026,,H014,WH INFORMA JABABEKA
R110260619L058_H014,CDD LONG CHASSIS,1400000,0,0,0,0,0,1400000,H014 - WH INFORMA JABABEKA,PT. BINTANG SAMUDRA RAYA,7,ON SCHEDULE,27,0,17.07.2026,19.06.2026,27.06.2026,30.06.2026,30.06.2026,30.06.2026,02.07.2026,,H014,WH INFORMA JABABEKA
R110260619T010_H014,CONT-40,0,0,0,0,0,0,0,H014 - WH INFORMA JABABEKA,PT. SENTOSAPRIMA ABADI,2,LATE,26,45,16.07.2026,19.06.2026,12.07.2026,,,,,,H014,WH INFORMA JABABEKA
R110260619T011_H014,CONT-40,30400000,0,0,0,0,0,30400000,H014 - WH INFORMA JABABEKA,PT. SENTOSAPRIMA ABADI,4,LATE,28,45,18.07.2026,19.06.2026,09.07.2026,31.07.2026,31.07.2026,,,,H014,WH INFORMA JABABEKA
R110260619T012_H014,CONT-40,0,0,0,0,0,0,0,H014 - WH INFORMA JABABEKA,PT. TPIL LOGISTICS,2,LATE,20,44,12.07.2026,21.06.2026,04.07.2026,,,,,,H014,WH INFORMA JABABEKA
R110260619T013_H014,WINGBOX,5650000,0,0,0,0,0,5650000,H014 - WH INFORMA JABABEKA,PT. DUTA MEDIA MANDIRI,7,ON SCHEDULE,29,0,19.07.2026,19.06.2026,27.06.2026,29.06.2026,30.06.2026,30.06.2026,30.06.2026,,H014,WH INFORMA JABABEKA
R110260619T017_H014,CONT-40,0,0,0,0,0,0,0,H014 - WH INFORMA JABABEKA,PT. TPIL LOGISTICS,2,LATE,17,44,08.07.2026,20.06.2026,07.07.2026,,,,,,H014,WH INFORMA JABABEKA
R110260619T018_H014,CONT-40,0,0,0,0,0,0,0,H014 - WH INFORMA JABABEKA,PT. TPIL LOGISTICS,2,LATE,22,44,13.07.2026,20.06.2026,04.07.2026,,,,,,H014,WH INFORMA JABABEKA
R110260619T019_H014,CONT-40,30000000,0,0,550000,0,0,30550000,H014 - WH INFORMA JABABEKA,PT. TERATAI EMAS LOGISTINDO,6,LATE,40,45,31.07.2026,20.06.2026,04.07.2026,15.07.2026,16.07.2026,17.07.2026,21.07.2026,,H014,WH INFORMA JABABEKA
R110260619T020_H014,CONT-40,0,0,0,0,0,0,0,H014 - WH INFORMA JABABEKA,PT. SENTOSAPRIMA ABADI,2,LATE,26,45,17.07.2026,20.06.2026,14.07.2026,,,,,,H014,WH INFORMA JABABEKA
R110260619T023_H014,CONT-40,0,0,0,0,0,0,0,H014 - WH INFORMA JABABEKA,PT. SENTOSAPRIMA ABADI,2,LATE,26,45,17.07.2026,20.06.2026,16.07.2026,,,,,,H014,WH INFORMA JABABEKA
R110260619T024_H014,CONT-40,30400000,0,0,0,0,0,30400000,H014 - WH INFORMA JABABEKA,PT. SENTOSAPRIMA ABADI,4,LATE,28,45,19.07.2026,20.06.2026,09.07.2026,31.07.2026,31.07.2026,,,,H014,WH INFORMA JABABEKA
R110260619T026_H014,WINGBOX,5650000,0,0,0,0,0,5650000,H014 - WH INFORMA JABABEKA,PT. DUTA MEDIA MANDIRI,7,ON SCHEDULE,29,0,20.07.2026,20.06.2026,24.06.2026,26.06.2026,26.06.2026,26.06.2026,26.06.2026,,H014,WH INFORMA JABABEKA
R110260619T035_H014,CONT-40,28000000,0,0,0,0,0,28000000,H014 - WH INFORMA JABABEKA,PT. TERATAI EMAS LOGISTINDO,4,LATE,25,43,18.07.2026,22.06.2026,22.07.2026,24.07.2026,24.07.2026,,,,H014,WH INFORMA JABABEKA
R110260619T036_H014,WINGBOX,5600000,0,0,0,0,0,5600000,H014 - WH INFORMA JABABEKA,PT. BINTANG SAMUDRA RAYA,7,ON SCHEDULE,29,0,20.07.2026,20.06.2026,24.06.2026,26.06.2026,26.06.2026,29.06.2026,30.06.2026,,H014,WH INFORMA JABABEKA
R110260619T037_H014,CONT-40,27100000,0,0,600000,0,0,27700000,H014 - WH INFORMA JABABEKA,PT. SENTOSAPRIMA ABADI,6,LATE,42,44,02.08.2026,20.06.2026,04.07.2026,27.07.2026,28.07.2026,29.07.2026,29.07.2026,,H014,WH INFORMA JABABEKA
R110260619T038_H014,WINGBOX,6500000,0,0,0,0,0,6500000,H014 - WH INFORMA JABABEKA,PT.AMANAH TRANSMULIA MANDIRI LOGISTIK,7,ON SCHEDULE,29,0,20.07.2026,20.06.2026,24.06.2026,24.06.2026,25.06.2026,29.06.2026,29.06.2026,,H014,WH INFORMA JABABEKA
R110260619T048_H014,CONT-40,28000000,0,0,0,0,0,28000000,H014 - WH INFORMA JABABEKA,PT. TERATAI EMAS LOGISTINDO,4,LATE,25,43,17.07.2026,21.06.2026,18.07.2026,20.07.2026,20.07.2026,,,,H014,WH INFORMA JABABEKA
R110260619T049_H014,WINGBOX,5650000,0,0,0,0,0,5650000,H014 - WH INFORMA JABABEKA,PT. DUTA MEDIA MANDIRI,7,ON SCHEDULE,29,0,19.07.2026,19.06.2026,27.06.2026,29.06.2026,30.06.2026,30.06.2026,30.06.2026,,H014,WH INFORMA JABABEKA
R110260619T051_H014,CONT-40,25500000,0,0,0,0,0,25500000,H014 - WH INFORMA JABABEKA,PT. RAJAWALI LINTAS SAMUDERA,6,LATE,42,43,03.08.2026,21.06.2026,04.07.2026,13.07.2026,13.07.2026,14.07.2026,20.07.2026,,H014,WH INFORMA JABABEKA
R110260619T052_H014,CONT-40,25500000,0,0,0,0,0,25500000,H014 - WH INFORMA JABABEKA,PT. RAJAWALI LINTAS SAMUDERA,6,LATE,42,43,03.08.2026,21.06.2026,04.07.2026,13.07.2026,13.07.2026,14.07.2026,20.07.2026,,H014,WH INFORMA JABABEKA
R110260619T053_H014,CONT-40,27200000,0,0,0,0,0,27200000,H014 - WH INFORMA JABABEKA,PT. SENTOSAPRIMA ABADI,6,LATE,37,45,28.07.2026,20.06.2026,07.07.2026,31.07.2026,31.07.2026,03.08.2026,03.08.2026,,H014,WH INFORMA JABABEKA
R110260619T060_H014,WINGBOX,6500000,0,0,0,0,0,6500000,H014 - WH INFORMA JABABEKA,PT.AMANAH TRANSMULIA MANDIRI LOGISTIK,7,ON SCHEDULE,29,0,20.07.2026,20.06.2026,24.06.2026,24.06.2026,25.06.2026,29.06.2026,29.06.2026,,H014,WH INFORMA JABABEKA
R110260619T063_H014,CONT-20,30000000,0,0,0,0,0,30000000,H014 - WH INFORMA JABABEKA,PT. TPIL LOGISTICS,2,LATE,34,45,25.07.2026,20.06.2026,09.07.2026,,,,,,H014,WH INFORMA JABABEKA
R110260620H020_H014,CDD LONG CHASSIS,2850000,0,0,0,0,0,2850000,H014 - WH INFORMA JABABEKA,PT. BINTANG SAMUDRA RAYA,7,ON SCHEDULE,28,0,19.07.2026,20.06.2026,23.06.2026,24.06.2026,24.06.2026,30.06.2026,02.07.2026,,H014,WH INFORMA JABABEKA
R110260620H023_H014,WINGBOX,4825000,0,0,0,0,0,4825000,H014 - WH INFORMA JABABEKA,PT. CEHA LOGISTIK CEMERLANG,7,ON SCHEDULE,29,0,21.07.2026,21.06.2026,24.06.2026,24.06.2026,25.06.2026,25.06.2026,25.06.2026,,H014,WH INFORMA JABABEKA
R110260620H025_H014,WINGBOX,4500000,0,0,0,0,0,4500000,H014 - WH INFORMA JABABEKA,PT. CEHA LOGISTIK CEMERLANG,7,ON SCHEDULE,29,0,21.07.2026,21.06.2026,24.06.2026,24.06.2026,25.06.2026,25.06.2026,25.06.2026,,H014,WH INFORMA JABABEKA
R110260620H026_H014,WINGBOX,4500000,0,0,0,0,0,4500000,H014 - WH INFORMA JABABEKA,PT. CEHA LOGISTIK CEMERLANG,7,ON SCHEDULE,29,0,21.07.2026,21.06.2026,24.06.2026,24.06.2026,25.06.2026,25.06.2026,25.06.2026,,H014,WH INFORMA JABABEKA
R110260620H027_H014,WINGBOX,3500000,0,0,0,0,0,3500000,H014 - WH INFORMA JABABEKA,PT. BINTANG SAMUDRA RAYA,7,ON SCHEDULE,29,0,21.07.2026,21.06.2026,23.06.2026,24.06.2026,24.06.2026,29.06.2026,30.06.2026,,H014,WH INFORMA JABABEKA
R110260620H028_H014,WINGBOX,1998000,0,0,0,0,0,1998000,H014 - WH INFORMA JABABEKA,PT. ARDYA PRIMA INTERNUSA,6,LATE,27,44,18.07.2026,20.06.2026,23.06.2026,25.06.2026,25.06.2026,03.07.2026,09.07.2026,,H014,WH INFORMA JABABEKA
R110260620H030_H014,WINGBOX,11500000,0,0,0,0,0,11500000,H014 - WH INFORMA JABABEKA,PT. BINTANG SAMUDRA RAYA,7,ON SCHEDULE,29,0,21.07.2026,21.06.2026,24.06.2026,06.07.2026,06.07.2026,08.07.2026,09.07.2026,,H014,WH INFORMA JABABEKA
R110260620H031_H014,WINGBOX,17000000,0,0,0,0,0,17000000,H014 - WH INFORMA JABABEKA,PT. BINTANG SAMUDRA RAYA,7,ON SCHEDULE,33,0,25.07.2026,21.06.2026,24.06.2026,26.06.2026,26.06.2026,29.06.2026,30.06.2026,,H014,WH INFORMA JABABEKA
R110260620H032_H014,CDD LONG CHASSIS,1600000,0,0,0,0,0,1600000,H014 - WH INFORMA JABABEKA,PT. SATRIA PIRANTI PERKASA,6,LATE,27,44,19.07.2026,21.06.2026,24.06.2026,20.07.2026,21.07.2026,27.07.2026,27.07.2026,,H014,WH INFORMA JABABEKA
R110260620H033_H014,CDD LONG CHASSIS,2200000,0,0,0,0,0,2200000,H014 - WH INFORMA JABABEKA,PT. AGUNG MAKMUR JAYA,7,ON SCHEDULE,27,0,18.07.2026,20.06.2026,23.06.2026,23.06.2026,24.06.2026,24.06.2026,25.06.2026,,H014,WH INFORMA JABABEKA
R110260620H053_H014,CDD LONG CHASSIS,2200000,0,0,0,0,0,2200000,H014 - WH INFORMA JABABEKA,PT. AGUNG MAKMUR JAYA,7,ON SCHEDULE,27,0,19.07.2026,21.06.2026,23.06.2026,23.06.2026,24.06.2026,25.06.2026,25.06.2026,,H014,WH INFORMA JABABEKA
R110260620H061_H014,WINGBOX,4825000,0,0,0,0,0,4825000,H014 - WH INFORMA JABABEKA,PT. CEHA LOGISTIK CEMERLANG,7,ON SCHEDULE,29,0,21.07.2026,21.06.2026,24.06.2026,24.06.2026,25.06.2026,25.06.2026,25.06.2026,,H014,WH INFORMA JABABEKA
R110260620L045_H014,CDD LONG CHASSIS,3600000,0,0,0,300000,0,3900000,H014 - WH INFORMA JABABEKA,PT. BINTANG SAMUDRA RAYA,7,ON SCHEDULE,30,0,22.07.2026,21.06.2026,24.06.2026,03.07.2026,07.07.2026,07.07.2026,07.07.2026,,H014,WH INFORMA JABABEKA
R110260620L046_H014,CDD LONG CHASSIS,3600000,0,0,0,0,0,3600000,H014 - WH INFORMA JABABEKA,PT. BINTANG SAMUDRA RAYA,7,ON SCHEDULE,29,0,21.07.2026,21.06.2026,23.06.2026,24.06.2026,24.06.2026,30.06.2026,02.07.2026,,H014,WH INFORMA JABABEKA
R110260620L047_H014,CDD LONG CHASSIS,3500000,0,0,0,250000,0,3750000,H014 - WH INFORMA JABABEKA,PT. AGUNG MAKMUR JAYA,7,ON SCHEDULE,30,0,22.07.2026,21.06.2026,24.06.2026,24.06.2026,25.06.2026,25.06.2026,25.06.2026,,H014,WH INFORMA JABABEKA
R110260620L047_H014,CDD LONG CHASSIS,3500000,0,0,0,250000,0,3750000,H014 - WH INFORMA JABABEKA,PT. AGUNG MAKMUR JAYA,7,ON SCHEDULE,30,0,22.07.2026,21.06.2026,24.06.2026,24.06.2026,25.06.2026,25.06.2026,25.06.2026,,H014,WH INFORMA JABABEKA
R110260620L047_H014,CDD LONG CHASSIS,3500000,0,0,0,250000,0,3750000,H014 - WH INFORMA JABABEKA,PT. AGUNG MAKMUR JAYA,7,ON SCHEDULE,30,0,22.07.2026,21.06.2026,24.06.2026,24.06.2026,25.06.2026,25.06.2026,25.06.2026,,H014,WH INFORMA JABABEKA
R110260620L048_H014,CDD LONG CHASSIS,3500000,0,0,0,0,0,3500000,H014 - WH INFORMA JABABEKA,PT. AGUNG MAKMUR JAYA,7,ON SCHEDULE,30,0,22.07.2026,21.06.2026,23.06.2026,23.06.2026,24.06.2026,24.06.2026,25.06.2026,,H014,WH INFORMA JABABEKA
R110260620L049_H014,CDD LONG CHASSIS,3500000,0,0,0,100000,0,3600000,H014 - WH INFORMA JABABEKA,PT. AGUNG MAKMUR JAYA,7,ON SCHEDULE,30,0,22.07.2026,21.06.2026,24.06.2026,24.06.2026,25.06.2026,25.06.2026,25.06.2026,,H014,WH INFORMA JABABEKA
R110260620L049_H014,CDD LONG CHASSIS,3500000,0,0,0,100000,0,3600000,H014 - WH INFORMA JABABEKA,PT. AGUNG MAKMUR JAYA,7,ON SCHEDULE,30,0,22.07.2026,21.06.2026,24.06.2026,24.06.2026,25.06.2026,25.06.2026,25.06.2026,,H014,WH INFORMA JABABEKA
R110260620L049_H014,CDD LONG CHASSIS,3500000,0,0,0,100000,0,3600000,H014 - WH INFORMA JABABEKA,PT. AGUNG MAKMUR JAYA,7,ON SCHEDULE,30,0,22.07.2026,21.06.2026,24.06.2026,24.06.2026,25.06.2026,25.06.2026,25.06.2026,,H014,WH INFORMA JABABEKA
R110260620L068_H014,WINGBOX,14500000,0,0,0,0,0,14500000,H014 - WH INFORMA JABABEKA,PT. DUNIA EXPRESS TRANSINDO,4,LATE,18,44,09.07.2026,20.06.2026,28.06.2026,27.07.2026,27.07.2026,,,,H014,WH INFORMA JABABEKA
R110260620L069_H014,WINGBOX,14500000,0,0,0,0,0,14500000,H014 - WH INFORMA JABABEKA,PT. DUNIA EXPRESS TRANSINDO,4,LATE,18,44,09.07.2026,20.06.2026,28.06.2026,27.07.2026,27.07.2026,,,,H014,WH INFORMA JABABEKA
R110260620T020_H014,CONT-20,15550000,0,0,0,0,0,15550000,H014 - WH INFORMA JABABEKA,PT. TPIL LOGISTICS,2,LATE,22,44,14.07.2026,21.06.2026,04.07.2026,,,,,,H014,WH INFORMA JABABEKA
R110260620T021_H014,WINGBOX,5650000,0,0,0,0,0,5650000,H014 - WH INFORMA JABABEKA,PT. DUTA MEDIA MANDIRI,7,ON SCHEDULE,29,0,21.07.2026,21.06.2026,25.06.2026,26.06.2026,26.06.2026,30.06.2026,30.06.2026,,H014,WH INFORMA JABABEKA
R110260620T022_H014,CONT-40,29000000,0,0,0,0,0,29000000,H014 - WH INFORMA JABABEKA,PT. WIDYA TRANS CARGO,6,LATE,40,44,01.08.2026,21.06.2026,07.07.2026,14.07.2026,14.07.2026,16.07.2026,16.07.2026,,H014,WH INFORMA JABABEKA
R110260620T023_H014,CONT-40,26500000,0,0,0,0,0,26500000,H014 - WH INFORMA JABABEKA,PT. SENTOSAPRIMA ABADI,6,LATE,40,44,01.08.2026,21.06.2026,12.07.2026,30.07.2026,30.07.2026,03.08.2026,03.08.2026,,H014,WH INFORMA JABABEKA
R110260620T024_H014,CONT-40,26500000,0,0,0,0,0,26500000,H014 - WH INFORMA JABABEKA,PT. SENTOSAPRIMA ABADI,6,LATE,40,44,01.08.2026,21.06.2026,12.07.2026,30.07.2026,30.07.2026,03.08.2026,03.08.2026,,H014,WH INFORMA JABABEKA
R110260620T025_H014,CONT-40,29000000,0,0,0,0,0,29000000,H014 - WH INFORMA JABABEKA,PT. SARANA TRANS SUMATERA,2,LATE,26,43,19.07.2026,22.06.2026,18.07.2026,,,,,,H014,WH INFORMA JABABEKA
R110260620T026_H014,CONT-40,29000000,0,0,0,0,0,29000000,H014 - WH INFORMA JABABEKA,PT. SARANA TRANS SUMATERA,2,LATE,26,43,18.07.2026,21.06.2026,18.07.2026,,,,,,H014,WH INFORMA JABABEKA
R110260620T027_H014,CONT-20,17000000,0,0,0,0,0,17000000,H014 - WH INFORMA JABABEKA,PT. SARANA TRANS SUMATERA,2,LATE,26,43,18.07.2026,21.06.2026,18.07.2026,,,,,,H014,WH INFORMA JABABEKA
R110260620T028_H014,CONT-40,30000000,0,0,550000,0,0,30550000,H014 - WH INFORMA JABABEKA,PT. TERATAI EMAS LOGISTINDO,6,LATE,40,43,01.08.2026,21.06.2026,09.07.2026,15.07.2026,16.07.2026,17.07.2026,17.07.2026,,H014,WH INFORMA JABABEKA
R110260620T036_H014,CONT-40,28000000,0,0,0,0,0,28000000,H014 - WH INFORMA JABABEKA,PT. TERATAI EMAS LOGISTINDO,4,LATE,25,43,18.07.2026,22.06.2026,25.07.2026,27.07.2026,27.07.2026,,,,H014,WH INFORMA JABABEKA
R110260620T037_H014,CONT-40,27000000,0,0,0,0,0,27000000,H014 - WH INFORMA JABABEKA,PT. WIDYA TRANS CARGO,6,LATE,40,42,02.08.2026,22.06.2026,04.07.2026,14.07.2026,14.07.2026,16.07.2026,16.07.2026,,H014,WH INFORMA JABABEKA
R110260620T038_H014,CONT-40,29000000,0,0,0,0,0,29000000,H014 - WH INFORMA JABABEKA,PT. WIDYA TRANS CARGO,6,LATE,40,42,03.08.2026,23.06.2026,09.07.2026,14.07.2026,14.07.2026,16.07.2026,16.07.2026,,H014,WH INFORMA JABABEKA
R110260620T039_H014,CONT-40,26500000,0,0,0,0,0,26500000,H014 - WH INFORMA JABABEKA,PT. SENTOSAPRIMA ABADI,6,LATE,40,43,01.08.2026,21.06.2026,12.07.2026,30.07.2026,30.07.2026,03.08.2026,03.08.2026,,H014,WH INFORMA JABABEKA
R110260620T040_H014,CONT-40,29000000,0,0,0,0,0,29000000,H014 - WH INFORMA JABABEKA,PT. WIDYA TRANS CARGO,6,LATE,40,43,01.08.2026,21.06.2026,11.07.2026,21.07.2026,21.07.2026,22.07.2026,22.07.2026,,H014,WH INFORMA JABABEKA
R110260620T041_H014,WINGBOX,24000000,0,0,0,0,0,24000000,H014 - WH INFORMA JABABEKA,PT. CITRA SENTRAL EKSPRES,6,LATE,37,43,29.07.2026,21.06.2026,28.06.2026,03.07.2026,04.07.2026,09.07.2026,10.07.2026,,H014,WH INFORMA JABABEKA
R110260620T045_H014,CONT-40,0,0,0,0,0,0,0,H014 - WH INFORMA JABABEKA,PT. TPIL LOGISTICS,2,LATE,22,42,16.07.2026,23.06.2026,07.07.2026,,,,,,H014,WH INFORMA JABABEKA
R110260620T046_H014,WINGBOX,24000000,0,0,0,0,0,24000000,H014 - WH INFORMA JABABEKA,PT. CITRA SENTRAL EKSPRES,6,LATE,37,43,29.07.2026,21.06.2026,28.06.2026,03.07.2026,04.07.2026,09.07.2026,10.07.2026,,H014,WH INFORMA JABABEKA
R110260620T047_H014,CONT-20,15800000,0,0,0,0,0,15800000,H014 - WH INFORMA JABABEKA,PT. SENTOSAPRIMA ABADI,2,LATE,20,44,12.07.2026,21.06.2026,09.07.2026,,,,,,H014,WH INFORMA JABABEKA
R110260621H019_H014,WINGBOX,4825000,0,0,0,0,0,4825000,H014 - WH INFORMA JABABEKA,PT. CEHA LOGISTIK CEMERLANG,7,ON SCHEDULE,29,0,22.07.2026,22.06.2026,25.06.2026,25.06.2026,26.06.2026,30.06.2026,30.06.2026,,H014,WH INFORMA JABABEKA
R110260621H023_H014,WINGBOX,1998000,0,0,0,0,0,1998000,H014 - WH INFORMA JABABEKA,PT. ARDYA PRIMA INTERNUSA,6,LATE,27,43,19.07.2026,21.06.2026,23.06.2026,25.06.2026,25.06.2026,03.07.2026,09.07.2026,,H014,WH INFORMA JABABEKA
R110260621H024_H014,FUSO,19350000,0,0,0,0,0,19350000,H014 - WH INFORMA JABABEKA,PT. SATRIA PIRANTI PERKASA,6,LATE,31,43,24.07.2026,22.06.2026,25.06.2026,20.07.2026,21.07.2026,27.07.2026,27.07.2026,,H014,WH INFORMA JABABEKA
R110260621H025_H014,WINGBOX,11500000,0,0,0,0,0,11500000,H014 - WH INFORMA JABABEKA,PT. BINTANG SAMUDRA RAYA,6,LATE,29,43,22.07.2026,22.06.2026,27.06.2026,14.07.2026,14.07.2026,22.07.2026,22.07.2026,,H014,WH INFORMA JABABEKA
R110260621H026_H014,WINGBOX,15000000,0,0,0,0,0,15000000,H014 - WH INFORMA JABABEKA,PT. BINTANG SAMUDRA RAYA,7,ON SCHEDULE,30,0,23.07.2026,22.06.2026,27.06.2026,30.06.2026,30.06.2026,30.06.2026,02.07.2026,,H014,WH INFORMA JABABEKA
R110260621H027_H014,WINGBOX,4500000,0,0,0,0,0,4500000,H014 - WH INFORMA JABABEKA,PT. CEHA LOGISTIK CEMERLANG,7,ON SCHEDULE,29,0,22.07.2026,22.06.2026,24.06.2026,24.06.2026,25.06.2026,30.06.2026,30.06.2026,,H014,WH INFORMA JABABEKA
R110260621H028_H014,CDD LONG CHASSIS,2250000,0,0,0,0,0,2250000,H014 - WH INFORMA JABABEKA,PT. BINTANG SAMUDRA RAYA,7,ON SCHEDULE,27,0,20.07.2026,22.06.2026,23.06.2026,24.06.2026,24.06.2026,30.06.2026,30.06.2026,,H014,WH INFORMA JABABEKA
R110260621H029_H014,FUSO,2300000,0,0,0,0,0,2300000,H014 - WH INFORMA JABABEKA,PT. DUTA MEDIA MANDIRI,7,ON SCHEDULE,27,0,20.07.2026,22.06.2026,24.06.2026,26.06.2026,26.06.2026,30.06.2026,30.06.2026,,H014,WH INFORMA JABABEKA
R110260621H032_H014,CDD LONG CHASSIS,2250000,0,0,0,0,0,2250000,H014 - WH INFORMA JABABEKA,PT. BINTANG SAMUDRA RAYA,7,ON SCHEDULE,27,0,20.07.2026,22.06.2026,23.06.2026,24.06.2026,24.06.2026,30.06.2026,30.06.2026,,H014,WH INFORMA JABABEKA
R110260621H058_H014,CDD LONG CHASSIS,1400000,0,0,0,0,0,1400000,H014 - WH INFORMA JABABEKA,PT. BINTANG SAMUDRA RAYA,7,ON SCHEDULE,27,0,19.07.2026,21.06.2026,23.06.2026,24.06.2026,24.06.2026,29.06.2026,30.06.2026,,H014,WH INFORMA JABABEKA
R110260621H062_H014,CDD LONG CHASSIS,3500000,0,0,0,0,0,3500000,H014 - WH INFORMA JABABEKA,PT. AGUNG MAKMUR JAYA,7,ON SCHEDULE,29,0,22.07.2026,22.06.2026,24.06.2026,24.06.2026,25.06.2026,26.06.2026,26.06.2026,,H014,WH INFORMA JABABEKA
R110260621H063_H014,CDD LONG CHASSIS,3500000,0,0,0,0,0,3500000,H014 - WH INFORMA JABABEKA,PT. AGUNG MAKMUR JAYA,7,ON SCHEDULE,29,0,22.07.2026,22.06.2026,25.06.2026,26.06.2026,26.06.2026,26.06.2026,26.06.2026,,H014,WH INFORMA JABABEKA
R110260621L031_H014,CDD LONG CHASSIS,1750000,0,0,0,0,0,1750000,H014 - WH INFORMA JABABEKA,PT. CATUR GLOBAL LOGISTIK,6,LATE,27,42,20.07.2026,22.06.2026,24.06.2026,20.07.2026,20.07.2026,21.07.2026,21.07.2026,,H014,WH INFORMA JABABEKA
R110260621L033_H014,CDD LONG CHASSIS,3500000,0,0,0,0,0,3500000,H014 - WH INFORMA JABABEKA,PT. CEHA LOGISTIK CEMERLANG,7,ON SCHEDULE,27,0,20.07.2026,22.06.2026,25.06.2026,25.06.2026,26.06.2026,26.06.2026,26.06.2026,,H014,WH INFORMA JABABEKA
R110260621L036_H014,CDD LONG CHASSIS,3600000,0,0,0,0,0,3600000,H014 - WH INFORMA JABABEKA,PT. BINTANG SAMUDRA RAYA,7,ON SCHEDULE,30,0,23.07.2026,22.06.2026,24.06.2026,30.06.2026,30.06.2026,30.06.2026,02.07.2026,,H014,WH INFORMA JABABEKA
R110260621L037_H014,CDD LONG CHASSIS,3500000,0,0,0,350000,0,3850000,H014 - WH INFORMA JABABEKA,PT. CEHA LOGISTIK CEMERLANG,7,ON SCHEDULE,29,0,22.07.2026,22.06.2026,25.06.2026,25.06.2026,26.06.2026,26.06.2026,26.06.2026,,H014,WH INFORMA JABABEKA
R110260621L038_H014,CDD LONG CHASSIS,2850000,0,0,0,100000,0,2950000,H014 - WH INFORMA JABABEKA,PT. AGUNG MAKMUR JAYA,6,LATE,27,43,20.07.2026,22.06.2026,25.06.2026,01.07.2026,02.07.2026,13.07.2026,13.07.2026,,H014,WH INFORMA JABABEKA
R110260621L038_H014,CDD LONG CHASSIS,2850000,0,0,0,100000,0,2950000,H014 - WH INFORMA JABABEKA,PT. AGUNG MAKMUR JAYA,6,LATE,27,43,20.07.2026,22.06.2026,25.06.2026,01.07.2026,02.07.2026,13.07.2026,13.07.2026,,H014,WH INFORMA JABABEKA
R110260621L038_H014,CDD LONG CHASSIS,2850000,0,0,0,100000,0,2950000,H014 - WH INFORMA JABABEKA,PT. AGUNG MAKMUR JAYA,6,LATE,27,43,20.07.2026,22.06.2026,25.06.2026,01.07.2026,02.07.2026,13.07.2026,13.07.2026,,H014,WH INFORMA JABABEKA
R110260621L039_H014,CDD LONG CHASSIS,3500000,0,0,0,100000,0,3600000,H014 - WH INFORMA JABABEKA,PT. AGUNG MAKMUR JAYA,6,LATE,28,43,21.07.2026,22.06.2026,24.06.2026,30.06.2026,30.06.2026,13.07.2026,13.07.2026,,H014,WH INFORMA JABABEKA
R110260621L039_H014,CDD LONG CHASSIS,3500000,0,0,0,100000,0,3600000,H014 - WH INFORMA JABABEKA,PT. AGUNG MAKMUR JAYA,6,LATE,28,43,21.07.2026,22.06.2026,24.06.2026,30.06.2026,30.06.2026,13.07.2026,13.07.2026,,H014,WH INFORMA JABABEKA
R110260621L039_H014,CDD LONG CHASSIS,3500000,0,0,0,100000,0,3600000,H014 - WH INFORMA JABABEKA,PT. AGUNG MAKMUR JAYA,6,LATE,28,43,21.07.2026,22.06.2026,24.06.2026,30.06.2026,30.06.2026,13.07.2026,13.07.2026,,H014,WH INFORMA JABABEKA
R110260621T021_H014,WINGBOX,5650000,0,0,0,0,0,5650000,H014 - WH INFORMA JABABEKA,PT. DUTA MEDIA MANDIRI,6,LATE,29,42,22.07.2026,22.06.2026,25.06.2026,26.06.2026,26.06.2026,03.07.2026,06.07.2026,,H014,WH INFORMA JABABEKA
R110260621T022_H014,CONT-40,28000000,0,0,0,0,0,28000000,H014 - WH INFORMA JABABEKA,PT. TERATAI EMAS LOGISTINDO,4,LATE,25,43,18.07.2026,22.06.2026,18.07.2026,20.07.2026,20.07.2026,,,,H014,WH INFORMA JABABEKA
R110260621T023_H014,CONT-40,28000000,0,0,0,0,0,28000000,H014 - WH INFORMA JABABEKA,PT. TERATAI EMAS LOGISTINDO,4,LATE,25,43,17.07.2026,21.06.2026,18.07.2026,20.07.2026,20.07.2026,,,,H014,WH INFORMA JABABEKA
R110260621T024_H014,CONT-40,28000000,0,0,0,0,0,28000000,H014 - WH INFORMA JABABEKA,PT. TERATAI EMAS LOGISTINDO,4,LATE,25,43,18.07.2026,22.06.2026,22.07.2026,24.07.2026,24.07.2026,,,,H014,WH INFORMA JABABEKA
R110260621T025_H014,CONT-40,28000000,0,0,0,0,0,28000000,H014 - WH INFORMA JABABEKA,PT. TERATAI EMAS LOGISTINDO,4,LATE,25,43,17.07.2026,21.06.2026,22.07.2026,24.07.2026,24.07.2026,,,,H014,WH INFORMA JABABEKA
R110260621T026_H014,CONT-40,0,0,0,0,0,0,0,H014 - WH INFORMA JABABEKA,PT. TPIL LOGISTICS,2,LATE,17,42,10.07.2026,22.06.2026,12.07.2026,,,,,,H014,WH INFORMA JABABEKA
R110260621T027_H014,CONT-40,0,0,0,0,0,0,0,H014 - WH INFORMA JABABEKA,PT. TPIL LOGISTICS,2,LATE,20,43,12.07.2026,21.06.2026,23.06.2026,,,,,,H014,WH INFORMA JABABEKA
R110260621T028_H014,CONT-40,30000000,0,0,550000,0,0,30550000,H014 - WH INFORMA JABABEKA,PT. TERATAI EMAS LOGISTINDO,6,LATE,40,43,02.08.2026,22.06.2026,04.07.2026,15.07.2026,16.07.2026,17.07.2026,21.07.2026,,H014,WH INFORMA JABABEKA
R110260621T029_H014,CONT-40,30000000,0,0,550000,0,0,30550000,H014 - WH INFORMA JABABEKA,PT. TERATAI EMAS LOGISTINDO,6,LATE,40,42,03.08.2026,23.06.2026,07.07.2026,15.07.2026,16.07.2026,17.07.2026,17.07.2026,,H014,WH INFORMA JABABEKA
R110260621T037_H014,CONT-40,29000000,0,0,0,0,0,29000000,H014 - WH INFORMA JABABEKA,PT. SARANA TRANS SUMATERA,2,LATE,26,42,19.07.2026,22.06.2026,25.07.2026,,,,,,H014,WH INFORMA JABABEKA
R110260621T038_H014,WINGBOX,7000000,0,0,0,0,0,7000000,H014 - WH INFORMA JABABEKA,PT. DUNIA EXPRESS TRANSINDO,4,LATE,17,42,10.07.2026,22.06.2026,25.06.2026,27.07.2026,27.07.2026,,,,H014,WH INFORMA JABABEKA
R110260621T039_H014,CONT-40,29000000,0,0,0,0,0,29000000,H014 - WH INFORMA JABABEKA,PT. SARANA TRANS SUMATERA,2,LATE,26,42,19.07.2026,22.06.2026,14.07.2026,,,,,,H014,WH INFORMA JABABEKA
R110260621T041_H014,CONT-40,30000000,0,0,550000,0,0,30550000,H014 - WH INFORMA JABABEKA,PT. TERATAI EMAS LOGISTINDO,6,LATE,40,42,03.08.2026,23.06.2026,07.07.2026,15.07.2026,16.07.2026,17.07.2026,17.07.2026,,H014,WH INFORMA JABABEKA
R110260621T042_H014,WINGBOX,5650000,0,0,0,0,0,5650000,H014 - WH INFORMA JABABEKA,PT. DUTA MEDIA MANDIRI,7,ON SCHEDULE,29,0,22.07.2026,22.06.2026,25.06.2026,26.06.2026,26.06.2026,30.06.2026,30.06.2026,,H014,WH INFORMA JABABEKA
R110260621T043_H014,CONT-40,30000000,0,0,550000,0,0,30550000,H014 - WH INFORMA JABABEKA,PT. TERATAI EMAS LOGISTINDO,6,LATE,40,42,02.08.2026,22.06.2026,09.07.2026,15.07.2026,16.07.2026,17.07.2026,17.07.2026,,H014,WH INFORMA JABABEKA
R110260621T045_H014,WINGBOX,7000000,0,0,0,0,0,7000000,H014 - WH INFORMA JABABEKA,PT. DUNIA EXPRESS TRANSINDO,4,LATE,17,42,10.07.2026,22.06.2026,25.06.2026,27.07.2026,27.07.2026,,,,H014,WH INFORMA JABABEKA
R110260621T046_H014,CONT-20,10300000,0,0,0,0,0,10300000,H014 - WH INFORMA JABABEKA,PT. HAKKA HYDRO TIRTA,2,LATE,20,42,13.07.2026,22.06.2026,07.07.2026,,,,,,H014,WH INFORMA JABABEKA
R110260621T048_H014,CONT-40,26000000,0,0,0,0,0,26000000,H014 - WH INFORMA JABABEKA,PT. WIDYA TRANS CARGO,6,LATE,42,43,04.08.2026,22.06.2026,04.07.2026,21.07.2026,21.07.2026,22.07.2026,22.07.2026,,H014,WH INFORMA JABABEKA
R110260622D088_H014,CDE LONG CHASSIS,1100000,0,0,0,75000,0,1175000,H014 - WH INFORMA JABABEKA,PT. ANTAR JARINGAN SEPANJANG JALAN,7,ON SCHEDULE,26,0,20.07.2026,23.06.2026,25.06.2026,26.06.2026,26.06.2026,01.07.2026,01.07.2026,,H014,WH INFORMA JABABEKA
R110260622D091_H014,CDE LONG CHASSIS,1100000,0,0,0,75000,0,1175000,H014 - WH INFORMA JABABEKA,PT. ANTAR JARINGAN SEPANJANG JALAN,6,LATE,27,42,21.07.2026,23.06.2026,09.07.2026,13.07.2026,14.07.2026,15.07.2026,15.07.2026,,H014,WH INFORMA JABABEKA
R110260622D092_H014,CDE LONG CHASSIS,1200000,0,0,0,75000,0,1275000,H014 - WH INFORMA JABABEKA,PT. ANTAR JARINGAN SEPANJANG JALAN,7,ON SCHEDULE,26,0,20.07.2026,23.06.2026,25.06.2026,26.06.2026,26.06.2026,01.07.2026,01.07.2026,,H014,WH INFORMA JABABEKA
R110260622D094_H014,CDE LONG CHASSIS,1300000,0,0,0,75000,0,1375000,H014 - WH INFORMA JABABEKA,PT. ANTAR JARINGAN SEPANJANG JALAN,7,ON SCHEDULE,26,0,20.07.2026,23.06.2026,24.06.2026,26.06.2026,26.06.2026,01.07.2026,01.07.2026,,H014,WH INFORMA JABABEKA
R110260622D095_H014,CDE LONG CHASSIS,1300000,0,0,0,0,0,1300000,H014 - WH INFORMA JABABEKA,PT. ANTAR JARINGAN SEPANJANG JALAN,7,ON SCHEDULE,26,0,20.07.2026,23.06.2026,24.06.2026,26.06.2026,26.06.2026,01.07.2026,01.07.2026,,H014,WH INFORMA JABABEKA
R110260622D096_H014,CDE LONG CHASSIS,1300000,0,0,0,75000,0,1375000,H014 - WH INFORMA JABABEKA,PT. ANTAR JARINGAN SEPANJANG JALAN,7,ON SCHEDULE,26,0,20.07.2026,23.06.2026,26.06.2026,29.06.2026,30.06.2026,01.07.2026,01.07.2026,,H014,WH INFORMA JABABEKA
R110260622D097_H014,CDE LONG CHASSIS,1300000,0,0,0,75000,0,1375000,H014 - WH INFORMA JABABEKA,PT. ANTAR JARINGAN SEPANJANG JALAN,7,ON SCHEDULE,26,0,20.07.2026,23.06.2026,24.06.2026,26.06.2026,26.06.2026,01.07.2026,01.07.2026,,H014,WH INFORMA JABABEKA
R110260622D104_H014,CDE LONG CHASSIS,1300000,0,0,0,75000,0,1375000,H014 - WH INFORMA JABABEKA,PT. ANTAR JARINGAN SEPANJANG JALAN,7,ON SCHEDULE,26,0,19.07.2026,22.06.2026,24.06.2026,26.06.2026,26.06.2026,01.07.2026,01.07.2026,,H014,WH INFORMA JABABEKA
R110260622D106_H014,CDD LONG CHASSIS,1200000,0,0,0,75000,0,1275000,H014 - WH INFORMA JABABEKA,PT. ANTAR JARINGAN SEPANJANG JALAN,7,ON SCHEDULE,26,0,20.07.2026,23.06.2026,24.06.2026,26.06.2026,26.06.2026,01.07.2026,01.07.2026,,H014,WH INFORMA JABABEKA
R110260622D110_H014,CDE LONG CHASSIS,1100000,0,0,0,0,0,1100000,H014 - WH INFORMA JABABEKA,PT. ANTAR JARINGAN SEPANJANG JALAN,7,ON SCHEDULE,27,0,21.07.2026,23.06.2026,24.06.2026,26.06.2026,26.06.2026,01.07.2026,01.07.2026,,H014,WH INFORMA JABABEKA
R110260622H045_H014,WINGBOX,4825000,0,0,0,0,0,4825000,H014 - WH INFORMA JABABEKA,PT. CEHA LOGISTIK CEMERLANG,7,ON SCHEDULE,29,0,23.07.2026,23.06.2026,25.06.2026,25.06.2026,26.06.2026,30.06.2026,30.06.2026,,H014,WH INFORMA JABABEKA
R110260622H047_H014,CDD LONG CHASSIS,4900000,0,0,0,0,0,4900000,H014 - WH INFORMA JABABEKA,PT.ORANG KREATIF EKSIS,6,LATE,28,42,22.07.2026,23.06.2026,25.06.2026,29.06.2026,29.06.2026,08.07.2026,08.07.2026,,H014,WH INFORMA JABABEKA
R110260622H048_H014,WINGBOX,4500000,0,0,0,0,0,4500000,H014 - WH INFORMA JABABEKA,PT. CEHA LOGISTIK CEMERLANG,7,ON SCHEDULE,29,0,23.07.2026,23.06.2026,25.06.2026,25.06.2026,26.06.2026,26.06.2026,26.06.2026,,H014,WH INFORMA JABABEKA
R110260622H049_H014,WINGBOX,11500000,0,0,0,0,0,11500000,H014 - WH INFORMA JABABEKA,PT. BINTANG SAMUDRA RAYA,7,ON SCHEDULE,29,0,23.07.2026,23.06.2026,28.06.2026,02.07.2026,02.07.2026,03.07.2026,06.07.2026,,H014,WH INFORMA JABABEKA
R110260622H051_H014,CDD LONG CHASSIS,1725000,0,0,0,0,0,1725000,H014 - WH INFORMA JABABEKA,PT. BINTANG SAMUDRA RAYA,7,ON SCHEDULE,27,0,21.07.2026,23.06.2026,24.06.2026,25.06.2026,25.06.2026,30.06.2026,30.06.2026,,H014,WH INFORMA JABABEKA
R110260622H052_H014,CDD LONG CHASSIS,2850000,0,0,0,0,0,2850000,H014 - WH INFORMA JABABEKA,PT. BINTANG SAMUDRA RAYA,7,ON SCHEDULE,28,0,21.07.2026,22.06.2026,24.06.2026,30.06.2026,30.06.2026,30.06.2026,02.07.2026,,H014,WH INFORMA JABABEKA
R110260622H053_H014,WINGBOX,17750000,0,0,0,0,0,17750000,H014 - WH INFORMA JABABEKA,PT. BINTANG SAMUDRA RAYA,7,ON SCHEDULE,30,0,24.07.2026,23.06.2026,04.07.2026,06.07.2026,07.07.2026,09.07.2026,10.07.2026,,H014,WH INFORMA JABABEKA
R110260622H054_H014,CDD LONG CHASSIS,12500000,0,0,0,0,0,12500000,H014 - WH INFORMA JABABEKA,PT.ORANG KREATIF EKSIS,6,LATE,30,42,24.07.2026,23.06.2026,27.06.2026,07.07.2026,07.07.2026,17.07.2026,17.07.2026,,H014,WH INFORMA JABABEKA
R110260622H055_H014,WINGBOX,1998000,0,0,0,0,0,1998000,H014 - WH INFORMA JABABEKA,PT. ARDYA PRIMA INTERNUSA,6,LATE,27,42,20.07.2026,22.06.2026,24.06.2026,25.06.2026,25.06.2026,03.07.2026,09.07.2026,,H014,WH INFORMA JABABEKA
R110260622H056_H014,WINGBOX,2350000,0,0,0,0,0,2350000,H014 - WH INFORMA JABABEKA,PT. BINTANG SAMUDRA RAYA,7,ON SCHEDULE,27,0,20.07.2026,22.06.2026,24.06.2026,30.06.2026,30.06.2026,30.06.2026,02.07.2026,,H014,WH INFORMA JABABEKA
R110260622H057_H014,CDD LONG CHASSIS,1425000,0,0,0,0,0,1425000,H014 - WH INFORMA JABABEKA,PT. DUTA MEDIA MANDIRI,7,ON SCHEDULE,27,0,20.07.2026,22.06.2026,24.06.2026,26.06.2026,26.06.2026,26.06.2026,26.06.2026,,H014,WH INFORMA JABABEKA
R110260622H059_H014,WINGBOX,4500000,0,0,0,0,0,4500000,H014 - WH INFORMA JABABEKA,PT. CEHA LOGISTIK CEMERLANG,7,ON SCHEDULE,29,0,23.07.2026,23.06.2026,25.06.2026,25.06.2026,26.06.2026,26.06.2026,26.06.2026,,H014,WH INFORMA JABABEKA
R110260622H061_H014,CDD LONG CHASSIS,2200000,0,0,0,0,0,2200000,H014 - WH INFORMA JABABEKA,PT. AGUNG MAKMUR JAYA,7,ON SCHEDULE,27,0,21.07.2026,23.06.2026,25.06.2026,26.06.2026,26.06.2026,26.06.2026,26.06.2026,,H014,WH INFORMA JABABEKA
R110260622H070_H014,WINGBOX,4825000,0,0,0,0,0,4825000,H014 - WH INFORMA JABABEKA,PT. CEHA LOGISTIK CEMERLANG,7,ON SCHEDULE,29,0,23.07.2026,23.06.2026,25.06.2026,25.06.2026,26.06.2026,30.06.2026,30.06.2026,,H014,WH INFORMA JABABEKA
R110260622L033_H014,CONT-20,20500000,0,0,0,0,0,20500000,H014 - WH INFORMA JABABEKA,PT. TPIL LOGISTICS,2,LATE,20,40,16.07.2026,25.06.2026,13.07.2026,,,,,,H014,WH INFORMA JABABEKA
R110260622L035_H014,CDD LONG CHASSIS,1600000,0,0,0,0,0,1600000,H014 - WH INFORMA JABABEKA,PT. SATRIA PIRANTI PERKASA,6,LATE,27,42,20.07.2026,22.06.2026,24.06.2026,20.07.2026,21.07.2026,27.07.2026,27.07.2026,,H014,WH INFORMA JABABEKA
R110260622L038_H014,CDD LONG CHASSIS,8200000,0,0,0,0,0,8200000,H014 - WH INFORMA JABABEKA,PT.DHANESWARA EXPRES,6,LATE,30,42,23.07.2026,22.06.2026,26.06.2026,09.07.2026,10.07.2026,13.07.2026,13.07.2026,,H014,WH INFORMA JABABEKA
R110260622L041_H014,CDD LONG CHASSIS,3900000,0,0,0,0,0,3900000,H014 - WH INFORMA JABABEKA,PT. CEHA LOGISTIK CEMERLANG,7,ON SCHEDULE,26,0,20.07.2026,23.06.2026,25.06.2026,25.06.2026,26.06.2026,26.06.2026,26.06.2026,,H014,WH INFORMA JABABEKA
R110260622L044_H014,CDD LONG CHASSIS,3900000,0,0,0,0,0,3900000,H014 - WH INFORMA JABABEKA,PT. CEHA LOGISTIK CEMERLANG,7,ON SCHEDULE,26,0,20.07.2026,23.06.2026,25.06.2026,25.06.2026,26.06.2026,26.06.2026,26.06.2026,,H014,WH INFORMA JABABEKA
R110260622L046_H014,CDD LONG CHASSIS,3900000,0,0,0,0,0,3900000,H014 - WH INFORMA JABABEKA,PT. CEHA LOGISTIK CEMERLANG,7,ON SCHEDULE,26,0,20.07.2026,23.06.2026,25.06.2026,25.06.2026,26.06.2026,26.06.2026,26.06.2026,,H014,WH INFORMA JABABEKA
R110260622L063_H014,CDD LONG CHASSIS,1400000,0,0,0,0,0,1400000,H014 - WH INFORMA JABABEKA,PT. BINTANG SAMUDRA RAYA,7,ON SCHEDULE,27,0,21.07.2026,23.06.2026,24.06.2026,30.06.2026,30.06.2026,30.06.2026,02.07.2026,,H014,WH INFORMA JABABEKA
R110260622L064_H014,CDD LONG CHASSIS,1400000,0,0,0,0,0,1400000,H014 - WH INFORMA JABABEKA,PT. BINTANG SAMUDRA RAYA,7,ON SCHEDULE,27,0,21.07.2026,23.06.2026,24.06.2026,06.07.2026,06.07.2026,08.07.2026,09.07.2026,,H014,WH INFORMA JABABEKA
R110260622L065_H014,CDD LONG CHASSIS,13100000,0,0,0,0,0,13100000,H014 - WH INFORMA JABABEKA,PT.ORANG KREATIF EKSIS,6,LATE,30,42,24.07.2026,23.06.2026,28.06.2026,03.07.2026,03.07.2026,17.07.2026,17.07.2026,,H014,WH INFORMA JABABEKA
R110260622L085_H014,CDD LONG CHASSIS,3800000,0,0,600000,0,0,4400000,H014 - WH INFORMA JABABEKA,PT. CEHA LOGISTIK CEMERLANG,7,ON SCHEDULE,26,0,20.07.2026,23.06.2026,25.06.2026,26.06.2026,26.06.2026,26.06.2026,26.06.2026,,H014,WH INFORMA JABABEKA
R110260622L087_H014,CDD LONG CHASSIS,3500000,0,0,2000000,0,0,5500000,H014 - WH INFORMA JABABEKA,PT. CEHA LOGISTIK CEMERLANG,7,ON SCHEDULE,26,0,20.07.2026,23.06.2026,25.06.2026,26.06.2026,26.06.2026,30.06.2026,30.06.2026,,H014,WH INFORMA JABABEKA
R110260622T002_H014,WINGBOX,5600000,0,0,0,0,0,5600000,H014 - WH INFORMA JABABEKA,PT. BINTANG SAMUDRA RAYA,7,ON SCHEDULE,29,0,23.07.2026,23.06.2026,26.06.2026,06.07.2026,06.07.2026,08.07.2026,09.07.2026,,H014,WH INFORMA JABABEKA
R110260622T022_H014,WINGBOX,20000000,0,0,0,0,0,20000000,H014 - WH INFORMA JABABEKA,PT.ORANG KREATIF EKSIS,6,LATE,37,41,31.07.2026,23.06.2026,28.06.2026,07.07.2026,07.07.2026,17.07.2026,17.07.2026,,H014,WH INFORMA JABABEKA
R110260622T023_H014,WINGBOX,24000000,0,0,0,0,0,24000000,H014 - WH INFORMA JABABEKA,PT. CITRA SENTRAL EKSPRES,6,LATE,37,41,31.07.2026,23.06.2026,29.06.2026,08.07.2026,09.07.2026,09.07.2026,10.07.2026,,H014,WH INFORMA JABABEKA
R110260622T024_H014,WINGBOX,7000000,0,0,0,0,0,7000000,H014 - WH INFORMA JABABEKA,PT. DUNIA EXPRESS TRANSINDO,4,LATE,17,41,11.07.2026,23.06.2026,26.06.2026,27.07.2026,27.07.2026,,,,H014,WH INFORMA JABABEKA
R110260622T026_H014,CONT-20,0,0,0,0,0,0,0,H014 - WH INFORMA JABABEKA,PT. TPIL LOGISTICS,2,LATE,22,40,17.07.2026,24.06.2026,07.07.2026,,,,,,H014,WH INFORMA JABABEKA
R110260622T027_H014,CONT-20,15800000,0,0,0,0,0,15800000,H014 - WH INFORMA JABABEKA,PT. SENTOSAPRIMA ABADI,2,LATE,20,41,14.07.2026,23.06.2026,04.07.2026,,,,,,H014,WH INFORMA JABABEKA
R110260622T028_H014,CONT-40,0,0,0,0,0,0,0,H014 - WH INFORMA JABABEKA,PT. TPIL LOGISTICS,2,LATE,20,41,14.07.2026,23.06.2026,12.07.2026,,,,,,H014,WH INFORMA JABABEKA
R110260622T030_H014,CONT-40,0,0,0,0,0,0,0,H014 - WH INFORMA JABABEKA,PT. TPIL LOGISTICS,2,LATE,17,41,11.07.2026,23.06.2026,09.07.2026,,,,,,H014,WH INFORMA JABABEKA
R110260622T031_H014,CONT-40,0,0,0,0,0,0,0,H014 - WH INFORMA JABABEKA,PT. TPIL LOGISTICS,2,LATE,20,41,14.07.2026,23.06.2026,07.07.2026,,,,,,H014,WH INFORMA JABABEKA
R110260622T032_H014,WINGBOX,7000000,0,0,0,0,0,7000000,H014 - WH INFORMA JABABEKA,PT. DUNIA EXPRESS TRANSINDO,4,LATE,17,41,11.07.2026,23.06.2026,26.06.2026,27.07.2026,27.07.2026,,,,H014,WH INFORMA JABABEKA
R110260622T033_H014,WINGBOX,7000000,0,0,0,0,0,7000000,H014 - WH INFORMA JABABEKA,PT. DUNIA EXPRESS TRANSINDO,4,LATE,17,41,11.07.2026,23.06.2026,26.06.2026,27.07.2026,27.07.2026,,,,H014,WH INFORMA JABABEKA
R110260622T035_H014,WINGBOX,5650000,0,0,0,0,0,5650000,H014 - WH INFORMA JABABEKA,PT. DUTA MEDIA MANDIRI,6,LATE,29,41,23.07.2026,23.06.2026,27.06.2026,29.06.2026,30.06.2026,03.07.2026,06.07.2026,,H014,WH INFORMA JABABEKA
R110260622T036_H014,CONT-20,18100000,0,0,0,0,0,18100000,H014 - WH INFORMA JABABEKA,PT. TPIL LOGISTICS,2,LATE,20,41,14.07.2026,23.06.2026,04.07.2026,,,,,,H014,WH INFORMA JABABEKA
R110260622T037_H014,WINGBOX,6600000,0,0,0,0,0,6600000,H014 - WH INFORMA JABABEKA,PT. JAYA MULYA ERALINDO,6,LATE,29,41,23.07.2026,23.06.2026,26.06.2026,13.07.2026,13.07.2026,13.07.2026,13.07.2026,,H014,WH INFORMA JABABEKA
R110260623H043_H014,WINGBOX,4500000,0,0,0,0,0,4500000,H014 - WH INFORMA JABABEKA,PT. CEHA LOGISTIK CEMERLANG,7,ON SCHEDULE,29,0,24.07.2026,24.06.2026,26.06.2026,26.06.2026,26.06.2026,30.06.2026,30.06.2026,,H014,WH INFORMA JABABEKA
R110260623H044_H014,WINGBOX,4500000,0,0,0,0,0,4500000,H014 - WH INFORMA JABABEKA,PT. CEHA LOGISTIK CEMERLANG,7,ON SCHEDULE,29,0,24.07.2026,24.06.2026,25.06.2026,25.06.2026,26.06.2026,26.06.2026,26.06.2026,,H014,WH INFORMA JABABEKA
R110260623H047_H014,CDD LONG CHASSIS,1725000,0,0,0,0,0,1725000,H014 - WH INFORMA JABABEKA,PT. BINTANG SAMUDRA RAYA,7,ON SCHEDULE,27,0,22.07.2026,24.06.2026,24.06.2026,30.06.2026,30.06.2026,30.06.2026,02.07.2026,,H014,WH INFORMA JABABEKA
R110260623H048_H014,WINGBOX,18000000,0,0,0,0,0,18000000,H014 - WH INFORMA JABABEKA,PT. BINTANG SAMUDRA RAYA,7,ON SCHEDULE,31,0,26.07.2026,24.06.2026,28.06.2026,06.07.2026,06.07.2026,08.07.2026,09.07.2026,,H014,WH INFORMA JABABEKA
R110260623H051_H014,WINGBOX,17000000,0,0,0,0,0,17000000,H014 - WH INFORMA JABABEKA,PT. BINTANG SAMUDRA RAYA,7,ON SCHEDULE,33,0,28.07.2026,24.06.2026,28.06.2026,30.06.2026,30.06.2026,30.06.2026,02.07.2026,,H014,WH INFORMA JABABEKA
R110260623H053_H014,WINGBOX,3500000,0,0,0,0,0,3500000,H014 - WH INFORMA JABABEKA,PT. BINTANG SAMUDRA RAYA,7,ON SCHEDULE,29,0,24.07.2026,24.06.2026,25.06.2026,06.07.2026,06.07.2026,08.07.2026,09.07.2026,,H014,WH INFORMA JABABEKA
R110260623H054_H014,WINGBOX,11500000,0,0,0,0,0,11500000,H014 - WH INFORMA JABABEKA,PT. BINTANG SAMUDRA RAYA,7,ON SCHEDULE,29,0,24.07.2026,24.06.2026,28.06.2026,30.06.2026,30.06.2026,30.06.2026,02.07.2026,,H014,WH INFORMA JABABEKA
R110260623H056_H014,WINGBOX,4000000,0,0,0,0,0,4000000,H014 - WH INFORMA JABABEKA,PT. BINTANG SAMUDRA RAYA,7,ON SCHEDULE,28,0,22.07.2026,23.06.2026,25.06.2026,30.06.2026,30.06.2026,30.06.2026,02.07.2026,,H014,WH INFORMA JABABEKA
R110260623H058_H014,WINGBOX,4825000,0,0,0,0,0,4825000,H014 - WH INFORMA JABABEKA,PT. CEHA LOGISTIK CEMERLANG,7,ON SCHEDULE,29,0,24.07.2026,24.06.2026,25.06.2026,25.06.2026,26.06.2026,30.06.2026,30.06.2026,,H014,WH INFORMA JABABEKA
R110260623H059_H014,CDD LONG CHASSIS,2250000,0,0,0,0,0,2250000,H014 - WH INFORMA JABABEKA,PT. BINTANG SAMUDRA RAYA,7,ON SCHEDULE,27,0,22.07.2026,24.06.2026,25.06.2026,06.07.2026,06.07.2026,08.07.2026,09.07.2026,,H014,WH INFORMA JABABEKA
R110260623H060_H014,CDD LONG CHASSIS,2250000,0,0,0,0,0,2250000,H014 - WH INFORMA JABABEKA,PT. BINTANG SAMUDRA RAYA,7,ON SCHEDULE,27,0,22.07.2026,24.06.2026,25.06.2026,30.06.2026,30.06.2026,30.06.2026,02.07.2026,,H014,WH INFORMA JABABEKA
R110260623H061_H014,CDD LONG CHASSIS,2250000,0,0,0,0,0,2250000,H014 - WH INFORMA JABABEKA,PT. BINTANG SAMUDRA RAYA,7,ON SCHEDULE,27,0,22.07.2026,24.06.2026,25.06.2026,30.06.2026,30.06.2026,30.06.2026,02.07.2026,,H014,WH INFORMA JABABEKA
R110260623H062_H014,CDD LONG CHASSIS,2250000,0,0,0,0,0,2250000,H014 - WH INFORMA JABABEKA,PT. BINTANG SAMUDRA RAYA,7,ON SCHEDULE,27,0,22.07.2026,24.06.2026,26.06.2026,10.07.2026,10.07.2026,13.07.2026,14.07.2026,,H014,WH INFORMA JABABEKA
R110260623H063_H014,CDD LONG CHASSIS,2250000,0,0,0,0,0,2250000,H014 - WH INFORMA JABABEKA,PT. BINTANG SAMUDRA RAYA,7,ON SCHEDULE,27,0,22.07.2026,24.06.2026,26.06.2026,30.06.2026,30.06.2026,30.06.2026,02.07.2026,,H014,WH INFORMA JABABEKA
R110260623H064_H014,CDD LONG CHASSIS,2250000,0,0,0,0,0,2250000,H014 - WH INFORMA JABABEKA,PT. BINTANG SAMUDRA RAYA,7,ON SCHEDULE,27,0,22.07.2026,24.06.2026,26.06.2026,06.07.2026,06.07.2026,08.07.2026,09.07.2026,,H014,WH INFORMA JABABEKA
R110260623H066_H014,WINGBOX,1998000,0,0,0,0,0,1998000,H014 - WH INFORMA JABABEKA,PT. ARDYA PRIMA INTERNUSA,6,LATE,27,41,21.07.2026,23.06.2026,26.06.2026,30.06.2026,30.06.2026,03.07.2026,09.07.2026,,H014,WH INFORMA JABABEKA
R110260623H067_H014,WINGBOX,1998000,0,0,0,0,0,1998000,H014 - WH INFORMA JABABEKA,PT. ARDYA PRIMA INTERNUSA,6,LATE,27,41,21.07.2026,23.06.2026,26.06.2026,07.07.2026,07.07.2026,08.07.2026,09.07.2026,,H014,WH INFORMA JABABEKA
R110260623H069_H014,WINGBOX,15000000,0,0,0,0,0,15000000,H014 - WH INFORMA JABABEKA,PT. BINTANG SAMUDRA RAYA,7,ON SCHEDULE,30,0,25.07.2026,24.06.2026,28.06.2026,30.06.2026,30.06.2026,30.06.2026,02.07.2026,,H014,WH INFORMA JABABEKA
R110260623H070_H014,CDD LONG CHASSIS,1400000,0,0,0,0,0,1400000,H014 - WH INFORMA JABABEKA,PT. BINTANG SAMUDRA RAYA,7,ON SCHEDULE,27,0,21.07.2026,23.06.2026,24.06.2026,25.06.2026,25.06.2026,30.06.2026,30.06.2026,,H014,WH INFORMA JABABEKA
R110260623H072_H014,CDD LONG CHASSIS,10350000,0,0,0,0,0,10350000,H014 - WH INFORMA JABABEKA,PT.ORANG KREATIF EKSIS,6,LATE,33,41,28.07.2026,24.06.2026,28.06.2026,03.07.2026,03.07.2026,17.07.2026,17.07.2026,,H014,WH INFORMA JABABEKA
R110260623H079_H014,WINGBOX,4500000,0,0,0,0,0,4500000,H014 - WH INFORMA JABABEKA,PT. CEHA LOGISTIK CEMERLANG,7,ON SCHEDULE,29,0,24.07.2026,24.06.2026,26.06.2026,26.06.2026,26.06.2026,26.06.2026,26.06.2026,,H014,WH INFORMA JABABEKA
R110260623H080_H014,CDD LONG CHASSIS,1400000,0,0,0,0,0,1400000,H014 - WH INFORMA JABABEKA,PT. BINTANG SAMUDRA RAYA,7,ON SCHEDULE,27,0,21.07.2026,23.06.2026,24.06.2026,30.06.2026,30.06.2026,30.06.2026,02.07.2026,,H014,WH INFORMA JABABEKA
R110260623H082_H014,WINGBOX,4825000,0,0,0,0,0,4825000,H014 - WH INFORMA JABABEKA,PT. CEHA LOGISTIK CEMERLANG,7,ON SCHEDULE,29,0,24.07.2026,24.06.2026,26.06.2026,26.06.2026,26.06.2026,30.06.2026,30.06.2026,,H014,WH INFORMA JABABEKA
R110260623H084_H014,CDD LONG CHASSIS,7500000,0,0,0,0,0,7500000,H014 - WH INFORMA JABABEKA,PT.ORANG KREATIF EKSIS,6,LATE,29,41,24.07.2026,24.06.2026,28.06.2026,03.07.2026,03.07.2026,17.07.2026,17.07.2026,,H014,WH INFORMA JABABEKA
R110260623T026_H014,WINGBOX,7000000,0,0,0,0,0,7000000,H014 - WH INFORMA JABABEKA,PT. DUNIA EXPRESS TRANSINDO,4,LATE,17,40,12.07.2026,24.06.2026,28.06.2026,27.07.2026,27.07.2026,,,,H014,WH INFORMA JABABEKA
R110260623T031_H014,CONT-40,27000000,0,0,0,0,0,27000000,H014 - WH INFORMA JABABEKA,PT. WIDYA TRANS CARGO,6,NEAR LATE,40,40,04.08.2026,24.06.2026,09.07.2026,29.07.2026,29.07.2026,30.07.2026,30.07.2026,,H014,WH INFORMA JABABEKA
R110260623T032_H014,CONT-40,28500000,0,0,0,0,0,28500000,H014 - WH INFORMA JABABEKA,PT. MITRA INTERTRANS FORWARDING,6,NEAR LATE,40,40,04.08.2026,24.06.2026,04.07.2026,24.07.2026,25.07.2026,29.07.2026,29.07.2026,,H014,WH INFORMA JABABEKA
R110260623T033_H014,CONT-20,18100000,0,0,0,0,0,18100000,H014 - WH INFORMA JABABEKA,PT. TPIL LOGISTICS,2,LATE,20,41,15.07.2026,24.06.2026,04.07.2026,,,,,,H014,WH INFORMA JABABEKA
R110260623T034_H014,CONT-40,26300000,0,0,0,0,0,26300000,H014 - WH INFORMA JABABEKA,PT. TPIL LOGISTICS,2,LATE,22,40,17.07.2026,24.06.2026,04.07.2026,,,,,,H014,WH INFORMA JABABEKA
R110260623T035_H014,CONT-20,23100000,0,0,0,0,0,23100000,H014 - WH INFORMA JABABEKA,PT. TPIL LOGISTICS,2,LATE,20,40,15.07.2026,24.06.2026,22.07.2026,,,,,,H014,WH INFORMA JABABEKA
R110260623T036_H014,WINGBOX,7000000,0,0,0,0,0,7000000,H014 - WH INFORMA JABABEKA,PT. DUNIA EXPRESS TRANSINDO,4,LATE,17,40,12.07.2026,24.06.2026,28.06.2026,27.07.2026,27.07.2026,,,,H014,WH INFORMA JABABEKA
R110260623T037_H014,WINGBOX,6325000,0,0,0,0,0,6325000,H014 - WH INFORMA JABABEKA,PT. DUTA LINTAS NUSA,6,LATE,29,42,23.07.2026,23.06.2026,26.06.2026,14.07.2026,14.07.2026,17.07.2026,22.07.2026,,H014,WH INFORMA JABABEKA
R110260623T038_H014,WINGBOX,6325000,0,0,0,0,0,6325000,H014 - WH INFORMA JABABEKA,PT. DUTA LINTAS NUSA,6,LATE,29,42,22.07.2026,22.06.2026,26.06.2026,14.07.2026,14.07.2026,17.07.2026,22.07.2026,,H014,WH INFORMA JABABEKA
R110260623T040_H014,WINGBOX,5650000,0,0,0,0,0,5650000,H014 - WH INFORMA JABABEKA,PT. DUTA MEDIA MANDIRI,7,ON SCHEDULE,29,0,24.07.2026,24.06.2026,28.06.2026,29.06.2026,30.06.2026,30.06.2026,30.06.2026,,H014,WH INFORMA JABABEKA
R110260623T041_H014,WINGBOX,5650000,0,0,0,0,0,5650000,H014 - WH INFORMA JABABEKA,PT. DUTA MEDIA MANDIRI,7,ON SCHEDULE,29,0,24.07.2026,24.06.2026,28.06.2026,29.06.2026,30.06.2026,30.06.2026,30.06.2026,,H014,WH INFORMA JABABEKA
R110260623T042_H014,WINGBOX,7000000,0,0,0,0,0,7000000,H014 - WH INFORMA JABABEKA,PT. DUNIA EXPRESS TRANSINDO,4,LATE,17,40,12.07.2026,24.06.2026,28.06.2026,27.07.2026,27.07.2026,,,,H014,WH INFORMA JABABEKA
R110260623T043_H014,WINGBOX,5650000,0,0,0,0,0,5650000,H014 - WH INFORMA JABABEKA,PT. DUTA MEDIA MANDIRI,7,ON SCHEDULE,29,0,24.07.2026,24.06.2026,27.06.2026,29.06.2026,30.06.2026,30.06.2026,30.06.2026,,H014,WH INFORMA JABABEKA
R110260623T044_H014,WINGBOX,7000000,0,0,0,0,0,7000000,H014 - WH INFORMA JABABEKA,PT. DUNIA EXPRESS TRANSINDO,4,LATE,17,41,12.07.2026,24.06.2026,26.06.2026,27.07.2026,27.07.2026,,,,H014,WH INFORMA JABABEKA
R110260623T045_H014,WINGBOX,7000000,0,0,0,0,0,7000000,H014 - WH INFORMA JABABEKA,PT. DUNIA EXPRESS TRANSINDO,4,LATE,17,40,12.07.2026,24.06.2026,28.06.2026,27.07.2026,27.07.2026,,,,H014,WH INFORMA JABABEKA
R110260624H037_H014,WINGBOX,4300000,0,0,0,0,0,4300000,H014 - WH INFORMA JABABEKA,PT.SIASAT CEPAT MUDA,7,ON SCHEDULE,29,0,25.07.2026,25.06.2026,28.06.2026,30.06.2026,01.07.2026,01.07.2026,03.07.2026,,H014,WH INFORMA JABABEKA
R110260624H042_H014,WINGBOX,1998000,0,0,0,0,0,1998000,H014 - WH INFORMA JABABEKA,PT. ARDYA PRIMA INTERNUSA,6,LATE,27,40,22.07.2026,24.06.2026,26.06.2026,07.07.2026,07.07.2026,08.07.2026,09.07.2026,,H014,WH INFORMA JABABEKA
R110260624H045_H014,WINGBOX,11500000,0,0,0,0,0,11500000,H014 - WH INFORMA JABABEKA,PT. BINTANG SAMUDRA RAYA,7,ON SCHEDULE,29,0,25.07.2026,25.06.2026,28.06.2026,06.07.2026,06.07.2026,08.07.2026,09.07.2026,,H014,WH INFORMA JABABEKA
R110260624H046_H014,CDD LONG CHASSIS,1725000,0,0,0,0,0,1725000,H014 - WH INFORMA JABABEKA,PT. BINTANG SAMUDRA RAYA,7,ON SCHEDULE,27,0,22.07.2026,24.06.2026,26.06.2026,30.06.2026,30.06.2026,30.06.2026,02.07.2026,,H014,WH INFORMA JABABEKA
R110260624H047_H014,CDD LONG CHASSIS,2200000,0,0,0,0,0,2200000,H014 - WH INFORMA JABABEKA,PT. AGUNG MAKMUR JAYA,6,LATE,27,40,22.07.2026,24.06.2026,26.06.2026,26.06.2026,26.06.2026,13.07.2026,13.07.2026,,H014,WH INFORMA JABABEKA
R110260624H048_H014,CDD LONG CHASSIS,2850000,0,0,0,0,0,2850000,H014 - WH INFORMA JABABEKA,PT. BINTANG SAMUDRA RAYA,7,ON SCHEDULE,28,0,23.07.2026,24.06.2026,27.06.2026,30.06.2026,30.06.2026,30.06.2026,02.07.2026,,H014,WH INFORMA JABABEKA
R110260624H049_H014,WINGBOX,1998000,0,0,0,0,0,1998000,H014 - WH INFORMA JABABEKA,PT. ARDYA PRIMA INTERNUSA,6,LATE,27,40,22.07.2026,24.06.2026,26.06.2026,07.07.2026,07.07.2026,08.07.2026,09.07.2026,,H014,WH INFORMA JABABEKA
R110260624H051_H014,WINGBOX,4825000,0,0,0,0,0,4825000,H014 - WH INFORMA JABABEKA,PT. CEHA LOGISTIK CEMERLANG,7,ON SCHEDULE,29,0,25.07.2026,25.06.2026,26.06.2026,26.06.2026,26.06.2026,30.06.2026,30.06.2026,,H014,WH INFORMA JABABEKA
R110260624H057_H014,CDD LONG CHASSIS,1600000,0,0,0,0,0,1600000,H014 - WH INFORMA JABABEKA,PT. SATRIA PIRANTI PERKASA,6,LATE,27,40,23.07.2026,25.06.2026,26.06.2026,20.07.2026,21.07.2026,27.07.2026,27.07.2026,,H014,WH INFORMA JABABEKA
R110260624L055_H014,CDD LONG CHASSIS,1400000,0,0,0,0,0,1400000,H014 - WH INFORMA JABABEKA,PT. BINTANG SAMUDRA RAYA,7,ON SCHEDULE,27,0,23.07.2026,25.06.2026,27.06.2026,30.06.2026,30.06.2026,30.06.2026,02.07.2026,,H014,WH INFORMA JABABEKA
R110260624L057_H014,CDD LONG CHASSIS,1400000,0,0,0,200000,0,1600000,H014 - WH INFORMA JABABEKA,PT. BINTANG SAMUDRA RAYA,7,ON SCHEDULE,27,0,23.07.2026,25.06.2026,27.06.2026,03.07.2026,07.07.2026,07.07.2026,07.07.2026,,H014,WH INFORMA JABABEKA
R110260624L058_H014,CDD LONG CHASSIS,1400000,0,0,0,200000,0,1600000,H014 - WH INFORMA JABABEKA,PT. BINTANG SAMUDRA RAYA,7,ON SCHEDULE,27,0,23.07.2026,25.06.2026,27.06.2026,13.07.2026,14.07.2026,14.07.2026,14.07.2026,,H014,WH INFORMA JABABEKA
R110260624L059_H014,CDD LONG CHASSIS,1750000,0,0,0,250000,0,2000000,H014 - WH INFORMA JABABEKA,PT. CATUR GLOBAL LOGISTIK,6,LATE,27,39,23.07.2026,25.06.2026,26.06.2026,01.07.2026,02.07.2026,23.07.2026,23.07.2026,,H014,WH INFORMA JABABEKA
R110260624L061_H014,CDD LONG CHASSIS,3500000,0,0,0,0,0,3500000,H014 - WH INFORMA JABABEKA,PT. CEHA LOGISTIK CEMERLANG,7,ON SCHEDULE,28,0,24.07.2026,25.06.2026,26.06.2026,26.06.2026,26.06.2026,26.06.2026,26.06.2026,,H014,WH INFORMA JABABEKA
R110260624L063_H014,CDD LONG,3500000,0,0,0,0,0,3500000,H014 - WH INFORMA JABABEKA,PT. AGUNG MAKMUR JAYA,6,LATE,30,40,26.07.2026,25.06.2026,28.06.2026,30.06.2026,30.06.2026,13.07.2026,13.07.2026,,H014,WH INFORMA JABABEKA
R110260624L064_H014,CDD LONG CHASSIS,3500000,0,0,0,300000,0,3800000,H014 - WH INFORMA JABABEKA,PT.DHANESWARA EXPRES,6,LATE,28,39,24.07.2026,25.06.2026,28.06.2026,09.07.2026,10.07.2026,13.07.2026,13.07.2026,,H014,WH INFORMA JABABEKA
R110260624L066_H014,CDD LONG CHASSIS,3600000,0,0,0,300000,0,3900000,H014 - WH INFORMA JABABEKA,PT. BINTANG SAMUDRA RAYA,7,ON SCHEDULE,29,0,25.07.2026,25.06.2026,28.06.2026,13.07.2026,14.07.2026,14.07.2026,14.07.2026,,H014,WH INFORMA JABABEKA
R110260624L082_H014,WINGBOX,10700000,0,0,0,0,0,10700000,H014 - WH INFORMA JABABEKA,PT. BINTANG SAMUDRA RAYA,6,LATE,30,39,26.07.2026,25.06.2026,04.07.2026,14.07.2026,14.07.2026,22.07.2026,22.07.2026,,H014,WH INFORMA JABABEKA
R110260624T030_H014,WINGBOX,25200000,0,0,0,0,0,25200000,H014 - WH INFORMA JABABEKA,PT. SERASI LOGISTIC,6,LATE,37,40,02.08.2026,25.06.2026,01.07.2026,08.07.2026,08.07.2026,09.07.2026,10.07.2026,,H014,WH INFORMA JABABEKA
R110260624T032_H014,CONT-40,25400000,0,0,0,0,0,25400000,H014 - WH INFORMA JABABEKA,PT. SENTOSAPRIMA ABADI,2,LATE,26,40,22.07.2026,25.06.2026,11.07.2026,,,,,,H014,WH INFORMA JABABEKA
R110260624T033_H014,CONT-20,13300000,0,0,0,0,0,13300000,H014 - WH INFORMA JABABEKA,PT.BANGKA JAYA LINE,6,NEAR LATE,40,40,05.08.2026,25.06.2026,02.07.2026,14.07.2026,14.07.2026,16.07.2026,16.07.2026,,H014,WH INFORMA JABABEKA
R110260624T035_H014,WINGBOX,25200000,0,0,0,0,0,25200000,H014 - WH INFORMA JABABEKA,PT. SERASI LOGISTIC,6,LATE,37,40,02.08.2026,25.06.2026,30.06.2026,02.07.2026,03.07.2026,03.07.2026,09.07.2026,,H014,WH INFORMA JABABEKA
R110260624T036_H014,CONT-40,25400000,0,0,0,0,0,25400000,H014 - WH INFORMA JABABEKA,PT. SENTOSAPRIMA ABADI,2,LATE,26,39,22.07.2026,25.06.2026,25.07.2026,,,,,,H014,WH INFORMA JABABEKA
R110260624T037_H014,WINGBOX,5600000,0,0,0,0,0,5600000,H014 - WH INFORMA JABABEKA,PT. BINTANG SAMUDRA RAYA,7,ON SCHEDULE,29,0,25.07.2026,25.06.2026,28.06.2026,30.06.2026,30.06.2026,30.06.2026,02.07.2026,,H014,WH INFORMA JABABEKA
R110260624T038_H014,WINGBOX,5600000,0,0,0,0,0,5600000,H014 - WH INFORMA JABABEKA,PT. BINTANG SAMUDRA RAYA,7,ON SCHEDULE,29,0,27.07.2026,27.06.2026,30.06.2026,02.07.2026,02.07.2026,03.07.2026,06.07.2026,,H014,WH INFORMA JABABEKA
R110260624T042_H014,WINGBOX,5600000,0,0,0,0,0,5600000,H014 - WH INFORMA JABABEKA,PT. BINTANG SAMUDRA RAYA,7,ON SCHEDULE,29,0,24.07.2026,24.06.2026,28.06.2026,30.06.2026,30.06.2026,30.06.2026,02.07.2026,,H014,WH INFORMA JABABEKA
R110260624T043_H014,WINGBOX,6600000,0,0,0,0,0,6600000,H014 - WH INFORMA JABABEKA,PT. JAYA MULYA ERALINDO,6,LATE,29,40,25.07.2026,25.06.2026,28.06.2026,10.07.2026,10.07.2026,10.07.2026,10.07.2026,,H014,WH INFORMA JABABEKA
R110260624T045_H014,WINGBOX,7000000,0,0,0,0,0,7000000,H014 - WH INFORMA JABABEKA,PT. DUNIA EXPRESS TRANSINDO,4,LATE,17,39,13.07.2026,25.06.2026,28.06.2026,27.07.2026,27.07.2026,,,,H014,WH INFORMA JABABEKA
R110260624T046_H014,WINGBOX,7000000,0,0,0,0,0,7000000,H014 - WH INFORMA JABABEKA,PT. DUNIA EXPRESS TRANSINDO,4,LATE,17,39,14.07.2026,26.06.2026,28.06.2026,27.07.2026,27.07.2026,,,,H014,WH INFORMA JABABEKA
R110260624T047_H014,CONT-40,25400000,0,0,0,0,0,25400000,H014 - WH INFORMA JABABEKA,PT. SENTOSAPRIMA ABADI,2,LATE,26,39,22.07.2026,25.06.2026,15.07.2026,,,,,,H014,WH INFORMA JABABEKA
R110260624T048_H014,CONT-40,0,0,0,0,0,0,0,H014 - WH INFORMA JABABEKA,PT. TPIL LOGISTICS,2,LATE,20,39,16.07.2026,25.06.2026,12.07.2026,,,,,,H014,WH INFORMA JABABEKA
R110260624T049_H014,CONT-40,28000000,0,0,0,0,0,28000000,H014 - WH INFORMA JABABEKA,PT. TERATAI EMAS LOGISTINDO,4,LATE,25,38,23.07.2026,27.06.2026,28.07.2026,29.07.2026,29.07.2026,,,,H014,WH INFORMA JABABEKA
R110260624T050_H014,CONT-20,13300000,0,0,0,0,0,13300000,H014 - WH INFORMA JABABEKA,PT.BANGKA JAYA LINE,6,NEAR LATE,40,40,05.08.2026,25.06.2026,02.07.2026,14.07.2026,14.07.2026,16.07.2026,16.07.2026,,H014,WH INFORMA JABABEKA
R110260624T051_H014,WINGBOX,7000000,0,0,0,0,0,7000000,H014 - WH INFORMA JABABEKA,PT. DUNIA EXPRESS TRANSINDO,4,LATE,17,39,13.07.2026,25.06.2026,28.06.2026,27.07.2026,27.07.2026,,,,H014,WH INFORMA JABABEKA
R110260624T053_H014,CONT-40,28000000,0,0,0,0,0,28000000,H014 - WH INFORMA JABABEKA,PT. TERATAI EMAS LOGISTINDO,4,LATE,25,38,23.07.2026,27.06.2026,24.07.2026,27.07.2026,27.07.2026,,,,H014,WH INFORMA JABABEKA
R110260624T056_H014,CONT-20,0,0,0,0,0,0,0,H014 - WH INFORMA JABABEKA,PT. TPIL LOGISTICS,2,LATE,26,38,23.07.2026,26.06.2026,11.07.2026,,,,,,H014,WH INFORMA JABABEKA
R110260624T057_H014,WINGBOX,6600000,0,0,0,0,0,6600000,H014 - WH INFORMA JABABEKA,PT. JAYA MULYA ERALINDO,6,LATE,29,39,26.07.2026,26.06.2026,28.06.2026,10.07.2026,10.07.2026,10.07.2026,10.07.2026,,H014,WH INFORMA JABABEKA
R110260624T059_H014,WINGBOX,6600000,0,0,0,0,0,6600000,H014 - WH INFORMA JABABEKA,PT. JAYA MULYA ERALINDO,6,LATE,29,40,25.07.2026,25.06.2026,28.06.2026,10.07.2026,10.07.2026,10.07.2026,10.07.2026,,H014,WH INFORMA JABABEKA
R110260625H033_H014,WINGBOX,4300000,0,0,0,0,0,4300000,H014 - WH INFORMA JABABEKA,PT.SIASAT CEPAT MUDA,7,ON SCHEDULE,29,0,26.07.2026,26.06.2026,28.06.2026,30.06.2026,01.07.2026,01.07.2026,03.07.2026,,H014,WH INFORMA JABABEKA
R110260625H035_H014,WINGBOX,1998000,0,0,0,0,0,1998000,H014 - WH INFORMA JABABEKA,PT. ARDYA PRIMA INTERNUSA,6,LATE,27,39,23.07.2026,25.06.2026,28.06.2026,07.07.2026,07.07.2026,08.07.2026,09.07.2026,,H014,WH INFORMA JABABEKA
R110260625H036_H014,WINGBOX,4825000,0,0,0,0,0,4825000,H014 - WH INFORMA JABABEKA,PT. CEHA LOGISTIK CEMERLANG,7,ON SCHEDULE,29,0,26.07.2026,26.06.2026,28.06.2026,29.06.2026,29.06.2026,30.06.2026,30.06.2026,,H014,WH INFORMA JABABEKA
R110260625H038_H014,CDD LONG CHASSIS,7400000,0,0,0,0,0,7400000,H014 - WH INFORMA JABABEKA,PT. BINTANG SAMUDRA RAYA,7,ON SCHEDULE,29,0,26.07.2026,26.06.2026,28.06.2026,10.07.2026,10.07.2026,13.07.2026,14.07.2026,,H014,WH INFORMA JABABEKA
R110260625H040_H014,CDD LONG CHASSIS,2850000,0,0,0,0,0,2850000,H014 - WH INFORMA JABABEKA,PT. BINTANG SAMUDRA RAYA,7,ON SCHEDULE,28,0,25.07.2026,26.06.2026,29.06.2026,06.07.2026,06.07.2026,09.07.2026,10.07.2026,,H014,WH INFORMA JABABEKA
R110260625H051_H014,FUSO,19200000,0,0,0,0,0,19200000,H014 - WH INFORMA JABABEKA,PT. SATRIA PIRANTI PERKASA,6,LATE,30,39,27.07.2026,26.06.2026,01.07.2026,20.07.2026,21.07.2026,27.07.2026,27.07.2026,,H014,WH INFORMA JABABEKA
R110260625H053_H014,CDD LONG CHASSIS,1600000,0,0,0,0,0,1600000,H014 - WH INFORMA JABABEKA,PT. SATRIA PIRANTI PERKASA,6,LATE,27,39,24.07.2026,26.06.2026,26.06.2026,20.07.2026,21.07.2026,27.07.2026,27.07.2026,,H014,WH INFORMA JABABEKA
R110260625H055_H014,CDD LONG CHASSIS,2850000,0,0,0,0,0,2850000,H014 - WH INFORMA JABABEKA,PT. BINTANG SAMUDRA RAYA,7,ON SCHEDULE,28,0,25.07.2026,26.06.2026,28.06.2026,06.07.2026,06.07.2026,08.07.2026,09.07.2026,,H014,WH INFORMA JABABEKA
R110260625H057_H014,CDD LONG CHASSIS,3500000,0,0,0,0,0,3500000,H014 - WH INFORMA JABABEKA,PT. CEHA LOGISTIK CEMERLANG,7,ON SCHEDULE,29,0,26.07.2026,26.06.2026,28.06.2026,29.06.2026,29.06.2026,30.06.2026,30.06.2026,,H014,WH INFORMA JABABEKA
R110260625H063_H014,CDD LONG CHASSIS,2350000,0,0,0,0,0,2350000,H014 - WH INFORMA JABABEKA,PT. BINTANG SAMUDRA RAYA,7,ON SCHEDULE,29,0,25.07.2026,25.06.2026,28.06.2026,06.07.2026,06.07.2026,08.07.2026,09.07.2026,,H014,WH INFORMA JABABEKA
R110260625H064_H014,CDD LONG CHASSIS,2350000,0,0,0,0,0,2350000,H014 - WH INFORMA JABABEKA,PT. BINTANG SAMUDRA RAYA,7,ON SCHEDULE,29,0,26.07.2026,26.06.2026,28.06.2026,06.07.2026,06.07.2026,08.07.2026,09.07.2026,,H014,WH INFORMA JABABEKA
R110260625H066_H014,CDD LONG CHASSIS,7500000,0,0,0,0,0,7500000,H014 - WH INFORMA JABABEKA,PT.ORANG KREATIF EKSIS,6,LATE,29,39,26.07.2026,26.06.2026,28.06.2026,03.07.2026,03.07.2026,17.07.2026,17.07.2026,,H014,WH INFORMA JABABEKA
R110260625L046_H014,WINGBOX,5650000,0,0,0,0,0,5650000,H014 - WH INFORMA JABABEKA,PT. DUTA MEDIA MANDIRI,6,LATE,26,39,22.07.2026,25.06.2026,29.06.2026,09.07.2026,10.07.2026,10.07.2026,10.07.2026,,H014,WH INFORMA JABABEKA
R110260625L047_H014,WINGBOX,5650000,0,0,0,0,0,5650000,H014 - WH INFORMA JABABEKA,PT. DUTA MEDIA MANDIRI,6,LATE,26,39,22.07.2026,25.06.2026,29.06.2026,03.07.2026,03.07.2026,03.07.2026,06.07.2026,,H014,WH INFORMA JABABEKA
R110260625L048_H014,CDD LONG CHASSIS,5050000,0,0,400000,0,0,5450000,H014 - WH INFORMA JABABEKA,PT. BINTANG SAMUDRA RAYA,6,LATE,26,39,22.07.2026,25.06.2026,29.06.2026,22.07.2026,22.07.2026,22.07.2026,22.07.2026,,H014,WH INFORMA JABABEKA
R110260625L048_H014,CDD LONG CHASSIS,5050000,0,0,400000,0,0,5450000,H014 - WH INFORMA JABABEKA,PT. BINTANG SAMUDRA RAYA,6,LATE,26,39,22.07.2026,25.06.2026,29.06.2026,22.07.2026,22.07.2026,22.07.2026,22.07.2026,,H014,WH INFORMA JABABEKA
R110260625L053_H014,WINGBOX,2599000,0,0,0,500000,0,3099000,H014 - WH INFORMA JABABEKA,PT. DUTA MEDIA MANDIRI,6,LATE,26,39,23.07.2026,26.06.2026,26.06.2026,03.07.2026,03.07.2026,03.07.2026,06.07.2026,,H014,WH INFORMA JABABEKA
R110260625L056_H014,CDD LONG CHASSIS,2250000,0,0,0,0,0,2250000,H014 - WH INFORMA JABABEKA,PT. BINTANG SAMUDRA RAYA,2,LATE,6,39,03.07.2026,26.06.2026,,,,,,,H014,WH INFORMA JABABEKA
R110260625L061_H014,WINGBOX,11500000,0,0,0,750000,0,12250000,H014 - WH INFORMA JABABEKA,PT. BINTANG SAMUDRA RAYA,7,ON SCHEDULE,29,0,26.07.2026,26.06.2026,30.06.2026,13.07.2026,14.07.2026,14.07.2026,14.07.2026,,H014,WH INFORMA JABABEKA
R110260625L067_H014,CDD LONG CHASSIS,2850000,0,0,0,0,0,2850000,H014 - WH INFORMA JABABEKA,PT. AGUNG MAKMUR JAYA,6,LATE,27,38,24.07.2026,26.06.2026,28.06.2026,30.06.2026,30.06.2026,13.07.2026,13.07.2026,,H014,WH INFORMA JABABEKA
R110260625L068_H014,CDD LONG CHASSIS,1750000,0,0,0,0,0,1750000,H014 - WH INFORMA JABABEKA,PT. DUTA MEDIA MANDIRI,7,ON SCHEDULE,27,0,23.07.2026,25.06.2026,26.06.2026,26.06.2026,26.06.2026,30.06.2026,30.06.2026,,H014,WH INFORMA JABABEKA
R110260625L069_H014,CDD LONG CHASSIS,2850000,0,0,0,100000,0,2950000,H014 - WH INFORMA JABABEKA,PT. AGUNG MAKMUR JAYA,6,LATE,27,38,24.07.2026,26.06.2026,28.06.2026,01.07.2026,02.07.2026,13.07.2026,13.07.2026,,H014,WH INFORMA JABABEKA
R110260625L069_H014,CDD LONG CHASSIS,2850000,0,0,0,100000,0,2950000,H014 - WH INFORMA JABABEKA,PT. AGUNG MAKMUR JAYA,6,LATE,27,38,24.07.2026,26.06.2026,28.06.2026,01.07.2026,02.07.2026,13.07.2026,13.07.2026,,H014,WH INFORMA JABABEKA
R110260625L069_H014,CDD LONG CHASSIS,2850000,0,0,0,100000,0,2950000,H014 - WH INFORMA JABABEKA,PT. AGUNG MAKMUR JAYA,6,LATE,27,38,24.07.2026,26.06.2026,28.06.2026,01.07.2026,02.07.2026,13.07.2026,13.07.2026,,H014,WH INFORMA JABABEKA
R110260625L071_H014,CDD LONG CHASSIS,2350000,0,0,0,400000,0,2750000,H014 - WH INFORMA JABABEKA,PT. BINTANG SAMUDRA RAYA,7,ON SCHEDULE,27,0,24.07.2026,26.06.2026,28.06.2026,13.07.2026,14.07.2026,14.07.2026,14.07.2026,,H014,WH INFORMA JABABEKA
R110260625L072_H014,CDD LONG CHASSIS,8200000,0,0,0,0,0,8200000,H014 - WH INFORMA JABABEKA,PT.DHANESWARA EXPRES,6,LATE,30,39,27.07.2026,26.06.2026,30.06.2026,09.07.2026,10.07.2026,13.07.2026,13.07.2026,,H014,WH INFORMA JABABEKA
R110260625L076_H014,CDD LONG CHASSIS,1750000,0,0,0,250000,0,2000000,H014 - WH INFORMA JABABEKA,PT. CATUR GLOBAL LOGISTIK,6,LATE,26,38,23.07.2026,26.06.2026,28.06.2026,09.07.2026,10.07.2026,10.07.2026,10.07.2026,,H014,WH INFORMA JABABEKA
R110260625L077_H014,CDD LONG CHASSIS,1400000,0,0,0,200000,0,1600000,H014 - WH INFORMA JABABEKA,PT. BINTANG SAMUDRA RAYA,6,LATE,27,38,24.07.2026,26.06.2026,28.06.2026,20.07.2026,21.07.2026,21.07.2026,21.07.2026,,H014,WH INFORMA JABABEKA
R110260625L088_H014,CDD LONG CHASSIS,1425000,0,0,0,0,0,1425000,H014 - WH INFORMA JABABEKA,PT. DUTA MEDIA MANDIRI,7,ON SCHEDULE,27,0,24.07.2026,26.06.2026,26.06.2026,26.06.2026,26.06.2026,30.06.2026,30.06.2026,,H014,WH INFORMA JABABEKA
R110260625L114_H014,CDD LONG CHASSIS,2250000,0,0,0,0,0,2250000,H014 - WH INFORMA JABABEKA,PT. BINTANG SAMUDRA RAYA,2,LATE,6,39,03.07.2026,26.06.2026,,,,,,,H014,WH INFORMA JABABEKA
R110260625T026_H014,WINGBOX,7000000,0,0,0,0,0,7000000,H014 - WH INFORMA JABABEKA,PT. DUNIA EXPRESS TRANSINDO,4,LATE,17,38,14.07.2026,26.06.2026,30.06.2026,27.07.2026,27.07.2026,,,,H014,WH INFORMA JABABEKA
R110260625T028_H014,WINGBOX,5650000,0,0,0,0,0,5650000,H014 - WH INFORMA JABABEKA,PT. DUTA MEDIA MANDIRI,7,ON SCHEDULE,29,0,26.07.2026,26.06.2026,30.06.2026,02.07.2026,02.07.2026,03.07.2026,03.07.2026,,H014,WH INFORMA JABABEKA
R110260625T032_H014,CONT-40,28000000,0,0,0,0,0,28000000,H014 - WH INFORMA JABABEKA,PT. TERATAI EMAS LOGISTINDO,4,LATE,25,38,23.07.2026,27.06.2026,24.07.2026,27.07.2026,27.07.2026,,,,H014,WH INFORMA JABABEKA
R110260625T033_H014,CONT-20,0,0,0,0,0,0,0,H014 - WH INFORMA JABABEKA,PT. TPIL LOGISTICS,2,LATE,26,39,22.07.2026,25.06.2026,11.07.2026,,,,,,H014,WH INFORMA JABABEKA
R110260625T034_H014,CONT-40,30000000,0,0,550000,0,0,30550000,H014 - WH INFORMA JABABEKA,PT. TERATAI EMAS LOGISTINDO,6,ON SCHEDULE,40,39,06.08.2026,26.06.2026,12.07.2026,27.07.2026,27.07.2026,29.07.2026,29.07.2026,,H014,WH INFORMA JABABEKA
R110260625T036_H014,CONT-40,30000000,0,0,550000,0,0,30550000,H014 - WH INFORMA JABABEKA,PT. TERATAI EMAS LOGISTINDO,6,ON SCHEDULE,40,38,06.08.2026,26.06.2026,12.07.2026,27.07.2026,27.07.2026,29.07.2026,29.07.2026,,H014,WH INFORMA JABABEKA
R110260625T037_H014,CONT-20,19600000,0,0,0,0,0,19600000,H014 - WH INFORMA JABABEKA,PT. MITRA INTERTRANS FORWARDING,2,LATE,20,38,17.07.2026,26.06.2026,11.07.2026,,,,,,H014,WH INFORMA JABABEKA
R110260625T038_H014,CONT-20,0,0,0,0,0,0,0,H014 - WH INFORMA JABABEKA,PT. MITRA INTERTRANS FORWARDING,2,LATE,20,38,17.07.2026,26.06.2026,11.07.2026,,,,,,H014,WH INFORMA JABABEKA
R110260625T039_H014,CONT-40,0,0,0,0,0,0,0,H014 - WH INFORMA JABABEKA,PT. TPIL LOGISTICS,2,LATE,22,38,19.07.2026,26.06.2026,11.07.2026,,,,,,H014,WH INFORMA JABABEKA
R110260625T040_H014,WINGBOX,7000000,0,0,0,0,0,7000000,H014 - WH INFORMA JABABEKA,PT. DUNIA EXPRESS TRANSINDO,4,LATE,17,38,14.07.2026,26.06.2026,28.06.2026,27.07.2026,27.07.2026,,,,H014,WH INFORMA JABABEKA
R110260625T041_H014,WINGBOX,7000000,0,0,0,0,0,7000000,H014 - WH INFORMA JABABEKA,PT. DUNIA EXPRESS TRANSINDO,4,LATE,17,38,14.07.2026,26.06.2026,28.06.2026,27.07.2026,27.07.2026,,,,H014,WH INFORMA JABABEKA
R110260625T045_H014,WINGBOX,6500000,0,0,0,0,0,6500000,H014 - WH INFORMA JABABEKA,PT.AMANAH TRANSMULIA MANDIRI LOGISTIK,6,LATE,29,38,26.07.2026,26.06.2026,30.06.2026,02.07.2026,02.07.2026,03.07.2026,06.07.2026,,H014,WH INFORMA JABABEKA
R110260625T051_H014,WINGBOX,7000000,0,0,0,0,0,7000000,H014 - WH INFORMA JABABEKA,PT. DUNIA EXPRESS TRANSINDO,4,LATE,17,38,14.07.2026,26.06.2026,28.06.2026,27.07.2026,27.07.2026,,,,H014,WH INFORMA JABABEKA
R110260626H037_H014,WINGBOX,1998000,0,0,0,0,0,1998000,H014 - WH INFORMA JABABEKA,PT. ARDYA PRIMA INTERNUSA,6,LATE,27,38,24.07.2026,26.06.2026,28.06.2026,07.07.2026,07.07.2026,08.07.2026,09.07.2026,,H014,WH INFORMA JABABEKA
R110260626H050_H014,WINGBOX,4500000,0,0,0,0,0,4500000,H014 - WH INFORMA JABABEKA,PT. CEHA LOGISTIK CEMERLANG,7,ON SCHEDULE,29,0,27.07.2026,27.06.2026,28.06.2026,29.06.2026,29.06.2026,30.06.2026,30.06.2026,,H014,WH INFORMA JABABEKA
R110260626H051_H014,WINGBOX,11500000,0,0,0,0,0,11500000,H014 - WH INFORMA JABABEKA,PT. BINTANG SAMUDRA RAYA,7,ON SCHEDULE,29,0,27.07.2026,27.06.2026,01.07.2026,06.07.2026,06.07.2026,08.07.2026,09.07.2026,,H014,WH INFORMA JABABEKA
R110260626H056_H014,WINGBOX,15000000,0,0,0,0,0,15000000,H014 - WH INFORMA JABABEKA,PT. BINTANG SAMUDRA RAYA,7,ON SCHEDULE,30,0,29.07.2026,28.06.2026,04.07.2026,08.07.2026,08.07.2026,13.07.2026,14.07.2026,,H014,WH INFORMA JABABEKA
R110260626H057_H014,WINGBOX,18000000,0,0,0,0,0,18000000,H014 - WH INFORMA JABABEKA,PT. BINTANG SAMUDRA RAYA,7,ON SCHEDULE,31,0,29.07.2026,27.06.2026,01.07.2026,06.07.2026,06.07.2026,08.07.2026,09.07.2026,,H014,WH INFORMA JABABEKA
R110260626H058_H014,FUSO,2300000,0,0,0,0,0,2300000,H014 - WH INFORMA JABABEKA,PT. DUTA MEDIA MANDIRI,7,ON SCHEDULE,27,0,25.07.2026,27.06.2026,28.06.2026,29.06.2026,30.06.2026,30.06.2026,30.06.2026,,H014,WH INFORMA JABABEKA
R110260626H061_H014,WINGBOX,4825000,0,0,0,0,0,4825000,H014 - WH INFORMA JABABEKA,PT. CEHA LOGISTIK CEMERLANG,7,ON SCHEDULE,29,0,27.07.2026,27.06.2026,28.06.2026,29.06.2026,29.06.2026,30.06.2026,30.06.2026,,H014,WH INFORMA JABABEKA
R110260626H062_H014,WINGBOX,4000000,0,0,0,0,0,4000000,H014 - WH INFORMA JABABEKA,PT. BINTANG SAMUDRA RAYA,7,ON SCHEDULE,28,0,27.07.2026,28.06.2026,29.06.2026,02.07.2026,02.07.2026,03.07.2026,06.07.2026,,H014,WH INFORMA JABABEKA
R110260626H063_H014,CDD LONG CHASSIS,2250000,0,0,0,0,0,2250000,H014 - WH INFORMA JABABEKA,PT. BINTANG SAMUDRA RAYA,7,ON SCHEDULE,27,0,24.07.2026,26.06.2026,28.06.2026,06.07.2026,06.07.2026,08.07.2026,09.07.2026,,H014,WH INFORMA JABABEKA
R110260626H064_H014,CDD LONG CHASSIS,2250000,0,0,0,0,0,2250000,H014 - WH INFORMA JABABEKA,PT. BINTANG SAMUDRA RAYA,7,ON SCHEDULE,27,0,25.07.2026,27.06.2026,28.06.2026,06.07.2026,06.07.2026,08.07.2026,09.07.2026,,H014,WH INFORMA JABABEKA
R110260626H065_H014,CDD LONG CHASSIS,2250000,0,0,0,0,0,2250000,H014 - WH INFORMA JABABEKA,PT. BINTANG SAMUDRA RAYA,7,ON SCHEDULE,27,0,25.07.2026,27.06.2026,28.06.2026,06.07.2026,06.07.2026,08.07.2026,09.07.2026,,H014,WH INFORMA JABABEKA
R110260626H067_H014,CDD LONG CHASSIS,2200000,0,0,0,0,0,2200000,H014 - WH INFORMA JABABEKA,PT. AGUNG MAKMUR JAYA,6,LATE,27,38,25.07.2026,27.06.2026,28.06.2026,30.06.2026,30.06.2026,13.07.2026,13.07.2026,,H014,WH INFORMA JABABEKA
R110260626H069_H014,CDD LONG CHASSIS,2250000,0,0,0,0,0,2250000,H014 - WH INFORMA JABABEKA,PT. BINTANG SAMUDRA RAYA,7,ON SCHEDULE,27,0,25.07.2026,27.06.2026,28.06.2026,06.07.2026,06.07.2026,08.07.2026,09.07.2026,,H014,WH INFORMA JABABEKA
R110260626H078_H014,WINGBOX,4825000,0,0,0,0,0,4825000,H014 - WH INFORMA JABABEKA,PT. CEHA LOGISTIK CEMERLANG,7,ON SCHEDULE,29,0,27.07.2026,27.06.2026,28.06.2026,29.06.2026,29.06.2026,02.07.2026,02.07.2026,,H014,WH INFORMA JABABEKA
R110260626H081_H014,CDD LONG CHASSIS,7500000,0,0,0,0,0,7500000,H014 - WH INFORMA JABABEKA,PT.ORANG KREATIF EKSIS,6,LATE,29,38,27.07.2026,27.06.2026,01.07.2026,07.07.2026,07.07.2026,17.07.2026,17.07.2026,,H014,WH INFORMA JABABEKA
R110260626L054_H014,CDD LONG CHASSIS,1600000,0,0,0,0,0,1600000,H014 - WH INFORMA JABABEKA,PT. SATRIA PIRANTI PERKASA,6,LATE,27,37,25.07.2026,27.06.2026,28.06.2026,20.07.2026,21.07.2026,27.07.2026,27.07.2026,,H014,WH INFORMA JABABEKA
R110260626L055_H014,CDD LONG CHASSIS,3350000,0,0,0,0,0,3350000,H014 - WH INFORMA JABABEKA,PT. AGUNG MAKMUR JAYA,6,LATE,29,37,27.07.2026,27.06.2026,30.06.2026,09.07.2026,10.07.2026,13.07.2026,13.07.2026,,H014,WH INFORMA JABABEKA
R110260626L058_H014,CDD LONG CHASSIS,3500000,0,0,0,350000,0,3850000,H014 - WH INFORMA JABABEKA,PT. CEHA LOGISTIK CEMERLANG,6,LATE,28,37,26.07.2026,27.06.2026,30.06.2026,06.07.2026,07.07.2026,07.07.2026,07.07.2026,,H014,WH INFORMA JABABEKA
R110260626L064_H014,WINGBOX,14500000,0,0,0,0,0,14500000,H014 - WH INFORMA JABABEKA,PT. DUNIA EXPRESS TRANSINDO,4,LATE,18,37,16.07.2026,27.06.2026,01.07.2026,27.07.2026,27.07.2026,,,,H014,WH INFORMA JABABEKA
R110260626L065_H014,WINGBOX,14500000,0,0,0,0,0,14500000,H014 - WH INFORMA JABABEKA,PT. DUNIA EXPRESS TRANSINDO,4,LATE,18,38,16.07.2026,27.06.2026,01.07.2026,27.07.2026,27.07.2026,,,,H014,WH INFORMA JABABEKA
R110260626T020_H014,WINGBOX,7000000,0,0,0,0,0,7000000,H014 - WH INFORMA JABABEKA,PT. DUNIA EXPRESS TRANSINDO,4,LATE,17,37,15.07.2026,27.06.2026,30.06.2026,27.07.2026,27.07.2026,,,,H014,WH INFORMA JABABEKA
R110260626T028_H014,WINGBOX,7000000,0,0,0,0,0,7000000,H014 - WH INFORMA JABABEKA,PT. DUNIA EXPRESS TRANSINDO,4,LATE,17,37,15.07.2026,27.06.2026,05.07.2026,27.07.2026,27.07.2026,,,,H014,WH INFORMA JABABEKA
R110260626T029_H014,WINGBOX,7000000,0,0,0,0,0,7000000,H014 - WH INFORMA JABABEKA,PT. DUNIA EXPRESS TRANSINDO,4,LATE,17,37,16.07.2026,28.06.2026,30.06.2026,27.07.2026,27.07.2026,,,,H014,WH INFORMA JABABEKA
R110260626T031_H014,WINGBOX,7000000,0,0,0,0,0,7000000,H014 - WH INFORMA JABABEKA,PT. DUNIA EXPRESS TRANSINDO,4,LATE,17,37,15.07.2026,27.06.2026,04.07.2026,27.07.2026,27.07.2026,,,,H014,WH INFORMA JABABEKA
R110260626T032_H014,WINGBOX,7000000,0,0,0,0,0,7000000,H014 - WH INFORMA JABABEKA,PT. DUNIA EXPRESS TRANSINDO,4,LATE,17,37,15.07.2026,27.06.2026,04.07.2026,27.07.2026,27.07.2026,,,,H014,WH INFORMA JABABEKA
R110260626T033_H014,WINGBOX,5650000,0,0,0,0,0,5650000,H014 - WH INFORMA JABABEKA,PT. DUTA MEDIA MANDIRI,6,LATE,29,37,27.07.2026,27.06.2026,04.07.2026,07.07.2026,07.07.2026,09.07.2026,09.07.2026,,H014,WH INFORMA JABABEKA
R110260626T034_H014,CONT-40,28500000,0,0,0,0,0,28500000,H014 - WH INFORMA JABABEKA,PT. MITRA INTERTRANS FORWARDING,6,ON SCHEDULE,40,37,07.08.2026,27.06.2026,12.07.2026,27.07.2026,28.07.2026,30.07.2026,30.07.2026,,H014,WH INFORMA JABABEKA
R110260626T035_H014,CONT-40,27900000,0,0,0,0,0,27900000,H014 - WH INFORMA JABABEKA,PT. MITRA INTERTRANS FORWARDING,2,LATE,22,37,20.07.2026,27.06.2026,11.07.2026,,,,,,H014,WH INFORMA JABABEKA
R110260626T036_H014,CONT-40,28850000,0,0,0,0,0,28850000,H014 - WH INFORMA JABABEKA,PT. SENTOSAPRIMA ABADI,2,LATE,20,37,18.07.2026,27.06.2026,14.07.2026,,,,,,H014,WH INFORMA JABABEKA
R110260626T037_H014,CONT-40,30400000,0,0,0,0,0,30400000,H014 - WH INFORMA JABABEKA,PT. SENTOSAPRIMA ABADI,2,LATE,20,37,18.07.2026,27.06.2026,12.07.2026,,,,,,H014,WH INFORMA JABABEKA
R110260626T038_H014,WINGBOX,5650000,0,0,0,0,0,5650000,H014 - WH INFORMA JABABEKA,PT. DUTA MEDIA MANDIRI,6,LATE,29,37,27.07.2026,27.06.2026,30.06.2026,02.07.2026,02.07.2026,03.07.2026,06.07.2026,,H014,WH INFORMA JABABEKA
R110260626T042_H014,WINGBOX,5650000,0,0,0,0,0,5650000,H014 - WH INFORMA JABABEKA,PT. DUTA MEDIA MANDIRI,7,ON SCHEDULE,29,0,26.07.2026,26.06.2026,30.06.2026,02.07.2026,02.07.2026,03.07.2026,03.07.2026,,H014,WH INFORMA JABABEKA
R110260626T043_H014,CONT-20,3900000,0,0,0,0,0,3900000,H014 - WH INFORMA JABABEKA,PT. JATIM PETROLEUM TRANSPORT,6,LATE,29,38,26.07.2026,26.06.2026,01.07.2026,10.07.2026,11.07.2026,16.07.2026,16.07.2026,,H014,WH INFORMA JABABEKA
R110260626T044_H014,CONT-20,3900000,0,0,0,0,0,3900000,H014 - WH INFORMA JABABEKA,PT. JATIM PETROLEUM TRANSPORT,6,LATE,29,38,26.07.2026,26.06.2026,01.07.2026,10.07.2026,11.07.2026,16.07.2026,16.07.2026,,H014,WH INFORMA JABABEKA
R110260626T045_H014,WINGBOX,6600000,0,0,0,0,0,6600000,H014 - WH INFORMA JABABEKA,PT. JAYA MULYA ERALINDO,6,LATE,29,37,27.07.2026,27.06.2026,04.07.2026,10.07.2026,10.07.2026,10.07.2026,10.07.2026,,H014,WH INFORMA JABABEKA
R110260626T046_H014,WINGBOX,6600000,0,0,0,0,0,6600000,H014 - WH INFORMA JABABEKA,PT. JAYA MULYA ERALINDO,6,LATE,29,38,27.07.2026,27.06.2026,28.06.2026,10.07.2026,10.07.2026,10.07.2026,10.07.2026,,H014,WH INFORMA JABABEKA
R110260626T048_H014,CONT-40,25400000,0,0,0,0,0,25400000,H014 - WH INFORMA JABABEKA,PT. SENTOSAPRIMA ABADI,2,LATE,26,37,24.07.2026,27.06.2026,25.07.2026,,,,,,H014,WH INFORMA JABABEKA
R110260626T049_H014,CONT-40,31200000,0,0,0,0,0,31200000,H014 - WH INFORMA JABABEKA,PT. TPIL LOGISTICS,2,LATE,27,37,26.07.2026,28.06.2026,22.07.2026,,,,,,H014,WH INFORMA JABABEKA
R110260626T050_H014,CONT-40,27100000,0,0,600000,0,0,27700000,H014 - WH INFORMA JABABEKA,PT. SENTOSAPRIMA ABADI,6,ON SCHEDULE,42,37,10.08.2026,28.06.2026,11.07.2026,31.07.2026,31.07.2026,03.08.2026,03.08.2026,,H014,WH INFORMA JABABEKA
R110260626T051_H014,CONT-40,26500000,0,0,0,0,0,26500000,H014 - WH INFORMA JABABEKA,PT. SENTOSAPRIMA ABADI,6,ON SCHEDULE,40,37,07.08.2026,27.06.2026,25.07.2026,30.07.2026,30.07.2026,03.08.2026,03.08.2026,,H014,WH INFORMA JABABEKA
R110260627H017_H014,WINGBOX,11500000,0,0,0,0,0,11500000,H014 - WH INFORMA JABABEKA,PT. BINTANG SAMUDRA RAYA,7,ON SCHEDULE,29,0,28.07.2026,28.06.2026,02.07.2026,06.07.2026,06.07.2026,08.07.2026,09.07.2026,,H014,WH INFORMA JABABEKA
R110260627H020_H014,WINGBOX,4500000,0,0,0,0,0,4500000,H014 - WH INFORMA JABABEKA,PT. CEHA LOGISTIK CEMERLANG,6,LATE,29,37,28.07.2026,28.06.2026,30.06.2026,30.06.2026,30.06.2026,07.07.2026,07.07.2026,,H014,WH INFORMA JABABEKA
R110260627H021_H014,CDD LONG CHASSIS,1750000,0,0,0,0,0,1750000,H014 - WH INFORMA JABABEKA,PT. DUTA MEDIA MANDIRI,7,ON SCHEDULE,27,0,26.07.2026,28.06.2026,28.06.2026,29.06.2026,30.06.2026,30.06.2026,30.06.2026,,H014,WH INFORMA JABABEKA
R110260627H022_H014,WINGBOX,4500000,0,0,0,0,0,4500000,H014 - WH INFORMA JABABEKA,PT. CEHA LOGISTIK CEMERLANG,7,ON SCHEDULE,29,0,28.07.2026,28.06.2026,30.06.2026,30.06.2026,30.06.2026,02.07.2026,02.07.2026,,H014,WH INFORMA JABABEKA
R110260627H023_H014,WINGBOX,4500000,0,0,0,0,0,4500000,H014 - WH INFORMA JABABEKA,PT. CEHA LOGISTIK CEMERLANG,7,ON SCHEDULE,29,0,28.07.2026,28.06.2026,30.06.2026,30.06.2026,30.06.2026,02.07.2026,02.07.2026,,H014,WH INFORMA JABABEKA
R110260627H027_H014,WINGBOX,11500000,0,0,0,0,0,11500000,H014 - WH INFORMA JABABEKA,PT. BINTANG SAMUDRA RAYA,7,ON SCHEDULE,29,0,28.07.2026,28.06.2026,02.07.2026,06.07.2026,06.07.2026,09.07.2026,10.07.2026,,H014,WH INFORMA JABABEKA
R110260627H029_H014,CDD LONG CHASSIS,2850000,0,0,0,0,0,2850000,H014 - WH INFORMA JABABEKA,PT. BINTANG SAMUDRA RAYA,7,ON SCHEDULE,28,0,26.07.2026,27.06.2026,28.06.2026,06.07.2026,06.07.2026,08.07.2026,09.07.2026,,H014,WH INFORMA JABABEKA
R110260627H039_H014,WINGBOX,17000000,0,0,0,0,0,17000000,H014 - WH INFORMA JABABEKA,PT. BINTANG SAMUDRA RAYA,7,ON SCHEDULE,33,0,01.08.2026,28.06.2026,01.07.2026,06.07.2026,06.07.2026,09.07.2026,10.07.2026,,H014,WH INFORMA JABABEKA
R110260627H051_H014,WINGBOX,4825000,0,0,0,0,0,4825000,H014 - WH INFORMA JABABEKA,PT. CEHA LOGISTIK CEMERLANG,7,ON SCHEDULE,29,0,28.07.2026,28.06.2026,29.06.2026,30.06.2026,30.06.2026,02.07.2026,02.07.2026,,H014,WH INFORMA JABABEKA
R110260627H058_H014,WINGBOX,1998000,0,0,0,0,0,1998000,H014 - WH INFORMA JABABEKA,PT. ARDYA PRIMA INTERNUSA,6,LATE,27,37,25.07.2026,27.06.2026,28.06.2026,07.07.2026,07.07.2026,08.07.2026,09.07.2026,,H014,WH INFORMA JABABEKA
R110260627H069_H014,CDD LONG CHASSIS,7500000,0,0,0,0,0,7500000,H014 - WH INFORMA JABABEKA,PT.ORANG KREATIF EKSIS,6,LATE,29,37,28.07.2026,28.06.2026,01.07.2026,09.07.2026,10.07.2026,17.07.2026,17.07.2026,,H014,WH INFORMA JABABEKA
R110260627H070_H014,CDD LONG CHASSIS,7500000,0,0,0,0,0,7500000,H014 - WH INFORMA JABABEKA,PT.ORANG KREATIF EKSIS,6,LATE,29,37,28.07.2026,28.06.2026,02.07.2026,07.07.2026,07.07.2026,17.07.2026,17.07.2026,,H014,WH INFORMA JABABEKA
R110260627H071_H014,CDD LONG CHASSIS,2350000,0,0,0,0,0,2350000,H014 - WH INFORMA JABABEKA,PT. BINTANG SAMUDRA RAYA,7,ON SCHEDULE,29,0,28.07.2026,28.06.2026,30.06.2026,06.07.2026,06.07.2026,08.07.2026,09.07.2026,,H014,WH INFORMA JABABEKA
R110260627H072_H014,CDD LONG CHASSIS,3500000,0,0,0,0,0,3500000,H014 - WH INFORMA JABABEKA,PT. AGUNG MAKMUR JAYA,6,LATE,29,37,28.07.2026,28.06.2026,29.06.2026,30.06.2026,30.06.2026,13.07.2026,13.07.2026,,H014,WH INFORMA JABABEKA
R110260627L032_H014,WINGBOX,14800000,0,0,250000,0,0,15050000,H014 - WH INFORMA JABABEKA,PT. SATRIA PIRANTI PERKASA,3,LATE,8,34,09.07.2026,30.06.2026,04.07.2026,03.08.2026,01.08.2026,03.08.2026,,,H014,WH INFORMA JABABEKA
R110260627L034_H014,WINGBOX,14800000,0,0,250000,0,0,15050000,H014 - WH INFORMA JABABEKA,PT. SATRIA PIRANTI PERKASA,3,LATE,8,35,09.07.2026,30.06.2026,03.07.2026,03.08.2026,01.08.2026,,,,H014,WH INFORMA JABABEKA
R110260627L035_H014,FUSO,2700000,0,0,0,0,1000000,3700000,H014 - WH INFORMA JABABEKA,PT. DUTA MEDIA MANDIRI,6,LATE,26,36,25.07.2026,28.06.2026,,13.07.2026,13.07.2026,13.07.2026,14.07.2026,,H014,WH INFORMA JABABEKA
R110260627L038_H014,CONT-20,0,0,0,0,0,0,0,H014 - WH INFORMA JABABEKA,PT. MITRA INTERTRANS FORWARDING,2,LATE,6,36,05.07.2026,28.06.2026,21.07.2026,,,,,,H014,WH INFORMA JABABEKA
R110260627L047_H014,CDD LONG CHASSIS,3500000,0,0,0,100000,0,3600000,H014 - WH INFORMA JABABEKA,PT. AGUNG MAKMUR JAYA,6,LATE,30,36,29.07.2026,28.06.2026,30.06.2026,01.07.2026,02.07.2026,13.07.2026,13.07.2026,,H014,WH INFORMA JABABEKA
R110260627L047_H014,CDD LONG CHASSIS,3500000,0,0,0,100000,0,3600000,H014 - WH INFORMA JABABEKA,PT. AGUNG MAKMUR JAYA,6,LATE,30,36,29.07.2026,28.06.2026,30.06.2026,01.07.2026,02.07.2026,13.07.2026,13.07.2026,,H014,WH INFORMA JABABEKA
R110260627L047_H014,CDD LONG CHASSIS,3500000,0,0,0,100000,0,3600000,H014 - WH INFORMA JABABEKA,PT. AGUNG MAKMUR JAYA,6,LATE,30,36,29.07.2026,28.06.2026,30.06.2026,01.07.2026,02.07.2026,13.07.2026,13.07.2026,,H014,WH INFORMA JABABEKA
R110260627L054_H014,CDD LONG CHASSIS,3500000,0,0,0,0,0,3500000,H014 - WH INFORMA JABABEKA,PT. AGUNG MAKMUR JAYA,6,LATE,30,37,29.07.2026,28.06.2026,30.06.2026,30.06.2026,30.06.2026,13.07.2026,13.07.2026,,H014,WH INFORMA JABABEKA
R110260627L055_H014,CDD LONG CHASSIS,3500000,0,0,0,0,0,3500000,H014 - WH INFORMA JABABEKA,PT. AGUNG MAKMUR JAYA,6,LATE,30,37,29.07.2026,28.06.2026,30.06.2026,30.06.2026,30.06.2026,13.07.2026,13.07.2026,,H014,WH INFORMA JABABEKA
R110260627L056_H014,CDD LONG CHASSIS,3600000,0,0,0,0,0,3600000,H014 - WH INFORMA JABABEKA,PT. BINTANG SAMUDRA RAYA,7,ON SCHEDULE,30,0,29.07.2026,28.06.2026,30.06.2026,06.07.2026,06.07.2026,08.07.2026,09.07.2026,,H014,WH INFORMA JABABEKA
R110260627L057_H014,CDD LONG CHASSIS,4900000,0,0,0,0,0,4900000,H014 - WH INFORMA JABABEKA,PT.ORANG KREATIF EKSIS,6,LATE,26,36,25.07.2026,28.06.2026,29.06.2026,07.07.2026,07.07.2026,17.07.2026,17.07.2026,,H014,WH INFORMA JABABEKA
R110260627L058_H014,CDD LONG CHASSIS,3500000,0,0,0,100000,0,3600000,H014 - WH INFORMA JABABEKA,PT. AGUNG MAKMUR JAYA,6,LATE,27,36,26.07.2026,28.06.2026,30.06.2026,01.07.2026,02.07.2026,13.07.2026,13.07.2026,,H014,WH INFORMA JABABEKA
R110260627L058_H014,CDD LONG CHASSIS,3500000,0,0,0,100000,0,3600000,H014 - WH INFORMA JABABEKA,PT. AGUNG MAKMUR JAYA,6,LATE,27,36,26.07.2026,28.06.2026,30.06.2026,01.07.2026,02.07.2026,13.07.2026,13.07.2026,,H014,WH INFORMA JABABEKA
R110260627L058_H014,CDD LONG CHASSIS,3500000,0,0,0,100000,0,3600000,H014 - WH INFORMA JABABEKA,PT. AGUNG MAKMUR JAYA,6,LATE,27,36,26.07.2026,28.06.2026,30.06.2026,01.07.2026,02.07.2026,13.07.2026,13.07.2026,,H014,WH INFORMA JABABEKA
R110260627L059_H014,CDD LONG CHASSIS,3500000,0,0,0,100000,0,3600000,H014 - WH INFORMA JABABEKA,PT. AGUNG MAKMUR JAYA,6,LATE,28,36,27.07.2026,28.06.2026,30.06.2026,01.07.2026,02.07.2026,13.07.2026,13.07.2026,,H014,WH INFORMA JABABEKA
R110260627L059_H014,CDD LONG CHASSIS,3500000,0,0,0,100000,0,3600000,H014 - WH INFORMA JABABEKA,PT. AGUNG MAKMUR JAYA,6,LATE,28,36,27.07.2026,28.06.2026,30.06.2026,01.07.2026,02.07.2026,13.07.2026,13.07.2026,,H014,WH INFORMA JABABEKA
R110260627L059_H014,CDD LONG CHASSIS,3500000,0,0,0,100000,0,3600000,H014 - WH INFORMA JABABEKA,PT. AGUNG MAKMUR JAYA,6,LATE,28,36,27.07.2026,28.06.2026,30.06.2026,01.07.2026,02.07.2026,13.07.2026,13.07.2026,,H014,WH INFORMA JABABEKA
R110260627L075_H014,WINGBOX,11300000,0,0,0,0,0,11300000,H014 - WH INFORMA JABABEKA,PT. DUTA MEDIA MANDIRI,6,LATE,30,36,29.07.2026,28.06.2026,02.07.2026,03.07.2026,03.07.2026,09.07.2026,09.07.2026,,H014,WH INFORMA JABABEKA
R110260627L076_H014,WINGBOX,14950000,0,0,0,0,0,14950000,H014 - WH INFORMA JABABEKA,PT. DUTA LINTAS NUSA,6,LATE,30,36,29.07.2026,28.06.2026,03.07.2026,14.07.2026,14.07.2026,17.07.2026,22.07.2026,,H014,WH INFORMA JABABEKA
R110260627L125_H014,CDD LONG CHASSIS,4900000,0,0,0,0,0,4900000,H014 - WH INFORMA JABABEKA,PT.ORANG KREATIF EKSIS,6,LATE,26,36,25.07.2026,28.06.2026,29.06.2026,07.07.2026,07.07.2026,17.07.2026,17.07.2026,,H014,WH INFORMA JABABEKA
R110260627T023_H014,WINGBOX,24000000,0,0,0,0,0,24000000,H014 - WH INFORMA JABABEKA,PT. CITRA SENTRAL EKSPRES,6,ON SCHEDULE,37,36,05.08.2026,28.06.2026,04.07.2026,21.07.2026,21.07.2026,23.07.2026,03.08.2026,,H014,WH INFORMA JABABEKA
R110260627T024_H014,CONT-40,30400000,0,0,0,0,0,30400000,H014 - WH INFORMA JABABEKA,PT. SENTOSAPRIMA ABADI,2,LATE,20,36,19.07.2026,28.06.2026,14.07.2026,,,,,,H014,WH INFORMA JABABEKA
R110260627T025_H014,CONT-40,26500000,0,0,0,0,0,26500000,H014 - WH INFORMA JABABEKA,PT. SENTOSAPRIMA ABADI,6,ON SCHEDULE,40,36,08.08.2026,28.06.2026,12.07.2026,30.07.2026,30.07.2026,03.08.2026,03.08.2026,,H014,WH INFORMA JABABEKA
R110260627T026_H014,CONT-40,0,0,0,0,0,0,0,H014 - WH INFORMA JABABEKA,PT. TPIL LOGISTICS,2,LATE,22,36,21.07.2026,28.06.2026,09.07.2026,,,,,,H014,WH INFORMA JABABEKA
R110260627T027_H014,WINGBOX,5650000,0,0,0,0,0,5650000,H014 - WH INFORMA JABABEKA,PT. DUTA MEDIA MANDIRI,6,LATE,29,37,27.07.2026,27.06.2026,30.06.2026,02.07.2026,02.07.2026,09.07.2026,09.07.2026,,H014,WH INFORMA JABABEKA
R110260627T028_H014,CONT-40,26500000,0,0,0,0,0,26500000,H014 - WH INFORMA JABABEKA,PT. SENTOSAPRIMA ABADI,6,ON SCHEDULE,40,36,08.08.2026,28.06.2026,25.07.2026,30.07.2026,30.07.2026,03.08.2026,03.08.2026,,H014,WH INFORMA JABABEKA
R110260627T029_H014,WINGBOX,7000000,0,0,0,0,0,7000000,H014 - WH INFORMA JABABEKA,PT. DUNIA EXPRESS TRANSINDO,4,LATE,17,36,16.07.2026,28.06.2026,01.07.2026,27.07.2026,27.07.2026,,,,H014,WH INFORMA JABABEKA
R110260627T030_H014,WINGBOX,25200000,0,0,0,0,0,25200000,H014 - WH INFORMA JABABEKA,PT. SERASI LOGISTIC,6,ON SCHEDULE,37,35,07.08.2026,30.06.2026,06.07.2026,13.07.2026,13.07.2026,14.07.2026,15.07.2026,,H014,WH INFORMA JABABEKA
R110260627T032_H014,WINGBOX,7000000,0,0,0,0,0,7000000,H014 - WH INFORMA JABABEKA,PT. DUNIA EXPRESS TRANSINDO,4,LATE,17,36,17.07.2026,29.06.2026,01.07.2026,27.07.2026,27.07.2026,,,,H014,WH INFORMA JABABEKA
R110260627T033_H014,CONT-40,27300000,0,0,0,0,0,27300000,H014 - WH INFORMA JABABEKA,PT. TPIL LOGISTICS,2,LATE,17,36,16.07.2026,28.06.2026,19.07.2026,,,,,,H014,WH INFORMA JABABEKA
R110260627T036_H014,WINGBOX,7000000,0,0,0,0,0,7000000,H014 - WH INFORMA JABABEKA,PT. DUNIA EXPRESS TRANSINDO,4,LATE,17,36,16.07.2026,28.06.2026,01.07.2026,27.07.2026,27.07.2026,,,,H014,WH INFORMA JABABEKA
R110260627T037_H014,WINGBOX,7000000,0,0,0,0,0,7000000,H014 - WH INFORMA JABABEKA,PT. DUNIA EXPRESS TRANSINDO,4,LATE,17,36,16.07.2026,28.06.2026,02.07.2026,27.07.2026,27.07.2026,,,,H014,WH INFORMA JABABEKA
R110260628H048_H014,WINGBOX,4825000,0,0,0,0,0,4825000,H014 - WH INFORMA JABABEKA,PT. CEHA LOGISTIK CEMERLANG,7,ON SCHEDULE,29,0,29.07.2026,29.06.2026,30.06.2026,30.06.2026,30.06.2026,02.07.2026,02.07.2026,,H014,WH INFORMA JABABEKA
R110260628H049_H014,CDD LONG CHASSIS,1600000,0,0,0,0,0,1600000,H014 - WH INFORMA JABABEKA,PT. SATRIA PIRANTI PERKASA,6,LATE,27,36,27.07.2026,29.06.2026,29.06.2026,20.07.2026,21.07.2026,27.07.2026,27.07.2026,,H014,WH INFORMA JABABEKA
R110260628H050_H014,WINGBOX,4500000,0,0,0,0,0,4500000,H014 - WH INFORMA JABABEKA,PT. CEHA LOGISTIK CEMERLANG,7,ON SCHEDULE,29,0,29.07.2026,29.06.2026,30.06.2026,30.06.2026,30.06.2026,02.07.2026,02.07.2026,,H014,WH INFORMA JABABEKA
R110260628H051_H014,FUSO,11450000,0,0,0,0,0,11450000,H014 - WH INFORMA JABABEKA,PT LOGISTIK CANGGIH INDONESIA,6,LATE,29,36,29.07.2026,29.06.2026,02.07.2026,09.07.2026,10.07.2026,10.07.2026,15.07.2026,,H014,WH INFORMA JABABEKA
R110260628H052_H014,CDD LONG CHASSIS,2900000,0,0,0,0,0,2900000,H014 - WH INFORMA JABABEKA,PT. AGUNG MAKMUR JAYA,6,LATE,28,36,28.07.2026,29.06.2026,29.06.2026,30.06.2026,30.06.2026,13.07.2026,13.07.2026,,H014,WH INFORMA JABABEKA
R110260628H053_H014,FUSO,17000000,0,0,0,0,0,17000000,H014 - WH INFORMA JABABEKA,PT. SATRIA PIRANTI PERKASA,6,LATE,30,35,30.07.2026,29.06.2026,03.07.2026,20.07.2026,21.07.2026,27.07.2026,27.07.2026,,H014,WH INFORMA JABABEKA
R110260628H054_H014,CDD LONG CHASSIS,12400000,0,0,0,0,0,12400000,H014 - WH INFORMA JABABEKA,PT.ORANG KREATIF EKSIS,6,LATE,31,36,31.07.2026,29.06.2026,02.07.2026,09.07.2026,10.07.2026,17.07.2026,17.07.2026,,H014,WH INFORMA JABABEKA
R110260628H055_H014,WINGBOX,1998000,0,0,0,0,0,1998000,H014 - WH INFORMA JABABEKA,PT. ARDYA PRIMA INTERNUSA,6,LATE,27,36,26.07.2026,28.06.2026,29.06.2026,07.07.2026,07.07.2026,08.07.2026,09.07.2026,,H014,WH INFORMA JABABEKA
R110260628H057_H014,CDD LONG CHASSIS,3500000,0,0,0,0,0,3500000,H014 - WH INFORMA JABABEKA,PT. AGUNG MAKMUR JAYA,6,LATE,29,36,29.07.2026,29.06.2026,29.06.2026,30.06.2026,30.06.2026,13.07.2026,13.07.2026,,H014,WH INFORMA JABABEKA
R110260628H058_H014,WINGBOX,1998000,0,0,0,0,0,1998000,H014 - WH INFORMA JABABEKA,PT. ARDYA PRIMA INTERNUSA,6,LATE,27,36,26.07.2026,28.06.2026,29.06.2026,07.07.2026,07.07.2026,08.07.2026,09.07.2026,,H014,WH INFORMA JABABEKA
R110260628H060_H014,CDD LONG CHASSIS,2400000,0,0,0,0,0,2400000,H014 - WH INFORMA JABABEKA,PT. AGUNG MAKMUR JAYA,6,LATE,27,36,27.07.2026,29.06.2026,04.07.2026,06.07.2026,06.07.2026,13.07.2026,13.07.2026,,H014,WH INFORMA JABABEKA
R110260628H062_H014,CDD LONG CHASSIS,2400000,0,0,0,0,0,2400000,H014 - WH INFORMA JABABEKA,PT. AGUNG MAKMUR JAYA,6,LATE,27,36,27.07.2026,29.06.2026,30.06.2026,30.06.2026,30.06.2026,13.07.2026,13.07.2026,,H014,WH INFORMA JABABEKA
R110260628H066_H014,CDD LONG CHASSIS,3500000,0,0,0,0,0,3500000,H014 - WH INFORMA JABABEKA,PT. AGUNG MAKMUR JAYA,6,LATE,29,36,29.07.2026,29.06.2026,30.06.2026,30.06.2026,30.06.2026,13.07.2026,13.07.2026,,H014,WH INFORMA JABABEKA
R110260628H070_H014,CDD LONG CHASSIS,3500000,0,0,0,0,0,3500000,H014 - WH INFORMA JABABEKA,PT. CEHA LOGISTIK CEMERLANG,6,LATE,29,36,29.07.2026,29.06.2026,01.07.2026,01.07.2026,02.07.2026,16.07.2026,16.07.2026,,H014,WH INFORMA JABABEKA
R110260628H071_H014,CDD LONG CHASSIS,3600000,0,0,0,0,0,3600000,H014 - WH INFORMA JABABEKA,PT. BINTANG SAMUDRA RAYA,7,ON SCHEDULE,29,0,29.07.2026,29.06.2026,30.06.2026,06.07.2026,06.07.2026,08.07.2026,09.07.2026,,H014,WH INFORMA JABABEKA
R110260628H073_H014,CDD LONG CHASSIS,3600000,0,0,0,0,0,3600000,H014 - WH INFORMA JABABEKA,PT. BINTANG SAMUDRA RAYA,7,ON SCHEDULE,29,0,29.07.2026,29.06.2026,30.06.2026,06.07.2026,06.07.2026,08.07.2026,09.07.2026,,H014,WH INFORMA JABABEKA
R110260628H075_H014,CDD LONG CHASSIS,7500000,0,0,0,0,0,7500000,H014 - WH INFORMA JABABEKA,PT.ORANG KREATIF EKSIS,6,LATE,29,36,29.07.2026,29.06.2026,02.07.2026,15.07.2026,15.07.2026,23.07.2026,23.07.2026,,H014,WH INFORMA JABABEKA
R110260628H076_H014,CDD LONG CHASSIS,7500000,0,0,0,0,0,7500000,H014 - WH INFORMA JABABEKA,PT.ORANG KREATIF EKSIS,6,LATE,29,36,29.07.2026,29.06.2026,02.07.2026,07.07.2026,07.07.2026,17.07.2026,17.07.2026,,H014,WH INFORMA JABABEKA
R110260628H077_H014,CDD LONG CHASSIS,7500000,0,0,0,0,0,7500000,H014 - WH INFORMA JABABEKA,PT.ORANG KREATIF EKSIS,6,LATE,29,36,29.07.2026,29.06.2026,02.07.2026,07.07.2026,07.07.2026,17.07.2026,17.07.2026,,H014,WH INFORMA JABABEKA
R110260628L032_H014,CONT-20,0,0,0,0,0,0,0,H014 - WH INFORMA JABABEKA,PT. TPIL LOGISTICS,2,LATE,6,36,06.07.2026,29.06.2026,18.07.2026,,,,,,H014,WH INFORMA JABABEKA
R110260628L051_H014,CDD LONG CHASSIS,1400000,0,0,0,0,0,1400000,H014 - WH INFORMA JABABEKA,PT. BINTANG SAMUDRA RAYA,7,ON SCHEDULE,27,0,27.07.2026,29.06.2026,30.06.2026,06.07.2026,06.07.2026,08.07.2026,09.07.2026,,H014,WH INFORMA JABABEKA
R110260628L052_H014,CDD LONG CHASSIS,1400000,0,0,0,200000,0,1600000,H014 - WH INFORMA JABABEKA,PT. BINTANG SAMUDRA RAYA,7,ON SCHEDULE,27,0,27.07.2026,29.06.2026,30.06.2026,13.07.2026,14.07.2026,14.07.2026,14.07.2026,,H014,WH INFORMA JABABEKA
R110260628L054_H014,CDD LONG CHASSIS,1400000,0,0,0,200000,0,1600000,H014 - WH INFORMA JABABEKA,PT. BINTANG SAMUDRA RAYA,7,ON SCHEDULE,27,0,27.07.2026,29.06.2026,30.06.2026,13.07.2026,14.07.2026,14.07.2026,14.07.2026,,H014,WH INFORMA JABABEKA
R110260628L056_H014,CDD LONG CHASSIS,1750000,0,0,0,0,0,1750000,H014 - WH INFORMA JABABEKA,PT. CATUR GLOBAL LOGISTIK,6,LATE,27,36,27.07.2026,29.06.2026,30.06.2026,09.07.2026,10.07.2026,10.07.2026,10.07.2026,,H014,WH INFORMA JABABEKA
R110260628L062_H014,CDD LONG CHASSIS,3500000,0,0,0,0,0,3500000,H014 - WH INFORMA JABABEKA,PT. AGUNG MAKMUR JAYA,6,LATE,30,35,30.07.2026,29.06.2026,01.07.2026,01.07.2026,02.07.2026,13.07.2026,13.07.2026,,H014,WH INFORMA JABABEKA
R110260628L063_H014,CDD LONG CHASSIS,3900000,0,0,0,350000,0,4250000,H014 - WH INFORMA JABABEKA,PT. CEHA LOGISTIK CEMERLANG,7,ON SCHEDULE,30,0,30.07.2026,29.06.2026,01.07.2026,01.07.2026,02.07.2026,02.07.2026,02.07.2026,,H014,WH INFORMA JABABEKA
R110260628T032_H014,WINGBOX,7000000,0,0,0,0,0,7000000,H014 - WH INFORMA JABABEKA,PT. DUNIA EXPRESS TRANSINDO,4,LATE,17,35,17.07.2026,29.06.2026,02.07.2026,27.07.2026,27.07.2026,,,,H014,WH INFORMA JABABEKA
R110260628T042_H014,WINGBOX,5650000,0,0,0,0,0,5650000,H014 - WH INFORMA JABABEKA,PT. DUTA MEDIA MANDIRI,6,LATE,29,36,28.07.2026,28.06.2026,01.07.2026,02.07.2026,02.07.2026,09.07.2026,09.07.2026,,H014,WH INFORMA JABABEKA
R110260628T043_H014,CONT-40,0,0,0,0,0,0,0,H014 - WH INFORMA JABABEKA,PT. TERATAI EMAS LOGISTINDO,1,LATE,11,36,11.07.2026,29.06.2026,,,,,,,H014,WH INFORMA JABABEKA
R110260628T044_H014,CONT-40,0,0,0,0,0,0,0,H014 - WH INFORMA JABABEKA,PT. TERATAI EMAS LOGISTINDO,1,LATE,11,35,11.07.2026,29.06.2026,,,,,,,H014,WH INFORMA JABABEKA
R110260628T045_H014,CONT-40,0,0,0,0,0,0,0,H014 - WH INFORMA JABABEKA,PT. TPIL LOGISTICS,2,LATE,20,35,21.07.2026,30.06.2026,12.07.2026,,,,,,H014,WH INFORMA JABABEKA
R110260628T046_H014,CONT-20,15300000,0,0,0,0,0,15300000,H014 - WH INFORMA JABABEKA,PT. SENTOSAPRIMA ABADI,2,LATE,26,36,26.07.2026,29.06.2026,25.07.2026,,,,,,H014,WH INFORMA JABABEKA
R110260628T047_H014,WINGBOX,7000000,0,0,0,0,0,7000000,H014 - WH INFORMA JABABEKA,PT. DUNIA EXPRESS TRANSINDO,4,LATE,17,36,17.07.2026,29.06.2026,01.07.2026,27.07.2026,27.07.2026,,,,H014,WH INFORMA JABABEKA
R110260628T048_H014,CONT-40,33800000,0,0,0,0,0,33800000,H014 - WH INFORMA JABABEKA,PT. CRIETA LOGISTIC,6,ON SCHEDULE,40,36,08.08.2026,28.06.2026,11.07.2026,24.07.2026,24.07.2026,03.08.2026,03.08.2026,,H014,WH INFORMA JABABEKA
R110260628T049_H014,CONT-20,13300000,0,0,0,0,0,13300000,H014 - WH INFORMA JABABEKA,PT.BANGKA JAYA LINE,6,ON SCHEDULE,40,35,10.08.2026,30.06.2026,16.07.2026,20.07.2026,21.07.2026,23.07.2026,23.07.2026,,H014,WH INFORMA JABABEKA
R110260628T050_H014,WINGBOX,6600000,0,0,0,0,0,6600000,H014 - WH INFORMA JABABEKA,PT. JAYA MULYA ERALINDO,6,LATE,29,35,29.07.2026,29.06.2026,02.07.2026,10.07.2026,10.07.2026,10.07.2026,10.07.2026,,H014,WH INFORMA JABABEKA
R110260628T051_H014,WINGBOX,6600000,0,0,0,0,0,6600000,H014 - WH INFORMA JABABEKA,PT. JAYA MULYA ERALINDO,6,LATE,29,35,29.07.2026,29.06.2026,02.07.2026,10.07.2026,10.07.2026,10.07.2026,10.07.2026,,H014,WH INFORMA JABABEKA
R110260628T052_H014,CONT-40,0,0,0,0,0,0,0,H014 - WH INFORMA JABABEKA,PT. TPIL LOGISTICS,2,LATE,22,34,23.07.2026,30.06.2026,18.07.2026,,,,,,H014,WH INFORMA JABABEKA
R110260628T053_H014,WINGBOX,6500000,0,0,0,0,0,6500000,H014 - WH INFORMA JABABEKA,PT.AMANAH TRANSMULIA MANDIRI LOGISTIK,6,LATE,29,35,29.07.2026,29.06.2026,02.07.2026,03.07.2026,03.07.2026,07.07.2026,08.07.2026,,H014,WH INFORMA JABABEKA
R110260628T054_H014,CONT-40,0,0,0,0,0,0,0,H014 - WH INFORMA JABABEKA,PT. TERATAI EMAS LOGISTINDO,1,LATE,11,35,11.07.2026,29.06.2026,,,,,,,H014,WH INFORMA JABABEKA
R110260628T055_H014,CONT-20,15300000,0,0,0,0,0,15300000,H014 - WH INFORMA JABABEKA,PT. SENTOSAPRIMA ABADI,2,LATE,26,34,27.07.2026,30.06.2026,28.07.2026,,,,,,H014,WH INFORMA JABABEKA
R110260628T056_H014,WINGBOX,6500000,0,0,0,0,0,6500000,H014 - WH INFORMA JABABEKA,PT.AMANAH TRANSMULIA MANDIRI LOGISTIK,6,LATE,29,35,29.07.2026,29.06.2026,02.07.2026,02.07.2026,02.07.2026,03.07.2026,06.07.2026,,H014,WH INFORMA JABABEKA
R110260629D110_H014,CDD LONG CHASSIS,1100000,0,0,0,75000,0,1175000,H014 - WH INFORMA JABABEKA,PT. ANTAR JARINGAN SEPANJANG JALAN,6,LATE,26,35,27.07.2026,30.06.2026,04.07.2026,06.07.2026,07.07.2026,09.07.2026,09.07.2026,,H014,WH INFORMA JABABEKA
R110260629D111_H014,CDD LONG CHASSIS,1300000,0,0,0,75000,0,1375000,H014 - WH INFORMA JABABEKA,PT. ANTAR JARINGAN SEPANJANG JALAN,6,LATE,26,35,27.07.2026,30.06.2026,04.07.2026,06.07.2026,07.07.2026,09.07.2026,09.07.2026,,H014,WH INFORMA JABABEKA
R110260629D114_H014,CDD LONG CHASSIS,1300000,0,0,0,75000,0,1375000,H014 - WH INFORMA JABABEKA,PT. ANTAR JARINGAN SEPANJANG JALAN,6,LATE,26,35,27.07.2026,30.06.2026,04.07.2026,06.07.2026,07.07.2026,09.07.2026,09.07.2026,,H014,WH INFORMA JABABEKA
R110260629D118_H014,CDD LONG CHASSIS,1100000,0,0,0,75000,0,1175000,H014 - WH INFORMA JABABEKA,PT. ANTAR JARINGAN SEPANJANG JALAN,6,LATE,26,35,27.07.2026,30.06.2026,04.07.2026,06.07.2026,07.07.2026,09.07.2026,09.07.2026,,H014,WH INFORMA JABABEKA
R110260629H050_H014,WINGBOX,1998000,0,0,0,0,0,1998000,H014 - WH INFORMA JABABEKA,PT. ARDYA PRIMA INTERNUSA,6,LATE,27,35,27.07.2026,29.06.2026,30.06.2026,07.07.2026,07.07.2026,08.07.2026,09.07.2026,,H014,WH INFORMA JABABEKA
R110260629H051_H014,WINGBOX,4825000,0,0,0,0,0,4825000,H014 - WH INFORMA JABABEKA,PT. CEHA LOGISTIK CEMERLANG,7,ON SCHEDULE,29,0,30.07.2026,30.06.2026,01.07.2026,01.07.2026,02.07.2026,02.07.2026,02.07.2026,,H014,WH INFORMA JABABEKA
R110260629H052_H014,WINGBOX,17750000,0,0,0,0,0,17750000,H014 - WH INFORMA JABABEKA,PT. BINTANG SAMUDRA RAYA,7,ON SCHEDULE,30,0,31.07.2026,30.06.2026,06.07.2026,14.07.2026,14.07.2026,14.07.2026,17.07.2026,,H014,WH INFORMA JABABEKA
R110260629H053_H014,WINGBOX,4500000,0,0,0,0,0,4500000,H014 - WH INFORMA JABABEKA,PT. CEHA LOGISTIK CEMERLANG,7,ON SCHEDULE,29,0,30.07.2026,30.06.2026,02.07.2026,02.07.2026,02.07.2026,03.07.2026,03.07.2026,,H014,WH INFORMA JABABEKA
R110260629H054_H014,WINGBOX,2599000,0,0,0,0,0,2599000,H014 - WH INFORMA JABABEKA,PT. DUTA MEDIA MANDIRI,7,ON SCHEDULE,27,0,28.07.2026,30.06.2026,30.06.2026,02.07.2026,02.07.2026,03.07.2026,03.07.2026,,H014,WH INFORMA JABABEKA
R110260629H055_H014,WINGBOX,11500000,0,0,0,0,0,11500000,H014 - WH INFORMA JABABEKA,PT. BINTANG SAMUDRA RAYA,5,LATE,23,35,23.07.2026,29.06.2026,02.07.2026,14.07.2026,14.07.2026,27.07.2026,,,H014,WH INFORMA JABABEKA
R110260629H057_H014,WINGBOX,4000000,0,0,0,0,0,4000000,H014 - WH INFORMA JABABEKA,PT. BINTANG SAMUDRA RAYA,7,ON SCHEDULE,28,0,28.07.2026,29.06.2026,01.07.2026,08.07.2026,08.07.2026,13.07.2026,14.07.2026,,H014,WH INFORMA JABABEKA
R110260629H060_H014,WINGBOX,1998000,0,0,0,0,0,1998000,H014 - WH INFORMA JABABEKA,PT. ARDYA PRIMA INTERNUSA,6,LATE,27,35,27.07.2026,29.06.2026,30.06.2026,07.07.2026,07.07.2026,08.07.2026,09.07.2026,,H014,WH INFORMA JABABEKA
R110260629H061_H014,CDD LONG CHASSIS,12500000,0,0,0,0,0,12500000,H014 - WH INFORMA JABABEKA,PT.ORANG KREATIF EKSIS,6,LATE,30,35,31.07.2026,30.06.2026,04.07.2026,09.07.2026,10.07.2026,17.07.2026,17.07.2026,,H014,WH INFORMA JABABEKA
R110260629H063_H014,WINGBOX,4825000,0,0,0,0,0,4825000,H014 - WH INFORMA JABABEKA,PT. CEHA LOGISTIK CEMERLANG,7,ON SCHEDULE,29,0,30.07.2026,30.06.2026,01.07.2026,01.07.2026,02.07.2026,03.07.2026,03.07.2026,,H014,WH INFORMA JABABEKA
R110260629H065_H014,CDD LONG CHASSIS,1425000,0,0,0,0,0,1425000,H014 - WH INFORMA JABABEKA,PT. DUTA MEDIA MANDIRI,7,ON SCHEDULE,27,0,27.07.2026,29.06.2026,30.06.2026,02.07.2026,02.07.2026,03.07.2026,03.07.2026,,H014,WH INFORMA JABABEKA
R110260629H070_H014,CDD LONG CHASSIS,1400000,0,0,0,0,0,1400000,H014 - WH INFORMA JABABEKA,PT. BINTANG SAMUDRA RAYA,7,ON SCHEDULE,27,0,27.07.2026,29.06.2026,30.06.2026,10.07.2026,10.07.2026,13.07.2026,14.07.2026,,H014,WH INFORMA JABABEKA
R110260629H072_H014,CDD LONG CHASSIS,1725000,0,0,0,0,0,1725000,H014 - WH INFORMA JABABEKA,PT. BINTANG SAMUDRA RAYA,7,ON SCHEDULE,27,0,28.07.2026,30.06.2026,30.06.2026,06.07.2026,06.07.2026,08.07.2026,09.07.2026,,H014,WH INFORMA JABABEKA
R110260629H074_H014,CDD LONG CHASSIS,3500000,0,0,0,0,0,3500000,H014 - WH INFORMA JABABEKA,PT. CEHA LOGISTIK CEMERLANG,6,LATE,29,35,30.07.2026,30.06.2026,01.07.2026,01.07.2026,02.07.2026,16.07.2026,16.07.2026,,H014,WH INFORMA JABABEKA
R110260629H077_H014,CDD LONG CHASSIS,1400000,0,0,0,0,0,1400000,H014 - WH INFORMA JABABEKA,PT. BINTANG SAMUDRA RAYA,7,ON SCHEDULE,27,0,27.07.2026,29.06.2026,30.06.2026,06.07.2026,06.07.2026,08.07.2026,09.07.2026,,H014,WH INFORMA JABABEKA
R110260629H078_H014,WINGBOX,4825000,0,0,0,0,0,4825000,H014 - WH INFORMA JABABEKA,PT. CEHA LOGISTIK CEMERLANG,7,ON SCHEDULE,29,0,30.07.2026,30.06.2026,01.07.2026,01.07.2026,02.07.2026,03.07.2026,03.07.2026,,H014,WH INFORMA JABABEKA
R110260629H081_H014,CDD LONG CHASSIS,2900000,0,0,0,0,0,2900000,H014 - WH INFORMA JABABEKA,PT. AGUNG MAKMUR JAYA,6,LATE,28,34,29.07.2026,30.06.2026,02.07.2026,02.07.2026,03.07.2026,13.07.2026,13.07.2026,,H014,WH INFORMA JABABEKA
R110260629H083_H014,CDD LONG CHASSIS,3500000,0,0,0,0,0,3500000,H014 - WH INFORMA JABABEKA,PT. AGUNG MAKMUR JAYA,6,LATE,29,35,29.07.2026,29.06.2026,01.07.2026,01.07.2026,02.07.2026,13.07.2026,13.07.2026,,H014,WH INFORMA JABABEKA
R110260629H084_H014,CDD LONG CHASSIS,7500000,0,0,0,0,0,7500000,H014 - WH INFORMA JABABEKA,PT.ORANG KREATIF EKSIS,6,LATE,29,35,30.07.2026,30.06.2026,02.07.2026,09.07.2026,10.07.2026,17.07.2026,17.07.2026,,H014,WH INFORMA JABABEKA
R110260629H085_H014,CDD LONG CHASSIS,7500000,0,0,0,0,0,7500000,H014 - WH INFORMA JABABEKA,PT.ORANG KREATIF EKSIS,6,LATE,29,35,30.07.2026,30.06.2026,02.07.2026,09.07.2026,10.07.2026,17.07.2026,17.07.2026,,H014,WH INFORMA JABABEKA
R110260629L027_H014,FUSO,14750000,0,0,0,1500000,0,16250000,H014 - WH INFORMA JABABEKA,PT. SATRIA PIRANTI PERKASA,4,LATE,14,35,15.07.2026,30.06.2026,,22.07.2026,22.07.2026,,,,H014,WH INFORMA JABABEKA
R110260629L081_H014,CDD LONG CHASSIS,2900000,0,0,0,0,0,2900000,H014 - WH INFORMA JABABEKA,PT. AGUNG MAKMUR JAYA,6,LATE,28,34,29.07.2026,30.06.2026,02.07.2026,02.07.2026,03.07.2026,07.07.2026,13.07.2026,,H014,WH INFORMA JABABEKA
R110260629L099_H014,CDD LONG CHASSIS,3500000,0,0,0,0,0,3500000,H014 - WH INFORMA JABABEKA,PT. CEHA LOGISTIK CEMERLANG,6,LATE,29,34,30.07.2026,30.06.2026,04.07.2026,06.07.2026,06.07.2026,07.07.2026,07.07.2026,,H014,WH INFORMA JABABEKA
R110260629L100_H014,CDD LONG CHASSIS,8855000,0,0,0,500000,0,9355000,H014 - WH INFORMA JABABEKA,PT.ORANG KREATIF EKSIS,6,LATE,30,34,31.07.2026,30.06.2026,05.07.2026,09.07.2026,10.07.2026,17.07.2026,17.07.2026,,H014,WH INFORMA JABABEKA
R110260629L102_H014,CDD LONG CHASSIS,1725000,0,0,0,300000,0,2025000,H014 - WH INFORMA JABABEKA,PT. BINTANG SAMUDRA RAYA,7,ON SCHEDULE,27,0,28.07.2026,30.06.2026,04.07.2026,13.07.2026,14.07.2026,14.07.2026,14.07.2026,,H014,WH INFORMA JABABEKA
R110260629T031_H014,WINGBOX,19000000,0,0,0,0,0,19000000,H014 - WH INFORMA JABABEKA,PT. BINTANG SAMUDRA RAYA,7,ON SCHEDULE,37,0,07.08.2026,30.06.2026,07.07.2026,08.07.2026,08.07.2026,13.07.2026,14.07.2026,,H014,WH INFORMA JABABEKA
R110260629T032_H014,WINGBOX,7000000,0,0,0,0,0,7000000,H014 - WH INFORMA JABABEKA,PT. DUNIA EXPRESS TRANSINDO,4,LATE,17,34,18.07.2026,30.06.2026,03.07.2026,27.07.2026,27.07.2026,,,,H014,WH INFORMA JABABEKA
R110260629T038_H014,WINGBOX,7000000,0,0,0,0,0,7000000,H014 - WH INFORMA JABABEKA,PT. DUNIA EXPRESS TRANSINDO,4,LATE,17,34,18.07.2026,30.06.2026,02.07.2026,27.07.2026,27.07.2026,,,,H014,WH INFORMA JABABEKA
R110260629T039_H014,WINGBOX,7000000,0,0,0,0,0,7000000,H014 - WH INFORMA JABABEKA,PT. DUNIA EXPRESS TRANSINDO,4,LATE,17,34,18.07.2026,30.06.2026,02.07.2026,27.07.2026,27.07.2026,,,,H014,WH INFORMA JABABEKA
R110260629T040_H014,WINGBOX,7000000,0,0,0,0,0,7000000,H014 - WH INFORMA JABABEKA,PT. DUNIA EXPRESS TRANSINDO,4,LATE,17,34,18.07.2026,30.06.2026,02.07.2026,27.07.2026,27.07.2026,,,,H014,WH INFORMA JABABEKA
R110260629T041_H014,CONT-40,30000000,0,0,550000,0,0,30550000,H014 - WH INFORMA JABABEKA,PT. TERATAI EMAS LOGISTINDO,3,LATE,22,34,23.07.2026,30.06.2026,25.07.2026,03.08.2026,,,,,H014,WH INFORMA JABABEKA
R110260629T043_H014,CONT-40,33800000,0,0,0,0,0,33800000,H014 - WH INFORMA JABABEKA,PT. CRIETA LOGISTIC,6,ON SCHEDULE,40,35,10.08.2026,30.06.2026,11.07.2026,27.07.2026,27.07.2026,03.08.2026,03.08.2026,,H014,WH INFORMA JABABEKA
R110260630H050_H014,WINGBOX,1998000,0,0,0,0,0,1998000,H014 - WH INFORMA JABABEKA,PT. ARDYA PRIMA INTERNUSA,6,LATE,27,34,28.07.2026,30.06.2026,01.07.2026,07.07.2026,07.07.2026,08.07.2026,09.07.2026,,H014,WH INFORMA JABABEKA
R110260630H052_H014,WINGBOX,4825000,0,0,0,0,0,4825000,H014 - WH INFORMA JABABEKA,PT. CEHA LOGISTIK CEMERLANG,7,ON SCHEDULE,29,0,30.07.2026,30.06.2026,02.07.2026,02.07.2026,02.07.2026,03.07.2026,03.07.2026,,H014,WH INFORMA JABABEKA
R110260630H060_H014,CDD LONG CHASSIS,2200000,0,0,0,0,0,2200000,H014 - WH INFORMA JABABEKA,PT. AGUNG MAKMUR JAYA,6,LATE,27,34,28.07.2026,30.06.2026,01.07.2026,01.07.2026,02.07.2026,13.07.2026,13.07.2026,,H014,WH INFORMA JABABEKA
R110260630H061_H014,WINGBOX,3500000,0,0,0,600000,0,4100000,H014 - WH INFORMA JABABEKA,PT. BINTANG SAMUDRA RAYA,6,LATE,29,34,30.07.2026,30.06.2026,,27.07.2026,27.07.2026,29.07.2026,29.07.2026,,H014,WH INFORMA JABABEKA
R110260630H061_H014,WINGBOX,3500000,0,0,0,600000,0,4100000,H014 - WH INFORMA JABABEKA,PT. BINTANG SAMUDRA RAYA,6,LATE,29,34,30.07.2026,30.06.2026,,27.07.2026,27.07.2026,29.07.2026,29.07.2026,,H014,WH INFORMA JABABEKA
R110260630H063_H014,WINGBOX,1998000,0,0,0,0,0,1998000,H014 - WH INFORMA JABABEKA,PT. ARDYA PRIMA INTERNUSA,6,LATE,27,34,28.07.2026,30.06.2026,01.07.2026,07.07.2026,07.07.2026,08.07.2026,09.07.2026,,H014,WH INFORMA JABABEKA
R110260630H078_H014,CDD LONG CHASSIS,1400000,0,0,0,0,0,1400000,H014 - WH INFORMA JABABEKA,PT. BINTANG SAMUDRA RAYA,7,ON SCHEDULE,27,0,28.07.2026,30.06.2026,01.07.2026,06.07.2026,06.07.2026,08.07.2026,09.07.2026,,H014,WH INFORMA JABABEKA
R110260630H081_H014,CDD LONG CHASSIS,2850000,0,0,0,0,0,2850000,H014 - WH INFORMA JABABEKA,PT. BINTANG SAMUDRA RAYA,7,ON SCHEDULE,28,0,29.07.2026,30.06.2026,02.07.2026,06.07.2026,06.07.2026,08.07.2026,09.07.2026,,H014,WH INFORMA JABABEKA
R110260630H082_H014,CDD LONG CHASSIS,2850000,0,0,0,0,0,2850000,H014 - WH INFORMA JABABEKA,PT. BINTANG SAMUDRA RAYA,7,ON SCHEDULE,28,0,29.07.2026,30.06.2026,02.07.2026,10.07.2026,10.07.2026,13.07.2026,14.07.2026,,H014,WH INFORMA JABABEKA
R110260630H091_H014,CDD LONG CHASSIS,7500000,0,0,0,0,0,7500000,H014 - WH INFORMA JABABEKA,PT.ORANG KREATIF EKSIS,6,LATE,29,34,30.07.2026,30.06.2026,04.07.2026,09.07.2026,10.07.2026,17.07.2026,17.07.2026,,H014,WH INFORMA JABABEKA
R110260630L065_H014,CDD LONG CHASSIS,2850000,0,0,0,0,0,2850000,H014 - WH INFORMA JABABEKA,PT. BINTANG SAMUDRA RAYA,7,ON SCHEDULE,26,0,27.07.2026,30.06.2026,02.07.2026,13.07.2026,13.07.2026,14.07.2026,16.07.2026,,H014,WH INFORMA JABABEKA
R120260530B002_T001,CDD LONG CHASSIS,4700000,0,0,0,300000,0,5000000,T001 - WH TGI JABABEKA,PT. BINTANG SAMUDRA RAYA,6,LATE,26,62,29.06.2026,02.06.2026,09.06.2026,20.07.2026,21.07.2026,21.07.2026,21.07.2026,,T001,WH TGI JABABEKA
R120260530B002_T001,CDD LONG CHASSIS,4700000,0,0,0,300000,0,5000000,T001 - WH TGI JABABEKA,PT. BINTANG SAMUDRA RAYA,6,LATE,26,62,29.06.2026,02.06.2026,09.06.2026,20.07.2026,21.07.2026,21.07.2026,21.07.2026,,T001,WH TGI JABABEKA
R120260601B001_T001,CDD LONG CHASSIS,3500000,0,0,0,350000,0,3850000,T001 - WH TGI JABABEKA,PT. AGUNG MAKMUR JAYA,6,LATE,28,62,01.07.2026,02.06.2026,06.06.2026,15.06.2026,15.06.2026,17.06.2026,13.07.2026,,T001,WH TGI JABABEKA
R120260601B001_T001,CDD LONG CHASSIS,3500000,0,0,0,350000,0,3850000,T001 - WH TGI JABABEKA,PT. AGUNG MAKMUR JAYA,6,LATE,28,62,01.07.2026,02.06.2026,06.06.2026,15.06.2026,15.06.2026,17.06.2026,13.07.2026,,T001,WH TGI JABABEKA
R120260601B001_T001,CDD LONG CHASSIS,3500000,0,0,0,350000,0,3850000,T001 - WH TGI JABABEKA,PT. AGUNG MAKMUR JAYA,6,LATE,28,62,01.07.2026,02.06.2026,06.06.2026,15.06.2026,15.06.2026,17.06.2026,13.07.2026,,T001,WH TGI JABABEKA
R120260601B001_T001,CDD LONG CHASSIS,3500000,0,0,0,350000,0,3850000,T001 - WH TGI JABABEKA,PT. AGUNG MAKMUR JAYA,6,LATE,28,62,01.07.2026,02.06.2026,06.06.2026,15.06.2026,15.06.2026,17.06.2026,13.07.2026,,T001,WH TGI JABABEKA
R120260604B001_T001,CONT-20,15300000,0,0,0,0,0,15300000,T001 - WH TGI JABABEKA,PT. SENTOSAPRIMA ABADI,6,LATE,39,59,15.07.2026,05.06.2026,23.06.2026,13.07.2026,14.07.2026,24.07.2026,24.07.2026,,T001,WH TGI JABABEKA
R120260604B002_T001,CDD LONG CHASSIS,4700000,0,0,0,300000,0,5000000,T001 - WH TGI JABABEKA,PT. BINTANG SAMUDRA RAYA,6,LATE,26,57,04.07.2026,07.06.2026,11.06.2026,20.07.2026,21.07.2026,21.07.2026,21.07.2026,,T001,WH TGI JABABEKA
R120260604B002_T001,CDD LONG CHASSIS,4700000,0,0,0,300000,0,5000000,T001 - WH TGI JABABEKA,PT. BINTANG SAMUDRA RAYA,6,LATE,26,57,04.07.2026,07.06.2026,11.06.2026,20.07.2026,21.07.2026,21.07.2026,21.07.2026,,T001,WH TGI JABABEKA
R120260605B001_T001,CDD LONG CHASSIS,3900000,0,0,0,950000,0,4850000,T001 - WH TGI JABABEKA,PT. CEHA LOGISTIK CEMERLANG,7,ON SCHEDULE,26,0,03.07.2026,06.06.2026,08.06.2026,11.06.2026,11.06.2026,17.06.2026,17.06.2026,,T001,WH TGI JABABEKA
R120260609B001_T001,CDD LONG CHASSIS,3500000,0,0,0,700000,0,4200000,T001 - WH TGI JABABEKA,PT. CEHA LOGISTIK CEMERLANG,7,ON SCHEDULE,28,0,09.07.2026,10.06.2026,12.06.2026,15.06.2026,15.06.2026,17.06.2026,17.06.2026,,T001,WH TGI JABABEKA
R120260609B002_T001,CDD LONG CHASSIS,7500000,0,0,0,300000,0,7800000,T001 - WH TGI JABABEKA,PT.ORANG KREATIF EKSIS,6,LATE,29,54,10.07.2026,10.06.2026,15.06.2026,18.06.2026,19.06.2026,08.07.2026,08.07.2026,,T001,WH TGI JABABEKA
R120260609B004_T001,FUSO,12500000,0,350000,0,350000,0,13200000,T001 - WH TGI JABABEKA,PT.DHANESWARA EXPRES,6,LATE,28,52,12.07.2026,13.06.2026,17.06.2026,25.06.2026,26.06.2026,09.07.2026,09.07.2026,,T001,WH TGI JABABEKA
R120260609B005_T001,CDD LONG CHASSIS,4700000,0,0,0,300000,0,5000000,T001 - WH TGI JABABEKA,PT. BINTANG SAMUDRA RAYA,6,LATE,26,52,09.07.2026,12.06.2026,17.06.2026,20.07.2026,21.07.2026,21.07.2026,21.07.2026,,T001,WH TGI JABABEKA
R120260609B005_T001,CDD LONG CHASSIS,4700000,0,0,0,300000,0,5000000,T001 - WH TGI JABABEKA,PT. BINTANG SAMUDRA RAYA,6,LATE,26,52,09.07.2026,12.06.2026,17.06.2026,20.07.2026,21.07.2026,21.07.2026,21.07.2026,,T001,WH TGI JABABEKA
R120260615B001_T001,CDD LONG CHASSIS,3325000,0,0,0,0,0,3325000,T001 - WH TGI JABABEKA,PT. JEJE HARAPAN TRANSINDO,2,LATE,8,48,25.06.2026,16.06.2026,23.06.2026,,,,,,T001,WH TGI JABABEKA
R120260615B002_T001,CDD LONG CHASSIS,3325000,0,0,0,0,0,3325000,T001 - WH TGI JABABEKA,PT. JEJE HARAPAN TRANSINDO,2,LATE,9,47,27.06.2026,17.06.2026,23.06.2026,,,,,,T001,WH TGI JABABEKA
R120260618B001_T001,CDD LONG CHASSIS,4700000,0,0,0,300000,0,5000000,T001 - WH TGI JABABEKA,PT. BINTANG SAMUDRA RAYA,6,LATE,30,45,20.07.2026,19.06.2026,23.06.2026,20.07.2026,21.07.2026,21.07.2026,21.07.2026,,T001,WH TGI JABABEKA
R120260618B002_T001,CDD LONG CHASSIS,4700000,0,0,0,300000,0,5000000,T001 - WH TGI JABABEKA,PT. BINTANG SAMUDRA RAYA,7,ON SCHEDULE,26,0,16.07.2026,19.06.2026,23.06.2026,15.07.2026,15.07.2026,16.07.2026,16.07.2026,,T001,WH TGI JABABEKA
R120260618B003_T001,CDD LONG CHASSIS,3600000,0,0,0,400000,0,4000000,T001 - WH TGI JABABEKA,PT. BINTANG SAMUDRA RAYA,6,LATE,26,42,19.07.2026,22.06.2026,23.06.2026,20.07.2026,21.07.2026,21.07.2026,21.07.2026,,T001,WH TGI JABABEKA
R120260618B003_T001,CDD LONG CHASSIS,3600000,0,0,0,400000,0,4000000,T001 - WH TGI JABABEKA,PT. BINTANG SAMUDRA RAYA,6,LATE,26,42,19.07.2026,22.06.2026,23.06.2026,20.07.2026,21.07.2026,21.07.2026,21.07.2026,,T001,WH TGI JABABEKA
R120260620B001_T001,FUSO,12500000,0,350000,0,350000,0,13200000,T001 - WH TGI JABABEKA,PT.DHANESWARA EXPRES,6,LATE,28,42,22.07.2026,23.06.2026,29.06.2026,09.07.2026,10.07.2026,13.07.2026,13.07.2026,,T001,WH TGI JABABEKA
R120260622B001_T001,CDD LONG CHASSIS,1400000,0,0,0,200000,0,1600000,T001 - WH TGI JABABEKA,PT. BINTANG SAMUDRA RAYA,6,LATE,28,41,22.07.2026,23.06.2026,24.06.2026,20.07.2026,21.07.2026,21.07.2026,21.07.2026,,T001,WH TGI JABABEKA
R120260622B002_T001,CDD LONG CHASSIS,1400000,0,0,0,200000,0,1600000,T001 - WH TGI JABABEKA,PT. BINTANG SAMUDRA RAYA,7,ON SCHEDULE,28,0,22.07.2026,23.06.2026,24.06.2026,15.07.2026,15.07.2026,16.07.2026,16.07.2026,,T001,WH TGI JABABEKA
R120260622B002_T001,CDD LONG CHASSIS,1400000,0,0,0,200000,0,1600000,T001 - WH TGI JABABEKA,PT. BINTANG SAMUDRA RAYA,7,ON SCHEDULE,28,0,22.07.2026,23.06.2026,24.06.2026,15.07.2026,15.07.2026,16.07.2026,16.07.2026,,T001,WH TGI JABABEKA
R120260623B001_T001,CDD LONG CHASSIS,4700000,0,0,0,300000,0,5000000,T001 - WH TGI JABABEKA,PT. BINTANG SAMUDRA RAYA,6,LATE,26,40,21.07.2026,24.06.2026,29.06.2026,20.07.2026,21.07.2026,21.07.2026,22.07.2026,,T001,WH TGI JABABEKA
R120260625B001_T001,CONT-20,15400000,0,0,0,0,0,15400000,T001 - WH TGI JABABEKA,PT. SENTOSAPRIMA ABADI,6,ON SCHEDULE,41,38,07.08.2026,26.06.2026,11.07.2026,30.07.2026,31.07.2026,03.08.2026,03.08.2026,,T001,WH TGI JABABEKA