,,,,,,,,,,,,End To End Performance,,,,Shipping Instruction Updating Date & Status,,,,,,,Key,
LC,Jenis Armada,Price,Inap Loading,Inap Bongkar,Buruh Bongkar,Multidrop,Other,Total Price,Supplying Site,Name Vendor,Last Status,Performance,Standard (Days),Actual (Days),Deadline,1=NEW,2=RECEIVE,3=CONFIRM,4=VALIDATE,5=BILLED,6=SENT,7=PAID,Code Supply,Name Supply
F100260302L007,CONT-20,18300000,0,0,600000,0,0,18900000,F001 - WH FBI JABABEKA	FBI,PT. PAUS BIRU LOGISTIK,7,ON SCHEDULE,29,0,02.04.2026,03.03.2026,10.03.2026,20.05.2026,20.05.2026,01.07.2026,02.07.2026,,F001,WH FBI JABABEKA	FBI
F100260302L052,WINGBOX,6600000,0,0,0,0,0,6600000,F001 - WH FBI JABABEKA	FBI,PT. CATUR GLOBAL LOGISTIK,7,ON SCHEDULE,29,0,01.04.2026,02.03.2026,04.03.2026,11.03.2026,11.03.2026,11.03.2026,11.03.2026,,F001,WH FBI JABABEKA	FBI
F100260302L054,WINGBOX,5650000,0,0,0,0,0,5650000,F001 - WH FBI JABABEKA	FBI,PT. DUTA MEDIA MANDIRI,7,ON SCHEDULE,29,0,01.04.2026,02.03.2026,05.03.2026,10.03.2026,10.03.2026,12.03.2026,12.03.2026,,F001,WH FBI JABABEKA	FBI
F100260303B008,CDD LONG CHASSIS,4700000,0,0,0,0,0,4700000,F001 - WH FBI JABABEKA	FBI,PT. BINTANG SAMUDRA RAYA,7,ON SCHEDULE,26,0,01.04.2026,05.03.2026,11.03.2026,20.05.2026,20.05.2026,15.06.2026,23.06.2026,,F001,WH FBI JABABEKA	FBI
F100260303L011,WINGBOX,5650000,0,0,0,0,0,5650000,F001 - WH FBI JABABEKA	FBI,PT. DUTA MEDIA MANDIRI,7,ON SCHEDULE,29,0,02.04.2026,03.03.2026,06.03.2026,10.03.2026,10.03.2026,12.03.2026,12.03.2026,,F001,WH FBI JABABEKA	FBI
F100260303L012,WINGBOX,6600000,0,0,0,0,0,6600000,F001 - WH FBI JABABEKA	FBI,PT. JAYA MULYA ERALINDO,7,ON SCHEDULE,29,0,02.04.2026,03.03.2026,06.03.2026,12.03.2026,12.03.2026,30.03.2026,30.03.2026,,F001,WH FBI JABABEKA	FBI
F100260303L013,CONT-40,23300000,0,0,0,0,0,23300000,F001 - WH FBI JABABEKA	FBI,PT. MITRA INTERTRANS FORWARDING,7,ON SCHEDULE,40,0,17.04.2026,07.03.2026,27.03.2026,11.05.2026,12.05.2026,12.05.2026,13.05.2026,,F001,WH FBI JABABEKA	FBI
F100260303L050,CDD LONG CHASSIS,1725000,0,0,0,300000,0,2025000,F001 - WH FBI JABABEKA	FBI,PT. BINTANG SAMUDRA RAYA,7,ON SCHEDULE,27,0,31.03.2026,03.03.2026,04.03.2026,15.04.2026,15.04.2026,20.04.2026,20.04.2026,,F001,WH FBI JABABEKA	FBI
F100260304L005,WINGBOX,5650000,0,0,0,0,0,5650000,F001 - WH FBI JABABEKA	FBI,PT. DUTA MEDIA MANDIRI,7,ON SCHEDULE,29,0,06.04.2026,07.03.2026,09.03.2026,10.03.2026,10.03.2026,22.04.2026,22.04.2026,,F001,WH FBI JABABEKA	FBI
F100260304L006,WINGBOX,5650000,0,0,0,0,0,5650000,F001 - WH FBI JABABEKA	FBI,PT. DUTA MEDIA MANDIRI,7,ON SCHEDULE,29,0,04.04.2026,05.03.2026,08.03.2026,10.03.2026,10.03.2026,12.03.2026,12.03.2026,,F001,WH FBI JABABEKA	FBI
F100260304L067,WINGBOX,4300000,460000,0,0,0,0,4760000,F001 - WH FBI JABABEKA	FBI,PT.SIASAT CEPAT MUDA,7,ON SCHEDULE,29,0,04.04.2026,05.03.2026,06.03.2026,07.04.2026,07.04.2026,08.04.2026,08.04.2026,,F001,WH FBI JABABEKA	FBI
F100260304L067,WINGBOX,4300000,460000,0,0,0,0,4760000,F001 - WH FBI JABABEKA	FBI,PT.SIASAT CEPAT MUDA,7,ON SCHEDULE,29,0,04.04.2026,05.03.2026,06.03.2026,07.04.2026,07.04.2026,08.04.2026,08.04.2026,,F001,WH FBI JABABEKA	FBI
F100260305L067,WINGBOX,5650000,0,0,0,0,0,5650000,F001 - WH FBI JABABEKA	FBI,PT. DUTA MEDIA MANDIRI,7,ON SCHEDULE,29,0,04.04.2026,05.03.2026,09.03.2026,10.03.2026,10.03.2026,22.04.2026,22.04.2026,,F001,WH FBI JABABEKA	FBI
F100260305L075,CDD LONG CHASSIS,12500000,0,0,0,500000,0,13000000,F001 - WH FBI JABABEKA	FBI,PT.ORANG KREATIF EKSIS,7,ON SCHEDULE,29,0,15.04.2026,16.03.2026,17.03.2026,30.03.2026,30.03.2026,07.04.2026,07.04.2026,,F001,WH FBI JABABEKA	FBI
F100260306L029,CDD LONG CHASSIS,12400000,0,0,0,0,0,12400000,F001 - WH FBI JABABEKA	FBI,PT.ORANG KREATIF EKSIS,7,ON SCHEDULE,30,0,10.04.2026,10.03.2026,16.03.2026,31.03.2026,31.03.2026,07.04.2026,07.04.2026,,F001,WH FBI JABABEKA	FBI
F100260306L068,CDD LONG CHASSIS,1400000,0,0,0,0,0,1400000,F001 - WH FBI JABABEKA	FBI,PT. BINTANG SAMUDRA RAYA,7,ON SCHEDULE,28,0,04.04.2026,06.03.2026,08.03.2026,07.04.2026,08.04.2026,20.04.2026,20.04.2026,,F001,WH FBI JABABEKA	FBI
F100260306L109,WINGBOX,5650000,0,0,0,0,0,5650000,F001 - WH FBI JABABEKA	FBI,PT. DUTA MEDIA MANDIRI,7,ON SCHEDULE,29,0,10.04.2026,11.03.2026,08.04.2026,08.04.2026,08.04.2026,08.04.2026,09.04.2026,,F001,WH FBI JABABEKA	FBI
F100260307L019,CDD LONG CHASSIS,3500000,0,0,0,0,0,3500000,F001 - WH FBI JABABEKA	FBI,PT. CEHA LOGISTIK CEMERLANG,7,ON SCHEDULE,29,0,07.04.2026,08.03.2026,10.03.2026,10.03.2026,10.03.2026,07.04.2026,07.04.2026,,F001,WH FBI JABABEKA	FBI
F100260307L020,WINGBOX,4825000,0,0,0,0,0,4825000,F001 - WH FBI JABABEKA	FBI,PT. CEHA LOGISTIK CEMERLANG,7,ON SCHEDULE,28,0,05.04.2026,07.03.2026,09.03.2026,10.03.2026,10.03.2026,07.04.2026,07.04.2026,,F001,WH FBI JABABEKA	FBI
F100260307L021,CDD LONG CHASSIS,4900000,0,0,0,0,0,4900000,F001 - WH FBI JABABEKA	FBI,PT.ORANG KREATIF EKSIS,7,ON SCHEDULE,27,0,04.04.2026,07.03.2026,09.03.2026,13.03.2026,13.03.2026,07.04.2026,07.04.2026,,F001,WH FBI JABABEKA	FBI
F100260309L025,CDD LONG CHASSIS,10350000,0,0,0,0,0,10350000,F001 - WH FBI JABABEKA	FBI,PT.ORANG KREATIF EKSIS,7,ON SCHEDULE,31,0,17.04.2026,16.03.2026,17.03.2026,30.03.2026,30.03.2026,07.04.2026,07.04.2026,,F001,WH FBI JABABEKA	FBI
F100260309L091,CONT-20,16900000,0,0,0,0,0,16900000,F001 - WH FBI JABABEKA	FBI,PT. SILKARGO INDONESIA,4,LATE,28,147,07.04.2026,09.03.2026,30.03.2026,31.07.2026,31.07.2026,,,,F001,WH FBI JABABEKA	FBI
F100260309L123,CDD LONG CHASSIS,1725000,0,0,0,0,0,1725000,F001 - WH FBI JABABEKA	FBI,PT. BINTANG SAMUDRA RAYA,7,ON SCHEDULE,27,0,07.04.2026,10.03.2026,15.03.2026,07.04.2026,08.04.2026,20.04.2026,20.04.2026,,F001,WH FBI JABABEKA	FBI
F100260309L125,CDD LONG CHASSIS,4900000,0,0,0,150000,0,5050000,F001 - WH FBI JABABEKA	FBI,PT.ORANG KREATIF EKSIS,7,ON SCHEDULE,28,0,26.04.2026,28.03.2026,28.03.2026,30.03.2026,30.03.2026,07.04.2026,07.04.2026,,F001,WH FBI JABABEKA	FBI
F100260310L032,CDD LONG CHASSIS,1425000,0,0,0,0,0,1425000,F001 - WH FBI JABABEKA	FBI,PT. DUTA MEDIA MANDIRI,7,ON SCHEDULE,28,0,08.04.2026,10.03.2026,11.03.2026,12.03.2026,12.03.2026,12.03.2026,12.03.2026,,F001,WH FBI JABABEKA	FBI
F100260310L033,CDD LONG CHASSIS,3900000,0,0,0,0,0,3900000,F001 - WH FBI JABABEKA	FBI,PT. CEHA LOGISTIK CEMERLANG,7,ON SCHEDULE,28,0,23.04.2026,25.03.2026,27.03.2026,30.03.2026,30.03.2026,07.04.2026,07.04.2026,,F001,WH FBI JABABEKA	FBI
F100260310L075,CONT-20,15000000,0,0,0,0,0,15000000,F001 - WH FBI JABABEKA	FBI,PT. PRIMA GLOBALINDO LOGISTIK,7,ON SCHEDULE,40,0,21.04.2026,11.03.2026,04.04.2026,07.05.2026,07.05.2026,07.05.2026,13.05.2026,,F001,WH FBI JABABEKA	FBI
F100260310L086,CDD LONG CHASSIS,12400000,0,0,0,0,0,12400000,F001 - WH FBI JABABEKA	FBI,PT.ORANG KREATIF EKSIS,7,ON SCHEDULE,30,0,11.04.2026,11.03.2026,16.03.2026,10.04.2026,11.04.2026,17.04.2026,17.04.2026,,F001,WH FBI JABABEKA	FBI
F100260312L007,CDD LONG CHASSIS,3500000,0,0,0,0,0,3500000,F001 - WH FBI JABABEKA	FBI,PT. CEHA LOGISTIK CEMERLANG,7,ON SCHEDULE,29,0,11.04.2026,12.03.2026,14.03.2026,30.03.2026,30.03.2026,07.04.2026,07.04.2026,,F001,WH FBI JABABEKA	FBI
F100260312L085,WINGBOX,6600000,0,0,0,0,0,6600000,F001 - WH FBI JABABEKA	FBI,PT. JAYA MULYA ERALINDO,7,ON SCHEDULE,29,0,12.04.2026,13.03.2026,16.03.2026,30.03.2026,30.03.2026,01.04.2026,01.04.2026,,F001,WH FBI JABABEKA	FBI
F100260312L107,CDD LONG CHASSIS,2000000,0,0,0,0,0,2000000,F001 - WH FBI JABABEKA	FBI,PT. ANTAR JARINGAN SEPANJANG JALAN,7,ON SCHEDULE,27,0,09.04.2026,12.03.2026,14.03.2026,26.03.2026,27.03.2026,02.04.2026,13.04.2026,,F001,WH FBI JABABEKA	FBI
F100260314L088,CDD LONG CHASSIS,1900000,0,0,0,0,0,1900000,F001 - WH FBI JABABEKA	FBI,PT. ANTAR JARINGAN SEPANJANG JALAN,7,ON SCHEDULE,28,0,12.04.2026,14.03.2026,15.03.2026,26.03.2026,27.03.2026,02.04.2026,13.04.2026,,F001,WH FBI JABABEKA	FBI
F100260316B003,CDD LONG CHASSIS,1700000,0,0,0,75000,300000,2075000,F001 - WH FBI JABABEKA	FBI,PT. ANTAR JARINGAN SEPANJANG JALAN,7,ON SCHEDULE,26,0,14.04.2026,18.03.2026,25.03.2026,30.03.2026,30.03.2026,02.04.2026,13.04.2026,,F001,WH FBI JABABEKA	FBI
F100260316B004,CDD LONG CHASSIS,1700000,0,0,0,75000,300000,2075000,F001 - WH FBI JABABEKA	FBI,PT. ANTAR JARINGAN SEPANJANG JALAN,7,ON SCHEDULE,26,0,14.04.2026,18.03.2026,25.03.2026,30.03.2026,30.03.2026,02.04.2026,13.04.2026,,F001,WH FBI JABABEKA	FBI
F100260317B002,CDD LONG CHASSIS,1800000,0,0,0,75000,0,1875000,F001 - WH FBI JABABEKA	FBI,PT. ANTAR JARINGAN SEPANJANG JALAN,7,ON SCHEDULE,28,0,16.04.2026,18.03.2026,25.03.2026,27.04.2026,28.04.2026,04.05.2026,04.05.2026,,F001,WH FBI JABABEKA	FBI
F100260327L147,CDD LONG CHASSIS,2887500,0,0,0,0,500000,3387500,F001 - WH FBI JABABEKA	FBI,PT.SIASAT CEPAT MUDA,7,ON SCHEDULE,29,0,27.04.2026,28.03.2026,30.03.2026,01.04.2026,01.04.2026,02.04.2026,06.04.2026,,F001,WH FBI JABABEKA	FBI
F100260327L147,CDD LONG CHASSIS,2887500,0,0,0,0,500000,3387500,F001 - WH FBI JABABEKA	FBI,PT.SIASAT CEPAT MUDA,7,ON SCHEDULE,29,0,27.04.2026,28.03.2026,30.03.2026,01.04.2026,01.04.2026,02.04.2026,06.04.2026,,F001,WH FBI JABABEKA	FBI
I100251010L031_S001,MINI VAN BOX,0,0,0,0,0,0,0,S001 - WH KLS JABABEKA,FIRST LOGISTICS,2,LATE,7,144,21.03.2026,13.03.2026,14.03.2026,,,,,,S001,WH KLS JABABEKA
I100251124L036_S001,CDE PICKUP,13440000,0,0,0,0,8000000,21440000,S001 - WH KLS JABABEKA,PT. Nusantara Cargo Line,7,ON SCHEDULE,27,0,31.03.2026,03.03.2026,,06.03.2026,06.03.2026,09.03.2026,10.03.2026,,S001,WH KLS JABABEKA
I100251124L036_S001,CDE PICKUP,13440000,0,0,0,0,8000000,21440000,S001 - WH KLS JABABEKA,PT. Nusantara Cargo Line,7,ON SCHEDULE,27,0,31.03.2026,03.03.2026,,06.03.2026,06.03.2026,09.03.2026,10.03.2026,,S001,WH KLS JABABEKA
I100251124L036_S001,CDE PICKUP,13440000,0,0,0,0,8000000,21440000,S001 - WH KLS JABABEKA,PT. Nusantara Cargo Line,7,ON SCHEDULE,27,0,31.03.2026,03.03.2026,,06.03.2026,06.03.2026,09.03.2026,10.03.2026,,S001,WH KLS JABABEKA
I100251124L036_S001,CDE PICKUP,13440000,0,0,0,0,8000000,21440000,S001 - WH KLS JABABEKA,PT. Nusantara Cargo Line,7,ON SCHEDULE,27,0,31.03.2026,03.03.2026,,06.03.2026,06.03.2026,09.03.2026,10.03.2026,,S001,WH KLS JABABEKA
I100251231L007_S001,FUSO LOSBAK,10500000,0,0,0,0,0,10500000,S001 - WH KLS JABABEKA,JASATAMA DIRGANTARA EXPRESS,7,ON SCHEDULE,27,0,09.04.2026,12.03.2026,12.03.2026,26.03.2026,30.03.2026,07.04.2026,07.04.2026,,S001,WH KLS JABABEKA
I100251231L008_S001,FUSO LOSBAK,10500000,0,0,0,0,0,10500000,S001 - WH KLS JABABEKA,JASATAMA DIRGANTARA EXPRESS,7,ON SCHEDULE,27,0,09.04.2026,12.03.2026,12.03.2026,26.03.2026,30.03.2026,07.04.2026,07.04.2026,,S001,WH KLS JABABEKA
I100260126L011_S001,MINI VAN BOX,0,0,0,0,0,0,0,S001 - WH KLS JABABEKA,PT. Nusantara Cargo Line,2,LATE,7,151,13.03.2026,05.03.2026,08.03.2026,,,,,,S001,WH KLS JABABEKA
I100260128L047_S001,MINI VAN BOX,1040000,0,0,0,0,0,1040000,S001 - WH KLS JABABEKA,PT. MERPATI ALAM SEMESTA,7,ON SCHEDULE,27,0,31.03.2026,03.03.2026,05.03.2026,14.04.2026,14.04.2026,28.04.2026,11.05.2026,,S001,WH KLS JABABEKA
I100260128L047_S001,MINI VAN BOX,1040000,0,0,0,0,0,1040000,S001 - WH KLS JABABEKA,PT. MERPATI ALAM SEMESTA,7,ON SCHEDULE,27,0,31.03.2026,03.03.2026,05.03.2026,14.04.2026,14.04.2026,28.04.2026,11.05.2026,,S001,WH KLS JABABEKA
I100260221L094_S001,CDD BAK,4500000,0,0,0,1100000,0,5600000,S001 - WH KLS JABABEKA,PT. HARI JAYA SEJAHTERA,7,ON SCHEDULE,29,0,03.04.2026,04.03.2026,05.03.2026,06.03.2026,06.03.2026,06.04.2026,06.04.2026,,S001,WH KLS JABABEKA
I100260221L094_S001,CDD BAK,4500000,0,0,0,1100000,0,5600000,S001 - WH KLS JABABEKA,PT. HARI JAYA SEJAHTERA,7,ON SCHEDULE,29,0,03.04.2026,04.03.2026,05.03.2026,06.03.2026,06.03.2026,06.04.2026,06.04.2026,,S001,WH KLS JABABEKA
I100260221L094_S001,CDD BAK,4500000,0,0,0,1100000,0,5600000,S001 - WH KLS JABABEKA,PT. HARI JAYA SEJAHTERA,7,ON SCHEDULE,29,0,03.04.2026,04.03.2026,05.03.2026,06.03.2026,06.03.2026,06.04.2026,06.04.2026,,S001,WH KLS JABABEKA
I100260221L096_S001,CDD BAK,0,0,0,0,0,0,0,S001 - WH KLS JABABEKA,PT. HARI JAYA TRANSPORTASI,2,LATE,9,152,14.03.2026,04.03.2026,05.03.2026,,,,,,S001,WH KLS JABABEKA
I100260223L020_S001,CDE PICKUP,855000,0,0,0,0,0,855000,S001 - WH KLS JABABEKA,PT. Nusantara Cargo Line,7,ON SCHEDULE,27,0,01.04.2026,04.03.2026,06.03.2026,09.03.2026,09.03.2026,11.03.2026,11.03.2026,,S001,WH KLS JABABEKA
I100260223L020_S001,CDE PICKUP,855000,0,0,0,0,0,855000,S001 - WH KLS JABABEKA,PT. Nusantara Cargo Line,7,ON SCHEDULE,27,0,01.04.2026,04.03.2026,06.03.2026,09.03.2026,09.03.2026,11.03.2026,11.03.2026,,S001,WH KLS JABABEKA
I100260223L021_S001,CDE PICKUP,414000,0,0,0,0,0,414000,S001 - WH KLS JABABEKA,PT. Nusantara Cargo Line,7,ON SCHEDULE,27,0,01.04.2026,04.03.2026,04.03.2026,11.03.2026,11.03.2026,12.03.2026,12.03.2026,,S001,WH KLS JABABEKA
I100260223L021_S001,CDE PICKUP,414000,0,0,0,0,0,414000,S001 - WH KLS JABABEKA,PT. Nusantara Cargo Line,7,ON SCHEDULE,27,0,01.04.2026,04.03.2026,04.03.2026,11.03.2026,11.03.2026,12.03.2026,12.03.2026,,S001,WH KLS JABABEKA
I100260223L022_S001,CDE PICKUP,275000,0,0,0,0,0,275000,S001 - WH KLS JABABEKA,PT. Nusantara Cargo Line,7,ON SCHEDULE,27,0,01.04.2026,04.03.2026,06.03.2026,09.03.2026,09.03.2026,11.03.2026,11.03.2026,,S001,WH KLS JABABEKA
I100260223L022_S001,CDE PICKUP,275000,0,0,0,0,0,275000,S001 - WH KLS JABABEKA,PT. Nusantara Cargo Line,7,ON SCHEDULE,27,0,01.04.2026,04.03.2026,06.03.2026,09.03.2026,09.03.2026,11.03.2026,11.03.2026,,S001,WH KLS JABABEKA
I100260223L023_S001,CDE PICKUP,863500,0,0,0,0,0,863500,S001 - WH KLS JABABEKA,PT. Nusantara Cargo Line,7,ON SCHEDULE,27,0,01.04.2026,04.03.2026,06.03.2026,09.03.2026,09.03.2026,11.03.2026,11.03.2026,,S001,WH KLS JABABEKA
I100260223L023_S001,CDE PICKUP,863500,0,0,0,0,0,863500,S001 - WH KLS JABABEKA,PT. Nusantara Cargo Line,7,ON SCHEDULE,27,0,01.04.2026,04.03.2026,06.03.2026,09.03.2026,09.03.2026,11.03.2026,11.03.2026,,S001,WH KLS JABABEKA
I100260223L024_S001,CDE PICKUP,275000,0,0,0,0,0,275000,S001 - WH KLS JABABEKA,PT. Nusantara Cargo Line,7,ON SCHEDULE,27,0,06.04.2026,09.03.2026,10.03.2026,13.03.2026,13.03.2026,13.03.2026,13.03.2026,,S001,WH KLS JABABEKA
I100260223L024_S001,CDE PICKUP,275000,0,0,0,0,0,275000,S001 - WH KLS JABABEKA,PT. Nusantara Cargo Line,7,ON SCHEDULE,27,0,06.04.2026,09.03.2026,10.03.2026,13.03.2026,13.03.2026,13.03.2026,13.03.2026,,S001,WH KLS JABABEKA
I100260223L025_S001,CDE PICKUP,425000,0,0,0,0,0,425000,S001 - WH KLS JABABEKA,PT. Nusantara Cargo Line,7,ON SCHEDULE,27,0,01.04.2026,04.03.2026,04.03.2026,13.03.2026,13.03.2026,13.03.2026,13.03.2026,,S001,WH KLS JABABEKA
I100260223L025_S001,CDE PICKUP,425000,0,0,0,0,0,425000,S001 - WH KLS JABABEKA,PT. Nusantara Cargo Line,7,ON SCHEDULE,27,0,01.04.2026,04.03.2026,04.03.2026,13.03.2026,13.03.2026,13.03.2026,13.03.2026,,S001,WH KLS JABABEKA
I100260223L026_S001,CDE PICKUP,299250,0,0,0,0,0,299250,S001 - WH KLS JABABEKA,PT. Nusantara Cargo Line,7,ON SCHEDULE,27,0,01.04.2026,04.03.2026,06.03.2026,09.03.2026,09.03.2026,11.03.2026,11.03.2026,,S001,WH KLS JABABEKA
I100260223L026_S001,CDE PICKUP,299250,0,0,0,0,0,299250,S001 - WH KLS JABABEKA,PT. Nusantara Cargo Line,7,ON SCHEDULE,27,0,01.04.2026,04.03.2026,06.03.2026,09.03.2026,09.03.2026,11.03.2026,11.03.2026,,S001,WH KLS JABABEKA
I100260223L027_S001,CDE PICKUP,225000,0,0,0,0,0,225000,S001 - WH KLS JABABEKA,PT. Nusantara Cargo Line,7,ON SCHEDULE,27,0,01.04.2026,04.03.2026,04.03.2026,09.03.2026,09.03.2026,11.03.2026,11.03.2026,,S001,WH KLS JABABEKA
I100260223L027_S001,CDE PICKUP,225000,0,0,0,0,0,225000,S001 - WH KLS JABABEKA,PT. Nusantara Cargo Line,7,ON SCHEDULE,27,0,01.04.2026,04.03.2026,04.03.2026,09.03.2026,09.03.2026,11.03.2026,11.03.2026,,S001,WH KLS JABABEKA
I100260223L030_S001,CDE PICKUP,300000,0,0,0,0,0,300000,S001 - WH KLS JABABEKA,PT. Nusantara Cargo Line,7,ON SCHEDULE,27,0,01.04.2026,04.03.2026,06.03.2026,01.04.2026,01.04.2026,07.04.2026,07.04.2026,,S001,WH KLS JABABEKA
I100260223L030_S001,CDE PICKUP,300000,0,0,0,0,0,300000,S001 - WH KLS JABABEKA,PT. Nusantara Cargo Line,7,ON SCHEDULE,27,0,01.04.2026,04.03.2026,06.03.2026,01.04.2026,01.04.2026,07.04.2026,07.04.2026,,S001,WH KLS JABABEKA
I100260223L031_S001,CDE PICKUP,468000,0,0,0,0,0,468000,S001 - WH KLS JABABEKA,PT. Nusantara Cargo Line,7,ON SCHEDULE,27,0,01.04.2026,04.03.2026,06.03.2026,09.03.2026,09.03.2026,11.03.2026,11.03.2026,,S001,WH KLS JABABEKA
I100260223L031_S001,CDE PICKUP,468000,0,0,0,0,0,468000,S001 - WH KLS JABABEKA,PT. Nusantara Cargo Line,7,ON SCHEDULE,27,0,01.04.2026,04.03.2026,06.03.2026,09.03.2026,09.03.2026,11.03.2026,11.03.2026,,S001,WH KLS JABABEKA
I100260223L033_S001,CDE PICKUP,400000,0,0,0,0,0,400000,S001 - WH KLS JABABEKA,PT. Nusantara Cargo Line,7,ON SCHEDULE,27,0,01.04.2026,04.03.2026,08.03.2026,02.04.2026,02.04.2026,13.04.2026,13.04.2026,,S001,WH KLS JABABEKA
I100260223L033_S001,CDE PICKUP,400000,0,0,0,0,0,400000,S001 - WH KLS JABABEKA,PT. Nusantara Cargo Line,7,ON SCHEDULE,27,0,01.04.2026,04.03.2026,08.03.2026,02.04.2026,02.04.2026,13.04.2026,13.04.2026,,S001,WH KLS JABABEKA
I100260223L034_S001,CDE PICKUP,300000,0,0,0,0,0,300000,S001 - WH KLS JABABEKA,PT. Nusantara Cargo Line,7,ON SCHEDULE,27,0,01.04.2026,04.03.2026,06.03.2026,09.03.2026,09.03.2026,11.03.2026,11.03.2026,,S001,WH KLS JABABEKA
I100260223L034_S001,CDE PICKUP,300000,0,0,0,0,0,300000,S001 - WH KLS JABABEKA,PT. Nusantara Cargo Line,7,ON SCHEDULE,27,0,01.04.2026,04.03.2026,06.03.2026,09.03.2026,09.03.2026,11.03.2026,11.03.2026,,S001,WH KLS JABABEKA
I100260223L036_S001,CDE PICKUP,1100000,0,0,0,0,0,1100000,S001 - WH KLS JABABEKA,PT. Nusantara Cargo Line,7,ON SCHEDULE,27,0,01.04.2026,04.03.2026,11.03.2026,16.04.2026,17.04.2026,17.04.2026,17.04.2026,,S001,WH KLS JABABEKA
I100260223L036_S001,CDE PICKUP,1100000,0,0,0,0,0,1100000,S001 - WH KLS JABABEKA,PT. Nusantara Cargo Line,7,ON SCHEDULE,27,0,01.04.2026,04.03.2026,11.03.2026,16.04.2026,17.04.2026,17.04.2026,17.04.2026,,S001,WH KLS JABABEKA
I100260223L037_S001,CDE PICKUP,243000,0,0,0,0,0,243000,S001 - WH KLS JABABEKA,PT. Nusantara Cargo Line,7,ON SCHEDULE,27,0,01.04.2026,04.03.2026,04.03.2026,13.03.2026,13.03.2026,27.03.2026,27.03.2026,,S001,WH KLS JABABEKA
I100260223L037_S001,CDE PICKUP,243000,0,0,0,0,0,243000,S001 - WH KLS JABABEKA,PT. Nusantara Cargo Line,7,ON SCHEDULE,27,0,01.04.2026,04.03.2026,04.03.2026,13.03.2026,13.03.2026,27.03.2026,27.03.2026,,S001,WH KLS JABABEKA
I100260223L038_S001,CDE PICKUP,2282500,0,0,0,0,0,2282500,S001 - WH KLS JABABEKA,PT. Nusantara Cargo Line,7,ON SCHEDULE,27,0,01.04.2026,04.03.2026,06.03.2026,09.03.2026,09.03.2026,11.03.2026,11.03.2026,,S001,WH KLS JABABEKA
I100260223L038_S001,CDE PICKUP,2282500,0,0,0,0,0,2282500,S001 - WH KLS JABABEKA,PT. Nusantara Cargo Line,7,ON SCHEDULE,27,0,01.04.2026,04.03.2026,06.03.2026,09.03.2026,09.03.2026,11.03.2026,11.03.2026,,S001,WH KLS JABABEKA
I100260223L039_S001,CDE PICKUP,916500,0,0,0,0,0,916500,S001 - WH KLS JABABEKA,PT. Nusantara Cargo Line,7,ON SCHEDULE,27,0,01.04.2026,04.03.2026,06.03.2026,09.03.2026,09.03.2026,11.03.2026,11.03.2026,,S001,WH KLS JABABEKA
I100260223L039_S001,CDE PICKUP,916500,0,0,0,0,0,916500,S001 - WH KLS JABABEKA,PT. Nusantara Cargo Line,7,ON SCHEDULE,27,0,01.04.2026,04.03.2026,06.03.2026,09.03.2026,09.03.2026,11.03.2026,11.03.2026,,S001,WH KLS JABABEKA
I100260223L040_S001,CONT-20,16100000,0,0,0,3400000,0,19500000,S001 - WH KLS JABABEKA,PT. SENTOSA PRIMA ABADI,7,ON SCHEDULE,39,0,13.04.2026,04.03.2026,17.03.2026,06.05.2026,08.05.2026,08.05.2026,08.05.2026,,S001,WH KLS JABABEKA
I100260223L041_S001,CDD BAK,6900000,0,0,0,0,0,6900000,S001 - WH KLS JABABEKA,BINTANG SAMUDERA,7,ON SCHEDULE,29,0,03.04.2026,04.03.2026,05.03.2026,09.03.2026,10.03.2026,10.03.2026,10.03.2026,,S001,WH KLS JABABEKA
I100260223L112_S001,CDE PICKUP,3354000,0,0,0,0,0,3354000,S001 - WH KLS JABABEKA,PT. Nusantara Cargo Line,7,ON SCHEDULE,27,0,03.04.2026,06.03.2026,10.03.2026,13.03.2026,13.03.2026,27.03.2026,27.03.2026,,S001,WH KLS JABABEKA
I100260223L112_S001,CDE PICKUP,3354000,0,0,0,0,0,3354000,S001 - WH KLS JABABEKA,PT. Nusantara Cargo Line,7,ON SCHEDULE,27,0,03.04.2026,06.03.2026,10.03.2026,13.03.2026,13.03.2026,27.03.2026,27.03.2026,,S001,WH KLS JABABEKA
I100260223T014_S001,CONT-20,14000000,0,0,0,0,0,14000000,S001 - WH KLS JABABEKA,PT. SENTOSA PRIMA ABADI,7,ON SCHEDULE,40,0,14.04.2026,04.03.2026,06.03.2026,27.04.2026,28.04.2026,08.05.2026,08.05.2026,,S001,WH KLS JABABEKA
I100260224L049_S001,CDD BAK,4100000,0,0,0,1200000,0,5300000,S001 - WH KLS JABABEKA,EKA CIPTA MANGGALA,7,ON SCHEDULE,28,0,03.04.2026,05.03.2026,05.03.2026,11.03.2026,12.03.2026,13.03.2026,13.03.2026,,S001,WH KLS JABABEKA
I100260224L049_S001,CDD BAK,4100000,0,0,0,1200000,0,5300000,S001 - WH KLS JABABEKA,EKA CIPTA MANGGALA,7,ON SCHEDULE,28,0,03.04.2026,05.03.2026,05.03.2026,11.03.2026,12.03.2026,13.03.2026,13.03.2026,,S001,WH KLS JABABEKA
I100260224L049_S001,CDD BAK,4100000,0,0,0,1200000,0,5300000,S001 - WH KLS JABABEKA,EKA CIPTA MANGGALA,7,ON SCHEDULE,28,0,03.04.2026,05.03.2026,05.03.2026,11.03.2026,12.03.2026,13.03.2026,13.03.2026,,S001,WH KLS JABABEKA
I100260224L049_S001,CDD BAK,4100000,0,0,0,1200000,0,5300000,S001 - WH KLS JABABEKA,EKA CIPTA MANGGALA,7,ON SCHEDULE,28,0,03.04.2026,05.03.2026,05.03.2026,11.03.2026,12.03.2026,13.03.2026,13.03.2026,,S001,WH KLS JABABEKA
I100260224L049_S001,CDD BAK,4100000,0,0,0,1200000,0,5300000,S001 - WH KLS JABABEKA,EKA CIPTA MANGGALA,7,ON SCHEDULE,28,0,03.04.2026,05.03.2026,05.03.2026,11.03.2026,12.03.2026,13.03.2026,13.03.2026,,S001,WH KLS JABABEKA
I100260224L049_S001,CDD BAK,4100000,0,0,0,1200000,0,5300000,S001 - WH KLS JABABEKA,EKA CIPTA MANGGALA,7,ON SCHEDULE,28,0,03.04.2026,05.03.2026,05.03.2026,11.03.2026,12.03.2026,13.03.2026,13.03.2026,,S001,WH KLS JABABEKA
I100260224L053_S001,CDD BAK,4000000,0,0,0,800000,0,4800000,S001 - WH KLS JABABEKA,EKA CIPTA MANGGALA,7,ON SCHEDULE,28,0,03.04.2026,05.03.2026,05.03.2026,11.03.2026,12.03.2026,13.03.2026,13.03.2026,,S001,WH KLS JABABEKA
I100260224L053_S001,CDD BAK,4000000,0,0,0,800000,0,4800000,S001 - WH KLS JABABEKA,EKA CIPTA MANGGALA,7,ON SCHEDULE,28,0,03.04.2026,05.03.2026,05.03.2026,11.03.2026,12.03.2026,13.03.2026,13.03.2026,,S001,WH KLS JABABEKA
I100260224L053_S001,CDD BAK,4000000,0,0,0,800000,0,4800000,S001 - WH KLS JABABEKA,EKA CIPTA MANGGALA,7,ON SCHEDULE,28,0,03.04.2026,05.03.2026,05.03.2026,11.03.2026,12.03.2026,13.03.2026,13.03.2026,,S001,WH KLS JABABEKA
I100260224L053_S001,CDD BAK,4000000,0,0,0,800000,0,4800000,S001 - WH KLS JABABEKA,EKA CIPTA MANGGALA,7,ON SCHEDULE,28,0,03.04.2026,05.03.2026,05.03.2026,11.03.2026,12.03.2026,13.03.2026,13.03.2026,,S001,WH KLS JABABEKA
I100260224L054_S001,CDD LONG CHASSIS,7900000,0,0,500000,0,0,8400000,S001 - WH KLS JABABEKA,BINTANG SAMUDERA,7,ON SCHEDULE,40,0,15.04.2026,05.03.2026,08.03.2026,13.03.2026,13.03.2026,13.03.2026,13.03.2026,,S001,WH KLS JABABEKA
I100260224L055_S001,CDD PICK UP,554600,0,0,0,0,0,554600,S001 - WH KLS JABABEKA,BEPA IKA PEKASA,7,ON SCHEDULE,27,0,14.04.2026,17.03.2026,26.03.2026,07.04.2026,08.04.2026,08.04.2026,13.04.2026,,S001,WH KLS JABABEKA
I100260224L099_S001,CDE PICKUP,0,0,0,0,0,0,0,S001 - WH KLS JABABEKA,PT. MERPATI ALAM SEMESTA,2,LATE,7,151,13.03.2026,05.03.2026,09.03.2026,,,,,,S001,WH KLS JABABEKA
I100260224L112_S001,CDD BAK,3421969,0,0,0,1000000,0,4421969,S001 - WH KLS JABABEKA,PT. HARI JAYA TRANSPORTASI,7,ON SCHEDULE,28,0,04.04.2026,06.03.2026,09.03.2026,01.04.2026,02.04.2026,07.04.2026,07.04.2026,,S001,WH KLS JABABEKA
I100260224L112_S001,CDD BAK,3421969,0,0,0,1000000,0,4421969,S001 - WH KLS JABABEKA,PT. HARI JAYA TRANSPORTASI,7,ON SCHEDULE,28,0,04.04.2026,06.03.2026,09.03.2026,01.04.2026,02.04.2026,07.04.2026,07.04.2026,,S001,WH KLS JABABEKA
I100260224L112_S001,CDD BAK,3421969,0,0,0,1000000,0,4421969,S001 - WH KLS JABABEKA,PT. HARI JAYA TRANSPORTASI,7,ON SCHEDULE,28,0,04.04.2026,06.03.2026,09.03.2026,01.04.2026,02.04.2026,07.04.2026,07.04.2026,,S001,WH KLS JABABEKA
I100260224L112_S001,CDD BAK,3421969,0,0,0,1000000,0,4421969,S001 - WH KLS JABABEKA,PT. HARI JAYA TRANSPORTASI,7,ON SCHEDULE,28,0,04.04.2026,06.03.2026,09.03.2026,01.04.2026,02.04.2026,07.04.2026,07.04.2026,,S001,WH KLS JABABEKA
I100260224L112_S001,CDD BAK,3421969,0,0,0,1000000,0,4421969,S001 - WH KLS JABABEKA,PT. HARI JAYA TRANSPORTASI,7,ON SCHEDULE,28,0,04.04.2026,06.03.2026,09.03.2026,01.04.2026,02.04.2026,07.04.2026,07.04.2026,,S001,WH KLS JABABEKA
I100260224L112_S001,CDD BAK,3421969,0,0,0,1000000,0,4421969,S001 - WH KLS JABABEKA,PT. HARI JAYA TRANSPORTASI,7,ON SCHEDULE,28,0,04.04.2026,06.03.2026,09.03.2026,01.04.2026,02.04.2026,07.04.2026,07.04.2026,,S001,WH KLS JABABEKA
I100260224L112_S001,CDD BAK,3421969,0,0,0,1000000,0,4421969,S001 - WH KLS JABABEKA,PT. HARI JAYA TRANSPORTASI,7,ON SCHEDULE,28,0,04.04.2026,06.03.2026,09.03.2026,01.04.2026,02.04.2026,07.04.2026,07.04.2026,,S001,WH KLS JABABEKA
I100260224L113_S001,CDE PICKUP,765000,0,0,0,0,0,765000,S001 - WH KLS JABABEKA,PT. MERPATI ALAM SEMESTA,7,ON SCHEDULE,27,0,03.04.2026,06.03.2026,09.03.2026,14.04.2026,14.04.2026,28.04.2026,04.05.2026,,S001,WH KLS JABABEKA
I100260224L113_S001,CDE PICKUP,765000,0,0,0,0,0,765000,S001 - WH KLS JABABEKA,PT. MERPATI ALAM SEMESTA,7,ON SCHEDULE,27,0,03.04.2026,06.03.2026,09.03.2026,14.04.2026,14.04.2026,28.04.2026,04.05.2026,,S001,WH KLS JABABEKA
I100260225L103_S001,CDE PICKUP,0,0,0,0,0,0,0,S001 - WH KLS JABABEKA,PT. Nusantara Cargo Line,2,LATE,7,154,10.03.2026,02.03.2026,11.03.2026,,,,,,S001,WH KLS JABABEKA
I100260225L110_S001,CDE PICKUP,0,0,0,0,0,0,0,S001 - WH KLS JABABEKA,PT. Nusantara Cargo Line,2,LATE,7,154,10.03.2026,02.03.2026,11.03.2026,,,,,,S001,WH KLS JABABEKA
I100260225L127_S001,TRAILER,17000000,0,0,0,0,0,17000000,S001 - WH KLS JABABEKA,CV. BANGUN JASA TRANS,7,ON SCHEDULE,27,0,30.03.2026,02.03.2026,,04.03.2026,05.03.2026,05.03.2026,05.03.2026,,S001,WH KLS JABABEKA
I100260225L128_S001,MINI VAN BOX,0,0,0,0,0,0,0,S001 - WH KLS JABABEKA,FIRST LOGISTICS,2,LATE,7,151,13.03.2026,05.03.2026,09.03.2026,,,,,,S001,WH KLS JABABEKA
I100260225L134_S001,CDE PICKUP,1100000,0,0,0,0,0,1100000,S001 - WH KLS JABABEKA,PT. Nusantara Cargo Line,7,ON SCHEDULE,27,0,03.04.2026,06.03.2026,11.03.2026,17.04.2026,20.04.2026,20.04.2026,20.04.2026,,S001,WH KLS JABABEKA
I100260225L134_S001,CDE PICKUP,1100000,0,0,0,0,0,1100000,S001 - WH KLS JABABEKA,PT. Nusantara Cargo Line,7,ON SCHEDULE,27,0,03.04.2026,06.03.2026,11.03.2026,17.04.2026,20.04.2026,20.04.2026,20.04.2026,,S001,WH KLS JABABEKA
I100260225L135_S001,FUSO LOSBAK,10000000,0,0,0,0,0,10000000,S001 - WH KLS JABABEKA,CV. BANGUN JASA TRANS,7,ON SCHEDULE,27,0,03.04.2026,06.03.2026,08.03.2026,09.03.2026,09.03.2026,09.03.2026,11.03.2026,,S001,WH KLS JABABEKA
I100260226L037_S001,TRONTON LOSBAK,10000000,0,0,0,0,0,10000000,S001 - WH KLS JABABEKA,CV. BANGUN JASA TRANS,7,ON SCHEDULE,27,0,30.03.2026,02.03.2026,,04.03.2026,05.03.2026,05.03.2026,05.03.2026,,S001,WH KLS JABABEKA
I100260226L038_S001,TRONTON LOSBAK,10000000,0,0,0,0,0,10000000,S001 - WH KLS JABABEKA,CV. BANGUN JASA TRANS,7,ON SCHEDULE,27,0,30.03.2026,02.03.2026,,04.03.2026,05.03.2026,05.03.2026,05.03.2026,,S001,WH KLS JABABEKA
I100260226L039_S001,TRONTON LOSBAK,10000000,0,0,0,0,0,10000000,S001 - WH KLS JABABEKA,CV. BANGUN JASA TRANS,7,ON SCHEDULE,27,0,06.04.2026,09.03.2026,10.03.2026,10.03.2026,10.03.2026,11.03.2026,11.03.2026,,S001,WH KLS JABABEKA
I100260226L040_S001,FUSO LOSBAK,9000000,0,0,0,0,0,9000000,S001 - WH KLS JABABEKA,CV. BANGUN JASA TRANS,7,ON SCHEDULE,27,0,30.03.2026,02.03.2026,,04.03.2026,05.03.2026,05.03.2026,05.03.2026,,S001,WH KLS JABABEKA
I100260226L129_S001,MINI VAN BOX,0,0,0,0,0,0,0,S001 - WH KLS JABABEKA,FIRST LOGISTICS,2,LATE,7,155,10.03.2026,02.03.2026,11.03.2026,,,,,,S001,WH KLS JABABEKA
I100260227L067_S001,FUSO,19552600,0,0,0,0,0,19552600,S001 - WH KLS JABABEKA,BEPA IKA PEKASA,7,ON SCHEDULE,27,0,30.03.2026,02.03.2026,12.03.2026,07.04.2026,08.04.2026,08.04.2026,13.04.2026,,S001,WH KLS JABABEKA
I100260227L070_S001,FUSO,649900,0,0,0,0,0,649900,S001 - WH KLS JABABEKA,BEPA IKA PEKASA,7,ON SCHEDULE,27,0,30.03.2026,02.03.2026,12.03.2026,07.04.2026,08.04.2026,08.04.2026,13.04.2026,,S001,WH KLS JABABEKA
I100260227L073_S001,FUSO,210000,0,0,0,0,0,210000,S001 - WH KLS JABABEKA,BEPA IKA PEKASA,7,ON SCHEDULE,27,0,30.03.2026,02.03.2026,11.03.2026,07.04.2026,08.04.2026,08.04.2026,13.04.2026,,S001,WH KLS JABABEKA
I100260227L074_S001,FUSO,1446900,0,0,0,0,0,1446900,S001 - WH KLS JABABEKA,BEPA IKA PEKASA,7,ON SCHEDULE,27,0,30.03.2026,02.03.2026,11.03.2026,07.04.2026,08.04.2026,08.04.2026,13.04.2026,,S001,WH KLS JABABEKA
I100260227L086_S001,FUSO,8000000,0,0,0,0,0,8000000,S001 - WH KLS JABABEKA,JELAJAH SEMESTA PERSADA,7,ON SCHEDULE,27,0,27.04.2026,30.03.2026,,02.04.2026,07.04.2026,07.04.2026,07.04.2026,,S001,WH KLS JABABEKA
I100260227L086_S001,FUSO,8000000,0,0,0,0,0,8000000,S001 - WH KLS JABABEKA,JELAJAH SEMESTA PERSADA,7,ON SCHEDULE,27,0,27.04.2026,30.03.2026,,02.04.2026,07.04.2026,07.04.2026,07.04.2026,,S001,WH KLS JABABEKA
I100260227L092_S001,CDE PICKUP,325000,0,0,0,0,0,325000,S001 - WH KLS JABABEKA,PT. Nusantara Cargo Line,7,ON SCHEDULE,27,0,06.04.2026,09.03.2026,10.03.2026,13.03.2026,13.03.2026,27.03.2026,27.03.2026,,S001,WH KLS JABABEKA
I100260227L092_S001,CDE PICKUP,325000,0,0,0,0,0,325000,S001 - WH KLS JABABEKA,PT. Nusantara Cargo Line,7,ON SCHEDULE,27,0,06.04.2026,09.03.2026,10.03.2026,13.03.2026,13.03.2026,27.03.2026,27.03.2026,,S001,WH KLS JABABEKA
I100260227L096_S001,CDE PICKUP,700000,0,0,0,0,0,700000,S001 - WH KLS JABABEKA,PT. Nusantara Cargo Line,7,ON SCHEDULE,27,0,14.04.2026,17.03.2026,26.03.2026,06.04.2026,08.04.2026,08.04.2026,08.04.2026,,S001,WH KLS JABABEKA
I100260227L096_S001,CDE PICKUP,700000,0,0,0,0,0,700000,S001 - WH KLS JABABEKA,PT. Nusantara Cargo Line,7,ON SCHEDULE,27,0,14.04.2026,17.03.2026,26.03.2026,06.04.2026,08.04.2026,08.04.2026,08.04.2026,,S001,WH KLS JABABEKA
I100260227L110_S001,MINI VAN BOX,77000,0,0,0,0,0,77000,S001 - WH KLS JABABEKA,FIRST LOGISTICS,7,ON SCHEDULE,27,0,30.03.2026,02.03.2026,11.03.2026,08.05.2026,08.05.2026,12.05.2026,20.05.2026,,S001,WH KLS JABABEKA
I100260227L110_S001,MINI VAN BOX,77000,0,0,0,0,0,77000,S001 - WH KLS JABABEKA,FIRST LOGISTICS,7,ON SCHEDULE,27,0,30.03.2026,02.03.2026,11.03.2026,08.05.2026,08.05.2026,12.05.2026,20.05.2026,,S001,WH KLS JABABEKA
I100260227L111_S001,MINI VAN BOX,137050,0,0,0,0,0,137050,S001 - WH KLS JABABEKA,FIRST LOGISTICS,7,ON SCHEDULE,27,0,30.03.2026,02.03.2026,10.03.2026,08.05.2026,12.05.2026,12.05.2026,20.05.2026,,S001,WH KLS JABABEKA
I100260227L111_S001,MINI VAN BOX,137050,0,0,0,0,0,137050,S001 - WH KLS JABABEKA,FIRST LOGISTICS,7,ON SCHEDULE,27,0,30.03.2026,02.03.2026,10.03.2026,08.05.2026,12.05.2026,12.05.2026,20.05.2026,,S001,WH KLS JABABEKA
I100260227L112_S001,MINI VAN BOX,0,0,0,0,0,0,0,S001 - WH KLS JABABEKA,FIRST LOGISTICS,2,LATE,7,154,10.03.2026,02.03.2026,10.03.2026,,,,,,S001,WH KLS JABABEKA
I100260227L113_S001,MINI VAN BOX,46500,0,0,0,0,0,46500,S001 - WH KLS JABABEKA,FIRST LOGISTICS,7,ON SCHEDULE,27,0,30.03.2026,02.03.2026,11.03.2026,08.05.2026,12.05.2026,12.05.2026,20.05.2026,,S001,WH KLS JABABEKA
I100260227L113_S001,MINI VAN BOX,46500,0,0,0,0,0,46500,S001 - WH KLS JABABEKA,FIRST LOGISTICS,7,ON SCHEDULE,27,0,30.03.2026,02.03.2026,11.03.2026,08.05.2026,12.05.2026,12.05.2026,20.05.2026,,S001,WH KLS JABABEKA
I100260227L114_S001,MINI VAN BOX,251100,0,0,0,0,0,251100,S001 - WH KLS JABABEKA,FIRST LOGISTICS,7,ON SCHEDULE,27,0,30.03.2026,02.03.2026,10.03.2026,08.05.2026,12.05.2026,12.05.2026,21.05.2026,,S001,WH KLS JABABEKA
I100260227L114_S001,MINI VAN BOX,251100,0,0,0,0,0,251100,S001 - WH KLS JABABEKA,FIRST LOGISTICS,7,ON SCHEDULE,27,0,30.03.2026,02.03.2026,10.03.2026,08.05.2026,12.05.2026,12.05.2026,21.05.2026,,S001,WH KLS JABABEKA
I100260227L117_S001,MINI VAN BOX,184100,0,0,0,0,0,184100,S001 - WH KLS JABABEKA,FIRST LOGISTICS,7,ON SCHEDULE,27,0,30.03.2026,02.03.2026,10.03.2026,08.05.2026,12.05.2026,12.05.2026,20.05.2026,,S001,WH KLS JABABEKA
I100260227L117_S001,MINI VAN BOX,184100,0,0,0,0,0,184100,S001 - WH KLS JABABEKA,FIRST LOGISTICS,7,ON SCHEDULE,27,0,30.03.2026,02.03.2026,10.03.2026,08.05.2026,12.05.2026,12.05.2026,20.05.2026,,S001,WH KLS JABABEKA
I100260227L118_S001,MINI VAN BOX,0,0,0,0,0,0,0,S001 - WH KLS JABABEKA,FIRST LOGISTICS,2,LATE,7,154,10.03.2026,02.03.2026,10.03.2026,,,,,,S001,WH KLS JABABEKA
I100260227L120_S001,FUSO,8205000,0,0,0,0,0,8205000,S001 - WH KLS JABABEKA,BEPA IKA PEKASA,7,ON SCHEDULE,27,0,14.04.2026,17.03.2026,26.03.2026,07.04.2026,08.04.2026,08.04.2026,13.04.2026,,S001,WH KLS JABABEKA
I100260227L121_S001,FUSO,1339300,0,0,0,0,0,1339300,S001 - WH KLS JABABEKA,BEPA IKA PEKASA,7,ON SCHEDULE,27,0,30.03.2026,02.03.2026,11.03.2026,07.04.2026,08.04.2026,08.04.2026,13.04.2026,,S001,WH KLS JABABEKA
I100260227L122_S001,MINI VAN BOX,0,0,0,0,0,0,0,S001 - WH KLS JABABEKA,FIRST LOGISTICS,2,LATE,7,154,10.03.2026,02.03.2026,10.03.2026,,,,,,S001,WH KLS JABABEKA
I100260228L028_S001,CDD BAK,4500000,0,0,0,550000,0,5050000,S001 - WH KLS JABABEKA,PT. HARI JAYA SEJAHTERA,7,ON SCHEDULE,29,0,02.04.2026,03.03.2026,09.03.2026,11.03.2026,11.03.2026,06.04.2026,06.04.2026,,S001,WH KLS JABABEKA
I100260228L028_S001,CDD BAK,4500000,0,0,0,550000,0,5050000,S001 - WH KLS JABABEKA,PT. HARI JAYA SEJAHTERA,7,ON SCHEDULE,29,0,02.04.2026,03.03.2026,09.03.2026,11.03.2026,11.03.2026,06.04.2026,06.04.2026,,S001,WH KLS JABABEKA
I100260228L080_S001,CONT-40,48000000,0,0,0,0,0,48000000,S001 - WH KLS JABABEKA,JELAJAH SEMESTA PERSADA,7,ON SCHEDULE,27,0,31.03.2026,03.03.2026,,02.04.2026,07.04.2026,07.04.2026,07.04.2026,,S001,WH KLS JABABEKA
I100260228L086_S001,MINI VAN BOX,202500,0,0,0,0,0,202500,S001 - WH KLS JABABEKA,PT. MERPATI ALAM SEMESTA,7,ON SCHEDULE,27,0,31.03.2026,03.03.2026,11.03.2026,14.04.2026,14.04.2026,28.04.2026,07.05.2026,,S001,WH KLS JABABEKA
I100260228L086_S001,MINI VAN BOX,202500,0,0,0,0,0,202500,S001 - WH KLS JABABEKA,PT. MERPATI ALAM SEMESTA,7,ON SCHEDULE,27,0,31.03.2026,03.03.2026,11.03.2026,14.04.2026,14.04.2026,28.04.2026,07.05.2026,,S001,WH KLS JABABEKA
I100260228L100_S001,MINI VAN BOX,51150,0,0,0,0,0,51150,S001 - WH KLS JABABEKA,FIRST LOGISTICS,7,ON SCHEDULE,27,0,31.03.2026,03.03.2026,10.03.2026,08.05.2026,12.05.2026,12.05.2026,20.05.2026,,S001,WH KLS JABABEKA
I100260228L100_S001,MINI VAN BOX,51150,0,0,0,0,0,51150,S001 - WH KLS JABABEKA,FIRST LOGISTICS,7,ON SCHEDULE,27,0,31.03.2026,03.03.2026,10.03.2026,08.05.2026,12.05.2026,12.05.2026,20.05.2026,,S001,WH KLS JABABEKA
I100260228L106_S001,FUSO,210000,0,0,0,0,0,210000,S001 - WH KLS JABABEKA,BEPA IKA PEKASA,7,ON SCHEDULE,27,0,01.04.2026,04.03.2026,12.03.2026,07.04.2026,08.04.2026,08.04.2026,13.04.2026,,S001,WH KLS JABABEKA
I100260228L107_S001,MINI VAN BOX,1740000,0,0,0,0,0,1740000,S001 - WH KLS JABABEKA,PT. MERPATI ALAM SEMESTA,7,ON SCHEDULE,27,0,31.03.2026,03.03.2026,11.03.2026,14.04.2026,14.04.2026,28.04.2026,07.05.2026,,S001,WH KLS JABABEKA
I100260228L107_S001,MINI VAN BOX,1740000,0,0,0,0,0,1740000,S001 - WH KLS JABABEKA,PT. MERPATI ALAM SEMESTA,7,ON SCHEDULE,27,0,31.03.2026,03.03.2026,11.03.2026,14.04.2026,14.04.2026,28.04.2026,07.05.2026,,S001,WH KLS JABABEKA
I100260301L026_S001,CDD LONG CHASSIS,4900000,0,0,0,150000,0,5050000,S001 - WH KLS JABABEKA,PT. ORANG KREATIF EKSIS,7,ON SCHEDULE,27,0,29.03.2026,01.03.2026,05.03.2026,11.03.2026,11.03.2026,13.03.2026,13.03.2026,,S001,WH KLS JABABEKA
I100260301L027_S001,CDD BAK,4500000,0,0,0,0,0,4500000,S001 - WH KLS JABABEKA,PT. HARI JAYA SEJAHTERA,7,ON SCHEDULE,27,0,29.03.2026,01.03.2026,09.03.2026,11.03.2026,11.03.2026,06.04.2026,06.04.2026,,S001,WH KLS JABABEKA
I100260301L028_S001,CDD BAK,4100000,0,0,0,800000,0,4900000,S001 - WH KLS JABABEKA,EKA CIPTA MANGGALA,7,ON SCHEDULE,28,0,30.03.2026,01.03.2026,05.03.2026,11.03.2026,12.03.2026,13.03.2026,13.03.2026,,S001,WH KLS JABABEKA
I100260301L028_S001,CDD BAK,4100000,0,0,0,800000,0,4900000,S001 - WH KLS JABABEKA,EKA CIPTA MANGGALA,7,ON SCHEDULE,28,0,30.03.2026,01.03.2026,05.03.2026,11.03.2026,12.03.2026,13.03.2026,13.03.2026,,S001,WH KLS JABABEKA
I100260301L028_S001,CDD BAK,4100000,0,0,0,800000,0,4900000,S001 - WH KLS JABABEKA,EKA CIPTA MANGGALA,7,ON SCHEDULE,28,0,30.03.2026,01.03.2026,05.03.2026,11.03.2026,12.03.2026,13.03.2026,13.03.2026,,S001,WH KLS JABABEKA
I100260301L028_S001,CDD BAK,4100000,0,0,0,800000,0,4900000,S001 - WH KLS JABABEKA,EKA CIPTA MANGGALA,7,ON SCHEDULE,28,0,30.03.2026,01.03.2026,05.03.2026,11.03.2026,12.03.2026,13.03.2026,13.03.2026,,S001,WH KLS JABABEKA
I100260301L029_S001,CDD BAK,7500000,0,0,0,500000,0,8000000,S001 - WH KLS JABABEKA,EKA CIPTA MANGGALA,7,ON SCHEDULE,31,0,02.04.2026,01.03.2026,08.03.2026,11.03.2026,12.03.2026,13.03.2026,13.03.2026,,S001,WH KLS JABABEKA
I100260301L029_S001,CDD BAK,7500000,0,0,0,500000,0,8000000,S001 - WH KLS JABABEKA,EKA CIPTA MANGGALA,7,ON SCHEDULE,31,0,02.04.2026,01.03.2026,08.03.2026,11.03.2026,12.03.2026,13.03.2026,13.03.2026,,S001,WH KLS JABABEKA
I100260301L029_S001,CDD BAK,7500000,0,0,0,500000,0,8000000,S001 - WH KLS JABABEKA,EKA CIPTA MANGGALA,7,ON SCHEDULE,31,0,02.04.2026,01.03.2026,08.03.2026,11.03.2026,12.03.2026,13.03.2026,13.03.2026,,S001,WH KLS JABABEKA
I100260301L031_S001,CDD BAK,7500000,0,0,0,500000,0,8000000,S001 - WH KLS JABABEKA,EKA CIPTA MANGGALA,7,ON SCHEDULE,31,0,02.04.2026,01.03.2026,08.03.2026,11.03.2026,12.03.2026,13.03.2026,13.03.2026,,S001,WH KLS JABABEKA
I100260301L031_S001,CDD BAK,7500000,0,0,0,500000,0,8000000,S001 - WH KLS JABABEKA,EKA CIPTA MANGGALA,7,ON SCHEDULE,31,0,02.04.2026,01.03.2026,08.03.2026,11.03.2026,12.03.2026,13.03.2026,13.03.2026,,S001,WH KLS JABABEKA
I100260301L031_S001,CDD BAK,7500000,0,0,0,500000,0,8000000,S001 - WH KLS JABABEKA,EKA CIPTA MANGGALA,7,ON SCHEDULE,31,0,02.04.2026,01.03.2026,08.03.2026,11.03.2026,12.03.2026,13.03.2026,13.03.2026,,S001,WH KLS JABABEKA
I100260301L054_S001,CDE PICKUP,275000,0,0,0,0,0,275000,S001 - WH KLS JABABEKA,PT. Nusantara Cargo Line,7,ON SCHEDULE,27,0,01.04.2026,04.03.2026,08.03.2026,01.04.2026,01.04.2026,07.04.2026,07.04.2026,,S001,WH KLS JABABEKA
I100260301L054_S001,CDE PICKUP,275000,0,0,0,0,0,275000,S001 - WH KLS JABABEKA,PT. Nusantara Cargo Line,7,ON SCHEDULE,27,0,01.04.2026,04.03.2026,08.03.2026,01.04.2026,01.04.2026,07.04.2026,07.04.2026,,S001,WH KLS JABABEKA
I100260301L055_S001,CDE PICKUP,275000,0,0,0,0,0,275000,S001 - WH KLS JABABEKA,PT. Nusantara Cargo Line,7,ON SCHEDULE,27,0,01.04.2026,04.03.2026,11.03.2026,01.04.2026,01.04.2026,07.04.2026,07.04.2026,,S001,WH KLS JABABEKA
I100260301L055_S001,CDE PICKUP,275000,0,0,0,0,0,275000,S001 - WH KLS JABABEKA,PT. Nusantara Cargo Line,7,ON SCHEDULE,27,0,01.04.2026,04.03.2026,11.03.2026,01.04.2026,01.04.2026,07.04.2026,07.04.2026,,S001,WH KLS JABABEKA
I100260301L056_S001,CDE PICKUP,225000,0,0,0,0,0,225000,S001 - WH KLS JABABEKA,PT. Nusantara Cargo Line,7,ON SCHEDULE,27,0,01.04.2026,04.03.2026,08.03.2026,27.03.2026,31.03.2026,31.03.2026,31.03.2026,,S001,WH KLS JABABEKA
I100260301L056_S001,CDE PICKUP,225000,0,0,0,0,0,225000,S001 - WH KLS JABABEKA,PT. Nusantara Cargo Line,7,ON SCHEDULE,27,0,01.04.2026,04.03.2026,08.03.2026,27.03.2026,31.03.2026,31.03.2026,31.03.2026,,S001,WH KLS JABABEKA
I100260301L057_S001,CDE PICKUP,262500,0,0,0,0,0,262500,S001 - WH KLS JABABEKA,PT. Nusantara Cargo Line,7,ON SCHEDULE,27,0,01.04.2026,04.03.2026,06.03.2026,13.03.2026,13.03.2026,27.03.2026,27.03.2026,,S001,WH KLS JABABEKA
I100260301L057_S001,CDE PICKUP,262500,0,0,0,0,0,262500,S001 - WH KLS JABABEKA,PT. Nusantara Cargo Line,7,ON SCHEDULE,27,0,01.04.2026,04.03.2026,06.03.2026,13.03.2026,13.03.2026,27.03.2026,27.03.2026,,S001,WH KLS JABABEKA
I100260301L059_S001,CDE PICKUP,1276000,0,0,0,0,0,1276000,S001 - WH KLS JABABEKA,PT. Nusantara Cargo Line,7,ON SCHEDULE,27,0,01.04.2026,04.03.2026,08.03.2026,01.04.2026,01.04.2026,07.04.2026,07.04.2026,,S001,WH KLS JABABEKA
I100260301L059_S001,CDE PICKUP,1276000,0,0,0,0,0,1276000,S001 - WH KLS JABABEKA,PT. Nusantara Cargo Line,7,ON SCHEDULE,27,0,01.04.2026,04.03.2026,08.03.2026,01.04.2026,01.04.2026,07.04.2026,07.04.2026,,S001,WH KLS JABABEKA
I100260301L060_S001,CDE PICKUP,275000,0,0,0,0,0,275000,S001 - WH KLS JABABEKA,PT. Nusantara Cargo Line,7,ON SCHEDULE,27,0,01.04.2026,04.03.2026,11.03.2026,13.03.2026,13.03.2026,27.03.2026,01.04.2026,,S001,WH KLS JABABEKA
I100260301L060_S001,CDE PICKUP,275000,0,0,0,0,0,275000,S001 - WH KLS JABABEKA,PT. Nusantara Cargo Line,7,ON SCHEDULE,27,0,01.04.2026,04.03.2026,11.03.2026,13.03.2026,13.03.2026,27.03.2026,01.04.2026,,S001,WH KLS JABABEKA
I100260301L061_S001,CDE PICKUP,0,0,0,0,0,0,0,S001 - WH KLS JABABEKA,PT. Nusantara Cargo Line,2,LATE,7,152,12.03.2026,04.03.2026,10.03.2026,,,,,,S001,WH KLS JABABEKA
I100260301L062_S001,CDE PICKUP,225000,0,0,0,0,0,225000,S001 - WH KLS JABABEKA,PT. Nusantara Cargo Line,7,ON SCHEDULE,27,0,01.04.2026,04.03.2026,11.03.2026,13.03.2026,13.03.2026,27.03.2026,27.03.2026,,S001,WH KLS JABABEKA
I100260301L062_S001,CDE PICKUP,225000,0,0,0,0,0,225000,S001 - WH KLS JABABEKA,PT. Nusantara Cargo Line,7,ON SCHEDULE,27,0,01.04.2026,04.03.2026,11.03.2026,13.03.2026,13.03.2026,27.03.2026,27.03.2026,,S001,WH KLS JABABEKA
I100260301L063_S001,CDE PICKUP,275000,0,0,0,0,0,275000,S001 - WH KLS JABABEKA,PT. Nusantara Cargo Line,7,ON SCHEDULE,27,0,14.04.2026,17.03.2026,26.03.2026,01.04.2026,01.04.2026,07.04.2026,07.04.2026,,S001,WH KLS JABABEKA
I100260301L063_S001,CDE PICKUP,275000,0,0,0,0,0,275000,S001 - WH KLS JABABEKA,PT. Nusantara Cargo Line,7,ON SCHEDULE,27,0,14.04.2026,17.03.2026,26.03.2026,01.04.2026,01.04.2026,07.04.2026,07.04.2026,,S001,WH KLS JABABEKA
I100260301L064_S001,CDE PICKUP,1237500,0,0,0,0,0,1237500,S001 - WH KLS JABABEKA,PT. Nusantara Cargo Line,7,ON SCHEDULE,27,0,30.03.2026,02.03.2026,06.03.2026,13.03.2026,13.03.2026,27.03.2026,27.03.2026,,S001,WH KLS JABABEKA
I100260301L064_S001,CDE PICKUP,1237500,0,0,0,0,0,1237500,S001 - WH KLS JABABEKA,PT. Nusantara Cargo Line,7,ON SCHEDULE,27,0,30.03.2026,02.03.2026,06.03.2026,13.03.2026,13.03.2026,27.03.2026,27.03.2026,,S001,WH KLS JABABEKA
I100260301L066_S001,CDE PICKUP,0,0,0,0,0,0,0,S001 - WH KLS JABABEKA,PT. Nusantara Cargo Line,2,LATE,7,152,12.03.2026,04.03.2026,06.03.2026,,,,,,S001,WH KLS JABABEKA
I100260301L067_S001,CDE PICKUP,375000,0,0,0,0,0,375000,S001 - WH KLS JABABEKA,PT. Nusantara Cargo Line,7,ON SCHEDULE,27,0,01.04.2026,04.03.2026,08.03.2026,01.04.2026,01.04.2026,07.04.2026,07.04.2026,,S001,WH KLS JABABEKA
I100260301L067_S001,CDE PICKUP,375000,0,0,0,0,0,375000,S001 - WH KLS JABABEKA,PT. Nusantara Cargo Line,7,ON SCHEDULE,27,0,01.04.2026,04.03.2026,08.03.2026,01.04.2026,01.04.2026,07.04.2026,07.04.2026,,S001,WH KLS JABABEKA
I100260301L068_S001,CDE PICKUP,275000,0,0,0,0,0,275000,S001 - WH KLS JABABEKA,PT. Nusantara Cargo Line,7,ON SCHEDULE,27,0,14.04.2026,17.03.2026,26.03.2026,30.03.2026,31.03.2026,07.04.2026,07.04.2026,,S001,WH KLS JABABEKA
I100260301L068_S001,CDE PICKUP,275000,0,0,0,0,0,275000,S001 - WH KLS JABABEKA,PT. Nusantara Cargo Line,7,ON SCHEDULE,27,0,14.04.2026,17.03.2026,26.03.2026,30.03.2026,31.03.2026,07.04.2026,07.04.2026,,S001,WH KLS JABABEKA
I100260301L069_S001,CDE PICKUP,750000,0,0,0,0,0,750000,S001 - WH KLS JABABEKA,PT. Nusantara Cargo Line,7,ON SCHEDULE,27,0,14.04.2026,17.03.2026,26.03.2026,30.03.2026,31.03.2026,07.04.2026,07.04.2026,,S001,WH KLS JABABEKA
I100260301L069_S001,CDE PICKUP,750000,0,0,0,0,0,750000,S001 - WH KLS JABABEKA,PT. Nusantara Cargo Line,7,ON SCHEDULE,27,0,14.04.2026,17.03.2026,26.03.2026,30.03.2026,31.03.2026,07.04.2026,07.04.2026,,S001,WH KLS JABABEKA
I100260302L035_S001,WINGBOX,25675000,0,0,0,0,0,25675000,S001 - WH KLS JABABEKA,PT. Satria Piranti Perkasa,7,ON SCHEDULE,27,0,30.03.2026,02.03.2026,09.03.2026,08.04.2026,08.04.2026,16.04.2026,16.04.2026,,S001,WH KLS JABABEKA
I100260302L036_S001,WINGBOX,25675000,0,0,0,0,0,25675000,S001 - WH KLS JABABEKA,PT. Satria Piranti Perkasa,7,ON SCHEDULE,27,0,30.03.2026,02.03.2026,09.03.2026,08.04.2026,08.04.2026,16.04.2026,16.04.2026,,S001,WH KLS JABABEKA
I100260302L037_S001,CONT-20,16100000,0,0,0,3400000,0,19500000,S001 - WH KLS JABABEKA,PT. SENTOSA PRIMA ABADI,7,ON SCHEDULE,40,0,13.04.2026,03.03.2026,17.03.2026,06.05.2026,08.05.2026,08.05.2026,08.05.2026,,S001,WH KLS JABABEKA
I100260302L038_S001,CDD BAK,3421969,0,0,0,500000,0,3921969,S001 - WH KLS JABABEKA,PT. HARI JAYA TRANSPORTASI,7,ON SCHEDULE,28,0,31.03.2026,02.03.2026,04.03.2026,01.04.2026,03.04.2026,07.04.2026,07.04.2026,,S001,WH KLS JABABEKA
I100260302L038_S001,CDD BAK,3421969,0,0,0,500000,0,3921969,S001 - WH KLS JABABEKA,PT. HARI JAYA TRANSPORTASI,7,ON SCHEDULE,28,0,31.03.2026,02.03.2026,04.03.2026,01.04.2026,03.04.2026,07.04.2026,07.04.2026,,S001,WH KLS JABABEKA
I100260302L038_S001,CDD BAK,3421969,0,0,0,500000,0,3921969,S001 - WH KLS JABABEKA,PT. HARI JAYA TRANSPORTASI,7,ON SCHEDULE,28,0,31.03.2026,02.03.2026,04.03.2026,01.04.2026,03.04.2026,07.04.2026,07.04.2026,,S001,WH KLS JABABEKA
I100260302L038_S001,CDD BAK,3421969,0,0,0,500000,0,3921969,S001 - WH KLS JABABEKA,PT. HARI JAYA TRANSPORTASI,7,ON SCHEDULE,28,0,31.03.2026,02.03.2026,04.03.2026,01.04.2026,03.04.2026,07.04.2026,07.04.2026,,S001,WH KLS JABABEKA
I100260302L038_S001,CDD BAK,3421969,0,0,0,500000,0,3921969,S001 - WH KLS JABABEKA,PT. HARI JAYA TRANSPORTASI,7,ON SCHEDULE,28,0,31.03.2026,02.03.2026,04.03.2026,01.04.2026,03.04.2026,07.04.2026,07.04.2026,,S001,WH KLS JABABEKA
I100260302L039_S001,CDD BAK,6900000,0,0,0,0,0,6900000,S001 - WH KLS JABABEKA,BINTANG SAMUDERA,7,ON SCHEDULE,29,0,01.04.2026,02.03.2026,08.03.2026,02.04.2026,03.04.2026,06.04.2026,06.04.2026,,S001,WH KLS JABABEKA
I100260302L044_S001,CDE PICKUP,1740000,0,0,0,0,0,1740000,S001 - WH KLS JABABEKA,PT. Nusantara Cargo Line,7,ON SCHEDULE,27,0,31.03.2026,03.03.2026,08.03.2026,01.04.2026,01.04.2026,07.04.2026,07.04.2026,,S001,WH KLS JABABEKA
I100260302L044_S001,CDE PICKUP,1740000,0,0,0,0,0,1740000,S001 - WH KLS JABABEKA,PT. Nusantara Cargo Line,7,ON SCHEDULE,27,0,31.03.2026,03.03.2026,08.03.2026,01.04.2026,01.04.2026,07.04.2026,07.04.2026,,S001,WH KLS JABABEKA
I100260302L046_S001,CDE PICKUP,425000,0,0,0,0,0,425000,S001 - WH KLS JABABEKA,PT. Nusantara Cargo Line,7,ON SCHEDULE,27,0,30.03.2026,02.03.2026,06.03.2026,13.03.2026,13.03.2026,27.03.2026,27.03.2026,,S001,WH KLS JABABEKA
I100260302L046_S001,CDE PICKUP,425000,0,0,0,0,0,425000,S001 - WH KLS JABABEKA,PT. Nusantara Cargo Line,7,ON SCHEDULE,27,0,30.03.2026,02.03.2026,06.03.2026,13.03.2026,13.03.2026,27.03.2026,27.03.2026,,S001,WH KLS JABABEKA
I100260302L047_S001,CDE PICKUP,1155000,0,0,0,0,0,1155000,S001 - WH KLS JABABEKA,PT. Nusantara Cargo Line,7,ON SCHEDULE,27,0,30.03.2026,02.03.2026,06.03.2026,13.03.2026,13.03.2026,27.03.2026,27.03.2026,,S001,WH KLS JABABEKA
I100260302L047_S001,CDE PICKUP,1155000,0,0,0,0,0,1155000,S001 - WH KLS JABABEKA,PT. Nusantara Cargo Line,7,ON SCHEDULE,27,0,30.03.2026,02.03.2026,06.03.2026,13.03.2026,13.03.2026,27.03.2026,27.03.2026,,S001,WH KLS JABABEKA
I100260302L048_S001,CDE PICKUP,869000,0,0,0,0,0,869000,S001 - WH KLS JABABEKA,PT. Nusantara Cargo Line,7,ON SCHEDULE,27,0,30.03.2026,02.03.2026,10.03.2026,01.04.2026,01.04.2026,07.04.2026,07.04.2026,,S001,WH KLS JABABEKA
I100260302L048_S001,CDE PICKUP,869000,0,0,0,0,0,869000,S001 - WH KLS JABABEKA,PT. Nusantara Cargo Line,7,ON SCHEDULE,27,0,30.03.2026,02.03.2026,10.03.2026,01.04.2026,01.04.2026,07.04.2026,07.04.2026,,S001,WH KLS JABABEKA
I100260302L049_S001,CDE PICKUP,350000,0,0,0,0,0,350000,S001 - WH KLS JABABEKA,PT. Nusantara Cargo Line,7,ON SCHEDULE,27,0,30.03.2026,02.03.2026,08.03.2026,27.03.2026,31.03.2026,08.04.2026,08.04.2026,,S001,WH KLS JABABEKA
I100260302L049_S001,CDE PICKUP,350000,0,0,0,0,0,350000,S001 - WH KLS JABABEKA,PT. Nusantara Cargo Line,7,ON SCHEDULE,27,0,30.03.2026,02.03.2026,08.03.2026,27.03.2026,31.03.2026,08.04.2026,08.04.2026,,S001,WH KLS JABABEKA
I100260302L050_S001,CDE PICKUP,1705000,0,0,0,0,0,1705000,S001 - WH KLS JABABEKA,PT. Nusantara Cargo Line,7,ON SCHEDULE,27,0,30.03.2026,02.03.2026,06.03.2026,13.03.2026,13.03.2026,27.03.2026,27.03.2026,,S001,WH KLS JABABEKA
I100260302L050_S001,CDE PICKUP,1705000,0,0,0,0,0,1705000,S001 - WH KLS JABABEKA,PT. Nusantara Cargo Line,7,ON SCHEDULE,27,0,30.03.2026,02.03.2026,06.03.2026,13.03.2026,13.03.2026,27.03.2026,27.03.2026,,S001,WH KLS JABABEKA
I100260302L094_S001,MINI VAN BOX,132600,0,0,0,0,0,132600,S001 - WH KLS JABABEKA,FIRST LOGISTICS,7,ON SCHEDULE,27,0,01.04.2026,04.03.2026,12.03.2026,10.06.2026,17.06.2026,18.06.2026,19.06.2026,,S001,WH KLS JABABEKA
I100260302L094_S001,MINI VAN BOX,132600,0,0,0,0,0,132600,S001 - WH KLS JABABEKA,FIRST LOGISTICS,7,ON SCHEDULE,27,0,01.04.2026,04.03.2026,12.03.2026,10.06.2026,17.06.2026,18.06.2026,19.06.2026,,S001,WH KLS JABABEKA
I100260302L095_S001,MINI VAN BOX,0,0,0,0,0,0,0,S001 - WH KLS JABABEKA,FIRST LOGISTICS,2,LATE,7,154,11.03.2026,03.03.2026,12.03.2026,,,,,,S001,WH KLS JABABEKA
I100260302L096_S001,MINI VAN BOX,677050,0,0,0,0,0,677050,S001 - WH KLS JABABEKA,FIRST LOGISTICS,7,ON SCHEDULE,27,0,01.04.2026,04.03.2026,12.03.2026,10.06.2026,17.06.2026,18.06.2026,19.06.2026,,S001,WH KLS JABABEKA
I100260302L096_S001,MINI VAN BOX,677050,0,0,0,0,0,677050,S001 - WH KLS JABABEKA,FIRST LOGISTICS,7,ON SCHEDULE,27,0,01.04.2026,04.03.2026,12.03.2026,10.06.2026,17.06.2026,18.06.2026,19.06.2026,,S001,WH KLS JABABEKA
I100260302L097_S001,MINI VAN BOX,888300,0,0,0,0,0,888300,S001 - WH KLS JABABEKA,FIRST LOGISTICS,7,ON SCHEDULE,27,0,01.04.2026,04.03.2026,12.03.2026,10.06.2026,17.06.2026,18.06.2026,19.06.2026,,S001,WH KLS JABABEKA
I100260302L097_S001,MINI VAN BOX,888300,0,0,0,0,0,888300,S001 - WH KLS JABABEKA,FIRST LOGISTICS,7,ON SCHEDULE,27,0,01.04.2026,04.03.2026,12.03.2026,10.06.2026,17.06.2026,18.06.2026,19.06.2026,,S001,WH KLS JABABEKA
I100260302L098_S001,MINI VAN BOX,1001000,0,0,0,0,0,1001000,S001 - WH KLS JABABEKA,FIRST LOGISTICS,7,ON SCHEDULE,27,0,01.04.2026,04.03.2026,12.03.2026,10.06.2026,17.06.2026,18.06.2026,19.06.2026,,S001,WH KLS JABABEKA
I100260302L098_S001,MINI VAN BOX,1001000,0,0,0,0,0,1001000,S001 - WH KLS JABABEKA,FIRST LOGISTICS,7,ON SCHEDULE,27,0,01.04.2026,04.03.2026,12.03.2026,10.06.2026,17.06.2026,18.06.2026,19.06.2026,,S001,WH KLS JABABEKA
I100260302L102_S001,MINI VAN BOX,1607200,0,0,0,0,0,1607200,S001 - WH KLS JABABEKA,FIRST LOGISTICS,7,ON SCHEDULE,27,0,01.04.2026,04.03.2026,12.03.2026,10.06.2026,17.06.2026,18.06.2026,19.06.2026,,S001,WH KLS JABABEKA
I100260302L102_S001,MINI VAN BOX,1607200,0,0,0,0,0,1607200,S001 - WH KLS JABABEKA,FIRST LOGISTICS,7,ON SCHEDULE,27,0,01.04.2026,04.03.2026,12.03.2026,10.06.2026,17.06.2026,18.06.2026,19.06.2026,,S001,WH KLS JABABEKA
I100260302L103_S001,CDE PICKUP,3448500,0,0,0,0,0,3448500,S001 - WH KLS JABABEKA,PT. Nusantara Cargo Line,7,ON SCHEDULE,27,0,01.04.2026,04.03.2026,06.03.2026,01.04.2026,01.04.2026,08.04.2026,08.04.2026,,S001,WH KLS JABABEKA
I100260302L103_S001,CDE PICKUP,3448500,0,0,0,0,0,3448500,S001 - WH KLS JABABEKA,PT. Nusantara Cargo Line,7,ON SCHEDULE,27,0,01.04.2026,04.03.2026,06.03.2026,01.04.2026,01.04.2026,08.04.2026,08.04.2026,,S001,WH KLS JABABEKA
I100260302T007_S001,WINGBOX,24150000,0,0,0,0,0,24150000,S001 - WH KLS JABABEKA,PT. DUTA LINTAS NUSA,7,ON SCHEDULE,32,0,06.04.2026,04.03.2026,09.03.2026,30.03.2026,31.03.2026,21.04.2026,21.04.2026,,S001,WH KLS JABABEKA
I100260303L010_S001,FUSO,35258400,0,0,0,0,0,35258400,S001 - WH KLS JABABEKA,BEPA IKA PEKASA,7,ON SCHEDULE,27,0,01.04.2026,04.03.2026,12.03.2026,08.04.2026,08.04.2026,08.04.2026,13.04.2026,,S001,WH KLS JABABEKA
I100260303L026_S001,CDD BAK,4100000,0,0,0,800000,0,4900000,S001 - WH KLS JABABEKA,EKA CIPTA MANGGALA,7,ON SCHEDULE,28,0,01.04.2026,03.03.2026,05.03.2026,11.03.2026,12.03.2026,13.03.2026,13.03.2026,,S001,WH KLS JABABEKA
I100260303L026_S001,CDD BAK,4100000,0,0,0,800000,0,4900000,S001 - WH KLS JABABEKA,EKA CIPTA MANGGALA,7,ON SCHEDULE,28,0,01.04.2026,03.03.2026,05.03.2026,11.03.2026,12.03.2026,13.03.2026,13.03.2026,,S001,WH KLS JABABEKA
I100260303L026_S001,CDD BAK,4100000,0,0,0,800000,0,4900000,S001 - WH KLS JABABEKA,EKA CIPTA MANGGALA,7,ON SCHEDULE,28,0,01.04.2026,03.03.2026,05.03.2026,11.03.2026,12.03.2026,13.03.2026,13.03.2026,,S001,WH KLS JABABEKA
I100260303L026_S001,CDD BAK,4100000,0,0,0,800000,0,4900000,S001 - WH KLS JABABEKA,EKA CIPTA MANGGALA,7,ON SCHEDULE,28,0,01.04.2026,03.03.2026,05.03.2026,11.03.2026,12.03.2026,13.03.2026,13.03.2026,,S001,WH KLS JABABEKA
I100260303L027_S001,CDD BAK,4000000,0,0,0,1200000,0,5200000,S001 - WH KLS JABABEKA,EKA CIPTA MANGGALA,7,ON SCHEDULE,28,0,01.04.2026,03.03.2026,05.03.2026,11.03.2026,12.03.2026,13.03.2026,13.03.2026,,S001,WH KLS JABABEKA
I100260303L027_S001,CDD BAK,4000000,0,0,0,1200000,0,5200000,S001 - WH KLS JABABEKA,EKA CIPTA MANGGALA,7,ON SCHEDULE,28,0,01.04.2026,03.03.2026,05.03.2026,11.03.2026,12.03.2026,13.03.2026,13.03.2026,,S001,WH KLS JABABEKA
I100260303L027_S001,CDD BAK,4000000,0,0,0,1200000,0,5200000,S001 - WH KLS JABABEKA,EKA CIPTA MANGGALA,7,ON SCHEDULE,28,0,01.04.2026,03.03.2026,05.03.2026,11.03.2026,12.03.2026,13.03.2026,13.03.2026,,S001,WH KLS JABABEKA
I100260303L027_S001,CDD BAK,4000000,0,0,0,1200000,0,5200000,S001 - WH KLS JABABEKA,EKA CIPTA MANGGALA,7,ON SCHEDULE,28,0,01.04.2026,03.03.2026,05.03.2026,11.03.2026,12.03.2026,13.03.2026,13.03.2026,,S001,WH KLS JABABEKA
I100260303L027_S001,CDD BAK,4000000,0,0,0,1200000,0,5200000,S001 - WH KLS JABABEKA,EKA CIPTA MANGGALA,7,ON SCHEDULE,28,0,01.04.2026,03.03.2026,05.03.2026,11.03.2026,12.03.2026,13.03.2026,13.03.2026,,S001,WH KLS JABABEKA
I100260303L027_S001,CDD BAK,4000000,0,0,0,1200000,0,5200000,S001 - WH KLS JABABEKA,EKA CIPTA MANGGALA,7,ON SCHEDULE,28,0,01.04.2026,03.03.2026,05.03.2026,11.03.2026,12.03.2026,13.03.2026,13.03.2026,,S001,WH KLS JABABEKA
I100260303L031_S001,CDD BAK,11500000,0,0,0,2300000,0,13800000,S001 - WH KLS JABABEKA,BINTANG SAMUDERA,7,ON SCHEDULE,29,0,02.04.2026,03.03.2026,09.03.2026,21.04.2026,23.04.2026,23.04.2026,23.04.2026,,S001,WH KLS JABABEKA
I100260303L031_S001,CDD BAK,11500000,0,0,0,2300000,0,13800000,S001 - WH KLS JABABEKA,BINTANG SAMUDERA,7,ON SCHEDULE,29,0,02.04.2026,03.03.2026,09.03.2026,21.04.2026,23.04.2026,23.04.2026,23.04.2026,,S001,WH KLS JABABEKA
I100260303L031_S001,CDD BAK,11500000,0,0,0,2300000,0,13800000,S001 - WH KLS JABABEKA,BINTANG SAMUDERA,7,ON SCHEDULE,29,0,02.04.2026,03.03.2026,09.03.2026,21.04.2026,23.04.2026,23.04.2026,23.04.2026,,S001,WH KLS JABABEKA
I100260303L032_S001,CDD BAK,4500000,0,0,0,0,0,4500000,S001 - WH KLS JABABEKA,EKA CIPTA MANGGALA,7,ON SCHEDULE,27,0,31.03.2026,03.03.2026,05.03.2026,11.03.2026,12.03.2026,13.03.2026,13.03.2026,,S001,WH KLS JABABEKA
I100260303L051_S001,CDE PICKUP,7098000,0,0,0,0,0,7098000,S001 - WH KLS JABABEKA,PT. MERPATI ALAM SEMESTA,7,ON SCHEDULE,27,0,01.04.2026,04.03.2026,12.03.2026,14.04.2026,14.04.2026,28.04.2026,07.05.2026,,S001,WH KLS JABABEKA
I100260303L051_S001,CDE PICKUP,7098000,0,0,0,0,0,7098000,S001 - WH KLS JABABEKA,PT. MERPATI ALAM SEMESTA,7,ON SCHEDULE,27,0,01.04.2026,04.03.2026,12.03.2026,14.04.2026,14.04.2026,28.04.2026,07.05.2026,,S001,WH KLS JABABEKA
I100260303L052_S001,CDE PICKUP,1750000,0,0,0,0,0,1750000,S001 - WH KLS JABABEKA,PT. MERPATI ALAM SEMESTA,7,ON SCHEDULE,27,0,01.04.2026,04.03.2026,12.03.2026,14.04.2026,14.04.2026,28.04.2026,07.05.2026,,S001,WH KLS JABABEKA
I100260303L052_S001,CDE PICKUP,1750000,0,0,0,0,0,1750000,S001 - WH KLS JABABEKA,PT. MERPATI ALAM SEMESTA,7,ON SCHEDULE,27,0,01.04.2026,04.03.2026,12.03.2026,14.04.2026,14.04.2026,28.04.2026,07.05.2026,,S001,WH KLS JABABEKA
I100260303L053_S001,CDE PICKUP,2030000,0,0,0,0,0,2030000,S001 - WH KLS JABABEKA,PT. MERPATI ALAM SEMESTA,7,ON SCHEDULE,27,0,03.04.2026,06.03.2026,11.03.2026,19.05.2026,27.05.2026,03.06.2026,03.06.2026,,S001,WH KLS JABABEKA
I100260303L053_S001,CDE PICKUP,2030000,0,0,0,0,0,2030000,S001 - WH KLS JABABEKA,PT. MERPATI ALAM SEMESTA,7,ON SCHEDULE,27,0,03.04.2026,06.03.2026,11.03.2026,19.05.2026,27.05.2026,03.06.2026,03.06.2026,,S001,WH KLS JABABEKA
I100260303L054_S001,CDE PICKUP,600000,0,0,0,0,0,600000,S001 - WH KLS JABABEKA,PT. MERPATI ALAM SEMESTA,7,ON SCHEDULE,27,0,01.04.2026,04.03.2026,12.03.2026,14.04.2026,14.04.2026,28.04.2026,07.05.2026,,S001,WH KLS JABABEKA
I100260303L054_S001,CDE PICKUP,600000,0,0,0,0,0,600000,S001 - WH KLS JABABEKA,PT. MERPATI ALAM SEMESTA,7,ON SCHEDULE,27,0,01.04.2026,04.03.2026,12.03.2026,14.04.2026,14.04.2026,28.04.2026,07.05.2026,,S001,WH KLS JABABEKA
I100260303L055_S001,CDE PICKUP,2944000,0,0,0,0,0,2944000,S001 - WH KLS JABABEKA,PT. MERPATI ALAM SEMESTA,7,ON SCHEDULE,27,0,01.04.2026,04.03.2026,11.03.2026,14.04.2026,14.04.2026,28.04.2026,07.05.2026,,S001,WH KLS JABABEKA
I100260303L055_S001,CDE PICKUP,2944000,0,0,0,0,0,2944000,S001 - WH KLS JABABEKA,PT. MERPATI ALAM SEMESTA,7,ON SCHEDULE,27,0,01.04.2026,04.03.2026,11.03.2026,14.04.2026,14.04.2026,28.04.2026,07.05.2026,,S001,WH KLS JABABEKA
I100260303L062_S001,CDE PICKUP,2505000,0,0,0,0,0,2505000,S001 - WH KLS JABABEKA,PT. MERPATI ALAM SEMESTA,7,ON SCHEDULE,27,0,01.04.2026,04.03.2026,12.03.2026,14.04.2026,14.04.2026,28.04.2026,06.05.2026,,S001,WH KLS JABABEKA
I100260303L062_S001,CDE PICKUP,2505000,0,0,0,0,0,2505000,S001 - WH KLS JABABEKA,PT. MERPATI ALAM SEMESTA,7,ON SCHEDULE,27,0,01.04.2026,04.03.2026,12.03.2026,14.04.2026,14.04.2026,28.04.2026,06.05.2026,,S001,WH KLS JABABEKA
I100260303L066_S001,CDE PICKUP,1635000,0,0,0,0,0,1635000,S001 - WH KLS JABABEKA,PT. MERPATI ALAM SEMESTA,7,ON SCHEDULE,27,0,01.04.2026,04.03.2026,12.03.2026,14.04.2026,14.04.2026,28.04.2026,06.05.2026,,S001,WH KLS JABABEKA
I100260303L066_S001,CDE PICKUP,1635000,0,0,0,0,0,1635000,S001 - WH KLS JABABEKA,PT. MERPATI ALAM SEMESTA,7,ON SCHEDULE,27,0,01.04.2026,04.03.2026,12.03.2026,14.04.2026,14.04.2026,28.04.2026,06.05.2026,,S001,WH KLS JABABEKA
I100260303L067_S001,CDE PICKUP,1400000,0,0,0,0,0,1400000,S001 - WH KLS JABABEKA,PT. MERPATI ALAM SEMESTA,7,ON SCHEDULE,27,0,01.04.2026,04.03.2026,12.03.2026,14.04.2026,14.04.2026,28.04.2026,06.05.2026,,S001,WH KLS JABABEKA
I100260303L067_S001,CDE PICKUP,1400000,0,0,0,0,0,1400000,S001 - WH KLS JABABEKA,PT. MERPATI ALAM SEMESTA,7,ON SCHEDULE,27,0,01.04.2026,04.03.2026,12.03.2026,14.04.2026,14.04.2026,28.04.2026,06.05.2026,,S001,WH KLS JABABEKA
I100260303L068_S001,CDE PICKUP,700000,0,0,0,0,0,700000,S001 - WH KLS JABABEKA,PT. MERPATI ALAM SEMESTA,7,ON SCHEDULE,27,0,01.04.2026,04.03.2026,12.03.2026,14.04.2026,14.04.2026,28.04.2026,06.05.2026,,S001,WH KLS JABABEKA
I100260303L068_S001,CDE PICKUP,700000,0,0,0,0,0,700000,S001 - WH KLS JABABEKA,PT. MERPATI ALAM SEMESTA,7,ON SCHEDULE,27,0,01.04.2026,04.03.2026,12.03.2026,14.04.2026,14.04.2026,28.04.2026,06.05.2026,,S001,WH KLS JABABEKA
I100260303L069_S001,CDE PICKUP,50625,0,0,0,0,0,50625,S001 - WH KLS JABABEKA,PT. MERPATI ALAM SEMESTA,7,ON SCHEDULE,27,0,01.04.2026,04.03.2026,12.03.2026,14.04.2026,14.04.2026,28.04.2026,07.05.2026,,S001,WH KLS JABABEKA
I100260303L069_S001,CDE PICKUP,50625,0,0,0,0,0,50625,S001 - WH KLS JABABEKA,PT. MERPATI ALAM SEMESTA,7,ON SCHEDULE,27,0,01.04.2026,04.03.2026,12.03.2026,14.04.2026,14.04.2026,28.04.2026,07.05.2026,,S001,WH KLS JABABEKA
I100260303L072_S001,CDE PICKUP,840000,0,0,0,0,0,840000,S001 - WH KLS JABABEKA,PT. MERPATI ALAM SEMESTA,7,ON SCHEDULE,27,0,01.04.2026,04.03.2026,12.03.2026,14.04.2026,14.04.2026,28.04.2026,07.05.2026,,S001,WH KLS JABABEKA
I100260303L072_S001,CDE PICKUP,840000,0,0,0,0,0,840000,S001 - WH KLS JABABEKA,PT. MERPATI ALAM SEMESTA,7,ON SCHEDULE,27,0,01.04.2026,04.03.2026,12.03.2026,14.04.2026,14.04.2026,28.04.2026,07.05.2026,,S001,WH KLS JABABEKA
I100260303L075_S001,CDE PICKUP,84750,0,0,0,0,0,84750,S001 - WH KLS JABABEKA,PT. MERPATI ALAM SEMESTA,2,LATE,7,150,14.03.2026,06.03.2026,,,,,,,S001,WH KLS JABABEKA
I100260303L075_S001,CDE PICKUP,84750,0,0,0,0,0,84750,S001 - WH KLS JABABEKA,PT. MERPATI ALAM SEMESTA,2,LATE,7,150,14.03.2026,06.03.2026,,,,,,,S001,WH KLS JABABEKA
I100260303L077_S001,CDE PICKUP,0,0,0,0,0,0,0,S001 - WH KLS JABABEKA,PT. MERPATI ALAM SEMESTA,2,LATE,7,153,12.03.2026,04.03.2026,12.03.2026,,,,,,S001,WH KLS JABABEKA
I100260303L079_S001,CDD BAK,13500000,0,0,0,0,0,13500000,S001 - WH KLS JABABEKA,EKA CIPTA MANGGALA,7,ON SCHEDULE,27,0,03.04.2026,06.03.2026,08.03.2026,25.03.2026,25.03.2026,25.03.2026,25.03.2026,,S001,WH KLS JABABEKA
I100260303L090_S001,CDD PICK UP,1916000,0,0,0,0,0,1916000,S001 - WH KLS JABABEKA,PT. MERPATI ALAM SEMESTA,7,ON SCHEDULE,27,0,01.04.2026,04.03.2026,12.03.2026,19.05.2026,27.05.2026,03.06.2026,03.06.2026,,S001,WH KLS JABABEKA
I100260303L090_S001,CDD PICK UP,1916000,0,0,0,0,0,1916000,S001 - WH KLS JABABEKA,PT. MERPATI ALAM SEMESTA,7,ON SCHEDULE,27,0,01.04.2026,04.03.2026,12.03.2026,19.05.2026,27.05.2026,03.06.2026,03.06.2026,,S001,WH KLS JABABEKA
I100260303L092_S001,CDD PICK UP,1916000,0,0,0,0,0,1916000,S001 - WH KLS JABABEKA,PT. MERPATI ALAM SEMESTA,7,ON SCHEDULE,27,0,01.04.2026,04.03.2026,12.03.2026,19.05.2026,27.05.2026,03.06.2026,03.06.2026,,S001,WH KLS JABABEKA
I100260303L092_S001,CDD PICK UP,1916000,0,0,0,0,0,1916000,S001 - WH KLS JABABEKA,PT. MERPATI ALAM SEMESTA,7,ON SCHEDULE,27,0,01.04.2026,04.03.2026,12.03.2026,19.05.2026,27.05.2026,03.06.2026,03.06.2026,,S001,WH KLS JABABEKA
I100260303L094_S001,MINI VAN BOX,84100,0,0,0,0,0,84100,S001 - WH KLS JABABEKA,FIRST LOGISTICS,7,ON SCHEDULE,27,0,01.04.2026,04.03.2026,12.03.2026,10.06.2026,17.06.2026,18.06.2026,19.06.2026,,S001,WH KLS JABABEKA
I100260303L094_S001,MINI VAN BOX,84100,0,0,0,0,0,84100,S001 - WH KLS JABABEKA,FIRST LOGISTICS,7,ON SCHEDULE,27,0,01.04.2026,04.03.2026,12.03.2026,10.06.2026,17.06.2026,18.06.2026,19.06.2026,,S001,WH KLS JABABEKA
I100260303L095_S001,MINI VAN BOX,231000,0,0,0,0,0,231000,S001 - WH KLS JABABEKA,FIRST LOGISTICS,7,ON SCHEDULE,27,0,01.04.2026,04.03.2026,12.03.2026,10.06.2026,17.06.2026,18.06.2026,19.06.2026,,S001,WH KLS JABABEKA
I100260303L095_S001,MINI VAN BOX,231000,0,0,0,0,0,231000,S001 - WH KLS JABABEKA,FIRST LOGISTICS,7,ON SCHEDULE,27,0,01.04.2026,04.03.2026,12.03.2026,10.06.2026,17.06.2026,18.06.2026,19.06.2026,,S001,WH KLS JABABEKA
I100260303L096_S001,MINI VAN BOX,460600,0,0,0,0,0,460600,S001 - WH KLS JABABEKA,FIRST LOGISTICS,7,ON SCHEDULE,27,0,01.04.2026,04.03.2026,12.03.2026,10.06.2026,17.06.2026,18.06.2026,19.06.2026,,S001,WH KLS JABABEKA
I100260303L096_S001,MINI VAN BOX,460600,0,0,0,0,0,460600,S001 - WH KLS JABABEKA,FIRST LOGISTICS,7,ON SCHEDULE,27,0,01.04.2026,04.03.2026,12.03.2026,10.06.2026,17.06.2026,18.06.2026,19.06.2026,,S001,WH KLS JABABEKA
I100260303L097_S001,MINI VAN BOX,300650,0,0,0,0,0,300650,S001 - WH KLS JABABEKA,FIRST LOGISTICS,7,ON SCHEDULE,27,0,01.04.2026,04.03.2026,12.03.2026,10.06.2026,17.06.2026,18.06.2026,19.06.2026,,S001,WH KLS JABABEKA
I100260303L097_S001,MINI VAN BOX,300650,0,0,0,0,0,300650,S001 - WH KLS JABABEKA,FIRST LOGISTICS,7,ON SCHEDULE,27,0,01.04.2026,04.03.2026,12.03.2026,10.06.2026,17.06.2026,18.06.2026,19.06.2026,,S001,WH KLS JABABEKA
I100260303L098_S001,MINI VAN BOX,2250600,0,0,0,0,0,2250600,S001 - WH KLS JABABEKA,FIRST LOGISTICS,7,ON SCHEDULE,27,0,14.04.2026,17.03.2026,26.03.2026,10.06.2026,17.06.2026,18.06.2026,19.06.2026,,S001,WH KLS JABABEKA
I100260303L098_S001,MINI VAN BOX,2250600,0,0,0,0,0,2250600,S001 - WH KLS JABABEKA,FIRST LOGISTICS,7,ON SCHEDULE,27,0,14.04.2026,17.03.2026,26.03.2026,10.06.2026,17.06.2026,18.06.2026,19.06.2026,,S001,WH KLS JABABEKA
I100260303L099_S001,CDE PICKUP,325000,0,0,0,0,0,325000,S001 - WH KLS JABABEKA,PT. Nusantara Cargo Line,7,ON SCHEDULE,27,0,01.04.2026,04.03.2026,10.03.2026,01.04.2026,01.04.2026,08.04.2026,08.04.2026,,S001,WH KLS JABABEKA
I100260303L099_S001,CDE PICKUP,325000,0,0,0,0,0,325000,S001 - WH KLS JABABEKA,PT. Nusantara Cargo Line,7,ON SCHEDULE,27,0,01.04.2026,04.03.2026,10.03.2026,01.04.2026,01.04.2026,08.04.2026,08.04.2026,,S001,WH KLS JABABEKA
I100260303L100_S001,MINI VAN BOX,0,0,0,0,0,0,0,S001 - WH KLS JABABEKA,FIRST LOGISTICS,2,LATE,7,153,11.03.2026,03.03.2026,10.03.2026,,,,,,S001,WH KLS JABABEKA
I100260303L101_S001,MINI VAN BOX,0,0,0,0,0,0,0,S001 - WH KLS JABABEKA,FIRST LOGISTICS,2,LATE,7,150,14.03.2026,06.03.2026,12.03.2026,,,,,,S001,WH KLS JABABEKA
I100260303L102_S001,MINI VAN BOX,0,0,0,0,0,0,0,S001 - WH KLS JABABEKA,FIRST LOGISTICS,2,LATE,7,150,14.03.2026,06.03.2026,12.03.2026,,,,,,S001,WH KLS JABABEKA
I100260303L104_S001,MINI VAN BOX,0,0,0,0,0,0,0,S001 - WH KLS JABABEKA,FIRST LOGISTICS,2,LATE,7,139,25.03.2026,17.03.2026,26.03.2026,,,,,,S001,WH KLS JABABEKA
I100260303T004_S001,WINGBOX,5650000,0,0,0,0,0,5650000,S001 - WH KLS JABABEKA,PT. DUTA MEDIA MANDIRI,7,ON SCHEDULE,29,0,03.04.2026,04.03.2026,08.03.2026,09.03.2026,09.03.2026,12.03.2026,12.03.2026,,S001,WH KLS JABABEKA
I100260303T008_S001,CONT-20,14000000,0,0,0,0,0,14000000,S001 - WH KLS JABABEKA,PT. SENTOSA PRIMA ABADI,7,ON SCHEDULE,40,0,13.04.2026,03.03.2026,15.03.2026,27.04.2026,28.04.2026,08.05.2026,08.05.2026,,S001,WH KLS JABABEKA
I100260304L003_S001,FUSO,9864800,0,0,0,0,0,9864800,S001 - WH KLS JABABEKA,BEPA IKA PEKASA,7,ON SCHEDULE,27,0,01.04.2026,04.03.2026,12.03.2026,07.04.2026,08.04.2026,08.04.2026,13.04.2026,,S001,WH KLS JABABEKA
I100260304L017_S001,MINI VAN BOX,2611700,0,0,0,0,0,2611700,S001 - WH KLS JABABEKA,FIRST LOGISTICS,7,ON SCHEDULE,27,0,14.04.2026,17.03.2026,26.03.2026,10.06.2026,17.06.2026,18.06.2026,19.06.2026,,S001,WH KLS JABABEKA
I100260304L017_S001,MINI VAN BOX,2611700,0,0,0,0,0,2611700,S001 - WH KLS JABABEKA,FIRST LOGISTICS,7,ON SCHEDULE,27,0,14.04.2026,17.03.2026,26.03.2026,10.06.2026,17.06.2026,18.06.2026,19.06.2026,,S001,WH KLS JABABEKA
I100260304L023_S001,CDD BAK,4700000,0,0,0,0,2800000,7500000,S001 - WH KLS JABABEKA,EKA CIPTA MANGGALA,7,ON SCHEDULE,29,0,03.04.2026,04.03.2026,08.03.2026,11.03.2026,12.03.2026,13.03.2026,13.03.2026,,S001,WH KLS JABABEKA
I100260304L023_S001,CDD BAK,4700000,0,0,0,0,2800000,7500000,S001 - WH KLS JABABEKA,EKA CIPTA MANGGALA,7,ON SCHEDULE,29,0,03.04.2026,04.03.2026,08.03.2026,11.03.2026,12.03.2026,13.03.2026,13.03.2026,,S001,WH KLS JABABEKA
I100260304L023_S001,CDD BAK,4700000,0,0,0,0,2800000,7500000,S001 - WH KLS JABABEKA,EKA CIPTA MANGGALA,7,ON SCHEDULE,29,0,03.04.2026,04.03.2026,08.03.2026,11.03.2026,12.03.2026,13.03.2026,13.03.2026,,S001,WH KLS JABABEKA
I100260304L024_S001,CDD BAK,5300000,0,0,0,800000,0,6100000,S001 - WH KLS JABABEKA,EKA CIPTA MANGGALA,7,ON SCHEDULE,29,0,03.04.2026,04.03.2026,08.03.2026,11.03.2026,12.03.2026,13.03.2026,13.03.2026,,S001,WH KLS JABABEKA
I100260304L024_S001,CDD BAK,5300000,0,0,0,800000,0,6100000,S001 - WH KLS JABABEKA,EKA CIPTA MANGGALA,7,ON SCHEDULE,29,0,03.04.2026,04.03.2026,08.03.2026,11.03.2026,12.03.2026,13.03.2026,13.03.2026,,S001,WH KLS JABABEKA
I100260304L024_S001,CDD BAK,5300000,0,0,0,800000,0,6100000,S001 - WH KLS JABABEKA,EKA CIPTA MANGGALA,7,ON SCHEDULE,29,0,03.04.2026,04.03.2026,08.03.2026,11.03.2026,12.03.2026,13.03.2026,13.03.2026,,S001,WH KLS JABABEKA
I100260304L024_S001,CDD BAK,5300000,0,0,0,800000,0,6100000,S001 - WH KLS JABABEKA,EKA CIPTA MANGGALA,7,ON SCHEDULE,29,0,03.04.2026,04.03.2026,08.03.2026,11.03.2026,12.03.2026,13.03.2026,13.03.2026,,S001,WH KLS JABABEKA
I100260304L025_S001,CDD BAK,4500000,0,0,0,550000,0,5050000,S001 - WH KLS JABABEKA,PT. HARI JAYA SEJAHTERA,7,ON SCHEDULE,29,0,03.04.2026,04.03.2026,08.03.2026,27.03.2026,31.03.2026,02.04.2026,06.04.2026,,S001,WH KLS JABABEKA
I100260304L025_S001,CDD BAK,4500000,0,0,0,550000,0,5050000,S001 - WH KLS JABABEKA,PT. HARI JAYA SEJAHTERA,7,ON SCHEDULE,29,0,03.04.2026,04.03.2026,08.03.2026,27.03.2026,31.03.2026,02.04.2026,06.04.2026,,S001,WH KLS JABABEKA
I100260304L032_S001,CDD BAK,4500000,0,0,0,0,0,4500000,S001 - WH KLS JABABEKA,PT. HARI JAYA SEJAHTERA,7,ON SCHEDULE,29,0,16.04.2026,17.03.2026,26.03.2026,27.03.2026,27.03.2026,31.03.2026,06.04.2026,,S001,WH KLS JABABEKA
I100260304L054_S001,CDE PICKUP,375000,0,0,0,0,0,375000,S001 - WH KLS JABABEKA,PT. Nusantara Cargo Line,7,ON SCHEDULE,27,0,01.04.2026,04.03.2026,08.03.2026,01.04.2026,01.04.2026,08.04.2026,08.04.2026,,S001,WH KLS JABABEKA
I100260304L054_S001,CDE PICKUP,375000,0,0,0,0,0,375000,S001 - WH KLS JABABEKA,PT. Nusantara Cargo Line,7,ON SCHEDULE,27,0,01.04.2026,04.03.2026,08.03.2026,01.04.2026,01.04.2026,08.04.2026,08.04.2026,,S001,WH KLS JABABEKA
I100260304L055_S001,CDE PICKUP,400000,0,0,0,0,0,400000,S001 - WH KLS JABABEKA,PT. Nusantara Cargo Line,7,ON SCHEDULE,27,0,01.04.2026,04.03.2026,11.03.2026,01.04.2026,01.04.2026,08.04.2026,08.04.2026,,S001,WH KLS JABABEKA
I100260304L055_S001,CDE PICKUP,400000,0,0,0,0,0,400000,S001 - WH KLS JABABEKA,PT. Nusantara Cargo Line,7,ON SCHEDULE,27,0,01.04.2026,04.03.2026,11.03.2026,01.04.2026,01.04.2026,08.04.2026,08.04.2026,,S001,WH KLS JABABEKA
I100260304L056_S001,CDE PICKUP,375000,0,0,0,0,0,375000,S001 - WH KLS JABABEKA,PT. Nusantara Cargo Line,7,ON SCHEDULE,27,0,01.04.2026,04.03.2026,08.03.2026,01.04.2026,01.04.2026,07.04.2026,07.04.2026,,S001,WH KLS JABABEKA
I100260304L056_S001,CDE PICKUP,375000,0,0,0,0,0,375000,S001 - WH KLS JABABEKA,PT. Nusantara Cargo Line,7,ON SCHEDULE,27,0,01.04.2026,04.03.2026,08.03.2026,01.04.2026,01.04.2026,07.04.2026,07.04.2026,,S001,WH KLS JABABEKA
I100260304L057_S001,CDE PICKUP,300000,0,0,0,0,0,300000,S001 - WH KLS JABABEKA,PT. Nusantara Cargo Line,7,ON SCHEDULE,27,0,01.04.2026,04.03.2026,08.03.2026,01.04.2026,01.04.2026,08.04.2026,08.04.2026,,S001,WH KLS JABABEKA
I100260304L057_S001,CDE PICKUP,300000,0,0,0,0,0,300000,S001 - WH KLS JABABEKA,PT. Nusantara Cargo Line,7,ON SCHEDULE,27,0,01.04.2026,04.03.2026,08.03.2026,01.04.2026,01.04.2026,08.04.2026,08.04.2026,,S001,WH KLS JABABEKA
I100260304L058_S001,CDE PICKUP,375000,0,0,0,0,0,375000,S001 - WH KLS JABABEKA,PT. Nusantara Cargo Line,7,ON SCHEDULE,27,0,01.04.2026,04.03.2026,08.03.2026,01.04.2026,01.04.2026,07.04.2026,07.04.2026,,S001,WH KLS JABABEKA
I100260304L058_S001,CDE PICKUP,375000,0,0,0,0,0,375000,S001 - WH KLS JABABEKA,PT. Nusantara Cargo Line,7,ON SCHEDULE,27,0,01.04.2026,04.03.2026,08.03.2026,01.04.2026,01.04.2026,07.04.2026,07.04.2026,,S001,WH KLS JABABEKA
I100260304L059_S001,CDE PICKUP,375000,0,0,0,0,0,375000,S001 - WH KLS JABABEKA,PT. Nusantara Cargo Line,7,ON SCHEDULE,27,0,01.04.2026,04.03.2026,08.03.2026,01.04.2026,01.04.2026,07.04.2026,07.04.2026,,S001,WH KLS JABABEKA
I100260304L059_S001,CDE PICKUP,375000,0,0,0,0,0,375000,S001 - WH KLS JABABEKA,PT. Nusantara Cargo Line,7,ON SCHEDULE,27,0,01.04.2026,04.03.2026,08.03.2026,01.04.2026,01.04.2026,07.04.2026,07.04.2026,,S001,WH KLS JABABEKA
I100260304L060_S001,CDE PICKUP,400000,0,0,0,0,0,400000,S001 - WH KLS JABABEKA,PT. Nusantara Cargo Line,7,ON SCHEDULE,27,0,01.04.2026,04.03.2026,08.03.2026,01.04.2026,01.04.2026,08.04.2026,08.04.2026,,S001,WH KLS JABABEKA
I100260304L060_S001,CDE PICKUP,400000,0,0,0,0,0,400000,S001 - WH KLS JABABEKA,PT. Nusantara Cargo Line,7,ON SCHEDULE,27,0,01.04.2026,04.03.2026,08.03.2026,01.04.2026,01.04.2026,08.04.2026,08.04.2026,,S001,WH KLS JABABEKA
I100260304L061_S001,CDE PICKUP,450000,0,0,0,0,0,450000,S001 - WH KLS JABABEKA,PT. Nusantara Cargo Line,7,ON SCHEDULE,27,0,01.04.2026,04.03.2026,11.03.2026,01.04.2026,01.04.2026,08.04.2026,08.04.2026,,S001,WH KLS JABABEKA
I100260304L061_S001,CDE PICKUP,450000,0,0,0,0,0,450000,S001 - WH KLS JABABEKA,PT. Nusantara Cargo Line,7,ON SCHEDULE,27,0,01.04.2026,04.03.2026,11.03.2026,01.04.2026,01.04.2026,08.04.2026,08.04.2026,,S001,WH KLS JABABEKA
I100260304L062_S001,CDE PICKUP,375000,0,0,0,0,0,375000,S001 - WH KLS JABABEKA,PT. Nusantara Cargo Line,7,ON SCHEDULE,27,0,01.04.2026,04.03.2026,10.03.2026,01.04.2026,01.04.2026,07.04.2026,07.04.2026,,S001,WH KLS JABABEKA
I100260304L062_S001,CDE PICKUP,375000,0,0,0,0,0,375000,S001 - WH KLS JABABEKA,PT. Nusantara Cargo Line,7,ON SCHEDULE,27,0,01.04.2026,04.03.2026,10.03.2026,01.04.2026,01.04.2026,07.04.2026,07.04.2026,,S001,WH KLS JABABEKA
I100260304L063_S001,CDE PICKUP,400000,0,0,0,0,0,400000,S001 - WH KLS JABABEKA,PT. Nusantara Cargo Line,7,ON SCHEDULE,27,0,01.04.2026,04.03.2026,08.03.2026,01.04.2026,01.04.2026,08.04.2026,08.04.2026,,S001,WH KLS JABABEKA
I100260304L063_S001,CDE PICKUP,400000,0,0,0,0,0,400000,S001 - WH KLS JABABEKA,PT. Nusantara Cargo Line,7,ON SCHEDULE,27,0,01.04.2026,04.03.2026,08.03.2026,01.04.2026,01.04.2026,08.04.2026,08.04.2026,,S001,WH KLS JABABEKA
I100260304L064_S001,CDE PICKUP,375000,0,0,0,0,0,375000,S001 - WH KLS JABABEKA,PT. Nusantara Cargo Line,7,ON SCHEDULE,27,0,01.04.2026,04.03.2026,10.03.2026,01.04.2026,01.04.2026,08.04.2026,08.04.2026,,S001,WH KLS JABABEKA
I100260304L064_S001,CDE PICKUP,375000,0,0,0,0,0,375000,S001 - WH KLS JABABEKA,PT. Nusantara Cargo Line,7,ON SCHEDULE,27,0,01.04.2026,04.03.2026,10.03.2026,01.04.2026,01.04.2026,08.04.2026,08.04.2026,,S001,WH KLS JABABEKA
I100260304L072_S001,CDE PICKUP,375000,0,0,0,0,0,375000,S001 - WH KLS JABABEKA,PT. Nusantara Cargo Line,7,ON SCHEDULE,27,0,01.04.2026,04.03.2026,11.03.2026,01.04.2026,01.04.2026,08.04.2026,08.04.2026,,S001,WH KLS JABABEKA
I100260304L072_S001,CDE PICKUP,375000,0,0,0,0,0,375000,S001 - WH KLS JABABEKA,PT. Nusantara Cargo Line,7,ON SCHEDULE,27,0,01.04.2026,04.03.2026,11.03.2026,01.04.2026,01.04.2026,08.04.2026,08.04.2026,,S001,WH KLS JABABEKA
I100260304L075_S001,CDE PICKUP,375000,0,0,0,0,0,375000,S001 - WH KLS JABABEKA,PT. Nusantara Cargo Line,7,ON SCHEDULE,27,0,01.04.2026,04.03.2026,11.03.2026,01.04.2026,01.04.2026,08.04.2026,08.04.2026,,S001,WH KLS JABABEKA
I100260304L075_S001,CDE PICKUP,375000,0,0,0,0,0,375000,S001 - WH KLS JABABEKA,PT. Nusantara Cargo Line,7,ON SCHEDULE,27,0,01.04.2026,04.03.2026,11.03.2026,01.04.2026,01.04.2026,08.04.2026,08.04.2026,,S001,WH KLS JABABEKA
I100260304L076_S001,CDE PICKUP,425000,0,0,0,0,0,425000,S001 - WH KLS JABABEKA,PT. Nusantara Cargo Line,7,ON SCHEDULE,27,0,01.04.2026,04.03.2026,11.03.2026,17.04.2026,17.04.2026,17.04.2026,17.04.2026,,S001,WH KLS JABABEKA
I100260304L076_S001,CDE PICKUP,425000,0,0,0,0,0,425000,S001 - WH KLS JABABEKA,PT. Nusantara Cargo Line,7,ON SCHEDULE,27,0,01.04.2026,04.03.2026,11.03.2026,17.04.2026,17.04.2026,17.04.2026,17.04.2026,,S001,WH KLS JABABEKA
I100260304L080_S001,CDE PICKUP,1529000,0,0,0,0,0,1529000,S001 - WH KLS JABABEKA,PT. Nusantara Cargo Line,7,ON SCHEDULE,27,0,01.04.2026,04.03.2026,10.03.2026,01.04.2026,01.04.2026,08.04.2026,08.04.2026,,S001,WH KLS JABABEKA
I100260304L080_S001,CDE PICKUP,1529000,0,0,0,0,0,1529000,S001 - WH KLS JABABEKA,PT. Nusantara Cargo Line,7,ON SCHEDULE,27,0,01.04.2026,04.03.2026,10.03.2026,01.04.2026,01.04.2026,08.04.2026,08.04.2026,,S001,WH KLS JABABEKA
I100260304L081_S001,CDE PICKUP,1668000,0,0,0,0,0,1668000,S001 - WH KLS JABABEKA,PT. Nusantara Cargo Line,7,ON SCHEDULE,27,0,01.04.2026,04.03.2026,10.03.2026,01.04.2026,01.04.2026,08.04.2026,08.04.2026,,S001,WH KLS JABABEKA
I100260304L081_S001,CDE PICKUP,1668000,0,0,0,0,0,1668000,S001 - WH KLS JABABEKA,PT. Nusantara Cargo Line,7,ON SCHEDULE,27,0,01.04.2026,04.03.2026,10.03.2026,01.04.2026,01.04.2026,08.04.2026,08.04.2026,,S001,WH KLS JABABEKA
I100260304L082_S001,CDE PICKUP,1529000,0,0,0,0,0,1529000,S001 - WH KLS JABABEKA,PT. Nusantara Cargo Line,7,ON SCHEDULE,27,0,01.04.2026,04.03.2026,10.03.2026,01.04.2026,01.04.2026,08.04.2026,08.04.2026,,S001,WH KLS JABABEKA
I100260304L082_S001,CDE PICKUP,1529000,0,0,0,0,0,1529000,S001 - WH KLS JABABEKA,PT. Nusantara Cargo Line,7,ON SCHEDULE,27,0,01.04.2026,04.03.2026,10.03.2026,01.04.2026,01.04.2026,08.04.2026,08.04.2026,,S001,WH KLS JABABEKA
I100260304L083_S001,CDE PICKUP,1807000,0,0,0,0,0,1807000,S001 - WH KLS JABABEKA,PT. Nusantara Cargo Line,7,ON SCHEDULE,27,0,01.04.2026,04.03.2026,11.03.2026,01.04.2026,01.04.2026,08.04.2026,08.04.2026,,S001,WH KLS JABABEKA
I100260304L083_S001,CDE PICKUP,1807000,0,0,0,0,0,1807000,S001 - WH KLS JABABEKA,PT. Nusantara Cargo Line,7,ON SCHEDULE,27,0,01.04.2026,04.03.2026,11.03.2026,01.04.2026,01.04.2026,08.04.2026,08.04.2026,,S001,WH KLS JABABEKA
I100260304L101_S001,CDE PICKUP,275000,0,0,0,0,0,275000,S001 - WH KLS JABABEKA,PT. Nusantara Cargo Line,7,ON SCHEDULE,27,0,01.04.2026,04.03.2026,08.03.2026,01.04.2026,01.04.2026,08.04.2026,08.04.2026,,S001,WH KLS JABABEKA
I100260304L101_S001,CDE PICKUP,275000,0,0,0,0,0,275000,S001 - WH KLS JABABEKA,PT. Nusantara Cargo Line,7,ON SCHEDULE,27,0,01.04.2026,04.03.2026,08.03.2026,01.04.2026,01.04.2026,08.04.2026,08.04.2026,,S001,WH KLS JABABEKA
I100260304L103_S001,CDE PICKUP,702000,0,0,0,0,0,702000,S001 - WH KLS JABABEKA,PT. Nusantara Cargo Line,7,ON SCHEDULE,27,0,01.04.2026,04.03.2026,11.03.2026,01.04.2026,01.04.2026,08.04.2026,08.04.2026,,S001,WH KLS JABABEKA
I100260304L103_S001,CDE PICKUP,702000,0,0,0,0,0,702000,S001 - WH KLS JABABEKA,PT. Nusantara Cargo Line,7,ON SCHEDULE,27,0,01.04.2026,04.03.2026,11.03.2026,01.04.2026,01.04.2026,08.04.2026,08.04.2026,,S001,WH KLS JABABEKA
I100260304L104_S001,FUSO LOSBAK,9000000,0,0,0,0,0,9000000,S001 - WH KLS JABABEKA,CV. BANGUN JASA TRANS,7,ON SCHEDULE,27,0,14.04.2026,17.03.2026,26.03.2026,30.03.2026,31.03.2026,01.04.2026,02.04.2026,,S001,WH KLS JABABEKA
I100260304L105_S001,FUSO LOSBAK,9000000,0,0,0,0,0,9000000,S001 - WH KLS JABABEKA,CV. BANGUN JASA TRANS,7,ON SCHEDULE,27,0,14.04.2026,17.03.2026,26.03.2026,30.03.2026,31.03.2026,01.04.2026,02.04.2026,,S001,WH KLS JABABEKA
I100260304L106_S001,FUSO LOSBAK,9000000,0,0,0,0,0,9000000,S001 - WH KLS JABABEKA,CV. BANGUN JASA TRANS,7,ON SCHEDULE,27,0,14.04.2026,17.03.2026,26.03.2026,30.03.2026,31.03.2026,01.04.2026,02.04.2026,,S001,WH KLS JABABEKA
I100260304L107_S001,FUSO LOSBAK,9000000,0,0,0,0,0,9000000,S001 - WH KLS JABABEKA,CV. BANGUN JASA TRANS,7,ON SCHEDULE,27,0,14.04.2026,17.03.2026,26.03.2026,30.03.2026,31.03.2026,01.04.2026,02.04.2026,,S001,WH KLS JABABEKA
I100260304L110_S001,CDE PICKUP,300000,0,0,0,0,0,300000,S001 - WH KLS JABABEKA,PT. Nusantara Cargo Line,7,ON SCHEDULE,27,0,14.04.2026,17.03.2026,26.03.2026,01.04.2026,01.04.2026,08.04.2026,08.04.2026,,S001,WH KLS JABABEKA
I100260304L110_S001,CDE PICKUP,300000,0,0,0,0,0,300000,S001 - WH KLS JABABEKA,PT. Nusantara Cargo Line,7,ON SCHEDULE,27,0,14.04.2026,17.03.2026,26.03.2026,01.04.2026,01.04.2026,08.04.2026,08.04.2026,,S001,WH KLS JABABEKA
I100260304L111_S001,CDE PICKUP,275000,0,0,0,0,0,275000,S001 - WH KLS JABABEKA,PT. Nusantara Cargo Line,7,ON SCHEDULE,27,0,01.04.2026,04.03.2026,08.03.2026,01.04.2026,01.04.2026,08.04.2026,08.04.2026,,S001,WH KLS JABABEKA
I100260304L111_S001,CDE PICKUP,275000,0,0,0,0,0,275000,S001 - WH KLS JABABEKA,PT. Nusantara Cargo Line,7,ON SCHEDULE,27,0,01.04.2026,04.03.2026,08.03.2026,01.04.2026,01.04.2026,08.04.2026,08.04.2026,,S001,WH KLS JABABEKA
I100260304L112_S001,CDE PICKUP,2040000,0,0,0,0,0,2040000,S001 - WH KLS JABABEKA,PT. Nusantara Cargo Line,7,ON SCHEDULE,27,0,01.04.2026,04.03.2026,11.03.2026,01.04.2026,01.04.2026,08.04.2026,08.04.2026,,S001,WH KLS JABABEKA
I100260304L112_S001,CDE PICKUP,2040000,0,0,0,0,0,2040000,S001 - WH KLS JABABEKA,PT. Nusantara Cargo Line,7,ON SCHEDULE,27,0,01.04.2026,04.03.2026,11.03.2026,01.04.2026,01.04.2026,08.04.2026,08.04.2026,,S001,WH KLS JABABEKA
I100260304L124_S001,FUSO,2542500,0,0,0,0,0,2542500,S001 - WH KLS JABABEKA,BEPA IKA PEKASA,7,ON SCHEDULE,27,0,01.04.2026,04.03.2026,12.03.2026,07.04.2026,08.04.2026,08.04.2026,13.04.2026,,S001,WH KLS JABABEKA
I100260304L126_S001,MINI VAN BOX,0,0,0,0,0,0,0,S001 - WH KLS JABABEKA,FIRST LOGISTICS,2,LATE,7,152,12.03.2026,04.03.2026,12.03.2026,,,,,,S001,WH KLS JABABEKA
I100260304L127_S001,MINI VAN BOX,230300,0,0,0,0,0,230300,S001 - WH KLS JABABEKA,FIRST LOGISTICS,7,ON SCHEDULE,27,0,01.04.2026,04.03.2026,12.03.2026,10.06.2026,17.06.2026,18.06.2026,19.06.2026,,S001,WH KLS JABABEKA
I100260304L127_S001,MINI VAN BOX,230300,0,0,0,0,0,230300,S001 - WH KLS JABABEKA,FIRST LOGISTICS,7,ON SCHEDULE,27,0,01.04.2026,04.03.2026,12.03.2026,10.06.2026,17.06.2026,18.06.2026,19.06.2026,,S001,WH KLS JABABEKA
I100260304L128_S001,MINI VAN BOX,475350,0,0,0,0,0,475350,S001 - WH KLS JABABEKA,FIRST LOGISTICS,7,ON SCHEDULE,27,0,01.04.2026,04.03.2026,12.03.2026,10.06.2026,17.06.2026,18.06.2026,19.06.2026,,S001,WH KLS JABABEKA
I100260304L128_S001,MINI VAN BOX,475350,0,0,0,0,0,475350,S001 - WH KLS JABABEKA,FIRST LOGISTICS,7,ON SCHEDULE,27,0,01.04.2026,04.03.2026,12.03.2026,10.06.2026,17.06.2026,18.06.2026,19.06.2026,,S001,WH KLS JABABEKA
I100260304L129_S001,MINI VAN BOX,44950,0,0,0,0,0,44950,S001 - WH KLS JABABEKA,FIRST LOGISTICS,7,ON SCHEDULE,27,0,01.04.2026,04.03.2026,12.03.2026,10.06.2026,17.06.2026,18.06.2026,19.06.2026,,S001,WH KLS JABABEKA
I100260304L129_S001,MINI VAN BOX,44950,0,0,0,0,0,44950,S001 - WH KLS JABABEKA,FIRST LOGISTICS,7,ON SCHEDULE,27,0,01.04.2026,04.03.2026,12.03.2026,10.06.2026,17.06.2026,18.06.2026,19.06.2026,,S001,WH KLS JABABEKA
I100260304L130_S001,MINI VAN BOX,4245450,0,0,0,0,0,4245450,S001 - WH KLS JABABEKA,FIRST LOGISTICS,7,ON SCHEDULE,27,0,01.04.2026,04.03.2026,12.03.2026,10.06.2026,17.06.2026,18.06.2026,19.06.2026,,S001,WH KLS JABABEKA
I100260304L130_S001,MINI VAN BOX,4245450,0,0,0,0,0,4245450,S001 - WH KLS JABABEKA,FIRST LOGISTICS,7,ON SCHEDULE,27,0,01.04.2026,04.03.2026,12.03.2026,10.06.2026,17.06.2026,18.06.2026,19.06.2026,,S001,WH KLS JABABEKA
I100260304L131_S001,MINI VAN BOX,609875,0,0,0,0,0,609875,S001 - WH KLS JABABEKA,FIRST LOGISTICS,7,ON SCHEDULE,27,0,01.04.2026,04.03.2026,12.03.2026,10.06.2026,17.06.2026,18.06.2026,19.06.2026,,S001,WH KLS JABABEKA
I100260304L131_S001,MINI VAN BOX,609875,0,0,0,0,0,609875,S001 - WH KLS JABABEKA,FIRST LOGISTICS,7,ON SCHEDULE,27,0,01.04.2026,04.03.2026,12.03.2026,10.06.2026,17.06.2026,18.06.2026,19.06.2026,,S001,WH KLS JABABEKA
I100260304L132_S001,CDE PICKUP,325000,0,0,0,0,0,325000,S001 - WH KLS JABABEKA,PT. Nusantara Cargo Line,7,ON SCHEDULE,27,0,01.04.2026,04.03.2026,10.03.2026,01.04.2026,01.04.2026,08.04.2026,08.04.2026,,S001,WH KLS JABABEKA
I100260304L132_S001,CDE PICKUP,325000,0,0,0,0,0,325000,S001 - WH KLS JABABEKA,PT. Nusantara Cargo Line,7,ON SCHEDULE,27,0,01.04.2026,04.03.2026,10.03.2026,01.04.2026,01.04.2026,08.04.2026,08.04.2026,,S001,WH KLS JABABEKA
I100260304L134_S001,MINI VAN BOX,0,0,0,0,0,0,0,S001 - WH KLS JABABEKA,FIRST LOGISTICS,2,LATE,7,139,25.03.2026,17.03.2026,26.03.2026,,,,,,S001,WH KLS JABABEKA
I100260304L136_S001,MINI VAN BOX,0,0,0,0,0,0,0,S001 - WH KLS JABABEKA,FIRST LOGISTICS,2,LATE,7,139,25.03.2026,17.03.2026,26.03.2026,,,,,,S001,WH KLS JABABEKA
I100260305L007_S001,CDD BAK,4000000,0,0,0,0,0,4000000,S001 - WH KLS JABABEKA,EKA CIPTA MANGGALA,7,ON SCHEDULE,27,0,02.04.2026,05.03.2026,08.03.2026,11.03.2026,12.03.2026,13.03.2026,13.03.2026,,S001,WH KLS JABABEKA
I100260305L008_S001,CDD BAK,4000000,0,0,0,1200000,0,5200000,S001 - WH KLS JABABEKA,EKA CIPTA MANGGALA,7,ON SCHEDULE,27,0,08.04.2026,11.03.2026,11.03.2026,11.03.2026,12.03.2026,13.03.2026,13.03.2026,,S001,WH KLS JABABEKA
I100260305L008_S001,CDD BAK,4000000,0,0,0,1200000,0,5200000,S001 - WH KLS JABABEKA,EKA CIPTA MANGGALA,7,ON SCHEDULE,27,0,08.04.2026,11.03.2026,11.03.2026,11.03.2026,12.03.2026,13.03.2026,13.03.2026,,S001,WH KLS JABABEKA
I100260305L008_S001,CDD BAK,4000000,0,0,0,1200000,0,5200000,S001 - WH KLS JABABEKA,EKA CIPTA MANGGALA,7,ON SCHEDULE,27,0,08.04.2026,11.03.2026,11.03.2026,11.03.2026,12.03.2026,13.03.2026,13.03.2026,,S001,WH KLS JABABEKA
I100260305L008_S001,CDD BAK,4000000,0,0,0,1200000,0,5200000,S001 - WH KLS JABABEKA,EKA CIPTA MANGGALA,7,ON SCHEDULE,27,0,08.04.2026,11.03.2026,11.03.2026,11.03.2026,12.03.2026,13.03.2026,13.03.2026,,S001,WH KLS JABABEKA
I100260305L008_S001,CDD BAK,4000000,0,0,0,1200000,0,5200000,S001 - WH KLS JABABEKA,EKA CIPTA MANGGALA,7,ON SCHEDULE,27,0,08.04.2026,11.03.2026,11.03.2026,11.03.2026,12.03.2026,13.03.2026,13.03.2026,,S001,WH KLS JABABEKA
I100260305L008_S001,CDD BAK,4000000,0,0,0,1200000,0,5200000,S001 - WH KLS JABABEKA,EKA CIPTA MANGGALA,7,ON SCHEDULE,27,0,08.04.2026,11.03.2026,11.03.2026,11.03.2026,12.03.2026,13.03.2026,13.03.2026,,S001,WH KLS JABABEKA
I100260305L009_S001,CDD BAK,4100000,0,0,0,800000,0,4900000,S001 - WH KLS JABABEKA,EKA CIPTA MANGGALA,7,ON SCHEDULE,27,0,08.04.2026,11.03.2026,11.03.2026,11.03.2026,12.03.2026,13.03.2026,13.03.2026,,S001,WH KLS JABABEKA
I100260305L009_S001,CDD BAK,4100000,0,0,0,800000,0,4900000,S001 - WH KLS JABABEKA,EKA CIPTA MANGGALA,7,ON SCHEDULE,27,0,08.04.2026,11.03.2026,11.03.2026,11.03.2026,12.03.2026,13.03.2026,13.03.2026,,S001,WH KLS JABABEKA
I100260305L009_S001,CDD BAK,4100000,0,0,0,800000,0,4900000,S001 - WH KLS JABABEKA,EKA CIPTA MANGGALA,7,ON SCHEDULE,27,0,08.04.2026,11.03.2026,11.03.2026,11.03.2026,12.03.2026,13.03.2026,13.03.2026,,S001,WH KLS JABABEKA
I100260305L009_S001,CDD BAK,4100000,0,0,0,800000,0,4900000,S001 - WH KLS JABABEKA,EKA CIPTA MANGGALA,7,ON SCHEDULE,27,0,08.04.2026,11.03.2026,11.03.2026,11.03.2026,12.03.2026,13.03.2026,13.03.2026,,S001,WH KLS JABABEKA
I100260305L009_S001,CDD BAK,4100000,0,0,0,800000,0,4900000,S001 - WH KLS JABABEKA,EKA CIPTA MANGGALA,7,ON SCHEDULE,27,0,08.04.2026,11.03.2026,11.03.2026,11.03.2026,12.03.2026,13.03.2026,13.03.2026,,S001,WH KLS JABABEKA
I100260305L010_S001,CDD BAK,4100000,0,0,0,1200000,0,5300000,S001 - WH KLS JABABEKA,EKA CIPTA MANGGALA,7,ON SCHEDULE,28,0,03.04.2026,05.03.2026,08.03.2026,11.03.2026,12.03.2026,13.03.2026,13.03.2026,,S001,WH KLS JABABEKA
I100260305L010_S001,CDD BAK,4100000,0,0,0,1200000,0,5300000,S001 - WH KLS JABABEKA,EKA CIPTA MANGGALA,7,ON SCHEDULE,28,0,03.04.2026,05.03.2026,08.03.2026,11.03.2026,12.03.2026,13.03.2026,13.03.2026,,S001,WH KLS JABABEKA
I100260305L010_S001,CDD BAK,4100000,0,0,0,1200000,0,5300000,S001 - WH KLS JABABEKA,EKA CIPTA MANGGALA,7,ON SCHEDULE,28,0,03.04.2026,05.03.2026,08.03.2026,11.03.2026,12.03.2026,13.03.2026,13.03.2026,,S001,WH KLS JABABEKA
I100260305L010_S001,CDD BAK,4100000,0,0,0,1200000,0,5300000,S001 - WH KLS JABABEKA,EKA CIPTA MANGGALA,7,ON SCHEDULE,28,0,03.04.2026,05.03.2026,08.03.2026,11.03.2026,12.03.2026,13.03.2026,13.03.2026,,S001,WH KLS JABABEKA
I100260305L010_S001,CDD BAK,4100000,0,0,0,1200000,0,5300000,S001 - WH KLS JABABEKA,EKA CIPTA MANGGALA,7,ON SCHEDULE,28,0,03.04.2026,05.03.2026,08.03.2026,11.03.2026,12.03.2026,13.03.2026,13.03.2026,,S001,WH KLS JABABEKA
I100260305L010_S001,CDD BAK,4100000,0,0,0,1200000,0,5300000,S001 - WH KLS JABABEKA,EKA CIPTA MANGGALA,7,ON SCHEDULE,28,0,03.04.2026,05.03.2026,08.03.2026,11.03.2026,12.03.2026,13.03.2026,13.03.2026,,S001,WH KLS JABABEKA
I100260305L012_S001,CDD BAK,3421969,0,0,0,1000000,0,4421969,S001 - WH KLS JABABEKA,PT. HARI JAYA TRANSPORTASI,7,ON SCHEDULE,27,0,02.04.2026,05.03.2026,08.03.2026,10.04.2026,10.04.2026,14.04.2026,14.04.2026,,S001,WH KLS JABABEKA
I100260305L012_S001,CDD BAK,3421969,0,0,0,1000000,0,4421969,S001 - WH KLS JABABEKA,PT. HARI JAYA TRANSPORTASI,7,ON SCHEDULE,27,0,02.04.2026,05.03.2026,08.03.2026,10.04.2026,10.04.2026,14.04.2026,14.04.2026,,S001,WH KLS JABABEKA
I100260305L012_S001,CDD BAK,3421969,0,0,0,1000000,0,4421969,S001 - WH KLS JABABEKA,PT. HARI JAYA TRANSPORTASI,7,ON SCHEDULE,27,0,02.04.2026,05.03.2026,08.03.2026,10.04.2026,10.04.2026,14.04.2026,14.04.2026,,S001,WH KLS JABABEKA
I100260305L012_S001,CDD BAK,3421969,0,0,0,1000000,0,4421969,S001 - WH KLS JABABEKA,PT. HARI JAYA TRANSPORTASI,7,ON SCHEDULE,27,0,02.04.2026,05.03.2026,08.03.2026,10.04.2026,10.04.2026,14.04.2026,14.04.2026,,S001,WH KLS JABABEKA
I100260305L012_S001,CDD BAK,3421969,0,0,0,1000000,0,4421969,S001 - WH KLS JABABEKA,PT. HARI JAYA TRANSPORTASI,7,ON SCHEDULE,27,0,02.04.2026,05.03.2026,08.03.2026,10.04.2026,10.04.2026,14.04.2026,14.04.2026,,S001,WH KLS JABABEKA
I100260305L012_S001,CDD BAK,3421969,0,0,0,1000000,0,4421969,S001 - WH KLS JABABEKA,PT. HARI JAYA TRANSPORTASI,7,ON SCHEDULE,27,0,02.04.2026,05.03.2026,08.03.2026,10.04.2026,10.04.2026,14.04.2026,14.04.2026,,S001,WH KLS JABABEKA
I100260305L017_S001,CDD BAK,4000000,0,0,0,1200000,0,5200000,S001 - WH KLS JABABEKA,EKA CIPTA MANGGALA,7,ON SCHEDULE,28,0,09.04.2026,11.03.2026,11.03.2026,11.03.2026,12.03.2026,13.03.2026,13.03.2026,,S001,WH KLS JABABEKA
I100260305L017_S001,CDD BAK,4000000,0,0,0,1200000,0,5200000,S001 - WH KLS JABABEKA,EKA CIPTA MANGGALA,7,ON SCHEDULE,28,0,09.04.2026,11.03.2026,11.03.2026,11.03.2026,12.03.2026,13.03.2026,13.03.2026,,S001,WH KLS JABABEKA
I100260305L017_S001,CDD BAK,4000000,0,0,0,1200000,0,5200000,S001 - WH KLS JABABEKA,EKA CIPTA MANGGALA,7,ON SCHEDULE,28,0,09.04.2026,11.03.2026,11.03.2026,11.03.2026,12.03.2026,13.03.2026,13.03.2026,,S001,WH KLS JABABEKA
I100260305L017_S001,CDD BAK,4000000,0,0,0,1200000,0,5200000,S001 - WH KLS JABABEKA,EKA CIPTA MANGGALA,7,ON SCHEDULE,28,0,09.04.2026,11.03.2026,11.03.2026,11.03.2026,12.03.2026,13.03.2026,13.03.2026,,S001,WH KLS JABABEKA
I100260305L017_S001,CDD BAK,4000000,0,0,0,1200000,0,5200000,S001 - WH KLS JABABEKA,EKA CIPTA MANGGALA,7,ON SCHEDULE,28,0,09.04.2026,11.03.2026,11.03.2026,11.03.2026,12.03.2026,13.03.2026,13.03.2026,,S001,WH KLS JABABEKA
I100260305L017_S001,CDD BAK,4000000,0,0,0,1200000,0,5200000,S001 - WH KLS JABABEKA,EKA CIPTA MANGGALA,7,ON SCHEDULE,28,0,09.04.2026,11.03.2026,11.03.2026,11.03.2026,12.03.2026,13.03.2026,13.03.2026,,S001,WH KLS JABABEKA
I100260305L059_S001,CDE PICKUP,3510000,0,0,0,0,0,3510000,S001 - WH KLS JABABEKA,PT. MERPATI ALAM SEMESTA,7,ON SCHEDULE,27,0,14.04.2026,17.03.2026,26.03.2026,14.04.2026,14.04.2026,28.04.2026,07.05.2026,,S001,WH KLS JABABEKA
I100260305L059_S001,CDE PICKUP,3510000,0,0,0,0,0,3510000,S001 - WH KLS JABABEKA,PT. MERPATI ALAM SEMESTA,7,ON SCHEDULE,27,0,14.04.2026,17.03.2026,26.03.2026,14.04.2026,14.04.2026,28.04.2026,07.05.2026,,S001,WH KLS JABABEKA
I100260305L060_S001,CDE PICKUP,151875,0,0,0,0,0,151875,S001 - WH KLS JABABEKA,PT. MERPATI ALAM SEMESTA,7,ON SCHEDULE,27,0,02.04.2026,05.03.2026,12.03.2026,14.04.2026,14.04.2026,28.04.2026,07.05.2026,,S001,WH KLS JABABEKA
I100260305L060_S001,CDE PICKUP,151875,0,0,0,0,0,151875,S001 - WH KLS JABABEKA,PT. MERPATI ALAM SEMESTA,7,ON SCHEDULE,27,0,02.04.2026,05.03.2026,12.03.2026,14.04.2026,14.04.2026,28.04.2026,07.05.2026,,S001,WH KLS JABABEKA
I100260305L061_S001,CDE PICKUP,995000,0,0,0,0,0,995000,S001 - WH KLS JABABEKA,PT. MERPATI ALAM SEMESTA,7,ON SCHEDULE,27,0,14.04.2026,17.03.2026,26.03.2026,14.04.2026,14.04.2026,28.04.2026,07.05.2026,,S001,WH KLS JABABEKA
I100260305L061_S001,CDE PICKUP,995000,0,0,0,0,0,995000,S001 - WH KLS JABABEKA,PT. MERPATI ALAM SEMESTA,7,ON SCHEDULE,27,0,14.04.2026,17.03.2026,26.03.2026,14.04.2026,14.04.2026,28.04.2026,07.05.2026,,S001,WH KLS JABABEKA
I100260305L062_S001,CDE PICKUP,18750,0,0,0,0,0,18750,S001 - WH KLS JABABEKA,FIRST LOGISTICS,7,ON SCHEDULE,27,0,02.04.2026,05.03.2026,12.03.2026,10.06.2026,17.06.2026,18.06.2026,19.06.2026,,S001,WH KLS JABABEKA
I100260305L062_S001,CDE PICKUP,18750,0,0,0,0,0,18750,S001 - WH KLS JABABEKA,FIRST LOGISTICS,7,ON SCHEDULE,27,0,02.04.2026,05.03.2026,12.03.2026,10.06.2026,17.06.2026,18.06.2026,19.06.2026,,S001,WH KLS JABABEKA
I100260305L063_S001,CDE PICKUP,1750000,0,0,0,0,0,1750000,S001 - WH KLS JABABEKA,PT. MERPATI ALAM SEMESTA,7,ON SCHEDULE,27,0,02.04.2026,05.03.2026,12.03.2026,14.04.2026,14.04.2026,28.04.2026,07.05.2026,,S001,WH KLS JABABEKA
I100260305L063_S001,CDE PICKUP,1750000,0,0,0,0,0,1750000,S001 - WH KLS JABABEKA,PT. MERPATI ALAM SEMESTA,7,ON SCHEDULE,27,0,02.04.2026,05.03.2026,12.03.2026,14.04.2026,14.04.2026,28.04.2026,07.05.2026,,S001,WH KLS JABABEKA
I100260305L064_S001,CDE PICKUP,155000,0,0,0,0,0,155000,S001 - WH KLS JABABEKA,PT. MERPATI ALAM SEMESTA,7,ON SCHEDULE,27,0,02.04.2026,05.03.2026,12.03.2026,14.04.2026,14.04.2026,28.04.2026,06.05.2026,,S001,WH KLS JABABEKA
I100260305L064_S001,CDE PICKUP,155000,0,0,0,0,0,155000,S001 - WH KLS JABABEKA,PT. MERPATI ALAM SEMESTA,7,ON SCHEDULE,27,0,02.04.2026,05.03.2026,12.03.2026,14.04.2026,14.04.2026,28.04.2026,06.05.2026,,S001,WH KLS JABABEKA
I100260305L065_S001,CDE PICKUP,1152000,0,0,0,0,0,1152000,S001 - WH KLS JABABEKA,PT. MERPATI ALAM SEMESTA,7,ON SCHEDULE,27,0,02.04.2026,05.03.2026,12.03.2026,14.04.2026,14.04.2026,28.04.2026,07.05.2026,,S001,WH KLS JABABEKA
I100260305L065_S001,CDE PICKUP,1152000,0,0,0,0,0,1152000,S001 - WH KLS JABABEKA,PT. MERPATI ALAM SEMESTA,7,ON SCHEDULE,27,0,02.04.2026,05.03.2026,12.03.2026,14.04.2026,14.04.2026,28.04.2026,07.05.2026,,S001,WH KLS JABABEKA
I100260305L068_S001,CDE PICKUP,819000,0,0,0,0,0,819000,S001 - WH KLS JABABEKA,PT. MERPATI ALAM SEMESTA,2,LATE,7,151,13.03.2026,05.03.2026,,,,,,,S001,WH KLS JABABEKA
I100260305L068_S001,CDE PICKUP,819000,0,0,0,0,0,819000,S001 - WH KLS JABABEKA,PT. MERPATI ALAM SEMESTA,2,LATE,7,151,13.03.2026,05.03.2026,,,,,,,S001,WH KLS JABABEKA
I100260305L081_S001,CDE PICKUP,70000,0,0,0,0,0,70000,S001 - WH KLS JABABEKA,PT. MERPATI ALAM SEMESTA,6,LATE,27,151,02.04.2026,05.03.2026,12.03.2026,20.07.2026,24.07.2026,27.07.2026,03.08.2026,,S001,WH KLS JABABEKA
I100260305L081_S001,CDE PICKUP,70000,0,0,0,0,0,70000,S001 - WH KLS JABABEKA,PT. MERPATI ALAM SEMESTA,6,LATE,27,151,02.04.2026,05.03.2026,12.03.2026,20.07.2026,24.07.2026,27.07.2026,03.08.2026,,S001,WH KLS JABABEKA
I100260305L085_S001,FUSO,38400000,0,0,0,0,0,38400000,S001 - WH KLS JABABEKA,BEPA IKA PEKASA,7,ON SCHEDULE,27,0,02.04.2026,05.03.2026,12.03.2026,07.04.2026,08.04.2026,08.04.2026,13.04.2026,,S001,WH KLS JABABEKA
I100260305L088_S001,CDD BAK,4500000,0,0,0,0,1251000,5751000,S001 - WH KLS JABABEKA,PT. HARI JAYA SEJAHTERA,7,ON SCHEDULE,27,0,02.04.2026,05.03.2026,08.03.2026,31.03.2026,31.03.2026,02.04.2026,06.04.2026,,S001,WH KLS JABABEKA
I100260305L090_S001,FUSO,20200000,0,0,0,0,0,20200000,S001 - WH KLS JABABEKA,BEPA IKA PEKASA,7,ON SCHEDULE,27,0,14.04.2026,17.03.2026,26.03.2026,08.04.2026,08.04.2026,08.04.2026,13.04.2026,,S001,WH KLS JABABEKA
I100260305L091_S001,FUSO,28000000,0,0,0,0,0,28000000,S001 - WH KLS JABABEKA,BEPA IKA PEKASA,7,ON SCHEDULE,27,0,02.04.2026,05.03.2026,12.03.2026,07.04.2026,08.04.2026,08.04.2026,13.04.2026,,S001,WH KLS JABABEKA
I100260305L094_S001,TRONTON LOSBAK,17000000,0,0,0,0,0,17000000,S001 - WH KLS JABABEKA,CV. BANGUN JASA TRANS,7,ON SCHEDULE,27,0,02.04.2026,05.03.2026,08.03.2026,09.03.2026,09.03.2026,09.03.2026,11.03.2026,,S001,WH KLS JABABEKA
I100260305L095_S001,TRONTON LOSBAK,17000000,0,0,0,0,0,17000000,S001 - WH KLS JABABEKA,CV. BANGUN JASA TRANS,7,ON SCHEDULE,27,0,02.04.2026,05.03.2026,08.03.2026,09.03.2026,09.03.2026,09.03.2026,11.03.2026,,S001,WH KLS JABABEKA
I100260305L098_S001,CDE PICKUP,110000,0,0,0,0,0,110000,S001 - WH KLS JABABEKA,PT. MERPATI ALAM SEMESTA,7,ON SCHEDULE,27,0,02.04.2026,05.03.2026,12.03.2026,14.04.2026,14.04.2026,28.04.2026,07.05.2026,,S001,WH KLS JABABEKA
I100260305L098_S001,CDE PICKUP,110000,0,0,0,0,0,110000,S001 - WH KLS JABABEKA,PT. MERPATI ALAM SEMESTA,7,ON SCHEDULE,27,0,02.04.2026,05.03.2026,12.03.2026,14.04.2026,14.04.2026,28.04.2026,07.05.2026,,S001,WH KLS JABABEKA
I100260305L099_S001,CDE PICKUP,1100000,0,0,0,0,0,1100000,S001 - WH KLS JABABEKA,PT. MERPATI ALAM SEMESTA,7,ON SCHEDULE,27,0,02.04.2026,05.03.2026,12.03.2026,14.04.2026,14.04.2026,28.04.2026,06.05.2026,,S001,WH KLS JABABEKA
I100260305L099_S001,CDE PICKUP,1100000,0,0,0,0,0,1100000,S001 - WH KLS JABABEKA,PT. MERPATI ALAM SEMESTA,7,ON SCHEDULE,27,0,02.04.2026,05.03.2026,12.03.2026,14.04.2026,14.04.2026,28.04.2026,06.05.2026,,S001,WH KLS JABABEKA
I100260305L101_S001,MINI VAN BOX,21700,0,0,0,0,0,21700,S001 - WH KLS JABABEKA,FIRST LOGISTICS,7,ON SCHEDULE,27,0,14.04.2026,17.03.2026,26.03.2026,10.06.2026,17.06.2026,18.06.2026,19.06.2026,,S001,WH KLS JABABEKA
I100260305L101_S001,MINI VAN BOX,21700,0,0,0,0,0,21700,S001 - WH KLS JABABEKA,FIRST LOGISTICS,7,ON SCHEDULE,27,0,14.04.2026,17.03.2026,26.03.2026,10.06.2026,17.06.2026,18.06.2026,19.06.2026,,S001,WH KLS JABABEKA
I100260305L102_S001,MINI VAN BOX,2368800,0,0,0,0,0,2368800,S001 - WH KLS JABABEKA,FIRST LOGISTICS,7,ON SCHEDULE,27,0,14.04.2026,17.03.2026,26.03.2026,10.06.2026,17.06.2026,18.06.2026,19.06.2026,,S001,WH KLS JABABEKA
I100260305L102_S001,MINI VAN BOX,2368800,0,0,0,0,0,2368800,S001 - WH KLS JABABEKA,FIRST LOGISTICS,7,ON SCHEDULE,27,0,14.04.2026,17.03.2026,26.03.2026,10.06.2026,17.06.2026,18.06.2026,19.06.2026,,S001,WH KLS JABABEKA
I100260305L104_S001,MINI VAN BOX,1026900,0,0,0,0,0,1026900,S001 - WH KLS JABABEKA,FIRST LOGISTICS,7,ON SCHEDULE,27,0,14.04.2026,17.03.2026,26.03.2026,10.06.2026,17.06.2026,18.06.2026,19.06.2026,,S001,WH KLS JABABEKA
I100260305L104_S001,MINI VAN BOX,1026900,0,0,0,0,0,1026900,S001 - WH KLS JABABEKA,FIRST LOGISTICS,7,ON SCHEDULE,27,0,14.04.2026,17.03.2026,26.03.2026,10.06.2026,17.06.2026,18.06.2026,19.06.2026,,S001,WH KLS JABABEKA
I100260305L105_S001,MINI VAN BOX,412800,0,0,0,0,0,412800,S001 - WH KLS JABABEKA,FIRST LOGISTICS,7,ON SCHEDULE,27,0,14.04.2026,17.03.2026,26.03.2026,10.06.2026,17.06.2026,18.06.2026,19.06.2026,,S001,WH KLS JABABEKA
I100260305L105_S001,MINI VAN BOX,412800,0,0,0,0,0,412800,S001 - WH KLS JABABEKA,FIRST LOGISTICS,7,ON SCHEDULE,27,0,14.04.2026,17.03.2026,26.03.2026,10.06.2026,17.06.2026,18.06.2026,19.06.2026,,S001,WH KLS JABABEKA
I100260305L106_S001,MINI VAN BOX,51150,0,0,0,0,0,51150,S001 - WH KLS JABABEKA,FIRST LOGISTICS,7,ON SCHEDULE,27,0,14.04.2026,17.03.2026,26.03.2026,10.06.2026,17.06.2026,18.06.2026,19.06.2026,,S001,WH KLS JABABEKA
I100260305L106_S001,MINI VAN BOX,51150,0,0,0,0,0,51150,S001 - WH KLS JABABEKA,FIRST LOGISTICS,7,ON SCHEDULE,27,0,14.04.2026,17.03.2026,26.03.2026,10.06.2026,17.06.2026,18.06.2026,19.06.2026,,S001,WH KLS JABABEKA
I100260305L109_S001,CDE PICKUP,0,0,0,0,0,0,0,S001 - WH KLS JABABEKA,PT. Nusantara Cargo Line,2,LATE,7,150,15.03.2026,07.03.2026,14.03.2026,,,,,,S001,WH KLS JABABEKA
I100260306C234_S001,TOWING,2500000,0,0,0,0,0,2500000,S001 - WH KLS JABABEKA,JASATAMA DIRGANTARA EXPRESS,7,ON SCHEDULE,27,0,04.04.2026,07.03.2026,12.03.2026,30.03.2026,30.03.2026,07.04.2026,07.04.2026,,S001,WH KLS JABABEKA
I100260306L006_S001,FUSO,6938400,0,0,0,0,0,6938400,S001 - WH KLS JABABEKA,BEPA IKA PEKASA,7,ON SCHEDULE,27,0,04.04.2026,07.03.2026,15.03.2026,22.04.2026,23.04.2026,23.04.2026,27.04.2026,,S001,WH KLS JABABEKA
I100260306L007_S001,FUSO,10437100,0,0,0,0,0,10437100,S001 - WH KLS JABABEKA,BEPA IKA PEKASA,7,ON SCHEDULE,27,0,04.04.2026,07.03.2026,15.03.2026,07.04.2026,08.04.2026,08.04.2026,13.04.2026,,S001,WH KLS JABABEKA
I100260306L009_S001,FUSO,375200,0,0,0,0,0,375200,S001 - WH KLS JABABEKA,BEPA IKA PEKASA,7,ON SCHEDULE,27,0,04.04.2026,07.03.2026,15.03.2026,07.04.2026,08.04.2026,08.04.2026,13.04.2026,,S001,WH KLS JABABEKA
I100260306L010_S001,FUSO,897000,0,0,0,0,0,897000,S001 - WH KLS JABABEKA,BEPA IKA PEKASA,7,ON SCHEDULE,27,0,04.04.2026,07.03.2026,15.03.2026,07.04.2026,08.04.2026,08.04.2026,13.04.2026,,S001,WH KLS JABABEKA
I100260306L012_S001,FUSO,0,0,0,0,0,0,0,S001 - WH KLS JABABEKA,BEPA IKA PEKASA,2,LATE,7,150,15.03.2026,07.03.2026,15.03.2026,,,,,,S001,WH KLS JABABEKA
I100260306L051_S001,CONT-20,16100000,0,0,0,3400000,0,19500000,S001 - WH KLS JABABEKA,PT. SENTOSA PRIMA ABADI,7,ON SCHEDULE,40,0,16.04.2026,06.03.2026,26.03.2026,06.05.2026,08.05.2026,08.05.2026,08.05.2026,,S001,WH KLS JABABEKA
I100260306L052_S001,CDD BAK,7500000,0,0,0,1000000,0,8500000,S001 - WH KLS JABABEKA,EKA CIPTA MANGGALA,7,ON SCHEDULE,31,0,07.04.2026,06.03.2026,10.03.2026,25.03.2026,25.03.2026,25.03.2026,25.03.2026,,S001,WH KLS JABABEKA
I100260306L052_S001,CDD BAK,7500000,0,0,0,1000000,0,8500000,S001 - WH KLS JABABEKA,EKA CIPTA MANGGALA,7,ON SCHEDULE,31,0,07.04.2026,06.03.2026,10.03.2026,25.03.2026,25.03.2026,25.03.2026,25.03.2026,,S001,WH KLS JABABEKA
I100260306L052_S001,CDD BAK,7500000,0,0,0,1000000,0,8500000,S001 - WH KLS JABABEKA,EKA CIPTA MANGGALA,7,ON SCHEDULE,31,0,07.04.2026,06.03.2026,10.03.2026,25.03.2026,25.03.2026,25.03.2026,25.03.2026,,S001,WH KLS JABABEKA
I100260306L052_S001,CDD BAK,7500000,0,0,0,1000000,0,8500000,S001 - WH KLS JABABEKA,EKA CIPTA MANGGALA,7,ON SCHEDULE,31,0,07.04.2026,06.03.2026,10.03.2026,25.03.2026,25.03.2026,25.03.2026,25.03.2026,,S001,WH KLS JABABEKA
I100260306L053_S001,CDD BAK,7500000,0,0,0,500000,0,8000000,S001 - WH KLS JABABEKA,EKA CIPTA MANGGALA,7,ON SCHEDULE,31,0,07.04.2026,06.03.2026,10.03.2026,25.03.2026,25.03.2026,25.03.2026,25.03.2026,,S001,WH KLS JABABEKA
I100260306L053_S001,CDD BAK,7500000,0,0,0,500000,0,8000000,S001 - WH KLS JABABEKA,EKA CIPTA MANGGALA,7,ON SCHEDULE,31,0,07.04.2026,06.03.2026,10.03.2026,25.03.2026,25.03.2026,25.03.2026,25.03.2026,,S001,WH KLS JABABEKA
I100260306L053_S001,CDD BAK,7500000,0,0,0,500000,0,8000000,S001 - WH KLS JABABEKA,EKA CIPTA MANGGALA,7,ON SCHEDULE,31,0,07.04.2026,06.03.2026,10.03.2026,25.03.2026,25.03.2026,25.03.2026,25.03.2026,,S001,WH KLS JABABEKA
I100260306L053_S001,CDD BAK,7500000,0,0,0,500000,0,8000000,S001 - WH KLS JABABEKA,EKA CIPTA MANGGALA,7,ON SCHEDULE,31,0,07.04.2026,06.03.2026,10.03.2026,25.03.2026,25.03.2026,25.03.2026,25.03.2026,,S001,WH KLS JABABEKA
I100260306L054_S001,CDD BAK,11500000,0,0,0,3800000,0,15300000,S001 - WH KLS JABABEKA,BINTANG SAMUDERA,7,ON SCHEDULE,29,0,07.04.2026,08.03.2026,14.03.2026,21.04.2026,23.04.2026,23.04.2026,23.04.2026,,S001,WH KLS JABABEKA
I100260306L055_S001,CDD BAK,6900000,0,0,0,0,0,6900000,S001 - WH KLS JABABEKA,BINTANG SAMUDERA,7,ON SCHEDULE,29,0,05.04.2026,06.03.2026,10.03.2026,02.04.2026,03.04.2026,06.04.2026,06.04.2026,,S001,WH KLS JABABEKA
I100260306L069_S001,CDE PICKUP,0,0,0,0,0,0,0,S001 - WH KLS JABABEKA,PT. Nusantara Cargo Line,2,LATE,7,150,15.03.2026,07.03.2026,14.03.2026,,,,,,S001,WH KLS JABABEKA
I100260306L070_S001,CDE PICKUP,0,0,0,0,0,0,0,S001 - WH KLS JABABEKA,PT. Nusantara Cargo Line,2,LATE,7,150,15.03.2026,07.03.2026,14.03.2026,,,,,,S001,WH KLS JABABEKA
I100260306L071_S001,CDE PICKUP,594000,0,0,0,0,0,594000,S001 - WH KLS JABABEKA,PT. Nusantara Cargo Line,7,ON SCHEDULE,27,0,04.04.2026,07.03.2026,10.03.2026,01.04.2026,01.04.2026,08.04.2026,08.04.2026,,S001,WH KLS JABABEKA
I100260306L071_S001,CDE PICKUP,594000,0,0,0,0,0,594000,S001 - WH KLS JABABEKA,PT. Nusantara Cargo Line,7,ON SCHEDULE,27,0,04.04.2026,07.03.2026,10.03.2026,01.04.2026,01.04.2026,08.04.2026,08.04.2026,,S001,WH KLS JABABEKA
I100260306L073_S001,CDE PICKUP,275000,0,0,0,0,0,275000,S001 - WH KLS JABABEKA,PT. Nusantara Cargo Line,7,ON SCHEDULE,27,0,04.04.2026,07.03.2026,12.03.2026,01.04.2026,01.04.2026,08.04.2026,08.04.2026,,S001,WH KLS JABABEKA
I100260306L073_S001,CDE PICKUP,275000,0,0,0,0,0,275000,S001 - WH KLS JABABEKA,PT. Nusantara Cargo Line,7,ON SCHEDULE,27,0,04.04.2026,07.03.2026,12.03.2026,01.04.2026,01.04.2026,08.04.2026,08.04.2026,,S001,WH KLS JABABEKA
I100260306L079_S001,CDE PICKUP,275000,0,0,0,0,0,275000,S001 - WH KLS JABABEKA,PT. Nusantara Cargo Line,7,ON SCHEDULE,27,0,04.04.2026,07.03.2026,12.03.2026,01.04.2026,01.04.2026,08.04.2026,08.04.2026,,S001,WH KLS JABABEKA
I100260306L079_S001,CDE PICKUP,275000,0,0,0,0,0,275000,S001 - WH KLS JABABEKA,PT. Nusantara Cargo Line,7,ON SCHEDULE,27,0,04.04.2026,07.03.2026,12.03.2026,01.04.2026,01.04.2026,08.04.2026,08.04.2026,,S001,WH KLS JABABEKA
I100260306L082_S001,CDE PICKUP,1584000,0,0,0,0,0,1584000,S001 - WH KLS JABABEKA,PT. Nusantara Cargo Line,7,ON SCHEDULE,27,0,04.04.2026,07.03.2026,11.03.2026,01.04.2026,01.04.2026,08.04.2026,08.04.2026,,S001,WH KLS JABABEKA
I100260306L082_S001,CDE PICKUP,1584000,0,0,0,0,0,1584000,S001 - WH KLS JABABEKA,PT. Nusantara Cargo Line,7,ON SCHEDULE,27,0,04.04.2026,07.03.2026,11.03.2026,01.04.2026,01.04.2026,08.04.2026,08.04.2026,,S001,WH KLS JABABEKA
I100260306L083_S001,CDE PICKUP,0,0,0,0,0,0,0,S001 - WH KLS JABABEKA,PT. Nusantara Cargo Line,2,LATE,7,150,15.03.2026,07.03.2026,14.03.2026,,,,,,S001,WH KLS JABABEKA
I100260306L085_S001,CDE PICKUP,325000,0,0,0,0,0,325000,S001 - WH KLS JABABEKA,PT. Nusantara Cargo Line,7,ON SCHEDULE,27,0,04.04.2026,07.03.2026,10.03.2026,01.04.2026,01.04.2026,08.04.2026,08.04.2026,,S001,WH KLS JABABEKA
I100260306L085_S001,CDE PICKUP,325000,0,0,0,0,0,325000,S001 - WH KLS JABABEKA,PT. Nusantara Cargo Line,7,ON SCHEDULE,27,0,04.04.2026,07.03.2026,10.03.2026,01.04.2026,01.04.2026,08.04.2026,08.04.2026,,S001,WH KLS JABABEKA
I100260306L088_S001,CDE PICKUP,275000,0,0,0,0,0,275000,S001 - WH KLS JABABEKA,PT. Nusantara Cargo Line,7,ON SCHEDULE,27,0,04.04.2026,07.03.2026,10.03.2026,01.04.2026,01.04.2026,08.04.2026,08.04.2026,,S001,WH KLS JABABEKA
I100260306L088_S001,CDE PICKUP,275000,0,0,0,0,0,275000,S001 - WH KLS JABABEKA,PT. Nusantara Cargo Line,7,ON SCHEDULE,27,0,04.04.2026,07.03.2026,10.03.2026,01.04.2026,01.04.2026,08.04.2026,08.04.2026,,S001,WH KLS JABABEKA
I100260306L089_S001,CDE PICKUP,275000,0,0,0,0,0,275000,S001 - WH KLS JABABEKA,PT. Nusantara Cargo Line,7,ON SCHEDULE,27,0,04.04.2026,07.03.2026,12.03.2026,01.04.2026,01.04.2026,08.04.2026,08.04.2026,,S001,WH KLS JABABEKA
I100260306L089_S001,CDE PICKUP,275000,0,0,0,0,0,275000,S001 - WH KLS JABABEKA,PT. Nusantara Cargo Line,7,ON SCHEDULE,27,0,04.04.2026,07.03.2026,12.03.2026,01.04.2026,01.04.2026,08.04.2026,08.04.2026,,S001,WH KLS JABABEKA
I100260306L090_S001,CDE PICKUP,306000,0,0,0,0,0,306000,S001 - WH KLS JABABEKA,PT. Nusantara Cargo Line,7,ON SCHEDULE,27,0,04.04.2026,07.03.2026,10.03.2026,01.04.2026,01.04.2026,08.04.2026,08.04.2026,,S001,WH KLS JABABEKA
I100260306L090_S001,CDE PICKUP,306000,0,0,0,0,0,306000,S001 - WH KLS JABABEKA,PT. Nusantara Cargo Line,7,ON SCHEDULE,27,0,04.04.2026,07.03.2026,10.03.2026,01.04.2026,01.04.2026,08.04.2026,08.04.2026,,S001,WH KLS JABABEKA
I100260306L091_S001,CDE PICKUP,0,0,0,0,0,0,0,S001 - WH KLS JABABEKA,PT. Nusantara Cargo Line,2,LATE,7,150,15.03.2026,07.03.2026,14.03.2026,,,,,,S001,WH KLS JABABEKA
I100260306L093_S001,CDE PICKUP,325000,0,0,0,0,0,325000,S001 - WH KLS JABABEKA,PT. Nusantara Cargo Line,7,ON SCHEDULE,27,0,04.04.2026,07.03.2026,10.03.2026,01.04.2026,01.04.2026,08.04.2026,08.04.2026,,S001,WH KLS JABABEKA
I100260306L093_S001,CDE PICKUP,325000,0,0,0,0,0,325000,S001 - WH KLS JABABEKA,PT. Nusantara Cargo Line,7,ON SCHEDULE,27,0,04.04.2026,07.03.2026,10.03.2026,01.04.2026,01.04.2026,08.04.2026,08.04.2026,,S001,WH KLS JABABEKA
I100260306L103_S001,CDE PICKUP,275000,0,0,0,0,0,275000,S001 - WH KLS JABABEKA,PT. Nusantara Cargo Line,7,ON SCHEDULE,27,0,04.04.2026,07.03.2026,12.03.2026,01.04.2026,01.04.2026,09.04.2026,09.04.2026,,S001,WH KLS JABABEKA
I100260306L103_S001,CDE PICKUP,275000,0,0,0,0,0,275000,S001 - WH KLS JABABEKA,PT. Nusantara Cargo Line,7,ON SCHEDULE,27,0,04.04.2026,07.03.2026,12.03.2026,01.04.2026,01.04.2026,09.04.2026,09.04.2026,,S001,WH KLS JABABEKA
I100260306L104_S001,CDE PICKUP,2904000,0,0,0,0,0,2904000,S001 - WH KLS JABABEKA,PT. Nusantara Cargo Line,7,ON SCHEDULE,27,0,04.04.2026,07.03.2026,10.03.2026,01.04.2026,01.04.2026,10.04.2026,10.04.2026,,S001,WH KLS JABABEKA
I100260306L104_S001,CDE PICKUP,2904000,0,0,0,0,0,2904000,S001 - WH KLS JABABEKA,PT. Nusantara Cargo Line,7,ON SCHEDULE,27,0,04.04.2026,07.03.2026,10.03.2026,01.04.2026,01.04.2026,10.04.2026,10.04.2026,,S001,WH KLS JABABEKA
I100260306L105_S001,CDE PICKUP,0,0,0,0,0,0,0,S001 - WH KLS JABABEKA,PT. Nusantara Cargo Line,2,LATE,7,150,15.03.2026,07.03.2026,14.03.2026,,,,,,S001,WH KLS JABABEKA
I100260306L117_S001,FUSO,26200000,0,0,0,0,0,26200000,S001 - WH KLS JABABEKA,BEPA IKA PEKASA,7,ON SCHEDULE,27,0,04.04.2026,07.03.2026,15.03.2026,08.04.2026,08.04.2026,08.04.2026,13.04.2026,,S001,WH KLS JABABEKA
I100260306L118_S001,CDE PICKUP,671000,0,0,0,0,0,671000,S001 - WH KLS JABABEKA,PT. Nusantara Cargo Line,7,ON SCHEDULE,27,0,04.04.2026,07.03.2026,10.03.2026,01.04.2026,01.04.2026,10.04.2026,10.04.2026,,S001,WH KLS JABABEKA
I100260306L118_S001,CDE PICKUP,671000,0,0,0,0,0,671000,S001 - WH KLS JABABEKA,PT. Nusantara Cargo Line,7,ON SCHEDULE,27,0,04.04.2026,07.03.2026,10.03.2026,01.04.2026,01.04.2026,10.04.2026,10.04.2026,,S001,WH KLS JABABEKA
I100260306L122_S001,TOWING LONG,12500000,0,0,0,0,0,12500000,S001 - WH KLS JABABEKA,JASATAMA DIRGANTARA EXPRESS,7,ON SCHEDULE,27,0,03.04.2026,06.03.2026,09.03.2026,14.04.2026,15.04.2026,17.04.2026,17.04.2026,,S001,WH KLS JABABEKA
I100260306L123_S001,TRONTON LOSBAK,13750000,0,0,0,0,0,13750000,S001 - WH KLS JABABEKA,CV. BANGUN JASA TRANS,7,ON SCHEDULE,27,0,03.04.2026,06.03.2026,10.03.2026,10.03.2026,10.03.2026,11.03.2026,11.03.2026,,S001,WH KLS JABABEKA
I100260306L124_S001,MINI VAN BOX,179800,0,0,0,0,0,179800,S001 - WH KLS JABABEKA,FIRST LOGISTICS,7,ON SCHEDULE,27,0,04.04.2026,07.03.2026,16.03.2026,10.06.2026,17.06.2026,18.06.2026,19.06.2026,,S001,WH KLS JABABEKA
I100260306L124_S001,MINI VAN BOX,179800,0,0,0,0,0,179800,S001 - WH KLS JABABEKA,FIRST LOGISTICS,7,ON SCHEDULE,27,0,04.04.2026,07.03.2026,16.03.2026,10.06.2026,17.06.2026,18.06.2026,19.06.2026,,S001,WH KLS JABABEKA
I100260306L125_S001,MINI VAN BOX,0,0,0,0,0,0,0,S001 - WH KLS JABABEKA,PT. MERPATI ALAM SEMESTA,2,LATE,7,139,25.03.2026,17.03.2026,26.03.2026,,,,,,S001,WH KLS JABABEKA
I100260306L134_S001,FUSO,6240000,0,0,0,0,0,6240000,S001 - WH KLS JABABEKA,BEPA IKA PEKASA,7,ON SCHEDULE,27,0,04.04.2026,07.03.2026,15.03.2026,07.04.2026,08.04.2026,08.04.2026,13.04.2026,,S001,WH KLS JABABEKA
I100260306L138_S001,MINI VAN BOX,0,0,0,0,0,0,0,S001 - WH KLS JABABEKA,FIRST LOGISTICS,2,LATE,7,150,15.03.2026,07.03.2026,16.03.2026,,,,,,S001,WH KLS JABABEKA
I100260306L139_S001,MINI VAN BOX,654500,0,0,0,0,0,654500,S001 - WH KLS JABABEKA,FIRST LOGISTICS,7,ON SCHEDULE,27,0,04.04.2026,07.03.2026,14.03.2026,10.06.2026,17.06.2026,18.06.2026,19.06.2026,,S001,WH KLS JABABEKA
I100260306L139_S001,MINI VAN BOX,654500,0,0,0,0,0,654500,S001 - WH KLS JABABEKA,FIRST LOGISTICS,7,ON SCHEDULE,27,0,04.04.2026,07.03.2026,14.03.2026,10.06.2026,17.06.2026,18.06.2026,19.06.2026,,S001,WH KLS JABABEKA
I100260306L141_S001,MINI VAN BOX,131600,0,0,0,0,0,131600,S001 - WH KLS JABABEKA,FIRST LOGISTICS,7,ON SCHEDULE,27,0,04.04.2026,07.03.2026,14.03.2026,10.06.2026,17.06.2026,18.06.2026,19.06.2026,,S001,WH KLS JABABEKA
I100260306L141_S001,MINI VAN BOX,131600,0,0,0,0,0,131600,S001 - WH KLS JABABEKA,FIRST LOGISTICS,7,ON SCHEDULE,27,0,04.04.2026,07.03.2026,14.03.2026,10.06.2026,17.06.2026,18.06.2026,19.06.2026,,S001,WH KLS JABABEKA
I100260306L142_S001,MINI VAN BOX,816050,0,0,0,0,0,816050,S001 - WH KLS JABABEKA,FIRST LOGISTICS,7,ON SCHEDULE,27,0,04.04.2026,07.03.2026,16.03.2026,10.06.2026,17.06.2026,18.06.2026,19.06.2026,,S001,WH KLS JABABEKA
I100260306L142_S001,MINI VAN BOX,816050,0,0,0,0,0,816050,S001 - WH KLS JABABEKA,FIRST LOGISTICS,7,ON SCHEDULE,27,0,04.04.2026,07.03.2026,16.03.2026,10.06.2026,17.06.2026,18.06.2026,19.06.2026,,S001,WH KLS JABABEKA
I100260306L143_S001,MINI VAN BOX,193200,0,0,0,0,0,193200,S001 - WH KLS JABABEKA,FIRST LOGISTICS,7,ON SCHEDULE,27,0,04.04.2026,07.03.2026,14.03.2026,10.06.2026,17.06.2026,18.06.2026,19.06.2026,,S001,WH KLS JABABEKA
I100260306L143_S001,MINI VAN BOX,193200,0,0,0,0,0,193200,S001 - WH KLS JABABEKA,FIRST LOGISTICS,7,ON SCHEDULE,27,0,04.04.2026,07.03.2026,14.03.2026,10.06.2026,17.06.2026,18.06.2026,19.06.2026,,S001,WH KLS JABABEKA
I100260306L144_S001,MINI VAN BOX,0,0,0,0,0,0,0,S001 - WH KLS JABABEKA,FIRST LOGISTICS,2,LATE,7,150,15.03.2026,07.03.2026,16.03.2026,,,,,,S001,WH KLS JABABEKA
I100260306L145_S001,MINI VAN BOX,209700,0,0,0,0,0,209700,S001 - WH KLS JABABEKA,FIRST LOGISTICS,7,ON SCHEDULE,27,0,04.04.2026,07.03.2026,14.03.2026,10.06.2026,17.06.2026,18.06.2026,19.06.2026,,S001,WH KLS JABABEKA
I100260306L145_S001,MINI VAN BOX,209700,0,0,0,0,0,209700,S001 - WH KLS JABABEKA,FIRST LOGISTICS,7,ON SCHEDULE,27,0,04.04.2026,07.03.2026,14.03.2026,10.06.2026,17.06.2026,18.06.2026,19.06.2026,,S001,WH KLS JABABEKA
I100260306L147_S001,MINI VAN BOX,0,0,0,0,0,0,0,S001 - WH KLS JABABEKA,PT. MERPATI ALAM SEMESTA,2,LATE,7,139,25.03.2026,17.03.2026,26.03.2026,,,,,,S001,WH KLS JABABEKA
I100260306L148_S001,MINI VAN BOX,0,0,0,0,0,0,0,S001 - WH KLS JABABEKA,FIRST LOGISTICS,2,LATE,7,150,15.03.2026,07.03.2026,16.03.2026,,,,,,S001,WH KLS JABABEKA
I100260306T015_S001,WINGBOX,5650000,0,0,0,0,0,5650000,S001 - WH KLS JABABEKA,PT. DUTA MEDIA MANDIRI,7,ON SCHEDULE,29,0,05.04.2026,06.03.2026,09.03.2026,09.03.2026,09.03.2026,27.03.2026,27.03.2026,,S001,WH KLS JABABEKA
I100260307L004_S001,MINI VAN BOX,3673600,0,0,0,0,0,3673600,S001 - WH KLS JABABEKA,FIRST LOGISTICS,7,ON SCHEDULE,27,0,23.04.2026,26.03.2026,27.03.2026,10.06.2026,17.06.2026,18.06.2026,22.06.2026,,S001,WH KLS JABABEKA
I100260307L004_S001,MINI VAN BOX,3673600,0,0,0,0,0,3673600,S001 - WH KLS JABABEKA,FIRST LOGISTICS,7,ON SCHEDULE,27,0,23.04.2026,26.03.2026,27.03.2026,10.06.2026,17.06.2026,18.06.2026,22.06.2026,,S001,WH KLS JABABEKA
I100260307L025_S001,WINGBOX,13000000,0,0,0,0,0,13000000,S001 - WH KLS JABABEKA,PT DHANESWARA EKSPRES,7,ON SCHEDULE,27,0,06.04.2026,09.03.2026,,06.04.2026,11.04.2026,20.04.2026,20.04.2026,,S001,WH KLS JABABEKA
I100260307L027_S001,CDD BAK,4500000,0,0,0,550000,0,5050000,S001 - WH KLS JABABEKA,PT. HARI JAYA SEJAHTERA,7,ON SCHEDULE,29,0,06.04.2026,07.03.2026,09.03.2026,27.03.2026,31.03.2026,02.04.2026,06.04.2026,,S001,WH KLS JABABEKA
I100260307L027_S001,CDD BAK,4500000,0,0,0,550000,0,5050000,S001 - WH KLS JABABEKA,PT. HARI JAYA SEJAHTERA,7,ON SCHEDULE,29,0,06.04.2026,07.03.2026,09.03.2026,27.03.2026,31.03.2026,02.04.2026,06.04.2026,,S001,WH KLS JABABEKA
I100260307L028_S001,CDD BAK,4500000,0,0,0,550000,0,5050000,S001 - WH KLS JABABEKA,PT. HARI JAYA SEJAHTERA,7,ON SCHEDULE,29,0,06.04.2026,07.03.2026,09.03.2026,27.03.2026,31.03.2026,02.04.2026,06.04.2026,,S001,WH KLS JABABEKA
I100260307L028_S001,CDD BAK,4500000,0,0,0,550000,0,5050000,S001 - WH KLS JABABEKA,PT. HARI JAYA SEJAHTERA,7,ON SCHEDULE,29,0,06.04.2026,07.03.2026,09.03.2026,27.03.2026,31.03.2026,02.04.2026,06.04.2026,,S001,WH KLS JABABEKA
I100260307L029_S001,CDD BAK,5100000,0,0,0,800000,0,5900000,S001 - WH KLS JABABEKA,PT. HARI JAYA SEJAHTERA,7,ON SCHEDULE,29,0,16.04.2026,17.03.2026,26.03.2026,27.03.2026,31.03.2026,02.04.2026,06.04.2026,,S001,WH KLS JABABEKA
I100260307L029_S001,CDD BAK,5100000,0,0,0,800000,0,5900000,S001 - WH KLS JABABEKA,PT. HARI JAYA SEJAHTERA,7,ON SCHEDULE,29,0,16.04.2026,17.03.2026,26.03.2026,27.03.2026,31.03.2026,02.04.2026,06.04.2026,,S001,WH KLS JABABEKA
I100260307L030_S001,CDD BAK,5300000,0,0,0,800000,0,6100000,S001 - WH KLS JABABEKA,EKA CIPTA MANGGALA,7,ON SCHEDULE,29,0,06.04.2026,07.03.2026,09.03.2026,25.03.2026,25.03.2026,25.03.2026,25.03.2026,,S001,WH KLS JABABEKA
I100260307L030_S001,CDD BAK,5300000,0,0,0,800000,0,6100000,S001 - WH KLS JABABEKA,EKA CIPTA MANGGALA,7,ON SCHEDULE,29,0,06.04.2026,07.03.2026,09.03.2026,25.03.2026,25.03.2026,25.03.2026,25.03.2026,,S001,WH KLS JABABEKA
I100260307L030_S001,CDD BAK,5300000,0,0,0,800000,0,6100000,S001 - WH KLS JABABEKA,EKA CIPTA MANGGALA,7,ON SCHEDULE,29,0,06.04.2026,07.03.2026,09.03.2026,25.03.2026,25.03.2026,25.03.2026,25.03.2026,,S001,WH KLS JABABEKA
I100260307L030_S001,CDD BAK,5300000,0,0,0,800000,0,6100000,S001 - WH KLS JABABEKA,EKA CIPTA MANGGALA,7,ON SCHEDULE,29,0,06.04.2026,07.03.2026,09.03.2026,25.03.2026,25.03.2026,25.03.2026,25.03.2026,,S001,WH KLS JABABEKA
I100260307L031_S001,CDE PICKUP,1600000,0,0,0,0,0,1600000,S001 - WH KLS JABABEKA,PT. MERPATI ALAM SEMESTA,7,ON SCHEDULE,27,0,04.04.2026,07.03.2026,12.03.2026,25.05.2026,27.05.2026,02.06.2026,02.06.2026,,S001,WH KLS JABABEKA
I100260307L031_S001,CDE PICKUP,1600000,0,0,0,0,0,1600000,S001 - WH KLS JABABEKA,PT. MERPATI ALAM SEMESTA,7,ON SCHEDULE,27,0,04.04.2026,07.03.2026,12.03.2026,25.05.2026,27.05.2026,02.06.2026,02.06.2026,,S001,WH KLS JABABEKA
I100260307L097_S001,MINI VAN BOX,658000,0,0,0,0,0,658000,S001 - WH KLS JABABEKA,FIRST LOGISTICS,7,ON SCHEDULE,27,0,23.04.2026,26.03.2026,28.03.2026,10.06.2026,17.06.2026,18.06.2026,19.06.2026,,S001,WH KLS JABABEKA
I100260307L097_S001,MINI VAN BOX,658000,0,0,0,0,0,658000,S001 - WH KLS JABABEKA,FIRST LOGISTICS,7,ON SCHEDULE,27,0,23.04.2026,26.03.2026,28.03.2026,10.06.2026,17.06.2026,18.06.2026,19.06.2026,,S001,WH KLS JABABEKA
I100260307L098_S001,MINI VAN BOX,193200,0,0,0,0,0,193200,S001 - WH KLS JABABEKA,FIRST LOGISTICS,7,ON SCHEDULE,27,0,23.04.2026,26.03.2026,28.03.2026,10.06.2026,17.06.2026,18.06.2026,19.06.2026,,S001,WH KLS JABABEKA
I100260307L098_S001,MINI VAN BOX,193200,0,0,0,0,0,193200,S001 - WH KLS JABABEKA,FIRST LOGISTICS,7,ON SCHEDULE,27,0,23.04.2026,26.03.2026,28.03.2026,10.06.2026,17.06.2026,18.06.2026,19.06.2026,,S001,WH KLS JABABEKA
I100260307L099_S001,MINI VAN BOX,1176450,0,0,0,0,0,1176450,S001 - WH KLS JABABEKA,FIRST LOGISTICS,7,ON SCHEDULE,27,0,23.04.2026,26.03.2026,28.03.2026,10.06.2026,17.06.2026,18.06.2026,19.06.2026,,S001,WH KLS JABABEKA
I100260307L099_S001,MINI VAN BOX,1176450,0,0,0,0,0,1176450,S001 - WH KLS JABABEKA,FIRST LOGISTICS,7,ON SCHEDULE,27,0,23.04.2026,26.03.2026,28.03.2026,10.06.2026,17.06.2026,18.06.2026,19.06.2026,,S001,WH KLS JABABEKA
I100260307L100_S001,MINI VAN BOX,44200,0,0,0,0,0,44200,S001 - WH KLS JABABEKA,FIRST LOGISTICS,7,ON SCHEDULE,27,0,23.04.2026,26.03.2026,28.03.2026,10.06.2026,17.06.2026,18.06.2026,22.06.2026,,S001,WH KLS JABABEKA
I100260307L100_S001,MINI VAN BOX,44200,0,0,0,0,0,44200,S001 - WH KLS JABABEKA,FIRST LOGISTICS,7,ON SCHEDULE,27,0,23.04.2026,26.03.2026,28.03.2026,10.06.2026,17.06.2026,18.06.2026,22.06.2026,,S001,WH KLS JABABEKA
I100260307L101_S001,MINI VAN BOX,81450,0,0,0,0,0,81450,S001 - WH KLS JABABEKA,FIRST LOGISTICS,7,ON SCHEDULE,27,0,23.04.2026,26.03.2026,28.03.2026,10.06.2026,17.06.2026,18.06.2026,22.06.2026,,S001,WH KLS JABABEKA
I100260307L101_S001,MINI VAN BOX,81450,0,0,0,0,0,81450,S001 - WH KLS JABABEKA,FIRST LOGISTICS,7,ON SCHEDULE,27,0,23.04.2026,26.03.2026,28.03.2026,10.06.2026,17.06.2026,18.06.2026,22.06.2026,,S001,WH KLS JABABEKA
I100260307L102_S001,MINI VAN BOX,83000,0,0,0,0,0,83000,S001 - WH KLS JABABEKA,FIRST LOGISTICS,7,ON SCHEDULE,27,0,23.04.2026,26.03.2026,29.03.2026,10.06.2026,17.06.2026,18.06.2026,22.06.2026,,S001,WH KLS JABABEKA
I100260307L102_S001,MINI VAN BOX,83000,0,0,0,0,0,83000,S001 - WH KLS JABABEKA,FIRST LOGISTICS,7,ON SCHEDULE,27,0,23.04.2026,26.03.2026,29.03.2026,10.06.2026,17.06.2026,18.06.2026,22.06.2026,,S001,WH KLS JABABEKA
I100260307L103_S001,MINI VAN BOX,0,0,0,0,0,0,0,S001 - WH KLS JABABEKA,FIRST LOGISTICS,2,LATE,7,130,03.04.2026,26.03.2026,28.03.2026,,,,,,S001,WH KLS JABABEKA
I100260308L007_S001,CDD BAK,4000000,0,0,0,800000,0,4800000,S001 - WH KLS JABABEKA,EKA CIPTA MANGGALA,7,ON SCHEDULE,28,0,06.04.2026,08.03.2026,09.03.2026,11.03.2026,12.03.2026,13.03.2026,13.03.2026,,S001,WH KLS JABABEKA
I100260308L007_S001,CDD BAK,4000000,0,0,0,800000,0,4800000,S001 - WH KLS JABABEKA,EKA CIPTA MANGGALA,7,ON SCHEDULE,28,0,06.04.2026,08.03.2026,09.03.2026,11.03.2026,12.03.2026,13.03.2026,13.03.2026,,S001,WH KLS JABABEKA
I100260308L007_S001,CDD BAK,4000000,0,0,0,800000,0,4800000,S001 - WH KLS JABABEKA,EKA CIPTA MANGGALA,7,ON SCHEDULE,28,0,06.04.2026,08.03.2026,09.03.2026,11.03.2026,12.03.2026,13.03.2026,13.03.2026,,S001,WH KLS JABABEKA
I100260308L007_S001,CDD BAK,4000000,0,0,0,800000,0,4800000,S001 - WH KLS JABABEKA,EKA CIPTA MANGGALA,7,ON SCHEDULE,28,0,06.04.2026,08.03.2026,09.03.2026,11.03.2026,12.03.2026,13.03.2026,13.03.2026,,S001,WH KLS JABABEKA
I100260308L008_S001,CDD BAK,3700000,0,0,0,400000,0,4100000,S001 - WH KLS JABABEKA,EKA CIPTA MANGGALA,7,ON SCHEDULE,27,0,05.04.2026,08.03.2026,09.03.2026,25.03.2026,25.03.2026,25.03.2026,25.03.2026,,S001,WH KLS JABABEKA
I100260308L008_S001,CDD BAK,3700000,0,0,0,400000,0,4100000,S001 - WH KLS JABABEKA,EKA CIPTA MANGGALA,7,ON SCHEDULE,27,0,05.04.2026,08.03.2026,09.03.2026,25.03.2026,25.03.2026,25.03.2026,25.03.2026,,S001,WH KLS JABABEKA
I100260308L008_S001,CDD BAK,3700000,0,0,0,400000,0,4100000,S001 - WH KLS JABABEKA,EKA CIPTA MANGGALA,7,ON SCHEDULE,27,0,05.04.2026,08.03.2026,09.03.2026,25.03.2026,25.03.2026,25.03.2026,25.03.2026,,S001,WH KLS JABABEKA
I100260308L009_S001,CDD BAK,4100000,0,0,0,400000,0,4500000,S001 - WH KLS JABABEKA,EKA CIPTA MANGGALA,7,ON SCHEDULE,28,0,06.04.2026,08.03.2026,09.03.2026,11.03.2026,12.03.2026,13.03.2026,13.03.2026,,S001,WH KLS JABABEKA
I100260308L009_S001,CDD BAK,4100000,0,0,0,400000,0,4500000,S001 - WH KLS JABABEKA,EKA CIPTA MANGGALA,7,ON SCHEDULE,28,0,06.04.2026,08.03.2026,09.03.2026,11.03.2026,12.03.2026,13.03.2026,13.03.2026,,S001,WH KLS JABABEKA
I100260308L009_S001,CDD BAK,4100000,0,0,0,400000,0,4500000,S001 - WH KLS JABABEKA,EKA CIPTA MANGGALA,7,ON SCHEDULE,28,0,06.04.2026,08.03.2026,09.03.2026,11.03.2026,12.03.2026,13.03.2026,13.03.2026,,S001,WH KLS JABABEKA
I100260308L010_S001,CDD BAK,4000000,0,0,0,800000,0,4800000,S001 - WH KLS JABABEKA,EKA CIPTA MANGGALA,7,ON SCHEDULE,27,0,05.04.2026,08.03.2026,09.03.2026,11.03.2026,12.03.2026,13.03.2026,13.03.2026,,S001,WH KLS JABABEKA
I100260308L010_S001,CDD BAK,4000000,0,0,0,800000,0,4800000,S001 - WH KLS JABABEKA,EKA CIPTA MANGGALA,7,ON SCHEDULE,27,0,05.04.2026,08.03.2026,09.03.2026,11.03.2026,12.03.2026,13.03.2026,13.03.2026,,S001,WH KLS JABABEKA
I100260308L010_S001,CDD BAK,4000000,0,0,0,800000,0,4800000,S001 - WH KLS JABABEKA,EKA CIPTA MANGGALA,7,ON SCHEDULE,27,0,05.04.2026,08.03.2026,09.03.2026,11.03.2026,12.03.2026,13.03.2026,13.03.2026,,S001,WH KLS JABABEKA
I100260308L010_S001,CDD BAK,4000000,0,0,0,800000,0,4800000,S001 - WH KLS JABABEKA,EKA CIPTA MANGGALA,7,ON SCHEDULE,27,0,05.04.2026,08.03.2026,09.03.2026,11.03.2026,12.03.2026,13.03.2026,13.03.2026,,S001,WH KLS JABABEKA
I100260309L029_S001,CDD LONG CHASSIS,2850000,0,0,0,400000,0,3250000,S001 - WH KLS JABABEKA,BINTANG SAMUDERA,7,ON SCHEDULE,28,0,07.04.2026,09.03.2026,11.03.2026,21.04.2026,23.04.2026,23.04.2026,23.04.2026,,S001,WH KLS JABABEKA
I100260309L029_S001,CDD LONG CHASSIS,2850000,0,0,0,400000,0,3250000,S001 - WH KLS JABABEKA,BINTANG SAMUDERA,7,ON SCHEDULE,28,0,07.04.2026,09.03.2026,11.03.2026,21.04.2026,23.04.2026,23.04.2026,23.04.2026,,S001,WH KLS JABABEKA
I100260309L029_S001,CDD LONG CHASSIS,2850000,0,0,0,400000,0,3250000,S001 - WH KLS JABABEKA,BINTANG SAMUDERA,7,ON SCHEDULE,28,0,07.04.2026,09.03.2026,11.03.2026,21.04.2026,23.04.2026,23.04.2026,23.04.2026,,S001,WH KLS JABABEKA
I100260309L030_S001,FUSO BAK,5500000,0,0,0,0,0,5500000,S001 - WH KLS JABABEKA,EKA CIPTA MANGGALA,7,ON SCHEDULE,27,0,06.04.2026,09.03.2026,10.03.2026,25.03.2026,25.03.2026,25.03.2026,25.03.2026,,S001,WH KLS JABABEKA
I100260309L031_S001,CONT-20,14000000,0,0,0,0,0,14000000,S001 - WH KLS JABABEKA,PT. SENTOSA PRIMA ABADI,7,ON SCHEDULE,27,0,07.04.2026,10.03.2026,,13.05.2026,14.05.2026,18.05.2026,18.05.2026,,S001,WH KLS JABABEKA
I100260309L033_S001,CONT-40,27800000,0,0,0,0,7500000,35300000,S001 - WH KLS JABABEKA,PT. SENTOSA PRIMA ABADI,7,ON SCHEDULE,27,0,08.04.2026,11.03.2026,,18.06.2026,19.06.2026,29.06.2026,29.06.2026,,S001,WH KLS JABABEKA
I100260309L034_S001,CDD BAK,4500000,0,0,350000,0,0,4850000,S001 - WH KLS JABABEKA,PT. HARI JAYA SEJAHTERA,7,ON SCHEDULE,27,0,06.04.2026,09.03.2026,12.03.2026,31.03.2026,31.03.2026,02.04.2026,06.04.2026,,S001,WH KLS JABABEKA
I100260309L035_S001,CDD BAK,4500000,0,0,200000,0,0,4700000,S001 - WH KLS JABABEKA,PT. HARI JAYA SEJAHTERA,7,ON SCHEDULE,27,0,06.04.2026,09.03.2026,12.03.2026,31.03.2026,31.03.2026,02.04.2026,06.04.2026,,S001,WH KLS JABABEKA
I100260309L037_S001,CDE PICKUP,275000,0,0,0,0,0,275000,S001 - WH KLS JABABEKA,PT. Nusantara Cargo Line,7,ON SCHEDULE,27,0,07.04.2026,10.03.2026,14.03.2026,01.04.2026,01.04.2026,09.04.2026,09.04.2026,,S001,WH KLS JABABEKA
I100260309L037_S001,CDE PICKUP,275000,0,0,0,0,0,275000,S001 - WH KLS JABABEKA,PT. Nusantara Cargo Line,7,ON SCHEDULE,27,0,07.04.2026,10.03.2026,14.03.2026,01.04.2026,01.04.2026,09.04.2026,09.04.2026,,S001,WH KLS JABABEKA
I100260309L038_S001,CDE PICKUP,275000,0,0,0,0,0,275000,S001 - WH KLS JABABEKA,PT. Nusantara Cargo Line,7,ON SCHEDULE,27,0,07.04.2026,10.03.2026,14.03.2026,01.04.2026,01.04.2026,09.04.2026,09.04.2026,,S001,WH KLS JABABEKA
I100260309L038_S001,CDE PICKUP,275000,0,0,0,0,0,275000,S001 - WH KLS JABABEKA,PT. Nusantara Cargo Line,7,ON SCHEDULE,27,0,07.04.2026,10.03.2026,14.03.2026,01.04.2026,01.04.2026,09.04.2026,09.04.2026,,S001,WH KLS JABABEKA
I100260309L039_S001,CDE PICKUP,275000,0,0,0,0,0,275000,S001 - WH KLS JABABEKA,PT. Nusantara Cargo Line,7,ON SCHEDULE,27,0,07.04.2026,10.03.2026,14.03.2026,13.04.2026,14.04.2026,15.04.2026,15.04.2026,,S001,WH KLS JABABEKA
I100260309L039_S001,CDE PICKUP,275000,0,0,0,0,0,275000,S001 - WH KLS JABABEKA,PT. Nusantara Cargo Line,7,ON SCHEDULE,27,0,07.04.2026,10.03.2026,14.03.2026,13.04.2026,14.04.2026,15.04.2026,15.04.2026,,S001,WH KLS JABABEKA
I100260309L040_S001,CDE PICKUP,762500,0,0,0,0,0,762500,S001 - WH KLS JABABEKA,PT. Nusantara Cargo Line,7,ON SCHEDULE,27,0,07.04.2026,10.03.2026,12.03.2026,01.04.2026,01.04.2026,13.04.2026,13.04.2026,,S001,WH KLS JABABEKA
I100260309L040_S001,CDE PICKUP,762500,0,0,0,0,0,762500,S001 - WH KLS JABABEKA,PT. Nusantara Cargo Line,7,ON SCHEDULE,27,0,07.04.2026,10.03.2026,12.03.2026,01.04.2026,01.04.2026,13.04.2026,13.04.2026,,S001,WH KLS JABABEKA
I100260309L040_S001,CDE PICKUP,762500,0,0,0,0,0,762500,S001 - WH KLS JABABEKA,PT. Nusantara Cargo Line,7,ON SCHEDULE,27,0,07.04.2026,10.03.2026,12.03.2026,01.04.2026,01.04.2026,13.04.2026,13.04.2026,,S001,WH KLS JABABEKA
I100260309L041_S001,CDE PICKUP,858000,0,0,0,0,0,858000,S001 - WH KLS JABABEKA,PT. Nusantara Cargo Line,7,ON SCHEDULE,27,0,07.04.2026,10.03.2026,14.03.2026,01.04.2026,01.04.2026,10.04.2026,10.04.2026,,S001,WH KLS JABABEKA
I100260309L041_S001,CDE PICKUP,858000,0,0,0,0,0,858000,S001 - WH KLS JABABEKA,PT. Nusantara Cargo Line,7,ON SCHEDULE,27,0,07.04.2026,10.03.2026,14.03.2026,01.04.2026,01.04.2026,10.04.2026,10.04.2026,,S001,WH KLS JABABEKA
I100260309L042_S001,CDE PICKUP,845000,0,0,0,0,0,845000,S001 - WH KLS JABABEKA,PT. Nusantara Cargo Line,7,ON SCHEDULE,27,0,07.04.2026,10.03.2026,14.03.2026,01.04.2026,01.04.2026,10.04.2026,10.04.2026,,S001,WH KLS JABABEKA
I100260309L042_S001,CDE PICKUP,845000,0,0,0,0,0,845000,S001 - WH KLS JABABEKA,PT. Nusantara Cargo Line,7,ON SCHEDULE,27,0,07.04.2026,10.03.2026,14.03.2026,01.04.2026,01.04.2026,10.04.2026,10.04.2026,,S001,WH KLS JABABEKA
I100260309L043_S001,CDE PICKUP,325000,0,0,0,0,0,325000,S001 - WH KLS JABABEKA,PT. Nusantara Cargo Line,7,ON SCHEDULE,27,0,23.04.2026,26.03.2026,28.03.2026,01.04.2026,01.04.2026,10.04.2026,10.04.2026,,S001,WH KLS JABABEKA
I100260309L043_S001,CDE PICKUP,325000,0,0,0,0,0,325000,S001 - WH KLS JABABEKA,PT. Nusantara Cargo Line,7,ON SCHEDULE,27,0,23.04.2026,26.03.2026,28.03.2026,01.04.2026,01.04.2026,10.04.2026,10.04.2026,,S001,WH KLS JABABEKA
I100260309L044_S001,CDE PICKUP,262500,0,0,0,0,0,262500,S001 - WH KLS JABABEKA,PT. Nusantara Cargo Line,7,ON SCHEDULE,27,0,23.04.2026,26.03.2026,28.03.2026,01.04.2026,01.04.2026,10.04.2026,10.04.2026,,S001,WH KLS JABABEKA
I100260309L044_S001,CDE PICKUP,262500,0,0,0,0,0,262500,S001 - WH KLS JABABEKA,PT. Nusantara Cargo Line,7,ON SCHEDULE,27,0,23.04.2026,26.03.2026,28.03.2026,01.04.2026,01.04.2026,10.04.2026,10.04.2026,,S001,WH KLS JABABEKA
I100260309L045_S001,CDE PICKUP,400000,0,0,0,0,0,400000,S001 - WH KLS JABABEKA,PT. Nusantara Cargo Line,7,ON SCHEDULE,27,0,07.04.2026,10.03.2026,14.03.2026,01.04.2026,01.04.2026,10.04.2026,10.04.2026,,S001,WH KLS JABABEKA
I100260309L045_S001,CDE PICKUP,400000,0,0,0,0,0,400000,S001 - WH KLS JABABEKA,PT. Nusantara Cargo Line,7,ON SCHEDULE,27,0,07.04.2026,10.03.2026,14.03.2026,01.04.2026,01.04.2026,10.04.2026,10.04.2026,,S001,WH KLS JABABEKA
I100260309L046_S001,CDE PICKUP,325000,0,0,0,0,0,325000,S001 - WH KLS JABABEKA,PT. Nusantara Cargo Line,7,ON SCHEDULE,27,0,23.04.2026,26.03.2026,28.03.2026,01.04.2026,01.04.2026,10.04.2026,10.04.2026,,S001,WH KLS JABABEKA
I100260309L046_S001,CDE PICKUP,325000,0,0,0,0,0,325000,S001 - WH KLS JABABEKA,PT. Nusantara Cargo Line,7,ON SCHEDULE,27,0,23.04.2026,26.03.2026,28.03.2026,01.04.2026,01.04.2026,10.04.2026,10.04.2026,,S001,WH KLS JABABEKA
I100260309L047_S001,CDE PICKUP,1192500,0,0,0,0,0,1192500,S001 - WH KLS JABABEKA,PT. Nusantara Cargo Line,7,ON SCHEDULE,27,0,07.04.2026,10.03.2026,14.03.2026,01.04.2026,01.04.2026,10.04.2026,10.04.2026,,S001,WH KLS JABABEKA
I100260309L047_S001,CDE PICKUP,1192500,0,0,0,0,0,1192500,S001 - WH KLS JABABEKA,PT. Nusantara Cargo Line,7,ON SCHEDULE,27,0,07.04.2026,10.03.2026,14.03.2026,01.04.2026,01.04.2026,10.04.2026,10.04.2026,,S001,WH KLS JABABEKA
I100260309L048_S001,CDE PICKUP,375000,0,0,0,0,0,375000,S001 - WH KLS JABABEKA,PT. Nusantara Cargo Line,7,ON SCHEDULE,27,0,07.04.2026,10.03.2026,14.03.2026,01.04.2026,01.04.2026,10.04.2026,10.04.2026,,S001,WH KLS JABABEKA
I100260309L048_S001,CDE PICKUP,375000,0,0,0,0,0,375000,S001 - WH KLS JABABEKA,PT. Nusantara Cargo Line,7,ON SCHEDULE,27,0,07.04.2026,10.03.2026,14.03.2026,01.04.2026,01.04.2026,10.04.2026,10.04.2026,,S001,WH KLS JABABEKA
I100260309L049_S001,CDE PICKUP,275000,0,0,0,0,0,275000,S001 - WH KLS JABABEKA,PT. Nusantara Cargo Line,7,ON SCHEDULE,27,0,07.04.2026,10.03.2026,14.03.2026,01.04.2026,01.04.2026,09.04.2026,09.04.2026,,S001,WH KLS JABABEKA
I100260309L049_S001,CDE PICKUP,275000,0,0,0,0,0,275000,S001 - WH KLS JABABEKA,PT. Nusantara Cargo Line,7,ON SCHEDULE,27,0,07.04.2026,10.03.2026,14.03.2026,01.04.2026,01.04.2026,09.04.2026,09.04.2026,,S001,WH KLS JABABEKA
I100260309L050_S001,CDE PICKUP,855000,0,0,0,0,0,855000,S001 - WH KLS JABABEKA,PT. Nusantara Cargo Line,7,ON SCHEDULE,27,0,07.04.2026,10.03.2026,14.03.2026,01.04.2026,01.04.2026,13.04.2026,13.04.2026,,S001,WH KLS JABABEKA
I100260309L050_S001,CDE PICKUP,855000,0,0,0,0,0,855000,S001 - WH KLS JABABEKA,PT. Nusantara Cargo Line,7,ON SCHEDULE,27,0,07.04.2026,10.03.2026,14.03.2026,01.04.2026,01.04.2026,13.04.2026,13.04.2026,,S001,WH KLS JABABEKA
I100260309L051_S001,CDE PICKUP,300000,0,0,0,0,0,300000,S001 - WH KLS JABABEKA,PT. Nusantara Cargo Line,7,ON SCHEDULE,27,0,07.04.2026,10.03.2026,14.03.2026,01.04.2026,01.04.2026,13.04.2026,13.04.2026,,S001,WH KLS JABABEKA
I100260309L051_S001,CDE PICKUP,300000,0,0,0,0,0,300000,S001 - WH KLS JABABEKA,PT. Nusantara Cargo Line,7,ON SCHEDULE,27,0,07.04.2026,10.03.2026,14.03.2026,01.04.2026,01.04.2026,13.04.2026,13.04.2026,,S001,WH KLS JABABEKA
I100260309L053_S001,CDE PICKUP,325000,0,0,0,0,0,325000,S001 - WH KLS JABABEKA,PT. Nusantara Cargo Line,7,ON SCHEDULE,27,0,07.04.2026,10.03.2026,14.03.2026,13.04.2026,14.04.2026,15.04.2026,15.04.2026,,S001,WH KLS JABABEKA
I100260309L053_S001,CDE PICKUP,325000,0,0,0,0,0,325000,S001 - WH KLS JABABEKA,PT. Nusantara Cargo Line,7,ON SCHEDULE,27,0,07.04.2026,10.03.2026,14.03.2026,13.04.2026,14.04.2026,15.04.2026,15.04.2026,,S001,WH KLS JABABEKA
I100260309L054_S001,CDE PICKUP,375000,0,0,0,0,0,375000,S001 - WH KLS JABABEKA,PT. Nusantara Cargo Line,7,ON SCHEDULE,27,0,23.04.2026,26.03.2026,28.03.2026,01.04.2026,01.04.2026,13.04.2026,13.04.2026,,S001,WH KLS JABABEKA
I100260309L054_S001,CDE PICKUP,375000,0,0,0,0,0,375000,S001 - WH KLS JABABEKA,PT. Nusantara Cargo Line,7,ON SCHEDULE,27,0,23.04.2026,26.03.2026,28.03.2026,01.04.2026,01.04.2026,13.04.2026,13.04.2026,,S001,WH KLS JABABEKA
I100260309L055_S001,CDE PICKUP,275000,0,0,0,0,0,275000,S001 - WH KLS JABABEKA,PT. Nusantara Cargo Line,7,ON SCHEDULE,27,0,07.04.2026,10.03.2026,14.03.2026,01.04.2026,01.04.2026,09.04.2026,09.04.2026,,S001,WH KLS JABABEKA
I100260309L055_S001,CDE PICKUP,275000,0,0,0,0,0,275000,S001 - WH KLS JABABEKA,PT. Nusantara Cargo Line,7,ON SCHEDULE,27,0,07.04.2026,10.03.2026,14.03.2026,01.04.2026,01.04.2026,09.04.2026,09.04.2026,,S001,WH KLS JABABEKA
I100260309L076_S001,CDE PICKUP,325000,0,0,0,0,0,325000,S001 - WH KLS JABABEKA,PT. Nusantara Cargo Line,7,ON SCHEDULE,27,0,23.04.2026,26.03.2026,28.03.2026,01.04.2026,01.04.2026,10.04.2026,10.04.2026,,S001,WH KLS JABABEKA
I100260309L076_S001,CDE PICKUP,325000,0,0,0,0,0,325000,S001 - WH KLS JABABEKA,PT. Nusantara Cargo Line,7,ON SCHEDULE,27,0,23.04.2026,26.03.2026,28.03.2026,01.04.2026,01.04.2026,10.04.2026,10.04.2026,,S001,WH KLS JABABEKA
I100260309L077_S001,CDE PICKUP,225000,0,0,0,0,0,225000,S001 - WH KLS JABABEKA,PT. Nusantara Cargo Line,7,ON SCHEDULE,27,0,07.04.2026,10.03.2026,14.03.2026,31.03.2026,31.03.2026,13.04.2026,13.04.2026,,S001,WH KLS JABABEKA
I100260309L077_S001,CDE PICKUP,225000,0,0,0,0,0,225000,S001 - WH KLS JABABEKA,PT. Nusantara Cargo Line,7,ON SCHEDULE,27,0,07.04.2026,10.03.2026,14.03.2026,31.03.2026,31.03.2026,13.04.2026,13.04.2026,,S001,WH KLS JABABEKA
I100260309L078_S001,CDE PICKUP,275000,0,0,0,0,0,275000,S001 - WH KLS JABABEKA,PT. Nusantara Cargo Line,7,ON SCHEDULE,27,0,07.04.2026,10.03.2026,14.03.2026,01.04.2026,01.04.2026,09.04.2026,09.04.2026,,S001,WH KLS JABABEKA
I100260309L078_S001,CDE PICKUP,275000,0,0,0,0,0,275000,S001 - WH KLS JABABEKA,PT. Nusantara Cargo Line,7,ON SCHEDULE,27,0,07.04.2026,10.03.2026,14.03.2026,01.04.2026,01.04.2026,09.04.2026,09.04.2026,,S001,WH KLS JABABEKA
I100260309L079_S001,CDE PICKUP,275000,0,0,0,0,0,275000,S001 - WH KLS JABABEKA,PT. Nusantara Cargo Line,7,ON SCHEDULE,27,0,07.04.2026,10.03.2026,14.03.2026,01.04.2026,01.04.2026,09.04.2026,09.04.2026,,S001,WH KLS JABABEKA
I100260309L079_S001,CDE PICKUP,275000,0,0,0,0,0,275000,S001 - WH KLS JABABEKA,PT. Nusantara Cargo Line,7,ON SCHEDULE,27,0,07.04.2026,10.03.2026,14.03.2026,01.04.2026,01.04.2026,09.04.2026,09.04.2026,,S001,WH KLS JABABEKA
I100260309L080_S001,CDE PICKUP,275000,0,0,0,0,0,275000,S001 - WH KLS JABABEKA,PT. Nusantara Cargo Line,7,ON SCHEDULE,27,0,23.04.2026,26.03.2026,28.03.2026,01.04.2026,01.04.2026,10.04.2026,10.04.2026,,S001,WH KLS JABABEKA
I100260309L080_S001,CDE PICKUP,275000,0,0,0,0,0,275000,S001 - WH KLS JABABEKA,PT. Nusantara Cargo Line,7,ON SCHEDULE,27,0,23.04.2026,26.03.2026,28.03.2026,01.04.2026,01.04.2026,10.04.2026,10.04.2026,,S001,WH KLS JABABEKA
I100260309L081_S001,CDD,275000,0,0,0,0,0,275000,S001 - WH KLS JABABEKA,PT. Nusantara Cargo Line,7,ON SCHEDULE,27,0,07.04.2026,10.03.2026,14.03.2026,01.04.2026,01.04.2026,10.04.2026,10.04.2026,,S001,WH KLS JABABEKA
I100260309L081_S001,CDD,275000,0,0,0,0,0,275000,S001 - WH KLS JABABEKA,PT. Nusantara Cargo Line,7,ON SCHEDULE,27,0,07.04.2026,10.03.2026,14.03.2026,01.04.2026,01.04.2026,10.04.2026,10.04.2026,,S001,WH KLS JABABEKA
I100260309L097_S001,CDD,0,0,0,0,0,0,0,S001 - WH KLS JABABEKA,PT. Nusantara Cargo Line,2,LATE,7,147,18.03.2026,10.03.2026,14.03.2026,,,,,,S001,WH KLS JABABEKA
I100260309L127_S001,MINI VAN BOX,38500,0,0,0,0,0,38500,S001 - WH KLS JABABEKA,FIRST LOGISTICS,7,ON SCHEDULE,27,0,23.04.2026,26.03.2026,28.03.2026,10.06.2026,17.06.2026,18.06.2026,22.06.2026,,S001,WH KLS JABABEKA
I100260309L127_S001,MINI VAN BOX,38500,0,0,0,0,0,38500,S001 - WH KLS JABABEKA,FIRST LOGISTICS,7,ON SCHEDULE,27,0,23.04.2026,26.03.2026,28.03.2026,10.06.2026,17.06.2026,18.06.2026,22.06.2026,,S001,WH KLS JABABEKA
I100260309L128_S001,MINI VAN BOX,460600,0,0,0,0,0,460600,S001 - WH KLS JABABEKA,FIRST LOGISTICS,7,ON SCHEDULE,27,0,23.04.2026,26.03.2026,28.03.2026,10.06.2026,17.06.2026,18.06.2026,22.06.2026,,S001,WH KLS JABABEKA
I100260309L128_S001,MINI VAN BOX,460600,0,0,0,0,0,460600,S001 - WH KLS JABABEKA,FIRST LOGISTICS,7,ON SCHEDULE,27,0,23.04.2026,26.03.2026,28.03.2026,10.06.2026,17.06.2026,18.06.2026,22.06.2026,,S001,WH KLS JABABEKA
I100260309L129_S001,MINI VAN BOX,730150,0,0,0,0,0,730150,S001 - WH KLS JABABEKA,FIRST LOGISTICS,7,ON SCHEDULE,27,0,23.04.2026,26.03.2026,28.03.2026,10.06.2026,17.06.2026,18.06.2026,22.06.2026,,S001,WH KLS JABABEKA
I100260309L129_S001,MINI VAN BOX,730150,0,0,0,0,0,730150,S001 - WH KLS JABABEKA,FIRST LOGISTICS,7,ON SCHEDULE,27,0,23.04.2026,26.03.2026,28.03.2026,10.06.2026,17.06.2026,18.06.2026,22.06.2026,,S001,WH KLS JABABEKA
I100260309L130_S001,MINI VAN BOX,619200,0,0,0,0,0,619200,S001 - WH KLS JABABEKA,FIRST LOGISTICS,7,ON SCHEDULE,27,0,23.04.2026,26.03.2026,28.03.2026,10.06.2026,17.06.2026,18.06.2026,22.06.2026,,S001,WH KLS JABABEKA
I100260309L130_S001,MINI VAN BOX,619200,0,0,0,0,0,619200,S001 - WH KLS JABABEKA,FIRST LOGISTICS,7,ON SCHEDULE,27,0,23.04.2026,26.03.2026,28.03.2026,10.06.2026,17.06.2026,18.06.2026,22.06.2026,,S001,WH KLS JABABEKA
I100260309L131_S001,MINI VAN BOX,44200,0,0,0,0,0,44200,S001 - WH KLS JABABEKA,FIRST LOGISTICS,7,ON SCHEDULE,27,0,23.04.2026,26.03.2026,28.03.2026,10.06.2026,17.06.2026,18.06.2026,22.06.2026,,S001,WH KLS JABABEKA
I100260309L131_S001,MINI VAN BOX,44200,0,0,0,0,0,44200,S001 - WH KLS JABABEKA,FIRST LOGISTICS,7,ON SCHEDULE,27,0,23.04.2026,26.03.2026,28.03.2026,10.06.2026,17.06.2026,18.06.2026,22.06.2026,,S001,WH KLS JABABEKA
I100260309L132_S001,MINI VAN BOX,153450,0,0,0,0,0,153450,S001 - WH KLS JABABEKA,FIRST LOGISTICS,7,ON SCHEDULE,27,0,23.04.2026,26.03.2026,28.03.2026,10.06.2026,17.06.2026,18.06.2026,22.06.2026,,S001,WH KLS JABABEKA
I100260309L132_S001,MINI VAN BOX,153450,0,0,0,0,0,153450,S001 - WH KLS JABABEKA,FIRST LOGISTICS,7,ON SCHEDULE,27,0,23.04.2026,26.03.2026,28.03.2026,10.06.2026,17.06.2026,18.06.2026,22.06.2026,,S001,WH KLS JABABEKA
I100260309L133_S001,MINI VAN BOX,52600,0,0,0,0,0,52600,S001 - WH KLS JABABEKA,FIRST LOGISTICS,7,ON SCHEDULE,27,0,23.04.2026,26.03.2026,28.03.2026,10.06.2026,17.06.2026,18.06.2026,22.06.2026,,S001,WH KLS JABABEKA
I100260309L133_S001,MINI VAN BOX,52600,0,0,0,0,0,52600,S001 - WH KLS JABABEKA,FIRST LOGISTICS,7,ON SCHEDULE,27,0,23.04.2026,26.03.2026,28.03.2026,10.06.2026,17.06.2026,18.06.2026,22.06.2026,,S001,WH KLS JABABEKA
I100260309L138_S001,CDE PICKUP,3762000,0,0,0,0,0,3762000,S001 - WH KLS JABABEKA,PT. Nusantara Cargo Line,7,ON SCHEDULE,27,0,23.04.2026,26.03.2026,28.03.2026,01.04.2026,01.04.2026,13.04.2026,13.04.2026,,S001,WH KLS JABABEKA
I100260309L138_S001,CDE PICKUP,3762000,0,0,0,0,0,3762000,S001 - WH KLS JABABEKA,PT. Nusantara Cargo Line,7,ON SCHEDULE,27,0,23.04.2026,26.03.2026,28.03.2026,01.04.2026,01.04.2026,13.04.2026,13.04.2026,,S001,WH KLS JABABEKA
I100260309T013_S001,WINGBOX,24000000,0,0,0,0,0,24000000,S001 - WH KLS JABABEKA,PT. CITRA SENTRAL EKSPRESS,7,ON SCHEDULE,32,0,11.04.2026,09.03.2026,17.03.2026,16.04.2026,17.04.2026,17.04.2026,17.04.2026,,S001,WH KLS JABABEKA
I100260310C356_S001,TRONTON LOSBAK,5250000,0,0,0,0,0,5250000,S001 - WH KLS JABABEKA,CV. BANGUN JASA TRANS,7,ON SCHEDULE,27,0,08.04.2026,11.03.2026,12.03.2026,13.03.2026,13.03.2026,13.03.2026,13.03.2026,,S001,WH KLS JABABEKA
I100260310L003_S001,CDD LONG CHASSIS,37593400,0,0,1500000,0,0,39093400,S001 - WH KLS JABABEKA,BINTANG SAMUDERA,7,ON SCHEDULE,27,0,28.04.2026,31.03.2026,,29.05.2026,29.05.2026,29.05.2026,29.05.2026,,S001,WH KLS JABABEKA
I100260310L003_S001,CDD LONG CHASSIS,37593400,0,0,1500000,0,0,39093400,S001 - WH KLS JABABEKA,BINTANG SAMUDERA,7,ON SCHEDULE,27,0,28.04.2026,31.03.2026,,29.05.2026,29.05.2026,29.05.2026,29.05.2026,,S001,WH KLS JABABEKA
I100260310L003_S001,CDD LONG CHASSIS,37593400,0,0,1500000,0,0,39093400,S001 - WH KLS JABABEKA,BINTANG SAMUDERA,7,ON SCHEDULE,27,0,28.04.2026,31.03.2026,,29.05.2026,29.05.2026,29.05.2026,29.05.2026,,S001,WH KLS JABABEKA
I100260310L022_S001,CDD BAK,4700000,0,0,0,400000,0,5100000,S001 - WH KLS JABABEKA,EKA CIPTA MANGGALA,7,ON SCHEDULE,29,0,10.04.2026,11.03.2026,12.03.2026,25.03.2026,25.03.2026,25.03.2026,25.03.2026,,S001,WH KLS JABABEKA
I100260310L022_S001,CDD BAK,4700000,0,0,0,400000,0,5100000,S001 - WH KLS JABABEKA,EKA CIPTA MANGGALA,7,ON SCHEDULE,29,0,10.04.2026,11.03.2026,12.03.2026,25.03.2026,25.03.2026,25.03.2026,25.03.2026,,S001,WH KLS JABABEKA
I100260310L022_S001,CDD BAK,4700000,0,0,0,400000,0,5100000,S001 - WH KLS JABABEKA,EKA CIPTA MANGGALA,7,ON SCHEDULE,29,0,10.04.2026,11.03.2026,12.03.2026,25.03.2026,25.03.2026,25.03.2026,25.03.2026,,S001,WH KLS JABABEKA
I100260310L024_S001,CDD BAK,7500000,0,0,0,1000000,0,8500000,S001 - WH KLS JABABEKA,PT. EKA CIPTA MANGGALA,7,ON SCHEDULE,31,0,27.04.2026,26.03.2026,26.03.2026,27.03.2026,31.03.2026,06.04.2026,06.04.2026,,S001,WH KLS JABABEKA
I100260310L024_S001,CDD BAK,7500000,0,0,0,1000000,0,8500000,S001 - WH KLS JABABEKA,PT. EKA CIPTA MANGGALA,7,ON SCHEDULE,31,0,27.04.2026,26.03.2026,26.03.2026,27.03.2026,31.03.2026,06.04.2026,06.04.2026,,S001,WH KLS JABABEKA
I100260310L024_S001,CDD BAK,7500000,0,0,0,1000000,0,8500000,S001 - WH KLS JABABEKA,PT. EKA CIPTA MANGGALA,7,ON SCHEDULE,31,0,27.04.2026,26.03.2026,26.03.2026,27.03.2026,31.03.2026,06.04.2026,06.04.2026,,S001,WH KLS JABABEKA
I100260310L024_S001,CDD BAK,7500000,0,0,0,1000000,0,8500000,S001 - WH KLS JABABEKA,PT. EKA CIPTA MANGGALA,7,ON SCHEDULE,31,0,27.04.2026,26.03.2026,26.03.2026,27.03.2026,31.03.2026,06.04.2026,06.04.2026,,S001,WH KLS JABABEKA
I100260310L025_S001,CDD BAK,4100000,0,0,0,1200000,0,5300000,S001 - WH KLS JABABEKA,EKA CIPTA MANGGALA,7,ON SCHEDULE,28,0,08.04.2026,10.03.2026,12.03.2026,25.03.2026,25.03.2026,25.03.2026,25.03.2026,,S001,WH KLS JABABEKA
I100260310L025_S001,CDD BAK,4100000,0,0,0,1200000,0,5300000,S001 - WH KLS JABABEKA,EKA CIPTA MANGGALA,7,ON SCHEDULE,28,0,08.04.2026,10.03.2026,12.03.2026,25.03.2026,25.03.2026,25.03.2026,25.03.2026,,S001,WH KLS JABABEKA
I100260310L025_S001,CDD BAK,4100000,0,0,0,1200000,0,5300000,S001 - WH KLS JABABEKA,EKA CIPTA MANGGALA,7,ON SCHEDULE,28,0,08.04.2026,10.03.2026,12.03.2026,25.03.2026,25.03.2026,25.03.2026,25.03.2026,,S001,WH KLS JABABEKA
I100260310L025_S001,CDD BAK,4100000,0,0,0,1200000,0,5300000,S001 - WH KLS JABABEKA,EKA CIPTA MANGGALA,7,ON SCHEDULE,28,0,08.04.2026,10.03.2026,12.03.2026,25.03.2026,25.03.2026,25.03.2026,25.03.2026,,S001,WH KLS JABABEKA
I100260310L025_S001,CDD BAK,4100000,0,0,0,1200000,0,5300000,S001 - WH KLS JABABEKA,EKA CIPTA MANGGALA,7,ON SCHEDULE,28,0,08.04.2026,10.03.2026,12.03.2026,25.03.2026,25.03.2026,25.03.2026,25.03.2026,,S001,WH KLS JABABEKA
I100260310L025_S001,CDD BAK,4100000,0,0,0,1200000,0,5300000,S001 - WH KLS JABABEKA,EKA CIPTA MANGGALA,7,ON SCHEDULE,28,0,08.04.2026,10.03.2026,12.03.2026,25.03.2026,25.03.2026,25.03.2026,25.03.2026,,S001,WH KLS JABABEKA
I100260310L026_S001,CONT-20,14400000,0,0,300000,0,0,14700000,S001 - WH KLS JABABEKA,PT. SENTOSA PRIMA ABADI,7,ON SCHEDULE,40,0,20.04.2026,10.03.2026,27.03.2026,15.05.2026,17.05.2026,20.05.2026,20.05.2026,,S001,WH KLS JABABEKA
I100260310L059_S001,CDD BAK,11500000,0,0,0,0,0,11500000,S001 - WH KLS JABABEKA,BINTANG SAMUDERA,7,ON SCHEDULE,29,0,09.04.2026,10.03.2026,17.03.2026,02.04.2026,03.04.2026,06.04.2026,06.04.2026,,S001,WH KLS JABABEKA
I100260310L070_S001,CDD PICK UP,720000,0,0,0,0,0,720000,S001 - WH KLS JABABEKA,PT. MERPATI ALAM SEMESTA,7,ON SCHEDULE,27,0,07.04.2026,10.03.2026,16.03.2026,14.04.2026,14.04.2026,28.04.2026,07.05.2026,,S001,WH KLS JABABEKA
I100260310L070_S001,CDD PICK UP,720000,0,0,0,0,0,720000,S001 - WH KLS JABABEKA,PT. MERPATI ALAM SEMESTA,7,ON SCHEDULE,27,0,07.04.2026,10.03.2026,16.03.2026,14.04.2026,14.04.2026,28.04.2026,07.05.2026,,S001,WH KLS JABABEKA
I100260310L071_S001,CDD PICK UP,297000,0,0,0,0,0,297000,S001 - WH KLS JABABEKA,PT. MERPATI ALAM SEMESTA,7,ON SCHEDULE,27,0,07.04.2026,10.03.2026,16.03.2026,14.04.2026,14.04.2026,28.04.2026,06.05.2026,,S001,WH KLS JABABEKA
I100260310L071_S001,CDD PICK UP,297000,0,0,0,0,0,297000,S001 - WH KLS JABABEKA,PT. MERPATI ALAM SEMESTA,7,ON SCHEDULE,27,0,07.04.2026,10.03.2026,16.03.2026,14.04.2026,14.04.2026,28.04.2026,06.05.2026,,S001,WH KLS JABABEKA
I100260310L072_S001,CDD PICK UP,1142000,0,0,0,0,0,1142000,S001 - WH KLS JABABEKA,PT. MERPATI ALAM SEMESTA,2,LATE,7,146,18.03.2026,10.03.2026,,,,,,,S001,WH KLS JABABEKA
I100260310L072_S001,CDD PICK UP,1142000,0,0,0,0,0,1142000,S001 - WH KLS JABABEKA,PT. MERPATI ALAM SEMESTA,2,LATE,7,146,18.03.2026,10.03.2026,,,,,,,S001,WH KLS JABABEKA
I100260310L073_S001,CDE PICKUP,75000,0,0,0,0,0,75000,S001 - WH KLS JABABEKA,PT. MERPATI ALAM SEMESTA,7,ON SCHEDULE,27,0,07.04.2026,10.03.2026,16.03.2026,14.04.2026,14.04.2026,28.04.2026,07.05.2026,,S001,WH KLS JABABEKA
I100260310L073_S001,CDE PICKUP,75000,0,0,0,0,0,75000,S001 - WH KLS JABABEKA,PT. MERPATI ALAM SEMESTA,7,ON SCHEDULE,27,0,07.04.2026,10.03.2026,16.03.2026,14.04.2026,14.04.2026,28.04.2026,07.05.2026,,S001,WH KLS JABABEKA
I100260310L094_S001,MINI VAN BOX,65800,0,0,0,0,0,65800,S001 - WH KLS JABABEKA,FIRST LOGISTICS,7,ON SCHEDULE,27,0,23.04.2026,26.03.2026,28.03.2026,10.06.2026,17.06.2026,18.06.2026,22.06.2026,,S001,WH KLS JABABEKA
I100260310L094_S001,MINI VAN BOX,65800,0,0,0,0,0,65800,S001 - WH KLS JABABEKA,FIRST LOGISTICS,7,ON SCHEDULE,27,0,23.04.2026,26.03.2026,28.03.2026,10.06.2026,17.06.2026,18.06.2026,22.06.2026,,S001,WH KLS JABABEKA
I100260310L095_S001,MINI VAN BOX,515400,0,0,0,0,0,515400,S001 - WH KLS JABABEKA,FIRST LOGISTICS,7,ON SCHEDULE,27,0,23.04.2026,26.03.2026,28.03.2026,10.06.2026,17.06.2026,18.06.2026,22.06.2026,,S001,WH KLS JABABEKA
I100260310L095_S001,MINI VAN BOX,515400,0,0,0,0,0,515400,S001 - WH KLS JABABEKA,FIRST LOGISTICS,7,ON SCHEDULE,27,0,23.04.2026,26.03.2026,28.03.2026,10.06.2026,17.06.2026,18.06.2026,22.06.2026,,S001,WH KLS JABABEKA
I100260310L096_S001,MINI VAN BOX,767250,0,0,0,0,0,767250,S001 - WH KLS JABABEKA,FIRST LOGISTICS,7,ON SCHEDULE,27,0,23.04.2026,26.03.2026,28.03.2026,10.06.2026,17.06.2026,18.06.2026,22.06.2026,,S001,WH KLS JABABEKA
I100260310L096_S001,MINI VAN BOX,767250,0,0,0,0,0,767250,S001 - WH KLS JABABEKA,FIRST LOGISTICS,7,ON SCHEDULE,27,0,23.04.2026,26.03.2026,28.03.2026,10.06.2026,17.06.2026,18.06.2026,22.06.2026,,S001,WH KLS JABABEKA
I100260310L097_S001,MINI VAN BOX,877200,0,0,0,0,0,877200,S001 - WH KLS JABABEKA,FIRST LOGISTICS,7,ON SCHEDULE,27,0,23.04.2026,26.03.2026,28.03.2026,10.06.2026,17.06.2026,18.06.2026,22.06.2026,,S001,WH KLS JABABEKA
I100260310L097_S001,MINI VAN BOX,877200,0,0,0,0,0,877200,S001 - WH KLS JABABEKA,FIRST LOGISTICS,7,ON SCHEDULE,27,0,23.04.2026,26.03.2026,28.03.2026,10.06.2026,17.06.2026,18.06.2026,22.06.2026,,S001,WH KLS JABABEKA
I100260310L098_S001,MINI VAN BOX,462000,0,0,0,0,0,462000,S001 - WH KLS JABABEKA,FIRST LOGISTICS,7,ON SCHEDULE,27,0,23.04.2026,26.03.2026,29.03.2026,10.06.2026,17.06.2026,18.06.2026,22.06.2026,,S001,WH KLS JABABEKA
I100260310L098_S001,MINI VAN BOX,462000,0,0,0,0,0,462000,S001 - WH KLS JABABEKA,FIRST LOGISTICS,7,ON SCHEDULE,27,0,23.04.2026,26.03.2026,29.03.2026,10.06.2026,17.06.2026,18.06.2026,22.06.2026,,S001,WH KLS JABABEKA
I100260310L101_S001,MINI VAN BOX,1860000,0,0,0,0,0,1860000,S001 - WH KLS JABABEKA,PT. Nusantara Cargo Line,7,ON SCHEDULE,27,0,07.04.2026,10.03.2026,14.03.2026,01.04.2026,01.04.2026,13.04.2026,13.04.2026,,S001,WH KLS JABABEKA
I100260310L101_S001,MINI VAN BOX,1860000,0,0,0,0,0,1860000,S001 - WH KLS JABABEKA,PT. Nusantara Cargo Line,7,ON SCHEDULE,27,0,07.04.2026,10.03.2026,14.03.2026,01.04.2026,01.04.2026,13.04.2026,13.04.2026,,S001,WH KLS JABABEKA
I100260310L102_S001,CDD PICK UP,6701500,0,0,0,0,0,6701500,S001 - WH KLS JABABEKA,PT. Nusantara Cargo Line,7,ON SCHEDULE,27,0,23.04.2026,26.03.2026,28.03.2026,01.04.2026,01.04.2026,10.04.2026,10.04.2026,,S001,WH KLS JABABEKA
I100260310L102_S001,CDD PICK UP,6701500,0,0,0,0,0,6701500,S001 - WH KLS JABABEKA,PT. Nusantara Cargo Line,7,ON SCHEDULE,27,0,23.04.2026,26.03.2026,28.03.2026,01.04.2026,01.04.2026,10.04.2026,10.04.2026,,S001,WH KLS JABABEKA
I100260310L103_S001,CDD PICK UP,356000,0,0,0,0,0,356000,S001 - WH KLS JABABEKA,PT. MERPATI ALAM SEMESTA,6,LATE,27,130,23.04.2026,26.03.2026,28.03.2026,20.07.2026,24.07.2026,27.07.2026,03.08.2026,,S001,WH KLS JABABEKA
I100260310L103_S001,CDD PICK UP,356000,0,0,0,0,0,356000,S001 - WH KLS JABABEKA,PT. MERPATI ALAM SEMESTA,6,LATE,27,130,23.04.2026,26.03.2026,28.03.2026,20.07.2026,24.07.2026,27.07.2026,03.08.2026,,S001,WH KLS JABABEKA
I100260310L105_S001,MINI VAN BOX,44200,0,0,0,0,0,44200,S001 - WH KLS JABABEKA,FIRST LOGISTICS,7,ON SCHEDULE,27,0,23.04.2026,26.03.2026,28.03.2026,10.06.2026,17.06.2026,18.06.2026,22.06.2026,,S001,WH KLS JABABEKA
I100260310L105_S001,MINI VAN BOX,44200,0,0,0,0,0,44200,S001 - WH KLS JABABEKA,FIRST LOGISTICS,7,ON SCHEDULE,27,0,23.04.2026,26.03.2026,28.03.2026,10.06.2026,17.06.2026,18.06.2026,22.06.2026,,S001,WH KLS JABABEKA
I100260310L106_S001,MINI VAN BOX,32200,0,0,0,0,0,32200,S001 - WH KLS JABABEKA,FIRST LOGISTICS,7,ON SCHEDULE,27,0,23.04.2026,26.03.2026,28.03.2026,10.06.2026,17.06.2026,18.06.2026,22.06.2026,,S001,WH KLS JABABEKA
I100260310L106_S001,MINI VAN BOX,32200,0,0,0,0,0,32200,S001 - WH KLS JABABEKA,FIRST LOGISTICS,7,ON SCHEDULE,27,0,23.04.2026,26.03.2026,28.03.2026,10.06.2026,17.06.2026,18.06.2026,22.06.2026,,S001,WH KLS JABABEKA
I100260310T018_S001,WINGBOX,6000000,0,0,0,0,0,6000000,S001 - WH KLS JABABEKA,PT.AMANAH TRANSMULIA MANDIRI LOGISTIK,7,ON SCHEDULE,29,0,10.04.2026,11.03.2026,14.03.2026,06.04.2026,06.04.2026,07.04.2026,09.04.2026,,S001,WH KLS JABABEKA
I100260311L004_S001,FUSO,24638400,0,0,0,0,0,24638400,S001 - WH KLS JABABEKA,BEPA IKA PEKASA,7,ON SCHEDULE,27,0,23.04.2026,26.03.2026,11.04.2026,22.04.2026,23.04.2026,23.04.2026,27.04.2026,,S001,WH KLS JABABEKA
I100260311L005_S001,FUSO,24104600,0,0,0,0,0,24104600,S001 - WH KLS JABABEKA,BEPA IKA PEKASA,7,ON SCHEDULE,27,0,08.04.2026,11.03.2026,15.03.2026,08.04.2026,08.04.2026,08.04.2026,13.04.2026,,S001,WH KLS JABABEKA
I100260311L006_S001,FUSO,10210200,0,0,0,0,0,10210200,S001 - WH KLS JABABEKA,BEPA IKA PEKASA,7,ON SCHEDULE,27,0,08.04.2026,11.03.2026,15.03.2026,07.04.2026,08.04.2026,08.04.2026,13.04.2026,,S001,WH KLS JABABEKA
I100260311L007_S001,FUSO,17912400,0,0,0,0,0,17912400,S001 - WH KLS JABABEKA,BEPA IKA PEKASA,7,ON SCHEDULE,27,0,06.04.2026,09.03.2026,15.03.2026,07.04.2026,08.04.2026,08.04.2026,13.04.2026,,S001,WH KLS JABABEKA
I100260311L008_S001,FUSO,12080100,0,0,0,0,0,12080100,S001 - WH KLS JABABEKA,BEPA IKA PEKASA,7,ON SCHEDULE,27,0,23.04.2026,26.03.2026,11.04.2026,22.04.2026,23.04.2026,23.04.2026,27.04.2026,,S001,WH KLS JABABEKA
I100260311L009_S001,FUSO,978900,0,0,0,0,0,978900,S001 - WH KLS JABABEKA,BEPA IKA PEKASA,7,ON SCHEDULE,27,0,23.04.2026,26.03.2026,30.03.2026,07.04.2026,08.04.2026,08.04.2026,13.04.2026,,S001,WH KLS JABABEKA
I100260311L010_S001,FUSO,3028200,0,0,0,0,0,3028200,S001 - WH KLS JABABEKA,BEPA IKA PEKASA,7,ON SCHEDULE,27,0,23.04.2026,26.03.2026,11.04.2026,22.04.2026,23.04.2026,23.04.2026,27.04.2026,,S001,WH KLS JABABEKA
I100260311L029_S001,CDD BAK,5300000,0,0,0,400000,0,5700000,S001 - WH KLS JABABEKA,EKA CIPTA MANGGALA,7,ON SCHEDULE,29,0,10.04.2026,11.03.2026,14.03.2026,25.03.2026,25.03.2026,25.03.2026,25.03.2026,,S001,WH KLS JABABEKA
I100260311L029_S001,CDD BAK,5300000,0,0,0,400000,0,5700000,S001 - WH KLS JABABEKA,EKA CIPTA MANGGALA,7,ON SCHEDULE,29,0,10.04.2026,11.03.2026,14.03.2026,25.03.2026,25.03.2026,25.03.2026,25.03.2026,,S001,WH KLS JABABEKA
I100260311L029_S001,CDD BAK,5300000,0,0,0,400000,0,5700000,S001 - WH KLS JABABEKA,EKA CIPTA MANGGALA,7,ON SCHEDULE,29,0,10.04.2026,11.03.2026,14.03.2026,25.03.2026,25.03.2026,25.03.2026,25.03.2026,,S001,WH KLS JABABEKA
I100260311L030_S001,CONT-20,13800000,0,0,0,0,0,13800000,S001 - WH KLS JABABEKA,PT. SENTOSA PRIMA ABADI,7,ON SCHEDULE,40,0,21.04.2026,11.03.2026,27.03.2026,11.05.2026,11.05.2026,15.05.2026,15.05.2026,,S001,WH KLS JABABEKA
I100260311L031_S001,CDD BAK,5100000,0,0,0,1350000,0,6450000,S001 - WH KLS JABABEKA,PT. HARI JAYA SEJAHTERA,7,ON SCHEDULE,29,0,10.04.2026,11.03.2026,14.03.2026,31.03.2026,31.03.2026,02.04.2026,06.04.2026,,S001,WH KLS JABABEKA
I100260311L031_S001,CDD BAK,5100000,0,0,0,1350000,0,6450000,S001 - WH KLS JABABEKA,PT. HARI JAYA SEJAHTERA,7,ON SCHEDULE,29,0,10.04.2026,11.03.2026,14.03.2026,31.03.2026,31.03.2026,02.04.2026,06.04.2026,,S001,WH KLS JABABEKA
I100260311L031_S001,CDD BAK,5100000,0,0,0,1350000,0,6450000,S001 - WH KLS JABABEKA,PT. HARI JAYA SEJAHTERA,7,ON SCHEDULE,29,0,10.04.2026,11.03.2026,14.03.2026,31.03.2026,31.03.2026,02.04.2026,06.04.2026,,S001,WH KLS JABABEKA
I100260311L032_S001,CDD BAK,6900000,0,0,0,0,0,6900000,S001 - WH KLS JABABEKA,BINTANG SAMUDERA,7,ON SCHEDULE,29,0,10.04.2026,11.03.2026,17.03.2026,02.04.2026,03.04.2026,06.04.2026,06.04.2026,,S001,WH KLS JABABEKA
I100260311L060_S001,CONT-40,27800000,0,0,0,0,7500000,35300000,S001 - WH KLS JABABEKA,PT. SENTOSA PRIMA ABADI,7,ON SCHEDULE,27,0,08.04.2026,11.03.2026,,18.06.2026,19.06.2026,29.06.2026,29.06.2026,,S001,WH KLS JABABEKA
I100260311L076_S001,CDD BAK,7500000,0,0,0,500000,0,8000000,S001 - WH KLS JABABEKA,EKA CIPTA MANGGALA,7,ON SCHEDULE,27,0,08.04.2026,11.03.2026,16.03.2026,25.03.2026,25.03.2026,25.03.2026,25.03.2026,,S001,WH KLS JABABEKA
I100260311L076_S001,CDD BAK,7500000,0,0,0,500000,0,8000000,S001 - WH KLS JABABEKA,EKA CIPTA MANGGALA,7,ON SCHEDULE,27,0,08.04.2026,11.03.2026,16.03.2026,25.03.2026,25.03.2026,25.03.2026,25.03.2026,,S001,WH KLS JABABEKA
I100260311L076_S001,CDD BAK,7500000,0,0,0,500000,0,8000000,S001 - WH KLS JABABEKA,EKA CIPTA MANGGALA,7,ON SCHEDULE,27,0,08.04.2026,11.03.2026,16.03.2026,25.03.2026,25.03.2026,25.03.2026,25.03.2026,,S001,WH KLS JABABEKA
I100260311L087_S001,FUSO,608400,0,0,0,0,0,608400,S001 - WH KLS JABABEKA,BEPA IKA PEKASA,7,ON SCHEDULE,27,0,23.04.2026,26.03.2026,11.04.2026,22.04.2026,23.04.2026,23.04.2026,27.04.2026,,S001,WH KLS JABABEKA
I100260311L091_S001,TRONTON LOSBAK,10000000,0,0,0,0,0,10000000,S001 - WH KLS JABABEKA,CV. BANGUN JASA TRANS,7,ON SCHEDULE,27,0,23.04.2026,26.03.2026,27.03.2026,30.03.2026,31.03.2026,01.04.2026,02.04.2026,,S001,WH KLS JABABEKA
I100260311L093_S001,TRONTON LOSBAK,10000000,0,0,0,0,0,10000000,S001 - WH KLS JABABEKA,CV. BANGUN JASA TRANS,7,ON SCHEDULE,27,0,23.04.2026,26.03.2026,27.03.2026,30.03.2026,31.03.2026,01.04.2026,02.04.2026,,S001,WH KLS JABABEKA
I100260311L095_S001,TRONTON LOSBAK,14500000,0,0,0,0,0,14500000,S001 - WH KLS JABABEKA,CV. BANGUN JASA TRANS,7,ON SCHEDULE,27,0,23.04.2026,26.03.2026,27.03.2026,30.03.2026,31.03.2026,01.04.2026,02.04.2026,,S001,WH KLS JABABEKA
I100260311L097_S001,FUSO,18060000,0,0,0,0,0,18060000,S001 - WH KLS JABABEKA,BEPA IKA PEKASA,7,ON SCHEDULE,27,0,23.04.2026,26.03.2026,11.04.2026,22.04.2026,23.04.2026,23.04.2026,27.04.2026,,S001,WH KLS JABABEKA
I100260311L098_S001,MINI VAN BOX,319000,0,0,0,0,0,319000,S001 - WH KLS JABABEKA,PT. Nusantara Cargo Line,7,ON SCHEDULE,27,0,09.04.2026,12.03.2026,16.03.2026,01.04.2026,01.04.2026,13.04.2026,13.04.2026,,S001,WH KLS JABABEKA
I100260311L098_S001,MINI VAN BOX,319000,0,0,0,0,0,319000,S001 - WH KLS JABABEKA,PT. Nusantara Cargo Line,7,ON SCHEDULE,27,0,09.04.2026,12.03.2026,16.03.2026,01.04.2026,01.04.2026,13.04.2026,13.04.2026,,S001,WH KLS JABABEKA
I100260311L100_S001,CDE PICKUP,1155000,0,0,0,0,0,1155000,S001 - WH KLS JABABEKA,PT. Nusantara Cargo Line,7,ON SCHEDULE,27,0,09.04.2026,12.03.2026,15.03.2026,01.04.2026,01.04.2026,13.04.2026,13.04.2026,,S001,WH KLS JABABEKA
I100260311L100_S001,CDE PICKUP,1155000,0,0,0,0,0,1155000,S001 - WH KLS JABABEKA,PT. Nusantara Cargo Line,7,ON SCHEDULE,27,0,09.04.2026,12.03.2026,15.03.2026,01.04.2026,01.04.2026,13.04.2026,13.04.2026,,S001,WH KLS JABABEKA
I100260311L101_S001,CDE PICKUP,275000,0,0,0,0,0,275000,S001 - WH KLS JABABEKA,PT. Nusantara Cargo Line,7,ON SCHEDULE,27,0,09.04.2026,12.03.2026,15.03.2026,01.04.2026,01.04.2026,09.04.2026,09.04.2026,,S001,WH KLS JABABEKA
I100260311L101_S001,CDE PICKUP,275000,0,0,0,0,0,275000,S001 - WH KLS JABABEKA,PT. Nusantara Cargo Line,7,ON SCHEDULE,27,0,09.04.2026,12.03.2026,15.03.2026,01.04.2026,01.04.2026,09.04.2026,09.04.2026,,S001,WH KLS JABABEKA
I100260311L102_S001,CDE LONG CHASSIS,375000,0,0,0,0,0,375000,S001 - WH KLS JABABEKA,PT. Nusantara Cargo Line,7,ON SCHEDULE,27,0,14.04.2026,17.03.2026,26.03.2026,01.04.2026,01.04.2026,13.04.2026,13.04.2026,,S001,WH KLS JABABEKA
I100260311L102_S001,CDE LONG CHASSIS,375000,0,0,0,0,0,375000,S001 - WH KLS JABABEKA,PT. Nusantara Cargo Line,7,ON SCHEDULE,27,0,14.04.2026,17.03.2026,26.03.2026,01.04.2026,01.04.2026,13.04.2026,13.04.2026,,S001,WH KLS JABABEKA
I100260311L103_S001,CDE PICKUP,0,0,0,0,0,0,0,S001 - WH KLS JABABEKA,PT. Nusantara Cargo Line,2,LATE,7,145,20.03.2026,12.03.2026,15.03.2026,,,,,,S001,WH KLS JABABEKA
I100260311L104_S001,CDE PICKUP,0,0,0,0,0,0,0,S001 - WH KLS JABABEKA,PT. Nusantara Cargo Line,2,LATE,7,145,20.03.2026,12.03.2026,15.03.2026,,,,,,S001,WH KLS JABABEKA
I100260311L105_S001,CDE PICKUP,275000,0,0,0,0,0,275000,S001 - WH KLS JABABEKA,PT. Nusantara Cargo Line,7,ON SCHEDULE,27,0,09.04.2026,12.03.2026,16.03.2026,01.04.2026,01.04.2026,09.04.2026,09.04.2026,,S001,WH KLS JABABEKA
I100260311L105_S001,CDE PICKUP,275000,0,0,0,0,0,275000,S001 - WH KLS JABABEKA,PT. Nusantara Cargo Line,7,ON SCHEDULE,27,0,09.04.2026,12.03.2026,16.03.2026,01.04.2026,01.04.2026,09.04.2026,09.04.2026,,S001,WH KLS JABABEKA
I100260311L113_S001,FUSO,415800,0,0,0,0,0,415800,S001 - WH KLS JABABEKA,BEPA IKA PEKASA,7,ON SCHEDULE,27,0,23.04.2026,26.03.2026,30.03.2026,22.04.2026,23.04.2026,23.04.2026,27.04.2026,,S001,WH KLS JABABEKA
I100260311L114_S001,CDD BAK,4100000,0,0,0,400000,0,4500000,S001 - WH KLS JABABEKA,PT. EKA CIPTA MANGGALA,7,ON SCHEDULE,27,0,09.04.2026,12.03.2026,14.03.2026,25.03.2026,25.03.2026,25.03.2026,25.03.2026,,S001,WH KLS JABABEKA
I100260311L114_S001,CDD BAK,4100000,0,0,0,400000,0,4500000,S001 - WH KLS JABABEKA,PT. EKA CIPTA MANGGALA,7,ON SCHEDULE,27,0,09.04.2026,12.03.2026,14.03.2026,25.03.2026,25.03.2026,25.03.2026,25.03.2026,,S001,WH KLS JABABEKA
I100260311L114_S001,CDD BAK,4100000,0,0,0,400000,0,4500000,S001 - WH KLS JABABEKA,PT. EKA CIPTA MANGGALA,7,ON SCHEDULE,27,0,09.04.2026,12.03.2026,14.03.2026,25.03.2026,25.03.2026,25.03.2026,25.03.2026,,S001,WH KLS JABABEKA
I100260311L115_S001,CDD PICK UP,1892000,0,0,0,0,0,1892000,S001 - WH KLS JABABEKA,PT. Nusantara Cargo Line,7,ON SCHEDULE,27,0,23.04.2026,26.03.2026,28.03.2026,01.04.2026,01.04.2026,13.04.2026,13.04.2026,,S001,WH KLS JABABEKA
I100260311L115_S001,CDD PICK UP,1892000,0,0,0,0,0,1892000,S001 - WH KLS JABABEKA,PT. Nusantara Cargo Line,7,ON SCHEDULE,27,0,23.04.2026,26.03.2026,28.03.2026,01.04.2026,01.04.2026,13.04.2026,13.04.2026,,S001,WH KLS JABABEKA
I100260311L116_S001,MINI VAN BOX,65800,0,0,0,0,0,65800,S001 - WH KLS JABABEKA,FIRST LOGISTICS,7,ON SCHEDULE,27,0,14.04.2026,17.03.2026,26.03.2026,10.06.2026,17.06.2026,18.06.2026,22.06.2026,,S001,WH KLS JABABEKA
I100260311L116_S001,MINI VAN BOX,65800,0,0,0,0,0,65800,S001 - WH KLS JABABEKA,FIRST LOGISTICS,7,ON SCHEDULE,27,0,14.04.2026,17.03.2026,26.03.2026,10.06.2026,17.06.2026,18.06.2026,22.06.2026,,S001,WH KLS JABABEKA
I100260311L117_S001,MINI VAN BOX,171800,0,0,0,0,0,171800,S001 - WH KLS JABABEKA,FIRST LOGISTICS,7,ON SCHEDULE,27,0,09.04.2026,12.03.2026,17.03.2026,12.06.2026,17.06.2026,18.06.2026,22.06.2026,,S001,WH KLS JABABEKA
I100260311L117_S001,MINI VAN BOX,171800,0,0,0,0,0,171800,S001 - WH KLS JABABEKA,FIRST LOGISTICS,7,ON SCHEDULE,27,0,09.04.2026,12.03.2026,17.03.2026,12.06.2026,17.06.2026,18.06.2026,22.06.2026,,S001,WH KLS JABABEKA
I100260311L118_S001,MINI VAN BOX,44950,0,0,0,0,0,44950,S001 - WH KLS JABABEKA,FIRST LOGISTICS,7,ON SCHEDULE,27,0,14.04.2026,17.03.2026,26.03.2026,12.06.2026,17.06.2026,18.06.2026,22.06.2026,,S001,WH KLS JABABEKA
I100260311L118_S001,MINI VAN BOX,44950,0,0,0,0,0,44950,S001 - WH KLS JABABEKA,FIRST LOGISTICS,7,ON SCHEDULE,27,0,14.04.2026,17.03.2026,26.03.2026,12.06.2026,17.06.2026,18.06.2026,22.06.2026,,S001,WH KLS JABABEKA
I100260311L119_S001,MINI VAN BOX,664950,0,0,0,0,0,664950,S001 - WH KLS JABABEKA,FIRST LOGISTICS,7,ON SCHEDULE,27,0,09.04.2026,12.03.2026,17.03.2026,12.06.2026,17.06.2026,18.06.2026,22.06.2026,,S001,WH KLS JABABEKA
I100260311L119_S001,MINI VAN BOX,664950,0,0,0,0,0,664950,S001 - WH KLS JABABEKA,FIRST LOGISTICS,7,ON SCHEDULE,27,0,09.04.2026,12.03.2026,17.03.2026,12.06.2026,17.06.2026,18.06.2026,22.06.2026,,S001,WH KLS JABABEKA
I100260311L120_S001,MINI VAN BOX,0,0,0,0,0,0,0,S001 - WH KLS JABABEKA,FIRST LOGISTICS,2,LATE,7,130,03.04.2026,26.03.2026,28.03.2026,,,,,,S001,WH KLS JABABEKA
I100260311L121_S001,MINI VAN BOX,0,0,0,0,0,0,0,S001 - WH KLS JABABEKA,FIRST LOGISTICS,2,LATE,7,145,20.03.2026,12.03.2026,16.03.2026,,,,,,S001,WH KLS JABABEKA
I100260311L123_S001,FUSO LOSBAK,12500000,0,0,0,0,0,12500000,S001 - WH KLS JABABEKA,CV. BANGUN JASA TRANS,7,ON SCHEDULE,27,0,08.04.2026,11.03.2026,14.03.2026,30.03.2026,31.03.2026,01.04.2026,02.04.2026,,S001,WH KLS JABABEKA
I100260311L130_S001,CDE PICKUP,1199000,0,0,0,0,0,1199000,S001 - WH KLS JABABEKA,PT. Nusantara Cargo Line,7,ON SCHEDULE,27,0,23.04.2026,26.03.2026,28.03.2026,01.04.2026,01.04.2026,13.04.2026,13.04.2026,,S001,WH KLS JABABEKA
I100260311L130_S001,CDE PICKUP,1199000,0,0,0,0,0,1199000,S001 - WH KLS JABABEKA,PT. Nusantara Cargo Line,7,ON SCHEDULE,27,0,23.04.2026,26.03.2026,28.03.2026,01.04.2026,01.04.2026,13.04.2026,13.04.2026,,S001,WH KLS JABABEKA
I100260311T019_S001,CONT-20,14000000,0,0,0,0,0,14000000,S001 - WH KLS JABABEKA,PT. SENTOSA PRIMA ABADI,7,ON SCHEDULE,40,0,21.04.2026,11.03.2026,30.03.2026,27.04.2026,28.04.2026,08.05.2026,08.05.2026,,S001,WH KLS JABABEKA
I100260312L032_S001,CDD BAK,3700000,0,0,0,0,0,3700000,S001 - WH KLS JABABEKA,PT. EKA CIPTA MANGGALA,7,ON SCHEDULE,27,0,23.04.2026,26.03.2026,26.03.2026,27.03.2026,31.03.2026,06.04.2026,06.04.2026,,S001,WH KLS JABABEKA
I100260312L033_S001,CDD BAK,7500000,0,0,0,0,0,7500000,S001 - WH KLS JABABEKA,PT. EKA CIPTA MANGGALA,7,ON SCHEDULE,31,0,13.04.2026,12.03.2026,16.03.2026,25.03.2026,25.03.2026,25.03.2026,25.03.2026,,S001,WH KLS JABABEKA
I100260312L034_S001,CDD BAK,3421969,0,0,0,1000000,0,4421969,S001 - WH KLS JABABEKA,PT. HARI JAYA TRANSPORTASI,7,ON SCHEDULE,28,0,10.04.2026,12.03.2026,14.03.2026,10.04.2026,10.04.2026,14.04.2026,14.04.2026,,S001,WH KLS JABABEKA
I100260312L034_S001,CDD BAK,3421969,0,0,0,1000000,0,4421969,S001 - WH KLS JABABEKA,PT. HARI JAYA TRANSPORTASI,7,ON SCHEDULE,28,0,10.04.2026,12.03.2026,14.03.2026,10.04.2026,10.04.2026,14.04.2026,14.04.2026,,S001,WH KLS JABABEKA
I100260312L034_S001,CDD BAK,3421969,0,0,0,1000000,0,4421969,S001 - WH KLS JABABEKA,PT. HARI JAYA TRANSPORTASI,7,ON SCHEDULE,28,0,10.04.2026,12.03.2026,14.03.2026,10.04.2026,10.04.2026,14.04.2026,14.04.2026,,S001,WH KLS JABABEKA
I100260312L034_S001,CDD BAK,3421969,0,0,0,1000000,0,4421969,S001 - WH KLS JABABEKA,PT. HARI JAYA TRANSPORTASI,7,ON SCHEDULE,28,0,10.04.2026,12.03.2026,14.03.2026,10.04.2026,10.04.2026,14.04.2026,14.04.2026,,S001,WH KLS JABABEKA
I100260312L034_S001,CDD BAK,3421969,0,0,0,1000000,0,4421969,S001 - WH KLS JABABEKA,PT. HARI JAYA TRANSPORTASI,7,ON SCHEDULE,28,0,10.04.2026,12.03.2026,14.03.2026,10.04.2026,10.04.2026,14.04.2026,14.04.2026,,S001,WH KLS JABABEKA
I100260312L034_S001,CDD BAK,3421969,0,0,0,1000000,0,4421969,S001 - WH KLS JABABEKA,PT. HARI JAYA TRANSPORTASI,7,ON SCHEDULE,28,0,10.04.2026,12.03.2026,14.03.2026,10.04.2026,10.04.2026,14.04.2026,14.04.2026,,S001,WH KLS JABABEKA
I100260312L037_S001,CDD BAK,4700000,0,0,0,1000000,700000,6400000,S001 - WH KLS JABABEKA,BINTANG SAMUDERA,7,ON SCHEDULE,27,0,09.04.2026,12.03.2026,17.03.2026,21.04.2026,23.04.2026,23.04.2026,23.04.2026,,S001,WH KLS JABABEKA
I100260312L037_S001,CDD BAK,4700000,0,0,0,1000000,700000,6400000,S001 - WH KLS JABABEKA,BINTANG SAMUDERA,7,ON SCHEDULE,27,0,09.04.2026,12.03.2026,17.03.2026,21.04.2026,23.04.2026,23.04.2026,23.04.2026,,S001,WH KLS JABABEKA
I100260312L038_S001,CDD BAK,4100000,0,0,0,1200000,0,5300000,S001 - WH KLS JABABEKA,PT. EKA CIPTA MANGGALA,7,ON SCHEDULE,27,0,09.04.2026,12.03.2026,14.03.2026,25.03.2026,25.03.2026,25.03.2026,25.03.2026,,S001,WH KLS JABABEKA
I100260312L038_S001,CDD BAK,4100000,0,0,0,1200000,0,5300000,S001 - WH KLS JABABEKA,PT. EKA CIPTA MANGGALA,7,ON SCHEDULE,27,0,09.04.2026,12.03.2026,14.03.2026,25.03.2026,25.03.2026,25.03.2026,25.03.2026,,S001,WH KLS JABABEKA
I100260312L038_S001,CDD BAK,4100000,0,0,0,1200000,0,5300000,S001 - WH KLS JABABEKA,PT. EKA CIPTA MANGGALA,7,ON SCHEDULE,27,0,09.04.2026,12.03.2026,14.03.2026,25.03.2026,25.03.2026,25.03.2026,25.03.2026,,S001,WH KLS JABABEKA
I100260312L038_S001,CDD BAK,4100000,0,0,0,1200000,0,5300000,S001 - WH KLS JABABEKA,PT. EKA CIPTA MANGGALA,7,ON SCHEDULE,27,0,09.04.2026,12.03.2026,14.03.2026,25.03.2026,25.03.2026,25.03.2026,25.03.2026,,S001,WH KLS JABABEKA
I100260312L038_S001,CDD BAK,4100000,0,0,0,1200000,0,5300000,S001 - WH KLS JABABEKA,PT. EKA CIPTA MANGGALA,7,ON SCHEDULE,27,0,09.04.2026,12.03.2026,14.03.2026,25.03.2026,25.03.2026,25.03.2026,25.03.2026,,S001,WH KLS JABABEKA
I100260312L038_S001,CDD BAK,4100000,0,0,0,1200000,0,5300000,S001 - WH KLS JABABEKA,PT. EKA CIPTA MANGGALA,7,ON SCHEDULE,27,0,09.04.2026,12.03.2026,14.03.2026,25.03.2026,25.03.2026,25.03.2026,25.03.2026,,S001,WH KLS JABABEKA
I100260312L048_S001,CDD BAK,1335000,0,0,0,0,0,1335000,S001 - WH KLS JABABEKA,PT. Nusantara Cargo Line,7,ON SCHEDULE,27,0,09.04.2026,12.03.2026,15.03.2026,01.04.2026,01.04.2026,13.04.2026,13.04.2026,,S001,WH KLS JABABEKA
I100260312L048_S001,CDD BAK,1335000,0,0,0,0,0,1335000,S001 - WH KLS JABABEKA,PT. Nusantara Cargo Line,7,ON SCHEDULE,27,0,09.04.2026,12.03.2026,15.03.2026,01.04.2026,01.04.2026,13.04.2026,13.04.2026,,S001,WH KLS JABABEKA
I100260312L087_S001,CDD BAK,4100000,0,0,0,400000,0,4500000,S001 - WH KLS JABABEKA,PT. EKA CIPTA MANGGALA,7,ON SCHEDULE,27,0,09.04.2026,12.03.2026,14.03.2026,25.03.2026,25.03.2026,25.03.2026,25.03.2026,,S001,WH KLS JABABEKA
I100260312L087_S001,CDD BAK,4100000,0,0,0,400000,0,4500000,S001 - WH KLS JABABEKA,PT. EKA CIPTA MANGGALA,7,ON SCHEDULE,27,0,09.04.2026,12.03.2026,14.03.2026,25.03.2026,25.03.2026,25.03.2026,25.03.2026,,S001,WH KLS JABABEKA
I100260312L087_S001,CDD BAK,4100000,0,0,0,400000,0,4500000,S001 - WH KLS JABABEKA,PT. EKA CIPTA MANGGALA,7,ON SCHEDULE,27,0,09.04.2026,12.03.2026,14.03.2026,25.03.2026,25.03.2026,25.03.2026,25.03.2026,,S001,WH KLS JABABEKA
I100260312L088_S001,CDD BAK,3700000,0,0,0,0,0,3700000,S001 - WH KLS JABABEKA,PT. EKA CIPTA MANGGALA,7,ON SCHEDULE,27,0,09.04.2026,12.03.2026,14.03.2026,25.03.2026,25.03.2026,25.03.2026,25.03.2026,,S001,WH KLS JABABEKA
I100260312L111_S001,CDD BAK,4150000,0,0,0,550000,0,4700000,S001 - WH KLS JABABEKA,PT. HARI JAYA SEJAHTERA,7,ON SCHEDULE,27,0,10.04.2026,13.03.2026,16.03.2026,31.03.2026,31.03.2026,02.04.2026,06.04.2026,,S001,WH KLS JABABEKA
I100260312L111_S001,CDD BAK,4150000,0,0,0,550000,0,4700000,S001 - WH KLS JABABEKA,PT. HARI JAYA SEJAHTERA,7,ON SCHEDULE,27,0,10.04.2026,13.03.2026,16.03.2026,31.03.2026,31.03.2026,02.04.2026,06.04.2026,,S001,WH KLS JABABEKA
I100260312L113_S001,MINI VAN BOX,808500,0,0,0,0,0,808500,S001 - WH KLS JABABEKA,FIRST LOGISTICS,7,ON SCHEDULE,27,0,10.04.2026,13.03.2026,17.03.2026,12.06.2026,17.06.2026,18.06.2026,22.06.2026,,S001,WH KLS JABABEKA
I100260312L113_S001,MINI VAN BOX,808500,0,0,0,0,0,808500,S001 - WH KLS JABABEKA,FIRST LOGISTICS,7,ON SCHEDULE,27,0,10.04.2026,13.03.2026,17.03.2026,12.06.2026,17.06.2026,18.06.2026,22.06.2026,,S001,WH KLS JABABEKA
I100260312L114_S001,MINI VAN BOX,3264200,0,0,0,0,0,3264200,S001 - WH KLS JABABEKA,FIRST LOGISTICS,7,ON SCHEDULE,27,0,10.04.2026,13.03.2026,17.03.2026,12.06.2026,17.06.2026,18.06.2026,22.06.2026,,S001,WH KLS JABABEKA
I100260312L114_S001,MINI VAN BOX,3264200,0,0,0,0,0,3264200,S001 - WH KLS JABABEKA,FIRST LOGISTICS,7,ON SCHEDULE,27,0,10.04.2026,13.03.2026,17.03.2026,12.06.2026,17.06.2026,18.06.2026,22.06.2026,,S001,WH KLS JABABEKA
I100260312L115_S001,MINI VAN BOX,1074150,0,0,0,0,0,1074150,S001 - WH KLS JABABEKA,FIRST LOGISTICS,7,ON SCHEDULE,27,0,10.04.2026,13.03.2026,17.03.2026,12.06.2026,17.06.2026,18.06.2026,22.06.2026,,S001,WH KLS JABABEKA
I100260312L115_S001,MINI VAN BOX,1074150,0,0,0,0,0,1074150,S001 - WH KLS JABABEKA,FIRST LOGISTICS,7,ON SCHEDULE,27,0,10.04.2026,13.03.2026,17.03.2026,12.06.2026,17.06.2026,18.06.2026,22.06.2026,,S001,WH KLS JABABEKA
I100260312L117_S001,MINI VAN BOX,0,0,0,0,0,0,0,S001 - WH KLS JABABEKA,FIRST LOGISTICS,2,LATE,7,144,21.03.2026,13.03.2026,17.03.2026,,,,,,S001,WH KLS JABABEKA
I100260312L118_S001,MINI VAN BOX,491200,0,0,0,0,0,491200,S001 - WH KLS JABABEKA,FIRST LOGISTICS,7,ON SCHEDULE,27,0,23.04.2026,26.03.2026,28.03.2026,12.06.2026,17.06.2026,18.06.2026,22.06.2026,,S001,WH KLS JABABEKA
I100260312L118_S001,MINI VAN BOX,491200,0,0,0,0,0,491200,S001 - WH KLS JABABEKA,FIRST LOGISTICS,7,ON SCHEDULE,27,0,23.04.2026,26.03.2026,28.03.2026,12.06.2026,17.06.2026,18.06.2026,22.06.2026,,S001,WH KLS JABABEKA
I100260312L120_S001,MINI VAN BOX,3042200,0,0,0,0,0,3042200,S001 - WH KLS JABABEKA,FIRST LOGISTICS,7,ON SCHEDULE,27,0,10.04.2026,13.03.2026,17.03.2026,12.06.2026,17.06.2026,18.06.2026,22.06.2026,,S001,WH KLS JABABEKA
I100260312L120_S001,MINI VAN BOX,3042200,0,0,0,0,0,3042200,S001 - WH KLS JABABEKA,FIRST LOGISTICS,7,ON SCHEDULE,27,0,10.04.2026,13.03.2026,17.03.2026,12.06.2026,17.06.2026,18.06.2026,22.06.2026,,S001,WH KLS JABABEKA
I100260312L121_S001,MINI VAN BOX,0,0,0,0,0,0,0,S001 - WH KLS JABABEKA,FIRST LOGISTICS,2,LATE,7,144,21.03.2026,13.03.2026,17.03.2026,,,,,,S001,WH KLS JABABEKA
I100260312L122_S001,MINI VAN BOX,0,0,0,0,0,0,0,S001 - WH KLS JABABEKA,FIRST LOGISTICS,2,LATE,7,144,21.03.2026,13.03.2026,17.03.2026,,,,,,S001,WH KLS JABABEKA
I100260312L123_S001,MINI VAN BOX,0,0,0,0,0,0,0,S001 - WH KLS JABABEKA,FIRST LOGISTICS,2,LATE,7,130,03.04.2026,26.03.2026,28.03.2026,,,,,,S001,WH KLS JABABEKA
I100260312L124_S001,MINI VAN BOX,0,0,0,0,0,0,0,S001 - WH KLS JABABEKA,FIRST LOGISTICS,2,LATE,7,130,03.04.2026,26.03.2026,29.03.2026,,,,,,S001,WH KLS JABABEKA
I100260312L125_S001,MINI VAN BOX,858000,0,0,0,0,0,858000,S001 - WH KLS JABABEKA,FIRST LOGISTICS,7,ON SCHEDULE,27,0,23.04.2026,26.03.2026,28.03.2026,12.06.2026,17.06.2026,18.06.2026,22.06.2026,,S001,WH KLS JABABEKA
I100260312L125_S001,MINI VAN BOX,858000,0,0,0,0,0,858000,S001 - WH KLS JABABEKA,FIRST LOGISTICS,7,ON SCHEDULE,27,0,23.04.2026,26.03.2026,28.03.2026,12.06.2026,17.06.2026,18.06.2026,22.06.2026,,S001,WH KLS JABABEKA
I100260312L126_S001,MINI VAN BOX,230300,0,0,0,0,0,230300,S001 - WH KLS JABABEKA,FIRST LOGISTICS,7,ON SCHEDULE,27,0,23.04.2026,26.03.2026,29.03.2026,12.06.2026,17.06.2026,18.06.2026,22.06.2026,,S001,WH KLS JABABEKA
I100260312L126_S001,MINI VAN BOX,230300,0,0,0,0,0,230300,S001 - WH KLS JABABEKA,FIRST LOGISTICS,7,ON SCHEDULE,27,0,23.04.2026,26.03.2026,29.03.2026,12.06.2026,17.06.2026,18.06.2026,22.06.2026,,S001,WH KLS JABABEKA
I100260312T031_S001,CONT-20,15000000,0,0,0,0,0,15000000,S001 - WH KLS JABABEKA,PT. SENTOSA PRIMA ABADI,7,ON SCHEDULE,27,0,23.04.2026,26.03.2026,31.03.2026,12.05.2026,12.05.2026,18.05.2026,18.05.2026,,S001,WH KLS JABABEKA
I100260312T032_S001,CONT-20,15000000,0,0,0,0,0,15000000,S001 - WH KLS JABABEKA,PT. SENTOSA PRIMA ABADI,7,ON SCHEDULE,27,0,11.04.2026,14.03.2026,31.03.2026,15.05.2026,15.05.2026,18.05.2026,18.05.2026,,S001,WH KLS JABABEKA
I100260313L028_S001,CDD BAK,7500000,0,0,0,1000000,0,8500000,S001 - WH KLS JABABEKA,PT. EKA CIPTA MANGGALA,7,ON SCHEDULE,32,0,15.04.2026,13.03.2026,16.03.2026,27.03.2026,31.03.2026,06.04.2026,06.04.2026,,S001,WH KLS JABABEKA
I100260313L028_S001,CDD BAK,7500000,0,0,0,1000000,0,8500000,S001 - WH KLS JABABEKA,PT. EKA CIPTA MANGGALA,7,ON SCHEDULE,32,0,15.04.2026,13.03.2026,16.03.2026,27.03.2026,31.03.2026,06.04.2026,06.04.2026,,S001,WH KLS JABABEKA
I100260313L028_S001,CDD BAK,7500000,0,0,0,1000000,0,8500000,S001 - WH KLS JABABEKA,PT. EKA CIPTA MANGGALA,7,ON SCHEDULE,32,0,15.04.2026,13.03.2026,16.03.2026,27.03.2026,31.03.2026,06.04.2026,06.04.2026,,S001,WH KLS JABABEKA
I100260313L028_S001,CDD BAK,7500000,0,0,0,1000000,0,8500000,S001 - WH KLS JABABEKA,PT. EKA CIPTA MANGGALA,7,ON SCHEDULE,32,0,15.04.2026,13.03.2026,16.03.2026,27.03.2026,31.03.2026,06.04.2026,06.04.2026,,S001,WH KLS JABABEKA
I100260313L030_S001,CDD BAK,7500000,0,0,0,1000000,0,8500000,S001 - WH KLS JABABEKA,PT. EKA CIPTA MANGGALA,7,ON SCHEDULE,32,0,15.04.2026,13.03.2026,19.03.2026,25.03.2026,25.03.2026,25.03.2026,25.03.2026,,S001,WH KLS JABABEKA
I100260313L030_S001,CDD BAK,7500000,0,0,0,1000000,0,8500000,S001 - WH KLS JABABEKA,PT. EKA CIPTA MANGGALA,7,ON SCHEDULE,32,0,15.04.2026,13.03.2026,19.03.2026,25.03.2026,25.03.2026,25.03.2026,25.03.2026,,S001,WH KLS JABABEKA
I100260313L030_S001,CDD BAK,7500000,0,0,0,1000000,0,8500000,S001 - WH KLS JABABEKA,PT. EKA CIPTA MANGGALA,7,ON SCHEDULE,32,0,15.04.2026,13.03.2026,19.03.2026,25.03.2026,25.03.2026,25.03.2026,25.03.2026,,S001,WH KLS JABABEKA
I100260313L030_S001,CDD BAK,7500000,0,0,0,1000000,0,8500000,S001 - WH KLS JABABEKA,PT. EKA CIPTA MANGGALA,7,ON SCHEDULE,32,0,15.04.2026,13.03.2026,19.03.2026,25.03.2026,25.03.2026,25.03.2026,25.03.2026,,S001,WH KLS JABABEKA
I100260313L031_S001,CDD BAK,7500000,0,0,0,1000000,0,8500000,S001 - WH KLS JABABEKA,PT. EKA CIPTA MANGGALA,7,ON SCHEDULE,32,0,15.04.2026,13.03.2026,27.03.2026,27.03.2026,31.03.2026,06.04.2026,06.04.2026,,S001,WH KLS JABABEKA
I100260313L031_S001,CDD BAK,7500000,0,0,0,1000000,0,8500000,S001 - WH KLS JABABEKA,PT. EKA CIPTA MANGGALA,7,ON SCHEDULE,32,0,15.04.2026,13.03.2026,27.03.2026,27.03.2026,31.03.2026,06.04.2026,06.04.2026,,S001,WH KLS JABABEKA
I100260313L031_S001,CDD BAK,7500000,0,0,0,1000000,0,8500000,S001 - WH KLS JABABEKA,PT. EKA CIPTA MANGGALA,7,ON SCHEDULE,32,0,15.04.2026,13.03.2026,27.03.2026,27.03.2026,31.03.2026,06.04.2026,06.04.2026,,S001,WH KLS JABABEKA
I100260313L031_S001,CDD BAK,7500000,0,0,0,1000000,0,8500000,S001 - WH KLS JABABEKA,PT. EKA CIPTA MANGGALA,7,ON SCHEDULE,32,0,15.04.2026,13.03.2026,27.03.2026,27.03.2026,31.03.2026,06.04.2026,06.04.2026,,S001,WH KLS JABABEKA
I100260313L032_S001,CDD BAK,11500000,0,0,0,2300000,700000,14500000,S001 - WH KLS JABABEKA,BINTANG SAMUDERA,7,ON SCHEDULE,29,0,12.04.2026,13.03.2026,26.03.2026,21.04.2026,23.04.2026,23.04.2026,23.04.2026,,S001,WH KLS JABABEKA
I100260313L032_S001,CDD BAK,11500000,0,0,0,2300000,700000,14500000,S001 - WH KLS JABABEKA,BINTANG SAMUDERA,7,ON SCHEDULE,29,0,12.04.2026,13.03.2026,26.03.2026,21.04.2026,23.04.2026,23.04.2026,23.04.2026,,S001,WH KLS JABABEKA
I100260313L032_S001,CDD BAK,11500000,0,0,0,2300000,700000,14500000,S001 - WH KLS JABABEKA,BINTANG SAMUDERA,7,ON SCHEDULE,29,0,12.04.2026,13.03.2026,26.03.2026,21.04.2026,23.04.2026,23.04.2026,23.04.2026,,S001,WH KLS JABABEKA
I100260313L095_S001,MINI VAN BOX,154000,0,0,0,0,0,154000,S001 - WH KLS JABABEKA,FIRST LOGISTICS,7,ON SCHEDULE,27,0,11.04.2026,14.03.2026,17.03.2026,12.06.2026,17.06.2026,18.06.2026,22.06.2026,,S001,WH KLS JABABEKA
I100260313L095_S001,MINI VAN BOX,154000,0,0,0,0,0,154000,S001 - WH KLS JABABEKA,FIRST LOGISTICS,7,ON SCHEDULE,27,0,11.04.2026,14.03.2026,17.03.2026,12.06.2026,17.06.2026,18.06.2026,22.06.2026,,S001,WH KLS JABABEKA
I100260313L096_S001,MINI VAN BOX,888300,0,0,0,0,0,888300,S001 - WH KLS JABABEKA,FIRST LOGISTICS,7,ON SCHEDULE,27,0,11.04.2026,14.03.2026,17.03.2026,12.06.2026,17.06.2026,18.06.2026,22.06.2026,,S001,WH KLS JABABEKA
I100260313L096_S001,MINI VAN BOX,888300,0,0,0,0,0,888300,S001 - WH KLS JABABEKA,FIRST LOGISTICS,7,ON SCHEDULE,27,0,11.04.2026,14.03.2026,17.03.2026,12.06.2026,17.06.2026,18.06.2026,22.06.2026,,S001,WH KLS JABABEKA
I100260313L097_S001,MINI VAN BOX,772800,0,0,0,0,0,772800,S001 - WH KLS JABABEKA,FIRST LOGISTICS,7,ON SCHEDULE,27,0,11.04.2026,14.03.2026,17.03.2026,12.06.2026,17.06.2026,18.06.2026,22.06.2026,,S001,WH KLS JABABEKA
I100260313L097_S001,MINI VAN BOX,772800,0,0,0,0,0,772800,S001 - WH KLS JABABEKA,FIRST LOGISTICS,7,ON SCHEDULE,27,0,11.04.2026,14.03.2026,17.03.2026,12.06.2026,17.06.2026,18.06.2026,22.06.2026,,S001,WH KLS JABABEKA
I100260313L098_S001,MINI VAN BOX,0,0,0,0,0,0,0,S001 - WH KLS JABABEKA,FIRST LOGISTICS,2,LATE,7,143,22.03.2026,14.03.2026,17.03.2026,,,,,,S001,WH KLS JABABEKA
I100260313L099_S001,MINI VAN BOX,0,0,0,0,0,0,0,S001 - WH KLS JABABEKA,FIRST LOGISTICS,2,LATE,7,130,03.04.2026,26.03.2026,28.03.2026,,,,,,S001,WH KLS JABABEKA
I100260313L100_S001,MINI VAN BOX,1636800,0,0,0,0,0,1636800,S001 - WH KLS JABABEKA,FIRST LOGISTICS,7,ON SCHEDULE,27,0,11.04.2026,14.03.2026,17.03.2026,12.06.2026,17.06.2026,18.06.2026,22.06.2026,,S001,WH KLS JABABEKA
I100260313L100_S001,MINI VAN BOX,1636800,0,0,0,0,0,1636800,S001 - WH KLS JABABEKA,FIRST LOGISTICS,7,ON SCHEDULE,27,0,11.04.2026,14.03.2026,17.03.2026,12.06.2026,17.06.2026,18.06.2026,22.06.2026,,S001,WH KLS JABABEKA
I100260313L101_S001,MINI VAN BOX,284300,0,0,0,0,0,284300,S001 - WH KLS JABABEKA,FIRST LOGISTICS,7,ON SCHEDULE,27,0,11.04.2026,14.03.2026,17.03.2026,12.06.2026,17.06.2026,18.06.2026,22.06.2026,,S001,WH KLS JABABEKA
I100260313L101_S001,MINI VAN BOX,284300,0,0,0,0,0,284300,S001 - WH KLS JABABEKA,FIRST LOGISTICS,7,ON SCHEDULE,27,0,11.04.2026,14.03.2026,17.03.2026,12.06.2026,17.06.2026,18.06.2026,22.06.2026,,S001,WH KLS JABABEKA
I100260313L102_S001,MINI VAN BOX,1252900,0,0,0,0,0,1252900,S001 - WH KLS JABABEKA,FIRST LOGISTICS,7,ON SCHEDULE,27,0,11.04.2026,14.03.2026,17.03.2026,12.06.2026,17.06.2026,18.06.2026,22.06.2026,,S001,WH KLS JABABEKA
I100260313L102_S001,MINI VAN BOX,1252900,0,0,0,0,0,1252900,S001 - WH KLS JABABEKA,FIRST LOGISTICS,7,ON SCHEDULE,27,0,11.04.2026,14.03.2026,17.03.2026,12.06.2026,17.06.2026,18.06.2026,22.06.2026,,S001,WH KLS JABABEKA
I100260313L103_S001,MOTOR BOX,2155000,0,0,0,0,0,2155000,S001 - WH KLS JABABEKA,FIRST LOGISTICS,7,ON SCHEDULE,27,0,23.04.2026,26.03.2026,28.03.2026,12.06.2026,17.06.2026,18.06.2026,22.06.2026,,S001,WH KLS JABABEKA
I100260313L103_S001,MOTOR BOX,2155000,0,0,0,0,0,2155000,S001 - WH KLS JABABEKA,FIRST LOGISTICS,7,ON SCHEDULE,27,0,23.04.2026,26.03.2026,28.03.2026,12.06.2026,17.06.2026,18.06.2026,22.06.2026,,S001,WH KLS JABABEKA
I100260313L104_S001,MINI VAN BOX,0,0,0,0,0,0,0,S001 - WH KLS JABABEKA,FIRST LOGISTICS,2,LATE,7,143,22.03.2026,14.03.2026,17.03.2026,,,,,,S001,WH KLS JABABEKA
I100260313L108_S001,MINI VAN BOX,187500,0,0,0,0,0,187500,S001 - WH KLS JABABEKA,FIRST LOGISTICS,7,ON SCHEDULE,27,0,23.04.2026,26.03.2026,28.03.2026,12.06.2026,17.06.2026,18.06.2026,22.06.2026,,S001,WH KLS JABABEKA
I100260313L108_S001,MINI VAN BOX,187500,0,0,0,0,0,187500,S001 - WH KLS JABABEKA,FIRST LOGISTICS,7,ON SCHEDULE,27,0,23.04.2026,26.03.2026,28.03.2026,12.06.2026,17.06.2026,18.06.2026,22.06.2026,,S001,WH KLS JABABEKA
I100260314L018_S001,CDD BAK,5000000,0,0,0,0,0,5000000,S001 - WH KLS JABABEKA,PT. HARI JAYA SEJAHTERA,7,ON SCHEDULE,27,0,11.04.2026,14.03.2026,26.03.2026,31.03.2026,31.03.2026,02.04.2026,06.04.2026,,S001,WH KLS JABABEKA
I100260314L019_S001,CDD BAK,4500000,0,0,0,550000,500000,5550000,S001 - WH KLS JABABEKA,PT. HARI JAYA SEJAHTERA,7,ON SCHEDULE,29,0,13.04.2026,14.03.2026,26.03.2026,31.03.2026,31.03.2026,02.04.2026,06.04.2026,,S001,WH KLS JABABEKA
I100260314L019_S001,CDD BAK,4500000,0,0,0,550000,500000,5550000,S001 - WH KLS JABABEKA,PT. HARI JAYA SEJAHTERA,7,ON SCHEDULE,29,0,13.04.2026,14.03.2026,26.03.2026,31.03.2026,31.03.2026,02.04.2026,06.04.2026,,S001,WH KLS JABABEKA
I100260314L019_S001,CDD BAK,4500000,0,0,0,550000,500000,5550000,S001 - WH KLS JABABEKA,PT. HARI JAYA SEJAHTERA,7,ON SCHEDULE,29,0,13.04.2026,14.03.2026,26.03.2026,31.03.2026,31.03.2026,02.04.2026,06.04.2026,,S001,WH KLS JABABEKA
I100260314L019_S001,CDD BAK,4500000,0,0,0,550000,500000,5550000,S001 - WH KLS JABABEKA,PT. HARI JAYA SEJAHTERA,7,ON SCHEDULE,29,0,13.04.2026,14.03.2026,26.03.2026,31.03.2026,31.03.2026,02.04.2026,06.04.2026,,S001,WH KLS JABABEKA
I100260314L020_S001,CDD BAK,4700000,0,0,0,400000,0,5100000,S001 - WH KLS JABABEKA,PT. EKA CIPTA MANGGALA,7,ON SCHEDULE,29,0,13.04.2026,14.03.2026,25.03.2026,25.03.2026,31.03.2026,06.04.2026,06.04.2026,,S001,WH KLS JABABEKA
I100260314L020_S001,CDD BAK,4700000,0,0,0,400000,0,5100000,S001 - WH KLS JABABEKA,PT. EKA CIPTA MANGGALA,7,ON SCHEDULE,29,0,13.04.2026,14.03.2026,25.03.2026,25.03.2026,31.03.2026,06.04.2026,06.04.2026,,S001,WH KLS JABABEKA
I100260314L020_S001,CDD BAK,4700000,0,0,0,400000,0,5100000,S001 - WH KLS JABABEKA,PT. EKA CIPTA MANGGALA,7,ON SCHEDULE,29,0,13.04.2026,14.03.2026,25.03.2026,25.03.2026,31.03.2026,06.04.2026,06.04.2026,,S001,WH KLS JABABEKA
I100260314L021_S001,CDD BAK,5000000,0,0,0,800000,0,5800000,S001 - WH KLS JABABEKA,PT. EKA CIPTA MANGGALA,7,ON SCHEDULE,29,0,13.04.2026,14.03.2026,25.03.2026,25.03.2026,31.03.2026,06.04.2026,06.04.2026,,S001,WH KLS JABABEKA
I100260314L021_S001,CDD BAK,5000000,0,0,0,800000,0,5800000,S001 - WH KLS JABABEKA,PT. EKA CIPTA MANGGALA,7,ON SCHEDULE,29,0,13.04.2026,14.03.2026,25.03.2026,25.03.2026,31.03.2026,06.04.2026,06.04.2026,,S001,WH KLS JABABEKA
I100260314L021_S001,CDD BAK,5000000,0,0,0,800000,0,5800000,S001 - WH KLS JABABEKA,PT. EKA CIPTA MANGGALA,7,ON SCHEDULE,29,0,13.04.2026,14.03.2026,25.03.2026,25.03.2026,31.03.2026,06.04.2026,06.04.2026,,S001,WH KLS JABABEKA
I100260314L021_S001,CDD BAK,5000000,0,0,0,800000,0,5800000,S001 - WH KLS JABABEKA,PT. EKA CIPTA MANGGALA,7,ON SCHEDULE,29,0,13.04.2026,14.03.2026,25.03.2026,25.03.2026,31.03.2026,06.04.2026,06.04.2026,,S001,WH KLS JABABEKA
I100260314L022_S001,CDD BAK,5300000,0,0,0,400000,0,5700000,S001 - WH KLS JABABEKA,PT. EKA CIPTA MANGGALA,7,ON SCHEDULE,29,0,13.04.2026,14.03.2026,16.03.2026,25.03.2026,25.03.2026,25.03.2026,25.03.2026,,S001,WH KLS JABABEKA
I100260314L022_S001,CDD BAK,5300000,0,0,0,400000,0,5700000,S001 - WH KLS JABABEKA,PT. EKA CIPTA MANGGALA,7,ON SCHEDULE,29,0,13.04.2026,14.03.2026,16.03.2026,25.03.2026,25.03.2026,25.03.2026,25.03.2026,,S001,WH KLS JABABEKA
I100260314L022_S001,CDD BAK,5300000,0,0,0,400000,0,5700000,S001 - WH KLS JABABEKA,PT. EKA CIPTA MANGGALA,7,ON SCHEDULE,29,0,13.04.2026,14.03.2026,16.03.2026,25.03.2026,25.03.2026,25.03.2026,25.03.2026,,S001,WH KLS JABABEKA
I100260314L078_S001,MINI VAN BOX,346500,0,0,0,0,0,346500,S001 - WH KLS JABABEKA,FIRST LOGISTICS,7,ON SCHEDULE,27,0,23.04.2026,26.03.2026,29.03.2026,12.06.2026,17.06.2026,18.06.2026,22.06.2026,,S001,WH KLS JABABEKA
I100260314L078_S001,MINI VAN BOX,346500,0,0,0,0,0,346500,S001 - WH KLS JABABEKA,FIRST LOGISTICS,7,ON SCHEDULE,27,0,23.04.2026,26.03.2026,29.03.2026,12.06.2026,17.06.2026,18.06.2026,22.06.2026,,S001,WH KLS JABABEKA
I100260314L079_S001,MINI VAN BOX,515400,0,0,0,0,0,515400,S001 - WH KLS JABABEKA,FIRST LOGISTICS,7,ON SCHEDULE,27,0,23.04.2026,26.03.2026,29.03.2026,12.06.2026,17.06.2026,18.06.2026,22.06.2026,,S001,WH KLS JABABEKA
I100260314L079_S001,MINI VAN BOX,515400,0,0,0,0,0,515400,S001 - WH KLS JABABEKA,FIRST LOGISTICS,7,ON SCHEDULE,27,0,23.04.2026,26.03.2026,29.03.2026,12.06.2026,17.06.2026,18.06.2026,22.06.2026,,S001,WH KLS JABABEKA
I100260314L081_S001,MINI VAN BOX,676200,0,0,0,0,0,676200,S001 - WH KLS JABABEKA,FIRST LOGISTICS,7,ON SCHEDULE,27,0,23.04.2026,26.03.2026,28.03.2026,12.06.2026,17.06.2026,18.06.2026,22.06.2026,,S001,WH KLS JABABEKA
I100260314L081_S001,MINI VAN BOX,676200,0,0,0,0,0,676200,S001 - WH KLS JABABEKA,FIRST LOGISTICS,7,ON SCHEDULE,27,0,23.04.2026,26.03.2026,28.03.2026,12.06.2026,17.06.2026,18.06.2026,22.06.2026,,S001,WH KLS JABABEKA
I100260314L082_S001,CDD,767250,0,0,0,0,0,767250,S001 - WH KLS JABABEKA,FIRST LOGISTICS,7,ON SCHEDULE,27,0,23.04.2026,26.03.2026,28.03.2026,12.06.2026,17.06.2026,18.06.2026,22.06.2026,,S001,WH KLS JABABEKA
I100260314L082_S001,CDD,767250,0,0,0,0,0,767250,S001 - WH KLS JABABEKA,FIRST LOGISTICS,7,ON SCHEDULE,27,0,23.04.2026,26.03.2026,28.03.2026,12.06.2026,17.06.2026,18.06.2026,22.06.2026,,S001,WH KLS JABABEKA
I100260314L083_S001,MINI VAN BOX,0,0,0,0,0,0,0,S001 - WH KLS JABABEKA,FIRST LOGISTICS,2,LATE,7,130,03.04.2026,26.03.2026,29.03.2026,,,,,,S001,WH KLS JABABEKA
I100260314L085_S001,MINI VAN BOX,51600,0,0,0,0,0,51600,S001 - WH KLS JABABEKA,FIRST LOGISTICS,7,ON SCHEDULE,27,0,23.04.2026,26.03.2026,28.03.2026,12.06.2026,17.06.2026,18.06.2026,22.06.2026,,S001,WH KLS JABABEKA
I100260314L085_S001,MINI VAN BOX,51600,0,0,0,0,0,51600,S001 - WH KLS JABABEKA,FIRST LOGISTICS,7,ON SCHEDULE,27,0,23.04.2026,26.03.2026,28.03.2026,12.06.2026,17.06.2026,18.06.2026,22.06.2026,,S001,WH KLS JABABEKA
I100260314L086_S001,MINI VAN BOX,0,0,0,0,0,0,0,S001 - WH KLS JABABEKA,FIRST LOGISTICS,2,LATE,7,130,03.04.2026,26.03.2026,28.03.2026,,,,,,S001,WH KLS JABABEKA
I100260314T010_S001,CDD BAK,4500000,0,0,0,0,0,4500000,S001 - WH KLS JABABEKA,PT. HARI JAYA SEJAHTERA,7,ON SCHEDULE,29,0,13.04.2026,14.03.2026,26.03.2026,27.03.2026,27.03.2026,31.03.2026,06.04.2026,,S001,WH KLS JABABEKA
I100260314T011_S001,CDD BAK,4500000,0,0,0,0,0,4500000,S001 - WH KLS JABABEKA,PT. HARI JAYA SEJAHTERA,7,ON SCHEDULE,29,0,13.04.2026,14.03.2026,26.03.2026,27.03.2026,27.03.2026,31.03.2026,06.04.2026,,S001,WH KLS JABABEKA
I100260314T012_S001,CDD BAK,4500000,0,0,0,0,0,4500000,S001 - WH KLS JABABEKA,PT. HARI JAYA SEJAHTERA,7,ON SCHEDULE,29,0,13.04.2026,14.03.2026,26.03.2026,27.03.2026,27.03.2026,31.03.2026,06.04.2026,,S001,WH KLS JABABEKA
I100260315L013_S001,CDD BAK,3421969,0,0,0,1500000,0,4921969,S001 - WH KLS JABABEKA,PT. HARI JAYA TRANSPORTASI,7,ON SCHEDULE,28,0,13.04.2026,15.03.2026,26.03.2026,10.04.2026,10.04.2026,14.04.2026,14.04.2026,,S001,WH KLS JABABEKA
I100260315L013_S001,CDD BAK,3421969,0,0,0,1500000,0,4921969,S001 - WH KLS JABABEKA,PT. HARI JAYA TRANSPORTASI,7,ON SCHEDULE,28,0,13.04.2026,15.03.2026,26.03.2026,10.04.2026,10.04.2026,14.04.2026,14.04.2026,,S001,WH KLS JABABEKA
I100260315L013_S001,CDD BAK,3421969,0,0,0,1500000,0,4921969,S001 - WH KLS JABABEKA,PT. HARI JAYA TRANSPORTASI,7,ON SCHEDULE,28,0,13.04.2026,15.03.2026,26.03.2026,10.04.2026,10.04.2026,14.04.2026,14.04.2026,,S001,WH KLS JABABEKA
I100260315L013_S001,CDD BAK,3421969,0,0,0,1500000,0,4921969,S001 - WH KLS JABABEKA,PT. HARI JAYA TRANSPORTASI,7,ON SCHEDULE,28,0,13.04.2026,15.03.2026,26.03.2026,10.04.2026,10.04.2026,14.04.2026,14.04.2026,,S001,WH KLS JABABEKA
I100260315L013_S001,CDD BAK,3421969,0,0,0,1500000,0,4921969,S001 - WH KLS JABABEKA,PT. HARI JAYA TRANSPORTASI,7,ON SCHEDULE,28,0,13.04.2026,15.03.2026,26.03.2026,10.04.2026,10.04.2026,14.04.2026,14.04.2026,,S001,WH KLS JABABEKA
I100260315L013_S001,CDD BAK,3421969,0,0,0,1500000,0,4921969,S001 - WH KLS JABABEKA,PT. HARI JAYA TRANSPORTASI,7,ON SCHEDULE,28,0,13.04.2026,15.03.2026,26.03.2026,10.04.2026,10.04.2026,14.04.2026,14.04.2026,,S001,WH KLS JABABEKA
I100260315L013_S001,CDD BAK,3421969,0,0,0,1500000,0,4921969,S001 - WH KLS JABABEKA,PT. HARI JAYA TRANSPORTASI,7,ON SCHEDULE,28,0,13.04.2026,15.03.2026,26.03.2026,10.04.2026,10.04.2026,14.04.2026,14.04.2026,,S001,WH KLS JABABEKA
I100260315L013_S001,CDD BAK,3421969,0,0,0,1500000,0,4921969,S001 - WH KLS JABABEKA,PT. HARI JAYA TRANSPORTASI,7,ON SCHEDULE,28,0,13.04.2026,15.03.2026,26.03.2026,10.04.2026,10.04.2026,14.04.2026,14.04.2026,,S001,WH KLS JABABEKA
I100260315L014_S001,CDD BAK,4100000,0,0,0,800000,0,4900000,S001 - WH KLS JABABEKA,PT. EKA CIPTA MANGGALA,7,ON SCHEDULE,27,0,12.04.2026,15.03.2026,16.03.2026,25.03.2026,25.03.2026,25.03.2026,25.03.2026,,S001,WH KLS JABABEKA
I100260315L014_S001,CDD BAK,4100000,0,0,0,800000,0,4900000,S001 - WH KLS JABABEKA,PT. EKA CIPTA MANGGALA,7,ON SCHEDULE,27,0,12.04.2026,15.03.2026,16.03.2026,25.03.2026,25.03.2026,25.03.2026,25.03.2026,,S001,WH KLS JABABEKA
I100260315L014_S001,CDD BAK,4100000,0,0,0,800000,0,4900000,S001 - WH KLS JABABEKA,PT. EKA CIPTA MANGGALA,7,ON SCHEDULE,27,0,12.04.2026,15.03.2026,16.03.2026,25.03.2026,25.03.2026,25.03.2026,25.03.2026,,S001,WH KLS JABABEKA
I100260315L014_S001,CDD BAK,4100000,0,0,0,800000,0,4900000,S001 - WH KLS JABABEKA,PT. EKA CIPTA MANGGALA,7,ON SCHEDULE,27,0,12.04.2026,15.03.2026,16.03.2026,25.03.2026,25.03.2026,25.03.2026,25.03.2026,,S001,WH KLS JABABEKA
I100260315L014_S001,CDD BAK,4100000,0,0,0,800000,0,4900000,S001 - WH KLS JABABEKA,PT. EKA CIPTA MANGGALA,7,ON SCHEDULE,27,0,12.04.2026,15.03.2026,16.03.2026,25.03.2026,25.03.2026,25.03.2026,25.03.2026,,S001,WH KLS JABABEKA
I100260315L014_S001,CDD BAK,4100000,0,0,0,800000,0,4900000,S001 - WH KLS JABABEKA,PT. EKA CIPTA MANGGALA,7,ON SCHEDULE,27,0,12.04.2026,15.03.2026,16.03.2026,25.03.2026,25.03.2026,25.03.2026,25.03.2026,,S001,WH KLS JABABEKA
I100260315L014_S001,CDD BAK,4100000,0,0,0,800000,0,4900000,S001 - WH KLS JABABEKA,PT. EKA CIPTA MANGGALA,7,ON SCHEDULE,27,0,12.04.2026,15.03.2026,16.03.2026,25.03.2026,25.03.2026,25.03.2026,25.03.2026,,S001,WH KLS JABABEKA
I100260315L014_S001,CDD BAK,4100000,0,0,0,800000,0,4900000,S001 - WH KLS JABABEKA,PT. EKA CIPTA MANGGALA,7,ON SCHEDULE,27,0,12.04.2026,15.03.2026,16.03.2026,25.03.2026,25.03.2026,25.03.2026,25.03.2026,,S001,WH KLS JABABEKA
I100260315L014_S001,CDD BAK,4100000,0,0,0,800000,0,4900000,S001 - WH KLS JABABEKA,PT. EKA CIPTA MANGGALA,7,ON SCHEDULE,27,0,12.04.2026,15.03.2026,16.03.2026,25.03.2026,25.03.2026,25.03.2026,25.03.2026,,S001,WH KLS JABABEKA
I100260315L015_S001,CDD BAK,3700000,0,0,0,400000,0,4100000,S001 - WH KLS JABABEKA,PT. EKA CIPTA MANGGALA,7,ON SCHEDULE,28,0,13.04.2026,15.03.2026,16.03.2026,25.03.2026,25.03.2026,25.03.2026,25.03.2026,,S001,WH KLS JABABEKA
I100260315L015_S001,CDD BAK,3700000,0,0,0,400000,0,4100000,S001 - WH KLS JABABEKA,PT. EKA CIPTA MANGGALA,7,ON SCHEDULE,28,0,13.04.2026,15.03.2026,16.03.2026,25.03.2026,25.03.2026,25.03.2026,25.03.2026,,S001,WH KLS JABABEKA
I100260315L015_S001,CDD BAK,3700000,0,0,0,400000,0,4100000,S001 - WH KLS JABABEKA,PT. EKA CIPTA MANGGALA,7,ON SCHEDULE,28,0,13.04.2026,15.03.2026,16.03.2026,25.03.2026,25.03.2026,25.03.2026,25.03.2026,,S001,WH KLS JABABEKA
I100260315L016_S001,CDD BAK,4000000,0,0,0,1200000,0,5200000,S001 - WH KLS JABABEKA,PT. EKA CIPTA MANGGALA,7,ON SCHEDULE,27,0,12.04.2026,15.03.2026,16.03.2026,25.03.2026,25.03.2026,25.03.2026,25.03.2026,,S001,WH KLS JABABEKA
I100260315L016_S001,CDD BAK,4000000,0,0,0,1200000,0,5200000,S001 - WH KLS JABABEKA,PT. EKA CIPTA MANGGALA,7,ON SCHEDULE,27,0,12.04.2026,15.03.2026,16.03.2026,25.03.2026,25.03.2026,25.03.2026,25.03.2026,,S001,WH KLS JABABEKA
I100260315L016_S001,CDD BAK,4000000,0,0,0,1200000,0,5200000,S001 - WH KLS JABABEKA,PT. EKA CIPTA MANGGALA,7,ON SCHEDULE,27,0,12.04.2026,15.03.2026,16.03.2026,25.03.2026,25.03.2026,25.03.2026,25.03.2026,,S001,WH KLS JABABEKA
I100260315L016_S001,CDD BAK,4000000,0,0,0,1200000,0,5200000,S001 - WH KLS JABABEKA,PT. EKA CIPTA MANGGALA,7,ON SCHEDULE,27,0,12.04.2026,15.03.2026,16.03.2026,25.03.2026,25.03.2026,25.03.2026,25.03.2026,,S001,WH KLS JABABEKA
I100260315L016_S001,CDD BAK,4000000,0,0,0,1200000,0,5200000,S001 - WH KLS JABABEKA,PT. EKA CIPTA MANGGALA,7,ON SCHEDULE,27,0,12.04.2026,15.03.2026,16.03.2026,25.03.2026,25.03.2026,25.03.2026,25.03.2026,,S001,WH KLS JABABEKA
I100260315L016_S001,CDD BAK,4000000,0,0,0,1200000,0,5200000,S001 - WH KLS JABABEKA,PT. EKA CIPTA MANGGALA,7,ON SCHEDULE,27,0,12.04.2026,15.03.2026,16.03.2026,25.03.2026,25.03.2026,25.03.2026,25.03.2026,,S001,WH KLS JABABEKA
I100260315L017_S001,CDD BAK,4000000,0,0,0,800000,0,4800000,S001 - WH KLS JABABEKA,PT. EKA CIPTA MANGGALA,7,ON SCHEDULE,28,0,13.04.2026,15.03.2026,16.03.2026,25.03.2026,25.03.2026,25.03.2026,25.03.2026,,S001,WH KLS JABABEKA
I100260315L017_S001,CDD BAK,4000000,0,0,0,800000,0,4800000,S001 - WH KLS JABABEKA,PT. EKA CIPTA MANGGALA,7,ON SCHEDULE,28,0,13.04.2026,15.03.2026,16.03.2026,25.03.2026,25.03.2026,25.03.2026,25.03.2026,,S001,WH KLS JABABEKA
I100260315L017_S001,CDD BAK,4000000,0,0,0,800000,0,4800000,S001 - WH KLS JABABEKA,PT. EKA CIPTA MANGGALA,7,ON SCHEDULE,28,0,13.04.2026,15.03.2026,16.03.2026,25.03.2026,25.03.2026,25.03.2026,25.03.2026,,S001,WH KLS JABABEKA
I100260315L017_S001,CDD BAK,4000000,0,0,0,800000,0,4800000,S001 - WH KLS JABABEKA,PT. EKA CIPTA MANGGALA,7,ON SCHEDULE,28,0,13.04.2026,15.03.2026,16.03.2026,25.03.2026,25.03.2026,25.03.2026,25.03.2026,,S001,WH KLS JABABEKA
I100260315L051_S001,SELFOLDER,21000000,0,0,0,0,0,21000000,S001 - WH KLS JABABEKA,JASATAMA DIRGANTARA EXPRESS,7,ON SCHEDULE,27,0,23.04.2026,26.03.2026,27.03.2026,10.04.2026,13.04.2026,14.04.2026,14.04.2026,,S001,WH KLS JABABEKA
I100260316L014_S001,CDD BAK,3421969,0,0,0,0,0,3421969,S001 - WH KLS JABABEKA,PT. HARI JAYA TRANSPORTASI,7,ON SCHEDULE,27,0,13.04.2026,16.03.2026,26.03.2026,10.04.2026,10.04.2026,14.04.2026,14.04.2026,,S001,WH KLS JABABEKA
I100260316L015_S001,CONT-20,17200000,0,0,0,4700000,800000,22700000,S001 - WH KLS JABABEKA,PT. SENTOSA PRIMA ABADI,7,ON SCHEDULE,40,0,06.05.2026,26.03.2026,10.04.2026,15.05.2026,17.05.2026,20.05.2026,20.05.2026,,S001,WH KLS JABABEKA
I100260316L016_S001,CONT-20,16100000,0,0,0,3400000,800000,20300000,S001 - WH KLS JABABEKA,PT. SENTOSA PRIMA ABADI,7,ON SCHEDULE,40,0,26.04.2026,16.03.2026,,20.05.2026,20.05.2026,25.05.2026,25.05.2026,,S001,WH KLS JABABEKA
I100260316L017_S001,CONT-20,14400000,0,0,300000,0,800000,15500000,S001 - WH KLS JABABEKA,PT. SENTOSA PRIMA ABADI,7,ON SCHEDULE,40,0,06.05.2026,26.03.2026,08.04.2026,12.05.2026,12.05.2026,20.05.2026,20.05.2026,,S001,WH KLS JABABEKA
I100260316L069_S001,MINI VAN BOX,2661350,0,0,0,0,0,2661350,S001 - WH KLS JABABEKA,FIRST LOGISTICS,7,ON SCHEDULE,27,0,23.04.2026,26.03.2026,29.03.2026,12.06.2026,17.06.2026,18.06.2026,22.06.2026,,S001,WH KLS JABABEKA
I100260316L069_S001,MINI VAN BOX,2661350,0,0,0,0,0,2661350,S001 - WH KLS JABABEKA,FIRST LOGISTICS,7,ON SCHEDULE,27,0,23.04.2026,26.03.2026,29.03.2026,12.06.2026,17.06.2026,18.06.2026,22.06.2026,,S001,WH KLS JABABEKA
I100260316L070_S001,MINI VAN BOX,32900,0,0,0,0,0,32900,S001 - WH KLS JABABEKA,FIRST LOGISTICS,7,ON SCHEDULE,27,0,23.04.2026,26.03.2026,28.03.2026,12.06.2026,17.06.2026,18.06.2026,22.06.2026,,S001,WH KLS JABABEKA
I100260316L070_S001,MINI VAN BOX,32900,0,0,0,0,0,32900,S001 - WH KLS JABABEKA,FIRST LOGISTICS,7,ON SCHEDULE,27,0,23.04.2026,26.03.2026,28.03.2026,12.06.2026,17.06.2026,18.06.2026,22.06.2026,,S001,WH KLS JABABEKA
I100260316L071_S001,MINI VAN BOX,1125300,0,0,0,0,0,1125300,S001 - WH KLS JABABEKA,FIRST LOGISTICS,7,ON SCHEDULE,27,0,23.04.2026,26.03.2026,28.03.2026,12.06.2026,17.06.2026,18.06.2026,22.06.2026,,S001,WH KLS JABABEKA
I100260316L071_S001,MINI VAN BOX,1125300,0,0,0,0,0,1125300,S001 - WH KLS JABABEKA,FIRST LOGISTICS,7,ON SCHEDULE,27,0,23.04.2026,26.03.2026,28.03.2026,12.06.2026,17.06.2026,18.06.2026,22.06.2026,,S001,WH KLS JABABEKA
I100260316L073_S001,MINI VAN BOX,0,0,0,0,0,0,0,S001 - WH KLS JABABEKA,FIRST LOGISTICS,2,LATE,7,130,03.04.2026,26.03.2026,28.03.2026,,,,,,S001,WH KLS JABABEKA
I100260316L075_S001,MINI VAN BOX,112000,0,0,0,0,0,112000,S001 - WH KLS JABABEKA,FIRST LOGISTICS,6,LATE,27,130,23.04.2026,26.03.2026,28.03.2026,12.06.2026,17.06.2026,18.06.2026,23.07.2026,,S001,WH KLS JABABEKA
I100260316L075_S001,MINI VAN BOX,112000,0,0,0,0,0,112000,S001 - WH KLS JABABEKA,FIRST LOGISTICS,6,LATE,27,130,23.04.2026,26.03.2026,28.03.2026,12.06.2026,17.06.2026,18.06.2026,23.07.2026,,S001,WH KLS JABABEKA
I100260316L076_S001,MINI VAN BOX,0,0,0,0,0,0,0,S001 - WH KLS JABABEKA,FIRST LOGISTICS,2,LATE,7,130,03.04.2026,26.03.2026,28.03.2026,,,,,,S001,WH KLS JABABEKA
I100260316L079_S001,MINI VAN BOX,394050,0,0,0,0,0,394050,S001 - WH KLS JABABEKA,FIRST LOGISTICS,7,ON SCHEDULE,27,0,23.04.2026,26.03.2026,28.03.2026,12.06.2026,17.06.2026,18.06.2026,22.06.2026,,S001,WH KLS JABABEKA
I100260316L079_S001,MINI VAN BOX,394050,0,0,0,0,0,394050,S001 - WH KLS JABABEKA,FIRST LOGISTICS,7,ON SCHEDULE,27,0,23.04.2026,26.03.2026,28.03.2026,12.06.2026,17.06.2026,18.06.2026,22.06.2026,,S001,WH KLS JABABEKA
I100260316L080_S001,MINI VAN BOX,60500,0,0,0,0,0,60500,S001 - WH KLS JABABEKA,FIRST LOGISTICS,7,ON SCHEDULE,27,0,23.04.2026,26.03.2026,28.03.2026,12.06.2026,17.06.2026,18.06.2026,22.06.2026,,S001,WH KLS JABABEKA
I100260316L080_S001,MINI VAN BOX,60500,0,0,0,0,0,60500,S001 - WH KLS JABABEKA,FIRST LOGISTICS,7,ON SCHEDULE,27,0,23.04.2026,26.03.2026,28.03.2026,12.06.2026,17.06.2026,18.06.2026,22.06.2026,,S001,WH KLS JABABEKA
I100260316L081_S001,MINI VAN BOX,0,0,0,0,0,0,0,S001 - WH KLS JABABEKA,FIRST LOGISTICS,2,LATE,7,130,03.04.2026,26.03.2026,28.03.2026,,,,,,S001,WH KLS JABABEKA
I100260316L082_S001,MINI VAN BOX,0,0,0,0,0,0,0,S001 - WH KLS JABABEKA,FIRST LOGISTICS,2,LATE,7,130,03.04.2026,26.03.2026,28.03.2026,,,,,,S001,WH KLS JABABEKA
I100260317L053_S001,MINI VAN BOX,921200,0,0,0,0,0,921200,S001 - WH KLS JABABEKA,FIRST LOGISTICS,7,ON SCHEDULE,27,0,14.04.2026,17.03.2026,28.03.2026,12.06.2026,17.06.2026,18.06.2026,22.06.2026,,S001,WH KLS JABABEKA
I100260317L053_S001,MINI VAN BOX,921200,0,0,0,0,0,921200,S001 - WH KLS JABABEKA,FIRST LOGISTICS,7,ON SCHEDULE,27,0,14.04.2026,17.03.2026,28.03.2026,12.06.2026,17.06.2026,18.06.2026,22.06.2026,,S001,WH KLS JABABEKA
I100260317L054_S001,MINI VAN BOX,386550,0,0,0,0,0,386550,S001 - WH KLS JABABEKA,FIRST LOGISTICS,7,ON SCHEDULE,27,0,14.04.2026,17.03.2026,22.04.2026,12.06.2026,17.06.2026,18.06.2026,22.06.2026,,S001,WH KLS JABABEKA
I100260317L054_S001,MINI VAN BOX,386550,0,0,0,0,0,386550,S001 - WH KLS JABABEKA,FIRST LOGISTICS,7,ON SCHEDULE,27,0,14.04.2026,17.03.2026,22.04.2026,12.06.2026,17.06.2026,18.06.2026,22.06.2026,,S001,WH KLS JABABEKA
I100260317L055_S001,MINI VAN BOX,206400,0,0,0,0,0,206400,S001 - WH KLS JABABEKA,FIRST LOGISTICS,7,ON SCHEDULE,27,0,14.04.2026,17.03.2026,28.03.2026,12.06.2026,17.06.2026,18.06.2026,22.06.2026,,S001,WH KLS JABABEKA
I100260317L055_S001,MINI VAN BOX,206400,0,0,0,0,0,206400,S001 - WH KLS JABABEKA,FIRST LOGISTICS,7,ON SCHEDULE,27,0,14.04.2026,17.03.2026,28.03.2026,12.06.2026,17.06.2026,18.06.2026,22.06.2026,,S001,WH KLS JABABEKA
I100260317L056_S001,MINI VAN BOX,32200,0,0,0,0,0,32200,S001 - WH KLS JABABEKA,FIRST LOGISTICS,7,ON SCHEDULE,27,0,14.04.2026,17.03.2026,28.03.2026,12.06.2026,17.06.2026,18.06.2026,22.06.2026,,S001,WH KLS JABABEKA
I100260317L056_S001,MINI VAN BOX,32200,0,0,0,0,0,32200,S001 - WH KLS JABABEKA,FIRST LOGISTICS,7,ON SCHEDULE,27,0,14.04.2026,17.03.2026,28.03.2026,12.06.2026,17.06.2026,18.06.2026,22.06.2026,,S001,WH KLS JABABEKA
I100260317L057_S001,MINI VAN BOX,920700,0,0,0,0,0,920700,S001 - WH KLS JABABEKA,FIRST LOGISTICS,7,ON SCHEDULE,27,0,14.04.2026,17.03.2026,28.03.2026,12.06.2026,17.06.2026,18.06.2026,22.06.2026,,S001,WH KLS JABABEKA
I100260317L057_S001,MINI VAN BOX,920700,0,0,0,0,0,920700,S001 - WH KLS JABABEKA,FIRST LOGISTICS,7,ON SCHEDULE,27,0,14.04.2026,17.03.2026,28.03.2026,12.06.2026,17.06.2026,18.06.2026,22.06.2026,,S001,WH KLS JABABEKA
I100260317L061_S001,MINI VAN BOX,0,0,0,0,0,0,0,S001 - WH KLS JABABEKA,FIRST LOGISTICS,2,LATE,7,139,25.03.2026,17.03.2026,13.05.2026,,,,,,S001,WH KLS JABABEKA
I100260317L062_S001,MINI VAN BOX,342350,0,0,0,0,0,342350,S001 - WH KLS JABABEKA,FIRST LOGISTICS,7,ON SCHEDULE,27,0,14.04.2026,17.03.2026,09.05.2026,12.06.2026,17.06.2026,18.06.2026,22.06.2026,,S001,WH KLS JABABEKA
I100260317L062_S001,MINI VAN BOX,342350,0,0,0,0,0,342350,S001 - WH KLS JABABEKA,FIRST LOGISTICS,7,ON SCHEDULE,27,0,14.04.2026,17.03.2026,09.05.2026,12.06.2026,17.06.2026,18.06.2026,22.06.2026,,S001,WH KLS JABABEKA
I100260317L063_S001,MINI VAN BOX,0,0,0,0,0,0,0,S001 - WH KLS JABABEKA,FIRST LOGISTICS,2,LATE,7,139,25.03.2026,17.03.2026,13.05.2026,,,,,,S001,WH KLS JABABEKA
I100260317L064_S001,MINI VAN BOX,243200,0,0,0,0,0,243200,S001 - WH KLS JABABEKA,FIRST LOGISTICS,7,ON SCHEDULE,27,0,14.04.2026,17.03.2026,28.03.2026,12.06.2026,17.06.2026,18.06.2026,22.06.2026,,S001,WH KLS JABABEKA
I100260317L064_S001,MINI VAN BOX,243200,0,0,0,0,0,243200,S001 - WH KLS JABABEKA,FIRST LOGISTICS,7,ON SCHEDULE,27,0,14.04.2026,17.03.2026,28.03.2026,12.06.2026,17.06.2026,18.06.2026,22.06.2026,,S001,WH KLS JABABEKA
I100260317T006_S001,CONT-20,14000000,0,0,0,0,800000,14800000,S001 - WH KLS JABABEKA,PT. SENTOSA PRIMA ABADI,7,ON SCHEDULE,40,0,06.05.2026,26.03.2026,08.04.2026,15.05.2026,17.05.2026,18.05.2026,18.05.2026,,S001,WH KLS JABABEKA
I100260318L058_S001,MINI VAN BOX,462000,0,0,0,0,0,462000,S001 - WH KLS JABABEKA,FIRST LOGISTICS,7,ON SCHEDULE,27,0,24.04.2026,27.03.2026,22.04.2026,12.06.2026,17.06.2026,18.06.2026,22.06.2026,,S001,WH KLS JABABEKA
I100260318L058_S001,MINI VAN BOX,462000,0,0,0,0,0,462000,S001 - WH KLS JABABEKA,FIRST LOGISTICS,7,ON SCHEDULE,27,0,24.04.2026,27.03.2026,22.04.2026,12.06.2026,17.06.2026,18.06.2026,22.06.2026,,S001,WH KLS JABABEKA
I100260318L059_S001,MINI VAN BOX,1513400,0,0,0,0,0,1513400,S001 - WH KLS JABABEKA,FIRST LOGISTICS,7,ON SCHEDULE,27,0,24.04.2026,27.03.2026,28.03.2026,12.06.2026,17.06.2026,18.06.2026,22.06.2026,,S001,WH KLS JABABEKA
I100260318L059_S001,MINI VAN BOX,1513400,0,0,0,0,0,1513400,S001 - WH KLS JABABEKA,FIRST LOGISTICS,7,ON SCHEDULE,27,0,24.04.2026,27.03.2026,28.03.2026,12.06.2026,17.06.2026,18.06.2026,22.06.2026,,S001,WH KLS JABABEKA
I100260318L060_S001,MINI VAN BOX,42950,0,0,0,0,0,42950,S001 - WH KLS JABABEKA,FIRST LOGISTICS,7,ON SCHEDULE,27,0,24.04.2026,27.03.2026,22.04.2026,12.06.2026,18.06.2026,18.06.2026,22.06.2026,,S001,WH KLS JABABEKA
I100260318L060_S001,MINI VAN BOX,42950,0,0,0,0,0,42950,S001 - WH KLS JABABEKA,FIRST LOGISTICS,7,ON SCHEDULE,27,0,24.04.2026,27.03.2026,22.04.2026,12.06.2026,18.06.2026,18.06.2026,22.06.2026,,S001,WH KLS JABABEKA
I100260318L061_S001,MINI VAN BOX,44950,0,0,0,0,0,44950,S001 - WH KLS JABABEKA,FIRST LOGISTICS,7,ON SCHEDULE,27,0,24.04.2026,27.03.2026,28.03.2026,12.06.2026,18.06.2026,18.06.2026,22.06.2026,,S001,WH KLS JABABEKA
I100260318L061_S001,MINI VAN BOX,44950,0,0,0,0,0,44950,S001 - WH KLS JABABEKA,FIRST LOGISTICS,7,ON SCHEDULE,27,0,24.04.2026,27.03.2026,28.03.2026,12.06.2026,18.06.2026,18.06.2026,22.06.2026,,S001,WH KLS JABABEKA
I100260318L062_S001,MINI VAN BOX,102300,0,0,0,0,0,102300,S001 - WH KLS JABABEKA,FIRST LOGISTICS,7,ON SCHEDULE,27,0,24.04.2026,27.03.2026,28.03.2026,12.06.2026,18.06.2026,18.06.2026,22.06.2026,,S001,WH KLS JABABEKA
I100260318L062_S001,MINI VAN BOX,102300,0,0,0,0,0,102300,S001 - WH KLS JABABEKA,FIRST LOGISTICS,7,ON SCHEDULE,27,0,24.04.2026,27.03.2026,28.03.2026,12.06.2026,18.06.2026,18.06.2026,22.06.2026,,S001,WH KLS JABABEKA
I100260318L066_S001,MINI VAN BOX,171800,0,0,0,0,0,171800,S001 - WH KLS JABABEKA,FIRST LOGISTICS,7,ON SCHEDULE,27,0,24.04.2026,27.03.2026,22.04.2026,12.06.2026,18.06.2026,18.06.2026,22.06.2026,,S001,WH KLS JABABEKA
I100260318L066_S001,MINI VAN BOX,171800,0,0,0,0,0,171800,S001 - WH KLS JABABEKA,FIRST LOGISTICS,7,ON SCHEDULE,27,0,24.04.2026,27.03.2026,22.04.2026,12.06.2026,18.06.2026,18.06.2026,22.06.2026,,S001,WH KLS JABABEKA
I100260326L001_S001,CDD BAK,4000000,0,0,0,1200000,0,5200000,S001 - WH KLS JABABEKA,PT. EKA CIPTA MANGGALA,7,ON SCHEDULE,28,0,24.04.2026,26.03.2026,28.03.2026,09.04.2026,10.04.2026,10.04.2026,10.04.2026,,S001,WH KLS JABABEKA
I100260326L001_S001,CDD BAK,4000000,0,0,0,1200000,0,5200000,S001 - WH KLS JABABEKA,PT. EKA CIPTA MANGGALA,7,ON SCHEDULE,28,0,24.04.2026,26.03.2026,28.03.2026,09.04.2026,10.04.2026,10.04.2026,10.04.2026,,S001,WH KLS JABABEKA
I100260326L001_S001,CDD BAK,4000000,0,0,0,1200000,0,5200000,S001 - WH KLS JABABEKA,PT. EKA CIPTA MANGGALA,7,ON SCHEDULE,28,0,24.04.2026,26.03.2026,28.03.2026,09.04.2026,10.04.2026,10.04.2026,10.04.2026,,S001,WH KLS JABABEKA
I100260326L001_S001,CDD BAK,4000000,0,0,0,1200000,0,5200000,S001 - WH KLS JABABEKA,PT. EKA CIPTA MANGGALA,7,ON SCHEDULE,28,0,24.04.2026,26.03.2026,28.03.2026,09.04.2026,10.04.2026,10.04.2026,10.04.2026,,S001,WH KLS JABABEKA
I100260326L001_S001,CDD BAK,4000000,0,0,0,1200000,0,5200000,S001 - WH KLS JABABEKA,PT. EKA CIPTA MANGGALA,7,ON SCHEDULE,28,0,24.04.2026,26.03.2026,28.03.2026,09.04.2026,10.04.2026,10.04.2026,10.04.2026,,S001,WH KLS JABABEKA
I100260326L001_S001,CDD BAK,4000000,0,0,0,1200000,0,5200000,S001 - WH KLS JABABEKA,PT. EKA CIPTA MANGGALA,7,ON SCHEDULE,28,0,24.04.2026,26.03.2026,28.03.2026,09.04.2026,10.04.2026,10.04.2026,10.04.2026,,S001,WH KLS JABABEKA
I100260326L002_S001,CDD BAK,4100000,0,0,0,1200000,0,5300000,S001 - WH KLS JABABEKA,PT. EKA CIPTA MANGGALA,7,ON SCHEDULE,28,0,25.04.2026,27.03.2026,28.03.2026,09.04.2026,10.04.2026,10.04.2026,10.04.2026,,S001,WH KLS JABABEKA
I100260326L002_S001,CDD BAK,4100000,0,0,0,1200000,0,5300000,S001 - WH KLS JABABEKA,PT. EKA CIPTA MANGGALA,7,ON SCHEDULE,28,0,25.04.2026,27.03.2026,28.03.2026,09.04.2026,10.04.2026,10.04.2026,10.04.2026,,S001,WH KLS JABABEKA
I100260326L002_S001,CDD BAK,4100000,0,0,0,1200000,0,5300000,S001 - WH KLS JABABEKA,PT. EKA CIPTA MANGGALA,7,ON SCHEDULE,28,0,25.04.2026,27.03.2026,28.03.2026,09.04.2026,10.04.2026,10.04.2026,10.04.2026,,S001,WH KLS JABABEKA
I100260326L002_S001,CDD BAK,4100000,0,0,0,1200000,0,5300000,S001 - WH KLS JABABEKA,PT. EKA CIPTA MANGGALA,7,ON SCHEDULE,28,0,25.04.2026,27.03.2026,28.03.2026,09.04.2026,10.04.2026,10.04.2026,10.04.2026,,S001,WH KLS JABABEKA
I100260326L002_S001,CDD BAK,4100000,0,0,0,1200000,0,5300000,S001 - WH KLS JABABEKA,PT. EKA CIPTA MANGGALA,7,ON SCHEDULE,28,0,25.04.2026,27.03.2026,28.03.2026,09.04.2026,10.04.2026,10.04.2026,10.04.2026,,S001,WH KLS JABABEKA
I100260326L002_S001,CDD BAK,4100000,0,0,0,1200000,0,5300000,S001 - WH KLS JABABEKA,PT. EKA CIPTA MANGGALA,7,ON SCHEDULE,28,0,25.04.2026,27.03.2026,28.03.2026,09.04.2026,10.04.2026,10.04.2026,10.04.2026,,S001,WH KLS JABABEKA
I100260326L003_S001,CDD BAK,5300000,0,0,0,800000,0,6100000,S001 - WH KLS JABABEKA,PT. EKA CIPTA MANGGALA,7,ON SCHEDULE,29,0,25.04.2026,26.03.2026,29.03.2026,09.04.2026,10.04.2026,10.04.2026,10.04.2026,,S001,WH KLS JABABEKA
I100260326L003_S001,CDD BAK,5300000,0,0,0,800000,0,6100000,S001 - WH KLS JABABEKA,PT. EKA CIPTA MANGGALA,7,ON SCHEDULE,29,0,25.04.2026,26.03.2026,29.03.2026,09.04.2026,10.04.2026,10.04.2026,10.04.2026,,S001,WH KLS JABABEKA
I100260326L003_S001,CDD BAK,5300000,0,0,0,800000,0,6100000,S001 - WH KLS JABABEKA,PT. EKA CIPTA MANGGALA,7,ON SCHEDULE,29,0,25.04.2026,26.03.2026,29.03.2026,09.04.2026,10.04.2026,10.04.2026,10.04.2026,,S001,WH KLS JABABEKA
I100260326L003_S001,CDD BAK,5300000,0,0,0,800000,0,6100000,S001 - WH KLS JABABEKA,PT. EKA CIPTA MANGGALA,7,ON SCHEDULE,29,0,25.04.2026,26.03.2026,29.03.2026,09.04.2026,10.04.2026,10.04.2026,10.04.2026,,S001,WH KLS JABABEKA
I100260326L004_S001,CDD BAK,5100000,0,0,0,550000,0,5650000,S001 - WH KLS JABABEKA,PT. HARI JAYA SEJAHTERA,7,ON SCHEDULE,29,0,25.04.2026,26.03.2026,29.03.2026,31.03.2026,31.03.2026,02.04.2026,06.04.2026,,S001,WH KLS JABABEKA
I100260326L004_S001,CDD BAK,5100000,0,0,0,550000,0,5650000,S001 - WH KLS JABABEKA,PT. HARI JAYA SEJAHTERA,7,ON SCHEDULE,29,0,25.04.2026,26.03.2026,29.03.2026,31.03.2026,31.03.2026,02.04.2026,06.04.2026,,S001,WH KLS JABABEKA
I100260326L080_S001,MINI VAN BOX,693000,0,0,0,0,0,693000,S001 - WH KLS JABABEKA,FIRST LOGISTICS,7,ON SCHEDULE,27,0,24.04.2026,27.03.2026,06.05.2026,12.06.2026,18.06.2026,18.06.2026,22.06.2026,,S001,WH KLS JABABEKA
I100260326L080_S001,MINI VAN BOX,693000,0,0,0,0,0,693000,S001 - WH KLS JABABEKA,FIRST LOGISTICS,7,ON SCHEDULE,27,0,24.04.2026,27.03.2026,06.05.2026,12.06.2026,18.06.2026,18.06.2026,22.06.2026,,S001,WH KLS JABABEKA
I100260326L081_S001,MINI VAN BOX,493500,0,0,0,0,0,493500,S001 - WH KLS JABABEKA,FIRST LOGISTICS,7,ON SCHEDULE,27,0,24.04.2026,27.03.2026,06.05.2026,12.06.2026,18.06.2026,18.06.2026,22.06.2026,,S001,WH KLS JABABEKA
I100260326L081_S001,MINI VAN BOX,493500,0,0,0,0,0,493500,S001 - WH KLS JABABEKA,FIRST LOGISTICS,7,ON SCHEDULE,27,0,24.04.2026,27.03.2026,06.05.2026,12.06.2026,18.06.2026,18.06.2026,22.06.2026,,S001,WH KLS JABABEKA
I100260326L082_S001,MINI VAN BOX,331050,0,0,0,0,0,331050,S001 - WH KLS JABABEKA,FIRST LOGISTICS,7,ON SCHEDULE,27,0,24.04.2026,27.03.2026,06.05.2026,12.06.2026,18.06.2026,18.06.2026,22.06.2026,,S001,WH KLS JABABEKA
I100260326L082_S001,MINI VAN BOX,331050,0,0,0,0,0,331050,S001 - WH KLS JABABEKA,FIRST LOGISTICS,7,ON SCHEDULE,27,0,24.04.2026,27.03.2026,06.05.2026,12.06.2026,18.06.2026,18.06.2026,22.06.2026,,S001,WH KLS JABABEKA
I100260326L083_S001,MINI VAN BOX,214750,0,0,0,0,0,214750,S001 - WH KLS JABABEKA,FIRST LOGISTICS,7,ON SCHEDULE,27,0,24.04.2026,27.03.2026,06.05.2026,12.06.2026,18.06.2026,18.06.2026,22.06.2026,,S001,WH KLS JABABEKA
I100260326L083_S001,MINI VAN BOX,214750,0,0,0,0,0,214750,S001 - WH KLS JABABEKA,FIRST LOGISTICS,7,ON SCHEDULE,27,0,24.04.2026,27.03.2026,06.05.2026,12.06.2026,18.06.2026,18.06.2026,22.06.2026,,S001,WH KLS JABABEKA
I100260326L084_S001,MINI VAN BOX,306900,0,0,0,0,0,306900,S001 - WH KLS JABABEKA,FIRST LOGISTICS,7,ON SCHEDULE,27,0,24.04.2026,27.03.2026,06.05.2026,12.06.2026,18.06.2026,18.06.2026,22.06.2026,,S001,WH KLS JABABEKA
I100260326L084_S001,MINI VAN BOX,306900,0,0,0,0,0,306900,S001 - WH KLS JABABEKA,FIRST LOGISTICS,7,ON SCHEDULE,27,0,24.04.2026,27.03.2026,06.05.2026,12.06.2026,18.06.2026,18.06.2026,22.06.2026,,S001,WH KLS JABABEKA
I100260327L002_S001,CDD BAK,7500000,0,0,0,500000,0,8000000,S001 - WH KLS JABABEKA,PT. EKA CIPTA MANGGALA,7,ON SCHEDULE,31,0,28.04.2026,27.03.2026,31.03.2026,09.04.2026,10.04.2026,10.04.2026,10.04.2026,,S001,WH KLS JABABEKA
I100260327L002_S001,CDD BAK,7500000,0,0,0,500000,0,8000000,S001 - WH KLS JABABEKA,PT. EKA CIPTA MANGGALA,7,ON SCHEDULE,31,0,28.04.2026,27.03.2026,31.03.2026,09.04.2026,10.04.2026,10.04.2026,10.04.2026,,S001,WH KLS JABABEKA
I100260327L002_S001,CDD BAK,7500000,0,0,0,500000,0,8000000,S001 - WH KLS JABABEKA,PT. EKA CIPTA MANGGALA,7,ON SCHEDULE,31,0,28.04.2026,27.03.2026,31.03.2026,09.04.2026,10.04.2026,10.04.2026,10.04.2026,,S001,WH KLS JABABEKA
I100260327L003_S001,CONT-20,18300000,0,0,600000,0,1500000,20400000,S001 - WH KLS JABABEKA,PT.PAUS BIRU LOGISTIK,7,ON SCHEDULE,40,0,08.05.2026,28.03.2026,10.04.2026,11.05.2026,12.05.2026,25.05.2026,26.05.2026,,S001,WH KLS JABABEKA
I100260327L004_S001,CDD BAK,6900000,0,0,0,0,700000,7600000,S001 - WH KLS JABABEKA,BINTANG SAMUDERA,7,ON SCHEDULE,29,0,26.04.2026,27.03.2026,10.04.2026,21.04.2026,23.04.2026,23.04.2026,23.04.2026,,S001,WH KLS JABABEKA
I100260327L004_S001,CDD BAK,6900000,0,0,0,0,700000,7600000,S001 - WH KLS JABABEKA,BINTANG SAMUDERA,7,ON SCHEDULE,29,0,26.04.2026,27.03.2026,10.04.2026,21.04.2026,23.04.2026,23.04.2026,23.04.2026,,S001,WH KLS JABABEKA
I100260327L004_S001,CDD BAK,6900000,0,0,0,0,700000,7600000,S001 - WH KLS JABABEKA,BINTANG SAMUDERA,7,ON SCHEDULE,29,0,26.04.2026,27.03.2026,10.04.2026,21.04.2026,23.04.2026,23.04.2026,23.04.2026,,S001,WH KLS JABABEKA
I100260327L006_S001,FUSO,43577400,0,0,0,0,0,43577400,S001 - WH KLS JABABEKA,BEPA IKA PEKASA,7,ON SCHEDULE,27,0,28.04.2026,31.03.2026,20.04.2026,22.04.2026,23.04.2026,23.04.2026,27.04.2026,,S001,WH KLS JABABEKA
I100260327L008_S001,FUSO,348400,0,0,0,0,0,348400,S001 - WH KLS JABABEKA,BEPA IKA PEKASA,7,ON SCHEDULE,27,0,28.04.2026,31.03.2026,20.04.2026,22.04.2026,23.04.2026,23.04.2026,27.04.2026,,S001,WH KLS JABABEKA
I100260327L009_S001,FUSO,2678600,0,0,0,0,0,2678600,S001 - WH KLS JABABEKA,BEPA IKA PEKASA,7,ON SCHEDULE,27,0,28.04.2026,31.03.2026,20.04.2026,22.04.2026,23.04.2026,23.04.2026,27.04.2026,,S001,WH KLS JABABEKA
I100260327L010_S001,FUSO,0,0,0,0,0,0,0,S001 - WH KLS JABABEKA,BEPA IKA PEKASA,1,LATE,1,126,02.04.2026,31.03.2026,,,,,,,S001,WH KLS JABABEKA
I100260327L011_S001,FUSO,750000,0,0,0,0,0,750000,S001 - WH KLS JABABEKA,BEPA IKA PEKASA,7,ON SCHEDULE,27,0,28.04.2026,31.03.2026,08.05.2026,26.05.2026,27.05.2026,03.06.2026,09.06.2026,,S001,WH KLS JABABEKA
I100260327L012_S001,FUSO,210000,0,0,0,0,0,210000,S001 - WH KLS JABABEKA,BEPA IKA PEKASA,7,ON SCHEDULE,27,0,28.04.2026,31.03.2026,20.04.2026,22.04.2026,23.04.2026,23.04.2026,27.04.2026,,S001,WH KLS JABABEKA
I100260327L013_S001,FUSO,1709400,0,0,0,0,0,1709400,S001 - WH KLS JABABEKA,BEPA IKA PEKASA,7,ON SCHEDULE,27,0,28.04.2026,31.03.2026,20.04.2026,22.04.2026,23.04.2026,23.04.2026,27.04.2026,,S001,WH KLS JABABEKA
I100260327L014_S001,FUSO,540000,0,0,0,0,0,540000,S001 - WH KLS JABABEKA,BEPA IKA PEKASA,7,ON SCHEDULE,27,0,28.04.2026,31.03.2026,13.05.2026,26.05.2026,27.05.2026,03.06.2026,09.06.2026,,S001,WH KLS JABABEKA
I100260327L015_S001,FUSO,3168650,0,0,0,0,0,3168650,S001 - WH KLS JABABEKA,BEPA IKA PEKASA,7,ON SCHEDULE,27,0,28.04.2026,31.03.2026,20.04.2026,22.04.2026,23.04.2026,23.04.2026,27.04.2026,,S001,WH KLS JABABEKA
I100260327L019_S001,CDD PICK UP,275000,0,0,0,0,0,275000,S001 - WH KLS JABABEKA,PT. Nusantara Cargo Line,7,ON SCHEDULE,27,0,28.04.2026,31.03.2026,04.04.2026,13.04.2026,14.04.2026,15.04.2026,15.04.2026,,S001,WH KLS JABABEKA
I100260327L019_S001,CDD PICK UP,275000,0,0,0,0,0,275000,S001 - WH KLS JABABEKA,PT. Nusantara Cargo Line,7,ON SCHEDULE,27,0,28.04.2026,31.03.2026,04.04.2026,13.04.2026,14.04.2026,15.04.2026,15.04.2026,,S001,WH KLS JABABEKA
I100260327L037_S001,CDD PICK UP,375000,0,0,0,0,0,375000,S001 - WH KLS JABABEKA,PT. Nusantara Cargo Line,7,ON SCHEDULE,27,0,28.04.2026,31.03.2026,20.04.2026,21.04.2026,23.04.2026,23.04.2026,23.04.2026,,S001,WH KLS JABABEKA
I100260327L037_S001,CDD PICK UP,375000,0,0,0,0,0,375000,S001 - WH KLS JABABEKA,PT. Nusantara Cargo Line,7,ON SCHEDULE,27,0,28.04.2026,31.03.2026,20.04.2026,21.04.2026,23.04.2026,23.04.2026,23.04.2026,,S001,WH KLS JABABEKA
I100260327L040_S001,CDE PICKUP,1457500,0,0,0,0,0,1457500,S001 - WH KLS JABABEKA,PT. Nusantara Cargo Line,7,ON SCHEDULE,27,0,28.04.2026,31.03.2026,04.04.2026,17.04.2026,17.04.2026,17.04.2026,17.04.2026,,S001,WH KLS JABABEKA
I100260327L040_S001,CDE PICKUP,1457500,0,0,0,0,0,1457500,S001 - WH KLS JABABEKA,PT. Nusantara Cargo Line,7,ON SCHEDULE,27,0,28.04.2026,31.03.2026,04.04.2026,17.04.2026,17.04.2026,17.04.2026,17.04.2026,,S001,WH KLS JABABEKA
I100260327L043_S001,CDE PICKUP,0,0,0,0,0,0,0,S001 - WH KLS JABABEKA,PT. Nusantara Cargo Line,2,LATE,7,126,08.04.2026,31.03.2026,13.05.2026,,,,,,S001,WH KLS JABABEKA
I100260327L050_S001,CDE PICKUP,526500,0,0,0,0,0,526500,S001 - WH KLS JABABEKA,PT. Nusantara Cargo Line,7,ON SCHEDULE,27,0,28.04.2026,31.03.2026,04.04.2026,13.04.2026,14.04.2026,15.04.2026,15.04.2026,,S001,WH KLS JABABEKA
I100260327L050_S001,CDE PICKUP,526500,0,0,0,0,0,526500,S001 - WH KLS JABABEKA,PT. Nusantara Cargo Line,7,ON SCHEDULE,27,0,28.04.2026,31.03.2026,04.04.2026,13.04.2026,14.04.2026,15.04.2026,15.04.2026,,S001,WH KLS JABABEKA
I100260327L054_S001,CDE PICKUP,341000,0,0,0,0,0,341000,S001 - WH KLS JABABEKA,PT. Nusantara Cargo Line,7,ON SCHEDULE,27,0,28.04.2026,31.03.2026,04.04.2026,13.04.2026,14.04.2026,15.04.2026,15.04.2026,,S001,WH KLS JABABEKA
I100260327L054_S001,CDE PICKUP,341000,0,0,0,0,0,341000,S001 - WH KLS JABABEKA,PT. Nusantara Cargo Line,7,ON SCHEDULE,27,0,28.04.2026,31.03.2026,04.04.2026,13.04.2026,14.04.2026,15.04.2026,15.04.2026,,S001,WH KLS JABABEKA
I100260327L112_S001,CDD LONG CHASSIS,0,0,0,0,0,0,0,S001 - WH KLS JABABEKA,BINTANG SAMUDERA,2,LATE,7,125,08.04.2026,31.03.2026,16.04.2026,,,,,,S001,WH KLS JABABEKA
I100260327T001_S001,WINGBOX,5650000,0,0,0,0,500000,6150000,S001 - WH KLS JABABEKA,PT. DUTA MEDIA MANDIRI,7,ON SCHEDULE,29,0,27.04.2026,28.03.2026,31.03.2026,10.04.2026,10.04.2026,10.04.2026,10.04.2026,,S001,WH KLS JABABEKA
I100260328L039_S001,FUSO LOSBAK,15000000,0,0,0,0,0,15000000,S001 - WH KLS JABABEKA,CV. BANGUN JASA TRANS,7,ON SCHEDULE,27,0,28.04.2026,31.03.2026,04.04.2026,07.04.2026,08.04.2026,10.04.2026,13.04.2026,,S001,WH KLS JABABEKA
I100260328L040_S001,FUSO LOSBAK,15000000,0,0,0,0,0,15000000,S001 - WH KLS JABABEKA,CV. BANGUN JASA TRANS,7,ON SCHEDULE,27,0,28.04.2026,31.03.2026,04.04.2026,07.04.2026,08.04.2026,10.04.2026,13.04.2026,,S001,WH KLS JABABEKA
I100260328L041_S001,CDD BAK,4500000,0,0,0,550000,0,5050000,S001 - WH KLS JABABEKA,PT. HARI JAYA SEJAHTERA,7,ON SCHEDULE,29,0,27.04.2026,28.03.2026,04.04.2026,09.04.2026,10.04.2026,06.05.2026,08.05.2026,,S001,WH KLS JABABEKA
I100260328L041_S001,CDD BAK,4500000,0,0,0,550000,0,5050000,S001 - WH KLS JABABEKA,PT. HARI JAYA SEJAHTERA,7,ON SCHEDULE,29,0,27.04.2026,28.03.2026,04.04.2026,09.04.2026,10.04.2026,06.05.2026,08.05.2026,,S001,WH KLS JABABEKA
I100260328L042_S001,CDD BAK,5300000,0,0,0,1100000,0,6400000,S001 - WH KLS JABABEKA,PT. HARI JAYA SEJAHTERA,7,ON SCHEDULE,29,0,27.04.2026,28.03.2026,04.04.2026,09.04.2026,10.04.2026,06.05.2026,08.05.2026,,S001,WH KLS JABABEKA
I100260328L042_S001,CDD BAK,5300000,0,0,0,1100000,0,6400000,S001 - WH KLS JABABEKA,PT. HARI JAYA SEJAHTERA,7,ON SCHEDULE,29,0,27.04.2026,28.03.2026,04.04.2026,09.04.2026,10.04.2026,06.05.2026,08.05.2026,,S001,WH KLS JABABEKA
I100260328L042_S001,CDD BAK,5300000,0,0,0,1100000,0,6400000,S001 - WH KLS JABABEKA,PT. HARI JAYA SEJAHTERA,7,ON SCHEDULE,29,0,27.04.2026,28.03.2026,04.04.2026,09.04.2026,10.04.2026,06.05.2026,08.05.2026,,S001,WH KLS JABABEKA
I100260328L043_S001,CDD,4500000,0,0,0,800000,0,5300000,S001 - WH KLS JABABEKA,PT. HARI JAYA SEJAHTERA,7,ON SCHEDULE,29,0,27.04.2026,28.03.2026,04.04.2026,22.05.2026,27.05.2026,29.05.2026,29.05.2026,,S001,WH KLS JABABEKA
I100260328L043_S001,CDD,4500000,0,0,0,800000,0,5300000,S001 - WH KLS JABABEKA,PT. HARI JAYA SEJAHTERA,7,ON SCHEDULE,29,0,27.04.2026,28.03.2026,04.04.2026,22.05.2026,27.05.2026,29.05.2026,29.05.2026,,S001,WH KLS JABABEKA
I100260328L044_S001,CDD BAK,4500000,0,0,0,1100000,800000,6400000,S001 - WH KLS JABABEKA,PT. HARI JAYA SEJAHTERA,7,ON SCHEDULE,29,0,27.04.2026,28.03.2026,04.04.2026,09.04.2026,10.04.2026,06.05.2026,08.05.2026,,S001,WH KLS JABABEKA
I100260328L044_S001,CDD BAK,4500000,0,0,0,1100000,800000,6400000,S001 - WH KLS JABABEKA,PT. HARI JAYA SEJAHTERA,7,ON SCHEDULE,29,0,27.04.2026,28.03.2026,04.04.2026,09.04.2026,10.04.2026,06.05.2026,08.05.2026,,S001,WH KLS JABABEKA
I100260328L044_S001,CDD BAK,4500000,0,0,0,1100000,800000,6400000,S001 - WH KLS JABABEKA,PT. HARI JAYA SEJAHTERA,7,ON SCHEDULE,29,0,27.04.2026,28.03.2026,04.04.2026,09.04.2026,10.04.2026,06.05.2026,08.05.2026,,S001,WH KLS JABABEKA
I100260328L045_S001,CDD BAK,4500000,0,0,0,0,0,4500000,S001 - WH KLS JABABEKA,PT. HARI JAYA SEJAHTERA,7,ON SCHEDULE,29,0,27.04.2026,28.03.2026,04.04.2026,09.04.2026,10.04.2026,06.05.2026,08.05.2026,,S001,WH KLS JABABEKA
I100260328L078_S001,MINI VAN BOX,558100,0,0,0,0,0,558100,S001 - WH KLS JABABEKA,FIRST LOGISTICS,7,ON SCHEDULE,27,0,25.04.2026,28.03.2026,06.05.2026,12.06.2026,18.06.2026,18.06.2026,22.06.2026,,S001,WH KLS JABABEKA
I100260328L078_S001,MINI VAN BOX,558100,0,0,0,0,0,558100,S001 - WH KLS JABABEKA,FIRST LOGISTICS,7,ON SCHEDULE,27,0,25.04.2026,28.03.2026,06.05.2026,12.06.2026,18.06.2026,18.06.2026,22.06.2026,,S001,WH KLS JABABEKA
I100260328L079_S001,MINI VAN BOX,3327000,0,0,0,0,0,3327000,S001 - WH KLS JABABEKA,FIRST LOGISTICS,7,ON SCHEDULE,27,0,25.04.2026,28.03.2026,06.05.2026,12.06.2026,18.06.2026,18.06.2026,22.06.2026,,S001,WH KLS JABABEKA
I100260328L079_S001,MINI VAN BOX,3327000,0,0,0,0,0,3327000,S001 - WH KLS JABABEKA,FIRST LOGISTICS,7,ON SCHEDULE,27,0,25.04.2026,28.03.2026,06.05.2026,12.06.2026,18.06.2026,18.06.2026,22.06.2026,,S001,WH KLS JABABEKA
I100260328L080_S001,MINI VAN BOX,230300,0,0,0,0,0,230300,S001 - WH KLS JABABEKA,FIRST LOGISTICS,7,ON SCHEDULE,27,0,25.04.2026,28.03.2026,06.05.2026,12.06.2026,18.06.2026,18.06.2026,22.06.2026,,S001,WH KLS JABABEKA
I100260328L080_S001,MINI VAN BOX,230300,0,0,0,0,0,230300,S001 - WH KLS JABABEKA,FIRST LOGISTICS,7,ON SCHEDULE,27,0,25.04.2026,28.03.2026,06.05.2026,12.06.2026,18.06.2026,18.06.2026,22.06.2026,,S001,WH KLS JABABEKA
I100260328L081_S001,MINI VAN BOX,962500,0,0,0,0,0,962500,S001 - WH KLS JABABEKA,FIRST LOGISTICS,7,ON SCHEDULE,27,0,25.04.2026,28.03.2026,06.05.2026,12.06.2026,18.06.2026,18.06.2026,22.06.2026,,S001,WH KLS JABABEKA
I100260328L081_S001,MINI VAN BOX,962500,0,0,0,0,0,962500,S001 - WH KLS JABABEKA,FIRST LOGISTICS,7,ON SCHEDULE,27,0,25.04.2026,28.03.2026,06.05.2026,12.06.2026,18.06.2026,18.06.2026,22.06.2026,,S001,WH KLS JABABEKA
I100260328L082_S001,MINI VAN BOX,382750,0,0,0,0,0,382750,S001 - WH KLS JABABEKA,FIRST LOGISTICS,7,ON SCHEDULE,27,0,25.04.2026,28.03.2026,06.05.2026,12.06.2026,18.06.2026,18.06.2026,22.06.2026,,S001,WH KLS JABABEKA
I100260328L082_S001,MINI VAN BOX,382750,0,0,0,0,0,382750,S001 - WH KLS JABABEKA,FIRST LOGISTICS,7,ON SCHEDULE,27,0,25.04.2026,28.03.2026,06.05.2026,12.06.2026,18.06.2026,18.06.2026,22.06.2026,,S001,WH KLS JABABEKA
I100260328L083_S001,MINI VAN BOX,539000,0,0,0,0,0,539000,S001 - WH KLS JABABEKA,FIRST LOGISTICS,7,ON SCHEDULE,27,0,25.04.2026,28.03.2026,06.05.2026,12.06.2026,18.06.2026,18.06.2026,22.06.2026,,S001,WH KLS JABABEKA
I100260328L083_S001,MINI VAN BOX,539000,0,0,0,0,0,539000,S001 - WH KLS JABABEKA,FIRST LOGISTICS,7,ON SCHEDULE,27,0,25.04.2026,28.03.2026,06.05.2026,12.06.2026,18.06.2026,18.06.2026,22.06.2026,,S001,WH KLS JABABEKA
I100260328L084_S001,MINI VAN BOX,0,0,0,0,0,0,0,S001 - WH KLS JABABEKA,FIRST LOGISTICS,2,LATE,7,128,05.04.2026,28.03.2026,06.05.2026,,,,,,S001,WH KLS JABABEKA
I100260328L085_S001,MINI VAN BOX,0,0,0,0,0,0,0,S001 - WH KLS JABABEKA,FIRST LOGISTICS,2,LATE,7,128,05.04.2026,28.03.2026,06.05.2026,,,,,,S001,WH KLS JABABEKA
I100260329L006_S001,CDD LONG CHASSIS,3500000,0,0,0,400000,700000,4600000,S001 - WH KLS JABABEKA,BINTANG SAMUDERA,7,ON SCHEDULE,28,0,27.04.2026,29.03.2026,04.04.2026,21.04.2026,23.04.2026,23.04.2026,23.04.2026,,S001,WH KLS JABABEKA
I100260329L007_S001,CDD BAK,3700000,0,0,0,400000,0,4100000,S001 - WH KLS JABABEKA,PT. EKA CIPTA MANGGALA,7,ON SCHEDULE,27,0,26.04.2026,29.03.2026,04.04.2026,09.04.2026,10.04.2026,10.04.2026,10.04.2026,,S001,WH KLS JABABEKA
I100260329L007_S001,CDD BAK,3700000,0,0,0,400000,0,4100000,S001 - WH KLS JABABEKA,PT. EKA CIPTA MANGGALA,7,ON SCHEDULE,27,0,26.04.2026,29.03.2026,04.04.2026,09.04.2026,10.04.2026,10.04.2026,10.04.2026,,S001,WH KLS JABABEKA
I100260329L007_S001,CDD BAK,3700000,0,0,0,400000,0,4100000,S001 - WH KLS JABABEKA,PT. EKA CIPTA MANGGALA,7,ON SCHEDULE,27,0,26.04.2026,29.03.2026,04.04.2026,09.04.2026,10.04.2026,10.04.2026,10.04.2026,,S001,WH KLS JABABEKA
I100260330C065_S001,FUSO LOSBAK,2600000,0,0,0,0,0,2600000,S001 - WH KLS JABABEKA,CV. BANGUN JASA TRANS,7,ON SCHEDULE,27,0,28.04.2026,31.03.2026,04.04.2026,07.04.2026,08.04.2026,21.04.2026,29.04.2026,,S001,WH KLS JABABEKA
I100260330L019_S001,CDD BAK,4000000,0,0,0,800000,0,4800000,S001 - WH KLS JABABEKA,PT. EKA CIPTA MANGGALA,7,ON SCHEDULE,28,0,27.04.2026,29.03.2026,04.04.2026,09.04.2026,10.04.2026,10.04.2026,10.04.2026,,S001,WH KLS JABABEKA
I100260330L019_S001,CDD BAK,4000000,0,0,0,800000,0,4800000,S001 - WH KLS JABABEKA,PT. EKA CIPTA MANGGALA,7,ON SCHEDULE,28,0,27.04.2026,29.03.2026,04.04.2026,09.04.2026,10.04.2026,10.04.2026,10.04.2026,,S001,WH KLS JABABEKA
I100260330L019_S001,CDD BAK,4000000,0,0,0,800000,0,4800000,S001 - WH KLS JABABEKA,PT. EKA CIPTA MANGGALA,7,ON SCHEDULE,28,0,27.04.2026,29.03.2026,04.04.2026,09.04.2026,10.04.2026,10.04.2026,10.04.2026,,S001,WH KLS JABABEKA
I100260330L019_S001,CDD BAK,4000000,0,0,0,800000,0,4800000,S001 - WH KLS JABABEKA,PT. EKA CIPTA MANGGALA,7,ON SCHEDULE,28,0,27.04.2026,29.03.2026,04.04.2026,09.04.2026,10.04.2026,10.04.2026,10.04.2026,,S001,WH KLS JABABEKA
I100260330L020_S001,CDD BAK,4100000,0,0,0,400000,0,4500000,S001 - WH KLS JABABEKA,PT. EKA CIPTA MANGGALA,7,ON SCHEDULE,27,0,26.04.2026,29.03.2026,04.04.2026,09.04.2026,10.04.2026,10.04.2026,10.04.2026,,S001,WH KLS JABABEKA
I100260330L020_S001,CDD BAK,4100000,0,0,0,400000,0,4500000,S001 - WH KLS JABABEKA,PT. EKA CIPTA MANGGALA,7,ON SCHEDULE,27,0,26.04.2026,29.03.2026,04.04.2026,09.04.2026,10.04.2026,10.04.2026,10.04.2026,,S001,WH KLS JABABEKA
I100260330L020_S001,CDD BAK,4100000,0,0,0,400000,0,4500000,S001 - WH KLS JABABEKA,PT. EKA CIPTA MANGGALA,7,ON SCHEDULE,27,0,26.04.2026,29.03.2026,04.04.2026,09.04.2026,10.04.2026,10.04.2026,10.04.2026,,S001,WH KLS JABABEKA
I100260330L021_S001,CDD BAK,3726144,0,0,0,1000000,0,4726144,S001 - WH KLS JABABEKA,PT. HARI JAYA TRANSPORTASI,7,ON SCHEDULE,28,0,27.04.2026,29.03.2026,04.04.2026,10.04.2026,10.04.2026,14.04.2026,14.04.2026,,S001,WH KLS JABABEKA
I100260330L021_S001,CDD BAK,3726144,0,0,0,1000000,0,4726144,S001 - WH KLS JABABEKA,PT. HARI JAYA TRANSPORTASI,7,ON SCHEDULE,28,0,27.04.2026,29.03.2026,04.04.2026,10.04.2026,10.04.2026,14.04.2026,14.04.2026,,S001,WH KLS JABABEKA
I100260330L021_S001,CDD BAK,3726144,0,0,0,1000000,0,4726144,S001 - WH KLS JABABEKA,PT. HARI JAYA TRANSPORTASI,7,ON SCHEDULE,28,0,27.04.2026,29.03.2026,04.04.2026,10.04.2026,10.04.2026,14.04.2026,14.04.2026,,S001,WH KLS JABABEKA
I100260330L021_S001,CDD BAK,3726144,0,0,0,1000000,0,4726144,S001 - WH KLS JABABEKA,PT. HARI JAYA TRANSPORTASI,7,ON SCHEDULE,28,0,27.04.2026,29.03.2026,04.04.2026,10.04.2026,10.04.2026,14.04.2026,14.04.2026,,S001,WH KLS JABABEKA
I100260330L021_S001,CDD BAK,3726144,0,0,0,1000000,0,4726144,S001 - WH KLS JABABEKA,PT. HARI JAYA TRANSPORTASI,7,ON SCHEDULE,28,0,27.04.2026,29.03.2026,04.04.2026,10.04.2026,10.04.2026,14.04.2026,14.04.2026,,S001,WH KLS JABABEKA
I100260330L021_S001,CDD BAK,3726144,0,0,0,1000000,0,4726144,S001 - WH KLS JABABEKA,PT. HARI JAYA TRANSPORTASI,7,ON SCHEDULE,28,0,27.04.2026,29.03.2026,04.04.2026,10.04.2026,10.04.2026,14.04.2026,14.04.2026,,S001,WH KLS JABABEKA
I100260330L021_S001,CDD BAK,3726144,0,0,0,1000000,0,4726144,S001 - WH KLS JABABEKA,PT. HARI JAYA TRANSPORTASI,7,ON SCHEDULE,28,0,27.04.2026,29.03.2026,04.04.2026,10.04.2026,10.04.2026,14.04.2026,14.04.2026,,S001,WH KLS JABABEKA
I100260330L038_S001,FUSO,5143500,0,0,0,0,0,5143500,S001 - WH KLS JABABEKA,BEPA IKA PEKASA,7,ON SCHEDULE,27,0,28.04.2026,31.03.2026,20.04.2026,22.04.2026,23.04.2026,23.04.2026,27.04.2026,,S001,WH KLS JABABEKA
I100260330L045_S001,TRONTON LOSBAK,17000000,0,0,0,0,0,17000000,S001 - WH KLS JABABEKA,CV. BANGUN JASA TRANS,7,ON SCHEDULE,27,0,27.04.2026,30.03.2026,04.04.2026,07.04.2026,08.04.2026,10.04.2026,14.04.2026,,S001,WH KLS JABABEKA
I100260330L046_S001,TRONTON LOSBAK,17000000,0,0,0,0,0,17000000,S001 - WH KLS JABABEKA,CV. BANGUN JASA TRANS,7,ON SCHEDULE,27,0,27.04.2026,30.03.2026,04.04.2026,07.04.2026,08.04.2026,10.04.2026,14.04.2026,,S001,WH KLS JABABEKA
I100260330L047_S001,CDD BAK,4500000,0,0,0,0,0,4500000,S001 - WH KLS JABABEKA,PT. EKA CIPTA MANGGALA,7,ON SCHEDULE,27,0,28.04.2026,31.03.2026,04.04.2026,09.04.2026,10.04.2026,10.04.2026,10.04.2026,,S001,WH KLS JABABEKA
I100260330L048_S001,CDD BAK,6900000,0,0,0,0,0,6900000,S001 - WH KLS JABABEKA,BINTANG SAMUDERA,7,ON SCHEDULE,29,0,29.04.2026,30.03.2026,10.04.2026,21.04.2026,23.04.2026,23.04.2026,23.04.2026,,S001,WH KLS JABABEKA
I100260330L049_S001,CONT-20,16100000,0,0,0,3400000,0,19500000,S001 - WH KLS JABABEKA,PT. SENTOSA PRIMA ABADI,7,ON SCHEDULE,40,0,11.05.2026,31.03.2026,,20.05.2026,20.05.2026,25.05.2026,25.05.2026,,S001,WH KLS JABABEKA
I100260330L049_S001,CONT-20,16100000,0,0,0,3400000,0,19500000,S001 - WH KLS JABABEKA,PT. SENTOSA PRIMA ABADI,7,ON SCHEDULE,40,0,11.05.2026,31.03.2026,,20.05.2026,20.05.2026,25.05.2026,25.05.2026,,S001,WH KLS JABABEKA
I100260330L050_S001,CONT-20,17200000,0,0,0,4700000,0,21900000,S001 - WH KLS JABABEKA,PT. SENTOSA PRIMA ABADI,7,ON SCHEDULE,39,0,10.05.2026,31.03.2026,,20.05.2026,20.05.2026,25.05.2026,25.05.2026,,S001,WH KLS JABABEKA
I100260330L050_S001,CONT-20,17200000,0,0,0,4700000,0,21900000,S001 - WH KLS JABABEKA,PT. SENTOSA PRIMA ABADI,7,ON SCHEDULE,39,0,10.05.2026,31.03.2026,,20.05.2026,20.05.2026,25.05.2026,25.05.2026,,S001,WH KLS JABABEKA
I100260330L098_S001,CONT-20,25000000,0,0,0,0,0,25000000,S001 - WH KLS JABABEKA,JELAJAH SEMESTA PERSADA,7,ON SCHEDULE,27,0,28.04.2026,31.03.2026,16.04.2026,17.04.2026,17.04.2026,17.04.2026,17.04.2026,,S001,WH KLS JABABEKA
I100260330L099_S001,CONT-40,42000000,0,0,0,0,1680000,43680000,S001 - WH KLS JABABEKA,JELAJAH SEMESTA PERSADA,7,ON SCHEDULE,27,0,28.04.2026,31.03.2026,,20.04.2026,20.04.2026,20.04.2026,21.04.2026,,S001,WH KLS JABABEKA
I100260330L099_S001,CONT-40,42000000,0,0,0,0,1680000,43680000,S001 - WH KLS JABABEKA,JELAJAH SEMESTA PERSADA,7,ON SCHEDULE,27,0,28.04.2026,31.03.2026,,20.04.2026,20.04.2026,20.04.2026,21.04.2026,,S001,WH KLS JABABEKA
I100260330L099_S001,CONT-40,42000000,0,0,0,0,1680000,43680000,S001 - WH KLS JABABEKA,JELAJAH SEMESTA PERSADA,7,ON SCHEDULE,27,0,28.04.2026,31.03.2026,,20.04.2026,20.04.2026,20.04.2026,21.04.2026,,S001,WH KLS JABABEKA
I100260330L101_S001,MINI VAN BOX,654500,0,0,0,0,0,654500,S001 - WH KLS JABABEKA,FIRST LOGISTICS,7,ON SCHEDULE,27,0,28.04.2026,31.03.2026,09.05.2026,12.06.2026,18.06.2026,18.06.2026,22.06.2026,,S001,WH KLS JABABEKA
I100260330L101_S001,MINI VAN BOX,654500,0,0,0,0,0,654500,S001 - WH KLS JABABEKA,FIRST LOGISTICS,7,ON SCHEDULE,27,0,28.04.2026,31.03.2026,09.05.2026,12.06.2026,18.06.2026,18.06.2026,22.06.2026,,S001,WH KLS JABABEKA
I100260330L103_S001,CDE PICKUP,1224000,0,0,0,0,0,1224000,S001 - WH KLS JABABEKA,PT. Nusantara Cargo Line,7,ON SCHEDULE,27,0,28.04.2026,31.03.2026,25.04.2026,20.05.2026,20.05.2026,22.05.2026,22.05.2026,,S001,WH KLS JABABEKA
I100260330L103_S001,CDE PICKUP,1224000,0,0,0,0,0,1224000,S001 - WH KLS JABABEKA,PT. Nusantara Cargo Line,7,ON SCHEDULE,27,0,28.04.2026,31.03.2026,25.04.2026,20.05.2026,20.05.2026,22.05.2026,22.05.2026,,S001,WH KLS JABABEKA
I100260330L104_S001,MINI VAN BOX,65800,0,0,0,0,0,65800,S001 - WH KLS JABABEKA,FIRST LOGISTICS,7,ON SCHEDULE,27,0,28.04.2026,31.03.2026,09.05.2026,12.06.2026,18.06.2026,18.06.2026,22.06.2026,,S001,WH KLS JABABEKA
I100260330L104_S001,MINI VAN BOX,65800,0,0,0,0,0,65800,S001 - WH KLS JABABEKA,FIRST LOGISTICS,7,ON SCHEDULE,27,0,28.04.2026,31.03.2026,09.05.2026,12.06.2026,18.06.2026,18.06.2026,22.06.2026,,S001,WH KLS JABABEKA
I100260330L105_S001,MINI VAN BOX,161000,0,0,0,0,0,161000,S001 - WH KLS JABABEKA,FIRST LOGISTICS,7,ON SCHEDULE,27,0,28.04.2026,31.03.2026,06.05.2026,12.06.2026,18.06.2026,18.06.2026,22.06.2026,,S001,WH KLS JABABEKA
I100260330L105_S001,MINI VAN BOX,161000,0,0,0,0,0,161000,S001 - WH KLS JABABEKA,FIRST LOGISTICS,7,ON SCHEDULE,27,0,28.04.2026,31.03.2026,06.05.2026,12.06.2026,18.06.2026,18.06.2026,22.06.2026,,S001,WH KLS JABABEKA
I100260330L106_S001,MINI VAN BOX,88400,0,0,0,0,0,88400,S001 - WH KLS JABABEKA,FIRST LOGISTICS,7,ON SCHEDULE,27,0,28.04.2026,31.03.2026,06.05.2026,12.06.2026,18.06.2026,18.06.2026,22.06.2026,,S001,WH KLS JABABEKA
I100260330L106_S001,MINI VAN BOX,88400,0,0,0,0,0,88400,S001 - WH KLS JABABEKA,FIRST LOGISTICS,7,ON SCHEDULE,27,0,28.04.2026,31.03.2026,06.05.2026,12.06.2026,18.06.2026,18.06.2026,22.06.2026,,S001,WH KLS JABABEKA
I100260330L107_S001,MINI VAN BOX,38500,0,0,0,0,0,38500,S001 - WH KLS JABABEKA,FIRST LOGISTICS,7,ON SCHEDULE,27,0,28.04.2026,31.03.2026,09.05.2026,12.06.2026,18.06.2026,18.06.2026,22.06.2026,,S001,WH KLS JABABEKA
I100260330L107_S001,MINI VAN BOX,38500,0,0,0,0,0,38500,S001 - WH KLS JABABEKA,FIRST LOGISTICS,7,ON SCHEDULE,27,0,28.04.2026,31.03.2026,09.05.2026,12.06.2026,18.06.2026,18.06.2026,22.06.2026,,S001,WH KLS JABABEKA
I100260330L108_S001,MINI VAN BOX,0,0,0,0,0,0,0,S001 - WH KLS JABABEKA,FIRST LOGISTICS,1,LATE,1,126,02.04.2026,31.03.2026,,,,,,,S001,WH KLS JABABEKA
I100260331L046_S001,CDD BAK,12500000,0,0,0,2000000,0,14500000,S001 - WH KLS JABABEKA,PT. EKA CIPTA MANGGALA,7,ON SCHEDULE,29,0,30.04.2026,31.03.2026,04.04.2026,09.04.2026,10.04.2026,10.04.2026,10.04.2026,,S001,WH KLS JABABEKA
I100260331L046_S001,CDD BAK,12500000,0,0,0,2000000,0,14500000,S001 - WH KLS JABABEKA,PT. EKA CIPTA MANGGALA,7,ON SCHEDULE,29,0,30.04.2026,31.03.2026,04.04.2026,09.04.2026,10.04.2026,10.04.2026,10.04.2026,,S001,WH KLS JABABEKA
I100260331L046_S001,CDD BAK,12500000,0,0,0,2000000,0,14500000,S001 - WH KLS JABABEKA,PT. EKA CIPTA MANGGALA,7,ON SCHEDULE,29,0,30.04.2026,31.03.2026,04.04.2026,09.04.2026,10.04.2026,10.04.2026,10.04.2026,,S001,WH KLS JABABEKA
I100260331L046_S001,CDD BAK,12500000,0,0,0,2000000,0,14500000,S001 - WH KLS JABABEKA,PT. EKA CIPTA MANGGALA,7,ON SCHEDULE,29,0,30.04.2026,31.03.2026,04.04.2026,09.04.2026,10.04.2026,10.04.2026,10.04.2026,,S001,WH KLS JABABEKA
I100260331L047_S001,CDD BAK,7500000,0,0,0,500000,0,8000000,S001 - WH KLS JABABEKA,PT. EKA CIPTA MANGGALA,7,ON SCHEDULE,30,0,01.05.2026,31.03.2026,04.04.2026,09.04.2026,10.04.2026,10.04.2026,10.04.2026,,S001,WH KLS JABABEKA
I100260331L047_S001,CDD BAK,7500000,0,0,0,500000,0,8000000,S001 - WH KLS JABABEKA,PT. EKA CIPTA MANGGALA,7,ON SCHEDULE,30,0,01.05.2026,31.03.2026,04.04.2026,09.04.2026,10.04.2026,10.04.2026,10.04.2026,,S001,WH KLS JABABEKA
I100260331L047_S001,CDD BAK,7500000,0,0,0,500000,0,8000000,S001 - WH KLS JABABEKA,PT. EKA CIPTA MANGGALA,7,ON SCHEDULE,30,0,01.05.2026,31.03.2026,04.04.2026,09.04.2026,10.04.2026,10.04.2026,10.04.2026,,S001,WH KLS JABABEKA
I100260331L080_S001,CDD BAK,3269220,0,0,0,1000000,0,4269220,S001 - WH KLS JABABEKA,PT. HARI JAYA TRANSPORTASI,7,ON SCHEDULE,28,0,29.04.2026,31.03.2026,04.04.2026,24.04.2026,24.04.2026,24.04.2026,24.04.2026,,S001,WH KLS JABABEKA
I100260331L080_S001,CDD BAK,3269220,0,0,0,1000000,0,4269220,S001 - WH KLS JABABEKA,PT. HARI JAYA TRANSPORTASI,7,ON SCHEDULE,28,0,29.04.2026,31.03.2026,04.04.2026,24.04.2026,24.04.2026,24.04.2026,24.04.2026,,S001,WH KLS JABABEKA
I100260331L080_S001,CDD BAK,3269220,0,0,0,1000000,0,4269220,S001 - WH KLS JABABEKA,PT. HARI JAYA TRANSPORTASI,7,ON SCHEDULE,28,0,29.04.2026,31.03.2026,04.04.2026,24.04.2026,24.04.2026,24.04.2026,24.04.2026,,S001,WH KLS JABABEKA
I100260331L080_S001,CDD BAK,3269220,0,0,0,1000000,0,4269220,S001 - WH KLS JABABEKA,PT. HARI JAYA TRANSPORTASI,7,ON SCHEDULE,28,0,29.04.2026,31.03.2026,04.04.2026,24.04.2026,24.04.2026,24.04.2026,24.04.2026,,S001,WH KLS JABABEKA
I100260331L080_S001,CDD BAK,3269220,0,0,0,1000000,0,4269220,S001 - WH KLS JABABEKA,PT. HARI JAYA TRANSPORTASI,7,ON SCHEDULE,28,0,29.04.2026,31.03.2026,04.04.2026,24.04.2026,24.04.2026,24.04.2026,24.04.2026,,S001,WH KLS JABABEKA
I100260331L080_S001,CDD BAK,3269220,0,0,0,1000000,0,4269220,S001 - WH KLS JABABEKA,PT. HARI JAYA TRANSPORTASI,7,ON SCHEDULE,28,0,29.04.2026,31.03.2026,04.04.2026,24.04.2026,24.04.2026,24.04.2026,24.04.2026,,S001,WH KLS JABABEKA
R100260217L034_A001,CONT-20,21400000,0,0,1250000,0,0,22650000,A001 - WH AHI JABABEKA,PT. PAUS BIRU LOGISTIK,7,ON SCHEDULE,46,0,21.04.2026,05.03.2026,17.03.2026,04.05.2026,06.05.2026,06.05.2026,08.05.2026,,A001,WH AHI JABABEKA
R100260218L039_A001,CONT-20,21400000,0,0,1250000,0,0,22650000,A001 - WH AHI JABABEKA,PT. PAUS BIRU LOGISTIK,7,ON SCHEDULE,46,0,21.04.2026,05.03.2026,17.03.2026,04.05.2026,06.05.2026,18.05.2026,20.05.2026,,A001,WH AHI JABABEKA
R100260220L032_A001,CONT-20,21400000,0,0,1250000,0,0,22650000,A001 - WH AHI JABABEKA,PT. PAUS BIRU LOGISTIK,7,ON SCHEDULE,46,0,22.04.2026,06.03.2026,17.03.2026,04.05.2026,06.05.2026,18.05.2026,20.05.2026,,A001,WH AHI JABABEKA
R100260222L011_A001,WINGBOX,20000000,0,0,0,0,0,20000000,A001 - WH AHI JABABEKA,PT.ORANG KREATIF EKSIS,7,ON SCHEDULE,39,0,10.04.2026,01.03.2026,06.03.2026,30.03.2026,30.03.2026,07.04.2026,07.04.2026,,A001,WH AHI JABABEKA
R100260222L013_A001,CONT-20,15000000,0,0,0,0,0,15000000,A001 - WH AHI JABABEKA,PT. SENTOSAPRIMA ABADI,7,ON SCHEDULE,39,0,10.04.2026,01.03.2026,14.03.2026,28.04.2026,28.04.2026,04.05.2026,04.05.2026,,A001,WH AHI JABABEKA
R100260222T004_A001,CONT-20,13950000,0,0,0,0,0,13950000,A001 - WH AHI JABABEKA,PT. SENTOSAPRIMA ABADI,7,ON SCHEDULE,41,0,13.04.2026,02.03.2026,14.03.2026,11.05.2026,11.05.2026,18.05.2026,18.05.2026,,A001,WH AHI JABABEKA
R100260222T020_A001,CONT-20,13950000,0,0,0,0,0,13950000,A001 - WH AHI JABABEKA,PT. SENTOSAPRIMA ABADI,6,LATE,41,154,14.04.2026,03.03.2026,14.03.2026,23.06.2026,24.06.2026,25.06.2026,10.07.2026,,A001,WH AHI JABABEKA
R100260223L005_A001,CONT-20,32900000,0,0,0,0,0,32900000,A001 - WH AHI JABABEKA,PT. PAUS BIRU LOGISTIK,7,ON SCHEDULE,47,0,18.04.2026,01.03.2026,26.03.2026,19.06.2026,19.06.2026,22.06.2026,24.06.2026,,A001,WH AHI JABABEKA
R100260224L001_A001,CONT-20,22000000,0,0,0,0,0,22000000,A001 - WH AHI JABABEKA,PT. TPIL LOGISTICS,7,ON SCHEDULE,41,0,13.04.2026,02.03.2026,12.03.2026,21.05.2026,22.05.2026,29.05.2026,29.05.2026,,A001,WH AHI JABABEKA
R100260224L002_A001,CONT-20,22000000,0,0,0,0,0,22000000,A001 - WH AHI JABABEKA,PT. TPIL LOGISTICS,7,ON SCHEDULE,41,0,13.04.2026,02.03.2026,12.03.2026,21.05.2026,22.05.2026,29.05.2026,29.05.2026,,A001,WH AHI JABABEKA
R100260224L005_A001,CONT-20,15700000,0,0,0,0,0,15700000,A001 - WH AHI JABABEKA,PT. MITRA INTERTRANS FORWARDING,7,ON SCHEDULE,46,0,22.04.2026,06.03.2026,03.04.2026,22.04.2026,23.04.2026,23.04.2026,23.04.2026,,A001,WH AHI JABABEKA
R100260224L008_A001,CONT-20,14850000,0,0,0,0,0,14850000,A001 - WH AHI JABABEKA,PT. MITRA INTERTRANS FORWARDING,7,ON SCHEDULE,48,0,25.04.2026,07.03.2026,15.04.2026,08.05.2026,08.05.2026,08.05.2026,08.05.2026,,A001,WH AHI JABABEKA
R100260224L096_A001,FUSO,14750000,0,0,0,200000,0,14950000,A001 - WH AHI JABABEKA,PT. SATRIA PIRANTI PERKASA,7,ON SCHEDULE,31,0,03.04.2026,02.03.2026,06.03.2026,06.04.2026,07.04.2026,08.04.2026,09.04.2026,,A001,WH AHI JABABEKA
R100260225L003_A001,CONT-20,18300000,0,0,600000,0,0,18900000,A001 - WH AHI JABABEKA,PT. PAUS BIRU LOGISTIK,7,ON SCHEDULE,42,0,14.04.2026,02.03.2026,10.03.2026,06.05.2026,08.05.2026,18.05.2026,20.05.2026,,A001,WH AHI JABABEKA
R100260225L037_A001,CONT-20,18300000,0,0,600000,0,0,18900000,A001 - WH AHI JABABEKA,PT. PAUS BIRU LOGISTIK,7,ON SCHEDULE,42,0,13.04.2026,01.03.2026,10.03.2026,06.05.2026,08.05.2026,18.05.2026,20.05.2026,,A001,WH AHI JABABEKA
R100260225L038_A001,CONT-20,17200000,0,1000000,1250000,0,0,19450000,A001 - WH AHI JABABEKA,PT. PAUS BIRU LOGISTIK,7,ON SCHEDULE,39,0,15.04.2026,06.03.2026,17.03.2026,18.05.2026,18.05.2026,18.05.2026,23.06.2026,,A001,WH AHI JABABEKA
R100260225L041_A001,CONT-20,18900000,0,0,600000,0,0,19500000,A001 - WH AHI JABABEKA,PT. PAUS BIRU LOGISTIK,7,ON SCHEDULE,42,0,13.04.2026,01.03.2026,10.03.2026,06.05.2026,08.05.2026,18.05.2026,20.05.2026,,A001,WH AHI JABABEKA
R100260225L043_A001,WINGBOX,24000000,0,0,0,0,0,24000000,A001 - WH AHI JABABEKA,PT. CITRA SENTRAL EKSPRES,7,ON SCHEDULE,39,0,13.04.2026,04.03.2026,11.03.2026,02.04.2026,03.04.2026,06.04.2026,06.04.2026,,A001,WH AHI JABABEKA
R100260225L045_A001,CONT-20,32900000,0,0,0,0,0,32900000,A001 - WH AHI JABABEKA,PT. PAUS BIRU LOGISTIK,7,ON SCHEDULE,47,0,18.04.2026,01.03.2026,26.03.2026,19.06.2026,19.06.2026,22.06.2026,24.06.2026,,A001,WH AHI JABABEKA
R100260225T002_A001,CONT-20,17200000,0,0,1250000,0,0,18450000,A001 - WH AHI JABABEKA,PT. PAUS BIRU LOGISTIK,7,ON SCHEDULE,41,0,16.04.2026,05.03.2026,17.03.2026,04.05.2026,06.05.2026,18.05.2026,23.06.2026,,A001,WH AHI JABABEKA
R100260225T003_A001,CONT-20,17200000,0,0,1250000,0,0,18450000,A001 - WH AHI JABABEKA,PT. PAUS BIRU LOGISTIK,7,ON SCHEDULE,41,0,16.04.2026,05.03.2026,17.03.2026,04.05.2026,06.05.2026,18.05.2026,23.06.2026,,A001,WH AHI JABABEKA
R100260225T004_A001,CONT-20,17200000,0,0,1250000,0,0,18450000,A001 - WH AHI JABABEKA,PT. PAUS BIRU LOGISTIK,7,ON SCHEDULE,41,0,14.04.2026,03.03.2026,12.03.2026,29.04.2026,29.04.2026,18.05.2026,19.05.2026,,A001,WH AHI JABABEKA
R100260225T006_A001,WINGBOX,20000000,0,0,0,0,0,20000000,A001 - WH AHI JABABEKA,PT.ORANG KREATIF EKSIS,7,ON SCHEDULE,39,0,10.04.2026,01.03.2026,09.03.2026,30.03.2026,30.03.2026,07.04.2026,07.04.2026,,A001,WH AHI JABABEKA
R100260226L001_A001,CONT-20,16100000,0,0,0,0,0,16100000,A001 - WH AHI JABABEKA,PT. SENTOSAPRIMA ABADI,7,ON SCHEDULE,41,0,13.04.2026,02.03.2026,15.03.2026,27.04.2026,28.04.2026,30.04.2026,30.04.2026,,A001,WH AHI JABABEKA
R100260226L007_A001,CONT-20,18300000,0,0,600000,0,0,18900000,A001 - WH AHI JABABEKA,PT. PAUS BIRU LOGISTIK,7,ON SCHEDULE,42,0,13.04.2026,01.03.2026,10.03.2026,06.05.2026,08.05.2026,18.05.2026,20.05.2026,,A001,WH AHI JABABEKA
R100260226L049_A001,CDD LONG CHASSIS,5800000,0,0,0,0,0,5800000,A001 - WH AHI JABABEKA,PT. AGUNG MAKMUR JAYA,7,ON SCHEDULE,28,0,02.04.2026,04.03.2026,08.03.2026,09.03.2026,10.03.2026,10.03.2026,10.03.2026,,A001,WH AHI JABABEKA
R100260226L050_A001,FUSO,16000000,0,0,0,0,0,16000000,A001 - WH AHI JABABEKA,PT. SATRIA PIRANTI PERKASA,7,ON SCHEDULE,40,0,12.04.2026,02.03.2026,06.03.2026,26.03.2026,26.03.2026,02.04.2026,02.04.2026,,A001,WH AHI JABABEKA
R100260226L051_A001,CONT-20,22700000,0,0,0,0,0,22700000,A001 - WH AHI JABABEKA,PT. TPIL LOGISTICS,7,ON SCHEDULE,49,0,24.04.2026,05.03.2026,26.03.2026,21.05.2026,22.05.2026,29.05.2026,05.06.2026,,A001,WH AHI JABABEKA
R100260226L059_A001,FUSO,20500000,0,0,0,300000,0,20800000,A001 - WH AHI JABABEKA,PT. SATRIA PIRANTI PERKASA,7,ON SCHEDULE,39,0,10.04.2026,01.03.2026,25.03.2026,26.03.2026,30.03.2026,02.04.2026,02.04.2026,,A001,WH AHI JABABEKA
R100260226L062_A001,CONT-20,22000000,0,0,0,0,0,22000000,A001 - WH AHI JABABEKA,PT. TPIL LOGISTICS,7,ON SCHEDULE,41,0,13.04.2026,02.03.2026,12.03.2026,21.05.2026,22.05.2026,29.05.2026,29.05.2026,,A001,WH AHI JABABEKA
R100260226L063_A001,CONT-20,18300000,0,0,600000,0,0,18900000,A001 - WH AHI JABABEKA,PT. PAUS BIRU LOGISTIK,7,ON SCHEDULE,42,0,13.04.2026,01.03.2026,10.03.2026,06.05.2026,08.05.2026,18.05.2026,20.05.2026,,A001,WH AHI JABABEKA
R100260227B003_A001,CDD LONG CHASSIS,4900000,0,0,0,0,500000,5400000,A001 - WH AHI JABABEKA,PT.ORANG KREATIF EKSIS,7,ON SCHEDULE,26,0,31.03.2026,04.03.2026,,31.03.2026,01.04.2026,07.04.2026,08.04.2026,,A001,WH AHI JABABEKA
R100260227B003_A001,CDD LONG CHASSIS,4900000,0,0,0,0,500000,5400000,A001 - WH AHI JABABEKA,PT.ORANG KREATIF EKSIS,7,ON SCHEDULE,26,0,31.03.2026,04.03.2026,,31.03.2026,01.04.2026,07.04.2026,08.04.2026,,A001,WH AHI JABABEKA
R100260227B003_A001,CDD LONG CHASSIS,4900000,0,0,0,0,500000,5400000,A001 - WH AHI JABABEKA,PT.ORANG KREATIF EKSIS,7,ON SCHEDULE,26,0,31.03.2026,04.03.2026,,31.03.2026,01.04.2026,07.04.2026,08.04.2026,,A001,WH AHI JABABEKA
R100260227B004_A001,CDD LONG CHASSIS,4900000,0,0,0,0,0,4900000,A001 - WH AHI JABABEKA,PT.ORANG KREATIF EKSIS,7,ON SCHEDULE,26,0,05.04.2026,09.03.2026,17.03.2026,30.03.2026,30.03.2026,15.04.2026,15.04.2026,,A001,WH AHI JABABEKA
R100260227L007_A001,CONT-20,12900000,0,0,0,0,0,12900000,A001 - WH AHI JABABEKA,PT. WIDYA TRANS CARGO,7,ON SCHEDULE,42,0,16.04.2026,04.03.2026,17.03.2026,09.04.2026,10.04.2026,15.04.2026,15.04.2026,,A001,WH AHI JABABEKA
R100260227L008_A001,WINGBOX,20000000,0,0,0,0,0,20000000,A001 - WH AHI JABABEKA,PT.ORANG KREATIF EKSIS,7,ON SCHEDULE,39,0,14.04.2026,05.03.2026,10.03.2026,30.03.2026,30.03.2026,07.04.2026,07.04.2026,,A001,WH AHI JABABEKA
R100260227L010_A001,CONT-20,12900000,0,0,0,0,0,12900000,A001 - WH AHI JABABEKA,PT. WIDYA TRANS CARGO,7,ON SCHEDULE,42,0,16.04.2026,04.03.2026,14.03.2026,27.03.2026,27.03.2026,07.04.2026,07.04.2026,,A001,WH AHI JABABEKA
R100260227L011_A001,CONT-20,18900000,0,0,600000,0,0,19500000,A001 - WH AHI JABABEKA,PT. PAUS BIRU LOGISTIK,6,LATE,42,153,15.04.2026,03.03.2026,17.03.2026,12.05.2026,13.05.2026,01.07.2026,14.07.2026,,A001,WH AHI JABABEKA
R100260227L012_A001,CONT-20,16600000,0,0,0,0,0,16600000,A001 - WH AHI JABABEKA,PT. TPIL LOGISTICS,7,ON SCHEDULE,43,0,14.04.2026,01.03.2026,14.03.2026,21.05.2026,22.05.2026,29.05.2026,05.06.2026,,A001,WH AHI JABABEKA
R100260227L013_A001,CDD LONG CHASSIS,4900000,0,0,0,0,0,4900000,A001 - WH AHI JABABEKA,PT.ORANG KREATIF EKSIS,7,ON SCHEDULE,28,0,30.03.2026,01.03.2026,03.03.2026,06.03.2026,07.03.2026,13.03.2026,13.03.2026,,A001,WH AHI JABABEKA
R100260227L021_A001,CONT-20,25500000,0,0,0,0,0,25500000,A001 - WH AHI JABABEKA,PT. TPIL LOGISTICS,6,LATE,54,155,25.04.2026,01.03.2026,26.03.2026,21.05.2026,22.05.2026,29.05.2026,30.06.2026,,A001,WH AHI JABABEKA
R100260227L022_A001,CONT-20,21400000,0,0,1250000,0,0,22650000,A001 - WH AHI JABABEKA,PT. PAUS BIRU LOGISTIK,7,ON SCHEDULE,46,0,23.04.2026,07.03.2026,17.03.2026,04.05.2026,06.05.2026,06.05.2026,08.05.2026,,A001,WH AHI JABABEKA
R100260227L023_A001,CONT-20,16500000,0,0,0,0,0,16500000,A001 - WH AHI JABABEKA,PT. MITRA INTERTRANS FORWARDING,7,ON SCHEDULE,42,0,16.04.2026,04.03.2026,26.03.2026,07.04.2026,07.04.2026,08.04.2026,08.04.2026,,A001,WH AHI JABABEKA
R100260227L024_A001,CONT-20,32900000,0,0,0,0,0,32900000,A001 - WH AHI JABABEKA,PT. PAUS BIRU LOGISTIK,7,ON SCHEDULE,47,0,26.04.2026,09.03.2026,27.03.2026,19.06.2026,19.06.2026,22.06.2026,24.06.2026,,A001,WH AHI JABABEKA
R100260227L025_A001,CONT-20,32900000,0,0,0,0,0,32900000,A001 - WH AHI JABABEKA,PT. PAUS BIRU LOGISTIK,7,ON SCHEDULE,47,0,26.04.2026,09.03.2026,27.03.2026,19.06.2026,19.06.2026,22.06.2026,24.06.2026,,A001,WH AHI JABABEKA
R100260227L026_A001,CONT-20,16600000,0,0,0,0,0,16600000,A001 - WH AHI JABABEKA,PT. TPIL LOGISTICS,7,ON SCHEDULE,43,0,15.04.2026,02.03.2026,14.03.2026,21.05.2026,22.05.2026,29.05.2026,29.05.2026,,A001,WH AHI JABABEKA
R100260227L027_A001,CONT-20,16600000,0,0,0,0,0,16600000,A001 - WH AHI JABABEKA,PT. TPIL LOGISTICS,7,ON SCHEDULE,43,0,15.04.2026,02.03.2026,14.03.2026,21.05.2026,22.05.2026,29.05.2026,29.05.2026,,A001,WH AHI JABABEKA
R100260227L029_A001,FUSO,19550000,0,0,0,348000,0,19898000,A001 - WH AHI JABABEKA,PT. DUTA LINTAS NUSA,7,ON SCHEDULE,41,0,13.04.2026,02.03.2026,09.03.2026,13.04.2026,14.04.2026,28.04.2026,29.04.2026,,A001,WH AHI JABABEKA
R100260227L055_A001,CONT-20,16600000,0,0,0,0,0,16600000,A001 - WH AHI JABABEKA,PT. TPIL LOGISTICS,7,ON SCHEDULE,43,0,18.04.2026,05.03.2026,17.03.2026,21.05.2026,22.05.2026,29.05.2026,29.05.2026,,A001,WH AHI JABABEKA
R100260227L060_A001,CONT-20,18300000,0,0,600000,0,0,18900000,A001 - WH AHI JABABEKA,PT. PAUS BIRU LOGISTIK,6,LATE,42,153,16.04.2026,04.03.2026,17.03.2026,06.05.2026,08.05.2026,01.07.2026,14.07.2026,,A001,WH AHI JABABEKA
R100260227L080_A001,CONT-20,22700000,0,0,600000,0,0,23300000,A001 - WH AHI JABABEKA,PT. PAUS BIRU LOGISTIK,6,LATE,43,151,18.04.2026,05.03.2026,27.03.2026,26.06.2026,26.06.2026,01.07.2026,14.07.2026,,A001,WH AHI JABABEKA
R100260227L105_A001,CONT-20,16600000,0,0,0,0,0,16600000,A001 - WH AHI JABABEKA,PT. TPIL LOGISTICS,7,ON SCHEDULE,43,0,17.04.2026,04.03.2026,17.03.2026,21.05.2026,22.05.2026,29.05.2026,05.06.2026,,A001,WH AHI JABABEKA
R100260227T001_A001,CONT-40,25600000,0,0,0,0,0,25600000,A001 - WH AHI JABABEKA,PT. SENTOSAPRIMA ABADI,7,ON SCHEDULE,39,0,13.04.2026,04.03.2026,17.03.2026,06.05.2026,07.05.2026,08.05.2026,08.05.2026,,A001,WH AHI JABABEKA
R100260227T010_A001,CONT-20,13950000,0,0,0,0,0,13950000,A001 - WH AHI JABABEKA,PT. SENTOSAPRIMA ABADI,7,ON SCHEDULE,41,0,14.04.2026,03.03.2026,11.03.2026,06.05.2026,07.05.2026,08.05.2026,08.05.2026,,A001,WH AHI JABABEKA
R100260228B002_A001,CDD LONG CHASSIS,4900000,0,0,0,0,0,4900000,A001 - WH AHI JABABEKA,PT.ORANG KREATIF EKSIS,7,ON SCHEDULE,26,0,30.03.2026,03.03.2026,17.03.2026,30.03.2026,30.03.2026,15.04.2026,15.04.2026,,A001,WH AHI JABABEKA
R100260228B003_A001,CDD LONG CHASSIS,4900000,0,0,0,0,0,4900000,A001 - WH AHI JABABEKA,PT.ORANG KREATIF EKSIS,7,ON SCHEDULE,26,0,30.03.2026,03.03.2026,17.03.2026,30.03.2026,30.03.2026,07.04.2026,07.04.2026,,A001,WH AHI JABABEKA
R100260228L005_A001,CONT-20,18900000,0,0,600000,0,0,19500000,A001 - WH AHI JABABEKA,PT. PAUS BIRU LOGISTIK,6,LATE,42,153,15.04.2026,03.03.2026,17.03.2026,11.05.2026,12.05.2026,01.07.2026,14.07.2026,,A001,WH AHI JABABEKA
R100260228L006_A001,CONT-20,14100000,0,0,0,0,0,14100000,A001 - WH AHI JABABEKA,PT. SENTOSAPRIMA ABADI,7,ON SCHEDULE,42,0,18.04.2026,06.03.2026,17.03.2026,15.05.2026,15.05.2026,20.05.2026,29.05.2026,,A001,WH AHI JABABEKA
R100260228L007_A001,CONT-20,16500000,0,0,0,0,0,16500000,A001 - WH AHI JABABEKA,PT. MITRA INTERTRANS FORWARDING,7,ON SCHEDULE,42,0,16.04.2026,04.03.2026,26.03.2026,07.04.2026,07.04.2026,08.04.2026,08.04.2026,,A001,WH AHI JABABEKA
R100260228L030_A001,CONT-20,14600000,0,0,0,0,0,14600000,A001 - WH AHI JABABEKA,PT. MITRA INTERTRANS FORWARDING,7,ON SCHEDULE,38,0,11.04.2026,03.03.2026,12.03.2026,16.04.2026,16.04.2026,17.04.2026,17.04.2026,,A001,WH AHI JABABEKA
R100260228L056_A001,CDD LONG CHASSIS,2850000,0,0,0,0,0,2850000,A001 - WH AHI JABABEKA,PT. BINTANG SAMUDRA RAYA,7,ON SCHEDULE,28,0,02.04.2026,04.03.2026,05.03.2026,13.03.2026,13.03.2026,13.03.2026,13.03.2026,,A001,WH AHI JABABEKA
R100260228L059_A001,CDD LONG CHASSIS,2250000,0,0,0,0,0,2250000,A001 - WH AHI JABABEKA,PT. BINTANG SAMUDRA RAYA,7,ON SCHEDULE,28,0,30.03.2026,01.03.2026,02.03.2026,10.03.2026,10.03.2026,13.03.2026,13.03.2026,,A001,WH AHI JABABEKA
R100260228L060_A001,CDD LONG CHASSIS,1725000,0,0,0,0,0,1725000,A001 - WH AHI JABABEKA,PT. BINTANG SAMUDRA RAYA,7,ON SCHEDULE,27,0,29.03.2026,01.03.2026,02.03.2026,10.03.2026,10.03.2026,11.03.2026,12.03.2026,,A001,WH AHI JABABEKA
R100260228T028_A001,WINGBOX,5650000,0,0,0,0,0,5650000,A001 - WH AHI JABABEKA,PT. DUTA MEDIA MANDIRI,7,ON SCHEDULE,30,0,01.04.2026,01.03.2026,04.03.2026,05.03.2026,05.03.2026,10.03.2026,26.03.2026,,A001,WH AHI JABABEKA
R100260228T035_A001,WINGBOX,6600000,0,0,0,0,0,6600000,A001 - WH AHI JABABEKA,PT. JAYA MULYA ERALINDO,7,ON SCHEDULE,30,0,01.04.2026,01.03.2026,04.03.2026,09.03.2026,09.03.2026,10.03.2026,10.03.2026,,A001,WH AHI JABABEKA
R100260228T063_A001,CONT-40,8750000,0,0,0,0,0,8750000,A001 - WH AHI JABABEKA,PT. CIKARANG GERBANG SOLUSI,7,ON SCHEDULE,30,0,01.04.2026,01.03.2026,08.03.2026,29.05.2026,29.05.2026,29.05.2026,30.06.2026,,A001,WH AHI JABABEKA
R100260301L003_A001,CDD LONG CHASSIS,1900000,0,0,0,75000,0,1975000,A001 - WH AHI JABABEKA,PT. ANTAR JARINGAN SEPANJANG JALAN,7,ON SCHEDULE,28,0,30.03.2026,01.03.2026,02.03.2026,04.03.2026,04.03.2026,10.03.2026,10.03.2026,,A001,WH AHI JABABEKA
R100260301L004_A001,CDD LONG CHASSIS,1400000,0,0,0,0,0,1400000,A001 - WH AHI JABABEKA,PT. BINTANG SAMUDRA RAYA,7,ON SCHEDULE,28,0,30.03.2026,01.03.2026,25.03.2026,31.03.2026,31.03.2026,01.04.2026,02.04.2026,,A001,WH AHI JABABEKA
R100260301L005_A001,CDD LONG CHASSIS,2250000,0,0,0,400000,0,2650000,A001 - WH AHI JABABEKA,PT. BINTANG SAMUDRA RAYA,7,ON SCHEDULE,28,0,30.03.2026,01.03.2026,02.03.2026,08.04.2026,10.04.2026,15.04.2026,15.04.2026,,A001,WH AHI JABABEKA
R100260301L006_A001,CDD LONG CHASSIS,1400000,0,0,0,0,0,1400000,A001 - WH AHI JABABEKA,PT. BINTANG SAMUDRA RAYA,7,ON SCHEDULE,28,0,30.03.2026,01.03.2026,02.03.2026,16.04.2026,16.04.2026,17.04.2026,17.04.2026,,A001,WH AHI JABABEKA
R100260301L007_A001,CDD LONG CHASSIS,1400000,0,0,0,200000,0,1600000,A001 - WH AHI JABABEKA,PT. BINTANG SAMUDRA RAYA,7,ON SCHEDULE,28,0,30.03.2026,01.03.2026,02.03.2026,08.04.2026,10.04.2026,15.04.2026,15.04.2026,,A001,WH AHI JABABEKA
R100260301L008_A001,CDD LONG CHASSIS,1900000,0,0,0,75000,0,1975000,A001 - WH AHI JABABEKA,PT. ANTAR JARINGAN SEPANJANG JALAN,7,ON SCHEDULE,28,0,30.03.2026,01.03.2026,02.03.2026,04.03.2026,04.03.2026,10.03.2026,10.03.2026,,A001,WH AHI JABABEKA
R100260301L009_A001,CDD LONG CHASSIS,1950000,0,0,0,200000,0,2150000,A001 - WH AHI JABABEKA,PT. BINTANG SAMUDRA RAYA,7,ON SCHEDULE,28,0,30.03.2026,01.03.2026,02.03.2026,08.04.2026,10.04.2026,15.04.2026,15.04.2026,,A001,WH AHI JABABEKA
R100260301L011_A001,CDD LONG CHASSIS,1800000,0,0,0,75000,0,1875000,A001 - WH AHI JABABEKA,PT. ANTAR JARINGAN SEPANJANG JALAN,7,ON SCHEDULE,28,0,31.03.2026,02.03.2026,03.03.2026,06.03.2026,06.03.2026,10.03.2026,10.03.2026,,A001,WH AHI JABABEKA
R100260301L012_A001,CDD LONG CHASSIS,1900000,0,0,0,75000,0,1975000,A001 - WH AHI JABABEKA,PT. ANTAR JARINGAN SEPANJANG JALAN,7,ON SCHEDULE,27,0,29.03.2026,01.03.2026,02.03.2026,09.03.2026,10.03.2026,11.03.2026,25.03.2026,,A001,WH AHI JABABEKA
R100260301L013_A001,CDD LONG CHASSIS,1700000,0,0,0,0,0,1700000,A001 - WH AHI JABABEKA,PT. ANTAR JARINGAN SEPANJANG JALAN,7,ON SCHEDULE,28,0,30.03.2026,01.03.2026,02.03.2026,04.03.2026,04.03.2026,11.03.2026,25.03.2026,,A001,WH AHI JABABEKA
R100260301L015_A001,CONT-20,10500000,0,0,400000,0,0,10900000,A001 - WH AHI JABABEKA,PT. HAKKA HYDRO TIRTA,7,ON SCHEDULE,40,0,12.04.2026,02.03.2026,27.03.2026,20.05.2026,21.05.2026,11.06.2026,22.06.2026,,A001,WH AHI JABABEKA
R100260301L016_A001,CONT-20,13800000,0,0,0,0,0,13800000,A001 - WH AHI JABABEKA,PT. SENTOSAPRIMA ABADI,7,ON SCHEDULE,39,0,14.04.2026,05.03.2026,14.03.2026,27.04.2026,28.04.2026,28.04.2026,28.04.2026,,A001,WH AHI JABABEKA
R100260301L024_A001,CONT-20,13800000,0,0,0,0,0,13800000,A001 - WH AHI JABABEKA,PT. SENTOSAPRIMA ABADI,7,ON SCHEDULE,39,0,11.04.2026,02.03.2026,14.03.2026,27.04.2026,28.04.2026,28.04.2026,28.04.2026,,A001,WH AHI JABABEKA
R100260301L030_A001,CONT-20,16100000,0,0,0,0,0,16100000,A001 - WH AHI JABABEKA,PT. SENTOSAPRIMA ABADI,7,ON SCHEDULE,41,0,14.04.2026,03.03.2026,15.03.2026,27.04.2026,28.04.2026,30.04.2026,30.04.2026,,A001,WH AHI JABABEKA
R100260301L032_A001,FUSO,14950000,0,0,0,522000,0,15472000,A001 - WH AHI JABABEKA,PT. DUTA LINTAS NUSA,7,ON SCHEDULE,41,0,20.04.2026,09.03.2026,10.03.2026,13.04.2026,14.04.2026,28.04.2026,29.04.2026,,A001,WH AHI JABABEKA
R100260301L037_A001,CONT-20,21400000,0,0,1250000,0,0,22650000,A001 - WH AHI JABABEKA,PT. PAUS BIRU LOGISTIK,7,ON SCHEDULE,46,0,23.04.2026,07.03.2026,17.03.2026,04.05.2026,06.05.2026,06.05.2026,08.05.2026,,A001,WH AHI JABABEKA
R100260301L038_A001,FUSO,17000000,0,0,0,200000,0,17200000,A001 - WH AHI JABABEKA,PT. SATRIA PIRANTI PERKASA,7,ON SCHEDULE,31,0,03.04.2026,02.03.2026,06.03.2026,26.03.2026,30.03.2026,02.04.2026,02.04.2026,,A001,WH AHI JABABEKA
R100260301L039_A001,CDD LONG CHASSIS,4900000,0,0,0,300000,0,5200000,A001 - WH AHI JABABEKA,PT.ORANG KREATIF EKSIS,7,ON SCHEDULE,28,0,30.03.2026,01.03.2026,03.03.2026,30.03.2026,30.03.2026,15.04.2026,15.04.2026,,A001,WH AHI JABABEKA
R100260301L040_A001,CDD LONG CHASSIS,2600000,0,0,0,0,0,2600000,A001 - WH AHI JABABEKA,PT. SATRIA PIRANTI PERKASA,7,ON SCHEDULE,28,0,31.03.2026,02.03.2026,03.03.2026,31.03.2026,31.03.2026,01.04.2026,01.04.2026,,A001,WH AHI JABABEKA
R100260301T005_A001,WINGBOX,5650000,0,0,0,0,0,5650000,A001 - WH AHI JABABEKA,PT. DUTA MEDIA MANDIRI,7,ON SCHEDULE,30,0,01.04.2026,01.03.2026,04.03.2026,09.03.2026,09.03.2026,10.03.2026,26.03.2026,,A001,WH AHI JABABEKA
R100260301T006_A001,CONT-20,3900000,0,0,0,0,0,3900000,A001 - WH AHI JABABEKA,PT. JATIM PETROLEUM TRANSPORT,7,ON SCHEDULE,30,0,02.04.2026,02.03.2026,04.03.2026,31.03.2026,31.03.2026,17.04.2026,17.04.2026,,A001,WH AHI JABABEKA
R100260301T007_A001,CONT-20,3900000,0,0,0,0,0,3900000,A001 - WH AHI JABABEKA,PT. JATIM PETROLEUM TRANSPORT,7,ON SCHEDULE,30,0,02.04.2026,02.03.2026,04.03.2026,31.03.2026,31.03.2026,17.04.2026,17.04.2026,,A001,WH AHI JABABEKA
R100260301T008_A001,WINGBOX,5650000,0,0,0,0,0,5650000,A001 - WH AHI JABABEKA,PT. DUTA MEDIA MANDIRI,7,ON SCHEDULE,30,0,02.04.2026,02.03.2026,04.03.2026,05.03.2026,05.03.2026,10.03.2026,26.03.2026,,A001,WH AHI JABABEKA
R100260301T009_A001,CONT-40,24200000,0,0,0,0,0,24200000,A001 - WH AHI JABABEKA,PT. SENTOSAPRIMA ABADI,7,ON SCHEDULE,36,0,04.05.2026,28.03.2026,28.03.2026,27.04.2026,28.04.2026,08.05.2026,18.06.2026,,A001,WH AHI JABABEKA
R100260301T012_A001,CONT-40,25600000,0,0,0,0,0,25600000,A001 - WH AHI JABABEKA,PT. SENTOSAPRIMA ABADI,7,ON SCHEDULE,39,0,13.04.2026,04.03.2026,17.03.2026,06.05.2026,07.05.2026,08.05.2026,08.05.2026,,A001,WH AHI JABABEKA
R100260301T014_A001,CONT-20,13950000,0,0,0,0,0,13950000,A001 - WH AHI JABABEKA,PT. SENTOSAPRIMA ABADI,7,ON SCHEDULE,41,0,17.04.2026,06.03.2026,17.03.2026,06.05.2026,07.05.2026,08.05.2026,08.05.2026,,A001,WH AHI JABABEKA
R100260301T048_A001,CONT-20,3900000,0,0,0,0,0,3900000,A001 - WH AHI JABABEKA,PT. JATIM PETROLEUM TRANSPORT,7,ON SCHEDULE,30,0,01.04.2026,01.03.2026,04.03.2026,31.03.2026,31.03.2026,17.04.2026,17.04.2026,,A001,WH AHI JABABEKA
R100260301T049_A001,CONT-20,3900000,0,0,0,0,0,3900000,A001 - WH AHI JABABEKA,PT. JATIM PETROLEUM TRANSPORT,7,ON SCHEDULE,30,0,02.04.2026,02.03.2026,04.03.2026,31.03.2026,31.03.2026,17.04.2026,17.04.2026,,A001,WH AHI JABABEKA
R100260302B003_A001,FUSO,6800000,0,0,0,0,0,6800000,A001 - WH AHI JABABEKA,PT.DHANESWARA EXPRES,7,ON SCHEDULE,31,0,05.04.2026,04.03.2026,06.03.2026,06.04.2026,06.04.2026,20.04.2026,20.04.2026,,A001,WH AHI JABABEKA
R100260302L017_A001,WINGBOX,5600000,0,0,0,400000,0,6000000,A001 - WH AHI JABABEKA,PT. BINTANG SAMUDRA RAYA,7,ON SCHEDULE,30,0,03.04.2026,03.03.2026,05.03.2026,08.04.2026,10.04.2026,15.04.2026,15.04.2026,,A001,WH AHI JABABEKA
R100260302L018_A001,CDD LONG CHASSIS,3500000,0,0,0,0,0,3500000,A001 - WH AHI JABABEKA,PT. AGUNG MAKMUR JAYA,7,ON SCHEDULE,28,0,01.04.2026,03.03.2026,05.03.2026,25.03.2026,25.03.2026,25.03.2026,25.03.2026,,A001,WH AHI JABABEKA
R100260302L019_A001,CDD LONG CHASSIS,2850000,0,0,0,0,0,2850000,A001 - WH AHI JABABEKA,PT. BINTANG SAMUDRA RAYA,7,ON SCHEDULE,28,0,31.03.2026,02.03.2026,04.03.2026,12.03.2026,12.03.2026,01.04.2026,02.04.2026,,A001,WH AHI JABABEKA
R100260302L020_A001,CDD LONG CHASSIS,3500000,0,0,0,250000,0,3750000,A001 - WH AHI JABABEKA,PT. AGUNG MAKMUR JAYA,7,ON SCHEDULE,28,0,01.04.2026,03.03.2026,05.03.2026,25.03.2026,25.03.2026,25.03.2026,25.03.2026,,A001,WH AHI JABABEKA
R100260302L020_A001,CDD LONG CHASSIS,3500000,0,0,0,250000,0,3750000,A001 - WH AHI JABABEKA,PT. AGUNG MAKMUR JAYA,7,ON SCHEDULE,28,0,01.04.2026,03.03.2026,05.03.2026,25.03.2026,25.03.2026,25.03.2026,25.03.2026,,A001,WH AHI JABABEKA
R100260302L020_A001,CDD LONG CHASSIS,3500000,0,0,0,250000,0,3750000,A001 - WH AHI JABABEKA,PT. AGUNG MAKMUR JAYA,7,ON SCHEDULE,28,0,01.04.2026,03.03.2026,05.03.2026,25.03.2026,25.03.2026,25.03.2026,25.03.2026,,A001,WH AHI JABABEKA
R100260302L021_A001,CDD LONG CHASSIS,4900000,0,0,0,0,0,4900000,A001 - WH AHI JABABEKA,PT.ORANG KREATIF EKSIS,7,ON SCHEDULE,28,0,31.03.2026,02.03.2026,04.03.2026,13.03.2026,13.03.2026,07.04.2026,07.04.2026,,A001,WH AHI JABABEKA
R100260302L027_A001,WINGBOX,4300000,0,0,0,0,0,4300000,A001 - WH AHI JABABEKA,PT.SIASAT CEPAT MUDA,7,ON SCHEDULE,28,0,31.03.2026,02.03.2026,04.03.2026,06.03.2026,06.03.2026,12.03.2026,12.03.2026,,A001,WH AHI JABABEKA
R100260302L028_A001,FUSO,11500000,0,0,0,400000,0,11900000,A001 - WH AHI JABABEKA,PT. SATRIA PIRANTI PERKASA,7,ON SCHEDULE,31,0,04.04.2026,03.03.2026,08.03.2026,31.03.2026,01.04.2026,08.04.2026,08.04.2026,,A001,WH AHI JABABEKA
R100260302L059_A001,CDD LONG CHASSIS,3600000,0,0,0,300000,0,3900000,A001 - WH AHI JABABEKA,PT. BINTANG SAMUDRA RAYA,7,ON SCHEDULE,28,0,31.03.2026,02.03.2026,04.03.2026,08.04.2026,10.04.2026,15.04.2026,15.04.2026,,A001,WH AHI JABABEKA
R100260302L060_A001,FUSO,14750000,0,0,0,0,0,14750000,A001 - WH AHI JABABEKA,PT. SATRIA PIRANTI PERKASA,7,ON SCHEDULE,31,0,26.04.2026,25.03.2026,26.03.2026,26.03.2026,26.03.2026,02.04.2026,02.04.2026,,A001,WH AHI JABABEKA
R100260302L061_A001,CONT-20,16100000,0,0,0,0,0,16100000,A001 - WH AHI JABABEKA,PT. SENTOSAPRIMA ABADI,7,ON SCHEDULE,41,0,16.04.2026,05.03.2026,15.03.2026,27.04.2026,28.04.2026,30.04.2026,30.04.2026,,A001,WH AHI JABABEKA
R100260302L062_A001,CONT-20,14050000,0,0,0,0,0,14050000,A001 - WH AHI JABABEKA,PT. TPIL LOGISTICS,7,ON SCHEDULE,42,0,22.04.2026,10.03.2026,26.03.2026,18.05.2026,18.05.2026,19.05.2026,19.05.2026,,A001,WH AHI JABABEKA
R100260302L063_A001,CONT-20,16600000,0,0,0,0,0,16600000,A001 - WH AHI JABABEKA,PT. TPIL LOGISTICS,7,ON SCHEDULE,43,0,17.04.2026,04.03.2026,17.03.2026,18.05.2026,18.05.2026,19.05.2026,19.05.2026,,A001,WH AHI JABABEKA
R100260302L077_A001,CDD LONG CHASSIS,3100000,0,0,0,0,0,3100000,A001 - WH AHI JABABEKA,PT. BINTANG SAMUDRA RAYA,7,ON SCHEDULE,29,0,01.04.2026,02.03.2026,04.03.2026,12.03.2026,12.03.2026,01.04.2026,02.04.2026,,A001,WH AHI JABABEKA
R100260302L079_A001,CDD LONG CHASSIS,2350000,0,0,0,0,0,2350000,A001 - WH AHI JABABEKA,PT. BINTANG SAMUDRA RAYA,7,ON SCHEDULE,28,0,01.04.2026,03.03.2026,05.03.2026,12.03.2026,12.03.2026,01.04.2026,02.04.2026,,A001,WH AHI JABABEKA
R100260302L080_A001,CDD LONG CHASSIS,3900000,0,0,0,300000,0,4200000,A001 - WH AHI JABABEKA,PT. BINTANG SAMUDRA RAYA,7,ON SCHEDULE,28,0,01.04.2026,03.03.2026,,15.04.2026,15.04.2026,15.04.2026,15.04.2026,,A001,WH AHI JABABEKA
R100260302L080_A001,CDD LONG CHASSIS,3900000,0,0,0,300000,0,4200000,A001 - WH AHI JABABEKA,PT. BINTANG SAMUDRA RAYA,7,ON SCHEDULE,28,0,01.04.2026,03.03.2026,,15.04.2026,15.04.2026,15.04.2026,15.04.2026,,A001,WH AHI JABABEKA
R100260302L080_A001,CDD LONG CHASSIS,3900000,0,0,0,300000,0,4200000,A001 - WH AHI JABABEKA,PT. BINTANG SAMUDRA RAYA,7,ON SCHEDULE,28,0,01.04.2026,03.03.2026,,15.04.2026,15.04.2026,15.04.2026,15.04.2026,,A001,WH AHI JABABEKA
R100260302L080_A001,CDD LONG CHASSIS,3900000,0,0,0,300000,0,4200000,A001 - WH AHI JABABEKA,PT. BINTANG SAMUDRA RAYA,7,ON SCHEDULE,28,0,01.04.2026,03.03.2026,,15.04.2026,15.04.2026,15.04.2026,15.04.2026,,A001,WH AHI JABABEKA
R100260302L081_A001,FUSO,19550000,0,0,0,522000,0,20072000,A001 - WH AHI JABABEKA,PT. DUTA LINTAS NUSA,7,ON SCHEDULE,31,0,05.04.2026,04.03.2026,10.03.2026,13.04.2026,14.04.2026,28.04.2026,29.04.2026,,A001,WH AHI JABABEKA
R100260302T002_A001,CONT-40,23300000,0,0,0,0,0,23300000,A001 - WH AHI JABABEKA,PT. MITRA INTERTRANS FORWARDING,7,ON SCHEDULE,39,0,14.04.2026,05.03.2026,27.03.2026,11.05.2026,11.05.2026,12.05.2026,12.05.2026,,A001,WH AHI JABABEKA
R100260302T003_A001,CONT-40,8750000,0,0,0,0,0,8750000,A001 - WH AHI JABABEKA,PT. CIKARANG GERBANG SOLUSI,4,LATE,18,153,22.03.2026,03.03.2026,10.03.2026,07.07.2026,07.07.2026,,,,A001,WH AHI JABABEKA
R100260302T004_A001,CONT-40,8750000,0,0,0,0,0,8750000,A001 - WH AHI JABABEKA,PT. CIKARANG GERBANG SOLUSI,4,LATE,18,154,21.03.2026,02.03.2026,09.03.2026,07.07.2026,07.07.2026,,,,A001,WH AHI JABABEKA
R100260302T005_A001,WINGBOX,5600000,0,0,0,0,0,5600000,A001 - WH AHI JABABEKA,PT. BINTANG SAMUDRA RAYA,7,ON SCHEDULE,30,0,03.04.2026,03.03.2026,06.03.2026,30.03.2026,30.03.2026,01.04.2026,02.04.2026,,A001,WH AHI JABABEKA
R100260302T015_A001,CONT-20,13800000,0,0,0,0,0,13800000,A001 - WH AHI JABABEKA,PT. SENTOSAPRIMA ABADI,7,ON SCHEDULE,39,0,11.04.2026,02.03.2026,14.03.2026,11.05.2026,11.05.2026,15.05.2026,15.05.2026,,A001,WH AHI JABABEKA
R100260302T016_A001,CONT-20,3900000,0,0,0,0,0,3900000,A001 - WH AHI JABABEKA,PT. JATIM PETROLEUM TRANSPORT,7,ON SCHEDULE,30,0,03.04.2026,03.03.2026,06.03.2026,31.03.2026,31.03.2026,17.04.2026,17.04.2026,,A001,WH AHI JABABEKA
R100260302T045_A001,WINGBOX,24000000,0,0,0,600000,0,24600000,A001 - WH AHI JABABEKA,PT. BINTANG SAMUDRA RAYA,7,ON SCHEDULE,30,0,03.04.2026,03.03.2026,,14.04.2026,15.04.2026,15.04.2026,15.04.2026,,A001,WH AHI JABABEKA
R100260302T045_A001,WINGBOX,24000000,0,0,0,600000,0,24600000,A001 - WH AHI JABABEKA,PT. BINTANG SAMUDRA RAYA,7,ON SCHEDULE,30,0,03.04.2026,03.03.2026,,14.04.2026,15.04.2026,15.04.2026,15.04.2026,,A001,WH AHI JABABEKA
R100260303B002_A001,CDD LONG CHASSIS,4900000,0,0,0,0,500000,5400000,A001 - WH AHI JABABEKA,PT.ORANG KREATIF EKSIS,7,ON SCHEDULE,26,0,24.04.2026,28.03.2026,,31.03.2026,01.04.2026,07.04.2026,08.04.2026,,A001,WH AHI JABABEKA
R100260303B002_A001,CDD LONG CHASSIS,4900000,0,0,0,0,500000,5400000,A001 - WH AHI JABABEKA,PT.ORANG KREATIF EKSIS,7,ON SCHEDULE,26,0,24.04.2026,28.03.2026,,31.03.2026,01.04.2026,07.04.2026,08.04.2026,,A001,WH AHI JABABEKA
R100260303B002_A001,CDD LONG CHASSIS,4900000,0,0,0,0,500000,5400000,A001 - WH AHI JABABEKA,PT.ORANG KREATIF EKSIS,7,ON SCHEDULE,26,0,24.04.2026,28.03.2026,,31.03.2026,01.04.2026,07.04.2026,08.04.2026,,A001,WH AHI JABABEKA
R100260303B003_A001,FUSO,6800000,0,0,0,0,0,6800000,A001 - WH AHI JABABEKA,PT.DHANESWARA EXPRES,7,ON SCHEDULE,31,0,06.04.2026,05.03.2026,08.03.2026,06.04.2026,06.04.2026,20.04.2026,20.04.2026,,A001,WH AHI JABABEKA
R100260303B004_A001,CDD LONG CHASSIS,5800000,0,0,0,0,0,5800000,A001 - WH AHI JABABEKA,PT. AGUNG MAKMUR JAYA,7,ON SCHEDULE,26,0,05.04.2026,09.03.2026,17.03.2026,25.03.2026,25.03.2026,25.03.2026,27.03.2026,,A001,WH AHI JABABEKA
R100260303L020_A001,CONT-20,13800000,0,0,800000,0,0,14600000,A001 - WH AHI JABABEKA,PT. SENTOSAPRIMA ABADI,7,ON SCHEDULE,40,0,13.04.2026,03.03.2026,14.03.2026,28.04.2026,28.04.2026,30.04.2026,30.04.2026,,A001,WH AHI JABABEKA
R100260303L022_A001,CDD LONG CHASSIS,3500000,0,0,0,200000,0,3700000,A001 - WH AHI JABABEKA,PT. AGUNG MAKMUR JAYA,7,ON SCHEDULE,28,0,03.04.2026,05.03.2026,08.03.2026,25.03.2026,25.03.2026,25.03.2026,25.03.2026,,A001,WH AHI JABABEKA
R100260303L022_A001,CDD LONG CHASSIS,3500000,0,0,0,200000,0,3700000,A001 - WH AHI JABABEKA,PT. AGUNG MAKMUR JAYA,7,ON SCHEDULE,28,0,03.04.2026,05.03.2026,08.03.2026,25.03.2026,25.03.2026,25.03.2026,25.03.2026,,A001,WH AHI JABABEKA
R100260303L022_A001,CDD LONG CHASSIS,3500000,0,0,0,200000,0,3700000,A001 - WH AHI JABABEKA,PT. AGUNG MAKMUR JAYA,7,ON SCHEDULE,28,0,03.04.2026,05.03.2026,08.03.2026,25.03.2026,25.03.2026,25.03.2026,25.03.2026,,A001,WH AHI JABABEKA
R100260303L029_A001,CONT-20,19200000,0,0,0,0,0,19200000,A001 - WH AHI JABABEKA,PT. PAUS BIRU LOGISTIK,7,ON SCHEDULE,41,0,15.04.2026,04.03.2026,27.03.2026,06.05.2026,07.05.2026,18.05.2026,18.05.2026,,A001,WH AHI JABABEKA
R100260303L030_A001,CONT-20,13900000,0,0,0,0,0,13900000,A001 - WH AHI JABABEKA,PT. MITRA INTERTRANS FORWARDING,7,ON SCHEDULE,39,0,15.04.2026,06.03.2026,27.03.2026,29.04.2026,29.04.2026,29.04.2026,29.04.2026,,A001,WH AHI JABABEKA
R100260303L064_A001,FUSO,5900000,0,0,0,200000,0,6100000,A001 - WH AHI JABABEKA,PT. SATRIA PIRANTI PERKASA,7,ON SCHEDULE,30,0,05.04.2026,05.03.2026,10.03.2026,08.04.2026,08.04.2026,16.04.2026,30.04.2026,,A001,WH AHI JABABEKA
R100260303L065_A001,FUSO,12500000,0,0,0,350000,0,12850000,A001 - WH AHI JABABEKA,PT.DHANESWARA EXPRES,7,ON SCHEDULE,27,0,01.04.2026,04.03.2026,08.03.2026,12.03.2026,13.03.2026,27.03.2026,27.03.2026,,A001,WH AHI JABABEKA
R100260303L070_A001,FUSO,14950000,0,0,0,522000,0,15472000,A001 - WH AHI JABABEKA,PT. DUTA LINTAS NUSA,7,ON SCHEDULE,41,0,09.05.2026,28.03.2026,28.03.2026,13.04.2026,14.04.2026,28.04.2026,29.04.2026,,A001,WH AHI JABABEKA
R100260303L073_A001,CDD LONG CHASSIS,4150000,0,0,0,400000,0,4550000,A001 - WH AHI JABABEKA,PT. BINTANG SAMUDRA RAYA,7,ON SCHEDULE,28,0,02.04.2026,04.03.2026,06.03.2026,08.04.2026,10.04.2026,10.04.2026,10.04.2026,,A001,WH AHI JABABEKA
R100260303L074_A001,CDD LONG CHASSIS,3500000,0,0,0,0,0,3500000,A001 - WH AHI JABABEKA,PT. CEHA LOGISTIK CEMERLANG,7,ON SCHEDULE,28,0,02.04.2026,04.03.2026,05.03.2026,06.03.2026,06.03.2026,13.03.2026,13.03.2026,,A001,WH AHI JABABEKA
R100260303L076_A001,CDD LONG CHASSIS,5750000,0,0,0,290000,0,6040000,A001 - WH AHI JABABEKA,PT. DUTA LINTAS NUSA,7,ON SCHEDULE,28,0,02.04.2026,04.03.2026,06.03.2026,30.03.2026,30.03.2026,15.04.2026,18.05.2026,,A001,WH AHI JABABEKA
R100260303L082_A001,CONT-20,13200000,0,0,0,0,0,13200000,A001 - WH AHI JABABEKA,PT. WIDYA TRANS CARGO,7,ON SCHEDULE,42,0,20.04.2026,08.03.2026,17.03.2026,09.04.2026,10.04.2026,15.04.2026,15.04.2026,,A001,WH AHI JABABEKA
R100260303L083_A001,CONT-20,20800000,0,0,0,0,0,20800000,A001 - WH AHI JABABEKA,PT. PAUS BIRU LOGISTIK,7,ON SCHEDULE,43,0,18.04.2026,05.03.2026,26.03.2026,12.05.2026,13.05.2026,21.05.2026,04.06.2026,,A001,WH AHI JABABEKA
R100260303L086_A001,CONT-20,20800000,0,0,0,0,0,20800000,A001 - WH AHI JABABEKA,PT. PAUS BIRU LOGISTIK,7,ON SCHEDULE,43,0,18.04.2026,05.03.2026,26.03.2026,11.05.2026,11.05.2026,21.05.2026,04.06.2026,,A001,WH AHI JABABEKA
R100260303L087_A001,CDD LONG CHASSIS,3500000,0,0,0,0,0,3500000,A001 - WH AHI JABABEKA,PT. CEHA LOGISTIK CEMERLANG,7,ON SCHEDULE,28,0,02.04.2026,04.03.2026,08.03.2026,10.03.2026,10.03.2026,13.03.2026,13.03.2026,,A001,WH AHI JABABEKA
R100260303L088_A001,CONT-20,20800000,0,0,0,0,0,20800000,A001 - WH AHI JABABEKA,PT. PAUS BIRU LOGISTIK,7,ON SCHEDULE,43,0,18.04.2026,05.03.2026,26.03.2026,11.05.2026,11.05.2026,21.05.2026,04.06.2026,,A001,WH AHI JABABEKA
R100260303L089_A001,CONT-20,26900000,0,0,0,0,0,26900000,A001 - WH AHI JABABEKA,PT. PAUS BIRU LOGISTIK,7,ON SCHEDULE,41,0,21.04.2026,10.03.2026,27.03.2026,11.05.2026,11.05.2026,21.05.2026,26.05.2026,,A001,WH AHI JABABEKA
R100260303T007_A001,WINGBOX,7200000,0,0,0,0,0,7200000,A001 - WH AHI JABABEKA,PT. JAYA MULYA ERALINDO,7,ON SCHEDULE,30,0,03.04.2026,03.03.2026,06.03.2026,12.03.2026,12.03.2026,30.03.2026,30.03.2026,,A001,WH AHI JABABEKA
R100260303T009_A001,WINGBOX,6000000,0,0,0,600000,0,6600000,A001 - WH AHI JABABEKA,PT. BINTANG SAMUDRA RAYA,7,ON SCHEDULE,30,0,04.04.2026,04.03.2026,08.03.2026,08.04.2026,10.04.2026,10.04.2026,10.04.2026,,A001,WH AHI JABABEKA
R100260303T010_A001,CONT-40,8750000,0,0,0,0,0,8750000,A001 - WH AHI JABABEKA,PT. CIKARANG GERBANG SOLUSI,7,ON SCHEDULE,30,0,03.04.2026,03.03.2026,09.03.2026,29.04.2026,29.04.2026,30.04.2026,30.04.2026,,A001,WH AHI JABABEKA
R100260303T032_A001,WINGBOX,7000000,0,0,0,0,0,7000000,A001 - WH AHI JABABEKA,PT. DUNIA EXPRESS TRANSINDO,7,ON SCHEDULE,30,0,04.04.2026,04.03.2026,08.03.2026,08.04.2026,08.04.2026,22.04.2026,22.04.2026,,A001,WH AHI JABABEKA
R100260303T034_A001,CONT-40,8750000,0,0,0,0,0,8750000,A001 - WH AHI JABABEKA,PT. CIKARANG GERBANG SOLUSI,7,ON SCHEDULE,30,0,04.04.2026,04.03.2026,10.03.2026,29.04.2026,29.04.2026,30.04.2026,30.04.2026,,A001,WH AHI JABABEKA
R100260303T035_A001,CONT-40,8750000,0,0,0,0,0,8750000,A001 - WH AHI JABABEKA,PT. CIKARANG GERBANG SOLUSI,7,ON SCHEDULE,30,0,04.04.2026,04.03.2026,09.03.2026,29.04.2026,29.04.2026,30.04.2026,30.04.2026,,A001,WH AHI JABABEKA
R100260303T036_A001,CONT-20,17200000,0,0,1250000,0,0,18450000,A001 - WH AHI JABABEKA,PT. PAUS BIRU LOGISTIK,7,ON SCHEDULE,41,0,19.04.2026,08.03.2026,26.03.2026,04.05.2026,06.05.2026,18.06.2026,18.06.2026,,A001,WH AHI JABABEKA
R100260303T039_A001,WINGBOX,7000000,0,0,0,0,0,7000000,A001 - WH AHI JABABEKA,PT. DUNIA EXPRESS TRANSINDO,7,ON SCHEDULE,30,0,04.04.2026,04.03.2026,08.03.2026,08.04.2026,08.04.2026,22.04.2026,22.04.2026,,A001,WH AHI JABABEKA
R100260303T042_A001,WINGBOX,24150000,0,0,0,0,0,24150000,A001 - WH AHI JABABEKA,PT. DUTA LINTAS NUSA,7,ON SCHEDULE,39,0,16.04.2026,07.03.2026,14.03.2026,31.03.2026,31.03.2026,15.04.2026,21.04.2026,,A001,WH AHI JABABEKA
R100260303T043_A001,WINGBOX,5650000,0,0,0,0,0,5650000,A001 - WH AHI JABABEKA,PT. DUTA MEDIA MANDIRI,7,ON SCHEDULE,30,0,09.04.2026,09.03.2026,12.03.2026,12.03.2026,12.03.2026,27.03.2026,27.03.2026,,A001,WH AHI JABABEKA
R100260304B002_A001,CDD LONG CHASSIS,3500000,0,0,0,0,0,3500000,A001 - WH AHI JABABEKA,PT. CEHA LOGISTIK CEMERLANG,7,ON SCHEDULE,26,0,01.04.2026,05.03.2026,08.03.2026,10.03.2026,10.03.2026,09.04.2026,14.04.2026,,A001,WH AHI JABABEKA
R100260304B003_A001,CDD LONG CHASSIS,5450000,0,0,0,0,0,5450000,A001 - WH AHI JABABEKA,PT. BINTANG SAMUDRA RAYA,7,ON SCHEDULE,31,0,07.04.2026,06.03.2026,11.03.2026,21.04.2026,23.04.2026,23.04.2026,23.04.2026,,A001,WH AHI JABABEKA
R100260304B004_A001,CDD LONG CHASSIS,5450000,0,0,0,0,0,5450000,A001 - WH AHI JABABEKA,PT. BINTANG SAMUDRA RAYA,7,ON SCHEDULE,31,0,07.04.2026,06.03.2026,11.03.2026,21.04.2026,23.04.2026,23.04.2026,23.04.2026,,A001,WH AHI JABABEKA
R100260304L033_A001,FUSO,19550000,0,0,0,696000,0,20246000,A001 - WH AHI JABABEKA,PT. DUTA LINTAS NUSA,7,ON SCHEDULE,41,0,16.04.2026,05.03.2026,25.03.2026,13.04.2026,14.04.2026,28.04.2026,29.04.2026,,A001,WH AHI JABABEKA
R100260304L034_A001,CONT-20,26900000,0,0,0,0,0,26900000,A001 - WH AHI JABABEKA,PT. PAUS BIRU LOGISTIK,7,ON SCHEDULE,41,0,21.04.2026,10.03.2026,27.03.2026,11.05.2026,11.05.2026,21.05.2026,26.05.2026,,A001,WH AHI JABABEKA
R100260304L035_A001,CONT-20,14050000,0,0,0,0,0,14050000,A001 - WH AHI JABABEKA,PT. TPIL LOGISTICS,7,ON SCHEDULE,42,0,21.04.2026,09.03.2026,26.03.2026,18.05.2026,18.05.2026,19.05.2026,19.05.2026,,A001,WH AHI JABABEKA
R100260304L036_A001,CONT-20,16100000,0,0,0,0,0,16100000,A001 - WH AHI JABABEKA,PT. SENTOSAPRIMA ABADI,7,ON SCHEDULE,41,0,16.04.2026,05.03.2026,15.03.2026,27.04.2026,28.04.2026,30.04.2026,30.04.2026,,A001,WH AHI JABABEKA
R100260304L037_A001,CONT-20,22700000,0,0,0,0,0,22700000,A001 - WH AHI JABABEKA,PT. TPIL LOGISTICS,7,ON SCHEDULE,49,0,23.04.2026,04.03.2026,26.03.2026,26.05.2026,26.05.2026,17.06.2026,17.06.2026,,A001,WH AHI JABABEKA
R100260304L039_A001,CONT-20,18000000,0,0,400000,0,0,18400000,A001 - WH AHI JABABEKA,PT. HAKKA HYDRO TIRTA,7,ON SCHEDULE,42,0,20.04.2026,08.03.2026,27.03.2026,21.05.2026,22.05.2026,04.06.2026,04.06.2026,,A001,WH AHI JABABEKA
R100260304L041_A001,CDD LONG CHASSIS,3600000,0,0,0,0,0,3600000,A001 - WH AHI JABABEKA,PT. BINTANG SAMUDRA RAYA,7,ON SCHEDULE,28,0,02.04.2026,04.03.2026,06.03.2026,26.03.2026,26.03.2026,01.04.2026,02.04.2026,,A001,WH AHI JABABEKA
R100260304L045_A001,CONT-20,13800000,0,0,0,0,0,13800000,A001 - WH AHI JABABEKA,PT. SENTOSAPRIMA ABADI,7,ON SCHEDULE,39,0,14.04.2026,05.03.2026,16.03.2026,11.05.2026,11.05.2026,15.05.2026,15.05.2026,,A001,WH AHI JABABEKA
R100260304L046_A001,CONT-20,16100000,0,0,0,0,0,16100000,A001 - WH AHI JABABEKA,PT. SENTOSAPRIMA ABADI,7,ON SCHEDULE,41,0,18.04.2026,07.03.2026,27.03.2026,06.05.2026,07.05.2026,08.05.2026,08.05.2026,,A001,WH AHI JABABEKA
R100260304L047_A001,CONT-20,17200000,0,1000000,1250000,0,0,19450000,A001 - WH AHI JABABEKA,PT. PAUS BIRU LOGISTIK,7,ON SCHEDULE,39,0,17.04.2026,08.03.2026,,18.05.2026,19.05.2026,18.06.2026,18.06.2026,,A001,WH AHI JABABEKA
R100260304L048_A001,CONT-20,27000000,0,0,0,0,0,27000000,A001 - WH AHI JABABEKA,PT. TPIL LOGISTICS,7,ON SCHEDULE,47,0,22.04.2026,05.03.2026,04.04.2026,06.04.2026,06.04.2026,13.05.2026,13.05.2026,,A001,WH AHI JABABEKA
R100260304L049_A001,CONT-20,13900000,0,0,0,0,0,13900000,A001 - WH AHI JABABEKA,PT. MITRA INTERTRANS FORWARDING,7,ON SCHEDULE,39,0,15.04.2026,06.03.2026,27.03.2026,29.04.2026,29.04.2026,29.04.2026,29.04.2026,,A001,WH AHI JABABEKA
R100260304L053_A001,CDD LONG CHASSIS,3500000,0,0,0,0,0,3500000,A001 - WH AHI JABABEKA,PT. CEHA LOGISTIK CEMERLANG,7,ON SCHEDULE,28,0,02.04.2026,04.03.2026,06.03.2026,10.03.2026,10.03.2026,13.03.2026,13.03.2026,,A001,WH AHI JABABEKA
R100260304L097_A001,FUSO,14750000,0,0,0,0,0,14750000,A001 - WH AHI JABABEKA,PT. SATRIA PIRANTI PERKASA,7,ON SCHEDULE,31,0,10.04.2026,09.03.2026,12.03.2026,08.04.2026,08.04.2026,16.04.2026,16.04.2026,,A001,WH AHI JABABEKA
R100260304L098_A001,CONT-20,17200000,0,0,0,0,0,17200000,A001 - WH AHI JABABEKA,PT. SENTOSAPRIMA ABADI,7,ON SCHEDULE,43,0,22.04.2026,09.03.2026,27.03.2026,06.05.2026,07.05.2026,08.05.2026,08.05.2026,,A001,WH AHI JABABEKA
R100260304L115_A001,CDD LONG CHASSIS,3900000,0,0,0,400000,0,4300000,A001 - WH AHI JABABEKA,PT. BINTANG SAMUDRA RAYA,7,ON SCHEDULE,28,0,04.04.2026,06.03.2026,11.03.2026,08.04.2026,10.04.2026,10.04.2026,10.04.2026,,A001,WH AHI JABABEKA
R100260304L116_A001,CDD LONG CHASSIS,3600000,0,0,0,300000,0,3900000,A001 - WH AHI JABABEKA,PT. BINTANG SAMUDRA RAYA,7,ON SCHEDULE,28,0,03.04.2026,05.03.2026,09.03.2026,08.04.2026,10.04.2026,10.04.2026,10.04.2026,,A001,WH AHI JABABEKA
R100260304L123_A001,CDD LONG CHASSIS,3100000,0,0,0,0,0,3100000,A001 - WH AHI JABABEKA,PT. BINTANG SAMUDRA RAYA,7,ON SCHEDULE,29,0,04.04.2026,05.03.2026,11.03.2026,14.04.2026,14.04.2026,14.04.2026,14.04.2026,,A001,WH AHI JABABEKA
R100260304L137_A001,CDD LONG CHASSIS,3800000,0,0,0,0,0,3800000,A001 - WH AHI JABABEKA,PT. CEHA LOGISTIK CEMERLANG,7,ON SCHEDULE,29,0,06.04.2026,07.03.2026,10.03.2026,10.03.2026,10.03.2026,13.03.2026,13.03.2026,,A001,WH AHI JABABEKA
R100260304T019_A001,CONT-20,17200000,0,0,1250000,0,0,18450000,A001 - WH AHI JABABEKA,PT. PAUS BIRU LOGISTIK,7,ON SCHEDULE,41,0,19.04.2026,08.03.2026,26.03.2026,19.05.2026,20.05.2026,18.06.2026,18.06.2026,,A001,WH AHI JABABEKA
R100260304T020_A001,WINGBOX,7000000,0,0,0,0,0,7000000,A001 - WH AHI JABABEKA,PT. DUNIA EXPRESS TRANSINDO,7,ON SCHEDULE,30,0,05.04.2026,05.03.2026,08.03.2026,08.04.2026,08.04.2026,22.04.2026,22.04.2026,,A001,WH AHI JABABEKA
R100260304T021_A001,CONT-40,8750000,0,0,0,0,0,8750000,A001 - WH AHI JABABEKA,PT. CIKARANG GERBANG SOLUSI,7,ON SCHEDULE,30,0,05.04.2026,05.03.2026,09.03.2026,29.04.2026,29.04.2026,30.04.2026,30.04.2026,,A001,WH AHI JABABEKA
R100260304T022_A001,CONT-40,8750000,0,0,0,0,0,8750000,A001 - WH AHI JABABEKA,PT. CIKARANG GERBANG SOLUSI,7,ON SCHEDULE,30,0,04.04.2026,04.03.2026,09.03.2026,29.04.2026,29.04.2026,30.04.2026,30.04.2026,,A001,WH AHI JABABEKA
R100260304T031_A001,WINGBOX,5650000,0,0,0,0,0,5650000,A001 - WH AHI JABABEKA,PT. DUTA MEDIA MANDIRI,7,ON SCHEDULE,30,0,04.04.2026,04.03.2026,08.03.2026,09.03.2026,09.03.2026,12.03.2026,12.03.2026,,A001,WH AHI JABABEKA
R100260304T032_A001,CONT-40,31900000,0,0,0,0,0,31900000,A001 - WH AHI JABABEKA,PT. PAUS BIRU LOGISTIK,7,ON SCHEDULE,39,0,16.04.2026,07.03.2026,26.03.2026,08.05.2026,08.05.2026,18.05.2026,18.05.2026,,A001,WH AHI JABABEKA
R100260304T033_A001,CONT-40,31900000,0,0,0,0,0,31900000,A001 - WH AHI JABABEKA,PT. PAUS BIRU LOGISTIK,7,ON SCHEDULE,39,0,16.04.2026,07.03.2026,26.03.2026,08.05.2026,09.05.2026,18.05.2026,18.05.2026,,A001,WH AHI JABABEKA
R100260304T038_A001,CONT-20,12000000,0,0,800000,0,0,12800000,A001 - WH AHI JABABEKA,PT. HAKKA HYDRO TIRTA,7,ON SCHEDULE,39,0,14.04.2026,05.03.2026,16.03.2026,20.05.2026,21.05.2026,24.06.2026,24.06.2026,,A001,WH AHI JABABEKA
R100260304T050_A001,WINGBOX,7000000,0,0,0,0,0,7000000,A001 - WH AHI JABABEKA,PT.Eureka Logistics,6,LATE,30,147,09.04.2026,09.03.2026,12.03.2026,27.04.2026,28.04.2026,04.05.2026,25.05.2026,,A001,WH AHI JABABEKA
R100260304T058_A001,WINGBOX,24150000,0,0,0,0,0,24150000,A001 - WH AHI JABABEKA,PT. DUTA LINTAS NUSA,7,ON SCHEDULE,39,0,16.04.2026,07.03.2026,14.03.2026,31.03.2026,31.03.2026,15.04.2026,21.04.2026,,A001,WH AHI JABABEKA
R100260305B001_A001,FUSO,6800000,0,0,0,0,0,6800000,A001 - WH AHI JABABEKA,PT.DHANESWARA EXPRES,7,ON SCHEDULE,31,0,07.04.2026,06.03.2026,08.03.2026,06.04.2026,06.04.2026,20.04.2026,20.04.2026,,A001,WH AHI JABABEKA
R100260305L021_A001,WINGBOX,35000000,0,0,0,0,0,35000000,A001 - WH AHI JABABEKA,PT.ORANG KREATIF EKSIS,7,ON SCHEDULE,48,0,26.04.2026,08.03.2026,16.03.2026,16.04.2026,16.04.2026,20.04.2026,29.04.2026,,A001,WH AHI JABABEKA
R100260305L022_A001,CONT-20,13800000,0,0,0,0,0,13800000,A001 - WH AHI JABABEKA,PT. SENTOSAPRIMA ABADI,7,ON SCHEDULE,39,0,15.04.2026,06.03.2026,16.03.2026,11.05.2026,11.05.2026,15.05.2026,15.05.2026,,A001,WH AHI JABABEKA
R100260305L023_A001,FUSO,17000000,0,0,0,200000,0,17200000,A001 - WH AHI JABABEKA,PT. SATRIA PIRANTI PERKASA,7,ON SCHEDULE,31,0,07.04.2026,06.03.2026,10.03.2026,08.04.2026,08.04.2026,16.04.2026,16.04.2026,,A001,WH AHI JABABEKA
R100260305L024_A001,CONT-20,20800000,0,0,0,0,0,20800000,A001 - WH AHI JABABEKA,PT. PAUS BIRU LOGISTIK,7,ON SCHEDULE,43,0,26.04.2026,13.03.2026,29.03.2026,11.05.2026,11.05.2026,21.05.2026,25.05.2026,,A001,WH AHI JABABEKA
R100260305L025_A001,CONT-20,26900000,0,0,0,0,0,26900000,A001 - WH AHI JABABEKA,PT. PAUS BIRU LOGISTIK,7,ON SCHEDULE,41,0,22.04.2026,11.03.2026,27.03.2026,11.05.2026,11.05.2026,21.05.2026,26.05.2026,,A001,WH AHI JABABEKA
R100260305L026_A001,CONT-20,14600000,0,0,0,0,0,14600000,A001 - WH AHI JABABEKA,PT. MITRA INTERTRANS FORWARDING,7,ON SCHEDULE,38,0,15.04.2026,07.03.2026,26.03.2026,28.04.2026,28.04.2026,28.04.2026,28.04.2026,,A001,WH AHI JABABEKA
R100260305L032_A001,CDD LONG CHASSIS,4900000,0,0,0,0,0,4900000,A001 - WH AHI JABABEKA,PT.ORANG KREATIF EKSIS,7,ON SCHEDULE,28,0,03.04.2026,05.03.2026,08.03.2026,13.03.2026,13.03.2026,07.04.2026,07.04.2026,,A001,WH AHI JABABEKA
R100260305L033_A001,CDD LONG CHASSIS,4900000,0,0,0,150000,0,5050000,A001 - WH AHI JABABEKA,PT.ORANG KREATIF EKSIS,7,ON SCHEDULE,28,0,03.04.2026,05.03.2026,08.03.2026,13.03.2026,13.03.2026,07.04.2026,07.04.2026,,A001,WH AHI JABABEKA
R100260305L034_A001,FUSO,13800000,0,0,0,0,0,13800000,A001 - WH AHI JABABEKA,PT. DUTA LINTAS NUSA,7,ON SCHEDULE,40,0,16.04.2026,06.03.2026,12.03.2026,15.04.2026,15.04.2026,28.04.2026,29.04.2026,,A001,WH AHI JABABEKA
R100260305L035_A001,CONT-20,18000000,0,0,400000,0,0,18400000,A001 - WH AHI JABABEKA,PT. HAKKA HYDRO TIRTA,6,LATE,42,148,20.04.2026,08.03.2026,27.03.2026,21.05.2026,22.05.2026,09.07.2026,09.07.2026,,A001,WH AHI JABABEKA
R100260305L037_A001,WINGBOX,17750000,0,0,0,0,0,17750000,A001 - WH AHI JABABEKA,PT. BINTANG SAMUDRA RAYA,7,ON SCHEDULE,39,0,20.04.2026,11.03.2026,25.03.2026,26.03.2026,26.03.2026,19.05.2026,19.05.2026,,A001,WH AHI JABABEKA
R100260305L038_A001,CONT-20,16100000,0,0,0,0,0,16100000,A001 - WH AHI JABABEKA,PT. SENTOSAPRIMA ABADI,7,ON SCHEDULE,41,0,20.04.2026,09.03.2026,26.03.2026,06.05.2026,07.05.2026,08.05.2026,08.05.2026,,A001,WH AHI JABABEKA
R100260305L045_A001,CONT-20,10500000,0,0,400000,0,0,10900000,A001 - WH AHI JABABEKA,PT. HAKKA HYDRO TIRTA,7,ON SCHEDULE,40,0,16.04.2026,06.03.2026,27.03.2026,21.05.2026,22.05.2026,11.06.2026,22.06.2026,,A001,WH AHI JABABEKA
R100260305L046_A001,CONT-20,14050000,0,0,0,0,0,14050000,A001 - WH AHI JABABEKA,PT. TPIL LOGISTICS,7,ON SCHEDULE,42,0,22.04.2026,10.03.2026,26.03.2026,26.05.2026,26.05.2026,17.06.2026,17.06.2026,,A001,WH AHI JABABEKA
R100260305L048_A001,FUSO,14750000,0,0,0,200000,0,14950000,A001 - WH AHI JABABEKA,PT. SATRIA PIRANTI PERKASA,7,ON SCHEDULE,41,0,17.04.2026,06.03.2026,10.03.2026,26.03.2026,30.03.2026,02.04.2026,02.04.2026,,A001,WH AHI JABABEKA
R100260305L057_A001,FUSO,11500000,0,0,0,200000,0,11700000,A001 - WH AHI JABABEKA,PT. SATRIA PIRANTI PERKASA,7,ON SCHEDULE,27,0,08.04.2026,11.03.2026,12.03.2026,08.04.2026,08.04.2026,16.04.2026,16.04.2026,,A001,WH AHI JABABEKA
R100260305L072_A001,WINGBOX,24000000,0,0,0,0,0,24000000,A001 - WH AHI JABABEKA,PT. CITRA SENTRAL EKSPRES,7,ON SCHEDULE,39,0,15.04.2026,06.03.2026,11.03.2026,02.04.2026,03.04.2026,06.04.2026,06.04.2026,,A001,WH AHI JABABEKA
R100260305L074_A001,WINGBOX,24000000,0,0,0,0,0,24000000,A001 - WH AHI JABABEKA,PT. CITRA SENTRAL EKSPRES,7,ON SCHEDULE,39,0,15.04.2026,06.03.2026,11.03.2026,02.04.2026,03.04.2026,06.04.2026,06.04.2026,,A001,WH AHI JABABEKA
R100260305L079_A001,CDD LONG CHASSIS,2350000,0,0,0,0,0,2350000,A001 - WH AHI JABABEKA,PT. BINTANG SAMUDRA RAYA,7,ON SCHEDULE,28,0,04.04.2026,06.03.2026,10.03.2026,26.03.2026,26.03.2026,01.04.2026,02.04.2026,,A001,WH AHI JABABEKA
R100260305L080_A001,WINGBOX,33000000,0,0,0,0,0,33000000,A001 - WH AHI JABABEKA,PT. CITRA SENTRAL EKSPRES,7,ON SCHEDULE,48,0,26.04.2026,08.03.2026,17.03.2026,02.04.2026,03.04.2026,06.04.2026,06.04.2026,,A001,WH AHI JABABEKA
R100260305L082_A001,FUSO,12500000,0,0,0,700000,0,13200000,A001 - WH AHI JABABEKA,PT.DHANESWARA EXPRES,7,ON SCHEDULE,31,0,07.04.2026,06.03.2026,10.03.2026,30.03.2026,30.03.2026,02.04.2026,06.04.2026,,A001,WH AHI JABABEKA
R100260305L083_A001,CONT-20,12000000,0,0,400000,0,0,12400000,A001 - WH AHI JABABEKA,PT. HAKKA HYDRO TIRTA,7,ON SCHEDULE,39,0,16.04.2026,07.03.2026,27.03.2026,21.05.2026,22.05.2026,04.06.2026,04.06.2026,,A001,WH AHI JABABEKA
R100260305L084_A001,CONT-20,14050000,0,0,0,0,0,14050000,A001 - WH AHI JABABEKA,PT. TPIL LOGISTICS,7,ON SCHEDULE,42,0,21.04.2026,09.03.2026,26.03.2026,26.05.2026,26.05.2026,17.06.2026,17.06.2026,,A001,WH AHI JABABEKA
R100260305L097_A001,CDD LONG CHASSIS,2850000,0,0,0,0,0,2850000,A001 - WH AHI JABABEKA,PT. BINTANG SAMUDRA RAYA,7,ON SCHEDULE,28,0,04.04.2026,06.03.2026,10.03.2026,26.03.2026,26.03.2026,01.04.2026,02.04.2026,,A001,WH AHI JABABEKA
R100260305T025_A001,CONT-20,13950000,0,0,0,0,0,13950000,A001 - WH AHI JABABEKA,PT. SENTOSAPRIMA ABADI,7,ON SCHEDULE,41,0,19.04.2026,08.03.2026,17.03.2026,11.05.2026,11.05.2026,13.05.2026,11.06.2026,,A001,WH AHI JABABEKA
R100260305T026_A001,CONT-40,31900000,0,0,0,0,0,31900000,A001 - WH AHI JABABEKA,PT. PAUS BIRU LOGISTIK,7,ON SCHEDULE,39,0,17.04.2026,08.03.2026,26.03.2026,08.05.2026,09.05.2026,18.05.2026,18.05.2026,,A001,WH AHI JABABEKA
R100260305T034_A001,CONT-20,3900000,0,0,0,0,0,3900000,A001 - WH AHI JABABEKA,PT. JATIM PETROLEUM TRANSPORT,7,ON SCHEDULE,30,0,06.04.2026,06.03.2026,08.03.2026,31.03.2026,31.03.2026,17.04.2026,17.04.2026,,A001,WH AHI JABABEKA
R100260305T039_A001,WINGBOX,5600000,0,0,0,0,0,5600000,A001 - WH AHI JABABEKA,PT. BINTANG SAMUDRA RAYA,7,ON SCHEDULE,30,0,06.04.2026,06.03.2026,10.03.2026,26.03.2026,26.03.2026,01.04.2026,02.04.2026,,A001,WH AHI JABABEKA
R100260305T042_A001,CONT-20,12000000,0,0,800000,0,0,12800000,A001 - WH AHI JABABEKA,PT. HAKKA HYDRO TIRTA,7,ON SCHEDULE,39,0,16.04.2026,07.03.2026,27.03.2026,21.05.2026,21.05.2026,04.06.2026,04.06.2026,,A001,WH AHI JABABEKA
R100260306B001_A001,CDD LONG CHASSIS,5800000,0,0,0,0,0,5800000,A001 - WH AHI JABABEKA,PT. AGUNG MAKMUR JAYA,7,ON SCHEDULE,26,0,03.04.2026,07.03.2026,17.03.2026,26.03.2026,27.03.2026,16.04.2026,16.04.2026,,A001,WH AHI JABABEKA
R100260306L056_A001,CONT-20,16100000,0,0,0,0,0,16100000,A001 - WH AHI JABABEKA,PT. SENTOSAPRIMA ABADI,7,ON SCHEDULE,41,0,20.04.2026,09.03.2026,26.03.2026,06.05.2026,07.05.2026,08.05.2026,08.05.2026,,A001,WH AHI JABABEKA
R100260306L057_A001,CONT-20,20800000,0,0,0,0,0,20800000,A001 - WH AHI JABABEKA,PT. PAUS BIRU LOGISTIK,7,ON SCHEDULE,43,0,24.04.2026,11.03.2026,27.03.2026,11.05.2026,11.05.2026,21.05.2026,26.05.2026,,A001,WH AHI JABABEKA
R100260306L058_A001,CONT-20,22700000,0,0,0,0,0,22700000,A001 - WH AHI JABABEKA,PT. TPIL LOGISTICS,7,ON SCHEDULE,49,0,30.04.2026,11.03.2026,29.03.2026,26.05.2026,26.05.2026,17.06.2026,17.06.2026,,A001,WH AHI JABABEKA
R100260306L059_A001,CONT-20,17850000,0,0,0,0,0,17850000,A001 - WH AHI JABABEKA,PT. MITRA INTERTRANS FORWARDING,7,ON SCHEDULE,43,0,24.04.2026,11.03.2026,27.03.2026,07.04.2026,07.04.2026,08.04.2026,30.04.2026,,A001,WH AHI JABABEKA
R100260306L060_A001,CONT-20,27000000,0,0,0,0,0,27000000,A001 - WH AHI JABABEKA,PT. TPIL LOGISTICS,4,LATE,35,150,11.04.2026,06.03.2026,27.03.2026,06.04.2026,07.04.2026,25.06.2026,,,A001,WH AHI JABABEKA
R100260306L084_A001,CDD LONG CHASSIS,3650000,0,0,0,0,0,3650000,A001 - WH AHI JABABEKA,PT.DHANESWARA EXPRES,7,ON SCHEDULE,29,0,09.04.2026,10.03.2026,25.03.2026,30.03.2026,30.03.2026,02.04.2026,06.04.2026,,A001,WH AHI JABABEKA
R100260306L087_A001,CDD LONG CHASSIS,3900000,0,0,0,300000,0,4200000,A001 - WH AHI JABABEKA,PT. BINTANG SAMUDRA RAYA,7,ON SCHEDULE,28,0,05.04.2026,07.03.2026,09.03.2026,16.04.2026,16.04.2026,17.04.2026,17.04.2026,,A001,WH AHI JABABEKA
R100260306L092_A001,CDD LONG CHASSIS,3600000,0,0,0,300000,0,3900000,A001 - WH AHI JABABEKA,PT. BINTANG SAMUDRA RAYA,7,ON SCHEDULE,28,0,05.04.2026,07.03.2026,10.03.2026,08.04.2026,10.04.2026,10.04.2026,10.04.2026,,A001,WH AHI JABABEKA
R100260306L094_A001,CDD LONG CHASSIS,3500000,0,0,0,0,0,3500000,A001 - WH AHI JABABEKA,PT. CEHA LOGISTIK CEMERLANG,7,ON SCHEDULE,28,0,04.04.2026,06.03.2026,08.03.2026,10.03.2026,10.03.2026,13.03.2026,13.03.2026,,A001,WH AHI JABABEKA
R100260306L096_A001,CDD LONG CHASSIS,5750000,0,0,0,0,0,5750000,A001 - WH AHI JABABEKA,PT. DUTA LINTAS NUSA,7,ON SCHEDULE,28,0,14.04.2026,16.03.2026,17.03.2026,31.03.2026,31.03.2026,15.04.2026,21.04.2026,,A001,WH AHI JABABEKA
R100260306L097_A001,CDD LONG CHASSIS,5750000,0,0,0,290000,0,6040000,A001 - WH AHI JABABEKA,PT. DUTA LINTAS NUSA,7,ON SCHEDULE,28,0,05.04.2026,07.03.2026,09.03.2026,31.03.2026,31.03.2026,15.04.2026,21.04.2026,,A001,WH AHI JABABEKA
R100260306L098_A001,CONT-20,19200000,0,0,0,0,0,19200000,A001 - WH AHI JABABEKA,PT. PAUS BIRU LOGISTIK,7,ON SCHEDULE,41,0,22.04.2026,11.03.2026,31.03.2026,07.05.2026,07.05.2026,04.06.2026,05.06.2026,,A001,WH AHI JABABEKA
R100260306L099_A001,CONT-20,13850000,0,0,400000,0,0,14250000,A001 - WH AHI JABABEKA,PT. HAKKA HYDRO TIRTA,7,ON SCHEDULE,42,0,22.04.2026,10.03.2026,27.03.2026,21.05.2026,21.05.2026,05.06.2026,05.06.2026,,A001,WH AHI JABABEKA
R100260306L100_A001,FUSO,14750000,0,0,0,0,0,14750000,A001 - WH AHI JABABEKA,PT. SATRIA PIRANTI PERKASA,7,ON SCHEDULE,41,0,18.04.2026,07.03.2026,11.03.2026,26.03.2026,26.03.2026,02.04.2026,02.04.2026,,A001,WH AHI JABABEKA
R100260306L101_A001,CDD LONG CHASSIS,3100000,0,0,0,0,0,3100000,A001 - WH AHI JABABEKA,PT. BINTANG SAMUDRA RAYA,7,ON SCHEDULE,29,0,06.04.2026,07.03.2026,09.03.2026,26.03.2026,26.03.2026,01.04.2026,02.04.2026,,A001,WH AHI JABABEKA
R100260306L102_A001,CONT-20,20800000,0,0,0,0,0,20800000,A001 - WH AHI JABABEKA,PT. PAUS BIRU LOGISTIK,7,ON SCHEDULE,43,0,24.04.2026,11.03.2026,27.03.2026,11.05.2026,11.05.2026,21.05.2026,25.05.2026,,A001,WH AHI JABABEKA
R100260306L110_A001,FUSO,11450000,0,0,0,250000,0,11700000,A001 - WH AHI JABABEKA,PT LOGISTIK CANGGIH INDONESIA,7,ON SCHEDULE,41,0,20.04.2026,09.03.2026,11.03.2026,25.03.2026,30.03.2026,30.03.2026,31.03.2026,,A001,WH AHI JABABEKA
R100260306L111_A001,CONT-20,14350000,0,0,400000,0,0,14750000,A001 - WH AHI JABABEKA,PT. HAKKA HYDRO TIRTA,7,ON SCHEDULE,42,0,22.04.2026,10.03.2026,27.03.2026,21.05.2026,21.05.2026,05.06.2026,05.06.2026,,A001,WH AHI JABABEKA
R100260306L112_A001,CONT-20,26900000,0,0,0,0,0,26900000,A001 - WH AHI JABABEKA,PT. PAUS BIRU LOGISTIK,7,ON SCHEDULE,41,0,23.04.2026,12.03.2026,27.03.2026,11.05.2026,11.05.2026,21.05.2026,26.05.2026,,A001,WH AHI JABABEKA
R100260306L113_A001,CONT-20,18000000,0,0,400000,0,0,18400000,A001 - WH AHI JABABEKA,PT. HAKKA HYDRO TIRTA,7,ON SCHEDULE,42,0,22.04.2026,10.03.2026,27.03.2026,21.05.2026,22.05.2026,05.06.2026,05.06.2026,,A001,WH AHI JABABEKA
R100260306L114_A001,CONT-20,14850000,0,0,0,0,0,14850000,A001 - WH AHI JABABEKA,PT. MITRA INTERTRANS FORWARDING,7,ON SCHEDULE,48,0,29.04.2026,11.03.2026,15.04.2026,05.06.2026,06.06.2026,09.06.2026,09.06.2026,,A001,WH AHI JABABEKA
R100260306L128_A001,CONT-20,27000000,0,0,0,0,0,27000000,A001 - WH AHI JABABEKA,PT. TPIL LOGISTICS,7,ON SCHEDULE,47,0,28.04.2026,11.03.2026,27.03.2026,06.04.2026,07.04.2026,13.05.2026,13.05.2026,,A001,WH AHI JABABEKA
R100260306L130_A001,FUSO,19550000,0,0,0,0,0,19550000,A001 - WH AHI JABABEKA,PT. DUTA LINTAS NUSA,7,ON SCHEDULE,41,0,22.04.2026,11.03.2026,25.03.2026,15.04.2026,15.04.2026,28.04.2026,29.04.2026,,A001,WH AHI JABABEKA
R100260306L131_A001,WINGBOX,5600000,0,0,0,400000,0,6000000,A001 - WH AHI JABABEKA,PT. BINTANG SAMUDRA RAYA,7,ON SCHEDULE,30,0,07.04.2026,07.03.2026,12.03.2026,16.04.2026,16.04.2026,17.04.2026,17.04.2026,,A001,WH AHI JABABEKA
R100260306L133_A001,CONT-20,19500000,0,0,0,0,0,19500000,A001 - WH AHI JABABEKA,PT. PAUS BIRU LOGISTIK,7,ON SCHEDULE,39,0,17.04.2026,08.03.2026,26.03.2026,07.05.2026,08.05.2026,18.05.2026,18.05.2026,,A001,WH AHI JABABEKA
R100260306L153_A001,CDD LONG CHASSIS,3600000,0,0,0,0,0,3600000,A001 - WH AHI JABABEKA,PT LOGISTIK CANGGIH INDONESIA,7,ON SCHEDULE,28,0,07.04.2026,09.03.2026,11.03.2026,25.03.2026,26.03.2026,27.03.2026,30.03.2026,,A001,WH AHI JABABEKA
R100260306T019_A001,CONT-20,13800000,0,0,0,0,200000,14000000,A001 - WH AHI JABABEKA,PT. SENTOSAPRIMA ABADI,7,ON SCHEDULE,39,0,17.04.2026,08.03.2026,26.03.2026,15.05.2026,17.05.2026,20.05.2026,20.05.2026,,A001,WH AHI JABABEKA
R100260306T020_A001,WINGBOX,5600000,0,0,0,0,0,5600000,A001 - WH AHI JABABEKA,PT. BINTANG SAMUDRA RAYA,7,ON SCHEDULE,30,0,06.04.2026,06.03.2026,09.03.2026,30.03.2026,30.03.2026,01.04.2026,02.04.2026,,A001,WH AHI JABABEKA
R100260306T021_A001,CONT-20,17200000,0,0,1250000,0,0,18450000,A001 - WH AHI JABABEKA,PT. PAUS BIRU LOGISTIK,7,ON SCHEDULE,41,0,22.04.2026,11.03.2026,26.03.2026,04.05.2026,06.05.2026,22.06.2026,24.06.2026,,A001,WH AHI JABABEKA
R100260306T022_A001,CONT-20,17200000,0,0,1250000,0,0,18450000,A001 - WH AHI JABABEKA,PT. PAUS BIRU LOGISTIK,7,ON SCHEDULE,41,0,22.04.2026,11.03.2026,26.03.2026,04.05.2026,06.05.2026,22.06.2026,24.06.2026,,A001,WH AHI JABABEKA
R100260306T023_A001,CONT-40,31900000,0,0,0,0,0,31900000,A001 - WH AHI JABABEKA,PT. PAUS BIRU LOGISTIK,7,ON SCHEDULE,39,0,17.04.2026,08.03.2026,26.03.2026,08.05.2026,09.05.2026,18.05.2026,18.05.2026,,A001,WH AHI JABABEKA
R100260306T029_A001,WINGBOX,5600000,0,0,0,0,0,5600000,A001 - WH AHI JABABEKA,PT. BINTANG SAMUDRA RAYA,7,ON SCHEDULE,30,0,11.04.2026,11.03.2026,14.03.2026,26.03.2026,26.03.2026,01.04.2026,02.04.2026,,A001,WH AHI JABABEKA
R100260306T031_A001,CONT-20,14600000,0,0,0,0,0,14600000,A001 - WH AHI JABABEKA,PT. TPIL LOGISTICS,7,ON SCHEDULE,36,0,15.04.2026,09.03.2026,26.03.2026,04.06.2026,04.06.2026,25.06.2026,26.06.2026,,A001,WH AHI JABABEKA
R100260306T032_A001,WINGBOX,6600000,0,0,0,0,0,6600000,A001 - WH AHI JABABEKA,PT. CATUR GLOBAL LOGISTIK,7,ON SCHEDULE,46,0,23.04.2026,07.03.2026,10.03.2026,30.03.2026,30.03.2026,09.04.2026,09.04.2026,,A001,WH AHI JABABEKA
R100260306T033_A001,CONT-40,8750000,0,0,0,0,0,8750000,A001 - WH AHI JABABEKA,PT. CIKARANG GERBANG SOLUSI,6,LATE,30,150,07.04.2026,07.03.2026,11.03.2026,11.05.2026,11.05.2026,25.06.2026,07.07.2026,,A001,WH AHI JABABEKA
R100260306T034_A001,CONT-40,8750000,0,0,0,0,0,8750000,A001 - WH AHI JABABEKA,PT. CIKARANG GERBANG SOLUSI,6,LATE,30,150,07.04.2026,07.03.2026,11.03.2026,11.05.2026,11.05.2026,25.06.2026,07.07.2026,,A001,WH AHI JABABEKA
R100260306T035_A001,CONT-40,8750000,0,0,0,0,0,8750000,A001 - WH AHI JABABEKA,PT. CIKARANG GERBANG SOLUSI,6,LATE,30,150,07.04.2026,07.03.2026,11.03.2026,11.05.2026,11.05.2026,25.06.2026,07.07.2026,,A001,WH AHI JABABEKA
R100260306T040_A001,CONT-40,31900000,0,0,0,0,0,31900000,A001 - WH AHI JABABEKA,PT. PAUS BIRU LOGISTIK,7,ON SCHEDULE,39,0,16.04.2026,07.03.2026,26.03.2026,08.05.2026,08.05.2026,18.05.2026,18.05.2026,,A001,WH AHI JABABEKA
R100260306T042_A001,CONT-20,19500000,0,0,0,0,0,19500000,A001 - WH AHI JABABEKA,PT. PAUS BIRU LOGISTIK,7,ON SCHEDULE,39,0,16.04.2026,07.03.2026,26.03.2026,07.05.2026,08.05.2026,18.05.2026,18.05.2026,,A001,WH AHI JABABEKA
R100260306T044_A001,CONT-20,19500000,0,0,0,0,0,19500000,A001 - WH AHI JABABEKA,PT. PAUS BIRU LOGISTIK,7,ON SCHEDULE,39,0,16.04.2026,07.03.2026,26.03.2026,07.05.2026,08.05.2026,18.05.2026,18.05.2026,,A001,WH AHI JABABEKA
R100260306T045_A001,CONT-20,19500000,0,0,0,0,0,19500000,A001 - WH AHI JABABEKA,PT. PAUS BIRU LOGISTIK,7,ON SCHEDULE,39,0,16.04.2026,07.03.2026,26.03.2026,07.05.2026,08.05.2026,18.05.2026,18.05.2026,,A001,WH AHI JABABEKA
R100260307L034_A001,FUSO,12500000,0,0,0,350000,0,12850000,A001 - WH AHI JABABEKA,PT.DHANESWARA EXPRES,7,ON SCHEDULE,31,0,08.04.2026,07.03.2026,11.03.2026,30.03.2026,30.03.2026,02.04.2026,06.04.2026,,A001,WH AHI JABABEKA
R100260307L036_A001,CONT-20,22700000,0,0,0,0,0,22700000,A001 - WH AHI JABABEKA,PT. TPIL LOGISTICS,7,ON SCHEDULE,49,0,30.04.2026,11.03.2026,29.03.2026,26.05.2026,26.05.2026,17.06.2026,17.06.2026,,A001,WH AHI JABABEKA
R100260307L037_A001,CONT-20,12000000,0,0,800000,0,0,12800000,A001 - WH AHI JABABEKA,PT. HAKKA HYDRO TIRTA,6,LATE,40,148,18.04.2026,08.03.2026,27.03.2026,21.05.2026,21.05.2026,22.07.2026,22.07.2026,,A001,WH AHI JABABEKA
R100260307L038_A001,CDD LONG CHASSIS,1725000,0,0,0,0,0,1725000,A001 - WH AHI JABABEKA,PT. BINTANG SAMUDRA RAYA,7,ON SCHEDULE,27,0,04.04.2026,07.03.2026,08.03.2026,26.03.2026,26.03.2026,01.04.2026,02.04.2026,,A001,WH AHI JABABEKA
R100260307L039_A001,CDD LONG CHASSIS,2250000,0,0,0,0,0,2250000,A001 - WH AHI JABABEKA,PT. BINTANG SAMUDRA RAYA,7,ON SCHEDULE,28,0,14.04.2026,16.03.2026,17.03.2026,26.03.2026,26.03.2026,01.04.2026,02.04.2026,,A001,WH AHI JABABEKA
R100260307L068_A001,FUSO,12500000,0,350000,0,350000,0,13200000,A001 - WH AHI JABABEKA,PT.DHANESWARA EXPRES,7,ON SCHEDULE,31,0,09.04.2026,08.03.2026,11.03.2026,01.04.2026,01.04.2026,07.04.2026,07.04.2026,,A001,WH AHI JABABEKA
R100260307L069_A001,FUSO,15250000,0,0,0,250000,0,15500000,A001 - WH AHI JABABEKA,PT LOGISTIK CANGGIH INDONESIA,7,ON SCHEDULE,31,0,09.04.2026,08.03.2026,12.03.2026,25.03.2026,30.03.2026,30.03.2026,31.03.2026,,A001,WH AHI JABABEKA
R100260307L071_A001,CDD LONG CHASSIS,2850000,0,0,0,0,0,2850000,A001 - WH AHI JABABEKA,PT. BINTANG SAMUDRA RAYA,7,ON SCHEDULE,28,0,05.04.2026,07.03.2026,09.03.2026,26.03.2026,26.03.2026,01.04.2026,02.04.2026,,A001,WH AHI JABABEKA
R100260307L077_A001,CONT-20,25500000,0,0,0,0,0,25500000,A001 - WH AHI JABABEKA,PT. TPIL LOGISTICS,7,ON SCHEDULE,54,0,05.05.2026,11.03.2026,31.03.2026,04.06.2026,04.06.2026,25.06.2026,26.06.2026,,A001,WH AHI JABABEKA
R100260307L078_A001,CONT-20,19200000,0,0,0,0,0,19200000,A001 - WH AHI JABABEKA,PT. PAUS BIRU LOGISTIK,7,ON SCHEDULE,41,0,22.04.2026,11.03.2026,31.03.2026,07.05.2026,07.05.2026,04.06.2026,05.06.2026,,A001,WH AHI JABABEKA
R100260307L079_A001,CDD LONG CHASSIS,4900000,0,0,0,0,0,4900000,A001 - WH AHI JABABEKA,PT.ORANG KREATIF EKSIS,7,ON SCHEDULE,28,0,05.04.2026,07.03.2026,09.03.2026,13.03.2026,13.03.2026,07.04.2026,07.04.2026,,A001,WH AHI JABABEKA
R100260307L080_A001,CDD LONG CHASSIS,3100000,0,0,0,0,0,3100000,A001 - WH AHI JABABEKA,PT. BINTANG SAMUDRA RAYA,7,ON SCHEDULE,29,0,06.04.2026,07.03.2026,25.03.2026,30.03.2026,30.03.2026,14.04.2026,14.04.2026,,A001,WH AHI JABABEKA
R100260307L082_A001,CONT-20,17200000,0,0,1250000,0,0,18450000,A001 - WH AHI JABABEKA,PT. PAUS BIRU LOGISTIK,7,ON SCHEDULE,41,0,22.04.2026,11.03.2026,26.03.2026,04.05.2026,06.05.2026,22.06.2026,24.06.2026,,A001,WH AHI JABABEKA
R100260307L083_A001,CONT-20,13950000,0,0,0,0,0,13950000,A001 - WH AHI JABABEKA,PT. SENTOSAPRIMA ABADI,7,ON SCHEDULE,39,0,21.04.2026,12.03.2026,26.03.2026,11.05.2026,11.05.2026,18.05.2026,18.05.2026,,A001,WH AHI JABABEKA
R100260307L084_A001,CONT-20,12000000,0,0,800000,0,0,12800000,A001 - WH AHI JABABEKA,PT. HAKKA HYDRO TIRTA,7,ON SCHEDULE,39,0,19.04.2026,10.03.2026,27.03.2026,21.05.2026,22.05.2026,05.06.2026,05.06.2026,,A001,WH AHI JABABEKA
R100260307T022_A001,CONT-40,25600000,0,0,0,0,0,25600000,A001 - WH AHI JABABEKA,PT. SENTOSAPRIMA ABADI,7,ON SCHEDULE,39,0,17.04.2026,08.03.2026,26.03.2026,06.05.2026,07.05.2026,08.05.2026,08.05.2026,,A001,WH AHI JABABEKA
R100260307T030_A001,CONT-40,8750000,0,0,0,0,0,8750000,A001 - WH AHI JABABEKA,PT. CIKARANG GERBANG SOLUSI,6,LATE,30,149,08.04.2026,08.03.2026,12.03.2026,21.07.2026,21.07.2026,21.07.2026,21.07.2026,,A001,WH AHI JABABEKA
R100260307T035_A001,CONT-40,8750000,0,0,0,0,0,8750000,A001 - WH AHI JABABEKA,PT. CIKARANG GERBANG SOLUSI,2,LATE,10,143,24.03.2026,13.03.2026,17.03.2026,,,,,,A001,WH AHI JABABEKA
R100260307T036_A001,CONT-40,8750000,0,0,0,0,0,8750000,A001 - WH AHI JABABEKA,PT. CIKARANG GERBANG SOLUSI,2,LATE,10,140,27.03.2026,16.03.2026,17.03.2026,,,,,,A001,WH AHI JABABEKA
R100260307T037_A001,CONT-40,8750000,0,0,0,0,0,8750000,A001 - WH AHI JABABEKA,PT. CIKARANG GERBANG SOLUSI,6,LATE,30,149,08.04.2026,08.03.2026,12.03.2026,21.07.2026,21.07.2026,21.07.2026,21.07.2026,,A001,WH AHI JABABEKA
R100260307T038_A001,CONT-40,8750000,0,0,0,0,0,8750000,A001 - WH AHI JABABEKA,PT. CIKARANG GERBANG SOLUSI,6,LATE,30,149,08.04.2026,08.03.2026,12.03.2026,21.07.2026,21.07.2026,21.07.2026,21.07.2026,,A001,WH AHI JABABEKA
R100260307T039_A001,WINGBOX,6200000,0,0,0,0,0,6200000,A001 - WH AHI JABABEKA,PT. SATRIA PIRANTI PERKASA,7,ON SCHEDULE,54,0,03.05.2026,09.03.2026,28.03.2026,08.04.2026,08.04.2026,16.04.2026,16.04.2026,,A001,WH AHI JABABEKA
R100260307T041_A001,CONT-40,25600000,0,0,0,0,0,25600000,A001 - WH AHI JABABEKA,PT. SENTOSAPRIMA ABADI,7,ON SCHEDULE,39,0,17.04.2026,08.03.2026,26.03.2026,06.05.2026,07.05.2026,08.05.2026,08.05.2026,,A001,WH AHI JABABEKA
R100260307T042_A001,CONT-40,8750000,0,0,0,0,0,8750000,A001 - WH AHI JABABEKA,PT. CIKARANG GERBANG SOLUSI,6,LATE,30,149,08.04.2026,08.03.2026,12.03.2026,21.07.2026,21.07.2026,21.07.2026,21.07.2026,,A001,WH AHI JABABEKA
R100260308L012_A001,CDD LONG CHASSIS,2250000,0,0,0,0,0,2250000,A001 - WH AHI JABABEKA,PT. BINTANG SAMUDRA RAYA,7,ON SCHEDULE,28,0,07.04.2026,09.03.2026,11.03.2026,26.03.2026,26.03.2026,02.04.2026,06.04.2026,,A001,WH AHI JABABEKA
R100260308L014_A001,CDD LONG CHASSIS,2000000,0,0,0,0,0,2000000,A001 - WH AHI JABABEKA,PT. ANTAR JARINGAN SEPANJANG JALAN,7,ON SCHEDULE,27,0,06.04.2026,09.03.2026,10.03.2026,10.03.2026,11.03.2026,12.03.2026,12.03.2026,,A001,WH AHI JABABEKA
R100260308L015_A001,CONT-20,20800000,0,0,0,0,0,20800000,A001 - WH AHI JABABEKA,PT. PAUS BIRU LOGISTIK,7,ON SCHEDULE,43,0,26.04.2026,13.03.2026,29.03.2026,11.05.2026,11.05.2026,21.05.2026,25.05.2026,,A001,WH AHI JABABEKA
R100260308L016_A001,CONT-20,27000000,0,0,0,0,0,27000000,A001 - WH AHI JABABEKA,PT. TPIL LOGISTICS,7,ON SCHEDULE,47,0,28.04.2026,11.03.2026,16.04.2026,27.04.2026,28.04.2026,24.06.2026,26.06.2026,,A001,WH AHI JABABEKA
R100260308L018_A001,CDD LONG CHASSIS,2300000,0,0,0,0,0,2300000,A001 - WH AHI JABABEKA,PT. ANTAR JARINGAN SEPANJANG JALAN,7,ON SCHEDULE,28,0,06.04.2026,08.03.2026,09.03.2026,10.03.2026,11.03.2026,12.03.2026,12.03.2026,,A001,WH AHI JABABEKA
R100260308L019_A001,CONT-20,12000000,0,0,800000,0,0,12800000,A001 - WH AHI JABABEKA,PT. HAKKA HYDRO TIRTA,7,ON SCHEDULE,39,0,20.04.2026,11.03.2026,27.03.2026,21.05.2026,22.05.2026,05.06.2026,05.06.2026,,A001,WH AHI JABABEKA
R100260308L020_A001,CDD LONG CHASSIS,1800000,0,0,0,0,0,1800000,A001 - WH AHI JABABEKA,PT. ANTAR JARINGAN SEPANJANG JALAN,7,ON SCHEDULE,28,0,06.04.2026,08.03.2026,09.03.2026,10.03.2026,11.03.2026,12.03.2026,12.03.2026,,A001,WH AHI JABABEKA
R100260308L021_A001,CDD LONG CHASSIS,2000000,0,0,0,0,0,2000000,A001 - WH AHI JABABEKA,PT. ANTAR JARINGAN SEPANJANG JALAN,7,ON SCHEDULE,27,0,05.04.2026,08.03.2026,09.03.2026,10.03.2026,11.03.2026,12.03.2026,12.03.2026,,A001,WH AHI JABABEKA
R100260308L022_A001,CDD LONG CHASSIS,1700000,0,0,0,0,0,1700000,A001 - WH AHI JABABEKA,PT. ANTAR JARINGAN SEPANJANG JALAN,7,ON SCHEDULE,28,0,06.04.2026,08.03.2026,09.03.2026,10.03.2026,11.03.2026,12.03.2026,12.03.2026,,A001,WH AHI JABABEKA
R100260308L025_A001,CDD LONG CHASSIS,1700000,0,0,0,0,0,1700000,A001 - WH AHI JABABEKA,PT. ANTAR JARINGAN SEPANJANG JALAN,7,ON SCHEDULE,28,0,06.04.2026,08.03.2026,09.03.2026,10.03.2026,11.03.2026,12.03.2026,12.03.2026,,A001,WH AHI JABABEKA
R100260308L031_A001,CDD LONG CHASSIS,2250000,0,0,0,0,0,2250000,A001 - WH AHI JABABEKA,PT. BINTANG SAMUDRA RAYA,7,ON SCHEDULE,28,0,08.04.2026,10.03.2026,11.03.2026,26.03.2026,26.03.2026,02.04.2026,06.04.2026,,A001,WH AHI JABABEKA
R100260308L033_A001,CDD LONG CHASSIS,1750000,0,0,0,0,0,1750000,A001 - WH AHI JABABEKA,PT. CATUR GLOBAL LOGISTIK,7,ON SCHEDULE,26,0,04.04.2026,08.03.2026,09.03.2026,30.03.2026,30.03.2026,09.04.2026,09.04.2026,,A001,WH AHI JABABEKA
R100260308L036_A001,FUSO,5900000,0,0,0,200000,0,6100000,A001 - WH AHI JABABEKA,PT. SATRIA PIRANTI PERKASA,7,ON SCHEDULE,30,0,11.04.2026,11.03.2026,14.03.2026,08.04.2026,08.04.2026,16.04.2026,16.04.2026,,A001,WH AHI JABABEKA
R100260308L037_A001,WINGBOX,6000000,0,0,0,500000,0,6500000,A001 - WH AHI JABABEKA,PT.AMANAH TRANSMULIA MANDIRI LOGISTIK,7,ON SCHEDULE,30,0,09.04.2026,09.03.2026,11.03.2026,25.03.2026,25.03.2026,27.03.2026,27.03.2026,,A001,WH AHI JABABEKA
R100260308T001_A001,CONT-20,3900000,0,0,0,0,0,3900000,A001 - WH AHI JABABEKA,PT. JATIM PETROLEUM TRANSPORT,7,ON SCHEDULE,30,0,09.04.2026,09.03.2026,28.03.2026,08.04.2026,08.04.2026,07.05.2026,07.05.2026,,A001,WH AHI JABABEKA
R100260308T013_A001,CONT-20,3900000,0,0,0,0,0,3900000,A001 - WH AHI JABABEKA,PT. JATIM PETROLEUM TRANSPORT,7,ON SCHEDULE,30,0,08.04.2026,08.03.2026,12.03.2026,31.03.2026,31.03.2026,17.04.2026,17.04.2026,,A001,WH AHI JABABEKA
R100260308T014_A001,CONT-20,3900000,0,0,0,0,0,3900000,A001 - WH AHI JABABEKA,PT. JATIM PETROLEUM TRANSPORT,7,ON SCHEDULE,30,0,08.04.2026,08.03.2026,12.03.2026,31.03.2026,31.03.2026,17.04.2026,17.04.2026,,A001,WH AHI JABABEKA
R100260308T015_A001,CONT-20,3900000,0,0,0,0,0,3900000,A001 - WH AHI JABABEKA,PT. JATIM PETROLEUM TRANSPORT,7,ON SCHEDULE,30,0,09.04.2026,09.03.2026,28.03.2026,08.04.2026,08.04.2026,07.05.2026,07.05.2026,,A001,WH AHI JABABEKA
R100260308T016_A001,CONT-20,3900000,0,0,0,0,0,3900000,A001 - WH AHI JABABEKA,PT. JATIM PETROLEUM TRANSPORT,7,ON SCHEDULE,30,0,09.04.2026,09.03.2026,14.03.2026,31.03.2026,31.03.2026,17.04.2026,17.04.2026,,A001,WH AHI JABABEKA
R100260308T017_A001,CONT-40,25600000,0,0,0,0,0,25600000,A001 - WH AHI JABABEKA,PT. SENTOSAPRIMA ABADI,7,ON SCHEDULE,39,0,19.04.2026,10.03.2026,26.03.2026,06.05.2026,07.05.2026,08.05.2026,08.05.2026,,A001,WH AHI JABABEKA
R100260308T018_A001,CONT-40,25600000,0,0,0,0,0,25600000,A001 - WH AHI JABABEKA,PT. SENTOSAPRIMA ABADI,7,ON SCHEDULE,39,0,19.04.2026,10.03.2026,26.03.2026,06.05.2026,07.05.2026,08.05.2026,08.05.2026,,A001,WH AHI JABABEKA
R100260308T019_A001,CONT-20,13950000,0,0,0,0,0,13950000,A001 - WH AHI JABABEKA,PT. SENTOSAPRIMA ABADI,7,ON SCHEDULE,41,0,23.04.2026,12.03.2026,26.03.2026,11.05.2026,11.05.2026,18.05.2026,18.05.2026,,A001,WH AHI JABABEKA
R100260308T020_A001,CONT-20,14700000,0,0,0,0,0,14700000,A001 - WH AHI JABABEKA,PT. WIDYA TRANS CARGO,7,ON SCHEDULE,41,0,26.04.2026,15.03.2026,27.03.2026,20.04.2026,20.04.2026,24.04.2026,24.04.2026,,A001,WH AHI JABABEKA
R100260308T021_A001,CONT-40,8750000,0,0,0,0,0,8750000,A001 - WH AHI JABABEKA,PT. CIKARANG GERBANG SOLUSI,2,LATE,10,147,20.03.2026,09.03.2026,14.03.2026,,,,,,A001,WH AHI JABABEKA
R100260308T023_A001,CONT-40,0,0,0,0,0,0,0,A001 - WH AHI JABABEKA,PT. CIKARANG GERBANG SOLUSI,2,LATE,10,142,26.03.2026,15.03.2026,26.03.2026,,,,,,A001,WH AHI JABABEKA
R100260308T024_A001,CONT-40,0,0,0,0,0,0,0,A001 - WH AHI JABABEKA,PT. CIKARANG GERBANG SOLUSI,2,LATE,10,148,20.03.2026,09.03.2026,17.03.2026,,,,,,A001,WH AHI JABABEKA
R100260308T045_A001,CONT-20,3900000,0,0,0,0,0,3900000,A001 - WH AHI JABABEKA,PT. JATIM PETROLEUM TRANSPORT,7,ON SCHEDULE,30,0,09.04.2026,09.03.2026,28.03.2026,08.04.2026,08.04.2026,07.05.2026,07.05.2026,,A001,WH AHI JABABEKA
R100260308T046_A001,CONT-20,3900000,0,0,0,0,0,3900000,A001 - WH AHI JABABEKA,PT. JATIM PETROLEUM TRANSPORT,7,ON SCHEDULE,30,0,09.04.2026,09.03.2026,28.03.2026,31.03.2026,31.03.2026,07.05.2026,07.05.2026,,A001,WH AHI JABABEKA
R100260308T047_A001,CONT-20,3900000,0,0,0,0,0,3900000,A001 - WH AHI JABABEKA,PT. JATIM PETROLEUM TRANSPORT,7,ON SCHEDULE,30,0,16.04.2026,16.03.2026,28.03.2026,08.04.2026,08.04.2026,17.04.2026,17.04.2026,,A001,WH AHI JABABEKA
R100260308T048_A001,CONT-20,3900000,0,0,0,0,0,3900000,A001 - WH AHI JABABEKA,PT. JATIM PETROLEUM TRANSPORT,7,ON SCHEDULE,30,0,11.04.2026,11.03.2026,28.03.2026,08.04.2026,08.04.2026,17.04.2026,17.04.2026,,A001,WH AHI JABABEKA
R100260309B006_A001,FUSO,6800000,0,350000,150000,0,0,7300000,A001 - WH AHI JABABEKA,PT.DHANESWARA EXPRES,7,ON SCHEDULE,31,0,10.04.2026,09.03.2026,,12.05.2026,13.05.2026,18.05.2026,18.05.2026,,A001,WH AHI JABABEKA
R100260309B007_A001,CDD LONG CHASSIS,5750000,0,0,0,0,0,5750000,A001 - WH AHI JABABEKA,PT. DUTA LINTAS NUSA,7,ON SCHEDULE,26,0,06.04.2026,10.03.2026,17.03.2026,30.03.2026,30.03.2026,15.04.2026,21.04.2026,,A001,WH AHI JABABEKA
R100260309B009_A001,CDD LONG CHASSIS,5450000,0,0,0,0,0,5450000,A001 - WH AHI JABABEKA,PT. BINTANG SAMUDRA RAYA,7,ON SCHEDULE,31,0,11.04.2026,10.03.2026,14.03.2026,21.04.2026,23.04.2026,23.04.2026,23.04.2026,,A001,WH AHI JABABEKA
R100260309L012_A001,CONT-20,21400000,0,0,1250000,0,1500000,24150000,A001 - WH AHI JABABEKA,PT. PAUS BIRU LOGISTIK,7,ON SCHEDULE,46,0,30.04.2026,14.03.2026,27.03.2026,11.05.2026,12.05.2026,18.05.2026,20.05.2026,,A001,WH AHI JABABEKA
R100260309L013_A001,WINGBOX,19000000,0,0,0,0,0,19000000,A001 - WH AHI JABABEKA,PT. BINTANG SAMUDRA RAYA,7,ON SCHEDULE,40,0,21.04.2026,11.03.2026,16.03.2026,30.03.2026,30.03.2026,02.04.2026,06.04.2026,,A001,WH AHI JABABEKA
R100260309L014_A001,CDD LONG CHASSIS,12400000,0,0,0,0,1000000,13400000,A001 - WH AHI JABABEKA,PT.ORANG KREATIF EKSIS,7,ON SCHEDULE,41,0,09.05.2026,28.03.2026,28.03.2026,09.04.2026,10.04.2026,17.04.2026,17.04.2026,,A001,WH AHI JABABEKA
R100260309L014_A001,CDD LONG CHASSIS,12400000,0,0,0,0,1000000,13400000,A001 - WH AHI JABABEKA,PT.ORANG KREATIF EKSIS,7,ON SCHEDULE,41,0,09.05.2026,28.03.2026,28.03.2026,09.04.2026,10.04.2026,17.04.2026,17.04.2026,,A001,WH AHI JABABEKA
R100260309L015_A001,FUSO,19550000,0,0,0,0,1000000,20550000,A001 - WH AHI JABABEKA,PT. DUTA LINTAS NUSA,7,ON SCHEDULE,39,0,07.05.2026,28.03.2026,24.04.2026,24.04.2026,24.04.2026,05.05.2026,05.05.2026,,A001,WH AHI JABABEKA
R100260309L016_A001,FUSO,14750000,0,0,0,200000,0,14950000,A001 - WH AHI JABABEKA,PT. SATRIA PIRANTI PERKASA,7,ON SCHEDULE,41,0,21.04.2026,10.03.2026,14.03.2026,10.04.2026,11.04.2026,17.04.2026,23.04.2026,,A001,WH AHI JABABEKA
R100260309L017_A001,FUSO,14750000,0,0,0,400000,0,15150000,A001 - WH AHI JABABEKA,PT. SATRIA PIRANTI PERKASA,7,ON SCHEDULE,30,0,10.04.2026,10.03.2026,14.03.2026,08.04.2026,08.04.2026,16.04.2026,16.04.2026,,A001,WH AHI JABABEKA
R100260309L018_A001,CDD LONG CHASSIS,4900000,0,0,0,0,0,4900000,A001 - WH AHI JABABEKA,PT.ORANG KREATIF EKSIS,7,ON SCHEDULE,28,0,07.04.2026,09.03.2026,11.03.2026,30.03.2026,30.03.2026,15.04.2026,15.04.2026,,A001,WH AHI JABABEKA
R100260309L020_A001,CDD LONG CHASSIS,3600000,0,0,0,0,0,3600000,A001 - WH AHI JABABEKA,PT. BINTANG SAMUDRA RAYA,7,ON SCHEDULE,28,0,08.04.2026,10.03.2026,25.03.2026,26.03.2026,26.03.2026,21.04.2026,13.07.2026,,A001,WH AHI JABABEKA
R100260309L022_A001,CDD LONG CHASSIS,3500000,0,0,0,0,0,3500000,A001 - WH AHI JABABEKA,PT. CEHA LOGISTIK CEMERLANG,7,ON SCHEDULE,28,0,08.04.2026,10.03.2026,12.03.2026,13.03.2026,13.03.2026,13.03.2026,13.03.2026,,A001,WH AHI JABABEKA
R100260309L023_A001,CDD LONG CHASSIS,3800000,0,0,0,400000,700000,4900000,A001 - WH AHI JABABEKA,PT. BINTANG SAMUDRA RAYA,7,ON SCHEDULE,28,0,11.04.2026,13.03.2026,16.03.2026,17.04.2026,17.04.2026,22.04.2026,11.05.2026,,A001,WH AHI JABABEKA
R100260309L023_A001,CDD LONG CHASSIS,3800000,0,0,0,400000,700000,4900000,A001 - WH AHI JABABEKA,PT. BINTANG SAMUDRA RAYA,7,ON SCHEDULE,28,0,11.04.2026,13.03.2026,16.03.2026,17.04.2026,17.04.2026,22.04.2026,11.05.2026,,A001,WH AHI JABABEKA
R100260309L023_A001,CDD LONG CHASSIS,3800000,0,0,0,400000,700000,4900000,A001 - WH AHI JABABEKA,PT. BINTANG SAMUDRA RAYA,7,ON SCHEDULE,28,0,11.04.2026,13.03.2026,16.03.2026,17.04.2026,17.04.2026,22.04.2026,11.05.2026,,A001,WH AHI JABABEKA
R100260309L064_A001,CDD LONG CHASSIS,3500000,0,0,0,0,0,3500000,A001 - WH AHI JABABEKA,PT. CEHA LOGISTIK CEMERLANG,7,ON SCHEDULE,28,0,09.04.2026,11.03.2026,14.03.2026,30.03.2026,30.03.2026,06.04.2026,16.04.2026,,A001,WH AHI JABABEKA
R100260309L065_A001,CDD LONG CHASSIS,3900000,0,0,0,400000,0,4300000,A001 - WH AHI JABABEKA,PT. BINTANG SAMUDRA RAYA,7,ON SCHEDULE,28,0,08.04.2026,10.03.2026,12.03.2026,16.04.2026,16.04.2026,17.04.2026,17.04.2026,,A001,WH AHI JABABEKA
R100260309L066_A001,CDD LONG CHASSIS,3100000,0,0,0,0,0,3100000,A001 - WH AHI JABABEKA,PT. BINTANG SAMUDRA RAYA,7,ON SCHEDULE,29,0,09.04.2026,10.03.2026,12.03.2026,26.03.2026,26.03.2026,02.04.2026,06.04.2026,,A001,WH AHI JABABEKA
R100260309L067_A001,WINGBOX,10700000,0,0,0,600000,0,11300000,A001 - WH AHI JABABEKA,PT. BINTANG SAMUDRA RAYA,7,ON SCHEDULE,31,0,11.04.2026,10.03.2026,14.03.2026,08.04.2026,10.04.2026,10.04.2026,10.04.2026,,A001,WH AHI JABABEKA
R100260309L068_A001,CONT-20,18300000,0,0,0,0,0,18300000,A001 - WH AHI JABABEKA,PT. SENTOSAPRIMA ABADI,7,ON SCHEDULE,41,0,21.04.2026,10.03.2026,28.03.2026,19.05.2026,20.05.2026,26.05.2026,18.06.2026,,A001,WH AHI JABABEKA
R100260309L069_A001,CONT-20,19200000,0,0,0,0,0,19200000,A001 - WH AHI JABABEKA,PT. PAUS BIRU LOGISTIK,7,ON SCHEDULE,41,0,21.04.2026,10.03.2026,31.03.2026,07.05.2026,07.05.2026,04.06.2026,05.06.2026,,A001,WH AHI JABABEKA
R100260309L070_A001,CONT-20,16000000,0,0,0,0,0,16000000,A001 - WH AHI JABABEKA,PT. MITRA INTERTRANS FORWARDING,7,ON SCHEDULE,52,0,06.05.2026,14.03.2026,16.04.2026,29.04.2026,29.04.2026,29.04.2026,29.04.2026,,A001,WH AHI JABABEKA
R100260309T001_A001,CONT-40,8500000,0,0,0,0,0,8500000,A001 - WH AHI JABABEKA,PT. DINOYO PUTRA MANDIRI,7,ON SCHEDULE,30,0,10.04.2026,10.03.2026,14.03.2026,30.03.2026,30.03.2026,02.04.2026,02.04.2026,,A001,WH AHI JABABEKA
R100260309T002_A001,CONT-40,0,0,0,0,0,0,0,A001 - WH AHI JABABEKA,PT. CIKARANG GERBANG SOLUSI,2,LATE,10,146,21.03.2026,10.03.2026,17.03.2026,02.06.2026,03.06.2026,,,,A001,WH AHI JABABEKA
R100260309T003_A001,CONT-40,0,0,0,0,0,0,0,A001 - WH AHI JABABEKA,PT. CIKARANG GERBANG SOLUSI,2,LATE,10,146,22.03.2026,11.03.2026,17.03.2026,02.06.2026,03.06.2026,,,,A001,WH AHI JABABEKA
R100260309T004_A001,CONT-40,0,0,0,0,0,0,0,A001 - WH AHI JABABEKA,PT. CIKARANG GERBANG SOLUSI,2,LATE,10,146,22.03.2026,11.03.2026,17.03.2026,02.06.2026,03.06.2026,,,,A001,WH AHI JABABEKA
R100260309T005_A001,CONT-20,15000000,0,0,0,0,0,15000000,A001 - WH AHI JABABEKA,PT. PRIMA GLOBALINDO LOGISTIK,7,ON SCHEDULE,39,0,21.04.2026,12.03.2026,04.04.2026,07.05.2026,07.05.2026,20.05.2026,29.05.2026,,A001,WH AHI JABABEKA
R100260309T006_A001,CONT-20,15000000,0,0,0,0,0,15000000,A001 - WH AHI JABABEKA,PT. PRIMA GLOBALINDO LOGISTIK,7,ON SCHEDULE,39,0,20.04.2026,11.03.2026,04.04.2026,07.05.2026,07.05.2026,25.05.2026,25.05.2026,,A001,WH AHI JABABEKA
R100260309T007_A001,CONT-40,25600000,0,0,0,0,0,25600000,A001 - WH AHI JABABEKA,PT. SENTOSAPRIMA ABADI,7,ON SCHEDULE,39,0,21.04.2026,12.03.2026,29.03.2026,12.05.2026,12.05.2026,18.05.2026,18.05.2026,,A001,WH AHI JABABEKA
R100260309T008_A001,WINGBOX,24000000,0,0,0,0,0,24000000,A001 - WH AHI JABABEKA,PT. CITRA SENTRAL EKSPRES,7,ON SCHEDULE,39,0,18.04.2026,09.03.2026,16.03.2026,16.04.2026,17.04.2026,17.04.2026,17.04.2026,,A001,WH AHI JABABEKA
R100260309T009_A001,WINGBOX,5600000,0,0,0,0,0,5600000,A001 - WH AHI JABABEKA,PT. BINTANG SAMUDRA RAYA,7,ON SCHEDULE,30,0,09.04.2026,09.03.2026,12.03.2026,26.03.2026,26.03.2026,02.04.2026,06.04.2026,,A001,WH AHI JABABEKA
R100260309T010_A001,WINGBOX,5600000,0,0,0,0,0,5600000,A001 - WH AHI JABABEKA,PT. BINTANG SAMUDRA RAYA,7,ON SCHEDULE,30,0,10.04.2026,10.03.2026,14.03.2026,26.03.2026,26.03.2026,19.05.2026,19.05.2026,,A001,WH AHI JABABEKA
R100260309T012_A001,CONT-40,0,0,0,0,0,0,0,A001 - WH AHI JABABEKA,PT. CIKARANG GERBANG SOLUSI,2,LATE,10,145,22.03.2026,11.03.2026,17.03.2026,02.06.2026,03.06.2026,,,,A001,WH AHI JABABEKA
R100260309T018_A001,WINGBOX,5650000,0,0,0,0,0,5650000,A001 - WH AHI JABABEKA,PT. DUTA MEDIA MANDIRI,7,ON SCHEDULE,30,0,10.04.2026,10.03.2026,14.03.2026,26.03.2026,26.03.2026,27.03.2026,27.03.2026,,A001,WH AHI JABABEKA
R100260310L047_A001,CDD LONG CHASSIS,3500000,0,0,0,0,0,3500000,A001 - WH AHI JABABEKA,PT. CEHA LOGISTIK CEMERLANG,7,ON SCHEDULE,28,0,08.04.2026,10.03.2026,12.03.2026,13.03.2026,13.03.2026,06.04.2026,16.04.2026,,A001,WH AHI JABABEKA
R100260310L048_A001,CDD LONG CHASSIS,3500000,0,0,0,0,0,3500000,A001 - WH AHI JABABEKA,PT. CEHA LOGISTIK CEMERLANG,7,ON SCHEDULE,28,0,08.04.2026,10.03.2026,12.03.2026,13.03.2026,13.03.2026,06.04.2026,16.04.2026,,A001,WH AHI JABABEKA
R100260310L049_A001,CDD LONG CHASSIS,2350000,0,0,0,0,0,2350000,A001 - WH AHI JABABEKA,PT. BINTANG SAMUDRA RAYA,7,ON SCHEDULE,28,0,08.04.2026,10.03.2026,12.03.2026,26.03.2026,26.03.2026,02.04.2026,06.04.2026,,A001,WH AHI JABABEKA
R100260310L050_A001,CDD LONG CHASSIS,3900000,0,0,0,500000,0,4400000,A001 - WH AHI JABABEKA,PT. CEHA LOGISTIK CEMERLANG,7,ON SCHEDULE,28,0,08.04.2026,10.03.2026,12.03.2026,30.03.2026,30.03.2026,06.04.2026,16.04.2026,,A001,WH AHI JABABEKA
R100260310L051_A001,CDD LONG CHASSIS,2850000,0,0,0,0,0,2850000,A001 - WH AHI JABABEKA,PT. BINTANG SAMUDRA RAYA,7,ON SCHEDULE,28,0,08.04.2026,10.03.2026,12.03.2026,26.03.2026,26.03.2026,02.04.2026,06.04.2026,,A001,WH AHI JABABEKA
R100260310L058_A001,WINGBOX,14750000,0,0,0,300000,0,15050000,A001 - WH AHI JABABEKA,PT. SATRIA PIRANTI PERKASA,7,ON SCHEDULE,31,0,27.04.2026,26.03.2026,28.03.2026,17.04.2026,17.04.2026,20.04.2026,20.04.2026,,A001,WH AHI JABABEKA
R100260310L060_A001,WINGBOX,6000000,0,0,0,0,0,6000000,A001 - WH AHI JABABEKA,PT.AMANAH TRANSMULIA MANDIRI LOGISTIK,7,ON SCHEDULE,30,0,12.04.2026,12.03.2026,15.03.2026,25.03.2026,26.03.2026,27.03.2026,27.03.2026,,A001,WH AHI JABABEKA
R100260310L063_A001,FUSO,12500000,0,0,0,350000,0,12850000,A001 - WH AHI JABABEKA,PT.DHANESWARA EXPRES,7,ON SCHEDULE,31,0,12.04.2026,11.03.2026,15.03.2026,30.03.2026,30.03.2026,02.04.2026,06.04.2026,,A001,WH AHI JABABEKA
R100260310L076_A001,CDD LONG CHASSIS,3900000,0,0,0,250000,0,4150000,A001 - WH AHI JABABEKA,PT. CEHA LOGISTIK CEMERLANG,7,ON SCHEDULE,28,0,09.04.2026,11.03.2026,14.03.2026,30.03.2026,30.03.2026,06.04.2026,16.04.2026,,A001,WH AHI JABABEKA
R100260310L078_A001,CDD LONG CHASSIS,3900000,0,0,0,250000,0,4150000,A001 - WH AHI JABABEKA,PT. CEHA LOGISTIK CEMERLANG,7,ON SCHEDULE,28,0,09.04.2026,11.03.2026,14.03.2026,30.03.2026,30.03.2026,06.04.2026,16.04.2026,,A001,WH AHI JABABEKA
R100260310L079_A001,CDD LONG CHASSIS,3500000,0,0,0,500000,1800000,5800000,A001 - WH AHI JABABEKA,PT. CEHA LOGISTIK CEMERLANG,7,ON SCHEDULE,28,0,16.04.2026,18.03.2026,25.03.2026,30.03.2026,31.03.2026,06.04.2026,06.04.2026,,A001,WH AHI JABABEKA
R100260310L081_A001,CDD LONG CHASSIS,3100000,0,0,0,0,0,3100000,A001 - WH AHI JABABEKA,PT. BINTANG SAMUDRA RAYA,7,ON SCHEDULE,29,0,10.04.2026,11.03.2026,14.03.2026,26.03.2026,26.03.2026,02.04.2026,06.04.2026,,A001,WH AHI JABABEKA
R100260310L089_A001,CONT-20,27000000,0,0,0,0,800000,27800000,A001 - WH AHI JABABEKA,PT. TPIL LOGISTICS,7,ON SCHEDULE,47,0,01.05.2026,14.03.2026,16.04.2026,05.06.2026,05.06.2026,24.06.2026,26.06.2026,,A001,WH AHI JABABEKA
R100260310L089_A001,CONT-20,27000000,0,0,0,0,800000,27800000,A001 - WH AHI JABABEKA,PT. TPIL LOGISTICS,7,ON SCHEDULE,47,0,01.05.2026,14.03.2026,16.04.2026,05.06.2026,05.06.2026,24.06.2026,26.06.2026,,A001,WH AHI JABABEKA
R100260310L090_A001,CONT-20,19200000,0,0,0,0,0,19200000,A001 - WH AHI JABABEKA,PT. PAUS BIRU LOGISTIK,7,ON SCHEDULE,41,0,24.04.2026,13.03.2026,31.03.2026,07.05.2026,08.05.2026,18.05.2026,08.06.2026,,A001,WH AHI JABABEKA
R100260310L091_A001,CONT-20,16600000,0,0,0,0,800000,17400000,A001 - WH AHI JABABEKA,PT. TPIL LOGISTICS,7,ON SCHEDULE,43,0,27.04.2026,14.03.2026,26.03.2026,22.06.2026,22.06.2026,25.06.2026,25.06.2026,,A001,WH AHI JABABEKA
R100260310L091_A001,CONT-20,16600000,0,0,0,0,800000,17400000,A001 - WH AHI JABABEKA,PT. TPIL LOGISTICS,7,ON SCHEDULE,43,0,27.04.2026,14.03.2026,26.03.2026,22.06.2026,22.06.2026,25.06.2026,25.06.2026,,A001,WH AHI JABABEKA
R100260310L092_A001,CDD LONG CHASSIS,4900000,0,0,0,150000,0,5050000,A001 - WH AHI JABABEKA,PT.ORANG KREATIF EKSIS,7,ON SCHEDULE,28,0,09.04.2026,11.03.2026,14.03.2026,30.03.2026,30.03.2026,15.04.2026,15.04.2026,,A001,WH AHI JABABEKA
R100260310L093_A001,FUSO,14950000,0,0,0,0,1000000,15950000,A001 - WH AHI JABABEKA,PT. DUTA LINTAS NUSA,7,ON SCHEDULE,41,0,05.05.2026,24.03.2026,28.03.2026,24.04.2026,24.04.2026,05.05.2026,05.05.2026,,A001,WH AHI JABABEKA
R100260310T003_A001,CONT-40,0,0,0,0,0,0,0,A001 - WH AHI JABABEKA,PT. CIKARANG GERBANG SOLUSI,2,LATE,10,142,26.03.2026,15.03.2026,26.03.2026,02.06.2026,03.06.2026,,,,A001,WH AHI JABABEKA
R100260310T004_A001,WINGBOX,5600000,0,0,0,0,900000,6500000,A001 - WH AHI JABABEKA,PT. BINTANG SAMUDRA RAYA,7,ON SCHEDULE,30,0,26.04.2026,26.03.2026,29.03.2026,16.04.2026,16.04.2026,17.04.2026,17.04.2026,,A001,WH AHI JABABEKA
R100260310T004_A001,WINGBOX,5600000,0,0,0,0,900000,6500000,A001 - WH AHI JABABEKA,PT. BINTANG SAMUDRA RAYA,7,ON SCHEDULE,30,0,26.04.2026,26.03.2026,29.03.2026,16.04.2026,16.04.2026,17.04.2026,17.04.2026,,A001,WH AHI JABABEKA
R100260310T004_A001,WINGBOX,5600000,0,0,0,0,900000,6500000,A001 - WH AHI JABABEKA,PT. BINTANG SAMUDRA RAYA,7,ON SCHEDULE,30,0,26.04.2026,26.03.2026,29.03.2026,16.04.2026,16.04.2026,17.04.2026,17.04.2026,,A001,WH AHI JABABEKA
R100260310T005_A001,WINGBOX,5600000,0,0,0,0,900000,6500000,A001 - WH AHI JABABEKA,PT. BINTANG SAMUDRA RAYA,7,ON SCHEDULE,30,0,26.04.2026,26.03.2026,29.03.2026,15.04.2026,15.04.2026,15.04.2026,15.04.2026,,A001,WH AHI JABABEKA
R100260310T005_A001,WINGBOX,5600000,0,0,0,0,900000,6500000,A001 - WH AHI JABABEKA,PT. BINTANG SAMUDRA RAYA,7,ON SCHEDULE,30,0,26.04.2026,26.03.2026,29.03.2026,15.04.2026,15.04.2026,15.04.2026,15.04.2026,,A001,WH AHI JABABEKA
R100260310T005_A001,WINGBOX,5600000,0,0,0,0,900000,6500000,A001 - WH AHI JABABEKA,PT. BINTANG SAMUDRA RAYA,7,ON SCHEDULE,30,0,26.04.2026,26.03.2026,29.03.2026,15.04.2026,15.04.2026,15.04.2026,15.04.2026,,A001,WH AHI JABABEKA
R100260310T006_A001,CONT-40,0,0,0,0,0,0,0,A001 - WH AHI JABABEKA,PT. CIKARANG GERBANG SOLUSI,2,LATE,10,146,21.03.2026,10.03.2026,17.03.2026,02.06.2026,03.06.2026,,,,A001,WH AHI JABABEKA
R100260310T007_A001,CONT-20,15000000,0,0,0,0,0,15000000,A001 - WH AHI JABABEKA,PT. PRIMA GLOBALINDO LOGISTIK,7,ON SCHEDULE,39,0,19.04.2026,10.03.2026,04.04.2026,07.05.2026,07.05.2026,20.05.2026,29.05.2026,,A001,WH AHI JABABEKA
R100260310T008_A001,CONT-40,23300000,0,0,0,0,0,23300000,A001 - WH AHI JABABEKA,PT. MITRA INTERTRANS FORWARDING,7,ON SCHEDULE,39,0,20.04.2026,11.03.2026,31.03.2026,03.06.2026,03.06.2026,03.06.2026,15.06.2026,,A001,WH AHI JABABEKA
R100260310T009_A001,WINGBOX,5600000,0,0,0,400000,0,6000000,A001 - WH AHI JABABEKA,PT. BINTANG SAMUDRA RAYA,7,ON SCHEDULE,30,0,11.04.2026,11.03.2026,14.03.2026,16.04.2026,16.04.2026,17.04.2026,17.04.2026,,A001,WH AHI JABABEKA
R100260310T044_A001,CONT-20,15000000,0,0,0,0,0,15000000,A001 - WH AHI JABABEKA,PT. PRIMA GLOBALINDO LOGISTIK,7,ON SCHEDULE,39,0,21.04.2026,12.03.2026,04.04.2026,07.05.2026,07.05.2026,25.05.2026,25.05.2026,,A001,WH AHI JABABEKA
R100260310T045_A001,CONT-20,15000000,0,0,0,0,0,15000000,A001 - WH AHI JABABEKA,PT. PRIMA GLOBALINDO LOGISTIK,7,ON SCHEDULE,39,0,20.04.2026,11.03.2026,04.04.2026,07.05.2026,07.05.2026,20.05.2026,29.05.2026,,A001,WH AHI JABABEKA
R100260310T046_A001,CONT-20,13900000,0,0,0,0,0,13900000,A001 - WH AHI JABABEKA,PT. MITRA INTERTRANS FORWARDING,7,ON SCHEDULE,39,0,22.04.2026,13.03.2026,04.04.2026,27.04.2026,28.04.2026,28.04.2026,28.04.2026,,A001,WH AHI JABABEKA
R100260310T047_A001,CONT-20,13900000,0,0,0,0,0,13900000,A001 - WH AHI JABABEKA,PT. MITRA INTERTRANS FORWARDING,7,ON SCHEDULE,39,0,22.04.2026,13.03.2026,04.04.2026,27.04.2026,28.04.2026,28.04.2026,28.04.2026,,A001,WH AHI JABABEKA
R100260310T048_A001,CONT-20,13800000,0,0,0,0,1750000,15550000,A001 - WH AHI JABABEKA,PT. SENTOSAPRIMA ABADI,7,ON SCHEDULE,39,0,20.04.2026,11.03.2026,26.03.2026,15.05.2026,17.05.2026,20.05.2026,20.05.2026,,A001,WH AHI JABABEKA
R100260311L021_A001,CONT-20,14600000,0,0,0,0,0,14600000,A001 - WH AHI JABABEKA,PT. MITRA INTERTRANS FORWARDING,7,ON SCHEDULE,38,0,20.04.2026,12.03.2026,28.03.2026,28.04.2026,28.04.2026,28.04.2026,28.04.2026,,A001,WH AHI JABABEKA
R100260311L043_A001,WINGBOX,19000000,0,0,0,0,0,19000000,A001 - WH AHI JABABEKA,PT. BINTANG SAMUDRA RAYA,7,ON SCHEDULE,39,0,04.05.2026,25.03.2026,30.03.2026,13.04.2026,13.04.2026,21.04.2026,13.07.2026,,A001,WH AHI JABABEKA
R100260311L044_A001,FUSO,12500000,0,0,0,0,0,12500000,A001 - WH AHI JABABEKA,PT.DHANESWARA EXPRES,7,ON SCHEDULE,31,0,13.04.2026,12.03.2026,25.03.2026,30.03.2026,30.03.2026,02.04.2026,06.04.2026,,A001,WH AHI JABABEKA
R100260311L045_A001,CDD LONG CHASSIS,5800000,0,0,0,0,0,5800000,A001 - WH AHI JABABEKA,PT. AGUNG MAKMUR JAYA,7,ON SCHEDULE,28,0,11.04.2026,13.03.2026,16.03.2026,25.03.2026,25.03.2026,14.04.2026,14.04.2026,,A001,WH AHI JABABEKA
R100260311L046_A001,CDD LONG CHASSIS,11500000,0,0,0,0,750000,12250000,A001 - WH AHI JABABEKA,PT. DUTA LINTAS NUSA,7,ON SCHEDULE,40,0,25.04.2026,15.03.2026,25.03.2026,24.04.2026,24.04.2026,05.05.2026,05.05.2026,,A001,WH AHI JABABEKA
R100260311L048_A001,CDD LONG CHASSIS,3950000,0,0,0,0,0,3950000,A001 - WH AHI JABABEKA,PT. CEHA LOGISTIK CEMERLANG,7,ON SCHEDULE,28,0,10.04.2026,12.03.2026,14.03.2026,30.03.2026,30.03.2026,06.04.2026,16.04.2026,,A001,WH AHI JABABEKA
R100260311L053_A001,CDD LONG CHASSIS,3600000,0,0,0,0,0,3600000,A001 - WH AHI JABABEKA,PT. BINTANG SAMUDRA RAYA,7,ON SCHEDULE,28,0,10.04.2026,12.03.2026,14.03.2026,26.03.2026,26.03.2026,02.04.2026,06.04.2026,,A001,WH AHI JABABEKA
R100260311L054_A001,CDD LONG CHASSIS,3100000,0,0,0,400000,0,3500000,A001 - WH AHI JABABEKA,PT. BINTANG SAMUDRA RAYA,7,ON SCHEDULE,29,0,10.04.2026,11.03.2026,14.03.2026,16.04.2026,16.04.2026,17.04.2026,17.04.2026,,A001,WH AHI JABABEKA
R100260311L064_A001,CDD LONG CHASSIS,3500000,0,0,0,0,0,3500000,A001 - WH AHI JABABEKA,PT. CEHA LOGISTIK CEMERLANG,7,ON SCHEDULE,28,0,10.04.2026,12.03.2026,14.03.2026,30.03.2026,30.03.2026,06.04.2026,16.04.2026,,A001,WH AHI JABABEKA
R100260311L065_A001,CDD LONG CHASSIS,3500000,0,0,0,300000,0,3800000,A001 - WH AHI JABABEKA,PT. BINTANG SAMUDRA RAYA,7,ON SCHEDULE,28,0,10.04.2026,12.03.2026,14.03.2026,16.04.2026,16.04.2026,17.04.2026,17.04.2026,,A001,WH AHI JABABEKA
R100260311L067_A001,CDD LONG CHASSIS,3900000,0,0,0,250000,0,4150000,A001 - WH AHI JABABEKA,PT. CEHA LOGISTIK CEMERLANG,7,ON SCHEDULE,28,0,10.04.2026,12.03.2026,14.03.2026,30.03.2026,30.03.2026,06.04.2026,16.04.2026,,A001,WH AHI JABABEKA
R100260311L069_A001,CONT-20,27000000,0,0,0,0,800000,27800000,A001 - WH AHI JABABEKA,PT. TPIL LOGISTICS,7,ON SCHEDULE,47,0,30.04.2026,13.03.2026,16.04.2026,05.06.2026,05.06.2026,24.06.2026,26.06.2026,,A001,WH AHI JABABEKA
R100260311L069_A001,CONT-20,27000000,0,0,0,0,800000,27800000,A001 - WH AHI JABABEKA,PT. TPIL LOGISTICS,7,ON SCHEDULE,47,0,30.04.2026,13.03.2026,16.04.2026,05.06.2026,05.06.2026,24.06.2026,26.06.2026,,A001,WH AHI JABABEKA
R100260311L070_A001,CONT-20,15500000,0,0,0,0,800000,16300000,A001 - WH AHI JABABEKA,PT. TPIL LOGISTICS,7,ON SCHEDULE,41,0,25.04.2026,14.03.2026,27.03.2026,05.06.2026,05.06.2026,25.06.2026,26.06.2026,,A001,WH AHI JABABEKA
R100260311L070_A001,CONT-20,15500000,0,0,0,0,800000,16300000,A001 - WH AHI JABABEKA,PT. TPIL LOGISTICS,7,ON SCHEDULE,41,0,25.04.2026,14.03.2026,27.03.2026,05.06.2026,05.06.2026,25.06.2026,26.06.2026,,A001,WH AHI JABABEKA
R100260311L072_A001,CONT-20,38500000,0,0,0,0,1500000,40000000,A001 - WH AHI JABABEKA,PT. PAUS BIRU LOGISTIK,7,ON SCHEDULE,50,0,18.05.2026,28.03.2026,20.04.2026,11.05.2026,12.05.2026,21.05.2026,26.05.2026,,A001,WH AHI JABABEKA
R100260311L073_A001,CONT-20,20800000,0,0,0,0,1500000,22300000,A001 - WH AHI JABABEKA,PT. PAUS BIRU LOGISTIK,7,ON SCHEDULE,43,0,27.04.2026,14.03.2026,04.04.2026,11.05.2026,12.05.2026,21.05.2026,26.05.2026,,A001,WH AHI JABABEKA
R100260311L074_A001,CDD LONG CHASSIS,3600000,0,0,0,0,0,3600000,A001 - WH AHI JABABEKA,PT. BINTANG SAMUDRA RAYA,7,ON SCHEDULE,28,0,10.04.2026,12.03.2026,25.03.2026,30.03.2026,30.03.2026,02.04.2026,06.04.2026,,A001,WH AHI JABABEKA
R100260311L075_A001,FUSO,16790000,0,0,0,250000,0,17040000,A001 - WH AHI JABABEKA,PT LOGISTIK CANGGIH INDONESIA,7,ON SCHEDULE,31,0,14.04.2026,13.03.2026,,30.03.2026,30.03.2026,02.04.2026,02.04.2026,,A001,WH AHI JABABEKA
R100260311L110_A001,CONT-20,15000000,0,0,0,0,800000,15800000,A001 - WH AHI JABABEKA,PT. SENTOSAPRIMA ABADI,7,ON SCHEDULE,39,0,27.04.2026,18.03.2026,04.04.2026,12.05.2026,12.05.2026,20.05.2026,20.05.2026,,A001,WH AHI JABABEKA
R100260311T003_A001,CONT-40,0,0,0,0,0,0,0,A001 - WH AHI JABABEKA,PT. CIKARANG GERBANG SOLUSI,2,LATE,10,145,23.03.2026,12.03.2026,17.03.2026,02.06.2026,03.06.2026,,,,A001,WH AHI JABABEKA
R100260311T004_A001,CONT-40,0,0,0,0,0,0,0,A001 - WH AHI JABABEKA,PT. CIKARANG GERBANG SOLUSI,2,LATE,10,145,22.03.2026,11.03.2026,17.03.2026,02.06.2026,03.06.2026,,,,A001,WH AHI JABABEKA
R100260311T005_A001,CONT-40,0,0,0,0,0,0,0,A001 - WH AHI JABABEKA,PT. CIKARANG GERBANG SOLUSI,2,LATE,10,145,23.03.2026,12.03.2026,17.03.2026,02.06.2026,03.06.2026,,,,A001,WH AHI JABABEKA
R100260311T006_A001,CONT-40,8750000,0,0,0,0,0,8750000,A001 - WH AHI JABABEKA,PT. CIKARANG GERBANG SOLUSI,4,LATE,18,128,16.04.2026,28.03.2026,28.03.2026,02.06.2026,03.06.2026,,,,A001,WH AHI JABABEKA
R100260311T007_A001,CONT-20,16900000,0,0,0,0,0,16900000,A001 - WH AHI JABABEKA,PT. SILKARGO INDONESIA,6,LATE,39,145,20.04.2026,11.03.2026,27.03.2026,21.07.2026,22.07.2026,23.07.2026,23.07.2026,,A001,WH AHI JABABEKA
R100260311T038_A001,WINGBOX,5650000,0,0,0,0,500000,6150000,A001 - WH AHI JABABEKA,PT. DUTA MEDIA MANDIRI,7,ON SCHEDULE,30,0,26.04.2026,26.03.2026,,13.04.2026,13.04.2026,13.04.2026,13.04.2026,,A001,WH AHI JABABEKA
R100260311T039_A001,WINGBOX,6200000,0,0,0,0,0,6200000,A001 - WH AHI JABABEKA,PT. SATRIA PIRANTI PERKASA,7,ON SCHEDULE,30,0,11.04.2026,11.03.2026,14.03.2026,08.04.2026,08.04.2026,16.04.2026,16.04.2026,,A001,WH AHI JABABEKA
R100260311T045_A001,CONT-40,31500000,0,0,0,0,1500000,33000000,A001 - WH AHI JABABEKA,PT. PAUS BIRU LOGISTIK,7,ON SCHEDULE,36,0,21.04.2026,15.03.2026,04.04.2026,11.05.2026,12.05.2026,11.06.2026,03.07.2026,,A001,WH AHI JABABEKA
R100260311T046_A001,CONT-20,17200000,0,0,1250000,0,1500000,19950000,A001 - WH AHI JABABEKA,PT. PAUS BIRU LOGISTIK,7,ON SCHEDULE,41,0,25.04.2026,14.03.2026,27.03.2026,11.05.2026,11.05.2026,18.05.2026,22.06.2026,,A001,WH AHI JABABEKA
R100260311T047_A001,CONT-20,17200000,0,0,1250000,0,1500000,19950000,A001 - WH AHI JABABEKA,PT. PAUS BIRU LOGISTIK,7,ON SCHEDULE,41,0,25.04.2026,14.03.2026,27.03.2026,11.05.2026,11.05.2026,18.05.2026,22.06.2026,,A001,WH AHI JABABEKA
R100260312L002_A001,CONT-20,11000000,0,0,0,0,600000,11600000,A001 - WH AHI JABABEKA,PT.FREIGHT EXPRESS,7,ON SCHEDULE,40,0,23.04.2026,13.03.2026,,23.04.2026,23.04.2026,24.04.2026,30.04.2026,,A001,WH AHI JABABEKA
R100260312L002_A001,CONT-20,11000000,0,0,0,0,600000,11600000,A001 - WH AHI JABABEKA,PT.FREIGHT EXPRESS,7,ON SCHEDULE,40,0,23.04.2026,13.03.2026,,23.04.2026,23.04.2026,24.04.2026,30.04.2026,,A001,WH AHI JABABEKA
R100260312L008_A001,CONT-20,14700000,0,0,500000,0,0,15200000,A001 - WH AHI JABABEKA,PT. PERUSAHAAN PELAYARAN NUSANTARA PANURJWAN,7,ON SCHEDULE,42,0,25.04.2026,13.03.2026,27.03.2026,29.04.2026,29.04.2026,30.04.2026,12.05.2026,,A001,WH AHI JABABEKA
R100260312L010_A001,CONT-20,16500000,0,0,0,0,0,16500000,A001 - WH AHI JABABEKA,PT. MITRA INTERTRANS FORWARDING,7,ON SCHEDULE,26,0,12.04.2026,16.03.2026,04.04.2026,27.04.2026,28.04.2026,28.04.2026,28.04.2026,,A001,WH AHI JABABEKA
R100260312L011_A001,CONT-20,12900000,0,0,0,0,0,12900000,A001 - WH AHI JABABEKA,PT. WIDYA TRANS CARGO,7,ON SCHEDULE,42,0,26.04.2026,14.03.2026,04.04.2026,20.04.2026,20.04.2026,24.04.2026,24.04.2026,,A001,WH AHI JABABEKA
R100260312L012_A001,CONT-20,12000000,0,0,800000,0,0,12800000,A001 - WH AHI JABABEKA,PT. HAKKA HYDRO TIRTA,7,ON SCHEDULE,39,0,25.04.2026,16.03.2026,04.04.2026,05.06.2026,07.06.2026,08.06.2026,08.06.2026,,A001,WH AHI JABABEKA
R100260312L013_A001,CONT-20,12000000,0,0,800000,0,0,12800000,A001 - WH AHI JABABEKA,PT. HAKKA HYDRO TIRTA,7,ON SCHEDULE,40,0,26.04.2026,16.03.2026,04.04.2026,30.04.2026,06.05.2026,08.06.2026,08.06.2026,,A001,WH AHI JABABEKA
R100260312L014_A001,CDD LONG CHASSIS,9000000,0,0,0,250000,0,9250000,A001 - WH AHI JABABEKA,PT. JASATAMA DIRGANTARA EKSPRES,7,ON SCHEDULE,31,0,17.04.2026,16.03.2026,25.03.2026,15.06.2026,15.06.2026,19.06.2026,19.06.2026,,A001,WH AHI JABABEKA
R100260312L015_A001,CDD LONG CHASSIS,1900000,0,0,0,75000,0,1975000,A001 - WH AHI JABABEKA,PT. ANTAR JARINGAN SEPANJANG JALAN,7,ON SCHEDULE,27,0,10.04.2026,13.03.2026,14.03.2026,25.03.2026,30.03.2026,02.04.2026,06.04.2026,,A001,WH AHI JABABEKA
R100260312L054_A001,CDD LONG CHASSIS,1900000,0,0,0,0,0,1900000,A001 - WH AHI JABABEKA,PT. ANTAR JARINGAN SEPANJANG JALAN,7,ON SCHEDULE,28,0,11.04.2026,13.03.2026,14.03.2026,25.03.2026,26.03.2026,02.04.2026,06.04.2026,,A001,WH AHI JABABEKA
R100260312L063_A001,WINGBOX,4000000,0,0,0,0,900000,4900000,A001 - WH AHI JABABEKA,PT. BINTANG SAMUDRA RAYA,7,ON SCHEDULE,28,0,11.04.2026,13.03.2026,16.03.2026,15.04.2026,15.04.2026,15.04.2026,15.04.2026,,A001,WH AHI JABABEKA
R100260312L063_A001,WINGBOX,4000000,0,0,0,0,900000,4900000,A001 - WH AHI JABABEKA,PT. BINTANG SAMUDRA RAYA,7,ON SCHEDULE,28,0,11.04.2026,13.03.2026,16.03.2026,15.04.2026,15.04.2026,15.04.2026,15.04.2026,,A001,WH AHI JABABEKA
R100260312L063_A001,WINGBOX,4000000,0,0,0,0,900000,4900000,A001 - WH AHI JABABEKA,PT. BINTANG SAMUDRA RAYA,7,ON SCHEDULE,28,0,11.04.2026,13.03.2026,16.03.2026,15.04.2026,15.04.2026,15.04.2026,15.04.2026,,A001,WH AHI JABABEKA
R100260312L064_A001,WINGBOX,3500000,0,0,0,0,900000,4400000,A001 - WH AHI JABABEKA,PT. BINTANG SAMUDRA RAYA,7,ON SCHEDULE,28,0,11.04.2026,13.03.2026,16.03.2026,07.04.2026,07.04.2026,07.04.2026,07.04.2026,,A001,WH AHI JABABEKA
R100260312L064_A001,WINGBOX,3500000,0,0,0,0,900000,4400000,A001 - WH AHI JABABEKA,PT. BINTANG SAMUDRA RAYA,7,ON SCHEDULE,28,0,11.04.2026,13.03.2026,16.03.2026,07.04.2026,07.04.2026,07.04.2026,07.04.2026,,A001,WH AHI JABABEKA
R100260312L066_A001,CDD LONG CHASSIS,3800000,0,0,0,400000,700000,4900000,A001 - WH AHI JABABEKA,PT. BINTANG SAMUDRA RAYA,7,ON SCHEDULE,28,0,10.04.2026,12.03.2026,14.03.2026,17.04.2026,17.04.2026,20.04.2026,20.04.2026,,A001,WH AHI JABABEKA
R100260312L068_A001,CDD LONG CHASSIS,3500000,0,0,0,0,700000,4200000,A001 - WH AHI JABABEKA,PT. BINTANG SAMUDRA RAYA,7,ON SCHEDULE,28,0,10.04.2026,12.03.2026,25.03.2026,07.04.2026,07.04.2026,07.04.2026,07.04.2026,,A001,WH AHI JABABEKA
R100260312L068_A001,CDD LONG CHASSIS,3500000,0,0,0,0,700000,4200000,A001 - WH AHI JABABEKA,PT. BINTANG SAMUDRA RAYA,7,ON SCHEDULE,28,0,10.04.2026,12.03.2026,25.03.2026,07.04.2026,07.04.2026,07.04.2026,07.04.2026,,A001,WH AHI JABABEKA
R100260312L075_A001,CDD LONG CHASSIS,1900000,0,0,0,75000,0,1975000,A001 - WH AHI JABABEKA,PT. ANTAR JARINGAN SEPANJANG JALAN,7,ON SCHEDULE,27,0,10.04.2026,13.03.2026,14.03.2026,25.03.2026,30.03.2026,02.04.2026,06.04.2026,,A001,WH AHI JABABEKA
R100260312L076_A001,CDD LONG CHASSIS,1900000,0,0,0,75000,0,1975000,A001 - WH AHI JABABEKA,PT. ANTAR JARINGAN SEPANJANG JALAN,7,ON SCHEDULE,28,0,14.04.2026,16.03.2026,17.03.2026,25.03.2026,30.03.2026,02.04.2026,06.04.2026,,A001,WH AHI JABABEKA
R100260312L077_A001,CONT-20,26900000,0,0,0,0,1500000,28400000,A001 - WH AHI JABABEKA,PT. PAUS BIRU LOGISTIK,7,ON SCHEDULE,41,0,25.04.2026,14.03.2026,29.03.2026,11.05.2026,12.05.2026,21.05.2026,26.05.2026,,A001,WH AHI JABABEKA
R100260312L078_A001,CONT-20,16100000,0,0,0,0,0,16100000,A001 - WH AHI JABABEKA,PT. SENTOSAPRIMA ABADI,7,ON SCHEDULE,41,0,25.04.2026,14.03.2026,27.03.2026,06.05.2026,07.05.2026,08.05.2026,08.05.2026,,A001,WH AHI JABABEKA
R100260312L079_A001,CONT-20,16600000,0,0,0,0,800000,17400000,A001 - WH AHI JABABEKA,PT. TPIL LOGISTICS,7,ON SCHEDULE,43,0,27.04.2026,14.03.2026,27.03.2026,05.06.2026,05.06.2026,25.06.2026,26.06.2026,,A001,WH AHI JABABEKA
R100260312L079_A001,CONT-20,16600000,0,0,0,0,800000,17400000,A001 - WH AHI JABABEKA,PT. TPIL LOGISTICS,7,ON SCHEDULE,43,0,27.04.2026,14.03.2026,27.03.2026,05.06.2026,05.06.2026,25.06.2026,26.06.2026,,A001,WH AHI JABABEKA
R100260312L091_A001,CDD LONG CHASSIS,3600000,0,0,0,0,700000,4300000,A001 - WH AHI JABABEKA,PT. BINTANG SAMUDRA RAYA,7,ON SCHEDULE,28,0,11.04.2026,13.03.2026,16.03.2026,07.04.2026,07.04.2026,07.04.2026,07.04.2026,,A001,WH AHI JABABEKA
R100260312L091_A001,CDD LONG CHASSIS,3600000,0,0,0,0,700000,4300000,A001 - WH AHI JABABEKA,PT. BINTANG SAMUDRA RAYA,7,ON SCHEDULE,28,0,11.04.2026,13.03.2026,16.03.2026,07.04.2026,07.04.2026,07.04.2026,07.04.2026,,A001,WH AHI JABABEKA
R100260312L093_A001,CDD LONG CHASSIS,4150000,0,0,0,400000,700000,5250000,A001 - WH AHI JABABEKA,PT. BINTANG SAMUDRA RAYA,7,ON SCHEDULE,28,0,11.04.2026,13.03.2026,16.03.2026,17.04.2026,17.04.2026,20.04.2026,20.04.2026,,A001,WH AHI JABABEKA
R100260312L093_A001,CDD LONG CHASSIS,4150000,0,0,0,400000,700000,5250000,A001 - WH AHI JABABEKA,PT. BINTANG SAMUDRA RAYA,7,ON SCHEDULE,28,0,11.04.2026,13.03.2026,16.03.2026,17.04.2026,17.04.2026,20.04.2026,20.04.2026,,A001,WH AHI JABABEKA
R100260312L093_A001,CDD LONG CHASSIS,4150000,0,0,0,400000,700000,5250000,A001 - WH AHI JABABEKA,PT. BINTANG SAMUDRA RAYA,7,ON SCHEDULE,28,0,11.04.2026,13.03.2026,16.03.2026,17.04.2026,17.04.2026,20.04.2026,20.04.2026,,A001,WH AHI JABABEKA
R100260312L094_A001,CDD LONG CHASSIS,3900000,0,0,0,400000,700000,5000000,A001 - WH AHI JABABEKA,PT. BINTANG SAMUDRA RAYA,7,ON SCHEDULE,28,0,11.04.2026,13.03.2026,16.03.2026,17.04.2026,17.04.2026,20.04.2026,20.04.2026,,A001,WH AHI JABABEKA
R100260312L095_A001,CDD LONG CHASSIS,3500000,0,0,0,300000,700000,4500000,A001 - WH AHI JABABEKA,PT. BINTANG SAMUDRA RAYA,7,ON SCHEDULE,28,0,11.04.2026,13.03.2026,16.03.2026,17.04.2026,17.04.2026,20.04.2026,20.04.2026,,A001,WH AHI JABABEKA
R100260312L095_A001,CDD LONG CHASSIS,3500000,0,0,0,300000,700000,4500000,A001 - WH AHI JABABEKA,PT. BINTANG SAMUDRA RAYA,7,ON SCHEDULE,28,0,11.04.2026,13.03.2026,16.03.2026,17.04.2026,17.04.2026,20.04.2026,20.04.2026,,A001,WH AHI JABABEKA
R100260312L095_A001,CDD LONG CHASSIS,3500000,0,0,0,300000,700000,4500000,A001 - WH AHI JABABEKA,PT. BINTANG SAMUDRA RAYA,7,ON SCHEDULE,28,0,11.04.2026,13.03.2026,16.03.2026,17.04.2026,17.04.2026,20.04.2026,20.04.2026,,A001,WH AHI JABABEKA
R100260312L099_A001,CDD LONG CHASSIS,1900000,0,0,0,75000,0,1975000,A001 - WH AHI JABABEKA,PT. ANTAR JARINGAN SEPANJANG JALAN,7,ON SCHEDULE,28,0,11.04.2026,13.03.2026,14.03.2026,25.03.2026,30.03.2026,02.04.2026,06.04.2026,,A001,WH AHI JABABEKA
R100260312L106_A001,CONT-20,20400000,0,0,0,0,600000,21000000,A001 - WH AHI JABABEKA,PT. MITRA INTERTRANS FORWARDING,7,ON SCHEDULE,49,0,04.05.2026,15.03.2026,15.04.2026,11.05.2026,11.05.2026,12.05.2026,13.05.2026,,A001,WH AHI JABABEKA
R100260312T002_A001,CONT-40,0,0,0,0,0,0,0,A001 - WH AHI JABABEKA,PT. CIKARANG GERBANG SOLUSI,2,LATE,10,144,24.03.2026,13.03.2026,28.03.2026,02.06.2026,03.06.2026,,,,A001,WH AHI JABABEKA
R100260312T003_A001,CONT-40,0,0,0,0,0,0,0,A001 - WH AHI JABABEKA,PT. CIKARANG GERBANG SOLUSI,2,LATE,10,143,24.03.2026,13.03.2026,28.03.2026,02.06.2026,03.06.2026,,,,A001,WH AHI JABABEKA
R100260312T004_A001,WINGBOX,5650000,0,0,0,0,500000,6150000,A001 - WH AHI JABABEKA,PT. DUTA MEDIA MANDIRI,7,ON SCHEDULE,30,0,26.04.2026,26.03.2026,13.04.2026,13.04.2026,13.04.2026,13.04.2026,13.04.2026,,A001,WH AHI JABABEKA
R100260312T005_A001,WINGBOX,5650000,0,0,0,0,500000,6150000,A001 - WH AHI JABABEKA,PT. DUTA MEDIA MANDIRI,7,ON SCHEDULE,30,0,27.04.2026,27.03.2026,13.04.2026,13.04.2026,13.04.2026,13.04.2026,13.04.2026,,A001,WH AHI JABABEKA
R100260312T006_A001,WINGBOX,24000000,0,0,0,0,0,24000000,A001 - WH AHI JABABEKA,PT. CITRA SENTRAL EKSPRES,7,ON SCHEDULE,39,0,21.04.2026,12.03.2026,17.03.2026,16.04.2026,17.04.2026,17.04.2026,17.04.2026,,A001,WH AHI JABABEKA
R100260312T007_A001,CONT-40,25600000,0,0,0,0,0,25600000,A001 - WH AHI JABABEKA,PT. SENTOSAPRIMA ABADI,7,ON SCHEDULE,39,0,22.04.2026,13.03.2026,31.03.2026,15.05.2026,15.05.2026,18.05.2026,18.05.2026,,A001,WH AHI JABABEKA
R100260312T027_A001,WINGBOX,6700000,0,0,0,0,0,6700000,A001 - WH AHI JABABEKA,PT.DHANESWARA EXPRES,7,ON SCHEDULE,30,0,13.04.2026,13.03.2026,15.03.2026,30.03.2026,30.03.2026,02.04.2026,06.04.2026,,A001,WH AHI JABABEKA
R100260312T033_A001,CONT-20,13950000,0,0,0,0,0,13950000,A001 - WH AHI JABABEKA,PT. SENTOSAPRIMA ABADI,7,ON SCHEDULE,41,0,25.04.2026,14.03.2026,27.03.2026,11.05.2026,11.05.2026,18.05.2026,18.05.2026,,A001,WH AHI JABABEKA
R100260312T034_A001,CONT-20,13950000,0,0,0,0,0,13950000,A001 - WH AHI JABABEKA,PT. SENTOSAPRIMA ABADI,7,ON SCHEDULE,41,0,24.04.2026,13.03.2026,27.03.2026,11.05.2026,11.05.2026,18.05.2026,18.05.2026,,A001,WH AHI JABABEKA
R100260313L038_A001,CONT-20,17500000,0,0,0,0,0,17500000,A001 - WH AHI JABABEKA,PT. WIDYA TRANS CARGO,7,ON SCHEDULE,46,0,01.05.2026,15.03.2026,27.03.2026,20.04.2026,20.04.2026,24.04.2026,24.04.2026,,A001,WH AHI JABABEKA
R100260313L039_A001,CONT-20,16100000,0,0,0,0,0,16100000,A001 - WH AHI JABABEKA,PT. SENTOSAPRIMA ABADI,7,ON SCHEDULE,41,0,25.04.2026,14.03.2026,27.03.2026,06.05.2026,07.05.2026,08.05.2026,08.05.2026,,A001,WH AHI JABABEKA
R100260313L040_A001,CONT-20,15500000,0,0,0,0,0,15500000,A001 - WH AHI JABABEKA,PT. WIDYA TRANS CARGO,7,ON SCHEDULE,43,0,28.04.2026,15.03.2026,27.03.2026,20.04.2026,20.04.2026,24.04.2026,24.04.2026,,A001,WH AHI JABABEKA
R100260313L041_A001,CONT-20,32900000,0,0,0,0,1500000,34400000,A001 - WH AHI JABABEKA,PT. PAUS BIRU LOGISTIK,7,ON SCHEDULE,47,0,02.05.2026,15.03.2026,16.04.2026,21.05.2026,22.05.2026,04.06.2026,05.06.2026,,A001,WH AHI JABABEKA
R100260313L043_A001,FUSO,19160000,0,0,0,250000,500000,19910000,A001 - WH AHI JABABEKA,PT LOGISTIK CANGGIH INDONESIA,7,ON SCHEDULE,31,0,15.04.2026,14.03.2026,,07.04.2026,08.04.2026,08.04.2026,08.04.2026,,A001,WH AHI JABABEKA
R100260313L044_A001,WINGBOX,19000000,0,0,0,0,900000,19900000,A001 - WH AHI JABABEKA,PT. BINTANG SAMUDRA RAYA,7,ON SCHEDULE,39,0,22.04.2026,13.03.2026,25.03.2026,16.04.2026,16.04.2026,17.04.2026,17.04.2026,,A001,WH AHI JABABEKA
R100260313L044_A001,WINGBOX,19000000,0,0,0,0,900000,19900000,A001 - WH AHI JABABEKA,PT. BINTANG SAMUDRA RAYA,7,ON SCHEDULE,39,0,22.04.2026,13.03.2026,25.03.2026,16.04.2026,16.04.2026,17.04.2026,17.04.2026,,A001,WH AHI JABABEKA
R100260313L044_A001,WINGBOX,19000000,0,0,0,0,900000,19900000,A001 - WH AHI JABABEKA,PT. BINTANG SAMUDRA RAYA,7,ON SCHEDULE,39,0,22.04.2026,13.03.2026,25.03.2026,16.04.2026,16.04.2026,17.04.2026,17.04.2026,,A001,WH AHI JABABEKA
R100260313L045_A001,CONT-20,15500000,0,0,0,0,0,15500000,A001 - WH AHI JABABEKA,PT. WIDYA TRANS CARGO,7,ON SCHEDULE,43,0,11.05.2026,28.03.2026,28.03.2026,20.04.2026,20.04.2026,24.04.2026,24.04.2026,,A001,WH AHI JABABEKA
R100260313L046_A001,CONT-20,17850000,0,0,0,0,0,17850000,A001 - WH AHI JABABEKA,PT. MITRA INTERTRANS FORWARDING,7,ON SCHEDULE,43,0,30.04.2026,17.03.2026,04.04.2026,27.04.2026,28.04.2026,28.04.2026,28.04.2026,,A001,WH AHI JABABEKA
R100260313L048_A001,CDD LONG CHASSIS,18500000,0,0,0,0,400000,18900000,A001 - WH AHI JABABEKA,PT LOGISTIK CANGGIH INDONESIA,7,ON SCHEDULE,41,0,28.04.2026,17.03.2026,,07.04.2026,08.04.2026,08.04.2026,09.04.2026,,A001,WH AHI JABABEKA
R100260313L064_A001,CDD LONG CHASSIS,3500000,0,0,0,500000,1800000,5800000,A001 - WH AHI JABABEKA,PT. CEHA LOGISTIK CEMERLANG,7,ON SCHEDULE,28,0,12.04.2026,14.03.2026,16.03.2026,30.03.2026,31.03.2026,06.04.2026,06.04.2026,,A001,WH AHI JABABEKA
R100260313L066_A001,CDD LONG CHASSIS,2850000,0,0,0,0,700000,3550000,A001 - WH AHI JABABEKA,PT. BINTANG SAMUDRA RAYA,7,ON SCHEDULE,28,0,11.04.2026,13.03.2026,16.03.2026,07.04.2026,07.04.2026,07.04.2026,07.04.2026,,A001,WH AHI JABABEKA
R100260313L066_A001,CDD LONG CHASSIS,2850000,0,0,0,0,700000,3550000,A001 - WH AHI JABABEKA,PT. BINTANG SAMUDRA RAYA,7,ON SCHEDULE,28,0,11.04.2026,13.03.2026,16.03.2026,07.04.2026,07.04.2026,07.04.2026,07.04.2026,,A001,WH AHI JABABEKA
R100260313L080_A001,WINGBOX,10700000,0,0,0,400000,900000,12000000,A001 - WH AHI JABABEKA,PT. BINTANG SAMUDRA RAYA,7,ON SCHEDULE,31,0,25.04.2026,24.03.2026,28.03.2026,17.04.2026,17.04.2026,20.04.2026,20.04.2026,,A001,WH AHI JABABEKA
R100260313L080_A001,WINGBOX,10700000,0,0,0,400000,900000,12000000,A001 - WH AHI JABABEKA,PT. BINTANG SAMUDRA RAYA,7,ON SCHEDULE,31,0,25.04.2026,24.03.2026,28.03.2026,17.04.2026,17.04.2026,20.04.2026,20.04.2026,,A001,WH AHI JABABEKA
R100260313L080_A001,WINGBOX,10700000,0,0,0,400000,900000,12000000,A001 - WH AHI JABABEKA,PT. BINTANG SAMUDRA RAYA,7,ON SCHEDULE,31,0,25.04.2026,24.03.2026,28.03.2026,17.04.2026,17.04.2026,20.04.2026,20.04.2026,,A001,WH AHI JABABEKA
R100260313L080_A001,WINGBOX,10700000,0,0,0,400000,900000,12000000,A001 - WH AHI JABABEKA,PT. BINTANG SAMUDRA RAYA,7,ON SCHEDULE,31,0,25.04.2026,24.03.2026,28.03.2026,17.04.2026,17.04.2026,20.04.2026,20.04.2026,,A001,WH AHI JABABEKA
R100260313L081_A001,CDD LONG CHASSIS,5800000,0,0,0,0,0,5800000,A001 - WH AHI JABABEKA,PT. AGUNG MAKMUR JAYA,7,ON SCHEDULE,28,0,13.04.2026,15.03.2026,16.03.2026,25.03.2026,25.03.2026,25.03.2026,25.03.2026,,A001,WH AHI JABABEKA
R100260313L082_A001,CDD LONG CHASSIS,5800000,0,0,0,0,0,5800000,A001 - WH AHI JABABEKA,PT. AGUNG MAKMUR JAYA,7,ON SCHEDULE,28,0,13.04.2026,15.03.2026,16.03.2026,25.03.2026,25.03.2026,14.04.2026,14.04.2026,,A001,WH AHI JABABEKA
R100260313L087_A001,CONT-20,13800000,0,0,0,0,800000,14600000,A001 - WH AHI JABABEKA,PT. SENTOSAPRIMA ABADI,7,ON SCHEDULE,39,0,26.04.2026,17.03.2026,15.04.2026,15.05.2026,17.05.2026,20.05.2026,20.05.2026,,A001,WH AHI JABABEKA
R100260313L088_A001,CONT-20,19700000,0,0,0,0,600000,20300000,A001 - WH AHI JABABEKA,PT.FREIGHT EXPRESS,7,ON SCHEDULE,46,0,04.05.2026,18.03.2026,,23.04.2026,23.04.2026,24.04.2026,30.04.2026,,A001,WH AHI JABABEKA
R100260313L088_A001,CONT-20,19700000,0,0,0,0,600000,20300000,A001 - WH AHI JABABEKA,PT.FREIGHT EXPRESS,7,ON SCHEDULE,46,0,04.05.2026,18.03.2026,,23.04.2026,23.04.2026,24.04.2026,30.04.2026,,A001,WH AHI JABABEKA
R100260313L105_A001,CDD LONG CHASSIS,9000000,0,0,0,0,0,9000000,A001 - WH AHI JABABEKA,PT. JASATAMA DIRGANTARA EKSPRES,7,ON SCHEDULE,31,0,17.04.2026,16.03.2026,26.03.2026,15.06.2026,15.06.2026,19.06.2026,19.06.2026,,A001,WH AHI JABABEKA
R100260313T026_A001,WINGBOX,5600000,0,0,0,0,900000,6500000,A001 - WH AHI JABABEKA,PT. BINTANG SAMUDRA RAYA,7,ON SCHEDULE,30,0,28.04.2026,28.03.2026,31.03.2026,15.04.2026,15.04.2026,15.04.2026,15.04.2026,,A001,WH AHI JABABEKA
R100260313T026_A001,WINGBOX,5600000,0,0,0,0,900000,6500000,A001 - WH AHI JABABEKA,PT. BINTANG SAMUDRA RAYA,7,ON SCHEDULE,30,0,28.04.2026,28.03.2026,31.03.2026,15.04.2026,15.04.2026,15.04.2026,15.04.2026,,A001,WH AHI JABABEKA
R100260313T026_A001,WINGBOX,5600000,0,0,0,0,900000,6500000,A001 - WH AHI JABABEKA,PT. BINTANG SAMUDRA RAYA,7,ON SCHEDULE,30,0,28.04.2026,28.03.2026,31.03.2026,15.04.2026,15.04.2026,15.04.2026,15.04.2026,,A001,WH AHI JABABEKA
R100260313T027_A001,WINGBOX,5600000,0,0,0,0,900000,6500000,A001 - WH AHI JABABEKA,PT. BINTANG SAMUDRA RAYA,7,ON SCHEDULE,30,0,27.04.2026,27.03.2026,30.03.2026,15.04.2026,15.04.2026,15.04.2026,15.04.2026,,A001,WH AHI JABABEKA
R100260313T027_A001,WINGBOX,5600000,0,0,0,0,900000,6500000,A001 - WH AHI JABABEKA,PT. BINTANG SAMUDRA RAYA,7,ON SCHEDULE,30,0,27.04.2026,27.03.2026,30.03.2026,15.04.2026,15.04.2026,15.04.2026,15.04.2026,,A001,WH AHI JABABEKA
R100260313T027_A001,WINGBOX,5600000,0,0,0,0,900000,6500000,A001 - WH AHI JABABEKA,PT. BINTANG SAMUDRA RAYA,7,ON SCHEDULE,30,0,27.04.2026,27.03.2026,30.03.2026,15.04.2026,15.04.2026,15.04.2026,15.04.2026,,A001,WH AHI JABABEKA
R100260313T030_A001,CONT-20,13800000,0,0,0,0,1750000,15550000,A001 - WH AHI JABABEKA,PT. SENTOSAPRIMA ABADI,7,ON SCHEDULE,39,0,23.04.2026,14.03.2026,26.03.2026,20.05.2026,20.05.2026,21.05.2026,21.05.2026,,A001,WH AHI JABABEKA
R100260313T031_A001,WINGBOX,6600000,0,0,0,0,500000,7100000,A001 - WH AHI JABABEKA,PT. JAYA MULYA ERALINDO,7,ON SCHEDULE,30,0,14.04.2026,14.03.2026,17.03.2026,30.03.2026,30.03.2026,01.04.2026,01.04.2026,,A001,WH AHI JABABEKA
R100260313T032_A001,WINGBOX,6000000,0,0,0,500000,0,6500000,A001 - WH AHI JABABEKA,PT.AMANAH TRANSMULIA MANDIRI LOGISTIK,7,ON SCHEDULE,30,0,14.04.2026,14.03.2026,17.03.2026,25.03.2026,30.03.2026,31.03.2026,01.04.2026,,A001,WH AHI JABABEKA
R100260313T033_A001,CONT-40,25600000,0,0,0,0,0,25600000,A001 - WH AHI JABABEKA,PT. SENTOSAPRIMA ABADI,7,ON SCHEDULE,39,0,23.04.2026,14.03.2026,31.03.2026,15.05.2026,15.05.2026,18.05.2026,18.05.2026,,A001,WH AHI JABABEKA
R100260313T036_A001,WINGBOX,5600000,0,0,0,0,900000,6500000,A001 - WH AHI JABABEKA,PT. BINTANG SAMUDRA RAYA,7,ON SCHEDULE,30,0,25.04.2026,25.03.2026,28.03.2026,15.04.2026,15.04.2026,15.04.2026,15.04.2026,,A001,WH AHI JABABEKA
R100260313T036_A001,WINGBOX,5600000,0,0,0,0,900000,6500000,A001 - WH AHI JABABEKA,PT. BINTANG SAMUDRA RAYA,7,ON SCHEDULE,30,0,25.04.2026,25.03.2026,28.03.2026,15.04.2026,15.04.2026,15.04.2026,15.04.2026,,A001,WH AHI JABABEKA
R100260313T036_A001,WINGBOX,5600000,0,0,0,0,900000,6500000,A001 - WH AHI JABABEKA,PT. BINTANG SAMUDRA RAYA,7,ON SCHEDULE,30,0,25.04.2026,25.03.2026,28.03.2026,15.04.2026,15.04.2026,15.04.2026,15.04.2026,,A001,WH AHI JABABEKA
R100260313T037_A001,WINGBOX,5600000,0,0,0,0,900000,6500000,A001 - WH AHI JABABEKA,PT. BINTANG SAMUDRA RAYA,7,ON SCHEDULE,30,0,26.04.2026,26.03.2026,29.03.2026,15.04.2026,15.04.2026,15.04.2026,15.04.2026,,A001,WH AHI JABABEKA
R100260313T037_A001,WINGBOX,5600000,0,0,0,0,900000,6500000,A001 - WH AHI JABABEKA,PT. BINTANG SAMUDRA RAYA,7,ON SCHEDULE,30,0,26.04.2026,26.03.2026,29.03.2026,15.04.2026,15.04.2026,15.04.2026,15.04.2026,,A001,WH AHI JABABEKA
R100260313T037_A001,WINGBOX,5600000,0,0,0,0,900000,6500000,A001 - WH AHI JABABEKA,PT. BINTANG SAMUDRA RAYA,7,ON SCHEDULE,30,0,26.04.2026,26.03.2026,29.03.2026,15.04.2026,15.04.2026,15.04.2026,15.04.2026,,A001,WH AHI JABABEKA
R100260314L042_A001,CONT-20,14600000,0,0,0,0,0,14600000,A001 - WH AHI JABABEKA,PT. MITRA INTERTRANS FORWARDING,7,ON SCHEDULE,38,0,22.04.2026,14.03.2026,28.03.2026,28.04.2026,28.04.2026,28.04.2026,28.04.2026,,A001,WH AHI JABABEKA
R100260314L043_A001,CONT-20,15500000,0,0,0,0,800000,16300000,A001 - WH AHI JABABEKA,PT. TPIL LOGISTICS,7,ON SCHEDULE,41,0,27.04.2026,16.03.2026,15.04.2026,22.06.2026,22.06.2026,25.06.2026,25.06.2026,,A001,WH AHI JABABEKA
R100260314L043_A001,CONT-20,15500000,0,0,0,0,800000,16300000,A001 - WH AHI JABABEKA,PT. TPIL LOGISTICS,7,ON SCHEDULE,41,0,27.04.2026,16.03.2026,15.04.2026,22.06.2026,22.06.2026,25.06.2026,25.06.2026,,A001,WH AHI JABABEKA
R100260314L044_A001,CDD LONG CHASSIS,3950000,0,0,0,0,1800000,5750000,A001 - WH AHI JABABEKA,PT. CEHA LOGISTIK CEMERLANG,7,ON SCHEDULE,29,0,14.04.2026,15.03.2026,16.03.2026,30.03.2026,31.03.2026,06.04.2026,06.04.2026,,A001,WH AHI JABABEKA
R100260314L049_A001,CDD LONG CHASSIS,3500000,0,0,0,0,1800000,5300000,A001 - WH AHI JABABEKA,PT. CEHA LOGISTIK CEMERLANG,7,ON SCHEDULE,28,0,12.04.2026,14.03.2026,16.03.2026,30.03.2026,31.03.2026,06.04.2026,06.04.2026,,A001,WH AHI JABABEKA
R100260314L050_A001,CDD LONG CHASSIS,2350000,0,0,0,0,700000,3050000,A001 - WH AHI JABABEKA,PT. BINTANG SAMUDRA RAYA,7,ON SCHEDULE,28,0,13.04.2026,15.03.2026,17.03.2026,07.04.2026,07.04.2026,07.04.2026,07.04.2026,,A001,WH AHI JABABEKA
R100260314L050_A001,CDD LONG CHASSIS,2350000,0,0,0,0,700000,3050000,A001 - WH AHI JABABEKA,PT. BINTANG SAMUDRA RAYA,7,ON SCHEDULE,28,0,13.04.2026,15.03.2026,17.03.2026,07.04.2026,07.04.2026,07.04.2026,07.04.2026,,A001,WH AHI JABABEKA
R100260314L052_A001,CDD LONG CHASSIS,3900000,0,0,0,250000,1800000,5950000,A001 - WH AHI JABABEKA,PT. CEHA LOGISTIK CEMERLANG,7,ON SCHEDULE,28,0,12.04.2026,14.03.2026,16.03.2026,30.03.2026,31.03.2026,06.04.2026,06.04.2026,,A001,WH AHI JABABEKA
R100260314L054_A001,CONT-20,15000000,0,0,0,0,800000,15800000,A001 - WH AHI JABABEKA,PT. SENTOSAPRIMA ABADI,7,ON SCHEDULE,39,0,26.04.2026,17.03.2026,04.04.2026,26.05.2026,26.05.2026,03.06.2026,03.06.2026,,A001,WH AHI JABABEKA
R100260314L055_A001,CONT-20,12900000,0,0,0,0,0,12900000,A001 - WH AHI JABABEKA,PT. WIDYA TRANS CARGO,7,ON SCHEDULE,42,0,26.04.2026,14.03.2026,15.04.2026,20.04.2026,20.04.2026,24.04.2026,24.04.2026,,A001,WH AHI JABABEKA
R100260314L057_A001,CDD LONG CHASSIS,4300000,0,0,0,250000,0,4550000,A001 - WH AHI JABABEKA,PT. JASATAMA DIRGANTARA EKSPRES,6,LATE,28,139,16.04.2026,18.03.2026,25.03.2026,21.07.2026,22.07.2026,23.07.2026,23.07.2026,,A001,WH AHI JABABEKA
R100260314L058_A001,CDD LONG CHASSIS,3500000,0,0,0,0,0,3500000,A001 - WH AHI JABABEKA,PT. JASATAMA DIRGANTARA EKSPRES,7,ON SCHEDULE,27,0,14.04.2026,17.03.2026,25.03.2026,25.05.2026,25.05.2026,08.06.2026,08.06.2026,,A001,WH AHI JABABEKA
R100260314L060_A001,CDD LONG CHASSIS,2850000,0,0,0,0,700000,3550000,A001 - WH AHI JABABEKA,PT. BINTANG SAMUDRA RAYA,7,ON SCHEDULE,28,0,12.04.2026,14.03.2026,16.03.2026,07.04.2026,07.04.2026,07.04.2026,07.04.2026,,A001,WH AHI JABABEKA
R100260314L060_A001,CDD LONG CHASSIS,2850000,0,0,0,0,700000,3550000,A001 - WH AHI JABABEKA,PT. BINTANG SAMUDRA RAYA,7,ON SCHEDULE,28,0,12.04.2026,14.03.2026,16.03.2026,07.04.2026,07.04.2026,07.04.2026,07.04.2026,,A001,WH AHI JABABEKA
R100260314T015_A001,WINGBOX,6600000,0,0,0,0,500000,7100000,A001 - WH AHI JABABEKA,PT. JAYA MULYA ERALINDO,7,ON SCHEDULE,30,0,14.04.2026,14.03.2026,17.03.2026,30.03.2026,30.03.2026,01.04.2026,01.04.2026,,A001,WH AHI JABABEKA
R100260314T016_A001,WINGBOX,5650000,0,0,0,0,500000,6150000,A001 - WH AHI JABABEKA,PT. DUTA MEDIA MANDIRI,7,ON SCHEDULE,30,0,25.04.2026,25.03.2026,28.03.2026,31.03.2026,31.03.2026,31.03.2026,01.04.2026,,A001,WH AHI JABABEKA
R100260314T017_A001,WINGBOX,5650000,0,0,0,0,500000,6150000,A001 - WH AHI JABABEKA,PT. DUTA MEDIA MANDIRI,7,ON SCHEDULE,30,0,25.04.2026,25.03.2026,29.03.2026,31.03.2026,31.03.2026,31.03.2026,01.04.2026,,A001,WH AHI JABABEKA
R100260314T018_A001,WINGBOX,5650000,0,0,0,0,500000,6150000,A001 - WH AHI JABABEKA,PT. DUTA MEDIA MANDIRI,7,ON SCHEDULE,30,0,25.04.2026,25.03.2026,29.03.2026,31.03.2026,31.03.2026,13.04.2026,13.04.2026,,A001,WH AHI JABABEKA
R100260314T019_A001,CONT-40,8750000,0,0,0,0,0,8750000,A001 - WH AHI JABABEKA,PT. CIKARANG GERBANG SOLUSI,4,LATE,18,129,15.04.2026,27.03.2026,31.03.2026,02.06.2026,03.06.2026,20.07.2026,,,A001,WH AHI JABABEKA
R100260314T020_A001,CONT-20,14750000,0,0,0,0,0,14750000,A001 - WH AHI JABABEKA,PT. SENTOSAPRIMA ABADI,7,ON SCHEDULE,41,0,28.04.2026,17.03.2026,27.03.2026,11.05.2026,11.05.2026,18.05.2026,18.05.2026,,A001,WH AHI JABABEKA
R100260314T021_A001,CONT-40,25600000,0,0,0,0,800000,26400000,A001 - WH AHI JABABEKA,PT. SENTOSAPRIMA ABADI,7,ON SCHEDULE,39,0,25.04.2026,16.03.2026,04.04.2026,12.05.2026,12.05.2026,20.05.2026,20.05.2026,,A001,WH AHI JABABEKA
R100260314T022_A001,CONT-20,13800000,0,0,0,0,800000,14600000,A001 - WH AHI JABABEKA,PT. SENTOSAPRIMA ABADI,7,ON SCHEDULE,39,0,25.04.2026,16.03.2026,15.04.2026,26.05.2026,26.05.2026,29.05.2026,29.05.2026,,A001,WH AHI JABABEKA
R100260314T023_A001,WINGBOX,7200000,0,0,0,0,500000,7700000,A001 - WH AHI JABABEKA,PT. JAYA MULYA ERALINDO,7,ON SCHEDULE,30,0,14.04.2026,14.03.2026,17.03.2026,01.04.2026,01.04.2026,01.04.2026,01.04.2026,,A001,WH AHI JABABEKA
R100260314T026_A001,WINGBOX,5650000,0,0,0,0,500000,6150000,A001 - WH AHI JABABEKA,PT. DUTA MEDIA MANDIRI,7,ON SCHEDULE,30,0,29.04.2026,29.03.2026,03.04.2026,08.04.2026,08.04.2026,13.04.2026,13.04.2026,,A001,WH AHI JABABEKA
R100260314T027_A001,WINGBOX,5650000,0,0,0,0,500000,6150000,A001 - WH AHI JABABEKA,PT. DUTA MEDIA MANDIRI,7,ON SCHEDULE,30,0,29.04.2026,29.03.2026,03.04.2026,08.04.2026,08.04.2026,15.04.2026,30.04.2026,,A001,WH AHI JABABEKA
R100260314T028_A001,CONT-40,25600000,0,0,0,0,800000,26400000,A001 - WH AHI JABABEKA,PT. SENTOSAPRIMA ABADI,7,ON SCHEDULE,39,0,26.04.2026,17.03.2026,04.04.2026,12.05.2026,12.05.2026,20.05.2026,20.05.2026,,A001,WH AHI JABABEKA
R100260314T033_A001,CONT-20,12000000,0,0,800000,0,0,12800000,A001 - WH AHI JABABEKA,PT. HAKKA HYDRO TIRTA,7,ON SCHEDULE,39,0,23.04.2026,14.03.2026,04.04.2026,05.06.2026,07.06.2026,08.06.2026,08.06.2026,,A001,WH AHI JABABEKA
R100260315L001_A001,CDD LONG CHASSIS,2000000,0,0,0,0,0,2000000,A001 - WH AHI JABABEKA,PT. ANTAR JARINGAN SEPANJANG JALAN,7,ON SCHEDULE,27,0,05.04.2026,08.03.2026,09.03.2026,10.03.2026,11.03.2026,12.03.2026,12.03.2026,,A001,WH AHI JABABEKA
R100260315L027_A001,CONT-20,15500000,0,0,0,0,800000,16300000,A001 - WH AHI JABABEKA,PT. TPIL LOGISTICS,7,ON SCHEDULE,41,0,27.04.2026,16.03.2026,15.04.2026,22.06.2026,22.06.2026,25.06.2026,25.06.2026,,A001,WH AHI JABABEKA
R100260315L027_A001,CONT-20,15500000,0,0,0,0,800000,16300000,A001 - WH AHI JABABEKA,PT. TPIL LOGISTICS,7,ON SCHEDULE,41,0,27.04.2026,16.03.2026,15.04.2026,22.06.2026,22.06.2026,25.06.2026,25.06.2026,,A001,WH AHI JABABEKA
R100260315L028_A001,CONT-20,16600000,0,0,0,0,800000,17400000,A001 - WH AHI JABABEKA,PT. TPIL LOGISTICS,7,ON SCHEDULE,43,0,29.04.2026,16.03.2026,15.04.2026,22.06.2026,22.06.2026,25.06.2026,25.06.2026,,A001,WH AHI JABABEKA
R100260315L028_A001,CONT-20,16600000,0,0,0,0,800000,17400000,A001 - WH AHI JABABEKA,PT. TPIL LOGISTICS,7,ON SCHEDULE,43,0,29.04.2026,16.03.2026,15.04.2026,22.06.2026,22.06.2026,25.06.2026,25.06.2026,,A001,WH AHI JABABEKA
R100260315L029_A001,CONT-20,14050000,0,0,0,0,800000,14850000,A001 - WH AHI JABABEKA,PT. TPIL LOGISTICS,7,ON SCHEDULE,42,0,28.04.2026,16.03.2026,26.03.2026,05.06.2026,05.06.2026,25.06.2026,26.06.2026,,A001,WH AHI JABABEKA
R100260315L029_A001,CONT-20,14050000,0,0,0,0,800000,14850000,A001 - WH AHI JABABEKA,PT. TPIL LOGISTICS,7,ON SCHEDULE,42,0,28.04.2026,16.03.2026,26.03.2026,05.06.2026,05.06.2026,25.06.2026,26.06.2026,,A001,WH AHI JABABEKA
R100260315L031_A001,CDD LONG CHASSIS,1400000,0,0,0,200000,700000,2300000,A001 - WH AHI JABABEKA,PT. BINTANG SAMUDRA RAYA,7,ON SCHEDULE,28,0,13.04.2026,15.03.2026,16.03.2026,17.04.2026,17.04.2026,20.04.2026,20.04.2026,,A001,WH AHI JABABEKA
R100260315L034_A001,CONT-20,16600000,0,0,0,0,800000,17400000,A001 - WH AHI JABABEKA,PT. TPIL LOGISTICS,7,ON SCHEDULE,43,0,29.04.2026,16.03.2026,15.04.2026,22.06.2026,22.06.2026,25.06.2026,25.06.2026,,A001,WH AHI JABABEKA
R100260315L034_A001,CONT-20,16600000,0,0,0,0,800000,17400000,A001 - WH AHI JABABEKA,PT. TPIL LOGISTICS,7,ON SCHEDULE,43,0,29.04.2026,16.03.2026,15.04.2026,22.06.2026,22.06.2026,25.06.2026,25.06.2026,,A001,WH AHI JABABEKA
R100260315L035_A001,CONT-20,15500000,0,0,0,0,800000,16300000,A001 - WH AHI JABABEKA,PT. TPIL LOGISTICS,7,ON SCHEDULE,41,0,27.04.2026,16.03.2026,15.04.2026,22.06.2026,22.06.2026,25.06.2026,25.06.2026,,A001,WH AHI JABABEKA
R100260315L035_A001,CONT-20,15500000,0,0,0,0,800000,16300000,A001 - WH AHI JABABEKA,PT. TPIL LOGISTICS,7,ON SCHEDULE,41,0,27.04.2026,16.03.2026,15.04.2026,22.06.2026,22.06.2026,25.06.2026,25.06.2026,,A001,WH AHI JABABEKA
R100260315L036_A001,CDD LONG CHASSIS,1700000,0,0,0,0,0,1700000,A001 - WH AHI JABABEKA,PT. ANTAR JARINGAN SEPANJANG JALAN,7,ON SCHEDULE,27,0,13.04.2026,16.03.2026,17.03.2026,31.03.2026,31.03.2026,02.04.2026,06.04.2026,,A001,WH AHI JABABEKA
R100260315L037_A001,CDD LONG CHASSIS,1400000,0,0,0,0,700000,2100000,A001 - WH AHI JABABEKA,PT. BINTANG SAMUDRA RAYA,7,ON SCHEDULE,28,0,13.04.2026,15.03.2026,16.03.2026,07.04.2026,07.04.2026,07.04.2026,07.04.2026,,A001,WH AHI JABABEKA
R100260315L037_A001,CDD LONG CHASSIS,1400000,0,0,0,0,700000,2100000,A001 - WH AHI JABABEKA,PT. BINTANG SAMUDRA RAYA,7,ON SCHEDULE,28,0,13.04.2026,15.03.2026,16.03.2026,07.04.2026,07.04.2026,07.04.2026,07.04.2026,,A001,WH AHI JABABEKA
R100260315L038_A001,CDD LONG CHASSIS,1900000,0,0,0,75000,0,1975000,A001 - WH AHI JABABEKA,PT. ANTAR JARINGAN SEPANJANG JALAN,7,ON SCHEDULE,27,0,13.04.2026,16.03.2026,17.03.2026,25.03.2026,30.03.2026,02.04.2026,06.04.2026,,A001,WH AHI JABABEKA
R100260315L039_A001,CDD LONG CHASSIS,1800000,0,0,0,75000,0,1875000,A001 - WH AHI JABABEKA,PT. ANTAR JARINGAN SEPANJANG JALAN,7,ON SCHEDULE,26,0,12.04.2026,16.03.2026,17.03.2026,25.03.2026,30.03.2026,01.04.2026,06.04.2026,,A001,WH AHI JABABEKA
R100260315L040_A001,CDD LONG CHASSIS,1900000,0,0,0,75000,0,1975000,A001 - WH AHI JABABEKA,PT. ANTAR JARINGAN SEPANJANG JALAN,7,ON SCHEDULE,28,0,14.04.2026,16.03.2026,17.03.2026,25.03.2026,30.03.2026,02.04.2026,06.04.2026,,A001,WH AHI JABABEKA
R100260315L041_A001,CDD LONG CHASSIS,1900000,0,0,0,0,0,1900000,A001 - WH AHI JABABEKA,PT. ANTAR JARINGAN SEPANJANG JALAN,7,ON SCHEDULE,28,0,14.04.2026,16.03.2026,17.03.2026,25.03.2026,26.03.2026,02.04.2026,06.04.2026,,A001,WH AHI JABABEKA
R100260315L042_A001,CDD LONG CHASSIS,1950000,0,0,0,0,700000,2650000,A001 - WH AHI JABABEKA,PT. BINTANG SAMUDRA RAYA,7,ON SCHEDULE,28,0,13.04.2026,15.03.2026,16.03.2026,15.04.2026,15.04.2026,15.04.2026,15.04.2026,,A001,WH AHI JABABEKA
R100260315L042_A001,CDD LONG CHASSIS,1950000,0,0,0,0,700000,2650000,A001 - WH AHI JABABEKA,PT. BINTANG SAMUDRA RAYA,7,ON SCHEDULE,28,0,13.04.2026,15.03.2026,16.03.2026,15.04.2026,15.04.2026,15.04.2026,15.04.2026,,A001,WH AHI JABABEKA
R100260315L042_A001,CDD LONG CHASSIS,1950000,0,0,0,0,700000,2650000,A001 - WH AHI JABABEKA,PT. BINTANG SAMUDRA RAYA,7,ON SCHEDULE,28,0,13.04.2026,15.03.2026,16.03.2026,15.04.2026,15.04.2026,15.04.2026,15.04.2026,,A001,WH AHI JABABEKA
R100260315L043_A001,CDD LONG CHASSIS,1900000,0,0,0,0,0,1900000,A001 - WH AHI JABABEKA,PT. ANTAR JARINGAN SEPANJANG JALAN,7,ON SCHEDULE,29,0,15.04.2026,16.03.2026,17.03.2026,25.03.2026,26.03.2026,02.04.2026,06.04.2026,,A001,WH AHI JABABEKA
R100260315L044_A001,CDD LONG CHASSIS,1900000,0,0,0,75000,0,1975000,A001 - WH AHI JABABEKA,PT. ANTAR JARINGAN SEPANJANG JALAN,7,ON SCHEDULE,28,0,14.04.2026,16.03.2026,17.03.2026,25.03.2026,30.03.2026,02.04.2026,06.04.2026,,A001,WH AHI JABABEKA
R100260315L045_A001,CDD LONG CHASSIS,1900000,0,0,0,0,0,1900000,A001 - WH AHI JABABEKA,PT. ANTAR JARINGAN SEPANJANG JALAN,7,ON SCHEDULE,27,0,13.04.2026,16.03.2026,25.03.2026,25.03.2026,26.03.2026,02.04.2026,06.04.2026,,A001,WH AHI JABABEKA
R100260315L046_A001,CDD LONG CHASSIS,6095000,0,0,0,290000,750000,7135000,A001 - WH AHI JABABEKA,PT. DUTA LINTAS NUSA,7,ON SCHEDULE,29,0,16.04.2026,17.03.2026,26.03.2026,24.04.2026,24.04.2026,05.05.2026,05.05.2026,,A001,WH AHI JABABEKA
R100260315L047_A001,CDD LONG CHASSIS,3300000,0,0,0,300000,500000,4100000,A001 - WH AHI JABABEKA,PT. JAYA MULYA ERALINDO,7,ON SCHEDULE,28,0,15.04.2026,17.03.2026,,22.05.2026,24.05.2026,25.05.2026,25.05.2026,,A001,WH AHI JABABEKA
R100260315L054_A001,CDD LONG CHASSIS,2250000,0,0,0,0,700000,2950000,A001 - WH AHI JABABEKA,PT. BINTANG SAMUDRA RAYA,7,ON SCHEDULE,28,0,14.04.2026,16.03.2026,17.03.2026,07.04.2026,07.04.2026,07.04.2026,07.04.2026,,A001,WH AHI JABABEKA
R100260315L054_A001,CDD LONG CHASSIS,2250000,0,0,0,0,700000,2950000,A001 - WH AHI JABABEKA,PT. BINTANG SAMUDRA RAYA,7,ON SCHEDULE,28,0,14.04.2026,16.03.2026,17.03.2026,07.04.2026,07.04.2026,07.04.2026,07.04.2026,,A001,WH AHI JABABEKA
R100260315L055_A001,CDD LONG CHASSIS,1900000,0,0,0,75000,0,1975000,A001 - WH AHI JABABEKA,PT. ANTAR JARINGAN SEPANJANG JALAN,7,ON SCHEDULE,28,0,14.04.2026,16.03.2026,17.03.2026,25.03.2026,30.03.2026,01.04.2026,06.04.2026,,A001,WH AHI JABABEKA
R100260315L060_A001,CDD LONG CHASSIS,3100000,0,0,0,400000,700000,4200000,A001 - WH AHI JABABEKA,PT. BINTANG SAMUDRA RAYA,7,ON SCHEDULE,29,0,15.04.2026,16.03.2026,25.03.2026,16.04.2026,16.04.2026,17.04.2026,17.04.2026,,A001,WH AHI JABABEKA
R100260315L062_A001,CDD LONG CHASSIS,4150000,0,0,0,400000,700000,5250000,A001 - WH AHI JABABEKA,PT. BINTANG SAMUDRA RAYA,7,ON SCHEDULE,28,0,13.04.2026,15.03.2026,17.03.2026,20.04.2026,20.04.2026,20.04.2026,20.04.2026,,A001,WH AHI JABABEKA
R100260315L062_A001,CDD LONG CHASSIS,4150000,0,0,0,400000,700000,5250000,A001 - WH AHI JABABEKA,PT. BINTANG SAMUDRA RAYA,7,ON SCHEDULE,28,0,13.04.2026,15.03.2026,17.03.2026,20.04.2026,20.04.2026,20.04.2026,20.04.2026,,A001,WH AHI JABABEKA
R100260315L062_A001,CDD LONG CHASSIS,4150000,0,0,0,400000,700000,5250000,A001 - WH AHI JABABEKA,PT. BINTANG SAMUDRA RAYA,7,ON SCHEDULE,28,0,13.04.2026,15.03.2026,17.03.2026,20.04.2026,20.04.2026,20.04.2026,20.04.2026,,A001,WH AHI JABABEKA
R100260315L069_A001,CDD LONG CHASSIS,2100000,0,0,0,0,700000,2800000,A001 - WH AHI JABABEKA,PT. BINTANG SAMUDRA RAYA,7,ON SCHEDULE,28,0,14.04.2026,16.03.2026,17.03.2026,15.04.2026,15.04.2026,15.04.2026,15.04.2026,,A001,WH AHI JABABEKA
R100260315L069_A001,CDD LONG CHASSIS,2100000,0,0,0,0,700000,2800000,A001 - WH AHI JABABEKA,PT. BINTANG SAMUDRA RAYA,7,ON SCHEDULE,28,0,14.04.2026,16.03.2026,17.03.2026,15.04.2026,15.04.2026,15.04.2026,15.04.2026,,A001,WH AHI JABABEKA
R100260315L069_A001,CDD LONG CHASSIS,2100000,0,0,0,0,700000,2800000,A001 - WH AHI JABABEKA,PT. BINTANG SAMUDRA RAYA,7,ON SCHEDULE,28,0,14.04.2026,16.03.2026,17.03.2026,15.04.2026,15.04.2026,15.04.2026,15.04.2026,,A001,WH AHI JABABEKA
R100260315L070_A001,CDD LONG CHASSIS,1900000,0,0,0,75000,0,1975000,A001 - WH AHI JABABEKA,PT. ANTAR JARINGAN SEPANJANG JALAN,7,ON SCHEDULE,27,0,13.04.2026,16.03.2026,17.03.2026,25.03.2026,30.03.2026,02.04.2026,06.04.2026,,A001,WH AHI JABABEKA
R100260315L071_A001,CDD LONG CHASSIS,3100000,0,0,0,0,700000,3800000,A001 - WH AHI JABABEKA,PT. BINTANG SAMUDRA RAYA,7,ON SCHEDULE,29,0,14.04.2026,15.03.2026,17.03.2026,07.04.2026,07.04.2026,07.04.2026,07.04.2026,,A001,WH AHI JABABEKA
R100260315L071_A001,CDD LONG CHASSIS,3100000,0,0,0,0,700000,3800000,A001 - WH AHI JABABEKA,PT. BINTANG SAMUDRA RAYA,7,ON SCHEDULE,29,0,14.04.2026,15.03.2026,17.03.2026,07.04.2026,07.04.2026,07.04.2026,07.04.2026,,A001,WH AHI JABABEKA
R100260315L072_A001,CDD LONG CHASSIS,9300000,0,0,0,0,0,9300000,A001 - WH AHI JABABEKA,PT. AGUNG MAKMUR JAYA,7,ON SCHEDULE,40,0,03.05.2026,23.03.2026,27.03.2026,27.03.2026,27.03.2026,14.04.2026,14.04.2026,,A001,WH AHI JABABEKA
R100260315T011_A001,BIG MAMA,9500000,0,0,0,0,1425000,10925000,A001 - WH AHI JABABEKA,PT. BINTANG BARU RAYA,7,ON SCHEDULE,30,0,15.04.2026,15.03.2026,25.03.2026,08.04.2026,08.04.2026,16.04.2026,16.04.2026,,A001,WH AHI JABABEKA
R100260315T011_A001,BIG MAMA,9500000,0,0,0,0,1425000,10925000,A001 - WH AHI JABABEKA,PT. BINTANG BARU RAYA,7,ON SCHEDULE,30,0,15.04.2026,15.03.2026,25.03.2026,08.04.2026,08.04.2026,16.04.2026,16.04.2026,,A001,WH AHI JABABEKA
R100260315T012_A001,BIG MAMA,9500000,0,0,0,0,1425000,10925000,A001 - WH AHI JABABEKA,PT. BINTANG BARU RAYA,7,ON SCHEDULE,30,0,15.04.2026,15.03.2026,25.03.2026,08.04.2026,08.04.2026,16.04.2026,16.04.2026,,A001,WH AHI JABABEKA
R100260315T012_A001,BIG MAMA,9500000,0,0,0,0,1425000,10925000,A001 - WH AHI JABABEKA,PT. BINTANG BARU RAYA,7,ON SCHEDULE,30,0,15.04.2026,15.03.2026,25.03.2026,08.04.2026,08.04.2026,16.04.2026,16.04.2026,,A001,WH AHI JABABEKA
R100260315T015_A001,CONT-20,13800000,0,0,0,0,800000,14600000,A001 - WH AHI JABABEKA,PT. SENTOSAPRIMA ABADI,7,ON SCHEDULE,39,0,25.04.2026,16.03.2026,15.04.2026,26.05.2026,26.05.2026,29.05.2026,29.05.2026,,A001,WH AHI JABABEKA
R100260315T016_A001,WINGBOX,6600000,0,0,0,0,500000,7100000,A001 - WH AHI JABABEKA,PT. JAYA MULYA ERALINDO,7,ON SCHEDULE,30,0,15.04.2026,15.03.2026,26.03.2026,01.04.2026,01.04.2026,01.04.2026,01.04.2026,,A001,WH AHI JABABEKA
R100260316L009_A001,CONT-20,13800000,0,0,0,0,800000,14600000,A001 - WH AHI JABABEKA,PT. SENTOSAPRIMA ABADI,7,ON SCHEDULE,39,0,27.04.2026,18.03.2026,15.04.2026,26.05.2026,26.05.2026,29.05.2026,29.05.2026,,A001,WH AHI JABABEKA
R100260316L044_A001,CDD LONG CHASSIS,1900000,0,0,0,75000,0,1975000,A001 - WH AHI JABABEKA,PT. ANTAR JARINGAN SEPANJANG JALAN,7,ON SCHEDULE,28,0,15.04.2026,17.03.2026,25.03.2026,25.03.2026,30.03.2026,02.04.2026,06.04.2026,,A001,WH AHI JABABEKA
R100260316L045_A001,CDD LONG CHASSIS,1400000,0,0,0,200000,700000,2300000,A001 - WH AHI JABABEKA,PT. BINTANG SAMUDRA RAYA,7,ON SCHEDULE,28,0,14.04.2026,16.03.2026,17.03.2026,17.04.2026,17.04.2026,20.04.2026,20.04.2026,,A001,WH AHI JABABEKA
R100260316L045_A001,CDD LONG CHASSIS,1400000,0,0,0,200000,700000,2300000,A001 - WH AHI JABABEKA,PT. BINTANG SAMUDRA RAYA,7,ON SCHEDULE,28,0,14.04.2026,16.03.2026,17.03.2026,17.04.2026,17.04.2026,20.04.2026,20.04.2026,,A001,WH AHI JABABEKA
R100260316L045_A001,CDD LONG CHASSIS,1400000,0,0,0,200000,700000,2300000,A001 - WH AHI JABABEKA,PT. BINTANG SAMUDRA RAYA,7,ON SCHEDULE,28,0,14.04.2026,16.03.2026,17.03.2026,17.04.2026,17.04.2026,20.04.2026,20.04.2026,,A001,WH AHI JABABEKA
R100260316L046_A001,CDD LONG CHASSIS,2100000,0,0,0,300000,700000,3100000,A001 - WH AHI JABABEKA,PT. BINTANG SAMUDRA RAYA,7,ON SCHEDULE,26,0,13.04.2026,17.03.2026,25.03.2026,17.04.2026,17.04.2026,20.04.2026,20.04.2026,,A001,WH AHI JABABEKA
R100260316L047_A001,CDD LONG CHASSIS,1725000,0,0,0,0,700000,2425000,A001 - WH AHI JABABEKA,PT. BINTANG SAMUDRA RAYA,7,ON SCHEDULE,27,0,13.04.2026,16.03.2026,17.03.2026,15.04.2026,15.04.2026,15.04.2026,15.04.2026,,A001,WH AHI JABABEKA
R100260316L047_A001,CDD LONG CHASSIS,1725000,0,0,0,0,700000,2425000,A001 - WH AHI JABABEKA,PT. BINTANG SAMUDRA RAYA,7,ON SCHEDULE,27,0,13.04.2026,16.03.2026,17.03.2026,15.04.2026,15.04.2026,15.04.2026,15.04.2026,,A001,WH AHI JABABEKA
R100260316L047_A001,CDD LONG CHASSIS,1725000,0,0,0,0,700000,2425000,A001 - WH AHI JABABEKA,PT. BINTANG SAMUDRA RAYA,7,ON SCHEDULE,27,0,13.04.2026,16.03.2026,17.03.2026,15.04.2026,15.04.2026,15.04.2026,15.04.2026,,A001,WH AHI JABABEKA
R100260316L048_A001,CDD LONG CHASSIS,7400000,0,0,0,0,700000,8100000,A001 - WH AHI JABABEKA,PT. BINTANG SAMUDRA RAYA,7,ON SCHEDULE,31,0,25.04.2026,24.03.2026,28.03.2026,15.04.2026,15.04.2026,15.04.2026,15.04.2026,,A001,WH AHI JABABEKA
R100260316L048_A001,CDD LONG CHASSIS,7400000,0,0,0,0,700000,8100000,A001 - WH AHI JABABEKA,PT. BINTANG SAMUDRA RAYA,7,ON SCHEDULE,31,0,25.04.2026,24.03.2026,28.03.2026,15.04.2026,15.04.2026,15.04.2026,15.04.2026,,A001,WH AHI JABABEKA
R100260316L048_A001,CDD LONG CHASSIS,7400000,0,0,0,0,700000,8100000,A001 - WH AHI JABABEKA,PT. BINTANG SAMUDRA RAYA,7,ON SCHEDULE,31,0,25.04.2026,24.03.2026,28.03.2026,15.04.2026,15.04.2026,15.04.2026,15.04.2026,,A001,WH AHI JABABEKA
R100260316L049_A001,FUSO,14750000,0,0,0,300000,500000,15550000,A001 - WH AHI JABABEKA,PT. SATRIA PIRANTI PERKASA,7,ON SCHEDULE,41,0,05.05.2026,24.03.2026,28.03.2026,08.04.2026,08.04.2026,16.04.2026,16.04.2026,,A001,WH AHI JABABEKA
R100260316L050_A001,CONT-20,13800000,0,0,0,0,800000,14600000,A001 - WH AHI JABABEKA,PT. SENTOSAPRIMA ABADI,7,ON SCHEDULE,39,0,26.04.2026,17.03.2026,15.04.2026,15.05.2026,17.05.2026,20.05.2026,20.05.2026,,A001,WH AHI JABABEKA
R100260316L051_A001,CONT-20,15000000,0,0,0,0,800000,15800000,A001 - WH AHI JABABEKA,PT. SENTOSAPRIMA ABADI,7,ON SCHEDULE,39,0,26.04.2026,17.03.2026,04.04.2026,18.05.2026,18.05.2026,20.05.2026,20.05.2026,,A001,WH AHI JABABEKA
R100260316L053_A001,FUSO,14750000,0,0,0,0,500000,15250000,A001 - WH AHI JABABEKA,PT. SATRIA PIRANTI PERKASA,7,ON SCHEDULE,41,0,12.05.2026,31.03.2026,31.03.2026,14.04.2026,14.04.2026,17.04.2026,17.04.2026,,A001,WH AHI JABABEKA
R100260316L055_A001,FUSO,17250000,0,0,0,0,1000000,18250000,A001 - WH AHI JABABEKA,PT. DUTA LINTAS NUSA,7,ON SCHEDULE,31,0,25.04.2026,24.03.2026,28.03.2026,24.04.2026,24.04.2026,05.05.2026,05.05.2026,,A001,WH AHI JABABEKA
R100260316L056_A001,CDD LONG CHASSIS,2350000,0,0,0,0,700000,3050000,A001 - WH AHI JABABEKA,PT. BINTANG SAMUDRA RAYA,7,ON SCHEDULE,28,0,15.04.2026,17.03.2026,26.03.2026,15.04.2026,15.04.2026,15.04.2026,15.04.2026,,A001,WH AHI JABABEKA
R100260316L056_A001,CDD LONG CHASSIS,2350000,0,0,0,0,700000,3050000,A001 - WH AHI JABABEKA,PT. BINTANG SAMUDRA RAYA,7,ON SCHEDULE,28,0,15.04.2026,17.03.2026,26.03.2026,15.04.2026,15.04.2026,15.04.2026,15.04.2026,,A001,WH AHI JABABEKA
R100260316L056_A001,CDD LONG CHASSIS,2350000,0,0,0,0,700000,3050000,A001 - WH AHI JABABEKA,PT. BINTANG SAMUDRA RAYA,7,ON SCHEDULE,28,0,15.04.2026,17.03.2026,26.03.2026,15.04.2026,15.04.2026,15.04.2026,15.04.2026,,A001,WH AHI JABABEKA
R100260316L057_A001,CDD LONG CHASSIS,3950000,0,0,0,0,1800000,5750000,A001 - WH AHI JABABEKA,PT. CEHA LOGISTIK CEMERLANG,7,ON SCHEDULE,28,0,15.04.2026,17.03.2026,25.03.2026,30.03.2026,31.03.2026,06.04.2026,06.04.2026,,A001,WH AHI JABABEKA
R100260316L058_A001,CDD LONG CHASSIS,2250000,0,0,0,400000,700000,3350000,A001 - WH AHI JABABEKA,PT. BINTANG SAMUDRA RAYA,7,ON SCHEDULE,28,0,15.04.2026,17.03.2026,25.03.2026,17.04.2026,17.04.2026,20.04.2026,20.04.2026,,A001,WH AHI JABABEKA
R100260316L058_A001,CDD LONG CHASSIS,2250000,0,0,0,400000,700000,3350000,A001 - WH AHI JABABEKA,PT. BINTANG SAMUDRA RAYA,7,ON SCHEDULE,28,0,15.04.2026,17.03.2026,25.03.2026,17.04.2026,17.04.2026,20.04.2026,20.04.2026,,A001,WH AHI JABABEKA
R100260316L058_A001,CDD LONG CHASSIS,2250000,0,0,0,400000,700000,3350000,A001 - WH AHI JABABEKA,PT. BINTANG SAMUDRA RAYA,7,ON SCHEDULE,28,0,15.04.2026,17.03.2026,25.03.2026,17.04.2026,17.04.2026,20.04.2026,20.04.2026,,A001,WH AHI JABABEKA
R100260316L059_A001,CDD LONG CHASSIS,1725000,0,0,0,400000,700000,2825000,A001 - WH AHI JABABEKA,PT. BINTANG SAMUDRA RAYA,7,ON SCHEDULE,28,0,15.04.2026,17.03.2026,25.03.2026,17.04.2026,17.04.2026,20.04.2026,20.04.2026,,A001,WH AHI JABABEKA
R100260316L077_A001,CONT-20,15000000,0,0,0,0,800000,15800000,A001 - WH AHI JABABEKA,PT. SENTOSAPRIMA ABADI,7,ON SCHEDULE,39,0,26.04.2026,17.03.2026,04.04.2026,26.05.2026,26.05.2026,03.06.2026,03.06.2026,,A001,WH AHI JABABEKA
R100260316T001_A001,CONT-40,8750000,0,0,0,0,0,8750000,A001 - WH AHI JABABEKA,PT. CIKARANG GERBANG SOLUSI,4,LATE,18,129,16.04.2026,28.03.2026,31.03.2026,02.06.2026,03.06.2026,20.07.2026,,,A001,WH AHI JABABEKA
R100260316T002_A001,CONT-40,8750000,0,0,0,0,0,8750000,A001 - WH AHI JABABEKA,PT. CIKARANG GERBANG SOLUSI,4,LATE,18,129,15.04.2026,27.03.2026,31.03.2026,02.06.2026,03.06.2026,20.07.2026,,,A001,WH AHI JABABEKA
R100260316T019_A001,WINGBOX,7200000,0,0,0,0,500000,7700000,A001 - WH AHI JABABEKA,PT. JAYA MULYA ERALINDO,7,ON SCHEDULE,30,0,16.04.2026,16.03.2026,26.03.2026,01.04.2026,01.04.2026,01.04.2026,01.04.2026,,A001,WH AHI JABABEKA
R100260316T020_A001,WINGBOX,7200000,0,0,0,0,500000,7700000,A001 - WH AHI JABABEKA,PT. JAYA MULYA ERALINDO,7,ON SCHEDULE,30,0,16.04.2026,16.03.2026,26.03.2026,01.04.2026,01.04.2026,01.04.2026,01.04.2026,,A001,WH AHI JABABEKA
R100260316T021_A001,CONT-40,8750000,0,0,0,0,0,8750000,A001 - WH AHI JABABEKA,PT. CIKARANG GERBANG SOLUSI,7,ON SCHEDULE,30,0,29.04.2026,29.03.2026,03.04.2026,02.06.2026,03.06.2026,22.06.2026,06.07.2026,,A001,WH AHI JABABEKA
R100260316T023_A001,WINGBOX,6600000,0,0,0,0,500000,7100000,A001 - WH AHI JABABEKA,PT. JAYA MULYA ERALINDO,7,ON SCHEDULE,30,0,17.04.2026,17.03.2026,26.03.2026,07.04.2026,07.04.2026,09.04.2026,09.04.2026,,A001,WH AHI JABABEKA
R100260316T024_A001,WINGBOX,5650000,0,0,0,0,500000,6150000,A001 - WH AHI JABABEKA,PT. DUTA MEDIA MANDIRI,7,ON SCHEDULE,30,0,28.04.2026,28.03.2026,31.03.2026,08.04.2026,08.04.2026,13.04.2026,13.04.2026,,A001,WH AHI JABABEKA
R100260317L037_A001,CDD LONG CHASSIS,3100000,0,0,0,400000,700000,4200000,A001 - WH AHI JABABEKA,PT. BINTANG SAMUDRA RAYA,7,ON SCHEDULE,29,0,16.04.2026,17.03.2026,26.03.2026,17.04.2026,17.04.2026,20.04.2026,20.04.2026,,A001,WH AHI JABABEKA
R100260317L037_A001,CDD LONG CHASSIS,3100000,0,0,0,400000,700000,4200000,A001 - WH AHI JABABEKA,PT. BINTANG SAMUDRA RAYA,7,ON SCHEDULE,29,0,16.04.2026,17.03.2026,26.03.2026,17.04.2026,17.04.2026,20.04.2026,20.04.2026,,A001,WH AHI JABABEKA
R100260317L037_A001,CDD LONG CHASSIS,3100000,0,0,0,400000,700000,4200000,A001 - WH AHI JABABEKA,PT. BINTANG SAMUDRA RAYA,7,ON SCHEDULE,29,0,16.04.2026,17.03.2026,26.03.2026,17.04.2026,17.04.2026,20.04.2026,20.04.2026,,A001,WH AHI JABABEKA
R100260317L039_A001,CDD LONG CHASSIS,4500000,0,0,0,250000,0,4750000,A001 - WH AHI JABABEKA,PT. JASATAMA DIRGANTARA EKSPRES,7,ON SCHEDULE,28,0,23.04.2026,25.03.2026,25.03.2026,15.06.2026,15.06.2026,29.06.2026,29.06.2026,,A001,WH AHI JABABEKA
R100260317L040_A001,CDD LONG CHASSIS,1725000,0,0,0,300000,700000,2725000,A001 - WH AHI JABABEKA,PT. BINTANG SAMUDRA RAYA,7,ON SCHEDULE,27,0,14.04.2026,17.03.2026,25.03.2026,17.04.2026,17.04.2026,20.04.2026,20.04.2026,,A001,WH AHI JABABEKA
R100260317L041_A001,CDD LONG CHASSIS,1400000,0,0,0,200000,700000,2300000,A001 - WH AHI JABABEKA,PT. BINTANG SAMUDRA RAYA,7,ON SCHEDULE,28,0,15.04.2026,17.03.2026,25.03.2026,17.04.2026,17.04.2026,20.04.2026,20.04.2026,,A001,WH AHI JABABEKA
R100260317L041_A001,CDD LONG CHASSIS,1400000,0,0,0,200000,700000,2300000,A001 - WH AHI JABABEKA,PT. BINTANG SAMUDRA RAYA,7,ON SCHEDULE,28,0,15.04.2026,17.03.2026,25.03.2026,17.04.2026,17.04.2026,20.04.2026,20.04.2026,,A001,WH AHI JABABEKA
R100260317L041_A001,CDD LONG CHASSIS,1400000,0,0,0,200000,700000,2300000,A001 - WH AHI JABABEKA,PT. BINTANG SAMUDRA RAYA,7,ON SCHEDULE,28,0,15.04.2026,17.03.2026,25.03.2026,17.04.2026,17.04.2026,20.04.2026,20.04.2026,,A001,WH AHI JABABEKA
R100260317L042_A001,CDD LONG CHASSIS,3800000,0,0,0,0,1800000,5600000,A001 - WH AHI JABABEKA,PT. CEHA LOGISTIK CEMERLANG,7,ON SCHEDULE,29,0,16.04.2026,17.03.2026,25.03.2026,30.03.2026,31.03.2026,06.04.2026,06.04.2026,,A001,WH AHI JABABEKA
R100260317L043_A001,CDD LONG CHASSIS,3900000,0,0,0,0,1800000,5700000,A001 - WH AHI JABABEKA,PT. CEHA LOGISTIK CEMERLANG,7,ON SCHEDULE,28,0,15.04.2026,17.03.2026,25.03.2026,30.03.2026,31.03.2026,06.04.2026,06.04.2026,,A001,WH AHI JABABEKA
R100260317L046_A001,CDD LONG CHASSIS,3900000,0,0,0,500000,1800000,6200000,A001 - WH AHI JABABEKA,PT. CEHA LOGISTIK CEMERLANG,7,ON SCHEDULE,28,0,16.04.2026,18.03.2026,25.03.2026,30.03.2026,31.03.2026,06.04.2026,06.04.2026,,A001,WH AHI JABABEKA
R100260317L048_A001,CDD LONG CHASSIS,5800000,0,0,0,100000,250000,6150000,A001 - WH AHI JABABEKA,PT. AGUNG MAKMUR JAYA,7,ON SCHEDULE,28,0,16.04.2026,18.03.2026,,14.04.2026,15.04.2026,15.04.2026,16.04.2026,,A001,WH AHI JABABEKA
R100260317L048_A001,CDD LONG CHASSIS,5800000,0,0,0,100000,250000,6150000,A001 - WH AHI JABABEKA,PT. AGUNG MAKMUR JAYA,7,ON SCHEDULE,28,0,16.04.2026,18.03.2026,,14.04.2026,15.04.2026,15.04.2026,16.04.2026,,A001,WH AHI JABABEKA
R100260317L049_A001,CDD LONG CHASSIS,3500000,0,0,0,250000,0,3750000,A001 - WH AHI JABABEKA,PT. JASATAMA DIRGANTARA EKSPRES,7,ON SCHEDULE,28,0,26.04.2026,28.03.2026,,24.04.2026,24.04.2026,24.04.2026,06.05.2026,,A001,WH AHI JABABEKA
R100260317L049_A001,CDD LONG CHASSIS,3500000,0,0,0,250000,0,3750000,A001 - WH AHI JABABEKA,PT. JASATAMA DIRGANTARA EKSPRES,7,ON SCHEDULE,28,0,26.04.2026,28.03.2026,,24.04.2026,24.04.2026,24.04.2026,06.05.2026,,A001,WH AHI JABABEKA
R100260317L049_A001,CDD LONG CHASSIS,3500000,0,0,0,250000,0,3750000,A001 - WH AHI JABABEKA,PT. JASATAMA DIRGANTARA EKSPRES,7,ON SCHEDULE,28,0,26.04.2026,28.03.2026,,24.04.2026,24.04.2026,24.04.2026,06.05.2026,,A001,WH AHI JABABEKA
R100260317L050_A001,CDD LONG CHASSIS,6095000,0,0,0,290000,750000,7135000,A001 - WH AHI JABABEKA,PT. DUTA LINTAS NUSA,7,ON SCHEDULE,30,0,17.04.2026,17.03.2026,26.03.2026,24.04.2026,24.04.2026,05.05.2026,05.05.2026,,A001,WH AHI JABABEKA
R100260317L052_A001,CDD LONG CHASSIS,1700000,0,0,0,0,0,1700000,A001 - WH AHI JABABEKA,PT. ANTAR JARINGAN SEPANJANG JALAN,7,ON SCHEDULE,28,0,15.04.2026,17.03.2026,25.03.2026,25.03.2026,26.03.2026,02.04.2026,06.04.2026,,A001,WH AHI JABABEKA
R100260318L029_A001,CDD LONG CHASSIS,3900000,0,0,0,250000,1800000,5950000,A001 - WH AHI JABABEKA,PT. CEHA LOGISTIK CEMERLANG,7,ON SCHEDULE,28,0,16.04.2026,18.03.2026,25.03.2026,30.03.2026,31.03.2026,06.04.2026,06.04.2026,,A001,WH AHI JABABEKA
R100260318L030_A001,CDD LONG CHASSIS,1900000,0,0,0,75000,300000,2275000,A001 - WH AHI JABABEKA,PT. ANTAR JARINGAN SEPANJANG JALAN,7,ON SCHEDULE,28,0,17.04.2026,19.03.2026,25.03.2026,26.03.2026,30.03.2026,01.04.2026,06.04.2026,,A001,WH AHI JABABEKA
R100260318L031_A001,CDD LONG CHASSIS,1900000,0,0,0,75000,300000,2275000,A001 - WH AHI JABABEKA,PT. ANTAR JARINGAN SEPANJANG JALAN,7,ON SCHEDULE,28,0,17.04.2026,19.03.2026,25.03.2026,26.03.2026,30.03.2026,01.04.2026,06.04.2026,,A001,WH AHI JABABEKA
R100260318L032_A001,CDD LONG CHASSIS,1800000,0,0,0,75000,300000,2175000,A001 - WH AHI JABABEKA,PT. ANTAR JARINGAN SEPANJANG JALAN,7,ON SCHEDULE,28,0,17.04.2026,19.03.2026,25.03.2026,26.03.2026,30.03.2026,01.04.2026,06.04.2026,,A001,WH AHI JABABEKA
R100260318L033_A001,CDD LONG CHASSIS,1600000,0,0,0,200000,700000,2500000,A001 - WH AHI JABABEKA,PT. BINTANG SAMUDRA RAYA,7,ON SCHEDULE,28,0,16.04.2026,18.03.2026,25.03.2026,17.04.2026,17.04.2026,20.04.2026,20.04.2026,,A001,WH AHI JABABEKA
R100260318L034_A001,CDD LONG CHASSIS,1500000,0,0,0,0,300000,1800000,A001 - WH AHI JABABEKA,PT. ANTAR JARINGAN SEPANJANG JALAN,7,ON SCHEDULE,28,0,17.04.2026,19.03.2026,25.03.2026,26.03.2026,30.03.2026,01.04.2026,06.04.2026,,A001,WH AHI JABABEKA
R100260318L035_A001,CDD LONG CHASSIS,1900000,0,0,0,150000,300000,2350000,A001 - WH AHI JABABEKA,PT. ANTAR JARINGAN SEPANJANG JALAN,7,ON SCHEDULE,27,0,16.04.2026,19.03.2026,25.03.2026,26.03.2026,30.03.2026,02.04.2026,06.04.2026,,A001,WH AHI JABABEKA
R100260318L037_A001,CONT-20,13800000,0,0,800000,0,800000,15400000,A001 - WH AHI JABABEKA,PT. SENTOSAPRIMA ABADI,7,ON SCHEDULE,40,0,28.04.2026,18.03.2026,15.04.2026,15.05.2026,17.05.2026,20.05.2026,20.05.2026,,A001,WH AHI JABABEKA
R100260318L038_A001,CONT-20,15000000,0,0,0,0,800000,15800000,A001 - WH AHI JABABEKA,PT. SENTOSAPRIMA ABADI,7,ON SCHEDULE,39,0,27.04.2026,18.03.2026,04.04.2026,02.06.2026,03.06.2026,03.06.2026,03.06.2026,,A001,WH AHI JABABEKA
R100260318L039_A001,CONT-20,15000000,0,0,0,0,800000,15800000,A001 - WH AHI JABABEKA,PT. SENTOSAPRIMA ABADI,7,ON SCHEDULE,39,0,27.04.2026,18.03.2026,04.04.2026,18.05.2026,18.05.2026,20.05.2026,20.05.2026,,A001,WH AHI JABABEKA
R100260318L041_A001,CDD LONG CHASSIS,3100000,0,0,0,400000,700000,4200000,A001 - WH AHI JABABEKA,PT. BINTANG SAMUDRA RAYA,7,ON SCHEDULE,29,0,18.04.2026,19.03.2026,26.03.2026,17.04.2026,17.04.2026,20.04.2026,20.04.2026,,A001,WH AHI JABABEKA
R100260318L041_A001,CDD LONG CHASSIS,3100000,0,0,0,400000,700000,4200000,A001 - WH AHI JABABEKA,PT. BINTANG SAMUDRA RAYA,7,ON SCHEDULE,29,0,18.04.2026,19.03.2026,26.03.2026,17.04.2026,17.04.2026,20.04.2026,20.04.2026,,A001,WH AHI JABABEKA
R100260318L041_A001,CDD LONG CHASSIS,3100000,0,0,0,400000,700000,4200000,A001 - WH AHI JABABEKA,PT. BINTANG SAMUDRA RAYA,7,ON SCHEDULE,29,0,18.04.2026,19.03.2026,26.03.2026,17.04.2026,17.04.2026,20.04.2026,20.04.2026,,A001,WH AHI JABABEKA
R100260318L042_A001,CDD LONG CHASSIS,1500000,0,0,0,75000,300000,1875000,A001 - WH AHI JABABEKA,PT. ANTAR JARINGAN SEPANJANG JALAN,7,ON SCHEDULE,28,0,17.04.2026,19.03.2026,25.03.2026,31.03.2026,31.03.2026,02.04.2026,06.04.2026,,A001,WH AHI JABABEKA
R100260318L045_A001,CDD LONG CHASSIS,4900000,0,0,0,300000,400000,5600000,A001 - WH AHI JABABEKA,PT.ORANG KREATIF EKSIS,7,ON SCHEDULE,28,0,17.04.2026,19.03.2026,26.03.2026,31.03.2026,01.04.2026,07.04.2026,08.04.2026,,A001,WH AHI JABABEKA
R100260319L027_A001,CDD LONG CHASSIS,1600000,0,0,0,200000,700000,2500000,A001 - WH AHI JABABEKA,PT. BINTANG SAMUDRA RAYA,7,ON SCHEDULE,28,0,17.04.2026,19.03.2026,25.03.2026,17.04.2026,17.04.2026,20.04.2026,20.04.2026,,A001,WH AHI JABABEKA
R100260320L005_A001,CDD LONG CHASSIS,4500000,0,0,0,250000,0,4750000,A001 - WH AHI JABABEKA,PT. JASATAMA DIRGANTARA EKSPRES,6,LATE,28,133,21.04.2026,23.03.2026,25.03.2026,06.05.2026,08.05.2026,09.07.2026,09.07.2026,,A001,WH AHI JABABEKA
R100260320L006_A001,CDD LONG CHASSIS,3500000,0,0,0,250000,0,3750000,A001 - WH AHI JABABEKA,PT. JASATAMA DIRGANTARA EKSPRES,6,LATE,28,133,21.04.2026,23.03.2026,25.03.2026,09.07.2026,10.07.2026,20.07.2026,20.07.2026,,A001,WH AHI JABABEKA
R100260320L007_A001,CDD LONG CHASSIS,2300000,0,0,0,75000,300000,2675000,A001 - WH AHI JABABEKA,PT. ANTAR JARINGAN SEPANJANG JALAN,7,ON SCHEDULE,28,0,23.04.2026,25.03.2026,26.03.2026,30.03.2026,30.03.2026,01.04.2026,06.04.2026,,A001,WH AHI JABABEKA
R100260320L008_A001,CDD LONG CHASSIS,3500000,0,0,0,0,0,3500000,A001 - WH AHI JABABEKA,PT. JASATAMA DIRGANTARA EKSPRES,6,LATE,28,133,21.04.2026,23.03.2026,25.03.2026,09.07.2026,10.07.2026,20.07.2026,20.07.2026,,A001,WH AHI JABABEKA
R100260320L010_A001,CDD LONG CHASSIS,3500000,0,0,0,0,0,3500000,A001 - WH AHI JABABEKA,PT. JASATAMA DIRGANTARA EKSPRES,6,LATE,28,133,21.04.2026,23.03.2026,25.03.2026,09.07.2026,10.07.2026,20.07.2026,20.07.2026,,A001,WH AHI JABABEKA
R100260320L011_A001,CDD LONG CHASSIS,4000000,0,0,0,0,0,4000000,A001 - WH AHI JABABEKA,PT. JASATAMA DIRGANTARA EKSPRES,2,LATE,7,133,31.03.2026,23.03.2026,25.03.2026,,,,,,A001,WH AHI JABABEKA
R100260320L012_A001,CDD LONG CHASSIS,1400000,0,0,0,150000,300000,1850000,A001 - WH AHI JABABEKA,PT. ANTAR JARINGAN SEPANJANG JALAN,7,ON SCHEDULE,28,0,22.04.2026,24.03.2026,26.03.2026,30.03.2026,30.03.2026,01.04.2026,06.04.2026,,A001,WH AHI JABABEKA
R100260320L012_A001,CDD LONG CHASSIS,1400000,0,0,0,150000,300000,1850000,A001 - WH AHI JABABEKA,PT. ANTAR JARINGAN SEPANJANG JALAN,7,ON SCHEDULE,28,0,22.04.2026,24.03.2026,26.03.2026,30.03.2026,30.03.2026,01.04.2026,06.04.2026,,A001,WH AHI JABABEKA
R100260323L009_A001,CDD LONG CHASSIS,1400000,0,0,0,0,700000,2100000,A001 - WH AHI JABABEKA,PT. BINTANG SAMUDRA RAYA,6,LATE,28,133,21.04.2026,23.03.2026,25.03.2026,14.04.2026,14.04.2026,20.05.2026,20.05.2026,,A001,WH AHI JABABEKA
R100260323L009_A001,CDD LONG CHASSIS,1400000,0,0,0,0,700000,2100000,A001 - WH AHI JABABEKA,PT. BINTANG SAMUDRA RAYA,6,LATE,28,133,21.04.2026,23.03.2026,25.03.2026,14.04.2026,14.04.2026,20.05.2026,20.05.2026,,A001,WH AHI JABABEKA
R100260323L009_A001,CDD LONG CHASSIS,1400000,0,0,0,0,700000,2100000,A001 - WH AHI JABABEKA,PT. BINTANG SAMUDRA RAYA,6,LATE,28,133,21.04.2026,23.03.2026,25.03.2026,14.04.2026,14.04.2026,20.05.2026,20.05.2026,,A001,WH AHI JABABEKA
R100260323L010_A001,CDD LONG CHASSIS,4500000,0,0,0,0,0,4500000,A001 - WH AHI JABABEKA,PT. JASATAMA DIRGANTARA EKSPRES,7,ON SCHEDULE,28,0,21.04.2026,23.03.2026,25.03.2026,06.05.2026,06.05.2026,19.05.2026,19.05.2026,,A001,WH AHI JABABEKA
R100260323L012_A001,CDD LONG CHASSIS,1500000,0,0,0,0,300000,1800000,A001 - WH AHI JABABEKA,PT. ANTAR JARINGAN SEPANJANG JALAN,7,ON SCHEDULE,28,0,22.04.2026,24.03.2026,26.03.2026,30.03.2026,30.03.2026,01.04.2026,06.04.2026,,A001,WH AHI JABABEKA
R100260323L013_A001,CDD LONG CHASSIS,3500000,0,0,0,250000,0,3750000,A001 - WH AHI JABABEKA,PT. JASATAMA DIRGANTARA EKSPRES,6,LATE,29,133,22.04.2026,23.03.2026,25.03.2026,09.07.2026,10.07.2026,20.07.2026,20.07.2026,,A001,WH AHI JABABEKA
R100260323L014_A001,CDD LONG CHASSIS,4000000,0,0,0,0,0,4000000,A001 - WH AHI JABABEKA,PT. JASATAMA DIRGANTARA EKSPRES,2,LATE,7,133,31.03.2026,23.03.2026,25.03.2026,,,,,,A001,WH AHI JABABEKA
R100260323L015_A001,CDD LONG CHASSIS,2850000,0,0,0,0,700000,3550000,A001 - WH AHI JABABEKA,PT. BINTANG SAMUDRA RAYA,6,LATE,28,133,21.04.2026,23.03.2026,18.05.2026,19.05.2026,20.05.2026,20.05.2026,20.05.2026,,A001,WH AHI JABABEKA
R100260323L015_A001,CDD LONG CHASSIS,2850000,0,0,0,0,700000,3550000,A001 - WH AHI JABABEKA,PT. BINTANG SAMUDRA RAYA,6,LATE,28,133,21.04.2026,23.03.2026,18.05.2026,19.05.2026,20.05.2026,20.05.2026,20.05.2026,,A001,WH AHI JABABEKA
R100260323L015_A001,CDD LONG CHASSIS,2850000,0,0,0,0,700000,3550000,A001 - WH AHI JABABEKA,PT. BINTANG SAMUDRA RAYA,6,LATE,28,133,21.04.2026,23.03.2026,18.05.2026,19.05.2026,20.05.2026,20.05.2026,20.05.2026,,A001,WH AHI JABABEKA
R100260323L016_A001,CDD LONG CHASSIS,3800000,0,0,0,500000,1800000,6100000,A001 - WH AHI JABABEKA,PT. CEHA LOGISTIK CEMERLANG,7,ON SCHEDULE,28,0,22.04.2026,24.03.2026,26.03.2026,02.04.2026,02.04.2026,06.04.2026,06.04.2026,,A001,WH AHI JABABEKA
R100260323L018_A001,CDD LONG CHASSIS,3500000,0,0,0,250000,0,3750000,A001 - WH AHI JABABEKA,PT. JASATAMA DIRGANTARA EKSPRES,6,LATE,28,133,22.04.2026,24.03.2026,25.03.2026,09.07.2026,10.07.2026,20.07.2026,20.07.2026,,A001,WH AHI JABABEKA
R100260323L019_A001,CDD LONG CHASSIS,3500000,0,0,0,250000,0,3750000,A001 - WH AHI JABABEKA,PT. JASATAMA DIRGANTARA EKSPRES,6,LATE,28,133,22.04.2026,24.03.2026,25.03.2026,09.07.2026,10.07.2026,20.07.2026,20.07.2026,,A001,WH AHI JABABEKA
R100260323L021_A001,CDD LONG CHASSIS,2350000,0,0,0,0,700000,3050000,A001 - WH AHI JABABEKA,PT. BINTANG SAMUDRA RAYA,7,ON SCHEDULE,28,0,21.04.2026,23.03.2026,26.03.2026,15.04.2026,15.04.2026,15.04.2026,15.04.2026,,A001,WH AHI JABABEKA
R100260323L021_A001,CDD LONG CHASSIS,2350000,0,0,0,0,700000,3050000,A001 - WH AHI JABABEKA,PT. BINTANG SAMUDRA RAYA,7,ON SCHEDULE,28,0,21.04.2026,23.03.2026,26.03.2026,15.04.2026,15.04.2026,15.04.2026,15.04.2026,,A001,WH AHI JABABEKA
R100260323L021_A001,CDD LONG CHASSIS,2350000,0,0,0,0,700000,3050000,A001 - WH AHI JABABEKA,PT. BINTANG SAMUDRA RAYA,7,ON SCHEDULE,28,0,21.04.2026,23.03.2026,26.03.2026,15.04.2026,15.04.2026,15.04.2026,15.04.2026,,A001,WH AHI JABABEKA
R100260323L023_A001,CDD LONG CHASSIS,2100000,0,0,0,0,700000,2800000,A001 - WH AHI JABABEKA,PT. BINTANG SAMUDRA RAYA,7,ON SCHEDULE,26,0,19.04.2026,23.03.2026,25.03.2026,15.04.2026,15.04.2026,15.04.2026,15.04.2026,,A001,WH AHI JABABEKA
R100260323L023_A001,CDD LONG CHASSIS,2100000,0,0,0,0,700000,2800000,A001 - WH AHI JABABEKA,PT. BINTANG SAMUDRA RAYA,7,ON SCHEDULE,26,0,19.04.2026,23.03.2026,25.03.2026,15.04.2026,15.04.2026,15.04.2026,15.04.2026,,A001,WH AHI JABABEKA
R100260323L023_A001,CDD LONG CHASSIS,2100000,0,0,0,0,700000,2800000,A001 - WH AHI JABABEKA,PT. BINTANG SAMUDRA RAYA,7,ON SCHEDULE,26,0,19.04.2026,23.03.2026,25.03.2026,15.04.2026,15.04.2026,15.04.2026,15.04.2026,,A001,WH AHI JABABEKA
R100260323L065_A001,CDD LONG CHASSIS,2000000,0,0,0,75000,300000,2375000,A001 - WH AHI JABABEKA,PT. ANTAR JARINGAN SEPANJANG JALAN,7,ON SCHEDULE,27,0,25.04.2026,28.03.2026,28.03.2026,30.03.2026,30.03.2026,01.04.2026,06.04.2026,,A001,WH AHI JABABEKA
R100260323L066_A001,CDD LONG CHASSIS,1900000,0,0,0,75000,300000,2275000,A001 - WH AHI JABABEKA,PT. ANTAR JARINGAN SEPANJANG JALAN,7,ON SCHEDULE,28,0,22.04.2026,24.03.2026,26.03.2026,27.03.2026,30.03.2026,01.04.2026,06.04.2026,,A001,WH AHI JABABEKA
R100260323L067_A001,CDD LONG CHASSIS,2250000,0,0,0,300000,700000,3250000,A001 - WH AHI JABABEKA,PT. BINTANG SAMUDRA RAYA,7,ON SCHEDULE,28,0,22.04.2026,24.03.2026,25.03.2026,17.04.2026,17.04.2026,20.04.2026,20.04.2026,,A001,WH AHI JABABEKA
R100260323L067_A001,CDD LONG CHASSIS,2250000,0,0,0,300000,700000,3250000,A001 - WH AHI JABABEKA,PT. BINTANG SAMUDRA RAYA,7,ON SCHEDULE,28,0,22.04.2026,24.03.2026,25.03.2026,17.04.2026,17.04.2026,20.04.2026,20.04.2026,,A001,WH AHI JABABEKA
R100260323L067_A001,CDD LONG CHASSIS,2250000,0,0,0,300000,700000,3250000,A001 - WH AHI JABABEKA,PT. BINTANG SAMUDRA RAYA,7,ON SCHEDULE,28,0,22.04.2026,24.03.2026,25.03.2026,17.04.2026,17.04.2026,20.04.2026,20.04.2026,,A001,WH AHI JABABEKA
R100260323L068_A001,CDD LONG CHASSIS,1500000,0,0,0,150000,300000,1950000,A001 - WH AHI JABABEKA,PT. ANTAR JARINGAN SEPANJANG JALAN,7,ON SCHEDULE,28,0,22.04.2026,24.03.2026,26.03.2026,30.03.2026,30.03.2026,01.04.2026,06.04.2026,,A001,WH AHI JABABEKA
R100260323L069_A001,CDD LONG CHASSIS,5750000,0,0,0,0,750000,6500000,A001 - WH AHI JABABEKA,PT. DUTA LINTAS NUSA,7,ON SCHEDULE,28,0,22.04.2026,24.03.2026,26.03.2026,30.04.2026,30.04.2026,25.05.2026,25.05.2026,,A001,WH AHI JABABEKA
R100260323L070_A001,CDD LONG CHASSIS,5750000,0,0,0,0,750000,6500000,A001 - WH AHI JABABEKA,PT. DUTA LINTAS NUSA,7,ON SCHEDULE,28,0,22.04.2026,24.03.2026,26.03.2026,24.04.2026,24.04.2026,05.05.2026,25.05.2026,,A001,WH AHI JABABEKA
R100260323L071_A001,CDD LONG CHASSIS,8950000,0,0,0,0,0,8950000,A001 - WH AHI JABABEKA,PT. ADI SARANA ARMADA TBK,7,ON SCHEDULE,28,0,21.04.2026,23.03.2026,26.03.2026,21.04.2026,23.04.2026,27.04.2026,18.05.2026,,A001,WH AHI JABABEKA
R100260324L030_A001,CDD LONG CHASSIS,1900000,0,0,0,0,300000,2200000,A001 - WH AHI JABABEKA,PT. ANTAR JARINGAN SEPANJANG JALAN,7,ON SCHEDULE,28,0,23.04.2026,25.03.2026,25.03.2026,30.03.2026,30.03.2026,01.04.2026,06.04.2026,,A001,WH AHI JABABEKA
R100260324L031_A001,CDD LONG CHASSIS,1900000,0,0,0,0,300000,2200000,A001 - WH AHI JABABEKA,PT. ANTAR JARINGAN SEPANJANG JALAN,7,ON SCHEDULE,28,0,23.04.2026,25.03.2026,25.03.2026,30.03.2026,30.03.2026,01.04.2026,06.04.2026,,A001,WH AHI JABABEKA
R100260324L033_A001,CDD LONG CHASSIS,1900000,0,0,0,0,300000,2200000,A001 - WH AHI JABABEKA,PT. ANTAR JARINGAN SEPANJANG JALAN,7,ON SCHEDULE,28,0,23.04.2026,25.03.2026,25.03.2026,30.03.2026,30.03.2026,01.04.2026,06.04.2026,,A001,WH AHI JABABEKA
R100260324L035_A001,CDD LONG CHASSIS,4500000,0,0,0,0,0,4500000,A001 - WH AHI JABABEKA,PT. JASATAMA DIRGANTARA EKSPRES,6,LATE,28,132,23.04.2026,25.03.2026,25.03.2026,15.06.2026,15.06.2026,09.07.2026,09.07.2026,,A001,WH AHI JABABEKA
R100260324L036_A001,CDD LONG CHASSIS,2300000,0,0,0,75000,0,2375000,A001 - WH AHI JABABEKA,PT. ANTAR JARINGAN SEPANJANG JALAN,7,ON SCHEDULE,28,0,23.04.2026,25.03.2026,28.03.2026,30.03.2026,30.03.2026,01.04.2026,06.04.2026,,A001,WH AHI JABABEKA
R100260324L037_A001,CDD LONG CHASSIS,4500000,0,0,0,250000,0,4750000,A001 - WH AHI JABABEKA,PT. JASATAMA DIRGANTARA EKSPRES,7,ON SCHEDULE,28,0,23.04.2026,25.03.2026,25.03.2026,05.05.2026,06.05.2026,19.05.2026,19.05.2026,,A001,WH AHI JABABEKA
R100260324L038_A001,CDD LONG CHASSIS,1500000,0,0,0,75000,300000,1875000,A001 - WH AHI JABABEKA,PT. ANTAR JARINGAN SEPANJANG JALAN,7,ON SCHEDULE,26,0,21.04.2026,25.03.2026,25.03.2026,30.03.2026,30.03.2026,01.04.2026,06.04.2026,,A001,WH AHI JABABEKA
R100260324L039_A001,CDD LONG CHASSIS,1900000,0,0,0,150000,0,2050000,A001 - WH AHI JABABEKA,PT. ANTAR JARINGAN SEPANJANG JALAN,7,ON SCHEDULE,29,0,24.04.2026,25.03.2026,28.03.2026,30.03.2026,30.03.2026,01.04.2026,06.04.2026,,A001,WH AHI JABABEKA
R100260324L040_A001,CDD LONG CHASSIS,1900000,0,0,0,75000,0,1975000,A001 - WH AHI JABABEKA,PT. ANTAR JARINGAN SEPANJANG JALAN,7,ON SCHEDULE,28,0,23.04.2026,25.03.2026,28.03.2026,30.03.2026,30.03.2026,01.04.2026,06.04.2026,,A001,WH AHI JABABEKA
R100260324L041_A001,CDD LONG CHASSIS,1700000,0,0,0,0,0,1700000,A001 - WH AHI JABABEKA,PT. ANTAR JARINGAN SEPANJANG JALAN,7,ON SCHEDULE,28,0,23.04.2026,25.03.2026,28.03.2026,30.03.2026,30.03.2026,02.04.2026,06.04.2026,,A001,WH AHI JABABEKA
R100260324L042_A001,CDD LONG CHASSIS,1700000,0,0,0,75000,0,1775000,A001 - WH AHI JABABEKA,PT. ANTAR JARINGAN SEPANJANG JALAN,7,ON SCHEDULE,28,0,23.04.2026,25.03.2026,28.03.2026,30.03.2026,30.03.2026,02.04.2026,06.04.2026,,A001,WH AHI JABABEKA
R100260324L043_A001,CDD LONG CHASSIS,4900000,0,0,0,0,400000,5300000,A001 - WH AHI JABABEKA,PT.ORANG KREATIF EKSIS,7,ON SCHEDULE,28,0,23.04.2026,25.03.2026,26.03.2026,31.03.2026,31.03.2026,07.04.2026,08.04.2026,,A001,WH AHI JABABEKA
R100260324L043_A001,CDD LONG CHASSIS,4900000,0,0,0,0,400000,5300000,A001 - WH AHI JABABEKA,PT.ORANG KREATIF EKSIS,7,ON SCHEDULE,28,0,23.04.2026,25.03.2026,26.03.2026,31.03.2026,31.03.2026,07.04.2026,08.04.2026,,A001,WH AHI JABABEKA
R100260324L044_A001,CDD LONG CHASSIS,4900000,0,0,0,150000,400000,5450000,A001 - WH AHI JABABEKA,PT.ORANG KREATIF EKSIS,7,ON SCHEDULE,28,0,22.04.2026,24.03.2026,26.03.2026,31.03.2026,01.04.2026,07.04.2026,08.04.2026,,A001,WH AHI JABABEKA
R100260324L044_A001,CDD LONG CHASSIS,4900000,0,0,0,150000,400000,5450000,A001 - WH AHI JABABEKA,PT.ORANG KREATIF EKSIS,7,ON SCHEDULE,28,0,22.04.2026,24.03.2026,26.03.2026,31.03.2026,01.04.2026,07.04.2026,08.04.2026,,A001,WH AHI JABABEKA
R100260324L045_A001,CDD LONG CHASSIS,1900000,0,0,0,150000,0,2050000,A001 - WH AHI JABABEKA,PT. ANTAR JARINGAN SEPANJANG JALAN,7,ON SCHEDULE,28,0,23.04.2026,25.03.2026,28.03.2026,30.03.2026,30.03.2026,02.04.2026,06.04.2026,,A001,WH AHI JABABEKA
R100260324L047_A001,CDD LONG CHASSIS,3100000,0,0,0,400000,700000,4200000,A001 - WH AHI JABABEKA,PT. BINTANG SAMUDRA RAYA,7,ON SCHEDULE,29,0,24.04.2026,25.03.2026,28.03.2026,17.04.2026,17.04.2026,20.04.2026,20.04.2026,,A001,WH AHI JABABEKA
R100260324L048_A001,CDD LONG CHASSIS,4300000,0,0,0,250000,0,4550000,A001 - WH AHI JABABEKA,PT. JASATAMA DIRGANTARA EKSPRES,7,ON SCHEDULE,28,0,22.04.2026,24.03.2026,25.03.2026,06.05.2026,08.05.2026,19.05.2026,29.05.2026,,A001,WH AHI JABABEKA
R100260325L050_A001,CDD LONG CHASSIS,1400000,0,0,0,0,700000,2100000,A001 - WH AHI JABABEKA,PT. BINTANG SAMUDRA RAYA,7,ON SCHEDULE,28,0,23.04.2026,25.03.2026,26.03.2026,16.04.2026,16.04.2026,17.04.2026,17.04.2026,,A001,WH AHI JABABEKA
R100260325L050_A001,CDD LONG CHASSIS,1400000,0,0,0,0,700000,2100000,A001 - WH AHI JABABEKA,PT. BINTANG SAMUDRA RAYA,7,ON SCHEDULE,28,0,23.04.2026,25.03.2026,26.03.2026,16.04.2026,16.04.2026,17.04.2026,17.04.2026,,A001,WH AHI JABABEKA
R100260325L050_A001,CDD LONG CHASSIS,1400000,0,0,0,0,700000,2100000,A001 - WH AHI JABABEKA,PT. BINTANG SAMUDRA RAYA,7,ON SCHEDULE,28,0,23.04.2026,25.03.2026,26.03.2026,16.04.2026,16.04.2026,17.04.2026,17.04.2026,,A001,WH AHI JABABEKA
R100260325L051_A001,CDD LONG CHASSIS,1400000,0,0,0,200000,700000,2300000,A001 - WH AHI JABABEKA,PT. BINTANG SAMUDRA RAYA,7,ON SCHEDULE,29,0,25.04.2026,26.03.2026,28.03.2026,17.04.2026,17.04.2026,22.04.2026,11.05.2026,,A001,WH AHI JABABEKA
R100260325L052_A001,CDD LONG CHASSIS,4900000,0,0,0,150000,400000,5450000,A001 - WH AHI JABABEKA,PT.ORANG KREATIF EKSIS,7,ON SCHEDULE,28,0,25.04.2026,27.03.2026,29.03.2026,09.04.2026,10.04.2026,17.04.2026,17.04.2026,,A001,WH AHI JABABEKA
R100260325L052_A001,CDD LONG CHASSIS,4900000,0,0,0,150000,400000,5450000,A001 - WH AHI JABABEKA,PT.ORANG KREATIF EKSIS,7,ON SCHEDULE,28,0,25.04.2026,27.03.2026,29.03.2026,09.04.2026,10.04.2026,17.04.2026,17.04.2026,,A001,WH AHI JABABEKA
R100260325L053_A001,CDD LONG CHASSIS,1700000,0,0,0,150000,0,1850000,A001 - WH AHI JABABEKA,PT. ANTAR JARINGAN SEPANJANG JALAN,7,ON SCHEDULE,28,0,24.04.2026,26.03.2026,28.03.2026,30.03.2026,30.03.2026,02.04.2026,06.04.2026,,A001,WH AHI JABABEKA
R100260325L054_A001,CDD LONG CHASSIS,1950000,0,0,0,200000,700000,2850000,A001 - WH AHI JABABEKA,PT. BINTANG SAMUDRA RAYA,7,ON SCHEDULE,28,0,27.04.2026,29.03.2026,30.03.2026,17.04.2026,17.04.2026,22.04.2026,11.05.2026,,A001,WH AHI JABABEKA
R100260325L054_A001,CDD LONG CHASSIS,1950000,0,0,0,200000,700000,2850000,A001 - WH AHI JABABEKA,PT. BINTANG SAMUDRA RAYA,7,ON SCHEDULE,28,0,27.04.2026,29.03.2026,30.03.2026,17.04.2026,17.04.2026,22.04.2026,11.05.2026,,A001,WH AHI JABABEKA
R100260325L054_A001,CDD LONG CHASSIS,1950000,0,0,0,200000,700000,2850000,A001 - WH AHI JABABEKA,PT. BINTANG SAMUDRA RAYA,7,ON SCHEDULE,28,0,27.04.2026,29.03.2026,30.03.2026,17.04.2026,17.04.2026,22.04.2026,11.05.2026,,A001,WH AHI JABABEKA
R100260325L055_A001,FUSO,19350000,0,0,0,0,0,19350000,A001 - WH AHI JABABEKA,PT. SATRIA PIRANTI PERKASA,7,ON SCHEDULE,41,0,07.05.2026,26.03.2026,30.03.2026,14.04.2026,14.04.2026,17.04.2026,17.04.2026,,A001,WH AHI JABABEKA
R100260325L057_A001,FUSO,14750000,0,0,0,200000,0,14950000,A001 - WH AHI JABABEKA,PT. SATRIA PIRANTI PERKASA,7,ON SCHEDULE,41,0,07.05.2026,26.03.2026,30.03.2026,14.04.2026,14.04.2026,17.04.2026,17.04.2026,,A001,WH AHI JABABEKA
R100260325L058_A001,FUSO,14750000,0,0,0,0,0,14750000,A001 - WH AHI JABABEKA,PT. SATRIA PIRANTI PERKASA,7,ON SCHEDULE,31,0,27.04.2026,26.03.2026,30.03.2026,08.04.2026,08.04.2026,16.04.2026,16.04.2026,,A001,WH AHI JABABEKA
R100260326L048_A001,CDD LONG CHASSIS,1500000,0,0,0,75000,0,1575000,A001 - WH AHI JABABEKA,PT. ANTAR JARINGAN SEPANJANG JALAN,7,ON SCHEDULE,28,0,24.04.2026,26.03.2026,27.03.2026,30.03.2026,30.03.2026,01.04.2026,06.04.2026,,A001,WH AHI JABABEKA
R100260326L049_A001,CDD LONG CHASSIS,1500000,0,0,0,150000,0,1650000,A001 - WH AHI JABABEKA,PT. ANTAR JARINGAN SEPANJANG JALAN,7,ON SCHEDULE,28,0,24.04.2026,26.03.2026,27.03.2026,30.03.2026,30.03.2026,01.04.2026,06.04.2026,,A001,WH AHI JABABEKA
R100260326L050_A001,CDD LONG CHASSIS,1750000,0,0,0,0,500000,2250000,A001 - WH AHI JABABEKA,PT. DUTA MEDIA MANDIRI,7,ON SCHEDULE,27,0,23.04.2026,26.03.2026,27.03.2026,31.03.2026,31.03.2026,31.03.2026,01.04.2026,,A001,WH AHI JABABEKA
R100260326L051_A001,CDD LONG CHASSIS,1750000,0,0,0,150000,500000,2400000,A001 - WH AHI JABABEKA,PT. DUTA MEDIA MANDIRI,7,ON SCHEDULE,28,0,25.04.2026,27.03.2026,28.03.2026,08.04.2026,08.04.2026,13.04.2026,13.04.2026,,A001,WH AHI JABABEKA
R100260326L052_A001,CDD LONG CHASSIS,2400000,0,0,0,250000,0,2650000,A001 - WH AHI JABABEKA,PT. AGUNG MAKMUR JAYA,7,ON SCHEDULE,28,0,24.04.2026,26.03.2026,27.03.2026,13.04.2026,14.04.2026,14.04.2026,14.04.2026,,A001,WH AHI JABABEKA
R100260326L052_A001,CDD LONG CHASSIS,2400000,0,0,0,250000,0,2650000,A001 - WH AHI JABABEKA,PT. AGUNG MAKMUR JAYA,7,ON SCHEDULE,28,0,24.04.2026,26.03.2026,27.03.2026,13.04.2026,14.04.2026,14.04.2026,14.04.2026,,A001,WH AHI JABABEKA
R100260326L052_A001,CDD LONG CHASSIS,2400000,0,0,0,250000,0,2650000,A001 - WH AHI JABABEKA,PT. AGUNG MAKMUR JAYA,7,ON SCHEDULE,28,0,24.04.2026,26.03.2026,27.03.2026,13.04.2026,14.04.2026,14.04.2026,14.04.2026,,A001,WH AHI JABABEKA
R100260326L053_A001,CDD LONG CHASSIS,1800000,0,0,0,75000,0,1875000,A001 - WH AHI JABABEKA,PT. ANTAR JARINGAN SEPANJANG JALAN,7,ON SCHEDULE,26,0,22.04.2026,26.03.2026,27.03.2026,30.03.2026,30.03.2026,01.04.2026,06.04.2026,,A001,WH AHI JABABEKA
R100260326L054_A001,CDD LONG CHASSIS,2350000,0,0,0,0,700000,3050000,A001 - WH AHI JABABEKA,PT. BINTANG SAMUDRA RAYA,7,ON SCHEDULE,28,0,24.04.2026,26.03.2026,28.03.2026,15.04.2026,15.04.2026,15.04.2026,15.04.2026,,A001,WH AHI JABABEKA
R100260326L054_A001,CDD LONG CHASSIS,2350000,0,0,0,0,700000,3050000,A001 - WH AHI JABABEKA,PT. BINTANG SAMUDRA RAYA,7,ON SCHEDULE,28,0,24.04.2026,26.03.2026,28.03.2026,15.04.2026,15.04.2026,15.04.2026,15.04.2026,,A001,WH AHI JABABEKA
R100260326L054_A001,CDD LONG CHASSIS,2350000,0,0,0,0,700000,3050000,A001 - WH AHI JABABEKA,PT. BINTANG SAMUDRA RAYA,7,ON SCHEDULE,28,0,24.04.2026,26.03.2026,28.03.2026,15.04.2026,15.04.2026,15.04.2026,15.04.2026,,A001,WH AHI JABABEKA
R100260326L055_A001,CDD LONG CHASSIS,3100000,0,0,0,400000,700000,4200000,A001 - WH AHI JABABEKA,PT. BINTANG SAMUDRA RAYA,7,ON SCHEDULE,29,0,25.04.2026,26.03.2026,28.03.2026,17.04.2026,17.04.2026,22.04.2026,11.05.2026,,A001,WH AHI JABABEKA
R100260326L056_A001,CDD LONG CHASSIS,1700000,0,0,0,0,0,1700000,A001 - WH AHI JABABEKA,PT. ANTAR JARINGAN SEPANJANG JALAN,7,ON SCHEDULE,28,0,25.04.2026,27.03.2026,28.03.2026,30.03.2026,30.03.2026,02.04.2026,06.04.2026,,A001,WH AHI JABABEKA
R100260326L057_A001,CDD LONG CHASSIS,1700000,0,0,0,75000,0,1775000,A001 - WH AHI JABABEKA,PT. ANTAR JARINGAN SEPANJANG JALAN,7,ON SCHEDULE,28,0,25.04.2026,27.03.2026,28.03.2026,30.03.2026,30.03.2026,02.04.2026,06.04.2026,,A001,WH AHI JABABEKA
R100260326L058_A001,CDD LONG CHASSIS,1500000,0,0,0,0,0,1500000,A001 - WH AHI JABABEKA,PT. ANTAR JARINGAN SEPANJANG JALAN,7,ON SCHEDULE,28,0,25.04.2026,27.03.2026,28.03.2026,30.03.2026,30.03.2026,01.04.2026,06.04.2026,,A001,WH AHI JABABEKA
R100260326L061_A001,CDD LONG CHASSIS,8750000,0,0,0,0,400000,9150000,A001 - WH AHI JABABEKA,PT LOGISTIK CANGGIH INDONESIA,7,ON SCHEDULE,28,0,25.04.2026,27.03.2026,29.03.2026,02.04.2026,03.04.2026,07.04.2026,08.04.2026,,A001,WH AHI JABABEKA
R100260326L062_A001,WINGBOX,15000000,0,0,0,0,900000,15900000,A001 - WH AHI JABABEKA,PT. BINTANG SAMUDRA RAYA,6,LATE,31,130,27.04.2026,26.03.2026,31.03.2026,14.04.2026,14.04.2026,20.05.2026,20.05.2026,,A001,WH AHI JABABEKA
R100260326L062_A001,WINGBOX,15000000,0,0,0,0,900000,15900000,A001 - WH AHI JABABEKA,PT. BINTANG SAMUDRA RAYA,6,LATE,31,130,27.04.2026,26.03.2026,31.03.2026,14.04.2026,14.04.2026,20.05.2026,20.05.2026,,A001,WH AHI JABABEKA
R100260326L062_A001,WINGBOX,15000000,0,0,0,0,900000,15900000,A001 - WH AHI JABABEKA,PT. BINTANG SAMUDRA RAYA,6,LATE,31,130,27.04.2026,26.03.2026,31.03.2026,14.04.2026,14.04.2026,20.05.2026,20.05.2026,,A001,WH AHI JABABEKA
R100260326L063_A001,FUSO,14750000,0,0,0,0,0,14750000,A001 - WH AHI JABABEKA,PT. SATRIA PIRANTI PERKASA,7,ON SCHEDULE,41,0,08.05.2026,27.03.2026,31.03.2026,14.04.2026,14.04.2026,17.04.2026,17.04.2026,,A001,WH AHI JABABEKA
R100260326L064_A001,FUSO,14750000,0,0,0,200000,0,14950000,A001 - WH AHI JABABEKA,PT. SATRIA PIRANTI PERKASA,7,ON SCHEDULE,41,0,08.05.2026,27.03.2026,31.03.2026,17.04.2026,20.04.2026,30.04.2026,30.04.2026,,A001,WH AHI JABABEKA
R100260326L065_A001,FUSO,14750000,0,0,0,0,0,14750000,A001 - WH AHI JABABEKA,PT. SATRIA PIRANTI PERKASA,7,ON SCHEDULE,31,0,28.04.2026,27.03.2026,31.03.2026,14.04.2026,14.04.2026,17.04.2026,17.04.2026,,A001,WH AHI JABABEKA
R100260326L066_A001,FUSO,12500000,0,0,0,0,1600000,14100000,A001 - WH AHI JABABEKA,PT.DHANESWARA EXPRES,7,ON SCHEDULE,31,0,28.04.2026,27.03.2026,,23.04.2026,24.04.2026,05.05.2026,05.05.2026,,A001,WH AHI JABABEKA
R100260326L066_A001,FUSO,12500000,0,0,0,0,1600000,14100000,A001 - WH AHI JABABEKA,PT.DHANESWARA EXPRES,7,ON SCHEDULE,31,0,28.04.2026,27.03.2026,,23.04.2026,24.04.2026,05.05.2026,05.05.2026,,A001,WH AHI JABABEKA
R100260326L066_A001,FUSO,12500000,0,0,0,0,1600000,14100000,A001 - WH AHI JABABEKA,PT.DHANESWARA EXPRES,7,ON SCHEDULE,31,0,28.04.2026,27.03.2026,,23.04.2026,24.04.2026,05.05.2026,05.05.2026,,A001,WH AHI JABABEKA
R100260326L066_A001,FUSO,12500000,0,0,0,0,1600000,14100000,A001 - WH AHI JABABEKA,PT.DHANESWARA EXPRES,7,ON SCHEDULE,31,0,28.04.2026,27.03.2026,,23.04.2026,24.04.2026,05.05.2026,05.05.2026,,A001,WH AHI JABABEKA
R100260326L067_A001,FUSO,12500000,0,0,0,350000,1600000,14450000,A001 - WH AHI JABABEKA,PT.DHANESWARA EXPRES,7,ON SCHEDULE,27,0,25.04.2026,28.03.2026,,23.04.2026,24.04.2026,05.05.2026,05.05.2026,,A001,WH AHI JABABEKA
R100260326T019_A001,CONT-40,25600000,0,0,0,0,800000,26400000,A001 - WH AHI JABABEKA,PT. SENTOSAPRIMA ABADI,7,ON SCHEDULE,39,0,06.05.2026,27.03.2026,15.04.2026,26.05.2026,26.05.2026,29.05.2026,29.05.2026,,A001,WH AHI JABABEKA
R100260327L117_A001,WINGBOX,5650000,0,0,0,0,500000,6150000,A001 - WH AHI JABABEKA,PT. DUTA MEDIA MANDIRI,7,ON SCHEDULE,30,0,28.04.2026,28.03.2026,31.03.2026,08.04.2026,08.04.2026,13.04.2026,13.04.2026,,A001,WH AHI JABABEKA
R100260327L118_A001,WINGBOX,5600000,0,0,0,400000,0,6000000,A001 - WH AHI JABABEKA,PT. BINTANG SAMUDRA RAYA,7,ON SCHEDULE,30,0,01.05.2026,31.03.2026,,17.04.2026,17.04.2026,20.04.2026,21.04.2026,,A001,WH AHI JABABEKA
R100260327L119_A001,CDD LONG CHASSIS,3500000,0,0,0,0,1800000,5300000,A001 - WH AHI JABABEKA,PT. CEHA LOGISTIK CEMERLANG,7,ON SCHEDULE,28,0,26.04.2026,28.03.2026,30.03.2026,31.03.2026,31.03.2026,06.04.2026,06.04.2026,,A001,WH AHI JABABEKA
R100260327L120_A001,CDD LONG CHASSIS,3500000,0,0,0,0,400000,3900000,A001 - WH AHI JABABEKA,PT LOGISTIK CANGGIH INDONESIA,7,ON SCHEDULE,29,0,27.04.2026,28.03.2026,30.03.2026,02.04.2026,03.04.2026,09.04.2026,13.04.2026,,A001,WH AHI JABABEKA
R100260327L121_A001,CDD LONG CHASSIS,3600000,0,0,0,300000,700000,4600000,A001 - WH AHI JABABEKA,PT. BINTANG SAMUDRA RAYA,7,ON SCHEDULE,28,0,26.04.2026,28.03.2026,30.03.2026,17.04.2026,17.04.2026,22.04.2026,11.05.2026,,A001,WH AHI JABABEKA
R100260327L121_A001,CDD LONG CHASSIS,3600000,0,0,0,300000,700000,4600000,A001 - WH AHI JABABEKA,PT. BINTANG SAMUDRA RAYA,7,ON SCHEDULE,28,0,26.04.2026,28.03.2026,30.03.2026,17.04.2026,17.04.2026,22.04.2026,11.05.2026,,A001,WH AHI JABABEKA
R100260327L121_A001,CDD LONG CHASSIS,3600000,0,0,0,300000,700000,4600000,A001 - WH AHI JABABEKA,PT. BINTANG SAMUDRA RAYA,7,ON SCHEDULE,28,0,26.04.2026,28.03.2026,30.03.2026,17.04.2026,17.04.2026,22.04.2026,11.05.2026,,A001,WH AHI JABABEKA
R100260327L122_A001,CDD LONG CHASSIS,3500000,0,0,0,0,1800000,5300000,A001 - WH AHI JABABEKA,PT. CEHA LOGISTIK CEMERLANG,7,ON SCHEDULE,28,0,26.04.2026,28.03.2026,30.03.2026,31.03.2026,31.03.2026,09.04.2026,14.04.2026,,A001,WH AHI JABABEKA
R100260327L124_A001,CDD LONG CHASSIS,3950000,0,0,0,0,1800000,5750000,A001 - WH AHI JABABEKA,PT. CEHA LOGISTIK CEMERLANG,7,ON SCHEDULE,28,0,26.04.2026,28.03.2026,30.03.2026,31.03.2026,31.03.2026,06.04.2026,06.04.2026,,A001,WH AHI JABABEKA
R100260327L126_A001,CDD LONG CHASSIS,5750000,0,0,0,290000,750000,6790000,A001 - WH AHI JABABEKA,PT. DUTA LINTAS NUSA,7,ON SCHEDULE,28,0,26.04.2026,28.03.2026,29.03.2026,24.04.2026,24.04.2026,18.05.2026,20.05.2026,,A001,WH AHI JABABEKA
R100260327L143_A001,FUSO,12500000,0,0,0,700000,1600000,14800000,A001 - WH AHI JABABEKA,PT.DHANESWARA EXPRES,7,ON SCHEDULE,31,0,29.04.2026,28.03.2026,,23.04.2026,24.04.2026,05.05.2026,05.05.2026,,A001,WH AHI JABABEKA
R100260327L143_A001,FUSO,12500000,0,0,0,700000,1600000,14800000,A001 - WH AHI JABABEKA,PT.DHANESWARA EXPRES,7,ON SCHEDULE,31,0,29.04.2026,28.03.2026,,23.04.2026,24.04.2026,05.05.2026,05.05.2026,,A001,WH AHI JABABEKA
R100260327L143_A001,FUSO,12500000,0,0,0,700000,1600000,14800000,A001 - WH AHI JABABEKA,PT.DHANESWARA EXPRES,7,ON SCHEDULE,31,0,29.04.2026,28.03.2026,,23.04.2026,24.04.2026,05.05.2026,05.05.2026,,A001,WH AHI JABABEKA
R100260327L143_A001,FUSO,12500000,0,0,0,700000,1600000,14800000,A001 - WH AHI JABABEKA,PT.DHANESWARA EXPRES,7,ON SCHEDULE,31,0,29.04.2026,28.03.2026,,23.04.2026,24.04.2026,05.05.2026,05.05.2026,,A001,WH AHI JABABEKA
R100260327L143_A001,FUSO,12500000,0,0,0,700000,1600000,14800000,A001 - WH AHI JABABEKA,PT.DHANESWARA EXPRES,7,ON SCHEDULE,31,0,29.04.2026,28.03.2026,,23.04.2026,24.04.2026,05.05.2026,05.05.2026,,A001,WH AHI JABABEKA
R100260327T015_A001,WINGBOX,7300000,0,0,0,600000,900000,8800000,A001 - WH AHI JABABEKA,PT. BINTANG SAMUDRA RAYA,7,ON SCHEDULE,30,0,29.04.2026,29.03.2026,03.04.2026,17.04.2026,17.04.2026,22.04.2026,11.05.2026,,A001,WH AHI JABABEKA
R100260327T016_A001,CONT-40,25600000,0,0,0,0,800000,26400000,A001 - WH AHI JABABEKA,PT. SENTOSAPRIMA ABADI,7,ON SCHEDULE,39,0,07.05.2026,28.03.2026,15.04.2026,26.05.2026,26.05.2026,29.05.2026,29.05.2026,,A001,WH AHI JABABEKA
R100260327T017_A001,CONT-40,24200000,0,0,0,0,800000,25000000,A001 - WH AHI JABABEKA,PT. SENTOSAPRIMA ABADI,7,ON SCHEDULE,36,0,04.05.2026,28.03.2026,15.04.2026,20.05.2026,20.05.2026,21.05.2026,21.05.2026,,A001,WH AHI JABABEKA
R100260327T018_A001,CONT-40,24200000,0,0,0,0,800000,25000000,A001 - WH AHI JABABEKA,PT. SENTOSAPRIMA ABADI,7,ON SCHEDULE,36,0,04.05.2026,28.03.2026,15.04.2026,17.06.2026,17.06.2026,19.06.2026,19.06.2026,,A001,WH AHI JABABEKA
R100260328L007_A001,CDD LONG CHASSIS,1500000,0,0,0,75000,0,1575000,A001 - WH AHI JABABEKA,PT. ANTAR JARINGAN SEPANJANG JALAN,7,ON SCHEDULE,28,0,26.04.2026,28.03.2026,29.03.2026,30.03.2026,30.03.2026,01.04.2026,06.04.2026,,A001,WH AHI JABABEKA
R100260328L008_A001,CDD LONG CHASSIS,1500000,0,0,0,75000,0,1575000,A001 - WH AHI JABABEKA,PT. ANTAR JARINGAN SEPANJANG JALAN,7,ON SCHEDULE,28,0,26.04.2026,28.03.2026,29.03.2026,30.03.2026,30.03.2026,01.04.2026,06.04.2026,,A001,WH AHI JABABEKA
R100260328L027_A001,CDD LONG CHASSIS,1900000,0,0,0,0,0,1900000,A001 - WH AHI JABABEKA,PT. ANTAR JARINGAN SEPANJANG JALAN,7,ON SCHEDULE,28,0,25.04.2026,27.03.2026,29.03.2026,30.03.2026,30.03.2026,02.04.2026,06.04.2026,,A001,WH AHI JABABEKA
R100260328L030_A001,CDD LONG CHASSIS,5750000,0,0,0,0,0,5750000,A001 - WH AHI JABABEKA,PT. DUTA LINTAS NUSA,7,ON SCHEDULE,27,0,28.04.2026,31.03.2026,03.04.2026,30.04.2026,05.05.2026,18.05.2026,25.05.2026,,A001,WH AHI JABABEKA
R100260328L062_A001,FUSO,6800000,0,0,0,0,1300000,8100000,A001 - WH AHI JABABEKA,PT.DHANESWARA EXPRES,7,ON SCHEDULE,30,0,28.04.2026,28.03.2026,,23.04.2026,24.04.2026,05.05.2026,05.05.2026,,A001,WH AHI JABABEKA
R100260328L062_A001,FUSO,6800000,0,0,0,0,1300000,8100000,A001 - WH AHI JABABEKA,PT.DHANESWARA EXPRES,7,ON SCHEDULE,30,0,28.04.2026,28.03.2026,,23.04.2026,24.04.2026,05.05.2026,05.05.2026,,A001,WH AHI JABABEKA
R100260328L062_A001,FUSO,6800000,0,0,0,0,1300000,8100000,A001 - WH AHI JABABEKA,PT.DHANESWARA EXPRES,7,ON SCHEDULE,30,0,28.04.2026,28.03.2026,,23.04.2026,24.04.2026,05.05.2026,05.05.2026,,A001,WH AHI JABABEKA
R100260328L062_A001,FUSO,6800000,0,0,0,0,1300000,8100000,A001 - WH AHI JABABEKA,PT.DHANESWARA EXPRES,7,ON SCHEDULE,30,0,28.04.2026,28.03.2026,,23.04.2026,24.04.2026,05.05.2026,05.05.2026,,A001,WH AHI JABABEKA
R100260328L062_A001,FUSO,6800000,0,0,0,0,1300000,8100000,A001 - WH AHI JABABEKA,PT.DHANESWARA EXPRES,7,ON SCHEDULE,30,0,28.04.2026,28.03.2026,,23.04.2026,24.04.2026,05.05.2026,05.05.2026,,A001,WH AHI JABABEKA
R100260328L064_A001,FUSO,6800000,0,0,0,0,1300000,8100000,A001 - WH AHI JABABEKA,PT.DHANESWARA EXPRES,7,ON SCHEDULE,30,0,29.04.2026,29.03.2026,,23.04.2026,24.04.2026,05.05.2026,05.05.2026,,A001,WH AHI JABABEKA
R100260328L064_A001,FUSO,6800000,0,0,0,0,1300000,8100000,A001 - WH AHI JABABEKA,PT.DHANESWARA EXPRES,7,ON SCHEDULE,30,0,29.04.2026,29.03.2026,,23.04.2026,24.04.2026,05.05.2026,05.05.2026,,A001,WH AHI JABABEKA
R100260328L064_A001,FUSO,6800000,0,0,0,0,1300000,8100000,A001 - WH AHI JABABEKA,PT.DHANESWARA EXPRES,7,ON SCHEDULE,30,0,29.04.2026,29.03.2026,,23.04.2026,24.04.2026,05.05.2026,05.05.2026,,A001,WH AHI JABABEKA
R100260328L064_A001,FUSO,6800000,0,0,0,0,1300000,8100000,A001 - WH AHI JABABEKA,PT.DHANESWARA EXPRES,7,ON SCHEDULE,30,0,29.04.2026,29.03.2026,,23.04.2026,24.04.2026,05.05.2026,05.05.2026,,A001,WH AHI JABABEKA
R100260328L064_A001,FUSO,6800000,0,0,0,0,1300000,8100000,A001 - WH AHI JABABEKA,PT.DHANESWARA EXPRES,7,ON SCHEDULE,30,0,29.04.2026,29.03.2026,,23.04.2026,24.04.2026,05.05.2026,05.05.2026,,A001,WH AHI JABABEKA
R100260328L066_A001,CDD LONG CHASSIS,3900000,0,0,0,500000,1800000,6200000,A001 - WH AHI JABABEKA,PT. CEHA LOGISTIK CEMERLANG,7,ON SCHEDULE,28,0,26.04.2026,28.03.2026,30.03.2026,06.04.2026,06.04.2026,06.04.2026,06.04.2026,,A001,WH AHI JABABEKA
R100260328L071_A001,CDD LONG CHASSIS,3100000,0,0,0,400000,700000,4200000,A001 - WH AHI JABABEKA,PT. BINTANG SAMUDRA RAYA,7,ON SCHEDULE,29,0,28.04.2026,29.03.2026,31.03.2026,16.04.2026,16.04.2026,17.04.2026,17.04.2026,,A001,WH AHI JABABEKA
R100260328L071_A001,CDD LONG CHASSIS,3100000,0,0,0,400000,700000,4200000,A001 - WH AHI JABABEKA,PT. BINTANG SAMUDRA RAYA,7,ON SCHEDULE,29,0,28.04.2026,29.03.2026,31.03.2026,16.04.2026,16.04.2026,17.04.2026,17.04.2026,,A001,WH AHI JABABEKA
R100260328L071_A001,CDD LONG CHASSIS,3100000,0,0,0,400000,700000,4200000,A001 - WH AHI JABABEKA,PT. BINTANG SAMUDRA RAYA,7,ON SCHEDULE,29,0,28.04.2026,29.03.2026,31.03.2026,16.04.2026,16.04.2026,17.04.2026,17.04.2026,,A001,WH AHI JABABEKA
R100260328L072_A001,CDD LONG CHASSIS,2500000,0,0,0,0,500000,3000000,A001 - WH AHI JABABEKA,PT. DUTA MEDIA MANDIRI,7,ON SCHEDULE,28,0,27.04.2026,29.03.2026,31.03.2026,08.04.2026,08.04.2026,13.04.2026,13.04.2026,,A001,WH AHI JABABEKA
R100260328L074_A001,CDD LONG CHASSIS,5800000,0,0,0,100000,0,5900000,A001 - WH AHI JABABEKA,PT. AGUNG MAKMUR JAYA,7,ON SCHEDULE,28,0,27.04.2026,29.03.2026,31.03.2026,15.04.2026,15.04.2026,15.04.2026,16.04.2026,,A001,WH AHI JABABEKA
R100260328L074_A001,CDD LONG CHASSIS,5800000,0,0,0,100000,0,5900000,A001 - WH AHI JABABEKA,PT. AGUNG MAKMUR JAYA,7,ON SCHEDULE,28,0,27.04.2026,29.03.2026,31.03.2026,15.04.2026,15.04.2026,15.04.2026,16.04.2026,,A001,WH AHI JABABEKA
R100260328L074_A001,CDD LONG CHASSIS,5800000,0,0,0,100000,0,5900000,A001 - WH AHI JABABEKA,PT. AGUNG MAKMUR JAYA,7,ON SCHEDULE,28,0,27.04.2026,29.03.2026,31.03.2026,15.04.2026,15.04.2026,15.04.2026,16.04.2026,,A001,WH AHI JABABEKA
R100260328T001_A001,CONT-40,8750000,0,0,0,0,0,8750000,A001 - WH AHI JABABEKA,PT. CIKARANG GERBANG SOLUSI,7,ON SCHEDULE,30,0,28.04.2026,28.03.2026,31.03.2026,02.06.2026,03.06.2026,22.06.2026,06.07.2026,,A001,WH AHI JABABEKA
R100260328T002_A001,CONT-40,8750000,0,0,0,0,0,8750000,A001 - WH AHI JABABEKA,PT. CIKARANG GERBANG SOLUSI,7,ON SCHEDULE,30,0,29.04.2026,29.03.2026,03.04.2026,02.06.2026,03.06.2026,22.06.2026,06.07.2026,,A001,WH AHI JABABEKA
R100260328T003_A001,CONT-40,8750000,0,0,0,0,0,8750000,A001 - WH AHI JABABEKA,PT. CIKARANG GERBANG SOLUSI,7,ON SCHEDULE,30,0,28.04.2026,28.03.2026,31.03.2026,02.06.2026,03.06.2026,22.06.2026,06.07.2026,,A001,WH AHI JABABEKA
R100260328T004_A001,CONT-40,8750000,0,0,0,0,0,8750000,A001 - WH AHI JABABEKA,PT. CIKARANG GERBANG SOLUSI,7,ON SCHEDULE,30,0,29.04.2026,29.03.2026,03.04.2026,02.06.2026,03.06.2026,22.06.2026,06.07.2026,,A001,WH AHI JABABEKA
R100260328T005_A001,WINGBOX,5650000,0,0,0,0,500000,6150000,A001 - WH AHI JABABEKA,PT. DUTA MEDIA MANDIRI,7,ON SCHEDULE,30,0,28.04.2026,28.03.2026,31.03.2026,08.04.2026,08.04.2026,13.04.2026,13.04.2026,,A001,WH AHI JABABEKA
R100260328T011_A001,CONT-40,25600000,0,0,0,0,800000,26400000,A001 - WH AHI JABABEKA,PT. SENTOSAPRIMA ABADI,7,ON SCHEDULE,39,0,07.05.2026,28.03.2026,15.04.2026,26.05.2026,26.05.2026,29.05.2026,29.05.2026,,A001,WH AHI JABABEKA
R100260328T012_A001,CONT-40,25600000,0,0,0,0,800000,26400000,A001 - WH AHI JABABEKA,PT. SENTOSAPRIMA ABADI,7,ON SCHEDULE,39,0,08.05.2026,29.03.2026,15.04.2026,26.05.2026,26.05.2026,29.05.2026,29.05.2026,,A001,WH AHI JABABEKA
R100260329B001_A001,CDD LONG CHASSIS,3300000,0,0,0,0,0,3300000,A001 - WH AHI JABABEKA,PT. BINTANG SAMUDRA RAYA,6,LATE,26,126,26.04.2026,30.03.2026,24.06.2026,29.07.2026,29.07.2026,29.07.2026,29.07.2026,,A001,WH AHI JABABEKA
R100260329L049_A001,CDD LONG CHASSIS,1400000,0,0,0,0,700000,2100000,A001 - WH AHI JABABEKA,PT. BINTANG SAMUDRA RAYA,7,ON SCHEDULE,28,0,27.04.2026,29.03.2026,31.03.2026,15.04.2026,15.04.2026,15.04.2026,15.04.2026,,A001,WH AHI JABABEKA
R100260329L049_A001,CDD LONG CHASSIS,1400000,0,0,0,0,700000,2100000,A001 - WH AHI JABABEKA,PT. BINTANG SAMUDRA RAYA,7,ON SCHEDULE,28,0,27.04.2026,29.03.2026,31.03.2026,15.04.2026,15.04.2026,15.04.2026,15.04.2026,,A001,WH AHI JABABEKA
R100260329L049_A001,CDD LONG CHASSIS,1400000,0,0,0,0,700000,2100000,A001 - WH AHI JABABEKA,PT. BINTANG SAMUDRA RAYA,7,ON SCHEDULE,28,0,27.04.2026,29.03.2026,31.03.2026,15.04.2026,15.04.2026,15.04.2026,15.04.2026,,A001,WH AHI JABABEKA
R100260329L053_A001,CDD LONG CHASSIS,1700000,0,0,0,0,0,1700000,A001 - WH AHI JABABEKA,PT. ANTAR JARINGAN SEPANJANG JALAN,7,ON SCHEDULE,28,0,27.04.2026,29.03.2026,30.03.2026,02.04.2026,02.04.2026,08.04.2026,08.04.2026,,A001,WH AHI JABABEKA
R100260329L054_A001,CDD LONG CHASSIS,1400000,0,0,0,0,700000,2100000,A001 - WH AHI JABABEKA,PT. BINTANG SAMUDRA RAYA,7,ON SCHEDULE,27,0,26.04.2026,29.03.2026,30.03.2026,15.04.2026,15.04.2026,15.04.2026,15.04.2026,,A001,WH AHI JABABEKA
R100260329L054_A001,CDD LONG CHASSIS,1400000,0,0,0,0,700000,2100000,A001 - WH AHI JABABEKA,PT. BINTANG SAMUDRA RAYA,7,ON SCHEDULE,27,0,26.04.2026,29.03.2026,30.03.2026,15.04.2026,15.04.2026,15.04.2026,15.04.2026,,A001,WH AHI JABABEKA
R100260329L054_A001,CDD LONG CHASSIS,1400000,0,0,0,0,700000,2100000,A001 - WH AHI JABABEKA,PT. BINTANG SAMUDRA RAYA,7,ON SCHEDULE,27,0,26.04.2026,29.03.2026,30.03.2026,15.04.2026,15.04.2026,15.04.2026,15.04.2026,,A001,WH AHI JABABEKA
R100260329L055_A001,FUSO,12500000,0,0,0,350000,0,12850000,A001 - WH AHI JABABEKA,PT.DHANESWARA EXPRES,7,ON SCHEDULE,31,0,02.05.2026,31.03.2026,,30.04.2026,06.05.2026,11.05.2026,11.05.2026,,A001,WH AHI JABABEKA
R100260329L057_A001,CDD LONG CHASSIS,1725000,0,0,0,0,700000,2425000,A001 - WH AHI JABABEKA,PT. BINTANG SAMUDRA RAYA,7,ON SCHEDULE,27,0,26.04.2026,29.03.2026,30.03.2026,15.04.2026,15.04.2026,15.04.2026,15.04.2026,,A001,WH AHI JABABEKA
R100260329L057_A001,CDD LONG CHASSIS,1725000,0,0,0,0,700000,2425000,A001 - WH AHI JABABEKA,PT. BINTANG SAMUDRA RAYA,7,ON SCHEDULE,27,0,26.04.2026,29.03.2026,30.03.2026,15.04.2026,15.04.2026,15.04.2026,15.04.2026,,A001,WH AHI JABABEKA
R100260329L057_A001,CDD LONG CHASSIS,1725000,0,0,0,0,700000,2425000,A001 - WH AHI JABABEKA,PT. BINTANG SAMUDRA RAYA,7,ON SCHEDULE,27,0,26.04.2026,29.03.2026,30.03.2026,15.04.2026,15.04.2026,15.04.2026,15.04.2026,,A001,WH AHI JABABEKA
R100260329L058_A001,CDD LONG CHASSIS,2850000,0,0,0,0,700000,3550000,A001 - WH AHI JABABEKA,PT. BINTANG SAMUDRA RAYA,7,ON SCHEDULE,28,0,27.04.2026,29.03.2026,31.03.2026,15.04.2026,15.04.2026,15.04.2026,15.04.2026,,A001,WH AHI JABABEKA
R100260329L058_A001,CDD LONG CHASSIS,2850000,0,0,0,0,700000,3550000,A001 - WH AHI JABABEKA,PT. BINTANG SAMUDRA RAYA,7,ON SCHEDULE,28,0,27.04.2026,29.03.2026,31.03.2026,15.04.2026,15.04.2026,15.04.2026,15.04.2026,,A001,WH AHI JABABEKA
R100260329L058_A001,CDD LONG CHASSIS,2850000,0,0,0,0,700000,3550000,A001 - WH AHI JABABEKA,PT. BINTANG SAMUDRA RAYA,7,ON SCHEDULE,28,0,27.04.2026,29.03.2026,31.03.2026,15.04.2026,15.04.2026,15.04.2026,15.04.2026,,A001,WH AHI JABABEKA
R100260329L059_A001,CDD LONG CHASSIS,1500000,0,0,0,0,0,1500000,A001 - WH AHI JABABEKA,PT. ANTAR JARINGAN SEPANJANG JALAN,7,ON SCHEDULE,26,0,25.04.2026,29.03.2026,30.03.2026,02.04.2026,02.04.2026,08.04.2026,08.04.2026,,A001,WH AHI JABABEKA
R100260329L062_A001,CDD LONG CHASSIS,3500000,0,0,0,500000,1800000,5800000,A001 - WH AHI JABABEKA,PT. CEHA LOGISTIK CEMERLANG,7,ON SCHEDULE,28,0,27.04.2026,29.03.2026,31.03.2026,06.04.2026,06.04.2026,06.04.2026,06.04.2026,,A001,WH AHI JABABEKA
R100260329L064_A001,FUSO,16790000,0,0,0,0,0,16790000,A001 - WH AHI JABABEKA,PT LOGISTIK CANGGIH INDONESIA,7,ON SCHEDULE,30,0,01.05.2026,31.03.2026,,15.04.2026,15.04.2026,20.04.2026,21.04.2026,,A001,WH AHI JABABEKA
R100260329L066_A001,CDD LONG CHASSIS,3100000,0,0,0,0,700000,3800000,A001 - WH AHI JABABEKA,PT. BINTANG SAMUDRA RAYA,7,ON SCHEDULE,29,0,28.04.2026,29.03.2026,31.03.2026,20.04.2026,23.04.2026,23.04.2026,23.04.2026,,A001,WH AHI JABABEKA
R100260329L066_A001,CDD LONG CHASSIS,3100000,0,0,0,0,700000,3800000,A001 - WH AHI JABABEKA,PT. BINTANG SAMUDRA RAYA,7,ON SCHEDULE,29,0,28.04.2026,29.03.2026,31.03.2026,20.04.2026,23.04.2026,23.04.2026,23.04.2026,,A001,WH AHI JABABEKA
R100260329L066_A001,CDD LONG CHASSIS,3100000,0,0,0,0,700000,3800000,A001 - WH AHI JABABEKA,PT. BINTANG SAMUDRA RAYA,7,ON SCHEDULE,29,0,28.04.2026,29.03.2026,31.03.2026,20.04.2026,23.04.2026,23.04.2026,23.04.2026,,A001,WH AHI JABABEKA
R100260329L067_A001,CDD LONG CHASSIS,5800000,0,0,0,0,0,5800000,A001 - WH AHI JABABEKA,PT. AGUNG MAKMUR JAYA,7,ON SCHEDULE,28,0,28.04.2026,30.03.2026,31.03.2026,15.04.2026,15.04.2026,15.04.2026,16.04.2026,,A001,WH AHI JABABEKA
R100260329L069_A001,CDD LONG CHASSIS,3900000,0,0,0,400000,0,4300000,A001 - WH AHI JABABEKA,PT. BINTANG SAMUDRA RAYA,7,ON SCHEDULE,28,0,29.04.2026,31.03.2026,,17.04.2026,17.04.2026,20.04.2026,21.04.2026,,A001,WH AHI JABABEKA
R100260329L072_A001,CDD LONG CHASSIS,1900000,0,0,0,75000,0,1975000,A001 - WH AHI JABABEKA,PT. ANTAR JARINGAN SEPANJANG JALAN,7,ON SCHEDULE,27,0,26.04.2026,29.03.2026,30.03.2026,02.04.2026,02.04.2026,08.04.2026,08.04.2026,,A001,WH AHI JABABEKA
R100260329L073_A001,CDD LONG CHASSIS,1900000,0,0,0,75000,0,1975000,A001 - WH AHI JABABEKA,PT. ANTAR JARINGAN SEPANJANG JALAN,7,ON SCHEDULE,28,0,27.04.2026,29.03.2026,30.03.2026,02.04.2026,02.04.2026,08.04.2026,08.04.2026,,A001,WH AHI JABABEKA
R100260329L074_A001,CDD LONG CHASSIS,1500000,0,0,0,75000,0,1575000,A001 - WH AHI JABABEKA,PT. ANTAR JARINGAN SEPANJANG JALAN,7,ON SCHEDULE,27,0,26.04.2026,29.03.2026,30.03.2026,02.04.2026,02.04.2026,08.04.2026,08.04.2026,,A001,WH AHI JABABEKA
R100260329L075_A001,CDD LONG CHASSIS,1900000,0,0,0,75000,0,1975000,A001 - WH AHI JABABEKA,PT. ANTAR JARINGAN SEPANJANG JALAN,7,ON SCHEDULE,28,0,27.04.2026,29.03.2026,30.03.2026,02.04.2026,02.04.2026,08.04.2026,08.04.2026,,A001,WH AHI JABABEKA
R100260329L078_A001,CDD LONG CHASSIS,1725000,0,0,0,400000,700000,2825000,A001 - WH AHI JABABEKA,PT. BINTANG SAMUDRA RAYA,7,ON SCHEDULE,28,0,27.04.2026,29.03.2026,30.03.2026,16.04.2026,16.04.2026,17.04.2026,17.04.2026,,A001,WH AHI JABABEKA
R100260329T001_A001,WINGBOX,6600000,0,0,0,0,0,6600000,A001 - WH AHI JABABEKA,PT. CATUR GLOBAL LOGISTIK,7,ON SCHEDULE,30,0,29.04.2026,29.03.2026,03.04.2026,13.04.2026,13.04.2026,14.04.2026,14.04.2026,,A001,WH AHI JABABEKA
R100260329T002_A001,WINGBOX,6600000,0,0,0,0,0,6600000,A001 - WH AHI JABABEKA,PT. CATUR GLOBAL LOGISTIK,7,ON SCHEDULE,30,0,29.04.2026,29.03.2026,03.04.2026,22.04.2026,23.04.2026,19.05.2026,19.05.2026,,A001,WH AHI JABABEKA
R100260329T004_A001,WINGBOX,7000000,0,0,0,0,0,7000000,A001 - WH AHI JABABEKA,PT. DUNIA EXPRESS TRANSINDO,7,ON SCHEDULE,30,0,01.05.2026,31.03.2026,03.04.2026,24.04.2026,24.04.2026,04.05.2026,05.05.2026,,A001,WH AHI JABABEKA
R100260329T005_A001,WINGBOX,6600000,0,0,0,0,0,6600000,A001 - WH AHI JABABEKA,PT. CATUR GLOBAL LOGISTIK,7,ON SCHEDULE,30,0,29.04.2026,29.03.2026,03.04.2026,13.04.2026,13.04.2026,14.04.2026,14.04.2026,,A001,WH AHI JABABEKA
R100260329T006_A001,CONT-40,8750000,0,0,0,0,0,8750000,A001 - WH AHI JABABEKA,PT. CIKARANG GERBANG SOLUSI,6,LATE,30,125,01.05.2026,31.03.2026,04.04.2026,26.06.2026,26.06.2026,21.07.2026,21.07.2026,,A001,WH AHI JABABEKA
R100260329T007_A001,WINGBOX,6000000,0,0,0,0,0,6000000,A001 - WH AHI JABABEKA,PT.AMANAH TRANSMULIA MANDIRI LOGISTIK,7,ON SCHEDULE,30,0,01.05.2026,31.03.2026,03.04.2026,06.04.2026,06.04.2026,07.04.2026,09.04.2026,,A001,WH AHI JABABEKA
R100260329T009_A001,WINGBOX,5650000,0,0,0,0,0,5650000,A001 - WH AHI JABABEKA,PT. DUTA MEDIA MANDIRI,7,ON SCHEDULE,30,0,30.04.2026,30.03.2026,03.04.2026,08.04.2026,08.04.2026,13.04.2026,13.04.2026,,A001,WH AHI JABABEKA
R100260329T010_A001,WINGBOX,5600000,0,0,0,0,900000,6500000,A001 - WH AHI JABABEKA,PT. BINTANG SAMUDRA RAYA,7,ON SCHEDULE,30,0,30.04.2026,30.03.2026,03.04.2026,15.04.2026,15.04.2026,15.04.2026,15.04.2026,,A001,WH AHI JABABEKA
R100260329T010_A001,WINGBOX,5600000,0,0,0,0,900000,6500000,A001 - WH AHI JABABEKA,PT. BINTANG SAMUDRA RAYA,7,ON SCHEDULE,30,0,30.04.2026,30.03.2026,03.04.2026,15.04.2026,15.04.2026,15.04.2026,15.04.2026,,A001,WH AHI JABABEKA
R100260329T010_A001,WINGBOX,5600000,0,0,0,0,900000,6500000,A001 - WH AHI JABABEKA,PT. BINTANG SAMUDRA RAYA,7,ON SCHEDULE,30,0,30.04.2026,30.03.2026,03.04.2026,15.04.2026,15.04.2026,15.04.2026,15.04.2026,,A001,WH AHI JABABEKA
R100260329T011_A001,CONT-40,25600000,0,0,0,0,800000,26400000,A001 - WH AHI JABABEKA,PT. SENTOSAPRIMA ABADI,7,ON SCHEDULE,39,0,08.05.2026,29.03.2026,15.04.2026,26.05.2026,26.05.2026,29.05.2026,29.05.2026,,A001,WH AHI JABABEKA
R100260329T012_A001,CONT-40,25600000,0,0,0,0,800000,26400000,A001 - WH AHI JABABEKA,PT. SENTOSAPRIMA ABADI,7,ON SCHEDULE,39,0,08.05.2026,29.03.2026,15.04.2026,26.05.2026,26.05.2026,29.05.2026,29.05.2026,,A001,WH AHI JABABEKA
R100260329T035_A001,CONT-40,24200000,0,0,0,0,800000,25000000,A001 - WH AHI JABABEKA,PT. SENTOSAPRIMA ABADI,7,ON SCHEDULE,36,0,06.05.2026,30.03.2026,15.04.2026,20.05.2026,20.05.2026,21.05.2026,21.05.2026,,A001,WH AHI JABABEKA
R100260330L005_A001,CONT-20,13850000,0,0,400000,0,0,14250000,A001 - WH AHI JABABEKA,PT. HAKKA HYDRO TIRTA,7,ON SCHEDULE,42,0,13.05.2026,31.03.2026,15.04.2026,16.04.2026,16.04.2026,17.04.2026,17.04.2026,,A001,WH AHI JABABEKA
R100260330L009_A001,CONT-20,17200000,0,0,0,0,800000,18000000,A001 - WH AHI JABABEKA,PT. SENTOSAPRIMA ABADI,7,ON SCHEDULE,43,0,12.05.2026,29.03.2026,15.04.2026,15.05.2026,17.05.2026,20.05.2026,20.05.2026,,A001,WH AHI JABABEKA
R100260330L024_A001,CDD LONG CHASSIS,1600000,0,0,0,0,700000,2300000,A001 - WH AHI JABABEKA,PT. BINTANG SAMUDRA RAYA,6,LATE,28,128,27.04.2026,29.03.2026,30.03.2026,14.04.2026,14.04.2026,20.05.2026,20.05.2026,,A001,WH AHI JABABEKA
R100260330L024_A001,CDD LONG CHASSIS,1600000,0,0,0,0,700000,2300000,A001 - WH AHI JABABEKA,PT. BINTANG SAMUDRA RAYA,6,LATE,28,128,27.04.2026,29.03.2026,30.03.2026,14.04.2026,14.04.2026,20.05.2026,20.05.2026,,A001,WH AHI JABABEKA
R100260330L024_A001,CDD LONG CHASSIS,1600000,0,0,0,0,700000,2300000,A001 - WH AHI JABABEKA,PT. BINTANG SAMUDRA RAYA,6,LATE,28,128,27.04.2026,29.03.2026,30.03.2026,14.04.2026,14.04.2026,20.05.2026,20.05.2026,,A001,WH AHI JABABEKA
R100260330L025_A001,CDD LONG CHASSIS,2250000,0,0,0,0,700000,2950000,A001 - WH AHI JABABEKA,PT. BINTANG SAMUDRA RAYA,7,ON SCHEDULE,28,0,27.04.2026,29.03.2026,30.03.2026,15.04.2026,15.04.2026,15.04.2026,15.04.2026,,A001,WH AHI JABABEKA
R100260330L025_A001,CDD LONG CHASSIS,2250000,0,0,0,0,700000,2950000,A001 - WH AHI JABABEKA,PT. BINTANG SAMUDRA RAYA,7,ON SCHEDULE,28,0,27.04.2026,29.03.2026,30.03.2026,15.04.2026,15.04.2026,15.04.2026,15.04.2026,,A001,WH AHI JABABEKA
R100260330L025_A001,CDD LONG CHASSIS,2250000,0,0,0,0,700000,2950000,A001 - WH AHI JABABEKA,PT. BINTANG SAMUDRA RAYA,7,ON SCHEDULE,28,0,27.04.2026,29.03.2026,30.03.2026,15.04.2026,15.04.2026,15.04.2026,15.04.2026,,A001,WH AHI JABABEKA
R100260330L026_A001,CDD LONG CHASSIS,2250000,0,0,0,0,700000,2950000,A001 - WH AHI JABABEKA,PT. BINTANG SAMUDRA RAYA,7,ON SCHEDULE,28,0,27.04.2026,29.03.2026,30.03.2026,15.04.2026,15.04.2026,15.04.2026,15.04.2026,,A001,WH AHI JABABEKA
R100260330L026_A001,CDD LONG CHASSIS,2250000,0,0,0,0,700000,2950000,A001 - WH AHI JABABEKA,PT. BINTANG SAMUDRA RAYA,7,ON SCHEDULE,28,0,27.04.2026,29.03.2026,30.03.2026,15.04.2026,15.04.2026,15.04.2026,15.04.2026,,A001,WH AHI JABABEKA
R100260330L026_A001,CDD LONG CHASSIS,2250000,0,0,0,0,700000,2950000,A001 - WH AHI JABABEKA,PT. BINTANG SAMUDRA RAYA,7,ON SCHEDULE,28,0,27.04.2026,29.03.2026,30.03.2026,15.04.2026,15.04.2026,15.04.2026,15.04.2026,,A001,WH AHI JABABEKA
R100260330L027_A001,CDD LONG CHASSIS,1725000,0,0,0,0,700000,2425000,A001 - WH AHI JABABEKA,PT. BINTANG SAMUDRA RAYA,7,ON SCHEDULE,27,0,26.04.2026,29.03.2026,30.03.2026,15.04.2026,15.04.2026,15.04.2026,15.04.2026,,A001,WH AHI JABABEKA
R100260330L027_A001,CDD LONG CHASSIS,1725000,0,0,0,0,700000,2425000,A001 - WH AHI JABABEKA,PT. BINTANG SAMUDRA RAYA,7,ON SCHEDULE,27,0,26.04.2026,29.03.2026,30.03.2026,15.04.2026,15.04.2026,15.04.2026,15.04.2026,,A001,WH AHI JABABEKA
R100260330L027_A001,CDD LONG CHASSIS,1725000,0,0,0,0,700000,2425000,A001 - WH AHI JABABEKA,PT. BINTANG SAMUDRA RAYA,7,ON SCHEDULE,27,0,26.04.2026,29.03.2026,30.03.2026,15.04.2026,15.04.2026,15.04.2026,15.04.2026,,A001,WH AHI JABABEKA
R100260330L028_A001,CDD LONG CHASSIS,2250000,0,0,0,0,700000,2950000,A001 - WH AHI JABABEKA,PT. BINTANG SAMUDRA RAYA,7,ON SCHEDULE,28,0,26.04.2026,28.03.2026,29.03.2026,15.04.2026,15.04.2026,15.04.2026,15.04.2026,,A001,WH AHI JABABEKA
R100260330L028_A001,CDD LONG CHASSIS,2250000,0,0,0,0,700000,2950000,A001 - WH AHI JABABEKA,PT. BINTANG SAMUDRA RAYA,7,ON SCHEDULE,28,0,26.04.2026,28.03.2026,29.03.2026,15.04.2026,15.04.2026,15.04.2026,15.04.2026,,A001,WH AHI JABABEKA
R100260330L028_A001,CDD LONG CHASSIS,2250000,0,0,0,0,700000,2950000,A001 - WH AHI JABABEKA,PT. BINTANG SAMUDRA RAYA,7,ON SCHEDULE,28,0,26.04.2026,28.03.2026,29.03.2026,15.04.2026,15.04.2026,15.04.2026,15.04.2026,,A001,WH AHI JABABEKA
R100260330L080_A001,CONT-20,19700000,0,0,0,0,0,19700000,A001 - WH AHI JABABEKA,PT.FREIGHT EXPRESS,7,ON SCHEDULE,46,0,17.05.2026,31.03.2026,20.04.2026,22.04.2026,23.04.2026,11.05.2026,11.05.2026,,A001,WH AHI JABABEKA
R100260330L085_A001,CDD LONG CHASSIS,3340000,0,0,0,0,1800000,5140000,A001 - WH AHI JABABEKA,PT. CEHA LOGISTIK CEMERLANG,7,ON SCHEDULE,28,0,28.04.2026,30.03.2026,03.04.2026,06.04.2026,06.04.2026,06.04.2026,06.04.2026,,A001,WH AHI JABABEKA
R100260330L092_A001,CDD LONG CHASSIS,2100000,0,0,0,0,0,2100000,A001 - WH AHI JABABEKA,PT. BINTANG SAMUDRA RAYA,7,ON SCHEDULE,26,0,26.04.2026,30.03.2026,31.03.2026,09.04.2026,10.04.2026,13.04.2026,14.04.2026,,A001,WH AHI JABABEKA
R100260330L093_A001,CDD LONG CHASSIS,1725000,0,0,0,300000,0,2025000,A001 - WH AHI JABABEKA,PT. BINTANG SAMUDRA RAYA,7,ON SCHEDULE,27,0,28.04.2026,31.03.2026,03.04.2026,16.04.2026,16.04.2026,17.04.2026,17.04.2026,,A001,WH AHI JABABEKA
R100260330L094_A001,CDD LONG CHASSIS,2250000,0,0,0,300000,0,2550000,A001 - WH AHI JABABEKA,PT. BINTANG SAMUDRA RAYA,7,ON SCHEDULE,28,0,29.04.2026,31.03.2026,03.04.2026,16.04.2026,16.04.2026,17.04.2026,17.04.2026,,A001,WH AHI JABABEKA
R100260330L095_A001,CDD LONG CHASSIS,1400000,0,0,0,0,0,1400000,A001 - WH AHI JABABEKA,PT. BINTANG SAMUDRA RAYA,7,ON SCHEDULE,28,0,28.04.2026,30.03.2026,31.03.2026,09.04.2026,10.04.2026,13.04.2026,14.04.2026,,A001,WH AHI JABABEKA
R100260330T082_A001,WINGBOX,6700000,0,0,0,0,0,6700000,A001 - WH AHI JABABEKA,PT.DHANESWARA EXPRES,7,ON SCHEDULE,30,0,30.04.2026,30.03.2026,03.04.2026,10.04.2026,10.04.2026,13.04.2026,13.04.2026,,A001,WH AHI JABABEKA
R100260330T087_A001,WINGBOX,6700000,0,0,0,0,0,6700000,A001 - WH AHI JABABEKA,PT.DHANESWARA EXPRES,7,ON SCHEDULE,30,0,01.05.2026,31.03.2026,03.04.2026,14.04.2026,15.04.2026,20.04.2026,20.04.2026,,A001,WH AHI JABABEKA
R100260330T089_A001,CONT-40,25600000,0,0,0,0,0,25600000,A001 - WH AHI JABABEKA,PT. SENTOSAPRIMA ABADI,7,ON SCHEDULE,39,0,10.05.2026,31.03.2026,16.04.2026,26.05.2026,26.05.2026,29.05.2026,29.05.2026,,A001,WH AHI JABABEKA
R100260330T102_A001,CONT-20,13950000,0,0,0,0,0,13950000,A001 - WH AHI JABABEKA,PT. SENTOSAPRIMA ABADI,7,ON SCHEDULE,41,0,12.05.2026,31.03.2026,15.04.2026,18.05.2026,19.05.2026,20.05.2026,20.05.2026,,A001,WH AHI JABABEKA
R100260330T103_A001,CONT-20,13950000,0,0,0,0,0,13950000,A001 - WH AHI JABABEKA,PT. SENTOSAPRIMA ABADI,7,ON SCHEDULE,41,0,12.05.2026,31.03.2026,15.04.2026,11.05.2026,11.05.2026,18.05.2026,18.05.2026,,A001,WH AHI JABABEKA
R100260330T104_A001,CONT-40,23000000,0,0,1000000,0,0,24000000,A001 - WH AHI JABABEKA,PT. WIDYA TRANS CARGO,7,ON SCHEDULE,40,0,10.05.2026,30.03.2026,15.04.2026,05.05.2026,06.05.2026,11.05.2026,25.05.2026,,A001,WH AHI JABABEKA
R100260330T130_A001,WINGBOX,5650000,0,0,0,0,0,5650000,A001 - WH AHI JABABEKA,PT. DUTA MEDIA MANDIRI,7,ON SCHEDULE,30,0,30.04.2026,30.03.2026,03.04.2026,08.04.2026,08.04.2026,13.04.2026,13.04.2026,,A001,WH AHI JABABEKA
R100260331L067_A001,CDD LONG CHASSIS,3500000,0,0,0,0,0,3500000,A001 - WH AHI JABABEKA,PT. BINTANG SAMUDRA RAYA,7,ON SCHEDULE,28,0,29.04.2026,31.03.2026,03.04.2026,09.04.2026,10.04.2026,14.04.2026,14.04.2026,,A001,WH AHI JABABEKA
R100260331L069_A001,CDD LONG CHASSIS,4900000,0,0,0,150000,0,5050000,A001 - WH AHI JABABEKA,PT.ORANG KREATIF EKSIS,7,ON SCHEDULE,28,0,29.04.2026,31.03.2026,03.04.2026,10.04.2026,10.04.2026,17.04.2026,17.04.2026,,A001,WH AHI JABABEKA
R100260331T009_A001,WINGBOX,6000000,0,0,0,0,0,6000000,A001 - WH AHI JABABEKA,PT.AMANAH TRANSMULIA MANDIRI LOGISTIK,7,ON SCHEDULE,30,0,01.05.2026,31.03.2026,03.04.2026,06.04.2026,06.04.2026,07.04.2026,09.04.2026,,A001,WH AHI JABABEKA
R110260221T026_H014,CONT-40,28900000,0,0,2500000,0,0,31400000,H014 - WH INFORMA JABABEKA,PT. PAUS BIRU LOGISTIK,7,ON SCHEDULE,40,0,16.04.2026,06.03.2026,26.03.2026,29.04.2026,30.04.2026,04.05.2026,13.05.2026,,H014,WH INFORMA JABABEKA
R110260223T038_H014,CONT-40,30000000,0,0,1000000,0,0,31000000,H014 - WH INFORMA JABABEKA,PT. PAUS BIRU LOGISTIK,7,ON SCHEDULE,42,0,18.04.2026,06.03.2026,16.03.2026,06.05.2026,08.05.2026,11.06.2026,18.06.2026,,H014,WH INFORMA JABABEKA
R110260224T020_H014,CONT-40,28900000,0,0,2500000,0,0,31400000,H014 - WH INFORMA JABABEKA,PT. PAUS BIRU LOGISTIK,7,ON SCHEDULE,40,0,14.04.2026,04.03.2026,15.03.2026,29.04.2026,30.04.2026,04.05.2026,13.05.2026,,H014,WH INFORMA JABABEKA
R110260224T021_H014,CONT-40,28900000,0,0,2500000,0,0,31400000,H014 - WH INFORMA JABABEKA,PT. PAUS BIRU LOGISTIK,7,ON SCHEDULE,40,0,13.04.2026,03.03.2026,15.03.2026,30.04.2026,03.05.2026,04.05.2026,13.05.2026,,H014,WH INFORMA JABABEKA
R110260224T022_H014,CONT-40,30000000,0,0,1000000,0,0,31000000,H014 - WH INFORMA JABABEKA,PT. PAUS BIRU LOGISTIK,7,ON SCHEDULE,42,0,16.04.2026,04.03.2026,14.03.2026,29.04.2026,30.04.2026,11.05.2026,19.05.2026,,H014,WH INFORMA JABABEKA
R110260224T046_H014,CONT-40,25600000,0,0,0,0,0,25600000,H014 - WH INFORMA JABABEKA,PT. SENTOSAPRIMA ABADI,7,ON SCHEDULE,37,0,08.04.2026,01.03.2026,14.03.2026,06.05.2026,07.05.2026,07.05.2026,07.05.2026,,H014,WH INFORMA JABABEKA
R110260224T047_H014,CONT-40,25600000,0,0,0,0,0,25600000,H014 - WH INFORMA JABABEKA,PT. SENTOSAPRIMA ABADI,7,ON SCHEDULE,37,0,08.04.2026,01.03.2026,09.03.2026,06.05.2026,07.05.2026,07.05.2026,07.05.2026,,H014,WH INFORMA JABABEKA
R110260225L027_H014,CONT-20,22300000,0,0,0,0,0,22300000,H014 - WH INFORMA JABABEKA,PT. PAUS BIRU LOGISTIK,7,ON SCHEDULE,38,0,09.04.2026,01.03.2026,10.03.2026,08.06.2026,09.06.2026,09.06.2026,18.06.2026,,H014,WH INFORMA JABABEKA
R110260225T032_H014,CONT-20,14700000,0,0,0,0,0,14700000,H014 - WH INFORMA JABABEKA,PT. WIDYA TRANS CARGO,7,ON SCHEDULE,40,0,17.04.2026,07.03.2026,17.03.2026,22.04.2026,22.04.2026,24.04.2026,24.04.2026,,H014,WH INFORMA JABABEKA
R110260225T055_H014,CONT-40,25600000,0,0,0,0,0,25600000,H014 - WH INFORMA JABABEKA,PT. SENTOSAPRIMA ABADI,7,ON SCHEDULE,37,0,08.04.2026,01.03.2026,14.03.2026,06.05.2026,07.05.2026,07.05.2026,07.05.2026,,H014,WH INFORMA JABABEKA
R110260225T056_H014,CONT-40,25600000,0,0,0,0,0,25600000,H014 - WH INFORMA JABABEKA,PT. SENTOSAPRIMA ABADI,7,ON SCHEDULE,37,0,08.04.2026,01.03.2026,14.03.2026,06.05.2026,07.05.2026,07.05.2026,07.05.2026,,H014,WH INFORMA JABABEKA
R110260225T057_H014,CONT-40,25600000,0,0,0,0,0,25600000,H014 - WH INFORMA JABABEKA,PT. SENTOSAPRIMA ABADI,7,ON SCHEDULE,37,0,09.04.2026,02.03.2026,14.03.2026,06.05.2026,07.05.2026,07.05.2026,07.05.2026,,H014,WH INFORMA JABABEKA
R110260225T059_H014,CONT-40,25600000,0,0,0,0,0,25600000,H014 - WH INFORMA JABABEKA,PT. SENTOSAPRIMA ABADI,7,ON SCHEDULE,37,0,09.04.2026,02.03.2026,14.03.2026,06.05.2026,07.05.2026,07.05.2026,07.05.2026,,H014,WH INFORMA JABABEKA
R110260225T061_H014,CONT-40,23000000,0,0,1000000,0,0,24000000,H014 - WH INFORMA JABABEKA,PT. WIDYA TRANS CARGO,7,ON SCHEDULE,42,0,16.04.2026,04.03.2026,17.03.2026,09.04.2026,10.04.2026,15.04.2026,15.04.2026,,H014,WH INFORMA JABABEKA
R110260225T067_H014,CONT-40,23000000,0,0,1000000,0,0,24000000,H014 - WH INFORMA JABABEKA,PT. WIDYA TRANS CARGO,7,ON SCHEDULE,42,0,15.04.2026,03.03.2026,14.03.2026,09.04.2026,10.04.2026,15.04.2026,15.04.2026,,H014,WH INFORMA JABABEKA
R110260226H052_H014,FUSO,19200000,0,0,0,0,0,19200000,H014 - WH INFORMA JABABEKA,PT. SATRIA PIRANTI PERKASA,7,ON SCHEDULE,30,0,01.04.2026,01.03.2026,05.03.2026,26.03.2026,26.03.2026,02.04.2026,02.04.2026,,H014,WH INFORMA JABABEKA
R110260226T016_H014,CONT-40,26000000,0,0,0,0,0,26000000,H014 - WH INFORMA JABABEKA,PT. WIDYA TRANS CARGO,7,ON SCHEDULE,40,0,11.04.2026,01.03.2026,14.03.2026,09.04.2026,09.04.2026,13.04.2026,07.05.2026,,H014,WH INFORMA JABABEKA
R110260226T017_H014,CONT-40,26000000,0,0,0,0,0,26000000,H014 - WH INFORMA JABABEKA,PT. WIDYA TRANS CARGO,7,ON SCHEDULE,40,0,11.04.2026,01.03.2026,14.03.2026,09.04.2026,09.04.2026,13.04.2026,13.04.2026,,H014,WH INFORMA JABABEKA
R110260226T024_H014,CONT-40,23000000,0,0,1000000,0,0,24000000,H014 - WH INFORMA JABABEKA,PT. WIDYA TRANS CARGO,7,ON SCHEDULE,42,0,16.04.2026,04.03.2026,17.03.2026,09.04.2026,10.04.2026,15.04.2026,15.04.2026,,H014,WH INFORMA JABABEKA
R110260226T025_H014,CONT-40,23000000,0,0,1000000,0,0,24000000,H014 - WH INFORMA JABABEKA,PT. WIDYA TRANS CARGO,7,ON SCHEDULE,42,0,15.04.2026,03.03.2026,14.03.2026,09.04.2026,09.04.2026,13.04.2026,20.04.2026,,H014,WH INFORMA JABABEKA
R110260226T028_H014,CONT-20,15700000,0,0,0,0,0,15700000,H014 - WH INFORMA JABABEKA,PT. MITRA INTERTRANS FORWARDING,7,ON SCHEDULE,46,0,22.04.2026,06.03.2026,31.03.2026,28.04.2026,29.04.2026,29.04.2026,29.04.2026,,H014,WH INFORMA JABABEKA
R110260226T031_H014,CONT-20,14700000,0,0,0,0,0,14700000,H014 - WH INFORMA JABABEKA,PT. WIDYA TRANS CARGO,7,ON SCHEDULE,40,0,18.04.2026,08.03.2026,17.03.2026,22.04.2026,22.04.2026,24.04.2026,24.04.2026,,H014,WH INFORMA JABABEKA
R110260226T032_H014,CONT-20,14700000,0,0,0,0,0,14700000,H014 - WH INFORMA JABABEKA,PT. WIDYA TRANS CARGO,7,ON SCHEDULE,40,0,15.04.2026,05.03.2026,17.03.2026,22.04.2026,22.04.2026,24.04.2026,24.04.2026,,H014,WH INFORMA JABABEKA
R110260226T040_H014,CONT-40,28900000,0,0,2500000,0,1500000,32900000,H014 - WH INFORMA JABABEKA,PT. PAUS BIRU LOGISTIK,7,ON SCHEDULE,40,0,24.04.2026,14.03.2026,29.03.2026,11.05.2026,11.05.2026,25.05.2026,26.05.2026,,H014,WH INFORMA JABABEKA
R110260227L054_H014,FUSO,19350000,0,0,0,200000,0,19550000,H014 - WH INFORMA JABABEKA,PT. SATRIA PIRANTI PERKASA,7,ON SCHEDULE,31,0,02.04.2026,01.03.2026,05.03.2026,26.03.2026,31.03.2026,08.04.2026,08.04.2026,,H014,WH INFORMA JABABEKA
R110260227L090_H014,CDD LONG CHASSIS,14800000,0,0,0,0,0,14800000,H014 - WH INFORMA JABABEKA,PT.ORANG KREATIF EKSIS,7,ON SCHEDULE,33,0,04.04.2026,01.03.2026,08.03.2026,30.03.2026,30.03.2026,07.04.2026,07.04.2026,,H014,WH INFORMA JABABEKA
R110260227L091_H014,CDD LONG CHASSIS,10350000,0,0,0,0,0,10350000,H014 - WH INFORMA JABABEKA,PT.ORANG KREATIF EKSIS,7,ON SCHEDULE,30,0,02.04.2026,02.03.2026,06.03.2026,11.03.2026,11.03.2026,13.03.2026,30.03.2026,,H014,WH INFORMA JABABEKA
R110260227L095_H014,CDD LONG CHASSIS,7500000,0,0,0,0,0,7500000,H014 - WH INFORMA JABABEKA,PT.ORANG KREATIF EKSIS,7,ON SCHEDULE,30,0,01.04.2026,01.03.2026,03.03.2026,11.03.2026,11.03.2026,13.03.2026,13.03.2026,,H014,WH INFORMA JABABEKA
R110260227T011_H014,CONT-40,25600000,0,0,0,0,0,25600000,H014 - WH INFORMA JABABEKA,PT. SENTOSAPRIMA ABADI,7,ON SCHEDULE,37,0,09.04.2026,02.03.2026,14.03.2026,06.05.2026,07.05.2026,07.05.2026,07.05.2026,,H014,WH INFORMA JABABEKA
R110260227T020_H014,CONT-40,30000000,0,0,1000000,0,0,31000000,H014 - WH INFORMA JABABEKA,PT. PAUS BIRU LOGISTIK,7,ON SCHEDULE,42,0,16.04.2026,04.03.2026,16.03.2026,12.05.2026,13.05.2026,21.05.2026,25.05.2026,,H014,WH INFORMA JABABEKA
R110260227T022_H014,CONT-40,25600000,0,0,0,0,0,25600000,H014 - WH INFORMA JABABEKA,PT. SENTOSAPRIMA ABADI,7,ON SCHEDULE,37,0,10.04.2026,03.03.2026,14.03.2026,06.05.2026,07.05.2026,07.05.2026,07.05.2026,,H014,WH INFORMA JABABEKA
R110260227T025_H014,CONT-20,20200000,0,0,1500000,0,0,21700000,H014 - WH INFORMA JABABEKA,PT. HAKKA HYDRO TIRTA,7,ON SCHEDULE,46,0,17.04.2026,01.03.2026,14.03.2026,11.06.2026,12.06.2026,12.06.2026,12.06.2026,,H014,WH INFORMA JABABEKA
R110260227T028_H014,CONT-40,25600000,0,0,0,0,0,25600000,H014 - WH INFORMA JABABEKA,PT. SENTOSAPRIMA ABADI,7,ON SCHEDULE,37,0,11.04.2026,04.03.2026,14.03.2026,06.05.2026,07.05.2026,07.05.2026,07.05.2026,,H014,WH INFORMA JABABEKA
R110260227T029_H014,CONT-20,18300000,0,0,600000,0,0,18900000,H014 - WH INFORMA JABABEKA,PT. PAUS BIRU LOGISTIK,7,ON SCHEDULE,42,0,16.04.2026,04.03.2026,16.03.2026,12.05.2026,13.05.2026,21.05.2026,25.05.2026,,H014,WH INFORMA JABABEKA
R110260227T031_H014,CONT-40,25600000,0,0,0,0,0,25600000,H014 - WH INFORMA JABABEKA,PT. SENTOSAPRIMA ABADI,7,ON SCHEDULE,37,0,11.04.2026,04.03.2026,14.03.2026,06.05.2026,07.05.2026,07.05.2026,07.05.2026,,H014,WH INFORMA JABABEKA
R110260227T032_H014,CONT-40,25600000,0,0,0,0,0,25600000,H014 - WH INFORMA JABABEKA,PT. SENTOSAPRIMA ABADI,7,ON SCHEDULE,37,0,11.04.2026,04.03.2026,14.03.2026,06.05.2026,07.05.2026,07.05.2026,07.05.2026,,H014,WH INFORMA JABABEKA
R110260227T033_H014,CONT-40,25600000,0,0,0,0,0,25600000,H014 - WH INFORMA JABABEKA,PT. SENTOSAPRIMA ABADI,7,ON SCHEDULE,37,0,11.04.2026,04.03.2026,14.03.2026,06.05.2026,07.05.2026,07.05.2026,07.05.2026,,H014,WH INFORMA JABABEKA
R110260227T034_H014,CONT-40,25600000,0,0,0,0,0,25600000,H014 - WH INFORMA JABABEKA,PT. SENTOSAPRIMA ABADI,7,ON SCHEDULE,37,0,11.04.2026,04.03.2026,14.03.2026,06.05.2026,07.05.2026,07.05.2026,07.05.2026,,H014,WH INFORMA JABABEKA
R110260227T037_H014,CONT-40,25600000,0,0,0,0,0,25600000,H014 - WH INFORMA JABABEKA,PT. SENTOSAPRIMA ABADI,7,ON SCHEDULE,37,0,17.04.2026,10.03.2026,17.03.2026,06.05.2026,07.05.2026,07.05.2026,07.05.2026,,H014,WH INFORMA JABABEKA
R110260227T039_H014,CONT-40,25600000,0,0,0,0,0,25600000,H014 - WH INFORMA JABABEKA,PT. SENTOSAPRIMA ABADI,7,ON SCHEDULE,37,0,17.04.2026,10.03.2026,17.03.2026,06.05.2026,07.05.2026,07.05.2026,07.05.2026,,H014,WH INFORMA JABABEKA
R110260228H053_H014,WINGBOX,11500000,0,0,0,0,0,11500000,H014 - WH INFORMA JABABEKA,PT. BINTANG SAMUDRA RAYA,7,ON SCHEDULE,29,0,31.03.2026,01.03.2026,05.03.2026,01.04.2026,01.04.2026,02.04.2026,02.04.2026,,H014,WH INFORMA JABABEKA
R110260228H070_H014,CDD LONG CHASSIS,7500000,0,0,0,0,0,7500000,H014 - WH INFORMA JABABEKA,PT.ORANG KREATIF EKSIS,7,ON SCHEDULE,29,0,31.03.2026,01.03.2026,03.03.2026,06.03.2026,07.03.2026,13.03.2026,13.03.2026,,H014,WH INFORMA JABABEKA
R110260228L034_H014,CDD LONG CHASSIS,3500000,0,0,0,0,0,3500000,H014 - WH INFORMA JABABEKA,PT. AGUNG MAKMUR JAYA,7,ON SCHEDULE,28,0,31.03.2026,02.03.2026,04.03.2026,06.03.2026,06.03.2026,09.03.2026,10.03.2026,,H014,WH INFORMA JABABEKA
R110260228L037_H014,CDD LONG CHASSIS,3500000,0,0,0,0,0,3500000,H014 - WH INFORMA JABABEKA,PT. AGUNG MAKMUR JAYA,7,ON SCHEDULE,30,0,02.04.2026,02.03.2026,04.03.2026,06.03.2026,06.03.2026,09.03.2026,10.03.2026,,H014,WH INFORMA JABABEKA
R110260228L038_H014,CDD LONG CHASSIS,3600000,0,0,0,0,0,3600000,H014 - WH INFORMA JABABEKA,PT. BINTANG SAMUDRA RAYA,7,ON SCHEDULE,30,0,01.04.2026,01.03.2026,02.03.2026,10.03.2026,10.03.2026,11.03.2026,12.03.2026,,H014,WH INFORMA JABABEKA
R110260228L039_H014,CDD LONG CHASSIS,3600000,0,0,0,0,0,3600000,H014 - WH INFORMA JABABEKA,PT. BINTANG SAMUDRA RAYA,7,ON SCHEDULE,30,0,01.04.2026,01.03.2026,02.03.2026,10.03.2026,10.03.2026,11.03.2026,12.03.2026,,H014,WH INFORMA JABABEKA
R110260228L040_H014,CDD LONG CHASSIS,3500000,0,0,0,0,0,3500000,H014 - WH INFORMA JABABEKA,PT. CEHA LOGISTIK CEMERLANG,7,ON SCHEDULE,28,0,30.03.2026,01.03.2026,02.03.2026,03.03.2026,03.03.2026,05.03.2026,06.03.2026,,H014,WH INFORMA JABABEKA
R110260228L041_H014,CDD LONG CHASSIS,3600000,0,0,0,0,0,3600000,H014 - WH INFORMA JABABEKA,PT. BINTANG SAMUDRA RAYA,7,ON SCHEDULE,30,0,01.04.2026,01.03.2026,02.03.2026,10.03.2026,10.03.2026,11.03.2026,12.03.2026,,H014,WH INFORMA JABABEKA
R110260228L042_H014,CDD LONG CHASSIS,3500000,0,0,0,300000,0,3800000,H014 - WH INFORMA JABABEKA,PT.DHANESWARA EXPRES,7,ON SCHEDULE,28,0,30.03.2026,01.03.2026,03.03.2026,12.03.2026,12.03.2026,27.03.2026,27.03.2026,,H014,WH INFORMA JABABEKA
R110260228L063_H014,CDD LONG CHASSIS,1725000,0,0,0,0,0,1725000,H014 - WH INFORMA JABABEKA,PT. BINTANG SAMUDRA RAYA,7,ON SCHEDULE,27,0,29.03.2026,01.03.2026,03.03.2026,04.03.2026,05.03.2026,11.03.2026,12.03.2026,,H014,WH INFORMA JABABEKA
R110260228L066_H014,CDD LONG CHASSIS,3500000,0,0,0,0,0,3500000,H014 - WH INFORMA JABABEKA,PT.DHANESWARA EXPRES,7,ON SCHEDULE,28,0,30.03.2026,01.03.2026,03.03.2026,12.03.2026,12.03.2026,27.03.2026,27.03.2026,,H014,WH INFORMA JABABEKA
R110260228T019_H014,WINGBOX,0,0,0,0,0,0,0,H014 - WH INFORMA JABABEKA,PT.Eureka Logistics,2,LATE,9,155,11.03.2026,01.03.2026,04.03.2026,,,,,,H014,WH INFORMA JABABEKA
R110260228T020_H014,WINGBOX,0,0,0,0,0,0,0,H014 - WH INFORMA JABABEKA,PT.Eureka Logistics,2,LATE,9,155,11.03.2026,01.03.2026,05.03.2026,,,,,,H014,WH INFORMA JABABEKA
R110260228T022_H014,WINGBOX,6600000,0,0,0,0,0,6600000,H014 - WH INFORMA JABABEKA,PT. JAYA MULYA ERALINDO,7,ON SCHEDULE,29,0,31.03.2026,01.03.2026,04.03.2026,05.03.2026,05.03.2026,10.03.2026,10.03.2026,,H014,WH INFORMA JABABEKA
R110260228T025_H014,WINGBOX,6600000,0,0,0,0,0,6600000,H014 - WH INFORMA JABABEKA,PT. JAYA MULYA ERALINDO,7,ON SCHEDULE,29,0,31.03.2026,01.03.2026,04.03.2026,12.03.2026,12.03.2026,30.03.2026,30.03.2026,,H014,WH INFORMA JABABEKA
R110260228T030_H014,CONT-40,8750000,0,0,0,0,0,8750000,H014 - WH INFORMA JABABEKA,PT. CIKARANG GERBANG SOLUSI,7,ON SCHEDULE,29,0,31.03.2026,01.03.2026,04.03.2026,29.05.2026,29.05.2026,29.05.2026,29.05.2026,,H014,WH INFORMA JABABEKA
R110260228T036_H014,WINGBOX,5650000,0,0,0,0,0,5650000,H014 - WH INFORMA JABABEKA,PT. DUTA MEDIA MANDIRI,7,ON SCHEDULE,29,0,31.03.2026,01.03.2026,04.03.2026,05.03.2026,05.03.2026,10.03.2026,10.03.2026,,H014,WH INFORMA JABABEKA
R110260228T041_H014,CONT-40,8750000,0,0,0,0,0,8750000,H014 - WH INFORMA JABABEKA,PT. CIKARANG GERBANG SOLUSI,7,ON SCHEDULE,29,0,31.03.2026,01.03.2026,06.03.2026,29.05.2026,29.05.2026,29.05.2026,29.05.2026,,H014,WH INFORMA JABABEKA
R110260228T043_H014,WINGBOX,5650000,0,0,0,0,0,5650000,H014 - WH INFORMA JABABEKA,PT. DUTA MEDIA MANDIRI,7,ON SCHEDULE,29,0,31.03.2026,01.03.2026,04.03.2026,04.03.2026,05.03.2026,10.03.2026,10.03.2026,,H014,WH INFORMA JABABEKA
R110260228T046_H014,WINGBOX,6600000,0,0,0,0,0,6600000,H014 - WH INFORMA JABABEKA,PT. CATUR GLOBAL LOGISTIK,7,ON SCHEDULE,29,0,31.03.2026,01.03.2026,04.03.2026,12.03.2026,12.03.2026,13.03.2026,13.03.2026,,H014,WH INFORMA JABABEKA
R110260228T047_H014,WINGBOX,24000000,0,0,0,0,0,24000000,H014 - WH INFORMA JABABEKA,PT. CITRA SENTRAL EKSPRES,7,ON SCHEDULE,37,0,09.04.2026,02.03.2026,08.03.2026,02.04.2026,03.04.2026,06.04.2026,06.04.2026,,H014,WH INFORMA JABABEKA
R110260228T048_H014,WINGBOX,24000000,0,0,0,0,0,24000000,H014 - WH INFORMA JABABEKA,PT. CITRA SENTRAL EKSPRES,7,ON SCHEDULE,37,0,11.04.2026,04.03.2026,09.03.2026,02.04.2026,03.04.2026,06.04.2026,06.04.2026,,H014,WH INFORMA JABABEKA
R110260228T049_H014,WINGBOX,5650000,0,0,0,0,0,5650000,H014 - WH INFORMA JABABEKA,PT. DUTA MEDIA MANDIRI,7,ON SCHEDULE,29,0,31.03.2026,01.03.2026,04.03.2026,05.03.2026,05.03.2026,10.03.2026,10.03.2026,,H014,WH INFORMA JABABEKA
R110260228T050_H014,CONT-20,16600000,0,0,0,0,0,16600000,H014 - WH INFORMA JABABEKA,PT. TPIL LOGISTICS,7,ON SCHEDULE,40,0,15.04.2026,05.03.2026,15.03.2026,21.05.2026,22.05.2026,25.05.2026,25.05.2026,,H014,WH INFORMA JABABEKA
R110260228T051_H014,CONT-40,23000000,0,0,1000000,0,0,24000000,H014 - WH INFORMA JABABEKA,PT. WIDYA TRANS CARGO,7,ON SCHEDULE,42,0,18.04.2026,06.03.2026,17.03.2026,09.04.2026,10.04.2026,15.04.2026,15.04.2026,,H014,WH INFORMA JABABEKA
R110260228T052_H014,CONT-40,24200000,0,0,0,0,0,24200000,H014 - WH INFORMA JABABEKA,PT. SENTOSAPRIMA ABADI,7,ON SCHEDULE,40,0,12.04.2026,02.03.2026,14.03.2026,27.04.2026,28.04.2026,08.05.2026,08.05.2026,,H014,WH INFORMA JABABEKA
R110260228T054_H014,CONT-40,23000000,0,0,1000000,0,0,24000000,H014 - WH INFORMA JABABEKA,PT. WIDYA TRANS CARGO,7,ON SCHEDULE,42,0,18.04.2026,06.03.2026,17.03.2026,09.04.2026,10.04.2026,15.04.2026,15.04.2026,,H014,WH INFORMA JABABEKA
R110260228T055_H014,CONT-40,24200000,0,0,0,0,0,24200000,H014 - WH INFORMA JABABEKA,PT. SENTOSAPRIMA ABADI,7,ON SCHEDULE,40,0,13.04.2026,03.03.2026,15.03.2026,27.04.2026,28.04.2026,08.05.2026,08.05.2026,,H014,WH INFORMA JABABEKA
R110260228T056_H014,CONT-40,24200000,0,0,0,0,0,24200000,H014 - WH INFORMA JABABEKA,PT. SENTOSAPRIMA ABADI,7,ON SCHEDULE,40,0,15.04.2026,05.03.2026,15.03.2026,27.04.2026,28.04.2026,08.05.2026,08.05.2026,,H014,WH INFORMA JABABEKA
R110260228T057_H014,CONT-20,10500000,0,0,400000,0,0,10900000,H014 - WH INFORMA JABABEKA,PT. HAKKA HYDRO TIRTA,7,ON SCHEDULE,40,0,11.04.2026,01.03.2026,19.03.2026,01.04.2026,01.04.2026,02.04.2026,02.04.2026,,H014,WH INFORMA JABABEKA
R110260228T062_H014,CONT-20,14050000,0,0,0,0,0,14050000,H014 - WH INFORMA JABABEKA,PT. MITRA INTERTRANS FORWARDING,7,ON SCHEDULE,40,0,18.04.2026,08.03.2026,28.03.2026,16.04.2026,17.04.2026,17.04.2026,17.04.2026,,H014,WH INFORMA JABABEKA
R110260228T064_H014,CONT-20,14050000,0,0,0,0,0,14050000,H014 - WH INFORMA JABABEKA,PT. MITRA INTERTRANS FORWARDING,7,ON SCHEDULE,40,0,19.04.2026,09.03.2026,26.03.2026,16.04.2026,17.04.2026,17.04.2026,17.04.2026,,H014,WH INFORMA JABABEKA
R110260228T065_H014,CONT-20,13950000,0,0,0,0,0,13950000,H014 - WH INFORMA JABABEKA,PT. SENTOSAPRIMA ABADI,7,ON SCHEDULE,40,0,17.04.2026,07.03.2026,17.03.2026,06.05.2026,07.05.2026,08.05.2026,08.05.2026,,H014,WH INFORMA JABABEKA
R110260228T066_H014,CONT-20,17200000,0,0,1250000,0,0,18450000,H014 - WH INFORMA JABABEKA,PT. PAUS BIRU LOGISTIK,7,ON SCHEDULE,40,0,13.04.2026,03.03.2026,10.03.2026,20.05.2026,20.05.2026,21.05.2026,02.07.2026,,H014,WH INFORMA JABABEKA
R110260228T067_H014,CONT-20,17200000,0,0,1250000,0,0,18450000,H014 - WH INFORMA JABABEKA,PT. PAUS BIRU LOGISTIK,7,ON SCHEDULE,40,0,18.04.2026,08.03.2026,26.03.2026,04.05.2026,06.05.2026,06.05.2026,08.05.2026,,H014,WH INFORMA JABABEKA
R110260228T068_H014,WINGBOX,0,0,0,0,0,0,0,H014 - WH INFORMA JABABEKA,PT.Eureka Logistics,2,LATE,9,154,12.03.2026,02.03.2026,04.03.2026,,,,,,H014,WH INFORMA JABABEKA
R110260228T069_H014,CONT-20,20200000,0,0,1500000,0,0,21700000,H014 - WH INFORMA JABABEKA,PT. HAKKA HYDRO TIRTA,7,ON SCHEDULE,46,0,17.04.2026,01.03.2026,14.03.2026,09.04.2026,10.04.2026,11.06.2026,11.06.2026,,H014,WH INFORMA JABABEKA
R110260301H033_H014,WINGBOX,1998000,0,0,0,0,0,1998000,H014 - WH INFORMA JABABEKA,PT. ARDYA PRIMA INTERNUSA,7,ON SCHEDULE,27,0,29.03.2026,01.03.2026,02.03.2026,06.03.2026,06.03.2026,06.03.2026,06.03.2026,,H014,WH INFORMA JABABEKA
R110260301H034_H014,CDD LONG CHASSIS,1400000,0,0,0,0,0,1400000,H014 - WH INFORMA JABABEKA,PT. BINTANG SAMUDRA RAYA,7,ON SCHEDULE,27,0,29.03.2026,01.03.2026,02.03.2026,10.03.2026,10.03.2026,31.03.2026,31.03.2026,,H014,WH INFORMA JABABEKA
R110260301H037_H014,CDD LONG CHASSIS,12400000,0,0,0,0,0,12400000,H014 - WH INFORMA JABABEKA,PT.ORANG KREATIF EKSIS,7,ON SCHEDULE,31,0,02.04.2026,01.03.2026,06.03.2026,30.03.2026,30.03.2026,07.04.2026,07.04.2026,,H014,WH INFORMA JABABEKA
R110260301H038_H014,WINGBOX,2599000,0,0,0,0,0,2599000,H014 - WH INFORMA JABABEKA,PT. DUTA MEDIA MANDIRI,7,ON SCHEDULE,27,0,29.03.2026,01.03.2026,02.03.2026,06.03.2026,06.03.2026,09.03.2026,09.03.2026,,H014,WH INFORMA JABABEKA
R110260301H040_H014,FUSO,17250000,0,0,0,0,0,17250000,H014 - WH INFORMA JABABEKA,PT. DUTA LINTAS NUSA,7,ON SCHEDULE,30,0,01.04.2026,01.03.2026,05.03.2026,31.03.2026,31.03.2026,14.04.2026,21.04.2026,,H014,WH INFORMA JABABEKA
R110260301H041_H014,WINGBOX,15000000,0,0,0,0,0,15000000,H014 - WH INFORMA JABABEKA,PT. BINTANG SAMUDRA RAYA,7,ON SCHEDULE,30,0,01.04.2026,01.03.2026,06.03.2026,26.03.2026,27.03.2026,08.04.2026,14.04.2026,,H014,WH INFORMA JABABEKA
R110260301H042_H014,CDD LONG CHASSIS,2380000,0,0,0,0,0,2380000,H014 - WH INFORMA JABABEKA,PT. DUTA MEDIA MANDIRI,7,ON SCHEDULE,27,0,29.03.2026,01.03.2026,02.03.2026,06.03.2026,06.03.2026,09.03.2026,09.03.2026,,H014,WH INFORMA JABABEKA
R110260301H043_H014,CDD LONG CHASSIS,2380000,0,0,0,0,0,2380000,H014 - WH INFORMA JABABEKA,PT. DUTA MEDIA MANDIRI,7,ON SCHEDULE,27,0,29.03.2026,01.03.2026,02.03.2026,04.03.2026,05.03.2026,09.03.2026,09.03.2026,,H014,WH INFORMA JABABEKA
R110260301H045_H014,WINGBOX,4825000,0,0,0,0,0,4825000,H014 - WH INFORMA JABABEKA,PT. CEHA LOGISTIK CEMERLANG,7,ON SCHEDULE,29,0,31.03.2026,01.03.2026,03.03.2026,04.03.2026,04.03.2026,05.03.2026,06.03.2026,,H014,WH INFORMA JABABEKA
R110260301H046_H014,WINGBOX,12500000,0,0,0,0,0,12500000,H014 - WH INFORMA JABABEKA,PT. ARDYA PRIMA INTERNUSA,7,ON SCHEDULE,29,0,31.03.2026,01.03.2026,05.03.2026,26.03.2026,26.03.2026,08.04.2026,13.04.2026,,H014,WH INFORMA JABABEKA
R110260301H048_H014,CDD LONG CHASSIS,1725000,0,0,0,0,0,1725000,H014 - WH INFORMA JABABEKA,PT. BINTANG SAMUDRA RAYA,7,ON SCHEDULE,27,0,29.03.2026,01.03.2026,03.03.2026,26.03.2026,27.03.2026,31.03.2026,31.03.2026,,H014,WH INFORMA JABABEKA
R110260301H060_H014,CDD LONG CHASSIS,5750000,0,0,0,0,0,5750000,H014 - WH INFORMA JABABEKA,PT. DUTA LINTAS NUSA,7,ON SCHEDULE,28,0,30.03.2026,01.03.2026,02.03.2026,31.03.2026,31.03.2026,14.04.2026,21.04.2026,,H014,WH INFORMA JABABEKA
R110260301H062_H014,WINGBOX,12500000,0,0,0,0,0,12500000,H014 - WH INFORMA JABABEKA,PT. ARDYA PRIMA INTERNUSA,7,ON SCHEDULE,29,0,31.03.2026,01.03.2026,05.03.2026,26.03.2026,26.03.2026,08.04.2026,13.04.2026,,H014,WH INFORMA JABABEKA
R110260301H063_H014,WINGBOX,4825000,0,0,0,0,0,4825000,H014 - WH INFORMA JABABEKA,PT. CEHA LOGISTIK CEMERLANG,7,ON SCHEDULE,29,0,31.03.2026,01.03.2026,03.03.2026,04.03.2026,04.03.2026,05.03.2026,06.03.2026,,H014,WH INFORMA JABABEKA
R110260301H064_H014,WINGBOX,5100000,0,0,0,0,0,5100000,H014 - WH INFORMA JABABEKA,PT. BINTANG SAMUDRA RAYA,7,ON SCHEDULE,29,0,31.03.2026,01.03.2026,03.03.2026,26.03.2026,27.03.2026,02.04.2026,02.04.2026,,H014,WH INFORMA JABABEKA
R110260301H067_H014,WINGBOX,4825000,0,0,0,0,0,4825000,H014 - WH INFORMA JABABEKA,PT. CEHA LOGISTIK CEMERLANG,7,ON SCHEDULE,29,0,01.04.2026,02.03.2026,04.03.2026,05.03.2026,05.03.2026,05.03.2026,06.03.2026,,H014,WH INFORMA JABABEKA
R110260301H069_H014,CDD LONG CHASSIS,2380000,0,0,0,0,0,2380000,H014 - WH INFORMA JABABEKA,PT. DUTA MEDIA MANDIRI,7,ON SCHEDULE,27,0,29.03.2026,01.03.2026,02.03.2026,04.03.2026,05.03.2026,09.03.2026,09.03.2026,,H014,WH INFORMA JABABEKA
R110260301H071_H014,WINGBOX,4000000,0,0,0,0,0,4000000,H014 - WH INFORMA JABABEKA,PT. BINTANG SAMUDRA RAYA,7,ON SCHEDULE,28,0,30.03.2026,01.03.2026,03.03.2026,26.03.2026,27.03.2026,31.03.2026,31.03.2026,,H014,WH INFORMA JABABEKA
R110260301L047_H014,CDD LONG CHASSIS,1400000,0,0,0,200000,0,1600000,H014 - WH INFORMA JABABEKA,PT. BINTANG SAMUDRA RAYA,7,ON SCHEDULE,27,0,30.03.2026,02.03.2026,03.03.2026,06.04.2026,06.04.2026,06.04.2026,06.04.2026,,H014,WH INFORMA JABABEKA
R110260301L050_H014,CDD LONG CHASSIS,3500000,0,0,0,0,0,3500000,H014 - WH INFORMA JABABEKA,PT. CEHA LOGISTIK CEMERLANG,7,ON SCHEDULE,29,0,01.04.2026,02.03.2026,03.03.2026,04.03.2026,04.03.2026,05.03.2026,06.03.2026,,H014,WH INFORMA JABABEKA
R110260301L051_H014,CDD LONG CHASSIS,3900000,0,0,0,250000,0,4150000,H014 - WH INFORMA JABABEKA,PT. CEHA LOGISTIK CEMERLANG,7,ON SCHEDULE,30,0,02.04.2026,02.03.2026,04.03.2026,05.03.2026,05.03.2026,05.03.2026,06.03.2026,,H014,WH INFORMA JABABEKA
R110260301L052_H014,CDD LONG CHASSIS,3600000,0,0,0,0,0,3600000,H014 - WH INFORMA JABABEKA,PT LOGISTIK CANGGIH INDONESIA,7,ON SCHEDULE,30,0,01.04.2026,01.03.2026,03.03.2026,13.03.2026,13.03.2026,13.03.2026,13.03.2026,,H014,WH INFORMA JABABEKA
R110260301L053_H014,CDD LONG CHASSIS,4900000,0,0,0,0,0,4900000,H014 - WH INFORMA JABABEKA,PT.ORANG KREATIF EKSIS,7,ON SCHEDULE,28,0,31.03.2026,02.03.2026,03.03.2026,11.03.2026,11.03.2026,13.03.2026,13.03.2026,,H014,WH INFORMA JABABEKA
R110260301L082_H014,WINGBOX,17000000,0,0,0,0,0,17000000,H014 - WH INFORMA JABABEKA,PT.ORANG KREATIF EKSIS,7,ON SCHEDULE,26,0,29.03.2026,02.03.2026,06.03.2026,11.03.2026,11.03.2026,13.03.2026,13.03.2026,,H014,WH INFORMA JABABEKA
R110260301L089_H014,CDD LONG CHASSIS,3900000,0,0,0,250000,0,4150000,H014 - WH INFORMA JABABEKA,PT. CEHA LOGISTIK CEMERLANG,7,ON SCHEDULE,30,0,01.04.2026,01.03.2026,03.03.2026,05.03.2026,05.03.2026,05.03.2026,06.03.2026,,H014,WH INFORMA JABABEKA
R110260301L090_H014,CDD LONG CHASSIS,3900000,0,0,0,0,0,3900000,H014 - WH INFORMA JABABEKA,PT. CEHA LOGISTIK CEMERLANG,7,ON SCHEDULE,30,0,02.04.2026,02.03.2026,04.03.2026,05.03.2026,05.03.2026,05.03.2026,06.03.2026,,H014,WH INFORMA JABABEKA
R110260301L091_H014,CDD LONG CHASSIS,3900000,600000,0,0,0,0,4500000,H014 - WH INFORMA JABABEKA,PT. CEHA LOGISTIK CEMERLANG,7,ON SCHEDULE,30,0,01.04.2026,01.03.2026,03.03.2026,12.03.2026,12.03.2026,13.03.2026,13.03.2026,,H014,WH INFORMA JABABEKA
R110260301L092_H014,CDD LONG CHASSIS,3500000,0,0,0,0,0,3500000,H014 - WH INFORMA JABABEKA,PT LOGISTIK CANGGIH INDONESIA,7,ON SCHEDULE,28,0,30.03.2026,01.03.2026,03.03.2026,13.03.2026,13.03.2026,13.03.2026,13.03.2026,,H014,WH INFORMA JABABEKA
R110260301L093_H014,CDD LONG CHASSIS,3900000,0,0,0,0,0,3900000,H014 - WH INFORMA JABABEKA,PT. CEHA LOGISTIK CEMERLANG,7,ON SCHEDULE,30,0,02.04.2026,02.03.2026,04.03.2026,05.03.2026,05.03.2026,05.03.2026,06.03.2026,,H014,WH INFORMA JABABEKA
R110260301L095_H014,CDD LONG CHASSIS,10350000,0,0,0,0,0,10350000,H014 - WH INFORMA JABABEKA,PT.ORANG KREATIF EKSIS,7,ON SCHEDULE,29,0,31.03.2026,01.03.2026,05.03.2026,11.03.2026,11.03.2026,13.03.2026,30.03.2026,,H014,WH INFORMA JABABEKA
R110260301L096_H014,CDD LONG CHASSIS,3500000,0,0,0,0,0,3500000,H014 - WH INFORMA JABABEKA,PT. CEHA LOGISTIK CEMERLANG,7,ON SCHEDULE,30,0,02.04.2026,02.03.2026,04.03.2026,05.03.2026,05.03.2026,05.03.2026,06.03.2026,,H014,WH INFORMA JABABEKA
R110260301T016_H014,CONT-40,5650000,0,0,0,0,0,5650000,H014 - WH INFORMA JABABEKA,PT. DUTA MEDIA MANDIRI,7,ON SCHEDULE,29,0,01.04.2026,02.03.2026,05.03.2026,09.03.2026,09.03.2026,10.03.2026,10.03.2026,,H014,WH INFORMA JABABEKA
R110260301T019_H014,WINGBOX,7000000,0,0,0,0,0,7000000,H014 - WH INFORMA JABABEKA,PT.Eureka Logistics,7,ON SCHEDULE,29,0,03.04.2026,04.03.2026,08.03.2026,25.03.2026,26.03.2026,16.04.2026,23.04.2026,,H014,WH INFORMA JABABEKA
R110260301T020_H014,WINGBOX,7000000,0,0,0,0,0,7000000,H014 - WH INFORMA JABABEKA,PT. DUNIA EXPRESS TRANSINDO,7,ON SCHEDULE,29,0,04.04.2026,05.03.2026,08.03.2026,08.04.2026,08.04.2026,22.04.2026,22.04.2026,,H014,WH INFORMA JABABEKA
R110260301T021_H014,WINGBOX,6600000,0,0,0,0,0,6600000,H014 - WH INFORMA JABABEKA,PT. JAYA MULYA ERALINDO,7,ON SCHEDULE,29,0,02.04.2026,03.03.2026,06.03.2026,30.03.2026,30.03.2026,02.04.2026,02.04.2026,,H014,WH INFORMA JABABEKA
R110260301T022_H014,WINGBOX,5650000,0,0,0,0,0,5650000,H014 - WH INFORMA JABABEKA,PT. DUTA MEDIA MANDIRI,7,ON SCHEDULE,29,0,31.03.2026,01.03.2026,04.03.2026,05.03.2026,05.03.2026,10.03.2026,10.03.2026,,H014,WH INFORMA JABABEKA
R110260301T023_H014,CONT-40,8750000,0,0,0,0,0,8750000,H014 - WH INFORMA JABABEKA,PT. CIKARANG GERBANG SOLUSI,6,LATE,29,155,31.03.2026,01.03.2026,04.03.2026,22.06.2026,22.06.2026,24.06.2026,06.07.2026,,H014,WH INFORMA JABABEKA
R110260301T025_H014,WINGBOX,5600000,0,0,0,0,0,5600000,H014 - WH INFORMA JABABEKA,PT. BINTANG SAMUDRA RAYA,7,ON SCHEDULE,29,0,31.03.2026,01.03.2026,04.03.2026,26.03.2026,27.03.2026,31.03.2026,31.03.2026,,H014,WH INFORMA JABABEKA
R110260301T027_H014,CONT-40,8750000,0,0,0,0,0,8750000,H014 - WH INFORMA JABABEKA,PT. CIKARANG GERBANG SOLUSI,6,LATE,29,155,01.04.2026,02.03.2026,06.03.2026,22.06.2026,23.06.2026,27.07.2026,29.07.2026,,H014,WH INFORMA JABABEKA
R110260301T029_H014,CONT-40,8750000,0,0,0,0,0,8750000,H014 - WH INFORMA JABABEKA,PT. CIKARANG GERBANG SOLUSI,6,LATE,29,155,31.03.2026,01.03.2026,06.03.2026,22.06.2026,23.06.2026,27.07.2026,29.07.2026,,H014,WH INFORMA JABABEKA
R110260301T030_H014,WINGBOX,5650000,0,0,0,0,0,5650000,H014 - WH INFORMA JABABEKA,PT. DUTA MEDIA MANDIRI,7,ON SCHEDULE,29,0,01.04.2026,02.03.2026,05.03.2026,12.03.2026,13.03.2026,13.03.2026,13.03.2026,,H014,WH INFORMA JABABEKA
R110260301T031_H014,WINGBOX,6600000,0,0,0,0,0,6600000,H014 - WH INFORMA JABABEKA,PT. JAYA MULYA ERALINDO,7,ON SCHEDULE,29,0,01.04.2026,02.03.2026,04.03.2026,12.03.2026,12.03.2026,30.03.2026,30.03.2026,,H014,WH INFORMA JABABEKA
R110260301T032_H014,CONT-40,24200000,0,0,0,0,0,24200000,H014 - WH INFORMA JABABEKA,PT. SENTOSAPRIMA ABADI,7,ON SCHEDULE,40,0,13.04.2026,03.03.2026,14.03.2026,08.05.2026,08.05.2026,13.05.2026,13.05.2026,,H014,WH INFORMA JABABEKA
R110260301T033_H014,CONT-40,23450000,0,0,1500000,0,0,24950000,H014 - WH INFORMA JABABEKA,PT. SENTOSAPRIMA ABADI,7,ON SCHEDULE,46,0,18.04.2026,02.03.2026,14.03.2026,28.04.2026,30.04.2026,04.05.2026,04.05.2026,,H014,WH INFORMA JABABEKA
R110260301T035_H014,WINGBOX,6600000,0,0,0,0,0,6600000,H014 - WH INFORMA JABABEKA,PT. CATUR GLOBAL LOGISTIK,7,ON SCHEDULE,29,0,01.04.2026,02.03.2026,04.03.2026,30.03.2026,30.03.2026,31.03.2026,31.03.2026,,H014,WH INFORMA JABABEKA
R110260301T036_H014,WINGBOX,6600000,0,0,0,0,0,6600000,H014 - WH INFORMA JABABEKA,PT. CATUR GLOBAL LOGISTIK,7,ON SCHEDULE,29,0,31.03.2026,01.03.2026,04.03.2026,12.03.2026,12.03.2026,13.03.2026,13.03.2026,,H014,WH INFORMA JABABEKA
R110260301T037_H014,WINGBOX,6000000,0,0,0,0,0,6000000,H014 - WH INFORMA JABABEKA,PT.AMANAH TRANSMULIA MANDIRI LOGISTIK,7,ON SCHEDULE,29,0,31.03.2026,01.03.2026,04.03.2026,10.03.2026,10.03.2026,11.03.2026,12.03.2026,,H014,WH INFORMA JABABEKA
R110260301T038_H014,WINGBOX,6000000,0,0,0,0,0,6000000,H014 - WH INFORMA JABABEKA,PT.AMANAH TRANSMULIA MANDIRI LOGISTIK,7,ON SCHEDULE,29,0,31.03.2026,01.03.2026,04.03.2026,10.03.2026,10.03.2026,11.03.2026,12.03.2026,,H014,WH INFORMA JABABEKA
R110260301T039_H014,WINGBOX,6300000,0,0,0,0,0,6300000,H014 - WH INFORMA JABABEKA,PT. DUNIA EXPRESS TRANSINDO,7,ON SCHEDULE,26,0,01.04.2026,05.03.2026,,22.04.2026,22.04.2026,22.04.2026,22.04.2026,,H014,WH INFORMA JABABEKA
R110260301T040_H014,WINGBOX,6600000,0,0,0,0,0,6600000,H014 - WH INFORMA JABABEKA,PT. JAYA MULYA ERALINDO,7,ON SCHEDULE,29,0,31.03.2026,01.03.2026,04.03.2026,12.03.2026,12.03.2026,30.03.2026,30.03.2026,,H014,WH INFORMA JABABEKA
R110260301T041_H014,WINGBOX,6600000,0,0,0,0,0,6600000,H014 - WH INFORMA JABABEKA,PT. JAYA MULYA ERALINDO,7,ON SCHEDULE,29,0,31.03.2026,01.03.2026,04.03.2026,12.03.2026,12.03.2026,30.03.2026,30.03.2026,,H014,WH INFORMA JABABEKA
R110260301T043_H014,WINGBOX,19000000,0,0,0,0,0,19000000,H014 - WH INFORMA JABABEKA,PT. BINTANG SAMUDRA RAYA,7,ON SCHEDULE,37,0,13.04.2026,06.03.2026,11.03.2026,27.03.2026,27.03.2026,01.04.2026,02.04.2026,,H014,WH INFORMA JABABEKA
R110260301T044_H014,CONT-40,23500000,0,0,0,0,0,23500000,H014 - WH INFORMA JABABEKA,PT. RAJAWALI LINTAS SAMUDERA,7,ON SCHEDULE,40,0,20.04.2026,10.03.2026,27.03.2026,31.03.2026,31.03.2026,08.04.2026,08.04.2026,,H014,WH INFORMA JABABEKA
R110260301T045_H014,WINGBOX,5650000,0,0,0,0,0,5650000,H014 - WH INFORMA JABABEKA,PT. DUTA MEDIA MANDIRI,7,ON SCHEDULE,29,0,06.04.2026,07.03.2026,10.03.2026,10.03.2026,10.03.2026,30.03.2026,30.03.2026,,H014,WH INFORMA JABABEKA
R110260301T046_H014,WINGBOX,6600000,0,0,0,0,0,6600000,H014 - WH INFORMA JABABEKA,PT. JAYA MULYA ERALINDO,7,ON SCHEDULE,29,0,06.04.2026,07.03.2026,10.03.2026,30.03.2026,30.03.2026,02.04.2026,02.04.2026,,H014,WH INFORMA JABABEKA
R110260301T047_H014,CONT-40,25600000,0,0,0,0,0,25600000,H014 - WH INFORMA JABABEKA,PT. SENTOSAPRIMA ABADI,7,ON SCHEDULE,37,0,12.04.2026,05.03.2026,14.03.2026,06.05.2026,07.05.2026,07.05.2026,07.05.2026,,H014,WH INFORMA JABABEKA
R110260302H018_H014,WINGBOX,4500000,0,0,0,0,0,4500000,H014 - WH INFORMA JABABEKA,PT. CEHA LOGISTIK CEMERLANG,7,ON SCHEDULE,29,0,01.04.2026,02.03.2026,04.03.2026,05.03.2026,05.03.2026,05.03.2026,06.03.2026,,H014,WH INFORMA JABABEKA
R110260302H019_H014,WINGBOX,4500000,0,0,0,0,0,4500000,H014 - WH INFORMA JABABEKA,PT. CEHA LOGISTIK CEMERLANG,7,ON SCHEDULE,29,0,02.04.2026,03.03.2026,05.03.2026,12.03.2026,12.03.2026,13.03.2026,13.03.2026,,H014,WH INFORMA JABABEKA
R110260302H020_H014,WINGBOX,1998000,0,0,0,0,0,1998000,H014 - WH INFORMA JABABEKA,PT. ARDYA PRIMA INTERNUSA,7,ON SCHEDULE,27,0,30.03.2026,02.03.2026,03.03.2026,26.03.2026,26.03.2026,08.04.2026,20.04.2026,,H014,WH INFORMA JABABEKA
R110260302H021_H014,WINGBOX,11500000,0,0,0,0,0,11500000,H014 - WH INFORMA JABABEKA,PT. BINTANG SAMUDRA RAYA,7,ON SCHEDULE,29,0,02.04.2026,03.03.2026,08.03.2026,26.03.2026,27.03.2026,02.04.2026,02.04.2026,,H014,WH INFORMA JABABEKA
R110260302H022_H014,WINGBOX,20500000,0,0,0,0,0,20500000,H014 - WH INFORMA JABABEKA,PT. SATRIA PIRANTI PERKASA,7,ON SCHEDULE,30,0,05.04.2026,05.03.2026,09.03.2026,08.04.2026,09.04.2026,16.04.2026,16.04.2026,,H014,WH INFORMA JABABEKA
R110260302H024_H014,CONT-20,16100000,0,0,0,0,0,16100000,H014 - WH INFORMA JABABEKA,PT. SENTOSAPRIMA ABADI,7,ON SCHEDULE,42,0,19.04.2026,07.03.2026,26.03.2026,06.05.2026,07.05.2026,08.05.2026,08.05.2026,,H014,WH INFORMA JABABEKA
R110260302H045_H014,WINGBOX,4500000,0,0,0,0,0,4500000,H014 - WH INFORMA JABABEKA,PT. CEHA LOGISTIK CEMERLANG,7,ON SCHEDULE,29,0,02.04.2026,03.03.2026,05.03.2026,09.03.2026,09.03.2026,13.03.2026,13.03.2026,,H014,WH INFORMA JABABEKA
R110260302H054_H014,CDD LONG CHASSIS,2250000,0,0,0,0,0,2250000,H014 - WH INFORMA JABABEKA,PT. BINTANG SAMUDRA RAYA,7,ON SCHEDULE,27,0,30.03.2026,02.03.2026,03.03.2026,26.03.2026,27.03.2026,31.03.2026,31.03.2026,,H014,WH INFORMA JABABEKA
R110260302H055_H014,WINGBOX,4825000,0,0,0,0,0,4825000,H014 - WH INFORMA JABABEKA,PT. CEHA LOGISTIK CEMERLANG,7,ON SCHEDULE,29,0,01.04.2026,02.03.2026,04.03.2026,05.03.2026,05.03.2026,05.03.2026,06.03.2026,,H014,WH INFORMA JABABEKA
R110260302H056_H014,WINGBOX,2599000,0,0,0,0,0,2599000,H014 - WH INFORMA JABABEKA,PT. DUTA MEDIA MANDIRI,7,ON SCHEDULE,27,0,30.03.2026,02.03.2026,03.03.2026,04.03.2026,05.03.2026,09.03.2026,09.03.2026,,H014,WH INFORMA JABABEKA
R110260302H058_H014,WINGBOX,11500000,0,0,0,0,0,11500000,H014 - WH INFORMA JABABEKA,PT. BINTANG SAMUDRA RAYA,7,ON SCHEDULE,29,0,03.04.2026,04.03.2026,08.03.2026,27.03.2026,27.03.2026,02.04.2026,06.04.2026,,H014,WH INFORMA JABABEKA
R110260302H060_H014,WINGBOX,4500000,0,0,0,0,0,4500000,H014 - WH INFORMA JABABEKA,PT. CEHA LOGISTIK CEMERLANG,7,ON SCHEDULE,29,0,02.04.2026,03.03.2026,05.03.2026,09.03.2026,09.03.2026,13.03.2026,13.03.2026,,H014,WH INFORMA JABABEKA
R110260302H066_H014,CDD LONG CHASSIS,5750000,0,0,0,0,0,5750000,H014 - WH INFORMA JABABEKA,PT. DUTA LINTAS NUSA,7,ON SCHEDULE,28,0,01.04.2026,03.03.2026,03.03.2026,31.03.2026,31.03.2026,14.04.2026,21.04.2026,,H014,WH INFORMA JABABEKA
R110260302H067_H014,WINGBOX,17800000,0,0,0,0,0,17800000,H014 - WH INFORMA JABABEKA,PT.ORANG KREATIF EKSIS,7,ON SCHEDULE,30,0,06.04.2026,06.03.2026,12.03.2026,30.03.2026,30.03.2026,07.04.2026,07.04.2026,,H014,WH INFORMA JABABEKA
R110260302H068_H014,WINGBOX,21000000,0,0,0,0,0,21000000,H014 - WH INFORMA JABABEKA,PT. CITRA SENTRAL EKSPRES,7,ON SCHEDULE,30,0,07.04.2026,07.03.2026,11.03.2026,16.04.2026,17.04.2026,17.04.2026,17.04.2026,,H014,WH INFORMA JABABEKA
R110260302H069_H014,WINGBOX,4825000,0,0,0,0,0,4825000,H014 - WH INFORMA JABABEKA,PT. CEHA LOGISTIK CEMERLANG,7,ON SCHEDULE,29,0,02.04.2026,03.03.2026,05.03.2026,09.03.2026,09.03.2026,13.03.2026,13.03.2026,,H014,WH INFORMA JABABEKA
R110260302H070_H014,CDD LONG CHASSIS,2850000,0,0,0,0,0,2850000,H014 - WH INFORMA JABABEKA,PT. BINTANG SAMUDRA RAYA,7,ON SCHEDULE,28,0,31.03.2026,02.03.2026,04.03.2026,26.03.2026,27.03.2026,31.03.2026,31.03.2026,,H014,WH INFORMA JABABEKA
R110260302H072_H014,CDD LONG CHASSIS,3600000,0,0,0,0,0,3600000,H014 - WH INFORMA JABABEKA,PT LOGISTIK CANGGIH INDONESIA,7,ON SCHEDULE,29,0,01.04.2026,02.03.2026,03.03.2026,13.03.2026,13.03.2026,13.03.2026,13.03.2026,,H014,WH INFORMA JABABEKA
R110260302H073_H014,WINGBOX,11500000,0,0,0,0,0,11500000,H014 - WH INFORMA JABABEKA,PT. BINTANG SAMUDRA RAYA,7,ON SCHEDULE,29,0,04.04.2026,05.03.2026,09.03.2026,27.03.2026,27.03.2026,08.04.2026,14.04.2026,,H014,WH INFORMA JABABEKA
R110260302H075_H014,WINGBOX,4825000,0,0,0,0,0,4825000,H014 - WH INFORMA JABABEKA,PT. CEHA LOGISTIK CEMERLANG,7,ON SCHEDULE,29,0,02.04.2026,03.03.2026,05.03.2026,09.03.2026,09.03.2026,13.03.2026,13.03.2026,,H014,WH INFORMA JABABEKA
R110260302H076_H014,WINGBOX,11500000,0,0,0,0,0,11500000,H014 - WH INFORMA JABABEKA,PT. BINTANG SAMUDRA RAYA,7,ON SCHEDULE,29,0,04.04.2026,05.03.2026,09.03.2026,27.03.2026,27.03.2026,02.04.2026,02.04.2026,,H014,WH INFORMA JABABEKA
R110260302L043_H014,CDD LONG CHASSIS,4700000,0,0,0,0,0,4700000,H014 - WH INFORMA JABABEKA,PT. BINTANG SAMUDRA RAYA,7,ON SCHEDULE,29,0,01.04.2026,02.03.2026,05.03.2026,26.03.2026,27.03.2026,31.03.2026,31.03.2026,,H014,WH INFORMA JABABEKA
R110260302L070_H014,WINGBOX,1998000,600000,0,0,0,0,2598000,H014 - WH INFORMA JABABEKA,PT. ARDYA PRIMA INTERNUSA,7,ON SCHEDULE,27,0,31.03.2026,03.03.2026,04.03.2026,26.03.2026,31.03.2026,08.04.2026,13.04.2026,,H014,WH INFORMA JABABEKA
R110260302L071_H014,CDD LONG CHASSIS,3500000,0,0,0,100000,0,3600000,H014 - WH INFORMA JABABEKA,PT. AGUNG MAKMUR JAYA,7,ON SCHEDULE,27,0,31.03.2026,03.03.2026,05.03.2026,25.03.2026,25.03.2026,25.03.2026,25.03.2026,,H014,WH INFORMA JABABEKA
R110260302L071_H014,CDD LONG CHASSIS,3500000,0,0,0,100000,0,3600000,H014 - WH INFORMA JABABEKA,PT. AGUNG MAKMUR JAYA,7,ON SCHEDULE,27,0,31.03.2026,03.03.2026,05.03.2026,25.03.2026,25.03.2026,25.03.2026,25.03.2026,,H014,WH INFORMA JABABEKA
R110260302L071_H014,CDD LONG CHASSIS,3500000,0,0,0,100000,0,3600000,H014 - WH INFORMA JABABEKA,PT. AGUNG MAKMUR JAYA,7,ON SCHEDULE,27,0,31.03.2026,03.03.2026,05.03.2026,25.03.2026,25.03.2026,25.03.2026,25.03.2026,,H014,WH INFORMA JABABEKA
R110260302T011_H014,WINGBOX,24150000,0,0,0,0,0,24150000,H014 - WH INFORMA JABABEKA,PT. DUTA LINTAS NUSA,7,ON SCHEDULE,37,0,11.04.2026,04.03.2026,09.03.2026,31.03.2026,31.03.2026,14.04.2026,21.04.2026,,H014,WH INFORMA JABABEKA
R110260302T012_H014,WINGBOX,5650000,0,0,0,0,0,5650000,H014 - WH INFORMA JABABEKA,PT. DUTA MEDIA MANDIRI,7,ON SCHEDULE,29,0,03.04.2026,04.03.2026,08.03.2026,12.03.2026,13.03.2026,13.03.2026,13.03.2026,,H014,WH INFORMA JABABEKA
R110260302T017_H014,CONT-20,3900000,0,0,0,0,0,3900000,H014 - WH INFORMA JABABEKA,PT. JATIM PETROLEUM TRANSPORT,7,ON SCHEDULE,29,0,01.04.2026,02.03.2026,04.03.2026,31.03.2026,31.03.2026,20.04.2026,20.04.2026,,H014,WH INFORMA JABABEKA
R110260302T018_H014,CONT-40,8750000,0,0,0,0,0,8750000,H014 - WH INFORMA JABABEKA,PT. CIKARANG GERBANG SOLUSI,6,LATE,29,153,02.04.2026,03.03.2026,06.03.2026,22.06.2026,22.06.2026,24.06.2026,07.07.2026,,H014,WH INFORMA JABABEKA
R110260302T019_H014,WINGBOX,0,0,0,0,0,0,0,H014 - WH INFORMA JABABEKA,PT.Eureka Logistics,2,LATE,9,153,14.03.2026,04.03.2026,08.03.2026,,,,,,H014,WH INFORMA JABABEKA
R110260302T022_H014,CONT-40,8750000,0,0,0,0,0,8750000,H014 - WH INFORMA JABABEKA,PT. CIKARANG GERBANG SOLUSI,6,LATE,29,154,02.04.2026,03.03.2026,04.03.2026,22.06.2026,22.06.2026,24.06.2026,07.07.2026,,H014,WH INFORMA JABABEKA
R110260302T023_H014,CONT-40,8750000,0,0,0,0,0,8750000,H014 - WH INFORMA JABABEKA,PT. CIKARANG GERBANG SOLUSI,6,LATE,29,154,01.04.2026,02.03.2026,05.03.2026,22.06.2026,22.06.2026,24.06.2026,07.07.2026,,H014,WH INFORMA JABABEKA
R110260302T024_H014,CONT-40,8750000,0,0,0,0,0,8750000,H014 - WH INFORMA JABABEKA,PT. CIKARANG GERBANG SOLUSI,6,LATE,29,154,02.04.2026,03.03.2026,08.03.2026,22.06.2026,22.06.2026,24.06.2026,07.07.2026,,H014,WH INFORMA JABABEKA
R110260302T025_H014,CONT-40,8750000,0,0,0,0,0,8750000,H014 - WH INFORMA JABABEKA,PT. CIKARANG GERBANG SOLUSI,6,LATE,29,153,02.04.2026,03.03.2026,08.03.2026,22.06.2026,22.06.2026,24.06.2026,07.07.2026,,H014,WH INFORMA JABABEKA
R110260302T026_H014,CONT-40,8750000,0,0,0,0,0,8750000,H014 - WH INFORMA JABABEKA,PT. CIKARANG GERBANG SOLUSI,6,LATE,29,153,02.04.2026,03.03.2026,08.03.2026,22.06.2026,22.06.2026,24.06.2026,07.07.2026,,H014,WH INFORMA JABABEKA
R110260302T027_H014,CONT-40,8750000,0,0,0,0,0,8750000,H014 - WH INFORMA JABABEKA,PT. CIKARANG GERBANG SOLUSI,6,LATE,29,153,02.04.2026,03.03.2026,06.03.2026,22.06.2026,22.06.2026,24.06.2026,07.07.2026,,H014,WH INFORMA JABABEKA
R110260302T028_H014,CONT-40,20200000,0,0,1500000,0,0,21700000,H014 - WH INFORMA JABABEKA,PT. HAKKA HYDRO TIRTA,7,ON SCHEDULE,46,0,19.04.2026,03.03.2026,14.03.2026,20.05.2026,21.05.2026,11.06.2026,24.06.2026,,H014,WH INFORMA JABABEKA
R110260302T029_H014,CONT-40,25600000,0,0,0,0,0,25600000,H014 - WH INFORMA JABABEKA,PT. SENTOSAPRIMA ABADI,7,ON SCHEDULE,37,0,12.04.2026,05.03.2026,14.03.2026,06.05.2026,07.05.2026,07.05.2026,07.05.2026,,H014,WH INFORMA JABABEKA
R110260302T030_H014,CONT-40,25600000,0,0,0,0,0,25600000,H014 - WH INFORMA JABABEKA,PT. SENTOSAPRIMA ABADI,7,ON SCHEDULE,37,0,13.04.2026,06.03.2026,14.03.2026,06.05.2026,07.05.2026,07.05.2026,07.05.2026,,H014,WH INFORMA JABABEKA
R110260302T031_H014,WINGBOX,0,0,0,0,0,0,0,H014 - WH INFORMA JABABEKA,PT.Eureka Logistics,2,LATE,9,153,14.03.2026,04.03.2026,08.03.2026,,,,,,H014,WH INFORMA JABABEKA
R110260302T032_H014,CONT-40,30000000,0,0,1000000,0,0,31000000,H014 - WH INFORMA JABABEKA,PT. PAUS BIRU LOGISTIK,7,ON SCHEDULE,42,0,16.04.2026,04.03.2026,16.03.2026,20.05.2026,20.05.2026,21.05.2026,25.05.2026,,H014,WH INFORMA JABABEKA
R110260302T033_H014,CONT-40,27800000,0,0,0,0,0,27800000,H014 - WH INFORMA JABABEKA,PT. SENTOSAPRIMA ABADI,7,ON SCHEDULE,40,0,14.04.2026,04.03.2026,19.03.2026,29.04.2026,30.04.2026,04.05.2026,04.05.2026,,H014,WH INFORMA JABABEKA
R110260302T034_H014,WINGBOX,7000000,0,0,0,0,0,7000000,H014 - WH INFORMA JABABEKA,PT. DUNIA EXPRESS TRANSINDO,7,ON SCHEDULE,29,0,03.04.2026,04.03.2026,08.03.2026,08.04.2026,08.04.2026,22.04.2026,22.04.2026,,H014,WH INFORMA JABABEKA
R110260302T035_H014,CONT-20,3900000,0,0,0,0,0,3900000,H014 - WH INFORMA JABABEKA,PT. JATIM PETROLEUM TRANSPORT,7,ON SCHEDULE,29,0,01.04.2026,02.03.2026,05.03.2026,31.03.2026,31.03.2026,20.04.2026,20.04.2026,,H014,WH INFORMA JABABEKA
R110260302T036_H014,CONT-40,24200000,0,0,0,0,0,24200000,H014 - WH INFORMA JABABEKA,PT. SENTOSAPRIMA ABADI,7,ON SCHEDULE,40,0,14.04.2026,04.03.2026,15.03.2026,08.05.2026,08.05.2026,13.05.2026,13.05.2026,,H014,WH INFORMA JABABEKA
R110260302T037_H014,CONT-40,24200000,0,0,0,0,0,24200000,H014 - WH INFORMA JABABEKA,PT. SENTOSAPRIMA ABADI,7,ON SCHEDULE,40,0,17.04.2026,07.03.2026,15.03.2026,08.05.2026,08.05.2026,13.05.2026,13.05.2026,,H014,WH INFORMA JABABEKA
R110260302T038_H014,CONT-20,3900000,0,0,0,0,0,3900000,H014 - WH INFORMA JABABEKA,PT. JATIM PETROLEUM TRANSPORT,7,ON SCHEDULE,29,0,01.04.2026,02.03.2026,04.03.2026,31.03.2026,31.03.2026,20.04.2026,20.04.2026,,H014,WH INFORMA JABABEKA
R110260302T039_H014,CONT-20,3900000,0,0,0,0,0,3900000,H014 - WH INFORMA JABABEKA,PT. JATIM PETROLEUM TRANSPORT,7,ON SCHEDULE,29,0,02.04.2026,03.03.2026,05.03.2026,31.03.2026,31.03.2026,20.04.2026,20.04.2026,,H014,WH INFORMA JABABEKA
R110260302T041_H014,CONT-40,25600000,0,0,0,0,0,25600000,H014 - WH INFORMA JABABEKA,PT. SENTOSAPRIMA ABADI,7,ON SCHEDULE,37,0,13.04.2026,06.03.2026,14.03.2026,06.05.2026,07.05.2026,07.05.2026,07.05.2026,,H014,WH INFORMA JABABEKA
R110260302T043_H014,CONT-20,13500000,0,0,0,0,800000,14300000,H014 - WH INFORMA JABABEKA,PT. TPIL LOGISTICS,7,ON SCHEDULE,46,0,19.04.2026,03.03.2026,15.03.2026,22.06.2026,22.06.2026,25.06.2026,25.06.2026,,H014,WH INFORMA JABABEKA
R110260302T043_H014,CONT-20,13500000,0,0,0,0,800000,14300000,H014 - WH INFORMA JABABEKA,PT. TPIL LOGISTICS,7,ON SCHEDULE,46,0,19.04.2026,03.03.2026,15.03.2026,22.06.2026,22.06.2026,25.06.2026,25.06.2026,,H014,WH INFORMA JABABEKA
R110260302T044_H014,CONT-20,13800000,0,0,800000,0,0,14600000,H014 - WH INFORMA JABABEKA,PT. SENTOSAPRIMA ABADI,7,ON SCHEDULE,46,0,19.04.2026,03.03.2026,16.03.2026,27.04.2026,28.04.2026,28.04.2026,28.04.2026,,H014,WH INFORMA JABABEKA
R110260303H041_H014,WINGBOX,1998000,0,0,0,0,0,1998000,H014 - WH INFORMA JABABEKA,PT. ARDYA PRIMA INTERNUSA,7,ON SCHEDULE,27,0,31.03.2026,03.03.2026,04.03.2026,26.03.2026,26.03.2026,08.04.2026,13.04.2026,,H014,WH INFORMA JABABEKA
R110260303H042_H014,WINGBOX,1998000,0,0,0,0,0,1998000,H014 - WH INFORMA JABABEKA,PT. ARDYA PRIMA INTERNUSA,7,ON SCHEDULE,27,0,31.03.2026,03.03.2026,04.03.2026,26.03.2026,26.03.2026,08.04.2026,13.04.2026,,H014,WH INFORMA JABABEKA
R110260303H043_H014,WINGBOX,1998000,0,0,0,0,0,1998000,H014 - WH INFORMA JABABEKA,PT. ARDYA PRIMA INTERNUSA,7,ON SCHEDULE,27,0,31.03.2026,03.03.2026,04.03.2026,26.03.2026,26.03.2026,08.04.2026,13.04.2026,,H014,WH INFORMA JABABEKA
R110260303H044_H014,WINGBOX,4500000,0,0,0,0,0,4500000,H014 - WH INFORMA JABABEKA,PT. CEHA LOGISTIK CEMERLANG,7,ON SCHEDULE,29,0,03.04.2026,04.03.2026,06.03.2026,09.03.2026,09.03.2026,13.03.2026,13.03.2026,,H014,WH INFORMA JABABEKA
R110260303H046_H014,WINGBOX,17000000,0,0,0,0,0,17000000,H014 - WH INFORMA JABABEKA,PT. BINTANG SAMUDRA RAYA,7,ON SCHEDULE,33,0,07.04.2026,04.03.2026,08.03.2026,27.03.2026,27.03.2026,31.03.2026,31.03.2026,,H014,WH INFORMA JABABEKA
R110260303H047_H014,CDD LONG CHASSIS,12400000,0,0,0,0,0,12400000,H014 - WH INFORMA JABABEKA,PT.ORANG KREATIF EKSIS,7,ON SCHEDULE,31,0,11.04.2026,10.03.2026,14.03.2026,30.03.2026,30.03.2026,07.04.2026,07.04.2026,,H014,WH INFORMA JABABEKA
R110260303H049_H014,BIG MAMA,11500000,0,0,0,0,0,11500000,H014 - WH INFORMA JABABEKA,PT. BINTANG SAMUDRA RAYA,7,ON SCHEDULE,29,0,03.04.2026,04.03.2026,08.03.2026,27.03.2026,27.03.2026,31.03.2026,31.03.2026,,H014,WH INFORMA JABABEKA
R110260303H050_H014,WINGBOX,4825000,0,0,0,0,0,4825000,H014 - WH INFORMA JABABEKA,PT. CEHA LOGISTIK CEMERLANG,7,ON SCHEDULE,29,0,03.04.2026,04.03.2026,06.03.2026,09.03.2026,09.03.2026,13.03.2026,13.03.2026,,H014,WH INFORMA JABABEKA
R110260303H051_H014,WINGBOX,4294000,0,0,0,0,0,4294000,H014 - WH INFORMA JABABEKA,PT. DUTA MEDIA MANDIRI,7,ON SCHEDULE,28,0,01.04.2026,03.03.2026,04.03.2026,05.03.2026,05.03.2026,10.03.2026,10.03.2026,,H014,WH INFORMA JABABEKA
R110260303H052_H014,CDD LONG CHASSIS,2250000,0,0,0,0,0,2250000,H014 - WH INFORMA JABABEKA,PT. BINTANG SAMUDRA RAYA,7,ON SCHEDULE,27,0,31.03.2026,03.03.2026,04.03.2026,26.03.2026,27.03.2026,02.04.2026,06.04.2026,,H014,WH INFORMA JABABEKA
R110260303H053_H014,WINGBOX,15000000,0,0,0,0,0,15000000,H014 - WH INFORMA JABABEKA,PT. BINTANG SAMUDRA RAYA,7,ON SCHEDULE,30,0,05.04.2026,05.03.2026,09.03.2026,27.03.2026,27.03.2026,02.04.2026,02.04.2026,,H014,WH INFORMA JABABEKA
R110260303H055_H014,WINGBOX,3500000,0,0,0,0,0,3500000,H014 - WH INFORMA JABABEKA,PT. BINTANG SAMUDRA RAYA,7,ON SCHEDULE,29,0,03.04.2026,04.03.2026,06.03.2026,27.03.2026,27.03.2026,31.03.2026,31.03.2026,,H014,WH INFORMA JABABEKA
R110260303H056_H014,CDD LONG CHASSIS,2250000,0,0,0,0,0,2250000,H014 - WH INFORMA JABABEKA,PT. BINTANG SAMUDRA RAYA,7,ON SCHEDULE,27,0,31.03.2026,03.03.2026,04.03.2026,26.03.2026,27.03.2026,31.03.2026,31.03.2026,,H014,WH INFORMA JABABEKA
R110260303H057_H014,CDD LONG CHASSIS,2250000,0,0,0,0,0,2250000,H014 - WH INFORMA JABABEKA,PT. BINTANG SAMUDRA RAYA,7,ON SCHEDULE,27,0,31.03.2026,03.03.2026,04.03.2026,26.03.2026,27.03.2026,31.03.2026,31.03.2026,,H014,WH INFORMA JABABEKA
R110260303H059_H014,WINGBOX,4500000,0,0,0,0,0,4500000,H014 - WH INFORMA JABABEKA,PT. CEHA LOGISTIK CEMERLANG,7,ON SCHEDULE,29,0,03.04.2026,04.03.2026,06.03.2026,09.03.2026,09.03.2026,13.03.2026,13.03.2026,,H014,WH INFORMA JABABEKA
R110260303H062_H014,CDD LONG CHASSIS,1400000,0,0,0,0,0,1400000,H014 - WH INFORMA JABABEKA,PT. BINTANG SAMUDRA RAYA,7,ON SCHEDULE,27,0,31.03.2026,03.03.2026,04.03.2026,26.03.2026,27.03.2026,31.03.2026,31.03.2026,,H014,WH INFORMA JABABEKA
R110260303H065_H014,CDD LONG CHASSIS,12400000,0,0,0,0,0,12400000,H014 - WH INFORMA JABABEKA,PT.ORANG KREATIF EKSIS,7,ON SCHEDULE,31,0,04.04.2026,03.03.2026,08.03.2026,30.03.2026,30.03.2026,07.04.2026,07.04.2026,,H014,WH INFORMA JABABEKA
R110260303H066_H014,WINGBOX,4825000,0,0,0,0,0,4825000,H014 - WH INFORMA JABABEKA,PT. CEHA LOGISTIK CEMERLANG,7,ON SCHEDULE,29,0,02.04.2026,03.03.2026,05.03.2026,09.03.2026,09.03.2026,13.03.2026,13.03.2026,,H014,WH INFORMA JABABEKA
R110260303H068_H014,CDD LONG CHASSIS,10300000,0,0,0,0,0,10300000,H014 - WH INFORMA JABABEKA,PT. BINTANG SAMUDRA RAYA,7,ON SCHEDULE,30,0,03.04.2026,03.03.2026,06.03.2026,26.03.2026,27.03.2026,02.04.2026,02.04.2026,,H014,WH INFORMA JABABEKA
R110260303H069_H014,CDD LONG CHASSIS,4900000,0,0,0,0,0,4900000,H014 - WH INFORMA JABABEKA,PT.ORANG KREATIF EKSIS,7,ON SCHEDULE,28,0,01.04.2026,03.03.2026,05.03.2026,06.03.2026,07.03.2026,13.03.2026,13.03.2026,,H014,WH INFORMA JABABEKA
R110260303H070_H014,CDD LONG CHASSIS,5750000,0,0,0,0,0,5750000,H014 - WH INFORMA JABABEKA,PT. DUTA LINTAS NUSA,7,ON SCHEDULE,28,0,01.04.2026,03.03.2026,05.03.2026,31.03.2026,31.03.2026,14.04.2026,21.04.2026,,H014,WH INFORMA JABABEKA
R110260303H071_H014,CDD LONG CHASSIS,5750000,0,0,0,0,0,5750000,H014 - WH INFORMA JABABEKA,PT. DUTA LINTAS NUSA,7,ON SCHEDULE,28,0,02.04.2026,04.03.2026,06.03.2026,31.03.2026,31.03.2026,14.04.2026,21.04.2026,,H014,WH INFORMA JABABEKA
R110260303H072_H014,CDD LONG CHASSIS,3500000,0,0,0,0,0,3500000,H014 - WH INFORMA JABABEKA,PT. CEHA LOGISTIK CEMERLANG,7,ON SCHEDULE,29,0,02.04.2026,03.03.2026,05.03.2026,09.03.2026,09.03.2026,13.03.2026,13.03.2026,,H014,WH INFORMA JABABEKA
R110260303H074_H014,WINGBOX,2599000,0,0,0,0,0,2599000,H014 - WH INFORMA JABABEKA,PT. DUTA MEDIA MANDIRI,7,ON SCHEDULE,27,0,31.03.2026,03.03.2026,04.03.2026,05.03.2026,05.03.2026,09.03.2026,09.03.2026,,H014,WH INFORMA JABABEKA
R110260303H075_H014,CDD LONG CHASSIS,1400000,0,0,0,0,0,1400000,H014 - WH INFORMA JABABEKA,PT. BINTANG SAMUDRA RAYA,7,ON SCHEDULE,27,0,31.03.2026,03.03.2026,04.03.2026,26.03.2026,27.03.2026,31.03.2026,31.03.2026,,H014,WH INFORMA JABABEKA
R110260303H076_H014,BIG MAMA,17000000,0,0,0,0,0,17000000,H014 - WH INFORMA JABABEKA,PT. BINTANG SAMUDRA RAYA,7,ON SCHEDULE,33,0,09.04.2026,06.03.2026,10.03.2026,27.03.2026,27.03.2026,02.04.2026,02.04.2026,,H014,WH INFORMA JABABEKA
R110260303H079_H014,CDD LONG CHASSIS,12400000,0,0,0,0,0,12400000,H014 - WH INFORMA JABABEKA,PT.ORANG KREATIF EKSIS,7,ON SCHEDULE,31,0,05.04.2026,04.03.2026,08.03.2026,13.03.2026,13.03.2026,07.04.2026,07.04.2026,,H014,WH INFORMA JABABEKA
R110260303H082_H014,WINGBOX,11500000,0,0,0,0,0,11500000,H014 - WH INFORMA JABABEKA,PT. BINTANG SAMUDRA RAYA,7,ON SCHEDULE,29,0,04.04.2026,05.03.2026,09.03.2026,27.03.2026,27.03.2026,02.04.2026,02.04.2026,,H014,WH INFORMA JABABEKA
R110260303H084_H014,WINGBOX,15000000,0,0,0,0,0,15000000,H014 - WH INFORMA JABABEKA,PT. BINTANG SAMUDRA RAYA,7,ON SCHEDULE,30,0,07.04.2026,07.03.2026,11.03.2026,01.04.2026,01.04.2026,02.04.2026,02.04.2026,,H014,WH INFORMA JABABEKA
R110260303H086_H014,BIG MAMA,4825000,0,0,0,0,0,4825000,H014 - WH INFORMA JABABEKA,PT. CEHA LOGISTIK CEMERLANG,7,ON SCHEDULE,29,0,03.04.2026,04.03.2026,06.03.2026,09.03.2026,09.03.2026,13.03.2026,13.03.2026,,H014,WH INFORMA JABABEKA
R110260303H093_H014,CDD LONG CHASSIS,3600000,0,0,0,0,0,3600000,H014 - WH INFORMA JABABEKA,PT. BINTANG SAMUDRA RAYA,7,ON SCHEDULE,29,0,03.04.2026,04.03.2026,06.03.2026,27.03.2026,27.03.2026,31.03.2026,31.03.2026,,H014,WH INFORMA JABABEKA
R110260303H096_H014,CDD LONG CHASSIS,12400000,0,0,0,0,0,12400000,H014 - WH INFORMA JABABEKA,PT.ORANG KREATIF EKSIS,7,ON SCHEDULE,31,0,10.04.2026,09.03.2026,14.03.2026,30.03.2026,30.03.2026,07.04.2026,07.04.2026,,H014,WH INFORMA JABABEKA
R110260303H097_H014,CDD LONG CHASSIS,12400000,0,0,0,0,0,12400000,H014 - WH INFORMA JABABEKA,PT.ORANG KREATIF EKSIS,7,ON SCHEDULE,31,0,13.04.2026,12.03.2026,16.03.2026,31.03.2026,31.03.2026,07.04.2026,07.04.2026,,H014,WH INFORMA JABABEKA
R110260303L080_H014,CDD LONG CHASSIS,4700000,0,0,0,0,0,4700000,H014 - WH INFORMA JABABEKA,PT. BINTANG SAMUDRA RAYA,7,ON SCHEDULE,29,0,02.04.2026,03.03.2026,06.03.2026,27.03.2026,27.03.2026,31.03.2026,31.03.2026,,H014,WH INFORMA JABABEKA
R110260303T014_H014,WINGBOX,6600000,0,0,0,0,0,6600000,H014 - WH INFORMA JABABEKA,PT. CATUR GLOBAL LOGISTIK,7,ON SCHEDULE,29,0,03.04.2026,04.03.2026,06.03.2026,30.03.2026,30.03.2026,31.03.2026,31.03.2026,,H014,WH INFORMA JABABEKA
R110260303T017_H014,BIG MAMA,30000000,0,0,1000000,0,0,31000000,H014 - WH INFORMA JABABEKA,PT. PAUS BIRU LOGISTIK,7,ON SCHEDULE,42,0,18.04.2026,06.03.2026,16.03.2026,11.05.2026,12.05.2026,11.06.2026,18.06.2026,,H014,WH INFORMA JABABEKA
R110260303T018_H014,CONT-40,24200000,0,0,0,0,0,24200000,H014 - WH INFORMA JABABEKA,PT. SENTOSAPRIMA ABADI,7,ON SCHEDULE,40,0,20.04.2026,10.03.2026,27.03.2026,08.05.2026,08.05.2026,13.05.2026,13.05.2026,,H014,WH INFORMA JABABEKA
R110260303T019_H014,BIG MAMA,14700000,0,0,0,0,0,14700000,H014 - WH INFORMA JABABEKA,PT. WIDYA TRANS CARGO,7,ON SCHEDULE,40,0,17.04.2026,07.03.2026,19.03.2026,22.04.2026,22.04.2026,24.04.2026,24.04.2026,,H014,WH INFORMA JABABEKA
R110260303T020_H014,BIG MAMA,27800000,0,0,0,0,0,27800000,H014 - WH INFORMA JABABEKA,PT. SENTOSAPRIMA ABADI,7,ON SCHEDULE,40,0,15.04.2026,05.03.2026,17.03.2026,29.04.2026,30.04.2026,04.05.2026,04.05.2026,,H014,WH INFORMA JABABEKA
R110260303T022_H014,WINGBOX,6600000,0,0,0,0,0,6600000,H014 - WH INFORMA JABABEKA,PT. CATUR GLOBAL LOGISTIK,7,ON SCHEDULE,29,0,03.04.2026,04.03.2026,06.03.2026,13.03.2026,13.03.2026,30.03.2026,30.03.2026,,H014,WH INFORMA JABABEKA
R110260303T023_H014,CONT-40,8750000,0,0,0,0,0,8750000,H014 - WH INFORMA JABABEKA,PT. CIKARANG GERBANG SOLUSI,6,LATE,29,153,03.04.2026,04.03.2026,08.03.2026,22.06.2026,22.06.2026,25.06.2026,07.07.2026,,H014,WH INFORMA JABABEKA
R110260303T024_H014,CONT-40,24200000,0,0,0,0,0,24200000,H014 - WH INFORMA JABABEKA,PT. SENTOSAPRIMA ABADI,7,ON SCHEDULE,40,0,20.04.2026,10.03.2026,26.03.2026,08.05.2026,08.05.2026,13.05.2026,13.05.2026,,H014,WH INFORMA JABABEKA
R110260303T025_H014,CONT-40,30000000,0,0,1000000,0,0,31000000,H014 - WH INFORMA JABABEKA,PT. PAUS BIRU LOGISTIK,7,ON SCHEDULE,42,0,18.04.2026,06.03.2026,16.03.2026,06.05.2026,08.05.2026,11.06.2026,18.06.2026,,H014,WH INFORMA JABABEKA
R110260303T027_H014,CONT-40,25600000,0,0,0,0,0,25600000,H014 - WH INFORMA JABABEKA,PT. SENTOSAPRIMA ABADI,7,ON SCHEDULE,37,0,13.04.2026,06.03.2026,14.03.2026,06.05.2026,07.05.2026,07.05.2026,07.05.2026,,H014,WH INFORMA JABABEKA
R110260303T028_H014,CONT-40,25600000,0,0,0,0,0,25600000,H014 - WH INFORMA JABABEKA,PT. SENTOSAPRIMA ABADI,7,ON SCHEDULE,37,0,14.04.2026,07.03.2026,17.03.2026,06.05.2026,07.05.2026,07.05.2026,07.05.2026,,H014,WH INFORMA JABABEKA
R110260303T029_H014,CONT-40,20200000,0,0,1500000,0,0,21700000,H014 - WH INFORMA JABABEKA,PT. HAKKA HYDRO TIRTA,7,ON SCHEDULE,46,0,21.04.2026,05.03.2026,16.03.2026,20.05.2026,21.05.2026,11.06.2026,24.06.2026,,H014,WH INFORMA JABABEKA
R110260303T030_H014,WINGBOX,7000000,0,0,0,0,0,7000000,H014 - WH INFORMA JABABEKA,PT. DUNIA EXPRESS TRANSINDO,7,ON SCHEDULE,29,0,03.04.2026,04.03.2026,08.03.2026,08.04.2026,08.04.2026,22.04.2026,22.04.2026,,H014,WH INFORMA JABABEKA
R110260303T031_H014,CONT-20,17200000,0,0,1250000,0,0,18450000,H014 - WH INFORMA JABABEKA,PT. PAUS BIRU LOGISTIK,7,ON SCHEDULE,40,0,18.04.2026,08.03.2026,19.03.2026,04.05.2026,06.05.2026,06.05.2026,08.05.2026,,H014,WH INFORMA JABABEKA
R110260303T033_H014,CONT-40,20200000,0,0,1500000,0,0,21700000,H014 - WH INFORMA JABABEKA,PT. HAKKA HYDRO TIRTA,7,ON SCHEDULE,46,0,22.04.2026,06.03.2026,16.03.2026,20.05.2026,21.05.2026,11.06.2026,24.06.2026,,H014,WH INFORMA JABABEKA
R110260303T041_H014,WINGBOX,7000000,0,0,0,0,0,7000000,H014 - WH INFORMA JABABEKA,PT. DUNIA EXPRESS TRANSINDO,7,ON SCHEDULE,29,0,03.04.2026,04.03.2026,08.03.2026,08.04.2026,08.04.2026,22.04.2026,22.04.2026,,H014,WH INFORMA JABABEKA
R110260304H035_H014,WINGBOX,2599000,0,0,0,0,0,2599000,H014 - WH INFORMA JABABEKA,PT. DUTA MEDIA MANDIRI,7,ON SCHEDULE,27,0,02.04.2026,05.03.2026,06.03.2026,09.03.2026,09.03.2026,10.03.2026,10.03.2026,,H014,WH INFORMA JABABEKA
R110260304H036_H014,WINGBOX,4825000,0,0,0,0,0,4825000,H014 - WH INFORMA JABABEKA,PT. CEHA LOGISTIK CEMERLANG,7,ON SCHEDULE,29,0,04.04.2026,05.03.2026,08.03.2026,09.03.2026,09.03.2026,13.03.2026,13.03.2026,,H014,WH INFORMA JABABEKA
R110260304H042_H014,WINGBOX,11500000,0,0,0,0,0,11500000,H014 - WH INFORMA JABABEKA,PT. BINTANG SAMUDRA RAYA,7,ON SCHEDULE,29,0,04.04.2026,05.03.2026,09.03.2026,27.03.2026,27.03.2026,02.04.2026,02.04.2026,,H014,WH INFORMA JABABEKA
R110260304H043_H014,CDD LONG,2850000,0,0,0,0,0,2850000,H014 - WH INFORMA JABABEKA,PT. BINTANG SAMUDRA RAYA,7,ON SCHEDULE,28,0,02.04.2026,04.03.2026,06.03.2026,01.04.2026,01.04.2026,02.04.2026,02.04.2026,,H014,WH INFORMA JABABEKA
R110260304H051_H014,CDD LONG CHASSIS,1400000,0,0,0,0,0,1400000,H014 - WH INFORMA JABABEKA,PT. BINTANG SAMUDRA RAYA,7,ON SCHEDULE,27,0,01.04.2026,04.03.2026,05.03.2026,27.03.2026,27.03.2026,31.03.2026,31.03.2026,,H014,WH INFORMA JABABEKA
R110260304H055_H014,WINGBOX,11500000,0,0,0,0,0,11500000,H014 - WH INFORMA JABABEKA,PT. BINTANG SAMUDRA RAYA,7,ON SCHEDULE,29,0,05.04.2026,06.03.2026,10.03.2026,27.03.2026,27.03.2026,02.04.2026,02.04.2026,,H014,WH INFORMA JABABEKA
R110260304H056_H014,CDD LONG CHASSIS,5750000,0,0,0,0,0,5750000,H014 - WH INFORMA JABABEKA,PT. DUTA LINTAS NUSA,7,ON SCHEDULE,28,0,03.04.2026,05.03.2026,08.03.2026,31.03.2026,31.03.2026,14.04.2026,21.04.2026,,H014,WH INFORMA JABABEKA
R110260304H057_H014,CDD LONG CHASSIS,1400000,0,0,0,0,0,1400000,H014 - WH INFORMA JABABEKA,PT. BINTANG SAMUDRA RAYA,7,ON SCHEDULE,27,0,01.04.2026,04.03.2026,05.03.2026,27.03.2026,27.03.2026,31.03.2026,31.03.2026,,H014,WH INFORMA JABABEKA
R110260304H058_H014,CDD LONG CHASSIS,1400000,0,0,0,0,0,1400000,H014 - WH INFORMA JABABEKA,PT. BINTANG SAMUDRA RAYA,7,ON SCHEDULE,27,0,01.04.2026,04.03.2026,05.03.2026,27.03.2026,27.03.2026,31.03.2026,31.03.2026,,H014,WH INFORMA JABABEKA
R110260304H059_H014,CDD LONG CHASSIS,2850000,0,0,0,0,0,2850000,H014 - WH INFORMA JABABEKA,PT. BINTANG SAMUDRA RAYA,7,ON SCHEDULE,28,0,02.04.2026,04.03.2026,06.03.2026,27.03.2026,27.03.2026,31.03.2026,31.03.2026,,H014,WH INFORMA JABABEKA
R110260304H060_H014,CDD LONG CHASSIS,2850000,0,0,0,0,0,2850000,H014 - WH INFORMA JABABEKA,PT. BINTANG SAMUDRA RAYA,7,ON SCHEDULE,28,0,02.04.2026,04.03.2026,06.03.2026,27.03.2026,27.03.2026,02.04.2026,02.04.2026,,H014,WH INFORMA JABABEKA
R110260304H061_H014,CDD LONG CHASSIS,7500000,0,0,0,0,0,7500000,H014 - WH INFORMA JABABEKA,PT.ORANG KREATIF EKSIS,7,ON SCHEDULE,29,0,04.04.2026,05.03.2026,09.03.2026,13.03.2026,13.03.2026,07.04.2026,07.04.2026,,H014,WH INFORMA JABABEKA
R110260304L069_H014,CDD LONG CHASSIS,8855000,0,0,0,0,0,8855000,H014 - WH INFORMA JABABEKA,PT.ORANG KREATIF EKSIS,7,ON SCHEDULE,30,0,04.04.2026,04.03.2026,08.03.2026,13.03.2026,13.03.2026,07.04.2026,07.04.2026,,H014,WH INFORMA JABABEKA
R110260304L070_H014,CDD LONG CHASSIS,1400000,0,0,0,0,0,1400000,H014 - WH INFORMA JABABEKA,PT. BINTANG SAMUDRA RAYA,7,ON SCHEDULE,27,0,02.04.2026,05.03.2026,06.03.2026,27.03.2026,27.03.2026,31.03.2026,31.03.2026,,H014,WH INFORMA JABABEKA
R110260304L073_H014,CDD LONG CHASSIS,8855000,0,0,0,0,0,8855000,H014 - WH INFORMA JABABEKA,PT.ORANG KREATIF EKSIS,7,ON SCHEDULE,30,0,04.04.2026,04.03.2026,08.03.2026,13.03.2026,13.03.2026,07.04.2026,07.04.2026,,H014,WH INFORMA JABABEKA
R110260304L077_H014,CDD LONG CHASSIS,1400000,0,0,0,200000,0,1600000,H014 - WH INFORMA JABABEKA,PT. BINTANG SAMUDRA RAYA,7,ON SCHEDULE,27,0,02.04.2026,05.03.2026,06.03.2026,06.04.2026,06.04.2026,06.04.2026,06.04.2026,,H014,WH INFORMA JABABEKA
R110260304L084_H014,CDD LONG CHASSIS,1750000,0,0,0,250000,0,2000000,H014 - WH INFORMA JABABEKA,PT. CATUR GLOBAL LOGISTIK,7,ON SCHEDULE,26,0,01.04.2026,05.03.2026,06.03.2026,12.03.2026,12.03.2026,13.03.2026,13.03.2026,,H014,WH INFORMA JABABEKA
R110260304L085_H014,CDD LONG CHASSIS,3500000,0,0,0,0,0,3500000,H014 - WH INFORMA JABABEKA,PT. CEHA LOGISTIK CEMERLANG,7,ON SCHEDULE,29,0,04.04.2026,05.03.2026,08.03.2026,09.03.2026,09.03.2026,13.03.2026,13.03.2026,,H014,WH INFORMA JABABEKA
R110260304L086_H014,CDD LONG CHASSIS,3500000,0,0,0,0,0,3500000,H014 - WH INFORMA JABABEKA,PT. CEHA LOGISTIK CEMERLANG,7,ON SCHEDULE,29,0,04.04.2026,05.03.2026,08.03.2026,09.03.2026,09.03.2026,13.03.2026,13.03.2026,,H014,WH INFORMA JABABEKA
R110260304L087_H014,CDD LONG CHASSIS,3800000,0,0,0,0,0,3800000,H014 - WH INFORMA JABABEKA,PT. CEHA LOGISTIK CEMERLANG,7,ON SCHEDULE,30,0,08.04.2026,08.03.2026,10.03.2026,11.03.2026,12.03.2026,13.04.2026,13.04.2026,,H014,WH INFORMA JABABEKA
R110260304L088_H014,CDD LONG CHASSIS,3600000,0,0,0,300000,0,3900000,H014 - WH INFORMA JABABEKA,PT. BINTANG SAMUDRA RAYA,7,ON SCHEDULE,30,0,05.04.2026,05.03.2026,08.03.2026,06.04.2026,06.04.2026,06.04.2026,06.04.2026,,H014,WH INFORMA JABABEKA
R110260304L094_H014,CDD LONG CHASSIS,5750000,0,0,0,0,0,5750000,H014 - WH INFORMA JABABEKA,PT. DUTA LINTAS NUSA,7,ON SCHEDULE,28,0,03.04.2026,05.03.2026,08.03.2026,31.03.2026,31.03.2026,14.04.2026,21.04.2026,,H014,WH INFORMA JABABEKA
R110260304L100_H014,CDD LONG CHASSIS,12500000,0,0,0,0,0,12500000,H014 - WH INFORMA JABABEKA,PT.ORANG KREATIF EKSIS,7,ON SCHEDULE,31,0,06.04.2026,05.03.2026,09.03.2026,30.03.2026,30.03.2026,07.04.2026,07.04.2026,,H014,WH INFORMA JABABEKA
R110260304L102_H014,CDD LONG CHASSIS,3500000,0,0,0,0,0,3500000,H014 - WH INFORMA JABABEKA,PT. CEHA LOGISTIK CEMERLANG,7,ON SCHEDULE,28,0,02.04.2026,04.03.2026,06.03.2026,09.03.2026,09.03.2026,13.03.2026,13.03.2026,,H014,WH INFORMA JABABEKA
R110260304L109_H014,CDD LONG CHASSIS,4700000,0,0,0,0,0,4700000,H014 - WH INFORMA JABABEKA,PT. BINTANG SAMUDRA RAYA,7,ON SCHEDULE,29,0,03.04.2026,04.03.2026,08.03.2026,27.03.2026,27.03.2026,02.04.2026,02.04.2026,,H014,WH INFORMA JABABEKA
R110260304T023_H014,CONT-40,20200000,0,0,1500000,0,0,21700000,H014 - WH INFORMA JABABEKA,PT. HAKKA HYDRO TIRTA,7,ON SCHEDULE,46,0,21.04.2026,05.03.2026,16.03.2026,20.05.2026,21.05.2026,11.06.2026,24.06.2026,,H014,WH INFORMA JABABEKA
R110260304T024_H014,CONT-20,12000000,0,0,800000,0,0,12800000,H014 - WH INFORMA JABABEKA,PT. HAKKA HYDRO TIRTA,7,ON SCHEDULE,46,0,23.04.2026,07.03.2026,16.03.2026,11.06.2026,12.06.2026,15.06.2026,15.06.2026,,H014,WH INFORMA JABABEKA
R110260304T026_H014,WINGBOX,24150000,0,0,0,0,0,24150000,H014 - WH INFORMA JABABEKA,PT. DUTA LINTAS NUSA,7,ON SCHEDULE,37,0,12.04.2026,05.03.2026,10.03.2026,31.03.2026,31.03.2026,14.04.2026,21.04.2026,,H014,WH INFORMA JABABEKA
R110260304T027_H014,WINGBOX,5600000,0,0,0,0,0,5600000,H014 - WH INFORMA JABABEKA,PT. BINTANG SAMUDRA RAYA,7,ON SCHEDULE,29,0,04.04.2026,05.03.2026,08.03.2026,27.03.2026,27.03.2026,02.04.2026,02.04.2026,,H014,WH INFORMA JABABEKA
R110260304T028_H014,WINGBOX,24150000,0,0,0,0,0,24150000,H014 - WH INFORMA JABABEKA,PT. DUTA LINTAS NUSA,7,ON SCHEDULE,37,0,13.04.2026,06.03.2026,11.03.2026,24.04.2026,25.04.2026,11.05.2026,21.05.2026,,H014,WH INFORMA JABABEKA
R110260304T029_H014,CONT-20,10500000,0,0,400000,0,0,10900000,H014 - WH INFORMA JABABEKA,PT. HAKKA HYDRO TIRTA,7,ON SCHEDULE,40,0,15.04.2026,05.03.2026,19.03.2026,06.04.2026,06.04.2026,07.04.2026,07.04.2026,,H014,WH INFORMA JABABEKA
R110260304T035_H014,CONT-40,8750000,0,0,0,0,0,8750000,H014 - WH INFORMA JABABEKA,PT. CIKARANG GERBANG SOLUSI,6,LATE,29,152,03.04.2026,04.03.2026,08.03.2026,22.06.2026,22.06.2026,24.06.2026,07.07.2026,,H014,WH INFORMA JABABEKA
R110260304T036_H014,WINGBOX,6600000,0,0,0,0,0,6600000,H014 - WH INFORMA JABABEKA,PT. JAYA MULYA ERALINDO,7,ON SCHEDULE,29,0,03.04.2026,04.03.2026,08.03.2026,30.03.2026,30.03.2026,02.04.2026,02.04.2026,,H014,WH INFORMA JABABEKA
R110260304T037_H014,WINGBOX,6600000,0,0,0,0,0,6600000,H014 - WH INFORMA JABABEKA,PT. JAYA MULYA ERALINDO,7,ON SCHEDULE,29,0,03.04.2026,04.03.2026,08.03.2026,30.03.2026,30.03.2026,02.04.2026,02.04.2026,,H014,WH INFORMA JABABEKA
R110260304T039_H014,WINGBOX,7000000,0,0,0,0,0,7000000,H014 - WH INFORMA JABABEKA,PT. DUNIA EXPRESS TRANSINDO,7,ON SCHEDULE,29,0,03.04.2026,04.03.2026,08.03.2026,08.04.2026,08.04.2026,22.04.2026,22.04.2026,,H014,WH INFORMA JABABEKA
R110260304T040_H014,CONT-20,15700000,0,0,0,0,0,15700000,H014 - WH INFORMA JABABEKA,PT. MITRA INTERTRANS FORWARDING,7,ON SCHEDULE,40,0,16.04.2026,06.03.2026,28.03.2026,06.05.2026,06.05.2026,07.05.2026,07.05.2026,,H014,WH INFORMA JABABEKA
R110260304T041_H014,CONT-40,8750000,0,0,0,0,0,8750000,H014 - WH INFORMA JABABEKA,PT. CIKARANG GERBANG SOLUSI,6,LATE,29,152,03.04.2026,04.03.2026,08.03.2026,22.06.2026,22.06.2026,24.06.2026,07.07.2026,,H014,WH INFORMA JABABEKA
R110260304T042_H014,CONT-40,8750000,0,0,0,0,0,8750000,H014 - WH INFORMA JABABEKA,PT. CIKARANG GERBANG SOLUSI,6,LATE,29,152,03.04.2026,04.03.2026,08.03.2026,22.06.2026,22.06.2026,24.06.2026,07.07.2026,,H014,WH INFORMA JABABEKA
R110260304T043_H014,CONT-40,8750000,0,0,0,0,0,8750000,H014 - WH INFORMA JABABEKA,PT. CIKARANG GERBANG SOLUSI,6,LATE,29,152,04.04.2026,05.03.2026,08.03.2026,22.06.2026,22.06.2026,24.06.2026,07.07.2026,,H014,WH INFORMA JABABEKA
R110260304T044_H014,CONT-20,10500000,0,0,400000,0,0,10900000,H014 - WH INFORMA JABABEKA,PT. HAKKA HYDRO TIRTA,7,ON SCHEDULE,40,0,15.04.2026,05.03.2026,19.03.2026,06.04.2026,06.04.2026,07.04.2026,07.04.2026,,H014,WH INFORMA JABABEKA
R110260304T045_H014,CONT-40,8750000,0,0,0,0,0,8750000,H014 - WH INFORMA JABABEKA,PT. CIKARANG GERBANG SOLUSI,6,LATE,29,152,04.04.2026,05.03.2026,09.03.2026,22.06.2026,22.06.2026,24.06.2026,07.07.2026,,H014,WH INFORMA JABABEKA
R110260304T046_H014,CONT-40,8750000,0,0,0,0,0,8750000,H014 - WH INFORMA JABABEKA,PT. CIKARANG GERBANG SOLUSI,6,LATE,29,151,04.04.2026,05.03.2026,09.03.2026,22.06.2026,22.06.2026,24.06.2026,07.07.2026,,H014,WH INFORMA JABABEKA
R110260304T047_H014,WINGBOX,5600000,0,0,0,0,0,5600000,H014 - WH INFORMA JABABEKA,PT. BINTANG SAMUDRA RAYA,7,ON SCHEDULE,29,0,04.04.2026,05.03.2026,08.03.2026,27.03.2026,27.03.2026,08.04.2026,14.04.2026,,H014,WH INFORMA JABABEKA
R110260304T051_H014,CONT-40,27800000,0,0,0,0,0,27800000,H014 - WH INFORMA JABABEKA,PT. SENTOSAPRIMA ABADI,7,ON SCHEDULE,40,0,15.04.2026,05.03.2026,25.03.2026,06.05.2026,07.05.2026,08.05.2026,08.05.2026,,H014,WH INFORMA JABABEKA
R110260304T054_H014,CONT-40,24200000,0,0,0,0,0,24200000,H014 - WH INFORMA JABABEKA,PT. SENTOSAPRIMA ABADI,7,ON SCHEDULE,40,0,20.04.2026,10.03.2026,26.03.2026,08.05.2026,08.05.2026,13.05.2026,13.05.2026,,H014,WH INFORMA JABABEKA
R110260305H021_H014,WINGBOX,4500000,0,0,0,0,0,4500000,H014 - WH INFORMA JABABEKA,PT. CEHA LOGISTIK CEMERLANG,7,ON SCHEDULE,29,0,04.04.2026,05.03.2026,08.03.2026,09.03.2026,09.03.2026,13.03.2026,13.03.2026,,H014,WH INFORMA JABABEKA
R110260305H022_H014,WINGBOX,4500000,0,0,0,0,0,4500000,H014 - WH INFORMA JABABEKA,PT. CEHA LOGISTIK CEMERLANG,7,ON SCHEDULE,29,0,04.04.2026,05.03.2026,08.03.2026,09.03.2026,09.03.2026,13.03.2026,13.03.2026,,H014,WH INFORMA JABABEKA
R110260305H023_H014,WINGBOX,4500000,0,0,0,0,0,4500000,H014 - WH INFORMA JABABEKA,PT. CEHA LOGISTIK CEMERLANG,7,ON SCHEDULE,29,0,04.04.2026,05.03.2026,08.03.2026,09.03.2026,09.03.2026,13.03.2026,13.03.2026,,H014,WH INFORMA JABABEKA
R110260305H024_H014,WINGBOX,4825000,0,0,0,0,0,4825000,H014 - WH INFORMA JABABEKA,PT. CEHA LOGISTIK CEMERLANG,7,ON SCHEDULE,29,0,04.04.2026,05.03.2026,08.03.2026,09.03.2026,09.03.2026,13.04.2026,13.04.2026,,H014,WH INFORMA JABABEKA
R110260305H025_H014,WINGBOX,3500000,0,0,0,0,0,3500000,H014 - WH INFORMA JABABEKA,PT. BINTANG SAMUDRA RAYA,7,ON SCHEDULE,29,0,05.04.2026,06.03.2026,08.03.2026,27.03.2026,27.03.2026,02.04.2026,02.04.2026,,H014,WH INFORMA JABABEKA
R110260305H027_H014,WINGBOX,17750000,0,0,0,0,0,17750000,H014 - WH INFORMA JABABEKA,PT. BINTANG SAMUDRA RAYA,7,ON SCHEDULE,30,0,10.04.2026,10.03.2026,15.03.2026,27.03.2026,27.03.2026,13.04.2026,20.04.2026,,H014,WH INFORMA JABABEKA
R110260305H045_H014,WINGBOX,2350000,0,0,0,0,0,2350000,H014 - WH INFORMA JABABEKA,PT. BINTANG SAMUDRA RAYA,7,ON SCHEDULE,27,0,02.04.2026,05.03.2026,06.03.2026,27.03.2026,27.03.2026,02.04.2026,02.04.2026,,H014,WH INFORMA JABABEKA
R110260305H046_H014,CDD LONG CHASSIS,1400000,0,0,0,0,0,1400000,H014 - WH INFORMA JABABEKA,PT. BINTANG SAMUDRA RAYA,7,ON SCHEDULE,27,0,02.04.2026,05.03.2026,06.03.2026,27.03.2026,27.03.2026,31.03.2026,31.03.2026,,H014,WH INFORMA JABABEKA
R110260305H047_H014,CONT-20,19200000,0,0,0,0,0,19200000,H014 - WH INFORMA JABABEKA,PT. PAUS BIRU LOGISTIK,7,ON SCHEDULE,42,0,24.04.2026,12.03.2026,29.03.2026,07.05.2026,08.05.2026,18.05.2026,20.05.2026,,H014,WH INFORMA JABABEKA
R110260305H049_H014,CDD LONG CHASSIS,2850000,0,0,0,0,0,2850000,H014 - WH INFORMA JABABEKA,PT. BINTANG SAMUDRA RAYA,7,ON SCHEDULE,28,0,03.04.2026,05.03.2026,06.03.2026,27.03.2026,27.03.2026,31.03.2026,31.03.2026,,H014,WH INFORMA JABABEKA
R110260305H050_H014,WINGBOX,4500000,0,0,0,0,0,4500000,H014 - WH INFORMA JABABEKA,PT. CEHA LOGISTIK CEMERLANG,7,ON SCHEDULE,29,0,04.04.2026,05.03.2026,08.03.2026,09.03.2026,09.03.2026,13.03.2026,13.03.2026,,H014,WH INFORMA JABABEKA
R110260305H051_H014,CDD LONG CHASSIS,1725000,0,0,0,0,0,1725000,H014 - WH INFORMA JABABEKA,PT. BINTANG SAMUDRA RAYA,7,ON SCHEDULE,27,0,02.04.2026,05.03.2026,06.03.2026,01.04.2026,01.04.2026,02.04.2026,02.04.2026,,H014,WH INFORMA JABABEKA
R110260305H052_H014,WINGBOX,14800000,0,0,0,0,0,14800000,H014 - WH INFORMA JABABEKA,PT. SATRIA PIRANTI PERKASA,7,ON SCHEDULE,29,0,05.04.2026,06.03.2026,10.03.2026,26.03.2026,26.03.2026,02.04.2026,02.04.2026,,H014,WH INFORMA JABABEKA
R110260305H053_H014,WINGBOX,4825000,0,0,0,0,0,4825000,H014 - WH INFORMA JABABEKA,PT. CEHA LOGISTIK CEMERLANG,7,ON SCHEDULE,29,0,04.04.2026,05.03.2026,08.03.2026,09.03.2026,09.03.2026,13.03.2026,13.03.2026,,H014,WH INFORMA JABABEKA
R110260305H054_H014,WINGBOX,21000000,0,0,0,0,0,21000000,H014 - WH INFORMA JABABEKA,PT. CITRA SENTRAL EKSPRES,7,ON SCHEDULE,30,0,11.04.2026,11.03.2026,17.03.2026,16.04.2026,17.04.2026,17.04.2026,17.04.2026,,H014,WH INFORMA JABABEKA
R110260305H061_H014,WINGBOX,21000000,0,0,0,0,0,21000000,H014 - WH INFORMA JABABEKA,PT. CITRA SENTRAL EKSPRES,7,ON SCHEDULE,30,0,12.04.2026,12.03.2026,17.03.2026,16.04.2026,17.04.2026,17.04.2026,17.04.2026,,H014,WH INFORMA JABABEKA
R110260305H062_H014,CDD LONG CHASSIS,1725000,0,0,0,0,0,1725000,H014 - WH INFORMA JABABEKA,PT. BINTANG SAMUDRA RAYA,7,ON SCHEDULE,27,0,02.04.2026,05.03.2026,06.03.2026,27.03.2026,27.03.2026,31.03.2026,31.03.2026,,H014,WH INFORMA JABABEKA
R110260305H064_H014,CDD LONG CHASSIS,3500000,0,0,0,0,0,3500000,H014 - WH INFORMA JABABEKA,PT. CEHA LOGISTIK CEMERLANG,7,ON SCHEDULE,29,0,04.04.2026,05.03.2026,08.03.2026,09.03.2026,09.03.2026,13.03.2026,13.03.2026,,H014,WH INFORMA JABABEKA
R110260305H069_H014,WINGBOX,4825000,0,0,0,0,0,4825000,H014 - WH INFORMA JABABEKA,PT. CEHA LOGISTIK CEMERLANG,7,ON SCHEDULE,29,0,07.04.2026,08.03.2026,09.03.2026,10.03.2026,10.03.2026,13.03.2026,13.03.2026,,H014,WH INFORMA JABABEKA
R110260305H070_H014,CDD LONG CHASSIS,1425000,0,0,0,0,0,1425000,H014 - WH INFORMA JABABEKA,PT. DUTA MEDIA MANDIRI,7,ON SCHEDULE,27,0,02.04.2026,05.03.2026,06.03.2026,09.03.2026,09.03.2026,10.03.2026,10.03.2026,,H014,WH INFORMA JABABEKA
R110260305H071_H014,CDD LONG CHASSIS,1425000,0,0,0,0,0,1425000,H014 - WH INFORMA JABABEKA,PT. DUTA MEDIA MANDIRI,7,ON SCHEDULE,27,0,02.04.2026,05.03.2026,06.03.2026,09.03.2026,09.03.2026,10.03.2026,10.03.2026,,H014,WH INFORMA JABABEKA
R110260305H073_H014,WINGBOX,14800000,0,0,0,0,0,14800000,H014 - WH INFORMA JABABEKA,PT. SATRIA PIRANTI PERKASA,7,ON SCHEDULE,29,0,06.04.2026,07.03.2026,11.03.2026,26.03.2026,26.03.2026,02.04.2026,02.04.2026,,H014,WH INFORMA JABABEKA
R110260305H074_H014,CDD LONG CHASSIS,5750000,0,0,0,0,0,5750000,H014 - WH INFORMA JABABEKA,PT. DUTA LINTAS NUSA,7,ON SCHEDULE,28,0,04.04.2026,06.03.2026,09.03.2026,31.03.2026,31.03.2026,14.04.2026,21.04.2026,,H014,WH INFORMA JABABEKA
R110260305L019_H014,CDD LONG CHASSIS,8855000,0,0,0,0,0,8855000,H014 - WH INFORMA JABABEKA,PT.ORANG KREATIF EKSIS,7,ON SCHEDULE,30,0,06.04.2026,06.03.2026,09.03.2026,13.03.2026,13.03.2026,07.04.2026,07.04.2026,,H014,WH INFORMA JABABEKA
R110260305L020_H014,CDD LONG CHASSIS,2250000,0,0,0,300000,0,2550000,H014 - WH INFORMA JABABEKA,PT. BINTANG SAMUDRA RAYA,7,ON SCHEDULE,27,0,03.04.2026,06.03.2026,08.03.2026,06.04.2026,06.04.2026,06.04.2026,06.04.2026,,H014,WH INFORMA JABABEKA
R110260305L028_H014,CDD LONG CHASSIS,1400000,0,0,0,0,0,1400000,H014 - WH INFORMA JABABEKA,PT. BINTANG SAMUDRA RAYA,7,ON SCHEDULE,27,0,03.04.2026,06.03.2026,09.03.2026,27.03.2026,27.03.2026,31.03.2026,31.03.2026,,H014,WH INFORMA JABABEKA
R110260305L031_H014,CDD LONG CHASSIS,1750000,0,0,0,0,0,1750000,H014 - WH INFORMA JABABEKA,PT. CATUR GLOBAL LOGISTIK,7,ON SCHEDULE,27,0,03.04.2026,06.03.2026,08.03.2026,13.03.2026,13.03.2026,30.03.2026,30.03.2026,,H014,WH INFORMA JABABEKA
R110260305L040_H014,CDD LONG CHASSIS,3500000,0,0,0,0,0,3500000,H014 - WH INFORMA JABABEKA,PT. CEHA LOGISTIK CEMERLANG,7,ON SCHEDULE,30,0,06.04.2026,06.03.2026,08.03.2026,09.03.2026,09.03.2026,13.03.2026,13.03.2026,,H014,WH INFORMA JABABEKA
R110260305L041_H014,CDD LONG CHASSIS,3500000,600000,0,0,0,0,4100000,H014 - WH INFORMA JABABEKA,PT. CEHA LOGISTIK CEMERLANG,7,ON SCHEDULE,29,0,05.04.2026,06.03.2026,09.03.2026,15.04.2026,15.04.2026,16.04.2026,16.04.2026,,H014,WH INFORMA JABABEKA
R110260305L042_H014,CDD LONG CHASSIS,7500000,0,0,0,0,0,7500000,H014 - WH INFORMA JABABEKA,PT.ORANG KREATIF EKSIS,7,ON SCHEDULE,30,0,05.04.2026,05.03.2026,09.03.2026,13.03.2026,13.03.2026,07.04.2026,07.04.2026,,H014,WH INFORMA JABABEKA
R110260305L047_H014,CDD LONG CHASSIS,7500000,0,0,0,0,0,7500000,H014 - WH INFORMA JABABEKA,PT.ORANG KREATIF EKSIS,7,ON SCHEDULE,30,0,06.04.2026,06.03.2026,10.03.2026,30.03.2026,30.03.2026,07.04.2026,07.04.2026,,H014,WH INFORMA JABABEKA
R110260305L051_H014,CDD LONG CHASSIS,13100000,0,0,0,0,0,13100000,H014 - WH INFORMA JABABEKA,PT.ORANG KREATIF EKSIS,7,ON SCHEDULE,30,0,06.04.2026,06.03.2026,11.03.2026,30.03.2026,30.03.2026,07.04.2026,07.04.2026,,H014,WH INFORMA JABABEKA
R110260305L056_H014,CDD LONG CHASSIS,3500000,0,0,0,0,0,3500000,H014 - WH INFORMA JABABEKA,PT.DHANESWARA EXPRES,7,ON SCHEDULE,30,0,06.04.2026,06.03.2026,08.03.2026,12.03.2026,12.03.2026,27.03.2026,27.03.2026,,H014,WH INFORMA JABABEKA
R110260305L069_H014,CDD LONG CHASSIS,7500000,0,0,0,0,0,7500000,H014 - WH INFORMA JABABEKA,PT.ORANG KREATIF EKSIS,7,ON SCHEDULE,29,0,05.04.2026,06.03.2026,10.03.2026,13.03.2026,13.03.2026,07.04.2026,07.04.2026,,H014,WH INFORMA JABABEKA
R110260305L086_H014,CDD LONG CHASSIS,4700000,0,0,0,0,0,4700000,H014 - WH INFORMA JABABEKA,PT. BINTANG SAMUDRA RAYA,7,ON SCHEDULE,29,0,04.04.2026,05.03.2026,08.03.2026,01.04.2026,01.04.2026,01.04.2026,02.04.2026,,H014,WH INFORMA JABABEKA
R110260305T013_H014,WINGBOX,5650000,0,0,0,0,0,5650000,H014 - WH INFORMA JABABEKA,PT. DUTA MEDIA MANDIRI,7,ON SCHEDULE,29,0,05.04.2026,06.03.2026,10.03.2026,10.03.2026,10.03.2026,13.03.2026,13.03.2026,,H014,WH INFORMA JABABEKA
R110260305T018_H014,CONT-40,25600000,0,0,0,0,0,25600000,H014 - WH INFORMA JABABEKA,PT. SENTOSAPRIMA ABADI,7,ON SCHEDULE,37,0,13.04.2026,06.03.2026,17.03.2026,06.05.2026,07.05.2026,07.05.2026,07.05.2026,,H014,WH INFORMA JABABEKA
R110260305T019_H014,CONT-40,23450000,0,0,1500000,0,0,24950000,H014 - WH INFORMA JABABEKA,PT. SENTOSAPRIMA ABADI,7,ON SCHEDULE,46,0,22.04.2026,06.03.2026,16.03.2026,11.05.2026,11.05.2026,15.05.2026,15.05.2026,,H014,WH INFORMA JABABEKA
R110260305T020_H014,CONT-40,24200000,0,0,0,0,0,24200000,H014 - WH INFORMA JABABEKA,PT. SENTOSAPRIMA ABADI,7,ON SCHEDULE,40,0,20.04.2026,10.03.2026,26.03.2026,27.04.2026,28.04.2026,08.05.2026,08.05.2026,,H014,WH INFORMA JABABEKA
R110260305T021_H014,CONT-40,25500000,0,0,0,0,0,25500000,H014 - WH INFORMA JABABEKA,PT. SENTOSAPRIMA ABADI,7,ON SCHEDULE,40,0,19.04.2026,09.03.2026,26.03.2026,06.05.2026,07.05.2026,08.05.2026,08.05.2026,,H014,WH INFORMA JABABEKA
R110260305T022_H014,CONT-40,23000000,0,0,1000000,0,0,24000000,H014 - WH INFORMA JABABEKA,PT. WIDYA TRANS CARGO,7,ON SCHEDULE,42,0,18.04.2026,06.03.2026,17.03.2026,09.04.2026,10.04.2026,15.04.2026,15.04.2026,,H014,WH INFORMA JABABEKA
R110260305T023_H014,CONT-40,26000000,0,0,0,0,0,26000000,H014 - WH INFORMA JABABEKA,PT. WIDYA TRANS CARGO,7,ON SCHEDULE,40,0,18.04.2026,08.03.2026,26.03.2026,09.04.2026,09.04.2026,13.04.2026,13.04.2026,,H014,WH INFORMA JABABEKA
R110260305T024_H014,WINGBOX,5650000,0,0,0,0,1444500,7094500,H014 - WH INFORMA JABABEKA,PT. DUTA MEDIA MANDIRI,7,ON SCHEDULE,29,0,07.04.2026,08.03.2026,,31.03.2026,31.03.2026,01.04.2026,01.04.2026,,H014,WH INFORMA JABABEKA
R110260305T024_H014,WINGBOX,5650000,0,0,0,0,1444500,7094500,H014 - WH INFORMA JABABEKA,PT. DUTA MEDIA MANDIRI,7,ON SCHEDULE,29,0,07.04.2026,08.03.2026,,31.03.2026,31.03.2026,01.04.2026,01.04.2026,,H014,WH INFORMA JABABEKA
R110260305T027_H014,WINGBOX,5650000,0,0,0,0,0,5650000,H014 - WH INFORMA JABABEKA,PT. DUTA MEDIA MANDIRI,7,ON SCHEDULE,29,0,04.04.2026,05.03.2026,08.03.2026,12.03.2026,13.03.2026,13.03.2026,13.03.2026,,H014,WH INFORMA JABABEKA
R110260305T029_H014,WINGBOX,5650000,0,0,0,0,0,5650000,H014 - WH INFORMA JABABEKA,PT. DUTA MEDIA MANDIRI,7,ON SCHEDULE,29,0,04.04.2026,05.03.2026,08.03.2026,09.03.2026,09.03.2026,30.03.2026,30.03.2026,,H014,WH INFORMA JABABEKA
R110260305T031_H014,CONT-40,23500000,0,0,0,0,0,23500000,H014 - WH INFORMA JABABEKA,PT. RAJAWALI LINTAS SAMUDERA,7,ON SCHEDULE,40,0,19.04.2026,09.03.2026,27.03.2026,31.03.2026,31.03.2026,08.04.2026,08.04.2026,,H014,WH INFORMA JABABEKA
R110260305T032_H014,CONT-40,31900000,0,0,0,0,0,31900000,H014 - WH INFORMA JABABEKA,PT. PAUS BIRU LOGISTIK,7,ON SCHEDULE,37,0,14.04.2026,07.03.2026,26.03.2026,08.05.2026,08.05.2026,11.05.2026,19.05.2026,,H014,WH INFORMA JABABEKA
R110260305T035_H014,WINGBOX,5600000,0,0,0,0,0,5600000,H014 - WH INFORMA JABABEKA,PT. BINTANG SAMUDRA RAYA,7,ON SCHEDULE,29,0,05.04.2026,06.03.2026,10.03.2026,27.03.2026,27.03.2026,01.04.2026,02.04.2026,,H014,WH INFORMA JABABEKA
R110260305T043_H014,WINGBOX,5650000,0,0,0,0,0,5650000,H014 - WH INFORMA JABABEKA,PT. DUTA MEDIA MANDIRI,7,ON SCHEDULE,29,0,05.04.2026,06.03.2026,10.03.2026,10.03.2026,10.03.2026,30.03.2026,30.03.2026,,H014,WH INFORMA JABABEKA
R110260305T044_H014,WINGBOX,6600000,0,0,0,0,0,6600000,H014 - WH INFORMA JABABEKA,PT. CATUR GLOBAL LOGISTIK,7,ON SCHEDULE,29,0,05.04.2026,06.03.2026,10.03.2026,30.03.2026,30.03.2026,31.03.2026,31.03.2026,,H014,WH INFORMA JABABEKA
R110260306H030_H014,WINGBOX,2350000,0,0,0,0,0,2350000,H014 - WH INFORMA JABABEKA,PT. BINTANG SAMUDRA RAYA,7,ON SCHEDULE,27,0,03.04.2026,06.03.2026,08.03.2026,27.03.2026,27.03.2026,02.04.2026,02.04.2026,,H014,WH INFORMA JABABEKA
R110260306H031_H014,WINGBOX,2350000,0,0,0,0,0,2350000,H014 - WH INFORMA JABABEKA,PT. BINTANG SAMUDRA RAYA,7,ON SCHEDULE,27,0,03.04.2026,06.03.2026,08.03.2026,27.03.2026,27.03.2026,02.04.2026,02.04.2026,,H014,WH INFORMA JABABEKA
R110260306H033_H014,WINGBOX,4825000,0,0,0,0,0,4825000,H014 - WH INFORMA JABABEKA,PT. CEHA LOGISTIK CEMERLANG,7,ON SCHEDULE,29,0,06.04.2026,07.03.2026,09.03.2026,10.03.2026,10.03.2026,13.03.2026,13.03.2026,,H014,WH INFORMA JABABEKA
R110260306H036_H014,CDD LONG CHASSIS,1750000,0,0,0,0,0,1750000,H014 - WH INFORMA JABABEKA,PT. DUTA MEDIA MANDIRI,7,ON SCHEDULE,27,0,05.04.2026,08.03.2026,10.03.2026,12.03.2026,13.03.2026,13.03.2026,13.03.2026,,H014,WH INFORMA JABABEKA
R110260306H045_H014,BIG MAMA,18000000,0,0,0,0,839500,18839500,H014 - WH INFORMA JABABEKA,PT. BINTANG SAMUDRA RAYA,7,ON SCHEDULE,31,0,12.04.2026,11.03.2026,15.03.2026,11.05.2026,11.05.2026,12.05.2026,12.05.2026,,H014,WH INFORMA JABABEKA
R110260306H045_H014,BIG MAMA,18000000,0,0,0,0,839500,18839500,H014 - WH INFORMA JABABEKA,PT. BINTANG SAMUDRA RAYA,7,ON SCHEDULE,31,0,12.04.2026,11.03.2026,15.03.2026,11.05.2026,11.05.2026,12.05.2026,12.05.2026,,H014,WH INFORMA JABABEKA
R110260306H046_H014,CDD LONG CHASSIS,2250000,0,0,0,0,0,2250000,H014 - WH INFORMA JABABEKA,PT. BINTANG SAMUDRA RAYA,7,ON SCHEDULE,27,0,03.04.2026,06.03.2026,08.03.2026,27.03.2026,27.03.2026,01.04.2026,02.04.2026,,H014,WH INFORMA JABABEKA
R110260306H047_H014,WINGBOX,11500000,0,0,0,0,0,11500000,H014 - WH INFORMA JABABEKA,PT. BINTANG SAMUDRA RAYA,7,ON SCHEDULE,29,0,06.04.2026,07.03.2026,11.03.2026,01.04.2026,01.04.2026,01.04.2026,02.04.2026,,H014,WH INFORMA JABABEKA
R110260306H048_H014,WINGBOX,15000000,0,0,0,0,0,15000000,H014 - WH INFORMA JABABEKA,PT. BINTANG SAMUDRA RAYA,7,ON SCHEDULE,30,0,08.04.2026,08.03.2026,12.03.2026,27.03.2026,27.03.2026,02.04.2026,02.04.2026,,H014,WH INFORMA JABABEKA
R110260306H049_H014,WINGBOX,15000000,0,0,0,0,0,15000000,H014 - WH INFORMA JABABEKA,PT. BINTANG SAMUDRA RAYA,7,ON SCHEDULE,30,0,10.04.2026,10.03.2026,15.03.2026,27.03.2026,27.03.2026,31.03.2026,31.03.2026,,H014,WH INFORMA JABABEKA
R110260306H051_H014,WINGBOX,21000000,0,0,0,0,1000000,22000000,H014 - WH INFORMA JABABEKA,PT. CITRA SENTRAL EKSPRES,7,ON SCHEDULE,31,0,12.04.2026,11.03.2026,15.03.2026,26.05.2026,27.05.2026,29.05.2026,29.05.2026,,H014,WH INFORMA JABABEKA
R110260306H052_H014,WINGBOX,4250000,0,0,0,0,0,4250000,H014 - WH INFORMA JABABEKA,PT. ARDYA PRIMA INTERNUSA,7,ON SCHEDULE,28,0,05.04.2026,07.03.2026,09.03.2026,26.03.2026,26.03.2026,08.04.2026,13.04.2026,,H014,WH INFORMA JABABEKA
R110260306H057_H014,WINGBOX,4825000,0,0,0,0,0,4825000,H014 - WH INFORMA JABABEKA,PT. CEHA LOGISTIK CEMERLANG,7,ON SCHEDULE,29,0,06.04.2026,07.03.2026,09.03.2026,10.03.2026,10.03.2026,13.03.2026,13.03.2026,,H014,WH INFORMA JABABEKA
R110260306H058_H014,CDD LONG CHASSIS,2250000,0,0,0,0,0,2250000,H014 - WH INFORMA JABABEKA,PT. BINTANG SAMUDRA RAYA,7,ON SCHEDULE,27,0,04.04.2026,07.03.2026,08.03.2026,01.04.2026,01.04.2026,01.04.2026,02.04.2026,,H014,WH INFORMA JABABEKA
R110260306H060_H014,CDD LONG CHASSIS,2250000,0,0,0,0,0,2250000,H014 - WH INFORMA JABABEKA,PT. BINTANG SAMUDRA RAYA,7,ON SCHEDULE,27,0,03.04.2026,06.03.2026,08.03.2026,27.03.2026,27.03.2026,01.04.2026,02.04.2026,,H014,WH INFORMA JABABEKA
R110260306H063_H014,CDD LONG CHASSIS,4900000,0,0,0,0,0,4900000,H014 - WH INFORMA JABABEKA,PT.ORANG KREATIF EKSIS,7,ON SCHEDULE,28,0,05.04.2026,07.03.2026,09.03.2026,13.03.2026,13.03.2026,07.04.2026,07.04.2026,,H014,WH INFORMA JABABEKA
R110260306H064_H014,CDD LONG CHASSIS,1725000,0,0,0,0,0,1725000,H014 - WH INFORMA JABABEKA,PT. BINTANG SAMUDRA RAYA,7,ON SCHEDULE,27,0,03.04.2026,06.03.2026,08.03.2026,27.03.2026,27.03.2026,01.04.2026,02.04.2026,,H014,WH INFORMA JABABEKA
R110260306H065_H014,CDD LONG CHASSIS,7400000,0,0,0,0,0,7400000,H014 - WH INFORMA JABABEKA,PT. BINTANG SAMUDRA RAYA,7,ON SCHEDULE,29,0,06.04.2026,07.03.2026,11.03.2026,01.04.2026,01.04.2026,01.04.2026,02.04.2026,,H014,WH INFORMA JABABEKA
R110260306H066_H014,CDD LONG CHASSIS,3600000,0,0,0,0,0,3600000,H014 - WH INFORMA JABABEKA,PT LOGISTIK CANGGIH INDONESIA,7,ON SCHEDULE,29,0,06.04.2026,07.03.2026,08.03.2026,13.03.2026,13.03.2026,13.03.2026,13.03.2026,,H014,WH INFORMA JABABEKA
R110260306L043_H014,WINGBOX,11500000,0,0,0,750000,0,12250000,H014 - WH INFORMA JABABEKA,PT. BINTANG SAMUDRA RAYA,7,ON SCHEDULE,29,0,10.04.2026,11.03.2026,15.03.2026,06.04.2026,06.04.2026,06.04.2026,06.04.2026,,H014,WH INFORMA JABABEKA
R110260306L044_H014,CONT-20,18000000,0,0,400000,0,0,18400000,H014 - WH INFORMA JABABEKA,PT. HAKKA HYDRO TIRTA,7,ON SCHEDULE,38,0,18.04.2026,10.03.2026,27.03.2026,21.05.2026,21.05.2026,05.06.2026,05.06.2026,,H014,WH INFORMA JABABEKA
R110260306L045_H014,CDD LONG CHASSIS,14800000,0,0,0,0,0,14800000,H014 - WH INFORMA JABABEKA,PT.ORANG KREATIF EKSIS,7,ON SCHEDULE,33,0,10.04.2026,07.03.2026,12.03.2026,30.03.2026,30.03.2026,07.04.2026,07.04.2026,,H014,WH INFORMA JABABEKA
R110260306L046_H014,CDD LONG CHASSIS,2850000,0,0,0,0,0,2850000,H014 - WH INFORMA JABABEKA,PT. BINTANG SAMUDRA RAYA,7,ON SCHEDULE,28,0,05.04.2026,07.03.2026,10.03.2026,01.04.2026,01.04.2026,01.04.2026,02.04.2026,,H014,WH INFORMA JABABEKA
R110260306L047_H014,CDD LONG CHASSIS,9300000,0,0,0,0,0,9300000,H014 - WH INFORMA JABABEKA,PT. AGUNG MAKMUR JAYA,7,ON SCHEDULE,31,0,08.04.2026,07.03.2026,09.03.2026,09.03.2026,10.03.2026,25.03.2026,25.03.2026,,H014,WH INFORMA JABABEKA
R110260306L050_H014,CDD LONG CHASSIS,2250000,0,0,0,0,0,2250000,H014 - WH INFORMA JABABEKA,PT. BINTANG SAMUDRA RAYA,7,ON SCHEDULE,26,0,03.04.2026,07.03.2026,08.03.2026,01.04.2026,01.04.2026,01.04.2026,02.04.2026,,H014,WH INFORMA JABABEKA
R110260306L062_H014,CDD LONG CHASSIS,8855000,0,0,0,0,0,8855000,H014 - WH INFORMA JABABEKA,PT.ORANG KREATIF EKSIS,7,ON SCHEDULE,30,0,06.04.2026,06.03.2026,09.03.2026,30.03.2026,30.03.2026,07.04.2026,07.04.2026,,H014,WH INFORMA JABABEKA
R110260306L063_H014,CDD LONG CHASSIS,8855000,0,0,0,0,0,8855000,H014 - WH INFORMA JABABEKA,PT.ORANG KREATIF EKSIS,7,ON SCHEDULE,30,0,07.04.2026,07.03.2026,09.03.2026,13.03.2026,13.03.2026,07.04.2026,07.04.2026,,H014,WH INFORMA JABABEKA
R110260306L064_H014,CDD LONG CHASSIS,8855000,0,0,0,0,0,8855000,H014 - WH INFORMA JABABEKA,PT.ORANG KREATIF EKSIS,7,ON SCHEDULE,30,0,08.04.2026,08.03.2026,10.03.2026,30.03.2026,30.03.2026,07.04.2026,07.04.2026,,H014,WH INFORMA JABABEKA
R110260306L065_H014,FUSO,17000000,0,0,0,0,0,17000000,H014 - WH INFORMA JABABEKA,PT. SATRIA PIRANTI PERKASA,7,ON SCHEDULE,30,0,08.04.2026,08.03.2026,12.03.2026,08.04.2026,08.04.2026,16.04.2026,16.04.2026,,H014,WH INFORMA JABABEKA
R110260306L066_H014,CDD LONG CHASSIS,3100000,0,0,0,0,0,3100000,H014 - WH INFORMA JABABEKA,PT. BINTANG SAMUDRA RAYA,7,ON SCHEDULE,27,0,04.04.2026,07.03.2026,10.03.2026,01.04.2026,01.04.2026,01.04.2026,02.04.2026,,H014,WH INFORMA JABABEKA
R110260306L067_H014,CDD LONG CHASSIS,3500000,0,0,0,0,0,3500000,H014 - WH INFORMA JABABEKA,PT. CEHA LOGISTIK CEMERLANG,7,ON SCHEDULE,29,0,06.04.2026,07.03.2026,09.03.2026,10.03.2026,10.03.2026,13.03.2026,13.03.2026,,H014,WH INFORMA JABABEKA
R110260306L072_H014,CDD LONG CHASSIS,3900000,0,0,0,400000,0,4300000,H014 - WH INFORMA JABABEKA,PT. BINTANG SAMUDRA RAYA,7,ON SCHEDULE,29,0,06.04.2026,07.03.2026,10.03.2026,06.04.2026,06.04.2026,06.04.2026,06.04.2026,,H014,WH INFORMA JABABEKA
R110260306L121_H014,CDD LONG CHASSIS,1400000,0,0,0,0,0,1400000,H014 - WH INFORMA JABABEKA,PT. BINTANG SAMUDRA RAYA,7,ON SCHEDULE,27,0,04.04.2026,07.03.2026,08.03.2026,01.04.2026,01.04.2026,01.04.2026,02.04.2026,,H014,WH INFORMA JABABEKA
R110260306L127_H014,CDD LONG CHASSIS,9300000,0,0,0,0,0,9300000,H014 - WH INFORMA JABABEKA,PT. AGUNG MAKMUR JAYA,7,ON SCHEDULE,31,0,10.04.2026,09.03.2026,10.03.2026,10.03.2026,10.03.2026,25.03.2026,25.03.2026,,H014,WH INFORMA JABABEKA
R110260306T010_H014,WINGBOX,5650000,0,0,0,0,0,5650000,H014 - WH INFORMA JABABEKA,PT. DUTA MEDIA MANDIRI,7,ON SCHEDULE,29,0,06.04.2026,07.03.2026,10.03.2026,10.03.2026,10.03.2026,30.03.2026,30.03.2026,,H014,WH INFORMA JABABEKA
R110260306T011_H014,WINGBOX,5600000,0,0,0,0,0,5600000,H014 - WH INFORMA JABABEKA,PT. BINTANG SAMUDRA RAYA,7,ON SCHEDULE,29,0,06.04.2026,07.03.2026,10.03.2026,01.04.2026,01.04.2026,01.04.2026,02.04.2026,,H014,WH INFORMA JABABEKA
R110260306T012_H014,WINGBOX,6600000,0,0,0,0,0,6600000,H014 - WH INFORMA JABABEKA,PT. JAYA MULYA ERALINDO,7,ON SCHEDULE,29,0,06.04.2026,07.03.2026,10.03.2026,30.03.2026,30.03.2026,02.04.2026,02.04.2026,,H014,WH INFORMA JABABEKA
R110260306T013_H014,CONT-40,8750000,0,0,0,0,0,8750000,H014 - WH INFORMA JABABEKA,PT. CIKARANG GERBANG SOLUSI,6,LATE,29,150,06.04.2026,07.03.2026,12.03.2026,25.06.2026,25.06.2026,29.06.2026,13.07.2026,,H014,WH INFORMA JABABEKA
R110260306T014_H014,CONT-40,8750000,0,0,0,0,0,8750000,H014 - WH INFORMA JABABEKA,PT. CIKARANG GERBANG SOLUSI,6,LATE,29,149,06.04.2026,07.03.2026,11.03.2026,25.06.2026,25.06.2026,29.06.2026,13.07.2026,,H014,WH INFORMA JABABEKA
R110260306T016_H014,WINGBOX,6600000,0,0,0,0,0,6600000,H014 - WH INFORMA JABABEKA,PT. CATUR GLOBAL LOGISTIK,7,ON SCHEDULE,29,0,07.04.2026,08.03.2026,11.03.2026,30.03.2026,30.03.2026,31.03.2026,31.03.2026,,H014,WH INFORMA JABABEKA
R110260306T017_H014,CONT-40,8750000,0,0,0,0,0,8750000,H014 - WH INFORMA JABABEKA,PT. CIKARANG GERBANG SOLUSI,6,LATE,29,149,06.04.2026,07.03.2026,11.03.2026,25.06.2026,25.06.2026,29.06.2026,13.07.2026,,H014,WH INFORMA JABABEKA
R110260306T025_H014,CONT-40,31900000,0,0,0,0,0,31900000,H014 - WH INFORMA JABABEKA,PT. PAUS BIRU LOGISTIK,7,ON SCHEDULE,37,0,14.04.2026,07.03.2026,26.03.2026,08.05.2026,08.05.2026,11.05.2026,19.05.2026,,H014,WH INFORMA JABABEKA
R110260306T027_H014,CONT-40,23500000,0,0,0,0,0,23500000,H014 - WH INFORMA JABABEKA,PT. RAJAWALI LINTAS SAMUDERA,7,ON SCHEDULE,40,0,20.04.2026,10.03.2026,27.03.2026,31.03.2026,31.03.2026,08.04.2026,08.04.2026,,H014,WH INFORMA JABABEKA
R110260306T028_H014,CONT-40,24200000,0,0,0,0,0,24200000,H014 - WH INFORMA JABABEKA,PT. SENTOSAPRIMA ABADI,7,ON SCHEDULE,40,0,21.04.2026,11.03.2026,26.03.2026,08.05.2026,08.05.2026,13.05.2026,18.06.2026,,H014,WH INFORMA JABABEKA
R110260306T036_H014,CONT-40,8750000,0,0,0,0,0,8750000,H014 - WH INFORMA JABABEKA,PT. CIKARANG GERBANG SOLUSI,6,LATE,29,149,06.04.2026,07.03.2026,12.03.2026,25.06.2026,25.06.2026,29.06.2026,13.07.2026,,H014,WH INFORMA JABABEKA
R110260306T037_H014,CONT-40,8750000,0,0,0,0,0,8750000,H014 - WH INFORMA JABABEKA,PT. CIKARANG GERBANG SOLUSI,6,LATE,29,150,06.04.2026,07.03.2026,11.03.2026,25.06.2026,25.06.2026,29.06.2026,13.07.2026,,H014,WH INFORMA JABABEKA
R110260306T038_H014,WINGBOX,5650000,0,0,0,0,0,5650000,H014 - WH INFORMA JABABEKA,PT. DUTA MEDIA MANDIRI,7,ON SCHEDULE,29,0,07.04.2026,08.03.2026,11.03.2026,12.03.2026,12.03.2026,30.03.2026,30.03.2026,,H014,WH INFORMA JABABEKA
R110260306T039_H014,CONT-40,31900000,0,0,0,0,0,31900000,H014 - WH INFORMA JABABEKA,PT. PAUS BIRU LOGISTIK,7,ON SCHEDULE,37,0,15.04.2026,08.03.2026,26.03.2026,08.05.2026,08.05.2026,11.05.2026,19.05.2026,,H014,WH INFORMA JABABEKA
R110260306T041_H014,CONT-40,31900000,0,0,0,0,0,31900000,H014 - WH INFORMA JABABEKA,PT. PAUS BIRU LOGISTIK,7,ON SCHEDULE,37,0,14.04.2026,07.03.2026,26.03.2026,08.05.2026,08.05.2026,11.05.2026,19.05.2026,,H014,WH INFORMA JABABEKA
R110260306T043_H014,CONT-20,19500000,0,0,0,0,0,19500000,H014 - WH INFORMA JABABEKA,PT. PAUS BIRU LOGISTIK,7,ON SCHEDULE,37,0,14.04.2026,07.03.2026,26.03.2026,07.05.2026,08.05.2026,18.05.2026,19.05.2026,,H014,WH INFORMA JABABEKA
R110260307H040_H014,WINGBOX,4500000,0,0,0,0,0,4500000,H014 - WH INFORMA JABABEKA,PT. CEHA LOGISTIK CEMERLANG,7,ON SCHEDULE,29,0,07.04.2026,08.03.2026,09.03.2026,10.03.2026,10.03.2026,13.03.2026,13.03.2026,,H014,WH INFORMA JABABEKA
R110260307H041_H014,WINGBOX,4500000,0,0,0,0,0,4500000,H014 - WH INFORMA JABABEKA,PT. CEHA LOGISTIK CEMERLANG,7,ON SCHEDULE,29,0,07.04.2026,08.03.2026,09.03.2026,10.03.2026,10.03.2026,13.04.2026,13.04.2026,,H014,WH INFORMA JABABEKA
R110260307H042_H014,WINGBOX,4500000,0,0,0,0,0,4500000,H014 - WH INFORMA JABABEKA,PT. CEHA LOGISTIK CEMERLANG,7,ON SCHEDULE,29,0,07.04.2026,08.03.2026,09.03.2026,10.03.2026,10.03.2026,13.03.2026,13.03.2026,,H014,WH INFORMA JABABEKA
R110260307H043_H014,WINGBOX,4500000,0,0,0,0,0,4500000,H014 - WH INFORMA JABABEKA,PT. CEHA LOGISTIK CEMERLANG,7,ON SCHEDULE,29,0,07.04.2026,08.03.2026,09.03.2026,10.03.2026,10.03.2026,13.03.2026,13.03.2026,,H014,WH INFORMA JABABEKA
R110260307H045_H014,WINGBOX,17000000,0,0,0,0,0,17000000,H014 - WH INFORMA JABABEKA,PT. BINTANG SAMUDRA RAYA,7,ON SCHEDULE,33,0,11.04.2026,08.03.2026,12.03.2026,27.03.2026,27.03.2026,02.04.2026,02.04.2026,,H014,WH INFORMA JABABEKA
R110260307H046_H014,BIG MAMA,17000000,0,0,0,0,0,17000000,H014 - WH INFORMA JABABEKA,PT. BINTANG SAMUDRA RAYA,7,ON SCHEDULE,33,0,15.04.2026,12.03.2026,16.03.2026,27.03.2026,27.03.2026,31.03.2026,31.03.2026,,H014,WH INFORMA JABABEKA
R110260307H047_H014,WINGBOX,1998000,0,0,0,0,0,1998000,H014 - WH INFORMA JABABEKA,PT. ARDYA PRIMA INTERNUSA,7,ON SCHEDULE,27,0,04.04.2026,07.03.2026,08.03.2026,26.03.2026,26.03.2026,08.04.2026,13.04.2026,,H014,WH INFORMA JABABEKA
R110260307H049_H014,WINGBOX,3500000,0,0,0,0,0,3500000,H014 - WH INFORMA JABABEKA,PT. BINTANG SAMUDRA RAYA,7,ON SCHEDULE,29,0,07.04.2026,08.03.2026,10.03.2026,27.03.2026,27.03.2026,02.04.2026,02.04.2026,,H014,WH INFORMA JABABEKA
R110260307H051_H014,WINGBOX,4825000,0,0,0,0,0,4825000,H014 - WH INFORMA JABABEKA,PT. CEHA LOGISTIK CEMERLANG,7,ON SCHEDULE,29,0,07.04.2026,08.03.2026,09.03.2026,10.03.2026,10.03.2026,13.03.2026,13.03.2026,,H014,WH INFORMA JABABEKA
R110260307H052_H014,WINGBOX,11500000,0,0,0,0,0,11500000,H014 - WH INFORMA JABABEKA,PT. BINTANG SAMUDRA RAYA,7,ON SCHEDULE,29,0,07.04.2026,08.03.2026,11.03.2026,27.03.2026,27.03.2026,02.04.2026,06.04.2026,,H014,WH INFORMA JABABEKA
R110260307H053_H014,WINGBOX,2599000,0,0,0,0,0,2599000,H014 - WH INFORMA JABABEKA,PT. DUTA MEDIA MANDIRI,7,ON SCHEDULE,27,0,04.04.2026,07.03.2026,08.03.2026,12.03.2026,13.03.2026,13.03.2026,13.03.2026,,H014,WH INFORMA JABABEKA
R110260307H054_H014,CDD LONG CHASSIS,2850000,0,0,0,0,0,2850000,H014 - WH INFORMA JABABEKA,PT. BINTANG SAMUDRA RAYA,7,ON SCHEDULE,28,0,05.04.2026,07.03.2026,09.03.2026,27.03.2026,27.03.2026,01.04.2026,02.04.2026,,H014,WH INFORMA JABABEKA
R110260307H056_H014,CDD LONG CHASSIS,1400000,0,0,0,0,0,1400000,H014 - WH INFORMA JABABEKA,PT. BINTANG SAMUDRA RAYA,7,ON SCHEDULE,27,0,04.04.2026,07.03.2026,08.03.2026,01.04.2026,01.04.2026,02.04.2026,02.04.2026,,H014,WH INFORMA JABABEKA
R110260307H060_H014,CDD LONG CHASSIS,2850000,0,0,0,0,0,2850000,H014 - WH INFORMA JABABEKA,PT. BINTANG SAMUDRA RAYA,7,ON SCHEDULE,28,0,06.04.2026,08.03.2026,09.03.2026,27.03.2026,27.03.2026,02.04.2026,02.04.2026,,H014,WH INFORMA JABABEKA
R110260307H065_H014,CDD LONG CHASSIS,3500000,0,0,0,0,0,3500000,H014 - WH INFORMA JABABEKA,PT. CEHA LOGISTIK CEMERLANG,7,ON SCHEDULE,29,0,07.04.2026,08.03.2026,09.03.2026,10.03.2026,10.03.2026,13.03.2026,13.03.2026,,H014,WH INFORMA JABABEKA
R110260307H066_H014,CDD LONG CHASSIS,1400000,0,0,0,0,0,1400000,H014 - WH INFORMA JABABEKA,PT. BINTANG SAMUDRA RAYA,7,ON SCHEDULE,27,0,04.04.2026,07.03.2026,08.03.2026,01.04.2026,01.04.2026,02.04.2026,02.04.2026,,H014,WH INFORMA JABABEKA
R110260307H068_H014,CDD LONG CHASSIS,4900000,0,0,0,0,0,4900000,H014 - WH INFORMA JABABEKA,PT.ORANG KREATIF EKSIS,7,ON SCHEDULE,28,0,06.04.2026,08.03.2026,09.03.2026,13.03.2026,13.03.2026,07.04.2026,07.04.2026,,H014,WH INFORMA JABABEKA
R110260307H072_H014,WINGBOX,4825000,0,0,0,0,0,4825000,H014 - WH INFORMA JABABEKA,PT. CEHA LOGISTIK CEMERLANG,7,ON SCHEDULE,29,0,07.04.2026,08.03.2026,10.03.2026,11.03.2026,11.03.2026,13.04.2026,13.04.2026,,H014,WH INFORMA JABABEKA
R110260307H073_H014,FUSO,14750000,0,0,0,0,0,14750000,H014 - WH INFORMA JABABEKA,PT. SATRIA PIRANTI PERKASA,7,ON SCHEDULE,29,0,08.04.2026,09.03.2026,14.03.2026,08.04.2026,08.04.2026,16.04.2026,16.04.2026,,H014,WH INFORMA JABABEKA
R110260307H074_H014,WINGBOX,4825000,0,0,0,0,0,4825000,H014 - WH INFORMA JABABEKA,PT. CEHA LOGISTIK CEMERLANG,7,ON SCHEDULE,29,0,07.04.2026,08.03.2026,10.03.2026,11.03.2026,11.03.2026,13.03.2026,13.03.2026,,H014,WH INFORMA JABABEKA
R110260307L047_H014,CDD LONG CHASSIS,1425000,0,0,0,0,0,1425000,H014 - WH INFORMA JABABEKA,PT. DUTA MEDIA MANDIRI,7,ON SCHEDULE,27,0,05.04.2026,08.03.2026,10.03.2026,10.03.2026,10.03.2026,13.03.2026,13.03.2026,,H014,WH INFORMA JABABEKA
R110260307L048_H014,CDD LONG CHASSIS,1425000,0,0,0,0,0,1425000,H014 - WH INFORMA JABABEKA,PT. DUTA MEDIA MANDIRI,7,ON SCHEDULE,27,0,05.04.2026,08.03.2026,10.03.2026,10.03.2026,10.03.2026,13.03.2026,13.03.2026,,H014,WH INFORMA JABABEKA
R110260307L049_H014,CDD LONG CHASSIS,1750000,0,0,0,0,0,1750000,H014 - WH INFORMA JABABEKA,PT. CATUR GLOBAL LOGISTIK,7,ON SCHEDULE,27,0,05.04.2026,08.03.2026,10.03.2026,12.03.2026,12.03.2026,13.03.2026,13.03.2026,,H014,WH INFORMA JABABEKA
R110260307L053_H014,CDD LONG CHASSIS,3500000,0,0,0,0,0,3500000,H014 - WH INFORMA JABABEKA,PT. CEHA LOGISTIK CEMERLANG,7,ON SCHEDULE,30,0,08.04.2026,08.03.2026,10.03.2026,10.03.2026,10.03.2026,13.03.2026,13.03.2026,,H014,WH INFORMA JABABEKA
R110260307L054_H014,CDD LONG CHASSIS,3500000,0,0,0,0,0,3500000,H014 - WH INFORMA JABABEKA,PT. AGUNG MAKMUR JAYA,7,ON SCHEDULE,30,0,08.04.2026,08.03.2026,09.03.2026,09.03.2026,10.03.2026,25.03.2026,25.03.2026,,H014,WH INFORMA JABABEKA
R110260307L058_H014,CDD LONG CHASSIS,3600000,0,0,0,0,0,3600000,H014 - WH INFORMA JABABEKA,PT. BINTANG SAMUDRA RAYA,7,ON SCHEDULE,30,0,08.04.2026,08.03.2026,10.03.2026,27.03.2026,27.03.2026,02.04.2026,02.04.2026,,H014,WH INFORMA JABABEKA
R110260307L059_H014,CDD LONG CHASSIS,3500000,0,0,0,0,0,3500000,H014 - WH INFORMA JABABEKA,PT. AGUNG MAKMUR JAYA,7,ON SCHEDULE,30,0,09.04.2026,09.03.2026,11.03.2026,25.03.2026,25.03.2026,25.03.2026,25.03.2026,,H014,WH INFORMA JABABEKA
R110260307L060_H014,CDD LONG CHASSIS,10350000,0,0,0,0,0,10350000,H014 - WH INFORMA JABABEKA,PT.ORANG KREATIF EKSIS,7,ON SCHEDULE,29,0,06.04.2026,07.03.2026,12.03.2026,30.03.2026,30.03.2026,07.04.2026,07.04.2026,,H014,WH INFORMA JABABEKA
R110260307L076_H014,CDD LONG CHASSIS,3600000,0,0,0,0,0,3600000,H014 - WH INFORMA JABABEKA,PT. BINTANG SAMUDRA RAYA,7,ON SCHEDULE,28,0,06.04.2026,08.03.2026,10.03.2026,27.03.2026,27.03.2026,01.04.2026,02.04.2026,,H014,WH INFORMA JABABEKA
R110260307L085_H014,CDD LONG CHASSIS,3600000,0,0,0,0,0,3600000,H014 - WH INFORMA JABABEKA,PT. BINTANG SAMUDRA RAYA,7,ON SCHEDULE,27,0,05.04.2026,08.03.2026,10.03.2026,27.03.2026,27.03.2026,02.04.2026,06.04.2026,,H014,WH INFORMA JABABEKA
R110260307L086_H014,FUSO,4294000,0,0,0,0,0,4294000,H014 - WH INFORMA JABABEKA,PT. DUTA MEDIA MANDIRI,7,ON SCHEDULE,30,0,08.04.2026,08.03.2026,10.03.2026,10.03.2026,10.03.2026,13.03.2026,13.03.2026,,H014,WH INFORMA JABABEKA
R110260307L093_H014,CDD LONG CHASSIS,4900000,0,0,0,0,0,4900000,H014 - WH INFORMA JABABEKA,PT.ORANG KREATIF EKSIS,7,ON SCHEDULE,26,0,03.04.2026,07.03.2026,09.03.2026,13.03.2026,13.03.2026,07.04.2026,07.04.2026,,H014,WH INFORMA JABABEKA
R110260307L094_H014,CDD LONG CHASSIS,4250000,0,0,0,0,0,4250000,H014 - WH INFORMA JABABEKA,PT.AMANAH TRANSMULIA MANDIRI LOGISTIK,7,ON SCHEDULE,29,0,09.04.2026,10.03.2026,12.03.2026,25.03.2026,25.03.2026,27.03.2026,27.03.2026,,H014,WH INFORMA JABABEKA
R110260307T013_H014,CONT-40,24200000,0,0,0,0,0,24200000,H014 - WH INFORMA JABABEKA,PT. SENTOSAPRIMA ABADI,7,ON SCHEDULE,40,0,20.04.2026,10.03.2026,26.03.2026,08.05.2026,08.05.2026,13.05.2026,13.05.2026,,H014,WH INFORMA JABABEKA
R110260307T014_H014,CONT-40,27200000,0,0,0,0,0,27200000,H014 - WH INFORMA JABABEKA,PT. TPIL LOGISTICS,7,ON SCHEDULE,40,0,21.04.2026,11.03.2026,28.03.2026,06.04.2026,06.04.2026,15.04.2026,24.04.2026,,H014,WH INFORMA JABABEKA
R110260307T015_H014,CONT-40,23000000,0,0,1000000,0,0,24000000,H014 - WH INFORMA JABABEKA,PT. WIDYA TRANS CARGO,7,ON SCHEDULE,42,0,21.04.2026,09.03.2026,17.03.2026,09.04.2026,10.04.2026,15.04.2026,15.04.2026,,H014,WH INFORMA JABABEKA
R110260307T016_H014,WINGBOX,20000000,0,0,0,0,0,20000000,H014 - WH INFORMA JABABEKA,PT.ORANG KREATIF EKSIS,7,ON SCHEDULE,37,0,15.04.2026,08.03.2026,14.03.2026,30.03.2026,30.03.2026,07.04.2026,07.04.2026,,H014,WH INFORMA JABABEKA
R110260307T017_H014,WINGBOX,19000000,0,0,0,0,0,19000000,H014 - WH INFORMA JABABEKA,PT. BINTANG SAMUDRA RAYA,7,ON SCHEDULE,37,0,15.04.2026,08.03.2026,14.03.2026,27.03.2026,27.03.2026,02.04.2026,06.04.2026,,H014,WH INFORMA JABABEKA
R110260307T018_H014,WINGBOX,5650000,0,0,0,0,0,5650000,H014 - WH INFORMA JABABEKA,PT. DUTA MEDIA MANDIRI,7,ON SCHEDULE,29,0,07.04.2026,08.03.2026,11.03.2026,12.03.2026,12.03.2026,30.03.2026,30.03.2026,,H014,WH INFORMA JABABEKA
R110260307T023_H014,CONT-40,8750000,0,0,0,0,0,8750000,H014 - WH INFORMA JABABEKA,PT. CIKARANG GERBANG SOLUSI,6,LATE,29,149,06.04.2026,07.03.2026,12.03.2026,25.06.2026,25.06.2026,22.07.2026,22.07.2026,,H014,WH INFORMA JABABEKA
R110260307T024_H014,CONT-40,8750000,0,0,0,0,0,8750000,H014 - WH INFORMA JABABEKA,PT. CIKARANG GERBANG SOLUSI,6,LATE,29,149,06.04.2026,07.03.2026,11.03.2026,25.06.2026,25.06.2026,22.07.2026,22.07.2026,,H014,WH INFORMA JABABEKA
R110260307T025_H014,CONT-40,8750000,0,0,0,0,0,8750000,H014 - WH INFORMA JABABEKA,PT. CIKARANG GERBANG SOLUSI,6,LATE,29,149,06.04.2026,07.03.2026,11.03.2026,25.06.2026,25.06.2026,22.07.2026,22.07.2026,,H014,WH INFORMA JABABEKA
R110260307T026_H014,CONT-40,8750000,0,0,0,0,0,8750000,H014 - WH INFORMA JABABEKA,PT. CIKARANG GERBANG SOLUSI,6,LATE,29,149,07.04.2026,08.03.2026,11.03.2026,25.06.2026,25.06.2026,22.07.2026,22.07.2026,,H014,WH INFORMA JABABEKA
R110260307T027_H014,CONT-40,8750000,0,0,0,0,0,8750000,H014 - WH INFORMA JABABEKA,PT. CIKARANG GERBANG SOLUSI,6,LATE,29,149,07.04.2026,08.03.2026,14.03.2026,25.06.2026,25.06.2026,22.07.2026,22.07.2026,,H014,WH INFORMA JABABEKA
R110260307T028_H014,CONT-40,8750000,0,0,0,0,0,8750000,H014 - WH INFORMA JABABEKA,PT. CIKARANG GERBANG SOLUSI,6,LATE,29,148,07.04.2026,08.03.2026,14.03.2026,25.06.2026,25.06.2026,22.07.2026,22.07.2026,,H014,WH INFORMA JABABEKA
R110260307T029_H014,CONT-40,8750000,0,0,0,0,0,8750000,H014 - WH INFORMA JABABEKA,PT. CIKARANG GERBANG SOLUSI,6,LATE,29,148,07.04.2026,08.03.2026,14.03.2026,22.06.2026,23.06.2026,29.06.2026,10.07.2026,,H014,WH INFORMA JABABEKA
R110260307T031_H014,CONT-40,8750000,0,0,0,0,0,8750000,H014 - WH INFORMA JABABEKA,PT. CIKARANG GERBANG SOLUSI,6,LATE,29,149,06.04.2026,07.03.2026,14.03.2026,25.06.2026,25.06.2026,22.07.2026,22.07.2026,,H014,WH INFORMA JABABEKA
R110260307T032_H014,CONT-40,8750000,0,0,0,0,0,8750000,H014 - WH INFORMA JABABEKA,PT. CIKARANG GERBANG SOLUSI,6,LATE,29,149,06.04.2026,07.03.2026,12.03.2026,25.06.2026,25.06.2026,22.07.2026,22.07.2026,,H014,WH INFORMA JABABEKA
R110260307T033_H014,CONT-40,8750000,0,0,0,0,0,8750000,H014 - WH INFORMA JABABEKA,PT. CIKARANG GERBANG SOLUSI,6,LATE,29,149,07.04.2026,08.03.2026,14.03.2026,25.06.2026,25.06.2026,22.07.2026,22.07.2026,,H014,WH INFORMA JABABEKA
R110260307T034_H014,WINGBOX,6600000,0,0,0,0,0,6600000,H014 - WH INFORMA JABABEKA,PT. JAYA MULYA ERALINDO,7,ON SCHEDULE,29,0,06.04.2026,07.03.2026,10.03.2026,30.03.2026,30.03.2026,02.04.2026,02.04.2026,,H014,WH INFORMA JABABEKA
R110260307T040_H014,WINGBOX,6600000,0,0,0,0,0,6600000,H014 - WH INFORMA JABABEKA,PT. JAYA MULYA ERALINDO,7,ON SCHEDULE,29,0,06.04.2026,07.03.2026,10.03.2026,10.04.2026,10.04.2026,10.04.2026,10.04.2026,,H014,WH INFORMA JABABEKA
R110260307T043_H014,WINGBOX,5650000,0,0,0,0,0,5650000,H014 - WH INFORMA JABABEKA,PT. DUTA MEDIA MANDIRI,7,ON SCHEDULE,29,0,09.04.2026,10.03.2026,13.03.2026,13.03.2026,13.03.2026,30.03.2026,30.03.2026,,H014,WH INFORMA JABABEKA
R110260307T047_H014,WINGBOX,6000000,0,0,0,0,0,6000000,H014 - WH INFORMA JABABEKA,PT.AMANAH TRANSMULIA MANDIRI LOGISTIK,7,ON SCHEDULE,29,0,09.04.2026,10.03.2026,14.03.2026,25.03.2026,25.03.2026,27.03.2026,27.03.2026,,H014,WH INFORMA JABABEKA
R110260307T048_H014,WINGBOX,6200000,0,0,0,0,0,6200000,H014 - WH INFORMA JABABEKA,PT. SATRIA PIRANTI PERKASA,7,ON SCHEDULE,29,0,08.04.2026,09.03.2026,11.03.2026,08.04.2026,08.04.2026,16.04.2026,16.04.2026,,H014,WH INFORMA JABABEKA
R110260308H037_H014,FUSO,17250000,0,0,0,0,0,17250000,H014 - WH INFORMA JABABEKA,PT. DUTA LINTAS NUSA,7,ON SCHEDULE,30,0,11.04.2026,11.03.2026,16.03.2026,13.04.2026,13.04.2026,27.04.2026,29.04.2026,,H014,WH INFORMA JABABEKA
R110260308H038_H014,FUSO,14750000,0,0,0,0,0,14750000,H014 - WH INFORMA JABABEKA,PT. SATRIA PIRANTI PERKASA,7,ON SCHEDULE,29,0,07.04.2026,08.03.2026,12.03.2026,26.03.2026,26.03.2026,02.04.2026,02.04.2026,,H014,WH INFORMA JABABEKA
R110260308H040_H014,WINGBOX,1998000,0,0,0,0,0,1998000,H014 - WH INFORMA JABABEKA,PT. ARDYA PRIMA INTERNUSA,7,ON SCHEDULE,27,0,05.04.2026,08.03.2026,09.03.2026,26.03.2026,26.03.2026,08.04.2026,13.04.2026,,H014,WH INFORMA JABABEKA
R110260308H041_H014,WINGBOX,4825000,0,0,0,0,0,4825000,H014 - WH INFORMA JABABEKA,PT. CEHA LOGISTIK CEMERLANG,7,ON SCHEDULE,29,0,08.04.2026,09.03.2026,11.03.2026,11.03.2026,11.03.2026,13.03.2026,13.03.2026,,H014,WH INFORMA JABABEKA
R110260308H042_H014,WINGBOX,4825000,0,0,0,0,0,4825000,H014 - WH INFORMA JABABEKA,PT. CEHA LOGISTIK CEMERLANG,7,ON SCHEDULE,29,0,07.04.2026,08.03.2026,10.03.2026,11.03.2026,11.03.2026,13.03.2026,13.03.2026,,H014,WH INFORMA JABABEKA
R110260308H044_H014,WINGBOX,2599000,0,0,0,0,0,2599000,H014 - WH INFORMA JABABEKA,PT. DUTA MEDIA MANDIRI,7,ON SCHEDULE,27,0,05.04.2026,08.03.2026,09.03.2026,12.03.2026,13.03.2026,13.03.2026,13.03.2026,,H014,WH INFORMA JABABEKA
R110260308H048_H014,CDD LONG CHASSIS,2380000,0,0,0,0,0,2380000,H014 - WH INFORMA JABABEKA,PT. DUTA MEDIA MANDIRI,7,ON SCHEDULE,27,0,06.04.2026,09.03.2026,11.03.2026,12.03.2026,12.03.2026,13.03.2026,13.03.2026,,H014,WH INFORMA JABABEKA
R110260308H049_H014,CDD LONG CHASSIS,2850000,0,0,0,0,0,2850000,H014 - WH INFORMA JABABEKA,PT. BINTANG SAMUDRA RAYA,7,ON SCHEDULE,28,0,06.04.2026,08.03.2026,10.03.2026,27.03.2026,27.03.2026,31.03.2026,31.03.2026,,H014,WH INFORMA JABABEKA
R110260308H052_H014,FUSO,15250000,0,0,0,0,0,15250000,H014 - WH INFORMA JABABEKA,PT LOGISTIK CANGGIH INDONESIA,7,ON SCHEDULE,30,0,10.04.2026,10.03.2026,14.03.2026,25.03.2026,25.03.2026,27.03.2026,30.03.2026,,H014,WH INFORMA JABABEKA
R110260308H053_H014,WINGBOX,21000000,0,0,0,0,1000000,22000000,H014 - WH INFORMA JABABEKA,PT. CITRA SENTRAL EKSPRES,7,ON SCHEDULE,31,0,12.04.2026,11.03.2026,15.03.2026,26.05.2026,27.05.2026,29.05.2026,29.05.2026,,H014,WH INFORMA JABABEKA
R110260308H056_H014,CDD LONG CHASSIS,2850000,0,0,0,0,0,2850000,H014 - WH INFORMA JABABEKA,PT. BINTANG SAMUDRA RAYA,7,ON SCHEDULE,28,0,06.04.2026,08.03.2026,10.03.2026,27.03.2026,27.03.2026,02.04.2026,02.04.2026,,H014,WH INFORMA JABABEKA
R110260308H060_H014,CDD LONG CHASSIS,12400000,0,0,0,0,0,12400000,H014 - WH INFORMA JABABEKA,PT.ORANG KREATIF EKSIS,7,ON SCHEDULE,31,0,11.04.2026,10.03.2026,14.03.2026,30.03.2026,30.03.2026,07.04.2026,07.04.2026,,H014,WH INFORMA JABABEKA
R110260308H064_H014,CDD LONG CHASSIS,5800000,0,0,0,0,0,5800000,H014 - WH INFORMA JABABEKA,PT. AGUNG MAKMUR JAYA,7,ON SCHEDULE,28,0,08.04.2026,10.03.2026,11.03.2026,25.03.2026,25.03.2026,25.03.2026,25.03.2026,,H014,WH INFORMA JABABEKA
R110260308H066_H014,WINGBOX,4825000,0,0,0,0,0,4825000,H014 - WH INFORMA JABABEKA,PT. CEHA LOGISTIK CEMERLANG,7,ON SCHEDULE,29,0,09.04.2026,10.03.2026,11.03.2026,11.03.2026,11.03.2026,13.04.2026,13.04.2026,,H014,WH INFORMA JABABEKA
R110260308H067_H014,WINGBOX,4825000,0,0,0,0,0,4825000,H014 - WH INFORMA JABABEKA,PT. CEHA LOGISTIK CEMERLANG,7,ON SCHEDULE,29,0,09.04.2026,10.03.2026,11.03.2026,11.03.2026,11.03.2026,13.04.2026,13.04.2026,,H014,WH INFORMA JABABEKA
R110260308H068_H014,WINGBOX,14800000,0,0,0,0,0,14800000,H014 - WH INFORMA JABABEKA,PT. SATRIA PIRANTI PERKASA,7,ON SCHEDULE,29,0,08.04.2026,09.03.2026,14.03.2026,08.04.2026,08.04.2026,16.04.2026,16.04.2026,,H014,WH INFORMA JABABEKA
R110260308H070_H014,FUSO,14750000,0,0,0,0,0,14750000,H014 - WH INFORMA JABABEKA,PT. SATRIA PIRANTI PERKASA,7,ON SCHEDULE,29,0,07.04.2026,08.03.2026,11.03.2026,08.04.2026,08.04.2026,16.04.2026,16.04.2026,,H014,WH INFORMA JABABEKA
R110260308H072_H014,WINGBOX,4825000,0,0,0,0,0,4825000,H014 - WH INFORMA JABABEKA,PT. CEHA LOGISTIK CEMERLANG,7,ON SCHEDULE,29,0,11.04.2026,12.03.2026,14.03.2026,30.03.2026,30.03.2026,13.04.2026,13.04.2026,,H014,WH INFORMA JABABEKA
R110260308L001_H014,CDD LONG CHASSIS,2350000,0,0,0,0,0,2350000,H014 - WH INFORMA JABABEKA,PT. BINTANG SAMUDRA RAYA,7,ON SCHEDULE,28,0,06.04.2026,08.03.2026,10.03.2026,13.04.2026,13.04.2026,14.04.2026,20.04.2026,,H014,WH INFORMA JABABEKA
R110260308L038_H014,CDD LONG CHASSIS,1725000,0,0,0,0,0,1725000,H014 - WH INFORMA JABABEKA,PT. BINTANG SAMUDRA RAYA,7,ON SCHEDULE,27,0,06.04.2026,09.03.2026,10.03.2026,27.03.2026,27.03.2026,31.03.2026,31.03.2026,,H014,WH INFORMA JABABEKA
R110260308L039_H014,CDD LONG CHASSIS,10300000,0,0,0,0,0,10300000,H014 - WH INFORMA JABABEKA,PT. BINTANG SAMUDRA RAYA,7,ON SCHEDULE,29,0,10.04.2026,11.03.2026,15.03.2026,27.03.2026,27.03.2026,08.04.2026,14.04.2026,,H014,WH INFORMA JABABEKA
R110260308L040_H014,CONT-20,17500000,0,0,0,0,0,17500000,H014 - WH INFORMA JABABEKA,PT. WIDYA TRANS CARGO,7,ON SCHEDULE,36,0,20.04.2026,14.03.2026,28.03.2026,19.05.2026,19.05.2026,20.05.2026,20.05.2026,,H014,WH INFORMA JABABEKA
R110260308L041_H014,CDD LONG CHASSIS,3900000,0,0,0,0,0,3900000,H014 - WH INFORMA JABABEKA,PT. CEHA LOGISTIK CEMERLANG,7,ON SCHEDULE,29,0,11.04.2026,12.03.2026,14.03.2026,30.03.2026,30.03.2026,13.04.2026,13.04.2026,,H014,WH INFORMA JABABEKA
R110260308L049_H014,CDD LONG CHASSIS,2350000,0,0,0,0,0,2350000,H014 - WH INFORMA JABABEKA,PT. BINTANG SAMUDRA RAYA,7,ON SCHEDULE,27,0,05.04.2026,08.03.2026,10.03.2026,21.04.2026,22.04.2026,22.04.2026,22.04.2026,,H014,WH INFORMA JABABEKA
R110260308L050_H014,CDD LONG CHASSIS,3900000,600000,0,0,0,1800000,6300000,H014 - WH INFORMA JABABEKA,PT. CEHA LOGISTIK CEMERLANG,7,ON SCHEDULE,30,0,13.04.2026,13.03.2026,16.03.2026,16.04.2026,17.04.2026,24.04.2026,24.04.2026,,H014,WH INFORMA JABABEKA
R110260308L051_H014,CDD LONG CHASSIS,3900000,0,0,0,0,0,3900000,H014 - WH INFORMA JABABEKA,PT. CEHA LOGISTIK CEMERLANG,7,ON SCHEDULE,30,0,09.04.2026,09.03.2026,11.03.2026,11.03.2026,11.03.2026,13.04.2026,13.04.2026,,H014,WH INFORMA JABABEKA
R110260308L053_H014,CDD LONG CHASSIS,3800000,0,0,0,250000,0,4050000,H014 - WH INFORMA JABABEKA,PT. CEHA LOGISTIK CEMERLANG,7,ON SCHEDULE,28,0,07.04.2026,09.03.2026,11.03.2026,13.03.2026,13.03.2026,13.03.2026,13.03.2026,,H014,WH INFORMA JABABEKA
R110260308L054_H014,CDD LONG CHASSIS,3800000,0,0,0,0,0,3800000,H014 - WH INFORMA JABABEKA,PT. CEHA LOGISTIK CEMERLANG,7,ON SCHEDULE,30,0,09.04.2026,09.03.2026,10.03.2026,11.03.2026,12.03.2026,13.04.2026,13.04.2026,,H014,WH INFORMA JABABEKA
R110260308L055_H014,CDD LONG CHASSIS,7400000,0,0,0,0,0,7400000,H014 - WH INFORMA JABABEKA,PT. BINTANG SAMUDRA RAYA,7,ON SCHEDULE,30,0,08.04.2026,08.03.2026,14.03.2026,01.04.2026,01.04.2026,08.04.2026,14.04.2026,,H014,WH INFORMA JABABEKA
R110260308L057_H014,CDD LONG CHASSIS,5750000,0,0,0,0,0,5750000,H014 - WH INFORMA JABABEKA,PT. DUTA LINTAS NUSA,7,ON SCHEDULE,26,0,05.04.2026,09.03.2026,10.03.2026,31.03.2026,31.03.2026,14.04.2026,20.04.2026,,H014,WH INFORMA JABABEKA
R110260308L058_H014,FUSO,11450000,0,0,0,250000,0,11700000,H014 - WH INFORMA JABABEKA,PT LOGISTIK CANGGIH INDONESIA,7,ON SCHEDULE,30,0,09.04.2026,09.03.2026,14.03.2026,25.03.2026,30.03.2026,30.03.2026,31.03.2026,,H014,WH INFORMA JABABEKA
R110260308T026_H014,WINGBOX,6200000,0,0,0,0,0,6200000,H014 - WH INFORMA JABABEKA,PT. SATRIA PIRANTI PERKASA,7,ON SCHEDULE,29,0,08.04.2026,09.03.2026,11.03.2026,08.04.2026,08.04.2026,16.04.2026,16.04.2026,,H014,WH INFORMA JABABEKA
R110260308T027_H014,CONT-40,8750000,0,0,0,0,0,8750000,H014 - WH INFORMA JABABEKA,PT. CIKARANG GERBANG SOLUSI,7,ON SCHEDULE,29,0,07.04.2026,08.03.2026,17.03.2026,22.06.2026,22.06.2026,24.06.2026,24.06.2026,,H014,WH INFORMA JABABEKA
R110260308T028_H014,WINGBOX,6600000,0,0,0,0,0,6600000,H014 - WH INFORMA JABABEKA,PT. JAYA MULYA ERALINDO,7,ON SCHEDULE,29,0,07.04.2026,08.03.2026,11.03.2026,30.03.2026,30.03.2026,02.04.2026,02.04.2026,,H014,WH INFORMA JABABEKA
R110260308T029_H014,WINGBOX,6600000,0,0,0,0,0,6600000,H014 - WH INFORMA JABABEKA,PT. JAYA MULYA ERALINDO,7,ON SCHEDULE,29,0,07.04.2026,08.03.2026,11.03.2026,30.03.2026,30.03.2026,02.04.2026,02.04.2026,,H014,WH INFORMA JABABEKA
R110260308T030_H014,WINGBOX,5650000,0,0,0,0,0,5650000,H014 - WH INFORMA JABABEKA,PT. DUTA MEDIA MANDIRI,7,ON SCHEDULE,29,0,08.04.2026,09.03.2026,12.03.2026,12.03.2026,12.03.2026,30.03.2026,30.03.2026,,H014,WH INFORMA JABABEKA
R110260308T031_H014,WINGBOX,5650000,0,0,0,0,0,5650000,H014 - WH INFORMA JABABEKA,PT. DUTA MEDIA MANDIRI,7,ON SCHEDULE,29,0,08.04.2026,09.03.2026,11.03.2026,12.03.2026,12.03.2026,30.03.2026,30.03.2026,,H014,WH INFORMA JABABEKA
R110260308T032_H014,CONT-40,8750000,0,0,0,0,0,8750000,H014 - WH INFORMA JABABEKA,PT. CIKARANG GERBANG SOLUSI,7,ON SCHEDULE,29,0,07.04.2026,08.03.2026,14.03.2026,22.06.2026,22.06.2026,24.06.2026,24.06.2026,,H014,WH INFORMA JABABEKA
R110260308T033_H014,WINGBOX,6600000,0,0,0,0,0,6600000,H014 - WH INFORMA JABABEKA,PT. CATUR GLOBAL LOGISTIK,7,ON SCHEDULE,29,0,07.04.2026,08.03.2026,11.03.2026,30.03.2026,30.03.2026,31.03.2026,31.03.2026,,H014,WH INFORMA JABABEKA
R110260308T034_H014,CONT-40,8500000,0,0,0,0,0,8500000,H014 - WH INFORMA JABABEKA,PT. DINOYO PUTRA MANDIRI,7,ON SCHEDULE,29,0,08.04.2026,09.03.2026,11.03.2026,12.03.2026,12.03.2026,01.04.2026,01.04.2026,,H014,WH INFORMA JABABEKA
R110260308T035_H014,CONT-40,25600000,0,0,0,0,0,25600000,H014 - WH INFORMA JABABEKA,PT. SENTOSAPRIMA ABADI,7,ON SCHEDULE,37,0,18.04.2026,11.03.2026,26.03.2026,15.05.2026,15.05.2026,18.05.2026,18.05.2026,,H014,WH INFORMA JABABEKA
R110260308T036_H014,CONT-40,24200000,0,0,0,0,0,24200000,H014 - WH INFORMA JABABEKA,PT. SENTOSAPRIMA ABADI,7,ON SCHEDULE,40,0,21.04.2026,11.03.2026,26.03.2026,08.05.2026,08.05.2026,13.05.2026,13.05.2026,,H014,WH INFORMA JABABEKA
R110260308T037_H014,CONT-40,8750000,0,0,0,0,0,8750000,H014 - WH INFORMA JABABEKA,PT. CIKARANG GERBANG SOLUSI,7,ON SCHEDULE,29,0,07.04.2026,08.03.2026,14.03.2026,22.06.2026,22.06.2026,24.06.2026,24.06.2026,,H014,WH INFORMA JABABEKA
R110260308T038_H014,CONT-40,8750000,0,0,0,0,0,8750000,H014 - WH INFORMA JABABEKA,PT. CIKARANG GERBANG SOLUSI,7,ON SCHEDULE,29,0,07.04.2026,08.03.2026,17.03.2026,22.06.2026,22.06.2026,24.06.2026,24.06.2026,,H014,WH INFORMA JABABEKA
R110260308T041_H014,CONT-40,24200000,0,0,0,0,0,24200000,H014 - WH INFORMA JABABEKA,PT. SENTOSAPRIMA ABADI,7,ON SCHEDULE,40,0,23.04.2026,13.03.2026,26.03.2026,08.05.2026,08.05.2026,13.05.2026,13.05.2026,,H014,WH INFORMA JABABEKA
R110260308T042_H014,CONT-40,24200000,0,0,0,0,0,24200000,H014 - WH INFORMA JABABEKA,PT. SENTOSAPRIMA ABADI,7,ON SCHEDULE,40,0,22.04.2026,12.03.2026,26.03.2026,08.05.2026,08.05.2026,13.05.2026,13.05.2026,,H014,WH INFORMA JABABEKA
R110260308T043_H014,CONT-20,14700000,1000000,0,500000,0,0,16200000,H014 - WH INFORMA JABABEKA,PT. PERUSAHAAN PELAYARAN NUSANTARA PANURJWAN,7,ON SCHEDULE,42,0,22.04.2026,10.03.2026,29.03.2026,29.04.2026,30.04.2026,30.04.2026,29.06.2026,,H014,WH INFORMA JABABEKA
R110260308T044_H014,CONT-20,13850000,0,0,400000,0,0,14250000,H014 - WH INFORMA JABABEKA,PT. HAKKA HYDRO TIRTA,7,ON SCHEDULE,42,0,23.04.2026,11.03.2026,27.03.2026,21.05.2026,22.05.2026,05.06.2026,05.06.2026,,H014,WH INFORMA JABABEKA
R110260308T051_H014,CONT-20,14700000,0,0,500000,0,0,15200000,H014 - WH INFORMA JABABEKA,PT. PERUSAHAAN PELAYARAN NUSANTARA PANURJWAN,7,ON SCHEDULE,42,0,22.04.2026,10.03.2026,02.04.2026,29.04.2026,30.04.2026,30.04.2026,30.04.2026,,H014,WH INFORMA JABABEKA
R110260309H044_H014,WINGBOX,1998000,0,0,0,0,0,1998000,H014 - WH INFORMA JABABEKA,PT. ARDYA PRIMA INTERNUSA,7,ON SCHEDULE,27,0,06.04.2026,09.03.2026,10.03.2026,26.03.2026,26.03.2026,08.04.2026,13.04.2026,,H014,WH INFORMA JABABEKA
R110260309H047_H014,FUSO,14950000,0,0,0,0,0,14950000,H014 - WH INFORMA JABABEKA,PT. DUTA LINTAS NUSA,7,ON SCHEDULE,29,0,09.04.2026,10.03.2026,14.03.2026,13.04.2026,13.04.2026,14.04.2026,20.04.2026,,H014,WH INFORMA JABABEKA
R110260309H052_H014,WINGBOX,4825000,0,0,0,0,0,4825000,H014 - WH INFORMA JABABEKA,PT. CEHA LOGISTIK CEMERLANG,7,ON SCHEDULE,29,0,08.04.2026,09.03.2026,11.03.2026,11.03.2026,11.03.2026,13.04.2026,13.04.2026,,H014,WH INFORMA JABABEKA
R110260309H053_H014,WINGBOX,4500000,0,0,0,0,0,4500000,H014 - WH INFORMA JABABEKA,PT. CEHA LOGISTIK CEMERLANG,7,ON SCHEDULE,29,0,08.04.2026,09.03.2026,11.03.2026,11.03.2026,11.03.2026,13.03.2026,13.03.2026,,H014,WH INFORMA JABABEKA
R110260309H054_H014,WINGBOX,4500000,0,0,0,0,0,4500000,H014 - WH INFORMA JABABEKA,PT. CEHA LOGISTIK CEMERLANG,7,ON SCHEDULE,29,0,08.04.2026,09.03.2026,11.03.2026,11.03.2026,11.03.2026,13.03.2026,13.03.2026,,H014,WH INFORMA JABABEKA
R110260309H055_H014,WINGBOX,4500000,0,0,0,0,0,4500000,H014 - WH INFORMA JABABEKA,PT. CEHA LOGISTIK CEMERLANG,7,ON SCHEDULE,29,0,08.04.2026,09.03.2026,11.03.2026,11.03.2026,11.03.2026,13.03.2026,13.03.2026,,H014,WH INFORMA JABABEKA
R110260309H057_H014,WINGBOX,4500000,0,0,0,0,0,4500000,H014 - WH INFORMA JABABEKA,PT. CEHA LOGISTIK CEMERLANG,7,ON SCHEDULE,29,0,09.04.2026,10.03.2026,11.03.2026,11.03.2026,11.03.2026,13.03.2026,13.03.2026,,H014,WH INFORMA JABABEKA
R110260309H058_H014,CDD LONG CHASSIS,2250000,0,0,0,0,0,2250000,H014 - WH INFORMA JABABEKA,PT. BINTANG SAMUDRA RAYA,7,ON SCHEDULE,27,0,06.04.2026,09.03.2026,11.03.2026,27.03.2026,27.03.2026,31.03.2026,31.03.2026,,H014,WH INFORMA JABABEKA
R110260309H062_H014,CDD LONG CHASSIS,5750000,0,0,0,0,0,5750000,H014 - WH INFORMA JABABEKA,PT. DUTA LINTAS NUSA,7,ON SCHEDULE,28,0,07.04.2026,09.03.2026,10.03.2026,31.03.2026,31.03.2026,14.04.2026,20.04.2026,,H014,WH INFORMA JABABEKA
R110260309H063_H014,CDD LONG CHASSIS,2850000,0,0,0,0,0,2850000,H014 - WH INFORMA JABABEKA,PT. BINTANG SAMUDRA RAYA,7,ON SCHEDULE,28,0,07.04.2026,09.03.2026,11.03.2026,27.03.2026,27.03.2026,31.03.2026,31.03.2026,,H014,WH INFORMA JABABEKA
R110260309H069_H014,WINGBOX,4830000,0,0,0,0,0,4830000,H014 - WH INFORMA JABABEKA,PT. DUTA MEDIA MANDIRI,7,ON SCHEDULE,29,0,10.04.2026,11.03.2026,13.03.2026,13.03.2026,13.03.2026,30.03.2026,30.03.2026,,H014,WH INFORMA JABABEKA
R110260309H070_H014,CONT-20,19200000,0,0,0,0,0,19200000,H014 - WH INFORMA JABABEKA,PT. PAUS BIRU LOGISTIK,7,ON SCHEDULE,42,0,23.04.2026,11.03.2026,29.03.2026,07.05.2026,07.05.2026,18.05.2026,19.05.2026,,H014,WH INFORMA JABABEKA
R110260309H071_H014,WINGBOX,11500000,0,0,0,0,0,11500000,H014 - WH INFORMA JABABEKA,PT.ORANG KREATIF EKSIS,7,ON SCHEDULE,29,0,10.04.2026,11.03.2026,16.03.2026,30.03.2026,30.03.2026,07.04.2026,07.04.2026,,H014,WH INFORMA JABABEKA
R110260309H073_H014,WINGBOX,4830000,0,0,0,0,0,4830000,H014 - WH INFORMA JABABEKA,PT. DUTA MEDIA MANDIRI,7,ON SCHEDULE,29,0,11.04.2026,12.03.2026,15.03.2026,26.03.2026,26.03.2026,30.03.2026,30.03.2026,,H014,WH INFORMA JABABEKA
R110260309H075_H014,CDD LONG CHASSIS,5750000,0,0,0,0,0,5750000,H014 - WH INFORMA JABABEKA,PT. DUTA LINTAS NUSA,7,ON SCHEDULE,28,0,07.04.2026,09.03.2026,12.03.2026,13.04.2026,13.04.2026,27.04.2026,29.04.2026,,H014,WH INFORMA JABABEKA
R110260309H076_H014,WINGBOX,11500000,0,0,0,0,0,11500000,H014 - WH INFORMA JABABEKA,PT. BINTANG SAMUDRA RAYA,7,ON SCHEDULE,29,0,11.04.2026,12.03.2026,16.03.2026,27.03.2026,27.03.2026,08.04.2026,14.04.2026,,H014,WH INFORMA JABABEKA
R110260309H079_H014,WINGBOX,4825000,0,0,0,0,0,4825000,H014 - WH INFORMA JABABEKA,PT. CEHA LOGISTIK CEMERLANG,7,ON SCHEDULE,29,0,10.04.2026,11.03.2026,14.03.2026,30.03.2026,30.03.2026,13.04.2026,13.04.2026,,H014,WH INFORMA JABABEKA
R110260309H082_H014,CDD LONG CHASSIS,2850000,0,0,0,0,0,2850000,H014 - WH INFORMA JABABEKA,PT. BINTANG SAMUDRA RAYA,7,ON SCHEDULE,28,0,07.04.2026,09.03.2026,11.03.2026,27.03.2026,27.03.2026,31.03.2026,31.03.2026,,H014,WH INFORMA JABABEKA
R110260309H083_H014,CDD LONG CHASSIS,2850000,0,0,0,0,0,2850000,H014 - WH INFORMA JABABEKA,PT. BINTANG SAMUDRA RAYA,7,ON SCHEDULE,28,0,07.04.2026,09.03.2026,11.03.2026,27.03.2026,27.03.2026,31.03.2026,31.03.2026,,H014,WH INFORMA JABABEKA
R110260309H084_H014,CDD LONG CHASSIS,2850000,0,0,0,0,0,2850000,H014 - WH INFORMA JABABEKA,PT. BINTANG SAMUDRA RAYA,7,ON SCHEDULE,28,0,07.04.2026,09.03.2026,11.03.2026,27.03.2026,27.03.2026,31.03.2026,31.03.2026,,H014,WH INFORMA JABABEKA
R110260309H086_H014,BIG MAMA,11500000,0,0,0,0,900000,12400000,H014 - WH INFORMA JABABEKA,PT. BINTANG SAMUDRA RAYA,7,ON SCHEDULE,29,0,14.04.2026,15.03.2026,15.03.2026,15.04.2026,15.04.2026,15.04.2026,15.04.2026,,H014,WH INFORMA JABABEKA
R110260309H086_H014,BIG MAMA,11500000,0,0,0,0,900000,12400000,H014 - WH INFORMA JABABEKA,PT. BINTANG SAMUDRA RAYA,7,ON SCHEDULE,29,0,14.04.2026,15.03.2026,15.03.2026,15.04.2026,15.04.2026,15.04.2026,15.04.2026,,H014,WH INFORMA JABABEKA
R110260309H086_H014,BIG MAMA,11500000,0,0,0,0,900000,12400000,H014 - WH INFORMA JABABEKA,PT. BINTANG SAMUDRA RAYA,7,ON SCHEDULE,29,0,14.04.2026,15.03.2026,15.03.2026,15.04.2026,15.04.2026,15.04.2026,15.04.2026,,H014,WH INFORMA JABABEKA
R110260309H089_H014,WINGBOX,4825000,0,0,0,0,1800000,6625000,H014 - WH INFORMA JABABEKA,PT. CEHA LOGISTIK CEMERLANG,7,ON SCHEDULE,29,0,12.04.2026,13.03.2026,14.03.2026,31.03.2026,31.03.2026,02.04.2026,02.04.2026,,H014,WH INFORMA JABABEKA
R110260309L099_H014,WINGBOX,2034000,0,0,0,0,0,2034000,H014 - WH INFORMA JABABEKA,PT. DUTA MEDIA MANDIRI,7,ON SCHEDULE,27,0,08.04.2026,11.03.2026,12.03.2026,12.03.2026,12.03.2026,13.03.2026,13.03.2026,,H014,WH INFORMA JABABEKA
R110260309L100_H014,CDD LONG CHASSIS,3500000,0,0,0,0,0,3500000,H014 - WH INFORMA JABABEKA,PT. CEHA LOGISTIK CEMERLANG,7,ON SCHEDULE,29,0,09.04.2026,10.03.2026,12.03.2026,12.03.2026,12.03.2026,13.03.2026,13.03.2026,,H014,WH INFORMA JABABEKA
R110260309L101_H014,CDD LONG CHASSIS,3500000,0,0,0,0,0,3500000,H014 - WH INFORMA JABABEKA,PT. CEHA LOGISTIK CEMERLANG,7,ON SCHEDULE,28,0,08.04.2026,10.03.2026,12.03.2026,12.03.2026,12.03.2026,13.04.2026,13.04.2026,,H014,WH INFORMA JABABEKA
R110260309L102_H014,CDD LONG CHASSIS,8855000,0,0,0,500000,0,9355000,H014 - WH INFORMA JABABEKA,PT.ORANG KREATIF EKSIS,7,ON SCHEDULE,30,0,12.04.2026,12.03.2026,14.03.2026,30.03.2026,30.03.2026,07.04.2026,07.04.2026,,H014,WH INFORMA JABABEKA
R110260309L103_H014,CDD LONG CHASSIS,3900000,0,0,0,400000,0,4300000,H014 - WH INFORMA JABABEKA,PT. BINTANG SAMUDRA RAYA,7,ON SCHEDULE,28,0,09.04.2026,11.03.2026,14.03.2026,06.04.2026,06.04.2026,06.04.2026,06.04.2026,,H014,WH INFORMA JABABEKA
R110260309L104_H014,CDD LONG CHASSIS,9300000,0,0,0,0,0,9300000,H014 - WH INFORMA JABABEKA,PT. AGUNG MAKMUR JAYA,7,ON SCHEDULE,31,0,13.04.2026,12.03.2026,12.03.2026,25.03.2026,25.03.2026,25.03.2026,25.03.2026,,H014,WH INFORMA JABABEKA
R110260309L105_H014,WINGBOX,18000000,0,0,0,0,839500,18839500,H014 - WH INFORMA JABABEKA,PT. BINTANG SAMUDRA RAYA,7,ON SCHEDULE,26,0,06.04.2026,10.03.2026,15.03.2026,11.05.2026,11.05.2026,12.05.2026,12.05.2026,,H014,WH INFORMA JABABEKA
R110260309L105_H014,WINGBOX,18000000,0,0,0,0,839500,18839500,H014 - WH INFORMA JABABEKA,PT. BINTANG SAMUDRA RAYA,7,ON SCHEDULE,26,0,06.04.2026,10.03.2026,15.03.2026,11.05.2026,11.05.2026,12.05.2026,12.05.2026,,H014,WH INFORMA JABABEKA
R110260309L119_H014,CDD LONG CHASSIS,4900000,0,0,0,150000,400000,5450000,H014 - WH INFORMA JABABEKA,PT.ORANG KREATIF EKSIS,7,ON SCHEDULE,28,0,16.04.2026,18.03.2026,25.03.2026,30.03.2026,30.03.2026,07.04.2026,07.04.2026,,H014,WH INFORMA JABABEKA
R110260309L121_H014,CDD LONG CHASSIS,1900000,0,0,0,75000,0,1975000,H014 - WH INFORMA JABABEKA,PT. ANTAR JARINGAN SEPANJANG JALAN,7,ON SCHEDULE,27,0,07.04.2026,10.03.2026,11.03.2026,12.03.2026,13.03.2026,02.04.2026,02.04.2026,,H014,WH INFORMA JABABEKA
R110260309L134_H014,CDD LONG CHASSIS,3900000,0,0,0,0,0,3900000,H014 - WH INFORMA JABABEKA,PT. CEHA LOGISTIK CEMERLANG,7,ON SCHEDULE,29,0,11.04.2026,12.03.2026,14.03.2026,30.03.2026,30.03.2026,13.04.2026,13.04.2026,,H014,WH INFORMA JABABEKA
R110260309L135_H014,CDD LONG CHASSIS,3900000,0,0,0,0,0,3900000,H014 - WH INFORMA JABABEKA,PT. CEHA LOGISTIK CEMERLANG,7,ON SCHEDULE,30,0,12.04.2026,12.03.2026,14.03.2026,30.03.2026,30.03.2026,13.04.2026,13.04.2026,,H014,WH INFORMA JABABEKA
R110260309T024_H014,WINGBOX,5650000,0,0,0,0,0,5650000,H014 - WH INFORMA JABABEKA,PT. DUTA MEDIA MANDIRI,7,ON SCHEDULE,29,0,09.04.2026,10.03.2026,13.03.2026,13.03.2026,13.03.2026,30.03.2026,30.03.2026,,H014,WH INFORMA JABABEKA
R110260309T025_H014,WINGBOX,20000000,0,0,0,0,0,20000000,H014 - WH INFORMA JABABEKA,PT.ORANG KREATIF EKSIS,7,ON SCHEDULE,37,0,17.04.2026,10.03.2026,17.03.2026,30.03.2026,30.03.2026,07.04.2026,07.04.2026,,H014,WH INFORMA JABABEKA
R110260309T026_H014,WINGBOX,24000000,0,0,0,0,0,24000000,H014 - WH INFORMA JABABEKA,PT. CITRA SENTRAL EKSPRES,7,ON SCHEDULE,37,0,17.04.2026,10.03.2026,15.03.2026,02.04.2026,03.04.2026,06.04.2026,06.04.2026,,H014,WH INFORMA JABABEKA
R110260309T027_H014,CONT-20,13950000,0,0,0,0,800000,14750000,H014 - WH INFORMA JABABEKA,PT. SENTOSAPRIMA ABADI,7,ON SCHEDULE,40,0,26.04.2026,16.03.2026,29.03.2026,18.05.2026,18.05.2026,20.05.2026,20.05.2026,,H014,WH INFORMA JABABEKA
R110260309T028_H014,CONT-40,24100000,0,0,0,0,0,24100000,H014 - WH INFORMA JABABEKA,PT. MITRA INTERTRANS FORWARDING,7,ON SCHEDULE,40,0,27.04.2026,17.03.2026,06.04.2026,28.04.2026,30.04.2026,30.04.2026,30.04.2026,,H014,WH INFORMA JABABEKA
R110260309T029_H014,CONT-40,31500000,0,0,0,0,1500000,33000000,H014 - WH INFORMA JABABEKA,PT. PAUS BIRU LOGISTIK,7,ON SCHEDULE,40,0,25.04.2026,15.03.2026,04.04.2026,11.05.2026,11.05.2026,12.05.2026,20.05.2026,,H014,WH INFORMA JABABEKA
R110260309T031_H014,WINGBOX,6200000,0,0,0,0,0,6200000,H014 - WH INFORMA JABABEKA,PT. SATRIA PIRANTI PERKASA,7,ON SCHEDULE,29,0,08.04.2026,09.03.2026,12.03.2026,08.04.2026,08.04.2026,16.04.2026,16.04.2026,,H014,WH INFORMA JABABEKA
R110260309T037_H014,CONT-20,15000000,0,0,0,0,0,15000000,H014 - WH INFORMA JABABEKA,PT. PRIMA GLOBALINDO LOGISTIK,7,ON SCHEDULE,37,0,18.04.2026,11.03.2026,06.04.2026,07.05.2026,07.05.2026,07.05.2026,19.05.2026,,H014,WH INFORMA JABABEKA
R110260309T038_H014,WINGBOX,6200000,0,0,0,0,0,6200000,H014 - WH INFORMA JABABEKA,PT. SATRIA PIRANTI PERKASA,7,ON SCHEDULE,29,0,08.04.2026,09.03.2026,12.03.2026,06.04.2026,07.04.2026,08.04.2026,09.04.2026,,H014,WH INFORMA JABABEKA
R110260309T039_H014,WINGBOX,6600000,0,0,0,0,0,6600000,H014 - WH INFORMA JABABEKA,PT. JAYA MULYA ERALINDO,7,ON SCHEDULE,29,0,08.04.2026,09.03.2026,12.03.2026,30.03.2026,30.03.2026,02.04.2026,02.04.2026,,H014,WH INFORMA JABABEKA
R110260309T040_H014,WINGBOX,6600000,0,0,0,0,0,6600000,H014 - WH INFORMA JABABEKA,PT. JAYA MULYA ERALINDO,7,ON SCHEDULE,29,0,09.04.2026,10.03.2026,14.03.2026,30.03.2026,30.03.2026,02.04.2026,02.04.2026,,H014,WH INFORMA JABABEKA
R110260309T041_H014,WINGBOX,6600000,0,0,0,0,0,6600000,H014 - WH INFORMA JABABEKA,PT. JAYA MULYA ERALINDO,7,ON SCHEDULE,29,0,08.04.2026,09.03.2026,12.03.2026,30.03.2026,30.03.2026,02.04.2026,02.04.2026,,H014,WH INFORMA JABABEKA
R110260309T042_H014,WINGBOX,6600000,0,0,0,0,0,6600000,H014 - WH INFORMA JABABEKA,PT. JAYA MULYA ERALINDO,7,ON SCHEDULE,29,0,10.04.2026,11.03.2026,14.03.2026,30.03.2026,30.03.2026,02.04.2026,02.04.2026,,H014,WH INFORMA JABABEKA
R110260309T043_H014,CONT-40,8750000,0,0,0,0,0,8750000,H014 - WH INFORMA JABABEKA,PT. CIKARANG GERBANG SOLUSI,6,LATE,29,144,11.04.2026,12.03.2026,17.03.2026,25.06.2026,25.06.2026,22.07.2026,22.07.2026,,H014,WH INFORMA JABABEKA
R110260309T044_H014,WINGBOX,6000000,0,0,0,0,0,6000000,H014 - WH INFORMA JABABEKA,PT.AMANAH TRANSMULIA MANDIRI LOGISTIK,7,ON SCHEDULE,29,0,09.04.2026,10.03.2026,14.03.2026,25.03.2026,25.03.2026,27.03.2026,27.03.2026,,H014,WH INFORMA JABABEKA
R110260310H042_H014,WINGBOX,1998000,0,0,0,0,0,1998000,H014 - WH INFORMA JABABEKA,PT. ARDYA PRIMA INTERNUSA,7,ON SCHEDULE,27,0,07.04.2026,10.03.2026,11.03.2026,26.03.2026,26.03.2026,08.04.2026,13.04.2026,,H014,WH INFORMA JABABEKA
R110260310H045_H014,WINGBOX,2350000,0,0,0,0,0,2350000,H014 - WH INFORMA JABABEKA,PT. BINTANG SAMUDRA RAYA,7,ON SCHEDULE,27,0,07.04.2026,10.03.2026,11.03.2026,27.03.2026,27.03.2026,31.03.2026,31.03.2026,,H014,WH INFORMA JABABEKA
R110260310H046_H014,WINGBOX,2034000,0,0,0,0,0,2034000,H014 - WH INFORMA JABABEKA,PT. DUTA MEDIA MANDIRI,7,ON SCHEDULE,27,0,07.04.2026,10.03.2026,11.03.2026,12.03.2026,12.03.2026,13.03.2026,13.03.2026,,H014,WH INFORMA JABABEKA
R110260310H047_H014,WINGBOX,2350000,0,0,0,0,0,2350000,H014 - WH INFORMA JABABEKA,PT. BINTANG SAMUDRA RAYA,7,ON SCHEDULE,27,0,07.04.2026,10.03.2026,11.03.2026,27.03.2026,27.03.2026,31.03.2026,31.03.2026,,H014,WH INFORMA JABABEKA
R110260310H048_H014,WINGBOX,4300000,0,0,0,0,0,4300000,H014 - WH INFORMA JABABEKA,PT.SIASAT CEPAT MUDA,7,ON SCHEDULE,29,0,10.04.2026,11.03.2026,12.03.2026,13.03.2026,13.03.2026,13.03.2026,13.03.2026,,H014,WH INFORMA JABABEKA
R110260310H049_H014,WINGBOX,4300000,0,0,0,0,0,4300000,H014 - WH INFORMA JABABEKA,PT.SIASAT CEPAT MUDA,7,ON SCHEDULE,29,0,10.04.2026,11.03.2026,12.03.2026,13.03.2026,13.03.2026,13.03.2026,13.03.2026,,H014,WH INFORMA JABABEKA
R110260310H051_H014,WINGBOX,4500000,0,0,0,0,0,4500000,H014 - WH INFORMA JABABEKA,PT. CEHA LOGISTIK CEMERLANG,7,ON SCHEDULE,29,0,10.04.2026,11.03.2026,14.03.2026,30.03.2026,30.03.2026,13.04.2026,13.04.2026,,H014,WH INFORMA JABABEKA
R110260310H052_H014,WINGBOX,4500000,0,0,0,0,0,4500000,H014 - WH INFORMA JABABEKA,PT. CEHA LOGISTIK CEMERLANG,7,ON SCHEDULE,29,0,10.04.2026,11.03.2026,14.03.2026,30.03.2026,30.03.2026,13.04.2026,13.04.2026,,H014,WH INFORMA JABABEKA
R110260310H054_H014,WINGBOX,3500000,0,0,0,0,0,3500000,H014 - WH INFORMA JABABEKA,PT. BINTANG SAMUDRA RAYA,7,ON SCHEDULE,29,0,10.04.2026,11.03.2026,14.03.2026,27.03.2026,27.03.2026,31.03.2026,31.03.2026,,H014,WH INFORMA JABABEKA
R110260310H055_H014,WINGBOX,3500000,0,0,0,0,0,3500000,H014 - WH INFORMA JABABEKA,PT. BINTANG SAMUDRA RAYA,7,ON SCHEDULE,29,0,10.04.2026,11.03.2026,14.03.2026,27.03.2026,27.03.2026,31.03.2026,31.03.2026,,H014,WH INFORMA JABABEKA
R110260310H056_H014,WINGBOX,4825000,700000,0,0,0,0,5525000,H014 - WH INFORMA JABABEKA,PT. CEHA LOGISTIK CEMERLANG,7,ON SCHEDULE,29,0,10.04.2026,11.03.2026,12.03.2026,15.04.2026,15.04.2026,16.04.2026,16.04.2026,,H014,WH INFORMA JABABEKA
R110260310H057_H014,WINGBOX,15000000,0,0,0,0,0,15000000,H014 - WH INFORMA JABABEKA,PT. BINTANG SAMUDRA RAYA,7,ON SCHEDULE,30,0,11.04.2026,11.03.2026,17.03.2026,27.03.2026,27.03.2026,02.04.2026,02.04.2026,,H014,WH INFORMA JABABEKA
R110260310H058_H014,CDD LONG CHASSIS,0,0,0,0,0,18786276,18786276,H014 - WH INFORMA JABABEKA,PT. SOLUSI LAYANAN DIGITAL,7,ON SCHEDULE,30,0,16.04.2026,16.03.2026,28.03.2026,16.04.2026,25.04.2026,27.04.2026,27.04.2026,,H014,WH INFORMA JABABEKA
R110260310H060_H014,CDD LONG CHASSIS,2250000,0,0,0,0,0,2250000,H014 - WH INFORMA JABABEKA,PT. BINTANG SAMUDRA RAYA,7,ON SCHEDULE,27,0,08.04.2026,11.03.2026,12.03.2026,27.03.2026,27.03.2026,31.03.2026,31.03.2026,,H014,WH INFORMA JABABEKA
R110260310H061_H014,CDD LONG CHASSIS,2250000,0,0,0,0,0,2250000,H014 - WH INFORMA JABABEKA,PT. BINTANG SAMUDRA RAYA,7,ON SCHEDULE,27,0,07.04.2026,10.03.2026,12.03.2026,27.03.2026,27.03.2026,31.03.2026,31.03.2026,,H014,WH INFORMA JABABEKA
R110260310H062_H014,CDD LONG CHASSIS,2250000,0,0,0,0,0,2250000,H014 - WH INFORMA JABABEKA,PT. BINTANG SAMUDRA RAYA,7,ON SCHEDULE,27,0,08.04.2026,11.03.2026,12.03.2026,27.03.2026,27.03.2026,31.03.2026,31.03.2026,,H014,WH INFORMA JABABEKA
R110260310H063_H014,CDD LONG CHASSIS,2250000,0,0,0,0,0,2250000,H014 - WH INFORMA JABABEKA,PT. BINTANG SAMUDRA RAYA,7,ON SCHEDULE,27,0,08.04.2026,11.03.2026,12.03.2026,27.03.2026,27.03.2026,31.03.2026,31.03.2026,,H014,WH INFORMA JABABEKA
R110260310H064_H014,CDD LONG CHASSIS,2250000,0,0,0,0,0,2250000,H014 - WH INFORMA JABABEKA,PT. BINTANG SAMUDRA RAYA,7,ON SCHEDULE,27,0,08.04.2026,11.03.2026,12.03.2026,27.03.2026,27.03.2026,31.03.2026,31.03.2026,,H014,WH INFORMA JABABEKA
R110260310H065_H014,WINGBOX,17000000,0,0,0,0,0,17000000,H014 - WH INFORMA JABABEKA,PT. BINTANG SAMUDRA RAYA,7,ON SCHEDULE,33,0,17.04.2026,14.03.2026,17.03.2026,27.03.2026,27.03.2026,02.04.2026,06.04.2026,,H014,WH INFORMA JABABEKA
R110260310H066_H014,BIG MAMA,9300000,0,0,0,0,0,9300000,H014 - WH INFORMA JABABEKA,PT. AGUNG MAKMUR JAYA,7,ON SCHEDULE,33,0,18.04.2026,15.03.2026,17.03.2026,25.03.2026,26.03.2026,26.03.2026,26.03.2026,,H014,WH INFORMA JABABEKA
R110260310H068_H014,CDD LONG CHASSIS,12500000,0,0,0,0,0,12500000,H014 - WH INFORMA JABABEKA,PT.ORANG KREATIF EKSIS,7,ON SCHEDULE,30,0,12.04.2026,12.03.2026,16.03.2026,30.03.2026,30.03.2026,07.04.2026,07.04.2026,,H014,WH INFORMA JABABEKA
R110260310H069_H014,WINGBOX,11500000,0,0,0,0,0,11500000,H014 - WH INFORMA JABABEKA,PT. BINTANG SAMUDRA RAYA,7,ON SCHEDULE,29,0,10.04.2026,11.03.2026,15.03.2026,27.03.2026,27.03.2026,08.04.2026,14.04.2026,,H014,WH INFORMA JABABEKA
R110260310H070_H014,WINGBOX,4000000,0,0,0,0,0,4000000,H014 - WH INFORMA JABABEKA,PT. BINTANG SAMUDRA RAYA,7,ON SCHEDULE,28,0,08.04.2026,10.03.2026,12.03.2026,27.03.2026,27.03.2026,02.04.2026,02.04.2026,,H014,WH INFORMA JABABEKA
R110260310H071_H014,CDD LONG CHASSIS,2250000,0,0,0,0,0,2250000,H014 - WH INFORMA JABABEKA,PT. BINTANG SAMUDRA RAYA,7,ON SCHEDULE,27,0,07.04.2026,10.03.2026,12.03.2026,27.03.2026,27.03.2026,02.04.2026,06.04.2026,,H014,WH INFORMA JABABEKA
R110260310H072_H014,BIG MAMA,2599000,0,0,0,0,0,2599000,H014 - WH INFORMA JABABEKA,PT. DUTA MEDIA MANDIRI,7,ON SCHEDULE,27,0,08.04.2026,11.03.2026,12.03.2026,13.03.2026,13.03.2026,13.03.2026,13.03.2026,,H014,WH INFORMA JABABEKA
R110260310H079_H014,WINGBOX,2350000,0,0,0,0,0,2350000,H014 - WH INFORMA JABABEKA,PT. BINTANG SAMUDRA RAYA,7,ON SCHEDULE,27,0,07.04.2026,10.03.2026,11.03.2026,27.03.2026,27.03.2026,02.04.2026,06.04.2026,,H014,WH INFORMA JABABEKA
R110260310H081_H014,CDD LONG CHASSIS,10350000,0,0,0,0,0,10350000,H014 - WH INFORMA JABABEKA,PT.ORANG KREATIF EKSIS,7,ON SCHEDULE,30,0,11.04.2026,11.03.2026,19.03.2026,30.03.2026,30.03.2026,07.04.2026,07.04.2026,,H014,WH INFORMA JABABEKA
R110260310H083_H014,CDD LONG CHASSIS,5800000,0,0,0,0,0,5800000,H014 - WH INFORMA JABABEKA,PT. AGUNG MAKMUR JAYA,7,ON SCHEDULE,28,0,08.04.2026,10.03.2026,14.03.2026,25.03.2026,25.03.2026,25.03.2026,25.03.2026,,H014,WH INFORMA JABABEKA
R110260310H084_H014,CDD LONG CHASSIS,12400000,0,0,0,0,0,12400000,H014 - WH INFORMA JABABEKA,PT.ORANG KREATIF EKSIS,7,ON SCHEDULE,31,0,12.04.2026,11.03.2026,17.03.2026,31.03.2026,31.03.2026,07.04.2026,07.04.2026,,H014,WH INFORMA JABABEKA
R110260310H086_H014,WINGBOX,4830000,0,0,0,0,0,4830000,H014 - WH INFORMA JABABEKA,PT. DUTA MEDIA MANDIRI,7,ON SCHEDULE,29,0,10.04.2026,11.03.2026,13.03.2026,13.03.2026,13.03.2026,30.03.2026,30.03.2026,,H014,WH INFORMA JABABEKA
R110260310H087_H014,WINGBOX,4830000,0,0,0,0,0,4830000,H014 - WH INFORMA JABABEKA,PT. DUTA MEDIA MANDIRI,7,ON SCHEDULE,29,0,10.04.2026,11.03.2026,13.03.2026,13.03.2026,13.03.2026,30.03.2026,30.03.2026,,H014,WH INFORMA JABABEKA
R110260310H090_H014,CDD LONG CHASSIS,7400000,0,0,0,0,0,7400000,H014 - WH INFORMA JABABEKA,PT. BINTANG SAMUDRA RAYA,7,ON SCHEDULE,29,0,10.04.2026,11.03.2026,15.03.2026,27.03.2026,27.03.2026,31.03.2026,31.03.2026,,H014,WH INFORMA JABABEKA
R110260310H091_H014,CDD LONG CHASSIS,12400000,0,0,0,0,0,12400000,H014 - WH INFORMA JABABEKA,PT.ORANG KREATIF EKSIS,7,ON SCHEDULE,31,0,12.04.2026,11.03.2026,17.03.2026,30.03.2026,30.03.2026,07.04.2026,07.04.2026,,H014,WH INFORMA JABABEKA
R110260310H092_H014,CDD LONG CHASSIS,2850000,0,0,0,0,0,2850000,H014 - WH INFORMA JABABEKA,PT. BINTANG SAMUDRA RAYA,7,ON SCHEDULE,28,0,08.04.2026,10.03.2026,11.03.2026,27.03.2026,27.03.2026,31.03.2026,31.03.2026,,H014,WH INFORMA JABABEKA
R110260310H093_H014,CDD LONG CHASSIS,2850000,0,0,0,0,0,2850000,H014 - WH INFORMA JABABEKA,PT. BINTANG SAMUDRA RAYA,7,ON SCHEDULE,28,0,08.04.2026,10.03.2026,11.03.2026,27.03.2026,27.03.2026,06.04.2026,06.04.2026,,H014,WH INFORMA JABABEKA
R110260310H094_H014,CDD LONG CHASSIS,2850000,0,0,0,0,0,2850000,H014 - WH INFORMA JABABEKA,PT. BINTANG SAMUDRA RAYA,7,ON SCHEDULE,28,0,09.04.2026,11.03.2026,14.03.2026,27.03.2026,27.03.2026,02.04.2026,02.04.2026,,H014,WH INFORMA JABABEKA
R110260310H095_H014,WINGBOX,4825000,0,0,0,0,0,4825000,H014 - WH INFORMA JABABEKA,PT. CEHA LOGISTIK CEMERLANG,7,ON SCHEDULE,29,0,11.04.2026,12.03.2026,14.03.2026,30.03.2026,30.03.2026,13.04.2026,13.04.2026,,H014,WH INFORMA JABABEKA
R110260310H097_H014,CDD LONG CHASSIS,7400000,0,0,0,0,0,7400000,H014 - WH INFORMA JABABEKA,PT. BINTANG SAMUDRA RAYA,7,ON SCHEDULE,29,0,11.04.2026,12.03.2026,16.03.2026,27.03.2026,27.03.2026,08.04.2026,14.04.2026,,H014,WH INFORMA JABABEKA
R110260310H102_H014,CDD LONG CHASSIS,4500000,0,0,0,0,0,4500000,H014 - WH INFORMA JABABEKA,PT. JASATAMA DIRGANTARA EKSPRES,6,LATE,27,139,15.04.2026,18.03.2026,27.03.2026,29.06.2026,30.06.2026,07.07.2026,07.07.2026,,H014,WH INFORMA JABABEKA
R110260310L038_H014,CDD LONG CHASSIS,3200000,0,0,0,0,0,3200000,H014 - WH INFORMA JABABEKA,PT. JAYA MULYA ERALINDO,7,ON SCHEDULE,30,0,12.04.2026,12.03.2026,,15.04.2026,15.04.2026,15.04.2026,15.04.2026,,H014,WH INFORMA JABABEKA
R110260310L039_H014,CDD LONG CHASSIS,3600000,0,0,0,200000,0,3800000,H014 - WH INFORMA JABABEKA,PT LOGISTIK CANGGIH INDONESIA,7,ON SCHEDULE,30,0,11.04.2026,11.03.2026,14.03.2026,25.03.2026,30.03.2026,30.03.2026,31.03.2026,,H014,WH INFORMA JABABEKA
R110260310L077_H014,CDD LONG CHASSIS,12500000,0,0,0,0,0,12500000,H014 - WH INFORMA JABABEKA,PT.ORANG KREATIF EKSIS,7,ON SCHEDULE,31,0,12.04.2026,11.03.2026,17.03.2026,30.03.2026,30.03.2026,07.04.2026,07.04.2026,,H014,WH INFORMA JABABEKA
R110260310L087_H014,CDD LONG CHASSIS,3900000,0,0,0,0,0,3900000,H014 - WH INFORMA JABABEKA,PT. CEHA LOGISTIK CEMERLANG,7,ON SCHEDULE,30,0,12.04.2026,12.03.2026,14.03.2026,30.03.2026,30.03.2026,13.04.2026,13.04.2026,,H014,WH INFORMA JABABEKA
R110260310T021_H014,CONT-40,31500000,0,0,0,0,1500000,33000000,H014 - WH INFORMA JABABEKA,PT. PAUS BIRU LOGISTIK,7,ON SCHEDULE,40,0,26.04.2026,16.03.2026,04.04.2026,11.05.2026,11.05.2026,12.05.2026,20.05.2026,,H014,WH INFORMA JABABEKA
R110260310T022_H014,CONT-40,31500000,0,0,0,0,1500000,33000000,H014 - WH INFORMA JABABEKA,PT. PAUS BIRU LOGISTIK,7,ON SCHEDULE,40,0,25.04.2026,15.03.2026,04.04.2026,11.05.2026,11.05.2026,12.05.2026,20.05.2026,,H014,WH INFORMA JABABEKA
R110260310T023_H014,CONT-20,13950000,0,0,0,0,800000,14750000,H014 - WH INFORMA JABABEKA,PT. SENTOSAPRIMA ABADI,7,ON SCHEDULE,40,0,26.04.2026,16.03.2026,29.03.2026,18.05.2026,18.05.2026,20.05.2026,20.05.2026,,H014,WH INFORMA JABABEKA
R110260310T024_H014,CONT-20,15700000,0,0,0,0,0,15700000,H014 - WH INFORMA JABABEKA,PT. MITRA INTERTRANS FORWARDING,7,ON SCHEDULE,40,0,27.04.2026,17.03.2026,06.04.2026,06.05.2026,06.05.2026,07.05.2026,07.05.2026,,H014,WH INFORMA JABABEKA
R110260310T025_H014,CONT-20,20800000,0,0,0,0,0,20800000,H014 - WH INFORMA JABABEKA,PT. PAUS BIRU LOGISTIK,7,ON SCHEDULE,40,0,23.04.2026,13.03.2026,29.03.2026,11.05.2026,11.05.2026,21.05.2026,25.05.2026,,H014,WH INFORMA JABABEKA
R110260310T026_H014,WINGBOX,7000000,0,0,0,0,0,7000000,H014 - WH INFORMA JABABEKA,PT.Eureka Logistics,6,LATE,29,145,10.04.2026,11.03.2026,15.03.2026,22.04.2026,22.04.2026,23.04.2026,25.05.2026,,H014,WH INFORMA JABABEKA
R110260310T027_H014,CONT-40,23600000,0,0,0,0,0,23600000,H014 - WH INFORMA JABABEKA,PT. TPIL LOGISTICS,7,ON SCHEDULE,40,0,25.04.2026,15.03.2026,04.04.2026,04.06.2026,04.06.2026,29.06.2026,29.06.2026,,H014,WH INFORMA JABABEKA
R110260310T028_H014,CONT-20,15000000,0,0,0,0,0,15000000,H014 - WH INFORMA JABABEKA,PT. PRIMA GLOBALINDO LOGISTIK,7,ON SCHEDULE,37,0,19.04.2026,12.03.2026,06.04.2026,07.05.2026,07.05.2026,07.05.2026,19.05.2026,,H014,WH INFORMA JABABEKA
R110260310T032_H014,CONT-20,17200000,0,0,1250000,0,1500000,19950000,H014 - WH INFORMA JABABEKA,PT. PAUS BIRU LOGISTIK,7,ON SCHEDULE,40,0,24.04.2026,14.03.2026,29.03.2026,11.05.2026,11.05.2026,25.05.2026,26.05.2026,,H014,WH INFORMA JABABEKA
R110260310T033_H014,CONT-40,8750000,0,0,0,0,0,8750000,H014 - WH INFORMA JABABEKA,PT. CIKARANG GERBANG SOLUSI,6,LATE,29,144,11.04.2026,12.03.2026,17.03.2026,25.06.2026,25.06.2026,22.07.2026,22.07.2026,,H014,WH INFORMA JABABEKA
R110260310T034_H014,CONT-20,13850000,0,0,400000,0,0,14250000,H014 - WH INFORMA JABABEKA,PT. HAKKA HYDRO TIRTA,7,ON SCHEDULE,42,0,23.04.2026,11.03.2026,27.03.2026,21.05.2026,22.05.2026,05.06.2026,05.06.2026,,H014,WH INFORMA JABABEKA
R110260310T035_H014,WINGBOX,6600000,0,0,0,0,0,6600000,H014 - WH INFORMA JABABEKA,PT. JAYA MULYA ERALINDO,7,ON SCHEDULE,29,0,11.04.2026,12.03.2026,15.03.2026,30.03.2026,30.03.2026,02.04.2026,02.04.2026,,H014,WH INFORMA JABABEKA
R110260310T036_H014,WINGBOX,6600000,0,0,0,0,0,6600000,H014 - WH INFORMA JABABEKA,PT. JAYA MULYA ERALINDO,7,ON SCHEDULE,29,0,11.04.2026,12.03.2026,15.03.2026,30.03.2026,30.03.2026,02.04.2026,02.04.2026,,H014,WH INFORMA JABABEKA
R110260310T037_H014,WINGBOX,7000000,0,0,0,0,0,7000000,H014 - WH INFORMA JABABEKA,PT.Eureka Logistics,6,LATE,29,144,12.04.2026,13.03.2026,16.03.2026,22.04.2026,22.04.2026,23.04.2026,25.05.2026,,H014,WH INFORMA JABABEKA
R110260310T038_H014,CONT-20,14700000,1000000,0,500000,0,0,16200000,H014 - WH INFORMA JABABEKA,PT. PERUSAHAAN PELAYARAN NUSANTARA PANURJWAN,7,ON SCHEDULE,42,0,22.04.2026,10.03.2026,,20.05.2026,20.05.2026,22.05.2026,09.06.2026,,H014,WH INFORMA JABABEKA
R110260310T039_H014,CONT-20,15000000,0,0,0,0,0,15000000,H014 - WH INFORMA JABABEKA,PT. PRIMA GLOBALINDO LOGISTIK,7,ON SCHEDULE,37,0,19.04.2026,12.03.2026,06.04.2026,07.05.2026,07.05.2026,07.05.2026,19.05.2026,,H014,WH INFORMA JABABEKA
R110260310T040_H014,CONT-20,15000000,0,0,0,0,0,15000000,H014 - WH INFORMA JABABEKA,PT. PRIMA GLOBALINDO LOGISTIK,7,ON SCHEDULE,37,0,19.04.2026,12.03.2026,06.04.2026,07.05.2026,07.05.2026,07.05.2026,19.05.2026,,H014,WH INFORMA JABABEKA
R110260310T041_H014,CONT-20,12000000,0,0,800000,0,0,12800000,H014 - WH INFORMA JABABEKA,PT. HAKKA HYDRO TIRTA,7,ON SCHEDULE,46,0,27.04.2026,11.03.2026,26.03.2026,05.06.2026,05.06.2026,05.06.2026,05.06.2026,,H014,WH INFORMA JABABEKA
R110260311H045_H014,CDD LONG CHASSIS,1900000,0,0,0,0,0,1900000,H014 - WH INFORMA JABABEKA,PT. ANTAR JARINGAN SEPANJANG JALAN,7,ON SCHEDULE,27,0,08.04.2026,11.03.2026,12.03.2026,12.03.2026,13.03.2026,01.04.2026,01.04.2026,,H014,WH INFORMA JABABEKA
R110260311H046_H014,WINGBOX,4825000,0,0,0,0,0,4825000,H014 - WH INFORMA JABABEKA,PT. CEHA LOGISTIK CEMERLANG,7,ON SCHEDULE,29,0,11.04.2026,12.03.2026,14.03.2026,30.03.2026,30.03.2026,13.04.2026,13.04.2026,,H014,WH INFORMA JABABEKA
R110260311H048_H014,WINGBOX,19120000,0,0,0,0,0,19120000,H014 - WH INFORMA JABABEKA,PT LOGISTIK CANGGIH INDONESIA,7,ON SCHEDULE,29,0,11.04.2026,12.03.2026,15.03.2026,25.03.2026,25.03.2026,27.03.2026,30.03.2026,,H014,WH INFORMA JABABEKA
R110260311H049_H014,CDD LONG CHASSIS,2850000,0,0,0,0,0,2850000,H014 - WH INFORMA JABABEKA,PT. BINTANG SAMUDRA RAYA,7,ON SCHEDULE,28,0,09.04.2026,11.03.2026,14.03.2026,27.03.2026,27.03.2026,06.04.2026,06.04.2026,,H014,WH INFORMA JABABEKA
R110260311H050_H014,CDD LONG CHASSIS,5800000,0,0,0,0,0,5800000,H014 - WH INFORMA JABABEKA,PT. AGUNG MAKMUR JAYA,7,ON SCHEDULE,28,0,10.04.2026,12.03.2026,14.03.2026,25.03.2026,25.03.2026,25.03.2026,25.03.2026,,H014,WH INFORMA JABABEKA
R110260311H053_H014,CDD LONG CHASSIS,5750000,0,0,0,0,750000,6500000,H014 - WH INFORMA JABABEKA,PT. DUTA LINTAS NUSA,7,ON SCHEDULE,28,0,11.04.2026,13.03.2026,15.03.2026,31.03.2026,01.04.2026,14.04.2026,20.04.2026,,H014,WH INFORMA JABABEKA
R110260311H054_H014,CDD LONG CHASSIS,10350000,0,0,0,0,0,10350000,H014 - WH INFORMA JABABEKA,PT.ORANG KREATIF EKSIS,7,ON SCHEDULE,30,0,12.04.2026,12.03.2026,17.03.2026,30.03.2026,30.03.2026,07.04.2026,07.04.2026,,H014,WH INFORMA JABABEKA
R110260311H055_H014,CDD LONG CHASSIS,1750000,0,0,0,0,0,1750000,H014 - WH INFORMA JABABEKA,PT. DUTA MEDIA MANDIRI,7,ON SCHEDULE,27,0,09.04.2026,12.03.2026,12.03.2026,12.03.2026,12.03.2026,13.03.2026,13.03.2026,,H014,WH INFORMA JABABEKA
R110260311H058_H014,CDD LONG CHASSIS,1750000,0,0,0,0,0,1750000,H014 - WH INFORMA JABABEKA,PT. DUTA MEDIA MANDIRI,7,ON SCHEDULE,27,0,08.04.2026,11.03.2026,12.03.2026,12.03.2026,12.03.2026,13.03.2026,13.03.2026,,H014,WH INFORMA JABABEKA
R110260311H059_H014,CDD LONG CHASSIS,5750000,0,0,0,0,0,5750000,H014 - WH INFORMA JABABEKA,PT. DUTA LINTAS NUSA,7,ON SCHEDULE,28,0,10.04.2026,12.03.2026,14.03.2026,31.03.2026,31.03.2026,14.04.2026,20.04.2026,,H014,WH INFORMA JABABEKA
R110260311H062_H014,CDD LONG CHASSIS,1900000,0,0,0,0,0,1900000,H014 - WH INFORMA JABABEKA,PT. ANTAR JARINGAN SEPANJANG JALAN,7,ON SCHEDULE,27,0,08.04.2026,11.03.2026,12.03.2026,12.03.2026,13.03.2026,02.04.2026,02.04.2026,,H014,WH INFORMA JABABEKA
R110260311H066_H014,CDD LONG CHASSIS,1900000,0,0,0,0,0,1900000,H014 - WH INFORMA JABABEKA,PT. ANTAR JARINGAN SEPANJANG JALAN,7,ON SCHEDULE,27,0,08.04.2026,11.03.2026,12.03.2026,12.03.2026,13.03.2026,02.04.2026,02.04.2026,,H014,WH INFORMA JABABEKA
R110260311H067_H014,CDD LONG CHASSIS,1900000,0,0,0,0,0,1900000,H014 - WH INFORMA JABABEKA,PT. ANTAR JARINGAN SEPANJANG JALAN,7,ON SCHEDULE,27,0,08.04.2026,11.03.2026,12.03.2026,12.03.2026,13.03.2026,01.04.2026,01.04.2026,,H014,WH INFORMA JABABEKA
R110260311H072_H014,CDD LONG CHASSIS,18500000,0,0,0,0,0,18500000,H014 - WH INFORMA JABABEKA,PT LOGISTIK CANGGIH INDONESIA,7,ON SCHEDULE,31,0,14.04.2026,13.03.2026,19.03.2026,25.03.2026,25.03.2026,27.03.2026,30.03.2026,,H014,WH INFORMA JABABEKA
R110260311H073_H014,CDD LONG CHASSIS,18500000,0,0,0,0,0,18500000,H014 - WH INFORMA JABABEKA,PT LOGISTIK CANGGIH INDONESIA,7,ON SCHEDULE,31,0,14.04.2026,13.03.2026,19.03.2026,25.03.2026,25.03.2026,27.03.2026,30.03.2026,,H014,WH INFORMA JABABEKA
R110260311H074_H014,CDD LONG CHASSIS,18500000,0,0,0,0,0,18500000,H014 - WH INFORMA JABABEKA,PT LOGISTIK CANGGIH INDONESIA,7,ON SCHEDULE,31,0,14.04.2026,13.03.2026,19.03.2026,25.03.2026,25.03.2026,27.03.2026,30.03.2026,,H014,WH INFORMA JABABEKA
R110260311L034_H014,CDD LONG CHASSIS,2100000,0,0,0,300000,0,2400000,H014 - WH INFORMA JABABEKA,PT. BINTANG SAMUDRA RAYA,7,ON SCHEDULE,27,0,10.04.2026,13.03.2026,15.03.2026,06.04.2026,06.04.2026,06.04.2026,06.04.2026,,H014,WH INFORMA JABABEKA
R110260311L035_H014,CDD LONG CHASSIS,2500000,0,0,0,0,0,2500000,H014 - WH INFORMA JABABEKA,PT. DUTA MEDIA MANDIRI,7,ON SCHEDULE,28,0,10.04.2026,12.03.2026,15.03.2026,26.03.2026,26.03.2026,30.03.2026,30.03.2026,,H014,WH INFORMA JABABEKA
R110260311L055_H014,CDD LONG CHASSIS,3600000,0,0,0,0,0,3600000,H014 - WH INFORMA JABABEKA,PT. BINTANG SAMUDRA RAYA,7,ON SCHEDULE,30,0,13.04.2026,13.03.2026,15.03.2026,27.03.2026,27.03.2026,31.03.2026,31.03.2026,,H014,WH INFORMA JABABEKA
R110260311L056_H014,CDD LONG CHASSIS,7500000,0,0,0,0,0,7500000,H014 - WH INFORMA JABABEKA,PT.ORANG KREATIF EKSIS,7,ON SCHEDULE,30,0,13.04.2026,13.03.2026,19.03.2026,07.05.2026,07.05.2026,11.05.2026,11.05.2026,,H014,WH INFORMA JABABEKA
R110260311L057_H014,WINGBOX,4500000,700000,0,0,0,0,5200000,H014 - WH INFORMA JABABEKA,PT. CEHA LOGISTIK CEMERLANG,7,ON SCHEDULE,29,0,11.04.2026,12.03.2026,14.03.2026,04.06.2026,05.06.2026,11.06.2026,12.06.2026,,H014,WH INFORMA JABABEKA
R110260311L082_H014,CDD LONG CHASSIS,2500000,0,0,0,0,0,2500000,H014 - WH INFORMA JABABEKA,PT. DUTA MEDIA MANDIRI,7,ON SCHEDULE,28,0,11.04.2026,13.03.2026,15.03.2026,26.03.2026,26.03.2026,30.03.2026,30.03.2026,,H014,WH INFORMA JABABEKA
R110260311L083_H014,CDD LONG CHASSIS,3900000,0,0,0,0,1800000,5700000,H014 - WH INFORMA JABABEKA,PT. CEHA LOGISTIK CEMERLANG,7,ON SCHEDULE,30,0,13.04.2026,13.03.2026,14.03.2026,31.03.2026,31.03.2026,02.04.2026,02.04.2026,,H014,WH INFORMA JABABEKA
R110260311L085_H014,CDD LONG CHASSIS,3600000,0,0,0,0,0,3600000,H014 - WH INFORMA JABABEKA,PT. BINTANG SAMUDRA RAYA,7,ON SCHEDULE,30,0,12.04.2026,12.03.2026,15.03.2026,27.03.2026,27.03.2026,31.03.2026,31.03.2026,,H014,WH INFORMA JABABEKA
R110260311L086_H014,CDD LONG CHASSIS,3800000,0,0,0,0,0,3800000,H014 - WH INFORMA JABABEKA,PT. CEHA LOGISTIK CEMERLANG,7,ON SCHEDULE,28,0,10.04.2026,12.03.2026,14.03.2026,30.03.2026,30.03.2026,13.04.2026,13.04.2026,,H014,WH INFORMA JABABEKA
R110260311L088_H014,CDD LONG CHASSIS,3800000,0,0,0,0,0,3800000,H014 - WH INFORMA JABABEKA,PT. CEHA LOGISTIK CEMERLANG,7,ON SCHEDULE,28,0,10.04.2026,12.03.2026,14.03.2026,30.03.2026,30.03.2026,13.04.2026,13.04.2026,,H014,WH INFORMA JABABEKA
R110260311L089_H014,CDD LONG CHASSIS,1900000,0,0,0,0,0,1900000,H014 - WH INFORMA JABABEKA,PT. ANTAR JARINGAN SEPANJANG JALAN,7,ON SCHEDULE,27,0,08.04.2026,11.03.2026,12.03.2026,12.03.2026,13.03.2026,02.04.2026,02.04.2026,,H014,WH INFORMA JABABEKA
R110260311L092_H014,CDD LONG CHASSIS,3800000,0,0,0,0,1800000,5600000,H014 - WH INFORMA JABABEKA,PT. CEHA LOGISTIK CEMERLANG,7,ON SCHEDULE,30,0,14.04.2026,14.03.2026,16.03.2026,31.03.2026,31.03.2026,02.04.2026,02.04.2026,,H014,WH INFORMA JABABEKA
R110260311L094_H014,CDD LONG CHASSIS,4250000,0,0,0,0,0,4250000,H014 - WH INFORMA JABABEKA,PT.AMANAH TRANSMULIA MANDIRI LOGISTIK,7,ON SCHEDULE,29,0,11.04.2026,12.03.2026,14.03.2026,25.03.2026,26.03.2026,27.03.2026,27.03.2026,,H014,WH INFORMA JABABEKA
R110260311T018_H014,WINGBOX,6200000,0,0,0,0,0,6200000,H014 - WH INFORMA JABABEKA,PT. SATRIA PIRANTI PERKASA,7,ON SCHEDULE,29,0,12.04.2026,13.03.2026,16.03.2026,08.04.2026,08.04.2026,16.04.2026,16.04.2026,,H014,WH INFORMA JABABEKA
R110260311T020_H014,CONT-40,8750000,0,0,0,0,0,8750000,H014 - WH INFORMA JABABEKA,PT. CIKARANG GERBANG SOLUSI,7,ON SCHEDULE,29,0,11.04.2026,12.03.2026,17.03.2026,22.06.2026,22.06.2026,24.06.2026,24.06.2026,,H014,WH INFORMA JABABEKA
R110260311T021_H014,CONT-40,8750000,0,0,0,0,0,8750000,H014 - WH INFORMA JABABEKA,PT. CIKARANG GERBANG SOLUSI,4,LATE,17,145,29.03.2026,11.03.2026,17.03.2026,29.06.2026,29.06.2026,22.07.2026,,,H014,WH INFORMA JABABEKA
R110260311T022_H014,WINGBOX,6700000,0,0,0,0,0,6700000,H014 - WH INFORMA JABABEKA,PT.DHANESWARA EXPRES,7,ON SCHEDULE,29,0,11.04.2026,12.03.2026,15.03.2026,30.03.2026,30.03.2026,02.04.2026,06.04.2026,,H014,WH INFORMA JABABEKA
R110260311T023_H014,CONT-40,23600000,0,0,0,0,0,23600000,H014 - WH INFORMA JABABEKA,PT. TPIL LOGISTICS,7,ON SCHEDULE,40,0,26.04.2026,16.03.2026,04.04.2026,22.06.2026,22.06.2026,30.06.2026,30.06.2026,,H014,WH INFORMA JABABEKA
R110260311T024_H014,WINGBOX,6700000,0,0,0,0,0,6700000,H014 - WH INFORMA JABABEKA,PT.DHANESWARA EXPRES,7,ON SCHEDULE,29,0,11.04.2026,12.03.2026,15.03.2026,30.03.2026,30.03.2026,02.04.2026,06.04.2026,,H014,WH INFORMA JABABEKA
R110260311T025_H014,CONT-40,8750000,0,0,0,0,0,8750000,H014 - WH INFORMA JABABEKA,PT. CIKARANG GERBANG SOLUSI,7,ON SCHEDULE,29,0,11.04.2026,12.03.2026,17.03.2026,22.06.2026,22.06.2026,24.06.2026,24.06.2026,,H014,WH INFORMA JABABEKA
R110260311T027_H014,CONT-40,8750000,0,0,0,0,0,8750000,H014 - WH INFORMA JABABEKA,PT. CIKARANG GERBANG SOLUSI,7,ON SCHEDULE,29,0,12.04.2026,13.03.2026,16.03.2026,22.06.2026,22.06.2026,24.06.2026,24.06.2026,,H014,WH INFORMA JABABEKA
R110260311T028_H014,CONT-40,20200000,0,0,1500000,0,0,21700000,H014 - WH INFORMA JABABEKA,PT. HAKKA HYDRO TIRTA,7,ON SCHEDULE,46,0,30.04.2026,14.03.2026,30.03.2026,05.06.2026,07.06.2026,08.06.2026,08.06.2026,,H014,WH INFORMA JABABEKA
R110260311T031_H014,WINGBOX,24000000,0,0,0,0,0,24000000,H014 - WH INFORMA JABABEKA,PT. CITRA SENTRAL EKSPRES,7,ON SCHEDULE,37,0,19.04.2026,12.03.2026,25.03.2026,16.04.2026,17.04.2026,17.04.2026,17.04.2026,,H014,WH INFORMA JABABEKA
R110260311T032_H014,CONT-40,30000000,0,0,1000000,0,0,31000000,H014 - WH INFORMA JABABEKA,PT. PAUS BIRU LOGISTIK,7,ON SCHEDULE,42,0,25.04.2026,13.03.2026,25.03.2026,06.05.2026,08.05.2026,19.05.2026,20.05.2026,,H014,WH INFORMA JABABEKA
R110260311T033_H014,WINGBOX,6700000,0,400000,0,0,1600000,8700000,H014 - WH INFORMA JABABEKA,PT.DHANESWARA EXPRES,7,ON SCHEDULE,29,0,12.04.2026,13.03.2026,16.03.2026,27.04.2026,28.04.2026,05.05.2026,05.05.2026,,H014,WH INFORMA JABABEKA
R110260311T034_H014,CONT-20,10500000,0,0,400000,0,0,10900000,H014 - WH INFORMA JABABEKA,PT. HAKKA HYDRO TIRTA,7,ON SCHEDULE,40,0,22.04.2026,12.03.2026,25.03.2026,01.04.2026,01.04.2026,02.04.2026,02.04.2026,,H014,WH INFORMA JABABEKA
R110260311T035_H014,CONT-40,20200000,0,0,1500000,0,0,21700000,H014 - WH INFORMA JABABEKA,PT. HAKKA HYDRO TIRTA,7,ON SCHEDULE,46,0,02.05.2026,16.03.2026,04.04.2026,13.04.2026,14.04.2026,14.04.2026,14.04.2026,,H014,WH INFORMA JABABEKA
R110260311T036_H014,CONT-40,25600000,0,0,0,0,0,25600000,H014 - WH INFORMA JABABEKA,PT. SENTOSAPRIMA ABADI,7,ON SCHEDULE,37,0,20.04.2026,13.03.2026,30.03.2026,12.05.2026,12.05.2026,18.05.2026,18.05.2026,,H014,WH INFORMA JABABEKA
R110260311T040_H014,CONT-20,15700000,0,0,0,0,0,15700000,H014 - WH INFORMA JABABEKA,PT. MITRA INTERTRANS FORWARDING,7,ON SCHEDULE,40,0,27.04.2026,17.03.2026,06.04.2026,06.05.2026,06.05.2026,07.05.2026,07.05.2026,,H014,WH INFORMA JABABEKA
R110260311T052_H014,WINGBOX,24000000,0,0,0,0,0,24000000,H014 - WH INFORMA JABABEKA,PT. CITRA SENTRAL EKSPRES,7,ON SCHEDULE,37,0,20.04.2026,13.03.2026,25.03.2026,16.04.2026,17.04.2026,17.04.2026,17.04.2026,,H014,WH INFORMA JABABEKA
R110260312H038_H014,WINGBOX,2350000,0,0,0,0,0,2350000,H014 - WH INFORMA JABABEKA,PT. BINTANG SAMUDRA RAYA,7,ON SCHEDULE,27,0,09.04.2026,12.03.2026,14.03.2026,27.03.2026,27.03.2026,31.03.2026,31.03.2026,,H014,WH INFORMA JABABEKA
R110260312H040_H014,WINGBOX,4500000,0,0,0,0,0,4500000,H014 - WH INFORMA JABABEKA,PT. CEHA LOGISTIK CEMERLANG,7,ON SCHEDULE,29,0,11.04.2026,12.03.2026,14.03.2026,30.03.2026,30.03.2026,13.04.2026,13.04.2026,,H014,WH INFORMA JABABEKA
R110260312H042_H014,WINGBOX,4500000,0,0,0,0,0,4500000,H014 - WH INFORMA JABABEKA,PT. CEHA LOGISTIK CEMERLANG,7,ON SCHEDULE,29,0,11.04.2026,12.03.2026,14.03.2026,30.03.2026,30.03.2026,13.04.2026,13.04.2026,,H014,WH INFORMA JABABEKA
R110260312H044_H014,CDD LONG CHASSIS,2250000,0,0,0,0,700000,2950000,H014 - WH INFORMA JABABEKA,PT. BINTANG SAMUDRA RAYA,7,ON SCHEDULE,27,0,10.04.2026,13.03.2026,15.03.2026,07.04.2026,07.04.2026,07.04.2026,07.04.2026,,H014,WH INFORMA JABABEKA
R110260312H044_H014,CDD LONG CHASSIS,2250000,0,0,0,0,700000,2950000,H014 - WH INFORMA JABABEKA,PT. BINTANG SAMUDRA RAYA,7,ON SCHEDULE,27,0,10.04.2026,13.03.2026,15.03.2026,07.04.2026,07.04.2026,07.04.2026,07.04.2026,,H014,WH INFORMA JABABEKA
R110260312H045_H014,WINGBOX,4825000,0,0,0,0,0,4825000,H014 - WH INFORMA JABABEKA,PT. CEHA LOGISTIK CEMERLANG,7,ON SCHEDULE,29,0,12.04.2026,13.03.2026,14.03.2026,30.03.2026,30.03.2026,13.04.2026,13.04.2026,,H014,WH INFORMA JABABEKA
R110260312H047_H014,WINGBOX,3500000,0,0,0,0,900000,4400000,H014 - WH INFORMA JABABEKA,PT. BINTANG SAMUDRA RAYA,7,ON SCHEDULE,29,0,12.04.2026,13.03.2026,15.03.2026,20.04.2026,21.04.2026,21.04.2026,21.04.2026,,H014,WH INFORMA JABABEKA
R110260312H047_H014,WINGBOX,3500000,0,0,0,0,900000,4400000,H014 - WH INFORMA JABABEKA,PT. BINTANG SAMUDRA RAYA,7,ON SCHEDULE,29,0,12.04.2026,13.03.2026,15.03.2026,20.04.2026,21.04.2026,21.04.2026,21.04.2026,,H014,WH INFORMA JABABEKA
R110260312H047_H014,WINGBOX,3500000,0,0,0,0,900000,4400000,H014 - WH INFORMA JABABEKA,PT. BINTANG SAMUDRA RAYA,7,ON SCHEDULE,29,0,12.04.2026,13.03.2026,15.03.2026,20.04.2026,21.04.2026,21.04.2026,21.04.2026,,H014,WH INFORMA JABABEKA
R110260312H048_H014,CONT-20,15500000,0,0,0,0,0,15500000,H014 - WH INFORMA JABABEKA,PT. TPIL LOGISTICS,7,ON SCHEDULE,42,0,26.04.2026,14.03.2026,26.03.2026,04.06.2026,04.06.2026,29.06.2026,29.06.2026,,H014,WH INFORMA JABABEKA
R110260312H049_H014,CDD LONG CHASSIS,1600000,0,0,0,0,0,1600000,H014 - WH INFORMA JABABEKA,PT. SATRIA PIRANTI PERKASA,7,ON SCHEDULE,27,0,09.04.2026,12.03.2026,14.03.2026,08.04.2026,08.04.2026,16.04.2026,16.04.2026,,H014,WH INFORMA JABABEKA
R110260312H051_H014,WINGBOX,11500000,0,0,0,0,900000,12400000,H014 - WH INFORMA JABABEKA,PT. BINTANG SAMUDRA RAYA,7,ON SCHEDULE,29,0,12.04.2026,13.03.2026,17.03.2026,07.04.2026,07.04.2026,07.04.2026,07.04.2026,,H014,WH INFORMA JABABEKA
R110260312H051_H014,WINGBOX,11500000,0,0,0,0,900000,12400000,H014 - WH INFORMA JABABEKA,PT. BINTANG SAMUDRA RAYA,7,ON SCHEDULE,29,0,12.04.2026,13.03.2026,17.03.2026,07.04.2026,07.04.2026,07.04.2026,07.04.2026,,H014,WH INFORMA JABABEKA
R110260312H052_H014,WINGBOX,2034000,0,0,0,0,0,2034000,H014 - WH INFORMA JABABEKA,PT. DUTA MEDIA MANDIRI,7,ON SCHEDULE,27,0,09.04.2026,12.03.2026,13.03.2026,13.03.2026,13.03.2026,30.03.2026,30.03.2026,,H014,WH INFORMA JABABEKA
R110260312H053_H014,WINGBOX,4500000,0,0,0,0,1800000,6300000,H014 - WH INFORMA JABABEKA,PT. CEHA LOGISTIK CEMERLANG,7,ON SCHEDULE,29,0,12.04.2026,13.03.2026,14.03.2026,31.03.2026,31.03.2026,02.04.2026,02.04.2026,,H014,WH INFORMA JABABEKA
R110260312H055_H014,CDD LONG CHASSIS,2850000,0,0,0,0,700000,3550000,H014 - WH INFORMA JABABEKA,PT. BINTANG SAMUDRA RAYA,7,ON SCHEDULE,28,0,10.04.2026,12.03.2026,15.03.2026,07.04.2026,07.04.2026,07.04.2026,07.04.2026,,H014,WH INFORMA JABABEKA
R110260312H055_H014,CDD LONG CHASSIS,2850000,0,0,0,0,700000,3550000,H014 - WH INFORMA JABABEKA,PT. BINTANG SAMUDRA RAYA,7,ON SCHEDULE,28,0,10.04.2026,12.03.2026,15.03.2026,07.04.2026,07.04.2026,07.04.2026,07.04.2026,,H014,WH INFORMA JABABEKA
R110260312H069_H014,WINGBOX,4500000,0,0,0,0,1800000,6300000,H014 - WH INFORMA JABABEKA,PT. CEHA LOGISTIK CEMERLANG,7,ON SCHEDULE,29,0,12.04.2026,13.03.2026,14.03.2026,31.03.2026,31.03.2026,02.04.2026,02.04.2026,,H014,WH INFORMA JABABEKA
R110260312H076_H014,CDD LONG CHASSIS,2850000,0,0,0,0,700000,3550000,H014 - WH INFORMA JABABEKA,PT. BINTANG SAMUDRA RAYA,7,ON SCHEDULE,28,0,10.04.2026,12.03.2026,15.03.2026,07.04.2026,07.04.2026,07.04.2026,07.04.2026,,H014,WH INFORMA JABABEKA
R110260312H076_H014,CDD LONG CHASSIS,2850000,0,0,0,0,700000,3550000,H014 - WH INFORMA JABABEKA,PT. BINTANG SAMUDRA RAYA,7,ON SCHEDULE,28,0,10.04.2026,12.03.2026,15.03.2026,07.04.2026,07.04.2026,07.04.2026,07.04.2026,,H014,WH INFORMA JABABEKA
R110260312H079_H014,WINGBOX,4825000,0,0,0,0,1800000,6625000,H014 - WH INFORMA JABABEKA,PT. CEHA LOGISTIK CEMERLANG,7,ON SCHEDULE,29,0,12.04.2026,13.03.2026,16.03.2026,31.03.2026,31.03.2026,02.04.2026,02.04.2026,,H014,WH INFORMA JABABEKA
R110260312H083_H014,CDD LONG CHASSIS,3600000,0,0,0,0,700000,4300000,H014 - WH INFORMA JABABEKA,PT. BINTANG SAMUDRA RAYA,7,ON SCHEDULE,29,0,12.04.2026,13.03.2026,16.03.2026,07.04.2026,07.04.2026,07.04.2026,07.04.2026,,H014,WH INFORMA JABABEKA
R110260312H083_H014,CDD LONG CHASSIS,3600000,0,0,0,0,700000,4300000,H014 - WH INFORMA JABABEKA,PT. BINTANG SAMUDRA RAYA,7,ON SCHEDULE,29,0,12.04.2026,13.03.2026,16.03.2026,07.04.2026,07.04.2026,07.04.2026,07.04.2026,,H014,WH INFORMA JABABEKA
R110260312L020_H014,CDD LONG CHASSIS,3500000,0,0,0,0,1800000,5300000,H014 - WH INFORMA JABABEKA,PT. CEHA LOGISTIK CEMERLANG,7,ON SCHEDULE,28,0,11.04.2026,13.03.2026,14.03.2026,31.03.2026,31.03.2026,02.04.2026,02.04.2026,,H014,WH INFORMA JABABEKA
R110260312L028_H014,CDD LONG CHASSIS,1400000,0,0,0,200000,700000,2300000,H014 - WH INFORMA JABABEKA,PT. BINTANG SAMUDRA RAYA,7,ON SCHEDULE,27,0,10.04.2026,13.03.2026,15.03.2026,17.04.2026,19.04.2026,20.04.2026,20.04.2026,,H014,WH INFORMA JABABEKA
R110260312L029_H014,CDD LONG CHASSIS,1400000,0,0,0,0,700000,2100000,H014 - WH INFORMA JABABEKA,PT. BINTANG SAMUDRA RAYA,7,ON SCHEDULE,27,0,10.04.2026,13.03.2026,15.03.2026,07.04.2026,07.04.2026,07.04.2026,07.04.2026,,H014,WH INFORMA JABABEKA
R110260312L029_H014,CDD LONG CHASSIS,1400000,0,0,0,0,700000,2100000,H014 - WH INFORMA JABABEKA,PT. BINTANG SAMUDRA RAYA,7,ON SCHEDULE,27,0,10.04.2026,13.03.2026,15.03.2026,07.04.2026,07.04.2026,07.04.2026,07.04.2026,,H014,WH INFORMA JABABEKA
R110260312L030_H014,CDD LONG CHASSIS,2200000,0,0,0,0,0,2200000,H014 - WH INFORMA JABABEKA,PT. AGUNG MAKMUR JAYA,7,ON SCHEDULE,28,0,12.04.2026,14.03.2026,15.03.2026,25.03.2026,25.03.2026,25.03.2026,25.03.2026,,H014,WH INFORMA JABABEKA
R110260312L031_H014,CDD LONG CHASSIS,2100000,0,0,0,300000,700000,3100000,H014 - WH INFORMA JABABEKA,PT. BINTANG SAMUDRA RAYA,7,ON SCHEDULE,27,0,10.04.2026,13.03.2026,15.03.2026,17.04.2026,19.04.2026,20.04.2026,20.04.2026,,H014,WH INFORMA JABABEKA
R110260312L031_H014,CDD LONG CHASSIS,2100000,0,0,0,300000,700000,3100000,H014 - WH INFORMA JABABEKA,PT. BINTANG SAMUDRA RAYA,7,ON SCHEDULE,27,0,10.04.2026,13.03.2026,15.03.2026,17.04.2026,19.04.2026,20.04.2026,20.04.2026,,H014,WH INFORMA JABABEKA
R110260312L031_H014,CDD LONG CHASSIS,2100000,0,0,0,300000,700000,3100000,H014 - WH INFORMA JABABEKA,PT. BINTANG SAMUDRA RAYA,7,ON SCHEDULE,27,0,10.04.2026,13.03.2026,15.03.2026,17.04.2026,19.04.2026,20.04.2026,20.04.2026,,H014,WH INFORMA JABABEKA
R110260312L046_H014,CDD LONG CHASSIS,1400000,0,0,0,200000,700000,2300000,H014 - WH INFORMA JABABEKA,PT. BINTANG SAMUDRA RAYA,7,ON SCHEDULE,27,0,10.04.2026,13.03.2026,15.03.2026,17.04.2026,19.04.2026,20.04.2026,20.04.2026,,H014,WH INFORMA JABABEKA
R110260312L050_H014,CDD LONG CHASSIS,1725000,0,0,0,0,700000,2425000,H014 - WH INFORMA JABABEKA,PT. BINTANG SAMUDRA RAYA,7,ON SCHEDULE,27,0,10.04.2026,13.03.2026,15.03.2026,14.04.2026,14.04.2026,14.04.2026,14.04.2026,,H014,WH INFORMA JABABEKA
R110260312L050_H014,CDD LONG CHASSIS,1725000,0,0,0,0,700000,2425000,H014 - WH INFORMA JABABEKA,PT. BINTANG SAMUDRA RAYA,7,ON SCHEDULE,27,0,10.04.2026,13.03.2026,15.03.2026,14.04.2026,14.04.2026,14.04.2026,14.04.2026,,H014,WH INFORMA JABABEKA
R110260312L050_H014,CDD LONG CHASSIS,1725000,0,0,0,0,700000,2425000,H014 - WH INFORMA JABABEKA,PT. BINTANG SAMUDRA RAYA,7,ON SCHEDULE,27,0,10.04.2026,13.03.2026,15.03.2026,14.04.2026,14.04.2026,14.04.2026,14.04.2026,,H014,WH INFORMA JABABEKA
R110260312L053_H014,CDD LONG CHASSIS,5800000,0,0,0,0,0,5800000,H014 - WH INFORMA JABABEKA,PT. AGUNG MAKMUR JAYA,7,ON SCHEDULE,28,0,12.04.2026,14.03.2026,15.03.2026,25.03.2026,25.03.2026,25.03.2026,25.03.2026,,H014,WH INFORMA JABABEKA
R110260312L055_H014,CDD LONG CHASSIS,3500000,0,0,0,0,0,3500000,H014 - WH INFORMA JABABEKA,PT. AGUNG MAKMUR JAYA,7,ON SCHEDULE,30,0,13.04.2026,13.03.2026,15.03.2026,25.03.2026,25.03.2026,25.03.2026,25.03.2026,,H014,WH INFORMA JABABEKA
R110260312L056_H014,WINGBOX,11500000,0,0,0,0,900000,12400000,H014 - WH INFORMA JABABEKA,PT. BINTANG SAMUDRA RAYA,7,ON SCHEDULE,30,0,13.04.2026,13.03.2026,17.03.2026,14.04.2026,14.04.2026,14.04.2026,14.04.2026,,H014,WH INFORMA JABABEKA
R110260312L056_H014,WINGBOX,11500000,0,0,0,0,900000,12400000,H014 - WH INFORMA JABABEKA,PT. BINTANG SAMUDRA RAYA,7,ON SCHEDULE,30,0,13.04.2026,13.03.2026,17.03.2026,14.04.2026,14.04.2026,14.04.2026,14.04.2026,,H014,WH INFORMA JABABEKA
R110260312L056_H014,WINGBOX,11500000,0,0,0,0,900000,12400000,H014 - WH INFORMA JABABEKA,PT. BINTANG SAMUDRA RAYA,7,ON SCHEDULE,30,0,13.04.2026,13.03.2026,17.03.2026,14.04.2026,14.04.2026,14.04.2026,14.04.2026,,H014,WH INFORMA JABABEKA
R110260312L057_H014,WINGBOX,11500000,0,0,0,0,900000,12400000,H014 - WH INFORMA JABABEKA,PT. BINTANG SAMUDRA RAYA,7,ON SCHEDULE,30,0,13.04.2026,13.03.2026,17.03.2026,08.04.2026,08.04.2026,08.04.2026,09.04.2026,,H014,WH INFORMA JABABEKA
R110260312L057_H014,WINGBOX,11500000,0,0,0,0,900000,12400000,H014 - WH INFORMA JABABEKA,PT. BINTANG SAMUDRA RAYA,7,ON SCHEDULE,30,0,13.04.2026,13.03.2026,17.03.2026,08.04.2026,08.04.2026,08.04.2026,09.04.2026,,H014,WH INFORMA JABABEKA
R110260312L057_H014,WINGBOX,11500000,0,0,0,0,900000,12400000,H014 - WH INFORMA JABABEKA,PT. BINTANG SAMUDRA RAYA,7,ON SCHEDULE,30,0,13.04.2026,13.03.2026,17.03.2026,08.04.2026,08.04.2026,08.04.2026,09.04.2026,,H014,WH INFORMA JABABEKA
R110260312L081_H014,CONT-20,12900000,0,0,400000,0,0,13300000,H014 - WH INFORMA JABABEKA,PT. WIDYA TRANS CARGO,7,ON SCHEDULE,42,0,27.04.2026,15.03.2026,26.03.2026,24.04.2026,24.04.2026,30.04.2026,30.04.2026,,H014,WH INFORMA JABABEKA
R110260312L082_H014,CDD LONG CHASSIS,13100000,0,0,0,0,0,13100000,H014 - WH INFORMA JABABEKA,PT.ORANG KREATIF EKSIS,7,ON SCHEDULE,30,0,24.04.2026,24.03.2026,28.03.2026,31.03.2026,31.03.2026,07.04.2026,07.04.2026,,H014,WH INFORMA JABABEKA
R110260312L084_H014,CDD LONG CHASSIS,12500000,0,0,0,0,0,12500000,H014 - WH INFORMA JABABEKA,PT.ORANG KREATIF EKSIS,7,ON SCHEDULE,31,0,17.04.2026,16.03.2026,25.03.2026,31.03.2026,31.03.2026,07.04.2026,07.04.2026,,H014,WH INFORMA JABABEKA
R110260312T017_H014,WINGBOX,6700000,0,0,0,0,1600000,8300000,H014 - WH INFORMA JABABEKA,PT.DHANESWARA EXPRES,7,ON SCHEDULE,29,0,12.04.2026,13.03.2026,,20.04.2026,21.04.2026,27.04.2026,27.04.2026,,H014,WH INFORMA JABABEKA
R110260312T017_H014,WINGBOX,6700000,0,0,0,0,1600000,8300000,H014 - WH INFORMA JABABEKA,PT.DHANESWARA EXPRES,7,ON SCHEDULE,29,0,12.04.2026,13.03.2026,,20.04.2026,21.04.2026,27.04.2026,27.04.2026,,H014,WH INFORMA JABABEKA
R110260312T017_H014,WINGBOX,6700000,0,0,0,0,1600000,8300000,H014 - WH INFORMA JABABEKA,PT.DHANESWARA EXPRES,7,ON SCHEDULE,29,0,12.04.2026,13.03.2026,,20.04.2026,21.04.2026,27.04.2026,27.04.2026,,H014,WH INFORMA JABABEKA
R110260312T020_H014,WINGBOX,6600000,0,0,0,0,500000,7100000,H014 - WH INFORMA JABABEKA,PT. JAYA MULYA ERALINDO,7,ON SCHEDULE,29,0,12.04.2026,13.03.2026,,02.04.2026,02.04.2026,06.04.2026,06.04.2026,,H014,WH INFORMA JABABEKA
R110260313H043_H014,WINGBOX,2350000,0,0,0,0,900000,3250000,H014 - WH INFORMA JABABEKA,PT. BINTANG SAMUDRA RAYA,7,ON SCHEDULE,27,0,10.04.2026,13.03.2026,15.03.2026,07.04.2026,07.04.2026,07.04.2026,07.04.2026,,H014,WH INFORMA JABABEKA
R110260313H043_H014,WINGBOX,2350000,0,0,0,0,900000,3250000,H014 - WH INFORMA JABABEKA,PT. BINTANG SAMUDRA RAYA,7,ON SCHEDULE,27,0,10.04.2026,13.03.2026,15.03.2026,07.04.2026,07.04.2026,07.04.2026,07.04.2026,,H014,WH INFORMA JABABEKA
R110260313H044_H014,FUSO,2300000,0,0,0,0,500000,2800000,H014 - WH INFORMA JABABEKA,PT. DUTA MEDIA MANDIRI,7,ON SCHEDULE,27,0,10.04.2026,13.03.2026,15.03.2026,26.03.2026,31.03.2026,01.04.2026,01.04.2026,,H014,WH INFORMA JABABEKA
R110260313H048_H014,WINGBOX,4600000,0,0,0,0,1800000,6400000,H014 - WH INFORMA JABABEKA,PT. CEHA LOGISTIK CEMERLANG,7,ON SCHEDULE,28,0,12.04.2026,14.03.2026,16.03.2026,30.03.2026,31.03.2026,02.04.2026,02.04.2026,,H014,WH INFORMA JABABEKA
R110260313H049_H014,CDD LONG CHASSIS,2200000,0,0,0,0,0,2200000,H014 - WH INFORMA JABABEKA,PT. AGUNG MAKMUR JAYA,7,ON SCHEDULE,27,0,11.04.2026,14.03.2026,15.03.2026,25.03.2026,25.03.2026,25.03.2026,25.03.2026,,H014,WH INFORMA JABABEKA
R110260313H050_H014,CDD LONG CHASSIS,18500000,0,0,0,0,400000,18900000,H014 - WH INFORMA JABABEKA,PT LOGISTIK CANGGIH INDONESIA,7,ON SCHEDULE,31,0,15.04.2026,14.03.2026,19.03.2026,02.04.2026,03.04.2026,07.04.2026,07.04.2026,,H014,WH INFORMA JABABEKA
R110260313H053_H014,WINGBOX,4825000,0,0,0,0,1800000,6625000,H014 - WH INFORMA JABABEKA,PT. CEHA LOGISTIK CEMERLANG,7,ON SCHEDULE,29,0,13.04.2026,14.03.2026,16.03.2026,30.03.2026,31.03.2026,02.04.2026,02.04.2026,,H014,WH INFORMA JABABEKA
R110260313H054_H014,CDD LONG CHASSIS,2250000,0,0,0,0,700000,2950000,H014 - WH INFORMA JABABEKA,PT. BINTANG SAMUDRA RAYA,7,ON SCHEDULE,27,0,10.04.2026,13.03.2026,15.03.2026,08.04.2026,08.04.2026,08.04.2026,09.04.2026,,H014,WH INFORMA JABABEKA
R110260313H054_H014,CDD LONG CHASSIS,2250000,0,0,0,0,700000,2950000,H014 - WH INFORMA JABABEKA,PT. BINTANG SAMUDRA RAYA,7,ON SCHEDULE,27,0,10.04.2026,13.03.2026,15.03.2026,08.04.2026,08.04.2026,08.04.2026,09.04.2026,,H014,WH INFORMA JABABEKA
R110260313H054_H014,CDD LONG CHASSIS,2250000,0,0,0,0,700000,2950000,H014 - WH INFORMA JABABEKA,PT. BINTANG SAMUDRA RAYA,7,ON SCHEDULE,27,0,10.04.2026,13.03.2026,15.03.2026,08.04.2026,08.04.2026,08.04.2026,09.04.2026,,H014,WH INFORMA JABABEKA
R110260313H055_H014,CDD LONG CHASSIS,2250000,0,0,0,0,700000,2950000,H014 - WH INFORMA JABABEKA,PT. BINTANG SAMUDRA RAYA,7,ON SCHEDULE,27,0,10.04.2026,13.03.2026,15.03.2026,07.04.2026,07.04.2026,07.04.2026,07.04.2026,,H014,WH INFORMA JABABEKA
R110260313H055_H014,CDD LONG CHASSIS,2250000,0,0,0,0,700000,2950000,H014 - WH INFORMA JABABEKA,PT. BINTANG SAMUDRA RAYA,7,ON SCHEDULE,27,0,10.04.2026,13.03.2026,15.03.2026,07.04.2026,07.04.2026,07.04.2026,07.04.2026,,H014,WH INFORMA JABABEKA
R110260313H056_H014,CDD LONG CHASSIS,2250000,0,0,0,0,700000,2950000,H014 - WH INFORMA JABABEKA,PT. BINTANG SAMUDRA RAYA,7,ON SCHEDULE,27,0,10.04.2026,13.03.2026,15.03.2026,07.04.2026,07.04.2026,07.04.2026,07.04.2026,,H014,WH INFORMA JABABEKA
R110260313H056_H014,CDD LONG CHASSIS,2250000,0,0,0,0,700000,2950000,H014 - WH INFORMA JABABEKA,PT. BINTANG SAMUDRA RAYA,7,ON SCHEDULE,27,0,10.04.2026,13.03.2026,15.03.2026,07.04.2026,07.04.2026,07.04.2026,07.04.2026,,H014,WH INFORMA JABABEKA
R110260313H057_H014,CDD LONG CHASSIS,2250000,0,0,0,0,700000,2950000,H014 - WH INFORMA JABABEKA,PT. BINTANG SAMUDRA RAYA,7,ON SCHEDULE,27,0,10.04.2026,13.03.2026,15.03.2026,21.04.2026,21.04.2026,07.05.2026,07.05.2026,,H014,WH INFORMA JABABEKA
R110260313H057_H014,CDD LONG CHASSIS,2250000,0,0,0,0,700000,2950000,H014 - WH INFORMA JABABEKA,PT. BINTANG SAMUDRA RAYA,7,ON SCHEDULE,27,0,10.04.2026,13.03.2026,15.03.2026,21.04.2026,21.04.2026,07.05.2026,07.05.2026,,H014,WH INFORMA JABABEKA
R110260313H058_H014,WINGBOX,11500000,0,0,0,0,900000,12400000,H014 - WH INFORMA JABABEKA,PT. BINTANG SAMUDRA RAYA,7,ON SCHEDULE,29,0,13.04.2026,14.03.2026,17.03.2026,21.04.2026,21.04.2026,22.04.2026,23.04.2026,,H014,WH INFORMA JABABEKA
R110260313H058_H014,WINGBOX,11500000,0,0,0,0,900000,12400000,H014 - WH INFORMA JABABEKA,PT. BINTANG SAMUDRA RAYA,7,ON SCHEDULE,29,0,13.04.2026,14.03.2026,17.03.2026,21.04.2026,21.04.2026,22.04.2026,23.04.2026,,H014,WH INFORMA JABABEKA
R110260313H073_H014,CDD LONG CHASSIS,5750000,0,0,0,0,750000,6500000,H014 - WH INFORMA JABABEKA,PT. DUTA LINTAS NUSA,7,ON SCHEDULE,28,0,13.04.2026,15.03.2026,17.03.2026,31.03.2026,01.04.2026,14.04.2026,20.04.2026,,H014,WH INFORMA JABABEKA
R110260313H074_H014,WINGBOX,4825000,0,0,0,0,1800000,6625000,H014 - WH INFORMA JABABEKA,PT. CEHA LOGISTIK CEMERLANG,7,ON SCHEDULE,29,0,13.04.2026,14.03.2026,16.03.2026,30.03.2026,31.03.2026,02.04.2026,02.04.2026,,H014,WH INFORMA JABABEKA
R110260313H075_H014,BIG MAMA,11500000,0,0,0,0,900000,12400000,H014 - WH INFORMA JABABEKA,PT. BINTANG SAMUDRA RAYA,7,ON SCHEDULE,29,0,13.04.2026,14.03.2026,17.03.2026,08.04.2026,08.04.2026,08.04.2026,09.04.2026,,H014,WH INFORMA JABABEKA
R110260313H075_H014,BIG MAMA,11500000,0,0,0,0,900000,12400000,H014 - WH INFORMA JABABEKA,PT. BINTANG SAMUDRA RAYA,7,ON SCHEDULE,29,0,13.04.2026,14.03.2026,17.03.2026,08.04.2026,08.04.2026,08.04.2026,09.04.2026,,H014,WH INFORMA JABABEKA
R110260313H075_H014,BIG MAMA,11500000,0,0,0,0,900000,12400000,H014 - WH INFORMA JABABEKA,PT. BINTANG SAMUDRA RAYA,7,ON SCHEDULE,29,0,13.04.2026,14.03.2026,17.03.2026,08.04.2026,08.04.2026,08.04.2026,09.04.2026,,H014,WH INFORMA JABABEKA
R110260313L027_H014,CDD LONG CHASSIS,3900000,0,0,0,0,700000,4600000,H014 - WH INFORMA JABABEKA,PT. BINTANG SAMUDRA RAYA,7,ON SCHEDULE,28,0,12.04.2026,14.03.2026,16.03.2026,07.04.2026,07.04.2026,07.04.2026,07.04.2026,,H014,WH INFORMA JABABEKA
R110260313L027_H014,CDD LONG CHASSIS,3900000,0,0,0,0,700000,4600000,H014 - WH INFORMA JABABEKA,PT. BINTANG SAMUDRA RAYA,7,ON SCHEDULE,28,0,12.04.2026,14.03.2026,16.03.2026,07.04.2026,07.04.2026,07.04.2026,07.04.2026,,H014,WH INFORMA JABABEKA
R110260313L029_H014,CDD LONG CHASSIS,3500000,0,0,0,0,0,3500000,H014 - WH INFORMA JABABEKA,PT. JASATAMA DIRGANTARA EKSPRES,7,ON SCHEDULE,27,0,14.04.2026,17.03.2026,27.03.2026,25.05.2026,25.05.2026,08.06.2026,08.06.2026,,H014,WH INFORMA JABABEKA
R110260313L058_H014,CDD LONG CHASSIS,3600000,0,0,0,0,700000,4300000,H014 - WH INFORMA JABABEKA,PT. BINTANG SAMUDRA RAYA,7,ON SCHEDULE,30,0,17.04.2026,17.03.2026,19.03.2026,08.04.2026,08.04.2026,08.04.2026,09.04.2026,,H014,WH INFORMA JABABEKA
R110260313L058_H014,CDD LONG CHASSIS,3600000,0,0,0,0,700000,4300000,H014 - WH INFORMA JABABEKA,PT. BINTANG SAMUDRA RAYA,7,ON SCHEDULE,30,0,17.04.2026,17.03.2026,19.03.2026,08.04.2026,08.04.2026,08.04.2026,09.04.2026,,H014,WH INFORMA JABABEKA
R110260313L058_H014,CDD LONG CHASSIS,3600000,0,0,0,0,700000,4300000,H014 - WH INFORMA JABABEKA,PT. BINTANG SAMUDRA RAYA,7,ON SCHEDULE,30,0,17.04.2026,17.03.2026,19.03.2026,08.04.2026,08.04.2026,08.04.2026,09.04.2026,,H014,WH INFORMA JABABEKA
R110260313L067_H014,CDD LONG CHASSIS,3900000,0,0,0,0,1800000,5700000,H014 - WH INFORMA JABABEKA,PT. CEHA LOGISTIK CEMERLANG,7,ON SCHEDULE,30,0,15.04.2026,15.03.2026,17.03.2026,30.03.2026,31.03.2026,09.04.2026,09.04.2026,,H014,WH INFORMA JABABEKA
R110260313L068_H014,CDD LONG CHASSIS,3900000,0,0,0,250000,1800000,5950000,H014 - WH INFORMA JABABEKA,PT. CEHA LOGISTIK CEMERLANG,7,ON SCHEDULE,30,0,14.04.2026,14.03.2026,16.03.2026,31.03.2026,31.03.2026,02.04.2026,02.04.2026,,H014,WH INFORMA JABABEKA
R110260313L069_H014,CDD LONG CHASSIS,1400000,0,0,0,0,700000,2100000,H014 - WH INFORMA JABABEKA,PT. BINTANG SAMUDRA RAYA,7,ON SCHEDULE,27,0,10.04.2026,13.03.2026,15.03.2026,07.04.2026,07.04.2026,07.04.2026,07.04.2026,,H014,WH INFORMA JABABEKA
R110260313L069_H014,CDD LONG CHASSIS,1400000,0,0,0,0,700000,2100000,H014 - WH INFORMA JABABEKA,PT. BINTANG SAMUDRA RAYA,7,ON SCHEDULE,27,0,10.04.2026,13.03.2026,15.03.2026,07.04.2026,07.04.2026,07.04.2026,07.04.2026,,H014,WH INFORMA JABABEKA
R110260313L070_H014,CDD LONG CHASSIS,1400000,0,0,0,0,700000,2100000,H014 - WH INFORMA JABABEKA,PT. BINTANG SAMUDRA RAYA,7,ON SCHEDULE,27,0,10.04.2026,13.03.2026,15.03.2026,07.04.2026,07.04.2026,07.04.2026,07.04.2026,,H014,WH INFORMA JABABEKA
R110260313L070_H014,CDD LONG CHASSIS,1400000,0,0,0,0,700000,2100000,H014 - WH INFORMA JABABEKA,PT. BINTANG SAMUDRA RAYA,7,ON SCHEDULE,27,0,10.04.2026,13.03.2026,15.03.2026,07.04.2026,07.04.2026,07.04.2026,07.04.2026,,H014,WH INFORMA JABABEKA
R110260313L071_H014,CDD LONG CHASSIS,1400000,0,0,0,0,700000,2100000,H014 - WH INFORMA JABABEKA,PT. BINTANG SAMUDRA RAYA,7,ON SCHEDULE,27,0,10.04.2026,13.03.2026,15.03.2026,07.04.2026,07.04.2026,07.04.2026,07.04.2026,,H014,WH INFORMA JABABEKA
R110260313L071_H014,CDD LONG CHASSIS,1400000,0,0,0,0,700000,2100000,H014 - WH INFORMA JABABEKA,PT. BINTANG SAMUDRA RAYA,7,ON SCHEDULE,27,0,10.04.2026,13.03.2026,15.03.2026,07.04.2026,07.04.2026,07.04.2026,07.04.2026,,H014,WH INFORMA JABABEKA
R110260313L072_H014,CDD LONG CHASSIS,4900000,0,0,0,150000,400000,5450000,H014 - WH INFORMA JABABEKA,PT.ORANG KREATIF EKSIS,7,ON SCHEDULE,28,0,13.04.2026,15.03.2026,16.03.2026,31.03.2026,31.03.2026,07.04.2026,07.04.2026,,H014,WH INFORMA JABABEKA
R110260313L072_H014,CDD LONG CHASSIS,4900000,0,0,0,150000,400000,5450000,H014 - WH INFORMA JABABEKA,PT.ORANG KREATIF EKSIS,7,ON SCHEDULE,28,0,13.04.2026,15.03.2026,16.03.2026,31.03.2026,31.03.2026,07.04.2026,07.04.2026,,H014,WH INFORMA JABABEKA
R110260313L075_H014,CDD LONG CHASSIS,3500000,0,0,0,0,1800000,5300000,H014 - WH INFORMA JABABEKA,PT. CEHA LOGISTIK CEMERLANG,7,ON SCHEDULE,28,0,11.04.2026,13.03.2026,16.03.2026,31.03.2026,31.03.2026,02.04.2026,02.04.2026,,H014,WH INFORMA JABABEKA
R110260313L077_H014,CDD LONG CHASSIS,3800000,0,0,0,0,1800000,5600000,H014 - WH INFORMA JABABEKA,PT. CEHA LOGISTIK CEMERLANG,7,ON SCHEDULE,28,0,11.04.2026,13.03.2026,16.03.2026,31.03.2026,31.03.2026,02.04.2026,02.04.2026,,H014,WH INFORMA JABABEKA
R110260313L078_H014,CDD LONG CHASSIS,3800000,0,0,0,0,1800000,5600000,H014 - WH INFORMA JABABEKA,PT. CEHA LOGISTIK CEMERLANG,7,ON SCHEDULE,28,0,12.04.2026,14.03.2026,16.03.2026,31.03.2026,31.03.2026,02.04.2026,02.04.2026,,H014,WH INFORMA JABABEKA
R110260313L085_H014,CDD LONG CHASSIS,5750000,0,0,0,0,750000,6500000,H014 - WH INFORMA JABABEKA,PT. DUTA LINTAS NUSA,7,ON SCHEDULE,26,0,11.04.2026,15.03.2026,17.03.2026,13.04.2026,13.04.2026,27.04.2026,29.04.2026,,H014,WH INFORMA JABABEKA
R110260313L109_H014,CDD LONG CHASSIS,3900000,0,0,0,0,1800000,5700000,H014 - WH INFORMA JABABEKA,PT. CEHA LOGISTIK CEMERLANG,7,ON SCHEDULE,30,0,17.04.2026,17.03.2026,27.03.2026,31.03.2026,31.03.2026,02.04.2026,02.04.2026,,H014,WH INFORMA JABABEKA
R110260313T013_H014,CONT-40,25600000,0,0,0,0,0,25600000,H014 - WH INFORMA JABABEKA,PT. SENTOSAPRIMA ABADI,7,ON SCHEDULE,37,0,20.04.2026,13.03.2026,30.03.2026,15.05.2026,15.05.2026,18.05.2026,18.05.2026,,H014,WH INFORMA JABABEKA
R110260313T014_H014,CONT-40,25600000,0,0,0,0,0,25600000,H014 - WH INFORMA JABABEKA,PT. SENTOSAPRIMA ABADI,7,ON SCHEDULE,37,0,20.04.2026,13.03.2026,30.03.2026,12.05.2026,12.05.2026,18.05.2026,18.05.2026,,H014,WH INFORMA JABABEKA
R110260313T016_H014,CONT-40,31500000,0,0,0,0,1500000,33000000,H014 - WH INFORMA JABABEKA,PT. PAUS BIRU LOGISTIK,7,ON SCHEDULE,40,0,25.04.2026,15.03.2026,04.04.2026,11.05.2026,11.05.2026,12.05.2026,20.05.2026,,H014,WH INFORMA JABABEKA
R110260313T017_H014,WINGBOX,5600000,0,0,0,0,900000,6500000,H014 - WH INFORMA JABABEKA,PT. BINTANG SAMUDRA RAYA,7,ON SCHEDULE,29,0,22.04.2026,23.03.2026,26.03.2026,15.04.2026,15.04.2026,15.04.2026,15.04.2026,,H014,WH INFORMA JABABEKA
R110260313T017_H014,WINGBOX,5600000,0,0,0,0,900000,6500000,H014 - WH INFORMA JABABEKA,PT. BINTANG SAMUDRA RAYA,7,ON SCHEDULE,29,0,22.04.2026,23.03.2026,26.03.2026,15.04.2026,15.04.2026,15.04.2026,15.04.2026,,H014,WH INFORMA JABABEKA
R110260313T017_H014,WINGBOX,5600000,0,0,0,0,900000,6500000,H014 - WH INFORMA JABABEKA,PT. BINTANG SAMUDRA RAYA,7,ON SCHEDULE,29,0,22.04.2026,23.03.2026,26.03.2026,15.04.2026,15.04.2026,15.04.2026,15.04.2026,,H014,WH INFORMA JABABEKA
R110260313T018_H014,WINGBOX,5600000,0,0,0,0,900000,6500000,H014 - WH INFORMA JABABEKA,PT. BINTANG SAMUDRA RAYA,7,ON SCHEDULE,29,0,12.04.2026,13.03.2026,16.03.2026,08.04.2026,08.04.2026,08.04.2026,09.04.2026,,H014,WH INFORMA JABABEKA
R110260313T018_H014,WINGBOX,5600000,0,0,0,0,900000,6500000,H014 - WH INFORMA JABABEKA,PT. BINTANG SAMUDRA RAYA,7,ON SCHEDULE,29,0,12.04.2026,13.03.2026,16.03.2026,08.04.2026,08.04.2026,08.04.2026,09.04.2026,,H014,WH INFORMA JABABEKA
R110260313T018_H014,WINGBOX,5600000,0,0,0,0,900000,6500000,H014 - WH INFORMA JABABEKA,PT. BINTANG SAMUDRA RAYA,7,ON SCHEDULE,29,0,12.04.2026,13.03.2026,16.03.2026,08.04.2026,08.04.2026,08.04.2026,09.04.2026,,H014,WH INFORMA JABABEKA
R110260313T019_H014,CONT-20,18900000,0,0,0,0,1500000,20400000,H014 - WH INFORMA JABABEKA,PT. PAUS BIRU LOGISTIK,7,ON SCHEDULE,40,0,25.04.2026,15.03.2026,04.04.2026,11.05.2026,11.05.2026,12.05.2026,20.05.2026,,H014,WH INFORMA JABABEKA
R110260313T020_H014,CONT-20,15000000,0,0,0,0,0,15000000,H014 - WH INFORMA JABABEKA,PT. SENTOSAPRIMA ABADI,7,ON SCHEDULE,37,0,20.04.2026,13.03.2026,30.03.2026,12.05.2026,12.05.2026,18.05.2026,18.05.2026,,H014,WH INFORMA JABABEKA
R110260313T023_H014,WINGBOX,6600000,0,0,0,0,500000,7100000,H014 - WH INFORMA JABABEKA,PT. JAYA MULYA ERALINDO,7,ON SCHEDULE,29,0,13.04.2026,14.03.2026,16.03.2026,01.04.2026,01.04.2026,02.04.2026,02.04.2026,,H014,WH INFORMA JABABEKA
R110260313T024_H014,WINGBOX,6600000,0,0,0,0,500000,7100000,H014 - WH INFORMA JABABEKA,PT. JAYA MULYA ERALINDO,7,ON SCHEDULE,29,0,14.04.2026,15.03.2026,19.03.2026,01.04.2026,01.04.2026,02.04.2026,02.04.2026,,H014,WH INFORMA JABABEKA
R110260313T035_H014,WINGBOX,6600000,0,0,0,0,500000,7100000,H014 - WH INFORMA JABABEKA,PT. JAYA MULYA ERALINDO,7,ON SCHEDULE,29,0,13.04.2026,14.03.2026,19.03.2026,01.04.2026,01.04.2026,02.04.2026,02.04.2026,,H014,WH INFORMA JABABEKA
R110260314H050_H014,WINGBOX,2034000,0,0,0,0,500000,2534000,H014 - WH INFORMA JABABEKA,PT. DUTA MEDIA MANDIRI,7,ON SCHEDULE,27,0,11.04.2026,14.03.2026,15.03.2026,26.03.2026,31.03.2026,01.04.2026,01.04.2026,,H014,WH INFORMA JABABEKA
R110260314H053_H014,WINGBOX,2034000,0,0,0,0,500000,2534000,H014 - WH INFORMA JABABEKA,PT. DUTA MEDIA MANDIRI,7,ON SCHEDULE,27,0,11.04.2026,14.03.2026,15.03.2026,26.03.2026,31.03.2026,01.04.2026,01.04.2026,,H014,WH INFORMA JABABEKA
R110260314H056_H014,CDD LONG CHASSIS,2350000,0,0,0,0,700000,3050000,H014 - WH INFORMA JABABEKA,PT. BINTANG SAMUDRA RAYA,7,ON SCHEDULE,29,0,13.04.2026,14.03.2026,16.03.2026,06.04.2026,06.04.2026,07.04.2026,07.04.2026,,H014,WH INFORMA JABABEKA
R110260314H056_H014,CDD LONG CHASSIS,2350000,0,0,0,0,700000,3050000,H014 - WH INFORMA JABABEKA,PT. BINTANG SAMUDRA RAYA,7,ON SCHEDULE,29,0,13.04.2026,14.03.2026,16.03.2026,06.04.2026,06.04.2026,07.04.2026,07.04.2026,,H014,WH INFORMA JABABEKA
R110260314H057_H014,CDD LONG CHASSIS,2350000,0,0,0,0,700000,3050000,H014 - WH INFORMA JABABEKA,PT. BINTANG SAMUDRA RAYA,7,ON SCHEDULE,29,0,13.04.2026,14.03.2026,16.03.2026,08.04.2026,08.04.2026,08.04.2026,09.04.2026,,H014,WH INFORMA JABABEKA
R110260314H057_H014,CDD LONG CHASSIS,2350000,0,0,0,0,700000,3050000,H014 - WH INFORMA JABABEKA,PT. BINTANG SAMUDRA RAYA,7,ON SCHEDULE,29,0,13.04.2026,14.03.2026,16.03.2026,08.04.2026,08.04.2026,08.04.2026,09.04.2026,,H014,WH INFORMA JABABEKA
R110260314H057_H014,CDD LONG CHASSIS,2350000,0,0,0,0,700000,3050000,H014 - WH INFORMA JABABEKA,PT. BINTANG SAMUDRA RAYA,7,ON SCHEDULE,29,0,13.04.2026,14.03.2026,16.03.2026,08.04.2026,08.04.2026,08.04.2026,09.04.2026,,H014,WH INFORMA JABABEKA
R110260314H059_H014,CDD LONG,2600000,0,0,0,0,0,2600000,H014 - WH INFORMA JABABEKA,PT. SATRIA PIRANTI PERKASA,7,ON SCHEDULE,29,0,14.04.2026,15.03.2026,19.03.2026,08.04.2026,08.04.2026,16.04.2026,16.04.2026,,H014,WH INFORMA JABABEKA
R110260314H061_H014,CDD LONG CHASSIS,3500000,0,0,0,0,1800000,5300000,H014 - WH INFORMA JABABEKA,PT. CEHA LOGISTIK CEMERLANG,7,ON SCHEDULE,29,0,13.04.2026,14.03.2026,16.03.2026,31.03.2026,31.03.2026,02.04.2026,02.04.2026,,H014,WH INFORMA JABABEKA
R110260314H062_H014,CDD LONG CHASSIS,3500000,0,0,0,0,1800000,5300000,H014 - WH INFORMA JABABEKA,PT. CEHA LOGISTIK CEMERLANG,7,ON SCHEDULE,29,0,13.04.2026,14.03.2026,16.03.2026,31.03.2026,31.03.2026,02.04.2026,02.04.2026,,H014,WH INFORMA JABABEKA
R110260314H063_H014,CDD LONG CHASSIS,3500000,0,0,0,0,1800000,5300000,H014 - WH INFORMA JABABEKA,PT. CEHA LOGISTIK CEMERLANG,7,ON SCHEDULE,29,0,13.04.2026,14.03.2026,16.03.2026,02.04.2026,02.04.2026,02.04.2026,06.04.2026,,H014,WH INFORMA JABABEKA
R110260314H065_H014,CDD LONG CHASSIS,3900000,0,0,0,0,1800000,5700000,H014 - WH INFORMA JABABEKA,PT. CEHA LOGISTIK CEMERLANG,7,ON SCHEDULE,29,0,14.04.2026,15.03.2026,17.03.2026,31.03.2026,31.03.2026,02.04.2026,02.04.2026,,H014,WH INFORMA JABABEKA
R110260314H066_H014,CDD LONG CHASSIS,9300000,0,0,0,0,0,9300000,H014 - WH INFORMA JABABEKA,PT. AGUNG MAKMUR JAYA,7,ON SCHEDULE,33,0,18.04.2026,15.03.2026,17.03.2026,25.03.2026,25.03.2026,26.03.2026,26.03.2026,,H014,WH INFORMA JABABEKA
R110260314H067_H014,CDD LONG CHASSIS,3500000,0,0,0,0,1800000,5300000,H014 - WH INFORMA JABABEKA,PT. CEHA LOGISTIK CEMERLANG,7,ON SCHEDULE,29,0,13.04.2026,14.03.2026,16.03.2026,31.03.2026,31.03.2026,02.04.2026,02.04.2026,,H014,WH INFORMA JABABEKA
R110260314H068_H014,CDD LONG CHASSIS,9300000,0,0,0,0,0,9300000,H014 - WH INFORMA JABABEKA,PT. AGUNG MAKMUR JAYA,7,ON SCHEDULE,33,0,18.04.2026,15.03.2026,17.03.2026,25.03.2026,25.03.2026,26.03.2026,26.03.2026,,H014,WH INFORMA JABABEKA
R110260314H069_H014,CDD LONG CHASSIS,2850000,0,0,0,0,700000,3550000,H014 - WH INFORMA JABABEKA,PT. BINTANG SAMUDRA RAYA,7,ON SCHEDULE,28,0,12.04.2026,14.03.2026,16.03.2026,06.04.2026,06.04.2026,07.04.2026,07.04.2026,,H014,WH INFORMA JABABEKA
R110260314H069_H014,CDD LONG CHASSIS,2850000,0,0,0,0,700000,3550000,H014 - WH INFORMA JABABEKA,PT. BINTANG SAMUDRA RAYA,7,ON SCHEDULE,28,0,12.04.2026,14.03.2026,16.03.2026,06.04.2026,06.04.2026,07.04.2026,07.04.2026,,H014,WH INFORMA JABABEKA
R110260314H070_H014,CDD LONG CHASSIS,3500000,0,0,0,0,1800000,5300000,H014 - WH INFORMA JABABEKA,PT. CEHA LOGISTIK CEMERLANG,7,ON SCHEDULE,29,0,14.04.2026,15.03.2026,16.03.2026,31.03.2026,31.03.2026,02.04.2026,02.04.2026,,H014,WH INFORMA JABABEKA
R110260314H071_H014,CDD,3500000,0,0,0,0,1800000,5300000,H014 - WH INFORMA JABABEKA,PT. CEHA LOGISTIK CEMERLANG,7,ON SCHEDULE,29,0,14.04.2026,15.03.2026,16.03.2026,30.03.2026,31.03.2026,02.04.2026,02.04.2026,,H014,WH INFORMA JABABEKA
R110260314H076_H014,CDD LONG CHASSIS,3500000,0,0,0,0,1800000,5300000,H014 - WH INFORMA JABABEKA,PT. CEHA LOGISTIK CEMERLANG,7,ON SCHEDULE,29,0,13.04.2026,14.03.2026,16.03.2026,31.03.2026,31.03.2026,02.04.2026,02.04.2026,,H014,WH INFORMA JABABEKA
R110260314H082_H014,WINGBOX,2034000,0,0,0,0,500000,2534000,H014 - WH INFORMA JABABEKA,PT. DUTA MEDIA MANDIRI,7,ON SCHEDULE,27,0,11.04.2026,14.03.2026,15.03.2026,26.03.2026,31.03.2026,01.04.2026,01.04.2026,,H014,WH INFORMA JABABEKA
R110260314H083_H014,CDD LONG CHASSIS,1400000,0,0,0,0,700000,2100000,H014 - WH INFORMA JABABEKA,PT. BINTANG SAMUDRA RAYA,7,ON SCHEDULE,27,0,11.04.2026,14.03.2026,15.03.2026,07.04.2026,07.04.2026,07.04.2026,07.04.2026,,H014,WH INFORMA JABABEKA
R110260314H083_H014,CDD LONG CHASSIS,1400000,0,0,0,0,700000,2100000,H014 - WH INFORMA JABABEKA,PT. BINTANG SAMUDRA RAYA,7,ON SCHEDULE,27,0,11.04.2026,14.03.2026,15.03.2026,07.04.2026,07.04.2026,07.04.2026,07.04.2026,,H014,WH INFORMA JABABEKA
R110260314H085_H014,CDD LONG CHASSIS,2350000,0,0,0,0,700000,3050000,H014 - WH INFORMA JABABEKA,PT. BINTANG SAMUDRA RAYA,7,ON SCHEDULE,29,0,13.04.2026,14.03.2026,16.03.2026,06.04.2026,06.04.2026,07.04.2026,07.04.2026,,H014,WH INFORMA JABABEKA
R110260314H085_H014,CDD LONG CHASSIS,2350000,0,0,0,0,700000,3050000,H014 - WH INFORMA JABABEKA,PT. BINTANG SAMUDRA RAYA,7,ON SCHEDULE,29,0,13.04.2026,14.03.2026,16.03.2026,06.04.2026,06.04.2026,07.04.2026,07.04.2026,,H014,WH INFORMA JABABEKA
R110260314H089_H014,CDD LONG CHASSIS,5750000,0,0,0,0,750000,6500000,H014 - WH INFORMA JABABEKA,PT. DUTA LINTAS NUSA,7,ON SCHEDULE,28,0,13.04.2026,15.03.2026,17.03.2026,31.03.2026,01.04.2026,14.04.2026,20.04.2026,,H014,WH INFORMA JABABEKA
R110260314H092_H014,CDD LONG CHASSIS,7500000,0,0,0,0,600000,8100000,H014 - WH INFORMA JABABEKA,PT.ORANG KREATIF EKSIS,7,ON SCHEDULE,29,0,14.04.2026,15.03.2026,17.03.2026,31.03.2026,31.03.2026,07.04.2026,07.04.2026,,H014,WH INFORMA JABABEKA
R110260314H092_H014,CDD LONG CHASSIS,7500000,0,0,0,0,600000,8100000,H014 - WH INFORMA JABABEKA,PT.ORANG KREATIF EKSIS,7,ON SCHEDULE,29,0,14.04.2026,15.03.2026,17.03.2026,31.03.2026,31.03.2026,07.04.2026,07.04.2026,,H014,WH INFORMA JABABEKA
R110260314H093_H014,CDD LONG CHASSIS,3900000,0,0,0,0,1800000,5700000,H014 - WH INFORMA JABABEKA,PT. CEHA LOGISTIK CEMERLANG,7,ON SCHEDULE,29,0,14.04.2026,15.03.2026,17.03.2026,31.03.2026,31.03.2026,02.04.2026,02.04.2026,,H014,WH INFORMA JABABEKA
R110260314H094_H014,CDD LONG CHASSIS,3900000,0,0,0,0,1800000,5700000,H014 - WH INFORMA JABABEKA,PT. CEHA LOGISTIK CEMERLANG,7,ON SCHEDULE,29,0,14.04.2026,15.03.2026,17.03.2026,31.03.2026,31.03.2026,02.04.2026,02.04.2026,,H014,WH INFORMA JABABEKA
R110260314H095_H014,CDD LONG CHASSIS,5750000,0,0,0,0,750000,6500000,H014 - WH INFORMA JABABEKA,PT. DUTA LINTAS NUSA,7,ON SCHEDULE,28,0,13.04.2026,15.03.2026,17.03.2026,13.04.2026,13.04.2026,27.04.2026,29.04.2026,,H014,WH INFORMA JABABEKA
R110260314H096_H014,CDD LONG CHASSIS,5800000,0,0,0,0,0,5800000,H014 - WH INFORMA JABABEKA,PT. AGUNG MAKMUR JAYA,7,ON SCHEDULE,28,0,14.04.2026,16.03.2026,17.03.2026,25.03.2026,25.03.2026,01.04.2026,01.04.2026,,H014,WH INFORMA JABABEKA
R110260314H099_H014,CDD LONG CHASSIS,3600000,0,0,0,0,700000,4300000,H014 - WH INFORMA JABABEKA,PT. BINTANG SAMUDRA RAYA,7,ON SCHEDULE,29,0,15.04.2026,16.03.2026,19.03.2026,08.04.2026,08.04.2026,08.04.2026,09.04.2026,,H014,WH INFORMA JABABEKA
R110260314H099_H014,CDD LONG CHASSIS,3600000,0,0,0,0,700000,4300000,H014 - WH INFORMA JABABEKA,PT. BINTANG SAMUDRA RAYA,7,ON SCHEDULE,29,0,15.04.2026,16.03.2026,19.03.2026,08.04.2026,08.04.2026,08.04.2026,09.04.2026,,H014,WH INFORMA JABABEKA
R110260314H099_H014,CDD LONG CHASSIS,3600000,0,0,0,0,700000,4300000,H014 - WH INFORMA JABABEKA,PT. BINTANG SAMUDRA RAYA,7,ON SCHEDULE,29,0,15.04.2026,16.03.2026,19.03.2026,08.04.2026,08.04.2026,08.04.2026,09.04.2026,,H014,WH INFORMA JABABEKA
R110260314H100_H014,,3600000,0,0,0,0,700000,4300000,H014 - WH INFORMA JABABEKA,PT. BINTANG SAMUDRA RAYA,7,ON SCHEDULE,29,0,15.04.2026,16.03.2026,19.03.2026,08.04.2026,08.04.2026,08.04.2026,09.04.2026,,H014,WH INFORMA JABABEKA
R110260314H100_H014,,3600000,0,0,0,0,700000,4300000,H014 - WH INFORMA JABABEKA,PT. BINTANG SAMUDRA RAYA,7,ON SCHEDULE,29,0,15.04.2026,16.03.2026,19.03.2026,08.04.2026,08.04.2026,08.04.2026,09.04.2026,,H014,WH INFORMA JABABEKA
R110260314H100_H014,,3600000,0,0,0,0,700000,4300000,H014 - WH INFORMA JABABEKA,PT. BINTANG SAMUDRA RAYA,7,ON SCHEDULE,29,0,15.04.2026,16.03.2026,19.03.2026,08.04.2026,08.04.2026,08.04.2026,09.04.2026,,H014,WH INFORMA JABABEKA
R110260314H101_H014,CDD LONG CHASSIS,10200000,0,0,0,0,400000,10600000,H014 - WH INFORMA JABABEKA,PT LOGISTIK CANGGIH INDONESIA,7,ON SCHEDULE,29,0,15.04.2026,16.03.2026,25.03.2026,02.04.2026,03.04.2026,08.04.2026,08.04.2026,,H014,WH INFORMA JABABEKA
R110260314H105_H014,BIG MAMA,5750000,0,0,0,0,750000,6500000,H014 - WH INFORMA JABABEKA,PT. DUTA LINTAS NUSA,7,ON SCHEDULE,28,0,13.04.2026,15.03.2026,16.03.2026,31.03.2026,01.04.2026,14.04.2026,20.04.2026,,H014,WH INFORMA JABABEKA
R110260314L026_H014,CDD LONG CHASSIS,3900000,0,0,0,0,1800000,5700000,H014 - WH INFORMA JABABEKA,PT. CEHA LOGISTIK CEMERLANG,7,ON SCHEDULE,28,0,13.04.2026,15.03.2026,17.03.2026,02.04.2026,02.04.2026,02.04.2026,06.04.2026,,H014,WH INFORMA JABABEKA
R110260314L027_H014,CDD LONG CHASSIS,3900000,0,0,0,0,1800000,5700000,H014 - WH INFORMA JABABEKA,PT. CEHA LOGISTIK CEMERLANG,7,ON SCHEDULE,30,0,15.04.2026,15.03.2026,17.03.2026,31.03.2026,31.03.2026,02.04.2026,02.04.2026,,H014,WH INFORMA JABABEKA
R110260314L028_H014,CDD LONG CHASSIS,3900000,0,0,0,0,1800000,5700000,H014 - WH INFORMA JABABEKA,PT. CEHA LOGISTIK CEMERLANG,7,ON SCHEDULE,29,0,14.04.2026,15.03.2026,17.03.2026,31.03.2026,01.04.2026,02.04.2026,06.04.2026,,H014,WH INFORMA JABABEKA
R110260314L033_H014,CDD LONG CHASSIS,3500000,0,0,0,0,1800000,5300000,H014 - WH INFORMA JABABEKA,PT. CEHA LOGISTIK CEMERLANG,7,ON SCHEDULE,29,0,14.04.2026,15.03.2026,17.03.2026,31.03.2026,31.03.2026,02.04.2026,02.04.2026,,H014,WH INFORMA JABABEKA
R110260314L047_H014,CDD LONG CHASSIS,1400000,0,0,0,0,700000,2100000,H014 - WH INFORMA JABABEKA,PT. BINTANG SAMUDRA RAYA,7,ON SCHEDULE,27,0,12.04.2026,15.03.2026,16.03.2026,06.04.2026,06.04.2026,07.04.2026,07.04.2026,,H014,WH INFORMA JABABEKA
R110260314L047_H014,CDD LONG CHASSIS,1400000,0,0,0,0,700000,2100000,H014 - WH INFORMA JABABEKA,PT. BINTANG SAMUDRA RAYA,7,ON SCHEDULE,27,0,12.04.2026,15.03.2026,16.03.2026,06.04.2026,06.04.2026,07.04.2026,07.04.2026,,H014,WH INFORMA JABABEKA
R110260314L051_H014,CDD LONG CHASSIS,1400000,0,0,0,0,700000,2100000,H014 - WH INFORMA JABABEKA,PT. BINTANG SAMUDRA RAYA,7,ON SCHEDULE,27,0,12.04.2026,15.03.2026,16.03.2026,06.04.2026,06.04.2026,07.04.2026,07.04.2026,,H014,WH INFORMA JABABEKA
R110260314L051_H014,CDD LONG CHASSIS,1400000,0,0,0,0,700000,2100000,H014 - WH INFORMA JABABEKA,PT. BINTANG SAMUDRA RAYA,7,ON SCHEDULE,27,0,12.04.2026,15.03.2026,16.03.2026,06.04.2026,06.04.2026,07.04.2026,07.04.2026,,H014,WH INFORMA JABABEKA
R110260314L065_H014,CDD LONG CHASSIS,2900000,0,0,0,0,0,2900000,H014 - WH INFORMA JABABEKA,PT. AGUNG MAKMUR JAYA,7,ON SCHEDULE,28,0,13.04.2026,15.03.2026,17.03.2026,25.03.2026,25.03.2026,26.03.2026,26.03.2026,,H014,WH INFORMA JABABEKA
R110260314L066_H014,CDD LONG CHASSIS,4900000,0,0,0,0,400000,5300000,H014 - WH INFORMA JABABEKA,PT.ORANG KREATIF EKSIS,7,ON SCHEDULE,26,0,11.04.2026,15.03.2026,17.03.2026,31.03.2026,31.03.2026,07.04.2026,07.04.2026,,H014,WH INFORMA JABABEKA
R110260314L066_H014,CDD LONG CHASSIS,4900000,0,0,0,0,400000,5300000,H014 - WH INFORMA JABABEKA,PT.ORANG KREATIF EKSIS,7,ON SCHEDULE,26,0,11.04.2026,15.03.2026,17.03.2026,31.03.2026,31.03.2026,07.04.2026,07.04.2026,,H014,WH INFORMA JABABEKA
R110260314L068_H014,CDD LONG CHASSIS,7500000,0,0,0,0,600000,8100000,H014 - WH INFORMA JABABEKA,PT.ORANG KREATIF EKSIS,7,ON SCHEDULE,30,0,16.04.2026,16.03.2026,19.03.2026,31.03.2026,31.03.2026,07.04.2026,07.04.2026,,H014,WH INFORMA JABABEKA
R110260314L068_H014,CDD LONG CHASSIS,7500000,0,0,0,0,600000,8100000,H014 - WH INFORMA JABABEKA,PT.ORANG KREATIF EKSIS,7,ON SCHEDULE,30,0,16.04.2026,16.03.2026,19.03.2026,31.03.2026,31.03.2026,07.04.2026,07.04.2026,,H014,WH INFORMA JABABEKA
R110260314T014_H014,CDD LONG CHASSIS,5980000,0,0,0,0,750000,6730000,H014 - WH INFORMA JABABEKA,PT. DUTA LINTAS NUSA,7,ON SCHEDULE,29,0,14.04.2026,15.03.2026,19.03.2026,13.04.2026,13.04.2026,27.04.2026,29.04.2026,,H014,WH INFORMA JABABEKA
R110260315H037_H014,CDD LONG CHASSIS,2250000,0,0,0,0,700000,2950000,H014 - WH INFORMA JABABEKA,PT. BINTANG SAMUDRA RAYA,7,ON SCHEDULE,27,0,12.04.2026,15.03.2026,16.03.2026,06.04.2026,06.04.2026,07.04.2026,07.04.2026,,H014,WH INFORMA JABABEKA
R110260315H037_H014,CDD LONG CHASSIS,2250000,0,0,0,0,700000,2950000,H014 - WH INFORMA JABABEKA,PT. BINTANG SAMUDRA RAYA,7,ON SCHEDULE,27,0,12.04.2026,15.03.2026,16.03.2026,06.04.2026,06.04.2026,07.04.2026,07.04.2026,,H014,WH INFORMA JABABEKA
R110260315H038_H014,CDD LONG CHASSIS,2250000,0,0,0,0,700000,2950000,H014 - WH INFORMA JABABEKA,PT. BINTANG SAMUDRA RAYA,7,ON SCHEDULE,27,0,12.04.2026,15.03.2026,16.03.2026,06.04.2026,06.04.2026,07.04.2026,07.04.2026,,H014,WH INFORMA JABABEKA
R110260315H038_H014,CDD LONG CHASSIS,2250000,0,0,0,0,700000,2950000,H014 - WH INFORMA JABABEKA,PT. BINTANG SAMUDRA RAYA,7,ON SCHEDULE,27,0,12.04.2026,15.03.2026,16.03.2026,06.04.2026,06.04.2026,07.04.2026,07.04.2026,,H014,WH INFORMA JABABEKA
R110260315H039_H014,CDD LONG CHASSIS,1900000,0,0,0,0,0,1900000,H014 - WH INFORMA JABABEKA,PT. ANTAR JARINGAN SEPANJANG JALAN,7,ON SCHEDULE,27,0,12.04.2026,15.03.2026,16.03.2026,25.03.2026,26.03.2026,01.04.2026,01.04.2026,,H014,WH INFORMA JABABEKA
R110260315H040_H014,CDD LONG CHASSIS,1900000,0,0,0,0,0,1900000,H014 - WH INFORMA JABABEKA,PT. ANTAR JARINGAN SEPANJANG JALAN,7,ON SCHEDULE,27,0,12.04.2026,15.03.2026,16.03.2026,25.03.2026,26.03.2026,02.04.2026,02.04.2026,,H014,WH INFORMA JABABEKA
R110260315H041_H014,CDD LONG CHASSIS,1900000,0,0,0,0,0,1900000,H014 - WH INFORMA JABABEKA,PT. ANTAR JARINGAN SEPANJANG JALAN,7,ON SCHEDULE,27,0,12.04.2026,15.03.2026,16.03.2026,25.03.2026,26.03.2026,02.04.2026,02.04.2026,,H014,WH INFORMA JABABEKA
R110260315H042_H014,CDD LONG CHASSIS,1900000,0,0,0,0,0,1900000,H014 - WH INFORMA JABABEKA,PT. ANTAR JARINGAN SEPANJANG JALAN,7,ON SCHEDULE,27,0,12.04.2026,15.03.2026,16.03.2026,25.03.2026,26.03.2026,02.04.2026,02.04.2026,,H014,WH INFORMA JABABEKA
R110260315H044_H014,CDD LONG CHASSIS,5800000,0,0,0,0,0,5800000,H014 - WH INFORMA JABABEKA,PT. AGUNG MAKMUR JAYA,7,ON SCHEDULE,28,0,14.04.2026,16.03.2026,17.03.2026,25.03.2026,25.03.2026,01.04.2026,01.04.2026,,H014,WH INFORMA JABABEKA
R110260315H046_H014,CDD LONG CHASSIS,5750000,0,0,0,0,750000,6500000,H014 - WH INFORMA JABABEKA,PT. DUTA LINTAS NUSA,7,ON SCHEDULE,28,0,14.04.2026,16.03.2026,19.03.2026,13.04.2026,13.04.2026,27.04.2026,29.04.2026,,H014,WH INFORMA JABABEKA
R110260315H047_H014,CDD LONG CHASSIS,5750000,0,0,0,0,750000,6500000,H014 - WH INFORMA JABABEKA,PT. DUTA LINTAS NUSA,7,ON SCHEDULE,28,0,14.04.2026,16.03.2026,17.03.2026,13.04.2026,13.04.2026,27.04.2026,29.04.2026,,H014,WH INFORMA JABABEKA
R110260315H048_H014,CDD LONG CHASSIS,2200000,0,0,0,0,0,2200000,H014 - WH INFORMA JABABEKA,PT. AGUNG MAKMUR JAYA,7,ON SCHEDULE,27,0,13.04.2026,16.03.2026,17.03.2026,25.03.2026,25.03.2026,01.04.2026,01.04.2026,,H014,WH INFORMA JABABEKA
R110260315H050_H014,CDD LONG CHASSIS,2000000,0,0,0,0,0,2000000,H014 - WH INFORMA JABABEKA,PT. ANTAR JARINGAN SEPANJANG JALAN,7,ON SCHEDULE,27,0,12.04.2026,15.03.2026,16.03.2026,25.03.2026,26.03.2026,02.04.2026,02.04.2026,,H014,WH INFORMA JABABEKA
R110260315H051_H014,CDD LONG CHASSIS,1900000,0,0,0,0,0,1900000,H014 - WH INFORMA JABABEKA,PT. ANTAR JARINGAN SEPANJANG JALAN,7,ON SCHEDULE,27,0,12.04.2026,15.03.2026,16.03.2026,25.03.2026,26.03.2026,02.04.2026,02.04.2026,,H014,WH INFORMA JABABEKA
R110260315H052_H014,CDD LONG CHASSIS,3900000,0,0,0,0,1800000,5700000,H014 - WH INFORMA JABABEKA,PT. CEHA LOGISTIK CEMERLANG,7,ON SCHEDULE,29,0,14.04.2026,15.03.2026,17.03.2026,31.03.2026,31.03.2026,02.04.2026,02.04.2026,,H014,WH INFORMA JABABEKA
R110260315H053_H014,CDD LONG CHASSIS,2850000,0,0,0,0,700000,3550000,H014 - WH INFORMA JABABEKA,PT. BINTANG SAMUDRA RAYA,7,ON SCHEDULE,28,0,13.04.2026,15.03.2026,16.03.2026,06.04.2026,06.04.2026,07.04.2026,07.04.2026,,H014,WH INFORMA JABABEKA
R110260315H053_H014,CDD LONG CHASSIS,2850000,0,0,0,0,700000,3550000,H014 - WH INFORMA JABABEKA,PT. BINTANG SAMUDRA RAYA,7,ON SCHEDULE,28,0,13.04.2026,15.03.2026,16.03.2026,06.04.2026,06.04.2026,07.04.2026,07.04.2026,,H014,WH INFORMA JABABEKA
R110260315H055_H014,CDD LONG CHASSIS,7400000,0,0,0,0,700000,8100000,H014 - WH INFORMA JABABEKA,PT. BINTANG SAMUDRA RAYA,7,ON SCHEDULE,29,0,14.04.2026,15.03.2026,17.03.2026,08.04.2026,08.04.2026,08.04.2026,09.04.2026,,H014,WH INFORMA JABABEKA
R110260315H055_H014,CDD LONG CHASSIS,7400000,0,0,0,0,700000,8100000,H014 - WH INFORMA JABABEKA,PT. BINTANG SAMUDRA RAYA,7,ON SCHEDULE,29,0,14.04.2026,15.03.2026,17.03.2026,08.04.2026,08.04.2026,08.04.2026,09.04.2026,,H014,WH INFORMA JABABEKA
R110260315H055_H014,CDD LONG CHASSIS,7400000,0,0,0,0,700000,8100000,H014 - WH INFORMA JABABEKA,PT. BINTANG SAMUDRA RAYA,7,ON SCHEDULE,29,0,14.04.2026,15.03.2026,17.03.2026,08.04.2026,08.04.2026,08.04.2026,09.04.2026,,H014,WH INFORMA JABABEKA
R110260315H066_H014,CDD LONG CHASSIS,3600000,0,0,0,0,700000,4300000,H014 - WH INFORMA JABABEKA,PT. BINTANG SAMUDRA RAYA,7,ON SCHEDULE,29,0,14.04.2026,15.03.2026,19.03.2026,06.04.2026,06.04.2026,07.04.2026,07.04.2026,,H014,WH INFORMA JABABEKA
R110260315H066_H014,CDD LONG CHASSIS,3600000,0,0,0,0,700000,4300000,H014 - WH INFORMA JABABEKA,PT. BINTANG SAMUDRA RAYA,7,ON SCHEDULE,29,0,14.04.2026,15.03.2026,19.03.2026,06.04.2026,06.04.2026,07.04.2026,07.04.2026,,H014,WH INFORMA JABABEKA
R110260315H067_H014,CDD LONG CHASSIS,3600000,0,0,0,0,400000,4000000,H014 - WH INFORMA JABABEKA,PT LOGISTIK CANGGIH INDONESIA,7,ON SCHEDULE,29,0,14.04.2026,15.03.2026,17.03.2026,02.04.2026,03.04.2026,07.04.2026,07.04.2026,,H014,WH INFORMA JABABEKA
R110260315H068_H014,CDD LONG CHASSIS,3900000,0,0,0,0,1800000,5700000,H014 - WH INFORMA JABABEKA,PT. CEHA LOGISTIK CEMERLANG,7,ON SCHEDULE,29,0,15.04.2026,16.03.2026,19.03.2026,31.03.2026,31.03.2026,02.04.2026,02.04.2026,,H014,WH INFORMA JABABEKA
R110260315H069_H014,CDD LONG CHASSIS,3900000,0,0,0,0,1800000,5700000,H014 - WH INFORMA JABABEKA,PT. CEHA LOGISTIK CEMERLANG,7,ON SCHEDULE,29,0,15.04.2026,16.03.2026,19.03.2026,31.03.2026,01.04.2026,02.04.2026,06.04.2026,,H014,WH INFORMA JABABEKA
R110260315H070_H014,FUSO,16790000,0,0,0,0,500000,17290000,H014 - WH INFORMA JABABEKA,PT LOGISTIK CANGGIH INDONESIA,7,ON SCHEDULE,29,0,15.04.2026,16.03.2026,,07.04.2026,08.04.2026,08.04.2026,08.04.2026,,H014,WH INFORMA JABABEKA
R110260315H071_H014,CDD LONG CHASSIS,4900000,0,0,0,0,400000,5300000,H014 - WH INFORMA JABABEKA,PT.ORANG KREATIF EKSIS,7,ON SCHEDULE,28,0,14.04.2026,16.03.2026,19.03.2026,31.03.2026,31.03.2026,07.04.2026,07.04.2026,,H014,WH INFORMA JABABEKA
R110260315H071_H014,CDD LONG CHASSIS,4900000,0,0,0,0,400000,5300000,H014 - WH INFORMA JABABEKA,PT.ORANG KREATIF EKSIS,7,ON SCHEDULE,28,0,14.04.2026,16.03.2026,19.03.2026,31.03.2026,31.03.2026,07.04.2026,07.04.2026,,H014,WH INFORMA JABABEKA
R110260315H072_H014,CDD LONG CHASSIS,2250000,0,0,0,0,700000,2950000,H014 - WH INFORMA JABABEKA,PT. BINTANG SAMUDRA RAYA,7,ON SCHEDULE,27,0,13.04.2026,16.03.2026,19.03.2026,08.04.2026,08.04.2026,08.04.2026,09.04.2026,,H014,WH INFORMA JABABEKA
R110260315H072_H014,CDD LONG CHASSIS,2250000,0,0,0,0,700000,2950000,H014 - WH INFORMA JABABEKA,PT. BINTANG SAMUDRA RAYA,7,ON SCHEDULE,27,0,13.04.2026,16.03.2026,19.03.2026,08.04.2026,08.04.2026,08.04.2026,09.04.2026,,H014,WH INFORMA JABABEKA
R110260315H072_H014,CDD LONG CHASSIS,2250000,0,0,0,0,700000,2950000,H014 - WH INFORMA JABABEKA,PT. BINTANG SAMUDRA RAYA,7,ON SCHEDULE,27,0,13.04.2026,16.03.2026,19.03.2026,08.04.2026,08.04.2026,08.04.2026,09.04.2026,,H014,WH INFORMA JABABEKA
R110260315H073_H014,CDD LONG CHASSIS,3900000,0,0,0,0,1800000,5700000,H014 - WH INFORMA JABABEKA,PT. CEHA LOGISTIK CEMERLANG,7,ON SCHEDULE,29,0,15.04.2026,16.03.2026,19.03.2026,02.04.2026,02.04.2026,02.04.2026,06.04.2026,,H014,WH INFORMA JABABEKA
R110260315L068_H014,CDD LONG CHASSIS,1700000,0,0,0,0,0,1700000,H014 - WH INFORMA JABABEKA,PT. ANTAR JARINGAN SEPANJANG JALAN,7,ON SCHEDULE,26,0,10.04.2026,14.03.2026,,31.03.2026,31.03.2026,02.04.2026,02.04.2026,,H014,WH INFORMA JABABEKA
R110260315T023_H014,CDD LONG CHASSIS,5980000,0,0,0,0,750000,6730000,H014 - WH INFORMA JABABEKA,PT. DUTA LINTAS NUSA,7,ON SCHEDULE,29,0,14.04.2026,15.03.2026,17.03.2026,13.04.2026,13.04.2026,27.04.2026,29.04.2026,,H014,WH INFORMA JABABEKA
R110260315T024_H014,CDD LONG CHASSIS,5980000,0,0,0,0,750000,6730000,H014 - WH INFORMA JABABEKA,PT. DUTA LINTAS NUSA,7,ON SCHEDULE,29,0,14.04.2026,15.03.2026,,13.04.2026,14.04.2026,27.04.2026,29.04.2026,,H014,WH INFORMA JABABEKA
R110260315T027_H014,CDD LONG CHASSIS,4000000,0,0,0,0,0,4000000,H014 - WH INFORMA JABABEKA,PT.AMANAH TRANSMULIA MANDIRI LOGISTIK,7,ON SCHEDULE,29,0,15.04.2026,16.03.2026,17.03.2026,25.03.2026,26.03.2026,27.03.2026,27.03.2026,,H014,WH INFORMA JABABEKA
R110260316D093_H014,CDD LONG CHASSIS,1300000,0,0,0,0,0,1300000,H014 - WH INFORMA JABABEKA,PT. ANTAR JARINGAN SEPANJANG JALAN,7,ON SCHEDULE,27,0,13.04.2026,16.03.2026,17.03.2026,25.03.2026,26.03.2026,02.04.2026,02.04.2026,,H014,WH INFORMA JABABEKA
R110260316D094_H014,CDD LONG CHASSIS,1200000,0,0,0,0,0,1200000,H014 - WH INFORMA JABABEKA,PT. ANTAR JARINGAN SEPANJANG JALAN,7,ON SCHEDULE,26,0,12.04.2026,16.03.2026,17.03.2026,25.03.2026,26.03.2026,01.04.2026,01.04.2026,,H014,WH INFORMA JABABEKA
R110260316D095_H014,CDD LONG CHASSIS,1200000,0,0,0,0,0,1200000,H014 - WH INFORMA JABABEKA,PT. ANTAR JARINGAN SEPANJANG JALAN,7,ON SCHEDULE,26,0,12.04.2026,16.03.2026,17.03.2026,25.03.2026,26.03.2026,01.04.2026,01.04.2026,,H014,WH INFORMA JABABEKA
R110260316D096_H014,CDD LONG CHASSIS,1300000,0,0,0,0,0,1300000,H014 - WH INFORMA JABABEKA,PT. ANTAR JARINGAN SEPANJANG JALAN,7,ON SCHEDULE,26,0,12.04.2026,16.03.2026,17.03.2026,25.03.2026,26.03.2026,02.04.2026,02.04.2026,,H014,WH INFORMA JABABEKA
R110260316D125_H014,CDD LONG CHASSIS,1200000,0,0,0,0,0,1200000,H014 - WH INFORMA JABABEKA,PT. ANTAR JARINGAN SEPANJANG JALAN,7,ON SCHEDULE,26,0,12.04.2026,16.03.2026,17.03.2026,25.03.2026,26.03.2026,02.04.2026,02.04.2026,,H014,WH INFORMA JABABEKA
R110260316D126_H014,CDD LONG CHASSIS,1100000,0,0,0,0,0,1100000,H014 - WH INFORMA JABABEKA,PT. ANTAR JARINGAN SEPANJANG JALAN,7,ON SCHEDULE,26,0,12.04.2026,16.03.2026,17.03.2026,25.03.2026,26.03.2026,01.04.2026,01.04.2026,,H014,WH INFORMA JABABEKA
R110260316D128_H014,CDD LONG CHASSIS,1200000,0,0,0,0,0,1200000,H014 - WH INFORMA JABABEKA,PT. ANTAR JARINGAN SEPANJANG JALAN,7,ON SCHEDULE,27,0,13.04.2026,16.03.2026,17.03.2026,25.03.2026,26.03.2026,02.04.2026,02.04.2026,,H014,WH INFORMA JABABEKA
R110260316D129_H014,CDD LONG CHASSIS,1300000,0,0,0,0,0,1300000,H014 - WH INFORMA JABABEKA,PT. ANTAR JARINGAN SEPANJANG JALAN,7,ON SCHEDULE,26,0,12.04.2026,16.03.2026,17.03.2026,25.03.2026,26.03.2026,02.04.2026,02.04.2026,,H014,WH INFORMA JABABEKA
R110260316D130_H014,CDD LONG CHASSIS,0,0,0,0,0,1927754,1927754,H014 - WH INFORMA JABABEKA,PT. SOLUSI LAYANAN DIGITAL,7,ON SCHEDULE,26,0,12.04.2026,16.03.2026,,14.04.2026,25.04.2026,27.04.2026,27.04.2026,,H014,WH INFORMA JABABEKA
R110260316D159_H014,CDD LONG CHASSIS,0,0,0,0,0,2068963,2068963,H014 - WH INFORMA JABABEKA,PT. SOLUSI LAYANAN DIGITAL,7,ON SCHEDULE,26,0,12.04.2026,16.03.2026,,14.04.2026,25.04.2026,27.04.2026,27.04.2026,,H014,WH INFORMA JABABEKA
R110260316D160_H014,CDD LONG CHASSIS,1200000,0,0,0,0,0,1200000,H014 - WH INFORMA JABABEKA,PT. ANTAR JARINGAN SEPANJANG JALAN,7,ON SCHEDULE,26,0,13.04.2026,17.03.2026,17.03.2026,25.03.2026,26.03.2026,02.04.2026,02.04.2026,,H014,WH INFORMA JABABEKA
R110260316D161_H014,CDD LONG CHASSIS,1300000,0,0,0,0,0,1300000,H014 - WH INFORMA JABABEKA,PT. ANTAR JARINGAN SEPANJANG JALAN,7,ON SCHEDULE,26,0,12.04.2026,16.03.2026,17.03.2026,25.03.2026,26.03.2026,02.04.2026,02.04.2026,,H014,WH INFORMA JABABEKA
R110260316D169_H014,CDD LONG CHASSIS,0,0,0,0,0,2776499,2776499,H014 - WH INFORMA JABABEKA,PT. SOLUSI LAYANAN DIGITAL,7,ON SCHEDULE,26,0,12.04.2026,16.03.2026,,14.04.2026,25.04.2026,27.04.2026,27.04.2026,,H014,WH INFORMA JABABEKA
R110260316D170_H014,CDD LONG CHASSIS,0,0,0,0,0,2031186,2031186,H014 - WH INFORMA JABABEKA,PT. SOLUSI LAYANAN DIGITAL,7,ON SCHEDULE,26,0,12.04.2026,16.03.2026,,14.04.2026,25.04.2026,27.04.2026,27.04.2026,,H014,WH INFORMA JABABEKA
R110260316D171_H014,CDD LONG CHASSIS,0,0,0,0,0,1774760,1774760,H014 - WH INFORMA JABABEKA,PT. SOLUSI LAYANAN DIGITAL,7,ON SCHEDULE,27,0,13.04.2026,16.03.2026,,14.04.2026,25.04.2026,27.04.2026,27.04.2026,,H014,WH INFORMA JABABEKA
R110260316H040_H014,CDD LONG CHASSIS,3500000,0,0,0,0,700000,4200000,H014 - WH INFORMA JABABEKA,PT. BINTANG SAMUDRA RAYA,7,ON SCHEDULE,29,0,15.04.2026,16.03.2026,17.03.2026,08.04.2026,08.04.2026,08.04.2026,09.04.2026,,H014,WH INFORMA JABABEKA
R110260316H040_H014,CDD LONG CHASSIS,3500000,0,0,0,0,700000,4200000,H014 - WH INFORMA JABABEKA,PT. BINTANG SAMUDRA RAYA,7,ON SCHEDULE,29,0,15.04.2026,16.03.2026,17.03.2026,08.04.2026,08.04.2026,08.04.2026,09.04.2026,,H014,WH INFORMA JABABEKA
R110260316H040_H014,CDD LONG CHASSIS,3500000,0,0,0,0,700000,4200000,H014 - WH INFORMA JABABEKA,PT. BINTANG SAMUDRA RAYA,7,ON SCHEDULE,29,0,15.04.2026,16.03.2026,17.03.2026,08.04.2026,08.04.2026,08.04.2026,09.04.2026,,H014,WH INFORMA JABABEKA
R110260316H041_H014,CDD LONG CHASSIS,3500000,0,0,0,0,1800000,5300000,H014 - WH INFORMA JABABEKA,PT. CEHA LOGISTIK CEMERLANG,7,ON SCHEDULE,29,0,15.04.2026,16.03.2026,19.03.2026,31.03.2026,31.03.2026,02.04.2026,02.04.2026,,H014,WH INFORMA JABABEKA
R110260316H042_H014,CDD LONG CHASSIS,3500000,0,0,0,0,1800000,5300000,H014 - WH INFORMA JABABEKA,PT. CEHA LOGISTIK CEMERLANG,7,ON SCHEDULE,29,0,15.04.2026,16.03.2026,19.03.2026,31.03.2026,31.03.2026,02.04.2026,02.04.2026,,H014,WH INFORMA JABABEKA
R110260316H043_H014,CDD LONG CHASSIS,3500000,0,0,0,0,1800000,5300000,H014 - WH INFORMA JABABEKA,PT. CEHA LOGISTIK CEMERLANG,7,ON SCHEDULE,29,0,15.04.2026,16.03.2026,19.03.2026,31.03.2026,31.03.2026,02.04.2026,02.04.2026,,H014,WH INFORMA JABABEKA
R110260316H044_H014,CDD LONG CHASSIS,3500000,0,0,0,0,1800000,5300000,H014 - WH INFORMA JABABEKA,PT. CEHA LOGISTIK CEMERLANG,7,ON SCHEDULE,29,0,15.04.2026,16.03.2026,19.03.2026,31.03.2026,31.03.2026,02.04.2026,02.04.2026,,H014,WH INFORMA JABABEKA
R110260316H045_H014,CDD LONG CHASSIS,3500000,0,0,0,0,1800000,5300000,H014 - WH INFORMA JABABEKA,PT. CEHA LOGISTIK CEMERLANG,7,ON SCHEDULE,29,0,16.04.2026,17.03.2026,19.03.2026,31.03.2026,31.03.2026,02.04.2026,02.04.2026,,H014,WH INFORMA JABABEKA
R110260316H047_H014,CDD LONG CHASSIS,3500000,0,0,0,0,1800000,5300000,H014 - WH INFORMA JABABEKA,PT. CEHA LOGISTIK CEMERLANG,7,ON SCHEDULE,29,0,15.04.2026,16.03.2026,19.03.2026,31.03.2026,31.03.2026,02.04.2026,02.04.2026,,H014,WH INFORMA JABABEKA
R110260316H049_H014,CDD LONG CHASSIS,3500000,0,0,0,0,700000,4200000,H014 - WH INFORMA JABABEKA,PT. BINTANG SAMUDRA RAYA,7,ON SCHEDULE,29,0,15.04.2026,16.03.2026,17.03.2026,08.04.2026,08.04.2026,08.04.2026,09.04.2026,,H014,WH INFORMA JABABEKA
R110260316H049_H014,CDD LONG CHASSIS,3500000,0,0,0,0,700000,4200000,H014 - WH INFORMA JABABEKA,PT. BINTANG SAMUDRA RAYA,7,ON SCHEDULE,29,0,15.04.2026,16.03.2026,17.03.2026,08.04.2026,08.04.2026,08.04.2026,09.04.2026,,H014,WH INFORMA JABABEKA
R110260316H049_H014,CDD LONG CHASSIS,3500000,0,0,0,0,700000,4200000,H014 - WH INFORMA JABABEKA,PT. BINTANG SAMUDRA RAYA,7,ON SCHEDULE,29,0,15.04.2026,16.03.2026,17.03.2026,08.04.2026,08.04.2026,08.04.2026,09.04.2026,,H014,WH INFORMA JABABEKA
R110260316H050_H014,CDD LONG CHASSIS,3500000,0,0,0,0,0,3500000,H014 - WH INFORMA JABABEKA,PT. JASATAMA DIRGANTARA EKSPRES,7,ON SCHEDULE,27,0,13.04.2026,16.03.2026,17.03.2026,15.04.2026,15.04.2026,21.04.2026,21.04.2026,,H014,WH INFORMA JABABEKA
R110260316H051_H014,CDD LONG,3500000,0,0,0,0,0,3500000,H014 - WH INFORMA JABABEKA,PT. JASATAMA DIRGANTARA EKSPRES,7,ON SCHEDULE,27,0,13.04.2026,16.03.2026,19.03.2026,15.04.2026,15.04.2026,21.04.2026,21.04.2026,,H014,WH INFORMA JABABEKA
R110260316H052_H014,CDD LONG CHASSIS,3500000,0,0,0,0,0,3500000,H014 - WH INFORMA JABABEKA,PT. JASATAMA DIRGANTARA EKSPRES,7,ON SCHEDULE,27,0,13.04.2026,16.03.2026,17.03.2026,15.04.2026,15.04.2026,21.04.2026,21.04.2026,,H014,WH INFORMA JABABEKA
R110260316H053_H014,CDD LONG CHASSIS,3500000,0,0,0,0,0,3500000,H014 - WH INFORMA JABABEKA,PT. JASATAMA DIRGANTARA EKSPRES,7,ON SCHEDULE,27,0,13.04.2026,16.03.2026,17.03.2026,15.04.2026,15.04.2026,21.04.2026,21.04.2026,,H014,WH INFORMA JABABEKA
R110260316H054_H014,CDD LONG CHASSIS,3500000,0,0,0,0,0,3500000,H014 - WH INFORMA JABABEKA,PT. JASATAMA DIRGANTARA EKSPRES,7,ON SCHEDULE,27,0,13.04.2026,16.03.2026,17.03.2026,15.04.2026,15.04.2026,21.04.2026,21.04.2026,,H014,WH INFORMA JABABEKA
R110260316H055_H014,CDD LONG CHASSIS,3500000,0,0,0,0,0,3500000,H014 - WH INFORMA JABABEKA,PT. JASATAMA DIRGANTARA EKSPRES,7,ON SCHEDULE,27,0,13.04.2026,16.03.2026,17.03.2026,15.04.2026,15.04.2026,21.04.2026,21.04.2026,,H014,WH INFORMA JABABEKA
R110260316H056_H014,CDD LONG CHASSIS,3500000,0,0,0,0,0,3500000,H014 - WH INFORMA JABABEKA,PT. JASATAMA DIRGANTARA EKSPRES,7,ON SCHEDULE,27,0,13.04.2026,16.03.2026,17.03.2026,15.04.2026,15.04.2026,21.04.2026,21.04.2026,,H014,WH INFORMA JABABEKA
R110260316H057_H014,CDD LONG CHASSIS,1600000,0,0,0,0,0,1600000,H014 - WH INFORMA JABABEKA,PT. SATRIA PIRANTI PERKASA,7,ON SCHEDULE,27,0,13.04.2026,16.03.2026,17.03.2026,08.04.2026,08.04.2026,16.04.2026,16.04.2026,,H014,WH INFORMA JABABEKA
R110260316H059_H014,BIG MAMA,2850000,0,0,0,0,700000,3550000,H014 - WH INFORMA JABABEKA,PT. BINTANG SAMUDRA RAYA,7,ON SCHEDULE,28,0,14.04.2026,16.03.2026,19.03.2026,08.04.2026,08.04.2026,08.04.2026,09.04.2026,,H014,WH INFORMA JABABEKA
R110260316H059_H014,BIG MAMA,2850000,0,0,0,0,700000,3550000,H014 - WH INFORMA JABABEKA,PT. BINTANG SAMUDRA RAYA,7,ON SCHEDULE,28,0,14.04.2026,16.03.2026,19.03.2026,08.04.2026,08.04.2026,08.04.2026,09.04.2026,,H014,WH INFORMA JABABEKA
R110260316H059_H014,BIG MAMA,2850000,0,0,0,0,700000,3550000,H014 - WH INFORMA JABABEKA,PT. BINTANG SAMUDRA RAYA,7,ON SCHEDULE,28,0,14.04.2026,16.03.2026,19.03.2026,08.04.2026,08.04.2026,08.04.2026,09.04.2026,,H014,WH INFORMA JABABEKA
R110260316H060_H014,CDD LONG CHASSIS,2200000,0,0,0,0,0,2200000,H014 - WH INFORMA JABABEKA,PT. AGUNG MAKMUR JAYA,7,ON SCHEDULE,27,0,13.04.2026,16.03.2026,17.03.2026,25.03.2026,25.03.2026,01.04.2026,01.04.2026,,H014,WH INFORMA JABABEKA
R110260316H065_H014,CDD LONG CHASSIS,5800000,0,0,0,0,0,5800000,H014 - WH INFORMA JABABEKA,PT. AGUNG MAKMUR JAYA,7,ON SCHEDULE,28,0,15.04.2026,17.03.2026,19.03.2026,25.03.2026,25.03.2026,01.04.2026,01.04.2026,,H014,WH INFORMA JABABEKA
R110260316H066_H014,CDD LONG CHASSIS,5800000,0,0,0,0,0,5800000,H014 - WH INFORMA JABABEKA,PT. AGUNG MAKMUR JAYA,7,ON SCHEDULE,28,0,14.04.2026,16.03.2026,17.03.2026,25.03.2026,25.03.2026,01.04.2026,01.04.2026,,H014,WH INFORMA JABABEKA
R110260316H067_H014,CDD LONG CHASSIS,4900000,0,0,0,0,400000,5300000,H014 - WH INFORMA JABABEKA,PT.ORANG KREATIF EKSIS,7,ON SCHEDULE,28,0,14.04.2026,16.03.2026,17.03.2026,31.03.2026,31.03.2026,07.04.2026,07.04.2026,,H014,WH INFORMA JABABEKA
R110260316H067_H014,CDD LONG CHASSIS,4900000,0,0,0,0,400000,5300000,H014 - WH INFORMA JABABEKA,PT.ORANG KREATIF EKSIS,7,ON SCHEDULE,28,0,14.04.2026,16.03.2026,17.03.2026,31.03.2026,31.03.2026,07.04.2026,07.04.2026,,H014,WH INFORMA JABABEKA
R110260316H069_H014,CDD LONG CHASSIS,1600000,0,0,0,0,0,1600000,H014 - WH INFORMA JABABEKA,PT. SATRIA PIRANTI PERKASA,7,ON SCHEDULE,27,0,13.04.2026,16.03.2026,17.03.2026,08.04.2026,08.04.2026,16.04.2026,16.04.2026,,H014,WH INFORMA JABABEKA
R110260316H070_H014,CDD LONG CHASSIS,3500000,0,0,0,0,700000,4200000,H014 - WH INFORMA JABABEKA,PT. BINTANG SAMUDRA RAYA,7,ON SCHEDULE,29,0,15.04.2026,16.03.2026,17.03.2026,08.04.2026,08.04.2026,08.04.2026,09.04.2026,,H014,WH INFORMA JABABEKA
R110260316H070_H014,CDD LONG CHASSIS,3500000,0,0,0,0,700000,4200000,H014 - WH INFORMA JABABEKA,PT. BINTANG SAMUDRA RAYA,7,ON SCHEDULE,29,0,15.04.2026,16.03.2026,17.03.2026,08.04.2026,08.04.2026,08.04.2026,09.04.2026,,H014,WH INFORMA JABABEKA
R110260316H070_H014,CDD LONG CHASSIS,3500000,0,0,0,0,700000,4200000,H014 - WH INFORMA JABABEKA,PT. BINTANG SAMUDRA RAYA,7,ON SCHEDULE,29,0,15.04.2026,16.03.2026,17.03.2026,08.04.2026,08.04.2026,08.04.2026,09.04.2026,,H014,WH INFORMA JABABEKA
R110260316H073_H014,CDD LONG CHASSIS,3500000,0,0,0,0,700000,4200000,H014 - WH INFORMA JABABEKA,PT. BINTANG SAMUDRA RAYA,7,ON SCHEDULE,29,0,15.04.2026,16.03.2026,17.03.2026,08.04.2026,08.04.2026,08.04.2026,09.04.2026,,H014,WH INFORMA JABABEKA
R110260316H073_H014,CDD LONG CHASSIS,3500000,0,0,0,0,700000,4200000,H014 - WH INFORMA JABABEKA,PT. BINTANG SAMUDRA RAYA,7,ON SCHEDULE,29,0,15.04.2026,16.03.2026,17.03.2026,08.04.2026,08.04.2026,08.04.2026,09.04.2026,,H014,WH INFORMA JABABEKA
R110260316H073_H014,CDD LONG CHASSIS,3500000,0,0,0,0,700000,4200000,H014 - WH INFORMA JABABEKA,PT. BINTANG SAMUDRA RAYA,7,ON SCHEDULE,29,0,15.04.2026,16.03.2026,17.03.2026,08.04.2026,08.04.2026,08.04.2026,09.04.2026,,H014,WH INFORMA JABABEKA
R110260316H075_H014,CDD LONG CHASSIS,3500000,0,0,0,0,0,3500000,H014 - WH INFORMA JABABEKA,PT. JASATAMA DIRGANTARA EKSPRES,7,ON SCHEDULE,27,0,13.04.2026,16.03.2026,17.03.2026,15.04.2026,15.04.2026,21.04.2026,21.04.2026,,H014,WH INFORMA JABABEKA
R110260316H076_H014,CDD LONG CHASSIS,3500000,0,0,0,0,700000,4200000,H014 - WH INFORMA JABABEKA,PT. BINTANG SAMUDRA RAYA,7,ON SCHEDULE,29,0,15.04.2026,16.03.2026,17.03.2026,08.04.2026,08.04.2026,08.04.2026,09.04.2026,,H014,WH INFORMA JABABEKA
R110260316H076_H014,CDD LONG CHASSIS,3500000,0,0,0,0,700000,4200000,H014 - WH INFORMA JABABEKA,PT. BINTANG SAMUDRA RAYA,7,ON SCHEDULE,29,0,15.04.2026,16.03.2026,17.03.2026,08.04.2026,08.04.2026,08.04.2026,09.04.2026,,H014,WH INFORMA JABABEKA
R110260316H076_H014,CDD LONG CHASSIS,3500000,0,0,0,0,700000,4200000,H014 - WH INFORMA JABABEKA,PT. BINTANG SAMUDRA RAYA,7,ON SCHEDULE,29,0,15.04.2026,16.03.2026,17.03.2026,08.04.2026,08.04.2026,08.04.2026,09.04.2026,,H014,WH INFORMA JABABEKA
R110260316H079_H014,CDD LONG CHASSIS,3500000,0,0,0,0,0,3500000,H014 - WH INFORMA JABABEKA,PT. JASATAMA DIRGANTARA EKSPRES,7,ON SCHEDULE,27,0,13.04.2026,16.03.2026,17.03.2026,15.04.2026,15.04.2026,21.04.2026,21.04.2026,,H014,WH INFORMA JABABEKA
R110260316H081_H014,CDD LONG CHASSIS,3900000,0,0,0,0,1800000,5700000,H014 - WH INFORMA JABABEKA,PT. CEHA LOGISTIK CEMERLANG,7,ON SCHEDULE,29,0,16.04.2026,17.03.2026,19.03.2026,31.03.2026,31.03.2026,02.04.2026,02.04.2026,,H014,WH INFORMA JABABEKA
R110260316H088_H014,CDD LONG CHASSIS,0,0,0,0,0,18786276,18786276,H014 - WH INFORMA JABABEKA,PT. SOLUSI LAYANAN DIGITAL,7,ON SCHEDULE,30,0,16.04.2026,16.03.2026,19.04.2026,20.04.2026,25.04.2026,27.04.2026,27.04.2026,,H014,WH INFORMA JABABEKA
R110260316H092_H014,CDD LONG CHASSIS,14550000,0,0,0,0,400000,14950000,H014 - WH INFORMA JABABEKA,PT LOGISTIK CANGGIH INDONESIA,7,ON SCHEDULE,30,0,17.04.2026,17.03.2026,25.03.2026,02.04.2026,03.04.2026,08.04.2026,08.04.2026,,H014,WH INFORMA JABABEKA
R110260316H096_H014,CDD LONG CHASSIS,3900000,0,0,0,0,1800000,5700000,H014 - WH INFORMA JABABEKA,PT. CEHA LOGISTIK CEMERLANG,7,ON SCHEDULE,29,0,15.04.2026,16.03.2026,19.03.2026,31.03.2026,31.03.2026,02.04.2026,02.04.2026,,H014,WH INFORMA JABABEKA
R110260316H097_H014,BIG MAMA,3900000,0,0,0,0,1800000,5700000,H014 - WH INFORMA JABABEKA,PT. CEHA LOGISTIK CEMERLANG,7,ON SCHEDULE,29,0,16.04.2026,17.03.2026,19.03.2026,02.04.2026,02.04.2026,08.04.2026,08.04.2026,,H014,WH INFORMA JABABEKA
R110260316H105_H014,FUSO,16790000,0,0,0,0,500000,17290000,H014 - WH INFORMA JABABEKA,PT LOGISTIK CANGGIH INDONESIA,7,ON SCHEDULE,29,0,16.04.2026,17.03.2026,,07.04.2026,08.04.2026,08.04.2026,08.04.2026,,H014,WH INFORMA JABABEKA
R110260316H106_H014,FUSO,16790000,0,0,0,0,500000,17290000,H014 - WH INFORMA JABABEKA,PT LOGISTIK CANGGIH INDONESIA,7,ON SCHEDULE,29,0,16.04.2026,17.03.2026,,07.04.2026,08.04.2026,08.04.2026,08.04.2026,,H014,WH INFORMA JABABEKA
R110260316T017_H014,CONT-20,13950000,0,0,0,0,800000,14750000,H014 - WH INFORMA JABABEKA,PT. SENTOSAPRIMA ABADI,6,LATE,40,139,27.04.2026,17.03.2026,31.03.2026,18.05.2026,18.05.2026,20.05.2026,09.07.2026,,H014,WH INFORMA JABABEKA
R110260316T018_H014,CONT-20,13950000,0,0,0,0,800000,14750000,H014 - WH INFORMA JABABEKA,PT. SENTOSAPRIMA ABADI,7,ON SCHEDULE,40,0,27.04.2026,17.03.2026,31.03.2026,18.05.2026,18.05.2026,20.05.2026,20.05.2026,,H014,WH INFORMA JABABEKA
R110260316T027_H014,WINGBOX,6700000,0,0,0,0,1600000,8300000,H014 - WH INFORMA JABABEKA,PT.DHANESWARA EXPRES,7,ON SCHEDULE,29,0,16.04.2026,17.03.2026,,20.04.2026,21.04.2026,27.04.2026,27.04.2026,,H014,WH INFORMA JABABEKA
R110260316T027_H014,WINGBOX,6700000,0,0,0,0,1600000,8300000,H014 - WH INFORMA JABABEKA,PT.DHANESWARA EXPRES,7,ON SCHEDULE,29,0,16.04.2026,17.03.2026,,20.04.2026,21.04.2026,27.04.2026,27.04.2026,,H014,WH INFORMA JABABEKA
R110260316T027_H014,WINGBOX,6700000,0,0,0,0,1600000,8300000,H014 - WH INFORMA JABABEKA,PT.DHANESWARA EXPRES,7,ON SCHEDULE,29,0,16.04.2026,17.03.2026,,20.04.2026,21.04.2026,27.04.2026,27.04.2026,,H014,WH INFORMA JABABEKA
R110260317H044_H014,CDD LONG CHASSIS,5800000,0,0,0,0,250000,6050000,H014 - WH INFORMA JABABEKA,PT. AGUNG MAKMUR JAYA,7,ON SCHEDULE,28,0,16.04.2026,18.03.2026,,01.04.2026,01.04.2026,01.04.2026,01.04.2026,,H014,WH INFORMA JABABEKA
R110260317H044_H014,CDD LONG CHASSIS,5800000,0,0,0,0,250000,6050000,H014 - WH INFORMA JABABEKA,PT. AGUNG MAKMUR JAYA,7,ON SCHEDULE,28,0,16.04.2026,18.03.2026,,01.04.2026,01.04.2026,01.04.2026,01.04.2026,,H014,WH INFORMA JABABEKA
R110260317H045_H014,CDD LONG CHASSIS,5800000,0,0,0,0,250000,6050000,H014 - WH INFORMA JABABEKA,PT. AGUNG MAKMUR JAYA,7,ON SCHEDULE,28,0,16.04.2026,18.03.2026,,01.04.2026,01.04.2026,01.04.2026,01.04.2026,,H014,WH INFORMA JABABEKA
R110260317H045_H014,CDD LONG CHASSIS,5800000,0,0,0,0,250000,6050000,H014 - WH INFORMA JABABEKA,PT. AGUNG MAKMUR JAYA,7,ON SCHEDULE,28,0,16.04.2026,18.03.2026,,01.04.2026,01.04.2026,01.04.2026,01.04.2026,,H014,WH INFORMA JABABEKA
R110260317H046_H014,CDD LONG CHASSIS,5800000,0,0,0,0,250000,6050000,H014 - WH INFORMA JABABEKA,PT. AGUNG MAKMUR JAYA,7,ON SCHEDULE,28,0,16.04.2026,18.03.2026,,01.04.2026,01.04.2026,01.04.2026,01.04.2026,,H014,WH INFORMA JABABEKA
R110260317H046_H014,CDD LONG CHASSIS,5800000,0,0,0,0,250000,6050000,H014 - WH INFORMA JABABEKA,PT. AGUNG MAKMUR JAYA,7,ON SCHEDULE,28,0,16.04.2026,18.03.2026,,01.04.2026,01.04.2026,01.04.2026,01.04.2026,,H014,WH INFORMA JABABEKA
R110260317H047_H014,CDD LONG CHASSIS,5750000,0,0,0,0,750000,6500000,H014 - WH INFORMA JABABEKA,PT. DUTA LINTAS NUSA,7,ON SCHEDULE,28,0,15.04.2026,17.03.2026,19.03.2026,13.04.2026,13.04.2026,27.04.2026,29.04.2026,,H014,WH INFORMA JABABEKA
R110260317H048_H014,CDD LONG CHASSIS,5750000,0,0,0,0,750000,6500000,H014 - WH INFORMA JABABEKA,PT. DUTA LINTAS NUSA,7,ON SCHEDULE,28,0,15.04.2026,17.03.2026,19.03.2026,13.04.2026,13.04.2026,27.04.2026,29.04.2026,,H014,WH INFORMA JABABEKA
R110260317H049_H014,CDD LONG CHASSIS,5750000,0,0,0,0,750000,6500000,H014 - WH INFORMA JABABEKA,PT. DUTA LINTAS NUSA,7,ON SCHEDULE,28,0,15.04.2026,17.03.2026,,14.04.2026,14.04.2026,27.04.2026,29.04.2026,,H014,WH INFORMA JABABEKA
R110260317H050_H014,CDD LONG CHASSIS,4900000,0,0,0,0,400000,5300000,H014 - WH INFORMA JABABEKA,PT.ORANG KREATIF EKSIS,7,ON SCHEDULE,28,0,17.04.2026,19.03.2026,25.03.2026,10.04.2026,10.04.2026,17.04.2026,17.04.2026,,H014,WH INFORMA JABABEKA
R110260317H050_H014,CDD LONG CHASSIS,4900000,0,0,0,0,400000,5300000,H014 - WH INFORMA JABABEKA,PT.ORANG KREATIF EKSIS,7,ON SCHEDULE,28,0,17.04.2026,19.03.2026,25.03.2026,10.04.2026,10.04.2026,17.04.2026,17.04.2026,,H014,WH INFORMA JABABEKA
R110260317H051_H014,CDD LONG CHASSIS,1400000,0,0,0,0,700000,2100000,H014 - WH INFORMA JABABEKA,PT. BINTANG SAMUDRA RAYA,7,ON SCHEDULE,27,0,13.04.2026,16.03.2026,19.03.2026,08.04.2026,08.04.2026,08.04.2026,09.04.2026,,H014,WH INFORMA JABABEKA
R110260317H051_H014,CDD LONG CHASSIS,1400000,0,0,0,0,700000,2100000,H014 - WH INFORMA JABABEKA,PT. BINTANG SAMUDRA RAYA,7,ON SCHEDULE,27,0,13.04.2026,16.03.2026,19.03.2026,08.04.2026,08.04.2026,08.04.2026,09.04.2026,,H014,WH INFORMA JABABEKA
R110260317H051_H014,CDD LONG CHASSIS,1400000,0,0,0,0,700000,2100000,H014 - WH INFORMA JABABEKA,PT. BINTANG SAMUDRA RAYA,7,ON SCHEDULE,27,0,13.04.2026,16.03.2026,19.03.2026,08.04.2026,08.04.2026,08.04.2026,09.04.2026,,H014,WH INFORMA JABABEKA
R110260317H052_H014,CDD LONG CHASSIS,3500000,0,0,0,0,0,3500000,H014 - WH INFORMA JABABEKA,PT. JASATAMA DIRGANTARA EKSPRES,7,ON SCHEDULE,27,0,14.04.2026,17.03.2026,19.03.2026,25.05.2026,25.05.2026,08.06.2026,08.06.2026,,H014,WH INFORMA JABABEKA
R110260317H053_H014,CDD LONG CHASSIS,3500000,0,0,0,0,0,3500000,H014 - WH INFORMA JABABEKA,PT. JASATAMA DIRGANTARA EKSPRES,7,ON SCHEDULE,27,0,14.04.2026,17.03.2026,19.03.2026,25.05.2026,25.05.2026,08.06.2026,08.06.2026,,H014,WH INFORMA JABABEKA
R110260317H054_H014,CDD LONG CHASSIS,3500000,0,0,0,0,0,3500000,H014 - WH INFORMA JABABEKA,PT. JASATAMA DIRGANTARA EKSPRES,7,ON SCHEDULE,27,0,14.04.2026,17.03.2026,19.03.2026,25.05.2026,25.05.2026,08.06.2026,08.06.2026,,H014,WH INFORMA JABABEKA
R110260317H055_H014,CDD LONG CHASSIS,3500000,0,0,0,0,0,3500000,H014 - WH INFORMA JABABEKA,PT. JASATAMA DIRGANTARA EKSPRES,7,ON SCHEDULE,27,0,14.04.2026,17.03.2026,19.03.2026,25.05.2026,25.05.2026,08.06.2026,08.06.2026,,H014,WH INFORMA JABABEKA
R110260317H056_H014,CDD LONG CHASSIS,3500000,0,0,0,0,0,3500000,H014 - WH INFORMA JABABEKA,PT. JASATAMA DIRGANTARA EKSPRES,7,ON SCHEDULE,27,0,14.04.2026,17.03.2026,19.03.2026,25.05.2026,25.05.2026,08.06.2026,08.06.2026,,H014,WH INFORMA JABABEKA
R110260317H057_H014,CDD LONG CHASSIS,3500000,0,0,0,0,0,3500000,H014 - WH INFORMA JABABEKA,PT. JASATAMA DIRGANTARA EKSPRES,7,ON SCHEDULE,27,0,14.04.2026,17.03.2026,19.03.2026,25.05.2026,25.05.2026,08.06.2026,08.06.2026,,H014,WH INFORMA JABABEKA
R110260317H058_H014,CDD LONG CHASSIS,3500000,0,0,0,0,0,3500000,H014 - WH INFORMA JABABEKA,PT. JASATAMA DIRGANTARA EKSPRES,7,ON SCHEDULE,27,0,14.04.2026,17.03.2026,19.03.2026,25.05.2026,25.05.2026,08.06.2026,08.06.2026,,H014,WH INFORMA JABABEKA
R110260317H059_H014,CDD LONG CHASSIS,3500000,0,0,0,0,0,3500000,H014 - WH INFORMA JABABEKA,PT. JASATAMA DIRGANTARA EKSPRES,7,ON SCHEDULE,27,0,14.04.2026,17.03.2026,19.03.2026,25.05.2026,25.05.2026,08.06.2026,08.06.2026,,H014,WH INFORMA JABABEKA
R110260317H060_H014,CDD LONG CHASSIS,3500000,0,0,0,0,0,3500000,H014 - WH INFORMA JABABEKA,PT. JASATAMA DIRGANTARA EKSPRES,7,ON SCHEDULE,27,0,14.04.2026,17.03.2026,19.03.2026,25.05.2026,25.05.2026,08.06.2026,08.06.2026,,H014,WH INFORMA JABABEKA
R110260317H061_H014,CDD LONG CHASSIS,3500000,0,0,0,0,0,3500000,H014 - WH INFORMA JABABEKA,PT. JASATAMA DIRGANTARA EKSPRES,7,ON SCHEDULE,27,0,14.04.2026,17.03.2026,19.03.2026,25.05.2026,25.05.2026,08.06.2026,08.06.2026,,H014,WH INFORMA JABABEKA
R110260317H062_H014,CDD LONG CHASSIS,4500000,0,0,0,0,0,4500000,H014 - WH INFORMA JABABEKA,PT. JASATAMA DIRGANTARA EKSPRES,7,ON SCHEDULE,27,0,14.04.2026,17.03.2026,19.03.2026,15.06.2026,15.06.2026,29.06.2026,29.06.2026,,H014,WH INFORMA JABABEKA
R110260317H063_H014,CDD LONG CHASSIS,4500000,0,0,0,0,0,4500000,H014 - WH INFORMA JABABEKA,PT. JASATAMA DIRGANTARA EKSPRES,7,ON SCHEDULE,27,0,14.04.2026,17.03.2026,19.03.2026,15.06.2026,15.06.2026,29.06.2026,29.06.2026,,H014,WH INFORMA JABABEKA
R110260317H064_H014,CDD LONG CHASSIS,2350000,0,0,0,0,700000,3050000,H014 - WH INFORMA JABABEKA,PT. BINTANG SAMUDRA RAYA,7,ON SCHEDULE,29,0,16.04.2026,17.03.2026,19.03.2026,08.04.2026,08.04.2026,08.04.2026,09.04.2026,,H014,WH INFORMA JABABEKA
R110260317H064_H014,CDD LONG CHASSIS,2350000,0,0,0,0,700000,3050000,H014 - WH INFORMA JABABEKA,PT. BINTANG SAMUDRA RAYA,7,ON SCHEDULE,29,0,16.04.2026,17.03.2026,19.03.2026,08.04.2026,08.04.2026,08.04.2026,09.04.2026,,H014,WH INFORMA JABABEKA
R110260317H064_H014,CDD LONG CHASSIS,2350000,0,0,0,0,700000,3050000,H014 - WH INFORMA JABABEKA,PT. BINTANG SAMUDRA RAYA,7,ON SCHEDULE,29,0,16.04.2026,17.03.2026,19.03.2026,08.04.2026,08.04.2026,08.04.2026,09.04.2026,,H014,WH INFORMA JABABEKA
R110260317H065_H014,CDD LONG CHASSIS,2350000,0,0,0,0,700000,3050000,H014 - WH INFORMA JABABEKA,PT. BINTANG SAMUDRA RAYA,7,ON SCHEDULE,29,0,18.04.2026,19.03.2026,19.03.2026,08.04.2026,08.04.2026,08.04.2026,09.04.2026,,H014,WH INFORMA JABABEKA
R110260317H065_H014,CDD LONG CHASSIS,2350000,0,0,0,0,700000,3050000,H014 - WH INFORMA JABABEKA,PT. BINTANG SAMUDRA RAYA,7,ON SCHEDULE,29,0,18.04.2026,19.03.2026,19.03.2026,08.04.2026,08.04.2026,08.04.2026,09.04.2026,,H014,WH INFORMA JABABEKA
R110260317H065_H014,CDD LONG CHASSIS,2350000,0,0,0,0,700000,3050000,H014 - WH INFORMA JABABEKA,PT. BINTANG SAMUDRA RAYA,7,ON SCHEDULE,29,0,18.04.2026,19.03.2026,19.03.2026,08.04.2026,08.04.2026,08.04.2026,09.04.2026,,H014,WH INFORMA JABABEKA
R110260317H066_H014,CDD LONG CHASSIS,1725000,0,0,0,0,700000,2425000,H014 - WH INFORMA JABABEKA,PT. BINTANG SAMUDRA RAYA,7,ON SCHEDULE,27,0,14.04.2026,17.03.2026,19.03.2026,08.04.2026,08.04.2026,08.04.2026,09.04.2026,,H014,WH INFORMA JABABEKA
R110260317H066_H014,CDD LONG CHASSIS,1725000,0,0,0,0,700000,2425000,H014 - WH INFORMA JABABEKA,PT. BINTANG SAMUDRA RAYA,7,ON SCHEDULE,27,0,14.04.2026,17.03.2026,19.03.2026,08.04.2026,08.04.2026,08.04.2026,09.04.2026,,H014,WH INFORMA JABABEKA
R110260317H066_H014,CDD LONG CHASSIS,1725000,0,0,0,0,700000,2425000,H014 - WH INFORMA JABABEKA,PT. BINTANG SAMUDRA RAYA,7,ON SCHEDULE,27,0,14.04.2026,17.03.2026,19.03.2026,08.04.2026,08.04.2026,08.04.2026,09.04.2026,,H014,WH INFORMA JABABEKA
R110260317H067_H014,CDD LONG CHASSIS,1725000,0,0,0,0,700000,2425000,H014 - WH INFORMA JABABEKA,PT. BINTANG SAMUDRA RAYA,7,ON SCHEDULE,27,0,14.04.2026,17.03.2026,19.03.2026,08.04.2026,08.04.2026,08.04.2026,09.04.2026,,H014,WH INFORMA JABABEKA
R110260317H067_H014,CDD LONG CHASSIS,1725000,0,0,0,0,700000,2425000,H014 - WH INFORMA JABABEKA,PT. BINTANG SAMUDRA RAYA,7,ON SCHEDULE,27,0,14.04.2026,17.03.2026,19.03.2026,08.04.2026,08.04.2026,08.04.2026,09.04.2026,,H014,WH INFORMA JABABEKA
R110260317H067_H014,CDD LONG CHASSIS,1725000,0,0,0,0,700000,2425000,H014 - WH INFORMA JABABEKA,PT. BINTANG SAMUDRA RAYA,7,ON SCHEDULE,27,0,14.04.2026,17.03.2026,19.03.2026,08.04.2026,08.04.2026,08.04.2026,09.04.2026,,H014,WH INFORMA JABABEKA
R110260317H068_H014,CDD LONG CHASSIS,1725000,0,0,0,0,700000,2425000,H014 - WH INFORMA JABABEKA,PT. BINTANG SAMUDRA RAYA,7,ON SCHEDULE,27,0,14.04.2026,17.03.2026,19.03.2026,08.04.2026,08.04.2026,08.04.2026,09.04.2026,,H014,WH INFORMA JABABEKA
R110260317H068_H014,CDD LONG CHASSIS,1725000,0,0,0,0,700000,2425000,H014 - WH INFORMA JABABEKA,PT. BINTANG SAMUDRA RAYA,7,ON SCHEDULE,27,0,14.04.2026,17.03.2026,19.03.2026,08.04.2026,08.04.2026,08.04.2026,09.04.2026,,H014,WH INFORMA JABABEKA
R110260317H068_H014,CDD LONG CHASSIS,1725000,0,0,0,0,700000,2425000,H014 - WH INFORMA JABABEKA,PT. BINTANG SAMUDRA RAYA,7,ON SCHEDULE,27,0,14.04.2026,17.03.2026,19.03.2026,08.04.2026,08.04.2026,08.04.2026,09.04.2026,,H014,WH INFORMA JABABEKA
R110260317H069_H014,CDD LONG CHASSIS,2850000,0,0,0,0,700000,3550000,H014 - WH INFORMA JABABEKA,PT. BINTANG SAMUDRA RAYA,7,ON SCHEDULE,28,0,15.04.2026,17.03.2026,19.03.2026,08.04.2026,08.04.2026,08.04.2026,09.04.2026,,H014,WH INFORMA JABABEKA
R110260317H069_H014,CDD LONG CHASSIS,2850000,0,0,0,0,700000,3550000,H014 - WH INFORMA JABABEKA,PT. BINTANG SAMUDRA RAYA,7,ON SCHEDULE,28,0,15.04.2026,17.03.2026,19.03.2026,08.04.2026,08.04.2026,08.04.2026,09.04.2026,,H014,WH INFORMA JABABEKA
R110260317H069_H014,CDD LONG CHASSIS,2850000,0,0,0,0,700000,3550000,H014 - WH INFORMA JABABEKA,PT. BINTANG SAMUDRA RAYA,7,ON SCHEDULE,28,0,15.04.2026,17.03.2026,19.03.2026,08.04.2026,08.04.2026,08.04.2026,09.04.2026,,H014,WH INFORMA JABABEKA
R110260317H070_H014,CDD LONG CHASSIS,4200000,0,0,0,0,0,4200000,H014 - WH INFORMA JABABEKA,PT. JASATAMA DIRGANTARA EKSPRES,7,ON SCHEDULE,27,0,14.04.2026,17.03.2026,19.03.2026,25.05.2026,25.05.2026,08.06.2026,08.06.2026,,H014,WH INFORMA JABABEKA
R110260317H071_H014,CDD LONG CHASSIS,2850000,0,0,0,0,700000,3550000,H014 - WH INFORMA JABABEKA,PT. BINTANG SAMUDRA RAYA,7,ON SCHEDULE,28,0,15.04.2026,17.03.2026,19.03.2026,08.04.2026,08.04.2026,08.04.2026,09.04.2026,,H014,WH INFORMA JABABEKA
R110260317H071_H014,CDD LONG CHASSIS,2850000,0,0,0,0,700000,3550000,H014 - WH INFORMA JABABEKA,PT. BINTANG SAMUDRA RAYA,7,ON SCHEDULE,28,0,15.04.2026,17.03.2026,19.03.2026,08.04.2026,08.04.2026,08.04.2026,09.04.2026,,H014,WH INFORMA JABABEKA
R110260317H071_H014,CDD LONG CHASSIS,2850000,0,0,0,0,700000,3550000,H014 - WH INFORMA JABABEKA,PT. BINTANG SAMUDRA RAYA,7,ON SCHEDULE,28,0,15.04.2026,17.03.2026,19.03.2026,08.04.2026,08.04.2026,08.04.2026,09.04.2026,,H014,WH INFORMA JABABEKA
R110260317H072_H014,CDD LONG CHASSIS,2250000,0,0,0,0,700000,2950000,H014 - WH INFORMA JABABEKA,PT. BINTANG SAMUDRA RAYA,7,ON SCHEDULE,27,0,14.04.2026,17.03.2026,19.03.2026,08.04.2026,08.04.2026,08.04.2026,09.04.2026,,H014,WH INFORMA JABABEKA
R110260317H072_H014,CDD LONG CHASSIS,2250000,0,0,0,0,700000,2950000,H014 - WH INFORMA JABABEKA,PT. BINTANG SAMUDRA RAYA,7,ON SCHEDULE,27,0,14.04.2026,17.03.2026,19.03.2026,08.04.2026,08.04.2026,08.04.2026,09.04.2026,,H014,WH INFORMA JABABEKA
R110260317H072_H014,CDD LONG CHASSIS,2250000,0,0,0,0,700000,2950000,H014 - WH INFORMA JABABEKA,PT. BINTANG SAMUDRA RAYA,7,ON SCHEDULE,27,0,14.04.2026,17.03.2026,19.03.2026,08.04.2026,08.04.2026,08.04.2026,09.04.2026,,H014,WH INFORMA JABABEKA
R110260317H073_H014,CDD LONG CHASSIS,7500000,0,0,0,0,600000,8100000,H014 - WH INFORMA JABABEKA,PT.ORANG KREATIF EKSIS,7,ON SCHEDULE,29,0,17.04.2026,18.03.2026,26.03.2026,31.03.2026,31.03.2026,07.04.2026,07.04.2026,,H014,WH INFORMA JABABEKA
R110260317H073_H014,CDD LONG CHASSIS,7500000,0,0,0,0,600000,8100000,H014 - WH INFORMA JABABEKA,PT.ORANG KREATIF EKSIS,7,ON SCHEDULE,29,0,17.04.2026,18.03.2026,26.03.2026,31.03.2026,31.03.2026,07.04.2026,07.04.2026,,H014,WH INFORMA JABABEKA
R110260317H077_H014,CDD LONG CHASSIS,3500000,0,0,0,0,0,3500000,H014 - WH INFORMA JABABEKA,PT. JASATAMA DIRGANTARA EKSPRES,7,ON SCHEDULE,27,0,14.04.2026,17.03.2026,19.03.2026,25.05.2026,25.05.2026,08.06.2026,08.06.2026,,H014,WH INFORMA JABABEKA
R110260317H079_H014,CDD LONG CHASSIS,3500000,0,0,0,0,1800000,5300000,H014 - WH INFORMA JABABEKA,PT. CEHA LOGISTIK CEMERLANG,7,ON SCHEDULE,29,0,16.04.2026,17.03.2026,19.03.2026,31.03.2026,01.04.2026,02.04.2026,06.04.2026,,H014,WH INFORMA JABABEKA
R110260317H080_H014,CDD LONG CHASSIS,3900000,0,0,0,0,1800000,5700000,H014 - WH INFORMA JABABEKA,PT. CEHA LOGISTIK CEMERLANG,7,ON SCHEDULE,29,0,16.04.2026,17.03.2026,25.03.2026,31.03.2026,31.03.2026,02.04.2026,02.04.2026,,H014,WH INFORMA JABABEKA
R110260317H086_H014,CDD LONG CHASSIS,4500000,0,0,0,0,0,4500000,H014 - WH INFORMA JABABEKA,PT. JASATAMA DIRGANTARA EKSPRES,7,ON SCHEDULE,27,0,14.04.2026,17.03.2026,19.03.2026,15.06.2026,15.06.2026,29.06.2026,29.06.2026,,H014,WH INFORMA JABABEKA
R110260317H088_H014,CDD LONG CHASSIS,3340000,0,0,0,0,1800000,5140000,H014 - WH INFORMA JABABEKA,PT. CEHA LOGISTIK CEMERLANG,7,ON SCHEDULE,28,0,15.04.2026,17.03.2026,19.03.2026,31.03.2026,31.03.2026,02.04.2026,06.04.2026,,H014,WH INFORMA JABABEKA
R110260317H089_H014,CDD LONG CHASSIS,3340000,0,0,0,0,1800000,5140000,H014 - WH INFORMA JABABEKA,PT. CEHA LOGISTIK CEMERLANG,7,ON SCHEDULE,28,0,16.04.2026,18.03.2026,19.03.2026,31.03.2026,31.03.2026,02.04.2026,06.04.2026,,H014,WH INFORMA JABABEKA
R110260317H090_H014,CDD LONG CHASSIS,5750000,0,0,0,0,750000,6500000,H014 - WH INFORMA JABABEKA,PT. DUTA LINTAS NUSA,7,ON SCHEDULE,28,0,15.04.2026,17.03.2026,26.03.2026,13.04.2026,13.04.2026,27.04.2026,29.04.2026,,H014,WH INFORMA JABABEKA
R110260317H094_H014,BIG MAMA,3340000,0,0,0,0,1800000,5140000,H014 - WH INFORMA JABABEKA,PT. CEHA LOGISTIK CEMERLANG,7,ON SCHEDULE,28,0,17.04.2026,19.03.2026,19.03.2026,30.03.2026,31.03.2026,02.04.2026,06.04.2026,,H014,WH INFORMA JABABEKA
R110260317H097_H014,CDD LONG CHASSIS,15000000,0,0,0,0,870000,15870000,H014 - WH INFORMA JABABEKA,PT. ADI SARANA ARMADA TBK,7,ON SCHEDULE,30,0,18.04.2026,18.03.2026,,04.05.2026,06.05.2026,06.05.2026,18.05.2026,,H014,WH INFORMA JABABEKA
R110260317H097_H014,CDD LONG CHASSIS,15000000,0,0,0,0,870000,15870000,H014 - WH INFORMA JABABEKA,PT. ADI SARANA ARMADA TBK,7,ON SCHEDULE,30,0,18.04.2026,18.03.2026,,04.05.2026,06.05.2026,06.05.2026,18.05.2026,,H014,WH INFORMA JABABEKA
R110260317H101_H014,CDD LONG CHASSIS,9300000,0,0,0,0,500000,9800000,H014 - WH INFORMA JABABEKA,PT. AGUNG MAKMUR JAYA,7,ON SCHEDULE,33,0,22.04.2026,19.03.2026,,01.04.2026,01.04.2026,01.04.2026,01.04.2026,,H014,WH INFORMA JABABEKA
R110260317H101_H014,CDD LONG CHASSIS,9300000,0,0,0,0,500000,9800000,H014 - WH INFORMA JABABEKA,PT. AGUNG MAKMUR JAYA,7,ON SCHEDULE,33,0,22.04.2026,19.03.2026,,01.04.2026,01.04.2026,01.04.2026,01.04.2026,,H014,WH INFORMA JABABEKA
R110260317H102_H014,CDD LONG CHASSIS,3500000,0,0,0,0,1800000,5300000,H014 - WH INFORMA JABABEKA,PT. CEHA LOGISTIK CEMERLANG,7,ON SCHEDULE,29,0,16.04.2026,17.03.2026,25.03.2026,31.03.2026,31.03.2026,02.04.2026,02.04.2026,,H014,WH INFORMA JABABEKA
R110260317H103_H014,CDD LONG CHASSIS,3900000,0,0,0,0,1800000,5700000,H014 - WH INFORMA JABABEKA,PT. CEHA LOGISTIK CEMERLANG,7,ON SCHEDULE,29,0,17.04.2026,18.03.2026,25.03.2026,31.03.2026,31.03.2026,02.04.2026,02.04.2026,,H014,WH INFORMA JABABEKA
R110260317H104_H014,CDD LONG CHASSIS,3500000,0,0,0,0,1800000,5300000,H014 - WH INFORMA JABABEKA,PT. CEHA LOGISTIK CEMERLANG,7,ON SCHEDULE,29,0,16.04.2026,17.03.2026,25.03.2026,31.03.2026,31.03.2026,02.04.2026,02.04.2026,,H014,WH INFORMA JABABEKA
R110260317H105_H014,CDD LONG CHASSIS,3500000,0,0,0,0,1800000,5300000,H014 - WH INFORMA JABABEKA,PT. CEHA LOGISTIK CEMERLANG,7,ON SCHEDULE,29,0,16.04.2026,17.03.2026,25.03.2026,31.03.2026,31.03.2026,02.04.2026,02.04.2026,,H014,WH INFORMA JABABEKA
R110260317H107_H014,CDD LONG CHASSIS,2250000,0,0,0,0,700000,2950000,H014 - WH INFORMA JABABEKA,PT. BINTANG SAMUDRA RAYA,7,ON SCHEDULE,27,0,14.04.2026,17.03.2026,19.03.2026,08.04.2026,08.04.2026,08.04.2026,09.04.2026,,H014,WH INFORMA JABABEKA
R110260317H107_H014,CDD LONG CHASSIS,2250000,0,0,0,0,700000,2950000,H014 - WH INFORMA JABABEKA,PT. BINTANG SAMUDRA RAYA,7,ON SCHEDULE,27,0,14.04.2026,17.03.2026,19.03.2026,08.04.2026,08.04.2026,08.04.2026,09.04.2026,,H014,WH INFORMA JABABEKA
R110260317H107_H014,CDD LONG CHASSIS,2250000,0,0,0,0,700000,2950000,H014 - WH INFORMA JABABEKA,PT. BINTANG SAMUDRA RAYA,7,ON SCHEDULE,27,0,14.04.2026,17.03.2026,19.03.2026,08.04.2026,08.04.2026,08.04.2026,09.04.2026,,H014,WH INFORMA JABABEKA
R110260317H110_H014,CDD LONG CHASSIS,3900000,0,0,0,0,1800000,5700000,H014 - WH INFORMA JABABEKA,PT. CEHA LOGISTIK CEMERLANG,7,ON SCHEDULE,29,0,17.04.2026,18.03.2026,25.03.2026,31.03.2026,31.03.2026,02.04.2026,02.04.2026,,H014,WH INFORMA JABABEKA
R110260317T014_H014,CONT-20,13950000,0,0,0,0,800000,14750000,H014 - WH INFORMA JABABEKA,PT. SENTOSAPRIMA ABADI,7,ON SCHEDULE,40,0,27.04.2026,17.03.2026,31.03.2026,18.05.2026,18.05.2026,20.05.2026,20.05.2026,,H014,WH INFORMA JABABEKA
R110260318H038_H014,CDD LONG CHASSIS,3500000,0,0,0,0,0,3500000,H014 - WH INFORMA JABABEKA,PT. JASATAMA DIRGANTARA EKSPRES,7,ON SCHEDULE,27,0,14.04.2026,17.03.2026,25.03.2026,16.04.2026,17.04.2026,22.04.2026,22.04.2026,,H014,WH INFORMA JABABEKA
R110260318H039_H014,CDD LONG CHASSIS,3500000,0,0,0,0,0,3500000,H014 - WH INFORMA JABABEKA,PT. JASATAMA DIRGANTARA EKSPRES,7,ON SCHEDULE,27,0,14.04.2026,17.03.2026,25.03.2026,16.04.2026,17.04.2026,22.04.2026,22.04.2026,,H014,WH INFORMA JABABEKA
R110260318H040_H014,CDD LONG CHASSIS,3500000,0,0,0,0,0,3500000,H014 - WH INFORMA JABABEKA,PT. JASATAMA DIRGANTARA EKSPRES,7,ON SCHEDULE,27,0,14.04.2026,17.03.2026,25.03.2026,16.04.2026,17.04.2026,22.04.2026,22.04.2026,,H014,WH INFORMA JABABEKA
R110260318H041_H014,CDD LONG CHASSIS,3500000,0,0,0,0,0,3500000,H014 - WH INFORMA JABABEKA,PT. JASATAMA DIRGANTARA EKSPRES,7,ON SCHEDULE,27,0,15.04.2026,18.03.2026,25.03.2026,16.04.2026,17.04.2026,22.04.2026,22.04.2026,,H014,WH INFORMA JABABEKA
R110260318H042_H014,CDD LONG CHASSIS,3500000,0,0,0,0,0,3500000,H014 - WH INFORMA JABABEKA,PT. JASATAMA DIRGANTARA EKSPRES,7,ON SCHEDULE,27,0,14.04.2026,17.03.2026,25.03.2026,16.04.2026,17.04.2026,22.04.2026,22.04.2026,,H014,WH INFORMA JABABEKA
R110260318H043_H014,CDD LONG CHASSIS,1600000,0,0,0,0,0,1600000,H014 - WH INFORMA JABABEKA,PT. SATRIA PIRANTI PERKASA,7,ON SCHEDULE,27,0,15.04.2026,18.03.2026,25.03.2026,08.04.2026,08.04.2026,16.04.2026,16.04.2026,,H014,WH INFORMA JABABEKA
R110260318H044_H014,CDD LONG CHASSIS,1725000,0,0,0,0,700000,2425000,H014 - WH INFORMA JABABEKA,PT. BINTANG SAMUDRA RAYA,7,ON SCHEDULE,27,0,15.04.2026,18.03.2026,25.03.2026,08.04.2026,08.04.2026,08.04.2026,09.04.2026,,H014,WH INFORMA JABABEKA
R110260318H044_H014,CDD LONG CHASSIS,1725000,0,0,0,0,700000,2425000,H014 - WH INFORMA JABABEKA,PT. BINTANG SAMUDRA RAYA,7,ON SCHEDULE,27,0,15.04.2026,18.03.2026,25.03.2026,08.04.2026,08.04.2026,08.04.2026,09.04.2026,,H014,WH INFORMA JABABEKA
R110260318H044_H014,CDD LONG CHASSIS,1725000,0,0,0,0,700000,2425000,H014 - WH INFORMA JABABEKA,PT. BINTANG SAMUDRA RAYA,7,ON SCHEDULE,27,0,15.04.2026,18.03.2026,25.03.2026,08.04.2026,08.04.2026,08.04.2026,09.04.2026,,H014,WH INFORMA JABABEKA
R110260318H045_H014,CDD LONG CHASSIS,3500000,0,0,0,0,0,3500000,H014 - WH INFORMA JABABEKA,PT. JASATAMA DIRGANTARA EKSPRES,7,ON SCHEDULE,27,0,15.04.2026,18.03.2026,25.03.2026,16.04.2026,17.04.2026,22.04.2026,22.04.2026,,H014,WH INFORMA JABABEKA
R110260318H052_H014,CDD LONG CHASSIS,0,0,0,0,0,20170816,20170816,H014 - WH INFORMA JABABEKA,PT. SOLUSI LAYANAN DIGITAL,7,ON SCHEDULE,30,0,18.04.2026,18.03.2026,,14.04.2026,25.04.2026,27.04.2026,27.04.2026,,H014,WH INFORMA JABABEKA
R110260318H056_H014,CDD LONG CHASSIS,8750000,0,0,0,0,400000,9150000,H014 - WH INFORMA JABABEKA,PT LOGISTIK CANGGIH INDONESIA,7,ON SCHEDULE,28,0,16.04.2026,18.03.2026,25.03.2026,02.04.2026,03.04.2026,08.04.2026,09.04.2026,,H014,WH INFORMA JABABEKA
R110260318H074_H014,CDD LONG CHASSIS,9300000,0,0,0,0,500000,9800000,H014 - WH INFORMA JABABEKA,PT. AGUNG MAKMUR JAYA,7,ON SCHEDULE,33,0,22.04.2026,19.03.2026,,01.04.2026,01.04.2026,01.04.2026,01.04.2026,,H014,WH INFORMA JABABEKA
R110260318H074_H014,CDD LONG CHASSIS,9300000,0,0,0,0,500000,9800000,H014 - WH INFORMA JABABEKA,PT. AGUNG MAKMUR JAYA,7,ON SCHEDULE,33,0,22.04.2026,19.03.2026,,01.04.2026,01.04.2026,01.04.2026,01.04.2026,,H014,WH INFORMA JABABEKA
R110260318L043_H014,CDD LONG CHASSIS,1400000,0,0,0,200000,700000,2300000,H014 - WH INFORMA JABABEKA,PT. BINTANG SAMUDRA RAYA,7,ON SCHEDULE,27,0,15.04.2026,18.03.2026,25.03.2026,17.04.2026,19.04.2026,20.04.2026,20.04.2026,,H014,WH INFORMA JABABEKA
R110260318L046_H014,CDD LONG CHASSIS,3900000,0,0,0,0,1800000,5700000,H014 - WH INFORMA JABABEKA,PT. CEHA LOGISTIK CEMERLANG,7,ON SCHEDULE,30,0,18.04.2026,18.03.2026,25.03.2026,02.04.2026,02.04.2026,08.04.2026,08.04.2026,,H014,WH INFORMA JABABEKA
R110260318L047_H014,CDD LONG CHASSIS,1400000,0,0,0,200000,700000,2300000,H014 - WH INFORMA JABABEKA,PT. BINTANG SAMUDRA RAYA,7,ON SCHEDULE,27,0,15.04.2026,18.03.2026,25.03.2026,17.04.2026,19.04.2026,20.04.2026,20.04.2026,,H014,WH INFORMA JABABEKA
R110260318L047_H014,CDD LONG CHASSIS,1400000,0,0,0,200000,700000,2300000,H014 - WH INFORMA JABABEKA,PT. BINTANG SAMUDRA RAYA,7,ON SCHEDULE,27,0,15.04.2026,18.03.2026,25.03.2026,17.04.2026,19.04.2026,20.04.2026,20.04.2026,,H014,WH INFORMA JABABEKA
R110260318L047_H014,CDD LONG CHASSIS,1400000,0,0,0,200000,700000,2300000,H014 - WH INFORMA JABABEKA,PT. BINTANG SAMUDRA RAYA,7,ON SCHEDULE,27,0,15.04.2026,18.03.2026,25.03.2026,17.04.2026,19.04.2026,20.04.2026,20.04.2026,,H014,WH INFORMA JABABEKA
R110260318L052_H014,CDD LONG CHASSIS,1400000,0,0,0,0,700000,2100000,H014 - WH INFORMA JABABEKA,PT. BINTANG SAMUDRA RAYA,7,ON SCHEDULE,27,0,15.04.2026,18.03.2026,25.03.2026,08.04.2026,08.04.2026,08.04.2026,09.04.2026,,H014,WH INFORMA JABABEKA
R110260318L052_H014,CDD LONG CHASSIS,1400000,0,0,0,0,700000,2100000,H014 - WH INFORMA JABABEKA,PT. BINTANG SAMUDRA RAYA,7,ON SCHEDULE,27,0,15.04.2026,18.03.2026,25.03.2026,08.04.2026,08.04.2026,08.04.2026,09.04.2026,,H014,WH INFORMA JABABEKA
R110260318L052_H014,CDD LONG CHASSIS,1400000,0,0,0,0,700000,2100000,H014 - WH INFORMA JABABEKA,PT. BINTANG SAMUDRA RAYA,7,ON SCHEDULE,27,0,15.04.2026,18.03.2026,25.03.2026,08.04.2026,08.04.2026,08.04.2026,09.04.2026,,H014,WH INFORMA JABABEKA
R110260318L053_H014,CDD LONG CHASSIS,1800000,0,0,0,0,300000,2100000,H014 - WH INFORMA JABABEKA,PT. ANTAR JARINGAN SEPANJANG JALAN,7,ON SCHEDULE,27,0,16.04.2026,19.03.2026,25.03.2026,26.03.2026,31.03.2026,02.04.2026,02.04.2026,,H014,WH INFORMA JABABEKA
R110260318L054_H014,CDD LONG CHASSIS,1400000,0,0,0,0,700000,2100000,H014 - WH INFORMA JABABEKA,PT. BINTANG SAMUDRA RAYA,7,ON SCHEDULE,27,0,15.04.2026,18.03.2026,25.03.2026,08.04.2026,08.04.2026,08.04.2026,09.04.2026,,H014,WH INFORMA JABABEKA
R110260318L054_H014,CDD LONG CHASSIS,1400000,0,0,0,0,700000,2100000,H014 - WH INFORMA JABABEKA,PT. BINTANG SAMUDRA RAYA,7,ON SCHEDULE,27,0,15.04.2026,18.03.2026,25.03.2026,08.04.2026,08.04.2026,08.04.2026,09.04.2026,,H014,WH INFORMA JABABEKA
R110260318L054_H014,CDD LONG CHASSIS,1400000,0,0,0,0,700000,2100000,H014 - WH INFORMA JABABEKA,PT. BINTANG SAMUDRA RAYA,7,ON SCHEDULE,27,0,15.04.2026,18.03.2026,25.03.2026,08.04.2026,08.04.2026,08.04.2026,09.04.2026,,H014,WH INFORMA JABABEKA
R110260318L055_H014,CDD LONG CHASSIS,1400000,0,0,0,0,700000,2100000,H014 - WH INFORMA JABABEKA,PT. BINTANG SAMUDRA RAYA,7,ON SCHEDULE,27,0,15.04.2026,18.03.2026,25.03.2026,08.04.2026,08.04.2026,08.04.2026,09.04.2026,,H014,WH INFORMA JABABEKA
R110260318L055_H014,CDD LONG CHASSIS,1400000,0,0,0,0,700000,2100000,H014 - WH INFORMA JABABEKA,PT. BINTANG SAMUDRA RAYA,7,ON SCHEDULE,27,0,15.04.2026,18.03.2026,25.03.2026,08.04.2026,08.04.2026,08.04.2026,09.04.2026,,H014,WH INFORMA JABABEKA
R110260318L055_H014,CDD LONG CHASSIS,1400000,0,0,0,0,700000,2100000,H014 - WH INFORMA JABABEKA,PT. BINTANG SAMUDRA RAYA,7,ON SCHEDULE,27,0,15.04.2026,18.03.2026,25.03.2026,08.04.2026,08.04.2026,08.04.2026,09.04.2026,,H014,WH INFORMA JABABEKA
R110260318T013_H014,CONT-40,24800000,0,0,600000,0,800000,26200000,H014 - WH INFORMA JABABEKA,PT. SENTOSAPRIMA ABADI,7,ON SCHEDULE,42,0,30.04.2026,18.03.2026,30.03.2026,15.05.2026,17.05.2026,20.05.2026,20.05.2026,,H014,WH INFORMA JABABEKA
R110260319D033_H014,CDD LONG CHASSIS,1300000,0,0,0,0,300000,1600000,H014 - WH INFORMA JABABEKA,PT. ANTAR JARINGAN SEPANJANG JALAN,7,ON SCHEDULE,26,0,14.04.2026,18.03.2026,27.03.2026,27.03.2026,31.03.2026,02.04.2026,02.04.2026,,H014,WH INFORMA JABABEKA
R110260319D034_H014,CDD LONG CHASSIS,1300000,0,0,0,0,300000,1600000,H014 - WH INFORMA JABABEKA,PT. ANTAR JARINGAN SEPANJANG JALAN,7,ON SCHEDULE,26,0,14.04.2026,18.03.2026,27.03.2026,27.03.2026,31.03.2026,02.04.2026,02.04.2026,,H014,WH INFORMA JABABEKA
R110260319D042_H014,CDE LONG CHASSIS,1300000,0,0,0,0,300000,1600000,H014 - WH INFORMA JABABEKA,PT. ANTAR JARINGAN SEPANJANG JALAN,7,ON SCHEDULE,26,0,15.04.2026,19.03.2026,27.03.2026,31.03.2026,31.03.2026,02.04.2026,02.04.2026,,H014,WH INFORMA JABABEKA
R110260319D044_H014,CDD LONG CHASSIS,1100000,0,0,0,0,300000,1400000,H014 - WH INFORMA JABABEKA,PT. ANTAR JARINGAN SEPANJANG JALAN,7,ON SCHEDULE,26,0,14.04.2026,18.03.2026,27.03.2026,27.03.2026,31.03.2026,02.04.2026,02.04.2026,,H014,WH INFORMA JABABEKA
R110260319D046_H014,CDD LONG CHASSIS,1100000,0,0,0,0,300000,1400000,H014 - WH INFORMA JABABEKA,PT. ANTAR JARINGAN SEPANJANG JALAN,7,ON SCHEDULE,26,0,14.04.2026,18.03.2026,27.03.2026,27.03.2026,31.03.2026,02.04.2026,02.04.2026,,H014,WH INFORMA JABABEKA
R110260319D050_H014,CDD LONG CHASSIS,1200000,0,0,0,75000,300000,1575000,H014 - WH INFORMA JABABEKA,PT. ANTAR JARINGAN SEPANJANG JALAN,7,ON SCHEDULE,26,0,15.04.2026,19.03.2026,27.03.2026,27.03.2026,31.03.2026,02.04.2026,02.04.2026,,H014,WH INFORMA JABABEKA
R110260319D051_H014,CDD LONG CHASSIS,1100000,0,0,0,0,300000,1400000,H014 - WH INFORMA JABABEKA,PT. ANTAR JARINGAN SEPANJANG JALAN,7,ON SCHEDULE,26,0,14.04.2026,18.03.2026,27.03.2026,27.03.2026,31.03.2026,02.04.2026,02.04.2026,,H014,WH INFORMA JABABEKA
R110260319D054_H014,CDD LONG CHASSIS,1300000,0,0,0,0,300000,1600000,H014 - WH INFORMA JABABEKA,PT. ANTAR JARINGAN SEPANJANG JALAN,7,ON SCHEDULE,26,0,14.04.2026,18.03.2026,27.03.2026,27.03.2026,31.03.2026,02.04.2026,02.04.2026,,H014,WH INFORMA JABABEKA
R110260319D055_H014,CDD LONG CHASSIS,1300000,0,0,0,75000,300000,1675000,H014 - WH INFORMA JABABEKA,PT. ANTAR JARINGAN SEPANJANG JALAN,7,ON SCHEDULE,26,0,14.04.2026,18.03.2026,27.03.2026,27.03.2026,31.03.2026,02.04.2026,02.04.2026,,H014,WH INFORMA JABABEKA
R110260319D056_H014,CDD LONG CHASSIS,1100000,0,0,0,75000,300000,1475000,H014 - WH INFORMA JABABEKA,PT. ANTAR JARINGAN SEPANJANG JALAN,7,ON SCHEDULE,26,0,14.04.2026,18.03.2026,27.03.2026,27.03.2026,31.03.2026,02.04.2026,02.04.2026,,H014,WH INFORMA JABABEKA
R110260319D057_H014,CDD LONG CHASSIS,1300000,0,0,0,0,300000,1600000,H014 - WH INFORMA JABABEKA,PT. ANTAR JARINGAN SEPANJANG JALAN,7,ON SCHEDULE,26,0,14.04.2026,18.03.2026,27.03.2026,27.03.2026,31.03.2026,02.04.2026,02.04.2026,,H014,WH INFORMA JABABEKA
R110260319D058_H014,CDD LONG CHASSIS,1700000,0,0,0,0,300000,2000000,H014 - WH INFORMA JABABEKA,PT. ANTAR JARINGAN SEPANJANG JALAN,7,ON SCHEDULE,27,0,15.04.2026,18.03.2026,27.03.2026,27.03.2026,31.03.2026,02.04.2026,02.04.2026,,H014,WH INFORMA JABABEKA
R110260319D059_H014,CDD LONG CHASSIS,1300000,0,0,0,75000,300000,1675000,H014 - WH INFORMA JABABEKA,PT. ANTAR JARINGAN SEPANJANG JALAN,7,ON SCHEDULE,26,0,15.04.2026,19.03.2026,27.03.2026,27.03.2026,31.03.2026,02.04.2026,02.04.2026,,H014,WH INFORMA JABABEKA
R110260319D060_H014,CDE LONG CHASSIS,1200000,0,0,0,75000,300000,1575000,H014 - WH INFORMA JABABEKA,PT. ANTAR JARINGAN SEPANJANG JALAN,7,ON SCHEDULE,26,0,15.04.2026,19.03.2026,27.03.2026,31.03.2026,31.03.2026,02.04.2026,02.04.2026,,H014,WH INFORMA JABABEKA
R110260319D119_H014,CDD LONG CHASSIS,1300000,0,0,0,0,300000,1600000,H014 - WH INFORMA JABABEKA,PT. ANTAR JARINGAN SEPANJANG JALAN,7,ON SCHEDULE,26,0,15.04.2026,19.03.2026,27.03.2026,27.03.2026,31.03.2026,02.04.2026,02.04.2026,,H014,WH INFORMA JABABEKA
R110260319H020_H014,CDD LONG CHASSIS,3500000,0,0,0,0,0,3500000,H014 - WH INFORMA JABABEKA,PT. JASATAMA DIRGANTARA EKSPRES,4,LATE,15,138,03.04.2026,18.03.2026,25.03.2026,09.07.2026,10.07.2026,,,,H014,WH INFORMA JABABEKA
R110260319H021_H014,CDD LONG CHASSIS,3500000,0,0,0,0,0,3500000,H014 - WH INFORMA JABABEKA,PT. JASATAMA DIRGANTARA EKSPRES,4,LATE,15,138,04.04.2026,19.03.2026,25.03.2026,09.07.2026,10.07.2026,,,,H014,WH INFORMA JABABEKA
R110260319H022_H014,CDD LONG CHASSIS,3500000,0,0,0,0,0,3500000,H014 - WH INFORMA JABABEKA,PT. JASATAMA DIRGANTARA EKSPRES,4,LATE,15,138,03.04.2026,18.03.2026,25.03.2026,09.07.2026,10.07.2026,,,,H014,WH INFORMA JABABEKA
R110260319H023_H014,CDD LONG CHASSIS,3500000,0,0,0,0,0,3500000,H014 - WH INFORMA JABABEKA,PT. JASATAMA DIRGANTARA EKSPRES,4,LATE,15,138,04.04.2026,19.03.2026,25.03.2026,09.07.2026,10.07.2026,,,,H014,WH INFORMA JABABEKA
R110260319H036_H014,CDD LONG CHASSIS,3500000,0,0,0,0,0,3500000,H014 - WH INFORMA JABABEKA,PT. JASATAMA DIRGANTARA EKSPRES,4,LATE,15,138,04.04.2026,19.03.2026,25.03.2026,09.07.2026,10.07.2026,,,,H014,WH INFORMA JABABEKA
R110260319L023_H014,CDD LONG CHASSIS,3800000,0,0,0,0,1800000,5600000,H014 - WH INFORMA JABABEKA,PT. CEHA LOGISTIK CEMERLANG,7,ON SCHEDULE,30,0,23.04.2026,23.03.2026,26.03.2026,31.03.2026,31.03.2026,02.04.2026,02.04.2026,,H014,WH INFORMA JABABEKA
R110260319L024_H014,CDD LONG CHASSIS,1400000,0,0,0,0,700000,2100000,H014 - WH INFORMA JABABEKA,PT. BINTANG SAMUDRA RAYA,7,ON SCHEDULE,27,0,16.04.2026,19.03.2026,25.03.2026,08.04.2026,08.04.2026,08.04.2026,09.04.2026,,H014,WH INFORMA JABABEKA
R110260319L024_H014,CDD LONG CHASSIS,1400000,0,0,0,0,700000,2100000,H014 - WH INFORMA JABABEKA,PT. BINTANG SAMUDRA RAYA,7,ON SCHEDULE,27,0,16.04.2026,19.03.2026,25.03.2026,08.04.2026,08.04.2026,08.04.2026,09.04.2026,,H014,WH INFORMA JABABEKA
R110260319L024_H014,CDD LONG CHASSIS,1400000,0,0,0,0,700000,2100000,H014 - WH INFORMA JABABEKA,PT. BINTANG SAMUDRA RAYA,7,ON SCHEDULE,27,0,16.04.2026,19.03.2026,25.03.2026,08.04.2026,08.04.2026,08.04.2026,09.04.2026,,H014,WH INFORMA JABABEKA
R110260319L026_H014,CDD LONG CHASSIS,1400000,0,0,0,200000,700000,2300000,H014 - WH INFORMA JABABEKA,PT. BINTANG SAMUDRA RAYA,7,ON SCHEDULE,27,0,16.04.2026,19.03.2026,25.03.2026,17.04.2026,19.04.2026,20.04.2026,20.04.2026,,H014,WH INFORMA JABABEKA
R110260320D040_H014,CDD LONG CHASSIS,2044000,0,0,0,0,400000,2444000,H014 - WH INFORMA JABABEKA,PT LOGISTIK CANGGIH INDONESIA,7,ON SCHEDULE,27,0,16.04.2026,19.03.2026,25.03.2026,02.04.2026,03.04.2026,08.04.2026,15.04.2026,,H014,WH INFORMA JABABEKA
R110260320D041_H014,CDD LONG CHASSIS,2336000,0,0,0,0,400000,2736000,H014 - WH INFORMA JABABEKA,PT LOGISTIK CANGGIH INDONESIA,7,ON SCHEDULE,27,0,16.04.2026,19.03.2026,25.03.2026,02.04.2026,03.04.2026,07.04.2026,07.04.2026,,H014,WH INFORMA JABABEKA
R110260320D044_H014,CDD LONG CHASSIS,2336000,0,0,0,0,400000,2736000,H014 - WH INFORMA JABABEKA,PT LOGISTIK CANGGIH INDONESIA,7,ON SCHEDULE,26,0,15.04.2026,19.03.2026,25.03.2026,02.04.2026,03.04.2026,07.04.2026,07.04.2026,,H014,WH INFORMA JABABEKA
R110260320D046_H014,CDD LONG CHASSIS,2044000,0,0,0,0,400000,2444000,H014 - WH INFORMA JABABEKA,PT LOGISTIK CANGGIH INDONESIA,7,ON SCHEDULE,26,0,16.04.2026,20.03.2026,25.03.2026,02.04.2026,03.04.2026,07.04.2026,14.04.2026,,H014,WH INFORMA JABABEKA
R110260320D047_H014,CDD LONG CHASSIS,2044000,0,0,0,200000,400000,2644000,H014 - WH INFORMA JABABEKA,PT LOGISTIK CANGGIH INDONESIA,7,ON SCHEDULE,26,0,15.04.2026,19.03.2026,25.03.2026,02.04.2026,03.04.2026,07.04.2026,07.04.2026,,H014,WH INFORMA JABABEKA
R110260320D048_H014,CDD LONG CHASSIS,2044000,0,0,0,400000,400000,2844000,H014 - WH INFORMA JABABEKA,PT LOGISTIK CANGGIH INDONESIA,7,ON SCHEDULE,26,0,15.04.2026,19.03.2026,25.03.2026,02.04.2026,03.04.2026,07.04.2026,07.04.2026,,H014,WH INFORMA JABABEKA
R110260320D049_H014,CDD LONG CHASSIS,2336000,0,0,0,0,400000,2736000,H014 - WH INFORMA JABABEKA,PT LOGISTIK CANGGIH INDONESIA,7,ON SCHEDULE,26,0,15.04.2026,19.03.2026,25.03.2026,02.04.2026,03.04.2026,07.04.2026,07.04.2026,,H014,WH INFORMA JABABEKA
R110260320D060_H014,CDD LONG CHASSIS,2336000,0,0,0,200000,400000,2936000,H014 - WH INFORMA JABABEKA,PT LOGISTIK CANGGIH INDONESIA,7,ON SCHEDULE,26,0,15.04.2026,19.03.2026,25.03.2026,02.04.2026,03.04.2026,07.04.2026,07.04.2026,,H014,WH INFORMA JABABEKA
R110260320D061_H014,CDD LONG CHASSIS,2409500,0,0,0,0,400000,2809500,H014 - WH INFORMA JABABEKA,PT LOGISTIK CANGGIH INDONESIA,7,ON SCHEDULE,27,0,16.04.2026,19.03.2026,25.03.2026,02.04.2026,03.04.2026,07.04.2026,07.04.2026,,H014,WH INFORMA JABABEKA
R110260320D077_H014,CDD LONG CHASSIS,2409500,0,0,0,0,400000,2809500,H014 - WH INFORMA JABABEKA,PT LOGISTIK CANGGIH INDONESIA,7,ON SCHEDULE,26,0,16.04.2026,20.03.2026,25.03.2026,02.04.2026,03.04.2026,07.04.2026,07.04.2026,,H014,WH INFORMA JABABEKA
R110260320D081_H014,CDD LONG CHASSIS,2409500,0,0,0,0,400000,2809500,H014 - WH INFORMA JABABEKA,PT LOGISTIK CANGGIH INDONESIA,7,ON SCHEDULE,27,0,16.04.2026,19.03.2026,25.03.2026,02.04.2026,03.04.2026,07.04.2026,07.04.2026,,H014,WH INFORMA JABABEKA
R110260320D084_H014,CDD LONG CHASSIS,2409500,0,0,0,200000,400000,3009500,H014 - WH INFORMA JABABEKA,PT LOGISTIK CANGGIH INDONESIA,7,ON SCHEDULE,26,0,16.04.2026,20.03.2026,26.03.2026,02.04.2026,03.04.2026,07.04.2026,07.04.2026,,H014,WH INFORMA JABABEKA
R110260320D094_H014,CDD LONG CHASSIS,2409500,0,0,0,0,400000,2809500,H014 - WH INFORMA JABABEKA,PT LOGISTIK CANGGIH INDONESIA,7,ON SCHEDULE,26,0,15.04.2026,19.03.2026,,14.04.2026,15.04.2026,15.04.2026,20.04.2026,,H014,WH INFORMA JABABEKA
R110260320D097_H014,CDD LONG CHASSIS,2158000,0,0,0,0,400000,2558000,H014 - WH INFORMA JABABEKA,PT LOGISTIK CANGGIH INDONESIA,7,ON SCHEDULE,26,0,15.04.2026,19.03.2026,25.03.2026,02.04.2026,03.04.2026,07.04.2026,07.04.2026,,H014,WH INFORMA JABABEKA
R110260320D107_H014,CDD LONG CHASSIS,2044000,0,0,0,200000,400000,2644000,H014 - WH INFORMA JABABEKA,PT LOGISTIK CANGGIH INDONESIA,7,ON SCHEDULE,26,0,16.04.2026,20.03.2026,26.03.2026,02.04.2026,03.04.2026,07.04.2026,07.04.2026,,H014,WH INFORMA JABABEKA
R110260320T001_H014,CONT-40,25600000,0,0,0,0,800000,26400000,H014 - WH INFORMA JABABEKA,PT. SENTOSAPRIMA ABADI,7,ON SCHEDULE,37,0,25.04.2026,18.03.2026,04.04.2026,12.05.2026,12.05.2026,20.05.2026,20.05.2026,,H014,WH INFORMA JABABEKA
R110260323H010_H014,CDD LONG CHASSIS,5800000,0,0,0,0,0,5800000,H014 - WH INFORMA JABABEKA,PT. AGUNG MAKMUR JAYA,7,ON SCHEDULE,28,0,21.04.2026,23.03.2026,25.03.2026,25.03.2026,25.03.2026,01.04.2026,01.04.2026,,H014,WH INFORMA JABABEKA
R110260323H011_H014,CDD LONG CHASSIS,5800000,0,0,0,0,0,5800000,H014 - WH INFORMA JABABEKA,PT. AGUNG MAKMUR JAYA,7,ON SCHEDULE,28,0,21.04.2026,23.03.2026,25.03.2026,25.03.2026,25.03.2026,01.04.2026,01.04.2026,,H014,WH INFORMA JABABEKA
R110260323H012_H014,CDD LONG CHASSIS,5800000,0,0,0,0,0,5800000,H014 - WH INFORMA JABABEKA,PT. AGUNG MAKMUR JAYA,7,ON SCHEDULE,28,0,22.04.2026,24.03.2026,26.03.2026,26.03.2026,27.03.2026,01.04.2026,01.04.2026,,H014,WH INFORMA JABABEKA
R110260323H019_H014,CDD LONG CHASSIS,3500000,0,0,0,0,0,3500000,H014 - WH INFORMA JABABEKA,PT. JASATAMA DIRGANTARA EKSPRES,6,LATE,27,133,20.04.2026,23.03.2026,25.03.2026,09.07.2026,10.07.2026,21.07.2026,21.07.2026,,H014,WH INFORMA JABABEKA
R110260323H023_H014,CDD LONG CHASSIS,5750000,0,0,0,0,750000,6500000,H014 - WH INFORMA JABABEKA,PT. DUTA LINTAS NUSA,7,ON SCHEDULE,28,0,24.04.2026,26.03.2026,27.03.2026,13.04.2026,14.04.2026,27.04.2026,29.04.2026,,H014,WH INFORMA JABABEKA
R110260323H038_H014,CDD LONG CHASSIS,3500000,0,0,0,0,0,3500000,H014 - WH INFORMA JABABEKA,PT. JASATAMA DIRGANTARA EKSPRES,6,LATE,27,133,20.04.2026,23.03.2026,25.03.2026,09.07.2026,10.07.2026,21.07.2026,21.07.2026,,H014,WH INFORMA JABABEKA
R110260323H041_H014,CDD LONG CHASSIS,5800000,0,0,0,0,0,5800000,H014 - WH INFORMA JABABEKA,PT. AGUNG MAKMUR JAYA,7,ON SCHEDULE,28,0,21.04.2026,23.03.2026,25.03.2026,25.03.2026,25.03.2026,01.04.2026,01.04.2026,,H014,WH INFORMA JABABEKA
R110260323H042_H014,CDD LONG CHASSIS,4900000,0,0,0,0,400000,5300000,H014 - WH INFORMA JABABEKA,PT.ORANG KREATIF EKSIS,7,ON SCHEDULE,28,0,21.04.2026,23.03.2026,25.03.2026,31.03.2026,31.03.2026,07.04.2026,07.04.2026,,H014,WH INFORMA JABABEKA
R110260323H042_H014,CDD LONG CHASSIS,4900000,0,0,0,0,400000,5300000,H014 - WH INFORMA JABABEKA,PT.ORANG KREATIF EKSIS,7,ON SCHEDULE,28,0,21.04.2026,23.03.2026,25.03.2026,31.03.2026,31.03.2026,07.04.2026,07.04.2026,,H014,WH INFORMA JABABEKA
R110260323H052_H014,FUSO,14750000,0,0,0,0,0,14750000,H014 - WH INFORMA JABABEKA,PT. SATRIA PIRANTI PERKASA,7,ON SCHEDULE,29,0,23.04.2026,24.03.2026,28.03.2026,17.04.2026,19.04.2026,30.04.2026,30.04.2026,,H014,WH INFORMA JABABEKA
R110260323H056_H014,WINGBOX,0,0,0,0,0,29936590,29936590,H014 - WH INFORMA JABABEKA,PT. SOLUSI LAYANAN DIGITAL,7,ON SCHEDULE,29,0,22.04.2026,23.03.2026,26.03.2026,17.04.2026,25.04.2026,27.04.2026,27.04.2026,,H014,WH INFORMA JABABEKA
R110260323H057_H014,WINGBOX,11500000,0,0,0,750000,900000,13150000,H014 - WH INFORMA JABABEKA,PT. BINTANG SAMUDRA RAYA,7,ON SCHEDULE,29,0,22.04.2026,23.03.2026,26.03.2026,16.04.2026,17.04.2026,17.04.2026,17.04.2026,,H014,WH INFORMA JABABEKA
R110260323L004_H014,CDD LONG CHASSIS,8855000,0,0,0,0,600000,9455000,H014 - WH INFORMA JABABEKA,PT.ORANG KREATIF EKSIS,7,ON SCHEDULE,30,0,25.04.2026,25.03.2026,28.03.2026,09.04.2026,10.04.2026,17.04.2026,17.04.2026,,H014,WH INFORMA JABABEKA
R110260323L004_H014,CDD LONG CHASSIS,8855000,0,0,0,0,600000,9455000,H014 - WH INFORMA JABABEKA,PT.ORANG KREATIF EKSIS,7,ON SCHEDULE,30,0,25.04.2026,25.03.2026,28.03.2026,09.04.2026,10.04.2026,17.04.2026,17.04.2026,,H014,WH INFORMA JABABEKA
R110260323L005_H014,CDD LONG CHASSIS,10200000,0,0,0,0,400000,10600000,H014 - WH INFORMA JABABEKA,PT LOGISTIK CANGGIH INDONESIA,7,ON SCHEDULE,30,0,24.04.2026,24.03.2026,27.03.2026,02.04.2026,03.04.2026,08.04.2026,08.04.2026,,H014,WH INFORMA JABABEKA
R110260323L006_H014,CDD LONG CHASSIS,7400000,0,0,0,500000,700000,8600000,H014 - WH INFORMA JABABEKA,PT. BINTANG SAMUDRA RAYA,7,ON SCHEDULE,30,0,24.04.2026,24.03.2026,28.03.2026,16.04.2026,17.04.2026,17.04.2026,17.04.2026,,H014,WH INFORMA JABABEKA
R110260323L006_H014,CDD LONG CHASSIS,7400000,0,0,0,500000,700000,8600000,H014 - WH INFORMA JABABEKA,PT. BINTANG SAMUDRA RAYA,7,ON SCHEDULE,30,0,24.04.2026,24.03.2026,28.03.2026,16.04.2026,17.04.2026,17.04.2026,17.04.2026,,H014,WH INFORMA JABABEKA
R110260323L006_H014,CDD LONG CHASSIS,7400000,0,0,0,500000,700000,8600000,H014 - WH INFORMA JABABEKA,PT. BINTANG SAMUDRA RAYA,7,ON SCHEDULE,30,0,24.04.2026,24.03.2026,28.03.2026,16.04.2026,17.04.2026,17.04.2026,17.04.2026,,H014,WH INFORMA JABABEKA
R110260323L007_H014,CDD LONG CHASSIS,15000000,0,0,0,0,0,15000000,H014 - WH INFORMA JABABEKA,PT. ADI SARANA ARMADA TBK,7,ON SCHEDULE,29,0,23.04.2026,24.03.2026,28.03.2026,21.04.2026,21.04.2026,22.04.2026,05.05.2026,,H014,WH INFORMA JABABEKA
R110260323L008_H014,CDD LONG CHASSIS,2100000,0,0,0,300000,700000,3100000,H014 - WH INFORMA JABABEKA,PT. BINTANG SAMUDRA RAYA,7,ON SCHEDULE,27,0,20.04.2026,23.03.2026,25.03.2026,17.04.2026,19.04.2026,20.04.2026,20.04.2026,,H014,WH INFORMA JABABEKA
R110260323L008_H014,CDD LONG CHASSIS,2100000,0,0,0,300000,700000,3100000,H014 - WH INFORMA JABABEKA,PT. BINTANG SAMUDRA RAYA,7,ON SCHEDULE,27,0,20.04.2026,23.03.2026,25.03.2026,17.04.2026,19.04.2026,20.04.2026,20.04.2026,,H014,WH INFORMA JABABEKA
R110260323L008_H014,CDD LONG CHASSIS,2100000,0,0,0,300000,700000,3100000,H014 - WH INFORMA JABABEKA,PT. BINTANG SAMUDRA RAYA,7,ON SCHEDULE,27,0,20.04.2026,23.03.2026,25.03.2026,17.04.2026,19.04.2026,20.04.2026,20.04.2026,,H014,WH INFORMA JABABEKA
R110260323L011_H014,CDD LONG CHASSIS,5800000,0,0,0,100000,0,5900000,H014 - WH INFORMA JABABEKA,PT. AGUNG MAKMUR JAYA,7,ON SCHEDULE,28,0,27.04.2026,29.03.2026,30.03.2026,07.04.2026,07.04.2026,13.04.2026,14.04.2026,,H014,WH INFORMA JABABEKA
R110260323L011_H014,CDD LONG CHASSIS,5800000,0,0,0,100000,0,5900000,H014 - WH INFORMA JABABEKA,PT. AGUNG MAKMUR JAYA,7,ON SCHEDULE,28,0,27.04.2026,29.03.2026,30.03.2026,07.04.2026,07.04.2026,13.04.2026,14.04.2026,,H014,WH INFORMA JABABEKA
R110260323L011_H014,CDD LONG CHASSIS,5800000,0,0,0,100000,0,5900000,H014 - WH INFORMA JABABEKA,PT. AGUNG MAKMUR JAYA,7,ON SCHEDULE,28,0,27.04.2026,29.03.2026,30.03.2026,07.04.2026,07.04.2026,13.04.2026,14.04.2026,,H014,WH INFORMA JABABEKA
R110260323L017_H014,CDD LONG CHASSIS,4000000,0,0,0,0,0,4000000,H014 - WH INFORMA JABABEKA,PT. JASATAMA DIRGANTARA EKSPRES,2,LATE,7,132,01.04.2026,24.03.2026,26.03.2026,,,,,,H014,WH INFORMA JABABEKA
R110260323L020_H014,CDD LONG CHASSIS,4000000,0,0,0,0,0,4000000,H014 - WH INFORMA JABABEKA,PT. JASATAMA DIRGANTARA EKSPRES,2,LATE,7,132,01.04.2026,24.03.2026,26.03.2026,,,,,,H014,WH INFORMA JABABEKA
R110260323L022_H014,CDD LONG CHASSIS,3900000,0,0,0,250000,1800000,5950000,H014 - WH INFORMA JABABEKA,PT. CEHA LOGISTIK CEMERLANG,7,ON SCHEDULE,28,0,21.04.2026,23.03.2026,26.03.2026,02.04.2026,02.04.2026,02.04.2026,06.04.2026,,H014,WH INFORMA JABABEKA
R110260323L024_H014,CDD LONG CHASSIS,2350000,0,0,0,0,700000,3050000,H014 - WH INFORMA JABABEKA,PT. BINTANG SAMUDRA RAYA,7,ON SCHEDULE,27,0,20.04.2026,23.03.2026,26.03.2026,21.04.2026,22.04.2026,22.04.2026,22.04.2026,,H014,WH INFORMA JABABEKA
R110260323L024_H014,CDD LONG CHASSIS,2350000,0,0,0,0,700000,3050000,H014 - WH INFORMA JABABEKA,PT. BINTANG SAMUDRA RAYA,7,ON SCHEDULE,27,0,20.04.2026,23.03.2026,26.03.2026,21.04.2026,22.04.2026,22.04.2026,22.04.2026,,H014,WH INFORMA JABABEKA
R110260323L024_H014,CDD LONG CHASSIS,2350000,0,0,0,0,700000,3050000,H014 - WH INFORMA JABABEKA,PT. BINTANG SAMUDRA RAYA,7,ON SCHEDULE,27,0,20.04.2026,23.03.2026,26.03.2026,21.04.2026,22.04.2026,22.04.2026,22.04.2026,,H014,WH INFORMA JABABEKA
R110260323L025_H014,CDD LONG CHASSIS,3500000,0,0,0,0,1800000,5300000,H014 - WH INFORMA JABABEKA,PT. CEHA LOGISTIK CEMERLANG,7,ON SCHEDULE,29,0,22.04.2026,23.03.2026,26.03.2026,02.04.2026,02.04.2026,09.04.2026,09.04.2026,,H014,WH INFORMA JABABEKA
R110260323L026_H014,CDD LONG CHASSIS,7400000,0,0,0,0,700000,8100000,H014 - WH INFORMA JABABEKA,PT. BINTANG SAMUDRA RAYA,7,ON SCHEDULE,30,0,24.04.2026,24.03.2026,28.03.2026,08.04.2026,08.04.2026,08.04.2026,09.04.2026,,H014,WH INFORMA JABABEKA
R110260323L026_H014,CDD LONG CHASSIS,7400000,0,0,0,0,700000,8100000,H014 - WH INFORMA JABABEKA,PT. BINTANG SAMUDRA RAYA,7,ON SCHEDULE,30,0,24.04.2026,24.03.2026,28.03.2026,08.04.2026,08.04.2026,08.04.2026,09.04.2026,,H014,WH INFORMA JABABEKA
R110260323L026_H014,CDD LONG CHASSIS,7400000,0,0,0,0,700000,8100000,H014 - WH INFORMA JABABEKA,PT. BINTANG SAMUDRA RAYA,7,ON SCHEDULE,30,0,24.04.2026,24.03.2026,28.03.2026,08.04.2026,08.04.2026,08.04.2026,09.04.2026,,H014,WH INFORMA JABABEKA
R110260323L028_H014,CDD LONG CHASSIS,2900000,0,0,0,0,0,2900000,H014 - WH INFORMA JABABEKA,PT. AGUNG MAKMUR JAYA,7,ON SCHEDULE,28,0,21.04.2026,23.03.2026,26.03.2026,26.03.2026,26.03.2026,01.04.2026,01.04.2026,,H014,WH INFORMA JABABEKA
R110260323L029_H014,CDD LONG CHASSIS,3100000,0,0,0,0,700000,3800000,H014 - WH INFORMA JABABEKA,PT. BINTANG SAMUDRA RAYA,7,ON SCHEDULE,27,0,20.04.2026,23.03.2026,26.03.2026,08.04.2026,08.04.2026,08.04.2026,09.04.2026,,H014,WH INFORMA JABABEKA
R110260323L029_H014,CDD LONG CHASSIS,3100000,0,0,0,0,700000,3800000,H014 - WH INFORMA JABABEKA,PT. BINTANG SAMUDRA RAYA,7,ON SCHEDULE,27,0,20.04.2026,23.03.2026,26.03.2026,08.04.2026,08.04.2026,08.04.2026,09.04.2026,,H014,WH INFORMA JABABEKA
R110260323L029_H014,CDD LONG CHASSIS,3100000,0,0,0,0,700000,3800000,H014 - WH INFORMA JABABEKA,PT. BINTANG SAMUDRA RAYA,7,ON SCHEDULE,27,0,20.04.2026,23.03.2026,26.03.2026,08.04.2026,08.04.2026,08.04.2026,09.04.2026,,H014,WH INFORMA JABABEKA
R110260323L030_H014,CDD LONG CHASSIS,3500000,0,0,0,0,0,3500000,H014 - WH INFORMA JABABEKA,PT. JASATAMA DIRGANTARA EKSPRES,6,LATE,27,133,20.04.2026,23.03.2026,25.03.2026,09.07.2026,10.07.2026,21.07.2026,21.07.2026,,H014,WH INFORMA JABABEKA
R110260323L031_H014,CDD LONG CHASSIS,4900000,0,0,0,0,400000,5300000,H014 - WH INFORMA JABABEKA,PT.ORANG KREATIF EKSIS,7,ON SCHEDULE,26,0,19.04.2026,23.03.2026,25.03.2026,31.03.2026,31.03.2026,07.04.2026,07.04.2026,,H014,WH INFORMA JABABEKA
R110260323L031_H014,CDD LONG CHASSIS,4900000,0,0,0,0,400000,5300000,H014 - WH INFORMA JABABEKA,PT.ORANG KREATIF EKSIS,7,ON SCHEDULE,26,0,19.04.2026,23.03.2026,25.03.2026,31.03.2026,31.03.2026,07.04.2026,07.04.2026,,H014,WH INFORMA JABABEKA
R110260323L032_H014,CDD LONG CHASSIS,10300000,0,0,0,0,700000,11000000,H014 - WH INFORMA JABABEKA,PT. BINTANG SAMUDRA RAYA,7,ON SCHEDULE,30,0,25.04.2026,25.03.2026,29.03.2026,20.04.2026,21.04.2026,21.04.2026,21.04.2026,,H014,WH INFORMA JABABEKA
R110260323L032_H014,CDD LONG CHASSIS,10300000,0,0,0,0,700000,11000000,H014 - WH INFORMA JABABEKA,PT. BINTANG SAMUDRA RAYA,7,ON SCHEDULE,30,0,25.04.2026,25.03.2026,29.03.2026,20.04.2026,21.04.2026,21.04.2026,21.04.2026,,H014,WH INFORMA JABABEKA
R110260323L032_H014,CDD LONG CHASSIS,10300000,0,0,0,0,700000,11000000,H014 - WH INFORMA JABABEKA,PT. BINTANG SAMUDRA RAYA,7,ON SCHEDULE,30,0,25.04.2026,25.03.2026,29.03.2026,20.04.2026,21.04.2026,21.04.2026,21.04.2026,,H014,WH INFORMA JABABEKA
R110260323L033_H014,CDD LONG CHASSIS,3900000,0,0,0,0,1800000,5700000,H014 - WH INFORMA JABABEKA,PT. CEHA LOGISTIK CEMERLANG,7,ON SCHEDULE,30,0,23.04.2026,23.03.2026,26.03.2026,31.03.2026,31.03.2026,02.04.2026,02.04.2026,,H014,WH INFORMA JABABEKA
R110260323L034_H014,CDD LONG CHASSIS,18500000,0,0,0,0,400000,18900000,H014 - WH INFORMA JABABEKA,PT LOGISTIK CANGGIH INDONESIA,7,ON SCHEDULE,30,0,24.04.2026,24.03.2026,28.03.2026,13.04.2026,13.04.2026,13.04.2026,14.04.2026,,H014,WH INFORMA JABABEKA
R110260323L035_H014,CDD LONG CHASSIS,3500000,0,0,0,0,1800000,5300000,H014 - WH INFORMA JABABEKA,PT. CEHA LOGISTIK CEMERLANG,7,ON SCHEDULE,30,0,23.04.2026,23.03.2026,26.03.2026,31.03.2026,31.03.2026,02.04.2026,02.04.2026,,H014,WH INFORMA JABABEKA
R110260323L036_H014,CDD LONG CHASSIS,3900000,0,0,0,0,1800000,5700000,H014 - WH INFORMA JABABEKA,PT. CEHA LOGISTIK CEMERLANG,7,ON SCHEDULE,30,0,23.04.2026,23.03.2026,26.03.2026,31.03.2026,31.03.2026,02.04.2026,02.04.2026,,H014,WH INFORMA JABABEKA
R110260323L037_H014,CDD LONG CHASSIS,3900000,0,0,0,0,1800000,5700000,H014 - WH INFORMA JABABEKA,PT. CEHA LOGISTIK CEMERLANG,7,ON SCHEDULE,30,0,23.04.2026,23.03.2026,26.03.2026,31.03.2026,31.03.2026,02.04.2026,02.04.2026,,H014,WH INFORMA JABABEKA
R110260323L040_H014,CDD LONG CHASSIS,3900000,0,0,0,0,1800000,5700000,H014 - WH INFORMA JABABEKA,PT. CEHA LOGISTIK CEMERLANG,7,ON SCHEDULE,30,0,23.04.2026,23.03.2026,26.03.2026,31.03.2026,31.03.2026,02.04.2026,02.04.2026,,H014,WH INFORMA JABABEKA
R110260323L041_H014,CDD LONG CHASSIS,3900000,0,0,0,0,1800000,5700000,H014 - WH INFORMA JABABEKA,PT. CEHA LOGISTIK CEMERLANG,7,ON SCHEDULE,30,0,23.04.2026,23.03.2026,26.03.2026,02.04.2026,02.04.2026,09.04.2026,09.04.2026,,H014,WH INFORMA JABABEKA
R110260323L042_H014,CDD LONG CHASSIS,3900000,0,0,0,500000,1800000,6200000,H014 - WH INFORMA JABABEKA,PT. CEHA LOGISTIK CEMERLANG,7,ON SCHEDULE,30,0,23.04.2026,23.03.2026,26.03.2026,06.04.2026,06.04.2026,09.04.2026,09.04.2026,,H014,WH INFORMA JABABEKA
R110260323L043_H014,CDD LONG CHASSIS,3600000,0,0,0,0,400000,4000000,H014 - WH INFORMA JABABEKA,PT LOGISTIK CANGGIH INDONESIA,7,ON SCHEDULE,28,0,21.04.2026,23.03.2026,26.03.2026,02.04.2026,03.04.2026,08.04.2026,08.04.2026,,H014,WH INFORMA JABABEKA
R110260323L045_H014,CDD LONG CHASSIS,4200000,0,0,0,0,0,4200000,H014 - WH INFORMA JABABEKA,PT. JASATAMA DIRGANTARA EKSPRES,7,ON SCHEDULE,28,0,21.04.2026,23.03.2026,25.03.2026,05.05.2026,06.05.2026,07.05.2026,07.05.2026,,H014,WH INFORMA JABABEKA
R110260323L047_H014,CDD LONG CHASSIS,3500000,0,0,0,250000,0,3750000,H014 - WH INFORMA JABABEKA,PT. JASATAMA DIRGANTARA EKSPRES,6,LATE,27,133,20.04.2026,23.03.2026,25.03.2026,09.07.2026,10.07.2026,21.07.2026,21.07.2026,,H014,WH INFORMA JABABEKA
R110260323L048_H014,CDD LONG CHASSIS,3500000,0,0,0,250000,0,3750000,H014 - WH INFORMA JABABEKA,PT. JASATAMA DIRGANTARA EKSPRES,6,LATE,27,133,20.04.2026,23.03.2026,25.03.2026,09.07.2026,10.07.2026,21.07.2026,21.07.2026,,H014,WH INFORMA JABABEKA
R110260323L049_H014,CDD LONG CHASSIS,3500000,0,0,0,0,0,3500000,H014 - WH INFORMA JABABEKA,PT. JASATAMA DIRGANTARA EKSPRES,6,LATE,27,133,20.04.2026,23.03.2026,25.03.2026,09.07.2026,10.07.2026,21.07.2026,21.07.2026,,H014,WH INFORMA JABABEKA
R110260323L050_H014,CDD LONG CHASSIS,3500000,0,0,0,0,0,3500000,H014 - WH INFORMA JABABEKA,PT. JASATAMA DIRGANTARA EKSPRES,6,LATE,27,133,20.04.2026,23.03.2026,25.03.2026,09.07.2026,10.07.2026,21.07.2026,21.07.2026,,H014,WH INFORMA JABABEKA
R110260323L054_H014,CDD LONG CHASSIS,3500000,0,0,0,0,0,3500000,H014 - WH INFORMA JABABEKA,PT. JASATAMA DIRGANTARA EKSPRES,6,LATE,27,133,20.04.2026,23.03.2026,25.03.2026,09.07.2026,10.07.2026,21.07.2026,21.07.2026,,H014,WH INFORMA JABABEKA
R110260323L055_H014,CDD LONG CHASSIS,4000000,0,0,0,0,0,4000000,H014 - WH INFORMA JABABEKA,PT. JASATAMA DIRGANTARA EKSPRES,2,LATE,7,133,31.03.2026,23.03.2026,25.03.2026,,,,,,H014,WH INFORMA JABABEKA
R110260323L056_H014,CDD LONG CHASSIS,4000000,0,0,0,0,0,4000000,H014 - WH INFORMA JABABEKA,PT. JASATAMA DIRGANTARA EKSPRES,2,LATE,7,133,31.03.2026,23.03.2026,25.03.2026,,,,,,H014,WH INFORMA JABABEKA
R110260323L057_H014,CDD LONG CHASSIS,4000000,0,0,0,0,0,4000000,H014 - WH INFORMA JABABEKA,PT. JASATAMA DIRGANTARA EKSPRES,2,LATE,7,133,31.03.2026,23.03.2026,25.03.2026,,,,,,H014,WH INFORMA JABABEKA
R110260323L058_H014,CDD LONG CHASSIS,4500000,0,0,0,0,0,4500000,H014 - WH INFORMA JABABEKA,PT. JASATAMA DIRGANTARA EKSPRES,7,ON SCHEDULE,27,0,20.04.2026,23.03.2026,25.03.2026,06.05.2026,06.05.2026,08.06.2026,08.06.2026,,H014,WH INFORMA JABABEKA
R110260323T012_H014,CDD LONG CHASSIS,4500000,0,0,0,0,400000,4900000,H014 - WH INFORMA JABABEKA,PT LOGISTIK CANGGIH INDONESIA,7,ON SCHEDULE,29,0,22.04.2026,23.03.2026,26.03.2026,02.04.2026,03.04.2026,08.04.2026,09.04.2026,,H014,WH INFORMA JABABEKA
R110260324H004_H014,CDD LONG CHASSIS,2850000,0,0,0,0,700000,3550000,H014 - WH INFORMA JABABEKA,PT. BINTANG SAMUDRA RAYA,7,ON SCHEDULE,28,0,22.04.2026,24.03.2026,26.03.2026,08.04.2026,09.04.2026,09.04.2026,09.04.2026,,H014,WH INFORMA JABABEKA
R110260324H004_H014,CDD LONG CHASSIS,2850000,0,0,0,0,700000,3550000,H014 - WH INFORMA JABABEKA,PT. BINTANG SAMUDRA RAYA,7,ON SCHEDULE,28,0,22.04.2026,24.03.2026,26.03.2026,08.04.2026,09.04.2026,09.04.2026,09.04.2026,,H014,WH INFORMA JABABEKA
R110260324H004_H014,CDD LONG CHASSIS,2850000,0,0,0,0,700000,3550000,H014 - WH INFORMA JABABEKA,PT. BINTANG SAMUDRA RAYA,7,ON SCHEDULE,28,0,22.04.2026,24.03.2026,26.03.2026,08.04.2026,09.04.2026,09.04.2026,09.04.2026,,H014,WH INFORMA JABABEKA
R110260324H005_H014,CDD LONG CHASSIS,19800000,0,0,0,0,0,19800000,H014 - WH INFORMA JABABEKA,PT. ADI SARANA ARMADA TBK,7,ON SCHEDULE,31,0,25.04.2026,24.03.2026,28.03.2026,21.04.2026,21.04.2026,23.04.2026,05.05.2026,,H014,WH INFORMA JABABEKA
R110260324H006_H014,CDD LONG CHASSIS,12250000,0,0,0,0,700000,12950000,H014 - WH INFORMA JABABEKA,PT. BINTANG SAMUDRA RAYA,7,ON SCHEDULE,31,0,25.04.2026,24.03.2026,28.03.2026,15.04.2026,15.04.2026,15.04.2026,15.04.2026,,H014,WH INFORMA JABABEKA
R110260324H006_H014,CDD LONG CHASSIS,12250000,0,0,0,0,700000,12950000,H014 - WH INFORMA JABABEKA,PT. BINTANG SAMUDRA RAYA,7,ON SCHEDULE,31,0,25.04.2026,24.03.2026,28.03.2026,15.04.2026,15.04.2026,15.04.2026,15.04.2026,,H014,WH INFORMA JABABEKA
R110260324H006_H014,CDD LONG CHASSIS,12250000,0,0,0,0,700000,12950000,H014 - WH INFORMA JABABEKA,PT. BINTANG SAMUDRA RAYA,7,ON SCHEDULE,31,0,25.04.2026,24.03.2026,28.03.2026,15.04.2026,15.04.2026,15.04.2026,15.04.2026,,H014,WH INFORMA JABABEKA
R110260324H023_H014,CDD LONG CHASSIS,3900000,0,0,0,0,1800000,5700000,H014 - WH INFORMA JABABEKA,PT. CEHA LOGISTIK CEMERLANG,7,ON SCHEDULE,29,0,23.04.2026,24.03.2026,26.03.2026,31.03.2026,31.03.2026,02.04.2026,02.04.2026,,H014,WH INFORMA JABABEKA
R110260324H024_H014,CDD LONG CHASSIS,3900000,0,0,0,0,1800000,5700000,H014 - WH INFORMA JABABEKA,PT. CEHA LOGISTIK CEMERLANG,7,ON SCHEDULE,29,0,23.04.2026,24.03.2026,26.03.2026,31.03.2026,31.03.2026,02.04.2026,02.04.2026,,H014,WH INFORMA JABABEKA
R110260324H025_H014,CDD LONG CHASSIS,3900000,0,0,0,0,1800000,5700000,H014 - WH INFORMA JABABEKA,PT. CEHA LOGISTIK CEMERLANG,7,ON SCHEDULE,29,0,23.04.2026,24.03.2026,26.03.2026,31.03.2026,31.03.2026,02.04.2026,02.04.2026,,H014,WH INFORMA JABABEKA
R110260324H026_H014,CDD LONG CHASSIS,3900000,0,0,0,0,1800000,5700000,H014 - WH INFORMA JABABEKA,PT. CEHA LOGISTIK CEMERLANG,7,ON SCHEDULE,29,0,23.04.2026,24.03.2026,26.03.2026,31.03.2026,01.04.2026,02.04.2026,06.04.2026,,H014,WH INFORMA JABABEKA
R110260324H027_H014,CDD LONG CHASSIS,3900000,0,0,0,0,1800000,5700000,H014 - WH INFORMA JABABEKA,PT. CEHA LOGISTIK CEMERLANG,7,ON SCHEDULE,29,0,23.04.2026,24.03.2026,26.03.2026,31.03.2026,01.04.2026,02.04.2026,06.04.2026,,H014,WH INFORMA JABABEKA
R110260324H028_H014,CDD LONG CHASSIS,3900000,0,0,0,0,1800000,5700000,H014 - WH INFORMA JABABEKA,PT. CEHA LOGISTIK CEMERLANG,7,ON SCHEDULE,29,0,23.04.2026,24.03.2026,26.03.2026,31.03.2026,01.04.2026,02.04.2026,06.04.2026,,H014,WH INFORMA JABABEKA
R110260324H029_H014,CDD LONG CHASSIS,3900000,0,0,0,0,1800000,5700000,H014 - WH INFORMA JABABEKA,PT. CEHA LOGISTIK CEMERLANG,7,ON SCHEDULE,29,0,23.04.2026,24.03.2026,26.03.2026,02.04.2026,02.04.2026,09.04.2026,09.04.2026,,H014,WH INFORMA JABABEKA
R110260324H030_H014,CDD LONG CHASSIS,3900000,0,0,0,0,1800000,5700000,H014 - WH INFORMA JABABEKA,PT. CEHA LOGISTIK CEMERLANG,7,ON SCHEDULE,29,0,23.04.2026,24.03.2026,26.03.2026,01.04.2026,02.04.2026,02.04.2026,06.04.2026,,H014,WH INFORMA JABABEKA
R110260324H031_H014,CDD LONG CHASSIS,2350000,0,0,0,0,700000,3050000,H014 - WH INFORMA JABABEKA,PT. BINTANG SAMUDRA RAYA,7,ON SCHEDULE,29,0,23.04.2026,24.03.2026,26.03.2026,08.04.2026,09.04.2026,09.04.2026,09.04.2026,,H014,WH INFORMA JABABEKA
R110260324H031_H014,CDD LONG CHASSIS,2350000,0,0,0,0,700000,3050000,H014 - WH INFORMA JABABEKA,PT. BINTANG SAMUDRA RAYA,7,ON SCHEDULE,29,0,23.04.2026,24.03.2026,26.03.2026,08.04.2026,09.04.2026,09.04.2026,09.04.2026,,H014,WH INFORMA JABABEKA
R110260324H031_H014,CDD LONG CHASSIS,2350000,0,0,0,0,700000,3050000,H014 - WH INFORMA JABABEKA,PT. BINTANG SAMUDRA RAYA,7,ON SCHEDULE,29,0,23.04.2026,24.03.2026,26.03.2026,08.04.2026,09.04.2026,09.04.2026,09.04.2026,,H014,WH INFORMA JABABEKA
R110260324H032_H014,CDD LONG CHASSIS,10300000,0,0,0,0,700000,11000000,H014 - WH INFORMA JABABEKA,PT. BINTANG SAMUDRA RAYA,7,ON SCHEDULE,30,0,24.04.2026,24.03.2026,29.03.2026,15.04.2026,15.04.2026,15.04.2026,15.04.2026,,H014,WH INFORMA JABABEKA
R110260324H032_H014,CDD LONG CHASSIS,10300000,0,0,0,0,700000,11000000,H014 - WH INFORMA JABABEKA,PT. BINTANG SAMUDRA RAYA,7,ON SCHEDULE,30,0,24.04.2026,24.03.2026,29.03.2026,15.04.2026,15.04.2026,15.04.2026,15.04.2026,,H014,WH INFORMA JABABEKA
R110260324H032_H014,CDD LONG CHASSIS,10300000,0,0,0,0,700000,11000000,H014 - WH INFORMA JABABEKA,PT. BINTANG SAMUDRA RAYA,7,ON SCHEDULE,30,0,24.04.2026,24.03.2026,29.03.2026,15.04.2026,15.04.2026,15.04.2026,15.04.2026,,H014,WH INFORMA JABABEKA
R110260324H033_H014,CDD LONG CHASSIS,10300000,0,0,0,0,700000,11000000,H014 - WH INFORMA JABABEKA,PT. BINTANG SAMUDRA RAYA,7,ON SCHEDULE,30,0,24.04.2026,24.03.2026,28.03.2026,15.04.2026,15.04.2026,15.04.2026,15.04.2026,,H014,WH INFORMA JABABEKA
R110260324H033_H014,CDD LONG CHASSIS,10300000,0,0,0,0,700000,11000000,H014 - WH INFORMA JABABEKA,PT. BINTANG SAMUDRA RAYA,7,ON SCHEDULE,30,0,24.04.2026,24.03.2026,28.03.2026,15.04.2026,15.04.2026,15.04.2026,15.04.2026,,H014,WH INFORMA JABABEKA
R110260324H033_H014,CDD LONG CHASSIS,10300000,0,0,0,0,700000,11000000,H014 - WH INFORMA JABABEKA,PT. BINTANG SAMUDRA RAYA,7,ON SCHEDULE,30,0,24.04.2026,24.03.2026,28.03.2026,15.04.2026,15.04.2026,15.04.2026,15.04.2026,,H014,WH INFORMA JABABEKA
R110260324H034_H014,CDD LONG CHASSIS,10350000,0,0,0,0,600000,10950000,H014 - WH INFORMA JABABEKA,PT.ORANG KREATIF EKSIS,7,ON SCHEDULE,30,0,24.04.2026,24.03.2026,28.03.2026,09.04.2026,10.04.2026,17.04.2026,17.04.2026,,H014,WH INFORMA JABABEKA
R110260324H034_H014,CDD LONG CHASSIS,10350000,0,0,0,0,600000,10950000,H014 - WH INFORMA JABABEKA,PT.ORANG KREATIF EKSIS,7,ON SCHEDULE,30,0,24.04.2026,24.03.2026,28.03.2026,09.04.2026,10.04.2026,17.04.2026,17.04.2026,,H014,WH INFORMA JABABEKA
R110260324H035_H014,CDD LONG CHASSIS,10350000,0,0,0,0,600000,10950000,H014 - WH INFORMA JABABEKA,PT.ORANG KREATIF EKSIS,7,ON SCHEDULE,30,0,24.04.2026,24.03.2026,28.03.2026,09.04.2026,10.04.2026,17.04.2026,17.04.2026,,H014,WH INFORMA JABABEKA
R110260324H035_H014,CDD LONG CHASSIS,10350000,0,0,0,0,600000,10950000,H014 - WH INFORMA JABABEKA,PT.ORANG KREATIF EKSIS,7,ON SCHEDULE,30,0,24.04.2026,24.03.2026,28.03.2026,09.04.2026,10.04.2026,17.04.2026,17.04.2026,,H014,WH INFORMA JABABEKA
R110260324H036_H014,CDD LONG CHASSIS,2200000,0,0,0,0,0,2200000,H014 - WH INFORMA JABABEKA,PT. AGUNG MAKMUR JAYA,7,ON SCHEDULE,27,0,21.04.2026,24.03.2026,26.03.2026,26.03.2026,26.03.2026,01.04.2026,01.04.2026,,H014,WH INFORMA JABABEKA
R110260324H037_H014,CDD LONG CHASSIS,12250000,0,0,0,0,700000,12950000,H014 - WH INFORMA JABABEKA,PT. BINTANG SAMUDRA RAYA,7,ON SCHEDULE,31,0,25.04.2026,24.03.2026,28.03.2026,15.04.2026,15.04.2026,15.04.2026,15.04.2026,,H014,WH INFORMA JABABEKA
R110260324H037_H014,CDD LONG CHASSIS,12250000,0,0,0,0,700000,12950000,H014 - WH INFORMA JABABEKA,PT. BINTANG SAMUDRA RAYA,7,ON SCHEDULE,31,0,25.04.2026,24.03.2026,28.03.2026,15.04.2026,15.04.2026,15.04.2026,15.04.2026,,H014,WH INFORMA JABABEKA
R110260324H037_H014,CDD LONG CHASSIS,12250000,0,0,0,0,700000,12950000,H014 - WH INFORMA JABABEKA,PT. BINTANG SAMUDRA RAYA,7,ON SCHEDULE,31,0,25.04.2026,24.03.2026,28.03.2026,15.04.2026,15.04.2026,15.04.2026,15.04.2026,,H014,WH INFORMA JABABEKA
R110260324H041_H014,CDD LONG CHASSIS,4500000,0,0,0,0,0,4500000,H014 - WH INFORMA JABABEKA,PT. JASATAMA DIRGANTARA EKSPRES,6,LATE,27,132,21.04.2026,24.03.2026,26.03.2026,15.06.2026,15.06.2026,09.07.2026,09.07.2026,,H014,WH INFORMA JABABEKA
R110260324H045_H014,CDD LONG CHASSIS,1725000,0,0,0,0,700000,2425000,H014 - WH INFORMA JABABEKA,PT. BINTANG SAMUDRA RAYA,7,ON SCHEDULE,27,0,21.04.2026,24.03.2026,26.03.2026,08.04.2026,09.04.2026,09.04.2026,09.04.2026,,H014,WH INFORMA JABABEKA
R110260324H045_H014,CDD LONG CHASSIS,1725000,0,0,0,0,700000,2425000,H014 - WH INFORMA JABABEKA,PT. BINTANG SAMUDRA RAYA,7,ON SCHEDULE,27,0,21.04.2026,24.03.2026,26.03.2026,08.04.2026,09.04.2026,09.04.2026,09.04.2026,,H014,WH INFORMA JABABEKA
R110260324H045_H014,CDD LONG CHASSIS,1725000,0,0,0,0,700000,2425000,H014 - WH INFORMA JABABEKA,PT. BINTANG SAMUDRA RAYA,7,ON SCHEDULE,27,0,21.04.2026,24.03.2026,26.03.2026,08.04.2026,09.04.2026,09.04.2026,09.04.2026,,H014,WH INFORMA JABABEKA
R110260324H046_H014,CDD LONG CHASSIS,1725000,0,0,0,0,700000,2425000,H014 - WH INFORMA JABABEKA,PT. BINTANG SAMUDRA RAYA,7,ON SCHEDULE,27,0,21.04.2026,24.03.2026,26.03.2026,08.04.2026,09.04.2026,09.04.2026,09.04.2026,,H014,WH INFORMA JABABEKA
R110260324H046_H014,CDD LONG CHASSIS,1725000,0,0,0,0,700000,2425000,H014 - WH INFORMA JABABEKA,PT. BINTANG SAMUDRA RAYA,7,ON SCHEDULE,27,0,21.04.2026,24.03.2026,26.03.2026,08.04.2026,09.04.2026,09.04.2026,09.04.2026,,H014,WH INFORMA JABABEKA
R110260324H046_H014,CDD LONG CHASSIS,1725000,0,0,0,0,700000,2425000,H014 - WH INFORMA JABABEKA,PT. BINTANG SAMUDRA RAYA,7,ON SCHEDULE,27,0,21.04.2026,24.03.2026,26.03.2026,08.04.2026,09.04.2026,09.04.2026,09.04.2026,,H014,WH INFORMA JABABEKA
R110260324H047_H014,CDD LONG CHASSIS,1725000,0,0,0,0,700000,2425000,H014 - WH INFORMA JABABEKA,PT. BINTANG SAMUDRA RAYA,7,ON SCHEDULE,27,0,21.04.2026,24.03.2026,26.03.2026,08.04.2026,09.04.2026,09.04.2026,09.04.2026,,H014,WH INFORMA JABABEKA
R110260324H047_H014,CDD LONG CHASSIS,1725000,0,0,0,0,700000,2425000,H014 - WH INFORMA JABABEKA,PT. BINTANG SAMUDRA RAYA,7,ON SCHEDULE,27,0,21.04.2026,24.03.2026,26.03.2026,08.04.2026,09.04.2026,09.04.2026,09.04.2026,,H014,WH INFORMA JABABEKA
R110260324H047_H014,CDD LONG CHASSIS,1725000,0,0,0,0,700000,2425000,H014 - WH INFORMA JABABEKA,PT. BINTANG SAMUDRA RAYA,7,ON SCHEDULE,27,0,21.04.2026,24.03.2026,26.03.2026,08.04.2026,09.04.2026,09.04.2026,09.04.2026,,H014,WH INFORMA JABABEKA
R110260324H048_H014,CDD LONG CHASSIS,1725000,0,0,0,0,700000,2425000,H014 - WH INFORMA JABABEKA,PT. BINTANG SAMUDRA RAYA,7,ON SCHEDULE,27,0,21.04.2026,24.03.2026,26.03.2026,08.04.2026,09.04.2026,09.04.2026,09.04.2026,,H014,WH INFORMA JABABEKA
R110260324H048_H014,CDD LONG CHASSIS,1725000,0,0,0,0,700000,2425000,H014 - WH INFORMA JABABEKA,PT. BINTANG SAMUDRA RAYA,7,ON SCHEDULE,27,0,21.04.2026,24.03.2026,26.03.2026,08.04.2026,09.04.2026,09.04.2026,09.04.2026,,H014,WH INFORMA JABABEKA
R110260324H048_H014,CDD LONG CHASSIS,1725000,0,0,0,0,700000,2425000,H014 - WH INFORMA JABABEKA,PT. BINTANG SAMUDRA RAYA,7,ON SCHEDULE,27,0,21.04.2026,24.03.2026,26.03.2026,08.04.2026,09.04.2026,09.04.2026,09.04.2026,,H014,WH INFORMA JABABEKA
R110260324H049_H014,CDD LONG CHASSIS,4500000,0,0,0,0,0,4500000,H014 - WH INFORMA JABABEKA,PT. JASATAMA DIRGANTARA EKSPRES,6,LATE,27,132,21.04.2026,24.03.2026,26.03.2026,15.06.2026,15.06.2026,09.07.2026,09.07.2026,,H014,WH INFORMA JABABEKA
R110260324H050_H014,CDD LONG CHASSIS,9300000,0,0,0,0,0,9300000,H014 - WH INFORMA JABABEKA,PT. AGUNG MAKMUR JAYA,7,ON SCHEDULE,33,0,29.04.2026,26.03.2026,28.03.2026,30.03.2026,30.03.2026,01.04.2026,01.04.2026,,H014,WH INFORMA JABABEKA
R110260324H051_H014,CDD LONG CHASSIS,9300000,0,0,0,0,0,9300000,H014 - WH INFORMA JABABEKA,PT. AGUNG MAKMUR JAYA,7,ON SCHEDULE,33,0,27.04.2026,24.03.2026,28.03.2026,30.03.2026,30.03.2026,13.04.2026,14.04.2026,,H014,WH INFORMA JABABEKA
R110260324H052_H014,CDD LONG CHASSIS,10350000,0,0,0,0,600000,10950000,H014 - WH INFORMA JABABEKA,PT.ORANG KREATIF EKSIS,7,ON SCHEDULE,33,0,01.05.2026,28.03.2026,03.04.2026,10.04.2026,10.04.2026,17.04.2026,17.04.2026,,H014,WH INFORMA JABABEKA
R110260324H052_H014,CDD LONG CHASSIS,10350000,0,0,0,0,600000,10950000,H014 - WH INFORMA JABABEKA,PT.ORANG KREATIF EKSIS,7,ON SCHEDULE,33,0,01.05.2026,28.03.2026,03.04.2026,10.04.2026,10.04.2026,17.04.2026,17.04.2026,,H014,WH INFORMA JABABEKA
R110260324H053_H014,CDD LONG CHASSIS,2350000,0,0,0,0,700000,3050000,H014 - WH INFORMA JABABEKA,PT. BINTANG SAMUDRA RAYA,7,ON SCHEDULE,29,0,23.04.2026,24.03.2026,26.03.2026,08.04.2026,09.04.2026,09.04.2026,09.04.2026,,H014,WH INFORMA JABABEKA
R110260324H053_H014,CDD LONG CHASSIS,2350000,0,0,0,0,700000,3050000,H014 - WH INFORMA JABABEKA,PT. BINTANG SAMUDRA RAYA,7,ON SCHEDULE,29,0,23.04.2026,24.03.2026,26.03.2026,08.04.2026,09.04.2026,09.04.2026,09.04.2026,,H014,WH INFORMA JABABEKA
R110260324H053_H014,CDD LONG CHASSIS,2350000,0,0,0,0,700000,3050000,H014 - WH INFORMA JABABEKA,PT. BINTANG SAMUDRA RAYA,7,ON SCHEDULE,29,0,23.04.2026,24.03.2026,26.03.2026,08.04.2026,09.04.2026,09.04.2026,09.04.2026,,H014,WH INFORMA JABABEKA
R110260324H054_H014,CDD LONG CHASSIS,3500000,0,0,0,0,1800000,5300000,H014 - WH INFORMA JABABEKA,PT. CEHA LOGISTIK CEMERLANG,7,ON SCHEDULE,29,0,23.04.2026,24.03.2026,26.03.2026,31.03.2026,01.04.2026,02.04.2026,06.04.2026,,H014,WH INFORMA JABABEKA
R110260324H055_H014,CDD LONG CHASSIS,3500000,0,0,0,0,1800000,5300000,H014 - WH INFORMA JABABEKA,PT. CEHA LOGISTIK CEMERLANG,7,ON SCHEDULE,29,0,23.04.2026,24.03.2026,26.03.2026,31.03.2026,01.04.2026,02.04.2026,06.04.2026,,H014,WH INFORMA JABABEKA
R110260324H056_H014,CDD LONG CHASSIS,3500000,0,0,0,0,1800000,5300000,H014 - WH INFORMA JABABEKA,PT. CEHA LOGISTIK CEMERLANG,7,ON SCHEDULE,29,0,23.04.2026,24.03.2026,26.03.2026,31.03.2026,01.04.2026,02.04.2026,06.04.2026,,H014,WH INFORMA JABABEKA
R110260324H057_H014,CDD LONG CHASSIS,3500000,0,0,0,0,1800000,5300000,H014 - WH INFORMA JABABEKA,PT. CEHA LOGISTIK CEMERLANG,7,ON SCHEDULE,29,0,23.04.2026,24.03.2026,26.03.2026,31.03.2026,01.04.2026,02.04.2026,06.04.2026,,H014,WH INFORMA JABABEKA
R110260324H058_H014,CDD LONG CHASSIS,3500000,0,0,0,0,1800000,5300000,H014 - WH INFORMA JABABEKA,PT. CEHA LOGISTIK CEMERLANG,7,ON SCHEDULE,29,0,23.04.2026,24.03.2026,26.03.2026,31.03.2026,01.04.2026,02.04.2026,06.04.2026,,H014,WH INFORMA JABABEKA
R110260324H059_H014,CDD LONG CHASSIS,3500000,0,0,0,0,1800000,5300000,H014 - WH INFORMA JABABEKA,PT. CEHA LOGISTIK CEMERLANG,7,ON SCHEDULE,29,0,23.04.2026,24.03.2026,26.03.2026,31.03.2026,31.03.2026,02.04.2026,02.04.2026,,H014,WH INFORMA JABABEKA
R110260324H060_H014,CDD LONG CHASSIS,17400000,0,0,0,0,400000,17800000,H014 - WH INFORMA JABABEKA,PT LOGISTIK CANGGIH INDONESIA,7,ON SCHEDULE,30,0,24.04.2026,24.03.2026,28.03.2026,09.04.2026,10.04.2026,13.04.2026,14.04.2026,,H014,WH INFORMA JABABEKA
R110260324H061_H014,CDD LONG CHASSIS,12500000,0,0,0,0,1000000,13500000,H014 - WH INFORMA JABABEKA,PT.ORANG KREATIF EKSIS,7,ON SCHEDULE,30,0,26.04.2026,26.03.2026,31.03.2026,10.04.2026,10.04.2026,17.04.2026,17.04.2026,,H014,WH INFORMA JABABEKA
R110260324H061_H014,CDD LONG CHASSIS,12500000,0,0,0,0,1000000,13500000,H014 - WH INFORMA JABABEKA,PT.ORANG KREATIF EKSIS,7,ON SCHEDULE,30,0,26.04.2026,26.03.2026,31.03.2026,10.04.2026,10.04.2026,17.04.2026,17.04.2026,,H014,WH INFORMA JABABEKA
R110260324H066_H014,CDD LONG CHASSIS,4900000,0,0,0,0,400000,5300000,H014 - WH INFORMA JABABEKA,PT.ORANG KREATIF EKSIS,7,ON SCHEDULE,28,0,22.04.2026,24.03.2026,26.03.2026,31.03.2026,31.03.2026,07.04.2026,07.04.2026,,H014,WH INFORMA JABABEKA
R110260324H066_H014,CDD LONG CHASSIS,4900000,0,0,0,0,400000,5300000,H014 - WH INFORMA JABABEKA,PT.ORANG KREATIF EKSIS,7,ON SCHEDULE,28,0,22.04.2026,24.03.2026,26.03.2026,31.03.2026,31.03.2026,07.04.2026,07.04.2026,,H014,WH INFORMA JABABEKA
R110260324H068_H014,CDD LONG CHASSIS,1725000,0,0,0,0,700000,2425000,H014 - WH INFORMA JABABEKA,PT. BINTANG SAMUDRA RAYA,7,ON SCHEDULE,27,0,21.04.2026,24.03.2026,26.03.2026,08.04.2026,09.04.2026,09.04.2026,09.04.2026,,H014,WH INFORMA JABABEKA
R110260324H068_H014,CDD LONG CHASSIS,1725000,0,0,0,0,700000,2425000,H014 - WH INFORMA JABABEKA,PT. BINTANG SAMUDRA RAYA,7,ON SCHEDULE,27,0,21.04.2026,24.03.2026,26.03.2026,08.04.2026,09.04.2026,09.04.2026,09.04.2026,,H014,WH INFORMA JABABEKA
R110260324H068_H014,CDD LONG CHASSIS,1725000,0,0,0,0,700000,2425000,H014 - WH INFORMA JABABEKA,PT. BINTANG SAMUDRA RAYA,7,ON SCHEDULE,27,0,21.04.2026,24.03.2026,26.03.2026,08.04.2026,09.04.2026,09.04.2026,09.04.2026,,H014,WH INFORMA JABABEKA
R110260324H069_H014,CDD LONG CHASSIS,14550000,0,0,0,0,400000,14950000,H014 - WH INFORMA JABABEKA,PT LOGISTIK CANGGIH INDONESIA,7,ON SCHEDULE,30,0,24.04.2026,24.03.2026,28.03.2026,02.04.2026,03.04.2026,08.04.2026,08.04.2026,,H014,WH INFORMA JABABEKA
R110260324H071_H014,CDD LONG CHASSIS,4500000,0,0,0,0,0,4500000,H014 - WH INFORMA JABABEKA,PT. JASATAMA DIRGANTARA EKSPRES,6,LATE,27,132,21.04.2026,24.03.2026,26.03.2026,15.06.2026,15.06.2026,09.07.2026,09.07.2026,,H014,WH INFORMA JABABEKA
R110260324H079_H014,CDD LONG CHASSIS,3900000,0,0,0,0,1800000,5700000,H014 - WH INFORMA JABABEKA,PT. CEHA LOGISTIK CEMERLANG,7,ON SCHEDULE,29,0,23.04.2026,24.03.2026,26.03.2026,31.03.2026,31.03.2026,02.04.2026,02.04.2026,,H014,WH INFORMA JABABEKA
R110260324H080_H014,CDD LONG CHASSIS,3900000,0,0,0,0,1800000,5700000,H014 - WH INFORMA JABABEKA,PT. CEHA LOGISTIK CEMERLANG,7,ON SCHEDULE,29,0,23.04.2026,24.03.2026,26.03.2026,31.03.2026,31.03.2026,02.04.2026,02.04.2026,,H014,WH INFORMA JABABEKA
R110260324H081_H014,CDD LONG CHASSIS,3900000,0,0,0,0,1800000,5700000,H014 - WH INFORMA JABABEKA,PT. CEHA LOGISTIK CEMERLANG,7,ON SCHEDULE,29,0,23.04.2026,24.03.2026,26.03.2026,31.03.2026,31.03.2026,02.04.2026,02.04.2026,,H014,WH INFORMA JABABEKA
R110260324H101_H014,CDD LONG CHASSIS,1400000,0,0,0,0,700000,2100000,H014 - WH INFORMA JABABEKA,PT. BINTANG SAMUDRA RAYA,7,ON SCHEDULE,27,0,21.04.2026,24.03.2026,26.03.2026,08.04.2026,09.04.2026,09.04.2026,09.04.2026,,H014,WH INFORMA JABABEKA
R110260324H101_H014,CDD LONG CHASSIS,1400000,0,0,0,0,700000,2100000,H014 - WH INFORMA JABABEKA,PT. BINTANG SAMUDRA RAYA,7,ON SCHEDULE,27,0,21.04.2026,24.03.2026,26.03.2026,08.04.2026,09.04.2026,09.04.2026,09.04.2026,,H014,WH INFORMA JABABEKA
R110260324H101_H014,CDD LONG CHASSIS,1400000,0,0,0,0,700000,2100000,H014 - WH INFORMA JABABEKA,PT. BINTANG SAMUDRA RAYA,7,ON SCHEDULE,27,0,21.04.2026,24.03.2026,26.03.2026,08.04.2026,09.04.2026,09.04.2026,09.04.2026,,H014,WH INFORMA JABABEKA
R110260324H119_H014,CDD LONG CHASSIS,8950000,0,0,0,0,0,8950000,H014 - WH INFORMA JABABEKA,PT. ADI SARANA ARMADA TBK,7,ON SCHEDULE,28,0,22.04.2026,24.03.2026,26.03.2026,21.04.2026,21.04.2026,23.04.2026,05.05.2026,,H014,WH INFORMA JABABEKA
R110260324H122_H014,CDD LONG CHASSIS,1725000,0,0,0,0,700000,2425000,H014 - WH INFORMA JABABEKA,PT. BINTANG SAMUDRA RAYA,7,ON SCHEDULE,27,0,21.04.2026,24.03.2026,26.03.2026,08.04.2026,09.04.2026,09.04.2026,09.04.2026,,H014,WH INFORMA JABABEKA
R110260324H122_H014,CDD LONG CHASSIS,1725000,0,0,0,0,700000,2425000,H014 - WH INFORMA JABABEKA,PT. BINTANG SAMUDRA RAYA,7,ON SCHEDULE,27,0,21.04.2026,24.03.2026,26.03.2026,08.04.2026,09.04.2026,09.04.2026,09.04.2026,,H014,WH INFORMA JABABEKA
R110260324H122_H014,CDD LONG CHASSIS,1725000,0,0,0,0,700000,2425000,H014 - WH INFORMA JABABEKA,PT. BINTANG SAMUDRA RAYA,7,ON SCHEDULE,27,0,21.04.2026,24.03.2026,26.03.2026,08.04.2026,09.04.2026,09.04.2026,09.04.2026,,H014,WH INFORMA JABABEKA
R110260324H123_H014,CDD LONG CHASSIS,1725000,0,0,0,0,700000,2425000,H014 - WH INFORMA JABABEKA,PT. BINTANG SAMUDRA RAYA,7,ON SCHEDULE,27,0,21.04.2026,24.03.2026,26.03.2026,08.04.2026,09.04.2026,09.04.2026,09.04.2026,,H014,WH INFORMA JABABEKA
R110260324H123_H014,CDD LONG CHASSIS,1725000,0,0,0,0,700000,2425000,H014 - WH INFORMA JABABEKA,PT. BINTANG SAMUDRA RAYA,7,ON SCHEDULE,27,0,21.04.2026,24.03.2026,26.03.2026,08.04.2026,09.04.2026,09.04.2026,09.04.2026,,H014,WH INFORMA JABABEKA
R110260324H123_H014,CDD LONG CHASSIS,1725000,0,0,0,0,700000,2425000,H014 - WH INFORMA JABABEKA,PT. BINTANG SAMUDRA RAYA,7,ON SCHEDULE,27,0,21.04.2026,24.03.2026,26.03.2026,08.04.2026,09.04.2026,09.04.2026,09.04.2026,,H014,WH INFORMA JABABEKA
R110260324H124_H014,CDD LONG CHASSIS,1725000,0,0,0,0,700000,2425000,H014 - WH INFORMA JABABEKA,PT. BINTANG SAMUDRA RAYA,7,ON SCHEDULE,27,0,21.04.2026,24.03.2026,26.03.2026,08.04.2026,08.04.2026,08.04.2026,09.04.2026,,H014,WH INFORMA JABABEKA
R110260324H124_H014,CDD LONG CHASSIS,1725000,0,0,0,0,700000,2425000,H014 - WH INFORMA JABABEKA,PT. BINTANG SAMUDRA RAYA,7,ON SCHEDULE,27,0,21.04.2026,24.03.2026,26.03.2026,08.04.2026,08.04.2026,08.04.2026,09.04.2026,,H014,WH INFORMA JABABEKA
R110260324H124_H014,CDD LONG CHASSIS,1725000,0,0,0,0,700000,2425000,H014 - WH INFORMA JABABEKA,PT. BINTANG SAMUDRA RAYA,7,ON SCHEDULE,27,0,21.04.2026,24.03.2026,26.03.2026,08.04.2026,08.04.2026,08.04.2026,09.04.2026,,H014,WH INFORMA JABABEKA
R110260324H125_H014,CDD LONG CHASSIS,3325000,0,0,0,0,0,3325000,H014 - WH INFORMA JABABEKA,PT. JEJE HARAPAN TRANSINDO,7,ON SCHEDULE,29,0,23.04.2026,24.03.2026,26.03.2026,08.04.2026,08.04.2026,09.04.2026,10.04.2026,,H014,WH INFORMA JABABEKA
R110260324H126_H014,CDD LONG CHASSIS,4200000,0,0,0,0,0,4200000,H014 - WH INFORMA JABABEKA,PT. JASATAMA DIRGANTARA EKSPRES,7,ON SCHEDULE,27,0,21.04.2026,24.03.2026,26.03.2026,07.05.2026,07.05.2026,19.05.2026,19.05.2026,,H014,WH INFORMA JABABEKA
R110260324H127_H014,CDD LONG CHASSIS,3600000,0,0,0,0,700000,4300000,H014 - WH INFORMA JABABEKA,PT. BINTANG SAMUDRA RAYA,7,ON SCHEDULE,29,0,23.04.2026,24.03.2026,26.03.2026,08.04.2026,08.04.2026,08.04.2026,09.04.2026,,H014,WH INFORMA JABABEKA
R110260324H127_H014,CDD LONG CHASSIS,3600000,0,0,0,0,700000,4300000,H014 - WH INFORMA JABABEKA,PT. BINTANG SAMUDRA RAYA,7,ON SCHEDULE,29,0,23.04.2026,24.03.2026,26.03.2026,08.04.2026,08.04.2026,08.04.2026,09.04.2026,,H014,WH INFORMA JABABEKA
R110260324H127_H014,CDD LONG CHASSIS,3600000,0,0,0,0,700000,4300000,H014 - WH INFORMA JABABEKA,PT. BINTANG SAMUDRA RAYA,7,ON SCHEDULE,29,0,23.04.2026,24.03.2026,26.03.2026,08.04.2026,08.04.2026,08.04.2026,09.04.2026,,H014,WH INFORMA JABABEKA
R110260324H128_H014,WINGBOX,17800000,0,0,0,0,1000000,18800000,H014 - WH INFORMA JABABEKA,PT.ORANG KREATIF EKSIS,7,ON SCHEDULE,30,0,24.04.2026,24.03.2026,28.03.2026,31.03.2026,31.03.2026,07.04.2026,07.04.2026,,H014,WH INFORMA JABABEKA
R110260324H128_H014,WINGBOX,17800000,0,0,0,0,1000000,18800000,H014 - WH INFORMA JABABEKA,PT.ORANG KREATIF EKSIS,7,ON SCHEDULE,30,0,24.04.2026,24.03.2026,28.03.2026,31.03.2026,31.03.2026,07.04.2026,07.04.2026,,H014,WH INFORMA JABABEKA
R110260324T018_H014,WINGBOX,5600000,0,0,0,0,900000,6500000,H014 - WH INFORMA JABABEKA,PT. BINTANG SAMUDRA RAYA,7,ON SCHEDULE,29,0,24.04.2026,25.03.2026,27.03.2026,08.04.2026,09.04.2026,09.04.2026,09.04.2026,,H014,WH INFORMA JABABEKA
R110260324T018_H014,WINGBOX,5600000,0,0,0,0,900000,6500000,H014 - WH INFORMA JABABEKA,PT. BINTANG SAMUDRA RAYA,7,ON SCHEDULE,29,0,24.04.2026,25.03.2026,27.03.2026,08.04.2026,09.04.2026,09.04.2026,09.04.2026,,H014,WH INFORMA JABABEKA
R110260324T018_H014,WINGBOX,5600000,0,0,0,0,900000,6500000,H014 - WH INFORMA JABABEKA,PT. BINTANG SAMUDRA RAYA,7,ON SCHEDULE,29,0,24.04.2026,25.03.2026,27.03.2026,08.04.2026,09.04.2026,09.04.2026,09.04.2026,,H014,WH INFORMA JABABEKA
R110260324T019_H014,WINGBOX,5600000,0,0,0,0,900000,6500000,H014 - WH INFORMA JABABEKA,PT. BINTANG SAMUDRA RAYA,7,ON SCHEDULE,29,0,24.04.2026,25.03.2026,27.03.2026,15.04.2026,15.04.2026,15.04.2026,15.04.2026,,H014,WH INFORMA JABABEKA
R110260324T019_H014,WINGBOX,5600000,0,0,0,0,900000,6500000,H014 - WH INFORMA JABABEKA,PT. BINTANG SAMUDRA RAYA,7,ON SCHEDULE,29,0,24.04.2026,25.03.2026,27.03.2026,15.04.2026,15.04.2026,15.04.2026,15.04.2026,,H014,WH INFORMA JABABEKA
R110260324T019_H014,WINGBOX,5600000,0,0,0,0,900000,6500000,H014 - WH INFORMA JABABEKA,PT. BINTANG SAMUDRA RAYA,7,ON SCHEDULE,29,0,24.04.2026,25.03.2026,27.03.2026,15.04.2026,15.04.2026,15.04.2026,15.04.2026,,H014,WH INFORMA JABABEKA
R110260325H026_H014,CDD LONG CHASSIS,4900000,0,0,0,0,400000,5300000,H014 - WH INFORMA JABABEKA,PT.ORANG KREATIF EKSIS,7,ON SCHEDULE,28,0,23.04.2026,25.03.2026,26.03.2026,10.04.2026,10.04.2026,17.04.2026,17.04.2026,,H014,WH INFORMA JABABEKA
R110260325H026_H014,CDD LONG CHASSIS,4900000,0,0,0,0,400000,5300000,H014 - WH INFORMA JABABEKA,PT.ORANG KREATIF EKSIS,7,ON SCHEDULE,28,0,23.04.2026,25.03.2026,26.03.2026,10.04.2026,10.04.2026,17.04.2026,17.04.2026,,H014,WH INFORMA JABABEKA
R110260325H041_H014,CDD LONG CHASSIS,3500000,0,0,0,0,0,3500000,H014 - WH INFORMA JABABEKA,PT. JASATAMA DIRGANTARA EKSPRES,7,ON SCHEDULE,27,0,22.04.2026,25.03.2026,26.03.2026,09.04.2026,10.04.2026,13.04.2026,13.04.2026,,H014,WH INFORMA JABABEKA
R110260325H042_H014,CDD LONG CHASSIS,3500000,0,0,0,0,0,3500000,H014 - WH INFORMA JABABEKA,PT. JASATAMA DIRGANTARA EKSPRES,7,ON SCHEDULE,27,0,22.04.2026,25.03.2026,26.03.2026,09.04.2026,10.04.2026,13.04.2026,13.04.2026,,H014,WH INFORMA JABABEKA
R110260325H043_H014,CDD LONG CHASSIS,3500000,0,0,0,0,0,3500000,H014 - WH INFORMA JABABEKA,PT. JASATAMA DIRGANTARA EKSPRES,7,ON SCHEDULE,27,0,22.04.2026,25.03.2026,26.03.2026,09.04.2026,10.04.2026,13.04.2026,13.04.2026,,H014,WH INFORMA JABABEKA
R110260325H044_H014,CDD LONG CHASSIS,3500000,0,0,0,0,0,3500000,H014 - WH INFORMA JABABEKA,PT. JASATAMA DIRGANTARA EKSPRES,7,ON SCHEDULE,27,0,22.04.2026,25.03.2026,26.03.2026,09.04.2026,10.04.2026,13.04.2026,13.04.2026,,H014,WH INFORMA JABABEKA
R110260325H045_H014,CDD LONG CHASSIS,3500000,0,0,0,0,0,3500000,H014 - WH INFORMA JABABEKA,PT. JASATAMA DIRGANTARA EKSPRES,7,ON SCHEDULE,27,0,22.04.2026,25.03.2026,26.03.2026,09.04.2026,10.04.2026,13.04.2026,13.04.2026,,H014,WH INFORMA JABABEKA
R110260325H046_H014,CDD LONG CHASSIS,3500000,0,0,0,0,0,3500000,H014 - WH INFORMA JABABEKA,PT. JASATAMA DIRGANTARA EKSPRES,7,ON SCHEDULE,27,0,22.04.2026,25.03.2026,26.03.2026,09.04.2026,10.04.2026,13.04.2026,13.04.2026,,H014,WH INFORMA JABABEKA
R110260325H047_H014,CDD LONG CHASSIS,4500000,0,0,0,0,0,4500000,H014 - WH INFORMA JABABEKA,PT. JASATAMA DIRGANTARA EKSPRES,7,ON SCHEDULE,27,0,23.04.2026,26.03.2026,27.03.2026,27.04.2026,28.04.2026,07.05.2026,07.05.2026,,H014,WH INFORMA JABABEKA
R110260325H048_H014,CDD LONG CHASSIS,3900000,0,0,0,0,1800000,5700000,H014 - WH INFORMA JABABEKA,PT. CEHA LOGISTIK CEMERLANG,7,ON SCHEDULE,29,0,24.04.2026,25.03.2026,27.03.2026,31.03.2026,01.04.2026,02.04.2026,06.04.2026,,H014,WH INFORMA JABABEKA
R110260325H049_H014,CDD LONG CHASSIS,3900000,0,0,0,0,1800000,5700000,H014 - WH INFORMA JABABEKA,PT. CEHA LOGISTIK CEMERLANG,7,ON SCHEDULE,29,0,24.04.2026,25.03.2026,27.03.2026,31.03.2026,01.04.2026,02.04.2026,06.04.2026,,H014,WH INFORMA JABABEKA
R110260325H050_H014,CDD LONG CHASSIS,3900000,0,0,0,0,1800000,5700000,H014 - WH INFORMA JABABEKA,PT. CEHA LOGISTIK CEMERLANG,7,ON SCHEDULE,29,0,24.04.2026,25.03.2026,27.03.2026,02.04.2026,02.04.2026,02.04.2026,06.04.2026,,H014,WH INFORMA JABABEKA
R110260325H051_H014,CDD LONG CHASSIS,3900000,0,0,0,0,1800000,5700000,H014 - WH INFORMA JABABEKA,PT. CEHA LOGISTIK CEMERLANG,7,ON SCHEDULE,29,0,24.04.2026,25.03.2026,27.03.2026,31.03.2026,01.04.2026,02.04.2026,06.04.2026,,H014,WH INFORMA JABABEKA
R110260325H052_H014,CDD LONG CHASSIS,3325000,0,0,0,0,0,3325000,H014 - WH INFORMA JABABEKA,PT. JEJE HARAPAN TRANSINDO,7,ON SCHEDULE,29,0,24.04.2026,25.03.2026,26.03.2026,08.04.2026,08.04.2026,09.04.2026,10.04.2026,,H014,WH INFORMA JABABEKA
R110260325H055_H014,CDD LONG CHASSIS,1725000,0,0,0,0,700000,2425000,H014 - WH INFORMA JABABEKA,PT. BINTANG SAMUDRA RAYA,7,ON SCHEDULE,27,0,22.04.2026,25.03.2026,26.03.2026,08.04.2026,09.04.2026,09.04.2026,09.04.2026,,H014,WH INFORMA JABABEKA
R110260325H055_H014,CDD LONG CHASSIS,1725000,0,0,0,0,700000,2425000,H014 - WH INFORMA JABABEKA,PT. BINTANG SAMUDRA RAYA,7,ON SCHEDULE,27,0,22.04.2026,25.03.2026,26.03.2026,08.04.2026,09.04.2026,09.04.2026,09.04.2026,,H014,WH INFORMA JABABEKA
R110260325H055_H014,CDD LONG CHASSIS,1725000,0,0,0,0,700000,2425000,H014 - WH INFORMA JABABEKA,PT. BINTANG SAMUDRA RAYA,7,ON SCHEDULE,27,0,22.04.2026,25.03.2026,26.03.2026,08.04.2026,09.04.2026,09.04.2026,09.04.2026,,H014,WH INFORMA JABABEKA
R110260325H056_H014,CDD LONG CHASSIS,1725000,0,0,0,0,700000,2425000,H014 - WH INFORMA JABABEKA,PT. BINTANG SAMUDRA RAYA,7,ON SCHEDULE,27,0,22.04.2026,25.03.2026,26.03.2026,08.04.2026,09.04.2026,09.04.2026,09.04.2026,,H014,WH INFORMA JABABEKA
R110260325H056_H014,CDD LONG CHASSIS,1725000,0,0,0,0,700000,2425000,H014 - WH INFORMA JABABEKA,PT. BINTANG SAMUDRA RAYA,7,ON SCHEDULE,27,0,22.04.2026,25.03.2026,26.03.2026,08.04.2026,09.04.2026,09.04.2026,09.04.2026,,H014,WH INFORMA JABABEKA
R110260325H056_H014,CDD LONG CHASSIS,1725000,0,0,0,0,700000,2425000,H014 - WH INFORMA JABABEKA,PT. BINTANG SAMUDRA RAYA,7,ON SCHEDULE,27,0,22.04.2026,25.03.2026,26.03.2026,08.04.2026,09.04.2026,09.04.2026,09.04.2026,,H014,WH INFORMA JABABEKA
R110260325H057_H014,CDD LONG CHASSIS,1725000,0,0,0,0,700000,2425000,H014 - WH INFORMA JABABEKA,PT. BINTANG SAMUDRA RAYA,7,ON SCHEDULE,27,0,22.04.2026,25.03.2026,26.03.2026,08.04.2026,09.04.2026,09.04.2026,09.04.2026,,H014,WH INFORMA JABABEKA
R110260325H057_H014,CDD LONG CHASSIS,1725000,0,0,0,0,700000,2425000,H014 - WH INFORMA JABABEKA,PT. BINTANG SAMUDRA RAYA,7,ON SCHEDULE,27,0,22.04.2026,25.03.2026,26.03.2026,08.04.2026,09.04.2026,09.04.2026,09.04.2026,,H014,WH INFORMA JABABEKA
R110260325H057_H014,CDD LONG CHASSIS,1725000,0,0,0,0,700000,2425000,H014 - WH INFORMA JABABEKA,PT. BINTANG SAMUDRA RAYA,7,ON SCHEDULE,27,0,22.04.2026,25.03.2026,26.03.2026,08.04.2026,09.04.2026,09.04.2026,09.04.2026,,H014,WH INFORMA JABABEKA
R110260325H058_H014,CDD LONG CHASSIS,8750000,0,0,0,0,400000,9150000,H014 - WH INFORMA JABABEKA,PT LOGISTIK CANGGIH INDONESIA,7,ON SCHEDULE,28,0,23.04.2026,25.03.2026,26.03.2026,02.04.2026,03.04.2026,08.04.2026,08.04.2026,,H014,WH INFORMA JABABEKA
R110260325H059_H014,CDD LONG CHASSIS,8750000,0,0,0,0,400000,9150000,H014 - WH INFORMA JABABEKA,PT LOGISTIK CANGGIH INDONESIA,7,ON SCHEDULE,28,0,23.04.2026,25.03.2026,26.03.2026,02.04.2026,03.04.2026,08.04.2026,08.04.2026,,H014,WH INFORMA JABABEKA
R110260325H060_H014,CDD LONG CHASSIS,2850000,0,0,0,0,700000,3550000,H014 - WH INFORMA JABABEKA,PT. BINTANG SAMUDRA RAYA,7,ON SCHEDULE,28,0,23.04.2026,25.03.2026,26.03.2026,08.04.2026,09.04.2026,09.04.2026,09.04.2026,,H014,WH INFORMA JABABEKA
R110260325H060_H014,CDD LONG CHASSIS,2850000,0,0,0,0,700000,3550000,H014 - WH INFORMA JABABEKA,PT. BINTANG SAMUDRA RAYA,7,ON SCHEDULE,28,0,23.04.2026,25.03.2026,26.03.2026,08.04.2026,09.04.2026,09.04.2026,09.04.2026,,H014,WH INFORMA JABABEKA
R110260325H060_H014,CDD LONG CHASSIS,2850000,0,0,0,0,700000,3550000,H014 - WH INFORMA JABABEKA,PT. BINTANG SAMUDRA RAYA,7,ON SCHEDULE,28,0,23.04.2026,25.03.2026,26.03.2026,08.04.2026,09.04.2026,09.04.2026,09.04.2026,,H014,WH INFORMA JABABEKA
R110260325H066_H014,CDD LONG CHASSIS,2200000,0,0,0,0,0,2200000,H014 - WH INFORMA JABABEKA,PT. AGUNG MAKMUR JAYA,7,ON SCHEDULE,27,0,23.04.2026,26.03.2026,28.03.2026,30.03.2026,30.03.2026,13.04.2026,14.04.2026,,H014,WH INFORMA JABABEKA
R110260325H068_H014,CDD LONG CHASSIS,3900000,0,0,0,0,1800000,5700000,H014 - WH INFORMA JABABEKA,PT. CEHA LOGISTIK CEMERLANG,7,ON SCHEDULE,29,0,24.04.2026,25.03.2026,27.03.2026,31.03.2026,31.03.2026,02.04.2026,02.04.2026,,H014,WH INFORMA JABABEKA
R110260325H069_H014,CDD LONG CHASSIS,8750000,0,0,0,0,400000,9150000,H014 - WH INFORMA JABABEKA,PT LOGISTIK CANGGIH INDONESIA,7,ON SCHEDULE,28,0,24.04.2026,26.03.2026,27.03.2026,09.04.2026,10.04.2026,13.04.2026,14.04.2026,,H014,WH INFORMA JABABEKA
R110260325H070_H014,FUSO,14750000,0,0,0,0,0,14750000,H014 - WH INFORMA JABABEKA,PT. SATRIA PIRANTI PERKASA,7,ON SCHEDULE,29,0,24.04.2026,25.03.2026,27.03.2026,08.04.2026,08.04.2026,16.04.2026,16.04.2026,,H014,WH INFORMA JABABEKA
R110260325H071_H014,CDD LONG CHASSIS,3600000,0,0,0,0,700000,4300000,H014 - WH INFORMA JABABEKA,PT. BINTANG SAMUDRA RAYA,7,ON SCHEDULE,29,0,24.04.2026,25.03.2026,27.03.2026,08.04.2026,09.04.2026,09.04.2026,09.04.2026,,H014,WH INFORMA JABABEKA
R110260325H071_H014,CDD LONG CHASSIS,3600000,0,0,0,0,700000,4300000,H014 - WH INFORMA JABABEKA,PT. BINTANG SAMUDRA RAYA,7,ON SCHEDULE,29,0,24.04.2026,25.03.2026,27.03.2026,08.04.2026,09.04.2026,09.04.2026,09.04.2026,,H014,WH INFORMA JABABEKA
R110260325H071_H014,CDD LONG CHASSIS,3600000,0,0,0,0,700000,4300000,H014 - WH INFORMA JABABEKA,PT. BINTANG SAMUDRA RAYA,7,ON SCHEDULE,29,0,24.04.2026,25.03.2026,27.03.2026,08.04.2026,09.04.2026,09.04.2026,09.04.2026,,H014,WH INFORMA JABABEKA
R110260325H073_H014,FUSO,19350000,0,0,0,0,0,19350000,H014 - WH INFORMA JABABEKA,PT. SATRIA PIRANTI PERKASA,7,ON SCHEDULE,31,0,26.04.2026,25.03.2026,29.03.2026,14.04.2026,14.04.2026,17.04.2026,17.04.2026,,H014,WH INFORMA JABABEKA
R110260325H074_H014,CDD LONG CHASSIS,3600000,0,0,0,0,700000,4300000,H014 - WH INFORMA JABABEKA,PT. BINTANG SAMUDRA RAYA,7,ON SCHEDULE,29,0,24.04.2026,25.03.2026,27.03.2026,08.04.2026,09.04.2026,09.04.2026,09.04.2026,,H014,WH INFORMA JABABEKA
R110260325H074_H014,CDD LONG CHASSIS,3600000,0,0,0,0,700000,4300000,H014 - WH INFORMA JABABEKA,PT. BINTANG SAMUDRA RAYA,7,ON SCHEDULE,29,0,24.04.2026,25.03.2026,27.03.2026,08.04.2026,09.04.2026,09.04.2026,09.04.2026,,H014,WH INFORMA JABABEKA
R110260325H074_H014,CDD LONG CHASSIS,3600000,0,0,0,0,700000,4300000,H014 - WH INFORMA JABABEKA,PT. BINTANG SAMUDRA RAYA,7,ON SCHEDULE,29,0,24.04.2026,25.03.2026,27.03.2026,08.04.2026,09.04.2026,09.04.2026,09.04.2026,,H014,WH INFORMA JABABEKA
R110260325H075_H014,FUSO,14750000,0,0,0,0,0,14750000,H014 - WH INFORMA JABABEKA,PT. SATRIA PIRANTI PERKASA,7,ON SCHEDULE,29,0,24.04.2026,25.03.2026,29.03.2026,14.04.2026,14.04.2026,17.04.2026,17.04.2026,,H014,WH INFORMA JABABEKA
R110260325H076_H014,CDD LONG CHASSIS,3500000,0,0,0,0,400000,3900000,H014 - WH INFORMA JABABEKA,PT LOGISTIK CANGGIH INDONESIA,7,ON SCHEDULE,29,0,24.04.2026,25.03.2026,26.03.2026,02.04.2026,03.04.2026,08.04.2026,08.04.2026,,H014,WH INFORMA JABABEKA
R110260325H077_H014,CDD LONG CHASSIS,1400000,0,0,0,0,700000,2100000,H014 - WH INFORMA JABABEKA,PT. BINTANG SAMUDRA RAYA,7,ON SCHEDULE,27,0,22.04.2026,25.03.2026,26.03.2026,08.04.2026,09.04.2026,09.04.2026,09.04.2026,,H014,WH INFORMA JABABEKA
R110260325H077_H014,CDD LONG CHASSIS,1400000,0,0,0,0,700000,2100000,H014 - WH INFORMA JABABEKA,PT. BINTANG SAMUDRA RAYA,7,ON SCHEDULE,27,0,22.04.2026,25.03.2026,26.03.2026,08.04.2026,09.04.2026,09.04.2026,09.04.2026,,H014,WH INFORMA JABABEKA
R110260325H077_H014,CDD LONG CHASSIS,1400000,0,0,0,0,700000,2100000,H014 - WH INFORMA JABABEKA,PT. BINTANG SAMUDRA RAYA,7,ON SCHEDULE,27,0,22.04.2026,25.03.2026,26.03.2026,08.04.2026,09.04.2026,09.04.2026,09.04.2026,,H014,WH INFORMA JABABEKA
R110260325H078_H014,CDD LONG CHASSIS,3600000,0,0,0,0,700000,4300000,H014 - WH INFORMA JABABEKA,PT. BINTANG SAMUDRA RAYA,7,ON SCHEDULE,29,0,24.04.2026,25.03.2026,27.03.2026,08.04.2026,09.04.2026,09.04.2026,09.04.2026,,H014,WH INFORMA JABABEKA
R110260325H078_H014,CDD LONG CHASSIS,3600000,0,0,0,0,700000,4300000,H014 - WH INFORMA JABABEKA,PT. BINTANG SAMUDRA RAYA,7,ON SCHEDULE,29,0,24.04.2026,25.03.2026,27.03.2026,08.04.2026,09.04.2026,09.04.2026,09.04.2026,,H014,WH INFORMA JABABEKA
R110260325H078_H014,CDD LONG CHASSIS,3600000,0,0,0,0,700000,4300000,H014 - WH INFORMA JABABEKA,PT. BINTANG SAMUDRA RAYA,7,ON SCHEDULE,29,0,24.04.2026,25.03.2026,27.03.2026,08.04.2026,09.04.2026,09.04.2026,09.04.2026,,H014,WH INFORMA JABABEKA
R110260325H079_H014,CDD LONG CHASSIS,3600000,0,0,0,0,700000,4300000,H014 - WH INFORMA JABABEKA,PT. BINTANG SAMUDRA RAYA,7,ON SCHEDULE,29,0,24.04.2026,25.03.2026,27.03.2026,08.04.2026,09.04.2026,09.04.2026,09.04.2026,,H014,WH INFORMA JABABEKA
R110260325H079_H014,CDD LONG CHASSIS,3600000,0,0,0,0,700000,4300000,H014 - WH INFORMA JABABEKA,PT. BINTANG SAMUDRA RAYA,7,ON SCHEDULE,29,0,24.04.2026,25.03.2026,27.03.2026,08.04.2026,09.04.2026,09.04.2026,09.04.2026,,H014,WH INFORMA JABABEKA
R110260325H079_H014,CDD LONG CHASSIS,3600000,0,0,0,0,700000,4300000,H014 - WH INFORMA JABABEKA,PT. BINTANG SAMUDRA RAYA,7,ON SCHEDULE,29,0,24.04.2026,25.03.2026,27.03.2026,08.04.2026,09.04.2026,09.04.2026,09.04.2026,,H014,WH INFORMA JABABEKA
R110260325H080_H014,CDD LONG CHASSIS,1725000,0,0,0,0,700000,2425000,H014 - WH INFORMA JABABEKA,PT. BINTANG SAMUDRA RAYA,7,ON SCHEDULE,27,0,22.04.2026,25.03.2026,26.03.2026,08.04.2026,09.04.2026,09.04.2026,09.04.2026,,H014,WH INFORMA JABABEKA
R110260325H080_H014,CDD LONG CHASSIS,1725000,0,0,0,0,700000,2425000,H014 - WH INFORMA JABABEKA,PT. BINTANG SAMUDRA RAYA,7,ON SCHEDULE,27,0,22.04.2026,25.03.2026,26.03.2026,08.04.2026,09.04.2026,09.04.2026,09.04.2026,,H014,WH INFORMA JABABEKA
R110260325H080_H014,CDD LONG CHASSIS,1725000,0,0,0,0,700000,2425000,H014 - WH INFORMA JABABEKA,PT. BINTANG SAMUDRA RAYA,7,ON SCHEDULE,27,0,22.04.2026,25.03.2026,26.03.2026,08.04.2026,09.04.2026,09.04.2026,09.04.2026,,H014,WH INFORMA JABABEKA
R110260325H081_H014,CDD LONG CHASSIS,3500000,0,0,0,0,400000,3900000,H014 - WH INFORMA JABABEKA,PT LOGISTIK CANGGIH INDONESIA,7,ON SCHEDULE,29,0,24.04.2026,25.03.2026,26.03.2026,02.04.2026,03.04.2026,08.04.2026,09.04.2026,,H014,WH INFORMA JABABEKA
R110260325H082_H014,CDD LONG CHASSIS,4500000,0,0,0,0,0,4500000,H014 - WH INFORMA JABABEKA,PT. JASATAMA DIRGANTARA EKSPRES,7,ON SCHEDULE,27,0,23.04.2026,26.03.2026,27.03.2026,27.04.2026,28.04.2026,07.05.2026,07.05.2026,,H014,WH INFORMA JABABEKA
R110260325H083_H014,FUSO,16000000,0,0,0,0,0,16000000,H014 - WH INFORMA JABABEKA,PT. SATRIA PIRANTI PERKASA,7,ON SCHEDULE,33,0,28.04.2026,25.03.2026,29.03.2026,14.04.2026,14.04.2026,17.04.2026,17.04.2026,,H014,WH INFORMA JABABEKA
R110260325L038_H014,CDD LONG CHASSIS,3900000,0,0,0,0,1800000,5700000,H014 - WH INFORMA JABABEKA,PT. CEHA LOGISTIK CEMERLANG,7,ON SCHEDULE,29,0,24.04.2026,25.03.2026,27.03.2026,31.03.2026,01.04.2026,02.04.2026,06.04.2026,,H014,WH INFORMA JABABEKA
R110260325L039_H014,CDD LONG CHASSIS,3900000,0,0,0,0,1800000,5700000,H014 - WH INFORMA JABABEKA,PT. CEHA LOGISTIK CEMERLANG,7,ON SCHEDULE,30,0,25.04.2026,25.03.2026,27.03.2026,31.03.2026,01.04.2026,02.04.2026,06.04.2026,,H014,WH INFORMA JABABEKA
R110260325L040_H014,CDD LONG CHASSIS,3600000,0,0,0,200000,0,3800000,H014 - WH INFORMA JABABEKA,PT LOGISTIK CANGGIH INDONESIA,7,ON SCHEDULE,30,0,25.04.2026,25.03.2026,28.03.2026,14.04.2026,15.04.2026,15.04.2026,20.04.2026,,H014,WH INFORMA JABABEKA
R110260325L041_H014,CDD LONG CHASSIS,3600000,0,0,0,300000,700000,4600000,H014 - WH INFORMA JABABEKA,PT. BINTANG SAMUDRA RAYA,7,ON SCHEDULE,30,0,25.04.2026,25.03.2026,27.03.2026,17.04.2026,19.04.2026,20.04.2026,20.04.2026,,H014,WH INFORMA JABABEKA
R110260325L042_H014,CDD LONG CHASSIS,8750000,0,0,0,0,400000,9150000,H014 - WH INFORMA JABABEKA,PT LOGISTIK CANGGIH INDONESIA,7,ON SCHEDULE,28,0,23.04.2026,25.03.2026,26.03.2026,09.04.2026,10.04.2026,13.04.2026,14.04.2026,,H014,WH INFORMA JABABEKA
R110260325L066_H014,CDD LONG CHASSIS,3325000,0,0,0,0,0,3325000,H014 - WH INFORMA JABABEKA,PT. JEJE HARAPAN TRANSINDO,7,ON SCHEDULE,29,0,24.04.2026,25.03.2026,29.03.2026,14.04.2026,14.04.2026,15.04.2026,15.04.2026,,H014,WH INFORMA JABABEKA
R110260325L067_H014,CDD LONG CHASSIS,4600000,0,0,0,0,750000,5350000,H014 - WH INFORMA JABABEKA,PT. DUTA LINTAS NUSA,7,ON SCHEDULE,29,0,24.04.2026,25.03.2026,28.03.2026,13.04.2026,14.04.2026,27.04.2026,29.04.2026,,H014,WH INFORMA JABABEKA
R110260325L068_H014,CDD LONG CHASSIS,3500000,0,0,0,0,700000,4200000,H014 - WH INFORMA JABABEKA,PT. BINTANG SAMUDRA RAYA,7,ON SCHEDULE,29,0,24.04.2026,25.03.2026,27.03.2026,09.04.2026,09.04.2026,13.04.2026,15.04.2026,,H014,WH INFORMA JABABEKA
R110260325L068_H014,CDD LONG CHASSIS,3500000,0,0,0,0,700000,4200000,H014 - WH INFORMA JABABEKA,PT. BINTANG SAMUDRA RAYA,7,ON SCHEDULE,29,0,24.04.2026,25.03.2026,27.03.2026,09.04.2026,09.04.2026,13.04.2026,15.04.2026,,H014,WH INFORMA JABABEKA
R110260325L068_H014,CDD LONG CHASSIS,3500000,0,0,0,0,700000,4200000,H014 - WH INFORMA JABABEKA,PT. BINTANG SAMUDRA RAYA,7,ON SCHEDULE,29,0,24.04.2026,25.03.2026,27.03.2026,09.04.2026,09.04.2026,13.04.2026,15.04.2026,,H014,WH INFORMA JABABEKA
R110260325L069_H014,CDD LONG CHASSIS,3500000,0,0,0,0,700000,4200000,H014 - WH INFORMA JABABEKA,PT. BINTANG SAMUDRA RAYA,7,ON SCHEDULE,30,0,25.04.2026,25.03.2026,27.03.2026,09.04.2026,09.04.2026,13.04.2026,15.04.2026,,H014,WH INFORMA JABABEKA
R110260325L069_H014,CDD LONG CHASSIS,3500000,0,0,0,0,700000,4200000,H014 - WH INFORMA JABABEKA,PT. BINTANG SAMUDRA RAYA,7,ON SCHEDULE,30,0,25.04.2026,25.03.2026,27.03.2026,09.04.2026,09.04.2026,13.04.2026,15.04.2026,,H014,WH INFORMA JABABEKA
R110260325L069_H014,CDD LONG CHASSIS,3500000,0,0,0,0,700000,4200000,H014 - WH INFORMA JABABEKA,PT. BINTANG SAMUDRA RAYA,7,ON SCHEDULE,30,0,25.04.2026,25.03.2026,27.03.2026,09.04.2026,09.04.2026,13.04.2026,15.04.2026,,H014,WH INFORMA JABABEKA
R110260325T020_H014,CDD LONG CHASSIS,22000000,0,0,0,0,400000,22400000,H014 - WH INFORMA JABABEKA,PT LOGISTIK CANGGIH INDONESIA,7,ON SCHEDULE,37,0,02.05.2026,25.03.2026,30.03.2026,14.04.2026,15.04.2026,15.04.2026,20.04.2026,,H014,WH INFORMA JABABEKA
R110260325T022_H014,WINGBOX,5600000,0,0,0,0,900000,6500000,H014 - WH INFORMA JABABEKA,PT. BINTANG SAMUDRA RAYA,7,ON SCHEDULE,29,0,24.04.2026,25.03.2026,28.03.2026,09.04.2026,09.04.2026,13.04.2026,15.04.2026,,H014,WH INFORMA JABABEKA
R110260325T022_H014,WINGBOX,5600000,0,0,0,0,900000,6500000,H014 - WH INFORMA JABABEKA,PT. BINTANG SAMUDRA RAYA,7,ON SCHEDULE,29,0,24.04.2026,25.03.2026,28.03.2026,09.04.2026,09.04.2026,13.04.2026,15.04.2026,,H014,WH INFORMA JABABEKA
R110260325T022_H014,WINGBOX,5600000,0,0,0,0,900000,6500000,H014 - WH INFORMA JABABEKA,PT. BINTANG SAMUDRA RAYA,7,ON SCHEDULE,29,0,24.04.2026,25.03.2026,28.03.2026,09.04.2026,09.04.2026,13.04.2026,15.04.2026,,H014,WH INFORMA JABABEKA
R110260325T024_H014,WINGBOX,5650000,0,0,0,0,500000,6150000,H014 - WH INFORMA JABABEKA,PT. DUTA MEDIA MANDIRI,7,ON SCHEDULE,29,0,25.04.2026,26.03.2026,29.03.2026,30.03.2026,31.03.2026,09.04.2026,10.04.2026,,H014,WH INFORMA JABABEKA
R110260326H050_H014,CDD LONG CHASSIS,2350000,0,0,0,0,700000,3050000,H014 - WH INFORMA JABABEKA,PT. BINTANG SAMUDRA RAYA,7,ON SCHEDULE,29,0,25.04.2026,26.03.2026,27.03.2026,08.04.2026,09.04.2026,09.04.2026,09.04.2026,,H014,WH INFORMA JABABEKA
R110260326H050_H014,CDD LONG CHASSIS,2350000,0,0,0,0,700000,3050000,H014 - WH INFORMA JABABEKA,PT. BINTANG SAMUDRA RAYA,7,ON SCHEDULE,29,0,25.04.2026,26.03.2026,27.03.2026,08.04.2026,09.04.2026,09.04.2026,09.04.2026,,H014,WH INFORMA JABABEKA
R110260326H050_H014,CDD LONG CHASSIS,2350000,0,0,0,0,700000,3050000,H014 - WH INFORMA JABABEKA,PT. BINTANG SAMUDRA RAYA,7,ON SCHEDULE,29,0,25.04.2026,26.03.2026,27.03.2026,08.04.2026,09.04.2026,09.04.2026,09.04.2026,,H014,WH INFORMA JABABEKA
R110260326H051_H014,CDD LONG CHASSIS,2350000,0,0,0,0,700000,3050000,H014 - WH INFORMA JABABEKA,PT. BINTANG SAMUDRA RAYA,7,ON SCHEDULE,29,0,25.04.2026,26.03.2026,27.03.2026,08.04.2026,09.04.2026,09.04.2026,09.04.2026,,H014,WH INFORMA JABABEKA
R110260326H051_H014,CDD LONG CHASSIS,2350000,0,0,0,0,700000,3050000,H014 - WH INFORMA JABABEKA,PT. BINTANG SAMUDRA RAYA,7,ON SCHEDULE,29,0,25.04.2026,26.03.2026,27.03.2026,08.04.2026,09.04.2026,09.04.2026,09.04.2026,,H014,WH INFORMA JABABEKA
R110260326H051_H014,CDD LONG CHASSIS,2350000,0,0,0,0,700000,3050000,H014 - WH INFORMA JABABEKA,PT. BINTANG SAMUDRA RAYA,7,ON SCHEDULE,29,0,25.04.2026,26.03.2026,27.03.2026,08.04.2026,09.04.2026,09.04.2026,09.04.2026,,H014,WH INFORMA JABABEKA
R110260326H055_H014,CDD LONG CHASSIS,1800000,0,0,0,0,0,1800000,H014 - WH INFORMA JABABEKA,PT. ARDYA PRIMA INTERNUSA,7,ON SCHEDULE,27,0,23.04.2026,26.03.2026,27.03.2026,02.04.2026,02.04.2026,08.04.2026,13.04.2026,,H014,WH INFORMA JABABEKA
R110260326H056_H014,CDD LONG CHASSIS,5750000,0,0,0,0,750000,6500000,H014 - WH INFORMA JABABEKA,PT. DUTA LINTAS NUSA,7,ON SCHEDULE,28,0,24.04.2026,26.03.2026,27.03.2026,13.04.2026,14.04.2026,27.04.2026,29.04.2026,,H014,WH INFORMA JABABEKA
R110260326H062_H014,CDD LONG CHASSIS,2850000,0,0,0,0,700000,3550000,H014 - WH INFORMA JABABEKA,PT. BINTANG SAMUDRA RAYA,7,ON SCHEDULE,28,0,24.04.2026,26.03.2026,27.03.2026,08.04.2026,09.04.2026,09.04.2026,09.04.2026,,H014,WH INFORMA JABABEKA
R110260326H062_H014,CDD LONG CHASSIS,2850000,0,0,0,0,700000,3550000,H014 - WH INFORMA JABABEKA,PT. BINTANG SAMUDRA RAYA,7,ON SCHEDULE,28,0,24.04.2026,26.03.2026,27.03.2026,08.04.2026,09.04.2026,09.04.2026,09.04.2026,,H014,WH INFORMA JABABEKA
R110260326H062_H014,CDD LONG CHASSIS,2850000,0,0,0,0,700000,3550000,H014 - WH INFORMA JABABEKA,PT. BINTANG SAMUDRA RAYA,7,ON SCHEDULE,28,0,24.04.2026,26.03.2026,27.03.2026,08.04.2026,09.04.2026,09.04.2026,09.04.2026,,H014,WH INFORMA JABABEKA
R110260326H063_H014,CDD LONG CHASSIS,8750000,0,0,0,0,400000,9150000,H014 - WH INFORMA JABABEKA,PT LOGISTIK CANGGIH INDONESIA,7,ON SCHEDULE,28,0,24.04.2026,26.03.2026,27.03.2026,08.04.2026,09.04.2026,09.04.2026,09.04.2026,,H014,WH INFORMA JABABEKA
R110260326H072_H014,CDD LONG CHASSIS,12500000,0,0,0,0,1000000,13500000,H014 - WH INFORMA JABABEKA,PT.ORANG KREATIF EKSIS,7,ON SCHEDULE,30,0,26.04.2026,26.03.2026,30.03.2026,09.04.2026,10.04.2026,17.04.2026,17.04.2026,,H014,WH INFORMA JABABEKA
R110260326H072_H014,CDD LONG CHASSIS,12500000,0,0,0,0,1000000,13500000,H014 - WH INFORMA JABABEKA,PT.ORANG KREATIF EKSIS,7,ON SCHEDULE,30,0,26.04.2026,26.03.2026,30.03.2026,09.04.2026,10.04.2026,17.04.2026,17.04.2026,,H014,WH INFORMA JABABEKA
R110260326H073_H014,CDD LONG CHASSIS,3900000,0,0,0,0,1800000,5700000,H014 - WH INFORMA JABABEKA,PT. CEHA LOGISTIK CEMERLANG,7,ON SCHEDULE,29,0,25.04.2026,26.03.2026,28.03.2026,01.04.2026,02.04.2026,02.04.2026,06.04.2026,,H014,WH INFORMA JABABEKA
R110260326H074_H014,CDD LONG CHASSIS,3900000,0,0,0,0,1800000,5700000,H014 - WH INFORMA JABABEKA,PT. CEHA LOGISTIK CEMERLANG,7,ON SCHEDULE,29,0,25.04.2026,26.03.2026,28.03.2026,02.04.2026,02.04.2026,09.04.2026,09.04.2026,,H014,WH INFORMA JABABEKA
R110260326H075_H014,CDD LONG CHASSIS,3900000,0,0,0,0,1800000,5700000,H014 - WH INFORMA JABABEKA,PT. CEHA LOGISTIK CEMERLANG,7,ON SCHEDULE,29,0,25.04.2026,26.03.2026,28.03.2026,31.03.2026,01.04.2026,02.04.2026,06.04.2026,,H014,WH INFORMA JABABEKA
R110260326H076_H014,CDD LONG CHASSIS,3600000,0,0,0,0,700000,4300000,H014 - WH INFORMA JABABEKA,PT. BINTANG SAMUDRA RAYA,7,ON SCHEDULE,29,0,25.04.2026,26.03.2026,28.03.2026,15.04.2026,15.04.2026,15.04.2026,15.04.2026,,H014,WH INFORMA JABABEKA
R110260326H076_H014,CDD LONG CHASSIS,3600000,0,0,0,0,700000,4300000,H014 - WH INFORMA JABABEKA,PT. BINTANG SAMUDRA RAYA,7,ON SCHEDULE,29,0,25.04.2026,26.03.2026,28.03.2026,15.04.2026,15.04.2026,15.04.2026,15.04.2026,,H014,WH INFORMA JABABEKA
R110260326H076_H014,CDD LONG CHASSIS,3600000,0,0,0,0,700000,4300000,H014 - WH INFORMA JABABEKA,PT. BINTANG SAMUDRA RAYA,7,ON SCHEDULE,29,0,25.04.2026,26.03.2026,28.03.2026,15.04.2026,15.04.2026,15.04.2026,15.04.2026,,H014,WH INFORMA JABABEKA
R110260326H077_H014,CDD LONG CHASSIS,3600000,0,0,0,0,700000,4300000,H014 - WH INFORMA JABABEKA,PT. BINTANG SAMUDRA RAYA,7,ON SCHEDULE,29,0,25.04.2026,26.03.2026,28.03.2026,09.04.2026,09.04.2026,13.04.2026,15.04.2026,,H014,WH INFORMA JABABEKA
R110260326H077_H014,CDD LONG CHASSIS,3600000,0,0,0,0,700000,4300000,H014 - WH INFORMA JABABEKA,PT. BINTANG SAMUDRA RAYA,7,ON SCHEDULE,29,0,25.04.2026,26.03.2026,28.03.2026,09.04.2026,09.04.2026,13.04.2026,15.04.2026,,H014,WH INFORMA JABABEKA
R110260326H077_H014,CDD LONG CHASSIS,3600000,0,0,0,0,700000,4300000,H014 - WH INFORMA JABABEKA,PT. BINTANG SAMUDRA RAYA,7,ON SCHEDULE,29,0,25.04.2026,26.03.2026,28.03.2026,09.04.2026,09.04.2026,13.04.2026,15.04.2026,,H014,WH INFORMA JABABEKA
R110260326H078_H014,CDD LONG CHASSIS,3600000,0,0,0,0,700000,4300000,H014 - WH INFORMA JABABEKA,PT. BINTANG SAMUDRA RAYA,7,ON SCHEDULE,29,0,25.04.2026,26.03.2026,28.03.2026,09.04.2026,09.04.2026,13.04.2026,15.04.2026,,H014,WH INFORMA JABABEKA
R110260326H078_H014,CDD LONG CHASSIS,3600000,0,0,0,0,700000,4300000,H014 - WH INFORMA JABABEKA,PT. BINTANG SAMUDRA RAYA,7,ON SCHEDULE,29,0,25.04.2026,26.03.2026,28.03.2026,09.04.2026,09.04.2026,13.04.2026,15.04.2026,,H014,WH INFORMA JABABEKA
R110260326H078_H014,CDD LONG CHASSIS,3600000,0,0,0,0,700000,4300000,H014 - WH INFORMA JABABEKA,PT. BINTANG SAMUDRA RAYA,7,ON SCHEDULE,29,0,25.04.2026,26.03.2026,28.03.2026,09.04.2026,09.04.2026,13.04.2026,15.04.2026,,H014,WH INFORMA JABABEKA
R110260326H079_H014,CDD LONG CHASSIS,3500000,0,0,0,0,1800000,5300000,H014 - WH INFORMA JABABEKA,PT. CEHA LOGISTIK CEMERLANG,7,ON SCHEDULE,29,0,25.04.2026,26.03.2026,27.03.2026,01.04.2026,02.04.2026,02.04.2026,06.04.2026,,H014,WH INFORMA JABABEKA
R110260326H080_H014,CDD LONG CHASSIS,3500000,0,0,0,0,1800000,5300000,H014 - WH INFORMA JABABEKA,PT. CEHA LOGISTIK CEMERLANG,7,ON SCHEDULE,29,0,25.04.2026,26.03.2026,27.03.2026,31.03.2026,01.04.2026,02.04.2026,06.04.2026,,H014,WH INFORMA JABABEKA
R110260326H081_H014,CDD LONG CHASSIS,3500000,0,0,0,0,1800000,5300000,H014 - WH INFORMA JABABEKA,PT. CEHA LOGISTIK CEMERLANG,7,ON SCHEDULE,29,0,25.04.2026,26.03.2026,27.03.2026,31.03.2026,01.04.2026,02.04.2026,06.04.2026,,H014,WH INFORMA JABABEKA
R110260326H082_H014,CDD LONG CHASSIS,3500000,0,0,0,0,1800000,5300000,H014 - WH INFORMA JABABEKA,PT. CEHA LOGISTIK CEMERLANG,7,ON SCHEDULE,29,0,25.04.2026,26.03.2026,27.03.2026,31.03.2026,01.04.2026,02.04.2026,06.04.2026,,H014,WH INFORMA JABABEKA
R110260326H083_H014,CDD LONG CHASSIS,3500000,0,0,0,0,1800000,5300000,H014 - WH INFORMA JABABEKA,PT. CEHA LOGISTIK CEMERLANG,7,ON SCHEDULE,29,0,25.04.2026,26.03.2026,27.03.2026,31.03.2026,01.04.2026,02.04.2026,06.04.2026,,H014,WH INFORMA JABABEKA
R110260326H084_H014,CDD LONG CHASSIS,3500000,0,0,0,0,1800000,5300000,H014 - WH INFORMA JABABEKA,PT. CEHA LOGISTIK CEMERLANG,7,ON SCHEDULE,29,0,25.04.2026,26.03.2026,27.03.2026,31.03.2026,01.04.2026,02.04.2026,06.04.2026,,H014,WH INFORMA JABABEKA
R110260326H085_H014,CDD LONG CHASSIS,3500000,0,0,0,0,1800000,5300000,H014 - WH INFORMA JABABEKA,PT. CEHA LOGISTIK CEMERLANG,7,ON SCHEDULE,29,0,26.04.2026,27.03.2026,29.03.2026,02.04.2026,02.04.2026,09.04.2026,09.04.2026,,H014,WH INFORMA JABABEKA
R110260326H086_H014,CDD LONG CHASSIS,3500000,0,0,0,0,1800000,5300000,H014 - WH INFORMA JABABEKA,PT. CEHA LOGISTIK CEMERLANG,7,ON SCHEDULE,29,0,26.04.2026,27.03.2026,29.03.2026,31.03.2026,01.04.2026,02.04.2026,06.04.2026,,H014,WH INFORMA JABABEKA
R110260326H090_H014,WINGBOX,1998000,0,0,0,0,0,1998000,H014 - WH INFORMA JABABEKA,PT. ARDYA PRIMA INTERNUSA,7,ON SCHEDULE,27,0,22.04.2026,25.03.2026,27.03.2026,02.04.2026,02.04.2026,08.04.2026,13.04.2026,,H014,WH INFORMA JABABEKA
R110260326H091_H014,WINGBOX,1998000,0,0,0,0,0,1998000,H014 - WH INFORMA JABABEKA,PT. ARDYA PRIMA INTERNUSA,7,ON SCHEDULE,27,0,22.04.2026,25.03.2026,27.03.2026,02.04.2026,02.04.2026,08.04.2026,13.04.2026,,H014,WH INFORMA JABABEKA
R110260326H092_H014,WINGBOX,1998000,0,0,0,0,0,1998000,H014 - WH INFORMA JABABEKA,PT. ARDYA PRIMA INTERNUSA,7,ON SCHEDULE,27,0,22.04.2026,25.03.2026,27.03.2026,02.04.2026,02.04.2026,08.04.2026,13.04.2026,,H014,WH INFORMA JABABEKA
R110260326H095_H014,WINGBOX,11500000,0,0,0,0,900000,12400000,H014 - WH INFORMA JABABEKA,PT. BINTANG SAMUDRA RAYA,7,ON SCHEDULE,29,0,25.04.2026,26.03.2026,30.03.2026,15.04.2026,15.04.2026,15.04.2026,15.04.2026,,H014,WH INFORMA JABABEKA
R110260326H095_H014,WINGBOX,11500000,0,0,0,0,900000,12400000,H014 - WH INFORMA JABABEKA,PT. BINTANG SAMUDRA RAYA,7,ON SCHEDULE,29,0,25.04.2026,26.03.2026,30.03.2026,15.04.2026,15.04.2026,15.04.2026,15.04.2026,,H014,WH INFORMA JABABEKA
R110260326H095_H014,WINGBOX,11500000,0,0,0,0,900000,12400000,H014 - WH INFORMA JABABEKA,PT. BINTANG SAMUDRA RAYA,7,ON SCHEDULE,29,0,25.04.2026,26.03.2026,30.03.2026,15.04.2026,15.04.2026,15.04.2026,15.04.2026,,H014,WH INFORMA JABABEKA
R110260326H096_H014,WINGBOX,11500000,0,0,0,0,900000,12400000,H014 - WH INFORMA JABABEKA,PT. BINTANG SAMUDRA RAYA,7,ON SCHEDULE,29,0,26.04.2026,27.03.2026,30.03.2026,14.04.2026,14.04.2026,14.04.2026,21.04.2026,,H014,WH INFORMA JABABEKA
R110260326H096_H014,WINGBOX,11500000,0,0,0,0,900000,12400000,H014 - WH INFORMA JABABEKA,PT. BINTANG SAMUDRA RAYA,7,ON SCHEDULE,29,0,26.04.2026,27.03.2026,30.03.2026,14.04.2026,14.04.2026,14.04.2026,21.04.2026,,H014,WH INFORMA JABABEKA
R110260326H096_H014,WINGBOX,11500000,0,0,0,0,900000,12400000,H014 - WH INFORMA JABABEKA,PT. BINTANG SAMUDRA RAYA,7,ON SCHEDULE,29,0,26.04.2026,27.03.2026,30.03.2026,14.04.2026,14.04.2026,14.04.2026,21.04.2026,,H014,WH INFORMA JABABEKA
R110260326H098_H014,WINGBOX,2599000,0,0,0,0,500000,3099000,H014 - WH INFORMA JABABEKA,PT. DUTA MEDIA MANDIRI,7,ON SCHEDULE,27,0,23.04.2026,26.03.2026,28.03.2026,30.03.2026,31.03.2026,01.04.2026,01.04.2026,,H014,WH INFORMA JABABEKA
R110260326H099_H014,CDD LONG CHASSIS,1900000,0,0,0,0,0,1900000,H014 - WH INFORMA JABABEKA,PT. ANTAR JARINGAN SEPANJANG JALAN,7,ON SCHEDULE,27,0,22.04.2026,25.03.2026,27.03.2026,27.03.2026,27.03.2026,02.04.2026,02.04.2026,,H014,WH INFORMA JABABEKA
R110260326H101_H014,FUSO,19200000,0,0,0,0,0,19200000,H014 - WH INFORMA JABABEKA,PT. SATRIA PIRANTI PERKASA,7,ON SCHEDULE,30,0,27.04.2026,27.03.2026,30.03.2026,17.04.2026,19.04.2026,30.04.2026,30.04.2026,,H014,WH INFORMA JABABEKA
R110260326H104_H014,CDD LONG CHASSIS,4600000,0,0,0,0,750000,5350000,H014 - WH INFORMA JABABEKA,PT. DUTA LINTAS NUSA,7,ON SCHEDULE,29,0,27.04.2026,28.03.2026,30.03.2026,27.04.2026,28.04.2026,11.05.2026,21.05.2026,,H014,WH INFORMA JABABEKA
R110260326H105_H014,CDD LONG CHASSIS,2000000,0,0,0,0,0,2000000,H014 - WH INFORMA JABABEKA,PT. ANTAR JARINGAN SEPANJANG JALAN,7,ON SCHEDULE,27,0,23.04.2026,26.03.2026,27.03.2026,30.03.2026,30.03.2026,02.04.2026,02.04.2026,,H014,WH INFORMA JABABEKA
R110260326H106_H014,CDD LONG CHASSIS,3900000,0,0,0,0,1800000,5700000,H014 - WH INFORMA JABABEKA,PT. CEHA LOGISTIK CEMERLANG,7,ON SCHEDULE,29,0,25.04.2026,26.03.2026,28.03.2026,02.04.2026,02.04.2026,02.04.2026,06.04.2026,,H014,WH INFORMA JABABEKA
R110260326H107_H014,CDD LONG CHASSIS,3900000,0,0,0,0,1800000,5700000,H014 - WH INFORMA JABABEKA,PT. CEHA LOGISTIK CEMERLANG,7,ON SCHEDULE,29,0,25.04.2026,26.03.2026,28.03.2026,01.04.2026,02.04.2026,02.04.2026,06.04.2026,,H014,WH INFORMA JABABEKA
R110260326L028_H014,CDD LONG CHASSIS,12300000,0,1000000,0,0,0,13300000,H014 - WH INFORMA JABABEKA,PT. ADI SARANA ARMADA TBK,7,ON SCHEDULE,30,0,26.04.2026,26.03.2026,30.03.2026,21.04.2026,21.04.2026,23.04.2026,05.05.2026,,H014,WH INFORMA JABABEKA
R110260326L030_H014,CDD LONG CHASSIS,14550000,0,0,0,0,0,14550000,H014 - WH INFORMA JABABEKA,PT LOGISTIK CANGGIH INDONESIA,7,ON SCHEDULE,30,0,30.04.2026,30.03.2026,03.04.2026,15.04.2026,16.04.2026,20.04.2026,21.04.2026,,H014,WH INFORMA JABABEKA
R110260326L031_H014,CDD LONG CHASSIS,3900000,0,0,0,0,700000,4600000,H014 - WH INFORMA JABABEKA,PT. BINTANG SAMUDRA RAYA,7,ON SCHEDULE,28,0,24.04.2026,26.03.2026,29.03.2026,08.04.2026,09.04.2026,09.04.2026,09.04.2026,,H014,WH INFORMA JABABEKA
R110260326L031_H014,CDD LONG CHASSIS,3900000,0,0,0,0,700000,4600000,H014 - WH INFORMA JABABEKA,PT. BINTANG SAMUDRA RAYA,7,ON SCHEDULE,28,0,24.04.2026,26.03.2026,29.03.2026,08.04.2026,09.04.2026,09.04.2026,09.04.2026,,H014,WH INFORMA JABABEKA
R110260326L031_H014,CDD LONG CHASSIS,3900000,0,0,0,0,700000,4600000,H014 - WH INFORMA JABABEKA,PT. BINTANG SAMUDRA RAYA,7,ON SCHEDULE,28,0,24.04.2026,26.03.2026,29.03.2026,08.04.2026,09.04.2026,09.04.2026,09.04.2026,,H014,WH INFORMA JABABEKA
R110260326L032_H014,CDD LONG CHASSIS,5750000,0,0,0,0,750000,6500000,H014 - WH INFORMA JABABEKA,PT. DUTA LINTAS NUSA,7,ON SCHEDULE,26,0,23.04.2026,27.03.2026,29.03.2026,24.04.2026,25.04.2026,11.05.2026,21.05.2026,,H014,WH INFORMA JABABEKA
R110260326L033_H014,CDD LONG CHASSIS,4900000,0,0,0,0,400000,5300000,H014 - WH INFORMA JABABEKA,PT.ORANG KREATIF EKSIS,7,ON SCHEDULE,28,0,26.04.2026,28.03.2026,30.03.2026,10.04.2026,10.04.2026,17.04.2026,17.04.2026,,H014,WH INFORMA JABABEKA
R110260326L033_H014,CDD LONG CHASSIS,4900000,0,0,0,0,400000,5300000,H014 - WH INFORMA JABABEKA,PT.ORANG KREATIF EKSIS,7,ON SCHEDULE,28,0,26.04.2026,28.03.2026,30.03.2026,10.04.2026,10.04.2026,17.04.2026,17.04.2026,,H014,WH INFORMA JABABEKA
R110260326L034_H014,CDD LONG CHASSIS,3100000,0,0,0,0,700000,3800000,H014 - WH INFORMA JABABEKA,PT. BINTANG SAMUDRA RAYA,7,ON SCHEDULE,27,0,23.04.2026,26.03.2026,29.03.2026,15.04.2026,15.04.2026,15.04.2026,15.04.2026,,H014,WH INFORMA JABABEKA
R110260326L034_H014,CDD LONG CHASSIS,3100000,0,0,0,0,700000,3800000,H014 - WH INFORMA JABABEKA,PT. BINTANG SAMUDRA RAYA,7,ON SCHEDULE,27,0,23.04.2026,26.03.2026,29.03.2026,15.04.2026,15.04.2026,15.04.2026,15.04.2026,,H014,WH INFORMA JABABEKA
R110260326L034_H014,CDD LONG CHASSIS,3100000,0,0,0,0,700000,3800000,H014 - WH INFORMA JABABEKA,PT. BINTANG SAMUDRA RAYA,7,ON SCHEDULE,27,0,23.04.2026,26.03.2026,29.03.2026,15.04.2026,15.04.2026,15.04.2026,15.04.2026,,H014,WH INFORMA JABABEKA
R110260326L035_H014,CDD LONG CHASSIS,1750000,0,0,0,0,0,1750000,H014 - WH INFORMA JABABEKA,PT. CATUR GLOBAL LOGISTIK,7,ON SCHEDULE,26,0,22.04.2026,26.03.2026,27.03.2026,01.04.2026,02.04.2026,06.04.2026,06.04.2026,,H014,WH INFORMA JABABEKA
R110260326L036_H014,CDD LONG CHASSIS,19800000,0,0,0,0,0,19800000,H014 - WH INFORMA JABABEKA,PT. ADI SARANA ARMADA TBK,7,ON SCHEDULE,30,0,26.04.2026,26.03.2026,30.03.2026,21.04.2026,21.04.2026,22.04.2026,05.05.2026,,H014,WH INFORMA JABABEKA
R110260326L037_H014,CDD LONG CHASSIS,3900000,0,0,0,0,1800000,5700000,H014 - WH INFORMA JABABEKA,PT. CEHA LOGISTIK CEMERLANG,7,ON SCHEDULE,30,0,27.04.2026,27.03.2026,29.03.2026,02.04.2026,02.04.2026,09.04.2026,09.04.2026,,H014,WH INFORMA JABABEKA
R110260326L044_H014,CDD LONG CHASSIS,3600000,0,0,0,0,700000,4300000,H014 - WH INFORMA JABABEKA,PT. BINTANG SAMUDRA RAYA,7,ON SCHEDULE,30,0,26.04.2026,26.03.2026,29.03.2026,15.04.2026,15.04.2026,15.04.2026,15.04.2026,,H014,WH INFORMA JABABEKA
R110260326L044_H014,CDD LONG CHASSIS,3600000,0,0,0,0,700000,4300000,H014 - WH INFORMA JABABEKA,PT. BINTANG SAMUDRA RAYA,7,ON SCHEDULE,30,0,26.04.2026,26.03.2026,29.03.2026,15.04.2026,15.04.2026,15.04.2026,15.04.2026,,H014,WH INFORMA JABABEKA
R110260326L044_H014,CDD LONG CHASSIS,3600000,0,0,0,0,700000,4300000,H014 - WH INFORMA JABABEKA,PT. BINTANG SAMUDRA RAYA,7,ON SCHEDULE,30,0,26.04.2026,26.03.2026,29.03.2026,15.04.2026,15.04.2026,15.04.2026,15.04.2026,,H014,WH INFORMA JABABEKA
R110260326L045_H014,CDD LONG CHASSIS,3500000,0,0,0,0,0,3500000,H014 - WH INFORMA JABABEKA,PT. AGUNG MAKMUR JAYA,7,ON SCHEDULE,30,0,27.04.2026,27.03.2026,29.03.2026,30.03.2026,30.03.2026,13.04.2026,14.04.2026,,H014,WH INFORMA JABABEKA
R110260326L046_H014,CDD LONG CHASSIS,3500000,0,0,0,0,0,3500000,H014 - WH INFORMA JABABEKA,PT. AGUNG MAKMUR JAYA,7,ON SCHEDULE,28,0,25.04.2026,27.03.2026,29.03.2026,30.03.2026,30.03.2026,13.04.2026,14.04.2026,,H014,WH INFORMA JABABEKA
R110260326L047_H014,CDD LONG CHASSIS,2000000,0,0,0,0,0,2000000,H014 - WH INFORMA JABABEKA,PT. ANTAR JARINGAN SEPANJANG JALAN,7,ON SCHEDULE,27,0,24.04.2026,27.03.2026,27.03.2026,30.03.2026,30.03.2026,02.04.2026,02.04.2026,,H014,WH INFORMA JABABEKA
R110260326L068_H014,WINGBOX,3500000,0,0,0,0,900000,4400000,H014 - WH INFORMA JABABEKA,PT. BINTANG SAMUDRA RAYA,7,ON SCHEDULE,28,0,25.04.2026,27.03.2026,29.03.2026,20.04.2026,21.04.2026,21.04.2026,21.04.2026,,H014,WH INFORMA JABABEKA
R110260326L068_H014,WINGBOX,3500000,0,0,0,0,900000,4400000,H014 - WH INFORMA JABABEKA,PT. BINTANG SAMUDRA RAYA,7,ON SCHEDULE,28,0,25.04.2026,27.03.2026,29.03.2026,20.04.2026,21.04.2026,21.04.2026,21.04.2026,,H014,WH INFORMA JABABEKA
R110260326L068_H014,WINGBOX,3500000,0,0,0,0,900000,4400000,H014 - WH INFORMA JABABEKA,PT. BINTANG SAMUDRA RAYA,7,ON SCHEDULE,28,0,25.04.2026,27.03.2026,29.03.2026,20.04.2026,21.04.2026,21.04.2026,21.04.2026,,H014,WH INFORMA JABABEKA
R110260326L073_H014,CDD LONG CHASSIS,1800000,0,0,0,0,0,1800000,H014 - WH INFORMA JABABEKA,PT. ANTAR JARINGAN SEPANJANG JALAN,7,ON SCHEDULE,27,0,24.04.2026,27.03.2026,27.03.2026,30.03.2026,30.03.2026,02.04.2026,02.04.2026,,H014,WH INFORMA JABABEKA
R110260326L074_H014,CDD LONG CHASSIS,1900000,0,0,0,0,0,1900000,H014 - WH INFORMA JABABEKA,PT. ANTAR JARINGAN SEPANJANG JALAN,7,ON SCHEDULE,27,0,23.04.2026,26.03.2026,27.03.2026,30.03.2026,30.03.2026,02.04.2026,02.04.2026,,H014,WH INFORMA JABABEKA
R110260326L075_H014,CDD LONG CHASSIS,1900000,0,0,0,0,0,1900000,H014 - WH INFORMA JABABEKA,PT. ANTAR JARINGAN SEPANJANG JALAN,7,ON SCHEDULE,27,0,24.04.2026,27.03.2026,27.03.2026,30.03.2026,30.03.2026,01.04.2026,01.04.2026,,H014,WH INFORMA JABABEKA
R110260326T010_H014,WINGBOX,5650000,0,0,0,0,500000,6150000,H014 - WH INFORMA JABABEKA,PT. DUTA MEDIA MANDIRI,7,ON SCHEDULE,29,0,25.04.2026,26.03.2026,29.03.2026,30.03.2026,31.03.2026,09.04.2026,10.04.2026,,H014,WH INFORMA JABABEKA
R110260326T011_H014,WINGBOX,5650000,0,0,0,0,500000,6150000,H014 - WH INFORMA JABABEKA,PT. DUTA MEDIA MANDIRI,7,ON SCHEDULE,29,0,25.04.2026,26.03.2026,29.03.2026,30.03.2026,31.03.2026,09.04.2026,10.04.2026,,H014,WH INFORMA JABABEKA
R110260327H044_H014,WINGBOX,1998000,0,0,0,0,0,1998000,H014 - WH INFORMA JABABEKA,PT. ARDYA PRIMA INTERNUSA,7,ON SCHEDULE,27,0,24.04.2026,27.03.2026,28.03.2026,02.04.2026,02.04.2026,08.04.2026,13.04.2026,,H014,WH INFORMA JABABEKA
R110260327H045_H014,WINGBOX,1998000,0,0,0,0,0,1998000,H014 - WH INFORMA JABABEKA,PT. ARDYA PRIMA INTERNUSA,7,ON SCHEDULE,27,0,24.04.2026,27.03.2026,28.03.2026,02.04.2026,02.04.2026,08.04.2026,13.04.2026,,H014,WH INFORMA JABABEKA
R110260327H046_H014,WINGBOX,1998000,0,0,0,0,0,1998000,H014 - WH INFORMA JABABEKA,PT. ARDYA PRIMA INTERNUSA,7,ON SCHEDULE,27,0,24.04.2026,27.03.2026,28.03.2026,02.04.2026,02.04.2026,08.04.2026,13.04.2026,,H014,WH INFORMA JABABEKA
R110260327H048_H014,WINGBOX,15000000,0,0,0,0,900000,15900000,H014 - WH INFORMA JABABEKA,PT. BINTANG SAMUDRA RAYA,7,ON SCHEDULE,30,0,27.04.2026,27.03.2026,31.03.2026,14.04.2026,14.04.2026,14.04.2026,14.04.2026,,H014,WH INFORMA JABABEKA
R110260327H048_H014,WINGBOX,15000000,0,0,0,0,900000,15900000,H014 - WH INFORMA JABABEKA,PT. BINTANG SAMUDRA RAYA,7,ON SCHEDULE,30,0,27.04.2026,27.03.2026,31.03.2026,14.04.2026,14.04.2026,14.04.2026,14.04.2026,,H014,WH INFORMA JABABEKA
R110260327H048_H014,WINGBOX,15000000,0,0,0,0,900000,15900000,H014 - WH INFORMA JABABEKA,PT. BINTANG SAMUDRA RAYA,7,ON SCHEDULE,30,0,27.04.2026,27.03.2026,31.03.2026,14.04.2026,14.04.2026,14.04.2026,14.04.2026,,H014,WH INFORMA JABABEKA
R110260327H049_H014,WINGBOX,15000000,0,0,0,0,900000,15900000,H014 - WH INFORMA JABABEKA,PT. BINTANG SAMUDRA RAYA,7,ON SCHEDULE,30,0,28.04.2026,28.03.2026,04.04.2026,14.04.2026,14.04.2026,14.04.2026,14.04.2026,,H014,WH INFORMA JABABEKA
R110260327H049_H014,WINGBOX,15000000,0,0,0,0,900000,15900000,H014 - WH INFORMA JABABEKA,PT. BINTANG SAMUDRA RAYA,7,ON SCHEDULE,30,0,28.04.2026,28.03.2026,04.04.2026,14.04.2026,14.04.2026,14.04.2026,14.04.2026,,H014,WH INFORMA JABABEKA
R110260327H049_H014,WINGBOX,15000000,0,0,0,0,900000,15900000,H014 - WH INFORMA JABABEKA,PT. BINTANG SAMUDRA RAYA,7,ON SCHEDULE,30,0,28.04.2026,28.03.2026,04.04.2026,14.04.2026,14.04.2026,14.04.2026,14.04.2026,,H014,WH INFORMA JABABEKA
R110260327H050_H014,FUSO,17000000,0,0,0,0,0,17000000,H014 - WH INFORMA JABABEKA,PT. SATRIA PIRANTI PERKASA,7,ON SCHEDULE,30,0,30.04.2026,30.03.2026,10.04.2026,17.04.2026,19.04.2026,30.04.2026,30.04.2026,,H014,WH INFORMA JABABEKA
R110260327H051_H014,WINGBOX,11500000,0,0,0,0,900000,12400000,H014 - WH INFORMA JABABEKA,PT. BINTANG SAMUDRA RAYA,7,ON SCHEDULE,29,0,26.04.2026,27.03.2026,30.03.2026,20.04.2026,21.04.2026,21.04.2026,21.04.2026,,H014,WH INFORMA JABABEKA
R110260327H051_H014,WINGBOX,11500000,0,0,0,0,900000,12400000,H014 - WH INFORMA JABABEKA,PT. BINTANG SAMUDRA RAYA,7,ON SCHEDULE,29,0,26.04.2026,27.03.2026,30.03.2026,20.04.2026,21.04.2026,21.04.2026,21.04.2026,,H014,WH INFORMA JABABEKA
R110260327H051_H014,WINGBOX,11500000,0,0,0,0,900000,12400000,H014 - WH INFORMA JABABEKA,PT. BINTANG SAMUDRA RAYA,7,ON SCHEDULE,29,0,26.04.2026,27.03.2026,30.03.2026,20.04.2026,21.04.2026,21.04.2026,21.04.2026,,H014,WH INFORMA JABABEKA
R110260327H052_H014,WINGBOX,21000000,0,0,0,0,0,21000000,H014 - WH INFORMA JABABEKA,PT. CITRA SENTRAL EKSPRES,7,ON SCHEDULE,31,0,30.04.2026,29.03.2026,14.04.2026,04.05.2026,04.05.2026,05.05.2026,05.05.2026,,H014,WH INFORMA JABABEKA
R110260327H053_H014,FUSO,19350000,0,0,0,0,0,19350000,H014 - WH INFORMA JABABEKA,PT. SATRIA PIRANTI PERKASA,7,ON SCHEDULE,31,0,01.05.2026,30.03.2026,10.04.2026,17.04.2026,19.04.2026,30.04.2026,30.04.2026,,H014,WH INFORMA JABABEKA
R110260327H054_H014,WINGBOX,4825000,0,0,0,0,1800000,6625000,H014 - WH INFORMA JABABEKA,PT. CEHA LOGISTIK CEMERLANG,7,ON SCHEDULE,29,0,26.04.2026,27.03.2026,29.03.2026,31.03.2026,01.04.2026,02.04.2026,06.04.2026,,H014,WH INFORMA JABABEKA
R110260327H055_H014,WINGBOX,2599000,0,0,0,0,500000,3099000,H014 - WH INFORMA JABABEKA,PT. DUTA MEDIA MANDIRI,7,ON SCHEDULE,27,0,24.04.2026,27.03.2026,28.03.2026,30.03.2026,31.03.2026,01.04.2026,01.04.2026,,H014,WH INFORMA JABABEKA
R110260327H056_H014,CDD LONG CHASSIS,3340000,0,0,0,0,1800000,5140000,H014 - WH INFORMA JABABEKA,PT. CEHA LOGISTIK CEMERLANG,7,ON SCHEDULE,28,0,25.04.2026,27.03.2026,29.03.2026,31.03.2026,01.04.2026,02.04.2026,06.04.2026,,H014,WH INFORMA JABABEKA
R110260327H057_H014,CDD LONG CHASSIS,2400000,0,0,0,0,0,2400000,H014 - WH INFORMA JABABEKA,PT. AGUNG MAKMUR JAYA,7,ON SCHEDULE,27,0,24.04.2026,27.03.2026,28.03.2026,30.03.2026,30.03.2026,13.04.2026,14.04.2026,,H014,WH INFORMA JABABEKA
R110260327H058_H014,CDD LONG CHASSIS,2400000,0,0,0,0,0,2400000,H014 - WH INFORMA JABABEKA,PT. AGUNG MAKMUR JAYA,7,ON SCHEDULE,27,0,24.04.2026,27.03.2026,28.03.2026,30.03.2026,30.03.2026,13.04.2026,14.04.2026,,H014,WH INFORMA JABABEKA
R110260327H059_H014,CDD LONG CHASSIS,1400000,0,0,0,0,0,1400000,H014 - WH INFORMA JABABEKA,PT. ARDYA PRIMA INTERNUSA,7,ON SCHEDULE,27,0,23.04.2026,26.03.2026,28.03.2026,02.04.2026,02.04.2026,08.04.2026,13.04.2026,,H014,WH INFORMA JABABEKA
R110260327H066_H014,CDD LONG CHASSIS,1400000,0,0,0,0,0,1400000,H014 - WH INFORMA JABABEKA,PT. ARDYA PRIMA INTERNUSA,7,ON SCHEDULE,27,0,24.04.2026,27.03.2026,28.03.2026,02.04.2026,02.04.2026,08.04.2026,13.04.2026,,H014,WH INFORMA JABABEKA
R110260327H068_H014,WINGBOX,4825000,0,0,0,0,1800000,6625000,H014 - WH INFORMA JABABEKA,PT. CEHA LOGISTIK CEMERLANG,7,ON SCHEDULE,29,0,26.04.2026,27.03.2026,29.03.2026,02.04.2026,02.04.2026,02.04.2026,06.04.2026,,H014,WH INFORMA JABABEKA
R110260327H077_H014,CDD LONG CHASSIS,7500000,0,0,0,0,0,7500000,H014 - WH INFORMA JABABEKA,PT.ORANG KREATIF EKSIS,7,ON SCHEDULE,29,0,30.04.2026,31.03.2026,04.04.2026,10.04.2026,10.04.2026,17.04.2026,17.04.2026,,H014,WH INFORMA JABABEKA
R110260327L100_H014,CDD LONG CHASSIS,3500000,0,0,0,0,1800000,5300000,H014 - WH INFORMA JABABEKA,PT. CEHA LOGISTIK CEMERLANG,7,ON SCHEDULE,29,0,26.04.2026,27.03.2026,29.03.2026,31.03.2026,01.04.2026,02.04.2026,06.04.2026,,H014,WH INFORMA JABABEKA
R110260327L101_H014,CDD LONG CHASSIS,12500000,0,0,0,0,1000000,13500000,H014 - WH INFORMA JABABEKA,PT.ORANG KREATIF EKSIS,7,ON SCHEDULE,31,0,02.05.2026,31.03.2026,06.04.2026,13.04.2026,14.04.2026,17.04.2026,17.04.2026,,H014,WH INFORMA JABABEKA
R110260327L101_H014,CDD LONG CHASSIS,12500000,0,0,0,0,1000000,13500000,H014 - WH INFORMA JABABEKA,PT.ORANG KREATIF EKSIS,7,ON SCHEDULE,31,0,02.05.2026,31.03.2026,06.04.2026,13.04.2026,14.04.2026,17.04.2026,17.04.2026,,H014,WH INFORMA JABABEKA
R110260327L102_H014,CDD LONG CHASSIS,4000000,0,0,0,0,0,4000000,H014 - WH INFORMA JABABEKA,PT. JEJE HARAPAN TRANSINDO,7,ON SCHEDULE,28,0,25.04.2026,27.03.2026,30.03.2026,08.04.2026,08.04.2026,09.04.2026,10.04.2026,,H014,WH INFORMA JABABEKA
R110260327L103_H014,CDD LONG CHASSIS,5750000,0,0,0,290000,750000,6790000,H014 - WH INFORMA JABABEKA,PT. DUTA LINTAS NUSA,7,ON SCHEDULE,28,0,26.04.2026,28.03.2026,29.03.2026,13.04.2026,14.04.2026,27.04.2026,29.04.2026,,H014,WH INFORMA JABABEKA
R110260327L105_H014,WINGBOX,11500000,0,0,0,0,900000,12400000,H014 - WH INFORMA JABABEKA,PT. BINTANG SAMUDRA RAYA,7,ON SCHEDULE,30,0,29.04.2026,29.03.2026,04.04.2026,21.04.2026,21.04.2026,22.04.2026,23.04.2026,,H014,WH INFORMA JABABEKA
R110260327L105_H014,WINGBOX,11500000,0,0,0,0,900000,12400000,H014 - WH INFORMA JABABEKA,PT. BINTANG SAMUDRA RAYA,7,ON SCHEDULE,30,0,29.04.2026,29.03.2026,04.04.2026,21.04.2026,21.04.2026,22.04.2026,23.04.2026,,H014,WH INFORMA JABABEKA
R110260327L106_H014,WINGBOX,11500000,0,0,0,0,0,11500000,H014 - WH INFORMA JABABEKA,PT. BINTANG SAMUDRA RAYA,7,ON SCHEDULE,30,0,01.05.2026,31.03.2026,04.04.2026,08.04.2026,08.04.2026,16.04.2026,20.04.2026,,H014,WH INFORMA JABABEKA
R110260327L107_H014,WINGBOX,5175000,0,0,0,0,1800000,6975000,H014 - WH INFORMA JABABEKA,PT. CEHA LOGISTIK CEMERLANG,7,ON SCHEDULE,28,0,25.04.2026,27.03.2026,29.03.2026,02.04.2026,02.04.2026,02.04.2026,06.04.2026,,H014,WH INFORMA JABABEKA
R110260327L129_H014,CDD LONG CHASSIS,3500000,0,0,0,0,700000,4200000,H014 - WH INFORMA JABABEKA,PT.DHANESWARA EXPRES,7,ON SCHEDULE,28,0,25.04.2026,27.03.2026,29.03.2026,27.04.2026,28.04.2026,05.05.2026,05.05.2026,,H014,WH INFORMA JABABEKA
R110260327L130_H014,CDD LONG CHASSIS,3900000,0,0,0,0,1800000,5700000,H014 - WH INFORMA JABABEKA,PT. CEHA LOGISTIK CEMERLANG,7,ON SCHEDULE,30,0,27.04.2026,27.03.2026,29.03.2026,31.03.2026,01.04.2026,02.04.2026,06.04.2026,,H014,WH INFORMA JABABEKA
R110260327L131_H014,CDD LONG CHASSIS,3900000,0,0,0,0,1800000,5700000,H014 - WH INFORMA JABABEKA,PT. CEHA LOGISTIK CEMERLANG,7,ON SCHEDULE,28,0,25.04.2026,27.03.2026,29.03.2026,02.04.2026,02.04.2026,02.04.2026,06.04.2026,,H014,WH INFORMA JABABEKA
R110260327L134_H014,CDD LONG CHASSIS,3900000,0,0,0,0,1800000,5700000,H014 - WH INFORMA JABABEKA,PT. CEHA LOGISTIK CEMERLANG,7,ON SCHEDULE,30,0,27.04.2026,27.03.2026,29.03.2026,02.04.2026,02.04.2026,02.04.2026,06.04.2026,,H014,WH INFORMA JABABEKA
R110260327L135_H014,CDD LONG CHASSIS,8855000,0,0,0,0,600000,9455000,H014 - WH INFORMA JABABEKA,PT.ORANG KREATIF EKSIS,7,ON SCHEDULE,30,0,01.05.2026,31.03.2026,06.04.2026,10.04.2026,10.04.2026,17.04.2026,17.04.2026,,H014,WH INFORMA JABABEKA
R110260327L135_H014,CDD LONG CHASSIS,8855000,0,0,0,0,600000,9455000,H014 - WH INFORMA JABABEKA,PT.ORANG KREATIF EKSIS,7,ON SCHEDULE,30,0,01.05.2026,31.03.2026,06.04.2026,10.04.2026,10.04.2026,17.04.2026,17.04.2026,,H014,WH INFORMA JABABEKA
R110260327L136_H014,CDD LONG CHASSIS,1400000,0,0,0,0,0,1400000,H014 - WH INFORMA JABABEKA,PT. ARDYA PRIMA INTERNUSA,7,ON SCHEDULE,27,0,24.04.2026,27.03.2026,28.03.2026,02.04.2026,02.04.2026,08.04.2026,13.04.2026,,H014,WH INFORMA JABABEKA
R110260327L137_H014,CDD LONG CHASSIS,2200000,0,0,0,0,0,2200000,H014 - WH INFORMA JABABEKA,PT. AGUNG MAKMUR JAYA,7,ON SCHEDULE,28,0,26.04.2026,28.03.2026,29.03.2026,30.03.2026,30.03.2026,13.04.2026,14.04.2026,,H014,WH INFORMA JABABEKA
R110260327L138_H014,CDD LONG CHASSIS,3340000,0,0,0,0,1800000,5140000,H014 - WH INFORMA JABABEKA,PT. CEHA LOGISTIK CEMERLANG,7,ON SCHEDULE,28,0,25.04.2026,27.03.2026,29.03.2026,31.03.2026,01.04.2026,02.04.2026,06.04.2026,,H014,WH INFORMA JABABEKA
R110260327L139_H014,CDD LONG CHASSIS,3340000,0,0,0,0,1800000,5140000,H014 - WH INFORMA JABABEKA,PT. CEHA LOGISTIK CEMERLANG,7,ON SCHEDULE,28,0,25.04.2026,27.03.2026,29.03.2026,31.03.2026,01.04.2026,02.04.2026,06.04.2026,,H014,WH INFORMA JABABEKA
R110260327L140_H014,CDD LONG CHASSIS,2000000,0,0,0,0,0,2000000,H014 - WH INFORMA JABABEKA,PT. ANTAR JARINGAN SEPANJANG JALAN,7,ON SCHEDULE,27,0,24.04.2026,27.03.2026,28.03.2026,30.03.2026,30.03.2026,02.04.2026,02.04.2026,,H014,WH INFORMA JABABEKA
R110260327L141_H014,CDD LONG CHASSIS,2100000,0,0,0,0,700000,2800000,H014 - WH INFORMA JABABEKA,PT. BINTANG SAMUDRA RAYA,7,ON SCHEDULE,26,0,24.04.2026,28.03.2026,29.03.2026,09.04.2026,09.04.2026,13.04.2026,15.04.2026,,H014,WH INFORMA JABABEKA
R110260327L141_H014,CDD LONG CHASSIS,2100000,0,0,0,0,700000,2800000,H014 - WH INFORMA JABABEKA,PT. BINTANG SAMUDRA RAYA,7,ON SCHEDULE,26,0,24.04.2026,28.03.2026,29.03.2026,09.04.2026,09.04.2026,13.04.2026,15.04.2026,,H014,WH INFORMA JABABEKA
R110260327L141_H014,CDD LONG CHASSIS,2100000,0,0,0,0,700000,2800000,H014 - WH INFORMA JABABEKA,PT. BINTANG SAMUDRA RAYA,7,ON SCHEDULE,26,0,24.04.2026,28.03.2026,29.03.2026,09.04.2026,09.04.2026,13.04.2026,15.04.2026,,H014,WH INFORMA JABABEKA
R110260327L142_H014,CDD LONG CHASSIS,19800000,0,0,0,0,0,19800000,H014 - WH INFORMA JABABEKA,PT. ADI SARANA ARMADA TBK,7,ON SCHEDULE,30,0,28.04.2026,28.03.2026,03.04.2026,21.04.2026,21.04.2026,23.04.2026,05.05.2026,,H014,WH INFORMA JABABEKA
R110260327T014_H014,WINGBOX,5650000,0,0,0,0,500000,6150000,H014 - WH INFORMA JABABEKA,PT. DUTA MEDIA MANDIRI,7,ON SCHEDULE,29,0,26.04.2026,27.03.2026,31.03.2026,01.04.2026,02.04.2026,09.04.2026,10.04.2026,,H014,WH INFORMA JABABEKA
R110260327T019_H014,CONT-40,23450000,0,0,1500000,0,800000,25750000,H014 - WH INFORMA JABABEKA,PT. SENTOSAPRIMA ABADI,7,ON SCHEDULE,46,0,13.05.2026,27.03.2026,07.04.2026,17.06.2026,17.06.2026,19.06.2026,19.06.2026,,H014,WH INFORMA JABABEKA
R110260327T020_H014,CONT-40,34300000,0,0,0,0,1500000,35800000,H014 - WH INFORMA JABABEKA,PT. PAUS BIRU LOGISTIK,7,ON SCHEDULE,40,0,07.05.2026,27.03.2026,08.04.2026,11.05.2026,11.05.2026,21.05.2026,25.05.2026,,H014,WH INFORMA JABABEKA
R110260327T021_H014,CONT-40,34300000,0,0,0,0,1500000,35800000,H014 - WH INFORMA JABABEKA,PT. PAUS BIRU LOGISTIK,7,ON SCHEDULE,40,0,08.05.2026,28.03.2026,08.04.2026,11.05.2026,11.05.2026,21.05.2026,25.05.2026,,H014,WH INFORMA JABABEKA
R110260328D056_H014,CDD LONG CHASSIS,1300000,0,0,0,0,0,1300000,H014 - WH INFORMA JABABEKA,PT. ANTAR JARINGAN SEPANJANG JALAN,7,ON SCHEDULE,26,0,24.04.2026,28.03.2026,29.03.2026,30.03.2026,30.03.2026,02.04.2026,02.04.2026,,H014,WH INFORMA JABABEKA
R110260328D057_H014,CDD LONG CHASSIS,1200000,0,0,0,0,0,1200000,H014 - WH INFORMA JABABEKA,PT. ANTAR JARINGAN SEPANJANG JALAN,7,ON SCHEDULE,26,0,24.04.2026,28.03.2026,29.03.2026,30.03.2026,30.03.2026,02.04.2026,02.04.2026,,H014,WH INFORMA JABABEKA
R110260328D058_H014,CDD LONG CHASSIS,1300000,0,0,0,0,0,1300000,H014 - WH INFORMA JABABEKA,PT. ANTAR JARINGAN SEPANJANG JALAN,7,ON SCHEDULE,27,0,25.04.2026,28.03.2026,29.03.2026,30.03.2026,30.03.2026,02.04.2026,02.04.2026,,H014,WH INFORMA JABABEKA
R110260328D059_H014,CDD LONG CHASSIS,1200000,0,0,0,0,0,1200000,H014 - WH INFORMA JABABEKA,PT. ANTAR JARINGAN SEPANJANG JALAN,7,ON SCHEDULE,27,0,25.04.2026,28.03.2026,29.03.2026,30.03.2026,30.03.2026,02.04.2026,02.04.2026,,H014,WH INFORMA JABABEKA
R110260328D069_H014,CDD LONG CHASSIS,1200000,0,0,0,0,0,1200000,H014 - WH INFORMA JABABEKA,PT. ANTAR JARINGAN SEPANJANG JALAN,7,ON SCHEDULE,26,0,24.04.2026,28.03.2026,29.03.2026,30.03.2026,30.03.2026,01.04.2026,01.04.2026,,H014,WH INFORMA JABABEKA
R110260328D071_H014,CDD LONG CHASSIS,1100000,0,0,0,75000,0,1175000,H014 - WH INFORMA JABABEKA,PT. ANTAR JARINGAN SEPANJANG JALAN,7,ON SCHEDULE,26,0,24.04.2026,28.03.2026,29.03.2026,01.04.2026,01.04.2026,02.04.2026,02.04.2026,,H014,WH INFORMA JABABEKA
R110260328D073_H014,CDD LONG CHASSIS,1300000,0,0,0,0,0,1300000,H014 - WH INFORMA JABABEKA,PT. ANTAR JARINGAN SEPANJANG JALAN,7,ON SCHEDULE,26,0,24.04.2026,28.03.2026,29.03.2026,30.03.2026,30.03.2026,02.04.2026,02.04.2026,,H014,WH INFORMA JABABEKA
R110260328D074_H014,CDD LONG CHASSIS,1300000,0,0,0,75000,0,1375000,H014 - WH INFORMA JABABEKA,PT. ANTAR JARINGAN SEPANJANG JALAN,7,ON SCHEDULE,26,0,24.04.2026,28.03.2026,29.03.2026,30.03.2026,31.03.2026,02.04.2026,02.04.2026,,H014,WH INFORMA JABABEKA
R110260328D077_H014,CDD LONG CHASSIS,1200000,0,0,0,150000,0,1350000,H014 - WH INFORMA JABABEKA,PT. ANTAR JARINGAN SEPANJANG JALAN,7,ON SCHEDULE,26,0,24.04.2026,28.03.2026,29.03.2026,30.03.2026,31.03.2026,02.04.2026,02.04.2026,,H014,WH INFORMA JABABEKA
R110260328D078_H014,CDD LONG CHASSIS,1300000,0,0,0,150000,0,1450000,H014 - WH INFORMA JABABEKA,PT. ANTAR JARINGAN SEPANJANG JALAN,7,ON SCHEDULE,26,0,24.04.2026,28.03.2026,29.03.2026,30.03.2026,31.03.2026,02.04.2026,02.04.2026,,H014,WH INFORMA JABABEKA
R110260328H025_H014,WINGBOX,4300000,0,0,0,0,500000,4800000,H014 - WH INFORMA JABABEKA,PT.SIASAT CEPAT MUDA,7,ON SCHEDULE,29,0,27.04.2026,28.03.2026,,01.04.2026,01.04.2026,01.04.2026,02.04.2026,,H014,WH INFORMA JABABEKA
R110260328H025_H014,WINGBOX,4300000,0,0,0,0,500000,4800000,H014 - WH INFORMA JABABEKA,PT.SIASAT CEPAT MUDA,7,ON SCHEDULE,29,0,27.04.2026,28.03.2026,,01.04.2026,01.04.2026,01.04.2026,02.04.2026,,H014,WH INFORMA JABABEKA
R110260328H026_H014,WINGBOX,4300000,0,0,0,0,500000,4800000,H014 - WH INFORMA JABABEKA,PT.SIASAT CEPAT MUDA,7,ON SCHEDULE,29,0,27.04.2026,28.03.2026,,01.04.2026,01.04.2026,01.04.2026,02.04.2026,,H014,WH INFORMA JABABEKA
R110260328H026_H014,WINGBOX,4300000,0,0,0,0,500000,4800000,H014 - WH INFORMA JABABEKA,PT.SIASAT CEPAT MUDA,7,ON SCHEDULE,29,0,27.04.2026,28.03.2026,,01.04.2026,01.04.2026,01.04.2026,02.04.2026,,H014,WH INFORMA JABABEKA
R110260328H027_H014,WINGBOX,4300000,0,0,0,0,500000,4800000,H014 - WH INFORMA JABABEKA,PT.SIASAT CEPAT MUDA,7,ON SCHEDULE,29,0,27.04.2026,28.03.2026,,01.04.2026,01.04.2026,01.04.2026,02.04.2026,,H014,WH INFORMA JABABEKA
R110260328H027_H014,WINGBOX,4300000,0,0,0,0,500000,4800000,H014 - WH INFORMA JABABEKA,PT.SIASAT CEPAT MUDA,7,ON SCHEDULE,29,0,27.04.2026,28.03.2026,,01.04.2026,01.04.2026,01.04.2026,02.04.2026,,H014,WH INFORMA JABABEKA
R110260328H028_H014,WINGBOX,4825000,0,0,0,0,1800000,6625000,H014 - WH INFORMA JABABEKA,PT. CEHA LOGISTIK CEMERLANG,7,ON SCHEDULE,29,0,27.04.2026,28.03.2026,30.03.2026,31.03.2026,01.04.2026,02.04.2026,06.04.2026,,H014,WH INFORMA JABABEKA
R110260328H029_H014,WINGBOX,4825000,0,0,0,0,1800000,6625000,H014 - WH INFORMA JABABEKA,PT. CEHA LOGISTIK CEMERLANG,7,ON SCHEDULE,29,0,27.04.2026,28.03.2026,30.03.2026,02.04.2026,02.04.2026,02.04.2026,06.04.2026,,H014,WH INFORMA JABABEKA
R110260328H031_H014,WINGBOX,3500000,0,0,0,0,900000,4400000,H014 - WH INFORMA JABABEKA,PT. BINTANG SAMUDRA RAYA,7,ON SCHEDULE,29,0,27.04.2026,28.03.2026,30.03.2026,20.04.2026,21.04.2026,21.04.2026,21.04.2026,,H014,WH INFORMA JABABEKA
R110260328H031_H014,WINGBOX,3500000,0,0,0,0,900000,4400000,H014 - WH INFORMA JABABEKA,PT. BINTANG SAMUDRA RAYA,7,ON SCHEDULE,29,0,27.04.2026,28.03.2026,30.03.2026,20.04.2026,21.04.2026,21.04.2026,21.04.2026,,H014,WH INFORMA JABABEKA
R110260328H031_H014,WINGBOX,3500000,0,0,0,0,900000,4400000,H014 - WH INFORMA JABABEKA,PT. BINTANG SAMUDRA RAYA,7,ON SCHEDULE,29,0,27.04.2026,28.03.2026,30.03.2026,20.04.2026,21.04.2026,21.04.2026,21.04.2026,,H014,WH INFORMA JABABEKA
R110260328H037_H014,WINGBOX,1998000,0,0,0,0,0,1998000,H014 - WH INFORMA JABABEKA,PT. ARDYA PRIMA INTERNUSA,7,ON SCHEDULE,27,0,25.04.2026,28.03.2026,29.03.2026,02.04.2026,02.04.2026,08.04.2026,13.04.2026,,H014,WH INFORMA JABABEKA
R110260328H038_H014,WINGBOX,1998000,0,0,0,0,0,1998000,H014 - WH INFORMA JABABEKA,PT. ARDYA PRIMA INTERNUSA,7,ON SCHEDULE,27,0,25.04.2026,28.03.2026,29.03.2026,02.04.2026,02.04.2026,08.04.2026,13.04.2026,,H014,WH INFORMA JABABEKA
R110260328H039_H014,WINGBOX,2599000,0,0,0,0,500000,3099000,H014 - WH INFORMA JABABEKA,PT. DUTA MEDIA MANDIRI,7,ON SCHEDULE,27,0,25.04.2026,28.03.2026,29.03.2026,30.03.2026,31.03.2026,01.04.2026,01.04.2026,,H014,WH INFORMA JABABEKA
R110260328H040_H014,WINGBOX,4300000,0,0,0,0,500000,4800000,H014 - WH INFORMA JABABEKA,PT.SIASAT CEPAT MUDA,7,ON SCHEDULE,29,0,27.04.2026,28.03.2026,,01.04.2026,01.04.2026,01.04.2026,02.04.2026,,H014,WH INFORMA JABABEKA
R110260328H040_H014,WINGBOX,4300000,0,0,0,0,500000,4800000,H014 - WH INFORMA JABABEKA,PT.SIASAT CEPAT MUDA,7,ON SCHEDULE,29,0,27.04.2026,28.03.2026,,01.04.2026,01.04.2026,01.04.2026,02.04.2026,,H014,WH INFORMA JABABEKA
R110260328H043_H014,CDD LONG CHASSIS,3340000,0,0,0,0,1800000,5140000,H014 - WH INFORMA JABABEKA,PT. CEHA LOGISTIK CEMERLANG,7,ON SCHEDULE,28,0,26.04.2026,28.03.2026,30.03.2026,31.03.2026,01.04.2026,02.04.2026,06.04.2026,,H014,WH INFORMA JABABEKA
R110260328H062_H014,FUSO,16000000,0,0,0,0,0,16000000,H014 - WH INFORMA JABABEKA,PT. SATRIA PIRANTI PERKASA,7,ON SCHEDULE,33,0,04.05.2026,31.03.2026,04.04.2026,17.04.2026,19.04.2026,30.04.2026,30.04.2026,,H014,WH INFORMA JABABEKA
R110260328H063_H014,CDD LONG CHASSIS,2380000,0,0,0,0,500000,2880000,H014 - WH INFORMA JABABEKA,PT. DUTA MEDIA MANDIRI,7,ON SCHEDULE,27,0,25.04.2026,28.03.2026,29.03.2026,30.03.2026,31.03.2026,01.04.2026,01.04.2026,,H014,WH INFORMA JABABEKA
R110260328H070_H014,WINGBOX,4825000,0,0,0,0,1800000,6625000,H014 - WH INFORMA JABABEKA,PT. CEHA LOGISTIK CEMERLANG,7,ON SCHEDULE,29,0,27.04.2026,28.03.2026,30.03.2026,31.03.2026,01.04.2026,02.04.2026,06.04.2026,,H014,WH INFORMA JABABEKA
R110260328H071_H014,CDD LONG CHASSIS,1500000,0,0,0,0,0,1500000,H014 - WH INFORMA JABABEKA,PT. ANTAR JARINGAN SEPANJANG JALAN,7,ON SCHEDULE,27,0,25.04.2026,28.03.2026,29.03.2026,30.03.2026,30.03.2026,01.04.2026,01.04.2026,,H014,WH INFORMA JABABEKA
R110260328L031_H014,CDD LONG CHASSIS,3900000,0,0,0,0,1800000,5700000,H014 - WH INFORMA JABABEKA,PT. CEHA LOGISTIK CEMERLANG,7,ON SCHEDULE,30,0,28.04.2026,28.03.2026,30.03.2026,02.04.2026,02.04.2026,16.04.2026,16.04.2026,,H014,WH INFORMA JABABEKA
R110260328L032_H014,CDD LONG CHASSIS,3900000,0,0,0,0,1800000,5700000,H014 - WH INFORMA JABABEKA,PT. CEHA LOGISTIK CEMERLANG,7,ON SCHEDULE,29,0,28.04.2026,29.03.2026,30.03.2026,02.04.2026,02.04.2026,02.04.2026,06.04.2026,,H014,WH INFORMA JABABEKA
R110260328L033_H014,CDD LONG CHASSIS,3500000,0,0,0,0,700000,4200000,H014 - WH INFORMA JABABEKA,PT.DHANESWARA EXPRES,7,ON SCHEDULE,30,0,28.04.2026,28.03.2026,,20.04.2026,21.04.2026,27.04.2026,27.04.2026,,H014,WH INFORMA JABABEKA
R110260328L033_H014,CDD LONG CHASSIS,3500000,0,0,0,0,700000,4200000,H014 - WH INFORMA JABABEKA,PT.DHANESWARA EXPRES,7,ON SCHEDULE,30,0,28.04.2026,28.03.2026,,20.04.2026,21.04.2026,27.04.2026,27.04.2026,,H014,WH INFORMA JABABEKA
R110260328L033_H014,CDD LONG CHASSIS,3500000,0,0,0,0,700000,4200000,H014 - WH INFORMA JABABEKA,PT.DHANESWARA EXPRES,7,ON SCHEDULE,30,0,28.04.2026,28.03.2026,,20.04.2026,21.04.2026,27.04.2026,27.04.2026,,H014,WH INFORMA JABABEKA
R110260328L034_H014,CDD LONG CHASSIS,4150000,0,0,0,0,700000,4850000,H014 - WH INFORMA JABABEKA,PT. BINTANG SAMUDRA RAYA,7,ON SCHEDULE,30,0,29.04.2026,29.03.2026,31.03.2026,14.04.2026,14.04.2026,14.04.2026,21.04.2026,,H014,WH INFORMA JABABEKA
R110260328L034_H014,CDD LONG CHASSIS,4150000,0,0,0,0,700000,4850000,H014 - WH INFORMA JABABEKA,PT. BINTANG SAMUDRA RAYA,7,ON SCHEDULE,30,0,29.04.2026,29.03.2026,31.03.2026,14.04.2026,14.04.2026,14.04.2026,21.04.2026,,H014,WH INFORMA JABABEKA
R110260328L034_H014,CDD LONG CHASSIS,4150000,0,0,0,0,700000,4850000,H014 - WH INFORMA JABABEKA,PT. BINTANG SAMUDRA RAYA,7,ON SCHEDULE,30,0,29.04.2026,29.03.2026,31.03.2026,14.04.2026,14.04.2026,14.04.2026,21.04.2026,,H014,WH INFORMA JABABEKA
R110260328L035_H014,CDD LONG CHASSIS,3100000,0,0,0,400000,700000,4200000,H014 - WH INFORMA JABABEKA,PT. BINTANG SAMUDRA RAYA,7,ON SCHEDULE,28,0,26.04.2026,28.03.2026,31.03.2026,16.04.2026,17.04.2026,17.04.2026,17.04.2026,,H014,WH INFORMA JABABEKA
R110260328L035_H014,CDD LONG CHASSIS,3100000,0,0,0,400000,700000,4200000,H014 - WH INFORMA JABABEKA,PT. BINTANG SAMUDRA RAYA,7,ON SCHEDULE,28,0,26.04.2026,28.03.2026,31.03.2026,16.04.2026,17.04.2026,17.04.2026,17.04.2026,,H014,WH INFORMA JABABEKA
R110260328L035_H014,CDD LONG CHASSIS,3100000,0,0,0,400000,700000,4200000,H014 - WH INFORMA JABABEKA,PT. BINTANG SAMUDRA RAYA,7,ON SCHEDULE,28,0,26.04.2026,28.03.2026,31.03.2026,16.04.2026,17.04.2026,17.04.2026,17.04.2026,,H014,WH INFORMA JABABEKA
R110260328L057_H014,CDD LONG CHASSIS,5750000,0,0,0,0,750000,6500000,H014 - WH INFORMA JABABEKA,PT. DUTA LINTAS NUSA,7,ON SCHEDULE,28,0,27.04.2026,29.03.2026,30.03.2026,13.04.2026,14.04.2026,27.04.2026,29.04.2026,,H014,WH INFORMA JABABEKA
R110260328L058_H014,CDD LONG CHASSIS,13100000,0,0,0,0,1000000,14100000,H014 - WH INFORMA JABABEKA,PT.ORANG KREATIF EKSIS,7,ON SCHEDULE,30,0,01.05.2026,31.03.2026,06.04.2026,10.04.2026,10.04.2026,17.04.2026,17.04.2026,,H014,WH INFORMA JABABEKA
R110260328L058_H014,CDD LONG CHASSIS,13100000,0,0,0,0,1000000,14100000,H014 - WH INFORMA JABABEKA,PT.ORANG KREATIF EKSIS,7,ON SCHEDULE,30,0,01.05.2026,31.03.2026,06.04.2026,10.04.2026,10.04.2026,17.04.2026,17.04.2026,,H014,WH INFORMA JABABEKA
R110260328L059_H014,CDD LONG CHASSIS,3900000,0,0,0,0,1800000,5700000,H014 - WH INFORMA JABABEKA,PT. CEHA LOGISTIK CEMERLANG,7,ON SCHEDULE,30,0,28.04.2026,28.03.2026,30.03.2026,02.04.2026,02.04.2026,02.04.2026,06.04.2026,,H014,WH INFORMA JABABEKA
R110260328L060_H014,CDD LONG CHASSIS,10350000,0,0,0,0,600000,10950000,H014 - WH INFORMA JABABEKA,PT.ORANG KREATIF EKSIS,7,ON SCHEDULE,29,0,30.04.2026,31.03.2026,04.04.2026,10.04.2026,10.04.2026,17.04.2026,17.04.2026,,H014,WH INFORMA JABABEKA
R110260328L060_H014,CDD LONG CHASSIS,10350000,0,0,0,0,600000,10950000,H014 - WH INFORMA JABABEKA,PT.ORANG KREATIF EKSIS,7,ON SCHEDULE,29,0,30.04.2026,31.03.2026,04.04.2026,10.04.2026,10.04.2026,17.04.2026,17.04.2026,,H014,WH INFORMA JABABEKA
R110260328L065_H014,CDD LONG CHASSIS,1750000,0,0,0,250000,0,2000000,H014 - WH INFORMA JABABEKA,PT. CATUR GLOBAL LOGISTIK,7,ON SCHEDULE,27,0,26.04.2026,29.03.2026,30.03.2026,13.04.2026,14.04.2026,14.04.2026,14.04.2026,,H014,WH INFORMA JABABEKA
R110260328L067_H014,CDD LONG CHASSIS,2500000,0,0,0,0,500000,3000000,H014 - WH INFORMA JABABEKA,PT. DUTA MEDIA MANDIRI,7,ON SCHEDULE,28,0,27.04.2026,29.03.2026,30.03.2026,31.03.2026,31.03.2026,09.04.2026,10.04.2026,,H014,WH INFORMA JABABEKA
R110260328L068_H014,CDD LONG CHASSIS,3500000,0,0,0,0,1800000,5300000,H014 - WH INFORMA JABABEKA,PT. CEHA LOGISTIK CEMERLANG,7,ON SCHEDULE,30,0,28.04.2026,28.03.2026,30.03.2026,01.04.2026,02.04.2026,02.04.2026,06.04.2026,,H014,WH INFORMA JABABEKA
R110260328L069_H014,CDD LONG CHASSIS,3500000,0,0,0,0,1800000,5300000,H014 - WH INFORMA JABABEKA,PT. CEHA LOGISTIK CEMERLANG,7,ON SCHEDULE,29,0,28.04.2026,29.03.2026,30.03.2026,02.04.2026,02.04.2026,09.04.2026,09.04.2026,,H014,WH INFORMA JABABEKA
R110260328L070_H014,CDD LONG CHASSIS,3900000,0,0,0,0,1800000,5700000,H014 - WH INFORMA JABABEKA,PT. CEHA LOGISTIK CEMERLANG,7,ON SCHEDULE,30,0,29.04.2026,29.03.2026,30.03.2026,02.04.2026,02.04.2026,02.04.2026,06.04.2026,,H014,WH INFORMA JABABEKA
R110260328L076_H014,CDD LONG CHASSIS,3500000,0,0,0,0,1800000,5300000,H014 - WH INFORMA JABABEKA,PT. CEHA LOGISTIK CEMERLANG,7,ON SCHEDULE,29,0,27.04.2026,28.03.2026,30.03.2026,02.04.2026,02.04.2026,02.04.2026,06.04.2026,,H014,WH INFORMA JABABEKA
R110260328T035_H014,WINGBOX,5650000,0,0,0,0,500000,6150000,H014 - WH INFORMA JABABEKA,PT. DUTA MEDIA MANDIRI,7,ON SCHEDULE,29,0,28.04.2026,29.03.2026,04.04.2026,08.04.2026,08.04.2026,09.04.2026,10.04.2026,,H014,WH INFORMA JABABEKA
R110260328T036_H014,BIG MAMA,24000000,0,0,0,0,0,24000000,H014 - WH INFORMA JABABEKA,PT. CITRA SENTRAL EKSPRES,7,ON SCHEDULE,37,0,06.05.2026,29.03.2026,07.04.2026,16.04.2026,17.04.2026,17.04.2026,17.04.2026,,H014,WH INFORMA JABABEKA
R110260328T037_H014,WINGBOX,24000000,0,0,0,0,0,24000000,H014 - WH INFORMA JABABEKA,PT. CITRA SENTRAL EKSPRES,7,ON SCHEDULE,37,0,06.05.2026,29.03.2026,06.04.2026,16.04.2026,17.04.2026,17.04.2026,17.04.2026,,H014,WH INFORMA JABABEKA
R110260328T039_H014,CONT-40,24100000,0,0,0,0,0,24100000,H014 - WH INFORMA JABABEKA,PT. MITRA INTERTRANS FORWARDING,7,ON SCHEDULE,40,0,09.05.2026,29.03.2026,08.04.2026,16.04.2026,16.04.2026,17.04.2026,17.04.2026,,H014,WH INFORMA JABABEKA
R110260328T040_H014,CONT-40,24100000,0,0,0,0,0,24100000,H014 - WH INFORMA JABABEKA,PT. MITRA INTERTRANS FORWARDING,7,ON SCHEDULE,40,0,08.05.2026,28.03.2026,08.04.2026,16.04.2026,16.04.2026,17.04.2026,17.04.2026,,H014,WH INFORMA JABABEKA
R110260328T041_H014,CONT-40,30000000,0,0,1000000,0,0,31000000,H014 - WH INFORMA JABABEKA,PT. PAUS BIRU LOGISTIK,7,ON SCHEDULE,42,0,11.05.2026,29.03.2026,,22.06.2026,22.06.2026,22.06.2026,24.06.2026,,H014,WH INFORMA JABABEKA
R110260328T042_H014,CONT-40,30000000,0,0,1000000,0,0,31000000,H014 - WH INFORMA JABABEKA,PT. PAUS BIRU LOGISTIK,7,ON SCHEDULE,42,0,11.05.2026,29.03.2026,,22.06.2026,22.06.2026,22.06.2026,24.06.2026,,H014,WH INFORMA JABABEKA
R110260328T043_H014,CONT-40,27800000,0,0,0,0,800000,28600000,H014 - WH INFORMA JABABEKA,PT. SENTOSAPRIMA ABADI,7,ON SCHEDULE,40,0,09.05.2026,29.03.2026,10.04.2026,15.05.2026,17.05.2026,20.05.2026,20.05.2026,,H014,WH INFORMA JABABEKA
R110260328T045_H014,CONT-40,28900000,0,0,2500000,0,1500000,32900000,H014 - WH INFORMA JABABEKA,PT. PAUS BIRU LOGISTIK,7,ON SCHEDULE,40,0,09.05.2026,29.03.2026,08.04.2026,11.05.2026,11.05.2026,18.05.2026,20.05.2026,,H014,WH INFORMA JABABEKA
R110260328T047_H014,CONT-40,24200000,0,0,0,0,800000,25000000,H014 - WH INFORMA JABABEKA,PT. SENTOSAPRIMA ABADI,7,ON SCHEDULE,40,0,09.05.2026,29.03.2026,08.04.2026,17.06.2026,17.06.2026,19.06.2026,19.06.2026,,H014,WH INFORMA JABABEKA
R110260328T048_H014,CONT-40,24200000,0,0,0,0,800000,25000000,H014 - WH INFORMA JABABEKA,PT. SENTOSAPRIMA ABADI,7,ON SCHEDULE,40,0,09.05.2026,29.03.2026,08.04.2026,15.05.2026,17.05.2026,18.05.2026,18.05.2026,,H014,WH INFORMA JABABEKA
R110260328T049_H014,CONT-40,23300000,0,0,0,0,0,23300000,H014 - WH INFORMA JABABEKA,PT. MITRA INTERTRANS FORWARDING,7,ON SCHEDULE,37,0,08.05.2026,31.03.2026,08.04.2026,29.04.2026,30.04.2026,30.04.2026,30.04.2026,,H014,WH INFORMA JABABEKA
R110260328T050_H014,CONT-40,23300000,0,0,0,0,0,23300000,H014 - WH INFORMA JABABEKA,PT. MITRA INTERTRANS FORWARDING,7,ON SCHEDULE,37,0,05.05.2026,28.03.2026,08.04.2026,29.04.2026,30.04.2026,30.04.2026,30.04.2026,,H014,WH INFORMA JABABEKA
R110260328T051_H014,CONT-40,23300000,0,0,0,0,0,23300000,H014 - WH INFORMA JABABEKA,PT. MITRA INTERTRANS FORWARDING,7,ON SCHEDULE,37,0,05.05.2026,28.03.2026,08.04.2026,29.04.2026,30.04.2026,30.04.2026,30.04.2026,,H014,WH INFORMA JABABEKA
R110260328T052_H014,CONT-40,30000000,0,0,1000000,0,0,31000000,H014 - WH INFORMA JABABEKA,PT. PAUS BIRU LOGISTIK,7,ON SCHEDULE,42,0,11.05.2026,29.03.2026,,22.06.2026,22.06.2026,22.06.2026,24.06.2026,,H014,WH INFORMA JABABEKA
R110260328T053_H014,CONT-20,12900000,0,0,400000,0,1500000,14800000,H014 - WH INFORMA JABABEKA,PT. MITRA INTERTRANS FORWARDING,7,ON SCHEDULE,42,0,11.05.2026,29.03.2026,,11.05.2026,12.05.2026,12.05.2026,12.05.2026,,H014,WH INFORMA JABABEKA
R110260328T054_H014,CONT-20,14000000,0,0,0,0,800000,14800000,H014 - WH INFORMA JABABEKA,PT. SENTOSAPRIMA ABADI,7,ON SCHEDULE,40,0,08.05.2026,28.03.2026,08.04.2026,17.06.2026,17.06.2026,19.06.2026,19.06.2026,,H014,WH INFORMA JABABEKA
R110260328T055_H014,CONT-40,25600000,0,0,0,0,800000,26400000,H014 - WH INFORMA JABABEKA,PT. SENTOSAPRIMA ABADI,7,ON SCHEDULE,37,0,06.05.2026,29.03.2026,08.04.2026,26.05.2026,26.05.2026,29.05.2026,29.05.2026,,H014,WH INFORMA JABABEKA
R110260328T056_H014,CONT-20,13950000,0,0,0,0,800000,14750000,H014 - WH INFORMA JABABEKA,PT. SENTOSAPRIMA ABADI,7,ON SCHEDULE,40,0,08.05.2026,28.03.2026,06.04.2026,18.05.2026,18.05.2026,20.05.2026,20.05.2026,,H014,WH INFORMA JABABEKA
R110260328T061_H014,CONT-20,13900000,0,0,0,0,0,13900000,H014 - WH INFORMA JABABEKA,PT. MITRA INTERTRANS FORWARDING,7,ON SCHEDULE,37,0,05.05.2026,28.03.2026,08.04.2026,27.04.2026,28.04.2026,28.04.2026,28.04.2026,,H014,WH INFORMA JABABEKA
R110260329H029_H014,CDD LONG CHASSIS,3340000,0,0,0,0,1800000,5140000,H014 - WH INFORMA JABABEKA,PT. CEHA LOGISTIK CEMERLANG,7,ON SCHEDULE,28,0,27.04.2026,29.03.2026,30.03.2026,31.03.2026,01.04.2026,02.04.2026,06.04.2026,,H014,WH INFORMA JABABEKA
R110260329H039_H014,WINGBOX,1998000,0,0,0,0,0,1998000,H014 - WH INFORMA JABABEKA,PT. ARDYA PRIMA INTERNUSA,7,ON SCHEDULE,27,0,26.04.2026,29.03.2026,30.03.2026,09.04.2026,09.04.2026,09.04.2026,13.04.2026,,H014,WH INFORMA JABABEKA
R110260329H041_H014,WINGBOX,1998000,0,0,0,0,0,1998000,H014 - WH INFORMA JABABEKA,PT. ARDYA PRIMA INTERNUSA,7,ON SCHEDULE,27,0,26.04.2026,29.03.2026,30.03.2026,02.04.2026,02.04.2026,08.04.2026,13.04.2026,,H014,WH INFORMA JABABEKA
R110260329H042_H014,WINGBOX,4825000,0,0,0,0,1800000,6625000,H014 - WH INFORMA JABABEKA,PT. CEHA LOGISTIK CEMERLANG,7,ON SCHEDULE,29,0,28.04.2026,29.03.2026,31.03.2026,02.04.2026,02.04.2026,02.04.2026,06.04.2026,,H014,WH INFORMA JABABEKA
R110260329H043_H014,WINGBOX,4825000,0,0,0,0,1800000,6625000,H014 - WH INFORMA JABABEKA,PT. CEHA LOGISTIK CEMERLANG,7,ON SCHEDULE,29,0,28.04.2026,29.03.2026,31.03.2026,02.04.2026,02.04.2026,02.04.2026,06.04.2026,,H014,WH INFORMA JABABEKA
R110260329H044_H014,WINGBOX,13500000,0,0,0,0,0,13500000,H014 - WH INFORMA JABABEKA,PT. CITRA SENTRAL EKSPRES,7,ON SCHEDULE,29,0,28.04.2026,29.03.2026,31.03.2026,16.04.2026,17.04.2026,17.04.2026,17.04.2026,,H014,WH INFORMA JABABEKA
R110260329H045_H014,CDD LONG CHASSIS,2400000,0,0,0,0,0,2400000,H014 - WH INFORMA JABABEKA,PT. AGUNG MAKMUR JAYA,7,ON SCHEDULE,27,0,26.04.2026,29.03.2026,30.03.2026,31.03.2026,31.03.2026,13.04.2026,14.04.2026,,H014,WH INFORMA JABABEKA
R110260329H046_H014,CDD LONG CHASSIS,2400000,0,0,0,0,0,2400000,H014 - WH INFORMA JABABEKA,PT. AGUNG MAKMUR JAYA,7,ON SCHEDULE,27,0,26.04.2026,29.03.2026,30.03.2026,31.03.2026,31.03.2026,13.04.2026,14.04.2026,,H014,WH INFORMA JABABEKA
R110260329H047_H014,WINGBOX,15000000,0,0,0,0,900000,15900000,H014 - WH INFORMA JABABEKA,PT. BINTANG SAMUDRA RAYA,7,ON SCHEDULE,30,0,29.04.2026,29.03.2026,04.04.2026,14.04.2026,14.04.2026,14.04.2026,14.04.2026,,H014,WH INFORMA JABABEKA
R110260329H047_H014,WINGBOX,15000000,0,0,0,0,900000,15900000,H014 - WH INFORMA JABABEKA,PT. BINTANG SAMUDRA RAYA,7,ON SCHEDULE,30,0,29.04.2026,29.03.2026,04.04.2026,14.04.2026,14.04.2026,14.04.2026,14.04.2026,,H014,WH INFORMA JABABEKA
R110260329H047_H014,WINGBOX,15000000,0,0,0,0,900000,15900000,H014 - WH INFORMA JABABEKA,PT. BINTANG SAMUDRA RAYA,7,ON SCHEDULE,30,0,29.04.2026,29.03.2026,04.04.2026,14.04.2026,14.04.2026,14.04.2026,14.04.2026,,H014,WH INFORMA JABABEKA
R110260329H049_H014,WINGBOX,2599000,0,0,0,0,500000,3099000,H014 - WH INFORMA JABABEKA,PT. DUTA MEDIA MANDIRI,7,ON SCHEDULE,27,0,26.04.2026,29.03.2026,30.03.2026,31.03.2026,31.03.2026,09.04.2026,10.04.2026,,H014,WH INFORMA JABABEKA
R110260329H050_H014,CDD LONG CHASSIS,2200000,0,0,0,0,0,2200000,H014 - WH INFORMA JABABEKA,PT. AGUNG MAKMUR JAYA,7,ON SCHEDULE,27,0,26.04.2026,29.03.2026,30.03.2026,31.03.2026,31.03.2026,13.04.2026,14.04.2026,,H014,WH INFORMA JABABEKA
R110260329H053_H014,CDD LONG CHASSIS,1400000,0,0,0,0,0,1400000,H014 - WH INFORMA JABABEKA,PT. ARDYA PRIMA INTERNUSA,7,ON SCHEDULE,27,0,26.04.2026,29.03.2026,30.03.2026,02.04.2026,02.04.2026,08.04.2026,13.04.2026,,H014,WH INFORMA JABABEKA
R110260329H060_H014,WINGBOX,18000000,0,0,0,0,900000,18900000,H014 - WH INFORMA JABABEKA,PT. BINTANG SAMUDRA RAYA,7,ON SCHEDULE,31,0,01.05.2026,30.03.2026,04.04.2026,21.04.2026,21.04.2026,22.04.2026,29.04.2026,,H014,WH INFORMA JABABEKA
R110260329H060_H014,WINGBOX,18000000,0,0,0,0,900000,18900000,H014 - WH INFORMA JABABEKA,PT. BINTANG SAMUDRA RAYA,7,ON SCHEDULE,31,0,01.05.2026,30.03.2026,04.04.2026,21.04.2026,21.04.2026,22.04.2026,29.04.2026,,H014,WH INFORMA JABABEKA
R110260329H061_H014,CDD LONG CHASSIS,1400000,0,0,0,0,700000,2100000,H014 - WH INFORMA JABABEKA,PT. BINTANG SAMUDRA RAYA,7,ON SCHEDULE,27,0,26.04.2026,29.03.2026,30.03.2026,09.04.2026,09.04.2026,13.04.2026,15.04.2026,,H014,WH INFORMA JABABEKA
R110260329H061_H014,CDD LONG CHASSIS,1400000,0,0,0,0,700000,2100000,H014 - WH INFORMA JABABEKA,PT. BINTANG SAMUDRA RAYA,7,ON SCHEDULE,27,0,26.04.2026,29.03.2026,30.03.2026,09.04.2026,09.04.2026,13.04.2026,15.04.2026,,H014,WH INFORMA JABABEKA
R110260329H061_H014,CDD LONG CHASSIS,1400000,0,0,0,0,700000,2100000,H014 - WH INFORMA JABABEKA,PT. BINTANG SAMUDRA RAYA,7,ON SCHEDULE,27,0,26.04.2026,29.03.2026,30.03.2026,09.04.2026,09.04.2026,13.04.2026,15.04.2026,,H014,WH INFORMA JABABEKA
R110260329H062_H014,CDD LONG CHASSIS,12300000,0,0,0,0,0,12300000,H014 - WH INFORMA JABABEKA,PT. ADI SARANA ARMADA TBK,7,ON SCHEDULE,29,0,30.04.2026,31.03.2026,10.04.2026,21.04.2026,21.04.2026,23.04.2026,05.05.2026,,H014,WH INFORMA JABABEKA
R110260329H063_H014,WINGBOX,4825000,0,0,0,0,1800000,6625000,H014 - WH INFORMA JABABEKA,PT. CEHA LOGISTIK CEMERLANG,7,ON SCHEDULE,29,0,30.04.2026,31.03.2026,04.04.2026,06.04.2026,06.04.2026,09.04.2026,09.04.2026,,H014,WH INFORMA JABABEKA
R110260329L002_H014,CONT-20,16900000,0,0,0,0,800000,17700000,H014 - WH INFORMA JABABEKA,PT. TPIL LOGISTICS,7,ON SCHEDULE,38,0,07.05.2026,29.03.2026,08.04.2026,22.06.2026,22.06.2026,25.06.2026,25.06.2026,,H014,WH INFORMA JABABEKA
R110260329L002_H014,CONT-20,16900000,0,0,0,0,800000,17700000,H014 - WH INFORMA JABABEKA,PT. TPIL LOGISTICS,7,ON SCHEDULE,38,0,07.05.2026,29.03.2026,08.04.2026,22.06.2026,22.06.2026,25.06.2026,25.06.2026,,H014,WH INFORMA JABABEKA
R110260329L003_H014,CONT-20,15500000,0,0,0,0,800000,16300000,H014 - WH INFORMA JABABEKA,PT. TPIL LOGISTICS,7,ON SCHEDULE,42,0,11.05.2026,29.03.2026,10.04.2026,22.06.2026,22.06.2026,25.06.2026,25.06.2026,,H014,WH INFORMA JABABEKA
R110260329L003_H014,CONT-20,15500000,0,0,0,0,800000,16300000,H014 - WH INFORMA JABABEKA,PT. TPIL LOGISTICS,7,ON SCHEDULE,42,0,11.05.2026,29.03.2026,10.04.2026,22.06.2026,22.06.2026,25.06.2026,25.06.2026,,H014,WH INFORMA JABABEKA
R110260329L011_H014,CDD LONG CHASSIS,3900000,0,0,0,0,1800000,5700000,H014 - WH INFORMA JABABEKA,PT. CEHA LOGISTIK CEMERLANG,7,ON SCHEDULE,30,0,29.04.2026,29.03.2026,31.03.2026,02.04.2026,02.04.2026,02.04.2026,06.04.2026,,H014,WH INFORMA JABABEKA
R110260329L012_H014,CDD LONG CHASSIS,3500000,0,0,0,0,700000,4200000,H014 - WH INFORMA JABABEKA,PT.DHANESWARA EXPRES,7,ON SCHEDULE,28,0,28.04.2026,30.03.2026,31.03.2026,27.04.2026,28.04.2026,05.05.2026,05.05.2026,,H014,WH INFORMA JABABEKA
R110260329L013_H014,CDD LONG CHASSIS,3500000,0,0,0,0,700000,4200000,H014 - WH INFORMA JABABEKA,PT.DHANESWARA EXPRES,7,ON SCHEDULE,30,0,29.04.2026,29.03.2026,31.03.2026,27.04.2026,28.04.2026,05.05.2026,05.05.2026,,H014,WH INFORMA JABABEKA
R110260329L014_H014,CDD LONG CHASSIS,3900000,0,0,0,0,1800000,5700000,H014 - WH INFORMA JABABEKA,PT. CEHA LOGISTIK CEMERLANG,7,ON SCHEDULE,27,0,27.04.2026,30.03.2026,31.03.2026,02.04.2026,02.04.2026,08.04.2026,08.04.2026,,H014,WH INFORMA JABABEKA
R110260329L015_H014,CDD LONG CHASSIS,3950000,0,0,0,0,1800000,5750000,H014 - WH INFORMA JABABEKA,PT. CEHA LOGISTIK CEMERLANG,7,ON SCHEDULE,28,0,27.04.2026,29.03.2026,31.03.2026,02.04.2026,02.04.2026,02.04.2026,06.04.2026,,H014,WH INFORMA JABABEKA
R110260329L018_H014,CDD LONG CHASSIS,3100000,0,0,0,0,700000,3800000,H014 - WH INFORMA JABABEKA,PT. BINTANG SAMUDRA RAYA,7,ON SCHEDULE,27,0,26.04.2026,29.03.2026,31.03.2026,14.04.2026,14.04.2026,14.04.2026,21.04.2026,,H014,WH INFORMA JABABEKA
R110260329L018_H014,CDD LONG CHASSIS,3100000,0,0,0,0,700000,3800000,H014 - WH INFORMA JABABEKA,PT. BINTANG SAMUDRA RAYA,7,ON SCHEDULE,27,0,26.04.2026,29.03.2026,31.03.2026,14.04.2026,14.04.2026,14.04.2026,21.04.2026,,H014,WH INFORMA JABABEKA
R110260329L018_H014,CDD LONG CHASSIS,3100000,0,0,0,0,700000,3800000,H014 - WH INFORMA JABABEKA,PT. BINTANG SAMUDRA RAYA,7,ON SCHEDULE,27,0,26.04.2026,29.03.2026,31.03.2026,14.04.2026,14.04.2026,14.04.2026,21.04.2026,,H014,WH INFORMA JABABEKA
R110260329L019_H014,CDD LONG CHASSIS,1400000,0,0,0,0,700000,2100000,H014 - WH INFORMA JABABEKA,PT. BINTANG SAMUDRA RAYA,7,ON SCHEDULE,27,0,26.04.2026,29.03.2026,30.03.2026,14.04.2026,14.04.2026,14.04.2026,21.04.2026,,H014,WH INFORMA JABABEKA
R110260329L019_H014,CDD LONG CHASSIS,1400000,0,0,0,0,700000,2100000,H014 - WH INFORMA JABABEKA,PT. BINTANG SAMUDRA RAYA,7,ON SCHEDULE,27,0,26.04.2026,29.03.2026,30.03.2026,14.04.2026,14.04.2026,14.04.2026,21.04.2026,,H014,WH INFORMA JABABEKA
R110260329L019_H014,CDD LONG CHASSIS,1400000,0,0,0,0,700000,2100000,H014 - WH INFORMA JABABEKA,PT. BINTANG SAMUDRA RAYA,7,ON SCHEDULE,27,0,26.04.2026,29.03.2026,30.03.2026,14.04.2026,14.04.2026,14.04.2026,21.04.2026,,H014,WH INFORMA JABABEKA
R110260329L024_H014,CDD LONG CHASSIS,1400000,0,0,0,0,700000,2100000,H014 - WH INFORMA JABABEKA,PT. BINTANG SAMUDRA RAYA,7,ON SCHEDULE,27,0,26.04.2026,29.03.2026,30.03.2026,14.04.2026,14.04.2026,14.04.2026,21.04.2026,,H014,WH INFORMA JABABEKA
R110260329L024_H014,CDD LONG CHASSIS,1400000,0,0,0,0,700000,2100000,H014 - WH INFORMA JABABEKA,PT. BINTANG SAMUDRA RAYA,7,ON SCHEDULE,27,0,26.04.2026,29.03.2026,30.03.2026,14.04.2026,14.04.2026,14.04.2026,21.04.2026,,H014,WH INFORMA JABABEKA
R110260329L024_H014,CDD LONG CHASSIS,1400000,0,0,0,0,700000,2100000,H014 - WH INFORMA JABABEKA,PT. BINTANG SAMUDRA RAYA,7,ON SCHEDULE,27,0,26.04.2026,29.03.2026,30.03.2026,14.04.2026,14.04.2026,14.04.2026,21.04.2026,,H014,WH INFORMA JABABEKA
R110260329L025_H014,CDD LONG CHASSIS,3800000,0,0,0,0,1800000,5600000,H014 - WH INFORMA JABABEKA,PT. CEHA LOGISTIK CEMERLANG,7,ON SCHEDULE,28,0,28.04.2026,30.03.2026,31.03.2026,31.03.2026,01.04.2026,02.04.2026,06.04.2026,,H014,WH INFORMA JABABEKA
R110260329L042_H014,CDD LONG CHASSIS,1400000,0,0,0,0,700000,2100000,H014 - WH INFORMA JABABEKA,PT. BINTANG SAMUDRA RAYA,7,ON SCHEDULE,26,0,26.04.2026,30.03.2026,31.03.2026,20.04.2026,21.04.2026,21.04.2026,21.04.2026,,H014,WH INFORMA JABABEKA
R110260329L042_H014,CDD LONG CHASSIS,1400000,0,0,0,0,700000,2100000,H014 - WH INFORMA JABABEKA,PT. BINTANG SAMUDRA RAYA,7,ON SCHEDULE,26,0,26.04.2026,30.03.2026,31.03.2026,20.04.2026,21.04.2026,21.04.2026,21.04.2026,,H014,WH INFORMA JABABEKA
R110260329L042_H014,CDD LONG CHASSIS,1400000,0,0,0,0,700000,2100000,H014 - WH INFORMA JABABEKA,PT. BINTANG SAMUDRA RAYA,7,ON SCHEDULE,26,0,26.04.2026,30.03.2026,31.03.2026,20.04.2026,21.04.2026,21.04.2026,21.04.2026,,H014,WH INFORMA JABABEKA
R110260329L044_H014,CDD LONG CHASSIS,3950000,0,0,0,0,1800000,5750000,H014 - WH INFORMA JABABEKA,PT. CEHA LOGISTIK CEMERLANG,7,ON SCHEDULE,28,0,27.04.2026,29.03.2026,31.03.2026,02.04.2026,02.04.2026,09.04.2026,09.04.2026,,H014,WH INFORMA JABABEKA
R110260329L047_H014,CDD LONG CHASSIS,1400000,0,0,0,200000,700000,2300000,H014 - WH INFORMA JABABEKA,PT. BINTANG SAMUDRA RAYA,7,ON SCHEDULE,27,0,27.04.2026,30.03.2026,31.03.2026,17.04.2026,19.04.2026,20.04.2026,20.04.2026,,H014,WH INFORMA JABABEKA
R110260329L047_H014,CDD LONG CHASSIS,1400000,0,0,0,200000,700000,2300000,H014 - WH INFORMA JABABEKA,PT. BINTANG SAMUDRA RAYA,7,ON SCHEDULE,27,0,27.04.2026,30.03.2026,31.03.2026,17.04.2026,19.04.2026,20.04.2026,20.04.2026,,H014,WH INFORMA JABABEKA
R110260329L047_H014,CDD LONG CHASSIS,1400000,0,0,0,200000,700000,2300000,H014 - WH INFORMA JABABEKA,PT. BINTANG SAMUDRA RAYA,7,ON SCHEDULE,27,0,27.04.2026,30.03.2026,31.03.2026,17.04.2026,19.04.2026,20.04.2026,20.04.2026,,H014,WH INFORMA JABABEKA
R110260329L056_H014,WINGBOX,10700000,0,0,0,400000,900000,12000000,H014 - WH INFORMA JABABEKA,PT. BINTANG SAMUDRA RAYA,7,ON SCHEDULE,29,0,28.04.2026,29.03.2026,31.03.2026,16.04.2026,17.04.2026,17.04.2026,17.04.2026,,H014,WH INFORMA JABABEKA
R110260329L068_H014,CDD LONG CHASSIS,3900000,0,0,0,0,1800000,5700000,H014 - WH INFORMA JABABEKA,PT. CEHA LOGISTIK CEMERLANG,7,ON SCHEDULE,30,0,30.04.2026,30.03.2026,31.03.2026,02.04.2026,02.04.2026,02.04.2026,06.04.2026,,H014,WH INFORMA JABABEKA
R110260329L070_H014,CDD LONG CHASSIS,1800000,0,0,0,0,0,1800000,H014 - WH INFORMA JABABEKA,PT. ANTAR JARINGAN SEPANJANG JALAN,7,ON SCHEDULE,27,0,27.04.2026,30.03.2026,30.03.2026,02.04.2026,02.04.2026,08.04.2026,13.04.2026,,H014,WH INFORMA JABABEKA
R110260329L071_H014,CDD LONG CHASSIS,1900000,0,0,0,75000,0,1975000,H014 - WH INFORMA JABABEKA,PT. ANTAR JARINGAN SEPANJANG JALAN,7,ON SCHEDULE,27,0,26.04.2026,29.03.2026,30.03.2026,02.04.2026,02.04.2026,08.04.2026,13.04.2026,,H014,WH INFORMA JABABEKA
R110260329L086_H014,CDD LONG CHASSIS,1400000,0,0,0,0,700000,2100000,H014 - WH INFORMA JABABEKA,PT. BINTANG SAMUDRA RAYA,7,ON SCHEDULE,26,0,26.04.2026,30.03.2026,31.03.2026,20.04.2026,21.04.2026,21.04.2026,21.04.2026,,H014,WH INFORMA JABABEKA
R110260329L086_H014,CDD LONG CHASSIS,1400000,0,0,0,0,700000,2100000,H014 - WH INFORMA JABABEKA,PT. BINTANG SAMUDRA RAYA,7,ON SCHEDULE,26,0,26.04.2026,30.03.2026,31.03.2026,20.04.2026,21.04.2026,21.04.2026,21.04.2026,,H014,WH INFORMA JABABEKA
R110260329L086_H014,CDD LONG CHASSIS,1400000,0,0,0,0,700000,2100000,H014 - WH INFORMA JABABEKA,PT. BINTANG SAMUDRA RAYA,7,ON SCHEDULE,26,0,26.04.2026,30.03.2026,31.03.2026,20.04.2026,21.04.2026,21.04.2026,21.04.2026,,H014,WH INFORMA JABABEKA
R110260329T017_H014,CONT-20,16600000,0,0,0,0,800000,17400000,H014 - WH INFORMA JABABEKA,PT. TPIL LOGISTICS,7,ON SCHEDULE,46,0,15.05.2026,29.03.2026,19.04.2026,24.06.2026,25.06.2026,25.06.2026,26.06.2026,,H014,WH INFORMA JABABEKA
R110260329T017_H014,CONT-20,16600000,0,0,0,0,800000,17400000,H014 - WH INFORMA JABABEKA,PT. TPIL LOGISTICS,7,ON SCHEDULE,46,0,15.05.2026,29.03.2026,19.04.2026,24.06.2026,25.06.2026,25.06.2026,26.06.2026,,H014,WH INFORMA JABABEKA
R110260329T029_H014,WINGBOX,5650000,0,0,0,0,500000,6150000,H014 - WH INFORMA JABABEKA,PT. DUTA MEDIA MANDIRI,7,ON SCHEDULE,29,0,29.04.2026,30.03.2026,04.04.2026,08.04.2026,08.04.2026,09.04.2026,10.04.2026,,H014,WH INFORMA JABABEKA
R110260329T036_H014,CONT-20,12900000,0,0,400000,0,1500000,14800000,H014 - WH INFORMA JABABEKA,PT. MITRA INTERTRANS FORWARDING,7,ON SCHEDULE,42,0,13.05.2026,31.03.2026,,11.05.2026,12.05.2026,12.05.2026,12.05.2026,,H014,WH INFORMA JABABEKA
R110260329T037_H014,CONT-20,12900000,0,0,400000,0,1500000,14800000,H014 - WH INFORMA JABABEKA,PT. MITRA INTERTRANS FORWARDING,7,ON SCHEDULE,42,0,13.05.2026,31.03.2026,,11.05.2026,12.05.2026,12.05.2026,12.05.2026,,H014,WH INFORMA JABABEKA
R110260329T038_H014,WINGBOX,5650000,0,0,0,0,500000,6150000,H014 - WH INFORMA JABABEKA,PT. DUTA MEDIA MANDIRI,7,ON SCHEDULE,29,0,29.04.2026,30.03.2026,04.04.2026,08.04.2026,08.04.2026,09.04.2026,10.04.2026,,H014,WH INFORMA JABABEKA
R110260330D137_H014,CDD LONG CHASSIS,1200000,0,0,0,0,0,1200000,H014 - WH INFORMA JABABEKA,PT. ANTAR JARINGAN SEPANJANG JALAN,7,ON SCHEDULE,26,0,26.04.2026,30.03.2026,31.03.2026,02.04.2026,02.04.2026,08.04.2026,13.04.2026,,H014,WH INFORMA JABABEKA
R110260330D138_H014,CDD LONG CHASSIS,1200000,0,0,0,0,0,1200000,H014 - WH INFORMA JABABEKA,PT. ANTAR JARINGAN SEPANJANG JALAN,7,ON SCHEDULE,26,0,26.04.2026,30.03.2026,31.03.2026,02.04.2026,02.04.2026,08.04.2026,13.04.2026,,H014,WH INFORMA JABABEKA
R110260330D139_H014,CDD LONG CHASSIS,1200000,0,0,0,0,0,1200000,H014 - WH INFORMA JABABEKA,PT. ANTAR JARINGAN SEPANJANG JALAN,7,ON SCHEDULE,26,0,26.04.2026,30.03.2026,31.03.2026,02.04.2026,02.04.2026,08.04.2026,13.04.2026,,H014,WH INFORMA JABABEKA
R110260330D140_H014,CDD LONG CHASSIS,1200000,0,0,0,0,0,1200000,H014 - WH INFORMA JABABEKA,PT. ANTAR JARINGAN SEPANJANG JALAN,7,ON SCHEDULE,26,0,26.04.2026,30.03.2026,31.03.2026,02.04.2026,02.04.2026,08.04.2026,13.04.2026,,H014,WH INFORMA JABABEKA
R110260330D141_H014,CDD LONG CHASSIS,1300000,0,0,0,0,0,1300000,H014 - WH INFORMA JABABEKA,PT. ANTAR JARINGAN SEPANJANG JALAN,7,ON SCHEDULE,26,0,26.04.2026,30.03.2026,17.06.2026,17.06.2026,18.06.2026,25.06.2026,01.07.2026,,H014,WH INFORMA JABABEKA
R110260330D154_H014,CDD LONG CHASSIS,1300000,0,0,0,75000,0,1375000,H014 - WH INFORMA JABABEKA,PT. ANTAR JARINGAN SEPANJANG JALAN,7,ON SCHEDULE,26,0,26.04.2026,30.03.2026,31.03.2026,02.04.2026,02.04.2026,08.04.2026,13.04.2026,,H014,WH INFORMA JABABEKA
R110260330D155_H014,CDD LONG CHASSIS,1700000,0,0,0,75000,0,1775000,H014 - WH INFORMA JABABEKA,PT. ANTAR JARINGAN SEPANJANG JALAN,7,ON SCHEDULE,27,0,27.04.2026,30.03.2026,31.03.2026,02.04.2026,02.04.2026,08.04.2026,13.04.2026,,H014,WH INFORMA JABABEKA
R110260330H008_H014,WINGBOX,4500000,0,0,0,0,1800000,6300000,H014 - WH INFORMA JABABEKA,PT. CEHA LOGISTIK CEMERLANG,7,ON SCHEDULE,29,0,29.04.2026,30.03.2026,31.03.2026,02.04.2026,02.04.2026,02.04.2026,06.04.2026,,H014,WH INFORMA JABABEKA
R110260330H021_H014,WINGBOX,4500000,0,0,0,0,1800000,6300000,H014 - WH INFORMA JABABEKA,PT. CEHA LOGISTIK CEMERLANG,7,ON SCHEDULE,29,0,29.04.2026,30.03.2026,31.03.2026,02.04.2026,02.04.2026,02.04.2026,06.04.2026,,H014,WH INFORMA JABABEKA
R110260330H023_H014,WINGBOX,4825000,0,0,0,0,1800000,6625000,H014 - WH INFORMA JABABEKA,PT. CEHA LOGISTIK CEMERLANG,7,ON SCHEDULE,29,0,29.04.2026,30.03.2026,04.04.2026,06.04.2026,06.04.2026,09.04.2026,09.04.2026,,H014,WH INFORMA JABABEKA
R110260330H024_H014,WINGBOX,1998000,0,0,0,0,0,1998000,H014 - WH INFORMA JABABEKA,PT. ARDYA PRIMA INTERNUSA,7,ON SCHEDULE,27,0,27.04.2026,30.03.2026,31.03.2026,09.04.2026,09.04.2026,09.04.2026,13.04.2026,,H014,WH INFORMA JABABEKA
R110260330H039_H014,CDD LONG CHASSIS,2850000,0,0,0,0,0,2850000,H014 - WH INFORMA JABABEKA,PT. BINTANG SAMUDRA RAYA,7,ON SCHEDULE,28,0,28.04.2026,30.03.2026,31.03.2026,08.04.2026,08.04.2026,13.04.2026,14.04.2026,,H014,WH INFORMA JABABEKA
R110260330H040_H014,WINGBOX,2599000,0,0,0,0,0,2599000,H014 - WH INFORMA JABABEKA,PT. DUTA MEDIA MANDIRI,7,ON SCHEDULE,27,0,27.04.2026,30.03.2026,31.03.2026,01.04.2026,02.04.2026,09.04.2026,10.04.2026,,H014,WH INFORMA JABABEKA
R110260330H041_H014,WINGBOX,0,0,0,0,0,24676796,24676796,H014 - WH INFORMA JABABEKA,PT. SOLUSI LAYANAN DIGITAL,7,ON SCHEDULE,29,0,29.04.2026,30.03.2026,04.04.2026,17.04.2026,25.04.2026,27.04.2026,27.04.2026,,H014,WH INFORMA JABABEKA
R110260330H042_H014,WINGBOX,1998000,0,0,0,0,0,1998000,H014 - WH INFORMA JABABEKA,PT. ARDYA PRIMA INTERNUSA,7,ON SCHEDULE,27,0,27.04.2026,30.03.2026,31.03.2026,09.04.2026,09.04.2026,09.04.2026,13.04.2026,,H014,WH INFORMA JABABEKA
R110260330H051_H014,CDD LONG CHASSIS,2200000,0,0,0,0,0,2200000,H014 - WH INFORMA JABABEKA,PT. AGUNG MAKMUR JAYA,7,ON SCHEDULE,27,0,27.04.2026,30.03.2026,31.03.2026,01.04.2026,01.04.2026,13.04.2026,14.04.2026,,H014,WH INFORMA JABABEKA
R110260330H055_H014,CDD LONG CHASSIS,3500000,0,0,0,0,1800000,5300000,H014 - WH INFORMA JABABEKA,PT. CEHA LOGISTIK CEMERLANG,7,ON SCHEDULE,29,0,29.04.2026,30.03.2026,03.04.2026,06.04.2026,06.04.2026,09.04.2026,09.04.2026,,H014,WH INFORMA JABABEKA
R110260330H067_H014,CDD LONG CHASSIS,1400000,0,0,0,0,700000,2100000,H014 - WH INFORMA JABABEKA,PT. BINTANG SAMUDRA RAYA,7,ON SCHEDULE,27,0,27.04.2026,30.03.2026,31.03.2026,09.04.2026,09.04.2026,13.04.2026,15.04.2026,,H014,WH INFORMA JABABEKA
R110260330H067_H014,CDD LONG CHASSIS,1400000,0,0,0,0,700000,2100000,H014 - WH INFORMA JABABEKA,PT. BINTANG SAMUDRA RAYA,7,ON SCHEDULE,27,0,27.04.2026,30.03.2026,31.03.2026,09.04.2026,09.04.2026,13.04.2026,15.04.2026,,H014,WH INFORMA JABABEKA
R110260330H067_H014,CDD LONG CHASSIS,1400000,0,0,0,0,700000,2100000,H014 - WH INFORMA JABABEKA,PT. BINTANG SAMUDRA RAYA,7,ON SCHEDULE,27,0,27.04.2026,30.03.2026,31.03.2026,09.04.2026,09.04.2026,13.04.2026,15.04.2026,,H014,WH INFORMA JABABEKA
R110260330H074_H014,CDD LONG CHASSIS,2850000,0,0,0,0,0,2850000,H014 - WH INFORMA JABABEKA,PT. BINTANG SAMUDRA RAYA,7,ON SCHEDULE,28,0,28.04.2026,30.03.2026,31.03.2026,13.04.2026,13.04.2026,13.04.2026,20.04.2026,,H014,WH INFORMA JABABEKA
R110260330H075_H014,CDD LONG CHASSIS,2850000,0,0,0,0,0,2850000,H014 - WH INFORMA JABABEKA,PT. BINTANG SAMUDRA RAYA,7,ON SCHEDULE,28,0,28.04.2026,30.03.2026,31.03.2026,08.04.2026,08.04.2026,13.04.2026,14.04.2026,,H014,WH INFORMA JABABEKA
R110260330H076_H014,CDD LONG CHASSIS,3500000,0,0,0,0,0,3500000,H014 - WH INFORMA JABABEKA,PT. AGUNG MAKMUR JAYA,7,ON SCHEDULE,29,0,30.04.2026,31.03.2026,03.04.2026,07.04.2026,07.04.2026,10.04.2026,06.05.2026,,H014,WH INFORMA JABABEKA
R110260330H077_H014,CDD LONG CHASSIS,12300000,0,0,0,0,0,12300000,H014 - WH INFORMA JABABEKA,PT. ADI SARANA ARMADA TBK,7,ON SCHEDULE,29,0,30.04.2026,31.03.2026,04.04.2026,21.04.2026,21.04.2026,23.04.2026,05.05.2026,,H014,WH INFORMA JABABEKA
R110260330H079_H014,CDD LONG CHASSIS,5750000,0,0,0,0,0,5750000,H014 - WH INFORMA JABABEKA,PT. DUTA LINTAS NUSA,7,ON SCHEDULE,28,0,29.04.2026,31.03.2026,03.04.2026,27.04.2026,28.04.2026,11.05.2026,21.05.2026,,H014,WH INFORMA JABABEKA
R110260330H080_H014,CDD LONG CHASSIS,5800000,0,0,0,0,0,5800000,H014 - WH INFORMA JABABEKA,PT. AGUNG MAKMUR JAYA,7,ON SCHEDULE,28,0,29.04.2026,31.03.2026,03.04.2026,07.04.2026,07.04.2026,13.04.2026,14.04.2026,,H014,WH INFORMA JABABEKA
R110260330H081_H014,CDD LONG CHASSIS,5750000,0,0,0,0,0,5750000,H014 - WH INFORMA JABABEKA,PT. DUTA LINTAS NUSA,7,ON SCHEDULE,28,0,29.04.2026,31.03.2026,03.04.2026,21.05.2026,22.05.2026,25.05.2026,29.05.2026,,H014,WH INFORMA JABABEKA
R110260330L054_H014,CDD BAK,5175000,0,0,0,0,0,5175000,H014 - WH INFORMA JABABEKA,PT. HARI JAYA TRANSPORTASI,7,ON SCHEDULE,28,0,28.04.2026,30.03.2026,04.04.2026,10.04.2026,10.04.2026,16.04.2026,16.04.2026,,H014,WH INFORMA JABABEKA
R110260330L073_H014,CDD LONG CHASSIS,5800000,0,0,0,0,0,5800000,H014 - WH INFORMA JABABEKA,PT. AGUNG MAKMUR JAYA,7,ON SCHEDULE,28,0,29.04.2026,31.03.2026,03.04.2026,07.04.2026,07.04.2026,10.04.2026,14.04.2026,,H014,WH INFORMA JABABEKA
R110260330T001_H014,CONT-40,25600000,0,0,0,0,800000,26400000,H014 - WH INFORMA JABABEKA,PT. SENTOSAPRIMA ABADI,7,ON SCHEDULE,37,0,25.04.2026,18.03.2026,04.04.2026,12.05.2026,12.05.2026,20.05.2026,20.05.2026,,H014,WH INFORMA JABABEKA
R110260330T002_H014,CONT-40,24600000,0,0,0,0,800000,25400000,H014 - WH INFORMA JABABEKA,PT. TPIL LOGISTICS,7,ON SCHEDULE,37,0,06.05.2026,29.03.2026,10.04.2026,24.06.2026,25.06.2026,25.06.2026,25.06.2026,,H014,WH INFORMA JABABEKA
R110260330T002_H014,CONT-40,24600000,0,0,0,0,800000,25400000,H014 - WH INFORMA JABABEKA,PT. TPIL LOGISTICS,7,ON SCHEDULE,37,0,06.05.2026,29.03.2026,10.04.2026,24.06.2026,25.06.2026,25.06.2026,25.06.2026,,H014,WH INFORMA JABABEKA
R110260330T003_H014,CONT-40,24200000,0,0,0,0,800000,25000000,H014 - WH INFORMA JABABEKA,PT. SENTOSAPRIMA ABADI,7,ON SCHEDULE,40,0,07.05.2026,27.03.2026,08.04.2026,15.05.2026,17.05.2026,18.05.2026,18.05.2026,,H014,WH INFORMA JABABEKA
R110260330T005_H014,WINGBOX,5650000,0,0,0,0,0,5650000,H014 - WH INFORMA JABABEKA,PT. DUTA MEDIA MANDIRI,7,ON SCHEDULE,29,0,29.04.2026,30.03.2026,04.04.2026,08.04.2026,08.04.2026,09.04.2026,10.04.2026,,H014,WH INFORMA JABABEKA
R110260330T006_H014,WINGBOX,6700000,0,0,0,0,0,6700000,H014 - WH INFORMA JABABEKA,PT.DHANESWARA EXPRES,7,ON SCHEDULE,29,0,29.04.2026,30.03.2026,04.04.2026,10.04.2026,10.04.2026,13.04.2026,13.04.2026,,H014,WH INFORMA JABABEKA
R110260330T009_H014,CONT-40,25600000,0,0,0,0,0,25600000,H014 - WH INFORMA JABABEKA,PT. SENTOSAPRIMA ABADI,7,ON SCHEDULE,37,0,08.05.2026,31.03.2026,14.04.2026,26.05.2026,26.05.2026,29.05.2026,29.05.2026,,H014,WH INFORMA JABABEKA
R110260330T015_H014,CONT-40,24200000,0,0,0,0,800000,25000000,H014 - WH INFORMA JABABEKA,PT. SENTOSAPRIMA ABADI,7,ON SCHEDULE,40,0,07.05.2026,27.03.2026,08.04.2026,15.05.2026,17.05.2026,20.05.2026,20.05.2026,,H014,WH INFORMA JABABEKA
R110260330T025_H014,CONT-40,23000000,0,0,1000000,0,0,24000000,H014 - WH INFORMA JABABEKA,PT. WIDYA TRANS CARGO,7,ON SCHEDULE,42,0,13.05.2026,31.03.2026,08.04.2026,27.04.2026,28.04.2026,05.05.2026,05.05.2026,,H014,WH INFORMA JABABEKA
R110260330T026_H014,CONT-40,23000000,0,0,1000000,0,0,24000000,H014 - WH INFORMA JABABEKA,PT. WIDYA TRANS CARGO,7,ON SCHEDULE,42,0,13.05.2026,31.03.2026,08.04.2026,27.04.2026,28.04.2026,05.05.2026,05.05.2026,,H014,WH INFORMA JABABEKA
R110260330T028_H014,CONT-40,31500000,0,0,0,0,0,31500000,H014 - WH INFORMA JABABEKA,PT. PAUS BIRU LOGISTIK,7,ON SCHEDULE,40,0,11.05.2026,31.03.2026,14.04.2026,13.05.2026,13.05.2026,18.05.2026,26.05.2026,,H014,WH INFORMA JABABEKA
R110260330T031_H014,WINGBOX,6700000,0,0,0,0,0,6700000,H014 - WH INFORMA JABABEKA,PT.DHANESWARA EXPRES,7,ON SCHEDULE,29,0,30.04.2026,31.03.2026,04.04.2026,10.04.2026,10.04.2026,13.04.2026,13.04.2026,,H014,WH INFORMA JABABEKA
R110260330T037_H014,CONT-40,24200000,0,0,0,0,800000,25000000,H014 - WH INFORMA JABABEKA,PT. SENTOSAPRIMA ABADI,7,ON SCHEDULE,40,0,07.05.2026,27.03.2026,08.04.2026,17.06.2026,17.06.2026,19.06.2026,19.06.2026,,H014,WH INFORMA JABABEKA
R110260330T039_H014,WINGBOX,6700000,0,0,0,0,0,6700000,H014 - WH INFORMA JABABEKA,PT.DHANESWARA EXPRES,7,ON SCHEDULE,29,0,30.04.2026,31.03.2026,04.04.2026,10.04.2026,10.04.2026,13.04.2026,13.04.2026,,H014,WH INFORMA JABABEKA
R110260330T040_H014,WINGBOX,6600000,0,0,0,0,0,6600000,H014 - WH INFORMA JABABEKA,PT. JAYA MULYA ERALINDO,7,ON SCHEDULE,29,0,30.04.2026,31.03.2026,04.04.2026,10.04.2026,10.04.2026,10.04.2026,10.04.2026,,H014,WH INFORMA JABABEKA
R110260330T041_H014,WINGBOX,6600000,0,0,0,0,0,6600000,H014 - WH INFORMA JABABEKA,PT. JAYA MULYA ERALINDO,7,ON SCHEDULE,29,0,30.04.2026,31.03.2026,04.04.2026,10.04.2026,10.04.2026,10.04.2026,10.04.2026,,H014,WH INFORMA JABABEKA
R110260330T042_H014,WINGBOX,6600000,0,0,0,0,0,6600000,H014 - WH INFORMA JABABEKA,PT. JAYA MULYA ERALINDO,7,ON SCHEDULE,29,0,30.04.2026,31.03.2026,04.04.2026,10.04.2026,10.04.2026,10.04.2026,10.04.2026,,H014,WH INFORMA JABABEKA
R110260330T044_H014,WINGBOX,6600000,0,0,0,0,0,6600000,H014 - WH INFORMA JABABEKA,PT. JAYA MULYA ERALINDO,7,ON SCHEDULE,29,0,29.04.2026,30.03.2026,04.04.2026,10.04.2026,10.04.2026,10.04.2026,10.04.2026,,H014,WH INFORMA JABABEKA
R110260330T047_H014,WINGBOX,6600000,0,0,0,0,0,6600000,H014 - WH INFORMA JABABEKA,PT. CATUR GLOBAL LOGISTIK,7,ON SCHEDULE,29,0,30.04.2026,31.03.2026,04.04.2026,13.04.2026,14.04.2026,14.04.2026,14.04.2026,,H014,WH INFORMA JABABEKA
R110260330T048_H014,CONT-40,31500000,0,0,0,0,0,31500000,H014 - WH INFORMA JABABEKA,PT. PAUS BIRU LOGISTIK,7,ON SCHEDULE,40,0,11.05.2026,31.03.2026,14.04.2026,13.05.2026,13.05.2026,18.05.2026,26.05.2026,,H014,WH INFORMA JABABEKA
R110260330T049_H014,CONT-40,31500000,0,0,0,0,0,31500000,H014 - WH INFORMA JABABEKA,PT. PAUS BIRU LOGISTIK,7,ON SCHEDULE,40,0,11.05.2026,31.03.2026,14.04.2026,13.05.2026,13.05.2026,18.05.2026,26.05.2026,,H014,WH INFORMA JABABEKA
R110260330T053_H014,CONT-20,11000000,0,0,0,0,0,11000000,H014 - WH INFORMA JABABEKA,PT.FREIGHT EXPRESS,7,ON SCHEDULE,40,0,11.05.2026,31.03.2026,11.04.2026,21.04.2026,21.04.2026,21.04.2026,22.04.2026,,H014,WH INFORMA JABABEKA
R110260330T054_H014,CONT-40,24200000,0,0,0,0,0,24200000,H014 - WH INFORMA JABABEKA,PT. SENTOSAPRIMA ABADI,7,ON SCHEDULE,40,0,11.05.2026,31.03.2026,08.04.2026,11.05.2026,11.05.2026,13.05.2026,13.05.2026,,H014,WH INFORMA JABABEKA
R110260330T055_H014,CONT-40,24200000,0,0,0,0,0,24200000,H014 - WH INFORMA JABABEKA,PT. SENTOSAPRIMA ABADI,7,ON SCHEDULE,40,0,11.05.2026,31.03.2026,08.04.2026,11.05.2026,11.05.2026,13.05.2026,13.05.2026,,H014,WH INFORMA JABABEKA
R110260330T058_H014,CONT-40,24200000,0,0,0,0,800000,25000000,H014 - WH INFORMA JABABEKA,PT. SENTOSAPRIMA ABADI,6,LATE,40,127,09.05.2026,29.03.2026,08.04.2026,17.06.2026,17.06.2026,19.06.2026,31.07.2026,,H014,WH INFORMA JABABEKA
R110260330T059_H014,CONT-40,24200000,0,0,0,0,800000,25000000,H014 - WH INFORMA JABABEKA,PT. SENTOSAPRIMA ABADI,7,ON SCHEDULE,40,0,09.05.2026,29.03.2026,08.04.2026,17.06.2026,17.06.2026,19.06.2026,19.06.2026,,H014,WH INFORMA JABABEKA
R110260330T066_H014,CONT-40,24200000,0,0,0,0,0,24200000,H014 - WH INFORMA JABABEKA,PT. SENTOSAPRIMA ABADI,7,ON SCHEDULE,40,0,11.05.2026,31.03.2026,08.04.2026,11.05.2026,11.05.2026,13.05.2026,13.05.2026,,H014,WH INFORMA JABABEKA
R110260330T074_H014,CONT-20,14050000,0,0,0,0,0,14050000,H014 - WH INFORMA JABABEKA,PT. MITRA INTERTRANS FORWARDING,7,ON SCHEDULE,40,0,11.05.2026,31.03.2026,08.04.2026,18.05.2026,18.05.2026,18.05.2026,18.05.2026,,H014,WH INFORMA JABABEKA
R110260330T075_H014,CONT-20,14050000,0,0,0,0,0,14050000,H014 - WH INFORMA JABABEKA,PT. MITRA INTERTRANS FORWARDING,7,ON SCHEDULE,40,0,11.05.2026,31.03.2026,08.04.2026,18.05.2026,18.05.2026,18.05.2026,18.05.2026,,H014,WH INFORMA JABABEKA
R110260330T121_H014,WINGBOX,6600000,0,0,0,0,0,6600000,H014 - WH INFORMA JABABEKA,PT. JAYA MULYA ERALINDO,7,ON SCHEDULE,29,0,30.04.2026,31.03.2026,04.04.2026,10.04.2026,10.04.2026,10.04.2026,10.04.2026,,H014,WH INFORMA JABABEKA
R110260330T127_H014,WINGBOX,6600000,0,0,0,0,0,6600000,H014 - WH INFORMA JABABEKA,PT. JAYA MULYA ERALINDO,7,ON SCHEDULE,29,0,29.04.2026,30.03.2026,04.04.2026,10.04.2026,10.04.2026,10.04.2026,10.04.2026,,H014,WH INFORMA JABABEKA
R110260331H026_H014,CDD LONG CHASSIS,4900000,0,0,0,0,0,4900000,H014 - WH INFORMA JABABEKA,PT.ORANG KREATIF EKSIS,7,ON SCHEDULE,28,0,29.04.2026,31.03.2026,03.04.2026,10.04.2026,10.04.2026,17.04.2026,17.04.2026,,H014,WH INFORMA JABABEKA
R110260331H027_H014,WINGBOX,4500000,0,0,0,0,1800000,6300000,H014 - WH INFORMA JABABEKA,PT. CEHA LOGISTIK CEMERLANG,7,ON SCHEDULE,29,0,30.04.2026,31.03.2026,04.04.2026,06.04.2026,06.04.2026,09.04.2026,09.04.2026,,H014,WH INFORMA JABABEKA
R110260331H028_H014,WINGBOX,3500000,0,0,0,0,0,3500000,H014 - WH INFORMA JABABEKA,PT. BINTANG SAMUDRA RAYA,7,ON SCHEDULE,29,0,30.04.2026,31.03.2026,04.04.2026,08.04.2026,08.04.2026,13.04.2026,14.04.2026,,H014,WH INFORMA JABABEKA
R110260331H032_H014,WINGBOX,2599000,0,0,0,0,0,2599000,H014 - WH INFORMA JABABEKA,PT. DUTA MEDIA MANDIRI,7,ON SCHEDULE,27,0,28.04.2026,31.03.2026,04.04.2026,08.04.2026,08.04.2026,09.04.2026,10.04.2026,,H014,WH INFORMA JABABEKA
R110260331H033_H014,CDD LONG CHASSIS,2400000,0,0,0,0,0,2400000,H014 - WH INFORMA JABABEKA,PT. AGUNG MAKMUR JAYA,7,ON SCHEDULE,27,0,28.04.2026,31.03.2026,03.04.2026,07.04.2026,07.04.2026,13.04.2026,14.04.2026,,H014,WH INFORMA JABABEKA
R110260331H058_H014,CDD LONG CHASSIS,9300000,0,0,0,0,0,9300000,H014 - WH INFORMA JABABEKA,PT. AGUNG MAKMUR JAYA,7,ON SCHEDULE,33,0,04.05.2026,31.03.2026,04.04.2026,07.04.2026,07.04.2026,10.04.2026,06.05.2026,,H014,WH INFORMA JABABEKA
R110260331H061_H014,WINGBOX,2350000,0,0,0,0,0,2350000,H014 - WH INFORMA JABABEKA,PT. BINTANG SAMUDRA RAYA,7,ON SCHEDULE,27,0,28.04.2026,31.03.2026,04.04.2026,13.04.2026,13.04.2026,13.04.2026,20.04.2026,,H014,WH INFORMA JABABEKA
R110260331H063_H014,WINGBOX,4500000,0,0,0,0,1800000,6300000,H014 - WH INFORMA JABABEKA,PT. CEHA LOGISTIK CEMERLANG,7,ON SCHEDULE,29,0,30.04.2026,31.03.2026,04.04.2026,06.04.2026,06.04.2026,09.04.2026,09.04.2026,,H014,WH INFORMA JABABEKA
R110260331H064_H014,CDD LONG CHASSIS,2250000,0,0,0,0,0,2250000,H014 - WH INFORMA JABABEKA,PT. BINTANG SAMUDRA RAYA,7,ON SCHEDULE,27,0,28.04.2026,31.03.2026,03.04.2026,08.04.2026,08.04.2026,13.04.2026,14.04.2026,,H014,WH INFORMA JABABEKA
R110260331H065_H014,CDD LONG CHASSIS,2850000,0,0,0,0,0,2850000,H014 - WH INFORMA JABABEKA,PT. BINTANG SAMUDRA RAYA,7,ON SCHEDULE,28,0,29.04.2026,31.03.2026,03.04.2026,08.04.2026,08.04.2026,13.04.2026,14.04.2026,,H014,WH INFORMA JABABEKA
R110260331H070_H014,CDD LONG CHASSIS,5800000,0,0,0,0,0,5800000,H014 - WH INFORMA JABABEKA,PT. AGUNG MAKMUR JAYA,7,ON SCHEDULE,28,0,29.04.2026,31.03.2026,03.04.2026,07.04.2026,07.04.2026,10.04.2026,06.05.2026,,H014,WH INFORMA JABABEKA
R110260331H073_H014,CDD LONG CHASSIS,2250000,0,0,0,0,0,2250000,H014 - WH INFORMA JABABEKA,PT. BINTANG SAMUDRA RAYA,7,ON SCHEDULE,27,0,28.04.2026,31.03.2026,03.04.2026,08.04.2026,08.04.2026,13.04.2026,14.04.2026,,H014,WH INFORMA JABABEKA
R110260331H075_H014,CDD LONG CHASSIS,4900000,0,0,0,0,0,4900000,H014 - WH INFORMA JABABEKA,PT.ORANG KREATIF EKSIS,7,ON SCHEDULE,28,0,29.04.2026,31.03.2026,03.04.2026,10.04.2026,10.04.2026,17.04.2026,17.04.2026,,H014,WH INFORMA JABABEKA
R110260331H076_H014,CDD LONG CHASSIS,2850000,0,0,0,0,0,2850000,H014 - WH INFORMA JABABEKA,PT. BINTANG SAMUDRA RAYA,7,ON SCHEDULE,28,0,29.04.2026,31.03.2026,03.04.2026,08.04.2026,08.04.2026,13.04.2026,14.04.2026,,H014,WH INFORMA JABABEKA
R110260331H077_H014,CDD LONG CHASSIS,2850000,0,0,0,0,0,2850000,H014 - WH INFORMA JABABEKA,PT. BINTANG SAMUDRA RAYA,7,ON SCHEDULE,28,0,29.04.2026,31.03.2026,03.04.2026,08.04.2026,08.04.2026,13.04.2026,14.04.2026,,H014,WH INFORMA JABABEKA
R110260331L036_H014,CDD LONG CHASSIS,3500000,0,0,0,0,1800000,5300000,H014 - WH INFORMA JABABEKA,PT. CEHA LOGISTIK CEMERLANG,7,ON SCHEDULE,28,0,29.04.2026,31.03.2026,03.04.2026,06.04.2026,06.04.2026,09.04.2026,09.04.2026,,H014,WH INFORMA JABABEKA
R110260331T036_H014,CONT-40,8750000,0,0,0,0,0,8750000,H014 - WH INFORMA JABABEKA,PT. CIKARANG GERBANG SOLUSI,6,LATE,29,125,30.04.2026,31.03.2026,06.04.2026,25.06.2026,25.06.2026,22.07.2026,22.07.2026,,H014,WH INFORMA JABABEKA
R110260331T038_H014,WINGBOX,6600000,0,0,0,0,0,6600000,H014 - WH INFORMA JABABEKA,PT. JAYA MULYA ERALINDO,7,ON SCHEDULE,29,0,30.04.2026,31.03.2026,04.04.2026,10.04.2026,10.04.2026,10.04.2026,10.04.2026,,H014,WH INFORMA JABABEKA
R110260331T048_H014,WINGBOX,6600000,0,0,0,0,0,6600000,H014 - WH INFORMA JABABEKA,PT. JAYA MULYA ERALINDO,7,ON SCHEDULE,29,0,30.04.2026,31.03.2026,04.04.2026,10.04.2026,10.04.2026,10.04.2026,10.04.2026,,H014,WH INFORMA JABABEKA
R110260331T049_H014,CONT-40,8750000,0,0,0,0,0,8750000,H014 - WH INFORMA JABABEKA,PT. CIKARANG GERBANG SOLUSI,6,LATE,29,125,30.04.2026,31.03.2026,06.04.2026,25.06.2026,25.06.2026,22.07.2026,22.07.2026,,H014,WH INFORMA JABABEKA
R110260331T067_H014,CONT-40,8750000,0,0,0,0,0,8750000,H014 - WH INFORMA JABABEKA,PT. CIKARANG GERBANG SOLUSI,6,LATE,29,125,30.04.2026,31.03.2026,06.04.2026,25.06.2026,25.06.2026,22.07.2026,22.07.2026,,H014,WH INFORMA JABABEKA
R110260331T068_H014,CONT-40,8750000,0,0,0,0,0,8750000,H014 - WH INFORMA JABABEKA,PT. CIKARANG GERBANG SOLUSI,6,LATE,29,125,30.04.2026,31.03.2026,06.04.2026,25.06.2026,25.06.2026,22.07.2026,22.07.2026,,H014,WH INFORMA JABABEKA
R120260228B004_T001,CDD LONG CHASSIS,8250000,0,0,0,300000,0,8550000,T001 - WH TGI JABABEKA,PT. BINTANG SAMUDRA RAYA,7,ON SCHEDULE,28,0,31.03.2026,02.03.2026,06.03.2026,16.04.2026,16.04.2026,16.04.2026,08.05.2026,,T001,WH TGI JABABEKA
R120260228B005_T001,CDD LONG CHASSIS,4700000,0,0,0,300000,0,5000000,T001 - WH TGI JABABEKA,PT. BINTANG SAMUDRA RAYA,7,ON SCHEDULE,26,0,30.03.2026,03.03.2026,06.03.2026,16.04.2026,16.04.2026,16.04.2026,08.05.2026,,T001,WH TGI JABABEKA
R120260302B002_T001,CDD LONG CHASSIS,3600000,0,0,0,300000,0,3900000,T001 - WH TGI JABABEKA,PT. BINTANG SAMUDRA RAYA,7,ON SCHEDULE,26,0,31.03.2026,04.03.2026,06.03.2026,16.04.2026,16.04.2026,16.04.2026,08.05.2026,,T001,WH TGI JABABEKA
R120260304B001_T001,CONT-20,14600000,0,0,0,0,0,14600000,T001 - WH TGI JABABEKA,PT. TPIL LOGISTICS,7,ON SCHEDULE,41,0,27.04.2026,16.03.2026,26.03.2026,06.04.2026,07.04.2026,30.04.2026,30.06.2026,,T001,WH TGI JABABEKA
R120260306B002_T001,CDD LONG CHASSIS,5980000,0,0,0,580000,0,6560000,T001 - WH TGI JABABEKA,PT. DUTA LINTAS NUSA,7,ON SCHEDULE,26,0,27.04.2026,31.03.2026,31.03.2026,23.04.2026,23.04.2026,05.05.2026,11.05.2026,,T001,WH TGI JABABEKA
R120260306B003_T001,CDD LONG CHASSIS,3500000,0,0,0,0,0,3500000,T001 - WH TGI JABABEKA,PT. CEHA LOGISTIK CEMERLANG,7,ON SCHEDULE,29,0,09.04.2026,10.03.2026,12.03.2026,13.03.2026,14.03.2026,07.04.2026,29.04.2026,,T001,WH TGI JABABEKA
R120260309B001_T001,CDD,0,0,0,0,0,0,0,T001 - WH TGI JABABEKA,PT. JASATAMA DIRGANTARA EKSPRES,2,LATE,8,140,26.03.2026,17.03.2026,26.03.2026,,,,,,T001,WH TGI JABABEKA
R120260309B002_T001,CDD LONG CHASSIS,3500000,0,0,0,0,0,3500000,T001 - WH TGI JABABEKA,PT. CEHA LOGISTIK CEMERLANG,7,ON SCHEDULE,28,0,08.04.2026,10.03.2026,12.03.2026,13.03.2026,14.03.2026,07.04.2026,29.04.2026,,T001,WH TGI JABABEKA
R120260309B005_T001,CDD LONG CHASSIS,3600000,0,0,0,300000,700000,4600000,T001 - WH TGI JABABEKA,PT. BINTANG SAMUDRA RAYA,7,ON SCHEDULE,26,0,08.04.2026,12.03.2026,14.03.2026,16.04.2026,17.04.2026,17.04.2026,17.04.2026,,T001,WH TGI JABABEKA
R120260309B005_T001,CDD LONG CHASSIS,3600000,0,0,0,300000,700000,4600000,T001 - WH TGI JABABEKA,PT. BINTANG SAMUDRA RAYA,7,ON SCHEDULE,26,0,08.04.2026,12.03.2026,14.03.2026,16.04.2026,17.04.2026,17.04.2026,17.04.2026,,T001,WH TGI JABABEKA
R120260309B005_T001,CDD LONG CHASSIS,3600000,0,0,0,300000,700000,4600000,T001 - WH TGI JABABEKA,PT. BINTANG SAMUDRA RAYA,7,ON SCHEDULE,26,0,08.04.2026,12.03.2026,14.03.2026,16.04.2026,17.04.2026,17.04.2026,17.04.2026,,T001,WH TGI JABABEKA
R120260312B001_T001,CDD,0,0,0,0,0,0,0,T001 - WH TGI JABABEKA,PT. JASATAMA DIRGANTARA EKSPRES,2,LATE,10,140,28.03.2026,17.03.2026,26.03.2026,,,,,,T001,WH TGI JABABEKA
R120260316B001_T001,CDD LONG CHASSIS,1400000,0,0,0,200000,700000,2300000,T001 - WH TGI JABABEKA,PT. BINTANG SAMUDRA RAYA,7,ON SCHEDULE,28,0,17.04.2026,19.03.2026,30.03.2026,16.04.2026,16.04.2026,16.04.2026,16.04.2026,,T001,WH TGI JABABEKA
R120260316B002_T001,CDD LONG CHASSIS,1400000,0,0,0,200000,700000,2300000,T001 - WH TGI JABABEKA,PT. BINTANG SAMUDRA RAYA,7,ON SCHEDULE,28,0,16.04.2026,18.03.2026,30.03.2026,16.04.2026,17.04.2026,17.04.2026,17.04.2026,,T001,WH TGI JABABEKA
R120260325B001_T001,CDD LONG CHASSIS,5980000,0,0,0,290000,750000,7020000,T001 - WH TGI JABABEKA,PT. DUTA LINTAS NUSA,7,ON SCHEDULE,30,0,27.04.2026,27.03.2026,30.03.2026,18.05.2026,18.05.2026,18.05.2026,18.05.2026,,T001,WH TGI JABABEKA
R120260326B002_T001,CDD LONG CHASSIS,12300000,0,0,0,0,0,12300000,T001 - WH TGI JABABEKA,PT. ADI SARANA ARMADA TBK,7,ON SCHEDULE,30,0,01.05.2026,31.03.2026,04.04.2026,21.04.2026,23.04.2026,27.04.2026,21.05.2026,,T001,WH TGI JABABEKA
R120260327B001_T001,WINGBOX,10700000,0,0,0,400000,0,11100000,T001 - WH TGI JABABEKA,PT. BINTANG SAMUDRA RAYA,7,ON SCHEDULE,28,0,29.04.2026,31.03.2026,08.04.2026,16.04.2026,16.04.2026,16.04.2026,16.04.2026,,T001,WH TGI JABABEKA
R120260327B003_T001,CDD LONG CHASSIS,3900000,0,0,0,750000,1800000,6450000,T001 - WH TGI JABABEKA,PT. CEHA LOGISTIK CEMERLANG,7,ON SCHEDULE,26,0,27.04.2026,31.03.2026,08.04.2026,08.04.2026,10.04.2026,16.04.2026,16.04.2026,,T001,WH TGI JABABEKA