,,,,,,,,,,,,End To End Performance,,,,Shipping Instruction Updating Date & Status,,,,,,,Key,
LC,Jenis Armada,Price,Inap Loading,Inap Bongkar,Buruh Bongkar,Multidrop,Other,Total Price,Supplying Site,Name Vendor,Last Status,Performance,Standard (Days),Actual (Days),Deadline,1=NEW,2=RECEIVE,3=CONFIRM,4=VALIDATE,5=BILLED,6=SENT,7=PAID,Code Supply,Name Supply
F100260404B002,CDD LONG CHASSIS,4700000,0,0,0,0,0,4700000,F001 - WH FBI JABABEKA	FBI,PT. BINTANG SAMUDRA RAYA,7,ON SCHEDULE,26,0,07.06.2026,11.05.2026,12.05.2026,20.05.2026,20.05.2026,02.07.2026,02.07.2026,,F001,WH FBI JABABEKA	FBI
F100260427B001,CDD LONG CHASSIS,11200000,0,0,0,0,0,11200000,F001 - WH FBI JABABEKA	FBI,PT. AGUNG MAKMUR JAYA,7,ON SCHEDULE,26,0,28.05.2026,01.05.2026,12.05.2026,12.05.2026,13.05.2026,18.05.2026,18.05.2026,,F001,WH FBI JABABEKA	FBI
F100260427L016,WINGBOX,5650000,0,0,0,0,0,5650000,F001 - WH FBI JABABEKA	FBI,PT. DUTA MEDIA MANDIRI,7,ON SCHEDULE,29,0,01.06.2026,02.05.2026,12.05.2026,18.05.2026,18.05.2026,19.05.2026,19.05.2026,,F001,WH FBI JABABEKA	FBI
F100260429B002,CDD LONG CHASSIS,1400000,0,0,0,0,0,1400000,F001 - WH FBI JABABEKA	FBI,PT. BINTANG SAMUDRA RAYA,6,LATE,28,89,05.06.2026,07.05.2026,12.05.2026,16.07.2026,17.07.2026,21.07.2026,22.07.2026,,F001,WH FBI JABABEKA	FBI
F100260429L075,FUSO,3680000,0,0,0,0,0,3680000,F001 - WH FBI JABABEKA	FBI,PT.SIASAT CEPAT MUDA,7,ON SCHEDULE,29,0,02.06.2026,03.05.2026,12.05.2026,12.05.2026,12.05.2026,18.05.2026,18.05.2026,,F001,WH FBI JABABEKA	FBI
F100260502L055,WINGBOX,4255000,0,0,0,0,0,4255000,F001 - WH FBI JABABEKA	FBI,PT.SIASAT CEPAT MUDA,7,ON SCHEDULE,28,0,31.05.2026,02.05.2026,12.05.2026,12.05.2026,12.05.2026,18.05.2026,18.05.2026,,F001,WH FBI JABABEKA	FBI
F100260502L056,FUSO,14950000,0,0,0,0,0,14950000,F001 - WH FBI JABABEKA	FBI,PT. DUTA LINTAS NUSA,7,ON SCHEDULE,30,0,03.06.2026,03.05.2026,12.05.2026,03.06.2026,04.06.2026,17.06.2026,19.06.2026,,F001,WH FBI JABABEKA	FBI
F100260502L058,CDD LONG CHASSIS,1400000,0,0,0,0,0,1400000,F001 - WH FBI JABABEKA	FBI,PT. BINTANG SAMUDRA RAYA,7,ON SCHEDULE,28,0,03.06.2026,05.05.2026,12.05.2026,20.05.2026,20.05.2026,22.05.2026,25.05.2026,,F001,WH FBI JABABEKA	FBI
F100260504L023,CDD LONG CHASSIS,1750000,0,0,0,0,0,1750000,F001 - WH FBI JABABEKA	FBI,PT. DUTA MEDIA MANDIRI,7,ON SCHEDULE,27,0,01.06.2026,04.05.2026,12.05.2026,18.05.2026,18.05.2026,19.05.2026,19.05.2026,,F001,WH FBI JABABEKA	FBI
F100260504L026,CDD LONG CHASSIS,12400000,0,0,0,500000,0,12900000,F001 - WH FBI JABABEKA	FBI,PT.ORANG KREATIF EKSIS,7,ON SCHEDULE,30,0,04.06.2026,04.05.2026,12.05.2026,19.05.2026,19.05.2026,21.05.2026,21.05.2026,,F001,WH FBI JABABEKA	FBI
F100260504L030,CDD LONG CHASSIS,3500000,0,0,0,0,0,3500000,F001 - WH FBI JABABEKA	FBI,PT. AGUNG MAKMUR JAYA,7,ON SCHEDULE,28,0,02.06.2026,04.05.2026,12.05.2026,12.05.2026,12.05.2026,20.05.2026,20.05.2026,,F001,WH FBI JABABEKA	FBI
F100260505L072,WINGBOX,6600000,0,0,0,0,0,6600000,F001 - WH FBI JABABEKA	FBI,PT. JAYA MULYA ERALINDO,7,ON SCHEDULE,29,0,05.06.2026,06.05.2026,12.05.2026,19.05.2026,20.05.2026,20.05.2026,20.05.2026,,F001,WH FBI JABABEKA	FBI
F100260505L076,WINGBOX,6500000,0,0,0,0,0,6500000,F001 - WH FBI JABABEKA	FBI,PT.AMANAH TRANSMULIA MANDIRI LOGISTIK,7,ON SCHEDULE,29,0,06.06.2026,07.05.2026,12.05.2026,12.05.2026,12.05.2026,19.05.2026,19.05.2026,,F001,WH FBI JABABEKA	FBI
F100260506L060,WINGBOX,5650000,0,0,0,0,0,5650000,F001 - WH FBI JABABEKA	FBI,PT. DUTA MEDIA MANDIRI,7,ON SCHEDULE,29,0,05.06.2026,06.05.2026,12.05.2026,18.05.2026,18.05.2026,19.05.2026,19.05.2026,,F001,WH FBI JABABEKA	FBI
F100260506L072,CONT-40,14700000,0,0,0,0,0,14700000,F001 - WH FBI JABABEKA	FBI,PT. DAYA EKA SAMUDERA JAKARTA,7,ON SCHEDULE,40,0,17.06.2026,07.05.2026,01.06.2026,02.06.2026,03.06.2026,03.06.2026,03.06.2026,,F001,WH FBI JABABEKA	FBI
F100260506L079,CDD LONG CHASSIS,3500000,0,0,0,0,0,3500000,F001 - WH FBI JABABEKA	FBI,PT. CEHA LOGISTIK CEMERLANG,7,ON SCHEDULE,29,0,05.06.2026,06.05.2026,12.05.2026,12.05.2026,12.05.2026,19.05.2026,19.05.2026,,F001,WH FBI JABABEKA	FBI
F100260507L041,WINGBOX,5650000,0,0,0,0,0,5650000,F001 - WH FBI JABABEKA	FBI,PT. DUTA MEDIA MANDIRI,7,ON SCHEDULE,29,0,07.06.2026,08.05.2026,12.05.2026,18.05.2026,18.05.2026,19.05.2026,19.05.2026,,F001,WH FBI JABABEKA	FBI
F100260508L074,CDD LONG CHASSIS,12400000,0,0,0,500000,0,12900000,F001 - WH FBI JABABEKA	FBI,PT.ORANG KREATIF EKSIS,7,ON SCHEDULE,30,0,08.06.2026,08.05.2026,14.05.2026,19.05.2026,19.05.2026,21.05.2026,21.05.2026,,F001,WH FBI JABABEKA	FBI
F100260509L054,CDD LONG CHASSIS,3500000,0,0,0,0,0,3500000,F001 - WH FBI JABABEKA	FBI,PT. AGUNG MAKMUR JAYA,7,ON SCHEDULE,28,0,07.06.2026,09.05.2026,12.05.2026,12.05.2026,12.05.2026,20.05.2026,22.05.2026,,F001,WH FBI JABABEKA	FBI
F100260509L076,CDD LONG CHASSIS,4900000,0,0,0,0,0,4900000,F001 - WH FBI JABABEKA	FBI,PT.ORANG KREATIF EKSIS,7,ON SCHEDULE,28,0,07.06.2026,09.05.2026,12.05.2026,19.05.2026,19.05.2026,21.05.2026,21.05.2026,,F001,WH FBI JABABEKA	FBI
F100260509L078,CDD LONG CHASSIS,1725000,0,0,0,0,0,1725000,F001 - WH FBI JABABEKA	FBI,PT. BINTANG SAMUDRA RAYA,7,ON SCHEDULE,27,0,06.06.2026,09.05.2026,12.05.2026,20.05.2026,20.05.2026,22.05.2026,25.05.2026,,F001,WH FBI JABABEKA	FBI
F100260511L049,WINGBOX,6700000,0,0,0,0,0,6700000,F001 - WH FBI JABABEKA	FBI,PT.DHANESWARA EXPRES,7,ON SCHEDULE,29,0,10.06.2026,11.05.2026,17.05.2026,29.05.2026,29.05.2026,02.06.2026,02.06.2026,,F001,WH FBI JABABEKA	FBI
F100260511L054,WINGBOX,6700000,0,0,0,0,0,6700000,F001 - WH FBI JABABEKA	FBI,PT.DHANESWARA EXPRES,7,ON SCHEDULE,29,0,10.06.2026,11.05.2026,17.05.2026,29.05.2026,29.05.2026,02.06.2026,02.06.2026,,F001,WH FBI JABABEKA	FBI
F100260511L056,CDD LONG CHASSIS,3500000,0,0,0,0,0,3500000,F001 - WH FBI JABABEKA	FBI,PT. AGUNG MAKMUR JAYA,7,ON SCHEDULE,28,0,09.06.2026,11.05.2026,14.05.2026,18.05.2026,18.05.2026,22.05.2026,22.05.2026,,F001,WH FBI JABABEKA	FBI
F100260512L045,CONT-40,27200000,0,0,0,0,0,27200000,F001 - WH FBI JABABEKA	FBI,PT. SENTOSAPRIMA ABADI,6,LATE,40,83,22.06.2026,12.05.2026,24.05.2026,10.07.2026,10.07.2026,15.07.2026,15.07.2026,,F001,WH FBI JABABEKA	FBI
F100260513L071,FUSO,3680000,0,0,0,0,0,3680000,F001 - WH FBI JABABEKA	FBI,PT.SIASAT CEPAT MUDA,7,ON SCHEDULE,29,0,12.06.2026,13.05.2026,17.05.2026,18.05.2026,18.05.2026,18.05.2026,19.06.2026,,F001,WH FBI JABABEKA	FBI
F100260514L086,CDD LONG CHASSIS,12500000,0,0,0,500000,0,13000000,F001 - WH FBI JABABEKA	FBI,PT.ORANG KREATIF EKSIS,6,LATE,29,79,15.06.2026,16.05.2026,29.06.2026,29.06.2026,30.06.2026,08.07.2026,08.07.2026,,F001,WH FBI JABABEKA	FBI
F100260514L089,CDD LONG CHASSIS,12400000,0,0,0,500000,0,12900000,F001 - WH FBI JABABEKA	FBI,PT.ORANG KREATIF EKSIS,7,ON SCHEDULE,30,0,14.06.2026,14.05.2026,19.05.2026,25.05.2026,25.05.2026,04.06.2026,04.06.2026,,F001,WH FBI JABABEKA	FBI
F100260514L090,CDD LONG CHASSIS,3500000,0,0,0,0,0,3500000,F001 - WH FBI JABABEKA	FBI,PT. CEHA LOGISTIK CEMERLANG,7,ON SCHEDULE,29,0,13.06.2026,14.05.2026,17.05.2026,18.05.2026,19.05.2026,19.05.2026,19.05.2026,,F001,WH FBI JABABEKA	FBI
F100260516L076,FUSO,11450000,0,0,0,0,0,11450000,F001 - WH FBI JABABEKA	FBI,PT LOGISTIK CANGGIH INDONESIA,7,ON SCHEDULE,30,0,16.06.2026,16.05.2026,21.05.2026,02.06.2026,03.06.2026,26.06.2026,26.06.2026,,F001,WH FBI JABABEKA	FBI
F100260519L051,WINGBOX,5650000,0,0,0,0,0,5650000,F001 - WH FBI JABABEKA	FBI,PT. DUTA MEDIA MANDIRI,7,ON SCHEDULE,29,0,18.06.2026,19.05.2026,24.05.2026,26.05.2026,26.05.2026,26.05.2026,26.05.2026,,F001,WH FBI JABABEKA	FBI
F100260520B001,CONT-20,0,0,0,0,0,0,0,F001 - WH FBI JABABEKA	FBI,PT. MITRA INTERTRANS FORWARDING,2,LATE,6,72,30.05.2026,23.05.2026,19.06.2026,,,,,,F001,WH FBI JABABEKA	FBI
F100260520L081,WINGBOX,6500000,0,0,0,0,0,6500000,F001 - WH FBI JABABEKA	FBI,PT.AMANAH TRANSMULIA MANDIRI LOGISTIK,7,ON SCHEDULE,29,0,19.06.2026,20.05.2026,24.05.2026,26.05.2026,26.05.2026,02.06.2026,04.06.2026,,F001,WH FBI JABABEKA	FBI
F100260521L061,CDD LONG CHASSIS,1725000,0,0,0,0,0,1725000,F001 - WH FBI JABABEKA	FBI,PT. BINTANG SAMUDRA RAYA,7,ON SCHEDULE,27,0,18.06.2026,21.05.2026,24.05.2026,05.06.2026,06.06.2026,12.06.2026,12.06.2026,,F001,WH FBI JABABEKA	FBI
F100260521L083,WINGBOX,7200000,0,0,0,0,0,7200000,F001 - WH FBI JABABEKA	FBI,PT. JAYA MULYA ERALINDO,7,ON SCHEDULE,29,0,23.06.2026,24.05.2026,30.05.2026,11.06.2026,11.06.2026,18.06.2026,18.06.2026,,F001,WH FBI JABABEKA	FBI
F100260522B003,CDD LONG CHASSIS,4000000,0,0,0,0,0,4000000,F001 - WH FBI JABABEKA	FBI,PT. JEJE HARAPAN TRANSINDO,6,LATE,26,71,20.06.2026,24.05.2026,27.05.2026,13.07.2026,13.07.2026,14.07.2026,30.07.2026,,F001,WH FBI JABABEKA	FBI
F100260522L067,CDD LONG CHASSIS,12400000,0,0,0,500000,0,12900000,F001 - WH FBI JABABEKA	FBI,PT.ORANG KREATIF EKSIS,7,ON SCHEDULE,30,0,25.06.2026,25.05.2026,01.06.2026,05.06.2026,05.06.2026,15.06.2026,15.06.2026,,F001,WH FBI JABABEKA	FBI
F100260523L078,WINGBOX,5600000,0,0,0,0,0,5600000,F001 - WH FBI JABABEKA	FBI,PT. BINTANG SAMUDRA RAYA,7,ON SCHEDULE,29,0,24.06.2026,25.05.2026,27.05.2026,05.06.2026,06.06.2026,12.06.2026,12.06.2026,,F001,WH FBI JABABEKA	FBI
F100260523L079,CDD LONG CHASSIS,3500000,0,0,0,0,0,3500000,F001 - WH FBI JABABEKA	FBI,PT. AGUNG MAKMUR JAYA,7,ON SCHEDULE,28,0,21.06.2026,23.05.2026,27.05.2026,02.06.2026,03.06.2026,15.06.2026,15.06.2026,,F001,WH FBI JABABEKA	FBI
F100260525L052,WINGBOX,5650000,0,0,0,0,0,5650000,F001 - WH FBI JABABEKA	FBI,PT. DUTA MEDIA MANDIRI,7,ON SCHEDULE,29,0,24.06.2026,25.05.2026,15.06.2026,17.06.2026,18.06.2026,19.06.2026,23.06.2026,,F001,WH FBI JABABEKA	FBI
F100260526L031,CONT-20,16100000,0,0,0,0,0,16100000,F001 - WH FBI JABABEKA	FBI,PT. SENTOSAPRIMA ABADI,6,LATE,40,69,06.07.2026,26.05.2026,23.06.2026,13.07.2026,13.07.2026,14.07.2026,14.07.2026,,F001,WH FBI JABABEKA	FBI
F100260526L101,WINGBOX,7560000,0,0,0,0,0,7560000,F001 - WH FBI JABABEKA	FBI,PT. JAYA MULYA ERALINDO,7,ON SCHEDULE,29,0,25.06.2026,26.05.2026,30.05.2026,10.06.2026,11.06.2026,11.06.2026,11.06.2026,,F001,WH FBI JABABEKA	FBI
F100260527L063,FUSO,3680000,0,0,0,0,0,3680000,F001 - WH FBI JABABEKA	FBI,PT.SIASAT CEPAT MUDA,7,ON SCHEDULE,29,0,26.06.2026,27.05.2026,30.05.2026,04.06.2026,04.06.2026,05.06.2026,10.06.2026,,F001,WH FBI JABABEKA	FBI
F100260528L087,CDD LONG CHASSIS,4900000,0,0,0,0,0,4900000,F001 - WH FBI JABABEKA	FBI,PT.ORANG KREATIF EKSIS,7,ON SCHEDULE,27,0,25.06.2026,28.05.2026,01.06.2026,05.06.2026,05.06.2026,15.06.2026,15.06.2026,,F001,WH FBI JABABEKA	FBI
F100260529L084,CDD LONG CHASSIS,12400000,0,0,0,500000,0,12900000,F001 - WH FBI JABABEKA	FBI,PT.ORANG KREATIF EKSIS,7,ON SCHEDULE,30,0,29.06.2026,29.05.2026,03.06.2026,08.06.2026,09.06.2026,15.06.2026,15.06.2026,,F001,WH FBI JABABEKA	FBI
I100260112L007_S001,CDD PICK UP,315000,0,0,0,0,0,315000,S001 - WH KLS JABABEKA,PT. MERPATI ALAM SEMESTA,6,LATE,27,73,20.06.2026,23.05.2026,23.05.2026,18.06.2026,23.06.2026,25.06.2026,06.07.2026,,S001,WH KLS JABABEKA
I100260112L007_S001,CDD PICK UP,315000,0,0,0,0,0,315000,S001 - WH KLS JABABEKA,PT. MERPATI ALAM SEMESTA,6,LATE,27,73,20.06.2026,23.05.2026,23.05.2026,18.06.2026,23.06.2026,25.06.2026,06.07.2026,,S001,WH KLS JABABEKA
I100260311L011_S001,FUSO,0,0,0,0,0,0,0,S001 - WH KLS JABABEKA,BEPA IKA PEKASA,2,LATE,7,73,31.05.2026,23.05.2026,23.05.2026,,,,,,S001,WH KLS JABABEKA
I100260311L013_S001,FUSO,0,0,0,0,0,0,0,S001 - WH KLS JABABEKA,BEPA IKA PEKASA,2,LATE,7,73,30.05.2026,22.05.2026,23.05.2026,,,,,,S001,WH KLS JABABEKA
I100260314L084_S001,MINI VAN BOX,65800,0,0,0,0,0,65800,S001 - WH KLS JABABEKA,FIRST LOGISTICS,7,ON SCHEDULE,27,0,30.05.2026,02.05.2026,11.05.2026,12.06.2026,17.06.2026,18.06.2026,22.06.2026,,S001,WH KLS JABABEKA
I100260314L084_S001,MINI VAN BOX,65800,0,0,0,0,0,65800,S001 - WH KLS JABABEKA,FIRST LOGISTICS,7,ON SCHEDULE,27,0,30.05.2026,02.05.2026,11.05.2026,12.06.2026,17.06.2026,18.06.2026,22.06.2026,,S001,WH KLS JABABEKA
I100260317L069_S001,MINI VAN BOX,77000,0,0,0,0,0,77000,S001 - WH KLS JABABEKA,FIRST LOGISTICS,7,ON SCHEDULE,27,0,30.05.2026,02.05.2026,11.05.2026,12.06.2026,17.06.2026,18.06.2026,22.06.2026,,S001,WH KLS JABABEKA
I100260317L069_S001,MINI VAN BOX,77000,0,0,0,0,0,77000,S001 - WH KLS JABABEKA,FIRST LOGISTICS,7,ON SCHEDULE,27,0,30.05.2026,02.05.2026,11.05.2026,12.06.2026,17.06.2026,18.06.2026,22.06.2026,,S001,WH KLS JABABEKA
I100260318L064_S001,MINI VAN BOX,21900,0,0,0,0,0,21900,S001 - WH KLS JABABEKA,FIRST LOGISTICS,7,ON SCHEDULE,27,0,30.05.2026,02.05.2026,11.05.2026,12.06.2026,18.06.2026,18.06.2026,22.06.2026,,S001,WH KLS JABABEKA
I100260318L064_S001,MINI VAN BOX,21900,0,0,0,0,0,21900,S001 - WH KLS JABABEKA,FIRST LOGISTICS,7,ON SCHEDULE,27,0,30.05.2026,02.05.2026,11.05.2026,12.06.2026,18.06.2026,18.06.2026,22.06.2026,,S001,WH KLS JABABEKA
I100260327L023_S001,CDD PICK UP,1500000,0,0,0,0,0,1500000,S001 - WH KLS JABABEKA,PT. Nusantara Cargo Line,7,ON SCHEDULE,27,0,10.06.2026,13.05.2026,13.05.2026,19.05.2026,20.05.2026,22.05.2026,22.05.2026,,S001,WH KLS JABABEKA
I100260327L023_S001,CDD PICK UP,1500000,0,0,0,0,0,1500000,S001 - WH KLS JABABEKA,PT. Nusantara Cargo Line,7,ON SCHEDULE,27,0,10.06.2026,13.05.2026,13.05.2026,19.05.2026,20.05.2026,22.05.2026,22.05.2026,,S001,WH KLS JABABEKA
I100260327L044_S001,CDE PICKUP,900000,0,0,0,0,0,900000,S001 - WH KLS JABABEKA,PT. Nusantara Cargo Line,7,ON SCHEDULE,27,0,10.06.2026,13.05.2026,13.05.2026,19.05.2026,20.05.2026,22.05.2026,22.05.2026,,S001,WH KLS JABABEKA
I100260327L044_S001,CDE PICKUP,900000,0,0,0,0,0,900000,S001 - WH KLS JABABEKA,PT. Nusantara Cargo Line,7,ON SCHEDULE,27,0,10.06.2026,13.05.2026,13.05.2026,19.05.2026,20.05.2026,22.05.2026,22.05.2026,,S001,WH KLS JABABEKA
I100260327L057_S001,CDE PICKUP,0,0,0,0,0,0,0,S001 - WH KLS JABABEKA,PT. Nusantara Cargo Line,1,LATE,1,73,24.05.2026,22.05.2026,,,,,,,S001,WH KLS JABABEKA
I100260331L085_S001,CDD PICK UP,423000,0,0,0,0,0,423000,S001 - WH KLS JABABEKA,PT. MERPATI ALAM SEMESTA,7,ON SCHEDULE,27,0,30.05.2026,02.05.2026,11.05.2026,26.05.2026,27.05.2026,03.06.2026,03.06.2026,,S001,WH KLS JABABEKA
I100260331L085_S001,CDD PICK UP,423000,0,0,0,0,0,423000,S001 - WH KLS JABABEKA,PT. MERPATI ALAM SEMESTA,7,ON SCHEDULE,27,0,30.05.2026,02.05.2026,11.05.2026,26.05.2026,27.05.2026,03.06.2026,03.06.2026,,S001,WH KLS JABABEKA
I100260401L047_S001,CONT-20,15800000,0,0,300000,0,0,16100000,S001 - WH KLS JABABEKA,PT. SENTOSA PRIMA ABADI,7,ON SCHEDULE,39,0,11.06.2026,02.05.2026,11.05.2026,10.06.2026,14.06.2026,17.06.2026,18.06.2026,,S001,WH KLS JABABEKA
I100260401L094_S001,CDD PICK UP,325000,0,0,0,0,0,325000,S001 - WH KLS JABABEKA,PT. Nusantara Cargo Line,7,ON SCHEDULE,27,0,10.06.2026,13.05.2026,13.05.2026,19.05.2026,20.05.2026,22.05.2026,22.05.2026,,S001,WH KLS JABABEKA
I100260401L094_S001,CDD PICK UP,325000,0,0,0,0,0,325000,S001 - WH KLS JABABEKA,PT. Nusantara Cargo Line,7,ON SCHEDULE,27,0,10.06.2026,13.05.2026,13.05.2026,19.05.2026,20.05.2026,22.05.2026,22.05.2026,,S001,WH KLS JABABEKA
I100260402L078_S001,CDE PICKUP,1000000,0,0,0,0,0,1000000,S001 - WH KLS JABABEKA,PT. MERPATI ALAM SEMESTA,7,ON SCHEDULE,27,0,30.05.2026,02.05.2026,11.05.2026,26.05.2026,28.05.2026,03.06.2026,03.06.2026,,S001,WH KLS JABABEKA
I100260402L078_S001,CDE PICKUP,1000000,0,0,0,0,0,1000000,S001 - WH KLS JABABEKA,PT. MERPATI ALAM SEMESTA,7,ON SCHEDULE,27,0,30.05.2026,02.05.2026,11.05.2026,26.05.2026,28.05.2026,03.06.2026,03.06.2026,,S001,WH KLS JABABEKA
I100260402L082_S001,CDE PICKUP,650000,0,0,0,0,0,650000,S001 - WH KLS JABABEKA,PT. MERPATI ALAM SEMESTA,6,LATE,27,93,30.05.2026,02.05.2026,11.05.2026,20.07.2026,24.07.2026,27.07.2026,28.07.2026,,S001,WH KLS JABABEKA
I100260402L082_S001,CDE PICKUP,650000,0,0,0,0,0,650000,S001 - WH KLS JABABEKA,PT. MERPATI ALAM SEMESTA,6,LATE,27,93,30.05.2026,02.05.2026,11.05.2026,20.07.2026,24.07.2026,27.07.2026,28.07.2026,,S001,WH KLS JABABEKA
I100260402L118_S001,CDE PICKUP,580000,0,0,0,0,0,580000,S001 - WH KLS JABABEKA,PT. MERPATI ALAM SEMESTA,7,ON SCHEDULE,27,0,30.05.2026,02.05.2026,11.05.2026,26.05.2026,28.05.2026,03.06.2026,09.06.2026,,S001,WH KLS JABABEKA
I100260402L118_S001,CDE PICKUP,580000,0,0,0,0,0,580000,S001 - WH KLS JABABEKA,PT. MERPATI ALAM SEMESTA,7,ON SCHEDULE,27,0,30.05.2026,02.05.2026,11.05.2026,26.05.2026,28.05.2026,03.06.2026,09.06.2026,,S001,WH KLS JABABEKA
I100260408L145_S001,CDE PICKUP,1210000,0,0,0,0,0,1210000,S001 - WH KLS JABABEKA,PT. Nusantara Cargo Line,7,ON SCHEDULE,27,0,10.06.2026,13.05.2026,14.05.2026,19.05.2026,20.05.2026,22.05.2026,22.05.2026,,S001,WH KLS JABABEKA
I100260408L145_S001,CDE PICKUP,1210000,0,0,0,0,0,1210000,S001 - WH KLS JABABEKA,PT. Nusantara Cargo Line,7,ON SCHEDULE,27,0,10.06.2026,13.05.2026,14.05.2026,19.05.2026,20.05.2026,22.05.2026,22.05.2026,,S001,WH KLS JABABEKA
I100260408L151_S001,CDE PICKUP,4642000,0,0,0,0,0,4642000,S001 - WH KLS JABABEKA,PT. Nusantara Cargo Line,7,ON SCHEDULE,27,0,10.06.2026,13.05.2026,14.05.2026,19.05.2026,20.05.2026,22.05.2026,22.05.2026,,S001,WH KLS JABABEKA
I100260408L151_S001,CDE PICKUP,4642000,0,0,0,0,0,4642000,S001 - WH KLS JABABEKA,PT. Nusantara Cargo Line,7,ON SCHEDULE,27,0,10.06.2026,13.05.2026,14.05.2026,19.05.2026,20.05.2026,22.05.2026,22.05.2026,,S001,WH KLS JABABEKA
I100260410L021_S001,CDE,0,0,0,0,0,0,0,S001 - WH KLS JABABEKA,PT. MERPATI ALAM SEMESTA,1,LATE,1,90,07.05.2026,05.05.2026,,,,,,,S001,WH KLS JABABEKA
I100260410L127_S001,CDE PICKUP,600000,0,0,0,0,0,600000,S001 - WH KLS JABABEKA,PT. Nusantara Cargo Line,7,ON SCHEDULE,27,0,10.06.2026,13.05.2026,14.05.2026,19.05.2026,20.05.2026,22.05.2026,22.05.2026,,S001,WH KLS JABABEKA
I100260410L127_S001,CDE PICKUP,600000,0,0,0,0,0,600000,S001 - WH KLS JABABEKA,PT. Nusantara Cargo Line,7,ON SCHEDULE,27,0,10.06.2026,13.05.2026,14.05.2026,19.05.2026,20.05.2026,22.05.2026,22.05.2026,,S001,WH KLS JABABEKA
I100260417L076_S001,FUSO,1266300,0,0,0,0,0,1266300,S001 - WH KLS JABABEKA,BEPA IKA PEKASA,7,ON SCHEDULE,27,0,30.05.2026,02.05.2026,12.06.2026,18.06.2026,23.06.2026,23.06.2026,01.07.2026,,S001,WH KLS JABABEKA
I100260417L085_S001,CDE PICKUP,728000,0,0,0,0,0,728000,S001 - WH KLS JABABEKA,PT. Nusantara Cargo Line,7,ON SCHEDULE,27,0,30.05.2026,02.05.2026,13.05.2026,19.05.2026,20.05.2026,25.05.2026,25.05.2026,,S001,WH KLS JABABEKA
I100260417L085_S001,CDE PICKUP,728000,0,0,0,0,0,728000,S001 - WH KLS JABABEKA,PT. Nusantara Cargo Line,7,ON SCHEDULE,27,0,30.05.2026,02.05.2026,13.05.2026,19.05.2026,20.05.2026,25.05.2026,25.05.2026,,S001,WH KLS JABABEKA
I100260428L117_S001,MINI VAN BOX,0,0,0,0,0,0,0,S001 - WH KLS JABABEKA,FIRST LOGISTICS,2,LATE,7,94,10.05.2026,02.05.2026,14.06.2026,,,,,,S001,WH KLS JABABEKA
I100260428L119_S001,MINI VAN BOX,0,0,0,0,0,0,0,S001 - WH KLS JABABEKA,FIRST LOGISTICS,2,LATE,7,93,10.05.2026,02.05.2026,14.06.2026,,,,,,S001,WH KLS JABABEKA
I100260429L011_S001,MINI VAN BOX,0,0,0,0,0,0,0,S001 - WH KLS JABABEKA,FIRST LOGISTICS,2,LATE,7,93,10.05.2026,02.05.2026,14.06.2026,,,,,,S001,WH KLS JABABEKA
I100260429L019_S001,CONT-20,15050000,0,0,0,0,0,15050000,S001 - WH KLS JABABEKA,PT TPIL logistics,6,LATE,40,95,11.06.2026,01.05.2026,11.05.2026,13.07.2026,14.07.2026,15.07.2026,15.07.2026,,S001,WH KLS JABABEKA
I100260429L022_S001,CDD BAK,4100000,0,0,0,800000,0,4900000,S001 - WH KLS JABABEKA,PT. EKA CIPTA MANGGALA,7,ON SCHEDULE,28,0,31.05.2026,02.05.2026,11.05.2026,11.05.2026,12.05.2026,13.05.2026,13.05.2026,,S001,WH KLS JABABEKA
I100260429L022_S001,CDD BAK,4100000,0,0,0,800000,0,4900000,S001 - WH KLS JABABEKA,PT. EKA CIPTA MANGGALA,7,ON SCHEDULE,28,0,31.05.2026,02.05.2026,11.05.2026,11.05.2026,12.05.2026,13.05.2026,13.05.2026,,S001,WH KLS JABABEKA
I100260429L022_S001,CDD BAK,4100000,0,0,0,800000,0,4900000,S001 - WH KLS JABABEKA,PT. EKA CIPTA MANGGALA,7,ON SCHEDULE,28,0,31.05.2026,02.05.2026,11.05.2026,11.05.2026,12.05.2026,13.05.2026,13.05.2026,,S001,WH KLS JABABEKA
I100260429L022_S001,CDD BAK,4100000,0,0,0,800000,0,4900000,S001 - WH KLS JABABEKA,PT. EKA CIPTA MANGGALA,7,ON SCHEDULE,28,0,31.05.2026,02.05.2026,11.05.2026,11.05.2026,12.05.2026,13.05.2026,13.05.2026,,S001,WH KLS JABABEKA
I100260429L024_S001,CDD BAK,4500000,0,0,0,650000,0,5150000,S001 - WH KLS JABABEKA,PT. HARI JAYA SEJAHTERA,7,ON SCHEDULE,29,0,01.06.2026,02.05.2026,11.05.2026,19.05.2026,20.05.2026,21.05.2026,21.05.2026,,S001,WH KLS JABABEKA
I100260429L024_S001,CDD BAK,4500000,0,0,0,650000,0,5150000,S001 - WH KLS JABABEKA,PT. HARI JAYA SEJAHTERA,7,ON SCHEDULE,29,0,01.06.2026,02.05.2026,11.05.2026,19.05.2026,20.05.2026,21.05.2026,21.05.2026,,S001,WH KLS JABABEKA
I100260429L057_S001,CDE PICKUP,368500,0,0,0,0,0,368500,S001 - WH KLS JABABEKA,PT. Nusantara Cargo Line,7,ON SCHEDULE,27,0,30.05.2026,02.05.2026,13.05.2026,20.05.2026,20.05.2026,29.05.2026,29.05.2026,,S001,WH KLS JABABEKA
I100260429L057_S001,CDE PICKUP,368500,0,0,0,0,0,368500,S001 - WH KLS JABABEKA,PT. Nusantara Cargo Line,7,ON SCHEDULE,27,0,30.05.2026,02.05.2026,13.05.2026,20.05.2026,20.05.2026,29.05.2026,29.05.2026,,S001,WH KLS JABABEKA
I100260429L072_S001,CDE PICKUP,1852500,0,0,0,0,0,1852500,S001 - WH KLS JABABEKA,PT. Nusantara Cargo Line,7,ON SCHEDULE,27,0,29.05.2026,01.05.2026,13.05.2026,20.05.2026,20.05.2026,29.05.2026,29.05.2026,,S001,WH KLS JABABEKA
I100260429L072_S001,CDE PICKUP,1852500,0,0,0,0,0,1852500,S001 - WH KLS JABABEKA,PT. Nusantara Cargo Line,7,ON SCHEDULE,27,0,29.05.2026,01.05.2026,13.05.2026,20.05.2026,20.05.2026,29.05.2026,29.05.2026,,S001,WH KLS JABABEKA
I100260429L106_S001,CDE PICKUP,325000,0,0,0,0,0,325000,S001 - WH KLS JABABEKA,PT. Nusantara Cargo Line,7,ON SCHEDULE,27,0,30.05.2026,02.05.2026,13.05.2026,19.05.2026,20.05.2026,29.05.2026,29.05.2026,,S001,WH KLS JABABEKA
I100260429L106_S001,CDE PICKUP,325000,0,0,0,0,0,325000,S001 - WH KLS JABABEKA,PT. Nusantara Cargo Line,7,ON SCHEDULE,27,0,30.05.2026,02.05.2026,13.05.2026,19.05.2026,20.05.2026,29.05.2026,29.05.2026,,S001,WH KLS JABABEKA
I100260429L107_S001,CDE PICKUP,435000,0,0,0,0,0,435000,S001 - WH KLS JABABEKA,PT. Nusantara Cargo Line,7,ON SCHEDULE,27,0,30.05.2026,02.05.2026,13.05.2026,20.05.2026,20.05.2026,29.05.2026,29.05.2026,,S001,WH KLS JABABEKA
I100260429L107_S001,CDE PICKUP,435000,0,0,0,0,0,435000,S001 - WH KLS JABABEKA,PT. Nusantara Cargo Line,7,ON SCHEDULE,27,0,30.05.2026,02.05.2026,13.05.2026,20.05.2026,20.05.2026,29.05.2026,29.05.2026,,S001,WH KLS JABABEKA
I100260429L109_S001,CDE PICKUP,275000,0,0,0,0,0,275000,S001 - WH KLS JABABEKA,PT. Nusantara Cargo Line,7,ON SCHEDULE,27,0,30.05.2026,02.05.2026,13.05.2026,20.05.2026,20.05.2026,26.05.2026,26.05.2026,,S001,WH KLS JABABEKA
I100260429L109_S001,CDE PICKUP,275000,0,0,0,0,0,275000,S001 - WH KLS JABABEKA,PT. Nusantara Cargo Line,7,ON SCHEDULE,27,0,30.05.2026,02.05.2026,13.05.2026,20.05.2026,20.05.2026,26.05.2026,26.05.2026,,S001,WH KLS JABABEKA
I100260429L110_S001,CDE PICKUP,750000,0,0,0,0,0,750000,S001 - WH KLS JABABEKA,PT. Nusantara Cargo Line,7,ON SCHEDULE,27,0,30.05.2026,02.05.2026,13.05.2026,20.05.2026,20.05.2026,29.05.2026,29.05.2026,,S001,WH KLS JABABEKA
I100260429L110_S001,CDE PICKUP,750000,0,0,0,0,0,750000,S001 - WH KLS JABABEKA,PT. Nusantara Cargo Line,7,ON SCHEDULE,27,0,30.05.2026,02.05.2026,13.05.2026,20.05.2026,20.05.2026,29.05.2026,29.05.2026,,S001,WH KLS JABABEKA
I100260429L111_S001,CDE PICKUP,885000,0,0,0,0,0,885000,S001 - WH KLS JABABEKA,PT. Nusantara Cargo Line,7,ON SCHEDULE,27,0,30.05.2026,02.05.2026,11.05.2026,12.05.2026,13.05.2026,18.05.2026,18.05.2026,,S001,WH KLS JABABEKA
I100260429L112_S001,CDE PICKUP,649000,0,0,0,0,0,649000,S001 - WH KLS JABABEKA,PT. Nusantara Cargo Line,7,ON SCHEDULE,27,0,30.05.2026,02.05.2026,11.05.2026,12.05.2026,13.05.2026,18.05.2026,18.05.2026,,S001,WH KLS JABABEKA
I100260429L112_S001,CDE PICKUP,649000,0,0,0,0,0,649000,S001 - WH KLS JABABEKA,PT. Nusantara Cargo Line,7,ON SCHEDULE,27,0,30.05.2026,02.05.2026,11.05.2026,12.05.2026,13.05.2026,18.05.2026,18.05.2026,,S001,WH KLS JABABEKA
I100260429L114_S001,CDE PICKUP,262500,0,0,0,0,0,262500,S001 - WH KLS JABABEKA,PT. Nusantara Cargo Line,7,ON SCHEDULE,27,0,30.05.2026,02.05.2026,11.05.2026,12.05.2026,13.05.2026,18.05.2026,18.05.2026,,S001,WH KLS JABABEKA
I100260429L114_S001,CDE PICKUP,262500,0,0,0,0,0,262500,S001 - WH KLS JABABEKA,PT. Nusantara Cargo Line,7,ON SCHEDULE,27,0,30.05.2026,02.05.2026,11.05.2026,12.05.2026,13.05.2026,18.05.2026,18.05.2026,,S001,WH KLS JABABEKA
I100260430L025_S001,CONT-20,17600000,0,0,0,0,0,17600000,S001 - WH KLS JABABEKA,PT TPIL logistics,6,LATE,40,91,14.06.2026,04.05.2026,14.05.2026,22.07.2026,24.07.2026,27.07.2026,27.07.2026,,S001,WH KLS JABABEKA
I100260430L044_S001,CDE PICKUP,0,0,0,0,0,0,0,S001 - WH KLS JABABEKA,PT. Nusantara Cargo Line,2,LATE,7,95,09.05.2026,01.05.2026,04.06.2026,,,,,,S001,WH KLS JABABEKA
I100260430L046_S001,CDE PICKUP,273000,0,0,0,0,0,273000,S001 - WH KLS JABABEKA,PT. MERPATI ALAM SEMESTA,7,ON SCHEDULE,27,0,29.05.2026,01.05.2026,20.05.2026,17.06.2026,23.06.2026,25.06.2026,25.06.2026,,S001,WH KLS JABABEKA
I100260430L046_S001,CDE PICKUP,273000,0,0,0,0,0,273000,S001 - WH KLS JABABEKA,PT. MERPATI ALAM SEMESTA,7,ON SCHEDULE,27,0,29.05.2026,01.05.2026,20.05.2026,17.06.2026,23.06.2026,25.06.2026,25.06.2026,,S001,WH KLS JABABEKA
I100260430L047_S001,CDE PICKUP,464000,0,0,0,0,0,464000,S001 - WH KLS JABABEKA,PT. MERPATI ALAM SEMESTA,7,ON SCHEDULE,27,0,29.05.2026,01.05.2026,20.05.2026,17.06.2026,23.06.2026,25.06.2026,25.06.2026,,S001,WH KLS JABABEKA
I100260430L047_S001,CDE PICKUP,464000,0,0,0,0,0,464000,S001 - WH KLS JABABEKA,PT. MERPATI ALAM SEMESTA,7,ON SCHEDULE,27,0,29.05.2026,01.05.2026,20.05.2026,17.06.2026,23.06.2026,25.06.2026,25.06.2026,,S001,WH KLS JABABEKA
I100260430L048_S001,CDE PICKUP,975000,0,0,0,0,0,975000,S001 - WH KLS JABABEKA,PT. MERPATI ALAM SEMESTA,7,ON SCHEDULE,27,0,29.05.2026,01.05.2026,20.05.2026,17.06.2026,23.06.2026,25.06.2026,25.06.2026,,S001,WH KLS JABABEKA
I100260430L048_S001,CDE PICKUP,975000,0,0,0,0,0,975000,S001 - WH KLS JABABEKA,PT. MERPATI ALAM SEMESTA,7,ON SCHEDULE,27,0,29.05.2026,01.05.2026,20.05.2026,17.06.2026,23.06.2026,25.06.2026,25.06.2026,,S001,WH KLS JABABEKA
I100260430L049_S001,CDE PICKUP,2140000,0,0,0,0,0,2140000,S001 - WH KLS JABABEKA,PT. MERPATI ALAM SEMESTA,7,ON SCHEDULE,27,0,29.05.2026,01.05.2026,20.05.2026,17.06.2026,23.06.2026,25.06.2026,25.06.2026,,S001,WH KLS JABABEKA
I100260430L049_S001,CDE PICKUP,2140000,0,0,0,0,0,2140000,S001 - WH KLS JABABEKA,PT. MERPATI ALAM SEMESTA,7,ON SCHEDULE,27,0,29.05.2026,01.05.2026,20.05.2026,17.06.2026,23.06.2026,25.06.2026,25.06.2026,,S001,WH KLS JABABEKA
I100260430L050_S001,CDE PICKUP,320000,0,0,0,0,0,320000,S001 - WH KLS JABABEKA,PT. MERPATI ALAM SEMESTA,7,ON SCHEDULE,27,0,29.05.2026,01.05.2026,20.05.2026,17.06.2026,23.06.2026,25.06.2026,25.06.2026,,S001,WH KLS JABABEKA
I100260430L050_S001,CDE PICKUP,320000,0,0,0,0,0,320000,S001 - WH KLS JABABEKA,PT. MERPATI ALAM SEMESTA,7,ON SCHEDULE,27,0,29.05.2026,01.05.2026,20.05.2026,17.06.2026,23.06.2026,25.06.2026,25.06.2026,,S001,WH KLS JABABEKA
I100260430L051_S001,CDE PICKUP,152000,0,0,0,0,0,152000,S001 - WH KLS JABABEKA,PT. MERPATI ALAM SEMESTA,7,ON SCHEDULE,27,0,29.05.2026,01.05.2026,20.05.2026,17.06.2026,23.06.2026,25.06.2026,25.06.2026,,S001,WH KLS JABABEKA
I100260430L051_S001,CDE PICKUP,152000,0,0,0,0,0,152000,S001 - WH KLS JABABEKA,PT. MERPATI ALAM SEMESTA,7,ON SCHEDULE,27,0,29.05.2026,01.05.2026,20.05.2026,17.06.2026,23.06.2026,25.06.2026,25.06.2026,,S001,WH KLS JABABEKA
I100260430L052_S001,CDE PICKUP,497000,0,0,0,0,0,497000,S001 - WH KLS JABABEKA,PT. MERPATI ALAM SEMESTA,7,ON SCHEDULE,27,0,29.05.2026,01.05.2026,21.05.2026,17.06.2026,23.06.2026,25.06.2026,25.06.2026,,S001,WH KLS JABABEKA
I100260430L052_S001,CDE PICKUP,497000,0,0,0,0,0,497000,S001 - WH KLS JABABEKA,PT. MERPATI ALAM SEMESTA,7,ON SCHEDULE,27,0,29.05.2026,01.05.2026,21.05.2026,17.06.2026,23.06.2026,25.06.2026,25.06.2026,,S001,WH KLS JABABEKA
I100260430L053_S001,CDE PICKUP,3454000,0,0,0,0,0,3454000,S001 - WH KLS JABABEKA,PT. MERPATI ALAM SEMESTA,7,ON SCHEDULE,27,0,29.05.2026,01.05.2026,20.05.2026,17.06.2026,23.06.2026,25.06.2026,25.06.2026,,S001,WH KLS JABABEKA
I100260430L053_S001,CDE PICKUP,3454000,0,0,0,0,0,3454000,S001 - WH KLS JABABEKA,PT. MERPATI ALAM SEMESTA,7,ON SCHEDULE,27,0,29.05.2026,01.05.2026,20.05.2026,17.06.2026,23.06.2026,25.06.2026,25.06.2026,,S001,WH KLS JABABEKA
I100260430L054_S001,CDE PICKUP,900000,0,0,0,0,0,900000,S001 - WH KLS JABABEKA,PT. MERPATI ALAM SEMESTA,6,LATE,27,95,29.05.2026,01.05.2026,21.05.2026,21.07.2026,28.07.2026,03.08.2026,03.08.2026,,S001,WH KLS JABABEKA
I100260430L054_S001,CDE PICKUP,900000,0,0,0,0,0,900000,S001 - WH KLS JABABEKA,PT. MERPATI ALAM SEMESTA,6,LATE,27,95,29.05.2026,01.05.2026,21.05.2026,21.07.2026,28.07.2026,03.08.2026,03.08.2026,,S001,WH KLS JABABEKA
I100260430L055_S001,CDE PICKUP,186000,0,0,0,0,0,186000,S001 - WH KLS JABABEKA,PT. MERPATI ALAM SEMESTA,7,ON SCHEDULE,27,0,29.05.2026,01.05.2026,21.05.2026,17.06.2026,23.06.2026,25.06.2026,25.06.2026,,S001,WH KLS JABABEKA
I100260430L055_S001,CDE PICKUP,186000,0,0,0,0,0,186000,S001 - WH KLS JABABEKA,PT. MERPATI ALAM SEMESTA,7,ON SCHEDULE,27,0,29.05.2026,01.05.2026,21.05.2026,17.06.2026,23.06.2026,25.06.2026,25.06.2026,,S001,WH KLS JABABEKA
I100260430L070_S001,TRAILER,60000000,0,0,0,0,0,60000000,S001 - WH KLS JABABEKA,PT.FREIGHT EXPRESS,6,LATE,27,93,30.05.2026,02.05.2026,,14.07.2026,16.07.2026,20.07.2026,20.07.2026,,S001,WH KLS JABABEKA
I100260430L071_S001,TRAILER,60000000,0,0,0,0,0,60000000,S001 - WH KLS JABABEKA,PT.FREIGHT EXPRESS,6,LATE,27,93,30.05.2026,02.05.2026,,14.07.2026,16.07.2026,20.07.2026,20.07.2026,,S001,WH KLS JABABEKA
I100260430L072_S001,TRAILER,60000000,0,0,0,0,0,60000000,S001 - WH KLS JABABEKA,PT.FREIGHT EXPRESS,6,LATE,27,93,30.05.2026,02.05.2026,,13.07.2026,14.07.2026,16.07.2026,24.07.2026,,S001,WH KLS JABABEKA
I100260430L093_S001,CDE PICKUP,7159500,0,0,0,0,0,7159500,S001 - WH KLS JABABEKA,PT. Nusantara Cargo Line,7,ON SCHEDULE,27,0,29.05.2026,01.05.2026,13.05.2026,29.05.2026,04.06.2026,08.06.2026,08.06.2026,,S001,WH KLS JABABEKA
I100260430L093_S001,CDE PICKUP,7159500,0,0,0,0,0,7159500,S001 - WH KLS JABABEKA,PT. Nusantara Cargo Line,7,ON SCHEDULE,27,0,29.05.2026,01.05.2026,13.05.2026,29.05.2026,04.06.2026,08.06.2026,08.06.2026,,S001,WH KLS JABABEKA
I100260430L097_S001,CDE PICKUP,700000,0,0,0,0,0,700000,S001 - WH KLS JABABEKA,PT. Nusantara Cargo Line,7,ON SCHEDULE,27,0,29.05.2026,01.05.2026,13.05.2026,29.05.2026,04.06.2026,05.06.2026,05.06.2026,,S001,WH KLS JABABEKA
I100260430L097_S001,CDE PICKUP,700000,0,0,0,0,0,700000,S001 - WH KLS JABABEKA,PT. Nusantara Cargo Line,7,ON SCHEDULE,27,0,29.05.2026,01.05.2026,13.05.2026,29.05.2026,04.06.2026,05.06.2026,05.06.2026,,S001,WH KLS JABABEKA
I100260430L099_S001,CDE PICKUP,0,0,0,0,0,0,0,S001 - WH KLS JABABEKA,PT. Nusantara Cargo Line,2,LATE,7,93,10.05.2026,02.05.2026,04.06.2026,,,,,,S001,WH KLS JABABEKA
I100260430L100_S001,CDE PICKUP,0,0,0,0,0,0,0,S001 - WH KLS JABABEKA,PT. Nusantara Cargo Line,2,LATE,7,95,09.05.2026,01.05.2026,04.06.2026,,,,,,S001,WH KLS JABABEKA
I100260430L102_S001,MINI VAN BOX,0,0,0,0,0,0,0,S001 - WH KLS JABABEKA,FIRST LOGISTICS,1,LATE,1,95,03.05.2026,01.05.2026,,,,,,,S001,WH KLS JABABEKA
I100260430L113_S001,MINI VAN BOX,423500,0,0,0,0,0,423500,S001 - WH KLS JABABEKA,FIRST LOGISTICS,6,LATE,27,95,29.05.2026,01.05.2026,14.06.2026,14.07.2026,16.07.2026,16.07.2026,21.07.2026,,S001,WH KLS JABABEKA
I100260430L113_S001,MINI VAN BOX,423500,0,0,0,0,0,423500,S001 - WH KLS JABABEKA,FIRST LOGISTICS,6,LATE,27,95,29.05.2026,01.05.2026,14.06.2026,14.07.2026,16.07.2026,16.07.2026,21.07.2026,,S001,WH KLS JABABEKA
I100260430L114_S001,MINI VAN BOX,450000,0,0,0,0,0,450000,S001 - WH KLS JABABEKA,FIRST LOGISTICS,6,LATE,27,95,29.05.2026,01.05.2026,14.06.2026,14.07.2026,16.07.2026,16.07.2026,21.07.2026,,S001,WH KLS JABABEKA
I100260430L114_S001,MINI VAN BOX,450000,0,0,0,0,0,450000,S001 - WH KLS JABABEKA,FIRST LOGISTICS,6,LATE,27,95,29.05.2026,01.05.2026,14.06.2026,14.07.2026,16.07.2026,16.07.2026,21.07.2026,,S001,WH KLS JABABEKA
I100260430L115_S001,MINI VAN BOX,568050,0,0,0,0,0,568050,S001 - WH KLS JABABEKA,FIRST LOGISTICS,6,LATE,27,95,29.05.2026,01.05.2026,14.06.2026,14.07.2026,16.07.2026,16.07.2026,21.07.2026,,S001,WH KLS JABABEKA
I100260430L115_S001,MINI VAN BOX,568050,0,0,0,0,0,568050,S001 - WH KLS JABABEKA,FIRST LOGISTICS,6,LATE,27,95,29.05.2026,01.05.2026,14.06.2026,14.07.2026,16.07.2026,16.07.2026,21.07.2026,,S001,WH KLS JABABEKA
I100260430L116_S001,MINI VAN BOX,1548000,0,0,0,0,0,1548000,S001 - WH KLS JABABEKA,FIRST LOGISTICS,6,LATE,27,95,29.05.2026,01.05.2026,14.06.2026,14.07.2026,16.07.2026,16.07.2026,21.07.2026,,S001,WH KLS JABABEKA
I100260430L116_S001,MINI VAN BOX,1548000,0,0,0,0,0,1548000,S001 - WH KLS JABABEKA,FIRST LOGISTICS,6,LATE,27,95,29.05.2026,01.05.2026,14.06.2026,14.07.2026,16.07.2026,16.07.2026,21.07.2026,,S001,WH KLS JABABEKA
I100260430L117_S001,MINI VAN BOX,102300,0,0,0,0,0,102300,S001 - WH KLS JABABEKA,FIRST LOGISTICS,6,LATE,27,95,29.05.2026,01.05.2026,14.06.2026,14.07.2026,16.07.2026,16.07.2026,21.07.2026,,S001,WH KLS JABABEKA
I100260430L117_S001,MINI VAN BOX,102300,0,0,0,0,0,102300,S001 - WH KLS JABABEKA,FIRST LOGISTICS,6,LATE,27,95,29.05.2026,01.05.2026,14.06.2026,14.07.2026,16.07.2026,16.07.2026,21.07.2026,,S001,WH KLS JABABEKA
I100260430L118_S001,MINI VAN BOX,2204300,0,0,0,0,0,2204300,S001 - WH KLS JABABEKA,FIRST LOGISTICS,6,LATE,27,93,30.05.2026,02.05.2026,30.06.2026,14.07.2026,16.07.2026,16.07.2026,21.07.2026,,S001,WH KLS JABABEKA
I100260430L118_S001,MINI VAN BOX,2204300,0,0,0,0,0,2204300,S001 - WH KLS JABABEKA,FIRST LOGISTICS,6,LATE,27,93,30.05.2026,02.05.2026,30.06.2026,14.07.2026,16.07.2026,16.07.2026,21.07.2026,,S001,WH KLS JABABEKA
I100260430L119_S001,MINI VAN BOX,2525600,0,0,0,0,0,2525600,S001 - WH KLS JABABEKA,FIRST LOGISTICS,6,LATE,27,95,29.05.2026,01.05.2026,14.06.2026,14.07.2026,16.07.2026,16.07.2026,21.07.2026,,S001,WH KLS JABABEKA
I100260430L119_S001,MINI VAN BOX,2525600,0,0,0,0,0,2525600,S001 - WH KLS JABABEKA,FIRST LOGISTICS,6,LATE,27,95,29.05.2026,01.05.2026,14.06.2026,14.07.2026,16.07.2026,16.07.2026,21.07.2026,,S001,WH KLS JABABEKA
I100260430L121_S001,CDE PICKUP,1534500,0,0,0,0,0,1534500,S001 - WH KLS JABABEKA,PT. Nusantara Cargo Line,7,ON SCHEDULE,27,0,29.05.2026,01.05.2026,11.05.2026,12.05.2026,13.05.2026,18.05.2026,18.05.2026,,S001,WH KLS JABABEKA
I100260430L121_S001,CDE PICKUP,1534500,0,0,0,0,0,1534500,S001 - WH KLS JABABEKA,PT. Nusantara Cargo Line,7,ON SCHEDULE,27,0,29.05.2026,01.05.2026,11.05.2026,12.05.2026,13.05.2026,18.05.2026,18.05.2026,,S001,WH KLS JABABEKA
I100260430L122_S001,CDE PICKUP,1534500,0,0,0,0,0,1534500,S001 - WH KLS JABABEKA,PT. Nusantara Cargo Line,7,ON SCHEDULE,27,0,10.06.2026,13.05.2026,20.05.2026,29.05.2026,04.06.2026,05.06.2026,05.06.2026,,S001,WH KLS JABABEKA
I100260430L122_S001,CDE PICKUP,1534500,0,0,0,0,0,1534500,S001 - WH KLS JABABEKA,PT. Nusantara Cargo Line,7,ON SCHEDULE,27,0,10.06.2026,13.05.2026,20.05.2026,29.05.2026,04.06.2026,05.06.2026,05.06.2026,,S001,WH KLS JABABEKA
I100260430L123_S001,CDE PICKUP,1464750,0,0,0,0,0,1464750,S001 - WH KLS JABABEKA,PT. Nusantara Cargo Line,7,ON SCHEDULE,27,0,29.05.2026,01.05.2026,13.05.2026,20.05.2026,20.05.2026,29.05.2026,29.05.2026,,S001,WH KLS JABABEKA
I100260430L123_S001,CDE PICKUP,1464750,0,0,0,0,0,1464750,S001 - WH KLS JABABEKA,PT. Nusantara Cargo Line,7,ON SCHEDULE,27,0,29.05.2026,01.05.2026,13.05.2026,20.05.2026,20.05.2026,29.05.2026,29.05.2026,,S001,WH KLS JABABEKA
I100260430L124_S001,CDE PICKUP,1813500,0,0,0,0,0,1813500,S001 - WH KLS JABABEKA,PT. Nusantara Cargo Line,7,ON SCHEDULE,27,0,29.05.2026,01.05.2026,14.05.2026,29.05.2026,04.06.2026,05.06.2026,05.06.2026,,S001,WH KLS JABABEKA
I100260430L124_S001,CDE PICKUP,1813500,0,0,0,0,0,1813500,S001 - WH KLS JABABEKA,PT. Nusantara Cargo Line,7,ON SCHEDULE,27,0,29.05.2026,01.05.2026,14.05.2026,29.05.2026,04.06.2026,05.06.2026,05.06.2026,,S001,WH KLS JABABEKA
I100260430L125_S001,CDE PICKUP,1534500,0,0,0,0,0,1534500,S001 - WH KLS JABABEKA,PT. Nusantara Cargo Line,7,ON SCHEDULE,27,0,29.05.2026,01.05.2026,13.05.2026,20.05.2026,20.05.2026,29.05.2026,29.05.2026,,S001,WH KLS JABABEKA
I100260430L125_S001,CDE PICKUP,1534500,0,0,0,0,0,1534500,S001 - WH KLS JABABEKA,PT. Nusantara Cargo Line,7,ON SCHEDULE,27,0,29.05.2026,01.05.2026,13.05.2026,20.05.2026,20.05.2026,29.05.2026,29.05.2026,,S001,WH KLS JABABEKA
I100260430L127_S001,MINI VAN BOX,772800,0,0,0,0,0,772800,S001 - WH KLS JABABEKA,FIRST LOGISTICS,6,LATE,27,93,30.05.2026,02.05.2026,30.06.2026,14.07.2026,16.07.2026,16.07.2026,21.07.2026,,S001,WH KLS JABABEKA
I100260430L127_S001,MINI VAN BOX,772800,0,0,0,0,0,772800,S001 - WH KLS JABABEKA,FIRST LOGISTICS,6,LATE,27,93,30.05.2026,02.05.2026,30.06.2026,14.07.2026,16.07.2026,16.07.2026,21.07.2026,,S001,WH KLS JABABEKA
I100260502L006_S001,MINI VAN BOX,0,0,0,0,0,0,0,S001 - WH KLS JABABEKA,FIRST LOGISTICS,1,LATE,1,93,04.05.2026,02.05.2026,,,,,,,S001,WH KLS JABABEKA
I100260502L029_S001,CDD BAK,4500000,0,0,0,550000,0,5050000,S001 - WH KLS JABABEKA,PT. HARI JAYA SEJAHTERA,7,ON SCHEDULE,29,0,01.06.2026,02.05.2026,11.05.2026,19.05.2026,20.05.2026,21.05.2026,21.05.2026,,S001,WH KLS JABABEKA
I100260502L029_S001,CDD BAK,4500000,0,0,0,550000,0,5050000,S001 - WH KLS JABABEKA,PT. HARI JAYA SEJAHTERA,7,ON SCHEDULE,29,0,01.06.2026,02.05.2026,11.05.2026,19.05.2026,20.05.2026,21.05.2026,21.05.2026,,S001,WH KLS JABABEKA
I100260502L030_S001,CDD BAK,6900000,0,0,0,0,0,6900000,S001 - WH KLS JABABEKA,BINTANG SAMUDERA,7,ON SCHEDULE,29,0,01.06.2026,02.05.2026,11.05.2026,19.05.2026,19.05.2026,20.05.2026,21.05.2026,,S001,WH KLS JABABEKA
I100260502L031_S001,CDD BAK,5300000,0,0,0,800000,0,6100000,S001 - WH KLS JABABEKA,PT. EKA CIPTA MANGGALA,7,ON SCHEDULE,29,0,01.06.2026,02.05.2026,11.05.2026,11.05.2026,12.05.2026,13.05.2026,13.05.2026,,S001,WH KLS JABABEKA
I100260502L031_S001,CDD BAK,5300000,0,0,0,800000,0,6100000,S001 - WH KLS JABABEKA,PT. EKA CIPTA MANGGALA,7,ON SCHEDULE,29,0,01.06.2026,02.05.2026,11.05.2026,11.05.2026,12.05.2026,13.05.2026,13.05.2026,,S001,WH KLS JABABEKA
I100260502L031_S001,CDD BAK,5300000,0,0,0,800000,0,6100000,S001 - WH KLS JABABEKA,PT. EKA CIPTA MANGGALA,7,ON SCHEDULE,29,0,01.06.2026,02.05.2026,11.05.2026,11.05.2026,12.05.2026,13.05.2026,13.05.2026,,S001,WH KLS JABABEKA
I100260502L031_S001,CDD BAK,5300000,0,0,0,800000,0,6100000,S001 - WH KLS JABABEKA,PT. EKA CIPTA MANGGALA,7,ON SCHEDULE,29,0,01.06.2026,02.05.2026,11.05.2026,11.05.2026,12.05.2026,13.05.2026,13.05.2026,,S001,WH KLS JABABEKA
I100260502L032_S001,CDD BAK,4500000,0,0,0,1650000,0,6150000,S001 - WH KLS JABABEKA,PT. HARI JAYA SEJAHTERA,7,ON SCHEDULE,29,0,03.06.2026,04.05.2026,09.05.2026,19.05.2026,20.05.2026,21.05.2026,21.05.2026,,S001,WH KLS JABABEKA
I100260502L032_S001,CDD BAK,4500000,0,0,0,1650000,0,6150000,S001 - WH KLS JABABEKA,PT. HARI JAYA SEJAHTERA,7,ON SCHEDULE,29,0,03.06.2026,04.05.2026,09.05.2026,19.05.2026,20.05.2026,21.05.2026,21.05.2026,,S001,WH KLS JABABEKA
I100260502L032_S001,CDD BAK,4500000,0,0,0,1650000,0,6150000,S001 - WH KLS JABABEKA,PT. HARI JAYA SEJAHTERA,7,ON SCHEDULE,29,0,03.06.2026,04.05.2026,09.05.2026,19.05.2026,20.05.2026,21.05.2026,21.05.2026,,S001,WH KLS JABABEKA
I100260502L032_S001,CDD BAK,4500000,0,0,0,1650000,0,6150000,S001 - WH KLS JABABEKA,PT. HARI JAYA SEJAHTERA,7,ON SCHEDULE,29,0,03.06.2026,04.05.2026,09.05.2026,19.05.2026,20.05.2026,21.05.2026,21.05.2026,,S001,WH KLS JABABEKA
I100260502L034_S001,CDE PICKUP,50625,0,0,0,0,0,50625,S001 - WH KLS JABABEKA,PT. MERPATI ALAM SEMESTA,7,ON SCHEDULE,27,0,01.06.2026,04.05.2026,21.05.2026,17.06.2026,23.06.2026,25.06.2026,25.06.2026,,S001,WH KLS JABABEKA
I100260502L034_S001,CDE PICKUP,50625,0,0,0,0,0,50625,S001 - WH KLS JABABEKA,PT. MERPATI ALAM SEMESTA,7,ON SCHEDULE,27,0,01.06.2026,04.05.2026,21.05.2026,17.06.2026,23.06.2026,25.06.2026,25.06.2026,,S001,WH KLS JABABEKA
I100260502L035_S001,CDE PICKUP,744000,0,0,0,0,0,744000,S001 - WH KLS JABABEKA,PT. MERPATI ALAM SEMESTA,7,ON SCHEDULE,27,0,01.06.2026,04.05.2026,21.05.2026,17.06.2026,23.06.2026,25.06.2026,25.06.2026,,S001,WH KLS JABABEKA
I100260502L035_S001,CDE PICKUP,744000,0,0,0,0,0,744000,S001 - WH KLS JABABEKA,PT. MERPATI ALAM SEMESTA,7,ON SCHEDULE,27,0,01.06.2026,04.05.2026,21.05.2026,17.06.2026,23.06.2026,25.06.2026,25.06.2026,,S001,WH KLS JABABEKA
I100260502L036_S001,CDE PICKUP,348750,0,0,0,0,0,348750,S001 - WH KLS JABABEKA,PT. MERPATI ALAM SEMESTA,7,ON SCHEDULE,27,0,01.06.2026,04.05.2026,21.05.2026,17.06.2026,23.06.2026,25.06.2026,25.06.2026,,S001,WH KLS JABABEKA
I100260502L036_S001,CDE PICKUP,348750,0,0,0,0,0,348750,S001 - WH KLS JABABEKA,PT. MERPATI ALAM SEMESTA,7,ON SCHEDULE,27,0,01.06.2026,04.05.2026,21.05.2026,17.06.2026,23.06.2026,25.06.2026,25.06.2026,,S001,WH KLS JABABEKA
I100260502L038_S001,CDE PICKUP,253125,0,0,0,0,0,253125,S001 - WH KLS JABABEKA,PT. MERPATI ALAM SEMESTA,7,ON SCHEDULE,27,0,01.06.2026,04.05.2026,21.05.2026,17.06.2026,23.06.2026,25.06.2026,25.06.2026,,S001,WH KLS JABABEKA
I100260502L038_S001,CDE PICKUP,253125,0,0,0,0,0,253125,S001 - WH KLS JABABEKA,PT. MERPATI ALAM SEMESTA,7,ON SCHEDULE,27,0,01.06.2026,04.05.2026,21.05.2026,17.06.2026,23.06.2026,25.06.2026,25.06.2026,,S001,WH KLS JABABEKA
I100260502L039_S001,CDE PICKUP,600000,0,0,0,0,0,600000,S001 - WH KLS JABABEKA,PT. MERPATI ALAM SEMESTA,7,ON SCHEDULE,27,0,01.06.2026,04.05.2026,21.05.2026,17.06.2026,23.06.2026,25.06.2026,25.06.2026,,S001,WH KLS JABABEKA
I100260502L039_S001,CDE PICKUP,600000,0,0,0,0,0,600000,S001 - WH KLS JABABEKA,PT. MERPATI ALAM SEMESTA,7,ON SCHEDULE,27,0,01.06.2026,04.05.2026,21.05.2026,17.06.2026,23.06.2026,25.06.2026,25.06.2026,,S001,WH KLS JABABEKA
I100260502L041_S001,CDE PICKUP,266000,0,0,0,0,0,266000,S001 - WH KLS JABABEKA,PT. MERPATI ALAM SEMESTA,7,ON SCHEDULE,27,0,01.06.2026,04.05.2026,21.05.2026,17.06.2026,23.06.2026,25.06.2026,26.06.2026,,S001,WH KLS JABABEKA
I100260502L041_S001,CDE PICKUP,266000,0,0,0,0,0,266000,S001 - WH KLS JABABEKA,PT. MERPATI ALAM SEMESTA,7,ON SCHEDULE,27,0,01.06.2026,04.05.2026,21.05.2026,17.06.2026,23.06.2026,25.06.2026,26.06.2026,,S001,WH KLS JABABEKA
I100260502L042_S001,CDE PICKUP,480000,0,0,0,0,0,480000,S001 - WH KLS JABABEKA,PT. MERPATI ALAM SEMESTA,7,ON SCHEDULE,27,0,01.06.2026,04.05.2026,20.05.2026,17.06.2026,23.06.2026,26.06.2026,26.06.2026,,S001,WH KLS JABABEKA
I100260502L042_S001,CDE PICKUP,480000,0,0,0,0,0,480000,S001 - WH KLS JABABEKA,PT. MERPATI ALAM SEMESTA,7,ON SCHEDULE,27,0,01.06.2026,04.05.2026,20.05.2026,17.06.2026,23.06.2026,26.06.2026,26.06.2026,,S001,WH KLS JABABEKA
I100260502L043_S001,CDE PICKUP,992250,0,0,0,0,0,992250,S001 - WH KLS JABABEKA,PT. MERPATI ALAM SEMESTA,6,LATE,27,91,01.06.2026,04.05.2026,21.05.2026,21.07.2026,28.07.2026,03.08.2026,03.08.2026,,S001,WH KLS JABABEKA
I100260502L043_S001,CDE PICKUP,992250,0,0,0,0,0,992250,S001 - WH KLS JABABEKA,PT. MERPATI ALAM SEMESTA,6,LATE,27,91,01.06.2026,04.05.2026,21.05.2026,21.07.2026,28.07.2026,03.08.2026,03.08.2026,,S001,WH KLS JABABEKA
I100260502L064_S001,CDD BAK,6900000,0,0,0,0,0,6900000,S001 - WH KLS JABABEKA,BINTANG SAMUDERA,7,ON SCHEDULE,29,0,01.06.2026,02.05.2026,11.05.2026,19.05.2026,19.05.2026,20.05.2026,21.05.2026,,S001,WH KLS JABABEKA
I100260502L084_S001,MINI VAN BOX,0,0,0,0,0,0,0,S001 - WH KLS JABABEKA,FIRST LOGISTICS,2,LATE,7,90,13.05.2026,05.05.2026,04.06.2026,,,,,,S001,WH KLS JABABEKA
I100260502L085_S001,FUSO LOSBAK,10000000,0,0,0,0,0,10000000,S001 - WH KLS JABABEKA,CV. BANGUN JASA TRANS,7,ON SCHEDULE,27,0,01.06.2026,04.05.2026,09.05.2026,11.05.2026,12.05.2026,21.05.2026,21.05.2026,,S001,WH KLS JABABEKA
I100260502L089_S001,CDE PICKUP,275000,0,0,0,0,0,275000,S001 - WH KLS JABABEKA,PT. Nusantara Cargo Line,7,ON SCHEDULE,27,0,02.06.2026,05.05.2026,13.05.2026,20.05.2026,20.05.2026,29.05.2026,29.05.2026,,S001,WH KLS JABABEKA
I100260502L089_S001,CDE PICKUP,275000,0,0,0,0,0,275000,S001 - WH KLS JABABEKA,PT. Nusantara Cargo Line,7,ON SCHEDULE,27,0,02.06.2026,05.05.2026,13.05.2026,20.05.2026,20.05.2026,29.05.2026,29.05.2026,,S001,WH KLS JABABEKA
I100260502L091_S001,MINI VAN BOX,0,0,0,0,0,0,0,S001 - WH KLS JABABEKA,FIRST LOGISTICS,2,LATE,7,91,12.05.2026,04.05.2026,30.06.2026,,,,,,S001,WH KLS JABABEKA
I100260502L092_S001,MINI VAN BOX,0,0,0,0,0,0,0,S001 - WH KLS JABABEKA,FIRST LOGISTICS,2,LATE,7,91,12.05.2026,04.05.2026,30.06.2026,,,,,,S001,WH KLS JABABEKA
I100260502L093_S001,MINI VAN BOX,0,0,0,0,0,0,0,S001 - WH KLS JABABEKA,FIRST LOGISTICS,2,LATE,7,91,12.05.2026,04.05.2026,30.06.2026,,,,,,S001,WH KLS JABABEKA
I100260502L094_S001,MINI VAN BOX,0,0,0,0,0,0,0,S001 - WH KLS JABABEKA,FIRST LOGISTICS,2,LATE,7,91,12.05.2026,04.05.2026,30.06.2026,,,,,,S001,WH KLS JABABEKA
I100260502L095_S001,MINI VAN BOX,0,0,0,0,0,0,0,S001 - WH KLS JABABEKA,FIRST LOGISTICS,2,LATE,7,91,12.05.2026,04.05.2026,30.06.2026,,,,,,S001,WH KLS JABABEKA
I100260503L005_S001,CDD BAK,3700000,0,0,0,800000,0,4500000,S001 - WH KLS JABABEKA,PT. EKA CIPTA MANGGALA,7,ON SCHEDULE,28,0,02.06.2026,04.05.2026,09.05.2026,11.05.2026,12.05.2026,13.05.2026,13.05.2026,,S001,WH KLS JABABEKA
I100260503L005_S001,CDD BAK,3700000,0,0,0,800000,0,4500000,S001 - WH KLS JABABEKA,PT. EKA CIPTA MANGGALA,7,ON SCHEDULE,28,0,02.06.2026,04.05.2026,09.05.2026,11.05.2026,12.05.2026,13.05.2026,13.05.2026,,S001,WH KLS JABABEKA
I100260503L005_S001,CDD BAK,3700000,0,0,0,800000,0,4500000,S001 - WH KLS JABABEKA,PT. EKA CIPTA MANGGALA,7,ON SCHEDULE,28,0,02.06.2026,04.05.2026,09.05.2026,11.05.2026,12.05.2026,13.05.2026,13.05.2026,,S001,WH KLS JABABEKA
I100260503L005_S001,CDD BAK,3700000,0,0,0,800000,0,4500000,S001 - WH KLS JABABEKA,PT. EKA CIPTA MANGGALA,7,ON SCHEDULE,28,0,02.06.2026,04.05.2026,09.05.2026,11.05.2026,12.05.2026,13.05.2026,13.05.2026,,S001,WH KLS JABABEKA
I100260503L006_S001,CDD BAK,3700000,0,0,0,400000,0,4100000,S001 - WH KLS JABABEKA,PT. EKA CIPTA MANGGALA,7,ON SCHEDULE,27,0,31.05.2026,03.05.2026,11.05.2026,11.05.2026,12.05.2026,13.05.2026,13.05.2026,,S001,WH KLS JABABEKA
I100260503L006_S001,CDD BAK,3700000,0,0,0,400000,0,4100000,S001 - WH KLS JABABEKA,PT. EKA CIPTA MANGGALA,7,ON SCHEDULE,27,0,31.05.2026,03.05.2026,11.05.2026,11.05.2026,12.05.2026,13.05.2026,13.05.2026,,S001,WH KLS JABABEKA
I100260503L006_S001,CDD BAK,3700000,0,0,0,400000,0,4100000,S001 - WH KLS JABABEKA,PT. EKA CIPTA MANGGALA,7,ON SCHEDULE,27,0,31.05.2026,03.05.2026,11.05.2026,11.05.2026,12.05.2026,13.05.2026,13.05.2026,,S001,WH KLS JABABEKA
I100260503L007_S001,CDD BAK,4000000,0,0,0,800000,0,4800000,S001 - WH KLS JABABEKA,PT. EKA CIPTA MANGGALA,7,ON SCHEDULE,28,0,01.06.2026,03.05.2026,09.05.2026,11.05.2026,12.05.2026,13.05.2026,13.05.2026,,S001,WH KLS JABABEKA
I100260503L007_S001,CDD BAK,4000000,0,0,0,800000,0,4800000,S001 - WH KLS JABABEKA,PT. EKA CIPTA MANGGALA,7,ON SCHEDULE,28,0,01.06.2026,03.05.2026,09.05.2026,11.05.2026,12.05.2026,13.05.2026,13.05.2026,,S001,WH KLS JABABEKA
I100260503L007_S001,CDD BAK,4000000,0,0,0,800000,0,4800000,S001 - WH KLS JABABEKA,PT. EKA CIPTA MANGGALA,7,ON SCHEDULE,28,0,01.06.2026,03.05.2026,09.05.2026,11.05.2026,12.05.2026,13.05.2026,13.05.2026,,S001,WH KLS JABABEKA
I100260503L007_S001,CDD BAK,4000000,0,0,0,800000,0,4800000,S001 - WH KLS JABABEKA,PT. EKA CIPTA MANGGALA,7,ON SCHEDULE,28,0,01.06.2026,03.05.2026,09.05.2026,11.05.2026,12.05.2026,13.05.2026,13.05.2026,,S001,WH KLS JABABEKA
I100260503L008_S001,CDD BAK,4100000,0,0,0,400000,0,4500000,S001 - WH KLS JABABEKA,PT. EKA CIPTA MANGGALA,7,ON SCHEDULE,27,0,31.05.2026,03.05.2026,11.05.2026,11.05.2026,12.05.2026,13.05.2026,13.05.2026,,S001,WH KLS JABABEKA
I100260503L008_S001,CDD BAK,4100000,0,0,0,400000,0,4500000,S001 - WH KLS JABABEKA,PT. EKA CIPTA MANGGALA,7,ON SCHEDULE,27,0,31.05.2026,03.05.2026,11.05.2026,11.05.2026,12.05.2026,13.05.2026,13.05.2026,,S001,WH KLS JABABEKA
I100260503L008_S001,CDD BAK,4100000,0,0,0,400000,0,4500000,S001 - WH KLS JABABEKA,PT. EKA CIPTA MANGGALA,7,ON SCHEDULE,27,0,31.05.2026,03.05.2026,11.05.2026,11.05.2026,12.05.2026,13.05.2026,13.05.2026,,S001,WH KLS JABABEKA
I100260504L005_S001,CDE PICKUP,2000000,0,0,0,0,0,2000000,S001 - WH KLS JABABEKA,PT. Nusantara Cargo Line,7,ON SCHEDULE,27,0,01.06.2026,04.05.2026,18.06.2026,19.06.2026,23.06.2026,24.06.2026,25.06.2026,,S001,WH KLS JABABEKA
I100260504L005_S001,CDE PICKUP,2000000,0,0,0,0,0,2000000,S001 - WH KLS JABABEKA,PT. Nusantara Cargo Line,7,ON SCHEDULE,27,0,01.06.2026,04.05.2026,18.06.2026,19.06.2026,23.06.2026,24.06.2026,25.06.2026,,S001,WH KLS JABABEKA
I100260504L006_S001,CDE PICKUP,350000,0,0,0,0,0,350000,S001 - WH KLS JABABEKA,PT. Nusantara Cargo Line,6,LATE,27,91,01.06.2026,04.05.2026,20.05.2026,06.07.2026,08.07.2026,10.07.2026,10.07.2026,,S001,WH KLS JABABEKA
I100260504L006_S001,CDE PICKUP,350000,0,0,0,0,0,350000,S001 - WH KLS JABABEKA,PT. Nusantara Cargo Line,6,LATE,27,91,01.06.2026,04.05.2026,20.05.2026,06.07.2026,08.07.2026,10.07.2026,10.07.2026,,S001,WH KLS JABABEKA
I100260504L007_S001,CDE PICKUP,0,0,0,0,0,0,0,S001 - WH KLS JABABEKA,PT. Nusantara Cargo Line,2,LATE,7,91,12.05.2026,04.05.2026,04.06.2026,,,,,,S001,WH KLS JABABEKA
I100260504L009_S001,CDE PICKUP,275000,0,0,0,0,0,275000,S001 - WH KLS JABABEKA,PT. Nusantara Cargo Line,6,LATE,27,91,01.06.2026,04.05.2026,13.05.2026,20.05.2026,20.05.2026,29.05.2026,21.07.2026,,S001,WH KLS JABABEKA
I100260504L009_S001,CDE PICKUP,275000,0,0,0,0,0,275000,S001 - WH KLS JABABEKA,PT. Nusantara Cargo Line,6,LATE,27,91,01.06.2026,04.05.2026,13.05.2026,20.05.2026,20.05.2026,29.05.2026,21.07.2026,,S001,WH KLS JABABEKA
I100260504L010_S001,CDE PICKUP,0,0,0,0,0,0,0,S001 - WH KLS JABABEKA,PT. Nusantara Cargo Line,2,LATE,7,91,12.05.2026,04.05.2026,13.05.2026,,,,,,S001,WH KLS JABABEKA
I100260504L011_S001,CDE PICKUP,225000,0,0,0,0,0,225000,S001 - WH KLS JABABEKA,PT. Nusantara Cargo Line,7,ON SCHEDULE,27,0,01.06.2026,04.05.2026,13.05.2026,02.06.2026,04.06.2026,05.06.2026,05.06.2026,,S001,WH KLS JABABEKA
I100260504L011_S001,CDE PICKUP,225000,0,0,0,0,0,225000,S001 - WH KLS JABABEKA,PT. Nusantara Cargo Line,7,ON SCHEDULE,27,0,01.06.2026,04.05.2026,13.05.2026,02.06.2026,04.06.2026,05.06.2026,05.06.2026,,S001,WH KLS JABABEKA
I100260504L012_S001,CDE PICKUP,375000,0,0,0,0,0,375000,S001 - WH KLS JABABEKA,PT. Nusantara Cargo Line,7,ON SCHEDULE,27,0,01.06.2026,04.05.2026,13.05.2026,20.05.2026,20.05.2026,29.05.2026,29.05.2026,,S001,WH KLS JABABEKA
I100260504L012_S001,CDE PICKUP,375000,0,0,0,0,0,375000,S001 - WH KLS JABABEKA,PT. Nusantara Cargo Line,7,ON SCHEDULE,27,0,01.06.2026,04.05.2026,13.05.2026,20.05.2026,20.05.2026,29.05.2026,29.05.2026,,S001,WH KLS JABABEKA
I100260504L013_S001,CDE PICKUP,396000,0,0,0,0,0,396000,S001 - WH KLS JABABEKA,PT. Nusantara Cargo Line,7,ON SCHEDULE,27,0,01.06.2026,04.05.2026,20.05.2026,02.06.2026,04.06.2026,05.06.2026,05.06.2026,,S001,WH KLS JABABEKA
I100260504L013_S001,CDE PICKUP,396000,0,0,0,0,0,396000,S001 - WH KLS JABABEKA,PT. Nusantara Cargo Line,7,ON SCHEDULE,27,0,01.06.2026,04.05.2026,20.05.2026,02.06.2026,04.06.2026,05.06.2026,05.06.2026,,S001,WH KLS JABABEKA
I100260504L014_S001,CDE PICKUP,3481500,0,0,0,0,0,3481500,S001 - WH KLS JABABEKA,PT. Nusantara Cargo Line,7,ON SCHEDULE,27,0,01.06.2026,04.05.2026,13.05.2026,20.05.2026,20.05.2026,29.05.2026,29.05.2026,,S001,WH KLS JABABEKA
I100260504L014_S001,CDE PICKUP,3481500,0,0,0,0,0,3481500,S001 - WH KLS JABABEKA,PT. Nusantara Cargo Line,7,ON SCHEDULE,27,0,01.06.2026,04.05.2026,13.05.2026,20.05.2026,20.05.2026,29.05.2026,29.05.2026,,S001,WH KLS JABABEKA
I100260504L015_S001,CDE PICKUP,375000,0,0,0,0,0,375000,S001 - WH KLS JABABEKA,PT. Nusantara Cargo Line,7,ON SCHEDULE,27,0,01.06.2026,04.05.2026,13.05.2026,20.05.2026,20.05.2026,29.05.2026,29.05.2026,,S001,WH KLS JABABEKA
I100260504L015_S001,CDE PICKUP,375000,0,0,0,0,0,375000,S001 - WH KLS JABABEKA,PT. Nusantara Cargo Line,7,ON SCHEDULE,27,0,01.06.2026,04.05.2026,13.05.2026,20.05.2026,20.05.2026,29.05.2026,29.05.2026,,S001,WH KLS JABABEKA
I100260504L016_S001,CDE PICKUP,350000,0,0,0,0,0,350000,S001 - WH KLS JABABEKA,PT. Nusantara Cargo Line,7,ON SCHEDULE,27,0,01.06.2026,04.05.2026,13.05.2026,20.05.2026,20.05.2026,29.05.2026,29.05.2026,,S001,WH KLS JABABEKA
I100260504L016_S001,CDE PICKUP,350000,0,0,0,0,0,350000,S001 - WH KLS JABABEKA,PT. Nusantara Cargo Line,7,ON SCHEDULE,27,0,01.06.2026,04.05.2026,13.05.2026,20.05.2026,20.05.2026,29.05.2026,29.05.2026,,S001,WH KLS JABABEKA
I100260504L017_S001,CDE PICKUP,924000,0,0,0,0,0,924000,S001 - WH KLS JABABEKA,PT. Nusantara Cargo Line,7,ON SCHEDULE,27,0,01.06.2026,04.05.2026,04.06.2026,08.06.2026,18.06.2026,18.06.2026,18.06.2026,,S001,WH KLS JABABEKA
I100260504L017_S001,CDE PICKUP,924000,0,0,0,0,0,924000,S001 - WH KLS JABABEKA,PT. Nusantara Cargo Line,7,ON SCHEDULE,27,0,01.06.2026,04.05.2026,04.06.2026,08.06.2026,18.06.2026,18.06.2026,18.06.2026,,S001,WH KLS JABABEKA
I100260504L022_S001,CONT-20,15500000,0,0,300000,0,0,15800000,S001 - WH KLS JABABEKA,PT. SENTOSA PRIMA ABADI,6,LATE,40,91,14.06.2026,04.05.2026,14.05.2026,29.06.2026,01.07.2026,08.07.2026,08.07.2026,,S001,WH KLS JABABEKA
I100260504L024_S001,CDD BAK,4700000,0,0,0,0,0,4700000,S001 - WH KLS JABABEKA,BINTANG SAMUDERA,7,ON SCHEDULE,27,0,01.06.2026,04.05.2026,10.05.2026,19.05.2026,19.05.2026,20.05.2026,20.05.2026,,S001,WH KLS JABABEKA
I100260504L025_S001,CDD BAK,6900000,0,0,0,0,0,6900000,S001 - WH KLS JABABEKA,BINTANG SAMUDERA,7,ON SCHEDULE,29,0,03.06.2026,04.05.2026,10.05.2026,19.05.2026,19.05.2026,20.05.2026,21.05.2026,,S001,WH KLS JABABEKA
I100260504L027_S001,CDD BAK,6900000,0,0,0,0,0,6900000,S001 - WH KLS JABABEKA,BINTANG SAMUDERA,7,ON SCHEDULE,29,0,03.06.2026,04.05.2026,10.05.2026,19.05.2026,20.05.2026,20.05.2026,21.05.2026,,S001,WH KLS JABABEKA
I100260504L092_S001,CDE PICKUP,1551000,0,0,0,0,0,1551000,S001 - WH KLS JABABEKA,PT. Nusantara Cargo Line,7,ON SCHEDULE,27,0,01.06.2026,04.05.2026,13.05.2026,20.05.2026,20.05.2026,29.05.2026,29.05.2026,,S001,WH KLS JABABEKA
I100260504L092_S001,CDE PICKUP,1551000,0,0,0,0,0,1551000,S001 - WH KLS JABABEKA,PT. Nusantara Cargo Line,7,ON SCHEDULE,27,0,01.06.2026,04.05.2026,13.05.2026,20.05.2026,20.05.2026,29.05.2026,29.05.2026,,S001,WH KLS JABABEKA
I100260504L093_S001,CDE PICKUP,325000,0,0,0,0,0,325000,S001 - WH KLS JABABEKA,PT. Nusantara Cargo Line,7,ON SCHEDULE,27,0,01.06.2026,04.05.2026,26.05.2026,02.06.2026,04.06.2026,05.06.2026,05.06.2026,,S001,WH KLS JABABEKA
I100260504L093_S001,CDE PICKUP,325000,0,0,0,0,0,325000,S001 - WH KLS JABABEKA,PT. Nusantara Cargo Line,7,ON SCHEDULE,27,0,01.06.2026,04.05.2026,26.05.2026,02.06.2026,04.06.2026,05.06.2026,05.06.2026,,S001,WH KLS JABABEKA
I100260504L109_S001,MINI VAN BOX,0,0,0,0,0,0,0,S001 - WH KLS JABABEKA,FIRST LOGISTICS,2,LATE,7,91,13.05.2026,05.05.2026,04.06.2026,,,,,,S001,WH KLS JABABEKA
I100260504L110_S001,MINI VAN BOX,0,0,0,0,0,0,0,S001 - WH KLS JABABEKA,FIRST LOGISTICS,2,LATE,7,91,13.05.2026,05.05.2026,04.06.2026,,,,,,S001,WH KLS JABABEKA
I100260504L111_S001,MINI VAN BOX,0,0,0,0,0,0,0,S001 - WH KLS JABABEKA,FIRST LOGISTICS,2,LATE,7,91,13.05.2026,05.05.2026,04.06.2026,,,,,,S001,WH KLS JABABEKA
I100260504L112_S001,MINI VAN BOX,0,0,0,0,0,0,0,S001 - WH KLS JABABEKA,FIRST LOGISTICS,2,LATE,7,91,13.05.2026,05.05.2026,04.06.2026,,,,,,S001,WH KLS JABABEKA
I100260504L113_S001,MINI VAN BOX,0,0,0,0,0,0,0,S001 - WH KLS JABABEKA,FIRST LOGISTICS,2,LATE,7,90,13.05.2026,05.05.2026,04.06.2026,,,,,,S001,WH KLS JABABEKA
I100260504L114_S001,CDD PICK UP,4158000,0,0,0,0,0,4158000,S001 - WH KLS JABABEKA,PT. Nusantara Cargo Line,7,ON SCHEDULE,27,0,01.06.2026,04.05.2026,13.05.2026,25.06.2026,26.06.2026,29.06.2026,29.06.2026,,S001,WH KLS JABABEKA
I100260504L114_S001,CDD PICK UP,4158000,0,0,0,0,0,4158000,S001 - WH KLS JABABEKA,PT. Nusantara Cargo Line,7,ON SCHEDULE,27,0,01.06.2026,04.05.2026,13.05.2026,25.06.2026,26.06.2026,29.06.2026,29.06.2026,,S001,WH KLS JABABEKA
I100260504L116_S001,MINI VAN BOX,0,0,0,0,0,0,0,S001 - WH KLS JABABEKA,FIRST LOGISTICS,2,LATE,7,90,14.05.2026,06.05.2026,04.06.2026,,,,,,S001,WH KLS JABABEKA
I100260504T001_S001,WINGBOX,19000000,0,0,0,0,0,19000000,S001 - WH KLS JABABEKA,BINTANG SAMUDERA,7,ON SCHEDULE,32,0,06.06.2026,04.05.2026,10.05.2026,08.06.2026,09.06.2026,10.06.2026,11.06.2026,,S001,WH KLS JABABEKA
I100260505L005_S001,CDD LONG CHASSIS,18579600,0,0,1000000,0,0,19579600,S001 - WH KLS JABABEKA,BINTANG SAMUDERA,7,ON SCHEDULE,27,0,05.06.2026,08.05.2026,28.05.2026,24.06.2026,26.06.2026,29.06.2026,29.06.2026,,S001,WH KLS JABABEKA
I100260505L005_S001,CDD LONG CHASSIS,18579600,0,0,1000000,0,0,19579600,S001 - WH KLS JABABEKA,BINTANG SAMUDERA,7,ON SCHEDULE,27,0,05.06.2026,08.05.2026,28.05.2026,24.06.2026,26.06.2026,29.06.2026,29.06.2026,,S001,WH KLS JABABEKA
I100260505L005_S001,CDD LONG CHASSIS,18579600,0,0,1000000,0,0,19579600,S001 - WH KLS JABABEKA,BINTANG SAMUDERA,7,ON SCHEDULE,27,0,05.06.2026,08.05.2026,28.05.2026,24.06.2026,26.06.2026,29.06.2026,29.06.2026,,S001,WH KLS JABABEKA
I100260505L015_S001,CONT-20,15300000,0,0,0,0,0,15300000,S001 - WH KLS JABABEKA,PT. SENTOSA PRIMA ABADI,7,ON SCHEDULE,40,0,15.06.2026,05.05.2026,14.05.2026,26.06.2026,27.06.2026,02.07.2026,02.07.2026,,S001,WH KLS JABABEKA
I100260505L017_S001,CDD BAK,11500000,0,0,0,2500000,0,14000000,S001 - WH KLS JABABEKA,BINTANG SAMUDERA,7,ON SCHEDULE,29,0,06.06.2026,07.05.2026,17.05.2026,20.05.2026,21.05.2026,21.05.2026,21.05.2026,,S001,WH KLS JABABEKA
I100260505L018_S001,CDD BAK,4100000,0,0,0,800000,0,4900000,S001 - WH KLS JABABEKA,PT. EKA CIPTA MANGGALA,7,ON SCHEDULE,28,0,03.06.2026,05.05.2026,09.05.2026,11.05.2026,12.05.2026,13.05.2026,13.05.2026,,S001,WH KLS JABABEKA
I100260505L018_S001,CDD BAK,4100000,0,0,0,800000,0,4900000,S001 - WH KLS JABABEKA,PT. EKA CIPTA MANGGALA,7,ON SCHEDULE,28,0,03.06.2026,05.05.2026,09.05.2026,11.05.2026,12.05.2026,13.05.2026,13.05.2026,,S001,WH KLS JABABEKA
I100260505L018_S001,CDD BAK,4100000,0,0,0,800000,0,4900000,S001 - WH KLS JABABEKA,PT. EKA CIPTA MANGGALA,7,ON SCHEDULE,28,0,03.06.2026,05.05.2026,09.05.2026,11.05.2026,12.05.2026,13.05.2026,13.05.2026,,S001,WH KLS JABABEKA
I100260505L018_S001,CDD BAK,4100000,0,0,0,800000,0,4900000,S001 - WH KLS JABABEKA,PT. EKA CIPTA MANGGALA,7,ON SCHEDULE,28,0,03.06.2026,05.05.2026,09.05.2026,11.05.2026,12.05.2026,13.05.2026,13.05.2026,,S001,WH KLS JABABEKA
I100260505L019_S001,CDD BAK,7500000,0,0,0,500000,0,8000000,S001 - WH KLS JABABEKA,PT. EKA CIPTA MANGGALA,7,ON SCHEDULE,30,0,05.06.2026,05.05.2026,09.05.2026,21.05.2026,21.05.2026,21.05.2026,21.05.2026,,S001,WH KLS JABABEKA
I100260505L019_S001,CDD BAK,7500000,0,0,0,500000,0,8000000,S001 - WH KLS JABABEKA,PT. EKA CIPTA MANGGALA,7,ON SCHEDULE,30,0,05.06.2026,05.05.2026,09.05.2026,21.05.2026,21.05.2026,21.05.2026,21.05.2026,,S001,WH KLS JABABEKA
I100260505L019_S001,CDD BAK,7500000,0,0,0,500000,0,8000000,S001 - WH KLS JABABEKA,PT. EKA CIPTA MANGGALA,7,ON SCHEDULE,30,0,05.06.2026,05.05.2026,09.05.2026,21.05.2026,21.05.2026,21.05.2026,21.05.2026,,S001,WH KLS JABABEKA
I100260505L035_S001,CDD PICK UP,162500,0,0,0,0,0,162500,S001 - WH KLS JABABEKA,PT. MERPATI ALAM SEMESTA,7,ON SCHEDULE,27,0,03.06.2026,06.05.2026,20.05.2026,15.06.2026,23.06.2026,26.06.2026,26.06.2026,,S001,WH KLS JABABEKA
I100260505L035_S001,CDD PICK UP,162500,0,0,0,0,0,162500,S001 - WH KLS JABABEKA,PT. MERPATI ALAM SEMESTA,7,ON SCHEDULE,27,0,03.06.2026,06.05.2026,20.05.2026,15.06.2026,23.06.2026,26.06.2026,26.06.2026,,S001,WH KLS JABABEKA
I100260505L036_S001,CDD PICK UP,1500000,0,0,0,0,0,1500000,S001 - WH KLS JABABEKA,PT. MERPATI ALAM SEMESTA,6,LATE,27,90,03.06.2026,06.05.2026,21.05.2026,17.06.2026,23.06.2026,26.06.2026,23.07.2026,,S001,WH KLS JABABEKA
I100260505L036_S001,CDD PICK UP,1500000,0,0,0,0,0,1500000,S001 - WH KLS JABABEKA,PT. MERPATI ALAM SEMESTA,6,LATE,27,90,03.06.2026,06.05.2026,21.05.2026,17.06.2026,23.06.2026,26.06.2026,23.07.2026,,S001,WH KLS JABABEKA
I100260505L037_S001,CDD PICK UP,375000,0,0,0,0,0,375000,S001 - WH KLS JABABEKA,PT. MERPATI ALAM SEMESTA,7,ON SCHEDULE,27,0,03.06.2026,06.05.2026,20.05.2026,15.06.2026,23.06.2026,26.06.2026,26.06.2026,,S001,WH KLS JABABEKA
I100260505L037_S001,CDD PICK UP,375000,0,0,0,0,0,375000,S001 - WH KLS JABABEKA,PT. MERPATI ALAM SEMESTA,7,ON SCHEDULE,27,0,03.06.2026,06.05.2026,20.05.2026,15.06.2026,23.06.2026,26.06.2026,26.06.2026,,S001,WH KLS JABABEKA
I100260505L038_S001,CDD PICK UP,350000,0,0,0,0,0,350000,S001 - WH KLS JABABEKA,PT. MERPATI ALAM SEMESTA,7,ON SCHEDULE,27,0,03.06.2026,06.05.2026,20.05.2026,15.06.2026,23.06.2026,26.06.2026,26.06.2026,,S001,WH KLS JABABEKA
I100260505L038_S001,CDD PICK UP,350000,0,0,0,0,0,350000,S001 - WH KLS JABABEKA,PT. MERPATI ALAM SEMESTA,7,ON SCHEDULE,27,0,03.06.2026,06.05.2026,20.05.2026,15.06.2026,23.06.2026,26.06.2026,26.06.2026,,S001,WH KLS JABABEKA
I100260505L039_S001,CDD PICK UP,3900000,0,0,0,0,0,3900000,S001 - WH KLS JABABEKA,PT. MERPATI ALAM SEMESTA,2,LATE,7,90,14.05.2026,06.05.2026,,,,,,,S001,WH KLS JABABEKA
I100260505L039_S001,CDD PICK UP,3900000,0,0,0,0,0,3900000,S001 - WH KLS JABABEKA,PT. MERPATI ALAM SEMESTA,2,LATE,7,90,14.05.2026,06.05.2026,,,,,,,S001,WH KLS JABABEKA
I100260505L040_S001,CDD PICK UP,600000,0,0,0,0,0,600000,S001 - WH KLS JABABEKA,PT. MERPATI ALAM SEMESTA,7,ON SCHEDULE,27,0,03.06.2026,06.05.2026,21.05.2026,17.06.2026,23.06.2026,26.06.2026,26.06.2026,,S001,WH KLS JABABEKA
I100260505L040_S001,CDD PICK UP,600000,0,0,0,0,0,600000,S001 - WH KLS JABABEKA,PT. MERPATI ALAM SEMESTA,7,ON SCHEDULE,27,0,03.06.2026,06.05.2026,21.05.2026,17.06.2026,23.06.2026,26.06.2026,26.06.2026,,S001,WH KLS JABABEKA
I100260505L041_S001,CDD PICK UP,921375,0,0,0,0,0,921375,S001 - WH KLS JABABEKA,PT. MERPATI ALAM SEMESTA,2,LATE,7,90,14.05.2026,06.05.2026,,,,,,,S001,WH KLS JABABEKA
I100260505L041_S001,CDD PICK UP,921375,0,0,0,0,0,921375,S001 - WH KLS JABABEKA,PT. MERPATI ALAM SEMESTA,2,LATE,7,90,14.05.2026,06.05.2026,,,,,,,S001,WH KLS JABABEKA
I100260505L042_S001,CDD PICK UP,500000,0,0,0,0,0,500000,S001 - WH KLS JABABEKA,PT. MERPATI ALAM SEMESTA,7,ON SCHEDULE,27,0,03.06.2026,06.05.2026,21.05.2026,17.06.2026,23.06.2026,26.06.2026,26.06.2026,,S001,WH KLS JABABEKA
I100260505L042_S001,CDD PICK UP,500000,0,0,0,0,0,500000,S001 - WH KLS JABABEKA,PT. MERPATI ALAM SEMESTA,7,ON SCHEDULE,27,0,03.06.2026,06.05.2026,21.05.2026,17.06.2026,23.06.2026,26.06.2026,26.06.2026,,S001,WH KLS JABABEKA
I100260505L043_S001,CDD PICK UP,52000,0,0,0,0,0,52000,S001 - WH KLS JABABEKA,PT. MERPATI ALAM SEMESTA,7,ON SCHEDULE,27,0,03.06.2026,06.05.2026,20.05.2026,15.06.2026,23.06.2026,26.06.2026,26.06.2026,,S001,WH KLS JABABEKA
I100260505L043_S001,CDD PICK UP,52000,0,0,0,0,0,52000,S001 - WH KLS JABABEKA,PT. MERPATI ALAM SEMESTA,7,ON SCHEDULE,27,0,03.06.2026,06.05.2026,20.05.2026,15.06.2026,23.06.2026,26.06.2026,26.06.2026,,S001,WH KLS JABABEKA
I100260505L066_S001,CDD PICK UP,200000,0,0,0,0,0,200000,S001 - WH KLS JABABEKA,PT. MERPATI ALAM SEMESTA,7,ON SCHEDULE,27,0,03.06.2026,06.05.2026,20.05.2026,15.06.2026,23.06.2026,26.06.2026,26.06.2026,,S001,WH KLS JABABEKA
I100260505L066_S001,CDD PICK UP,200000,0,0,0,0,0,200000,S001 - WH KLS JABABEKA,PT. MERPATI ALAM SEMESTA,7,ON SCHEDULE,27,0,03.06.2026,06.05.2026,20.05.2026,15.06.2026,23.06.2026,26.06.2026,26.06.2026,,S001,WH KLS JABABEKA
I100260505L067_S001,CDD PICK UP,1000000,0,0,0,0,0,1000000,S001 - WH KLS JABABEKA,PT. MERPATI ALAM SEMESTA,7,ON SCHEDULE,27,0,03.06.2026,06.05.2026,21.05.2026,17.06.2026,23.06.2026,26.06.2026,26.06.2026,,S001,WH KLS JABABEKA
I100260505L067_S001,CDD PICK UP,1000000,0,0,0,0,0,1000000,S001 - WH KLS JABABEKA,PT. MERPATI ALAM SEMESTA,7,ON SCHEDULE,27,0,03.06.2026,06.05.2026,21.05.2026,17.06.2026,23.06.2026,26.06.2026,26.06.2026,,S001,WH KLS JABABEKA
I100260505L068_S001,CDD PICK UP,151875,0,0,0,0,0,151875,S001 - WH KLS JABABEKA,PT. MERPATI ALAM SEMESTA,7,ON SCHEDULE,27,0,03.06.2026,06.05.2026,21.05.2026,17.06.2026,23.06.2026,26.06.2026,26.06.2026,,S001,WH KLS JABABEKA
I100260505L068_S001,CDD PICK UP,151875,0,0,0,0,0,151875,S001 - WH KLS JABABEKA,PT. MERPATI ALAM SEMESTA,7,ON SCHEDULE,27,0,03.06.2026,06.05.2026,21.05.2026,17.06.2026,23.06.2026,26.06.2026,26.06.2026,,S001,WH KLS JABABEKA
I100260505L069_S001,CDD PICK UP,200000,0,0,0,0,0,200000,S001 - WH KLS JABABEKA,PT. MERPATI ALAM SEMESTA,7,ON SCHEDULE,27,0,03.06.2026,06.05.2026,20.05.2026,15.06.2026,23.06.2026,26.06.2026,26.06.2026,,S001,WH KLS JABABEKA
I100260505L069_S001,CDD PICK UP,200000,0,0,0,0,0,200000,S001 - WH KLS JABABEKA,PT. MERPATI ALAM SEMESTA,7,ON SCHEDULE,27,0,03.06.2026,06.05.2026,20.05.2026,15.06.2026,23.06.2026,26.06.2026,26.06.2026,,S001,WH KLS JABABEKA
I100260505L070_S001,CDD PICK UP,892500,0,0,0,0,0,892500,S001 - WH KLS JABABEKA,PT. MERPATI ALAM SEMESTA,7,ON SCHEDULE,27,0,03.06.2026,06.05.2026,21.05.2026,17.06.2026,23.06.2026,26.06.2026,26.06.2026,,S001,WH KLS JABABEKA
I100260505L070_S001,CDD PICK UP,892500,0,0,0,0,0,892500,S001 - WH KLS JABABEKA,PT. MERPATI ALAM SEMESTA,7,ON SCHEDULE,27,0,03.06.2026,06.05.2026,21.05.2026,17.06.2026,23.06.2026,26.06.2026,26.06.2026,,S001,WH KLS JABABEKA
I100260505L071_S001,CDD PICK UP,187500,0,0,0,0,0,187500,S001 - WH KLS JABABEKA,PT. MERPATI ALAM SEMESTA,7,ON SCHEDULE,27,0,03.06.2026,06.05.2026,20.05.2026,15.06.2026,23.06.2026,26.06.2026,26.06.2026,,S001,WH KLS JABABEKA
I100260505L071_S001,CDD PICK UP,187500,0,0,0,0,0,187500,S001 - WH KLS JABABEKA,PT. MERPATI ALAM SEMESTA,7,ON SCHEDULE,27,0,03.06.2026,06.05.2026,20.05.2026,15.06.2026,23.06.2026,26.06.2026,26.06.2026,,S001,WH KLS JABABEKA
I100260505L075_S001,CDD BAK,4700000,0,0,0,0,0,4700000,S001 - WH KLS JABABEKA,BINTANG SAMUDERA,7,ON SCHEDULE,27,0,02.06.2026,05.05.2026,10.05.2026,04.06.2026,04.06.2026,04.06.2026,04.06.2026,,S001,WH KLS JABABEKA
I100260505L097_S001,CDD PICK UP,6950000,0,0,0,0,0,6950000,S001 - WH KLS JABABEKA,PT. Nusantara Cargo Line,7,ON SCHEDULE,27,0,04.06.2026,07.05.2026,18.06.2026,19.06.2026,23.06.2026,25.06.2026,25.06.2026,,S001,WH KLS JABABEKA
I100260505L097_S001,CDD PICK UP,6950000,0,0,0,0,0,6950000,S001 - WH KLS JABABEKA,PT. Nusantara Cargo Line,7,ON SCHEDULE,27,0,04.06.2026,07.05.2026,18.06.2026,19.06.2026,23.06.2026,25.06.2026,25.06.2026,,S001,WH KLS JABABEKA
I100260505L108_S001,MINI VAN BOX,0,0,0,0,0,0,0,S001 - WH KLS JABABEKA,FIRST LOGISTICS,2,LATE,7,90,14.05.2026,06.05.2026,04.06.2026,,,,,,S001,WH KLS JABABEKA
I100260505L109_S001,MINI VAN BOX,0,0,0,0,0,0,0,S001 - WH KLS JABABEKA,FIRST LOGISTICS,2,LATE,7,90,14.05.2026,06.05.2026,04.06.2026,,,,,,S001,WH KLS JABABEKA
I100260505L110_S001,MINI VAN BOX,0,0,0,0,0,0,0,S001 - WH KLS JABABEKA,FIRST LOGISTICS,2,LATE,7,90,14.05.2026,06.05.2026,04.06.2026,,,,,,S001,WH KLS JABABEKA
I100260505L111_S001,MINI VAN BOX,0,0,0,0,0,0,0,S001 - WH KLS JABABEKA,FIRST LOGISTICS,2,LATE,7,90,14.05.2026,06.05.2026,04.06.2026,,,,,,S001,WH KLS JABABEKA
I100260505L112_S001,MINI VAN BOX,0,0,0,0,0,0,0,S001 - WH KLS JABABEKA,FIRST LOGISTICS,2,LATE,7,90,14.05.2026,06.05.2026,04.06.2026,,,,,,S001,WH KLS JABABEKA
I100260505L113_S001,MINI VAN BOX,0,0,0,0,0,0,0,S001 - WH KLS JABABEKA,FIRST LOGISTICS,2,LATE,7,90,14.05.2026,06.05.2026,04.06.2026,,,,,,S001,WH KLS JABABEKA
I100260505L119_S001,CDD PICK UP,1250000,0,0,0,0,0,1250000,S001 - WH KLS JABABEKA,PT. MERPATI ALAM SEMESTA,7,ON SCHEDULE,27,0,04.06.2026,07.05.2026,21.05.2026,17.06.2026,23.06.2026,26.06.2026,26.06.2026,,S001,WH KLS JABABEKA
I100260505L119_S001,CDD PICK UP,1250000,0,0,0,0,0,1250000,S001 - WH KLS JABABEKA,PT. MERPATI ALAM SEMESTA,7,ON SCHEDULE,27,0,04.06.2026,07.05.2026,21.05.2026,17.06.2026,23.06.2026,26.06.2026,26.06.2026,,S001,WH KLS JABABEKA
I100260505L120_S001,MINI VAN BOX,0,0,0,0,0,0,0,S001 - WH KLS JABABEKA,FIRST LOGISTICS,2,LATE,7,88,15.05.2026,07.05.2026,30.06.2026,,,,,,S001,WH KLS JABABEKA
I100260505L121_S001,CDE PICKUP,50000,0,0,0,0,0,50000,S001 - WH KLS JABABEKA,PT. MERPATI ALAM SEMESTA,7,ON SCHEDULE,27,0,04.06.2026,07.05.2026,20.05.2026,15.06.2026,23.06.2026,26.06.2026,26.06.2026,,S001,WH KLS JABABEKA
I100260505L121_S001,CDE PICKUP,50000,0,0,0,0,0,50000,S001 - WH KLS JABABEKA,PT. MERPATI ALAM SEMESTA,7,ON SCHEDULE,27,0,04.06.2026,07.05.2026,20.05.2026,15.06.2026,23.06.2026,26.06.2026,26.06.2026,,S001,WH KLS JABABEKA
I100260505T018_S001,WINGBOX,5650000,0,0,0,0,0,5650000,S001 - WH KLS JABABEKA,PT. DUTA MEDIA MANDIRI,7,ON SCHEDULE,29,0,04.06.2026,05.05.2026,09.05.2026,18.05.2026,18.05.2026,19.05.2026,19.05.2026,,S001,WH KLS JABABEKA
I100260506L008_S001,FUSO,21110200,0,0,0,0,0,21110200,S001 - WH KLS JABABEKA,BEPA IKA PEKASA,7,ON SCHEDULE,27,0,04.06.2026,07.05.2026,04.06.2026,18.06.2026,23.06.2026,23.06.2026,25.06.2026,,S001,WH KLS JABABEKA
I100260506L009_S001,FUSO,4029700,0,0,0,0,0,4029700,S001 - WH KLS JABABEKA,BEPA IKA PEKASA,7,ON SCHEDULE,27,0,04.06.2026,07.05.2026,04.06.2026,18.06.2026,23.06.2026,23.06.2026,25.06.2026,,S001,WH KLS JABABEKA
I100260506L010_S001,FUSO,1825200,0,0,0,0,0,1825200,S001 - WH KLS JABABEKA,BEPA IKA PEKASA,7,ON SCHEDULE,27,0,04.06.2026,07.05.2026,04.06.2026,18.06.2026,23.06.2026,23.06.2026,01.07.2026,,S001,WH KLS JABABEKA
I100260506L011_S001,CDD BAK,3421969,0,0,0,1000000,0,4421969,S001 - WH KLS JABABEKA,PT. HARI JAYA TRANSPORTASI,7,ON SCHEDULE,28,0,04.06.2026,06.05.2026,09.05.2026,19.05.2026,20.05.2026,21.05.2026,21.05.2026,,S001,WH KLS JABABEKA
I100260506L011_S001,CDD BAK,3421969,0,0,0,1000000,0,4421969,S001 - WH KLS JABABEKA,PT. HARI JAYA TRANSPORTASI,7,ON SCHEDULE,28,0,04.06.2026,06.05.2026,09.05.2026,19.05.2026,20.05.2026,21.05.2026,21.05.2026,,S001,WH KLS JABABEKA
I100260506L011_S001,CDD BAK,3421969,0,0,0,1000000,0,4421969,S001 - WH KLS JABABEKA,PT. HARI JAYA TRANSPORTASI,7,ON SCHEDULE,28,0,04.06.2026,06.05.2026,09.05.2026,19.05.2026,20.05.2026,21.05.2026,21.05.2026,,S001,WH KLS JABABEKA
I100260506L011_S001,CDD BAK,3421969,0,0,0,1000000,0,4421969,S001 - WH KLS JABABEKA,PT. HARI JAYA TRANSPORTASI,7,ON SCHEDULE,28,0,04.06.2026,06.05.2026,09.05.2026,19.05.2026,20.05.2026,21.05.2026,21.05.2026,,S001,WH KLS JABABEKA
I100260506L011_S001,CDD BAK,3421969,0,0,0,1000000,0,4421969,S001 - WH KLS JABABEKA,PT. HARI JAYA TRANSPORTASI,7,ON SCHEDULE,28,0,04.06.2026,06.05.2026,09.05.2026,19.05.2026,20.05.2026,21.05.2026,21.05.2026,,S001,WH KLS JABABEKA
I100260506L011_S001,CDD BAK,3421969,0,0,0,1000000,0,4421969,S001 - WH KLS JABABEKA,PT. HARI JAYA TRANSPORTASI,7,ON SCHEDULE,28,0,04.06.2026,06.05.2026,09.05.2026,19.05.2026,20.05.2026,21.05.2026,21.05.2026,,S001,WH KLS JABABEKA
I100260506L012_S001,CDD BAK,4500000,0,0,0,550000,0,5050000,S001 - WH KLS JABABEKA,PT. HARI JAYA SEJAHTERA,7,ON SCHEDULE,29,0,05.06.2026,06.05.2026,09.05.2026,12.06.2026,14.06.2026,15.06.2026,19.06.2026,,S001,WH KLS JABABEKA
I100260506L012_S001,CDD BAK,4500000,0,0,0,550000,0,5050000,S001 - WH KLS JABABEKA,PT. HARI JAYA SEJAHTERA,7,ON SCHEDULE,29,0,05.06.2026,06.05.2026,09.05.2026,12.06.2026,14.06.2026,15.06.2026,19.06.2026,,S001,WH KLS JABABEKA
I100260506L013_S001,CDD BAK,5300000,0,0,0,800000,0,6100000,S001 - WH KLS JABABEKA,PT. EKA CIPTA MANGGALA,7,ON SCHEDULE,29,0,05.06.2026,06.05.2026,12.05.2026,21.05.2026,21.05.2026,21.05.2026,21.05.2026,,S001,WH KLS JABABEKA
I100260506L013_S001,CDD BAK,5300000,0,0,0,800000,0,6100000,S001 - WH KLS JABABEKA,PT. EKA CIPTA MANGGALA,7,ON SCHEDULE,29,0,05.06.2026,06.05.2026,12.05.2026,21.05.2026,21.05.2026,21.05.2026,21.05.2026,,S001,WH KLS JABABEKA
I100260506L013_S001,CDD BAK,5300000,0,0,0,800000,0,6100000,S001 - WH KLS JABABEKA,PT. EKA CIPTA MANGGALA,7,ON SCHEDULE,29,0,05.06.2026,06.05.2026,12.05.2026,21.05.2026,21.05.2026,21.05.2026,21.05.2026,,S001,WH KLS JABABEKA
I100260506L013_S001,CDD BAK,5300000,0,0,0,800000,0,6100000,S001 - WH KLS JABABEKA,PT. EKA CIPTA MANGGALA,7,ON SCHEDULE,29,0,05.06.2026,06.05.2026,12.05.2026,21.05.2026,21.05.2026,21.05.2026,21.05.2026,,S001,WH KLS JABABEKA
I100260506L014_S001,CDD BAK,4500000,0,0,0,550000,0,5050000,S001 - WH KLS JABABEKA,PT. HARI JAYA SEJAHTERA,7,ON SCHEDULE,29,0,05.06.2026,06.05.2026,09.05.2026,19.05.2026,20.05.2026,21.05.2026,21.05.2026,,S001,WH KLS JABABEKA
I100260506L014_S001,CDD BAK,4500000,0,0,0,550000,0,5050000,S001 - WH KLS JABABEKA,PT. HARI JAYA SEJAHTERA,7,ON SCHEDULE,29,0,05.06.2026,06.05.2026,09.05.2026,19.05.2026,20.05.2026,21.05.2026,21.05.2026,,S001,WH KLS JABABEKA
I100260506L022_S001,CDD BAK,6900000,0,0,0,0,839500,7739500,S001 - WH KLS JABABEKA,BINTANG SAMUDERA,7,ON SCHEDULE,29,0,05.06.2026,06.05.2026,10.05.2026,09.06.2026,09.06.2026,10.06.2026,10.06.2026,,S001,WH KLS JABABEKA
I100260506L022_S001,CDD BAK,6900000,0,0,0,0,839500,7739500,S001 - WH KLS JABABEKA,BINTANG SAMUDERA,7,ON SCHEDULE,29,0,05.06.2026,06.05.2026,10.05.2026,09.06.2026,09.06.2026,10.06.2026,10.06.2026,,S001,WH KLS JABABEKA
I100260506L022_S001,CDD BAK,6900000,0,0,0,0,839500,7739500,S001 - WH KLS JABABEKA,BINTANG SAMUDERA,7,ON SCHEDULE,29,0,05.06.2026,06.05.2026,10.05.2026,09.06.2026,09.06.2026,10.06.2026,10.06.2026,,S001,WH KLS JABABEKA
I100260506L027_S001,FUSO LOSBAK,9000000,0,0,0,0,0,9000000,S001 - WH KLS JABABEKA,CV. BANGUN JASA TRANS,7,ON SCHEDULE,27,0,04.06.2026,07.05.2026,20.05.2026,20.05.2026,21.05.2026,21.05.2026,21.05.2026,,S001,WH KLS JABABEKA
I100260506L028_S001,FUSO LOSBAK,9000000,0,0,0,0,0,9000000,S001 - WH KLS JABABEKA,CV. BANGUN JASA TRANS,7,ON SCHEDULE,27,0,04.06.2026,07.05.2026,20.05.2026,20.05.2026,21.05.2026,21.05.2026,21.05.2026,,S001,WH KLS JABABEKA
I100260506L042_S001,CDD PICK UP,275000,0,0,0,0,0,275000,S001 - WH KLS JABABEKA,PT. Nusantara Cargo Line,7,ON SCHEDULE,27,0,04.06.2026,07.05.2026,13.05.2026,20.05.2026,20.05.2026,29.05.2026,29.05.2026,,S001,WH KLS JABABEKA
I100260506L042_S001,CDD PICK UP,275000,0,0,0,0,0,275000,S001 - WH KLS JABABEKA,PT. Nusantara Cargo Line,7,ON SCHEDULE,27,0,04.06.2026,07.05.2026,13.05.2026,20.05.2026,20.05.2026,29.05.2026,29.05.2026,,S001,WH KLS JABABEKA
I100260506L043_S001,CDD PICK UP,225000,0,0,0,0,0,225000,S001 - WH KLS JABABEKA,PT. Nusantara Cargo Line,7,ON SCHEDULE,27,0,04.06.2026,07.05.2026,20.05.2026,02.06.2026,04.06.2026,05.06.2026,05.06.2026,,S001,WH KLS JABABEKA
I100260506L043_S001,CDD PICK UP,225000,0,0,0,0,0,225000,S001 - WH KLS JABABEKA,PT. Nusantara Cargo Line,7,ON SCHEDULE,27,0,04.06.2026,07.05.2026,20.05.2026,02.06.2026,04.06.2026,05.06.2026,05.06.2026,,S001,WH KLS JABABEKA
I100260506L044_S001,CDD PICK UP,720500,0,0,0,0,0,720500,S001 - WH KLS JABABEKA,PT. Nusantara Cargo Line,7,ON SCHEDULE,27,0,04.06.2026,07.05.2026,13.05.2026,20.05.2026,20.05.2026,02.06.2026,02.06.2026,,S001,WH KLS JABABEKA
I100260506L044_S001,CDD PICK UP,720500,0,0,0,0,0,720500,S001 - WH KLS JABABEKA,PT. Nusantara Cargo Line,7,ON SCHEDULE,27,0,04.06.2026,07.05.2026,13.05.2026,20.05.2026,20.05.2026,02.06.2026,02.06.2026,,S001,WH KLS JABABEKA
I100260506L045_S001,CDD PICK UP,225000,0,0,0,0,0,225000,S001 - WH KLS JABABEKA,PT. Nusantara Cargo Line,7,ON SCHEDULE,27,0,04.06.2026,07.05.2026,20.05.2026,02.06.2026,04.06.2026,08.06.2026,08.06.2026,,S001,WH KLS JABABEKA
I100260506L045_S001,CDD PICK UP,225000,0,0,0,0,0,225000,S001 - WH KLS JABABEKA,PT. Nusantara Cargo Line,7,ON SCHEDULE,27,0,04.06.2026,07.05.2026,20.05.2026,02.06.2026,04.06.2026,08.06.2026,08.06.2026,,S001,WH KLS JABABEKA
I100260506L046_S001,CDD PICK UP,1974000,0,0,0,0,0,1974000,S001 - WH KLS JABABEKA,PT. Nusantara Cargo Line,7,ON SCHEDULE,27,0,04.06.2026,07.05.2026,13.05.2026,20.05.2026,20.05.2026,29.05.2026,29.05.2026,,S001,WH KLS JABABEKA
I100260506L046_S001,CDD PICK UP,1974000,0,0,0,0,0,1974000,S001 - WH KLS JABABEKA,PT. Nusantara Cargo Line,7,ON SCHEDULE,27,0,04.06.2026,07.05.2026,13.05.2026,20.05.2026,20.05.2026,29.05.2026,29.05.2026,,S001,WH KLS JABABEKA
I100260506L047_S001,CDD PICK UP,1551000,0,0,0,0,0,1551000,S001 - WH KLS JABABEKA,PT. Nusantara Cargo Line,7,ON SCHEDULE,27,0,04.06.2026,07.05.2026,13.05.2026,20.05.2026,20.05.2026,29.05.2026,29.05.2026,,S001,WH KLS JABABEKA
I100260506L047_S001,CDD PICK UP,1551000,0,0,0,0,0,1551000,S001 - WH KLS JABABEKA,PT. Nusantara Cargo Line,7,ON SCHEDULE,27,0,04.06.2026,07.05.2026,13.05.2026,20.05.2026,20.05.2026,29.05.2026,29.05.2026,,S001,WH KLS JABABEKA
I100260506L048_S001,CDD PICK UP,1974000,0,0,0,0,0,1974000,S001 - WH KLS JABABEKA,PT. Nusantara Cargo Line,7,ON SCHEDULE,27,0,04.06.2026,07.05.2026,13.05.2026,20.05.2026,20.05.2026,02.06.2026,02.06.2026,,S001,WH KLS JABABEKA
I100260506L048_S001,CDD PICK UP,1974000,0,0,0,0,0,1974000,S001 - WH KLS JABABEKA,PT. Nusantara Cargo Line,7,ON SCHEDULE,27,0,04.06.2026,07.05.2026,13.05.2026,20.05.2026,20.05.2026,02.06.2026,02.06.2026,,S001,WH KLS JABABEKA
I100260506L049_S001,CDD PICK UP,1551000,0,0,0,0,0,1551000,S001 - WH KLS JABABEKA,PT. Nusantara Cargo Line,7,ON SCHEDULE,27,0,04.06.2026,07.05.2026,13.05.2026,20.05.2026,20.05.2026,29.05.2026,29.05.2026,,S001,WH KLS JABABEKA
I100260506L049_S001,CDD PICK UP,1551000,0,0,0,0,0,1551000,S001 - WH KLS JABABEKA,PT. Nusantara Cargo Line,7,ON SCHEDULE,27,0,04.06.2026,07.05.2026,13.05.2026,20.05.2026,20.05.2026,29.05.2026,29.05.2026,,S001,WH KLS JABABEKA
I100260506L052_S001,CDD PICK UP,852500,0,0,0,0,0,852500,S001 - WH KLS JABABEKA,PT. Nusantara Cargo Line,7,ON SCHEDULE,27,0,04.06.2026,07.05.2026,13.05.2026,20.05.2026,20.05.2026,02.06.2026,02.06.2026,,S001,WH KLS JABABEKA
I100260506L052_S001,CDD PICK UP,852500,0,0,0,0,0,852500,S001 - WH KLS JABABEKA,PT. Nusantara Cargo Line,7,ON SCHEDULE,27,0,04.06.2026,07.05.2026,13.05.2026,20.05.2026,20.05.2026,02.06.2026,02.06.2026,,S001,WH KLS JABABEKA
I100260506L053_S001,CDD PICK UP,325000,0,0,0,0,0,325000,S001 - WH KLS JABABEKA,PT. Nusantara Cargo Line,7,ON SCHEDULE,27,0,04.06.2026,07.05.2026,13.05.2026,10.06.2026,18.06.2026,19.06.2026,19.06.2026,,S001,WH KLS JABABEKA
I100260506L053_S001,CDD PICK UP,325000,0,0,0,0,0,325000,S001 - WH KLS JABABEKA,PT. Nusantara Cargo Line,7,ON SCHEDULE,27,0,04.06.2026,07.05.2026,13.05.2026,10.06.2026,18.06.2026,19.06.2026,19.06.2026,,S001,WH KLS JABABEKA
I100260506L054_S001,CDD PICK UP,300000,0,0,0,0,0,300000,S001 - WH KLS JABABEKA,PT. Nusantara Cargo Line,7,ON SCHEDULE,27,0,04.06.2026,07.05.2026,13.05.2026,02.06.2026,04.06.2026,08.06.2026,08.06.2026,,S001,WH KLS JABABEKA
I100260506L054_S001,CDD PICK UP,300000,0,0,0,0,0,300000,S001 - WH KLS JABABEKA,PT. Nusantara Cargo Line,7,ON SCHEDULE,27,0,04.06.2026,07.05.2026,13.05.2026,02.06.2026,04.06.2026,08.06.2026,08.06.2026,,S001,WH KLS JABABEKA
I100260506L056_S001,CDD PICK UP,325000,0,0,0,0,0,325000,S001 - WH KLS JABABEKA,PT. Nusantara Cargo Line,7,ON SCHEDULE,27,0,06.06.2026,09.05.2026,13.05.2026,02.06.2026,04.06.2026,08.06.2026,08.06.2026,,S001,WH KLS JABABEKA
I100260506L056_S001,CDD PICK UP,325000,0,0,0,0,0,325000,S001 - WH KLS JABABEKA,PT. Nusantara Cargo Line,7,ON SCHEDULE,27,0,06.06.2026,09.05.2026,13.05.2026,02.06.2026,04.06.2026,08.06.2026,08.06.2026,,S001,WH KLS JABABEKA
I100260506L057_S001,CDD PICK UP,225000,0,0,0,0,0,225000,S001 - WH KLS JABABEKA,PT. Nusantara Cargo Line,7,ON SCHEDULE,27,0,06.06.2026,09.05.2026,20.05.2026,02.06.2026,04.06.2026,08.06.2026,08.06.2026,,S001,WH KLS JABABEKA
I100260506L057_S001,CDD PICK UP,225000,0,0,0,0,0,225000,S001 - WH KLS JABABEKA,PT. Nusantara Cargo Line,7,ON SCHEDULE,27,0,06.06.2026,09.05.2026,20.05.2026,02.06.2026,04.06.2026,08.06.2026,08.06.2026,,S001,WH KLS JABABEKA
I100260506L059_S001,CDD PICK UP,350000,0,0,0,0,0,350000,S001 - WH KLS JABABEKA,PT. Nusantara Cargo Line,7,ON SCHEDULE,27,0,06.06.2026,09.05.2026,26.05.2026,02.06.2026,04.06.2026,08.06.2026,08.06.2026,,S001,WH KLS JABABEKA
I100260506L059_S001,CDD PICK UP,350000,0,0,0,0,0,350000,S001 - WH KLS JABABEKA,PT. Nusantara Cargo Line,7,ON SCHEDULE,27,0,06.06.2026,09.05.2026,26.05.2026,02.06.2026,04.06.2026,08.06.2026,08.06.2026,,S001,WH KLS JABABEKA
I100260506L062_S001,CDD PICK UP,325000,0,0,0,0,0,325000,S001 - WH KLS JABABEKA,PT. Nusantara Cargo Line,7,ON SCHEDULE,27,0,06.06.2026,09.05.2026,13.05.2026,02.06.2026,04.06.2026,08.06.2026,08.06.2026,,S001,WH KLS JABABEKA
I100260506L062_S001,CDD PICK UP,325000,0,0,0,0,0,325000,S001 - WH KLS JABABEKA,PT. Nusantara Cargo Line,7,ON SCHEDULE,27,0,06.06.2026,09.05.2026,13.05.2026,02.06.2026,04.06.2026,08.06.2026,08.06.2026,,S001,WH KLS JABABEKA
I100260506L064_S001,CDD PICK UP,1826500,0,0,0,0,0,1826500,S001 - WH KLS JABABEKA,PT. Nusantara Cargo Line,7,ON SCHEDULE,27,0,06.06.2026,09.05.2026,20.05.2026,29.06.2026,01.07.2026,02.07.2026,02.07.2026,,S001,WH KLS JABABEKA
I100260506L064_S001,CDD PICK UP,1826500,0,0,0,0,0,1826500,S001 - WH KLS JABABEKA,PT. Nusantara Cargo Line,7,ON SCHEDULE,27,0,06.06.2026,09.05.2026,20.05.2026,29.06.2026,01.07.2026,02.07.2026,02.07.2026,,S001,WH KLS JABABEKA
I100260506L065_S001,CDD PICK UP,533000,0,0,0,0,0,533000,S001 - WH KLS JABABEKA,PT. Nusantara Cargo Line,7,ON SCHEDULE,27,0,04.06.2026,07.05.2026,13.05.2026,20.05.2026,20.05.2026,29.05.2026,29.05.2026,,S001,WH KLS JABABEKA
I100260506L065_S001,CDD PICK UP,533000,0,0,0,0,0,533000,S001 - WH KLS JABABEKA,PT. Nusantara Cargo Line,7,ON SCHEDULE,27,0,04.06.2026,07.05.2026,13.05.2026,20.05.2026,20.05.2026,29.05.2026,29.05.2026,,S001,WH KLS JABABEKA
I100260506L069_S001,CDD PICK UP,0,0,0,0,0,0,0,S001 - WH KLS JABABEKA,PT. Nusantara Cargo Line,1,LATE,1,86,11.05.2026,09.05.2026,,,,,,,S001,WH KLS JABABEKA
I100260506L075_S001,CDD PICK UP,3217500,0,0,0,0,0,3217500,S001 - WH KLS JABABEKA,PT. Nusantara Cargo Line,7,ON SCHEDULE,27,0,06.06.2026,09.05.2026,09.06.2026,25.06.2026,26.06.2026,29.06.2026,29.06.2026,,S001,WH KLS JABABEKA
I100260506L075_S001,CDD PICK UP,3217500,0,0,0,0,0,3217500,S001 - WH KLS JABABEKA,PT. Nusantara Cargo Line,7,ON SCHEDULE,27,0,06.06.2026,09.05.2026,09.06.2026,25.06.2026,26.06.2026,29.06.2026,29.06.2026,,S001,WH KLS JABABEKA
I100260506L076_S001,CDD PICK UP,1475500,0,0,0,0,0,1475500,S001 - WH KLS JABABEKA,PT. Nusantara Cargo Line,7,ON SCHEDULE,27,0,06.06.2026,09.05.2026,13.05.2026,10.06.2026,18.06.2026,19.06.2026,19.06.2026,,S001,WH KLS JABABEKA
I100260506L076_S001,CDD PICK UP,1475500,0,0,0,0,0,1475500,S001 - WH KLS JABABEKA,PT. Nusantara Cargo Line,7,ON SCHEDULE,27,0,06.06.2026,09.05.2026,13.05.2026,10.06.2026,18.06.2026,19.06.2026,19.06.2026,,S001,WH KLS JABABEKA
I100260506L077_S001,CDD PICK UP,0,0,0,0,0,0,0,S001 - WH KLS JABABEKA,PT. Nusantara Cargo Line,1,LATE,1,86,11.05.2026,09.05.2026,,,,,,,S001,WH KLS JABABEKA
I100260506L078_S001,CDD PICK UP,0,0,0,0,0,0,0,S001 - WH KLS JABABEKA,PT. Nusantara Cargo Line,1,LATE,1,86,11.05.2026,09.05.2026,,,,,,,S001,WH KLS JABABEKA
I100260506L080_S001,CDD PICK UP,0,0,0,0,0,0,0,S001 - WH KLS JABABEKA,PT. Nusantara Cargo Line,2,LATE,7,89,15.05.2026,07.05.2026,04.06.2026,,,,,,S001,WH KLS JABABEKA
I100260506L086_S001,CDD PICK UP,1692000,0,0,0,0,0,1692000,S001 - WH KLS JABABEKA,PT. Nusantara Cargo Line,7,ON SCHEDULE,27,0,04.06.2026,07.05.2026,13.05.2026,25.06.2026,26.06.2026,29.06.2026,29.06.2026,,S001,WH KLS JABABEKA
I100260506L086_S001,CDD PICK UP,1692000,0,0,0,0,0,1692000,S001 - WH KLS JABABEKA,PT. Nusantara Cargo Line,7,ON SCHEDULE,27,0,04.06.2026,07.05.2026,13.05.2026,25.06.2026,26.06.2026,29.06.2026,29.06.2026,,S001,WH KLS JABABEKA
I100260506L087_S001,CDD BAK,4000000,0,0,0,400000,0,4400000,S001 - WH KLS JABABEKA,PT. EKA CIPTA MANGGALA,7,ON SCHEDULE,27,0,03.06.2026,06.05.2026,09.05.2026,11.05.2026,12.05.2026,13.05.2026,13.05.2026,,S001,WH KLS JABABEKA
I100260506L087_S001,CDD BAK,4000000,0,0,0,400000,0,4400000,S001 - WH KLS JABABEKA,PT. EKA CIPTA MANGGALA,7,ON SCHEDULE,27,0,03.06.2026,06.05.2026,09.05.2026,11.05.2026,12.05.2026,13.05.2026,13.05.2026,,S001,WH KLS JABABEKA
I100260506L087_S001,CDD BAK,4000000,0,0,0,400000,0,4400000,S001 - WH KLS JABABEKA,PT. EKA CIPTA MANGGALA,7,ON SCHEDULE,27,0,03.06.2026,06.05.2026,09.05.2026,11.05.2026,12.05.2026,13.05.2026,13.05.2026,,S001,WH KLS JABABEKA
I100260506L105_S001,MINI VAN BOX,0,0,0,0,0,0,0,S001 - WH KLS JABABEKA,FIRST LOGISTICS,2,LATE,7,89,15.05.2026,07.05.2026,04.06.2026,,,,,,S001,WH KLS JABABEKA
I100260506L106_S001,MINI VAN BOX,0,0,0,0,0,0,0,S001 - WH KLS JABABEKA,FIRST LOGISTICS,2,LATE,7,89,15.05.2026,07.05.2026,04.06.2026,,,,,,S001,WH KLS JABABEKA
I100260506L107_S001,MINI VAN BOX,0,0,0,0,0,0,0,S001 - WH KLS JABABEKA,FIRST LOGISTICS,2,LATE,7,89,15.05.2026,07.05.2026,04.06.2026,,,,,,S001,WH KLS JABABEKA
I100260506L109_S001,MINI VAN BOX,0,0,0,0,0,0,0,S001 - WH KLS JABABEKA,FIRST LOGISTICS,2,LATE,7,89,15.05.2026,07.05.2026,04.06.2026,,,,,,S001,WH KLS JABABEKA
I100260506L110_S001,MINI VAN BOX,0,0,0,0,0,0,0,S001 - WH KLS JABABEKA,FIRST LOGISTICS,2,LATE,7,89,15.05.2026,07.05.2026,04.06.2026,,,,,,S001,WH KLS JABABEKA
I100260506L111_S001,MINI VAN BOX,0,0,0,0,0,0,0,S001 - WH KLS JABABEKA,FIRST LOGISTICS,2,LATE,7,89,15.05.2026,07.05.2026,04.06.2026,,,,,,S001,WH KLS JABABEKA
I100260506L114_S001,MINI VAN BOX,6266000,0,0,0,0,0,6266000,S001 - WH KLS JABABEKA,PT. Nusantara Cargo Line,6,LATE,27,88,04.06.2026,07.05.2026,13.05.2026,02.06.2026,04.06.2026,08.06.2026,21.07.2026,,S001,WH KLS JABABEKA
I100260506L114_S001,MINI VAN BOX,6266000,0,0,0,0,0,6266000,S001 - WH KLS JABABEKA,PT. Nusantara Cargo Line,6,LATE,27,88,04.06.2026,07.05.2026,13.05.2026,02.06.2026,04.06.2026,08.06.2026,21.07.2026,,S001,WH KLS JABABEKA
I100260506L116_S001,MINI VAN BOX,791000,0,0,0,0,0,791000,S001 - WH KLS JABABEKA,PT. Nusantara Cargo Line,7,ON SCHEDULE,27,0,04.06.2026,07.05.2026,09.06.2026,25.06.2026,26.06.2026,29.06.2026,29.06.2026,,S001,WH KLS JABABEKA
I100260506L116_S001,MINI VAN BOX,791000,0,0,0,0,0,791000,S001 - WH KLS JABABEKA,PT. Nusantara Cargo Line,7,ON SCHEDULE,27,0,04.06.2026,07.05.2026,09.06.2026,25.06.2026,26.06.2026,29.06.2026,29.06.2026,,S001,WH KLS JABABEKA
I100260506L118_S001,CDE PICKUP,6168000,0,0,0,0,0,6168000,S001 - WH KLS JABABEKA,PT. Nusantara Cargo Line,7,ON SCHEDULE,27,0,04.06.2026,07.05.2026,13.05.2026,02.06.2026,04.06.2026,08.06.2026,08.06.2026,,S001,WH KLS JABABEKA
I100260506L118_S001,CDE PICKUP,6168000,0,0,0,0,0,6168000,S001 - WH KLS JABABEKA,PT. Nusantara Cargo Line,7,ON SCHEDULE,27,0,04.06.2026,07.05.2026,13.05.2026,02.06.2026,04.06.2026,08.06.2026,08.06.2026,,S001,WH KLS JABABEKA
I100260506L119_S001,FUSO,651000,0,0,0,0,0,651000,S001 - WH KLS JABABEKA,BEPA IKA PEKASA,7,ON SCHEDULE,27,0,04.06.2026,07.05.2026,12.06.2026,18.06.2026,23.06.2026,23.06.2026,01.07.2026,,S001,WH KLS JABABEKA
I100260506L120_S001,FUSO,914500,0,0,0,0,0,914500,S001 - WH KLS JABABEKA,BEPA IKA PEKASA,7,ON SCHEDULE,27,0,04.06.2026,07.05.2026,12.06.2026,18.06.2026,23.06.2026,23.06.2026,01.07.2026,,S001,WH KLS JABABEKA
I100260506L121_S001,CDD PICK UP,275000,0,0,0,0,0,275000,S001 - WH KLS JABABEKA,PT. Nusantara Cargo Line,6,LATE,27,88,04.06.2026,07.05.2026,26.05.2026,02.06.2026,04.06.2026,08.06.2026,21.07.2026,,S001,WH KLS JABABEKA
I100260506L121_S001,CDD PICK UP,275000,0,0,0,0,0,275000,S001 - WH KLS JABABEKA,PT. Nusantara Cargo Line,6,LATE,27,88,04.06.2026,07.05.2026,26.05.2026,02.06.2026,04.06.2026,08.06.2026,21.07.2026,,S001,WH KLS JABABEKA
I100260506T008_S001,CONT-20,15400000,0,0,0,0,0,15400000,S001 - WH KLS JABABEKA,PT. SENTOSA PRIMA ABADI,7,ON SCHEDULE,40,0,17.06.2026,07.05.2026,18.05.2026,26.06.2026,27.06.2026,30.06.2026,30.06.2026,,S001,WH KLS JABABEKA
I100260507L020_S001,CDD BAK,4500000,0,0,0,1100000,0,5600000,S001 - WH KLS JABABEKA,PT. HARI JAYA SEJAHTERA,7,ON SCHEDULE,29,0,06.06.2026,07.05.2026,10.05.2026,19.05.2026,20.05.2026,21.05.2026,21.05.2026,,S001,WH KLS JABABEKA
I100260507L020_S001,CDD BAK,4500000,0,0,0,1100000,0,5600000,S001 - WH KLS JABABEKA,PT. HARI JAYA SEJAHTERA,7,ON SCHEDULE,29,0,06.06.2026,07.05.2026,10.05.2026,19.05.2026,20.05.2026,21.05.2026,21.05.2026,,S001,WH KLS JABABEKA
I100260507L020_S001,CDD BAK,4500000,0,0,0,1100000,0,5600000,S001 - WH KLS JABABEKA,PT. HARI JAYA SEJAHTERA,7,ON SCHEDULE,29,0,06.06.2026,07.05.2026,10.05.2026,19.05.2026,20.05.2026,21.05.2026,21.05.2026,,S001,WH KLS JABABEKA
I100260507L021_S001,CONT-20,23400000,0,0,0,0,0,23400000,S001 - WH KLS JABABEKA,PT TPIL logistics,4,LATE,28,87,06.06.2026,08.05.2026,18.05.2026,22.07.2026,24.07.2026,,,,S001,WH KLS JABABEKA
I100260507L022_S001,CDD BAK,4000000,0,0,0,800000,0,4800000,S001 - WH KLS JABABEKA,PT. EKA CIPTA MANGGALA,7,ON SCHEDULE,28,0,05.06.2026,07.05.2026,09.05.2026,11.05.2026,12.05.2026,13.05.2026,13.05.2026,,S001,WH KLS JABABEKA
I100260507L022_S001,CDD BAK,4000000,0,0,0,800000,0,4800000,S001 - WH KLS JABABEKA,PT. EKA CIPTA MANGGALA,7,ON SCHEDULE,28,0,05.06.2026,07.05.2026,09.05.2026,11.05.2026,12.05.2026,13.05.2026,13.05.2026,,S001,WH KLS JABABEKA
I100260507L022_S001,CDD BAK,4000000,0,0,0,800000,0,4800000,S001 - WH KLS JABABEKA,PT. EKA CIPTA MANGGALA,7,ON SCHEDULE,28,0,05.06.2026,07.05.2026,09.05.2026,11.05.2026,12.05.2026,13.05.2026,13.05.2026,,S001,WH KLS JABABEKA
I100260507L022_S001,CDD BAK,4000000,0,0,0,800000,0,4800000,S001 - WH KLS JABABEKA,PT. EKA CIPTA MANGGALA,7,ON SCHEDULE,28,0,05.06.2026,07.05.2026,09.05.2026,11.05.2026,12.05.2026,13.05.2026,13.05.2026,,S001,WH KLS JABABEKA
I100260507L023_S001,CDD BAK,4100000,0,0,0,400000,0,4500000,S001 - WH KLS JABABEKA,PT. EKA CIPTA MANGGALA,7,ON SCHEDULE,27,0,04.06.2026,07.05.2026,09.05.2026,11.05.2026,12.05.2026,13.05.2026,13.05.2026,,S001,WH KLS JABABEKA
I100260507L023_S001,CDD BAK,4100000,0,0,0,400000,0,4500000,S001 - WH KLS JABABEKA,PT. EKA CIPTA MANGGALA,7,ON SCHEDULE,27,0,04.06.2026,07.05.2026,09.05.2026,11.05.2026,12.05.2026,13.05.2026,13.05.2026,,S001,WH KLS JABABEKA
I100260507L023_S001,CDD BAK,4100000,0,0,0,400000,0,4500000,S001 - WH KLS JABABEKA,PT. EKA CIPTA MANGGALA,7,ON SCHEDULE,27,0,04.06.2026,07.05.2026,09.05.2026,11.05.2026,12.05.2026,13.05.2026,13.05.2026,,S001,WH KLS JABABEKA
I100260507L024_S001,CDD BAK,4100000,0,0,0,800000,0,4900000,S001 - WH KLS JABABEKA,PT. EKA CIPTA MANGGALA,7,ON SCHEDULE,28,0,05.06.2026,07.05.2026,09.05.2026,11.05.2026,12.05.2026,13.05.2026,13.05.2026,,S001,WH KLS JABABEKA
I100260507L024_S001,CDD BAK,4100000,0,0,0,800000,0,4900000,S001 - WH KLS JABABEKA,PT. EKA CIPTA MANGGALA,7,ON SCHEDULE,28,0,05.06.2026,07.05.2026,09.05.2026,11.05.2026,12.05.2026,13.05.2026,13.05.2026,,S001,WH KLS JABABEKA
I100260507L024_S001,CDD BAK,4100000,0,0,0,800000,0,4900000,S001 - WH KLS JABABEKA,PT. EKA CIPTA MANGGALA,7,ON SCHEDULE,28,0,05.06.2026,07.05.2026,09.05.2026,11.05.2026,12.05.2026,13.05.2026,13.05.2026,,S001,WH KLS JABABEKA
I100260507L024_S001,CDD BAK,4100000,0,0,0,800000,0,4900000,S001 - WH KLS JABABEKA,PT. EKA CIPTA MANGGALA,7,ON SCHEDULE,28,0,05.06.2026,07.05.2026,09.05.2026,11.05.2026,12.05.2026,13.05.2026,13.05.2026,,S001,WH KLS JABABEKA
I100260507L025_S001,CDD BAK,10500000,0,0,0,2300000,0,12800000,S001 - WH KLS JABABEKA,BINTANG SAMUDERA,7,ON SCHEDULE,29,0,06.06.2026,07.05.2026,13.05.2026,20.05.2026,21.05.2026,21.05.2026,21.05.2026,,S001,WH KLS JABABEKA
I100260507L026_S001,CDD BAK,10500000,0,0,0,0,0,10500000,S001 - WH KLS JABABEKA,BINTANG SAMUDERA,7,ON SCHEDULE,29,0,06.06.2026,07.05.2026,13.05.2026,19.05.2026,19.05.2026,20.05.2026,20.05.2026,,S001,WH KLS JABABEKA
I100260507L065_S001,CDD PICK UP,137250,0,0,0,0,0,137250,S001 - WH KLS JABABEKA,PT. MERPATI ALAM SEMESTA,7,ON SCHEDULE,27,0,05.06.2026,08.05.2026,21.05.2026,17.06.2026,23.06.2026,26.06.2026,26.06.2026,,S001,WH KLS JABABEKA
I100260507L065_S001,CDD PICK UP,137250,0,0,0,0,0,137250,S001 - WH KLS JABABEKA,PT. MERPATI ALAM SEMESTA,7,ON SCHEDULE,27,0,05.06.2026,08.05.2026,21.05.2026,17.06.2026,23.06.2026,26.06.2026,26.06.2026,,S001,WH KLS JABABEKA
I100260507L068_S001,CDD PICK UP,67125,0,0,0,0,0,67125,S001 - WH KLS JABABEKA,PT. MERPATI ALAM SEMESTA,6,LATE,27,87,05.06.2026,08.05.2026,05.06.2026,21.07.2026,28.07.2026,03.08.2026,03.08.2026,,S001,WH KLS JABABEKA
I100260507L068_S001,CDD PICK UP,67125,0,0,0,0,0,67125,S001 - WH KLS JABABEKA,PT. MERPATI ALAM SEMESTA,6,LATE,27,87,05.06.2026,08.05.2026,05.06.2026,21.07.2026,28.07.2026,03.08.2026,03.08.2026,,S001,WH KLS JABABEKA
I100260507L069_S001,CDD PICK UP,870000,0,0,0,0,0,870000,S001 - WH KLS JABABEKA,PT. MERPATI ALAM SEMESTA,6,LATE,27,87,05.06.2026,08.05.2026,05.06.2026,21.07.2026,28.07.2026,03.08.2026,03.08.2026,,S001,WH KLS JABABEKA
I100260507L069_S001,CDD PICK UP,870000,0,0,0,0,0,870000,S001 - WH KLS JABABEKA,PT. MERPATI ALAM SEMESTA,6,LATE,27,87,05.06.2026,08.05.2026,05.06.2026,21.07.2026,28.07.2026,03.08.2026,03.08.2026,,S001,WH KLS JABABEKA
I100260507L070_S001,CDD PICK UP,86016,0,0,0,0,0,86016,S001 - WH KLS JABABEKA,PT. MERPATI ALAM SEMESTA,7,ON SCHEDULE,27,0,05.06.2026,08.05.2026,20.05.2026,15.06.2026,23.06.2026,26.06.2026,26.06.2026,,S001,WH KLS JABABEKA
I100260507L070_S001,CDD PICK UP,86016,0,0,0,0,0,86016,S001 - WH KLS JABABEKA,PT. MERPATI ALAM SEMESTA,7,ON SCHEDULE,27,0,05.06.2026,08.05.2026,20.05.2026,15.06.2026,23.06.2026,26.06.2026,26.06.2026,,S001,WH KLS JABABEKA
I100260507L072_S001,CDD PICK UP,1376000,0,0,0,0,0,1376000,S001 - WH KLS JABABEKA,PT. MERPATI ALAM SEMESTA,2,LATE,7,87,16.05.2026,08.05.2026,,,,,,,S001,WH KLS JABABEKA
I100260507L072_S001,CDD PICK UP,1376000,0,0,0,0,0,1376000,S001 - WH KLS JABABEKA,PT. MERPATI ALAM SEMESTA,2,LATE,7,87,16.05.2026,08.05.2026,,,,,,,S001,WH KLS JABABEKA
I100260507L073_S001,CDD PICK UP,600000,0,0,0,0,0,600000,S001 - WH KLS JABABEKA,PT. MERPATI ALAM SEMESTA,7,ON SCHEDULE,27,0,05.06.2026,08.05.2026,22.05.2026,18.06.2026,23.06.2026,26.06.2026,26.06.2026,,S001,WH KLS JABABEKA
I100260507L073_S001,CDD PICK UP,600000,0,0,0,0,0,600000,S001 - WH KLS JABABEKA,PT. MERPATI ALAM SEMESTA,7,ON SCHEDULE,27,0,05.06.2026,08.05.2026,22.05.2026,18.06.2026,23.06.2026,26.06.2026,26.06.2026,,S001,WH KLS JABABEKA
I100260507L074_S001,CDD PICK UP,101250,0,0,0,0,0,101250,S001 - WH KLS JABABEKA,PT. MERPATI ALAM SEMESTA,7,ON SCHEDULE,27,0,05.06.2026,08.05.2026,22.05.2026,18.06.2026,23.06.2026,26.06.2026,26.06.2026,,S001,WH KLS JABABEKA
I100260507L074_S001,CDD PICK UP,101250,0,0,0,0,0,101250,S001 - WH KLS JABABEKA,PT. MERPATI ALAM SEMESTA,7,ON SCHEDULE,27,0,05.06.2026,08.05.2026,22.05.2026,18.06.2026,23.06.2026,26.06.2026,26.06.2026,,S001,WH KLS JABABEKA
I100260507L075_S001,CDD PICK UP,1400000,0,0,0,0,0,1400000,S001 - WH KLS JABABEKA,PT. MERPATI ALAM SEMESTA,7,ON SCHEDULE,27,0,05.06.2026,08.05.2026,22.05.2026,18.06.2026,23.06.2026,26.06.2026,26.06.2026,,S001,WH KLS JABABEKA
I100260507L075_S001,CDD PICK UP,1400000,0,0,0,0,0,1400000,S001 - WH KLS JABABEKA,PT. MERPATI ALAM SEMESTA,7,ON SCHEDULE,27,0,05.06.2026,08.05.2026,22.05.2026,18.06.2026,23.06.2026,26.06.2026,26.06.2026,,S001,WH KLS JABABEKA
I100260507L078_S001,CDD PICK UP,840000,0,0,0,0,0,840000,S001 - WH KLS JABABEKA,PT. MERPATI ALAM SEMESTA,7,ON SCHEDULE,27,0,05.06.2026,08.05.2026,22.05.2026,18.06.2026,23.06.2026,26.06.2026,26.06.2026,,S001,WH KLS JABABEKA
I100260507L078_S001,CDD PICK UP,840000,0,0,0,0,0,840000,S001 - WH KLS JABABEKA,PT. MERPATI ALAM SEMESTA,7,ON SCHEDULE,27,0,05.06.2026,08.05.2026,22.05.2026,18.06.2026,23.06.2026,26.06.2026,26.06.2026,,S001,WH KLS JABABEKA
I100260507L079_S001,CDD PICK UP,506250,0,0,0,0,0,506250,S001 - WH KLS JABABEKA,PT. MERPATI ALAM SEMESTA,7,ON SCHEDULE,27,0,05.06.2026,08.05.2026,22.05.2026,18.06.2026,23.06.2026,26.06.2026,26.06.2026,,S001,WH KLS JABABEKA
I100260507L079_S001,CDD PICK UP,506250,0,0,0,0,0,506250,S001 - WH KLS JABABEKA,PT. MERPATI ALAM SEMESTA,7,ON SCHEDULE,27,0,05.06.2026,08.05.2026,22.05.2026,18.06.2026,23.06.2026,26.06.2026,26.06.2026,,S001,WH KLS JABABEKA
I100260507L080_S001,CDD PICK UP,70000,0,0,0,0,0,70000,S001 - WH KLS JABABEKA,PT. MERPATI ALAM SEMESTA,7,ON SCHEDULE,27,0,05.06.2026,08.05.2026,22.05.2026,18.06.2026,23.06.2026,26.06.2026,26.06.2026,,S001,WH KLS JABABEKA
I100260507L080_S001,CDD PICK UP,70000,0,0,0,0,0,70000,S001 - WH KLS JABABEKA,PT. MERPATI ALAM SEMESTA,7,ON SCHEDULE,27,0,05.06.2026,08.05.2026,22.05.2026,18.06.2026,23.06.2026,26.06.2026,26.06.2026,,S001,WH KLS JABABEKA
I100260507L082_S001,CDD PICK UP,3876000,0,0,0,0,0,3876000,S001 - WH KLS JABABEKA,PT. MERPATI ALAM SEMESTA,6,LATE,27,87,05.06.2026,08.05.2026,09.07.2026,21.07.2026,28.07.2026,03.08.2026,03.08.2026,,S001,WH KLS JABABEKA
I100260507L082_S001,CDD PICK UP,3876000,0,0,0,0,0,3876000,S001 - WH KLS JABABEKA,PT. MERPATI ALAM SEMESTA,6,LATE,27,87,05.06.2026,08.05.2026,09.07.2026,21.07.2026,28.07.2026,03.08.2026,03.08.2026,,S001,WH KLS JABABEKA
I100260507L084_S001,CDD PICK UP,303750,0,0,0,0,0,303750,S001 - WH KLS JABABEKA,PT. MERPATI ALAM SEMESTA,7,ON SCHEDULE,27,0,05.06.2026,08.05.2026,22.05.2026,18.06.2026,23.06.2026,26.06.2026,26.06.2026,,S001,WH KLS JABABEKA
I100260507L084_S001,CDD PICK UP,303750,0,0,0,0,0,303750,S001 - WH KLS JABABEKA,PT. MERPATI ALAM SEMESTA,7,ON SCHEDULE,27,0,05.06.2026,08.05.2026,22.05.2026,18.06.2026,23.06.2026,26.06.2026,26.06.2026,,S001,WH KLS JABABEKA
I100260507L086_S001,MINI VAN BOX,0,0,0,0,0,0,0,S001 - WH KLS JABABEKA,PT. MERPATI ALAM SEMESTA,1,LATE,1,86,11.05.2026,09.05.2026,,,,,,,S001,WH KLS JABABEKA
I100260507L092_S001,CDE PICKUP,650000,0,0,0,0,0,650000,S001 - WH KLS JABABEKA,PT. MERPATI ALAM SEMESTA,7,ON SCHEDULE,27,0,05.06.2026,08.05.2026,20.05.2026,15.06.2026,23.06.2026,26.06.2026,26.06.2026,,S001,WH KLS JABABEKA
I100260507L092_S001,CDE PICKUP,650000,0,0,0,0,0,650000,S001 - WH KLS JABABEKA,PT. MERPATI ALAM SEMESTA,7,ON SCHEDULE,27,0,05.06.2026,08.05.2026,20.05.2026,15.06.2026,23.06.2026,26.06.2026,26.06.2026,,S001,WH KLS JABABEKA
I100260507L093_S001,CDE PICKUP,69000,0,0,0,0,0,69000,S001 - WH KLS JABABEKA,PT. MERPATI ALAM SEMESTA,7,ON SCHEDULE,27,0,05.06.2026,08.05.2026,20.05.2026,15.06.2026,23.06.2026,26.06.2026,26.06.2026,,S001,WH KLS JABABEKA
I100260507L093_S001,CDE PICKUP,69000,0,0,0,0,0,69000,S001 - WH KLS JABABEKA,PT. MERPATI ALAM SEMESTA,7,ON SCHEDULE,27,0,05.06.2026,08.05.2026,20.05.2026,15.06.2026,23.06.2026,26.06.2026,26.06.2026,,S001,WH KLS JABABEKA
I100260507L095_S001,MINI VAN BOX,0,0,0,0,0,0,0,S001 - WH KLS JABABEKA,FIRST LOGISTICS,2,LATE,7,87,16.05.2026,08.05.2026,30.06.2026,,,,,,S001,WH KLS JABABEKA
I100260507L096_S001,MINI VAN BOX,0,0,0,0,0,0,0,S001 - WH KLS JABABEKA,FIRST LOGISTICS,2,LATE,7,87,16.05.2026,08.05.2026,30.06.2026,,,,,,S001,WH KLS JABABEKA
I100260507L097_S001,MINI VAN BOX,0,0,0,0,0,0,0,S001 - WH KLS JABABEKA,FIRST LOGISTICS,2,LATE,7,87,16.05.2026,08.05.2026,30.06.2026,,,,,,S001,WH KLS JABABEKA
I100260507L098_S001,MINI VAN BOX,0,0,0,0,0,0,0,S001 - WH KLS JABABEKA,FIRST LOGISTICS,2,LATE,7,87,16.05.2026,08.05.2026,30.06.2026,,,,,,S001,WH KLS JABABEKA
I100260507L100_S001,MINI VAN BOX,0,0,0,0,0,0,0,S001 - WH KLS JABABEKA,FIRST LOGISTICS,2,LATE,7,87,16.05.2026,08.05.2026,01.07.2026,,,,,,S001,WH KLS JABABEKA
I100260507L101_S001,MINI VAN BOX,0,0,0,0,0,0,0,S001 - WH KLS JABABEKA,FIRST LOGISTICS,2,LATE,7,87,16.05.2026,08.05.2026,01.07.2026,,,,,,S001,WH KLS JABABEKA
I100260507L102_S001,MINI VAN BOX,0,0,0,0,0,0,0,S001 - WH KLS JABABEKA,FIRST LOGISTICS,2,LATE,7,87,16.05.2026,08.05.2026,01.07.2026,,,,,,S001,WH KLS JABABEKA
I100260507L103_S001,CDD PICK UP,125000,0,0,0,0,0,125000,S001 - WH KLS JABABEKA,PT. MERPATI ALAM SEMESTA,7,ON SCHEDULE,27,0,05.06.2026,08.05.2026,20.05.2026,15.06.2026,23.06.2026,26.06.2026,26.06.2026,,S001,WH KLS JABABEKA
I100260507L103_S001,CDD PICK UP,125000,0,0,0,0,0,125000,S001 - WH KLS JABABEKA,PT. MERPATI ALAM SEMESTA,7,ON SCHEDULE,27,0,05.06.2026,08.05.2026,20.05.2026,15.06.2026,23.06.2026,26.06.2026,26.06.2026,,S001,WH KLS JABABEKA
I100260507L105_S001,MINI VAN BOX,0,0,0,0,0,0,0,S001 - WH KLS JABABEKA,FIRST LOGISTICS,2,LATE,7,87,16.05.2026,08.05.2026,01.07.2026,,,,,,S001,WH KLS JABABEKA
I100260508L016_S001,FUSO,0,0,0,0,0,0,0,S001 - WH KLS JABABEKA,BEPA IKA PEKASA,1,LATE,1,73,25.05.2026,23.05.2026,,,,,,,S001,WH KLS JABABEKA
I100260508L017_S001,FUSO,1232800,0,0,0,0,0,1232800,S001 - WH KLS JABABEKA,BEPA IKA PEKASA,7,ON SCHEDULE,27,0,08.06.2026,11.05.2026,12.06.2026,18.06.2026,23.06.2026,23.06.2026,01.07.2026,,S001,WH KLS JABABEKA
I100260508L018_S001,FUSO,210000,0,0,0,0,0,210000,S001 - WH KLS JABABEKA,BEPA IKA PEKASA,7,ON SCHEDULE,27,0,06.06.2026,09.05.2026,12.06.2026,01.07.2026,02.07.2026,02.07.2026,02.07.2026,,S001,WH KLS JABABEKA
I100260508L026_S001,CONT-20,13900000,0,0,400000,0,0,14300000,S001 - WH KLS JABABEKA,PT.WIDYA TRANS CARGO,7,ON SCHEDULE,39,0,17.06.2026,08.05.2026,14.05.2026,04.06.2026,04.06.2026,08.06.2026,08.06.2026,,S001,WH KLS JABABEKA
I100260508L027_S001,CDD PICK UP,11500000,0,0,0,2300000,0,13800000,S001 - WH KLS JABABEKA,BINTANG SAMUDERA,7,ON SCHEDULE,29,0,07.06.2026,08.05.2026,14.05.2026,11.06.2026,14.06.2026,15.06.2026,15.06.2026,,S001,WH KLS JABABEKA
I100260508L027_S001,CDD PICK UP,11500000,0,0,0,2300000,0,13800000,S001 - WH KLS JABABEKA,BINTANG SAMUDERA,7,ON SCHEDULE,29,0,07.06.2026,08.05.2026,14.05.2026,11.06.2026,14.06.2026,15.06.2026,15.06.2026,,S001,WH KLS JABABEKA
I100260508L027_S001,CDD PICK UP,11500000,0,0,0,2300000,0,13800000,S001 - WH KLS JABABEKA,BINTANG SAMUDERA,7,ON SCHEDULE,29,0,07.06.2026,08.05.2026,14.05.2026,11.06.2026,14.06.2026,15.06.2026,15.06.2026,,S001,WH KLS JABABEKA
I100260508L028_S001,CDD BAK,7500000,0,0,0,500000,0,8000000,S001 - WH KLS JABABEKA,PT. EKA CIPTA MANGGALA,7,ON SCHEDULE,31,0,09.06.2026,08.05.2026,12.05.2026,21.05.2026,21.05.2026,21.05.2026,21.05.2026,,S001,WH KLS JABABEKA
I100260508L028_S001,CDD BAK,7500000,0,0,0,500000,0,8000000,S001 - WH KLS JABABEKA,PT. EKA CIPTA MANGGALA,7,ON SCHEDULE,31,0,09.06.2026,08.05.2026,12.05.2026,21.05.2026,21.05.2026,21.05.2026,21.05.2026,,S001,WH KLS JABABEKA
I100260508L028_S001,CDD BAK,7500000,0,0,0,500000,0,8000000,S001 - WH KLS JABABEKA,PT. EKA CIPTA MANGGALA,7,ON SCHEDULE,31,0,09.06.2026,08.05.2026,12.05.2026,21.05.2026,21.05.2026,21.05.2026,21.05.2026,,S001,WH KLS JABABEKA
I100260508L029_S001,CDE PICKUP,765000,0,0,0,0,0,765000,S001 - WH KLS JABABEKA,PT. Nusantara Cargo Line,7,ON SCHEDULE,27,0,11.06.2026,14.05.2026,05.06.2026,10.06.2026,18.06.2026,18.06.2026,18.06.2026,,S001,WH KLS JABABEKA
I100260508L029_S001,CDE PICKUP,765000,0,0,0,0,0,765000,S001 - WH KLS JABABEKA,PT. Nusantara Cargo Line,7,ON SCHEDULE,27,0,11.06.2026,14.05.2026,05.06.2026,10.06.2026,18.06.2026,18.06.2026,18.06.2026,,S001,WH KLS JABABEKA
I100260508L031_S001,CDE PICKUP,700000,0,0,0,0,0,700000,S001 - WH KLS JABABEKA,PT. Nusantara Cargo Line,7,ON SCHEDULE,27,0,11.06.2026,14.05.2026,06.06.2026,11.06.2026,18.06.2026,19.06.2026,19.06.2026,,S001,WH KLS JABABEKA
I100260508L031_S001,CDE PICKUP,700000,0,0,0,0,0,700000,S001 - WH KLS JABABEKA,PT. Nusantara Cargo Line,7,ON SCHEDULE,27,0,11.06.2026,14.05.2026,06.06.2026,11.06.2026,18.06.2026,19.06.2026,19.06.2026,,S001,WH KLS JABABEKA
I100260508L064_S001,FUSO,4800000,0,0,0,0,0,4800000,S001 - WH KLS JABABEKA,BEPA IKA PEKASA,7,ON SCHEDULE,27,0,06.06.2026,09.05.2026,12.06.2026,18.06.2026,23.06.2026,23.06.2026,25.06.2026,,S001,WH KLS JABABEKA
I100260508L068_S001,CDD PICK UP,325000,0,0,0,0,0,325000,S001 - WH KLS JABABEKA,PT. Nusantara Cargo Line,7,ON SCHEDULE,27,0,11.06.2026,14.05.2026,20.05.2026,03.06.2026,04.06.2026,08.06.2026,08.06.2026,,S001,WH KLS JABABEKA
I100260508L068_S001,CDD PICK UP,325000,0,0,0,0,0,325000,S001 - WH KLS JABABEKA,PT. Nusantara Cargo Line,7,ON SCHEDULE,27,0,11.06.2026,14.05.2026,20.05.2026,03.06.2026,04.06.2026,08.06.2026,08.06.2026,,S001,WH KLS JABABEKA
I100260508L069_S001,CDD PICK UP,325000,0,0,0,0,0,325000,S001 - WH KLS JABABEKA,PT. Nusantara Cargo Line,7,ON SCHEDULE,27,0,11.06.2026,14.05.2026,20.05.2026,03.06.2026,04.06.2026,08.06.2026,08.06.2026,,S001,WH KLS JABABEKA
I100260508L069_S001,CDD PICK UP,325000,0,0,0,0,0,325000,S001 - WH KLS JABABEKA,PT. Nusantara Cargo Line,7,ON SCHEDULE,27,0,11.06.2026,14.05.2026,20.05.2026,03.06.2026,04.06.2026,08.06.2026,08.06.2026,,S001,WH KLS JABABEKA
I100260508L070_S001,CDD PICK UP,0,0,0,0,0,0,0,S001 - WH KLS JABABEKA,PT. Nusantara Cargo Line,1,LATE,1,84,13.05.2026,11.05.2026,,,,,,,S001,WH KLS JABABEKA
I100260508L072_S001,CDD PICK UP,275000,0,0,0,0,0,275000,S001 - WH KLS JABABEKA,PT. Nusantara Cargo Line,7,ON SCHEDULE,27,0,11.06.2026,14.05.2026,14.05.2026,02.06.2026,04.06.2026,08.06.2026,08.06.2026,,S001,WH KLS JABABEKA
I100260508L072_S001,CDD PICK UP,275000,0,0,0,0,0,275000,S001 - WH KLS JABABEKA,PT. Nusantara Cargo Line,7,ON SCHEDULE,27,0,11.06.2026,14.05.2026,14.05.2026,02.06.2026,04.06.2026,08.06.2026,08.06.2026,,S001,WH KLS JABABEKA
I100260508L073_S001,CDD PICK UP,0,0,0,0,0,0,0,S001 - WH KLS JABABEKA,PT. Nusantara Cargo Line,1,LATE,1,86,11.05.2026,09.05.2026,,,,,,,S001,WH KLS JABABEKA
I100260508L075_S001,FUSO,52940000,0,0,0,0,0,52940000,S001 - WH KLS JABABEKA,BEPA IKA PEKASA,7,ON SCHEDULE,27,0,05.06.2026,08.05.2026,04.06.2026,18.06.2026,23.06.2026,23.06.2026,25.06.2026,,S001,WH KLS JABABEKA
I100260508L076_S001,CDE PICKUP,1410000,0,0,0,0,0,1410000,S001 - WH KLS JABABEKA,PT. Nusantara Cargo Line,7,ON SCHEDULE,27,0,08.06.2026,11.05.2026,13.05.2026,10.06.2026,18.06.2026,19.06.2026,19.06.2026,,S001,WH KLS JABABEKA
I100260508L076_S001,CDE PICKUP,1410000,0,0,0,0,0,1410000,S001 - WH KLS JABABEKA,PT. Nusantara Cargo Line,7,ON SCHEDULE,27,0,08.06.2026,11.05.2026,13.05.2026,10.06.2026,18.06.2026,19.06.2026,19.06.2026,,S001,WH KLS JABABEKA
I100260508L077_S001,CDE PICKUP,1692000,0,0,0,0,0,1692000,S001 - WH KLS JABABEKA,PT. Nusantara Cargo Line,7,ON SCHEDULE,27,0,08.06.2026,11.05.2026,20.05.2026,02.06.2026,04.06.2026,08.06.2026,08.06.2026,,S001,WH KLS JABABEKA
I100260508L077_S001,CDE PICKUP,1692000,0,0,0,0,0,1692000,S001 - WH KLS JABABEKA,PT. Nusantara Cargo Line,7,ON SCHEDULE,27,0,08.06.2026,11.05.2026,20.05.2026,02.06.2026,04.06.2026,08.06.2026,08.06.2026,,S001,WH KLS JABABEKA
I100260508L078_S001,CDE PICKUP,1551000,0,0,0,0,0,1551000,S001 - WH KLS JABABEKA,PT. Nusantara Cargo Line,7,ON SCHEDULE,27,0,08.06.2026,11.05.2026,13.05.2026,02.06.2026,04.06.2026,08.06.2026,08.06.2026,,S001,WH KLS JABABEKA
I100260508L078_S001,CDE PICKUP,1551000,0,0,0,0,0,1551000,S001 - WH KLS JABABEKA,PT. Nusantara Cargo Line,7,ON SCHEDULE,27,0,08.06.2026,11.05.2026,13.05.2026,02.06.2026,04.06.2026,08.06.2026,08.06.2026,,S001,WH KLS JABABEKA
I100260508L080_S001,CDD LONG CHASSIS,0,0,0,0,0,0,0,S001 - WH KLS JABABEKA,BINTANG SAMUDERA,2,LATE,7,87,16.05.2026,08.05.2026,28.05.2026,,,,,,S001,WH KLS JABABEKA
I100260508L081_S001,FUSO,4241200,0,0,0,0,0,4241200,S001 - WH KLS JABABEKA,BEPA IKA PEKASA,7,ON SCHEDULE,27,0,05.06.2026,08.05.2026,04.06.2026,18.06.2026,23.06.2026,23.06.2026,25.06.2026,,S001,WH KLS JABABEKA
I100260508L083_S001,MINI VAN BOX,0,0,0,0,0,0,0,S001 - WH KLS JABABEKA,FIRST LOGISTICS,2,LATE,7,84,19.05.2026,11.05.2026,01.07.2026,,,,,,S001,WH KLS JABABEKA
I100260508L084_S001,MINI VAN BOX,0,0,0,0,0,0,0,S001 - WH KLS JABABEKA,FIRST LOGISTICS,2,LATE,7,84,19.05.2026,11.05.2026,01.07.2026,,,,,,S001,WH KLS JABABEKA
I100260508L086_S001,MINI VAN BOX,0,0,0,0,0,0,0,S001 - WH KLS JABABEKA,FIRST LOGISTICS,2,LATE,7,84,19.05.2026,11.05.2026,01.07.2026,,,,,,S001,WH KLS JABABEKA
I100260508L087_S001,MINI VAN BOX,0,0,0,0,0,0,0,S001 - WH KLS JABABEKA,FIRST LOGISTICS,2,LATE,7,84,19.05.2026,11.05.2026,01.07.2026,,,,,,S001,WH KLS JABABEKA
I100260508L088_S001,MINI VAN BOX,0,0,0,0,0,0,0,S001 - WH KLS JABABEKA,FIRST LOGISTICS,2,LATE,7,84,19.05.2026,11.05.2026,01.07.2026,,,,,,S001,WH KLS JABABEKA
I100260508L089_S001,MINI VAN BOX,0,0,0,0,0,0,0,S001 - WH KLS JABABEKA,FIRST LOGISTICS,2,LATE,7,84,19.05.2026,11.05.2026,01.07.2026,,,,,,S001,WH KLS JABABEKA
I100260508L090_S001,MINI VAN BOX,0,0,0,0,0,0,0,S001 - WH KLS JABABEKA,FIRST LOGISTICS,2,LATE,7,84,19.05.2026,11.05.2026,01.07.2026,,,,,,S001,WH KLS JABABEKA
I100260508L091_S001,MINI VAN BOX,0,0,0,0,0,0,0,S001 - WH KLS JABABEKA,FIRST LOGISTICS,2,LATE,7,84,19.05.2026,11.05.2026,01.07.2026,,,,,,S001,WH KLS JABABEKA
I100260508L092_S001,MINI VAN BOX,0,0,0,0,0,0,0,S001 - WH KLS JABABEKA,FIRST LOGISTICS,2,LATE,7,84,19.05.2026,11.05.2026,01.07.2026,,,,,,S001,WH KLS JABABEKA
I100260508L093_S001,MINI VAN BOX,0,0,0,0,0,0,0,S001 - WH KLS JABABEKA,FIRST LOGISTICS,2,LATE,7,84,19.05.2026,11.05.2026,01.07.2026,,,,,,S001,WH KLS JABABEKA
I100260508L095_S001,MINI VAN BOX,4185000,0,0,0,0,0,4185000,S001 - WH KLS JABABEKA,PT. Nusantara Cargo Line,7,ON SCHEDULE,27,0,05.06.2026,08.05.2026,13.05.2026,02.06.2026,04.06.2026,08.06.2026,08.06.2026,,S001,WH KLS JABABEKA
I100260508L095_S001,MINI VAN BOX,4185000,0,0,0,0,0,4185000,S001 - WH KLS JABABEKA,PT. Nusantara Cargo Line,7,ON SCHEDULE,27,0,05.06.2026,08.05.2026,13.05.2026,02.06.2026,04.06.2026,08.06.2026,08.06.2026,,S001,WH KLS JABABEKA
I100260508L096_S001,MINI VAN BOX,4114000,0,0,0,0,0,4114000,S001 - WH KLS JABABEKA,PT. Nusantara Cargo Line,7,ON SCHEDULE,27,0,05.06.2026,08.05.2026,13.05.2026,02.06.2026,04.06.2026,08.06.2026,08.06.2026,,S001,WH KLS JABABEKA
I100260508L096_S001,MINI VAN BOX,4114000,0,0,0,0,0,4114000,S001 - WH KLS JABABEKA,PT. Nusantara Cargo Line,7,ON SCHEDULE,27,0,05.06.2026,08.05.2026,13.05.2026,02.06.2026,04.06.2026,08.06.2026,08.06.2026,,S001,WH KLS JABABEKA
I100260508L097_S001,MINI VAN BOX,0,0,0,0,0,0,0,S001 - WH KLS JABABEKA,FIRST LOGISTICS,2,LATE,7,84,19.05.2026,11.05.2026,01.07.2026,,,,,,S001,WH KLS JABABEKA
I100260508L098_S001,MINI VAN BOX,0,0,0,0,0,0,0,S001 - WH KLS JABABEKA,FIRST LOGISTICS,2,LATE,7,84,19.05.2026,11.05.2026,01.07.2026,,,,,,S001,WH KLS JABABEKA
I100260508L099_S001,CDE PICKUP,1492500,0,0,0,0,0,1492500,S001 - WH KLS JABABEKA,PT. Nusantara Cargo Line,7,ON SCHEDULE,27,0,08.06.2026,11.05.2026,13.05.2026,02.06.2026,04.06.2026,08.06.2026,08.06.2026,,S001,WH KLS JABABEKA
I100260508L099_S001,CDE PICKUP,1492500,0,0,0,0,0,1492500,S001 - WH KLS JABABEKA,PT. Nusantara Cargo Line,7,ON SCHEDULE,27,0,08.06.2026,11.05.2026,13.05.2026,02.06.2026,04.06.2026,08.06.2026,08.06.2026,,S001,WH KLS JABABEKA
I100260508T007_S001,WINGBOX,5650000,0,0,0,0,0,5650000,S001 - WH KLS JABABEKA,PT. DUTA MEDIA MANDIRI,7,ON SCHEDULE,29,0,07.06.2026,08.05.2026,11.05.2026,18.05.2026,18.05.2026,19.05.2026,19.05.2026,,S001,WH KLS JABABEKA
I100260509L016_S001,CDD BAK,4500000,0,0,0,550000,0,5050000,S001 - WH KLS JABABEKA,PT. HARI JAYA SEJAHTERA,7,ON SCHEDULE,29,0,08.06.2026,09.05.2026,12.05.2026,19.05.2026,20.05.2026,21.05.2026,21.05.2026,,S001,WH KLS JABABEKA
I100260509L016_S001,CDD BAK,4500000,0,0,0,550000,0,5050000,S001 - WH KLS JABABEKA,PT. HARI JAYA SEJAHTERA,7,ON SCHEDULE,29,0,08.06.2026,09.05.2026,12.05.2026,19.05.2026,20.05.2026,21.05.2026,21.05.2026,,S001,WH KLS JABABEKA
I100260509L017_S001,CDD BAK,16500000,0,0,0,0,0,16500000,S001 - WH KLS JABABEKA,PT. EKA CIPTA MANGGALA,7,ON SCHEDULE,33,0,13.06.2026,10.05.2026,16.05.2026,21.05.2026,21.05.2026,21.05.2026,21.05.2026,,S001,WH KLS JABABEKA
I100260509L018_S001,CDD BAK,4500000,0,0,0,0,0,4500000,S001 - WH KLS JABABEKA,PT. HARI JAYA SEJAHTERA,7,ON SCHEDULE,29,0,09.06.2026,10.05.2026,12.05.2026,19.05.2026,20.05.2026,21.05.2026,21.05.2026,,S001,WH KLS JABABEKA
I100260509L019_S001,CDD BAK,4500000,0,0,0,0,0,4500000,S001 - WH KLS JABABEKA,PT. HARI JAYA SEJAHTERA,7,ON SCHEDULE,29,0,08.06.2026,09.05.2026,12.05.2026,19.05.2026,20.05.2026,21.05.2026,21.05.2026,,S001,WH KLS JABABEKA
I100260509L020_S001,CDD BAK,5000000,0,0,0,800000,0,5800000,S001 - WH KLS JABABEKA,PT. EKA CIPTA MANGGALA,7,ON SCHEDULE,29,0,08.06.2026,09.05.2026,12.05.2026,21.05.2026,21.05.2026,21.05.2026,21.05.2026,,S001,WH KLS JABABEKA
I100260509L020_S001,CDD BAK,5000000,0,0,0,800000,0,5800000,S001 - WH KLS JABABEKA,PT. EKA CIPTA MANGGALA,7,ON SCHEDULE,29,0,08.06.2026,09.05.2026,12.05.2026,21.05.2026,21.05.2026,21.05.2026,21.05.2026,,S001,WH KLS JABABEKA
I100260509L020_S001,CDD BAK,5000000,0,0,0,800000,0,5800000,S001 - WH KLS JABABEKA,PT. EKA CIPTA MANGGALA,7,ON SCHEDULE,29,0,08.06.2026,09.05.2026,12.05.2026,21.05.2026,21.05.2026,21.05.2026,21.05.2026,,S001,WH KLS JABABEKA
I100260509L020_S001,CDD BAK,5000000,0,0,0,800000,0,5800000,S001 - WH KLS JABABEKA,PT. EKA CIPTA MANGGALA,7,ON SCHEDULE,29,0,08.06.2026,09.05.2026,12.05.2026,21.05.2026,21.05.2026,21.05.2026,21.05.2026,,S001,WH KLS JABABEKA
I100260509L021_S001,CDD BAK,5300000,0,0,0,400000,0,5700000,S001 - WH KLS JABABEKA,PT. EKA CIPTA MANGGALA,7,ON SCHEDULE,29,0,09.06.2026,10.05.2026,12.05.2026,21.05.2026,21.05.2026,21.05.2026,21.05.2026,,S001,WH KLS JABABEKA
I100260509L021_S001,CDD BAK,5300000,0,0,0,400000,0,5700000,S001 - WH KLS JABABEKA,PT. EKA CIPTA MANGGALA,7,ON SCHEDULE,29,0,09.06.2026,10.05.2026,12.05.2026,21.05.2026,21.05.2026,21.05.2026,21.05.2026,,S001,WH KLS JABABEKA
I100260509L021_S001,CDD BAK,5300000,0,0,0,400000,0,5700000,S001 - WH KLS JABABEKA,PT. EKA CIPTA MANGGALA,7,ON SCHEDULE,29,0,09.06.2026,10.05.2026,12.05.2026,21.05.2026,21.05.2026,21.05.2026,21.05.2026,,S001,WH KLS JABABEKA
I100260509L028_S001,CDE PICKUP,1912000,0,0,0,0,0,1912000,S001 - WH KLS JABABEKA,PT. MERPATI ALAM SEMESTA,7,ON SCHEDULE,27,0,06.06.2026,09.05.2026,22.05.2026,18.06.2026,23.06.2026,26.06.2026,26.06.2026,,S001,WH KLS JABABEKA
I100260509L028_S001,CDE PICKUP,1912000,0,0,0,0,0,1912000,S001 - WH KLS JABABEKA,PT. MERPATI ALAM SEMESTA,7,ON SCHEDULE,27,0,06.06.2026,09.05.2026,22.05.2026,18.06.2026,23.06.2026,26.06.2026,26.06.2026,,S001,WH KLS JABABEKA
I100260509L029_S001,CDE PICKUP,182000,0,0,0,0,0,182000,S001 - WH KLS JABABEKA,PT. MERPATI ALAM SEMESTA,7,ON SCHEDULE,27,0,06.06.2026,09.05.2026,04.06.2026,12.06.2026,14.06.2026,19.06.2026,19.06.2026,,S001,WH KLS JABABEKA
I100260509L029_S001,CDE PICKUP,182000,0,0,0,0,0,182000,S001 - WH KLS JABABEKA,PT. MERPATI ALAM SEMESTA,7,ON SCHEDULE,27,0,06.06.2026,09.05.2026,04.06.2026,12.06.2026,14.06.2026,19.06.2026,19.06.2026,,S001,WH KLS JABABEKA
I100260509L030_S001,CDE PICKUP,266000,0,0,0,0,0,266000,S001 - WH KLS JABABEKA,PT. MERPATI ALAM SEMESTA,7,ON SCHEDULE,27,0,06.06.2026,09.05.2026,20.05.2026,15.06.2026,23.06.2026,26.06.2026,26.06.2026,,S001,WH KLS JABABEKA
I100260509L030_S001,CDE PICKUP,266000,0,0,0,0,0,266000,S001 - WH KLS JABABEKA,PT. MERPATI ALAM SEMESTA,7,ON SCHEDULE,27,0,06.06.2026,09.05.2026,20.05.2026,15.06.2026,23.06.2026,26.06.2026,26.06.2026,,S001,WH KLS JABABEKA
I100260509L031_S001,CDE PICKUP,6000000,0,0,0,0,0,6000000,S001 - WH KLS JABABEKA,PT. MERPATI ALAM SEMESTA,6,LATE,27,86,06.06.2026,09.05.2026,04.06.2026,21.07.2026,28.07.2026,03.08.2026,03.08.2026,,S001,WH KLS JABABEKA
I100260509L031_S001,CDE PICKUP,6000000,0,0,0,0,0,6000000,S001 - WH KLS JABABEKA,PT. MERPATI ALAM SEMESTA,6,LATE,27,86,06.06.2026,09.05.2026,04.06.2026,21.07.2026,28.07.2026,03.08.2026,03.08.2026,,S001,WH KLS JABABEKA
I100260509L032_S001,CDE PICKUP,1070000,0,0,0,0,0,1070000,S001 - WH KLS JABABEKA,PT. MERPATI ALAM SEMESTA,7,ON SCHEDULE,27,0,06.06.2026,09.05.2026,04.06.2026,12.06.2026,14.06.2026,19.06.2026,19.06.2026,,S001,WH KLS JABABEKA
I100260509L032_S001,CDE PICKUP,1070000,0,0,0,0,0,1070000,S001 - WH KLS JABABEKA,PT. MERPATI ALAM SEMESTA,7,ON SCHEDULE,27,0,06.06.2026,09.05.2026,04.06.2026,12.06.2026,14.06.2026,19.06.2026,19.06.2026,,S001,WH KLS JABABEKA
I100260509L033_S001,CDE PICKUP,600000,0,0,0,0,0,600000,S001 - WH KLS JABABEKA,PT. MERPATI ALAM SEMESTA,7,ON SCHEDULE,27,0,06.06.2026,09.05.2026,22.05.2026,18.06.2026,23.06.2026,26.06.2026,26.06.2026,,S001,WH KLS JABABEKA
I100260509L033_S001,CDE PICKUP,600000,0,0,0,0,0,600000,S001 - WH KLS JABABEKA,PT. MERPATI ALAM SEMESTA,7,ON SCHEDULE,27,0,06.06.2026,09.05.2026,22.05.2026,18.06.2026,23.06.2026,26.06.2026,26.06.2026,,S001,WH KLS JABABEKA
I100260509L034_S001,CDE PICKUP,254625,0,0,0,0,0,254625,S001 - WH KLS JABABEKA,PT. MERPATI ALAM SEMESTA,7,ON SCHEDULE,27,0,07.06.2026,10.05.2026,22.05.2026,18.06.2026,23.06.2026,26.06.2026,26.06.2026,,S001,WH KLS JABABEKA
I100260509L034_S001,CDE PICKUP,254625,0,0,0,0,0,254625,S001 - WH KLS JABABEKA,PT. MERPATI ALAM SEMESTA,7,ON SCHEDULE,27,0,07.06.2026,10.05.2026,22.05.2026,18.06.2026,23.06.2026,26.06.2026,26.06.2026,,S001,WH KLS JABABEKA
I100260509L035_S001,CDE PICKUP,1140000,0,0,0,0,0,1140000,S001 - WH KLS JABABEKA,PT. MERPATI ALAM SEMESTA,7,ON SCHEDULE,27,0,06.06.2026,09.05.2026,22.05.2026,18.06.2026,23.06.2026,26.06.2026,26.06.2026,,S001,WH KLS JABABEKA
I100260509L035_S001,CDE PICKUP,1140000,0,0,0,0,0,1140000,S001 - WH KLS JABABEKA,PT. MERPATI ALAM SEMESTA,7,ON SCHEDULE,27,0,06.06.2026,09.05.2026,22.05.2026,18.06.2026,23.06.2026,26.06.2026,26.06.2026,,S001,WH KLS JABABEKA
I100260509L036_S001,CDE PICKUP,52500,0,0,0,0,0,52500,S001 - WH KLS JABABEKA,PT. MERPATI ALAM SEMESTA,7,ON SCHEDULE,27,0,06.06.2026,09.05.2026,22.05.2026,18.06.2026,23.06.2026,29.06.2026,29.06.2026,,S001,WH KLS JABABEKA
I100260509L036_S001,CDE PICKUP,52500,0,0,0,0,0,52500,S001 - WH KLS JABABEKA,PT. MERPATI ALAM SEMESTA,7,ON SCHEDULE,27,0,06.06.2026,09.05.2026,22.05.2026,18.06.2026,23.06.2026,29.06.2026,29.06.2026,,S001,WH KLS JABABEKA
I100260509L037_S001,CDE PICKUP,1344000,0,0,0,0,0,1344000,S001 - WH KLS JABABEKA,PT. MERPATI ALAM SEMESTA,7,ON SCHEDULE,27,0,06.06.2026,09.05.2026,22.05.2026,18.06.2026,23.06.2026,29.06.2026,29.06.2026,,S001,WH KLS JABABEKA
I100260509L037_S001,CDE PICKUP,1344000,0,0,0,0,0,1344000,S001 - WH KLS JABABEKA,PT. MERPATI ALAM SEMESTA,7,ON SCHEDULE,27,0,06.06.2026,09.05.2026,22.05.2026,18.06.2026,23.06.2026,29.06.2026,29.06.2026,,S001,WH KLS JABABEKA
I100260509L038_S001,CDE PICKUP,75750,0,0,0,0,0,75750,S001 - WH KLS JABABEKA,PT. MERPATI ALAM SEMESTA,7,ON SCHEDULE,27,0,06.06.2026,09.05.2026,22.05.2026,18.06.2026,23.06.2026,30.06.2026,30.06.2026,,S001,WH KLS JABABEKA
I100260509L038_S001,CDE PICKUP,75750,0,0,0,0,0,75750,S001 - WH KLS JABABEKA,PT. MERPATI ALAM SEMESTA,7,ON SCHEDULE,27,0,06.06.2026,09.05.2026,22.05.2026,18.06.2026,23.06.2026,30.06.2026,30.06.2026,,S001,WH KLS JABABEKA
I100260509L068_S001,WINGBOX,7000000,0,0,0,0,0,7000000,S001 - WH KLS JABABEKA,PT.JAYA MULYA ERALINDO,6,LATE,27,86,06.06.2026,09.05.2026,12.05.2026,11.06.2026,14.06.2026,18.06.2026,20.07.2026,,S001,WH KLS JABABEKA
I100260509L090_S001,MINI VAN BOX,0,0,0,0,0,0,0,S001 - WH KLS JABABEKA,FIRST LOGISTICS,2,LATE,7,85,18.05.2026,10.05.2026,04.06.2026,,,,,,S001,WH KLS JABABEKA
I100260509L091_S001,MINI VAN BOX,0,0,0,0,0,0,0,S001 - WH KLS JABABEKA,FIRST LOGISTICS,2,LATE,7,85,18.05.2026,10.05.2026,04.06.2026,,,,,,S001,WH KLS JABABEKA
I100260509L092_S001,MINI VAN BOX,0,0,0,0,0,0,0,S001 - WH KLS JABABEKA,FIRST LOGISTICS,2,LATE,7,85,18.05.2026,10.05.2026,04.06.2026,,,,,,S001,WH KLS JABABEKA
I100260509L094_S001,MINI VAN BOX,0,0,0,0,0,0,0,S001 - WH KLS JABABEKA,FIRST LOGISTICS,2,LATE,7,85,18.05.2026,10.05.2026,05.06.2026,,,,,,S001,WH KLS JABABEKA
I100260509L095_S001,MINI VAN BOX,0,0,0,0,0,0,0,S001 - WH KLS JABABEKA,FIRST LOGISTICS,2,LATE,7,85,18.05.2026,10.05.2026,04.06.2026,,,,,,S001,WH KLS JABABEKA
I100260509L096_S001,MINI VAN BOX,0,0,0,0,0,0,0,S001 - WH KLS JABABEKA,FIRST LOGISTICS,2,LATE,7,84,19.05.2026,11.05.2026,26.06.2026,,,,,,S001,WH KLS JABABEKA
I100260509L097_S001,MINI VAN BOX,0,0,0,0,0,0,0,S001 - WH KLS JABABEKA,FIRST LOGISTICS,2,LATE,7,84,19.05.2026,11.05.2026,01.07.2026,,,,,,S001,WH KLS JABABEKA
I100260509L098_S001,MINI VAN BOX,0,0,0,0,0,0,0,S001 - WH KLS JABABEKA,FIRST LOGISTICS,2,LATE,7,85,18.05.2026,10.05.2026,04.06.2026,,,,,,S001,WH KLS JABABEKA
I100260509L099_S001,MINI VAN BOX,0,0,0,0,0,0,0,S001 - WH KLS JABABEKA,FIRST LOGISTICS,2,LATE,7,85,18.05.2026,10.05.2026,04.06.2026,,,,,,S001,WH KLS JABABEKA
I100260509L100_S001,MINI VAN BOX,0,0,0,0,0,0,0,S001 - WH KLS JABABEKA,FIRST LOGISTICS,2,LATE,7,85,18.05.2026,10.05.2026,04.06.2026,,,,,,S001,WH KLS JABABEKA
I100260510L005_S001,CDD BAK,3700000,0,0,0,800000,0,4500000,S001 - WH KLS JABABEKA,PT. EKA CIPTA MANGGALA,7,ON SCHEDULE,27,0,07.06.2026,10.05.2026,12.05.2026,21.05.2026,21.05.2026,21.05.2026,21.05.2026,,S001,WH KLS JABABEKA
I100260510L005_S001,CDD BAK,3700000,0,0,0,800000,0,4500000,S001 - WH KLS JABABEKA,PT. EKA CIPTA MANGGALA,7,ON SCHEDULE,27,0,07.06.2026,10.05.2026,12.05.2026,21.05.2026,21.05.2026,21.05.2026,21.05.2026,,S001,WH KLS JABABEKA
I100260510L005_S001,CDD BAK,3700000,0,0,0,800000,0,4500000,S001 - WH KLS JABABEKA,PT. EKA CIPTA MANGGALA,7,ON SCHEDULE,27,0,07.06.2026,10.05.2026,12.05.2026,21.05.2026,21.05.2026,21.05.2026,21.05.2026,,S001,WH KLS JABABEKA
I100260510L005_S001,CDD BAK,3700000,0,0,0,800000,0,4500000,S001 - WH KLS JABABEKA,PT. EKA CIPTA MANGGALA,7,ON SCHEDULE,27,0,07.06.2026,10.05.2026,12.05.2026,21.05.2026,21.05.2026,21.05.2026,21.05.2026,,S001,WH KLS JABABEKA
I100260510L006_S001,FUSO LOSBAK,10000000,0,0,0,0,0,10000000,S001 - WH KLS JABABEKA,CV. BANGUN JASA TRANS,7,ON SCHEDULE,27,0,07.06.2026,10.05.2026,11.05.2026,13.05.2026,14.05.2026,21.05.2026,21.05.2026,,S001,WH KLS JABABEKA
I100260510L007_S001,CDD BAK,4000000,0,0,0,800000,0,4800000,S001 - WH KLS JABABEKA,PT. EKA CIPTA MANGGALA,7,ON SCHEDULE,27,0,07.06.2026,10.05.2026,12.05.2026,21.05.2026,21.05.2026,21.05.2026,21.05.2026,,S001,WH KLS JABABEKA
I100260510L007_S001,CDD BAK,4000000,0,0,0,800000,0,4800000,S001 - WH KLS JABABEKA,PT. EKA CIPTA MANGGALA,7,ON SCHEDULE,27,0,07.06.2026,10.05.2026,12.05.2026,21.05.2026,21.05.2026,21.05.2026,21.05.2026,,S001,WH KLS JABABEKA
I100260510L007_S001,CDD BAK,4000000,0,0,0,800000,0,4800000,S001 - WH KLS JABABEKA,PT. EKA CIPTA MANGGALA,7,ON SCHEDULE,27,0,07.06.2026,10.05.2026,12.05.2026,21.05.2026,21.05.2026,21.05.2026,21.05.2026,,S001,WH KLS JABABEKA
I100260510L007_S001,CDD BAK,4000000,0,0,0,800000,0,4800000,S001 - WH KLS JABABEKA,PT. EKA CIPTA MANGGALA,7,ON SCHEDULE,27,0,07.06.2026,10.05.2026,12.05.2026,21.05.2026,21.05.2026,21.05.2026,21.05.2026,,S001,WH KLS JABABEKA
I100260510L008_S001,CDD BAK,4100000,0,0,0,1200000,0,5300000,S001 - WH KLS JABABEKA,PT. EKA CIPTA MANGGALA,7,ON SCHEDULE,28,0,08.06.2026,10.05.2026,12.05.2026,21.05.2026,21.05.2026,21.05.2026,21.05.2026,,S001,WH KLS JABABEKA
I100260510L008_S001,CDD BAK,4100000,0,0,0,1200000,0,5300000,S001 - WH KLS JABABEKA,PT. EKA CIPTA MANGGALA,7,ON SCHEDULE,28,0,08.06.2026,10.05.2026,12.05.2026,21.05.2026,21.05.2026,21.05.2026,21.05.2026,,S001,WH KLS JABABEKA
I100260510L008_S001,CDD BAK,4100000,0,0,0,1200000,0,5300000,S001 - WH KLS JABABEKA,PT. EKA CIPTA MANGGALA,7,ON SCHEDULE,28,0,08.06.2026,10.05.2026,12.05.2026,21.05.2026,21.05.2026,21.05.2026,21.05.2026,,S001,WH KLS JABABEKA
I100260510L008_S001,CDD BAK,4100000,0,0,0,1200000,0,5300000,S001 - WH KLS JABABEKA,PT. EKA CIPTA MANGGALA,7,ON SCHEDULE,28,0,08.06.2026,10.05.2026,12.05.2026,21.05.2026,21.05.2026,21.05.2026,21.05.2026,,S001,WH KLS JABABEKA
I100260510L008_S001,CDD BAK,4100000,0,0,0,1200000,0,5300000,S001 - WH KLS JABABEKA,PT. EKA CIPTA MANGGALA,7,ON SCHEDULE,28,0,08.06.2026,10.05.2026,12.05.2026,21.05.2026,21.05.2026,21.05.2026,21.05.2026,,S001,WH KLS JABABEKA
I100260510L008_S001,CDD BAK,4100000,0,0,0,1200000,0,5300000,S001 - WH KLS JABABEKA,PT. EKA CIPTA MANGGALA,7,ON SCHEDULE,28,0,08.06.2026,10.05.2026,12.05.2026,21.05.2026,21.05.2026,21.05.2026,21.05.2026,,S001,WH KLS JABABEKA
I100260510L008_S001,CDD BAK,4100000,0,0,0,1200000,0,5300000,S001 - WH KLS JABABEKA,PT. EKA CIPTA MANGGALA,7,ON SCHEDULE,28,0,08.06.2026,10.05.2026,12.05.2026,21.05.2026,21.05.2026,21.05.2026,21.05.2026,,S001,WH KLS JABABEKA
I100260510L008_S001,CDD BAK,4100000,0,0,0,1200000,0,5300000,S001 - WH KLS JABABEKA,PT. EKA CIPTA MANGGALA,7,ON SCHEDULE,28,0,08.06.2026,10.05.2026,12.05.2026,21.05.2026,21.05.2026,21.05.2026,21.05.2026,,S001,WH KLS JABABEKA
I100260510L008_S001,CDD BAK,4100000,0,0,0,1200000,0,5300000,S001 - WH KLS JABABEKA,PT. EKA CIPTA MANGGALA,7,ON SCHEDULE,28,0,08.06.2026,10.05.2026,12.05.2026,21.05.2026,21.05.2026,21.05.2026,21.05.2026,,S001,WH KLS JABABEKA
I100260510L008_S001,CDD BAK,4100000,0,0,0,1200000,0,5300000,S001 - WH KLS JABABEKA,PT. EKA CIPTA MANGGALA,7,ON SCHEDULE,28,0,08.06.2026,10.05.2026,12.05.2026,21.05.2026,21.05.2026,21.05.2026,21.05.2026,,S001,WH KLS JABABEKA
I100260510L009_S001,CDD LONG CHASSIS,2850000,0,0,0,300000,0,3150000,S001 - WH KLS JABABEKA,BINTANG SAMUDERA,7,ON SCHEDULE,27,0,07.06.2026,10.05.2026,12.05.2026,09.06.2026,09.06.2026,10.06.2026,10.06.2026,,S001,WH KLS JABABEKA
I100260510L014_S001,CDD BAK,4000000,0,0,0,800000,0,4800000,S001 - WH KLS JABABEKA,PT. EKA CIPTA MANGGALA,7,ON SCHEDULE,28,0,09.06.2026,11.05.2026,12.05.2026,21.05.2026,21.05.2026,21.05.2026,21.05.2026,,S001,WH KLS JABABEKA
I100260510L014_S001,CDD BAK,4000000,0,0,0,800000,0,4800000,S001 - WH KLS JABABEKA,PT. EKA CIPTA MANGGALA,7,ON SCHEDULE,28,0,09.06.2026,11.05.2026,12.05.2026,21.05.2026,21.05.2026,21.05.2026,21.05.2026,,S001,WH KLS JABABEKA
I100260510L014_S001,CDD BAK,4000000,0,0,0,800000,0,4800000,S001 - WH KLS JABABEKA,PT. EKA CIPTA MANGGALA,7,ON SCHEDULE,28,0,09.06.2026,11.05.2026,12.05.2026,21.05.2026,21.05.2026,21.05.2026,21.05.2026,,S001,WH KLS JABABEKA
I100260510L014_S001,CDD BAK,4000000,0,0,0,800000,0,4800000,S001 - WH KLS JABABEKA,PT. EKA CIPTA MANGGALA,7,ON SCHEDULE,28,0,09.06.2026,11.05.2026,12.05.2026,21.05.2026,21.05.2026,21.05.2026,21.05.2026,,S001,WH KLS JABABEKA
I100260511C053_S001,TRAILER LOSBAK,5750000,0,0,0,0,750000,6500000,S001 - WH KLS JABABEKA,CV. BANGUN JASA TRANS,7,ON SCHEDULE,27,0,20.06.2026,23.05.2026,23.05.2026,10.06.2026,14.06.2026,15.06.2026,19.06.2026,,S001,WH KLS JABABEKA
I100260511L009_S001,CDD BAK,4700000,0,0,0,1000000,0,5700000,S001 - WH KLS JABABEKA,BINTANG SAMUDERA,7,ON SCHEDULE,27,0,08.06.2026,11.05.2026,16.05.2026,09.06.2026,09.06.2026,10.06.2026,10.06.2026,,S001,WH KLS JABABEKA
I100260511L010_S001,CDD BAK,7500000,0,0,0,0,0,7500000,S001 - WH KLS JABABEKA,PT. EKA CIPTA MANGGALA,7,ON SCHEDULE,31,0,12.06.2026,11.05.2026,16.05.2026,21.05.2026,21.05.2026,21.05.2026,21.05.2026,,S001,WH KLS JABABEKA
I100260511L011_S001,CONT-20,15500000,0,0,300000,0,0,15800000,S001 - WH KLS JABABEKA,PT. SENTOSA PRIMA ABADI,6,LATE,40,84,22.06.2026,12.05.2026,31.05.2026,30.06.2026,01.07.2026,08.07.2026,08.07.2026,,S001,WH KLS JABABEKA
I100260511L013_S001,CDE PICKUP,765000,0,0,0,0,0,765000,S001 - WH KLS JABABEKA,PT. Nusantara Cargo Line,7,ON SCHEDULE,27,0,09.06.2026,12.05.2026,26.05.2026,02.06.2026,04.06.2026,08.06.2026,08.06.2026,,S001,WH KLS JABABEKA
I100260511L013_S001,CDE PICKUP,765000,0,0,0,0,0,765000,S001 - WH KLS JABABEKA,PT. Nusantara Cargo Line,7,ON SCHEDULE,27,0,09.06.2026,12.05.2026,26.05.2026,02.06.2026,04.06.2026,08.06.2026,08.06.2026,,S001,WH KLS JABABEKA
I100260511L014_S001,CDE PICKUP,275000,0,0,0,0,0,275000,S001 - WH KLS JABABEKA,PT. Nusantara Cargo Line,7,ON SCHEDULE,27,0,09.06.2026,12.05.2026,20.05.2026,02.06.2026,04.06.2026,08.06.2026,08.06.2026,,S001,WH KLS JABABEKA
I100260511L014_S001,CDE PICKUP,275000,0,0,0,0,0,275000,S001 - WH KLS JABABEKA,PT. Nusantara Cargo Line,7,ON SCHEDULE,27,0,09.06.2026,12.05.2026,20.05.2026,02.06.2026,04.06.2026,08.06.2026,08.06.2026,,S001,WH KLS JABABEKA
I100260511L015_S001,CDE PICKUP,275000,0,0,0,0,0,275000,S001 - WH KLS JABABEKA,PT. Nusantara Cargo Line,7,ON SCHEDULE,27,0,09.06.2026,12.05.2026,20.05.2026,02.06.2026,04.06.2026,08.06.2026,08.06.2026,,S001,WH KLS JABABEKA
I100260511L015_S001,CDE PICKUP,275000,0,0,0,0,0,275000,S001 - WH KLS JABABEKA,PT. Nusantara Cargo Line,7,ON SCHEDULE,27,0,09.06.2026,12.05.2026,20.05.2026,02.06.2026,04.06.2026,08.06.2026,08.06.2026,,S001,WH KLS JABABEKA
I100260511L016_S001,CDE PICKUP,1976000,0,0,0,0,0,1976000,S001 - WH KLS JABABEKA,PT. Nusantara Cargo Line,7,ON SCHEDULE,27,0,09.06.2026,12.05.2026,20.05.2026,02.06.2026,04.06.2026,08.06.2026,08.06.2026,,S001,WH KLS JABABEKA
I100260511L016_S001,CDE PICKUP,1976000,0,0,0,0,0,1976000,S001 - WH KLS JABABEKA,PT. Nusantara Cargo Line,7,ON SCHEDULE,27,0,09.06.2026,12.05.2026,20.05.2026,02.06.2026,04.06.2026,08.06.2026,08.06.2026,,S001,WH KLS JABABEKA
I100260511L017_S001,CDE PICKUP,275000,0,0,0,0,0,275000,S001 - WH KLS JABABEKA,PT. Nusantara Cargo Line,7,ON SCHEDULE,27,0,09.06.2026,12.05.2026,20.05.2026,02.06.2026,04.06.2026,08.06.2026,08.06.2026,,S001,WH KLS JABABEKA
I100260511L017_S001,CDE PICKUP,275000,0,0,0,0,0,275000,S001 - WH KLS JABABEKA,PT. Nusantara Cargo Line,7,ON SCHEDULE,27,0,09.06.2026,12.05.2026,20.05.2026,02.06.2026,04.06.2026,08.06.2026,08.06.2026,,S001,WH KLS JABABEKA
I100260511L018_S001,CDE PICKUP,275000,0,0,0,0,0,275000,S001 - WH KLS JABABEKA,PT. Nusantara Cargo Line,7,ON SCHEDULE,27,0,09.06.2026,12.05.2026,20.05.2026,02.06.2026,04.06.2026,08.06.2026,08.06.2026,,S001,WH KLS JABABEKA
I100260511L018_S001,CDE PICKUP,275000,0,0,0,0,0,275000,S001 - WH KLS JABABEKA,PT. Nusantara Cargo Line,7,ON SCHEDULE,27,0,09.06.2026,12.05.2026,20.05.2026,02.06.2026,04.06.2026,08.06.2026,08.06.2026,,S001,WH KLS JABABEKA
I100260511L019_S001,CDE PICKUP,350000,0,0,0,0,0,350000,S001 - WH KLS JABABEKA,PT. Nusantara Cargo Line,7,ON SCHEDULE,27,0,09.06.2026,12.05.2026,20.05.2026,02.06.2026,04.06.2026,09.06.2026,09.06.2026,,S001,WH KLS JABABEKA
I100260511L019_S001,CDE PICKUP,350000,0,0,0,0,0,350000,S001 - WH KLS JABABEKA,PT. Nusantara Cargo Line,7,ON SCHEDULE,27,0,09.06.2026,12.05.2026,20.05.2026,02.06.2026,04.06.2026,09.06.2026,09.06.2026,,S001,WH KLS JABABEKA
I100260511L020_S001,CDE PICKUP,350000,0,0,0,0,0,350000,S001 - WH KLS JABABEKA,PT. Nusantara Cargo Line,7,ON SCHEDULE,27,0,09.06.2026,12.05.2026,20.05.2026,02.06.2026,04.06.2026,09.06.2026,09.06.2026,,S001,WH KLS JABABEKA
I100260511L020_S001,CDE PICKUP,350000,0,0,0,0,0,350000,S001 - WH KLS JABABEKA,PT. Nusantara Cargo Line,7,ON SCHEDULE,27,0,09.06.2026,12.05.2026,20.05.2026,02.06.2026,04.06.2026,09.06.2026,09.06.2026,,S001,WH KLS JABABEKA
I100260511L021_S001,CDE LONG CHASSIS,900000,0,0,0,0,0,900000,S001 - WH KLS JABABEKA,PT. Nusantara Cargo Line,7,ON SCHEDULE,27,0,09.06.2026,12.05.2026,04.06.2026,29.06.2026,01.07.2026,03.07.2026,03.07.2026,,S001,WH KLS JABABEKA
I100260511L021_S001,CDE LONG CHASSIS,900000,0,0,0,0,0,900000,S001 - WH KLS JABABEKA,PT. Nusantara Cargo Line,7,ON SCHEDULE,27,0,09.06.2026,12.05.2026,04.06.2026,29.06.2026,01.07.2026,03.07.2026,03.07.2026,,S001,WH KLS JABABEKA
I100260511L022_S001,CDE PICKUP,325000,0,0,0,0,0,325000,S001 - WH KLS JABABEKA,PT. Nusantara Cargo Line,7,ON SCHEDULE,27,0,09.06.2026,12.05.2026,20.05.2026,02.06.2026,04.06.2026,09.06.2026,09.06.2026,,S001,WH KLS JABABEKA
I100260511L022_S001,CDE PICKUP,325000,0,0,0,0,0,325000,S001 - WH KLS JABABEKA,PT. Nusantara Cargo Line,7,ON SCHEDULE,27,0,09.06.2026,12.05.2026,20.05.2026,02.06.2026,04.06.2026,09.06.2026,09.06.2026,,S001,WH KLS JABABEKA
I100260511L023_S001,CDE PICKUP,0,0,0,0,0,0,0,S001 - WH KLS JABABEKA,PT. Nusantara Cargo Line,2,LATE,7,84,20.05.2026,12.05.2026,04.06.2026,,,,,,S001,WH KLS JABABEKA
I100260511L024_S001,CDE PICKUP,275000,0,0,0,0,0,275000,S001 - WH KLS JABABEKA,PT. Nusantara Cargo Line,7,ON SCHEDULE,27,0,09.06.2026,12.05.2026,20.05.2026,02.06.2026,04.06.2026,09.06.2026,09.06.2026,,S001,WH KLS JABABEKA
I100260511L024_S001,CDE PICKUP,275000,0,0,0,0,0,275000,S001 - WH KLS JABABEKA,PT. Nusantara Cargo Line,7,ON SCHEDULE,27,0,09.06.2026,12.05.2026,20.05.2026,02.06.2026,04.06.2026,09.06.2026,09.06.2026,,S001,WH KLS JABABEKA
I100260511L025_S001,CDE PICKUP,1000000,0,0,0,0,0,1000000,S001 - WH KLS JABABEKA,PT. Nusantara Cargo Line,7,ON SCHEDULE,27,0,09.06.2026,12.05.2026,04.06.2026,30.06.2026,01.07.2026,01.07.2026,01.07.2026,,S001,WH KLS JABABEKA
I100260511L025_S001,CDE PICKUP,1000000,0,0,0,0,0,1000000,S001 - WH KLS JABABEKA,PT. Nusantara Cargo Line,7,ON SCHEDULE,27,0,09.06.2026,12.05.2026,04.06.2026,30.06.2026,01.07.2026,01.07.2026,01.07.2026,,S001,WH KLS JABABEKA
I100260511L027_S001,CDE PICKUP,352000,0,0,0,0,0,352000,S001 - WH KLS JABABEKA,PT. Nusantara Cargo Line,7,ON SCHEDULE,27,0,09.06.2026,12.05.2026,26.05.2026,02.06.2026,04.06.2026,09.06.2026,10.06.2026,,S001,WH KLS JABABEKA
I100260511L027_S001,CDE PICKUP,352000,0,0,0,0,0,352000,S001 - WH KLS JABABEKA,PT. Nusantara Cargo Line,7,ON SCHEDULE,27,0,09.06.2026,12.05.2026,26.05.2026,02.06.2026,04.06.2026,09.06.2026,10.06.2026,,S001,WH KLS JABABEKA
I100260511L028_S001,CDE PICKUP,0,0,0,0,0,0,0,S001 - WH KLS JABABEKA,PT. Nusantara Cargo Line,2,LATE,7,84,20.05.2026,12.05.2026,04.06.2026,,,,,,S001,WH KLS JABABEKA
I100260511L029_S001,CDE PICKUP,700000,0,0,0,0,0,700000,S001 - WH KLS JABABEKA,PT. Nusantara Cargo Line,7,ON SCHEDULE,27,0,09.06.2026,12.05.2026,20.05.2026,02.06.2026,04.06.2026,09.06.2026,09.06.2026,,S001,WH KLS JABABEKA
I100260511L029_S001,CDE PICKUP,700000,0,0,0,0,0,700000,S001 - WH KLS JABABEKA,PT. Nusantara Cargo Line,7,ON SCHEDULE,27,0,09.06.2026,12.05.2026,20.05.2026,02.06.2026,04.06.2026,09.06.2026,09.06.2026,,S001,WH KLS JABABEKA
I100260511L030_S001,CDE PICKUP,275000,0,0,0,0,0,275000,S001 - WH KLS JABABEKA,PT. Nusantara Cargo Line,7,ON SCHEDULE,27,0,09.06.2026,12.05.2026,20.05.2026,02.06.2026,04.06.2026,09.06.2026,09.06.2026,,S001,WH KLS JABABEKA
I100260511L030_S001,CDE PICKUP,275000,0,0,0,0,0,275000,S001 - WH KLS JABABEKA,PT. Nusantara Cargo Line,7,ON SCHEDULE,27,0,09.06.2026,12.05.2026,20.05.2026,02.06.2026,04.06.2026,09.06.2026,09.06.2026,,S001,WH KLS JABABEKA
I100260511L031_S001,CDE PICKUP,250000,0,0,0,0,0,250000,S001 - WH KLS JABABEKA,PT. Nusantara Cargo Line,7,ON SCHEDULE,27,0,09.06.2026,12.05.2026,20.05.2026,03.06.2026,04.06.2026,10.06.2026,10.06.2026,,S001,WH KLS JABABEKA
I100260511L031_S001,CDE PICKUP,250000,0,0,0,0,0,250000,S001 - WH KLS JABABEKA,PT. Nusantara Cargo Line,7,ON SCHEDULE,27,0,09.06.2026,12.05.2026,20.05.2026,03.06.2026,04.06.2026,10.06.2026,10.06.2026,,S001,WH KLS JABABEKA
I100260511L032_S001,CDE PICKUP,275000,0,0,0,0,0,275000,S001 - WH KLS JABABEKA,PT. Nusantara Cargo Line,7,ON SCHEDULE,27,0,09.06.2026,12.05.2026,20.05.2026,02.06.2026,04.06.2026,10.06.2026,10.06.2026,,S001,WH KLS JABABEKA
I100260511L032_S001,CDE PICKUP,275000,0,0,0,0,0,275000,S001 - WH KLS JABABEKA,PT. Nusantara Cargo Line,7,ON SCHEDULE,27,0,09.06.2026,12.05.2026,20.05.2026,02.06.2026,04.06.2026,10.06.2026,10.06.2026,,S001,WH KLS JABABEKA
I100260511L033_S001,CDE PICKUP,1500000,0,0,0,0,0,1500000,S001 - WH KLS JABABEKA,PT. Nusantara Cargo Line,7,ON SCHEDULE,27,0,09.06.2026,12.05.2026,04.06.2026,15.06.2026,18.06.2026,18.06.2026,18.06.2026,,S001,WH KLS JABABEKA
I100260511L033_S001,CDE PICKUP,1500000,0,0,0,0,0,1500000,S001 - WH KLS JABABEKA,PT. Nusantara Cargo Line,7,ON SCHEDULE,27,0,09.06.2026,12.05.2026,04.06.2026,15.06.2026,18.06.2026,18.06.2026,18.06.2026,,S001,WH KLS JABABEKA
I100260511L034_S001,CDE PICKUP,275000,0,0,0,0,0,275000,S001 - WH KLS JABABEKA,PT. Nusantara Cargo Line,7,ON SCHEDULE,27,0,09.06.2026,12.05.2026,20.05.2026,02.06.2026,04.06.2026,10.06.2026,10.06.2026,,S001,WH KLS JABABEKA
I100260511L034_S001,CDE PICKUP,275000,0,0,0,0,0,275000,S001 - WH KLS JABABEKA,PT. Nusantara Cargo Line,7,ON SCHEDULE,27,0,09.06.2026,12.05.2026,20.05.2026,02.06.2026,04.06.2026,10.06.2026,10.06.2026,,S001,WH KLS JABABEKA
I100260511L035_S001,CDE PICKUP,325000,0,0,0,0,0,325000,S001 - WH KLS JABABEKA,PT. Nusantara Cargo Line,7,ON SCHEDULE,27,0,09.06.2026,12.05.2026,20.05.2026,25.06.2026,26.06.2026,29.06.2026,29.06.2026,,S001,WH KLS JABABEKA
I100260511L035_S001,CDE PICKUP,325000,0,0,0,0,0,325000,S001 - WH KLS JABABEKA,PT. Nusantara Cargo Line,7,ON SCHEDULE,27,0,09.06.2026,12.05.2026,20.05.2026,25.06.2026,26.06.2026,29.06.2026,29.06.2026,,S001,WH KLS JABABEKA
I100260511L036_S001,CDE PICKUP,770000,0,0,0,0,0,770000,S001 - WH KLS JABABEKA,PT. Nusantara Cargo Line,7,ON SCHEDULE,27,0,09.06.2026,12.05.2026,04.06.2026,10.06.2026,18.06.2026,19.06.2026,19.06.2026,,S001,WH KLS JABABEKA
I100260511L036_S001,CDE PICKUP,770000,0,0,0,0,0,770000,S001 - WH KLS JABABEKA,PT. Nusantara Cargo Line,7,ON SCHEDULE,27,0,09.06.2026,12.05.2026,04.06.2026,10.06.2026,18.06.2026,19.06.2026,19.06.2026,,S001,WH KLS JABABEKA
I100260511L037_S001,CDE PICKUP,325000,0,0,0,0,0,325000,S001 - WH KLS JABABEKA,PT. Nusantara Cargo Line,7,ON SCHEDULE,27,0,09.06.2026,12.05.2026,20.05.2026,10.06.2026,18.06.2026,19.06.2026,19.06.2026,,S001,WH KLS JABABEKA
I100260511L037_S001,CDE PICKUP,325000,0,0,0,0,0,325000,S001 - WH KLS JABABEKA,PT. Nusantara Cargo Line,7,ON SCHEDULE,27,0,09.06.2026,12.05.2026,20.05.2026,10.06.2026,18.06.2026,19.06.2026,19.06.2026,,S001,WH KLS JABABEKA
I100260511L038_S001,CDE PICKUP,275000,0,0,0,0,0,275000,S001 - WH KLS JABABEKA,PT. Nusantara Cargo Line,7,ON SCHEDULE,27,0,09.06.2026,12.05.2026,20.05.2026,02.06.2026,04.06.2026,10.06.2026,10.06.2026,,S001,WH KLS JABABEKA
I100260511L038_S001,CDE PICKUP,275000,0,0,0,0,0,275000,S001 - WH KLS JABABEKA,PT. Nusantara Cargo Line,7,ON SCHEDULE,27,0,09.06.2026,12.05.2026,20.05.2026,02.06.2026,04.06.2026,10.06.2026,10.06.2026,,S001,WH KLS JABABEKA
I100260511L039_S001,CDE PICKUP,325000,0,0,0,0,0,325000,S001 - WH KLS JABABEKA,PT. Nusantara Cargo Line,7,ON SCHEDULE,27,0,09.06.2026,12.05.2026,20.05.2026,03.06.2026,04.06.2026,10.06.2026,10.06.2026,,S001,WH KLS JABABEKA
I100260511L039_S001,CDE PICKUP,325000,0,0,0,0,0,325000,S001 - WH KLS JABABEKA,PT. Nusantara Cargo Line,7,ON SCHEDULE,27,0,09.06.2026,12.05.2026,20.05.2026,03.06.2026,04.06.2026,10.06.2026,10.06.2026,,S001,WH KLS JABABEKA
I100260511L040_S001,CDE PICKUP,0,0,0,0,0,0,0,S001 - WH KLS JABABEKA,PT. Nusantara Cargo Line,2,LATE,7,84,20.05.2026,12.05.2026,04.06.2026,,,,,,S001,WH KLS JABABEKA
I100260511L041_S001,CDE PICKUP,2227500,0,0,0,0,0,2227500,S001 - WH KLS JABABEKA,PT. Nusantara Cargo Line,7,ON SCHEDULE,27,0,09.06.2026,12.05.2026,20.05.2026,10.06.2026,18.06.2026,19.06.2026,19.06.2026,,S001,WH KLS JABABEKA
I100260511L041_S001,CDE PICKUP,2227500,0,0,0,0,0,2227500,S001 - WH KLS JABABEKA,PT. Nusantara Cargo Line,7,ON SCHEDULE,27,0,09.06.2026,12.05.2026,20.05.2026,10.06.2026,18.06.2026,19.06.2026,19.06.2026,,S001,WH KLS JABABEKA
I100260511L042_S001,CDE PICKUP,525000,0,0,0,0,0,525000,S001 - WH KLS JABABEKA,PT. Nusantara Cargo Line,7,ON SCHEDULE,27,0,09.06.2026,12.05.2026,20.05.2026,02.06.2026,04.06.2026,10.06.2026,10.06.2026,,S001,WH KLS JABABEKA
I100260511L042_S001,CDE PICKUP,525000,0,0,0,0,0,525000,S001 - WH KLS JABABEKA,PT. Nusantara Cargo Line,7,ON SCHEDULE,27,0,09.06.2026,12.05.2026,20.05.2026,02.06.2026,04.06.2026,10.06.2026,10.06.2026,,S001,WH KLS JABABEKA
I100260511L043_S001,CDE PICKUP,2065000,0,0,0,0,0,2065000,S001 - WH KLS JABABEKA,PT. Nusantara Cargo Line,7,ON SCHEDULE,27,0,09.06.2026,12.05.2026,04.06.2026,15.06.2026,18.06.2026,18.06.2026,18.06.2026,,S001,WH KLS JABABEKA
I100260511L043_S001,CDE PICKUP,2065000,0,0,0,0,0,2065000,S001 - WH KLS JABABEKA,PT. Nusantara Cargo Line,7,ON SCHEDULE,27,0,09.06.2026,12.05.2026,04.06.2026,15.06.2026,18.06.2026,18.06.2026,18.06.2026,,S001,WH KLS JABABEKA
I100260511L108_S001,CDE PICKUP,966000,0,0,0,0,0,966000,S001 - WH KLS JABABEKA,PT. Nusantara Cargo Line,7,ON SCHEDULE,27,0,09.06.2026,12.05.2026,20.05.2026,02.06.2026,04.06.2026,10.06.2026,10.06.2026,,S001,WH KLS JABABEKA
I100260511L108_S001,CDE PICKUP,966000,0,0,0,0,0,966000,S001 - WH KLS JABABEKA,PT. Nusantara Cargo Line,7,ON SCHEDULE,27,0,09.06.2026,12.05.2026,20.05.2026,02.06.2026,04.06.2026,10.06.2026,10.06.2026,,S001,WH KLS JABABEKA
I100260511L109_S001,CDE PICKUP,325000,0,0,0,0,0,325000,S001 - WH KLS JABABEKA,PT. Nusantara Cargo Line,7,ON SCHEDULE,27,0,09.06.2026,12.05.2026,20.05.2026,02.06.2026,04.06.2026,10.06.2026,10.06.2026,,S001,WH KLS JABABEKA
I100260511L109_S001,CDE PICKUP,325000,0,0,0,0,0,325000,S001 - WH KLS JABABEKA,PT. Nusantara Cargo Line,7,ON SCHEDULE,27,0,09.06.2026,12.05.2026,20.05.2026,02.06.2026,04.06.2026,10.06.2026,10.06.2026,,S001,WH KLS JABABEKA
I100260511L110_S001,MINI VAN BOX,0,0,0,0,0,0,0,S001 - WH KLS JABABEKA,FIRST LOGISTICS,2,LATE,7,84,20.05.2026,12.05.2026,04.06.2026,,,,,,S001,WH KLS JABABEKA
I100260511L111_S001,MINI VAN BOX,0,0,0,0,0,0,0,S001 - WH KLS JABABEKA,FIRST LOGISTICS,2,LATE,7,79,24.05.2026,16.05.2026,01.07.2026,,,,,,S001,WH KLS JABABEKA
I100260511L112_S001,MINI VAN BOX,0,0,0,0,0,0,0,S001 - WH KLS JABABEKA,FIRST LOGISTICS,2,LATE,7,84,20.05.2026,12.05.2026,04.06.2026,,,,,,S001,WH KLS JABABEKA
I100260511L113_S001,MINI VAN BOX,0,0,0,0,0,0,0,S001 - WH KLS JABABEKA,FIRST LOGISTICS,2,LATE,7,84,20.05.2026,12.05.2026,04.06.2026,,,,,,S001,WH KLS JABABEKA
I100260511L114_S001,MINI VAN BOX,0,0,0,0,0,0,0,S001 - WH KLS JABABEKA,FIRST LOGISTICS,2,LATE,7,84,20.05.2026,12.05.2026,04.06.2026,,,,,,S001,WH KLS JABABEKA
I100260511L115_S001,MINI VAN BOX,0,0,0,0,0,0,0,S001 - WH KLS JABABEKA,FIRST LOGISTICS,2,LATE,7,84,20.05.2026,12.05.2026,04.06.2026,,,,,,S001,WH KLS JABABEKA
I100260511L116_S001,MINI VAN BOX,0,0,0,0,0,0,0,S001 - WH KLS JABABEKA,FIRST LOGISTICS,2,LATE,7,84,20.05.2026,12.05.2026,04.06.2026,,,,,,S001,WH KLS JABABEKA
I100260511L117_S001,CDE PICKUP,5135000,0,0,0,0,0,5135000,S001 - WH KLS JABABEKA,PT. Nusantara Cargo Line,6,LATE,27,79,13.06.2026,16.05.2026,20.05.2026,15.06.2026,18.06.2026,23.06.2026,21.07.2026,,S001,WH KLS JABABEKA
I100260511L117_S001,CDE PICKUP,5135000,0,0,0,0,0,5135000,S001 - WH KLS JABABEKA,PT. Nusantara Cargo Line,6,LATE,27,79,13.06.2026,16.05.2026,20.05.2026,15.06.2026,18.06.2026,23.06.2026,21.07.2026,,S001,WH KLS JABABEKA
I100260511L119_S001,FUSO,2970000,0,0,0,0,0,2970000,S001 - WH KLS JABABEKA,BEPA IKA PEKASA,7,ON SCHEDULE,27,0,09.06.2026,12.05.2026,04.06.2026,18.06.2026,23.06.2026,23.06.2026,25.06.2026,,S001,WH KLS JABABEKA
I100260511L120_S001,FUSO,3947100,0,0,0,0,0,3947100,S001 - WH KLS JABABEKA,BEPA IKA PEKASA,7,ON SCHEDULE,27,0,09.06.2026,12.05.2026,04.06.2026,18.06.2026,23.06.2026,23.06.2026,25.06.2026,,S001,WH KLS JABABEKA
I100260511L121_S001,FUSO,11953400,0,0,0,0,0,11953400,S001 - WH KLS JABABEKA,BEPA IKA PEKASA,7,ON SCHEDULE,27,0,09.06.2026,12.05.2026,04.06.2026,18.06.2026,23.06.2026,23.06.2026,25.06.2026,,S001,WH KLS JABABEKA
I100260511L122_S001,FUSO,1105500,0,0,0,0,0,1105500,S001 - WH KLS JABABEKA,BEPA IKA PEKASA,7,ON SCHEDULE,27,0,09.06.2026,12.05.2026,04.06.2026,18.06.2026,23.06.2026,23.06.2026,01.07.2026,,S001,WH KLS JABABEKA
I100260511T001_S001,CONT-20,15400000,0,0,0,0,0,15400000,S001 - WH KLS JABABEKA,PT. SENTOSA PRIMA ABADI,6,LATE,40,84,22.06.2026,12.05.2026,31.05.2026,10.07.2026,10.07.2026,15.07.2026,15.07.2026,,S001,WH KLS JABABEKA
I100260512L008_S001,CONT-20,19000000,0,0,0,0,4350000,23350000,S001 - WH KLS JABABEKA,PT. SENTOSA PRIMA ABADI,6,LATE,39,83,21.06.2026,12.05.2026,02.06.2026,11.06.2026,14.06.2026,15.07.2026,15.07.2026,,S001,WH KLS JABABEKA
I100260512L009_S001,CONT-20,15300000,0,0,0,0,0,15300000,S001 - WH KLS JABABEKA,PT. SENTOSA PRIMA ABADI,7,ON SCHEDULE,40,0,24.06.2026,14.05.2026,02.06.2026,26.06.2026,27.06.2026,02.07.2026,02.07.2026,,S001,WH KLS JABABEKA
I100260512L014_S001,CDD BAK,11500000,0,0,0,2500000,0,14000000,S001 - WH KLS JABABEKA,BINTANG SAMUDERA,7,ON SCHEDULE,29,0,11.06.2026,12.05.2026,27.05.2026,09.06.2026,09.06.2026,10.06.2026,11.06.2026,,S001,WH KLS JABABEKA
I100260512L015_S001,CDD BAK,6900000,0,0,0,0,0,6900000,S001 - WH KLS JABABEKA,BINTANG SAMUDERA,7,ON SCHEDULE,29,0,11.06.2026,12.05.2026,16.05.2026,04.06.2026,04.06.2026,04.06.2026,04.06.2026,,S001,WH KLS JABABEKA
I100260512L016_S001,CDD BAK,3700000,0,0,0,1200000,0,4900000,S001 - WH KLS JABABEKA,PT. EKA CIPTA MANGGALA,7,ON SCHEDULE,27,0,09.06.2026,12.05.2026,14.05.2026,21.05.2026,21.05.2026,21.05.2026,21.05.2026,,S001,WH KLS JABABEKA
I100260512L016_S001,CDD BAK,3700000,0,0,0,1200000,0,4900000,S001 - WH KLS JABABEKA,PT. EKA CIPTA MANGGALA,7,ON SCHEDULE,27,0,09.06.2026,12.05.2026,14.05.2026,21.05.2026,21.05.2026,21.05.2026,21.05.2026,,S001,WH KLS JABABEKA
I100260512L016_S001,CDD BAK,3700000,0,0,0,1200000,0,4900000,S001 - WH KLS JABABEKA,PT. EKA CIPTA MANGGALA,7,ON SCHEDULE,27,0,09.06.2026,12.05.2026,14.05.2026,21.05.2026,21.05.2026,21.05.2026,21.05.2026,,S001,WH KLS JABABEKA
I100260512L016_S001,CDD BAK,3700000,0,0,0,1200000,0,4900000,S001 - WH KLS JABABEKA,PT. EKA CIPTA MANGGALA,7,ON SCHEDULE,27,0,09.06.2026,12.05.2026,14.05.2026,21.05.2026,21.05.2026,21.05.2026,21.05.2026,,S001,WH KLS JABABEKA
I100260512L016_S001,CDD BAK,3700000,0,0,0,1200000,0,4900000,S001 - WH KLS JABABEKA,PT. EKA CIPTA MANGGALA,7,ON SCHEDULE,27,0,09.06.2026,12.05.2026,14.05.2026,21.05.2026,21.05.2026,21.05.2026,21.05.2026,,S001,WH KLS JABABEKA
I100260512L016_S001,CDD BAK,3700000,0,0,0,1200000,0,4900000,S001 - WH KLS JABABEKA,PT. EKA CIPTA MANGGALA,7,ON SCHEDULE,27,0,09.06.2026,12.05.2026,14.05.2026,21.05.2026,21.05.2026,21.05.2026,21.05.2026,,S001,WH KLS JABABEKA
I100260512L017_S001,CDD BAK,4500000,0,0,0,550000,0,5050000,S001 - WH KLS JABABEKA,PT. HARI JAYA SEJAHTERA,7,ON SCHEDULE,29,0,11.06.2026,12.05.2026,16.05.2026,19.05.2026,20.05.2026,21.05.2026,21.05.2026,,S001,WH KLS JABABEKA
I100260512L017_S001,CDD BAK,4500000,0,0,0,550000,0,5050000,S001 - WH KLS JABABEKA,PT. HARI JAYA SEJAHTERA,7,ON SCHEDULE,29,0,11.06.2026,12.05.2026,16.05.2026,19.05.2026,20.05.2026,21.05.2026,21.05.2026,,S001,WH KLS JABABEKA
I100260512L029_S001,CDE PICKUP,244000,0,0,0,0,0,244000,S001 - WH KLS JABABEKA,PT. MERPATI ALAM SEMESTA,7,ON SCHEDULE,27,0,11.06.2026,14.05.2026,22.05.2026,18.06.2026,23.06.2026,30.06.2026,30.06.2026,,S001,WH KLS JABABEKA
I100260512L029_S001,CDE PICKUP,244000,0,0,0,0,0,244000,S001 - WH KLS JABABEKA,PT. MERPATI ALAM SEMESTA,7,ON SCHEDULE,27,0,11.06.2026,14.05.2026,22.05.2026,18.06.2026,23.06.2026,30.06.2026,30.06.2026,,S001,WH KLS JABABEKA
I100260512L031_S001,CDE PICKUP,1120000,0,0,0,0,0,1120000,S001 - WH KLS JABABEKA,PT. MERPATI ALAM SEMESTA,7,ON SCHEDULE,27,0,11.06.2026,14.05.2026,22.05.2026,18.06.2026,23.06.2026,30.06.2026,30.06.2026,,S001,WH KLS JABABEKA
I100260512L031_S001,CDE PICKUP,1120000,0,0,0,0,0,1120000,S001 - WH KLS JABABEKA,PT. MERPATI ALAM SEMESTA,7,ON SCHEDULE,27,0,11.06.2026,14.05.2026,22.05.2026,18.06.2026,23.06.2026,30.06.2026,30.06.2026,,S001,WH KLS JABABEKA
I100260512L033_S001,CDE LONG CHASSIS,520000,0,0,0,0,0,520000,S001 - WH KLS JABABEKA,PT. MERPATI ALAM SEMESTA,6,LATE,27,82,11.06.2026,14.05.2026,06.06.2026,21.07.2026,28.07.2026,03.08.2026,03.08.2026,,S001,WH KLS JABABEKA
I100260512L033_S001,CDE LONG CHASSIS,520000,0,0,0,0,0,520000,S001 - WH KLS JABABEKA,PT. MERPATI ALAM SEMESTA,6,LATE,27,82,11.06.2026,14.05.2026,06.06.2026,21.07.2026,28.07.2026,03.08.2026,03.08.2026,,S001,WH KLS JABABEKA
I100260512L046_S001,CDE PICKUP,700000,0,0,0,0,0,700000,S001 - WH KLS JABABEKA,PT. MERPATI ALAM SEMESTA,7,ON SCHEDULE,27,0,11.06.2026,14.05.2026,22.05.2026,18.06.2026,23.06.2026,30.06.2026,30.06.2026,,S001,WH KLS JABABEKA
I100260512L046_S001,CDE PICKUP,700000,0,0,0,0,0,700000,S001 - WH KLS JABABEKA,PT. MERPATI ALAM SEMESTA,7,ON SCHEDULE,27,0,11.06.2026,14.05.2026,22.05.2026,18.06.2026,23.06.2026,30.06.2026,30.06.2026,,S001,WH KLS JABABEKA
I100260512L047_S001,CDE PICKUP,56000,0,0,0,0,0,56000,S001 - WH KLS JABABEKA,PT. MERPATI ALAM SEMESTA,7,ON SCHEDULE,27,0,11.06.2026,14.05.2026,22.05.2026,18.06.2026,23.06.2026,30.06.2026,30.06.2026,,S001,WH KLS JABABEKA
I100260512L047_S001,CDE PICKUP,56000,0,0,0,0,0,56000,S001 - WH KLS JABABEKA,PT. MERPATI ALAM SEMESTA,7,ON SCHEDULE,27,0,11.06.2026,14.05.2026,22.05.2026,18.06.2026,23.06.2026,30.06.2026,30.06.2026,,S001,WH KLS JABABEKA
I100260512L048_S001,CDE PICKUP,556875,0,0,0,0,0,556875,S001 - WH KLS JABABEKA,PT. MERPATI ALAM SEMESTA,6,LATE,27,82,11.06.2026,14.05.2026,06.06.2026,21.07.2026,28.07.2026,03.08.2026,03.08.2026,,S001,WH KLS JABABEKA
I100260512L048_S001,CDE PICKUP,556875,0,0,0,0,0,556875,S001 - WH KLS JABABEKA,PT. MERPATI ALAM SEMESTA,6,LATE,27,82,11.06.2026,14.05.2026,06.06.2026,21.07.2026,28.07.2026,03.08.2026,03.08.2026,,S001,WH KLS JABABEKA
I100260512L049_S001,CDE PICKUP,600000,0,0,0,0,0,600000,S001 - WH KLS JABABEKA,PT. MERPATI ALAM SEMESTA,7,ON SCHEDULE,27,0,11.06.2026,14.05.2026,22.05.2026,18.06.2026,23.06.2026,30.06.2026,30.06.2026,,S001,WH KLS JABABEKA
I100260512L049_S001,CDE PICKUP,600000,0,0,0,0,0,600000,S001 - WH KLS JABABEKA,PT. MERPATI ALAM SEMESTA,7,ON SCHEDULE,27,0,11.06.2026,14.05.2026,22.05.2026,18.06.2026,23.06.2026,30.06.2026,30.06.2026,,S001,WH KLS JABABEKA
I100260512L050_S001,CDE PICKUP,1224000,0,0,0,0,0,1224000,S001 - WH KLS JABABEKA,PT. MERPATI ALAM SEMESTA,6,LATE,27,82,11.06.2026,14.05.2026,06.06.2026,21.07.2026,28.07.2026,03.08.2026,03.08.2026,,S001,WH KLS JABABEKA
I100260512L050_S001,CDE PICKUP,1224000,0,0,0,0,0,1224000,S001 - WH KLS JABABEKA,PT. MERPATI ALAM SEMESTA,6,LATE,27,82,11.06.2026,14.05.2026,06.06.2026,21.07.2026,28.07.2026,03.08.2026,03.08.2026,,S001,WH KLS JABABEKA
I100260512L076_S001,CDE PICKUP,1100000,0,0,0,0,0,1100000,S001 - WH KLS JABABEKA,PT. MERPATI ALAM SEMESTA,7,ON SCHEDULE,27,0,11.06.2026,14.05.2026,22.05.2026,18.06.2026,23.06.2026,30.06.2026,30.06.2026,,S001,WH KLS JABABEKA
I100260512L076_S001,CDE PICKUP,1100000,0,0,0,0,0,1100000,S001 - WH KLS JABABEKA,PT. MERPATI ALAM SEMESTA,7,ON SCHEDULE,27,0,11.06.2026,14.05.2026,22.05.2026,18.06.2026,23.06.2026,30.06.2026,30.06.2026,,S001,WH KLS JABABEKA
I100260512L077_S001,CDE PICKUP,9880000,0,0,0,0,0,9880000,S001 - WH KLS JABABEKA,PT. MERPATI ALAM SEMESTA,2,LATE,7,82,22.05.2026,14.05.2026,,,,,,,S001,WH KLS JABABEKA
I100260512L077_S001,CDE PICKUP,9880000,0,0,0,0,0,9880000,S001 - WH KLS JABABEKA,PT. MERPATI ALAM SEMESTA,2,LATE,7,82,22.05.2026,14.05.2026,,,,,,,S001,WH KLS JABABEKA
I100260512L082_S001,MINI VAN BOX,0,0,0,0,0,0,0,S001 - WH KLS JABABEKA,FIRST LOGISTICS,2,LATE,7,83,21.05.2026,13.05.2026,04.06.2026,,,,,,S001,WH KLS JABABEKA
I100260512L083_S001,MINI VAN BOX,0,0,0,0,0,0,0,S001 - WH KLS JABABEKA,FIRST LOGISTICS,2,LATE,7,83,21.05.2026,13.05.2026,04.06.2026,,,,,,S001,WH KLS JABABEKA
I100260512L084_S001,MINI VAN BOX,0,0,0,0,0,0,0,S001 - WH KLS JABABEKA,FIRST LOGISTICS,2,LATE,7,83,21.05.2026,13.05.2026,26.06.2026,,,,,,S001,WH KLS JABABEKA
I100260512L085_S001,MINI VAN BOX,0,0,0,0,0,0,0,S001 - WH KLS JABABEKA,FIRST LOGISTICS,2,LATE,7,83,21.05.2026,13.05.2026,04.06.2026,,,,,,S001,WH KLS JABABEKA
I100260512L086_S001,MINI VAN BOX,0,0,0,0,0,0,0,S001 - WH KLS JABABEKA,FIRST LOGISTICS,2,LATE,7,79,24.05.2026,16.05.2026,01.07.2026,,,,,,S001,WH KLS JABABEKA
I100260512L088_S001,MINI VAN BOX,0,0,0,0,0,0,0,S001 - WH KLS JABABEKA,FIRST LOGISTICS,2,LATE,7,83,21.05.2026,13.05.2026,04.06.2026,,,,,,S001,WH KLS JABABEKA
I100260512L089_S001,MINI VAN BOX,0,0,0,0,0,0,0,S001 - WH KLS JABABEKA,FIRST LOGISTICS,2,LATE,7,83,21.05.2026,13.05.2026,04.06.2026,,,,,,S001,WH KLS JABABEKA
I100260512L090_S001,MINI VAN BOX,0,0,0,0,0,0,0,S001 - WH KLS JABABEKA,FIRST LOGISTICS,2,LATE,7,83,21.05.2026,13.05.2026,04.06.2026,,,,,,S001,WH KLS JABABEKA
I100260512L091_S001,MINI VAN BOX,0,0,0,0,0,0,0,S001 - WH KLS JABABEKA,FIRST LOGISTICS,2,LATE,7,83,21.05.2026,13.05.2026,04.06.2026,,,,,,S001,WH KLS JABABEKA
I100260512L092_S001,CDE PICKUP,264000,0,0,0,0,0,264000,S001 - WH KLS JABABEKA,PT. MERPATI ALAM SEMESTA,7,ON SCHEDULE,27,0,11.06.2026,14.05.2026,22.05.2026,18.06.2026,23.06.2026,30.06.2026,30.06.2026,,S001,WH KLS JABABEKA
I100260512L092_S001,CDE PICKUP,264000,0,0,0,0,0,264000,S001 - WH KLS JABABEKA,PT. MERPATI ALAM SEMESTA,7,ON SCHEDULE,27,0,11.06.2026,14.05.2026,22.05.2026,18.06.2026,23.06.2026,30.06.2026,30.06.2026,,S001,WH KLS JABABEKA
I100260512L095_S001,MINI VAN BOX,0,0,0,0,0,0,0,S001 - WH KLS JABABEKA,FIRST LOGISTICS,2,LATE,7,83,21.05.2026,13.05.2026,05.06.2026,,,,,,S001,WH KLS JABABEKA
I100260513L002_S001,FUSO,21299000,0,0,0,0,0,21299000,S001 - WH KLS JABABEKA,BEPA IKA PEKASA,7,ON SCHEDULE,27,0,15.06.2026,18.05.2026,12.06.2026,18.06.2026,23.06.2026,23.06.2026,25.06.2026,,S001,WH KLS JABABEKA
I100260513L007_S001,MINI VAN BOX,0,0,0,0,0,0,0,S001 - WH KLS JABABEKA,FIRST LOGISTICS,2,LATE,7,77,26.05.2026,18.05.2026,01.07.2026,,,,,,S001,WH KLS JABABEKA
I100260513L021_S001,FUSO,516600,0,0,0,0,0,516600,S001 - WH KLS JABABEKA,BEPA IKA PEKASA,7,ON SCHEDULE,27,0,15.06.2026,18.05.2026,12.06.2026,18.06.2026,23.06.2026,23.06.2026,01.07.2026,,S001,WH KLS JABABEKA
I100260513L023_S001,FUSO,1616600,0,0,0,0,0,1616600,S001 - WH KLS JABABEKA,BEPA IKA PEKASA,7,ON SCHEDULE,27,0,11.06.2026,14.05.2026,05.06.2026,18.06.2026,23.06.2026,23.06.2026,01.07.2026,,S001,WH KLS JABABEKA
I100260513L025_S001,FUSO,32100000,0,0,0,0,0,32100000,S001 - WH KLS JABABEKA,BEPA IKA PEKASA,7,ON SCHEDULE,27,0,11.06.2026,14.05.2026,05.06.2026,18.06.2026,23.06.2026,23.06.2026,25.06.2026,,S001,WH KLS JABABEKA
I100260513L027_S001,CDD BAK,7500000,0,0,0,1000000,0,8500000,S001 - WH KLS JABABEKA,PT. EKA CIPTA MANGGALA,7,ON SCHEDULE,30,0,13.06.2026,13.05.2026,18.05.2026,29.05.2026,29.05.2026,29.05.2026,29.05.2026,,S001,WH KLS JABABEKA
I100260513L027_S001,CDD BAK,7500000,0,0,0,1000000,0,8500000,S001 - WH KLS JABABEKA,PT. EKA CIPTA MANGGALA,7,ON SCHEDULE,30,0,13.06.2026,13.05.2026,18.05.2026,29.05.2026,29.05.2026,29.05.2026,29.05.2026,,S001,WH KLS JABABEKA
I100260513L027_S001,CDD BAK,7500000,0,0,0,1000000,0,8500000,S001 - WH KLS JABABEKA,PT. EKA CIPTA MANGGALA,7,ON SCHEDULE,30,0,13.06.2026,13.05.2026,18.05.2026,29.05.2026,29.05.2026,29.05.2026,29.05.2026,,S001,WH KLS JABABEKA
I100260513L027_S001,CDD BAK,7500000,0,0,0,1000000,0,8500000,S001 - WH KLS JABABEKA,PT. EKA CIPTA MANGGALA,7,ON SCHEDULE,30,0,13.06.2026,13.05.2026,18.05.2026,29.05.2026,29.05.2026,29.05.2026,29.05.2026,,S001,WH KLS JABABEKA
I100260513L028_S001,CDD BAK,5300000,0,0,0,400000,0,5700000,S001 - WH KLS JABABEKA,PT. EKA CIPTA MANGGALA,7,ON SCHEDULE,29,0,12.06.2026,13.05.2026,16.05.2026,21.05.2026,21.05.2026,21.05.2026,21.05.2026,,S001,WH KLS JABABEKA
I100260513L028_S001,CDD BAK,5300000,0,0,0,400000,0,5700000,S001 - WH KLS JABABEKA,PT. EKA CIPTA MANGGALA,7,ON SCHEDULE,29,0,12.06.2026,13.05.2026,16.05.2026,21.05.2026,21.05.2026,21.05.2026,21.05.2026,,S001,WH KLS JABABEKA
I100260513L028_S001,CDD BAK,5300000,0,0,0,400000,0,5700000,S001 - WH KLS JABABEKA,PT. EKA CIPTA MANGGALA,7,ON SCHEDULE,29,0,12.06.2026,13.05.2026,16.05.2026,21.05.2026,21.05.2026,21.05.2026,21.05.2026,,S001,WH KLS JABABEKA
I100260513L029_S001,CDD BAK,4500000,0,0,0,1100000,0,5600000,S001 - WH KLS JABABEKA,PT. HARI JAYA SEJAHTERA,7,ON SCHEDULE,29,0,12.06.2026,13.05.2026,16.05.2026,19.05.2026,20.05.2026,21.05.2026,21.05.2026,,S001,WH KLS JABABEKA
I100260513L029_S001,CDD BAK,4500000,0,0,0,1100000,0,5600000,S001 - WH KLS JABABEKA,PT. HARI JAYA SEJAHTERA,7,ON SCHEDULE,29,0,12.06.2026,13.05.2026,16.05.2026,19.05.2026,20.05.2026,21.05.2026,21.05.2026,,S001,WH KLS JABABEKA
I100260513L029_S001,CDD BAK,4500000,0,0,0,1100000,0,5600000,S001 - WH KLS JABABEKA,PT. HARI JAYA SEJAHTERA,7,ON SCHEDULE,29,0,12.06.2026,13.05.2026,16.05.2026,19.05.2026,20.05.2026,21.05.2026,21.05.2026,,S001,WH KLS JABABEKA
I100260513L055_S001,TRAILER,55000000,0,0,0,0,0,55000000,S001 - WH KLS JABABEKA,JELAJAH SEMESTA PERSADA,7,ON SCHEDULE,27,0,15.06.2026,18.05.2026,,10.06.2026,14.06.2026,15.06.2026,15.06.2026,,S001,WH KLS JABABEKA
I100260513L055_S001,TRAILER,55000000,0,0,0,0,0,55000000,S001 - WH KLS JABABEKA,JELAJAH SEMESTA PERSADA,7,ON SCHEDULE,27,0,15.06.2026,18.05.2026,,10.06.2026,14.06.2026,15.06.2026,15.06.2026,,S001,WH KLS JABABEKA
I100260513L055_S001,TRAILER,55000000,0,0,0,0,0,55000000,S001 - WH KLS JABABEKA,JELAJAH SEMESTA PERSADA,7,ON SCHEDULE,27,0,15.06.2026,18.05.2026,,10.06.2026,14.06.2026,15.06.2026,15.06.2026,,S001,WH KLS JABABEKA
I100260513L075_S001,FUSO,21500000,0,0,0,0,0,21500000,S001 - WH KLS JABABEKA,BEPA IKA PEKASA,7,ON SCHEDULE,27,0,11.06.2026,14.05.2026,05.06.2026,18.06.2026,23.06.2026,23.06.2026,25.06.2026,,S001,WH KLS JABABEKA
I100260513L084_S001,FUSO,0,0,0,0,0,0,0,S001 - WH KLS JABABEKA,BEPA IKA PEKASA,2,LATE,7,82,22.05.2026,14.05.2026,05.06.2026,,,,,,S001,WH KLS JABABEKA
I100260513L094_S001,CDD BAK,3421969,0,0,0,500000,0,3921969,S001 - WH KLS JABABEKA,PT. HARI JAYA TRANSPORTASI,7,ON SCHEDULE,27,0,11.06.2026,14.05.2026,,22.05.2026,22.05.2026,22.05.2026,22.05.2026,,S001,WH KLS JABABEKA
I100260513L094_S001,CDD BAK,3421969,0,0,0,500000,0,3921969,S001 - WH KLS JABABEKA,PT. HARI JAYA TRANSPORTASI,7,ON SCHEDULE,27,0,11.06.2026,14.05.2026,,22.05.2026,22.05.2026,22.05.2026,22.05.2026,,S001,WH KLS JABABEKA
I100260513L094_S001,CDD BAK,3421969,0,0,0,500000,0,3921969,S001 - WH KLS JABABEKA,PT. HARI JAYA TRANSPORTASI,7,ON SCHEDULE,27,0,11.06.2026,14.05.2026,,22.05.2026,22.05.2026,22.05.2026,22.05.2026,,S001,WH KLS JABABEKA
I100260513L094_S001,CDD BAK,3421969,0,0,0,500000,0,3921969,S001 - WH KLS JABABEKA,PT. HARI JAYA TRANSPORTASI,7,ON SCHEDULE,27,0,11.06.2026,14.05.2026,,22.05.2026,22.05.2026,22.05.2026,22.05.2026,,S001,WH KLS JABABEKA
I100260513L099_S001,CDE PICKUP,684000,0,0,0,0,0,684000,S001 - WH KLS JABABEKA,PT. MERPATI ALAM SEMESTA,7,ON SCHEDULE,27,0,11.06.2026,14.05.2026,22.05.2026,18.06.2026,23.06.2026,30.06.2026,30.06.2026,,S001,WH KLS JABABEKA
I100260513L099_S001,CDE PICKUP,684000,0,0,0,0,0,684000,S001 - WH KLS JABABEKA,PT. MERPATI ALAM SEMESTA,7,ON SCHEDULE,27,0,11.06.2026,14.05.2026,22.05.2026,18.06.2026,23.06.2026,30.06.2026,30.06.2026,,S001,WH KLS JABABEKA
I100260513L100_S001,MINI VAN BOX,0,0,0,0,0,0,0,S001 - WH KLS JABABEKA,FIRST LOGISTICS,2,LATE,7,82,22.05.2026,14.05.2026,14.06.2026,,,,,,S001,WH KLS JABABEKA
I100260513L101_S001,MINI VAN BOX,0,0,0,0,0,0,0,S001 - WH KLS JABABEKA,FIRST LOGISTICS,2,LATE,7,82,22.05.2026,14.05.2026,14.06.2026,,,,,,S001,WH KLS JABABEKA
I100260513L102_S001,MINI VAN BOX,0,0,0,0,0,0,0,S001 - WH KLS JABABEKA,FIRST LOGISTICS,2,LATE,7,82,22.05.2026,14.05.2026,14.06.2026,,,,,,S001,WH KLS JABABEKA
I100260513L103_S001,MINI VAN BOX,0,0,0,0,0,0,0,S001 - WH KLS JABABEKA,FIRST LOGISTICS,1,LATE,1,82,16.05.2026,14.05.2026,,,,,,,S001,WH KLS JABABEKA
I100260513L104_S001,MINI VAN BOX,0,0,0,0,0,0,0,S001 - WH KLS JABABEKA,FIRST LOGISTICS,1,LATE,1,82,16.05.2026,14.05.2026,,,,,,,S001,WH KLS JABABEKA
I100260513L105_S001,MINI VAN BOX,0,0,0,0,0,0,0,S001 - WH KLS JABABEKA,FIRST LOGISTICS,2,LATE,7,82,22.05.2026,14.05.2026,14.06.2026,,,,,,S001,WH KLS JABABEKA
I100260513L106_S001,CDE PICKUP,442000,0,0,0,0,0,442000,S001 - WH KLS JABABEKA,PT. MERPATI ALAM SEMESTA,7,ON SCHEDULE,27,0,11.06.2026,14.05.2026,22.05.2026,18.06.2026,23.06.2026,30.06.2026,30.06.2026,,S001,WH KLS JABABEKA
I100260513L106_S001,CDE PICKUP,442000,0,0,0,0,0,442000,S001 - WH KLS JABABEKA,PT. MERPATI ALAM SEMESTA,7,ON SCHEDULE,27,0,11.06.2026,14.05.2026,22.05.2026,18.06.2026,23.06.2026,30.06.2026,30.06.2026,,S001,WH KLS JABABEKA
I100260513L107_S001,FUSO,8848000,0,0,0,0,0,8848000,S001 - WH KLS JABABEKA,BEPA IKA PEKASA,7,ON SCHEDULE,27,0,15.06.2026,18.05.2026,12.06.2026,18.06.2026,23.06.2026,23.06.2026,25.06.2026,,S001,WH KLS JABABEKA
I100260513L108_S001,CDD BAK,5100000,0,0,0,550000,0,5650000,S001 - WH KLS JABABEKA,PT. HARI JAYA SEJAHTERA,7,ON SCHEDULE,29,0,12.06.2026,13.05.2026,16.05.2026,19.05.2026,20.05.2026,21.05.2026,21.05.2026,,S001,WH KLS JABABEKA
I100260513L108_S001,CDD BAK,5100000,0,0,0,550000,0,5650000,S001 - WH KLS JABABEKA,PT. HARI JAYA SEJAHTERA,7,ON SCHEDULE,29,0,12.06.2026,13.05.2026,16.05.2026,19.05.2026,20.05.2026,21.05.2026,21.05.2026,,S001,WH KLS JABABEKA
I100260513L110_S001,CDE PICKUP,738000,0,0,0,0,0,738000,S001 - WH KLS JABABEKA,PT. MERPATI ALAM SEMESTA,7,ON SCHEDULE,27,0,15.06.2026,18.05.2026,22.05.2026,18.06.2026,23.06.2026,30.06.2026,30.06.2026,,S001,WH KLS JABABEKA
I100260513L110_S001,CDE PICKUP,738000,0,0,0,0,0,738000,S001 - WH KLS JABABEKA,PT. MERPATI ALAM SEMESTA,7,ON SCHEDULE,27,0,15.06.2026,18.05.2026,22.05.2026,18.06.2026,23.06.2026,30.06.2026,30.06.2026,,S001,WH KLS JABABEKA
I100260513L111_S001,MINI VAN BOX,0,0,0,0,0,0,0,S001 - WH KLS JABABEKA,FIRST LOGISTICS,2,LATE,7,77,26.05.2026,18.05.2026,01.07.2026,,,,,,S001,WH KLS JABABEKA
I100260513L112_S001,CDD PICK UP,2046000,0,0,0,0,0,2046000,S001 - WH KLS JABABEKA,PT. Nusantara Cargo Line,7,ON SCHEDULE,27,0,15.06.2026,18.05.2026,20.05.2026,03.06.2026,04.06.2026,10.06.2026,10.06.2026,,S001,WH KLS JABABEKA
I100260513L112_S001,CDD PICK UP,2046000,0,0,0,0,0,2046000,S001 - WH KLS JABABEKA,PT. Nusantara Cargo Line,7,ON SCHEDULE,27,0,15.06.2026,18.05.2026,20.05.2026,03.06.2026,04.06.2026,10.06.2026,10.06.2026,,S001,WH KLS JABABEKA
I100260514L003_S001,CDE,0,0,0,0,0,0,0,S001 - WH KLS JABABEKA,PT. MERPATI ALAM SEMESTA,1,LATE,1,86,11.05.2026,09.05.2026,,,,,,,S001,WH KLS JABABEKA
I100260514L021_S001,CDD BAK,3269220,0,0,0,0,0,3269220,S001 - WH KLS JABABEKA,PT. HARI JAYA TRANSPORTASI,7,ON SCHEDULE,28,0,12.06.2026,14.05.2026,16.05.2026,23.06.2026,25.06.2026,25.06.2026,25.06.2026,,S001,WH KLS JABABEKA
I100260514L022_S001,CDD BAK,4100000,0,0,0,400000,0,4500000,S001 - WH KLS JABABEKA,PT. EKA CIPTA MANGGALA,7,ON SCHEDULE,27,0,11.06.2026,14.05.2026,16.05.2026,21.05.2026,21.05.2026,21.05.2026,21.05.2026,,S001,WH KLS JABABEKA
I100260514L022_S001,CDD BAK,4100000,0,0,0,400000,0,4500000,S001 - WH KLS JABABEKA,PT. EKA CIPTA MANGGALA,7,ON SCHEDULE,27,0,11.06.2026,14.05.2026,16.05.2026,21.05.2026,21.05.2026,21.05.2026,21.05.2026,,S001,WH KLS JABABEKA
I100260514L022_S001,CDD BAK,4100000,0,0,0,400000,0,4500000,S001 - WH KLS JABABEKA,PT. EKA CIPTA MANGGALA,7,ON SCHEDULE,27,0,11.06.2026,14.05.2026,16.05.2026,21.05.2026,21.05.2026,21.05.2026,21.05.2026,,S001,WH KLS JABABEKA
I100260514L022_S001,CDD BAK,4100000,0,0,0,400000,0,4500000,S001 - WH KLS JABABEKA,PT. EKA CIPTA MANGGALA,7,ON SCHEDULE,27,0,11.06.2026,14.05.2026,16.05.2026,21.05.2026,21.05.2026,21.05.2026,21.05.2026,,S001,WH KLS JABABEKA
I100260514L022_S001,CDD BAK,4100000,0,0,0,400000,0,4500000,S001 - WH KLS JABABEKA,PT. EKA CIPTA MANGGALA,7,ON SCHEDULE,27,0,11.06.2026,14.05.2026,16.05.2026,21.05.2026,21.05.2026,21.05.2026,21.05.2026,,S001,WH KLS JABABEKA
I100260514L022_S001,CDD BAK,4100000,0,0,0,400000,0,4500000,S001 - WH KLS JABABEKA,PT. EKA CIPTA MANGGALA,7,ON SCHEDULE,27,0,11.06.2026,14.05.2026,16.05.2026,21.05.2026,21.05.2026,21.05.2026,21.05.2026,,S001,WH KLS JABABEKA
I100260514L022_S001,CDD BAK,4100000,0,0,0,400000,0,4500000,S001 - WH KLS JABABEKA,PT. EKA CIPTA MANGGALA,7,ON SCHEDULE,27,0,11.06.2026,14.05.2026,16.05.2026,21.05.2026,21.05.2026,21.05.2026,21.05.2026,,S001,WH KLS JABABEKA
I100260514L022_S001,CDD BAK,4100000,0,0,0,400000,0,4500000,S001 - WH KLS JABABEKA,PT. EKA CIPTA MANGGALA,7,ON SCHEDULE,27,0,11.06.2026,14.05.2026,16.05.2026,21.05.2026,21.05.2026,21.05.2026,21.05.2026,,S001,WH KLS JABABEKA
I100260514L023_S001,CDD BAK,4000000,0,0,0,1200000,0,5200000,S001 - WH KLS JABABEKA,PT. EKA CIPTA MANGGALA,7,ON SCHEDULE,28,0,12.06.2026,14.05.2026,16.05.2026,21.05.2026,21.05.2026,21.05.2026,21.05.2026,,S001,WH KLS JABABEKA
I100260514L023_S001,CDD BAK,4000000,0,0,0,1200000,0,5200000,S001 - WH KLS JABABEKA,PT. EKA CIPTA MANGGALA,7,ON SCHEDULE,28,0,12.06.2026,14.05.2026,16.05.2026,21.05.2026,21.05.2026,21.05.2026,21.05.2026,,S001,WH KLS JABABEKA
I100260514L023_S001,CDD BAK,4000000,0,0,0,1200000,0,5200000,S001 - WH KLS JABABEKA,PT. EKA CIPTA MANGGALA,7,ON SCHEDULE,28,0,12.06.2026,14.05.2026,16.05.2026,21.05.2026,21.05.2026,21.05.2026,21.05.2026,,S001,WH KLS JABABEKA
I100260514L023_S001,CDD BAK,4000000,0,0,0,1200000,0,5200000,S001 - WH KLS JABABEKA,PT. EKA CIPTA MANGGALA,7,ON SCHEDULE,28,0,12.06.2026,14.05.2026,16.05.2026,21.05.2026,21.05.2026,21.05.2026,21.05.2026,,S001,WH KLS JABABEKA
I100260514L023_S001,CDD BAK,4000000,0,0,0,1200000,0,5200000,S001 - WH KLS JABABEKA,PT. EKA CIPTA MANGGALA,7,ON SCHEDULE,28,0,12.06.2026,14.05.2026,16.05.2026,21.05.2026,21.05.2026,21.05.2026,21.05.2026,,S001,WH KLS JABABEKA
I100260514L023_S001,CDD BAK,4000000,0,0,0,1200000,0,5200000,S001 - WH KLS JABABEKA,PT. EKA CIPTA MANGGALA,7,ON SCHEDULE,28,0,12.06.2026,14.05.2026,16.05.2026,21.05.2026,21.05.2026,21.05.2026,21.05.2026,,S001,WH KLS JABABEKA
I100260514L024_S001,CDD BAK,3700000,0,0,0,800000,300000,4800000,S001 - WH KLS JABABEKA,PT. EKA CIPTA MANGGALA,7,ON SCHEDULE,28,0,12.06.2026,14.05.2026,16.05.2026,21.05.2026,21.05.2026,21.05.2026,21.05.2026,,S001,WH KLS JABABEKA
I100260514L024_S001,CDD BAK,3700000,0,0,0,800000,300000,4800000,S001 - WH KLS JABABEKA,PT. EKA CIPTA MANGGALA,7,ON SCHEDULE,28,0,12.06.2026,14.05.2026,16.05.2026,21.05.2026,21.05.2026,21.05.2026,21.05.2026,,S001,WH KLS JABABEKA
I100260514L024_S001,CDD BAK,3700000,0,0,0,800000,300000,4800000,S001 - WH KLS JABABEKA,PT. EKA CIPTA MANGGALA,7,ON SCHEDULE,28,0,12.06.2026,14.05.2026,16.05.2026,21.05.2026,21.05.2026,21.05.2026,21.05.2026,,S001,WH KLS JABABEKA
I100260514L024_S001,CDD BAK,3700000,0,0,0,800000,300000,4800000,S001 - WH KLS JABABEKA,PT. EKA CIPTA MANGGALA,7,ON SCHEDULE,28,0,12.06.2026,14.05.2026,16.05.2026,21.05.2026,21.05.2026,21.05.2026,21.05.2026,,S001,WH KLS JABABEKA
I100260514L076_S001,CDE PICKUP,52500,0,0,0,0,0,52500,S001 - WH KLS JABABEKA,PT. MERPATI ALAM SEMESTA,7,ON SCHEDULE,27,0,11.06.2026,14.05.2026,22.05.2026,18.06.2026,23.06.2026,30.06.2026,30.06.2026,,S001,WH KLS JABABEKA
I100260514L076_S001,CDE PICKUP,52500,0,0,0,0,0,52500,S001 - WH KLS JABABEKA,PT. MERPATI ALAM SEMESTA,7,ON SCHEDULE,27,0,11.06.2026,14.05.2026,22.05.2026,18.06.2026,23.06.2026,30.06.2026,30.06.2026,,S001,WH KLS JABABEKA
I100260514L077_S001,CDE PICKUP,970000,0,0,0,0,0,970000,S001 - WH KLS JABABEKA,PT. MERPATI ALAM SEMESTA,7,ON SCHEDULE,27,0,11.06.2026,14.05.2026,22.05.2026,18.06.2026,23.06.2026,30.06.2026,30.06.2026,,S001,WH KLS JABABEKA
I100260514L077_S001,CDE PICKUP,970000,0,0,0,0,0,970000,S001 - WH KLS JABABEKA,PT. MERPATI ALAM SEMESTA,7,ON SCHEDULE,27,0,11.06.2026,14.05.2026,22.05.2026,18.06.2026,23.06.2026,30.06.2026,30.06.2026,,S001,WH KLS JABABEKA
I100260514L078_S001,CDE PICKUP,770000,0,0,0,0,0,770000,S001 - WH KLS JABABEKA,PT. MERPATI ALAM SEMESTA,6,LATE,27,81,11.06.2026,14.05.2026,06.06.2026,21.07.2026,28.07.2026,03.08.2026,03.08.2026,,S001,WH KLS JABABEKA
I100260514L078_S001,CDE PICKUP,770000,0,0,0,0,0,770000,S001 - WH KLS JABABEKA,PT. MERPATI ALAM SEMESTA,6,LATE,27,81,11.06.2026,14.05.2026,06.06.2026,21.07.2026,28.07.2026,03.08.2026,03.08.2026,,S001,WH KLS JABABEKA
I100260514L080_S001,CDE PICKUP,2200000,0,0,0,0,0,2200000,S001 - WH KLS JABABEKA,PT. MERPATI ALAM SEMESTA,7,ON SCHEDULE,27,0,11.06.2026,14.05.2026,22.05.2026,18.06.2026,23.06.2026,30.06.2026,30.06.2026,,S001,WH KLS JABABEKA
I100260514L080_S001,CDE PICKUP,2200000,0,0,0,0,0,2200000,S001 - WH KLS JABABEKA,PT. MERPATI ALAM SEMESTA,7,ON SCHEDULE,27,0,11.06.2026,14.05.2026,22.05.2026,18.06.2026,23.06.2026,30.06.2026,30.06.2026,,S001,WH KLS JABABEKA
I100260514L081_S001,CDE PICKUP,68250,0,0,0,0,0,68250,S001 - WH KLS JABABEKA,PT. MERPATI ALAM SEMESTA,2,LATE,7,81,22.05.2026,14.05.2026,,,,,,,S001,WH KLS JABABEKA
I100260514L081_S001,CDE PICKUP,68250,0,0,0,0,0,68250,S001 - WH KLS JABABEKA,PT. MERPATI ALAM SEMESTA,2,LATE,7,81,22.05.2026,14.05.2026,,,,,,,S001,WH KLS JABABEKA
I100260514L082_S001,CDE PICKUP,2000000,0,0,0,0,0,2000000,S001 - WH KLS JABABEKA,PT. MERPATI ALAM SEMESTA,2,LATE,7,81,22.05.2026,14.05.2026,,,,,,,S001,WH KLS JABABEKA
I100260514L082_S001,CDE PICKUP,2000000,0,0,0,0,0,2000000,S001 - WH KLS JABABEKA,PT. MERPATI ALAM SEMESTA,2,LATE,7,81,22.05.2026,14.05.2026,,,,,,,S001,WH KLS JABABEKA
I100260514L083_S001,CDE PICKUP,80000,0,0,0,0,0,80000,S001 - WH KLS JABABEKA,PT. MERPATI ALAM SEMESTA,7,ON SCHEDULE,27,0,11.06.2026,14.05.2026,20.05.2026,15.06.2026,23.06.2026,30.06.2026,30.06.2026,,S001,WH KLS JABABEKA
I100260514L083_S001,CDE PICKUP,80000,0,0,0,0,0,80000,S001 - WH KLS JABABEKA,PT. MERPATI ALAM SEMESTA,7,ON SCHEDULE,27,0,11.06.2026,14.05.2026,20.05.2026,15.06.2026,23.06.2026,30.06.2026,30.06.2026,,S001,WH KLS JABABEKA
I100260514L084_S001,CDE PICKUP,2980000,0,0,0,0,0,2980000,S001 - WH KLS JABABEKA,PT. MERPATI ALAM SEMESTA,7,ON SCHEDULE,27,0,11.06.2026,14.05.2026,22.05.2026,18.06.2026,23.06.2026,30.06.2026,30.06.2026,,S001,WH KLS JABABEKA
I100260514L084_S001,CDE PICKUP,2980000,0,0,0,0,0,2980000,S001 - WH KLS JABABEKA,PT. MERPATI ALAM SEMESTA,7,ON SCHEDULE,27,0,11.06.2026,14.05.2026,22.05.2026,18.06.2026,23.06.2026,30.06.2026,30.06.2026,,S001,WH KLS JABABEKA
I100260514L093_S001,MINI VAN BOX,0,0,0,0,0,0,0,S001 - WH KLS JABABEKA,FIRST LOGISTICS,2,LATE,7,77,26.05.2026,18.05.2026,01.07.2026,,,,,,S001,WH KLS JABABEKA
I100260514L094_S001,MINI VAN BOX,0,0,0,0,0,0,0,S001 - WH KLS JABABEKA,FIRST LOGISTICS,2,LATE,7,77,26.05.2026,18.05.2026,01.07.2026,,,,,,S001,WH KLS JABABEKA
I100260514L095_S001,MINI VAN BOX,0,0,0,0,0,0,0,S001 - WH KLS JABABEKA,FIRST LOGISTICS,2,LATE,7,77,26.05.2026,18.05.2026,01.07.2026,,,,,,S001,WH KLS JABABEKA
I100260514L096_S001,MINI VAN BOX,0,0,0,0,0,0,0,S001 - WH KLS JABABEKA,FIRST LOGISTICS,2,LATE,7,77,26.05.2026,18.05.2026,01.07.2026,,,,,,S001,WH KLS JABABEKA
I100260514L097_S001,MINI VAN BOX,0,0,0,0,0,0,0,S001 - WH KLS JABABEKA,FIRST LOGISTICS,2,LATE,7,77,26.05.2026,18.05.2026,01.07.2026,,,,,,S001,WH KLS JABABEKA
I100260514L098_S001,MINI VAN BOX,0,0,0,0,0,0,0,S001 - WH KLS JABABEKA,FIRST LOGISTICS,2,LATE,7,77,26.05.2026,18.05.2026,01.07.2026,,,,,,S001,WH KLS JABABEKA
I100260515L001_S001,CONT-20,0,0,0,0,0,0,0,S001 - WH KLS JABABEKA,PT TPIL logistics,2,LATE,7,77,26.05.2026,18.05.2026,05.06.2026,,,,,,S001,WH KLS JABABEKA
I100260515L012_S001,FUSO,16059800,0,0,0,0,0,16059800,S001 - WH KLS JABABEKA,BEPA IKA PEKASA,6,LATE,27,80,13.06.2026,16.05.2026,14.07.2026,20.07.2026,24.07.2026,24.07.2026,29.07.2026,,S001,WH KLS JABABEKA
I100260515L018_S001,CONT-40,460200,0,0,0,0,0,460200,S001 - WH KLS JABABEKA,BEPA IKA PEKASA,7,ON SCHEDULE,27,0,17.06.2026,20.05.2026,12.06.2026,18.06.2026,23.06.2026,23.06.2026,01.07.2026,,S001,WH KLS JABABEKA
I100260515L019_S001,FUSO,873600,0,0,0,0,0,873600,S001 - WH KLS JABABEKA,BEPA IKA PEKASA,7,ON SCHEDULE,27,0,17.06.2026,20.05.2026,12.06.2026,18.06.2026,23.06.2026,23.06.2026,01.07.2026,,S001,WH KLS JABABEKA
I100260515L020_S001,FUSO,1785000,0,0,0,0,0,1785000,S001 - WH KLS JABABEKA,BEPA IKA PEKASA,7,ON SCHEDULE,27,0,13.06.2026,16.05.2026,12.06.2026,18.06.2026,23.06.2026,23.06.2026,01.07.2026,,S001,WH KLS JABABEKA
I100260515L021_S001,FUSO,2847600,0,0,0,0,0,2847600,S001 - WH KLS JABABEKA,BEPA IKA PEKASA,7,ON SCHEDULE,27,0,13.06.2026,16.05.2026,12.06.2026,18.06.2026,23.06.2026,23.06.2026,01.07.2026,,S001,WH KLS JABABEKA
I100260515L023_S001,CDD BAK,11500000,0,0,0,2300000,0,13800000,S001 - WH KLS JABABEKA,BINTANG SAMUDERA,7,ON SCHEDULE,29,0,19.06.2026,20.05.2026,06.06.2026,09.06.2026,09.06.2026,10.06.2026,10.06.2026,,S001,WH KLS JABABEKA
I100260515L023_S001,CDD BAK,11500000,0,0,0,2300000,0,13800000,S001 - WH KLS JABABEKA,BINTANG SAMUDERA,7,ON SCHEDULE,29,0,19.06.2026,20.05.2026,06.06.2026,09.06.2026,09.06.2026,10.06.2026,10.06.2026,,S001,WH KLS JABABEKA
I100260515L023_S001,CDD BAK,11500000,0,0,0,2300000,0,13800000,S001 - WH KLS JABABEKA,BINTANG SAMUDERA,7,ON SCHEDULE,29,0,19.06.2026,20.05.2026,06.06.2026,09.06.2026,09.06.2026,10.06.2026,10.06.2026,,S001,WH KLS JABABEKA
I100260515L024_S001,CDD BAK,7500000,0,0,0,500000,0,8000000,S001 - WH KLS JABABEKA,PT. EKA CIPTA MANGGALA,7,ON SCHEDULE,31,0,16.06.2026,15.05.2026,19.05.2026,29.05.2026,29.05.2026,29.05.2026,29.05.2026,,S001,WH KLS JABABEKA
I100260515L024_S001,CDD BAK,7500000,0,0,0,500000,0,8000000,S001 - WH KLS JABABEKA,PT. EKA CIPTA MANGGALA,7,ON SCHEDULE,31,0,16.06.2026,15.05.2026,19.05.2026,29.05.2026,29.05.2026,29.05.2026,29.05.2026,,S001,WH KLS JABABEKA
I100260515L024_S001,CDD BAK,7500000,0,0,0,500000,0,8000000,S001 - WH KLS JABABEKA,PT. EKA CIPTA MANGGALA,7,ON SCHEDULE,31,0,16.06.2026,15.05.2026,19.05.2026,29.05.2026,29.05.2026,29.05.2026,29.05.2026,,S001,WH KLS JABABEKA
I100260515L042_S001,CDE PICKUP,250000,0,0,0,0,0,250000,S001 - WH KLS JABABEKA,PT. Nusantara Cargo Line,7,ON SCHEDULE,27,0,12.06.2026,15.05.2026,20.05.2026,12.06.2026,18.06.2026,24.06.2026,24.06.2026,,S001,WH KLS JABABEKA
I100260515L042_S001,CDE PICKUP,250000,0,0,0,0,0,250000,S001 - WH KLS JABABEKA,PT. Nusantara Cargo Line,7,ON SCHEDULE,27,0,12.06.2026,15.05.2026,20.05.2026,12.06.2026,18.06.2026,24.06.2026,24.06.2026,,S001,WH KLS JABABEKA
I100260515L043_S001,CDD PICK UP,275000,0,0,0,0,0,275000,S001 - WH KLS JABABEKA,PT. Nusantara Cargo Line,7,ON SCHEDULE,27,0,12.06.2026,15.05.2026,05.06.2026,10.06.2026,18.06.2026,18.06.2026,18.06.2026,,S001,WH KLS JABABEKA
I100260515L043_S001,CDD PICK UP,275000,0,0,0,0,0,275000,S001 - WH KLS JABABEKA,PT. Nusantara Cargo Line,7,ON SCHEDULE,27,0,12.06.2026,15.05.2026,05.06.2026,10.06.2026,18.06.2026,18.06.2026,18.06.2026,,S001,WH KLS JABABEKA
I100260515L044_S001,CDE PICKUP,350000,0,0,0,0,0,350000,S001 - WH KLS JABABEKA,PT. Nusantara Cargo Line,7,ON SCHEDULE,27,0,12.06.2026,15.05.2026,20.05.2026,11.06.2026,18.06.2026,19.06.2026,19.06.2026,,S001,WH KLS JABABEKA
I100260515L044_S001,CDE PICKUP,350000,0,0,0,0,0,350000,S001 - WH KLS JABABEKA,PT. Nusantara Cargo Line,7,ON SCHEDULE,27,0,12.06.2026,15.05.2026,20.05.2026,11.06.2026,18.06.2026,19.06.2026,19.06.2026,,S001,WH KLS JABABEKA
I100260515L045_S001,CDE PICKUP,700000,0,0,0,0,0,700000,S001 - WH KLS JABABEKA,PT. Nusantara Cargo Line,7,ON SCHEDULE,27,0,12.06.2026,15.05.2026,05.06.2026,11.06.2026,18.06.2026,19.06.2026,19.06.2026,,S001,WH KLS JABABEKA
I100260515L045_S001,CDE PICKUP,700000,0,0,0,0,0,700000,S001 - WH KLS JABABEKA,PT. Nusantara Cargo Line,7,ON SCHEDULE,27,0,12.06.2026,15.05.2026,05.06.2026,11.06.2026,18.06.2026,19.06.2026,19.06.2026,,S001,WH KLS JABABEKA
I100260515L046_S001,CDE PICKUP,275000,0,0,0,0,0,275000,S001 - WH KLS JABABEKA,PT. Nusantara Cargo Line,7,ON SCHEDULE,27,0,12.06.2026,15.05.2026,20.05.2026,02.06.2026,04.06.2026,10.06.2026,10.06.2026,,S001,WH KLS JABABEKA
I100260515L046_S001,CDE PICKUP,275000,0,0,0,0,0,275000,S001 - WH KLS JABABEKA,PT. Nusantara Cargo Line,7,ON SCHEDULE,27,0,12.06.2026,15.05.2026,20.05.2026,02.06.2026,04.06.2026,10.06.2026,10.06.2026,,S001,WH KLS JABABEKA
I100260515L047_S001,CDE PICKUP,2166000,0,0,0,0,0,2166000,S001 - WH KLS JABABEKA,PT. Nusantara Cargo Line,7,ON SCHEDULE,27,0,12.06.2026,15.05.2026,20.05.2026,02.06.2026,04.06.2026,10.06.2026,10.06.2026,,S001,WH KLS JABABEKA
I100260515L047_S001,CDE PICKUP,2166000,0,0,0,0,0,2166000,S001 - WH KLS JABABEKA,PT. Nusantara Cargo Line,7,ON SCHEDULE,27,0,12.06.2026,15.05.2026,20.05.2026,02.06.2026,04.06.2026,10.06.2026,10.06.2026,,S001,WH KLS JABABEKA
I100260515L048_S001,CDE PICKUP,506000,0,0,0,0,0,506000,S001 - WH KLS JABABEKA,PT. Nusantara Cargo Line,7,ON SCHEDULE,27,0,12.06.2026,15.05.2026,20.05.2026,02.06.2026,04.06.2026,10.06.2026,10.06.2026,,S001,WH KLS JABABEKA
I100260515L048_S001,CDE PICKUP,506000,0,0,0,0,0,506000,S001 - WH KLS JABABEKA,PT. Nusantara Cargo Line,7,ON SCHEDULE,27,0,12.06.2026,15.05.2026,20.05.2026,02.06.2026,04.06.2026,10.06.2026,10.06.2026,,S001,WH KLS JABABEKA
I100260515L050_S001,CDE PICKUP,1600500,0,0,0,0,0,1600500,S001 - WH KLS JABABEKA,PT. Nusantara Cargo Line,7,ON SCHEDULE,27,0,12.06.2026,15.05.2026,26.05.2026,02.06.2026,04.06.2026,10.06.2026,10.06.2026,,S001,WH KLS JABABEKA
I100260515L050_S001,CDE PICKUP,1600500,0,0,0,0,0,1600500,S001 - WH KLS JABABEKA,PT. Nusantara Cargo Line,7,ON SCHEDULE,27,0,12.06.2026,15.05.2026,26.05.2026,02.06.2026,04.06.2026,10.06.2026,10.06.2026,,S001,WH KLS JABABEKA
I100260515L051_S001,CDE PICKUP,250000,0,0,0,0,0,250000,S001 - WH KLS JABABEKA,PT. Nusantara Cargo Line,7,ON SCHEDULE,27,0,12.06.2026,15.05.2026,20.05.2026,11.06.2026,18.06.2026,19.06.2026,19.06.2026,,S001,WH KLS JABABEKA
I100260515L051_S001,CDE PICKUP,250000,0,0,0,0,0,250000,S001 - WH KLS JABABEKA,PT. Nusantara Cargo Line,7,ON SCHEDULE,27,0,12.06.2026,15.05.2026,20.05.2026,11.06.2026,18.06.2026,19.06.2026,19.06.2026,,S001,WH KLS JABABEKA
I100260515L052_S001,CDE PICKUP,533500,0,0,0,0,0,533500,S001 - WH KLS JABABEKA,PT. Nusantara Cargo Line,7,ON SCHEDULE,27,0,12.06.2026,15.05.2026,05.06.2026,10.06.2026,18.06.2026,18.06.2026,18.06.2026,,S001,WH KLS JABABEKA
I100260515L052_S001,CDE PICKUP,533500,0,0,0,0,0,533500,S001 - WH KLS JABABEKA,PT. Nusantara Cargo Line,7,ON SCHEDULE,27,0,12.06.2026,15.05.2026,05.06.2026,10.06.2026,18.06.2026,18.06.2026,18.06.2026,,S001,WH KLS JABABEKA
I100260515L053_S001,CDE PICKUP,275000,0,0,0,0,0,275000,S001 - WH KLS JABABEKA,PT. Nusantara Cargo Line,7,ON SCHEDULE,27,0,12.06.2026,15.05.2026,20.05.2026,03.06.2026,04.06.2026,10.06.2026,10.06.2026,,S001,WH KLS JABABEKA
I100260515L053_S001,CDE PICKUP,275000,0,0,0,0,0,275000,S001 - WH KLS JABABEKA,PT. Nusantara Cargo Line,7,ON SCHEDULE,27,0,12.06.2026,15.05.2026,20.05.2026,03.06.2026,04.06.2026,10.06.2026,10.06.2026,,S001,WH KLS JABABEKA
I100260515L054_S001,CDE PICKUP,275000,0,0,0,0,0,275000,S001 - WH KLS JABABEKA,PT. Nusantara Cargo Line,7,ON SCHEDULE,27,0,12.06.2026,15.05.2026,20.05.2026,03.06.2026,04.06.2026,10.06.2026,10.06.2026,,S001,WH KLS JABABEKA
I100260515L054_S001,CDE PICKUP,275000,0,0,0,0,0,275000,S001 - WH KLS JABABEKA,PT. Nusantara Cargo Line,7,ON SCHEDULE,27,0,12.06.2026,15.05.2026,20.05.2026,03.06.2026,04.06.2026,10.06.2026,10.06.2026,,S001,WH KLS JABABEKA
I100260515L055_S001,CDE PICKUP,260000,0,0,0,0,0,260000,S001 - WH KLS JABABEKA,PT. Nusantara Cargo Line,7,ON SCHEDULE,27,0,12.06.2026,15.05.2026,20.05.2026,12.06.2026,18.06.2026,24.06.2026,24.06.2026,,S001,WH KLS JABABEKA
I100260515L055_S001,CDE PICKUP,260000,0,0,0,0,0,260000,S001 - WH KLS JABABEKA,PT. Nusantara Cargo Line,7,ON SCHEDULE,27,0,12.06.2026,15.05.2026,20.05.2026,12.06.2026,18.06.2026,24.06.2026,24.06.2026,,S001,WH KLS JABABEKA
I100260515L057_S001,CDE PICKUP,225000,0,0,0,0,0,225000,S001 - WH KLS JABABEKA,PT. Nusantara Cargo Line,7,ON SCHEDULE,27,0,12.06.2026,15.05.2026,05.06.2026,12.06.2026,18.06.2026,24.06.2026,24.06.2026,,S001,WH KLS JABABEKA
I100260515L057_S001,CDE PICKUP,225000,0,0,0,0,0,225000,S001 - WH KLS JABABEKA,PT. Nusantara Cargo Line,7,ON SCHEDULE,27,0,12.06.2026,15.05.2026,05.06.2026,12.06.2026,18.06.2026,24.06.2026,24.06.2026,,S001,WH KLS JABABEKA
I100260515L058_S001,CDE PICKUP,350000,0,0,0,0,0,350000,S001 - WH KLS JABABEKA,PT. Nusantara Cargo Line,7,ON SCHEDULE,27,0,12.06.2026,15.05.2026,20.05.2026,02.06.2026,04.06.2026,10.06.2026,10.06.2026,,S001,WH KLS JABABEKA
I100260515L058_S001,CDE PICKUP,350000,0,0,0,0,0,350000,S001 - WH KLS JABABEKA,PT. Nusantara Cargo Line,7,ON SCHEDULE,27,0,12.06.2026,15.05.2026,20.05.2026,02.06.2026,04.06.2026,10.06.2026,10.06.2026,,S001,WH KLS JABABEKA
I100260515L059_S001,CDE PICKUP,275000,0,0,0,0,0,275000,S001 - WH KLS JABABEKA,PT. Nusantara Cargo Line,7,ON SCHEDULE,27,0,12.06.2026,15.05.2026,05.06.2026,11.06.2026,18.06.2026,19.06.2026,19.06.2026,,S001,WH KLS JABABEKA
I100260515L059_S001,CDE PICKUP,275000,0,0,0,0,0,275000,S001 - WH KLS JABABEKA,PT. Nusantara Cargo Line,7,ON SCHEDULE,27,0,12.06.2026,15.05.2026,05.06.2026,11.06.2026,18.06.2026,19.06.2026,19.06.2026,,S001,WH KLS JABABEKA
I100260515L060_S001,CDE PICKUP,700000,0,0,0,0,0,700000,S001 - WH KLS JABABEKA,PT. Nusantara Cargo Line,7,ON SCHEDULE,27,0,12.06.2026,15.05.2026,20.05.2026,03.06.2026,04.06.2026,10.06.2026,10.06.2026,,S001,WH KLS JABABEKA
I100260515L060_S001,CDE PICKUP,700000,0,0,0,0,0,700000,S001 - WH KLS JABABEKA,PT. Nusantara Cargo Line,7,ON SCHEDULE,27,0,12.06.2026,15.05.2026,20.05.2026,03.06.2026,04.06.2026,10.06.2026,10.06.2026,,S001,WH KLS JABABEKA
I100260515L062_S001,CDE PICKUP,1175000,0,0,0,0,0,1175000,S001 - WH KLS JABABEKA,PT. Nusantara Cargo Line,7,ON SCHEDULE,27,0,12.06.2026,15.05.2026,20.05.2026,12.06.2026,18.06.2026,24.06.2026,26.06.2026,,S001,WH KLS JABABEKA
I100260515L062_S001,CDE PICKUP,1175000,0,0,0,0,0,1175000,S001 - WH KLS JABABEKA,PT. Nusantara Cargo Line,7,ON SCHEDULE,27,0,12.06.2026,15.05.2026,20.05.2026,12.06.2026,18.06.2026,24.06.2026,26.06.2026,,S001,WH KLS JABABEKA
I100260515L063_S001,MINI VAN BOX,0,0,0,0,0,0,0,S001 - WH KLS JABABEKA,FIRST LOGISTICS,2,LATE,7,80,23.05.2026,15.05.2026,05.06.2026,,,,,,S001,WH KLS JABABEKA
I100260515L091_S001,MINI VAN BOX,0,0,0,0,0,0,0,S001 - WH KLS JABABEKA,PT. MERPATI ALAM SEMESTA,1,LATE,1,75,22.05.2026,20.05.2026,,,,,,,S001,WH KLS JABABEKA
I100260515L097_S001,MINI VAN BOX,0,0,0,0,0,0,0,S001 - WH KLS JABABEKA,FIRST LOGISTICS,2,LATE,7,80,23.05.2026,15.05.2026,05.06.2026,,,,,,S001,WH KLS JABABEKA
I100260515L099_S001,MINI VAN BOX,0,0,0,0,0,0,0,S001 - WH KLS JABABEKA,FIRST LOGISTICS,2,LATE,7,80,23.05.2026,15.05.2026,05.06.2026,,,,,,S001,WH KLS JABABEKA
I100260515L100_S001,MINI VAN BOX,0,0,0,0,0,0,0,S001 - WH KLS JABABEKA,FIRST LOGISTICS,2,LATE,7,80,23.05.2026,15.05.2026,05.06.2026,,,,,,S001,WH KLS JABABEKA
I100260515L101_S001,MINI VAN BOX,0,0,0,0,0,0,0,S001 - WH KLS JABABEKA,FIRST LOGISTICS,2,LATE,7,80,23.05.2026,15.05.2026,05.06.2026,,,,,,S001,WH KLS JABABEKA
I100260515L102_S001,MINI VAN BOX,0,0,0,0,0,0,0,S001 - WH KLS JABABEKA,FIRST LOGISTICS,2,LATE,7,80,23.05.2026,15.05.2026,05.06.2026,,,,,,S001,WH KLS JABABEKA
I100260515L103_S001,MINI VAN BOX,0,0,0,0,0,0,0,S001 - WH KLS JABABEKA,FIRST LOGISTICS,2,LATE,7,80,23.05.2026,15.05.2026,05.06.2026,,,,,,S001,WH KLS JABABEKA
I100260515L104_S001,MINI VAN BOX,0,0,0,0,0,0,0,S001 - WH KLS JABABEKA,FIRST LOGISTICS,2,LATE,7,75,28.05.2026,20.05.2026,01.07.2026,,,,,,S001,WH KLS JABABEKA
I100260515T011_S001,WINGBOX,20000000,0,0,0,0,0,20000000,S001 - WH KLS JABABEKA,PT. ORANG KREATIF EKSIS,7,ON SCHEDULE,32,0,17.06.2026,15.05.2026,23.05.2026,05.06.2026,06.06.2026,17.06.2026,17.06.2026,,S001,WH KLS JABABEKA
I100260515T012_S001,WINGBOX,5650000,0,0,0,0,0,5650000,S001 - WH KLS JABABEKA,PT. DUTA MEDIA MANDIRI,6,LATE,29,80,14.06.2026,15.05.2026,19.05.2026,25.05.2026,26.05.2026,08.07.2026,08.07.2026,,S001,WH KLS JABABEKA
I100260516L002_S001,MINI VAN BOX,0,0,0,0,0,0,0,S001 - WH KLS JABABEKA,FIRST LOGISTICS,1,LATE,1,75,22.05.2026,20.05.2026,,,,,,,S001,WH KLS JABABEKA
I100260516L006_S001,CDD BAK,4500000,0,0,0,0,0,4500000,S001 - WH KLS JABABEKA,PT. HARI JAYA SEJAHTERA,7,ON SCHEDULE,29,0,15.06.2026,16.05.2026,19.05.2026,19.05.2026,20.05.2026,12.06.2026,19.06.2026,,S001,WH KLS JABABEKA
I100260516L007_S001,CDD BAK,4500000,0,0,0,0,0,4500000,S001 - WH KLS JABABEKA,PT. HARI JAYA SEJAHTERA,7,ON SCHEDULE,27,0,13.06.2026,16.05.2026,19.05.2026,19.05.2026,20.05.2026,12.06.2026,19.06.2026,,S001,WH KLS JABABEKA
I100260516L008_S001,CDD BAK,5300000,0,0,0,400000,0,5700000,S001 - WH KLS JABABEKA,PT. EKA CIPTA MANGGALA,7,ON SCHEDULE,29,0,15.06.2026,16.05.2026,19.05.2026,29.05.2026,29.05.2026,29.05.2026,29.05.2026,,S001,WH KLS JABABEKA
I100260516L008_S001,CDD BAK,5300000,0,0,0,400000,0,5700000,S001 - WH KLS JABABEKA,PT. EKA CIPTA MANGGALA,7,ON SCHEDULE,29,0,15.06.2026,16.05.2026,19.05.2026,29.05.2026,29.05.2026,29.05.2026,29.05.2026,,S001,WH KLS JABABEKA
I100260516L008_S001,CDD BAK,5300000,0,0,0,400000,0,5700000,S001 - WH KLS JABABEKA,PT. EKA CIPTA MANGGALA,7,ON SCHEDULE,29,0,15.06.2026,16.05.2026,19.05.2026,29.05.2026,29.05.2026,29.05.2026,29.05.2026,,S001,WH KLS JABABEKA
I100260516L009_S001,CDD BAK,4500000,0,0,0,1350000,0,5850000,S001 - WH KLS JABABEKA,PT. HARI JAYA SEJAHTERA,6,LATE,29,79,15.06.2026,16.05.2026,,25.06.2026,26.06.2026,22.07.2026,30.07.2026,,S001,WH KLS JABABEKA
I100260516L009_S001,CDD BAK,4500000,0,0,0,1350000,0,5850000,S001 - WH KLS JABABEKA,PT. HARI JAYA SEJAHTERA,6,LATE,29,79,15.06.2026,16.05.2026,,25.06.2026,26.06.2026,22.07.2026,30.07.2026,,S001,WH KLS JABABEKA
I100260516L009_S001,CDD BAK,4500000,0,0,0,1350000,0,5850000,S001 - WH KLS JABABEKA,PT. HARI JAYA SEJAHTERA,6,LATE,29,79,15.06.2026,16.05.2026,,25.06.2026,26.06.2026,22.07.2026,30.07.2026,,S001,WH KLS JABABEKA
I100260516L009_S001,CDD BAK,4500000,0,0,0,1350000,0,5850000,S001 - WH KLS JABABEKA,PT. HARI JAYA SEJAHTERA,6,LATE,29,79,15.06.2026,16.05.2026,,25.06.2026,26.06.2026,22.07.2026,30.07.2026,,S001,WH KLS JABABEKA
I100260516L010_S001,CDE PICKUP,757500,0,0,0,0,0,757500,S001 - WH KLS JABABEKA,PT. MERPATI ALAM SEMESTA,6,LATE,27,79,13.06.2026,16.05.2026,06.06.2026,21.07.2026,29.07.2026,03.08.2026,03.08.2026,,S001,WH KLS JABABEKA
I100260516L010_S001,CDE PICKUP,757500,0,0,0,0,0,757500,S001 - WH KLS JABABEKA,PT. MERPATI ALAM SEMESTA,6,LATE,27,79,13.06.2026,16.05.2026,06.06.2026,21.07.2026,29.07.2026,03.08.2026,03.08.2026,,S001,WH KLS JABABEKA
I100260516L011_S001,CDE PICKUP,115000,0,0,0,0,0,115000,S001 - WH KLS JABABEKA,PT. MERPATI ALAM SEMESTA,6,LATE,27,79,13.06.2026,16.05.2026,22.05.2026,21.07.2026,29.07.2026,03.08.2026,03.08.2026,,S001,WH KLS JABABEKA
I100260516L011_S001,CDE PICKUP,115000,0,0,0,0,0,115000,S001 - WH KLS JABABEKA,PT. MERPATI ALAM SEMESTA,6,LATE,27,79,13.06.2026,16.05.2026,22.05.2026,21.07.2026,29.07.2026,03.08.2026,03.08.2026,,S001,WH KLS JABABEKA
I100260516L012_S001,CDE PICKUP,50625,0,0,0,0,0,50625,S001 - WH KLS JABABEKA,PT. MERPATI ALAM SEMESTA,7,ON SCHEDULE,27,0,13.06.2026,16.05.2026,22.05.2026,18.06.2026,23.06.2026,30.06.2026,30.06.2026,,S001,WH KLS JABABEKA
I100260516L012_S001,CDE PICKUP,50625,0,0,0,0,0,50625,S001 - WH KLS JABABEKA,PT. MERPATI ALAM SEMESTA,7,ON SCHEDULE,27,0,13.06.2026,16.05.2026,22.05.2026,18.06.2026,23.06.2026,30.06.2026,30.06.2026,,S001,WH KLS JABABEKA
I100260516L013_S001,CDE PICKUP,52000,0,0,0,0,0,52000,S001 - WH KLS JABABEKA,PT. MERPATI ALAM SEMESTA,6,LATE,27,79,13.06.2026,16.05.2026,22.05.2026,21.07.2026,29.07.2026,03.08.2026,03.08.2026,,S001,WH KLS JABABEKA
I100260516L013_S001,CDE PICKUP,52000,0,0,0,0,0,52000,S001 - WH KLS JABABEKA,PT. MERPATI ALAM SEMESTA,6,LATE,27,79,13.06.2026,16.05.2026,22.05.2026,21.07.2026,29.07.2026,03.08.2026,03.08.2026,,S001,WH KLS JABABEKA
I100260516L014_S001,CDE PICKUP,522000,0,0,0,0,0,522000,S001 - WH KLS JABABEKA,PT. MERPATI ALAM SEMESTA,6,LATE,27,79,13.06.2026,16.05.2026,06.06.2026,28.07.2026,29.07.2026,03.08.2026,03.08.2026,,S001,WH KLS JABABEKA
I100260516L014_S001,CDE PICKUP,522000,0,0,0,0,0,522000,S001 - WH KLS JABABEKA,PT. MERPATI ALAM SEMESTA,6,LATE,27,79,13.06.2026,16.05.2026,06.06.2026,28.07.2026,29.07.2026,03.08.2026,03.08.2026,,S001,WH KLS JABABEKA
I100260516L015_S001,CDE PICKUP,60000,0,0,0,0,0,60000,S001 - WH KLS JABABEKA,PT. MERPATI ALAM SEMESTA,6,LATE,27,79,13.06.2026,16.05.2026,22.05.2026,21.07.2026,29.07.2026,03.08.2026,03.08.2026,,S001,WH KLS JABABEKA
I100260516L015_S001,CDE PICKUP,60000,0,0,0,0,0,60000,S001 - WH KLS JABABEKA,PT. MERPATI ALAM SEMESTA,6,LATE,27,79,13.06.2026,16.05.2026,22.05.2026,21.07.2026,29.07.2026,03.08.2026,03.08.2026,,S001,WH KLS JABABEKA
I100260516L016_S001,CDE PICKUP,164000,0,0,0,0,0,164000,S001 - WH KLS JABABEKA,PT. MERPATI ALAM SEMESTA,6,LATE,27,79,13.06.2026,16.05.2026,22.05.2026,21.07.2026,29.07.2026,03.08.2026,03.08.2026,,S001,WH KLS JABABEKA
I100260516L016_S001,CDE PICKUP,164000,0,0,0,0,0,164000,S001 - WH KLS JABABEKA,PT. MERPATI ALAM SEMESTA,6,LATE,27,79,13.06.2026,16.05.2026,22.05.2026,21.07.2026,29.07.2026,03.08.2026,03.08.2026,,S001,WH KLS JABABEKA
I100260516L082_S001,MINI VAN BOX,0,0,0,0,0,0,0,S001 - WH KLS JABABEKA,PT. MERPATI ALAM SEMESTA,1,LATE,1,75,22.05.2026,20.05.2026,,,,,,,S001,WH KLS JABABEKA
I100260516L084_S001,CDE PICKUP,1176000,0,0,0,0,0,1176000,S001 - WH KLS JABABEKA,PT. MERPATI ALAM SEMESTA,6,LATE,27,79,13.06.2026,16.05.2026,22.05.2026,28.07.2026,29.07.2026,03.08.2026,03.08.2026,,S001,WH KLS JABABEKA
I100260516L084_S001,CDE PICKUP,1176000,0,0,0,0,0,1176000,S001 - WH KLS JABABEKA,PT. MERPATI ALAM SEMESTA,6,LATE,27,79,13.06.2026,16.05.2026,22.05.2026,28.07.2026,29.07.2026,03.08.2026,03.08.2026,,S001,WH KLS JABABEKA
I100260516L085_S001,MINI VAN BOX,0,0,0,0,0,0,0,S001 - WH KLS JABABEKA,FIRST LOGISTICS,2,LATE,7,79,24.05.2026,16.05.2026,14.06.2026,,,,,,S001,WH KLS JABABEKA
I100260516L086_S001,MINI VAN BOX,0,0,0,0,0,0,0,S001 - WH KLS JABABEKA,FIRST LOGISTICS,2,LATE,7,79,24.05.2026,16.05.2026,14.06.2026,,,,,,S001,WH KLS JABABEKA
I100260516L087_S001,MINI VAN BOX,0,0,0,0,0,0,0,S001 - WH KLS JABABEKA,FIRST LOGISTICS,2,LATE,7,79,24.05.2026,16.05.2026,14.06.2026,,,,,,S001,WH KLS JABABEKA
I100260516L088_S001,MIN VAN OPS,0,0,0,0,0,0,0,S001 - WH KLS JABABEKA,FIRST LOGISTICS,2,LATE,7,79,24.05.2026,16.05.2026,14.06.2026,,,,,,S001,WH KLS JABABEKA
I100260516L090_S001,MINI VAN BOX,0,0,0,0,0,0,0,S001 - WH KLS JABABEKA,FIRST LOGISTICS,2,LATE,7,75,28.05.2026,20.05.2026,01.07.2026,,,,,,S001,WH KLS JABABEKA
I100260516L091_S001,MINI VAN BOX,0,0,0,0,0,0,0,S001 - WH KLS JABABEKA,FIRST LOGISTICS,2,LATE,7,79,24.05.2026,16.05.2026,14.06.2026,,,,,,S001,WH KLS JABABEKA
I100260516L092_S001,MINI VAN BOX,0,0,0,0,0,0,0,S001 - WH KLS JABABEKA,FIRST LOGISTICS,2,LATE,7,79,24.05.2026,16.05.2026,14.06.2026,,,,,,S001,WH KLS JABABEKA
I100260516L093_S001,MINI VAN BOX,0,0,0,0,0,0,0,S001 - WH KLS JABABEKA,FIRST LOGISTICS,2,LATE,7,79,24.05.2026,16.05.2026,14.06.2026,,,,,,S001,WH KLS JABABEKA
I100260516L094_S001,MINI VAN BOX,0,0,0,0,0,0,0,S001 - WH KLS JABABEKA,FIRST LOGISTICS,2,LATE,7,75,28.05.2026,20.05.2026,01.07.2026,,,,,,S001,WH KLS JABABEKA
I100260516L095_S001,MINI VAN BOX,0,0,0,0,0,0,0,S001 - WH KLS JABABEKA,FIRST LOGISTICS,2,LATE,7,79,24.05.2026,16.05.2026,14.06.2026,,,,,,S001,WH KLS JABABEKA
I100260517L024_S001,CDD BAK,4000000,0,0,0,800000,0,4800000,S001 - WH KLS JABABEKA,PT. EKA CIPTA MANGGALA,7,ON SCHEDULE,28,0,15.06.2026,17.05.2026,19.05.2026,21.05.2026,21.05.2026,21.05.2026,21.05.2026,,S001,WH KLS JABABEKA
I100260517L024_S001,CDD BAK,4000000,0,0,0,800000,0,4800000,S001 - WH KLS JABABEKA,PT. EKA CIPTA MANGGALA,7,ON SCHEDULE,28,0,15.06.2026,17.05.2026,19.05.2026,21.05.2026,21.05.2026,21.05.2026,21.05.2026,,S001,WH KLS JABABEKA
I100260517L024_S001,CDD BAK,4000000,0,0,0,800000,0,4800000,S001 - WH KLS JABABEKA,PT. EKA CIPTA MANGGALA,7,ON SCHEDULE,28,0,15.06.2026,17.05.2026,19.05.2026,21.05.2026,21.05.2026,21.05.2026,21.05.2026,,S001,WH KLS JABABEKA
I100260517L024_S001,CDD BAK,4000000,0,0,0,800000,0,4800000,S001 - WH KLS JABABEKA,PT. EKA CIPTA MANGGALA,7,ON SCHEDULE,28,0,15.06.2026,17.05.2026,19.05.2026,21.05.2026,21.05.2026,21.05.2026,21.05.2026,,S001,WH KLS JABABEKA
I100260517L024_S001,CDD BAK,4000000,0,0,0,800000,0,4800000,S001 - WH KLS JABABEKA,PT. EKA CIPTA MANGGALA,7,ON SCHEDULE,28,0,15.06.2026,17.05.2026,19.05.2026,21.05.2026,21.05.2026,21.05.2026,21.05.2026,,S001,WH KLS JABABEKA
I100260517L025_S001,CDD BAK,4100000,0,0,0,1200000,0,5300000,S001 - WH KLS JABABEKA,PT. EKA CIPTA MANGGALA,7,ON SCHEDULE,28,0,15.06.2026,17.05.2026,19.05.2026,21.05.2026,21.05.2026,21.05.2026,21.05.2026,,S001,WH KLS JABABEKA
I100260517L025_S001,CDD BAK,4100000,0,0,0,1200000,0,5300000,S001 - WH KLS JABABEKA,PT. EKA CIPTA MANGGALA,7,ON SCHEDULE,28,0,15.06.2026,17.05.2026,19.05.2026,21.05.2026,21.05.2026,21.05.2026,21.05.2026,,S001,WH KLS JABABEKA
I100260517L025_S001,CDD BAK,4100000,0,0,0,1200000,0,5300000,S001 - WH KLS JABABEKA,PT. EKA CIPTA MANGGALA,7,ON SCHEDULE,28,0,15.06.2026,17.05.2026,19.05.2026,21.05.2026,21.05.2026,21.05.2026,21.05.2026,,S001,WH KLS JABABEKA
I100260517L025_S001,CDD BAK,4100000,0,0,0,1200000,0,5300000,S001 - WH KLS JABABEKA,PT. EKA CIPTA MANGGALA,7,ON SCHEDULE,28,0,15.06.2026,17.05.2026,19.05.2026,21.05.2026,21.05.2026,21.05.2026,21.05.2026,,S001,WH KLS JABABEKA
I100260517L025_S001,CDD BAK,4100000,0,0,0,1200000,0,5300000,S001 - WH KLS JABABEKA,PT. EKA CIPTA MANGGALA,7,ON SCHEDULE,28,0,15.06.2026,17.05.2026,19.05.2026,21.05.2026,21.05.2026,21.05.2026,21.05.2026,,S001,WH KLS JABABEKA
I100260517L025_S001,CDD BAK,4100000,0,0,0,1200000,0,5300000,S001 - WH KLS JABABEKA,PT. EKA CIPTA MANGGALA,7,ON SCHEDULE,28,0,15.06.2026,17.05.2026,19.05.2026,21.05.2026,21.05.2026,21.05.2026,21.05.2026,,S001,WH KLS JABABEKA
I100260517L026_S001,CDD BAK,3421969,0,0,0,500000,304174,4226143,S001 - WH KLS JABABEKA,PT. HARI JAYA TRANSPORTASI,7,ON SCHEDULE,27,0,14.06.2026,17.05.2026,,22.05.2026,22.05.2026,22.05.2026,22.05.2026,,S001,WH KLS JABABEKA
I100260517L026_S001,CDD BAK,3421969,0,0,0,500000,304174,4226143,S001 - WH KLS JABABEKA,PT. HARI JAYA TRANSPORTASI,7,ON SCHEDULE,27,0,14.06.2026,17.05.2026,,22.05.2026,22.05.2026,22.05.2026,22.05.2026,,S001,WH KLS JABABEKA
I100260517L026_S001,CDD BAK,3421969,0,0,0,500000,304174,4226143,S001 - WH KLS JABABEKA,PT. HARI JAYA TRANSPORTASI,7,ON SCHEDULE,27,0,14.06.2026,17.05.2026,,22.05.2026,22.05.2026,22.05.2026,22.05.2026,,S001,WH KLS JABABEKA
I100260517L026_S001,CDD BAK,3421969,0,0,0,500000,304174,4226143,S001 - WH KLS JABABEKA,PT. HARI JAYA TRANSPORTASI,7,ON SCHEDULE,27,0,14.06.2026,17.05.2026,,22.05.2026,22.05.2026,22.05.2026,22.05.2026,,S001,WH KLS JABABEKA
I100260517L026_S001,CDD BAK,3421969,0,0,0,500000,304174,4226143,S001 - WH KLS JABABEKA,PT. HARI JAYA TRANSPORTASI,7,ON SCHEDULE,27,0,14.06.2026,17.05.2026,,22.05.2026,22.05.2026,22.05.2026,22.05.2026,,S001,WH KLS JABABEKA
I100260517L026_S001,CDD BAK,3421969,0,0,0,500000,304174,4226143,S001 - WH KLS JABABEKA,PT. HARI JAYA TRANSPORTASI,7,ON SCHEDULE,27,0,14.06.2026,17.05.2026,,22.05.2026,22.05.2026,22.05.2026,22.05.2026,,S001,WH KLS JABABEKA
I100260517L029_S001,CDD BAK,3700000,0,0,0,400000,0,4100000,S001 - WH KLS JABABEKA,PT. EKA CIPTA MANGGALA,7,ON SCHEDULE,27,0,14.06.2026,17.05.2026,19.05.2026,29.05.2026,29.05.2026,29.05.2026,29.05.2026,,S001,WH KLS JABABEKA
I100260517L029_S001,CDD BAK,3700000,0,0,0,400000,0,4100000,S001 - WH KLS JABABEKA,PT. EKA CIPTA MANGGALA,7,ON SCHEDULE,27,0,14.06.2026,17.05.2026,19.05.2026,29.05.2026,29.05.2026,29.05.2026,29.05.2026,,S001,WH KLS JABABEKA
I100260517L029_S001,CDD BAK,3700000,0,0,0,400000,0,4100000,S001 - WH KLS JABABEKA,PT. EKA CIPTA MANGGALA,7,ON SCHEDULE,27,0,14.06.2026,17.05.2026,19.05.2026,29.05.2026,29.05.2026,29.05.2026,29.05.2026,,S001,WH KLS JABABEKA
I100260518L010_S001,CDD BAK,7500000,0,0,0,500000,0,8000000,S001 - WH KLS JABABEKA,PT. EKA CIPTA MANGGALA,7,ON SCHEDULE,31,0,19.06.2026,18.05.2026,22.05.2026,29.05.2026,29.05.2026,29.05.2026,29.05.2026,,S001,WH KLS JABABEKA
I100260518L010_S001,CDD BAK,7500000,0,0,0,500000,0,8000000,S001 - WH KLS JABABEKA,PT. EKA CIPTA MANGGALA,7,ON SCHEDULE,31,0,19.06.2026,18.05.2026,22.05.2026,29.05.2026,29.05.2026,29.05.2026,29.05.2026,,S001,WH KLS JABABEKA
I100260518L010_S001,CDD BAK,7500000,0,0,0,500000,0,8000000,S001 - WH KLS JABABEKA,PT. EKA CIPTA MANGGALA,7,ON SCHEDULE,31,0,19.06.2026,18.05.2026,22.05.2026,29.05.2026,29.05.2026,29.05.2026,29.05.2026,,S001,WH KLS JABABEKA
I100260518L011_S001,CDD BAK,6900000,0,0,0,0,0,6900000,S001 - WH KLS JABABEKA,BINTANG SAMUDERA,7,ON SCHEDULE,29,0,17.06.2026,18.05.2026,27.05.2026,04.06.2026,04.06.2026,04.06.2026,04.06.2026,,S001,WH KLS JABABEKA
I100260518L013_S001,CDD BAK,12800000,0,0,0,0,0,12800000,S001 - WH KLS JABABEKA,BINTANG SAMUDERA,7,ON SCHEDULE,27,0,15.06.2026,18.05.2026,27.05.2026,23.06.2026,26.06.2026,29.06.2026,29.06.2026,,S001,WH KLS JABABEKA
I100260518L014_S001,WINGBOX,25675000,0,0,0,0,0,25675000,S001 - WH KLS JABABEKA,PT. Satria Piranti Perkasa,7,ON SCHEDULE,27,0,15.06.2026,18.05.2026,08.06.2026,15.06.2026,15.06.2026,24.06.2026,24.06.2026,,S001,WH KLS JABABEKA
I100260518L016_S001,CDE PICKUP,275000,0,0,0,0,0,275000,S001 - WH KLS JABABEKA,PT. Nusantara Cargo Line,7,ON SCHEDULE,27,0,15.06.2026,18.05.2026,05.06.2026,11.06.2026,18.06.2026,24.06.2026,24.06.2026,,S001,WH KLS JABABEKA
I100260518L016_S001,CDE PICKUP,275000,0,0,0,0,0,275000,S001 - WH KLS JABABEKA,PT. Nusantara Cargo Line,7,ON SCHEDULE,27,0,15.06.2026,18.05.2026,05.06.2026,11.06.2026,18.06.2026,24.06.2026,24.06.2026,,S001,WH KLS JABABEKA
I100260518L017_S001,CDE PICKUP,700000,0,0,0,0,0,700000,S001 - WH KLS JABABEKA,PT. Nusantara Cargo Line,7,ON SCHEDULE,27,0,15.06.2026,18.05.2026,05.06.2026,25.06.2026,26.06.2026,29.06.2026,29.06.2026,,S001,WH KLS JABABEKA
I100260518L017_S001,CDE PICKUP,700000,0,0,0,0,0,700000,S001 - WH KLS JABABEKA,PT. Nusantara Cargo Line,7,ON SCHEDULE,27,0,15.06.2026,18.05.2026,05.06.2026,25.06.2026,26.06.2026,29.06.2026,29.06.2026,,S001,WH KLS JABABEKA
I100260518L018_S001,CDE PICKUP,850000,0,0,0,0,0,850000,S001 - WH KLS JABABEKA,PT. Nusantara Cargo Line,7,ON SCHEDULE,27,0,15.06.2026,18.05.2026,05.06.2026,30.06.2026,01.07.2026,03.07.2026,03.07.2026,,S001,WH KLS JABABEKA
I100260518L018_S001,CDE PICKUP,850000,0,0,0,0,0,850000,S001 - WH KLS JABABEKA,PT. Nusantara Cargo Line,7,ON SCHEDULE,27,0,15.06.2026,18.05.2026,05.06.2026,30.06.2026,01.07.2026,03.07.2026,03.07.2026,,S001,WH KLS JABABEKA
I100260518L019_S001,CDE PICKUP,1045000,0,0,0,0,0,1045000,S001 - WH KLS JABABEKA,PT. Nusantara Cargo Line,6,LATE,27,75,17.06.2026,20.05.2026,09.06.2026,19.06.2026,23.06.2026,25.06.2026,21.07.2026,,S001,WH KLS JABABEKA
I100260518L019_S001,CDE PICKUP,1045000,0,0,0,0,0,1045000,S001 - WH KLS JABABEKA,PT. Nusantara Cargo Line,6,LATE,27,75,17.06.2026,20.05.2026,09.06.2026,19.06.2026,23.06.2026,25.06.2026,21.07.2026,,S001,WH KLS JABABEKA
I100260518L020_S001,CDE PICKUP,325000,0,0,0,0,0,325000,S001 - WH KLS JABABEKA,PT. Nusantara Cargo Line,7,ON SCHEDULE,27,0,15.06.2026,18.05.2026,05.06.2026,11.06.2026,18.06.2026,22.06.2026,22.06.2026,,S001,WH KLS JABABEKA
I100260518L020_S001,CDE PICKUP,325000,0,0,0,0,0,325000,S001 - WH KLS JABABEKA,PT. Nusantara Cargo Line,7,ON SCHEDULE,27,0,15.06.2026,18.05.2026,05.06.2026,11.06.2026,18.06.2026,22.06.2026,22.06.2026,,S001,WH KLS JABABEKA
I100260518L027_S001,CDE PICKUP,0,0,0,0,0,0,0,S001 - WH KLS JABABEKA,PT. Nusantara Cargo Line,2,LATE,7,77,26.05.2026,18.05.2026,05.06.2026,,,,,,S001,WH KLS JABABEKA
I100260518L028_S001,CDE PICKUP,325000,0,0,0,0,0,325000,S001 - WH KLS JABABEKA,PT. Nusantara Cargo Line,7,ON SCHEDULE,27,0,15.06.2026,18.05.2026,05.06.2026,11.06.2026,18.06.2026,22.06.2026,22.06.2026,,S001,WH KLS JABABEKA
I100260518L028_S001,CDE PICKUP,325000,0,0,0,0,0,325000,S001 - WH KLS JABABEKA,PT. Nusantara Cargo Line,7,ON SCHEDULE,27,0,15.06.2026,18.05.2026,05.06.2026,11.06.2026,18.06.2026,22.06.2026,22.06.2026,,S001,WH KLS JABABEKA
I100260518L029_S001,CDE PICKUP,498750,0,0,0,0,0,498750,S001 - WH KLS JABABEKA,PT. Nusantara Cargo Line,7,ON SCHEDULE,27,0,15.06.2026,18.05.2026,05.06.2026,11.06.2026,18.06.2026,24.06.2026,24.06.2026,,S001,WH KLS JABABEKA
I100260518L029_S001,CDE PICKUP,498750,0,0,0,0,0,498750,S001 - WH KLS JABABEKA,PT. Nusantara Cargo Line,7,ON SCHEDULE,27,0,15.06.2026,18.05.2026,05.06.2026,11.06.2026,18.06.2026,24.06.2026,24.06.2026,,S001,WH KLS JABABEKA
I100260518L030_S001,CDE LONG CHASSIS,250000,0,0,0,0,0,250000,S001 - WH KLS JABABEKA,PT. Nusantara Cargo Line,7,ON SCHEDULE,27,0,15.06.2026,18.05.2026,26.05.2026,02.06.2026,04.06.2026,10.06.2026,10.06.2026,,S001,WH KLS JABABEKA
I100260518L030_S001,CDE LONG CHASSIS,250000,0,0,0,0,0,250000,S001 - WH KLS JABABEKA,PT. Nusantara Cargo Line,7,ON SCHEDULE,27,0,15.06.2026,18.05.2026,26.05.2026,02.06.2026,04.06.2026,10.06.2026,10.06.2026,,S001,WH KLS JABABEKA
I100260518L031_S001,CDE PICKUP,1683000,0,0,0,0,0,1683000,S001 - WH KLS JABABEKA,PT. Nusantara Cargo Line,7,ON SCHEDULE,27,0,15.06.2026,18.05.2026,05.06.2026,11.06.2026,18.06.2026,19.06.2026,19.06.2026,,S001,WH KLS JABABEKA
I100260518L031_S001,CDE PICKUP,1683000,0,0,0,0,0,1683000,S001 - WH KLS JABABEKA,PT. Nusantara Cargo Line,7,ON SCHEDULE,27,0,15.06.2026,18.05.2026,05.06.2026,11.06.2026,18.06.2026,19.06.2026,19.06.2026,,S001,WH KLS JABABEKA
I100260518L032_S001,CDE PICKUP,2370000,0,0,0,0,0,2370000,S001 - WH KLS JABABEKA,PT. Nusantara Cargo Line,7,ON SCHEDULE,27,0,15.06.2026,18.05.2026,05.06.2026,11.06.2026,18.06.2026,19.06.2026,19.06.2026,,S001,WH KLS JABABEKA
I100260518L032_S001,CDE PICKUP,2370000,0,0,0,0,0,2370000,S001 - WH KLS JABABEKA,PT. Nusantara Cargo Line,7,ON SCHEDULE,27,0,15.06.2026,18.05.2026,05.06.2026,11.06.2026,18.06.2026,19.06.2026,19.06.2026,,S001,WH KLS JABABEKA
I100260518L033_S001,CDE PICKUP,632500,0,0,0,0,0,632500,S001 - WH KLS JABABEKA,PT. Nusantara Cargo Line,7,ON SCHEDULE,27,0,15.06.2026,18.05.2026,05.06.2026,11.06.2026,18.06.2026,22.06.2026,22.06.2026,,S001,WH KLS JABABEKA
I100260518L033_S001,CDE PICKUP,632500,0,0,0,0,0,632500,S001 - WH KLS JABABEKA,PT. Nusantara Cargo Line,7,ON SCHEDULE,27,0,15.06.2026,18.05.2026,05.06.2026,11.06.2026,18.06.2026,22.06.2026,22.06.2026,,S001,WH KLS JABABEKA
I100260518L034_S001,CDE PICKUP,555500,0,0,0,0,0,555500,S001 - WH KLS JABABEKA,PT. Nusantara Cargo Line,7,ON SCHEDULE,27,0,15.06.2026,18.05.2026,05.06.2026,11.06.2026,18.06.2026,24.06.2026,24.06.2026,,S001,WH KLS JABABEKA
I100260518L034_S001,CDE PICKUP,555500,0,0,0,0,0,555500,S001 - WH KLS JABABEKA,PT. Nusantara Cargo Line,7,ON SCHEDULE,27,0,15.06.2026,18.05.2026,05.06.2026,11.06.2026,18.06.2026,24.06.2026,24.06.2026,,S001,WH KLS JABABEKA
I100260518L064_S001,CDD LONG CHASSIS,1725000,0,0,150000,400000,0,2275000,S001 - WH KLS JABABEKA,BINTANG SAMUDERA,7,ON SCHEDULE,27,0,15.06.2026,18.05.2026,19.05.2026,23.06.2026,26.06.2026,29.06.2026,30.06.2026,,S001,WH KLS JABABEKA
I100260518L065_S001,CDD LONG CHASSIS,1400000,0,0,260000,0,0,1660000,S001 - WH KLS JABABEKA,BINTANG SAMUDERA,7,ON SCHEDULE,27,0,15.06.2026,18.05.2026,19.05.2026,09.06.2026,09.06.2026,10.06.2026,10.06.2026,,S001,WH KLS JABABEKA
I100260518L065_S001,CDD LONG CHASSIS,1400000,0,0,260000,0,0,1660000,S001 - WH KLS JABABEKA,BINTANG SAMUDERA,7,ON SCHEDULE,27,0,15.06.2026,18.05.2026,19.05.2026,09.06.2026,09.06.2026,10.06.2026,10.06.2026,,S001,WH KLS JABABEKA
I100260518L066_S001,CDD LONG CHASSIS,2250000,0,0,300000,0,0,2550000,S001 - WH KLS JABABEKA,BINTANG SAMUDERA,7,ON SCHEDULE,27,0,15.06.2026,18.05.2026,19.05.2026,09.06.2026,09.06.2026,10.06.2026,10.06.2026,,S001,WH KLS JABABEKA
I100260518L066_S001,CDD LONG CHASSIS,2250000,0,0,300000,0,0,2550000,S001 - WH KLS JABABEKA,BINTANG SAMUDERA,7,ON SCHEDULE,27,0,15.06.2026,18.05.2026,19.05.2026,09.06.2026,09.06.2026,10.06.2026,10.06.2026,,S001,WH KLS JABABEKA
I100260518L105_S001,MINI VAN BOX,0,0,0,0,0,0,0,S001 - WH KLS JABABEKA,FIRST LOGISTICS,2,LATE,7,77,27.05.2026,19.05.2026,14.06.2026,,,,,,S001,WH KLS JABABEKA
I100260518L106_S001,MINI VAN BOX,0,0,0,0,0,0,0,S001 - WH KLS JABABEKA,FIRST LOGISTICS,1,LATE,1,77,21.05.2026,19.05.2026,,,,,,,S001,WH KLS JABABEKA
I100260518L108_S001,MINI VAN BOX,0,0,0,0,0,0,0,S001 - WH KLS JABABEKA,FIRST LOGISTICS,2,LATE,7,77,27.05.2026,19.05.2026,14.06.2026,,,,,,S001,WH KLS JABABEKA
I100260518L109_S001,MINI VAN BOX,0,0,0,0,0,0,0,S001 - WH KLS JABABEKA,FIRST LOGISTICS,2,LATE,7,75,28.05.2026,20.05.2026,01.07.2026,,,,,,S001,WH KLS JABABEKA
I100260518L110_S001,CDE PICKUP,325000,0,0,0,0,0,325000,S001 - WH KLS JABABEKA,PT. Nusantara Cargo Line,7,ON SCHEDULE,27,0,15.06.2026,18.05.2026,05.06.2026,11.06.2026,18.06.2026,22.06.2026,22.06.2026,,S001,WH KLS JABABEKA
I100260518L110_S001,CDE PICKUP,325000,0,0,0,0,0,325000,S001 - WH KLS JABABEKA,PT. Nusantara Cargo Line,7,ON SCHEDULE,27,0,15.06.2026,18.05.2026,05.06.2026,11.06.2026,18.06.2026,22.06.2026,22.06.2026,,S001,WH KLS JABABEKA
I100260518L111_S001,CDE PICKUP,275000,0,0,0,0,0,275000,S001 - WH KLS JABABEKA,PT. Nusantara Cargo Line,7,ON SCHEDULE,27,0,17.06.2026,20.05.2026,09.06.2026,25.06.2026,26.06.2026,29.06.2026,29.06.2026,,S001,WH KLS JABABEKA
I100260518L111_S001,CDE PICKUP,275000,0,0,0,0,0,275000,S001 - WH KLS JABABEKA,PT. Nusantara Cargo Line,7,ON SCHEDULE,27,0,17.06.2026,20.05.2026,09.06.2026,25.06.2026,26.06.2026,29.06.2026,29.06.2026,,S001,WH KLS JABABEKA
I100260518L112_S001,CDE PICKUP,325000,0,0,0,0,0,325000,S001 - WH KLS JABABEKA,PT. Nusantara Cargo Line,7,ON SCHEDULE,27,0,15.06.2026,18.05.2026,05.06.2026,11.06.2026,18.06.2026,22.06.2026,22.06.2026,,S001,WH KLS JABABEKA
I100260518L112_S001,CDE PICKUP,325000,0,0,0,0,0,325000,S001 - WH KLS JABABEKA,PT. Nusantara Cargo Line,7,ON SCHEDULE,27,0,15.06.2026,18.05.2026,05.06.2026,11.06.2026,18.06.2026,22.06.2026,22.06.2026,,S001,WH KLS JABABEKA
I100260518L113_S001,CDE PICKUP,480000,0,0,0,0,0,480000,S001 - WH KLS JABABEKA,PT. Nusantara Cargo Line,7,ON SCHEDULE,27,0,15.06.2026,18.05.2026,05.06.2026,15.06.2026,18.06.2026,18.06.2026,18.06.2026,,S001,WH KLS JABABEKA
I100260518L113_S001,CDE PICKUP,480000,0,0,0,0,0,480000,S001 - WH KLS JABABEKA,PT. Nusantara Cargo Line,7,ON SCHEDULE,27,0,15.06.2026,18.05.2026,05.06.2026,15.06.2026,18.06.2026,18.06.2026,18.06.2026,,S001,WH KLS JABABEKA
I100260518L114_S001,CDE PICKUP,275000,0,0,0,0,0,275000,S001 - WH KLS JABABEKA,PT. Nusantara Cargo Line,7,ON SCHEDULE,27,0,17.06.2026,20.05.2026,09.06.2026,30.06.2026,01.07.2026,03.07.2026,03.07.2026,,S001,WH KLS JABABEKA
I100260518L114_S001,CDE PICKUP,275000,0,0,0,0,0,275000,S001 - WH KLS JABABEKA,PT. Nusantara Cargo Line,7,ON SCHEDULE,27,0,17.06.2026,20.05.2026,09.06.2026,30.06.2026,01.07.2026,03.07.2026,03.07.2026,,S001,WH KLS JABABEKA
I100260518L115_S001,CDE PICKUP,585000,0,0,0,0,0,585000,S001 - WH KLS JABABEKA,PT. Nusantara Cargo Line,7,ON SCHEDULE,27,0,15.06.2026,18.05.2026,09.06.2026,25.06.2026,26.06.2026,29.06.2026,29.06.2026,,S001,WH KLS JABABEKA
I100260518L115_S001,CDE PICKUP,585000,0,0,0,0,0,585000,S001 - WH KLS JABABEKA,PT. Nusantara Cargo Line,7,ON SCHEDULE,27,0,15.06.2026,18.05.2026,09.06.2026,25.06.2026,26.06.2026,29.06.2026,29.06.2026,,S001,WH KLS JABABEKA
I100260518T005_S001,CONT-20,15400000,0,0,0,0,0,15400000,S001 - WH KLS JABABEKA,PT. SENTOSA PRIMA ABADI,6,LATE,40,75,30.06.2026,20.05.2026,06.06.2026,10.07.2026,10.07.2026,15.07.2026,15.07.2026,,S001,WH KLS JABABEKA
I100260519L016_S001,CONT-20,17200000,0,0,0,3400000,0,20600000,S001 - WH KLS JABABEKA,PT. SENTOSA PRIMA ABADI,6,LATE,40,76,29.06.2026,19.05.2026,,03.07.2026,08.07.2026,08.07.2026,08.07.2026,,S001,WH KLS JABABEKA
I100260519L016_S001,CONT-20,17200000,0,0,0,3400000,0,20600000,S001 - WH KLS JABABEKA,PT. SENTOSA PRIMA ABADI,6,LATE,40,76,29.06.2026,19.05.2026,,03.07.2026,08.07.2026,08.07.2026,08.07.2026,,S001,WH KLS JABABEKA
I100260519L017_S001,CDD BAK,3700000,0,0,0,1200000,0,4900000,S001 - WH KLS JABABEKA,PT. EKA CIPTA MANGGALA,7,ON SCHEDULE,27,0,16.06.2026,19.05.2026,22.05.2026,29.05.2026,29.05.2026,29.05.2026,29.05.2026,,S001,WH KLS JABABEKA
I100260519L017_S001,CDD BAK,3700000,0,0,0,1200000,0,4900000,S001 - WH KLS JABABEKA,PT. EKA CIPTA MANGGALA,7,ON SCHEDULE,27,0,16.06.2026,19.05.2026,22.05.2026,29.05.2026,29.05.2026,29.05.2026,29.05.2026,,S001,WH KLS JABABEKA
I100260519L017_S001,CDD BAK,3700000,0,0,0,1200000,0,4900000,S001 - WH KLS JABABEKA,PT. EKA CIPTA MANGGALA,7,ON SCHEDULE,27,0,16.06.2026,19.05.2026,22.05.2026,29.05.2026,29.05.2026,29.05.2026,29.05.2026,,S001,WH KLS JABABEKA
I100260519L017_S001,CDD BAK,3700000,0,0,0,1200000,0,4900000,S001 - WH KLS JABABEKA,PT. EKA CIPTA MANGGALA,7,ON SCHEDULE,27,0,16.06.2026,19.05.2026,22.05.2026,29.05.2026,29.05.2026,29.05.2026,29.05.2026,,S001,WH KLS JABABEKA
I100260519L017_S001,CDD BAK,3700000,0,0,0,1200000,0,4900000,S001 - WH KLS JABABEKA,PT. EKA CIPTA MANGGALA,7,ON SCHEDULE,27,0,16.06.2026,19.05.2026,22.05.2026,29.05.2026,29.05.2026,29.05.2026,29.05.2026,,S001,WH KLS JABABEKA
I100260519L017_S001,CDD BAK,3700000,0,0,0,1200000,0,4900000,S001 - WH KLS JABABEKA,PT. EKA CIPTA MANGGALA,7,ON SCHEDULE,27,0,16.06.2026,19.05.2026,22.05.2026,29.05.2026,29.05.2026,29.05.2026,29.05.2026,,S001,WH KLS JABABEKA
I100260519L018_S001,CDD BAK,11500000,0,0,0,2300000,0,13800000,S001 - WH KLS JABABEKA,BINTANG SAMUDERA,7,ON SCHEDULE,29,0,19.06.2026,20.05.2026,27.05.2026,23.06.2026,26.06.2026,29.06.2026,29.06.2026,,S001,WH KLS JABABEKA
I100260519L018_S001,CDD BAK,11500000,0,0,0,2300000,0,13800000,S001 - WH KLS JABABEKA,BINTANG SAMUDERA,7,ON SCHEDULE,29,0,19.06.2026,20.05.2026,27.05.2026,23.06.2026,26.06.2026,29.06.2026,29.06.2026,,S001,WH KLS JABABEKA
I100260519L019_S001,CDD BAK,4500000,0,0,0,550000,0,5050000,S001 - WH KLS JABABEKA,PT. HARI JAYA SEJAHTERA,7,ON SCHEDULE,29,0,18.06.2026,19.05.2026,22.05.2026,26.05.2026,27.05.2026,12.06.2026,19.06.2026,,S001,WH KLS JABABEKA
I100260519L019_S001,CDD BAK,4500000,0,0,0,550000,0,5050000,S001 - WH KLS JABABEKA,PT. HARI JAYA SEJAHTERA,7,ON SCHEDULE,29,0,18.06.2026,19.05.2026,22.05.2026,26.05.2026,27.05.2026,12.06.2026,19.06.2026,,S001,WH KLS JABABEKA
I100260519L037_S001,CDD PICK UP,1500000,0,0,0,0,0,1500000,S001 - WH KLS JABABEKA,PT. MERPATI ALAM SEMESTA,5,LATE,21,76,11.06.2026,20.05.2026,05.06.2026,21.07.2026,29.07.2026,04.08.2026,,,S001,WH KLS JABABEKA
I100260519L037_S001,CDD PICK UP,1500000,0,0,0,0,0,1500000,S001 - WH KLS JABABEKA,PT. MERPATI ALAM SEMESTA,5,LATE,21,76,11.06.2026,20.05.2026,05.06.2026,21.07.2026,29.07.2026,04.08.2026,,,S001,WH KLS JABABEKA
I100260519L038_S001,CDD PICK UP,0,0,0,0,0,0,0,S001 - WH KLS JABABEKA,PT. MERPATI ALAM SEMESTA,1,LATE,1,74,23.05.2026,21.05.2026,,,,,,,S001,WH KLS JABABEKA
I100260519L039_S001,CDD PICK UP,600000,0,0,0,0,0,600000,S001 - WH KLS JABABEKA,PT. MERPATI ALAM SEMESTA,4,LATE,15,74,06.06.2026,21.05.2026,06.06.2026,21.07.2026,29.07.2026,,,,S001,WH KLS JABABEKA
I100260519L039_S001,CDD PICK UP,600000,0,0,0,0,0,600000,S001 - WH KLS JABABEKA,PT. MERPATI ALAM SEMESTA,4,LATE,15,74,06.06.2026,21.05.2026,06.06.2026,21.07.2026,29.07.2026,,,,S001,WH KLS JABABEKA
I100260519L040_S001,CDD PICK UP,196000,0,0,0,0,0,196000,S001 - WH KLS JABABEKA,PT. MERPATI ALAM SEMESTA,4,LATE,15,74,06.06.2026,21.05.2026,06.06.2026,21.07.2026,29.07.2026,,,,S001,WH KLS JABABEKA
I100260519L040_S001,CDD PICK UP,196000,0,0,0,0,0,196000,S001 - WH KLS JABABEKA,PT. MERPATI ALAM SEMESTA,4,LATE,15,74,06.06.2026,21.05.2026,06.06.2026,21.07.2026,29.07.2026,,,,S001,WH KLS JABABEKA
I100260519L043_S001,CDE PICKUP,400000,0,0,0,0,0,400000,S001 - WH KLS JABABEKA,PT. MERPATI ALAM SEMESTA,4,LATE,15,74,06.06.2026,21.05.2026,06.06.2026,21.07.2026,29.07.2026,,,,S001,WH KLS JABABEKA
I100260519L043_S001,CDE PICKUP,400000,0,0,0,0,0,400000,S001 - WH KLS JABABEKA,PT. MERPATI ALAM SEMESTA,4,LATE,15,74,06.06.2026,21.05.2026,06.06.2026,21.07.2026,29.07.2026,,,,S001,WH KLS JABABEKA
I100260519L044_S001,CDE PICKUP,400000,0,0,0,0,0,400000,S001 - WH KLS JABABEKA,PT. MERPATI ALAM SEMESTA,4,LATE,15,74,06.06.2026,21.05.2026,06.06.2026,21.07.2026,29.07.2026,,,,S001,WH KLS JABABEKA
I100260519L044_S001,CDE PICKUP,400000,0,0,0,0,0,400000,S001 - WH KLS JABABEKA,PT. MERPATI ALAM SEMESTA,4,LATE,15,74,06.06.2026,21.05.2026,06.06.2026,21.07.2026,29.07.2026,,,,S001,WH KLS JABABEKA
I100260519L045_S001,CDD PICK UP,190000,0,0,0,0,0,190000,S001 - WH KLS JABABEKA,PT. MERPATI ALAM SEMESTA,4,LATE,15,74,06.06.2026,21.05.2026,06.06.2026,21.07.2026,29.07.2026,,,,S001,WH KLS JABABEKA
I100260519L045_S001,CDD PICK UP,190000,0,0,0,0,0,190000,S001 - WH KLS JABABEKA,PT. MERPATI ALAM SEMESTA,4,LATE,15,74,06.06.2026,21.05.2026,06.06.2026,21.07.2026,29.07.2026,,,,S001,WH KLS JABABEKA
I100260519L046_S001,CDD PICK UP,1030000,0,0,0,0,0,1030000,S001 - WH KLS JABABEKA,PT. MERPATI ALAM SEMESTA,4,LATE,15,74,06.06.2026,21.05.2026,06.06.2026,21.07.2026,29.07.2026,,,,S001,WH KLS JABABEKA
I100260519L046_S001,CDD PICK UP,1030000,0,0,0,0,0,1030000,S001 - WH KLS JABABEKA,PT. MERPATI ALAM SEMESTA,4,LATE,15,74,06.06.2026,21.05.2026,06.06.2026,21.07.2026,29.07.2026,,,,S001,WH KLS JABABEKA
I100260519L048_S001,CDD PICK UP,50000,0,0,0,0,0,50000,S001 - WH KLS JABABEKA,PT. MERPATI ALAM SEMESTA,4,LATE,15,74,06.06.2026,21.05.2026,06.06.2026,21.07.2026,29.07.2026,,,,S001,WH KLS JABABEKA
I100260519L048_S001,CDD PICK UP,50000,0,0,0,0,0,50000,S001 - WH KLS JABABEKA,PT. MERPATI ALAM SEMESTA,4,LATE,15,74,06.06.2026,21.05.2026,06.06.2026,21.07.2026,29.07.2026,,,,S001,WH KLS JABABEKA
I100260519L050_S001,CDD PICK UP,70000,0,0,0,0,0,70000,S001 - WH KLS JABABEKA,PT. MERPATI ALAM SEMESTA,7,ON SCHEDULE,27,0,18.06.2026,21.05.2026,22.05.2026,18.06.2026,23.06.2026,30.06.2026,30.06.2026,,S001,WH KLS JABABEKA
I100260519L050_S001,CDD PICK UP,70000,0,0,0,0,0,70000,S001 - WH KLS JABABEKA,PT. MERPATI ALAM SEMESTA,7,ON SCHEDULE,27,0,18.06.2026,21.05.2026,22.05.2026,18.06.2026,23.06.2026,30.06.2026,30.06.2026,,S001,WH KLS JABABEKA
I100260519L052_S001,CDD PICK UP,1018000,0,0,0,0,0,1018000,S001 - WH KLS JABABEKA,PT. MERPATI ALAM SEMESTA,7,ON SCHEDULE,27,0,18.06.2026,21.05.2026,22.05.2026,17.06.2026,23.06.2026,30.06.2026,30.06.2026,,S001,WH KLS JABABEKA
I100260519L052_S001,CDD PICK UP,1018000,0,0,0,0,0,1018000,S001 - WH KLS JABABEKA,PT. MERPATI ALAM SEMESTA,7,ON SCHEDULE,27,0,18.06.2026,21.05.2026,22.05.2026,17.06.2026,23.06.2026,30.06.2026,30.06.2026,,S001,WH KLS JABABEKA
I100260519L053_S001,CDD PICK UP,60000,0,0,0,0,0,60000,S001 - WH KLS JABABEKA,PT. MERPATI ALAM SEMESTA,4,LATE,15,74,06.06.2026,21.05.2026,06.06.2026,21.07.2026,29.07.2026,,,,S001,WH KLS JABABEKA
I100260519L053_S001,CDD PICK UP,60000,0,0,0,0,0,60000,S001 - WH KLS JABABEKA,PT. MERPATI ALAM SEMESTA,4,LATE,15,74,06.06.2026,21.05.2026,06.06.2026,21.07.2026,29.07.2026,,,,S001,WH KLS JABABEKA
I100260519L054_S001,CDD PICK UP,70000,0,0,0,0,0,70000,S001 - WH KLS JABABEKA,PT. MERPATI ALAM SEMESTA,7,ON SCHEDULE,27,0,18.06.2026,21.05.2026,22.05.2026,17.06.2026,23.06.2026,30.06.2026,30.06.2026,,S001,WH KLS JABABEKA
I100260519L054_S001,CDD PICK UP,70000,0,0,0,0,0,70000,S001 - WH KLS JABABEKA,PT. MERPATI ALAM SEMESTA,7,ON SCHEDULE,27,0,18.06.2026,21.05.2026,22.05.2026,17.06.2026,23.06.2026,30.06.2026,30.06.2026,,S001,WH KLS JABABEKA
I100260519L056_S001,CDD PICK UP,992250,0,0,0,0,0,992250,S001 - WH KLS JABABEKA,PT. MERPATI ALAM SEMESTA,4,LATE,15,74,06.06.2026,21.05.2026,06.06.2026,21.07.2026,29.07.2026,,,,S001,WH KLS JABABEKA
I100260519L056_S001,CDD PICK UP,992250,0,0,0,0,0,992250,S001 - WH KLS JABABEKA,PT. MERPATI ALAM SEMESTA,4,LATE,15,74,06.06.2026,21.05.2026,06.06.2026,21.07.2026,29.07.2026,,,,S001,WH KLS JABABEKA
I100260519L057_S001,CDD PICK UP,600000,0,0,0,0,0,600000,S001 - WH KLS JABABEKA,PT. MERPATI ALAM SEMESTA,4,LATE,15,74,06.06.2026,21.05.2026,17.06.2026,21.07.2026,29.07.2026,,,,S001,WH KLS JABABEKA
I100260519L057_S001,CDD PICK UP,600000,0,0,0,0,0,600000,S001 - WH KLS JABABEKA,PT. MERPATI ALAM SEMESTA,4,LATE,15,74,06.06.2026,21.05.2026,17.06.2026,21.07.2026,29.07.2026,,,,S001,WH KLS JABABEKA
I100260519L058_S001,CDD PICK UP,3015000,0,0,0,0,0,3015000,S001 - WH KLS JABABEKA,PT. MERPATI ALAM SEMESTA,4,LATE,15,74,06.06.2026,21.05.2026,06.06.2026,24.07.2026,29.07.2026,,,,S001,WH KLS JABABEKA
I100260519L058_S001,CDD PICK UP,3015000,0,0,0,0,0,3015000,S001 - WH KLS JABABEKA,PT. MERPATI ALAM SEMESTA,4,LATE,15,74,06.06.2026,21.05.2026,06.06.2026,24.07.2026,29.07.2026,,,,S001,WH KLS JABABEKA
I100260519L059_S001,CDD PICK UP,805500,0,0,0,0,0,805500,S001 - WH KLS JABABEKA,PT. MERPATI ALAM SEMESTA,4,LATE,15,74,06.06.2026,21.05.2026,26.06.2026,21.07.2026,29.07.2026,,,,S001,WH KLS JABABEKA
I100260519L059_S001,CDD PICK UP,805500,0,0,0,0,0,805500,S001 - WH KLS JABABEKA,PT. MERPATI ALAM SEMESTA,4,LATE,15,74,06.06.2026,21.05.2026,26.06.2026,21.07.2026,29.07.2026,,,,S001,WH KLS JABABEKA
I100260519L061_S001,CDD PICK UP,609000,0,0,0,0,0,609000,S001 - WH KLS JABABEKA,PT. MERPATI ALAM SEMESTA,4,LATE,15,74,06.06.2026,21.05.2026,06.06.2026,28.07.2026,29.07.2026,,,,S001,WH KLS JABABEKA
I100260519L061_S001,CDD PICK UP,609000,0,0,0,0,0,609000,S001 - WH KLS JABABEKA,PT. MERPATI ALAM SEMESTA,4,LATE,15,74,06.06.2026,21.05.2026,06.06.2026,28.07.2026,29.07.2026,,,,S001,WH KLS JABABEKA
I100260519L062_S001,CDD PICK UP,700000,0,0,0,0,0,700000,S001 - WH KLS JABABEKA,PT. MERPATI ALAM SEMESTA,4,LATE,15,74,06.06.2026,21.05.2026,06.06.2026,21.07.2026,29.07.2026,,,,S001,WH KLS JABABEKA
I100260519L062_S001,CDD PICK UP,700000,0,0,0,0,0,700000,S001 - WH KLS JABABEKA,PT. MERPATI ALAM SEMESTA,4,LATE,15,74,06.06.2026,21.05.2026,06.06.2026,21.07.2026,29.07.2026,,,,S001,WH KLS JABABEKA
I100260519L068_S001,MINI VAN BOX,0,0,0,0,0,0,0,S001 - WH KLS JABABEKA,FIRST LOGISTICS,2,LATE,7,74,29.05.2026,21.05.2026,01.07.2026,,,,,,S001,WH KLS JABABEKA
I100260519L069_S001,MINI VAN BOX,0,0,0,0,0,0,0,S001 - WH KLS JABABEKA,FIRST LOGISTICS,2,LATE,7,74,29.05.2026,21.05.2026,01.07.2026,,,,,,S001,WH KLS JABABEKA
I100260519L070_S001,MINI VAN BOX,0,0,0,0,0,0,0,S001 - WH KLS JABABEKA,FIRST LOGISTICS,2,LATE,7,74,29.05.2026,21.05.2026,01.07.2026,,,,,,S001,WH KLS JABABEKA
I100260519L071_S001,MINI VAN BOX,0,0,0,0,0,0,0,S001 - WH KLS JABABEKA,FIRST LOGISTICS,2,LATE,7,74,29.05.2026,21.05.2026,01.07.2026,,,,,,S001,WH KLS JABABEKA
I100260519L077_S001,CDD PICK UP,600000,0,0,0,0,0,600000,S001 - WH KLS JABABEKA,PT. MERPATI ALAM SEMESTA,4,LATE,15,74,06.06.2026,21.05.2026,17.06.2026,21.07.2026,29.07.2026,,,,S001,WH KLS JABABEKA
I100260519L077_S001,CDD PICK UP,600000,0,0,0,0,0,600000,S001 - WH KLS JABABEKA,PT. MERPATI ALAM SEMESTA,4,LATE,15,74,06.06.2026,21.05.2026,17.06.2026,21.07.2026,29.07.2026,,,,S001,WH KLS JABABEKA
I100260519L078_S001,MINI VAN BOX,0,0,0,0,0,0,0,S001 - WH KLS JABABEKA,FIRST LOGISTICS,1,LATE,1,74,23.05.2026,21.05.2026,,,,,,,S001,WH KLS JABABEKA
I100260519L079_S001,CDD PICK UP,210000,0,0,0,0,0,210000,S001 - WH KLS JABABEKA,PT. MERPATI ALAM SEMESTA,4,LATE,15,74,06.06.2026,21.05.2026,06.06.2026,24.07.2026,29.07.2026,,,,S001,WH KLS JABABEKA
I100260519L079_S001,CDD PICK UP,210000,0,0,0,0,0,210000,S001 - WH KLS JABABEKA,PT. MERPATI ALAM SEMESTA,4,LATE,15,74,06.06.2026,21.05.2026,06.06.2026,24.07.2026,29.07.2026,,,,S001,WH KLS JABABEKA
I100260519L080_S001,CDD PICK UP,0,0,0,0,0,0,0,S001 - WH KLS JABABEKA,PT. MERPATI ALAM SEMESTA,2,LATE,7,74,29.05.2026,21.05.2026,06.06.2026,,,,,,S001,WH KLS JABABEKA
I100260520L002_S001,FUSO,4800000,0,0,0,0,0,4800000,S001 - WH KLS JABABEKA,BEPA IKA PEKASA,7,ON SCHEDULE,27,0,18.06.2026,21.05.2026,05.06.2026,18.06.2026,23.06.2026,23.06.2026,25.06.2026,,S001,WH KLS JABABEKA
I100260520L003_S001,FUSO,8000400,0,0,0,0,0,8000400,S001 - WH KLS JABABEKA,BEPA IKA PEKASA,6,LATE,27,75,18.06.2026,21.05.2026,05.06.2026,14.07.2026,16.07.2026,24.07.2026,29.07.2026,,S001,WH KLS JABABEKA
I100260520L004_S001,FUSO,3522300,0,0,0,0,0,3522300,S001 - WH KLS JABABEKA,BEPA IKA PEKASA,7,ON SCHEDULE,27,0,18.06.2026,21.05.2026,05.06.2026,18.06.2026,23.06.2026,23.06.2026,25.06.2026,,S001,WH KLS JABABEKA
I100260520L005_S001,FUSO,957600,0,0,0,0,0,957600,S001 - WH KLS JABABEKA,BEPA IKA PEKASA,7,ON SCHEDULE,27,0,18.06.2026,21.05.2026,05.06.2026,18.06.2026,23.06.2026,23.06.2026,01.07.2026,,S001,WH KLS JABABEKA
I100260520L006_S001,FUSO,982800,0,0,0,0,0,982800,S001 - WH KLS JABABEKA,BEPA IKA PEKASA,7,ON SCHEDULE,27,0,18.06.2026,21.05.2026,05.06.2026,18.06.2026,23.06.2026,23.06.2026,01.07.2026,,S001,WH KLS JABABEKA
I100260520L008_S001,FUSO,2279650,0,0,0,0,0,2279650,S001 - WH KLS JABABEKA,BEPA IKA PEKASA,7,ON SCHEDULE,27,0,18.06.2026,21.05.2026,05.06.2026,18.06.2026,23.06.2026,23.06.2026,01.07.2026,,S001,WH KLS JABABEKA
I100260520L009_S001,CONT-20,17800000,0,0,0,0,0,17800000,S001 - WH KLS JABABEKA,PT.WIDYA TRANS CARGO,6,LATE,40,75,30.06.2026,20.05.2026,12.06.2026,01.07.2026,02.07.2026,06.07.2026,14.07.2026,,S001,WH KLS JABABEKA
I100260520L010_S001,CDD BAK,3269220,0,0,0,500000,0,3769220,S001 - WH KLS JABABEKA,PT. HARI JAYA TRANSPORTASI,7,ON SCHEDULE,28,0,18.06.2026,20.05.2026,22.05.2026,23.06.2026,26.06.2026,26.06.2026,26.06.2026,,S001,WH KLS JABABEKA
I100260520L010_S001,CDD BAK,3269220,0,0,0,500000,0,3769220,S001 - WH KLS JABABEKA,PT. HARI JAYA TRANSPORTASI,7,ON SCHEDULE,28,0,18.06.2026,20.05.2026,22.05.2026,23.06.2026,26.06.2026,26.06.2026,26.06.2026,,S001,WH KLS JABABEKA
I100260520L010_S001,CDD BAK,3269220,0,0,0,500000,0,3769220,S001 - WH KLS JABABEKA,PT. HARI JAYA TRANSPORTASI,7,ON SCHEDULE,28,0,18.06.2026,20.05.2026,22.05.2026,23.06.2026,26.06.2026,26.06.2026,26.06.2026,,S001,WH KLS JABABEKA
I100260520L010_S001,CDD BAK,3269220,0,0,0,500000,0,3769220,S001 - WH KLS JABABEKA,PT. HARI JAYA TRANSPORTASI,7,ON SCHEDULE,28,0,18.06.2026,20.05.2026,22.05.2026,23.06.2026,26.06.2026,26.06.2026,26.06.2026,,S001,WH KLS JABABEKA
I100260520L010_S001,CDD BAK,3269220,0,0,0,500000,0,3769220,S001 - WH KLS JABABEKA,PT. HARI JAYA TRANSPORTASI,7,ON SCHEDULE,28,0,18.06.2026,20.05.2026,22.05.2026,23.06.2026,26.06.2026,26.06.2026,26.06.2026,,S001,WH KLS JABABEKA
I100260520L010_S001,CDD BAK,3269220,0,0,0,500000,0,3769220,S001 - WH KLS JABABEKA,PT. HARI JAYA TRANSPORTASI,7,ON SCHEDULE,28,0,18.06.2026,20.05.2026,22.05.2026,23.06.2026,26.06.2026,26.06.2026,26.06.2026,,S001,WH KLS JABABEKA
I100260520L011_S001,CDD BAK,5300000,0,0,0,400000,0,5700000,S001 - WH KLS JABABEKA,PT. EKA CIPTA MANGGALA,7,ON SCHEDULE,29,0,19.06.2026,20.05.2026,23.05.2026,29.05.2026,29.05.2026,29.05.2026,29.05.2026,,S001,WH KLS JABABEKA
I100260520L011_S001,CDD BAK,5300000,0,0,0,400000,0,5700000,S001 - WH KLS JABABEKA,PT. EKA CIPTA MANGGALA,7,ON SCHEDULE,29,0,19.06.2026,20.05.2026,23.05.2026,29.05.2026,29.05.2026,29.05.2026,29.05.2026,,S001,WH KLS JABABEKA
I100260520L011_S001,CDD BAK,5300000,0,0,0,400000,0,5700000,S001 - WH KLS JABABEKA,PT. EKA CIPTA MANGGALA,7,ON SCHEDULE,29,0,19.06.2026,20.05.2026,23.05.2026,29.05.2026,29.05.2026,29.05.2026,29.05.2026,,S001,WH KLS JABABEKA
I100260520L012_S001,CDD BAK,5100000,0,0,0,1350000,1000000,7450000,S001 - WH KLS JABABEKA,PT. HARI JAYA SEJAHTERA,7,ON SCHEDULE,29,0,20.06.2026,21.05.2026,25.05.2026,26.05.2026,27.05.2026,12.06.2026,19.06.2026,,S001,WH KLS JABABEKA
I100260520L012_S001,CDD BAK,5100000,0,0,0,1350000,1000000,7450000,S001 - WH KLS JABABEKA,PT. HARI JAYA SEJAHTERA,7,ON SCHEDULE,29,0,20.06.2026,21.05.2026,25.05.2026,26.05.2026,27.05.2026,12.06.2026,19.06.2026,,S001,WH KLS JABABEKA
I100260520L012_S001,CDD BAK,5100000,0,0,0,1350000,1000000,7450000,S001 - WH KLS JABABEKA,PT. HARI JAYA SEJAHTERA,7,ON SCHEDULE,29,0,20.06.2026,21.05.2026,25.05.2026,26.05.2026,27.05.2026,12.06.2026,19.06.2026,,S001,WH KLS JABABEKA
I100260520L034_S001,TOWING,7000000,0,0,0,0,0,7000000,S001 - WH KLS JABABEKA,JASATAMA DIRGANTARA EXPRESS,7,ON SCHEDULE,27,0,17.06.2026,20.05.2026,,29.06.2026,01.07.2026,01.07.2026,01.07.2026,,S001,WH KLS JABABEKA
I100260520L041_S001,CDE PICKUP,0,0,0,0,0,0,0,S001 - WH KLS JABABEKA,PT. Nusantara Cargo Line,2,LATE,7,73,31.05.2026,23.05.2026,05.06.2026,,,,,,S001,WH KLS JABABEKA
I100260520L042_S001,CDE PICKUP,325000,0,0,0,0,0,325000,S001 - WH KLS JABABEKA,PT. Nusantara Cargo Line,7,ON SCHEDULE,27,0,20.06.2026,23.05.2026,05.06.2026,11.06.2026,18.06.2026,22.06.2026,22.06.2026,,S001,WH KLS JABABEKA
I100260520L042_S001,CDE PICKUP,325000,0,0,0,0,0,325000,S001 - WH KLS JABABEKA,PT. Nusantara Cargo Line,7,ON SCHEDULE,27,0,20.06.2026,23.05.2026,05.06.2026,11.06.2026,18.06.2026,22.06.2026,22.06.2026,,S001,WH KLS JABABEKA
I100260520L043_S001,CDE PICKUP,0,0,0,0,0,0,0,S001 - WH KLS JABABEKA,PT. Nusantara Cargo Line,2,LATE,7,73,31.05.2026,23.05.2026,06.06.2026,,,,,,S001,WH KLS JABABEKA
I100260520L044_S001,CDE PICKUP,275000,0,0,0,0,0,275000,S001 - WH KLS JABABEKA,PT. Nusantara Cargo Line,7,ON SCHEDULE,27,0,20.06.2026,23.05.2026,06.06.2026,11.06.2026,18.06.2026,22.06.2026,22.06.2026,,S001,WH KLS JABABEKA
I100260520L044_S001,CDE PICKUP,275000,0,0,0,0,0,275000,S001 - WH KLS JABABEKA,PT. Nusantara Cargo Line,7,ON SCHEDULE,27,0,20.06.2026,23.05.2026,06.06.2026,11.06.2026,18.06.2026,22.06.2026,22.06.2026,,S001,WH KLS JABABEKA
I100260520L045_S001,CDE PICKUP,962000,0,0,0,0,0,962000,S001 - WH KLS JABABEKA,PT. Nusantara Cargo Line,7,ON SCHEDULE,27,0,20.06.2026,23.05.2026,05.06.2026,11.06.2026,18.06.2026,22.06.2026,22.06.2026,,S001,WH KLS JABABEKA
I100260520L045_S001,CDE PICKUP,962000,0,0,0,0,0,962000,S001 - WH KLS JABABEKA,PT. Nusantara Cargo Line,7,ON SCHEDULE,27,0,20.06.2026,23.05.2026,05.06.2026,11.06.2026,18.06.2026,22.06.2026,22.06.2026,,S001,WH KLS JABABEKA
I100260520L048_S001,CDE PICKUP,300000,0,0,0,0,0,300000,S001 - WH KLS JABABEKA,PT. Nusantara Cargo Line,7,ON SCHEDULE,27,0,20.06.2026,23.05.2026,06.06.2026,11.06.2026,18.06.2026,22.06.2026,22.06.2026,,S001,WH KLS JABABEKA
I100260520L048_S001,CDE PICKUP,300000,0,0,0,0,0,300000,S001 - WH KLS JABABEKA,PT. Nusantara Cargo Line,7,ON SCHEDULE,27,0,20.06.2026,23.05.2026,06.06.2026,11.06.2026,18.06.2026,22.06.2026,22.06.2026,,S001,WH KLS JABABEKA
I100260520L050_S001,CDE PICKUP,2580000,0,0,0,0,0,2580000,S001 - WH KLS JABABEKA,PT. Nusantara Cargo Line,7,ON SCHEDULE,27,0,20.06.2026,23.05.2026,05.06.2026,11.06.2026,18.06.2026,22.06.2026,22.06.2026,,S001,WH KLS JABABEKA
I100260520L050_S001,CDE PICKUP,2580000,0,0,0,0,0,2580000,S001 - WH KLS JABABEKA,PT. Nusantara Cargo Line,7,ON SCHEDULE,27,0,20.06.2026,23.05.2026,05.06.2026,11.06.2026,18.06.2026,22.06.2026,22.06.2026,,S001,WH KLS JABABEKA
I100260520L051_S001,CDD PICK UP,1932000,0,0,0,0,0,1932000,S001 - WH KLS JABABEKA,PT. Nusantara Cargo Line,7,ON SCHEDULE,27,0,20.06.2026,23.05.2026,05.06.2026,11.06.2026,18.06.2026,22.06.2026,22.06.2026,,S001,WH KLS JABABEKA
I100260520L051_S001,CDD PICK UP,1932000,0,0,0,0,0,1932000,S001 - WH KLS JABABEKA,PT. Nusantara Cargo Line,7,ON SCHEDULE,27,0,20.06.2026,23.05.2026,05.06.2026,11.06.2026,18.06.2026,22.06.2026,22.06.2026,,S001,WH KLS JABABEKA
I100260520L052_S001,CDD PICK UP,1010000,0,0,0,0,0,1010000,S001 - WH KLS JABABEKA,PT. Nusantara Cargo Line,7,ON SCHEDULE,27,0,20.06.2026,23.05.2026,09.06.2026,25.06.2026,26.06.2026,26.06.2026,26.06.2026,,S001,WH KLS JABABEKA
I100260520L052_S001,CDD PICK UP,1010000,0,0,0,0,0,1010000,S001 - WH KLS JABABEKA,PT. Nusantara Cargo Line,7,ON SCHEDULE,27,0,20.06.2026,23.05.2026,09.06.2026,25.06.2026,26.06.2026,26.06.2026,26.06.2026,,S001,WH KLS JABABEKA
I100260520L054_S001,CDD PICK UP,1010000,0,0,0,0,0,1010000,S001 - WH KLS JABABEKA,PT. Nusantara Cargo Line,7,ON SCHEDULE,27,0,20.06.2026,23.05.2026,09.06.2026,25.06.2026,26.06.2026,26.06.2026,26.06.2026,,S001,WH KLS JABABEKA
I100260520L054_S001,CDD PICK UP,1010000,0,0,0,0,0,1010000,S001 - WH KLS JABABEKA,PT. Nusantara Cargo Line,7,ON SCHEDULE,27,0,20.06.2026,23.05.2026,09.06.2026,25.06.2026,26.06.2026,26.06.2026,26.06.2026,,S001,WH KLS JABABEKA
I100260520L057_S001,CDD PICK UP,275000,0,0,0,0,0,275000,S001 - WH KLS JABABEKA,PT. Nusantara Cargo Line,7,ON SCHEDULE,27,0,20.06.2026,23.05.2026,05.06.2026,11.06.2026,18.06.2026,22.06.2026,22.06.2026,,S001,WH KLS JABABEKA
I100260520L057_S001,CDD PICK UP,275000,0,0,0,0,0,275000,S001 - WH KLS JABABEKA,PT. Nusantara Cargo Line,7,ON SCHEDULE,27,0,20.06.2026,23.05.2026,05.06.2026,11.06.2026,18.06.2026,22.06.2026,22.06.2026,,S001,WH KLS JABABEKA
I100260520L058_S001,CDD PICK UP,650000,0,0,0,0,0,650000,S001 - WH KLS JABABEKA,PT. Nusantara Cargo Line,7,ON SCHEDULE,27,0,20.06.2026,23.05.2026,05.06.2026,23.06.2026,26.06.2026,29.06.2026,29.06.2026,,S001,WH KLS JABABEKA
I100260520L058_S001,CDD PICK UP,650000,0,0,0,0,0,650000,S001 - WH KLS JABABEKA,PT. Nusantara Cargo Line,7,ON SCHEDULE,27,0,20.06.2026,23.05.2026,05.06.2026,23.06.2026,26.06.2026,29.06.2026,29.06.2026,,S001,WH KLS JABABEKA
I100260520L058_S001,CDD PICK UP,650000,0,0,0,0,0,650000,S001 - WH KLS JABABEKA,PT. Nusantara Cargo Line,7,ON SCHEDULE,27,0,20.06.2026,23.05.2026,05.06.2026,23.06.2026,26.06.2026,29.06.2026,29.06.2026,,S001,WH KLS JABABEKA
I100260520L061_S001,CDD PICK UP,275000,0,0,0,0,0,275000,S001 - WH KLS JABABEKA,PT. Nusantara Cargo Line,7,ON SCHEDULE,27,0,22.06.2026,25.05.2026,09.06.2026,25.06.2026,26.06.2026,29.06.2026,29.06.2026,,S001,WH KLS JABABEKA
I100260520L061_S001,CDD PICK UP,275000,0,0,0,0,0,275000,S001 - WH KLS JABABEKA,PT. Nusantara Cargo Line,7,ON SCHEDULE,27,0,22.06.2026,25.05.2026,09.06.2026,25.06.2026,26.06.2026,29.06.2026,29.06.2026,,S001,WH KLS JABABEKA
I100260520L064_S001,CDD PICK UP,275000,0,0,0,0,0,275000,S001 - WH KLS JABABEKA,PT. Nusantara Cargo Line,7,ON SCHEDULE,27,0,20.06.2026,23.05.2026,05.06.2026,11.06.2026,18.06.2026,22.06.2026,22.06.2026,,S001,WH KLS JABABEKA
I100260520L064_S001,CDD PICK UP,275000,0,0,0,0,0,275000,S001 - WH KLS JABABEKA,PT. Nusantara Cargo Line,7,ON SCHEDULE,27,0,20.06.2026,23.05.2026,05.06.2026,11.06.2026,18.06.2026,22.06.2026,22.06.2026,,S001,WH KLS JABABEKA
I100260520L068_S001,FUSO,27932300,0,0,0,0,0,27932300,S001 - WH KLS JABABEKA,BEPA IKA PEKASA,7,ON SCHEDULE,27,0,18.06.2026,21.05.2026,05.06.2026,18.06.2026,23.06.2026,23.06.2026,25.06.2026,,S001,WH KLS JABABEKA
I100260520L077_S001,MINI VAN BOX,5145000,0,0,0,0,0,5145000,S001 - WH KLS JABABEKA,PT. Nusantara Cargo Line,7,ON SCHEDULE,27,0,18.06.2026,21.05.2026,05.06.2026,11.06.2026,18.06.2026,22.06.2026,22.06.2026,,S001,WH KLS JABABEKA
I100260520L077_S001,MINI VAN BOX,5145000,0,0,0,0,0,5145000,S001 - WH KLS JABABEKA,PT. Nusantara Cargo Line,7,ON SCHEDULE,27,0,18.06.2026,21.05.2026,05.06.2026,11.06.2026,18.06.2026,22.06.2026,22.06.2026,,S001,WH KLS JABABEKA
I100260520L083_S001,CDE PICKUP,225000,0,0,0,0,0,225000,S001 - WH KLS JABABEKA,PT. Nusantara Cargo Line,7,ON SCHEDULE,27,0,20.06.2026,23.05.2026,05.06.2026,25.06.2026,26.06.2026,29.06.2026,29.06.2026,,S001,WH KLS JABABEKA
I100260520L083_S001,CDE PICKUP,225000,0,0,0,0,0,225000,S001 - WH KLS JABABEKA,PT. Nusantara Cargo Line,7,ON SCHEDULE,27,0,20.06.2026,23.05.2026,05.06.2026,25.06.2026,26.06.2026,29.06.2026,29.06.2026,,S001,WH KLS JABABEKA
I100260520L085_S001,CDE PICKUP,535500,0,0,0,0,0,535500,S001 - WH KLS JABABEKA,PT. Nusantara Cargo Line,7,ON SCHEDULE,27,0,20.06.2026,23.05.2026,05.06.2026,11.06.2026,18.06.2026,22.06.2026,22.06.2026,,S001,WH KLS JABABEKA
I100260520L085_S001,CDE PICKUP,535500,0,0,0,0,0,535500,S001 - WH KLS JABABEKA,PT. Nusantara Cargo Line,7,ON SCHEDULE,27,0,20.06.2026,23.05.2026,05.06.2026,11.06.2026,18.06.2026,22.06.2026,22.06.2026,,S001,WH KLS JABABEKA
I100260520L086_S001,CDE PICKUP,300000,0,0,0,0,0,300000,S001 - WH KLS JABABEKA,PT. Nusantara Cargo Line,7,ON SCHEDULE,27,0,20.06.2026,23.05.2026,05.06.2026,11.06.2026,18.06.2026,22.06.2026,22.06.2026,,S001,WH KLS JABABEKA
I100260520L086_S001,CDE PICKUP,300000,0,0,0,0,0,300000,S001 - WH KLS JABABEKA,PT. Nusantara Cargo Line,7,ON SCHEDULE,27,0,20.06.2026,23.05.2026,05.06.2026,11.06.2026,18.06.2026,22.06.2026,22.06.2026,,S001,WH KLS JABABEKA
I100260520L087_S001,CDE PICKUP,375000,0,0,0,0,0,375000,S001 - WH KLS JABABEKA,PT. Nusantara Cargo Line,7,ON SCHEDULE,27,0,20.06.2026,23.05.2026,05.06.2026,11.06.2026,18.06.2026,22.06.2026,22.06.2026,,S001,WH KLS JABABEKA
I100260520L087_S001,CDE PICKUP,375000,0,0,0,0,0,375000,S001 - WH KLS JABABEKA,PT. Nusantara Cargo Line,7,ON SCHEDULE,27,0,20.06.2026,23.05.2026,05.06.2026,11.06.2026,18.06.2026,22.06.2026,22.06.2026,,S001,WH KLS JABABEKA
I100260520L088_S001,CDE PICKUP,1100000,0,0,0,0,0,1100000,S001 - WH KLS JABABEKA,PT. Nusantara Cargo Line,7,ON SCHEDULE,27,0,20.06.2026,23.05.2026,05.06.2026,30.06.2026,01.07.2026,01.07.2026,01.07.2026,,S001,WH KLS JABABEKA
I100260520L088_S001,CDE PICKUP,1100000,0,0,0,0,0,1100000,S001 - WH KLS JABABEKA,PT. Nusantara Cargo Line,7,ON SCHEDULE,27,0,20.06.2026,23.05.2026,05.06.2026,30.06.2026,01.07.2026,01.07.2026,01.07.2026,,S001,WH KLS JABABEKA
I100260520L089_S001,CDE PICKUP,275000,0,0,0,0,0,275000,S001 - WH KLS JABABEKA,PT. Nusantara Cargo Line,7,ON SCHEDULE,27,0,20.06.2026,23.05.2026,05.06.2026,11.06.2026,18.06.2026,22.06.2026,22.06.2026,,S001,WH KLS JABABEKA
I100260520L089_S001,CDE PICKUP,275000,0,0,0,0,0,275000,S001 - WH KLS JABABEKA,PT. Nusantara Cargo Line,7,ON SCHEDULE,27,0,20.06.2026,23.05.2026,05.06.2026,11.06.2026,18.06.2026,22.06.2026,22.06.2026,,S001,WH KLS JABABEKA
I100260520L090_S001,CDE PICKUP,737000,0,0,0,0,0,737000,S001 - WH KLS JABABEKA,PT. Nusantara Cargo Line,7,ON SCHEDULE,27,0,20.06.2026,23.05.2026,05.06.2026,11.06.2026,18.06.2026,22.06.2026,22.06.2026,,S001,WH KLS JABABEKA
I100260520L090_S001,CDE PICKUP,737000,0,0,0,0,0,737000,S001 - WH KLS JABABEKA,PT. Nusantara Cargo Line,7,ON SCHEDULE,27,0,20.06.2026,23.05.2026,05.06.2026,11.06.2026,18.06.2026,22.06.2026,22.06.2026,,S001,WH KLS JABABEKA
I100260520L091_S001,CDE PICKUP,8046500,0,0,0,0,0,8046500,S001 - WH KLS JABABEKA,PT. Nusantara Cargo Line,6,LATE,27,73,19.06.2026,22.05.2026,09.06.2026,29.06.2026,01.07.2026,06.07.2026,06.07.2026,,S001,WH KLS JABABEKA
I100260520L091_S001,CDE PICKUP,8046500,0,0,0,0,0,8046500,S001 - WH KLS JABABEKA,PT. Nusantara Cargo Line,6,LATE,27,73,19.06.2026,22.05.2026,09.06.2026,29.06.2026,01.07.2026,06.07.2026,06.07.2026,,S001,WH KLS JABABEKA
I100260520L091_S001,CDE PICKUP,8046500,0,0,0,0,0,8046500,S001 - WH KLS JABABEKA,PT. Nusantara Cargo Line,6,LATE,27,73,19.06.2026,22.05.2026,09.06.2026,29.06.2026,01.07.2026,06.07.2026,06.07.2026,,S001,WH KLS JABABEKA
I100260520L092_S001,CDE PICKUP,1963000,0,0,0,0,0,1963000,S001 - WH KLS JABABEKA,PT. Nusantara Cargo Line,7,ON SCHEDULE,27,0,20.06.2026,23.05.2026,05.06.2026,11.06.2026,18.06.2026,22.06.2026,22.06.2026,,S001,WH KLS JABABEKA
I100260520L092_S001,CDE PICKUP,1963000,0,0,0,0,0,1963000,S001 - WH KLS JABABEKA,PT. Nusantara Cargo Line,7,ON SCHEDULE,27,0,20.06.2026,23.05.2026,05.06.2026,11.06.2026,18.06.2026,22.06.2026,22.06.2026,,S001,WH KLS JABABEKA
I100260520L095_S001,MINI VAN BOX,0,0,0,0,0,0,0,S001 - WH KLS JABABEKA,FIRST LOGISTICS,2,LATE,7,73,30.05.2026,22.05.2026,01.07.2026,,,,,,S001,WH KLS JABABEKA
I100260520L096_S001,MINI VAN BOX,0,0,0,0,0,0,0,S001 - WH KLS JABABEKA,FIRST LOGISTICS,2,LATE,7,73,30.05.2026,22.05.2026,01.07.2026,,,,,,S001,WH KLS JABABEKA
I100260520L097_S001,MINI VAN BOX,0,0,0,0,0,0,0,S001 - WH KLS JABABEKA,FIRST LOGISTICS,2,LATE,7,72,31.05.2026,23.05.2026,26.06.2026,,,,,,S001,WH KLS JABABEKA
I100260520L098_S001,MINI VAN BOX,0,0,0,0,0,0,0,S001 - WH KLS JABABEKA,FIRST LOGISTICS,2,LATE,7,73,30.05.2026,22.05.2026,01.07.2026,,,,,,S001,WH KLS JABABEKA
I100260520L099_S001,MINI VAN BOX,0,0,0,0,0,0,0,S001 - WH KLS JABABEKA,FIRST LOGISTICS,2,LATE,7,73,30.05.2026,22.05.2026,01.07.2026,,,,,,S001,WH KLS JABABEKA
I100260520L100_S001,MINI VAN BOX,0,0,0,0,0,0,0,S001 - WH KLS JABABEKA,FIRST LOGISTICS,2,LATE,7,73,30.05.2026,22.05.2026,01.07.2026,,,,,,S001,WH KLS JABABEKA
I100260520L101_S001,MINI VAN BOX,0,0,0,0,0,0,0,S001 - WH KLS JABABEKA,FIRST LOGISTICS,2,LATE,7,73,30.05.2026,22.05.2026,01.07.2026,,,,,,S001,WH KLS JABABEKA
I100260520L102_S001,CDD PICK UP,0,0,0,0,0,0,0,S001 - WH KLS JABABEKA,PT. Nusantara Cargo Line,1,LATE,1,73,25.05.2026,23.05.2026,,,,,,,S001,WH KLS JABABEKA
I100260520L103_S001,MINI VAN BOX,0,0,0,0,0,0,0,S001 - WH KLS JABABEKA,FIRST LOGISTICS,2,LATE,7,73,30.05.2026,22.05.2026,01.07.2026,,,,,,S001,WH KLS JABABEKA
I100260520L106_S001,MINI VAN BOX,0,0,0,0,0,0,0,S001 - WH KLS JABABEKA,FIRST LOGISTICS,2,LATE,7,73,30.05.2026,22.05.2026,01.07.2026,,,,,,S001,WH KLS JABABEKA
I100260520L107_S001,FUSO,31635000,0,0,0,0,0,31635000,S001 - WH KLS JABABEKA,BEPA IKA PEKASA,6,LATE,27,72,20.06.2026,23.05.2026,17.06.2026,14.07.2026,16.07.2026,24.07.2026,29.07.2026,,S001,WH KLS JABABEKA
I100260520L110_S001,CDE PICKUP,1945000,0,0,0,0,0,1945000,S001 - WH KLS JABABEKA,PT. Nusantara Cargo Line,7,ON SCHEDULE,27,0,19.06.2026,22.05.2026,09.06.2026,12.06.2026,18.06.2026,24.06.2026,24.06.2026,,S001,WH KLS JABABEKA
I100260520L110_S001,CDE PICKUP,1945000,0,0,0,0,0,1945000,S001 - WH KLS JABABEKA,PT. Nusantara Cargo Line,7,ON SCHEDULE,27,0,19.06.2026,22.05.2026,09.06.2026,12.06.2026,18.06.2026,24.06.2026,24.06.2026,,S001,WH KLS JABABEKA
I100260520T011_S001,WINGBOX,20000000,0,0,0,0,0,20000000,S001 - WH KLS JABABEKA,PT. ORANG KREATIF EKSIS,7,ON SCHEDULE,32,0,22.06.2026,20.05.2026,29.05.2026,05.06.2026,06.06.2026,17.06.2026,17.06.2026,,S001,WH KLS JABABEKA
I100260521L011_S001,CDD BAK,3700000,0,0,0,800000,0,4500000,S001 - WH KLS JABABEKA,PT. EKA CIPTA MANGGALA,7,ON SCHEDULE,27,0,18.06.2026,21.05.2026,23.05.2026,29.05.2026,29.05.2026,29.05.2026,29.05.2026,,S001,WH KLS JABABEKA
I100260521L011_S001,CDD BAK,3700000,0,0,0,800000,0,4500000,S001 - WH KLS JABABEKA,PT. EKA CIPTA MANGGALA,7,ON SCHEDULE,27,0,18.06.2026,21.05.2026,23.05.2026,29.05.2026,29.05.2026,29.05.2026,29.05.2026,,S001,WH KLS JABABEKA
I100260521L011_S001,CDD BAK,3700000,0,0,0,800000,0,4500000,S001 - WH KLS JABABEKA,PT. EKA CIPTA MANGGALA,7,ON SCHEDULE,27,0,18.06.2026,21.05.2026,23.05.2026,29.05.2026,29.05.2026,29.05.2026,29.05.2026,,S001,WH KLS JABABEKA
I100260521L011_S001,CDD BAK,3700000,0,0,0,800000,0,4500000,S001 - WH KLS JABABEKA,PT. EKA CIPTA MANGGALA,7,ON SCHEDULE,27,0,18.06.2026,21.05.2026,23.05.2026,29.05.2026,29.05.2026,29.05.2026,29.05.2026,,S001,WH KLS JABABEKA
I100260521L012_S001,CDD BAK,4100000,0,0,0,400000,0,4500000,S001 - WH KLS JABABEKA,PT. EKA CIPTA MANGGALA,7,ON SCHEDULE,27,0,18.06.2026,21.05.2026,23.05.2026,29.05.2026,29.05.2026,29.05.2026,29.05.2026,,S001,WH KLS JABABEKA
I100260521L012_S001,CDD BAK,4100000,0,0,0,400000,0,4500000,S001 - WH KLS JABABEKA,PT. EKA CIPTA MANGGALA,7,ON SCHEDULE,27,0,18.06.2026,21.05.2026,23.05.2026,29.05.2026,29.05.2026,29.05.2026,29.05.2026,,S001,WH KLS JABABEKA
I100260521L012_S001,CDD BAK,4100000,0,0,0,400000,0,4500000,S001 - WH KLS JABABEKA,PT. EKA CIPTA MANGGALA,7,ON SCHEDULE,27,0,18.06.2026,21.05.2026,23.05.2026,29.05.2026,29.05.2026,29.05.2026,29.05.2026,,S001,WH KLS JABABEKA
I100260521L013_S001,CDD BAK,3421969,0,0,0,0,0,3421969,S001 - WH KLS JABABEKA,PT. HARI JAYA TRANSPORTASI,7,ON SCHEDULE,27,0,18.06.2026,21.05.2026,23.05.2026,23.06.2026,26.06.2026,26.06.2026,30.06.2026,,S001,WH KLS JABABEKA
I100260521L014_S001,CDD BAK,4000000,0,0,0,1200000,0,5200000,S001 - WH KLS JABABEKA,PT. EKA CIPTA MANGGALA,7,ON SCHEDULE,28,0,21.06.2026,23.05.2026,23.05.2026,29.05.2026,29.05.2026,29.05.2026,29.05.2026,,S001,WH KLS JABABEKA
I100260521L014_S001,CDD BAK,4000000,0,0,0,1200000,0,5200000,S001 - WH KLS JABABEKA,PT. EKA CIPTA MANGGALA,7,ON SCHEDULE,28,0,21.06.2026,23.05.2026,23.05.2026,29.05.2026,29.05.2026,29.05.2026,29.05.2026,,S001,WH KLS JABABEKA
I100260521L014_S001,CDD BAK,4000000,0,0,0,1200000,0,5200000,S001 - WH KLS JABABEKA,PT. EKA CIPTA MANGGALA,7,ON SCHEDULE,28,0,21.06.2026,23.05.2026,23.05.2026,29.05.2026,29.05.2026,29.05.2026,29.05.2026,,S001,WH KLS JABABEKA
I100260521L014_S001,CDD BAK,4000000,0,0,0,1200000,0,5200000,S001 - WH KLS JABABEKA,PT. EKA CIPTA MANGGALA,7,ON SCHEDULE,28,0,21.06.2026,23.05.2026,23.05.2026,29.05.2026,29.05.2026,29.05.2026,29.05.2026,,S001,WH KLS JABABEKA
I100260521L014_S001,CDD BAK,4000000,0,0,0,1200000,0,5200000,S001 - WH KLS JABABEKA,PT. EKA CIPTA MANGGALA,7,ON SCHEDULE,28,0,21.06.2026,23.05.2026,23.05.2026,29.05.2026,29.05.2026,29.05.2026,29.05.2026,,S001,WH KLS JABABEKA
I100260521L014_S001,CDD BAK,4000000,0,0,0,1200000,0,5200000,S001 - WH KLS JABABEKA,PT. EKA CIPTA MANGGALA,7,ON SCHEDULE,28,0,21.06.2026,23.05.2026,23.05.2026,29.05.2026,29.05.2026,29.05.2026,29.05.2026,,S001,WH KLS JABABEKA
I100260521L039_S001,MINI VAN BOX,0,0,0,0,0,0,0,S001 - WH KLS JABABEKA,PT. MERPATI ALAM SEMESTA,2,LATE,7,72,31.05.2026,23.05.2026,05.06.2026,,,,,,S001,WH KLS JABABEKA
I100260521L048_S001,CDD PICK UP,120000,0,0,0,0,0,120000,S001 - WH KLS JABABEKA,PT. MERPATI ALAM SEMESTA,4,LATE,15,74,07.06.2026,22.05.2026,06.06.2026,21.07.2026,29.07.2026,,,,S001,WH KLS JABABEKA
I100260521L048_S001,CDD PICK UP,120000,0,0,0,0,0,120000,S001 - WH KLS JABABEKA,PT. MERPATI ALAM SEMESTA,4,LATE,15,74,07.06.2026,22.05.2026,06.06.2026,21.07.2026,29.07.2026,,,,S001,WH KLS JABABEKA
I100260521L049_S001,CDE PICKUP,600000,0,0,0,0,0,600000,S001 - WH KLS JABABEKA,PT. MERPATI ALAM SEMESTA,4,LATE,15,74,07.06.2026,22.05.2026,06.06.2026,21.07.2026,29.07.2026,,,,S001,WH KLS JABABEKA
I100260521L049_S001,CDE PICKUP,600000,0,0,0,0,0,600000,S001 - WH KLS JABABEKA,PT. MERPATI ALAM SEMESTA,4,LATE,15,74,07.06.2026,22.05.2026,06.06.2026,21.07.2026,29.07.2026,,,,S001,WH KLS JABABEKA
I100260521L051_S001,CDE PICKUP,600000,0,0,0,0,0,600000,S001 - WH KLS JABABEKA,PT. MERPATI ALAM SEMESTA,4,LATE,15,74,07.06.2026,22.05.2026,06.06.2026,21.07.2026,29.07.2026,,,,S001,WH KLS JABABEKA
I100260521L051_S001,CDE PICKUP,600000,0,0,0,0,0,600000,S001 - WH KLS JABABEKA,PT. MERPATI ALAM SEMESTA,4,LATE,15,74,07.06.2026,22.05.2026,06.06.2026,21.07.2026,29.07.2026,,,,S001,WH KLS JABABEKA
I100260521L052_S001,CDE PICKUP,112000,0,0,0,0,0,112000,S001 - WH KLS JABABEKA,PT. MERPATI ALAM SEMESTA,4,LATE,15,74,07.06.2026,22.05.2026,06.06.2026,28.07.2026,29.07.2026,,,,S001,WH KLS JABABEKA
I100260521L052_S001,CDE PICKUP,112000,0,0,0,0,0,112000,S001 - WH KLS JABABEKA,PT. MERPATI ALAM SEMESTA,4,LATE,15,74,07.06.2026,22.05.2026,06.06.2026,28.07.2026,29.07.2026,,,,S001,WH KLS JABABEKA
I100260521L053_S001,CDE PICKUP,144750,0,0,0,0,0,144750,S001 - WH KLS JABABEKA,PT. MERPATI ALAM SEMESTA,4,LATE,15,74,07.06.2026,22.05.2026,12.06.2026,21.07.2026,29.07.2026,,,,S001,WH KLS JABABEKA
I100260521L053_S001,CDE PICKUP,144750,0,0,0,0,0,144750,S001 - WH KLS JABABEKA,PT. MERPATI ALAM SEMESTA,4,LATE,15,74,07.06.2026,22.05.2026,12.06.2026,21.07.2026,29.07.2026,,,,S001,WH KLS JABABEKA
I100260521L054_S001,CDE PICKUP,2160000,0,0,0,0,0,2160000,S001 - WH KLS JABABEKA,PT. MERPATI ALAM SEMESTA,4,LATE,15,74,07.06.2026,22.05.2026,12.06.2026,21.07.2026,29.07.2026,,,,S001,WH KLS JABABEKA
I100260521L054_S001,CDE PICKUP,2160000,0,0,0,0,0,2160000,S001 - WH KLS JABABEKA,PT. MERPATI ALAM SEMESTA,4,LATE,15,74,07.06.2026,22.05.2026,12.06.2026,21.07.2026,29.07.2026,,,,S001,WH KLS JABABEKA
I100260521L055_S001,CDE PICKUP,192000,0,0,0,0,0,192000,S001 - WH KLS JABABEKA,PT. MERPATI ALAM SEMESTA,4,LATE,15,74,07.06.2026,22.05.2026,12.06.2026,21.07.2026,29.07.2026,,,,S001,WH KLS JABABEKA
I100260521L055_S001,CDE PICKUP,192000,0,0,0,0,0,192000,S001 - WH KLS JABABEKA,PT. MERPATI ALAM SEMESTA,4,LATE,15,74,07.06.2026,22.05.2026,12.06.2026,21.07.2026,29.07.2026,,,,S001,WH KLS JABABEKA
I100260521L056_S001,CDE PICKUP,600000,0,0,0,0,0,600000,S001 - WH KLS JABABEKA,PT. MERPATI ALAM SEMESTA,4,LATE,15,73,07.06.2026,22.05.2026,05.06.2026,21.07.2026,29.07.2026,,,,S001,WH KLS JABABEKA
I100260521L056_S001,CDE PICKUP,600000,0,0,0,0,0,600000,S001 - WH KLS JABABEKA,PT. MERPATI ALAM SEMESTA,4,LATE,15,73,07.06.2026,22.05.2026,05.06.2026,21.07.2026,29.07.2026,,,,S001,WH KLS JABABEKA
I100260521L057_S001,CDD PICK UP,676000,0,0,0,0,0,676000,S001 - WH KLS JABABEKA,PT. MERPATI ALAM SEMESTA,4,LATE,15,74,07.06.2026,22.05.2026,12.06.2026,21.07.2026,29.07.2026,,,,S001,WH KLS JABABEKA
I100260521L057_S001,CDD PICK UP,676000,0,0,0,0,0,676000,S001 - WH KLS JABABEKA,PT. MERPATI ALAM SEMESTA,4,LATE,15,74,07.06.2026,22.05.2026,12.06.2026,21.07.2026,29.07.2026,,,,S001,WH KLS JABABEKA
I100260521L060_S001,MINI VAN BOX,852500,0,0,0,0,0,852500,S001 - WH KLS JABABEKA,PT. Nusantara Cargo Line,7,ON SCHEDULE,27,0,20.06.2026,23.05.2026,05.06.2026,11.06.2026,18.06.2026,22.06.2026,22.06.2026,,S001,WH KLS JABABEKA
I100260521L060_S001,MINI VAN BOX,852500,0,0,0,0,0,852500,S001 - WH KLS JABABEKA,PT. Nusantara Cargo Line,7,ON SCHEDULE,27,0,20.06.2026,23.05.2026,05.06.2026,11.06.2026,18.06.2026,22.06.2026,22.06.2026,,S001,WH KLS JABABEKA
I100260521L062_S001,CDE PICKUP,67125,0,0,0,0,0,67125,S001 - WH KLS JABABEKA,PT. MERPATI ALAM SEMESTA,4,LATE,15,74,07.06.2026,22.05.2026,26.06.2026,21.07.2026,29.07.2026,,,,S001,WH KLS JABABEKA
I100260521L062_S001,CDE PICKUP,67125,0,0,0,0,0,67125,S001 - WH KLS JABABEKA,PT. MERPATI ALAM SEMESTA,4,LATE,15,74,07.06.2026,22.05.2026,26.06.2026,21.07.2026,29.07.2026,,,,S001,WH KLS JABABEKA
I100260521L063_S001,CDE PICKUP,397500,0,0,0,0,0,397500,S001 - WH KLS JABABEKA,PT. MERPATI ALAM SEMESTA,4,LATE,15,74,07.06.2026,22.05.2026,26.06.2026,21.07.2026,29.07.2026,,,,S001,WH KLS JABABEKA
I100260521L063_S001,CDE PICKUP,397500,0,0,0,0,0,397500,S001 - WH KLS JABABEKA,PT. MERPATI ALAM SEMESTA,4,LATE,15,74,07.06.2026,22.05.2026,26.06.2026,21.07.2026,29.07.2026,,,,S001,WH KLS JABABEKA
I100260521L064_S001,CDD BAK,41000000,0,0,0,0,0,41000000,S001 - WH KLS JABABEKA,JELAJAH SEMESTA PERSADA,7,ON SCHEDULE,27,0,18.06.2026,21.05.2026,,10.06.2026,14.06.2026,15.06.2026,15.06.2026,,S001,WH KLS JABABEKA
I100260521L064_S001,CDD BAK,41000000,0,0,0,0,0,41000000,S001 - WH KLS JABABEKA,JELAJAH SEMESTA PERSADA,7,ON SCHEDULE,27,0,18.06.2026,21.05.2026,,10.06.2026,14.06.2026,15.06.2026,15.06.2026,,S001,WH KLS JABABEKA
I100260521L064_S001,CDD BAK,41000000,0,0,0,0,0,41000000,S001 - WH KLS JABABEKA,JELAJAH SEMESTA PERSADA,7,ON SCHEDULE,27,0,18.06.2026,21.05.2026,,10.06.2026,14.06.2026,15.06.2026,15.06.2026,,S001,WH KLS JABABEKA
I100260521L065_S001,CDE PICKUP,580000,0,0,0,0,0,580000,S001 - WH KLS JABABEKA,PT. MERPATI ALAM SEMESTA,4,LATE,15,74,07.06.2026,22.05.2026,12.06.2026,21.07.2026,29.07.2026,,,,S001,WH KLS JABABEKA
I100260521L065_S001,CDE PICKUP,580000,0,0,0,0,0,580000,S001 - WH KLS JABABEKA,PT. MERPATI ALAM SEMESTA,4,LATE,15,74,07.06.2026,22.05.2026,12.06.2026,21.07.2026,29.07.2026,,,,S001,WH KLS JABABEKA
I100260521L066_S001,CDE PICKUP,1770000,0,0,0,0,0,1770000,S001 - WH KLS JABABEKA,PT. MERPATI ALAM SEMESTA,4,LATE,15,74,07.06.2026,22.05.2026,26.06.2026,21.07.2026,29.07.2026,,,,S001,WH KLS JABABEKA
I100260521L066_S001,CDE PICKUP,1770000,0,0,0,0,0,1770000,S001 - WH KLS JABABEKA,PT. MERPATI ALAM SEMESTA,4,LATE,15,74,07.06.2026,22.05.2026,26.06.2026,21.07.2026,29.07.2026,,,,S001,WH KLS JABABEKA
I100260521L067_S001,CDE PICKUP,1500000,0,0,0,0,0,1500000,S001 - WH KLS JABABEKA,PT. MERPATI ALAM SEMESTA,4,LATE,15,74,07.06.2026,22.05.2026,26.06.2026,21.07.2026,29.07.2026,,,,S001,WH KLS JABABEKA
I100260521L067_S001,CDE PICKUP,1500000,0,0,0,0,0,1500000,S001 - WH KLS JABABEKA,PT. MERPATI ALAM SEMESTA,4,LATE,15,74,07.06.2026,22.05.2026,26.06.2026,21.07.2026,29.07.2026,,,,S001,WH KLS JABABEKA
I100260521L068_S001,CDE PICKUP,867000,0,0,0,0,0,867000,S001 - WH KLS JABABEKA,PT. MERPATI ALAM SEMESTA,4,LATE,15,74,07.06.2026,22.05.2026,09.07.2026,30.07.2026,31.07.2026,,,,S001,WH KLS JABABEKA
I100260521L068_S001,CDE PICKUP,867000,0,0,0,0,0,867000,S001 - WH KLS JABABEKA,PT. MERPATI ALAM SEMESTA,4,LATE,15,74,07.06.2026,22.05.2026,09.07.2026,30.07.2026,31.07.2026,,,,S001,WH KLS JABABEKA
I100260521L069_S001,CDE PICKUP,40000,0,0,0,0,0,40000,S001 - WH KLS JABABEKA,PT. MERPATI ALAM SEMESTA,4,LATE,15,74,07.06.2026,22.05.2026,12.06.2026,21.07.2026,29.07.2026,,,,S001,WH KLS JABABEKA
I100260521L069_S001,CDE PICKUP,40000,0,0,0,0,0,40000,S001 - WH KLS JABABEKA,PT. MERPATI ALAM SEMESTA,4,LATE,15,74,07.06.2026,22.05.2026,12.06.2026,21.07.2026,29.07.2026,,,,S001,WH KLS JABABEKA
I100260521L071_S001,CDD PICK UP,50000,0,0,0,0,0,50000,S001 - WH KLS JABABEKA,PT. MERPATI ALAM SEMESTA,4,LATE,15,74,07.06.2026,22.05.2026,12.06.2026,21.07.2026,29.07.2026,,,,S001,WH KLS JABABEKA
I100260521L071_S001,CDD PICK UP,50000,0,0,0,0,0,50000,S001 - WH KLS JABABEKA,PT. MERPATI ALAM SEMESTA,4,LATE,15,74,07.06.2026,22.05.2026,12.06.2026,21.07.2026,29.07.2026,,,,S001,WH KLS JABABEKA
I100260521L072_S001,CDE PICKUP,77000,0,0,0,0,0,77000,S001 - WH KLS JABABEKA,PT. MERPATI ALAM SEMESTA,4,LATE,15,74,07.06.2026,22.05.2026,12.06.2026,28.07.2026,29.07.2026,,,,S001,WH KLS JABABEKA
I100260521L072_S001,CDE PICKUP,77000,0,0,0,0,0,77000,S001 - WH KLS JABABEKA,PT. MERPATI ALAM SEMESTA,4,LATE,15,74,07.06.2026,22.05.2026,12.06.2026,28.07.2026,29.07.2026,,,,S001,WH KLS JABABEKA
I100260521L077_S001,CDE PICKUP,52000,0,0,0,0,0,52000,S001 - WH KLS JABABEKA,PT. MERPATI ALAM SEMESTA,4,LATE,15,74,07.06.2026,22.05.2026,12.06.2026,21.07.2026,29.07.2026,,,,S001,WH KLS JABABEKA
I100260521L077_S001,CDE PICKUP,52000,0,0,0,0,0,52000,S001 - WH KLS JABABEKA,PT. MERPATI ALAM SEMESTA,4,LATE,15,74,07.06.2026,22.05.2026,12.06.2026,21.07.2026,29.07.2026,,,,S001,WH KLS JABABEKA
I100260521L084_S001,CDD,0,0,0,0,0,0,0,S001 - WH KLS JABABEKA,FIRST LOGISTICS,2,LATE,7,72,31.05.2026,23.05.2026,05.06.2026,,,,,,S001,WH KLS JABABEKA
I100260521L087_S001,MINI VAN BOX,69000,0,0,0,0,0,69000,S001 - WH KLS JABABEKA,PT. MERPATI ALAM SEMESTA,4,LATE,15,74,07.06.2026,22.05.2026,12.06.2026,21.07.2026,29.07.2026,,,,S001,WH KLS JABABEKA
I100260521L087_S001,MINI VAN BOX,69000,0,0,0,0,0,69000,S001 - WH KLS JABABEKA,PT. MERPATI ALAM SEMESTA,4,LATE,15,74,07.06.2026,22.05.2026,12.06.2026,21.07.2026,29.07.2026,,,,S001,WH KLS JABABEKA
I100260521L088_S001,CDD LOSBAK,2000000,0,0,0,0,0,2000000,S001 - WH KLS JABABEKA,PT. MERPATI ALAM SEMESTA,4,LATE,15,72,08.06.2026,23.05.2026,26.06.2026,21.07.2026,29.07.2026,,,,S001,WH KLS JABABEKA
I100260521L088_S001,CDD LOSBAK,2000000,0,0,0,0,0,2000000,S001 - WH KLS JABABEKA,PT. MERPATI ALAM SEMESTA,4,LATE,15,72,08.06.2026,23.05.2026,26.06.2026,21.07.2026,29.07.2026,,,,S001,WH KLS JABABEKA
I100260521L089_S001,CDD PICK UP,250000,0,0,0,0,0,250000,S001 - WH KLS JABABEKA,PT. Nusantara Cargo Line,7,ON SCHEDULE,27,0,20.06.2026,23.05.2026,06.06.2026,25.06.2026,26.06.2026,29.06.2026,29.06.2026,,S001,WH KLS JABABEKA
I100260521L089_S001,CDD PICK UP,250000,0,0,0,0,0,250000,S001 - WH KLS JABABEKA,PT. Nusantara Cargo Line,7,ON SCHEDULE,27,0,20.06.2026,23.05.2026,06.06.2026,25.06.2026,26.06.2026,29.06.2026,29.06.2026,,S001,WH KLS JABABEKA
I100260521L090_S001,MINI VAN BOX,0,0,0,0,0,0,0,S001 - WH KLS JABABEKA,FIRST LOGISTICS,2,LATE,7,74,30.05.2026,22.05.2026,14.06.2026,,,,,,S001,WH KLS JABABEKA
I100260521L091_S001,MINI VAN BOX,0,0,0,0,0,0,0,S001 - WH KLS JABABEKA,FIRST LOGISTICS,2,LATE,7,74,30.05.2026,22.05.2026,14.06.2026,,,,,,S001,WH KLS JABABEKA
I100260521L092_S001,MINI VAN BOX,0,0,0,0,0,0,0,S001 - WH KLS JABABEKA,FIRST LOGISTICS,2,LATE,7,74,30.05.2026,22.05.2026,14.06.2026,,,,,,S001,WH KLS JABABEKA
I100260521L093_S001,MINI VAN BOX,0,0,0,0,0,0,0,S001 - WH KLS JABABEKA,FIRST LOGISTICS,2,LATE,7,73,30.05.2026,22.05.2026,14.07.2026,,,,,,S001,WH KLS JABABEKA
I100260521L094_S001,MINI VAN BOX,0,0,0,0,0,0,0,S001 - WH KLS JABABEKA,FIRST LOGISTICS,2,LATE,7,72,31.05.2026,23.05.2026,14.07.2026,,,,,,S001,WH KLS JABABEKA
I100260521L095_S001,CDD PICK UP,889000,0,0,0,0,0,889000,S001 - WH KLS JABABEKA,PT. MERPATI ALAM SEMESTA,4,LATE,15,72,08.06.2026,23.05.2026,07.06.2026,28.07.2026,29.07.2026,,,,S001,WH KLS JABABEKA
I100260521L095_S001,CDD PICK UP,889000,0,0,0,0,0,889000,S001 - WH KLS JABABEKA,PT. MERPATI ALAM SEMESTA,4,LATE,15,72,08.06.2026,23.05.2026,07.06.2026,28.07.2026,29.07.2026,,,,S001,WH KLS JABABEKA
I100260521T021_S001,CONT-20,15400000,0,0,0,0,0,15400000,S001 - WH KLS JABABEKA,PT. SENTOSA PRIMA ABADI,6,LATE,40,74,01.07.2026,21.05.2026,06.06.2026,10.07.2026,10.07.2026,15.07.2026,15.07.2026,,S001,WH KLS JABABEKA
I100260522L003_S001,TRAILER,16000000,0,0,0,0,0,16000000,S001 - WH KLS JABABEKA,CV. BANGUN JASA TRANS,7,ON SCHEDULE,27,0,20.06.2026,23.05.2026,25.05.2026,25.05.2026,27.05.2026,29.05.2026,05.06.2026,,S001,WH KLS JABABEKA
I100260522L004_S001,TRAILER,16000000,0,0,0,0,0,16000000,S001 - WH KLS JABABEKA,CV. BANGUN JASA TRANS,7,ON SCHEDULE,27,0,20.06.2026,23.05.2026,25.05.2026,25.05.2026,27.05.2026,29.05.2026,05.06.2026,,S001,WH KLS JABABEKA
I100260522L005_S001,TRONTON LOSBAK,10000000,0,0,0,0,0,10000000,S001 - WH KLS JABABEKA,CV. BANGUN JASA TRANS,7,ON SCHEDULE,27,0,20.06.2026,23.05.2026,25.05.2026,25.05.2026,27.05.2026,29.05.2026,05.06.2026,,S001,WH KLS JABABEKA
I100260522L008_S001,FUSO,49312200,0,0,0,0,0,49312200,S001 - WH KLS JABABEKA,BEPA IKA PEKASA,7,ON SCHEDULE,27,0,20.06.2026,23.05.2026,05.06.2026,18.06.2026,23.06.2026,23.06.2026,25.06.2026,,S001,WH KLS JABABEKA
I100260522L010_S001,FUSO,7060200,0,0,0,0,0,7060200,S001 - WH KLS JABABEKA,BEPA IKA PEKASA,7,ON SCHEDULE,27,0,20.06.2026,23.05.2026,05.06.2026,18.06.2026,23.06.2026,23.06.2026,25.06.2026,,S001,WH KLS JABABEKA
I100260522L011_S001,FUSO,210000,0,0,0,0,0,210000,S001 - WH KLS JABABEKA,BEPA IKA PEKASA,7,ON SCHEDULE,27,0,20.06.2026,23.05.2026,12.06.2026,18.06.2026,23.06.2026,01.07.2026,01.07.2026,,S001,WH KLS JABABEKA
I100260522L021_S001,CDD BAK,13500000,0,0,0,1500000,0,15000000,S001 - WH KLS JABABEKA,PT. EKA CIPTA MANGGALA,7,ON SCHEDULE,29,0,22.06.2026,23.05.2026,27.05.2026,03.06.2026,04.06.2026,04.06.2026,05.06.2026,,S001,WH KLS JABABEKA
I100260522L021_S001,CDD BAK,13500000,0,0,0,1500000,0,15000000,S001 - WH KLS JABABEKA,PT. EKA CIPTA MANGGALA,7,ON SCHEDULE,29,0,22.06.2026,23.05.2026,27.05.2026,03.06.2026,04.06.2026,04.06.2026,05.06.2026,,S001,WH KLS JABABEKA
I100260522L021_S001,CDD BAK,13500000,0,0,0,1500000,0,15000000,S001 - WH KLS JABABEKA,PT. EKA CIPTA MANGGALA,7,ON SCHEDULE,29,0,22.06.2026,23.05.2026,27.05.2026,03.06.2026,04.06.2026,04.06.2026,05.06.2026,,S001,WH KLS JABABEKA
I100260522L021_S001,CDD BAK,13500000,0,0,0,1500000,0,15000000,S001 - WH KLS JABABEKA,PT. EKA CIPTA MANGGALA,7,ON SCHEDULE,29,0,22.06.2026,23.05.2026,27.05.2026,03.06.2026,04.06.2026,04.06.2026,05.06.2026,,S001,WH KLS JABABEKA
I100260522L022_S001,CDD BAK,7500000,0,0,0,1000000,0,8500000,S001 - WH KLS JABABEKA,PT. EKA CIPTA MANGGALA,7,ON SCHEDULE,31,0,23.06.2026,22.05.2026,,04.06.2026,04.06.2026,04.06.2026,05.06.2026,,S001,WH KLS JABABEKA
I100260522L022_S001,CDD BAK,7500000,0,0,0,1000000,0,8500000,S001 - WH KLS JABABEKA,PT. EKA CIPTA MANGGALA,7,ON SCHEDULE,31,0,23.06.2026,22.05.2026,,04.06.2026,04.06.2026,04.06.2026,05.06.2026,,S001,WH KLS JABABEKA
I100260522L022_S001,CDD BAK,7500000,0,0,0,1000000,0,8500000,S001 - WH KLS JABABEKA,PT. EKA CIPTA MANGGALA,7,ON SCHEDULE,31,0,23.06.2026,22.05.2026,,04.06.2026,04.06.2026,04.06.2026,05.06.2026,,S001,WH KLS JABABEKA
I100260522L022_S001,CDD BAK,7500000,0,0,0,1000000,0,8500000,S001 - WH KLS JABABEKA,PT. EKA CIPTA MANGGALA,7,ON SCHEDULE,31,0,23.06.2026,22.05.2026,,04.06.2026,04.06.2026,04.06.2026,05.06.2026,,S001,WH KLS JABABEKA
I100260522L023_S001,CDD BAK,7500000,0,0,0,500000,0,8000000,S001 - WH KLS JABABEKA,PT. EKA CIPTA MANGGALA,7,ON SCHEDULE,31,0,23.06.2026,22.05.2026,27.05.2026,29.05.2026,29.05.2026,29.05.2026,29.05.2026,,S001,WH KLS JABABEKA
I100260522L023_S001,CDD BAK,7500000,0,0,0,500000,0,8000000,S001 - WH KLS JABABEKA,PT. EKA CIPTA MANGGALA,7,ON SCHEDULE,31,0,23.06.2026,22.05.2026,27.05.2026,29.05.2026,29.05.2026,29.05.2026,29.05.2026,,S001,WH KLS JABABEKA
I100260522L023_S001,CDD BAK,7500000,0,0,0,500000,0,8000000,S001 - WH KLS JABABEKA,PT. EKA CIPTA MANGGALA,7,ON SCHEDULE,31,0,23.06.2026,22.05.2026,27.05.2026,29.05.2026,29.05.2026,29.05.2026,29.05.2026,,S001,WH KLS JABABEKA
I100260522L029_S001,WINGBOX,6500000,0,0,0,0,175000,6675000,S001 - WH KLS JABABEKA,PT. DUTA MEDIA MANDIRI,7,ON SCHEDULE,27,0,20.06.2026,23.05.2026,,17.06.2026,18.06.2026,18.06.2026,18.06.2026,,S001,WH KLS JABABEKA
I100260522L029_S001,WINGBOX,6500000,0,0,0,0,175000,6675000,S001 - WH KLS JABABEKA,PT. DUTA MEDIA MANDIRI,7,ON SCHEDULE,27,0,20.06.2026,23.05.2026,,17.06.2026,18.06.2026,18.06.2026,18.06.2026,,S001,WH KLS JABABEKA
I100260522L029_S001,WINGBOX,6500000,0,0,0,0,175000,6675000,S001 - WH KLS JABABEKA,PT. DUTA MEDIA MANDIRI,7,ON SCHEDULE,27,0,20.06.2026,23.05.2026,,17.06.2026,18.06.2026,18.06.2026,18.06.2026,,S001,WH KLS JABABEKA
I100260522L030_S001,MINI VAN BOX,0,0,0,0,0,0,0,S001 - WH KLS JABABEKA,PT. MERPATI ALAM SEMESTA,2,LATE,7,72,31.05.2026,23.05.2026,05.06.2026,,,,,,S001,WH KLS JABABEKA
I100260522L033_S001,CDE PICKUP,625000,0,0,0,0,0,625000,S001 - WH KLS JABABEKA,PT. Nusantara Cargo Line,7,ON SCHEDULE,27,0,20.06.2026,23.05.2026,05.06.2026,23.06.2026,26.06.2026,29.06.2026,29.06.2026,,S001,WH KLS JABABEKA
I100260522L033_S001,CDE PICKUP,625000,0,0,0,0,0,625000,S001 - WH KLS JABABEKA,PT. Nusantara Cargo Line,7,ON SCHEDULE,27,0,20.06.2026,23.05.2026,05.06.2026,23.06.2026,26.06.2026,29.06.2026,29.06.2026,,S001,WH KLS JABABEKA
I100260522L033_S001,CDE PICKUP,625000,0,0,0,0,0,625000,S001 - WH KLS JABABEKA,PT. Nusantara Cargo Line,7,ON SCHEDULE,27,0,20.06.2026,23.05.2026,05.06.2026,23.06.2026,26.06.2026,29.06.2026,29.06.2026,,S001,WH KLS JABABEKA
I100260522L034_S001,CDE PICKUP,400000,0,0,0,0,0,400000,S001 - WH KLS JABABEKA,PT. Nusantara Cargo Line,6,LATE,27,73,20.06.2026,23.05.2026,,09.07.2026,14.07.2026,21.07.2026,21.07.2026,,S001,WH KLS JABABEKA
I100260522L034_S001,CDE PICKUP,400000,0,0,0,0,0,400000,S001 - WH KLS JABABEKA,PT. Nusantara Cargo Line,6,LATE,27,73,20.06.2026,23.05.2026,,09.07.2026,14.07.2026,21.07.2026,21.07.2026,,S001,WH KLS JABABEKA
I100260522L035_S001,CDE PICKUP,0,0,0,0,0,0,0,S001 - WH KLS JABABEKA,PT. Nusantara Cargo Line,2,LATE,7,73,31.05.2026,23.05.2026,05.06.2026,,,,,,S001,WH KLS JABABEKA
I100260522L036_S001,CDE PICKUP,750000,0,0,0,0,0,750000,S001 - WH KLS JABABEKA,PT. Nusantara Cargo Line,7,ON SCHEDULE,27,0,20.06.2026,23.05.2026,26.06.2026,29.06.2026,01.07.2026,01.07.2026,01.07.2026,,S001,WH KLS JABABEKA
I100260522L036_S001,CDE PICKUP,750000,0,0,0,0,0,750000,S001 - WH KLS JABABEKA,PT. Nusantara Cargo Line,7,ON SCHEDULE,27,0,20.06.2026,23.05.2026,26.06.2026,29.06.2026,01.07.2026,01.07.2026,01.07.2026,,S001,WH KLS JABABEKA
I100260522L051_S001,CDE PICKUP,750000,0,0,0,0,0,750000,S001 - WH KLS JABABEKA,PT. Nusantara Cargo Line,7,ON SCHEDULE,27,0,20.06.2026,23.05.2026,05.06.2026,11.06.2026,18.06.2026,22.06.2026,22.06.2026,,S001,WH KLS JABABEKA
I100260522L051_S001,CDE PICKUP,750000,0,0,0,0,0,750000,S001 - WH KLS JABABEKA,PT. Nusantara Cargo Line,7,ON SCHEDULE,27,0,20.06.2026,23.05.2026,05.06.2026,11.06.2026,18.06.2026,22.06.2026,22.06.2026,,S001,WH KLS JABABEKA
I100260522L060_S001,CDD PICK UP,225000,0,0,0,0,0,225000,S001 - WH KLS JABABEKA,PT. Nusantara Cargo Line,7,ON SCHEDULE,27,0,20.06.2026,23.05.2026,05.06.2026,12.06.2026,18.06.2026,24.06.2026,24.06.2026,,S001,WH KLS JABABEKA
I100260522L060_S001,CDD PICK UP,225000,0,0,0,0,0,225000,S001 - WH KLS JABABEKA,PT. Nusantara Cargo Line,7,ON SCHEDULE,27,0,20.06.2026,23.05.2026,05.06.2026,12.06.2026,18.06.2026,24.06.2026,24.06.2026,,S001,WH KLS JABABEKA
I100260522L061_S001,CDD PICK UP,250000,0,0,0,0,0,250000,S001 - WH KLS JABABEKA,PT. Nusantara Cargo Line,7,ON SCHEDULE,27,0,20.06.2026,23.05.2026,09.06.2026,25.06.2026,26.06.2026,29.06.2026,29.06.2026,,S001,WH KLS JABABEKA
I100260522L061_S001,CDD PICK UP,250000,0,0,0,0,0,250000,S001 - WH KLS JABABEKA,PT. Nusantara Cargo Line,7,ON SCHEDULE,27,0,20.06.2026,23.05.2026,09.06.2026,25.06.2026,26.06.2026,29.06.2026,29.06.2026,,S001,WH KLS JABABEKA
I100260522L062_S001,CDD PICK UP,2695000,0,0,0,0,0,2695000,S001 - WH KLS JABABEKA,PT. Nusantara Cargo Line,7,ON SCHEDULE,27,0,20.06.2026,23.05.2026,05.06.2026,25.06.2026,26.06.2026,29.06.2026,29.06.2026,,S001,WH KLS JABABEKA
I100260522L062_S001,CDD PICK UP,2695000,0,0,0,0,0,2695000,S001 - WH KLS JABABEKA,PT. Nusantara Cargo Line,7,ON SCHEDULE,27,0,20.06.2026,23.05.2026,05.06.2026,25.06.2026,26.06.2026,29.06.2026,29.06.2026,,S001,WH KLS JABABEKA
I100260522L063_S001,CDD PICK UP,600000,0,0,0,0,0,600000,S001 - WH KLS JABABEKA,PT. Nusantara Cargo Line,7,ON SCHEDULE,27,0,20.06.2026,23.05.2026,05.06.2026,12.06.2026,18.06.2026,24.06.2026,24.06.2026,,S001,WH KLS JABABEKA
I100260522L063_S001,CDD PICK UP,600000,0,0,0,0,0,600000,S001 - WH KLS JABABEKA,PT. Nusantara Cargo Line,7,ON SCHEDULE,27,0,20.06.2026,23.05.2026,05.06.2026,12.06.2026,18.06.2026,24.06.2026,24.06.2026,,S001,WH KLS JABABEKA
I100260522L064_S001,CDD PICK UP,997500,0,0,0,0,0,997500,S001 - WH KLS JABABEKA,PT. Nusantara Cargo Line,7,ON SCHEDULE,27,0,20.06.2026,23.05.2026,05.06.2026,11.06.2026,18.06.2026,22.06.2026,22.06.2026,,S001,WH KLS JABABEKA
I100260522L064_S001,CDD PICK UP,997500,0,0,0,0,0,997500,S001 - WH KLS JABABEKA,PT. Nusantara Cargo Line,7,ON SCHEDULE,27,0,20.06.2026,23.05.2026,05.06.2026,11.06.2026,18.06.2026,22.06.2026,22.06.2026,,S001,WH KLS JABABEKA
I100260522L065_S001,CDD PICK UP,0,0,0,0,0,0,0,S001 - WH KLS JABABEKA,PT. Nusantara Cargo Line,2,LATE,7,73,31.05.2026,23.05.2026,05.06.2026,,,,,,S001,WH KLS JABABEKA
I100260522L070_S001,CDE PICKUP,250000,0,0,0,0,0,250000,S001 - WH KLS JABABEKA,PT. Nusantara Cargo Line,7,ON SCHEDULE,27,0,22.06.2026,25.05.2026,09.06.2026,25.06.2026,26.06.2026,29.06.2026,29.06.2026,,S001,WH KLS JABABEKA
I100260522L070_S001,CDE PICKUP,250000,0,0,0,0,0,250000,S001 - WH KLS JABABEKA,PT. Nusantara Cargo Line,7,ON SCHEDULE,27,0,22.06.2026,25.05.2026,09.06.2026,25.06.2026,26.06.2026,29.06.2026,29.06.2026,,S001,WH KLS JABABEKA
I100260522L071_S001,MINI VAN BOX,1468500,0,0,0,0,0,1468500,S001 - WH KLS JABABEKA,PT. Nusantara Cargo Line,7,ON SCHEDULE,27,0,20.06.2026,23.05.2026,05.06.2026,11.06.2026,18.06.2026,22.06.2026,22.06.2026,,S001,WH KLS JABABEKA
I100260522L071_S001,MINI VAN BOX,1468500,0,0,0,0,0,1468500,S001 - WH KLS JABABEKA,PT. Nusantara Cargo Line,7,ON SCHEDULE,27,0,20.06.2026,23.05.2026,05.06.2026,11.06.2026,18.06.2026,22.06.2026,22.06.2026,,S001,WH KLS JABABEKA
I100260522L074_S001,MINI VAN BOX,0,0,0,0,0,0,0,S001 - WH KLS JABABEKA,FIRST LOGISTICS,2,LATE,7,73,31.05.2026,23.05.2026,08.06.2026,,,,,,S001,WH KLS JABABEKA
I100260522L075_S001,MINI VAN BOX,0,0,0,0,0,0,0,S001 - WH KLS JABABEKA,FIRST LOGISTICS,2,LATE,7,73,31.05.2026,23.05.2026,05.06.2026,,,,,,S001,WH KLS JABABEKA
I100260522L076_S001,MINI VAN BOX,0,0,0,0,0,0,0,S001 - WH KLS JABABEKA,FIRST LOGISTICS,2,LATE,7,73,31.05.2026,23.05.2026,08.06.2026,,,,,,S001,WH KLS JABABEKA
I100260522L077_S001,MINI VAN BOX,0,0,0,0,0,0,0,S001 - WH KLS JABABEKA,FIRST LOGISTICS,2,LATE,7,73,31.05.2026,23.05.2026,26.06.2026,,,,,,S001,WH KLS JABABEKA
I100260522L078_S001,MINI VAN BOX,0,0,0,0,0,0,0,S001 - WH KLS JABABEKA,FIRST LOGISTICS,2,LATE,7,73,31.05.2026,23.05.2026,05.06.2026,,,,,,S001,WH KLS JABABEKA
I100260522L079_S001,MINI VAN BOX,0,0,0,0,0,0,0,S001 - WH KLS JABABEKA,FIRST LOGISTICS,2,LATE,7,72,31.05.2026,23.05.2026,05.06.2026,,,,,,S001,WH KLS JABABEKA
I100260522L081_S001,MINI VAN BOX,0,0,0,0,0,0,0,S001 - WH KLS JABABEKA,FIRST LOGISTICS,2,LATE,7,72,31.05.2026,23.05.2026,05.06.2026,,,,,,S001,WH KLS JABABEKA
I100260522L082_S001,FUSO,3044400,0,0,0,0,0,3044400,S001 - WH KLS JABABEKA,BEPA IKA PEKASA,7,ON SCHEDULE,27,0,20.06.2026,23.05.2026,12.06.2026,18.06.2026,23.06.2026,23.06.2026,25.06.2026,,S001,WH KLS JABABEKA
I100260522L083_S001,FUSO,295000,0,0,0,0,0,295000,S001 - WH KLS JABABEKA,BEPA IKA PEKASA,7,ON SCHEDULE,27,0,20.06.2026,23.05.2026,12.06.2026,18.06.2026,23.06.2026,23.06.2026,01.07.2026,,S001,WH KLS JABABEKA
I100260522L084_S001,FUSO,873600,0,0,0,0,0,873600,S001 - WH KLS JABABEKA,BEPA IKA PEKASA,7,ON SCHEDULE,27,0,20.06.2026,23.05.2026,05.06.2026,18.06.2026,23.06.2026,23.06.2026,01.07.2026,,S001,WH KLS JABABEKA
I100260522L085_S001,MINI VAN BOX,567000,0,0,0,0,0,567000,S001 - WH KLS JABABEKA,PT. Nusantara Cargo Line,7,ON SCHEDULE,27,0,23.06.2026,26.05.2026,09.06.2026,25.06.2026,26.06.2026,29.06.2026,29.06.2026,,S001,WH KLS JABABEKA
I100260522L085_S001,MINI VAN BOX,567000,0,0,0,0,0,567000,S001 - WH KLS JABABEKA,PT. Nusantara Cargo Line,7,ON SCHEDULE,27,0,23.06.2026,26.05.2026,09.06.2026,25.06.2026,26.06.2026,29.06.2026,29.06.2026,,S001,WH KLS JABABEKA
I100260522T023_S001,WINGBOX,5650000,0,0,0,0,0,5650000,S001 - WH KLS JABABEKA,PT. DUTA MEDIA MANDIRI,7,ON SCHEDULE,29,0,22.06.2026,23.05.2026,27.05.2026,02.06.2026,04.06.2026,15.06.2026,15.06.2026,,S001,WH KLS JABABEKA
I100260523L023_S001,CDD BAK,5100000,0,0,0,550000,0,5650000,S001 - WH KLS JABABEKA,PT. HARI JAYA SEJAHTERA,7,ON SCHEDULE,29,0,22.06.2026,23.05.2026,27.05.2026,12.06.2026,14.06.2026,15.06.2026,19.06.2026,,S001,WH KLS JABABEKA
I100260523L023_S001,CDD BAK,5100000,0,0,0,550000,0,5650000,S001 - WH KLS JABABEKA,PT. HARI JAYA SEJAHTERA,7,ON SCHEDULE,29,0,22.06.2026,23.05.2026,27.05.2026,12.06.2026,14.06.2026,15.06.2026,19.06.2026,,S001,WH KLS JABABEKA
I100260523L024_S001,CDD BAK,5300000,0,0,0,800000,0,6100000,S001 - WH KLS JABABEKA,PT. EKA CIPTA MANGGALA,7,ON SCHEDULE,29,0,22.06.2026,23.05.2026,27.05.2026,03.06.2026,04.06.2026,04.06.2026,05.06.2026,,S001,WH KLS JABABEKA
I100260523L024_S001,CDD BAK,5300000,0,0,0,800000,0,6100000,S001 - WH KLS JABABEKA,PT. EKA CIPTA MANGGALA,7,ON SCHEDULE,29,0,22.06.2026,23.05.2026,27.05.2026,03.06.2026,04.06.2026,04.06.2026,05.06.2026,,S001,WH KLS JABABEKA
I100260523L024_S001,CDD BAK,5300000,0,0,0,800000,0,6100000,S001 - WH KLS JABABEKA,PT. EKA CIPTA MANGGALA,7,ON SCHEDULE,29,0,22.06.2026,23.05.2026,27.05.2026,03.06.2026,04.06.2026,04.06.2026,05.06.2026,,S001,WH KLS JABABEKA
I100260523L024_S001,CDD BAK,5300000,0,0,0,800000,0,6100000,S001 - WH KLS JABABEKA,PT. EKA CIPTA MANGGALA,7,ON SCHEDULE,29,0,22.06.2026,23.05.2026,27.05.2026,03.06.2026,04.06.2026,04.06.2026,05.06.2026,,S001,WH KLS JABABEKA
I100260523L025_S001,CDD BAK,4500000,0,0,0,0,0,4500000,S001 - WH KLS JABABEKA,PT. HARI JAYA SEJAHTERA,7,ON SCHEDULE,29,0,22.06.2026,23.05.2026,27.05.2026,29.05.2026,29.05.2026,12.06.2026,19.06.2026,,S001,WH KLS JABABEKA
I100260523L026_S001,CDD BAK,6900000,0,0,0,0,0,6900000,S001 - WH KLS JABABEKA,BINTANG SAMUDERA,7,ON SCHEDULE,29,0,22.06.2026,23.05.2026,27.05.2026,08.06.2026,09.06.2026,10.06.2026,11.06.2026,,S001,WH KLS JABABEKA
I100260523L027_S001,CDD LONG CHASSIS,5100000,0,0,0,300000,0,5400000,S001 - WH KLS JABABEKA,BINTANG SAMUDERA,7,ON SCHEDULE,27,0,20.06.2026,23.05.2026,27.05.2026,23.06.2026,26.06.2026,29.06.2026,30.06.2026,,S001,WH KLS JABABEKA
I100260523L027_S001,CDD LONG CHASSIS,5100000,0,0,0,300000,0,5400000,S001 - WH KLS JABABEKA,BINTANG SAMUDERA,7,ON SCHEDULE,27,0,20.06.2026,23.05.2026,27.05.2026,23.06.2026,26.06.2026,29.06.2026,30.06.2026,,S001,WH KLS JABABEKA
I100260523L028_S001,CDD BAK,4500000,0,0,0,800000,0,5300000,S001 - WH KLS JABABEKA,PT. HARI JAYA SEJAHTERA,7,ON SCHEDULE,29,0,22.06.2026,23.05.2026,27.05.2026,12.06.2026,14.06.2026,15.06.2026,19.06.2026,,S001,WH KLS JABABEKA
I100260523L028_S001,CDD BAK,4500000,0,0,0,800000,0,5300000,S001 - WH KLS JABABEKA,PT. HARI JAYA SEJAHTERA,7,ON SCHEDULE,29,0,22.06.2026,23.05.2026,27.05.2026,12.06.2026,14.06.2026,15.06.2026,19.06.2026,,S001,WH KLS JABABEKA
I100260523L045_S001,CDE PICKUP,335000,0,0,0,0,0,335000,S001 - WH KLS JABABEKA,PT. MERPATI ALAM SEMESTA,7,ON SCHEDULE,27,0,22.06.2026,25.05.2026,05.06.2026,12.06.2026,14.06.2026,19.06.2026,19.06.2026,,S001,WH KLS JABABEKA
I100260523L045_S001,CDE PICKUP,335000,0,0,0,0,0,335000,S001 - WH KLS JABABEKA,PT. MERPATI ALAM SEMESTA,7,ON SCHEDULE,27,0,22.06.2026,25.05.2026,05.06.2026,12.06.2026,14.06.2026,19.06.2026,19.06.2026,,S001,WH KLS JABABEKA
I100260523L046_S001,CDE PICKUP,730000,0,0,0,0,0,730000,S001 - WH KLS JABABEKA,PT. MERPATI ALAM SEMESTA,7,ON SCHEDULE,27,0,22.06.2026,25.05.2026,05.06.2026,12.06.2026,14.06.2026,19.06.2026,19.06.2026,,S001,WH KLS JABABEKA
I100260523L046_S001,CDE PICKUP,730000,0,0,0,0,0,730000,S001 - WH KLS JABABEKA,PT. MERPATI ALAM SEMESTA,7,ON SCHEDULE,27,0,22.06.2026,25.05.2026,05.06.2026,12.06.2026,14.06.2026,19.06.2026,19.06.2026,,S001,WH KLS JABABEKA
I100260523L047_S001,CDE PICKUP,185000,0,0,0,0,0,185000,S001 - WH KLS JABABEKA,PT. MERPATI ALAM SEMESTA,2,LATE,7,70,02.06.2026,25.05.2026,,,,,,,S001,WH KLS JABABEKA
I100260523L047_S001,CDE PICKUP,185000,0,0,0,0,0,185000,S001 - WH KLS JABABEKA,PT. MERPATI ALAM SEMESTA,2,LATE,7,70,02.06.2026,25.05.2026,,,,,,,S001,WH KLS JABABEKA
I100260523L049_S001,CDE PICKUP,112000,0,0,0,0,0,112000,S001 - WH KLS JABABEKA,PT. MERPATI ALAM SEMESTA,7,ON SCHEDULE,27,0,22.06.2026,25.05.2026,05.06.2026,12.06.2026,14.06.2026,19.06.2026,19.06.2026,,S001,WH KLS JABABEKA
I100260523L049_S001,CDE PICKUP,112000,0,0,0,0,0,112000,S001 - WH KLS JABABEKA,PT. MERPATI ALAM SEMESTA,7,ON SCHEDULE,27,0,22.06.2026,25.05.2026,05.06.2026,12.06.2026,14.06.2026,19.06.2026,19.06.2026,,S001,WH KLS JABABEKA
I100260523L050_S001,CDE PICKUP,732000,0,0,0,0,0,732000,S001 - WH KLS JABABEKA,PT. MERPATI ALAM SEMESTA,4,LATE,15,70,10.06.2026,25.05.2026,12.06.2026,21.07.2026,29.07.2026,,,,S001,WH KLS JABABEKA
I100260523L052_S001,CDE PICKUP,250000,0,0,0,0,0,250000,S001 - WH KLS JABABEKA,PT. MERPATI ALAM SEMESTA,4,LATE,15,70,10.06.2026,25.05.2026,05.06.2026,21.07.2026,29.07.2026,,,,S001,WH KLS JABABEKA
I100260523L052_S001,CDE PICKUP,250000,0,0,0,0,0,250000,S001 - WH KLS JABABEKA,PT. MERPATI ALAM SEMESTA,4,LATE,15,70,10.06.2026,25.05.2026,05.06.2026,21.07.2026,29.07.2026,,,,S001,WH KLS JABABEKA
I100260523L053_S001,CDE PICKUP,0,0,0,0,0,0,0,S001 - WH KLS JABABEKA,PT. MERPATI ALAM SEMESTA,2,LATE,7,70,02.06.2026,25.05.2026,26.06.2026,,,,,,S001,WH KLS JABABEKA
I100260523L082_S001,MINI VAN BOX,0,0,0,0,0,0,0,S001 - WH KLS JABABEKA,FIRST LOGISTICS,2,LATE,7,70,02.06.2026,25.05.2026,14.07.2026,,,,,,S001,WH KLS JABABEKA
I100260523L083_S001,MINI VAN BOX,0,0,0,0,0,0,0,S001 - WH KLS JABABEKA,FIRST LOGISTICS,2,LATE,7,70,02.06.2026,25.05.2026,14.07.2026,,,,,,S001,WH KLS JABABEKA
I100260523L084_S001,MINI VAN BOX,0,0,0,0,0,0,0,S001 - WH KLS JABABEKA,FIRST LOGISTICS,2,LATE,7,70,02.06.2026,25.05.2026,14.07.2026,,,,,,S001,WH KLS JABABEKA
I100260523L085_S001,MINI VAN BOX,0,0,0,0,0,0,0,S001 - WH KLS JABABEKA,FIRST LOGISTICS,2,LATE,7,70,02.06.2026,25.05.2026,14.07.2026,,,,,,S001,WH KLS JABABEKA
I100260523L086_S001,MINI VAN BOX,0,0,0,0,0,0,0,S001 - WH KLS JABABEKA,FIRST LOGISTICS,2,LATE,7,70,02.06.2026,25.05.2026,14.07.2026,,,,,,S001,WH KLS JABABEKA
I100260523L087_S001,CDE PICKUP,70000,0,0,0,0,0,70000,S001 - WH KLS JABABEKA,PT. MERPATI ALAM SEMESTA,4,LATE,15,70,10.06.2026,25.05.2026,07.06.2026,21.07.2026,29.07.2026,,,,S001,WH KLS JABABEKA
I100260523L087_S001,CDE PICKUP,70000,0,0,0,0,0,70000,S001 - WH KLS JABABEKA,PT. MERPATI ALAM SEMESTA,4,LATE,15,70,10.06.2026,25.05.2026,07.06.2026,21.07.2026,29.07.2026,,,,S001,WH KLS JABABEKA
I100260523L089_S001,MINI VAN BOX,40000,0,0,0,0,0,40000,S001 - WH KLS JABABEKA,PT. MERPATI ALAM SEMESTA,4,LATE,15,70,10.06.2026,25.05.2026,07.06.2026,21.07.2026,29.07.2026,,,,S001,WH KLS JABABEKA
I100260523L089_S001,MINI VAN BOX,40000,0,0,0,0,0,40000,S001 - WH KLS JABABEKA,PT. MERPATI ALAM SEMESTA,4,LATE,15,70,10.06.2026,25.05.2026,07.06.2026,21.07.2026,29.07.2026,,,,S001,WH KLS JABABEKA
I100260524L017_S001,CDD BAK,3700000,0,0,0,800000,0,4500000,S001 - WH KLS JABABEKA,PT. EKA CIPTA MANGGALA,7,ON SCHEDULE,28,0,22.06.2026,24.05.2026,27.05.2026,29.05.2026,29.05.2026,29.05.2026,29.05.2026,,S001,WH KLS JABABEKA
I100260524L017_S001,CDD BAK,3700000,0,0,0,800000,0,4500000,S001 - WH KLS JABABEKA,PT. EKA CIPTA MANGGALA,7,ON SCHEDULE,28,0,22.06.2026,24.05.2026,27.05.2026,29.05.2026,29.05.2026,29.05.2026,29.05.2026,,S001,WH KLS JABABEKA
I100260524L017_S001,CDD BAK,3700000,0,0,0,800000,0,4500000,S001 - WH KLS JABABEKA,PT. EKA CIPTA MANGGALA,7,ON SCHEDULE,28,0,22.06.2026,24.05.2026,27.05.2026,29.05.2026,29.05.2026,29.05.2026,29.05.2026,,S001,WH KLS JABABEKA
I100260524L017_S001,CDD BAK,3700000,0,0,0,800000,0,4500000,S001 - WH KLS JABABEKA,PT. EKA CIPTA MANGGALA,7,ON SCHEDULE,28,0,22.06.2026,24.05.2026,27.05.2026,29.05.2026,29.05.2026,29.05.2026,29.05.2026,,S001,WH KLS JABABEKA
I100260524L017_S001,CDD BAK,3700000,0,0,0,800000,0,4500000,S001 - WH KLS JABABEKA,PT. EKA CIPTA MANGGALA,7,ON SCHEDULE,28,0,22.06.2026,24.05.2026,27.05.2026,29.05.2026,29.05.2026,29.05.2026,29.05.2026,,S001,WH KLS JABABEKA
I100260524L018_S001,CDD BAK,4100000,0,0,0,800000,0,4900000,S001 - WH KLS JABABEKA,PT. EKA CIPTA MANGGALA,7,ON SCHEDULE,27,0,21.06.2026,24.05.2026,27.05.2026,29.05.2026,29.05.2026,29.05.2026,29.05.2026,,S001,WH KLS JABABEKA
I100260524L018_S001,CDD BAK,4100000,0,0,0,800000,0,4900000,S001 - WH KLS JABABEKA,PT. EKA CIPTA MANGGALA,7,ON SCHEDULE,27,0,21.06.2026,24.05.2026,27.05.2026,29.05.2026,29.05.2026,29.05.2026,29.05.2026,,S001,WH KLS JABABEKA
I100260524L018_S001,CDD BAK,4100000,0,0,0,800000,0,4900000,S001 - WH KLS JABABEKA,PT. EKA CIPTA MANGGALA,7,ON SCHEDULE,27,0,21.06.2026,24.05.2026,27.05.2026,29.05.2026,29.05.2026,29.05.2026,29.05.2026,,S001,WH KLS JABABEKA
I100260524L018_S001,CDD BAK,4100000,0,0,0,800000,0,4900000,S001 - WH KLS JABABEKA,PT. EKA CIPTA MANGGALA,7,ON SCHEDULE,27,0,21.06.2026,24.05.2026,27.05.2026,29.05.2026,29.05.2026,29.05.2026,29.05.2026,,S001,WH KLS JABABEKA
I100260524L020_S001,CDD BAK,3700000,0,0,0,400000,0,4100000,S001 - WH KLS JABABEKA,PT. EKA CIPTA MANGGALA,7,ON SCHEDULE,27,0,21.06.2026,24.05.2026,27.05.2026,29.05.2026,29.05.2026,29.05.2026,29.05.2026,,S001,WH KLS JABABEKA
I100260524L020_S001,CDD BAK,3700000,0,0,0,400000,0,4100000,S001 - WH KLS JABABEKA,PT. EKA CIPTA MANGGALA,7,ON SCHEDULE,27,0,21.06.2026,24.05.2026,27.05.2026,29.05.2026,29.05.2026,29.05.2026,29.05.2026,,S001,WH KLS JABABEKA
I100260524L020_S001,CDD BAK,3700000,0,0,0,400000,0,4100000,S001 - WH KLS JABABEKA,PT. EKA CIPTA MANGGALA,7,ON SCHEDULE,27,0,21.06.2026,24.05.2026,27.05.2026,29.05.2026,29.05.2026,29.05.2026,29.05.2026,,S001,WH KLS JABABEKA
I100260524L020_S001,CDD BAK,3700000,0,0,0,400000,0,4100000,S001 - WH KLS JABABEKA,PT. EKA CIPTA MANGGALA,7,ON SCHEDULE,27,0,21.06.2026,24.05.2026,27.05.2026,29.05.2026,29.05.2026,29.05.2026,29.05.2026,,S001,WH KLS JABABEKA
I100260524L020_S001,CDD BAK,3700000,0,0,0,400000,0,4100000,S001 - WH KLS JABABEKA,PT. EKA CIPTA MANGGALA,7,ON SCHEDULE,27,0,21.06.2026,24.05.2026,27.05.2026,29.05.2026,29.05.2026,29.05.2026,29.05.2026,,S001,WH KLS JABABEKA
I100260524L020_S001,CDD BAK,3700000,0,0,0,400000,0,4100000,S001 - WH KLS JABABEKA,PT. EKA CIPTA MANGGALA,7,ON SCHEDULE,27,0,21.06.2026,24.05.2026,27.05.2026,29.05.2026,29.05.2026,29.05.2026,29.05.2026,,S001,WH KLS JABABEKA
I100260524L020_S001,CDD BAK,3700000,0,0,0,400000,0,4100000,S001 - WH KLS JABABEKA,PT. EKA CIPTA MANGGALA,7,ON SCHEDULE,27,0,21.06.2026,24.05.2026,27.05.2026,29.05.2026,29.05.2026,29.05.2026,29.05.2026,,S001,WH KLS JABABEKA
I100260524L020_S001,CDD BAK,3700000,0,0,0,400000,0,4100000,S001 - WH KLS JABABEKA,PT. EKA CIPTA MANGGALA,7,ON SCHEDULE,27,0,21.06.2026,24.05.2026,27.05.2026,29.05.2026,29.05.2026,29.05.2026,29.05.2026,,S001,WH KLS JABABEKA
I100260524L021_S001,CDD BAK,4000000,0,0,0,1200000,0,5200000,S001 - WH KLS JABABEKA,PT. EKA CIPTA MANGGALA,7,ON SCHEDULE,28,0,23.06.2026,25.05.2026,27.05.2026,29.05.2026,29.05.2026,29.05.2026,29.05.2026,,S001,WH KLS JABABEKA
I100260524L021_S001,CDD BAK,4000000,0,0,0,1200000,0,5200000,S001 - WH KLS JABABEKA,PT. EKA CIPTA MANGGALA,7,ON SCHEDULE,28,0,23.06.2026,25.05.2026,27.05.2026,29.05.2026,29.05.2026,29.05.2026,29.05.2026,,S001,WH KLS JABABEKA
I100260524L021_S001,CDD BAK,4000000,0,0,0,1200000,0,5200000,S001 - WH KLS JABABEKA,PT. EKA CIPTA MANGGALA,7,ON SCHEDULE,28,0,23.06.2026,25.05.2026,27.05.2026,29.05.2026,29.05.2026,29.05.2026,29.05.2026,,S001,WH KLS JABABEKA
I100260524L021_S001,CDD BAK,4000000,0,0,0,1200000,0,5200000,S001 - WH KLS JABABEKA,PT. EKA CIPTA MANGGALA,7,ON SCHEDULE,28,0,23.06.2026,25.05.2026,27.05.2026,29.05.2026,29.05.2026,29.05.2026,29.05.2026,,S001,WH KLS JABABEKA
I100260524L021_S001,CDD BAK,4000000,0,0,0,1200000,0,5200000,S001 - WH KLS JABABEKA,PT. EKA CIPTA MANGGALA,7,ON SCHEDULE,28,0,23.06.2026,25.05.2026,27.05.2026,29.05.2026,29.05.2026,29.05.2026,29.05.2026,,S001,WH KLS JABABEKA
I100260524L021_S001,CDD BAK,4000000,0,0,0,1200000,0,5200000,S001 - WH KLS JABABEKA,PT. EKA CIPTA MANGGALA,7,ON SCHEDULE,28,0,23.06.2026,25.05.2026,27.05.2026,29.05.2026,29.05.2026,29.05.2026,29.05.2026,,S001,WH KLS JABABEKA
I100260524L022_S001,CDD BAK,4000000,0,0,0,1200000,0,5200000,S001 - WH KLS JABABEKA,PT. EKA CIPTA MANGGALA,7,ON SCHEDULE,27,0,22.06.2026,25.05.2026,27.05.2026,29.05.2026,29.05.2026,29.05.2026,29.05.2026,,S001,WH KLS JABABEKA
I100260524L022_S001,CDD BAK,4000000,0,0,0,1200000,0,5200000,S001 - WH KLS JABABEKA,PT. EKA CIPTA MANGGALA,7,ON SCHEDULE,27,0,22.06.2026,25.05.2026,27.05.2026,29.05.2026,29.05.2026,29.05.2026,29.05.2026,,S001,WH KLS JABABEKA
I100260524L022_S001,CDD BAK,4000000,0,0,0,1200000,0,5200000,S001 - WH KLS JABABEKA,PT. EKA CIPTA MANGGALA,7,ON SCHEDULE,27,0,22.06.2026,25.05.2026,27.05.2026,29.05.2026,29.05.2026,29.05.2026,29.05.2026,,S001,WH KLS JABABEKA
I100260524L022_S001,CDD BAK,4000000,0,0,0,1200000,0,5200000,S001 - WH KLS JABABEKA,PT. EKA CIPTA MANGGALA,7,ON SCHEDULE,27,0,22.06.2026,25.05.2026,27.05.2026,29.05.2026,29.05.2026,29.05.2026,29.05.2026,,S001,WH KLS JABABEKA
I100260524L022_S001,CDD BAK,4000000,0,0,0,1200000,0,5200000,S001 - WH KLS JABABEKA,PT. EKA CIPTA MANGGALA,7,ON SCHEDULE,27,0,22.06.2026,25.05.2026,27.05.2026,29.05.2026,29.05.2026,29.05.2026,29.05.2026,,S001,WH KLS JABABEKA
I100260524L022_S001,CDD BAK,4000000,0,0,0,1200000,0,5200000,S001 - WH KLS JABABEKA,PT. EKA CIPTA MANGGALA,7,ON SCHEDULE,27,0,22.06.2026,25.05.2026,27.05.2026,29.05.2026,29.05.2026,29.05.2026,29.05.2026,,S001,WH KLS JABABEKA
I100260525C311_S001,TRONTON LOSBAK,5250000,0,0,0,0,0,5250000,S001 - WH KLS JABABEKA,CV. BANGUN JASA TRANS,7,ON SCHEDULE,27,0,22.06.2026,25.05.2026,28.05.2026,29.05.2026,29.05.2026,29.05.2026,05.06.2026,,S001,WH KLS JABABEKA
I100260525C312_S001,TRONTON LOSBAK,5250000,0,0,0,0,0,5250000,S001 - WH KLS JABABEKA,CV. BANGUN JASA TRANS,7,ON SCHEDULE,27,0,22.06.2026,25.05.2026,28.05.2026,29.05.2026,29.05.2026,29.05.2026,05.06.2026,,S001,WH KLS JABABEKA
I100260525C313_S001,TRONTON LOSBAK,5250000,0,0,0,0,0,5250000,S001 - WH KLS JABABEKA,CV. BANGUN JASA TRANS,7,ON SCHEDULE,27,0,22.06.2026,25.05.2026,28.05.2026,29.05.2026,29.05.2026,29.05.2026,05.06.2026,,S001,WH KLS JABABEKA
I100260525L025_S001,CDD BAK,6900000,0,0,0,0,0,6900000,S001 - WH KLS JABABEKA,BINTANG SAMUDERA,7,ON SCHEDULE,29,0,24.06.2026,25.05.2026,29.05.2026,08.06.2026,09.06.2026,10.06.2026,11.06.2026,,S001,WH KLS JABABEKA
I100260525L026_S001,CDD BAK,3421969,0,0,0,500000,0,3921969,S001 - WH KLS JABABEKA,PT. HARI JAYA TRANSPORTASI,7,ON SCHEDULE,28,0,23.06.2026,25.05.2026,28.05.2026,23.06.2026,26.06.2026,26.06.2026,30.06.2026,,S001,WH KLS JABABEKA
I100260525L026_S001,CDD BAK,3421969,0,0,0,500000,0,3921969,S001 - WH KLS JABABEKA,PT. HARI JAYA TRANSPORTASI,7,ON SCHEDULE,28,0,23.06.2026,25.05.2026,28.05.2026,23.06.2026,26.06.2026,26.06.2026,30.06.2026,,S001,WH KLS JABABEKA
I100260525L026_S001,CDD BAK,3421969,0,0,0,500000,0,3921969,S001 - WH KLS JABABEKA,PT. HARI JAYA TRANSPORTASI,7,ON SCHEDULE,28,0,23.06.2026,25.05.2026,28.05.2026,23.06.2026,26.06.2026,26.06.2026,30.06.2026,,S001,WH KLS JABABEKA
I100260525L026_S001,CDD BAK,3421969,0,0,0,500000,0,3921969,S001 - WH KLS JABABEKA,PT. HARI JAYA TRANSPORTASI,7,ON SCHEDULE,28,0,23.06.2026,25.05.2026,28.05.2026,23.06.2026,26.06.2026,26.06.2026,30.06.2026,,S001,WH KLS JABABEKA
I100260525L026_S001,CDD BAK,3421969,0,0,0,500000,0,3921969,S001 - WH KLS JABABEKA,PT. HARI JAYA TRANSPORTASI,7,ON SCHEDULE,28,0,23.06.2026,25.05.2026,28.05.2026,23.06.2026,26.06.2026,26.06.2026,30.06.2026,,S001,WH KLS JABABEKA
I100260525L050_S001,CDD BAK,7500000,0,0,0,500000,0,8000000,S001 - WH KLS JABABEKA,PT. EKA CIPTA MANGGALA,7,ON SCHEDULE,30,0,25.06.2026,25.05.2026,29.05.2026,03.06.2026,04.06.2026,04.06.2026,05.06.2026,,S001,WH KLS JABABEKA
I100260525L050_S001,CDD BAK,7500000,0,0,0,500000,0,8000000,S001 - WH KLS JABABEKA,PT. EKA CIPTA MANGGALA,7,ON SCHEDULE,30,0,25.06.2026,25.05.2026,29.05.2026,03.06.2026,04.06.2026,04.06.2026,05.06.2026,,S001,WH KLS JABABEKA
I100260525L050_S001,CDD BAK,7500000,0,0,0,500000,0,8000000,S001 - WH KLS JABABEKA,PT. EKA CIPTA MANGGALA,7,ON SCHEDULE,30,0,25.06.2026,25.05.2026,29.05.2026,03.06.2026,04.06.2026,04.06.2026,05.06.2026,,S001,WH KLS JABABEKA
I100260525L051_S001,WINGBOX,20000000,0,0,0,0,0,20000000,S001 - WH KLS JABABEKA,PT. ORANG KREATIF EKSIS,7,ON SCHEDULE,32,0,27.06.2026,25.05.2026,08.06.2026,12.06.2026,13.06.2026,25.06.2026,25.06.2026,,S001,WH KLS JABABEKA
I100260525L078_S001,CDE PICKUP,2626000,0,0,0,0,0,2626000,S001 - WH KLS JABABEKA,PT. Nusantara Cargo Line,7,ON SCHEDULE,27,0,22.06.2026,25.05.2026,05.06.2026,11.06.2026,18.06.2026,24.06.2026,24.06.2026,,S001,WH KLS JABABEKA
I100260525L078_S001,CDE PICKUP,2626000,0,0,0,0,0,2626000,S001 - WH KLS JABABEKA,PT. Nusantara Cargo Line,7,ON SCHEDULE,27,0,22.06.2026,25.05.2026,05.06.2026,11.06.2026,18.06.2026,24.06.2026,24.06.2026,,S001,WH KLS JABABEKA
I100260525L079_S001,CDE PICKUP,297000,0,0,0,0,0,297000,S001 - WH KLS JABABEKA,PT. Nusantara Cargo Line,7,ON SCHEDULE,27,0,22.06.2026,25.05.2026,05.06.2026,15.06.2026,18.06.2026,18.06.2026,18.06.2026,,S001,WH KLS JABABEKA
I100260525L079_S001,CDE PICKUP,297000,0,0,0,0,0,297000,S001 - WH KLS JABABEKA,PT. Nusantara Cargo Line,7,ON SCHEDULE,27,0,22.06.2026,25.05.2026,05.06.2026,15.06.2026,18.06.2026,18.06.2026,18.06.2026,,S001,WH KLS JABABEKA
I100260525L080_S001,CDE PICKUP,500000,0,0,0,0,0,500000,S001 - WH KLS JABABEKA,PT. Nusantara Cargo Line,7,ON SCHEDULE,27,0,22.06.2026,25.05.2026,05.06.2026,25.06.2026,26.06.2026,29.06.2026,29.06.2026,,S001,WH KLS JABABEKA
I100260525L080_S001,CDE PICKUP,500000,0,0,0,0,0,500000,S001 - WH KLS JABABEKA,PT. Nusantara Cargo Line,7,ON SCHEDULE,27,0,22.06.2026,25.05.2026,05.06.2026,25.06.2026,26.06.2026,29.06.2026,29.06.2026,,S001,WH KLS JABABEKA
I100260525L082_S001,CDE PICKUP,700000,0,0,0,0,0,700000,S001 - WH KLS JABABEKA,PT. Nusantara Cargo Line,7,ON SCHEDULE,27,0,22.06.2026,25.05.2026,18.06.2026,19.06.2026,23.06.2026,25.06.2026,25.06.2026,,S001,WH KLS JABABEKA
I100260525L082_S001,CDE PICKUP,700000,0,0,0,0,0,700000,S001 - WH KLS JABABEKA,PT. Nusantara Cargo Line,7,ON SCHEDULE,27,0,22.06.2026,25.05.2026,18.06.2026,19.06.2026,23.06.2026,25.06.2026,25.06.2026,,S001,WH KLS JABABEKA
I100260525L083_S001,CDE PICKUP,0,0,0,0,0,0,0,S001 - WH KLS JABABEKA,PT. Nusantara Cargo Line,2,LATE,7,70,02.06.2026,25.05.2026,05.06.2026,,,,,,S001,WH KLS JABABEKA
I100260525L084_S001,CDE PICKUP,726000,0,0,0,0,0,726000,S001 - WH KLS JABABEKA,PT. Nusantara Cargo Line,7,ON SCHEDULE,27,0,23.06.2026,26.05.2026,05.06.2026,15.06.2026,18.06.2026,18.06.2026,18.06.2026,,S001,WH KLS JABABEKA
I100260525L084_S001,CDE PICKUP,726000,0,0,0,0,0,726000,S001 - WH KLS JABABEKA,PT. Nusantara Cargo Line,7,ON SCHEDULE,27,0,23.06.2026,26.05.2026,05.06.2026,15.06.2026,18.06.2026,18.06.2026,18.06.2026,,S001,WH KLS JABABEKA
I100260525L085_S001,CDE PICKUP,700000,0,0,0,0,0,700000,S001 - WH KLS JABABEKA,PT. Nusantara Cargo Line,7,ON SCHEDULE,27,0,23.06.2026,26.05.2026,08.06.2026,25.06.2026,26.06.2026,29.06.2026,29.06.2026,,S001,WH KLS JABABEKA
I100260525L085_S001,CDE PICKUP,700000,0,0,0,0,0,700000,S001 - WH KLS JABABEKA,PT. Nusantara Cargo Line,7,ON SCHEDULE,27,0,23.06.2026,26.05.2026,08.06.2026,25.06.2026,26.06.2026,29.06.2026,29.06.2026,,S001,WH KLS JABABEKA
I100260525L086_S001,CDE PICKUP,275000,0,0,0,0,0,275000,S001 - WH KLS JABABEKA,PT. Nusantara Cargo Line,7,ON SCHEDULE,27,0,23.06.2026,26.05.2026,05.06.2026,11.06.2026,18.06.2026,24.06.2026,24.06.2026,,S001,WH KLS JABABEKA
I100260525L086_S001,CDE PICKUP,275000,0,0,0,0,0,275000,S001 - WH KLS JABABEKA,PT. Nusantara Cargo Line,7,ON SCHEDULE,27,0,23.06.2026,26.05.2026,05.06.2026,11.06.2026,18.06.2026,24.06.2026,24.06.2026,,S001,WH KLS JABABEKA
I100260525L087_S001,CDE PICKUP,500000,0,0,0,0,0,500000,S001 - WH KLS JABABEKA,PT. Nusantara Cargo Line,7,ON SCHEDULE,27,0,23.06.2026,26.05.2026,18.06.2026,19.06.2026,23.06.2026,25.06.2026,25.06.2026,,S001,WH KLS JABABEKA
I100260525L087_S001,CDE PICKUP,500000,0,0,0,0,0,500000,S001 - WH KLS JABABEKA,PT. Nusantara Cargo Line,7,ON SCHEDULE,27,0,23.06.2026,26.05.2026,18.06.2026,19.06.2026,23.06.2026,25.06.2026,25.06.2026,,S001,WH KLS JABABEKA
I100260525L088_S001,CDE PICKUP,1419500,0,0,0,0,0,1419500,S001 - WH KLS JABABEKA,PT. Nusantara Cargo Line,7,ON SCHEDULE,27,0,23.06.2026,26.05.2026,05.06.2026,15.06.2026,18.06.2026,18.06.2026,18.06.2026,,S001,WH KLS JABABEKA
I100260525L088_S001,CDE PICKUP,1419500,0,0,0,0,0,1419500,S001 - WH KLS JABABEKA,PT. Nusantara Cargo Line,7,ON SCHEDULE,27,0,23.06.2026,26.05.2026,05.06.2026,15.06.2026,18.06.2026,18.06.2026,18.06.2026,,S001,WH KLS JABABEKA
I100260525L089_S001,CDE PICKUP,1062000,0,0,0,0,0,1062000,S001 - WH KLS JABABEKA,PT. Nusantara Cargo Line,7,ON SCHEDULE,27,0,23.06.2026,26.05.2026,05.06.2026,11.06.2026,18.06.2026,22.06.2026,22.06.2026,,S001,WH KLS JABABEKA
I100260525L089_S001,CDE PICKUP,1062000,0,0,0,0,0,1062000,S001 - WH KLS JABABEKA,PT. Nusantara Cargo Line,7,ON SCHEDULE,27,0,23.06.2026,26.05.2026,05.06.2026,11.06.2026,18.06.2026,22.06.2026,22.06.2026,,S001,WH KLS JABABEKA
I100260525L090_S001,CDE PICKUP,1400000,0,0,0,0,0,1400000,S001 - WH KLS JABABEKA,PT. Nusantara Cargo Line,7,ON SCHEDULE,27,0,23.06.2026,26.05.2026,05.06.2026,30.06.2026,01.07.2026,01.07.2026,01.07.2026,,S001,WH KLS JABABEKA
I100260525L090_S001,CDE PICKUP,1400000,0,0,0,0,0,1400000,S001 - WH KLS JABABEKA,PT. Nusantara Cargo Line,7,ON SCHEDULE,27,0,23.06.2026,26.05.2026,05.06.2026,30.06.2026,01.07.2026,01.07.2026,01.07.2026,,S001,WH KLS JABABEKA
I100260525L091_S001,CDE PICKUP,302500,0,0,0,0,0,302500,S001 - WH KLS JABABEKA,PT. Nusantara Cargo Line,7,ON SCHEDULE,27,0,23.06.2026,26.05.2026,05.06.2026,11.06.2026,18.06.2026,24.06.2026,24.06.2026,,S001,WH KLS JABABEKA
I100260525L091_S001,CDE PICKUP,302500,0,0,0,0,0,302500,S001 - WH KLS JABABEKA,PT. Nusantara Cargo Line,7,ON SCHEDULE,27,0,23.06.2026,26.05.2026,05.06.2026,11.06.2026,18.06.2026,24.06.2026,24.06.2026,,S001,WH KLS JABABEKA
I100260525L093_S001,MINI VAN BOX,0,0,0,0,0,0,0,S001 - WH KLS JABABEKA,FIRST LOGISTICS,2,LATE,7,69,03.06.2026,26.05.2026,05.06.2026,,,,,,S001,WH KLS JABABEKA
I100260525L094_S001,MINI VAN BOX,0,0,0,0,0,0,0,S001 - WH KLS JABABEKA,FIRST LOGISTICS,2,LATE,7,69,03.06.2026,26.05.2026,26.06.2026,,,,,,S001,WH KLS JABABEKA
I100260525L095_S001,MINI VAN BOX,0,0,0,0,0,0,0,S001 - WH KLS JABABEKA,FIRST LOGISTICS,2,LATE,7,69,03.06.2026,26.05.2026,08.06.2026,,,,,,S001,WH KLS JABABEKA
I100260525L096_S001,MINI VAN BOX,0,0,0,0,0,0,0,S001 - WH KLS JABABEKA,FIRST LOGISTICS,2,LATE,7,69,03.06.2026,26.05.2026,26.06.2026,,,,,,S001,WH KLS JABABEKA
I100260525L097_S001,MINI VAN BOX,0,0,0,0,0,0,0,S001 - WH KLS JABABEKA,FIRST LOGISTICS,2,LATE,7,69,03.06.2026,26.05.2026,26.06.2026,,,,,,S001,WH KLS JABABEKA
I100260525L098_S001,MINI VAN BOX,0,0,0,0,0,0,0,S001 - WH KLS JABABEKA,FIRST LOGISTICS,2,LATE,7,69,03.06.2026,26.05.2026,08.06.2026,,,,,,S001,WH KLS JABABEKA
I100260525L099_S001,MINI VAN BOX,0,0,0,0,0,0,0,S001 - WH KLS JABABEKA,FIRST LOGISTICS,2,LATE,7,69,03.06.2026,26.05.2026,26.06.2026,,,,,,S001,WH KLS JABABEKA
I100260525L100_S001,MINI VAN BOX,0,0,0,0,0,0,0,S001 - WH KLS JABABEKA,FIRST LOGISTICS,2,LATE,7,69,03.06.2026,26.05.2026,26.06.2026,,,,,,S001,WH KLS JABABEKA
I100260525L101_S001,MINI VAN BOX,0,0,0,0,0,0,0,S001 - WH KLS JABABEKA,FIRST LOGISTICS,2,LATE,7,69,03.06.2026,26.05.2026,08.06.2026,,,,,,S001,WH KLS JABABEKA
I100260525L102_S001,CDE PICKUP,350000,0,0,0,0,0,350000,S001 - WH KLS JABABEKA,PT. Nusantara Cargo Line,7,ON SCHEDULE,27,0,23.06.2026,26.05.2026,05.06.2026,11.06.2026,18.06.2026,24.06.2026,24.06.2026,,S001,WH KLS JABABEKA
I100260525L102_S001,CDE PICKUP,350000,0,0,0,0,0,350000,S001 - WH KLS JABABEKA,PT. Nusantara Cargo Line,7,ON SCHEDULE,27,0,23.06.2026,26.05.2026,05.06.2026,11.06.2026,18.06.2026,24.06.2026,24.06.2026,,S001,WH KLS JABABEKA
I100260525L104_S001,CDE PICKUP,350000,0,0,0,0,0,350000,S001 - WH KLS JABABEKA,PT. Nusantara Cargo Line,7,ON SCHEDULE,27,0,23.06.2026,26.05.2026,05.06.2026,11.06.2026,18.06.2026,22.06.2026,22.06.2026,,S001,WH KLS JABABEKA
I100260525L104_S001,CDE PICKUP,350000,0,0,0,0,0,350000,S001 - WH KLS JABABEKA,PT. Nusantara Cargo Line,7,ON SCHEDULE,27,0,23.06.2026,26.05.2026,05.06.2026,11.06.2026,18.06.2026,22.06.2026,22.06.2026,,S001,WH KLS JABABEKA
I100260525L105_S001,CDE PICKUP,533500,0,0,0,0,0,533500,S001 - WH KLS JABABEKA,PT. Nusantara Cargo Line,7,ON SCHEDULE,27,0,23.06.2026,26.05.2026,05.06.2026,15.06.2026,18.06.2026,18.06.2026,18.06.2026,,S001,WH KLS JABABEKA
I100260525L105_S001,CDE PICKUP,533500,0,0,0,0,0,533500,S001 - WH KLS JABABEKA,PT. Nusantara Cargo Line,7,ON SCHEDULE,27,0,23.06.2026,26.05.2026,05.06.2026,15.06.2026,18.06.2026,18.06.2026,18.06.2026,,S001,WH KLS JABABEKA
I100260525L106_S001,CDE PICKUP,275000,0,0,0,0,0,275000,S001 - WH KLS JABABEKA,PT. Nusantara Cargo Line,6,LATE,27,70,23.06.2026,26.05.2026,05.06.2026,15.06.2026,18.06.2026,19.06.2026,21.07.2026,,S001,WH KLS JABABEKA
I100260525L106_S001,CDE PICKUP,275000,0,0,0,0,0,275000,S001 - WH KLS JABABEKA,PT. Nusantara Cargo Line,6,LATE,27,70,23.06.2026,26.05.2026,05.06.2026,15.06.2026,18.06.2026,19.06.2026,21.07.2026,,S001,WH KLS JABABEKA
I100260525T033_S001,CONT-20,15400000,0,0,0,0,0,15400000,S001 - WH KLS JABABEKA,PT. SENTOSA PRIMA ABADI,6,LATE,40,69,06.07.2026,26.05.2026,18.06.2026,13.07.2026,14.07.2026,14.07.2026,14.07.2026,,S001,WH KLS JABABEKA
I100260526L016_S001,FUSO,4183100,0,0,0,0,0,4183100,S001 - WH KLS JABABEKA,BEPA IKA PEKASA,7,ON SCHEDULE,27,0,26.06.2026,29.05.2026,12.06.2026,18.06.2026,23.06.2026,23.06.2026,25.06.2026,,S001,WH KLS JABABEKA
I100260526L017_S001,FUSO,23965800,0,0,0,0,0,23965800,S001 - WH KLS JABABEKA,BEPA IKA PEKASA,6,LATE,27,66,26.06.2026,29.05.2026,14.07.2026,20.07.2026,24.07.2026,24.07.2026,29.07.2026,,S001,WH KLS JABABEKA
I100260526L035_S001,CONT-20,15300000,0,0,0,0,0,15300000,S001 - WH KLS JABABEKA,PT. SENTOSA PRIMA ABADI,6,LATE,40,69,06.07.2026,26.05.2026,19.06.2026,13.07.2026,14.07.2026,17.07.2026,17.07.2026,,S001,WH KLS JABABEKA
I100260526L036_S001,CDD BAK,4500000,0,0,0,0,0,4500000,S001 - WH KLS JABABEKA,PT. HARI JAYA SEJAHTERA,7,ON SCHEDULE,29,0,25.06.2026,26.05.2026,29.05.2026,12.06.2026,13.06.2026,15.06.2026,19.06.2026,,S001,WH KLS JABABEKA
I100260526L037_S001,CDD BAK,5300000,0,0,0,800000,0,6100000,S001 - WH KLS JABABEKA,PT. EKA CIPTA MANGGALA,7,ON SCHEDULE,29,0,25.06.2026,26.05.2026,29.05.2026,03.06.2026,04.06.2026,04.06.2026,05.06.2026,,S001,WH KLS JABABEKA
I100260526L037_S001,CDD BAK,5300000,0,0,0,800000,0,6100000,S001 - WH KLS JABABEKA,PT. EKA CIPTA MANGGALA,7,ON SCHEDULE,29,0,25.06.2026,26.05.2026,29.05.2026,03.06.2026,04.06.2026,04.06.2026,05.06.2026,,S001,WH KLS JABABEKA
I100260526L037_S001,CDD BAK,5300000,0,0,0,800000,0,6100000,S001 - WH KLS JABABEKA,PT. EKA CIPTA MANGGALA,7,ON SCHEDULE,29,0,25.06.2026,26.05.2026,29.05.2026,03.06.2026,04.06.2026,04.06.2026,05.06.2026,,S001,WH KLS JABABEKA
I100260526L037_S001,CDD BAK,5300000,0,0,0,800000,0,6100000,S001 - WH KLS JABABEKA,PT. EKA CIPTA MANGGALA,7,ON SCHEDULE,29,0,25.06.2026,26.05.2026,29.05.2026,03.06.2026,04.06.2026,04.06.2026,05.06.2026,,S001,WH KLS JABABEKA
I100260526L038_S001,CDD BAK,11500000,0,0,0,2300000,0,13800000,S001 - WH KLS JABABEKA,BINTANG SAMUDERA,7,ON SCHEDULE,29,0,27.06.2026,28.05.2026,05.06.2026,23.06.2026,26.06.2026,29.06.2026,29.06.2026,,S001,WH KLS JABABEKA
I100260526L038_S001,CDD BAK,11500000,0,0,0,2300000,0,13800000,S001 - WH KLS JABABEKA,BINTANG SAMUDERA,7,ON SCHEDULE,29,0,27.06.2026,28.05.2026,05.06.2026,23.06.2026,26.06.2026,29.06.2026,29.06.2026,,S001,WH KLS JABABEKA
I100260526L039_S001,CDD BAK,4500000,0,0,0,1100000,0,5600000,S001 - WH KLS JABABEKA,PT. HARI JAYA SEJAHTERA,7,ON SCHEDULE,29,0,25.06.2026,26.05.2026,29.05.2026,12.06.2026,14.06.2026,15.06.2026,19.06.2026,,S001,WH KLS JABABEKA
I100260526L039_S001,CDD BAK,4500000,0,0,0,1100000,0,5600000,S001 - WH KLS JABABEKA,PT. HARI JAYA SEJAHTERA,7,ON SCHEDULE,29,0,25.06.2026,26.05.2026,29.05.2026,12.06.2026,14.06.2026,15.06.2026,19.06.2026,,S001,WH KLS JABABEKA
I100260526L039_S001,CDD BAK,4500000,0,0,0,1100000,0,5600000,S001 - WH KLS JABABEKA,PT. HARI JAYA SEJAHTERA,7,ON SCHEDULE,29,0,25.06.2026,26.05.2026,29.05.2026,12.06.2026,14.06.2026,15.06.2026,19.06.2026,,S001,WH KLS JABABEKA
I100260526L079_S001,FUSO,25890000,0,0,0,0,0,25890000,S001 - WH KLS JABABEKA,BEPA IKA PEKASA,7,ON SCHEDULE,27,0,26.06.2026,29.05.2026,12.06.2026,18.06.2026,23.06.2026,23.06.2026,25.06.2026,,S001,WH KLS JABABEKA
I100260526L080_S001,FUSO,7383400,0,0,0,0,0,7383400,S001 - WH KLS JABABEKA,BEPA IKA PEKASA,6,LATE,27,66,26.06.2026,29.05.2026,14.07.2026,20.07.2026,24.07.2026,24.07.2026,29.07.2026,,S001,WH KLS JABABEKA
I100260526L081_S001,FUSO,0,0,0,0,0,0,0,S001 - WH KLS JABABEKA,BEPA IKA PEKASA,1,LATE,1,66,31.05.2026,29.05.2026,,,,,,,S001,WH KLS JABABEKA
I100260526L082_S001,CDE PICKUP,6928000,0,0,0,0,0,6928000,S001 - WH KLS JABABEKA,PT. MERPATI ALAM SEMESTA,4,LATE,15,66,14.06.2026,29.05.2026,05.06.2026,21.07.2026,29.07.2026,,,,S001,WH KLS JABABEKA
I100260526L082_S001,CDE PICKUP,6928000,0,0,0,0,0,6928000,S001 - WH KLS JABABEKA,PT. MERPATI ALAM SEMESTA,4,LATE,15,66,14.06.2026,29.05.2026,05.06.2026,21.07.2026,29.07.2026,,,,S001,WH KLS JABABEKA
I100260526L084_S001,CDD LOSBAK,6000000,0,0,0,0,0,6000000,S001 - WH KLS JABABEKA,CV. BANGUN JASA TRANS,7,ON SCHEDULE,27,0,26.06.2026,29.05.2026,06.06.2026,08.06.2026,09.06.2026,10.06.2026,11.06.2026,,S001,WH KLS JABABEKA
I100260526L085_S001,CDE PICKUP,213750,0,0,0,0,0,213750,S001 - WH KLS JABABEKA,PT. MERPATI ALAM SEMESTA,4,LATE,15,66,14.06.2026,29.05.2026,07.06.2026,21.07.2026,29.07.2026,,,,S001,WH KLS JABABEKA
I100260526L085_S001,CDE PICKUP,213750,0,0,0,0,0,213750,S001 - WH KLS JABABEKA,PT. MERPATI ALAM SEMESTA,4,LATE,15,66,14.06.2026,29.05.2026,07.06.2026,21.07.2026,29.07.2026,,,,S001,WH KLS JABABEKA
I100260526L087_S001,CDE PICKUP,546750,0,0,0,0,0,546750,S001 - WH KLS JABABEKA,PT. MERPATI ALAM SEMESTA,4,LATE,15,66,14.06.2026,29.05.2026,12.06.2026,30.07.2026,31.07.2026,,,,S001,WH KLS JABABEKA
I100260526L087_S001,CDE PICKUP,546750,0,0,0,0,0,546750,S001 - WH KLS JABABEKA,PT. MERPATI ALAM SEMESTA,4,LATE,15,66,14.06.2026,29.05.2026,12.06.2026,30.07.2026,31.07.2026,,,,S001,WH KLS JABABEKA
I100260526L088_S001,CDE PICKUP,434000,0,0,0,0,0,434000,S001 - WH KLS JABABEKA,PT. MERPATI ALAM SEMESTA,4,LATE,15,67,14.06.2026,29.05.2026,12.06.2026,28.07.2026,29.07.2026,,,,S001,WH KLS JABABEKA
I100260526L088_S001,CDE PICKUP,434000,0,0,0,0,0,434000,S001 - WH KLS JABABEKA,PT. MERPATI ALAM SEMESTA,4,LATE,15,67,14.06.2026,29.05.2026,12.06.2026,28.07.2026,29.07.2026,,,,S001,WH KLS JABABEKA
I100260526L089_S001,CDE PICKUP,69000,0,0,0,0,0,69000,S001 - WH KLS JABABEKA,PT. MERPATI ALAM SEMESTA,4,LATE,15,67,14.06.2026,29.05.2026,12.06.2026,21.07.2026,29.07.2026,,,,S001,WH KLS JABABEKA
I100260526L089_S001,CDE PICKUP,69000,0,0,0,0,0,69000,S001 - WH KLS JABABEKA,PT. MERPATI ALAM SEMESTA,4,LATE,15,67,14.06.2026,29.05.2026,12.06.2026,21.07.2026,29.07.2026,,,,S001,WH KLS JABABEKA
I100260526L090_S001,CDE PICKUP,600000,0,0,0,0,0,600000,S001 - WH KLS JABABEKA,PT. MERPATI ALAM SEMESTA,4,LATE,15,67,14.06.2026,29.05.2026,12.06.2026,28.07.2026,29.07.2026,,,,S001,WH KLS JABABEKA
I100260526L090_S001,CDE PICKUP,600000,0,0,0,0,0,600000,S001 - WH KLS JABABEKA,PT. MERPATI ALAM SEMESTA,4,LATE,15,67,14.06.2026,29.05.2026,12.06.2026,28.07.2026,29.07.2026,,,,S001,WH KLS JABABEKA
I100260526L091_S001,CDE PICKUP,0,0,0,0,0,0,0,S001 - WH KLS JABABEKA,PT. MERPATI ALAM SEMESTA,2,LATE,7,67,06.06.2026,29.05.2026,26.06.2026,,,,,,S001,WH KLS JABABEKA
I100260526L093_S001,CDE PICKUP,3900000,0,0,0,0,0,3900000,S001 - WH KLS JABABEKA,PT. MERPATI ALAM SEMESTA,4,LATE,15,67,14.06.2026,29.05.2026,26.06.2026,21.07.2026,29.07.2026,,,,S001,WH KLS JABABEKA
I100260526L093_S001,CDE PICKUP,3900000,0,0,0,0,0,3900000,S001 - WH KLS JABABEKA,PT. MERPATI ALAM SEMESTA,4,LATE,15,67,14.06.2026,29.05.2026,26.06.2026,21.07.2026,29.07.2026,,,,S001,WH KLS JABABEKA
I100260526L096_S001,CDE PICKUP,44000,0,0,0,0,0,44000,S001 - WH KLS JABABEKA,PT. MERPATI ALAM SEMESTA,7,ON SCHEDULE,27,0,26.06.2026,29.05.2026,05.06.2026,12.06.2026,14.06.2026,19.06.2026,19.06.2026,,S001,WH KLS JABABEKA
I100260526L096_S001,CDE PICKUP,44000,0,0,0,0,0,44000,S001 - WH KLS JABABEKA,PT. MERPATI ALAM SEMESTA,7,ON SCHEDULE,27,0,26.06.2026,29.05.2026,05.06.2026,12.06.2026,14.06.2026,19.06.2026,19.06.2026,,S001,WH KLS JABABEKA
I100260526L098_S001,CDE PICKUP,62250,0,0,0,0,0,62250,S001 - WH KLS JABABEKA,PT. MERPATI ALAM SEMESTA,4,LATE,15,67,14.06.2026,29.05.2026,12.06.2026,21.07.2026,29.07.2026,,,,S001,WH KLS JABABEKA
I100260526L098_S001,CDE PICKUP,62250,0,0,0,0,0,62250,S001 - WH KLS JABABEKA,PT. MERPATI ALAM SEMESTA,4,LATE,15,67,14.06.2026,29.05.2026,12.06.2026,21.07.2026,29.07.2026,,,,S001,WH KLS JABABEKA
I100260526L100_S001,CDE PICKUP,1500000,0,0,0,0,0,1500000,S001 - WH KLS JABABEKA,PT. MERPATI ALAM SEMESTA,4,LATE,15,67,14.06.2026,29.05.2026,26.06.2026,21.07.2026,29.07.2026,,,,S001,WH KLS JABABEKA
I100260526L100_S001,CDE PICKUP,1500000,0,0,0,0,0,1500000,S001 - WH KLS JABABEKA,PT. MERPATI ALAM SEMESTA,4,LATE,15,67,14.06.2026,29.05.2026,26.06.2026,21.07.2026,29.07.2026,,,,S001,WH KLS JABABEKA
I100260526L107_S001,FUSO,2600000,0,0,0,0,0,2600000,S001 - WH KLS JABABEKA,BEPA IKA PEKASA,6,LATE,27,66,26.06.2026,29.05.2026,14.07.2026,20.07.2026,24.07.2026,24.07.2026,29.07.2026,,S001,WH KLS JABABEKA
I100260526L110_S001,MINI VAN BOX,0,0,0,0,0,0,0,S001 - WH KLS JABABEKA,FIRST LOGISTICS,2,LATE,7,66,06.06.2026,29.05.2026,05.06.2026,,,,,,S001,WH KLS JABABEKA
I100260526L111_S001,MINI VAN BOX,0,0,0,0,0,0,0,S001 - WH KLS JABABEKA,FIRST LOGISTICS,2,LATE,7,66,06.06.2026,29.05.2026,05.06.2026,,,,,,S001,WH KLS JABABEKA
I100260526L112_S001,MINI VAN BOX,0,0,0,0,0,0,0,S001 - WH KLS JABABEKA,FIRST LOGISTICS,2,LATE,7,66,06.06.2026,29.05.2026,26.06.2026,,,,,,S001,WH KLS JABABEKA
I100260526L113_S001,MINI VAN BOX,0,0,0,0,0,0,0,S001 - WH KLS JABABEKA,FIRST LOGISTICS,2,LATE,7,66,06.06.2026,29.05.2026,26.06.2026,,,,,,S001,WH KLS JABABEKA
I100260526L114_S001,MINI VAN BOX,0,0,0,0,0,0,0,S001 - WH KLS JABABEKA,FIRST LOGISTICS,2,LATE,7,66,06.06.2026,29.05.2026,26.06.2026,,,,,,S001,WH KLS JABABEKA
I100260526L115_S001,MINI VAN BOX,0,0,0,0,0,0,0,S001 - WH KLS JABABEKA,FIRST LOGISTICS,2,LATE,7,66,06.06.2026,29.05.2026,26.06.2026,,,,,,S001,WH KLS JABABEKA
I100260526L116_S001,MINI VAN BOX,0,0,0,0,0,0,0,S001 - WH KLS JABABEKA,FIRST LOGISTICS,2,LATE,7,66,06.06.2026,29.05.2026,05.06.2026,,,,,,S001,WH KLS JABABEKA
I100260526L117_S001,MINI VAN BOX,0,0,0,0,0,0,0,S001 - WH KLS JABABEKA,FIRST LOGISTICS,2,LATE,7,66,06.06.2026,29.05.2026,05.06.2026,,,,,,S001,WH KLS JABABEKA
I100260526L118_S001,MINI VAN BOX,0,0,0,0,0,0,0,S001 - WH KLS JABABEKA,FIRST LOGISTICS,2,LATE,7,66,06.06.2026,29.05.2026,26.06.2026,,,,,,S001,WH KLS JABABEKA
I100260526L119_S001,MINI VAN BOX,0,0,0,0,0,0,0,S001 - WH KLS JABABEKA,FIRST LOGISTICS,2,LATE,7,66,06.06.2026,29.05.2026,26.06.2026,,,,,,S001,WH KLS JABABEKA
I100260526L120_S001,FUSO,9494400,0,0,0,0,0,9494400,S001 - WH KLS JABABEKA,BEPA IKA PEKASA,6,LATE,27,66,26.06.2026,29.05.2026,14.07.2026,20.07.2026,24.07.2026,24.07.2026,29.07.2026,,S001,WH KLS JABABEKA
I100260526L121_S001,CDE PICKUP,2304000,0,0,0,0,0,2304000,S001 - WH KLS JABABEKA,PT. MERPATI ALAM SEMESTA,4,LATE,15,66,14.06.2026,29.05.2026,26.06.2026,21.07.2026,29.07.2026,,,,S001,WH KLS JABABEKA
I100260526L121_S001,CDE PICKUP,2304000,0,0,0,0,0,2304000,S001 - WH KLS JABABEKA,PT. MERPATI ALAM SEMESTA,4,LATE,15,66,14.06.2026,29.05.2026,26.06.2026,21.07.2026,29.07.2026,,,,S001,WH KLS JABABEKA
I100260526T035_S001,WINGBOX,5650000,0,0,0,0,0,5650000,S001 - WH KLS JABABEKA,PT. DUTA MEDIA MANDIRI,7,ON SCHEDULE,29,0,25.06.2026,26.05.2026,29.05.2026,03.06.2026,04.06.2026,10.06.2026,11.06.2026,,S001,WH KLS JABABEKA
I100260527L026_S001,CDD BAK,4100000,0,0,0,800000,0,4900000,S001 - WH KLS JABABEKA,PT. EKA CIPTA MANGGALA,7,ON SCHEDULE,27,0,24.06.2026,27.05.2026,29.05.2026,03.06.2026,04.06.2026,04.06.2026,05.06.2026,,S001,WH KLS JABABEKA
I100260527L026_S001,CDD BAK,4100000,0,0,0,800000,0,4900000,S001 - WH KLS JABABEKA,PT. EKA CIPTA MANGGALA,7,ON SCHEDULE,27,0,24.06.2026,27.05.2026,29.05.2026,03.06.2026,04.06.2026,04.06.2026,05.06.2026,,S001,WH KLS JABABEKA
I100260527L026_S001,CDD BAK,4100000,0,0,0,800000,0,4900000,S001 - WH KLS JABABEKA,PT. EKA CIPTA MANGGALA,7,ON SCHEDULE,27,0,24.06.2026,27.05.2026,29.05.2026,03.06.2026,04.06.2026,04.06.2026,05.06.2026,,S001,WH KLS JABABEKA
I100260527L026_S001,CDD BAK,4100000,0,0,0,800000,0,4900000,S001 - WH KLS JABABEKA,PT. EKA CIPTA MANGGALA,7,ON SCHEDULE,27,0,24.06.2026,27.05.2026,29.05.2026,03.06.2026,04.06.2026,04.06.2026,05.06.2026,,S001,WH KLS JABABEKA
I100260527L026_S001,CDD BAK,4100000,0,0,0,800000,0,4900000,S001 - WH KLS JABABEKA,PT. EKA CIPTA MANGGALA,7,ON SCHEDULE,27,0,24.06.2026,27.05.2026,29.05.2026,03.06.2026,04.06.2026,04.06.2026,05.06.2026,,S001,WH KLS JABABEKA
I100260527L026_S001,CDD BAK,4100000,0,0,0,800000,0,4900000,S001 - WH KLS JABABEKA,PT. EKA CIPTA MANGGALA,7,ON SCHEDULE,27,0,24.06.2026,27.05.2026,29.05.2026,03.06.2026,04.06.2026,04.06.2026,05.06.2026,,S001,WH KLS JABABEKA
I100260527L026_S001,CDD BAK,4100000,0,0,0,800000,0,4900000,S001 - WH KLS JABABEKA,PT. EKA CIPTA MANGGALA,7,ON SCHEDULE,27,0,24.06.2026,27.05.2026,29.05.2026,03.06.2026,04.06.2026,04.06.2026,05.06.2026,,S001,WH KLS JABABEKA
I100260527L026_S001,CDD BAK,4100000,0,0,0,800000,0,4900000,S001 - WH KLS JABABEKA,PT. EKA CIPTA MANGGALA,7,ON SCHEDULE,27,0,24.06.2026,27.05.2026,29.05.2026,03.06.2026,04.06.2026,04.06.2026,05.06.2026,,S001,WH KLS JABABEKA
I100260527L027_S001,CDD BAK,3700000,0,0,0,400000,0,4100000,S001 - WH KLS JABABEKA,PT. EKA CIPTA MANGGALA,7,ON SCHEDULE,28,0,25.06.2026,27.05.2026,29.05.2026,03.06.2026,04.06.2026,04.06.2026,05.06.2026,,S001,WH KLS JABABEKA
I100260527L027_S001,CDD BAK,3700000,0,0,0,400000,0,4100000,S001 - WH KLS JABABEKA,PT. EKA CIPTA MANGGALA,7,ON SCHEDULE,28,0,25.06.2026,27.05.2026,29.05.2026,03.06.2026,04.06.2026,04.06.2026,05.06.2026,,S001,WH KLS JABABEKA
I100260527L027_S001,CDD BAK,3700000,0,0,0,400000,0,4100000,S001 - WH KLS JABABEKA,PT. EKA CIPTA MANGGALA,7,ON SCHEDULE,28,0,25.06.2026,27.05.2026,29.05.2026,03.06.2026,04.06.2026,04.06.2026,05.06.2026,,S001,WH KLS JABABEKA
I100260527L028_S001,CDD BAK,4000000,0,0,0,800000,0,4800000,S001 - WH KLS JABABEKA,PT. EKA CIPTA MANGGALA,7,ON SCHEDULE,28,0,27.06.2026,29.05.2026,31.05.2026,03.06.2026,04.06.2026,04.06.2026,05.06.2026,,S001,WH KLS JABABEKA
I100260527L028_S001,CDD BAK,4000000,0,0,0,800000,0,4800000,S001 - WH KLS JABABEKA,PT. EKA CIPTA MANGGALA,7,ON SCHEDULE,28,0,27.06.2026,29.05.2026,31.05.2026,03.06.2026,04.06.2026,04.06.2026,05.06.2026,,S001,WH KLS JABABEKA
I100260527L028_S001,CDD BAK,4000000,0,0,0,800000,0,4800000,S001 - WH KLS JABABEKA,PT. EKA CIPTA MANGGALA,7,ON SCHEDULE,28,0,27.06.2026,29.05.2026,31.05.2026,03.06.2026,04.06.2026,04.06.2026,05.06.2026,,S001,WH KLS JABABEKA
I100260527L028_S001,CDD BAK,4000000,0,0,0,800000,0,4800000,S001 - WH KLS JABABEKA,PT. EKA CIPTA MANGGALA,7,ON SCHEDULE,28,0,27.06.2026,29.05.2026,31.05.2026,03.06.2026,04.06.2026,04.06.2026,05.06.2026,,S001,WH KLS JABABEKA
I100260527L030_S001,CDD BAK,3421969,0,0,0,1500000,0,4921969,S001 - WH KLS JABABEKA,PT. HARI JAYA TRANSPORTASI,7,ON SCHEDULE,28,0,27.06.2026,29.05.2026,31.05.2026,23.06.2026,26.06.2026,26.06.2026,30.06.2026,,S001,WH KLS JABABEKA
I100260527L030_S001,CDD BAK,3421969,0,0,0,1500000,0,4921969,S001 - WH KLS JABABEKA,PT. HARI JAYA TRANSPORTASI,7,ON SCHEDULE,28,0,27.06.2026,29.05.2026,31.05.2026,23.06.2026,26.06.2026,26.06.2026,30.06.2026,,S001,WH KLS JABABEKA
I100260527L030_S001,CDD BAK,3421969,0,0,0,1500000,0,4921969,S001 - WH KLS JABABEKA,PT. HARI JAYA TRANSPORTASI,7,ON SCHEDULE,28,0,27.06.2026,29.05.2026,31.05.2026,23.06.2026,26.06.2026,26.06.2026,30.06.2026,,S001,WH KLS JABABEKA
I100260527L030_S001,CDD BAK,3421969,0,0,0,1500000,0,4921969,S001 - WH KLS JABABEKA,PT. HARI JAYA TRANSPORTASI,7,ON SCHEDULE,28,0,27.06.2026,29.05.2026,31.05.2026,23.06.2026,26.06.2026,26.06.2026,30.06.2026,,S001,WH KLS JABABEKA
I100260527L030_S001,CDD BAK,3421969,0,0,0,1500000,0,4921969,S001 - WH KLS JABABEKA,PT. HARI JAYA TRANSPORTASI,7,ON SCHEDULE,28,0,27.06.2026,29.05.2026,31.05.2026,23.06.2026,26.06.2026,26.06.2026,30.06.2026,,S001,WH KLS JABABEKA
I100260527L030_S001,CDD BAK,3421969,0,0,0,1500000,0,4921969,S001 - WH KLS JABABEKA,PT. HARI JAYA TRANSPORTASI,7,ON SCHEDULE,28,0,27.06.2026,29.05.2026,31.05.2026,23.06.2026,26.06.2026,26.06.2026,30.06.2026,,S001,WH KLS JABABEKA
I100260527L030_S001,CDD BAK,3421969,0,0,0,1500000,0,4921969,S001 - WH KLS JABABEKA,PT. HARI JAYA TRANSPORTASI,7,ON SCHEDULE,28,0,27.06.2026,29.05.2026,31.05.2026,23.06.2026,26.06.2026,26.06.2026,30.06.2026,,S001,WH KLS JABABEKA
I100260527L030_S001,CDD BAK,3421969,0,0,0,1500000,0,4921969,S001 - WH KLS JABABEKA,PT. HARI JAYA TRANSPORTASI,7,ON SCHEDULE,28,0,27.06.2026,29.05.2026,31.05.2026,23.06.2026,26.06.2026,26.06.2026,30.06.2026,,S001,WH KLS JABABEKA
I100260528L001_S001,MINI VAN BOX,0,0,0,0,0,0,0,S001 - WH KLS JABABEKA,FIRST LOGISTICS,2,LATE,7,66,06.06.2026,29.05.2026,14.07.2026,,,,,,S001,WH KLS JABABEKA
I100260528L032_S001,CONT-40,30400000,0,0,0,0,0,30400000,S001 - WH KLS JABABEKA,PT. SENTOSA PRIMA ABADI,6,LATE,27,66,26.06.2026,29.05.2026,19.06.2026,14.07.2026,16.07.2026,29.07.2026,29.07.2026,,S001,WH KLS JABABEKA
I100260528L033_S001,CDD BAK,7500000,0,0,0,0,0,7500000,S001 - WH KLS JABABEKA,PT. EKA CIPTA MANGGALA,7,ON SCHEDULE,31,0,29.06.2026,28.05.2026,07.06.2026,11.06.2026,14.06.2026,15.06.2026,15.06.2026,,S001,WH KLS JABABEKA
I100260528L034_S001,CONT-20,19000000,0,0,0,0,0,19000000,S001 - WH KLS JABABEKA,PT. SENTOSA PRIMA ABADI,6,LATE,40,66,09.07.2026,29.05.2026,19.06.2026,13.07.2026,14.07.2026,17.07.2026,17.07.2026,,S001,WH KLS JABABEKA
I100260528L035_S001,CDD BAK,4100000,0,0,0,1200000,0,5300000,S001 - WH KLS JABABEKA,PT. EKA CIPTA MANGGALA,7,ON SCHEDULE,28,0,26.06.2026,28.05.2026,30.05.2026,03.06.2026,04.06.2026,04.06.2026,05.06.2026,,S001,WH KLS JABABEKA
I100260528L035_S001,CDD BAK,4100000,0,0,0,1200000,0,5300000,S001 - WH KLS JABABEKA,PT. EKA CIPTA MANGGALA,7,ON SCHEDULE,28,0,26.06.2026,28.05.2026,30.05.2026,03.06.2026,04.06.2026,04.06.2026,05.06.2026,,S001,WH KLS JABABEKA
I100260528L035_S001,CDD BAK,4100000,0,0,0,1200000,0,5300000,S001 - WH KLS JABABEKA,PT. EKA CIPTA MANGGALA,7,ON SCHEDULE,28,0,26.06.2026,28.05.2026,30.05.2026,03.06.2026,04.06.2026,04.06.2026,05.06.2026,,S001,WH KLS JABABEKA
I100260528L035_S001,CDD BAK,4100000,0,0,0,1200000,0,5300000,S001 - WH KLS JABABEKA,PT. EKA CIPTA MANGGALA,7,ON SCHEDULE,28,0,26.06.2026,28.05.2026,30.05.2026,03.06.2026,04.06.2026,04.06.2026,05.06.2026,,S001,WH KLS JABABEKA
I100260528L035_S001,CDD BAK,4100000,0,0,0,1200000,0,5300000,S001 - WH KLS JABABEKA,PT. EKA CIPTA MANGGALA,7,ON SCHEDULE,28,0,26.06.2026,28.05.2026,30.05.2026,03.06.2026,04.06.2026,04.06.2026,05.06.2026,,S001,WH KLS JABABEKA
I100260528L035_S001,CDD BAK,4100000,0,0,0,1200000,0,5300000,S001 - WH KLS JABABEKA,PT. EKA CIPTA MANGGALA,7,ON SCHEDULE,28,0,26.06.2026,28.05.2026,30.05.2026,03.06.2026,04.06.2026,04.06.2026,05.06.2026,,S001,WH KLS JABABEKA
I100260528L036_S001,CDD BAK,6900000,0,0,0,700000,0,7600000,S001 - WH KLS JABABEKA,BINTANG SAMUDERA,7,ON SCHEDULE,29,0,27.06.2026,28.05.2026,05.06.2026,12.06.2026,14.06.2026,15.06.2026,15.06.2026,,S001,WH KLS JABABEKA
I100260528L044_S001,CDE PICKUP,1326000,0,0,0,0,0,1326000,S001 - WH KLS JABABEKA,PT. MERPATI ALAM SEMESTA,4,LATE,15,67,14.06.2026,29.05.2026,12.06.2026,28.07.2026,29.07.2026,,,,S001,WH KLS JABABEKA
I100260528L044_S001,CDE PICKUP,1326000,0,0,0,0,0,1326000,S001 - WH KLS JABABEKA,PT. MERPATI ALAM SEMESTA,4,LATE,15,67,14.06.2026,29.05.2026,12.06.2026,28.07.2026,29.07.2026,,,,S001,WH KLS JABABEKA
I100260528L046_S001,CDD PICK UP,1393000,0,0,0,0,0,1393000,S001 - WH KLS JABABEKA,PT. MERPATI ALAM SEMESTA,4,LATE,15,67,14.06.2026,29.05.2026,12.06.2026,28.07.2026,29.07.2026,,,,S001,WH KLS JABABEKA
I100260528L046_S001,CDD PICK UP,1393000,0,0,0,0,0,1393000,S001 - WH KLS JABABEKA,PT. MERPATI ALAM SEMESTA,4,LATE,15,67,14.06.2026,29.05.2026,12.06.2026,28.07.2026,29.07.2026,,,,S001,WH KLS JABABEKA
I100260528L047_S001,CDD PICK UP,50625,0,0,0,0,0,50625,S001 - WH KLS JABABEKA,PT. MERPATI ALAM SEMESTA,4,LATE,15,67,14.06.2026,29.05.2026,12.06.2026,21.07.2026,29.07.2026,,,,S001,WH KLS JABABEKA
I100260528L047_S001,CDD PICK UP,50625,0,0,0,0,0,50625,S001 - WH KLS JABABEKA,PT. MERPATI ALAM SEMESTA,4,LATE,15,67,14.06.2026,29.05.2026,12.06.2026,21.07.2026,29.07.2026,,,,S001,WH KLS JABABEKA
I100260528L048_S001,CDD PICK UP,0,0,0,0,0,0,0,S001 - WH KLS JABABEKA,PT. MERPATI ALAM SEMESTA,2,LATE,7,67,06.06.2026,29.05.2026,12.06.2026,,,,,,S001,WH KLS JABABEKA
I100260528L050_S001,CDD PICK UP,0,0,0,0,0,0,0,S001 - WH KLS JABABEKA,PT. MERPATI ALAM SEMESTA,1,LATE,1,67,31.05.2026,29.05.2026,,,,,,,S001,WH KLS JABABEKA
I100260528L051_S001,CDD PICK UP,200000,0,0,0,0,0,200000,S001 - WH KLS JABABEKA,PT. MERPATI ALAM SEMESTA,4,LATE,15,67,14.06.2026,29.05.2026,12.06.2026,21.07.2026,29.07.2026,,,,S001,WH KLS JABABEKA
I100260528L051_S001,CDD PICK UP,200000,0,0,0,0,0,200000,S001 - WH KLS JABABEKA,PT. MERPATI ALAM SEMESTA,4,LATE,15,67,14.06.2026,29.05.2026,12.06.2026,21.07.2026,29.07.2026,,,,S001,WH KLS JABABEKA
I100260528L052_S001,CDD PICK UP,1260000,0,0,0,0,0,1260000,S001 - WH KLS JABABEKA,PT. MERPATI ALAM SEMESTA,4,LATE,15,67,14.06.2026,29.05.2026,26.06.2026,28.07.2026,29.07.2026,,,,S001,WH KLS JABABEKA
I100260528L052_S001,CDD PICK UP,1260000,0,0,0,0,0,1260000,S001 - WH KLS JABABEKA,PT. MERPATI ALAM SEMESTA,4,LATE,15,67,14.06.2026,29.05.2026,26.06.2026,28.07.2026,29.07.2026,,,,S001,WH KLS JABABEKA
I100260528L053_S001,CDD PICK UP,0,0,0,0,0,0,0,S001 - WH KLS JABABEKA,PT. MERPATI ALAM SEMESTA,2,LATE,7,67,06.06.2026,29.05.2026,26.06.2026,,,,,,S001,WH KLS JABABEKA
I100260528L055_S001,CDD PICK UP,67125,0,0,0,0,0,67125,S001 - WH KLS JABABEKA,PT. MERPATI ALAM SEMESTA,4,LATE,15,67,14.06.2026,29.05.2026,26.06.2026,21.07.2026,29.07.2026,,,,S001,WH KLS JABABEKA
I100260528L055_S001,CDD PICK UP,67125,0,0,0,0,0,67125,S001 - WH KLS JABABEKA,PT. MERPATI ALAM SEMESTA,4,LATE,15,67,14.06.2026,29.05.2026,26.06.2026,21.07.2026,29.07.2026,,,,S001,WH KLS JABABEKA
I100260528L108_S001,MINI VAN BOX,0,0,0,0,0,0,0,S001 - WH KLS JABABEKA,FIRST LOGISTICS,2,LATE,7,66,07.06.2026,30.05.2026,16.06.2026,,,,,,S001,WH KLS JABABEKA
I100260529L011_S001,FUSO,38479800,0,0,0,0,0,38479800,S001 - WH KLS JABABEKA,BEPA IKA PEKASA,6,LATE,27,66,27.06.2026,30.05.2026,14.07.2026,20.07.2026,24.07.2026,24.07.2026,29.07.2026,,S001,WH KLS JABABEKA
I100260529L012_S001,FUSO,2562000,0,0,0,0,0,2562000,S001 - WH KLS JABABEKA,BEPA IKA PEKASA,6,LATE,27,66,27.06.2026,30.05.2026,26.06.2026,14.07.2026,16.07.2026,24.07.2026,29.07.2026,,S001,WH KLS JABABEKA
I100260529L025_S001,CDD BAK,11500000,0,0,0,2300000,0,13800000,S001 - WH KLS JABABEKA,BINTANG SAMUDERA,7,ON SCHEDULE,29,0,29.06.2026,30.05.2026,05.06.2026,23.06.2026,26.06.2026,29.06.2026,29.06.2026,,S001,WH KLS JABABEKA
I100260529L025_S001,CDD BAK,11500000,0,0,0,2300000,0,13800000,S001 - WH KLS JABABEKA,BINTANG SAMUDERA,7,ON SCHEDULE,29,0,29.06.2026,30.05.2026,05.06.2026,23.06.2026,26.06.2026,29.06.2026,29.06.2026,,S001,WH KLS JABABEKA
I100260529L026_S001,CDD BAK,4100000,600000,0,0,800000,0,5500000,S001 - WH KLS JABABEKA,PT. EKA CIPTA MANGGALA,7,ON SCHEDULE,27,0,26.06.2026,29.05.2026,,15.06.2026,18.06.2026,22.06.2026,22.06.2026,,S001,WH KLS JABABEKA
I100260529L026_S001,CDD BAK,4100000,600000,0,0,800000,0,5500000,S001 - WH KLS JABABEKA,PT. EKA CIPTA MANGGALA,7,ON SCHEDULE,27,0,26.06.2026,29.05.2026,,15.06.2026,18.06.2026,22.06.2026,22.06.2026,,S001,WH KLS JABABEKA
I100260529L026_S001,CDD BAK,4100000,600000,0,0,800000,0,5500000,S001 - WH KLS JABABEKA,PT. EKA CIPTA MANGGALA,7,ON SCHEDULE,27,0,26.06.2026,29.05.2026,,15.06.2026,18.06.2026,22.06.2026,22.06.2026,,S001,WH KLS JABABEKA
I100260529L026_S001,CDD BAK,4100000,600000,0,0,800000,0,5500000,S001 - WH KLS JABABEKA,PT. EKA CIPTA MANGGALA,7,ON SCHEDULE,27,0,26.06.2026,29.05.2026,,15.06.2026,18.06.2026,22.06.2026,22.06.2026,,S001,WH KLS JABABEKA
I100260529L026_S001,CDD BAK,4100000,600000,0,0,800000,0,5500000,S001 - WH KLS JABABEKA,PT. EKA CIPTA MANGGALA,7,ON SCHEDULE,27,0,26.06.2026,29.05.2026,,15.06.2026,18.06.2026,22.06.2026,22.06.2026,,S001,WH KLS JABABEKA
I100260529L045_S001,CDE PICKUP,0,0,0,0,0,0,0,S001 - WH KLS JABABEKA,PT. Nusantara Cargo Line,2,LATE,7,66,07.06.2026,30.05.2026,05.06.2026,,,,,,S001,WH KLS JABABEKA
I100260529L046_S001,CDE PICKUP,275000,0,0,0,0,0,275000,S001 - WH KLS JABABEKA,PT. Nusantara Cargo Line,7,ON SCHEDULE,27,0,27.06.2026,30.05.2026,05.06.2026,15.06.2026,18.06.2026,19.06.2026,19.06.2026,,S001,WH KLS JABABEKA
I100260529L046_S001,CDE PICKUP,275000,0,0,0,0,0,275000,S001 - WH KLS JABABEKA,PT. Nusantara Cargo Line,7,ON SCHEDULE,27,0,27.06.2026,30.05.2026,05.06.2026,15.06.2026,18.06.2026,19.06.2026,19.06.2026,,S001,WH KLS JABABEKA
I100260529L047_S001,CDE PICKUP,0,0,0,0,0,0,0,S001 - WH KLS JABABEKA,PT. Nusantara Cargo Line,1,LATE,1,66,01.06.2026,30.05.2026,,,,,,,S001,WH KLS JABABEKA
I100260529L048_S001,CDE PICKUP,0,0,0,0,0,0,0,S001 - WH KLS JABABEKA,PT. Nusantara Cargo Line,1,LATE,1,66,01.06.2026,30.05.2026,,,,,,,S001,WH KLS JABABEKA
I100260529L050_S001,CDE PICKUP,275000,0,0,0,0,0,275000,S001 - WH KLS JABABEKA,PT. Nusantara Cargo Line,7,ON SCHEDULE,27,0,27.06.2026,30.05.2026,05.06.2026,15.06.2026,18.06.2026,19.06.2026,19.06.2026,,S001,WH KLS JABABEKA
I100260529L050_S001,CDE PICKUP,275000,0,0,0,0,0,275000,S001 - WH KLS JABABEKA,PT. Nusantara Cargo Line,7,ON SCHEDULE,27,0,27.06.2026,30.05.2026,05.06.2026,15.06.2026,18.06.2026,19.06.2026,19.06.2026,,S001,WH KLS JABABEKA
I100260529L051_S001,CDE PICKUP,607500,0,0,0,0,0,607500,S001 - WH KLS JABABEKA,PT. Nusantara Cargo Line,7,ON SCHEDULE,27,0,27.06.2026,30.05.2026,05.06.2026,25.06.2026,26.06.2026,29.06.2026,29.06.2026,,S001,WH KLS JABABEKA
I100260529L051_S001,CDE PICKUP,607500,0,0,0,0,0,607500,S001 - WH KLS JABABEKA,PT. Nusantara Cargo Line,7,ON SCHEDULE,27,0,27.06.2026,30.05.2026,05.06.2026,25.06.2026,26.06.2026,29.06.2026,29.06.2026,,S001,WH KLS JABABEKA
I100260529L052_S001,CDE PICKUP,0,0,0,0,0,0,0,S001 - WH KLS JABABEKA,PT. Nusantara Cargo Line,2,LATE,7,66,07.06.2026,30.05.2026,05.06.2026,,,,,,S001,WH KLS JABABEKA
I100260529L059_S001,CDE PICKUP,8164000,0,0,0,0,0,8164000,S001 - WH KLS JABABEKA,PT. Nusantara Cargo Line,7,ON SCHEDULE,27,0,27.06.2026,30.05.2026,08.06.2026,15.06.2026,18.06.2026,19.06.2026,19.06.2026,,S001,WH KLS JABABEKA
I100260529L059_S001,CDE PICKUP,8164000,0,0,0,0,0,8164000,S001 - WH KLS JABABEKA,PT. Nusantara Cargo Line,7,ON SCHEDULE,27,0,27.06.2026,30.05.2026,08.06.2026,15.06.2026,18.06.2026,19.06.2026,19.06.2026,,S001,WH KLS JABABEKA
I100260529L060_S001,CDE PICKUP,0,0,0,0,0,0,0,S001 - WH KLS JABABEKA,PT. Nusantara Cargo Line,2,LATE,7,66,07.06.2026,30.05.2026,05.06.2026,,,,,,S001,WH KLS JABABEKA
I100260529L061_S001,CDE PICKUP,0,0,0,0,0,0,0,S001 - WH KLS JABABEKA,PT. Nusantara Cargo Line,2,LATE,7,66,07.06.2026,30.05.2026,05.06.2026,,,,,,S001,WH KLS JABABEKA
I100260529L062_S001,CDE PICKUP,750000,0,0,0,0,0,750000,S001 - WH KLS JABABEKA,PT. Nusantara Cargo Line,6,LATE,27,66,27.06.2026,30.05.2026,04.07.2026,06.07.2026,08.07.2026,10.07.2026,10.07.2026,,S001,WH KLS JABABEKA
I100260529L062_S001,CDE PICKUP,750000,0,0,0,0,0,750000,S001 - WH KLS JABABEKA,PT. Nusantara Cargo Line,6,LATE,27,66,27.06.2026,30.05.2026,04.07.2026,06.07.2026,08.07.2026,10.07.2026,10.07.2026,,S001,WH KLS JABABEKA
I100260529L064_S001,CDE PICKUP,0,0,0,0,0,0,0,S001 - WH KLS JABABEKA,PT. Nusantara Cargo Line,2,LATE,7,66,07.06.2026,30.05.2026,05.06.2026,,,,,,S001,WH KLS JABABEKA
I100260529L065_S001,CDE PICKUP,275000,0,0,0,0,0,275000,S001 - WH KLS JABABEKA,PT. Nusantara Cargo Line,7,ON SCHEDULE,27,0,27.06.2026,30.05.2026,05.06.2026,15.06.2026,18.06.2026,19.06.2026,19.06.2026,,S001,WH KLS JABABEKA
I100260529L065_S001,CDE PICKUP,275000,0,0,0,0,0,275000,S001 - WH KLS JABABEKA,PT. Nusantara Cargo Line,7,ON SCHEDULE,27,0,27.06.2026,30.05.2026,05.06.2026,15.06.2026,18.06.2026,19.06.2026,19.06.2026,,S001,WH KLS JABABEKA
I100260529L066_S001,CDE PICKUP,262500,0,0,0,0,0,262500,S001 - WH KLS JABABEKA,PT. Nusantara Cargo Line,7,ON SCHEDULE,27,0,27.06.2026,30.05.2026,05.06.2026,29.06.2026,01.07.2026,03.07.2026,03.07.2026,,S001,WH KLS JABABEKA
I100260529L066_S001,CDE PICKUP,262500,0,0,0,0,0,262500,S001 - WH KLS JABABEKA,PT. Nusantara Cargo Line,7,ON SCHEDULE,27,0,27.06.2026,30.05.2026,05.06.2026,29.06.2026,01.07.2026,03.07.2026,03.07.2026,,S001,WH KLS JABABEKA
I100260529L067_S001,CDE PICKUP,0,0,0,0,0,0,0,S001 - WH KLS JABABEKA,PT. Nusantara Cargo Line,1,LATE,1,66,01.06.2026,30.05.2026,,,,,,,S001,WH KLS JABABEKA
I100260529L068_S001,CDE PICKUP,400000,0,0,0,0,0,400000,S001 - WH KLS JABABEKA,PT. Nusantara Cargo Line,7,ON SCHEDULE,27,0,27.06.2026,30.05.2026,08.06.2026,15.06.2026,18.06.2026,19.06.2026,19.06.2026,,S001,WH KLS JABABEKA
I100260529L068_S001,CDE PICKUP,400000,0,0,0,0,0,400000,S001 - WH KLS JABABEKA,PT. Nusantara Cargo Line,7,ON SCHEDULE,27,0,27.06.2026,30.05.2026,08.06.2026,15.06.2026,18.06.2026,19.06.2026,19.06.2026,,S001,WH KLS JABABEKA
I100260529L069_S001,CDE PICKUP,0,0,0,0,0,0,0,S001 - WH KLS JABABEKA,PT. Nusantara Cargo Line,2,LATE,7,66,07.06.2026,30.05.2026,13.07.2026,,,,,,S001,WH KLS JABABEKA
I100260529L070_S001,CDE PICKUP,850000,0,0,0,0,0,850000,S001 - WH KLS JABABEKA,PT. Nusantara Cargo Line,6,LATE,27,66,27.06.2026,30.05.2026,04.07.2026,06.07.2026,08.07.2026,08.07.2026,08.07.2026,,S001,WH KLS JABABEKA
I100260529L070_S001,CDE PICKUP,850000,0,0,0,0,0,850000,S001 - WH KLS JABABEKA,PT. Nusantara Cargo Line,6,LATE,27,66,27.06.2026,30.05.2026,04.07.2026,06.07.2026,08.07.2026,08.07.2026,08.07.2026,,S001,WH KLS JABABEKA
I100260529L071_S001,CDE PICKUP,275000,0,0,0,0,0,275000,S001 - WH KLS JABABEKA,PT. Nusantara Cargo Line,7,ON SCHEDULE,27,0,27.06.2026,30.05.2026,08.06.2026,15.06.2026,18.06.2026,19.06.2026,19.06.2026,,S001,WH KLS JABABEKA
I100260529L071_S001,CDE PICKUP,275000,0,0,0,0,0,275000,S001 - WH KLS JABABEKA,PT. Nusantara Cargo Line,7,ON SCHEDULE,27,0,27.06.2026,30.05.2026,08.06.2026,15.06.2026,18.06.2026,19.06.2026,19.06.2026,,S001,WH KLS JABABEKA
I100260529L072_S001,CDE PICKUP,0,0,0,0,0,0,0,S001 - WH KLS JABABEKA,PT. Nusantara Cargo Line,1,LATE,1,66,01.06.2026,30.05.2026,,,,,,,S001,WH KLS JABABEKA
I100260529L073_S001,CDE PICKUP,0,0,0,0,0,0,0,S001 - WH KLS JABABEKA,PT. Nusantara Cargo Line,1,LATE,1,66,01.06.2026,30.05.2026,,,,,,,S001,WH KLS JABABEKA
I100260529L074_S001,CDE PICKUP,275000,0,0,0,0,0,275000,S001 - WH KLS JABABEKA,PT. Nusantara Cargo Line,7,ON SCHEDULE,27,0,27.06.2026,30.05.2026,08.06.2026,25.06.2026,26.06.2026,29.06.2026,29.06.2026,,S001,WH KLS JABABEKA
I100260529L074_S001,CDE PICKUP,275000,0,0,0,0,0,275000,S001 - WH KLS JABABEKA,PT. Nusantara Cargo Line,7,ON SCHEDULE,27,0,27.06.2026,30.05.2026,08.06.2026,25.06.2026,26.06.2026,29.06.2026,29.06.2026,,S001,WH KLS JABABEKA
I100260529L076_S001,CDE PICKUP,0,0,0,0,0,0,0,S001 - WH KLS JABABEKA,PT. Nusantara Cargo Line,2,LATE,7,66,07.06.2026,30.05.2026,05.06.2026,,,,,,S001,WH KLS JABABEKA
I100260529L078_S001,CDE PICKUP,700000,0,0,0,0,0,700000,S001 - WH KLS JABABEKA,PT. Nusantara Cargo Line,7,ON SCHEDULE,27,0,27.06.2026,30.05.2026,05.06.2026,29.06.2026,01.07.2026,03.07.2026,03.07.2026,,S001,WH KLS JABABEKA
I100260529L078_S001,CDE PICKUP,700000,0,0,0,0,0,700000,S001 - WH KLS JABABEKA,PT. Nusantara Cargo Line,7,ON SCHEDULE,27,0,27.06.2026,30.05.2026,05.06.2026,29.06.2026,01.07.2026,03.07.2026,03.07.2026,,S001,WH KLS JABABEKA
I100260529L079_S001,CDE PICKUP,0,0,0,0,0,0,0,S001 - WH KLS JABABEKA,PT. Nusantara Cargo Line,2,LATE,7,66,07.06.2026,30.05.2026,05.06.2026,,,,,,S001,WH KLS JABABEKA
I100260529L080_S001,CDE PICKUP,325000,0,0,0,0,0,325000,S001 - WH KLS JABABEKA,PT. Nusantara Cargo Line,7,ON SCHEDULE,27,0,27.06.2026,30.05.2026,08.06.2026,15.06.2026,18.06.2026,19.06.2026,19.06.2026,,S001,WH KLS JABABEKA
I100260529L080_S001,CDE PICKUP,325000,0,0,0,0,0,325000,S001 - WH KLS JABABEKA,PT. Nusantara Cargo Line,7,ON SCHEDULE,27,0,27.06.2026,30.05.2026,08.06.2026,15.06.2026,18.06.2026,19.06.2026,19.06.2026,,S001,WH KLS JABABEKA
I100260529L088_S001,FUSO,1239000,0,0,0,0,0,1239000,S001 - WH KLS JABABEKA,BEPA IKA PEKASA,6,LATE,27,66,27.06.2026,30.05.2026,14.07.2026,20.07.2026,24.07.2026,24.07.2026,29.07.2026,,S001,WH KLS JABABEKA
I100260529L089_S001,CDE PICKUP,1754500,0,0,0,0,0,1754500,S001 - WH KLS JABABEKA,PT. Nusantara Cargo Line,7,ON SCHEDULE,27,0,27.06.2026,30.05.2026,05.06.2026,15.06.2026,18.06.2026,19.06.2026,19.06.2026,,S001,WH KLS JABABEKA
I100260529L089_S001,CDE PICKUP,1754500,0,0,0,0,0,1754500,S001 - WH KLS JABABEKA,PT. Nusantara Cargo Line,7,ON SCHEDULE,27,0,27.06.2026,30.05.2026,05.06.2026,15.06.2026,18.06.2026,19.06.2026,19.06.2026,,S001,WH KLS JABABEKA
I100260529L090_S001,CDE PICKUP,250000,0,0,0,0,0,250000,S001 - WH KLS JABABEKA,PT. Nusantara Cargo Line,7,ON SCHEDULE,27,0,27.06.2026,30.05.2026,18.06.2026,19.06.2026,23.06.2026,25.06.2026,25.06.2026,,S001,WH KLS JABABEKA
I100260529L090_S001,CDE PICKUP,250000,0,0,0,0,0,250000,S001 - WH KLS JABABEKA,PT. Nusantara Cargo Line,7,ON SCHEDULE,27,0,27.06.2026,30.05.2026,18.06.2026,19.06.2026,23.06.2026,25.06.2026,25.06.2026,,S001,WH KLS JABABEKA
I100260529L091_S001,CDE PICKUP,275000,0,0,0,0,0,275000,S001 - WH KLS JABABEKA,PT. Nusantara Cargo Line,7,ON SCHEDULE,27,0,27.06.2026,30.05.2026,05.06.2026,15.06.2026,18.06.2026,19.06.2026,19.06.2026,,S001,WH KLS JABABEKA
I100260529L091_S001,CDE PICKUP,275000,0,0,0,0,0,275000,S001 - WH KLS JABABEKA,PT. Nusantara Cargo Line,7,ON SCHEDULE,27,0,27.06.2026,30.05.2026,05.06.2026,15.06.2026,18.06.2026,19.06.2026,19.06.2026,,S001,WH KLS JABABEKA
I100260529L092_S001,CDD PICK UP,0,0,0,0,0,0,0,S001 - WH KLS JABABEKA,PT. Nusantara Cargo Line,1,LATE,1,66,01.06.2026,30.05.2026,,,,,,,S001,WH KLS JABABEKA
I100260529L093_S001,CDD PICK UP,0,0,0,0,0,0,0,S001 - WH KLS JABABEKA,PT. Nusantara Cargo Line,2,LATE,7,66,07.06.2026,30.05.2026,05.06.2026,,,,,,S001,WH KLS JABABEKA
I100260529L094_S001,MINI VAN BOX,0,0,0,0,0,0,0,S001 - WH KLS JABABEKA,FIRST LOGISTICS,2,LATE,7,66,07.06.2026,30.05.2026,14.06.2026,,,,,,S001,WH KLS JABABEKA
I100260529L095_S001,MINI VAN BOX,0,0,0,0,0,0,0,S001 - WH KLS JABABEKA,FIRST LOGISTICS,2,LATE,7,66,07.06.2026,30.05.2026,14.06.2026,,,,,,S001,WH KLS JABABEKA
I100260529L096_S001,MINI VAN BOX,0,0,0,0,0,0,0,S001 - WH KLS JABABEKA,FIRST LOGISTICS,2,LATE,7,66,07.06.2026,30.05.2026,14.07.2026,,,,,,S001,WH KLS JABABEKA
I100260529L097_S001,MINI VAN BOX,0,0,0,0,0,0,0,S001 - WH KLS JABABEKA,FIRST LOGISTICS,2,LATE,7,66,07.06.2026,30.05.2026,14.06.2026,,,,,,S001,WH KLS JABABEKA
I100260530L035_S001,CDD BAK,4500000,0,0,0,0,0,4500000,S001 - WH KLS JABABEKA,PT. HARI JAYA SEJAHTERA,7,ON SCHEDULE,29,0,30.06.2026,31.05.2026,05.06.2026,12.06.2026,13.06.2026,15.06.2026,19.06.2026,,S001,WH KLS JABABEKA
I100260530L036_S001,CDD BAK,4500000,0,0,0,0,0,4500000,S001 - WH KLS JABABEKA,PT. HARI JAYA SEJAHTERA,7,ON SCHEDULE,29,0,30.06.2026,31.05.2026,05.06.2026,15.06.2026,16.06.2026,19.06.2026,19.06.2026,,S001,WH KLS JABABEKA
I100260530L038_S001,CDD BAK,5100000,0,0,0,1350000,0,6450000,S001 - WH KLS JABABEKA,PT. HARI JAYA SEJAHTERA,6,LATE,29,64,30.06.2026,31.05.2026,,23.06.2026,26.06.2026,15.07.2026,30.07.2026,,S001,WH KLS JABABEKA
I100260530L038_S001,CDD BAK,5100000,0,0,0,1350000,0,6450000,S001 - WH KLS JABABEKA,PT. HARI JAYA SEJAHTERA,6,LATE,29,64,30.06.2026,31.05.2026,,23.06.2026,26.06.2026,15.07.2026,30.07.2026,,S001,WH KLS JABABEKA
I100260530L038_S001,CDD BAK,5100000,0,0,0,1350000,0,6450000,S001 - WH KLS JABABEKA,PT. HARI JAYA SEJAHTERA,6,LATE,29,64,30.06.2026,31.05.2026,,23.06.2026,26.06.2026,15.07.2026,30.07.2026,,S001,WH KLS JABABEKA
I100260530L039_S001,CDD BAK,5300000,0,0,0,400000,0,5700000,S001 - WH KLS JABABEKA,PT. EKA CIPTA MANGGALA,7,ON SCHEDULE,29,0,30.06.2026,31.05.2026,05.06.2026,11.06.2026,14.06.2026,15.06.2026,15.06.2026,,S001,WH KLS JABABEKA
I100260530L039_S001,CDD BAK,5300000,0,0,0,400000,0,5700000,S001 - WH KLS JABABEKA,PT. EKA CIPTA MANGGALA,7,ON SCHEDULE,29,0,30.06.2026,31.05.2026,05.06.2026,11.06.2026,14.06.2026,15.06.2026,15.06.2026,,S001,WH KLS JABABEKA
I100260530L039_S001,CDD BAK,5300000,0,0,0,400000,0,5700000,S001 - WH KLS JABABEKA,PT. EKA CIPTA MANGGALA,7,ON SCHEDULE,29,0,30.06.2026,31.05.2026,05.06.2026,11.06.2026,14.06.2026,15.06.2026,15.06.2026,,S001,WH KLS JABABEKA
I100260531L038_S001,TRONTON LOSBAK,14500000,0,0,0,0,0,14500000,S001 - WH KLS JABABEKA,CV. BANGUN JASA TRANS,7,ON SCHEDULE,27,0,28.06.2026,31.05.2026,,23.06.2026,26.06.2026,26.06.2026,26.06.2026,,S001,WH KLS JABABEKA
R100260215L032_A001,CDD LONG CHASSIS,1500000,0,0,0,0,0,1500000,A001 - WH AHI JABABEKA,PT.ORANG KREATIF EKSIS,2,LATE,8,80,24.05.2026,15.05.2026,15.05.2026,,,,,,A001,WH AHI JABABEKA
R100260226L056_A001,WINGBOX,10700000,0,0,0,0,0,10700000,A001 - WH AHI JABABEKA,PT. BINTANG SAMUDRA RAYA,7,ON SCHEDULE,31,0,13.06.2026,12.05.2026,12.05.2026,13.05.2026,13.05.2026,19.05.2026,19.05.2026,,A001,WH AHI JABABEKA
R100260307L035_A001,CDD LONG CHASSIS,2350000,0,0,0,0,0,2350000,A001 - WH AHI JABABEKA,PT. BINTANG SAMUDRA RAYA,7,ON SCHEDULE,28,0,13.06.2026,15.05.2026,15.05.2026,18.05.2026,18.05.2026,19.05.2026,19.05.2026,,A001,WH AHI JABABEKA
R100260312L009_A001,CONT-20,13200000,0,0,0,0,0,13200000,A001 - WH AHI JABABEKA,PT. WIDYA TRANS CARGO,6,LATE,42,75,02.07.2026,20.05.2026,21.05.2026,26.05.2026,26.05.2026,29.05.2026,09.07.2026,,A001,WH AHI JABABEKA
R100260316L060_A001,CDD LONG CHASSIS,1400000,0,0,0,200000,700000,2300000,A001 - WH AHI JABABEKA,PT. BINTANG SAMUDRA RAYA,7,ON SCHEDULE,27,0,15.06.2026,18.05.2026,18.05.2026,19.05.2026,20.05.2026,17.06.2026,25.06.2026,,A001,WH AHI JABABEKA
R100260402T013_A001,CONT-20,16500000,0,0,0,0,0,16500000,A001 - WH AHI JABABEKA,PT. WIDYA TRANS CARGO,7,ON SCHEDULE,41,0,27.06.2026,16.05.2026,17.05.2026,20.05.2026,20.05.2026,21.05.2026,21.05.2026,,A001,WH AHI JABABEKA
R100260404L015_A001,WINGBOX,15000000,0,0,0,0,0,15000000,A001 - WH AHI JABABEKA,PT. BINTANG SAMUDRA RAYA,7,ON SCHEDULE,31,0,17.06.2026,16.05.2026,17.05.2026,18.05.2026,18.05.2026,15.06.2026,15.06.2026,,A001,WH AHI JABABEKA
R100260408T060_A001,CONT-40,40000000,0,0,0,0,0,40000000,A001 - WH AHI JABABEKA,PT. RAJAWALI PUTRA LOGISTIK,7,ON SCHEDULE,39,0,13.06.2026,04.05.2026,09.05.2026,26.05.2026,26.05.2026,29.05.2026,29.05.2026,,A001,WH AHI JABABEKA
R100260413L063_A001,CDD LONG CHASSIS,3900000,0,0,0,400000,0,4300000,A001 - WH AHI JABABEKA,PT. BINTANG SAMUDRA RAYA,7,ON SCHEDULE,28,0,16.06.2026,18.05.2026,18.05.2026,19.05.2026,20.05.2026,15.06.2026,15.06.2026,,A001,WH AHI JABABEKA
R100260415L056_A001,FUSO,19350000,0,0,0,0,0,19350000,A001 - WH AHI JABABEKA,PT. SATRIA PIRANTI PERKASA,7,ON SCHEDULE,41,0,23.06.2026,12.05.2026,12.05.2026,12.05.2026,12.05.2026,12.05.2026,12.05.2026,,A001,WH AHI JABABEKA
R100260416B011_A001,CDD BAK,3700000,0,0,0,0,0,3700000,A001 - WH AHI JABABEKA,PT. EKA CIPTA MANGGALA,7,ON SCHEDULE,26,0,08.06.2026,12.05.2026,12.05.2026,13.05.2026,13.05.2026,21.05.2026,29.05.2026,,A001,WH AHI JABABEKA
R100260427L025_A001,FUSO,14750000,0,0,0,0,0,14750000,A001 - WH AHI JABABEKA,PT. SATRIA PIRANTI PERKASA,7,ON SCHEDULE,31,0,19.06.2026,18.05.2026,18.05.2026,22.05.2026,22.05.2026,26.05.2026,26.05.2026,,A001,WH AHI JABABEKA
R100260427L078_A001,FUSO,22225000,0,0,0,0,0,22225000,A001 - WH AHI JABABEKA,PT. SATRIA PIRANTI PERKASA,7,ON SCHEDULE,41,0,16.06.2026,05.05.2026,10.05.2026,24.06.2026,24.06.2026,30.06.2026,30.06.2026,,A001,WH AHI JABABEKA
R100260428T060_A001,WINGBOX,5650000,0,0,0,0,0,5650000,A001 - WH AHI JABABEKA,PT. DUTA MEDIA MANDIRI,7,ON SCHEDULE,30,0,01.06.2026,01.05.2026,11.05.2026,18.05.2026,18.05.2026,19.05.2026,19.05.2026,,A001,WH AHI JABABEKA
R100260429B001_A001,FUSO,12500000,0,0,0,0,0,12500000,A001 - WH AHI JABABEKA,PT.DHANESWARA EXPRES,6,LATE,26,93,29.05.2026,02.05.2026,11.05.2026,20.05.2026,20.05.2026,09.07.2026,14.07.2026,,A001,WH AHI JABABEKA
R100260429L038_A001,FUSO,14750000,0,0,0,200000,0,14950000,A001 - WH AHI JABABEKA,PT. SATRIA PIRANTI PERKASA,7,ON SCHEDULE,31,0,04.06.2026,03.05.2026,11.05.2026,20.05.2026,20.05.2026,26.05.2026,26.05.2026,,A001,WH AHI JABABEKA
R100260429L042_A001,CONT-20,33500000,0,0,0,0,0,33500000,A001 - WH AHI JABABEKA,PT. TPIL LOGISTICS,6,LATE,47,87,25.06.2026,08.05.2026,18.06.2026,17.07.2026,17.07.2026,20.07.2026,20.07.2026,,A001,WH AHI JABABEKA
R100260429L044_A001,FUSO,20500000,0,0,0,300000,0,20800000,A001 - WH AHI JABABEKA,PT. SATRIA PIRANTI PERKASA,7,ON SCHEDULE,31,0,04.06.2026,03.05.2026,11.05.2026,25.05.2026,25.05.2026,05.06.2026,05.06.2026,,A001,WH AHI JABABEKA
R100260429L090_A001,CONT-20,17600000,0,0,0,0,0,17600000,A001 - WH AHI JABABEKA,PT. TPIL LOGISTICS,7,ON SCHEDULE,43,0,16.06.2026,03.05.2026,14.05.2026,01.07.2026,02.07.2026,03.07.2026,03.07.2026,,A001,WH AHI JABABEKA
R100260429L091_A001,CONT-20,23400000,0,0,0,0,0,23400000,A001 - WH AHI JABABEKA,PT. TPIL LOGISTICS,6,LATE,41,92,14.06.2026,03.05.2026,14.05.2026,04.06.2026,04.06.2026,09.07.2026,09.07.2026,,A001,WH AHI JABABEKA
R100260429T029_A001,WINGBOX,5650000,0,0,0,0,0,5650000,A001 - WH AHI JABABEKA,PT. DUTA MEDIA MANDIRI,7,ON SCHEDULE,30,0,04.06.2026,04.05.2026,09.05.2026,11.05.2026,11.05.2026,12.05.2026,12.05.2026,,A001,WH AHI JABABEKA
R100260429T030_A001,WINGBOX,5650000,0,0,0,0,0,5650000,A001 - WH AHI JABABEKA,PT. DUTA MEDIA MANDIRI,7,ON SCHEDULE,30,0,01.06.2026,01.05.2026,11.05.2026,18.05.2026,18.05.2026,19.05.2026,19.05.2026,,A001,WH AHI JABABEKA
R100260429T032_A001,WINGBOX,5650000,0,0,0,0,0,5650000,A001 - WH AHI JABABEKA,PT. DUTA MEDIA MANDIRI,7,ON SCHEDULE,30,0,02.06.2026,02.05.2026,11.05.2026,18.05.2026,18.05.2026,19.05.2026,19.05.2026,,A001,WH AHI JABABEKA
R100260429T040_A001,CONT-20,15400000,0,0,0,0,0,15400000,A001 - WH AHI JABABEKA,PT. SENTOSAPRIMA ABADI,7,ON SCHEDULE,36,0,20.06.2026,14.05.2026,14.05.2026,26.06.2026,26.06.2026,30.06.2026,30.06.2026,,A001,WH AHI JABABEKA
R100260429T043_A001,CONT-20,3900000,0,0,0,0,0,3900000,A001 - WH AHI JABABEKA,PT. JATIM PETROLEUM TRANSPORT,7,ON SCHEDULE,30,0,03.06.2026,03.05.2026,11.05.2026,22.05.2026,22.05.2026,11.06.2026,11.06.2026,,A001,WH AHI JABABEKA
R100260429T044_A001,CONT-20,3900000,0,0,0,0,0,3900000,A001 - WH AHI JABABEKA,PT. JATIM PETROLEUM TRANSPORT,7,ON SCHEDULE,30,0,02.06.2026,02.05.2026,11.05.2026,22.05.2026,22.05.2026,11.06.2026,11.06.2026,,A001,WH AHI JABABEKA
R100260429T046_A001,CONT-20,3900000,0,0,0,0,0,3900000,A001 - WH AHI JABABEKA,PT. JATIM PETROLEUM TRANSPORT,7,ON SCHEDULE,30,0,02.06.2026,02.05.2026,11.05.2026,22.05.2026,22.05.2026,11.06.2026,11.06.2026,,A001,WH AHI JABABEKA
R100260429T053_A001,CONT-20,17600000,0,0,0,0,0,17600000,A001 - WH AHI JABABEKA,PT. TPIL LOGISTICS,6,LATE,47,93,20.06.2026,03.05.2026,14.05.2026,04.06.2026,04.06.2026,09.07.2026,09.07.2026,,A001,WH AHI JABABEKA
R100260429T054_A001,CONT-20,15800000,0,0,0,0,0,15800000,A001 - WH AHI JABABEKA,PT. SENTOSAPRIMA ABADI,6,LATE,41,93,13.06.2026,02.05.2026,20.05.2026,30.06.2026,30.06.2026,09.07.2026,09.07.2026,,A001,WH AHI JABABEKA
R100260430B001_A001,CDD LONG CHASSIS,4900000,0,0,0,0,0,4900000,A001 - WH AHI JABABEKA,PT.ORANG KREATIF EKSIS,7,ON SCHEDULE,26,0,29.05.2026,02.05.2026,31.05.2026,05.06.2026,05.06.2026,15.06.2026,15.06.2026,,A001,WH AHI JABABEKA
R100260430L057_A001,CONT-20,19000000,0,0,0,0,0,19000000,A001 - WH AHI JABABEKA,PT. SENTOSAPRIMA ABADI,7,ON SCHEDULE,43,0,14.06.2026,01.05.2026,11.05.2026,26.06.2026,26.06.2026,01.07.2026,01.07.2026,,A001,WH AHI JABABEKA
R100260430L060_A001,FUSO,14750000,0,0,0,500000,0,15250000,A001 - WH AHI JABABEKA,PT. SATRIA PIRANTI PERKASA,7,ON SCHEDULE,30,0,01.06.2026,01.05.2026,11.05.2026,20.05.2026,20.05.2026,26.05.2026,26.05.2026,,A001,WH AHI JABABEKA
R100260430L061_A001,FUSO,12500000,0,0,0,0,0,12500000,A001 - WH AHI JABABEKA,PT.DHANESWARA EXPRES,7,ON SCHEDULE,31,0,03.06.2026,02.05.2026,11.05.2026,20.05.2026,20.05.2026,29.05.2026,29.05.2026,,A001,WH AHI JABABEKA
R100260430L062_A001,CONT-20,19050000,0,0,0,0,0,19050000,A001 - WH AHI JABABEKA,PT. MITRA INTERTRANS FORWARDING,6,LATE,43,95,14.06.2026,01.05.2026,14.05.2026,14.07.2026,14.07.2026,15.07.2026,15.07.2026,,A001,WH AHI JABABEKA
R100260430L063_A001,CDD LONG CHASSIS,1400000,0,0,0,200000,0,1600000,A001 - WH AHI JABABEKA,PT. BINTANG SAMUDRA RAYA,7,ON SCHEDULE,27,0,29.05.2026,01.05.2026,11.05.2026,19.05.2026,20.05.2026,20.05.2026,20.05.2026,,A001,WH AHI JABABEKA
R100260430L064_A001,CDD LONG CHASSIS,1750000,0,0,0,250000,0,2000000,A001 - WH AHI JABABEKA,PT. CATUR GLOBAL LOGISTIK,7,ON SCHEDULE,28,0,30.05.2026,01.05.2026,11.05.2026,13.05.2026,14.05.2026,18.05.2026,18.05.2026,,A001,WH AHI JABABEKA
R100260430L077_A001,CONT-20,18300000,0,0,0,0,0,18300000,A001 - WH AHI JABABEKA,PT. SENTOSAPRIMA ABADI,7,ON SCHEDULE,46,0,17.06.2026,01.05.2026,17.05.2026,10.06.2026,10.06.2026,19.06.2026,19.06.2026,,A001,WH AHI JABABEKA
R100260430L078_A001,CONT-20,14200000,0,0,400000,0,0,14600000,A001 - WH AHI JABABEKA,PT. MITRA INTERTRANS FORWARDING,7,ON SCHEDULE,42,0,15.06.2026,03.05.2026,14.05.2026,09.06.2026,09.06.2026,09.06.2026,09.06.2026,,A001,WH AHI JABABEKA
R100260430L079_A001,CDD LONG CHASSIS,1600000,0,0,0,200000,0,1800000,A001 - WH AHI JABABEKA,PT. BINTANG SAMUDRA RAYA,7,ON SCHEDULE,28,0,30.05.2026,01.05.2026,11.05.2026,22.05.2026,24.05.2026,25.05.2026,25.05.2026,,A001,WH AHI JABABEKA
R100260430L080_A001,FUSO,11500000,0,0,0,400000,0,11900000,A001 - WH AHI JABABEKA,PT. SATRIA PIRANTI PERKASA,7,ON SCHEDULE,31,0,04.06.2026,03.05.2026,11.05.2026,23.06.2026,25.06.2026,30.06.2026,30.06.2026,,A001,WH AHI JABABEKA
R100260430L081_A001,CDD LONG CHASSIS,3500000,0,0,0,0,0,3500000,A001 - WH AHI JABABEKA,PT. CEHA LOGISTIK CEMERLANG,7,ON SCHEDULE,29,0,31.05.2026,01.05.2026,11.05.2026,12.05.2026,12.05.2026,18.05.2026,19.05.2026,,A001,WH AHI JABABEKA
R100260430L082_A001,CDD LONG CHASSIS,3500000,0,0,0,0,0,3500000,A001 - WH AHI JABABEKA,PT. CEHA LOGISTIK CEMERLANG,7,ON SCHEDULE,29,0,31.05.2026,01.05.2026,11.05.2026,12.05.2026,12.05.2026,18.05.2026,19.05.2026,,A001,WH AHI JABABEKA
R100260430L083_A001,CONT-20,14700000,0,0,0,0,0,14700000,A001 - WH AHI JABABEKA,PT. MITRA INTERTRANS FORWARDING,6,LATE,42,93,14.06.2026,02.05.2026,14.05.2026,07.07.2026,07.07.2026,08.07.2026,08.07.2026,,A001,WH AHI JABABEKA
R100260430L084_A001,CDD LONG CHASSIS,2850000,0,0,0,0,0,2850000,A001 - WH AHI JABABEKA,PT. AGUNG MAKMUR JAYA,7,ON SCHEDULE,29,0,01.06.2026,02.05.2026,11.05.2026,12.05.2026,12.05.2026,03.06.2026,12.06.2026,,A001,WH AHI JABABEKA
R100260430L085_A001,CDD LONG CHASSIS,3500000,0,0,0,0,0,3500000,A001 - WH AHI JABABEKA,PT. CEHA LOGISTIK CEMERLANG,7,ON SCHEDULE,29,0,31.05.2026,01.05.2026,11.05.2026,12.05.2026,12.05.2026,18.05.2026,19.05.2026,,A001,WH AHI JABABEKA
R100260430L103_A001,WINGBOX,10700000,0,0,0,400000,0,11100000,A001 - WH AHI JABABEKA,PT. BINTANG SAMUDRA RAYA,7,ON SCHEDULE,31,0,04.06.2026,03.05.2026,11.05.2026,04.06.2026,04.06.2026,05.06.2026,05.06.2026,,A001,WH AHI JABABEKA
R100260430L103_A001,WINGBOX,10700000,0,0,0,400000,0,11100000,A001 - WH AHI JABABEKA,PT. BINTANG SAMUDRA RAYA,7,ON SCHEDULE,31,0,04.06.2026,03.05.2026,11.05.2026,04.06.2026,04.06.2026,05.06.2026,05.06.2026,,A001,WH AHI JABABEKA
R100260430L105_A001,CDD LONG CHASSIS,1600000,0,0,0,300000,0,1900000,A001 - WH AHI JABABEKA,PT. SATRIA PIRANTI PERKASA,7,ON SCHEDULE,28,0,30.05.2026,01.05.2026,11.05.2026,13.05.2026,14.05.2026,19.05.2026,19.05.2026,,A001,WH AHI JABABEKA
R100260430L106_A001,FUSO,14750000,0,0,0,200000,0,14950000,A001 - WH AHI JABABEKA,PT. SATRIA PIRANTI PERKASA,7,ON SCHEDULE,31,0,04.06.2026,03.05.2026,11.05.2026,20.05.2026,20.05.2026,26.05.2026,26.05.2026,,A001,WH AHI JABABEKA
R100260430L107_A001,CDD LONG CHASSIS,4900000,0,0,0,0,0,4900000,A001 - WH AHI JABABEKA,PT.ORANG KREATIF EKSIS,7,ON SCHEDULE,28,0,30.05.2026,01.05.2026,11.05.2026,13.05.2026,14.05.2026,21.05.2026,21.05.2026,,A001,WH AHI JABABEKA
R100260430T014_A001,CONT-20,3900000,0,0,0,0,0,3900000,A001 - WH AHI JABABEKA,PT. JATIM PETROLEUM TRANSPORT,7,ON SCHEDULE,30,0,03.06.2026,03.05.2026,09.05.2026,22.05.2026,22.05.2026,11.06.2026,11.06.2026,,A001,WH AHI JABABEKA
R100260430T015_A001,CONT-20,3900000,0,0,0,0,0,3900000,A001 - WH AHI JABABEKA,PT. JATIM PETROLEUM TRANSPORT,7,ON SCHEDULE,30,0,01.06.2026,01.05.2026,11.05.2026,22.05.2026,22.05.2026,11.06.2026,11.06.2026,,A001,WH AHI JABABEKA
R100260430T018_A001,CONT-40,27200000,0,0,0,0,0,27200000,A001 - WH AHI JABABEKA,PT. SENTOSAPRIMA ABADI,7,ON SCHEDULE,39,0,10.06.2026,01.05.2026,14.05.2026,19.06.2026,20.06.2026,22.06.2026,22.06.2026,,A001,WH AHI JABABEKA
R100260430T021_A001,WINGBOX,6325000,0,0,0,0,0,6325000,A001 - WH AHI JABABEKA,PT. DUTA LINTAS NUSA,7,ON SCHEDULE,30,0,01.06.2026,01.05.2026,11.05.2026,04.06.2026,04.06.2026,11.06.2026,17.06.2026,,A001,WH AHI JABABEKA
R100260430T025_A001,CONT-40,26300000,0,0,0,0,0,26300000,A001 - WH AHI JABABEKA,PT. TPIL LOGISTICS,6,LATE,39,95,10.06.2026,01.05.2026,14.05.2026,04.06.2026,04.06.2026,15.07.2026,15.07.2026,,A001,WH AHI JABABEKA
R100260430T026_A001,CONT-20,15800000,0,0,0,0,0,15800000,A001 - WH AHI JABABEKA,PT. SENTOSAPRIMA ABADI,6,LATE,41,93,13.06.2026,02.05.2026,20.05.2026,02.07.2026,02.07.2026,20.07.2026,20.07.2026,,A001,WH AHI JABABEKA
R100260430T027_A001,CONT-20,14200000,0,0,400000,0,0,14600000,A001 - WH AHI JABABEKA,PT. MITRA INTERTRANS FORWARDING,7,ON SCHEDULE,40,0,13.06.2026,03.05.2026,14.05.2026,09.06.2026,09.06.2026,09.06.2026,09.06.2026,,A001,WH AHI JABABEKA
R100260430T028_A001,WINGBOX,6200000,0,0,0,0,0,6200000,A001 - WH AHI JABABEKA,PT. SATRIA PIRANTI PERKASA,7,ON SCHEDULE,30,0,04.06.2026,04.05.2026,09.05.2026,20.05.2026,20.05.2026,26.05.2026,26.05.2026,,A001,WH AHI JABABEKA
R100260501L004_A001,CDD LONG CHASSIS,1425000,0,0,0,100000,0,1525000,A001 - WH AHI JABABEKA,PT. DUTA MEDIA MANDIRI,7,ON SCHEDULE,28,0,01.06.2026,03.05.2026,09.05.2026,26.05.2026,26.05.2026,26.05.2026,26.05.2026,,A001,WH AHI JABABEKA
R100260501L005_A001,CONT-20,16500000,0,0,0,0,0,16500000,A001 - WH AHI JABABEKA,PT. TPIL LOGISTICS,6,LATE,41,91,15.06.2026,04.05.2026,17.05.2026,04.06.2026,04.06.2026,20.07.2026,20.07.2026,,A001,WH AHI JABABEKA
R100260501L006_A001,FUSO,20500000,0,0,0,300000,0,20800000,A001 - WH AHI JABABEKA,PT. SATRIA PIRANTI PERKASA,7,ON SCHEDULE,39,0,14.06.2026,05.05.2026,09.05.2026,22.05.2026,24.05.2026,26.05.2026,26.05.2026,,A001,WH AHI JABABEKA
R100260502B001_A001,CDD LONG CHASSIS,4900000,0,0,0,0,0,4900000,A001 - WH AHI JABABEKA,PT.ORANG KREATIF EKSIS,7,ON SCHEDULE,26,0,03.06.2026,07.05.2026,31.05.2026,05.06.2026,05.06.2026,15.06.2026,15.06.2026,,A001,WH AHI JABABEKA
R100260502L045_A001,CDD LONG CHASSIS,3500000,0,0,0,0,0,3500000,A001 - WH AHI JABABEKA,PT. CEHA LOGISTIK CEMERLANG,7,ON SCHEDULE,29,0,01.06.2026,02.05.2026,11.05.2026,12.05.2026,12.05.2026,18.05.2026,19.05.2026,,A001,WH AHI JABABEKA
R100260502L046_A001,CDD LONG CHASSIS,3500000,0,0,0,0,0,3500000,A001 - WH AHI JABABEKA,PT. CEHA LOGISTIK CEMERLANG,7,ON SCHEDULE,29,0,02.06.2026,03.05.2026,11.05.2026,12.05.2026,12.05.2026,18.05.2026,19.05.2026,,A001,WH AHI JABABEKA
R100260502L047_A001,CDD LONG CHASSIS,3100000,0,0,0,400000,0,3500000,A001 - WH AHI JABABEKA,PT. BINTANG SAMUDRA RAYA,7,ON SCHEDULE,29,0,01.06.2026,02.05.2026,11.05.2026,02.06.2026,03.06.2026,03.06.2026,03.06.2026,,A001,WH AHI JABABEKA
R100260502L048_A001,FUSO,19350000,0,0,0,200000,0,19550000,A001 - WH AHI JABABEKA,PT. SATRIA PIRANTI PERKASA,7,ON SCHEDULE,41,0,14.06.2026,03.05.2026,11.05.2026,20.05.2026,20.05.2026,26.05.2026,26.05.2026,,A001,WH AHI JABABEKA
R100260502L049_A001,CDD LONG CHASSIS,1725000,0,0,0,300000,0,2025000,A001 - WH AHI JABABEKA,PT. BINTANG SAMUDRA RAYA,7,ON SCHEDULE,27,0,30.05.2026,02.05.2026,11.05.2026,02.06.2026,03.06.2026,03.06.2026,03.06.2026,,A001,WH AHI JABABEKA
R100260502L050_A001,CDD LONG CHASSIS,1750000,0,0,0,250000,0,2000000,A001 - WH AHI JABABEKA,PT. CATUR GLOBAL LOGISTIK,7,ON SCHEDULE,28,0,01.06.2026,03.05.2026,11.05.2026,18.05.2026,19.05.2026,19.05.2026,19.05.2026,,A001,WH AHI JABABEKA
R100260502L051_A001,CDD LONG CHASSIS,3650000,0,0,0,600000,0,4250000,A001 - WH AHI JABABEKA,PT.DHANESWARA EXPRES,7,ON SCHEDULE,29,0,01.06.2026,02.05.2026,11.05.2026,12.05.2026,13.05.2026,18.05.2026,18.05.2026,,A001,WH AHI JABABEKA
R100260502L052_A001,CDD LONG CHASSIS,1400000,0,0,0,200000,0,1600000,A001 - WH AHI JABABEKA,PT. BINTANG SAMUDRA RAYA,7,ON SCHEDULE,28,0,31.05.2026,02.05.2026,11.05.2026,02.06.2026,03.06.2026,03.06.2026,03.06.2026,,A001,WH AHI JABABEKA
R100260502L052_A001,CDD LONG CHASSIS,1400000,0,0,0,200000,0,1600000,A001 - WH AHI JABABEKA,PT. BINTANG SAMUDRA RAYA,7,ON SCHEDULE,28,0,31.05.2026,02.05.2026,11.05.2026,02.06.2026,03.06.2026,03.06.2026,03.06.2026,,A001,WH AHI JABABEKA
R100260502L052_A001,CDD LONG CHASSIS,1400000,0,0,0,200000,0,1600000,A001 - WH AHI JABABEKA,PT. BINTANG SAMUDRA RAYA,7,ON SCHEDULE,28,0,31.05.2026,02.05.2026,11.05.2026,02.06.2026,03.06.2026,03.06.2026,03.06.2026,,A001,WH AHI JABABEKA
R100260502L072_A001,CONT-20,31400000,0,0,0,0,0,31400000,A001 - WH AHI JABABEKA,PT. TPIL LOGISTICS,4,LATE,35,93,08.06.2026,03.05.2026,30.05.2026,04.06.2026,04.06.2026,,,,A001,WH AHI JABABEKA
R100260502L073_A001,CDD LONG CHASSIS,3500000,0,0,0,700000,0,4200000,A001 - WH AHI JABABEKA,PT. CEHA LOGISTIK CEMERLANG,7,ON SCHEDULE,28,0,01.06.2026,03.05.2026,11.05.2026,12.05.2026,12.05.2026,18.05.2026,19.05.2026,,A001,WH AHI JABABEKA
R100260502L074_A001,FUSO,13800000,0,0,0,0,0,13800000,A001 - WH AHI JABABEKA,PT. DUTA LINTAS NUSA,7,ON SCHEDULE,40,0,14.06.2026,04.05.2026,09.05.2026,04.06.2026,04.06.2026,11.06.2026,17.06.2026,,A001,WH AHI JABABEKA
R100260502L075_A001,CONT-20,14500000,0,0,800000,0,0,15300000,A001 - WH AHI JABABEKA,PT. TPIL LOGISTICS,6,LATE,40,93,13.06.2026,03.05.2026,18.05.2026,21.07.2026,22.07.2026,23.07.2026,23.07.2026,,A001,WH AHI JABABEKA
R100260502L075_A001,CONT-20,14500000,0,0,800000,0,0,15300000,A001 - WH AHI JABABEKA,PT. TPIL LOGISTICS,6,LATE,40,93,13.06.2026,03.05.2026,18.05.2026,21.07.2026,22.07.2026,23.07.2026,23.07.2026,,A001,WH AHI JABABEKA
R100260502L076_A001,CONT-20,14500000,0,0,0,0,0,14500000,A001 - WH AHI JABABEKA,PT. TPIL LOGISTICS,2,LATE,19,92,24.05.2026,04.05.2026,18.05.2026,,,,,,A001,WH AHI JABABEKA
R100260502L077_A001,CDD LONG CHASSIS,1400000,0,0,0,200000,0,1600000,A001 - WH AHI JABABEKA,PT. BINTANG SAMUDRA RAYA,7,ON SCHEDULE,27,0,31.05.2026,03.05.2026,30.05.2026,04.06.2026,04.06.2026,05.06.2026,05.06.2026,,A001,WH AHI JABABEKA
R100260502L077_A001,CDD LONG CHASSIS,1400000,0,0,0,200000,0,1600000,A001 - WH AHI JABABEKA,PT. BINTANG SAMUDRA RAYA,7,ON SCHEDULE,27,0,31.05.2026,03.05.2026,30.05.2026,04.06.2026,04.06.2026,05.06.2026,05.06.2026,,A001,WH AHI JABABEKA
R100260502L078_A001,CDD LONG CHASSIS,1400000,0,0,0,200000,0,1600000,A001 - WH AHI JABABEKA,PT. BINTANG SAMUDRA RAYA,7,ON SCHEDULE,28,0,01.06.2026,03.05.2026,11.05.2026,02.06.2026,03.06.2026,03.06.2026,03.06.2026,,A001,WH AHI JABABEKA
R100260502L078_A001,CDD LONG CHASSIS,1400000,0,0,0,200000,0,1600000,A001 - WH AHI JABABEKA,PT. BINTANG SAMUDRA RAYA,7,ON SCHEDULE,28,0,01.06.2026,03.05.2026,11.05.2026,02.06.2026,03.06.2026,03.06.2026,03.06.2026,,A001,WH AHI JABABEKA
R100260502L080_A001,CONT-20,13300000,0,0,0,0,0,13300000,A001 - WH AHI JABABEKA,PT.BANGKA JAYA LINE,7,ON SCHEDULE,40,0,14.06.2026,04.05.2026,19.05.2026,12.06.2026,12.06.2026,15.06.2026,15.06.2026,,A001,WH AHI JABABEKA
R100260502L081_A001,CDD LONG CHASSIS,4900000,0,0,0,150000,0,5050000,A001 - WH AHI JABABEKA,PT.ORANG KREATIF EKSIS,7,ON SCHEDULE,28,0,01.06.2026,03.05.2026,11.05.2026,13.05.2026,14.05.2026,21.05.2026,21.05.2026,,A001,WH AHI JABABEKA
R100260502L082_A001,WINGBOX,35000000,0,0,0,200000,0,35200000,A001 - WH AHI JABABEKA,PT.ORANG KREATIF EKSIS,7,ON SCHEDULE,48,0,24.06.2026,06.05.2026,14.05.2026,22.05.2026,24.05.2026,04.06.2026,04.06.2026,,A001,WH AHI JABABEKA
R100260502T016_A001,WINGBOX,5650000,0,0,0,0,0,5650000,A001 - WH AHI JABABEKA,PT. DUTA MEDIA MANDIRI,7,ON SCHEDULE,30,0,02.06.2026,02.05.2026,11.05.2026,18.05.2026,18.05.2026,19.05.2026,19.05.2026,,A001,WH AHI JABABEKA
R100260502T017_A001,CONT-40,27200000,0,0,0,0,0,27200000,A001 - WH AHI JABABEKA,PT. SENTOSAPRIMA ABADI,7,ON SCHEDULE,39,0,12.06.2026,03.05.2026,14.05.2026,19.06.2026,20.06.2026,22.06.2026,22.06.2026,,A001,WH AHI JABABEKA
R100260502T018_A001,WINGBOX,5650000,0,0,0,0,0,5650000,A001 - WH AHI JABABEKA,PT. DUTA MEDIA MANDIRI,7,ON SCHEDULE,30,0,02.06.2026,02.05.2026,11.05.2026,18.05.2026,18.05.2026,21.05.2026,21.05.2026,,A001,WH AHI JABABEKA
R100260502T019_A001,CONT-20,15300000,0,0,500000,0,500000,16300000,A001 - WH AHI JABABEKA,PT. SENTOSAPRIMA ABADI,6,LATE,39,93,11.06.2026,02.05.2026,17.05.2026,17.07.2026,19.07.2026,20.07.2026,20.07.2026,,A001,WH AHI JABABEKA
R100260502T029_A001,WINGBOX,5600000,0,0,0,0,0,5600000,A001 - WH AHI JABABEKA,PT. BINTANG SAMUDRA RAYA,6,LATE,30,93,03.06.2026,03.05.2026,11.05.2026,18.05.2026,18.05.2026,25.05.2026,26.05.2026,,A001,WH AHI JABABEKA
R100260502T030_A001,CONT-40,26300000,0,0,0,0,0,26300000,A001 - WH AHI JABABEKA,PT. TPIL LOGISTICS,6,LATE,39,93,12.06.2026,03.05.2026,14.05.2026,04.06.2026,04.06.2026,20.07.2026,20.07.2026,,A001,WH AHI JABABEKA
R100260502T031_A001,CONT-20,3900000,0,0,0,0,0,3900000,A001 - WH AHI JABABEKA,PT. JATIM PETROLEUM TRANSPORT,7,ON SCHEDULE,30,0,02.06.2026,02.05.2026,11.05.2026,05.06.2026,06.06.2026,19.06.2026,19.06.2026,,A001,WH AHI JABABEKA
R100260502T032_A001,CONT-20,3900000,0,0,0,0,0,3900000,A001 - WH AHI JABABEKA,PT. JATIM PETROLEUM TRANSPORT,7,ON SCHEDULE,30,0,03.06.2026,03.05.2026,11.05.2026,05.06.2026,06.06.2026,19.06.2026,19.06.2026,,A001,WH AHI JABABEKA
R100260502T033_A001,CONT-20,3900000,0,0,0,0,0,3900000,A001 - WH AHI JABABEKA,PT. JATIM PETROLEUM TRANSPORT,7,ON SCHEDULE,30,0,03.06.2026,03.05.2026,11.05.2026,05.06.2026,06.06.2026,19.06.2026,19.06.2026,,A001,WH AHI JABABEKA
R100260502T034_A001,CONT-20,3900000,0,0,0,0,0,3900000,A001 - WH AHI JABABEKA,PT. JATIM PETROLEUM TRANSPORT,7,ON SCHEDULE,30,0,03.06.2026,03.05.2026,11.05.2026,05.06.2026,06.06.2026,19.06.2026,19.06.2026,,A001,WH AHI JABABEKA
R100260502T035_A001,CONT-20,3900000,0,0,0,0,0,3900000,A001 - WH AHI JABABEKA,PT. JATIM PETROLEUM TRANSPORT,7,ON SCHEDULE,30,0,03.06.2026,03.05.2026,11.05.2026,05.06.2026,06.06.2026,19.06.2026,19.06.2026,,A001,WH AHI JABABEKA
R100260503B001_A001,CDD LONG CHASSIS,4900000,0,0,0,0,0,4900000,A001 - WH AHI JABABEKA,PT.ORANG KREATIF EKSIS,7,ON SCHEDULE,26,0,01.06.2026,05.05.2026,31.05.2026,05.06.2026,05.06.2026,15.06.2026,15.06.2026,,A001,WH AHI JABABEKA
R100260503L019_A001,CDD LONG CHASSIS,1400000,0,0,0,0,0,1400000,A001 - WH AHI JABABEKA,PT. BINTANG SAMUDRA RAYA,6,LATE,28,92,01.06.2026,03.05.2026,09.05.2026,18.05.2026,18.05.2026,25.05.2026,26.05.2026,,A001,WH AHI JABABEKA
R100260503L020_A001,FUSO,2300000,0,0,0,0,0,2300000,A001 - WH AHI JABABEKA,PT. DUTA MEDIA MANDIRI,7,ON SCHEDULE,27,0,01.06.2026,04.05.2026,09.05.2026,11.05.2026,11.05.2026,12.05.2026,12.05.2026,,A001,WH AHI JABABEKA
R100260503L021_A001,CDD LONG CHASSIS,2250000,0,0,0,400000,0,2650000,A001 - WH AHI JABABEKA,PT. BINTANG SAMUDRA RAYA,7,ON SCHEDULE,28,0,01.06.2026,03.05.2026,09.05.2026,02.06.2026,03.06.2026,03.06.2026,03.06.2026,,A001,WH AHI JABABEKA
R100260503L021_A001,CDD LONG CHASSIS,2250000,0,0,0,400000,0,2650000,A001 - WH AHI JABABEKA,PT. BINTANG SAMUDRA RAYA,7,ON SCHEDULE,28,0,01.06.2026,03.05.2026,09.05.2026,02.06.2026,03.06.2026,03.06.2026,03.06.2026,,A001,WH AHI JABABEKA
R100260503L022_A001,CDD LONG CHASSIS,1950000,0,0,0,200000,0,2150000,A001 - WH AHI JABABEKA,PT. BINTANG SAMUDRA RAYA,7,ON SCHEDULE,28,0,02.06.2026,04.05.2026,09.05.2026,02.06.2026,03.06.2026,03.06.2026,03.06.2026,,A001,WH AHI JABABEKA
R100260503L022_A001,CDD LONG CHASSIS,1950000,0,0,0,200000,0,2150000,A001 - WH AHI JABABEKA,PT. BINTANG SAMUDRA RAYA,7,ON SCHEDULE,28,0,02.06.2026,04.05.2026,09.05.2026,02.06.2026,03.06.2026,03.06.2026,03.06.2026,,A001,WH AHI JABABEKA
R100260503L023_A001,CDD LONG CHASSIS,1400000,0,0,0,200000,0,1600000,A001 - WH AHI JABABEKA,PT. BINTANG SAMUDRA RAYA,7,ON SCHEDULE,28,0,01.06.2026,03.05.2026,09.05.2026,02.06.2026,03.06.2026,03.06.2026,03.06.2026,,A001,WH AHI JABABEKA
R100260503L023_A001,CDD LONG CHASSIS,1400000,0,0,0,200000,0,1600000,A001 - WH AHI JABABEKA,PT. BINTANG SAMUDRA RAYA,7,ON SCHEDULE,28,0,01.06.2026,03.05.2026,09.05.2026,02.06.2026,03.06.2026,03.06.2026,03.06.2026,,A001,WH AHI JABABEKA
R100260503L024_A001,CDD LONG CHASSIS,2850000,0,0,0,0,0,2850000,A001 - WH AHI JABABEKA,PT. AGUNG MAKMUR JAYA,7,ON SCHEDULE,29,0,02.06.2026,03.05.2026,09.05.2026,12.05.2026,12.05.2026,03.06.2026,12.06.2026,,A001,WH AHI JABABEKA
R100260503L025_A001,FUSO,24150000,0,350000,0,0,0,24500000,A001 - WH AHI JABABEKA,PT.DHANESWARA EXPRES,7,ON SCHEDULE,42,0,17.06.2026,05.05.2026,10.05.2026,22.05.2026,24.05.2026,02.06.2026,02.06.2026,,A001,WH AHI JABABEKA
R100260503L027_A001,CDD LONG CHASSIS,1400000,0,0,0,0,0,1400000,A001 - WH AHI JABABEKA,PT. BINTANG SAMUDRA RAYA,6,LATE,28,92,02.06.2026,04.05.2026,09.05.2026,18.05.2026,18.05.2026,25.05.2026,26.05.2026,,A001,WH AHI JABABEKA
R100260503L028_A001,CDD LONG CHASSIS,2250000,0,0,0,0,0,2250000,A001 - WH AHI JABABEKA,PT. BINTANG SAMUDRA RAYA,6,LATE,28,92,01.06.2026,03.05.2026,11.05.2026,18.05.2026,18.05.2026,25.05.2026,26.05.2026,,A001,WH AHI JABABEKA
R100260503L029_A001,CDD LONG CHASSIS,1400000,0,0,0,200000,0,1600000,A001 - WH AHI JABABEKA,PT. BINTANG SAMUDRA RAYA,7,ON SCHEDULE,27,0,31.05.2026,03.05.2026,09.05.2026,02.06.2026,03.06.2026,03.06.2026,12.06.2026,,A001,WH AHI JABABEKA
R100260503L029_A001,CDD LONG CHASSIS,1400000,0,0,0,200000,0,1600000,A001 - WH AHI JABABEKA,PT. BINTANG SAMUDRA RAYA,7,ON SCHEDULE,27,0,31.05.2026,03.05.2026,09.05.2026,02.06.2026,03.06.2026,03.06.2026,12.06.2026,,A001,WH AHI JABABEKA
R100260503L030_A001,CDD LONG CHASSIS,2350000,0,0,0,0,0,2350000,A001 - WH AHI JABABEKA,PT. BINTANG SAMUDRA RAYA,6,LATE,28,92,01.06.2026,03.05.2026,09.05.2026,18.05.2026,18.05.2026,25.05.2026,26.05.2026,,A001,WH AHI JABABEKA
R100260503L031_A001,CONT-20,16500000,0,0,0,0,0,16500000,A001 - WH AHI JABABEKA,PT. TPIL LOGISTICS,7,ON SCHEDULE,41,0,16.06.2026,05.05.2026,17.05.2026,04.06.2026,04.06.2026,23.06.2026,23.06.2026,,A001,WH AHI JABABEKA
R100260503L032_A001,FUSO,14750000,0,0,0,400000,0,15150000,A001 - WH AHI JABABEKA,PT. SATRIA PIRANTI PERKASA,7,ON SCHEDULE,41,0,14.06.2026,03.05.2026,09.05.2026,20.05.2026,20.05.2026,26.05.2026,26.05.2026,,A001,WH AHI JABABEKA
R100260503L033_A001,CDD LONG CHASSIS,1400000,0,0,0,200000,0,1600000,A001 - WH AHI JABABEKA,PT. BINTANG SAMUDRA RAYA,7,ON SCHEDULE,28,0,02.06.2026,04.05.2026,09.05.2026,02.06.2026,03.06.2026,03.06.2026,03.06.2026,,A001,WH AHI JABABEKA
R100260503L033_A001,CDD LONG CHASSIS,1400000,0,0,0,200000,0,1600000,A001 - WH AHI JABABEKA,PT. BINTANG SAMUDRA RAYA,7,ON SCHEDULE,28,0,02.06.2026,04.05.2026,09.05.2026,02.06.2026,03.06.2026,03.06.2026,03.06.2026,,A001,WH AHI JABABEKA
R100260503L035_A001,CONT-20,15400000,0,0,0,0,0,15400000,A001 - WH AHI JABABEKA,PT. TPIL LOGISTICS,4,LATE,30,92,04.06.2026,04.05.2026,14.05.2026,04.06.2026,04.06.2026,,,,A001,WH AHI JABABEKA
R100260503T010_A001,CONT-40,8500000,0,0,0,0,0,8500000,A001 - WH AHI JABABEKA,PT. DINOYO PUTRA MANDIRI,7,ON SCHEDULE,30,0,04.06.2026,04.05.2026,09.05.2026,11.05.2026,11.05.2026,12.05.2026,12.05.2026,,A001,WH AHI JABABEKA
R100260503T011_A001,CONT-20,3900000,0,0,0,0,0,3900000,A001 - WH AHI JABABEKA,PT. JATIM PETROLEUM TRANSPORT,7,ON SCHEDULE,30,0,04.06.2026,04.05.2026,09.05.2026,05.06.2026,06.06.2026,19.06.2026,19.06.2026,,A001,WH AHI JABABEKA
R100260503T012_A001,CONT-20,3900000,0,0,0,0,0,3900000,A001 - WH AHI JABABEKA,PT. JATIM PETROLEUM TRANSPORT,7,ON SCHEDULE,30,0,03.06.2026,03.05.2026,09.05.2026,05.06.2026,06.06.2026,19.06.2026,19.06.2026,,A001,WH AHI JABABEKA
R100260503T013_A001,CONT-20,3900000,0,0,0,0,0,3900000,A001 - WH AHI JABABEKA,PT. JATIM PETROLEUM TRANSPORT,7,ON SCHEDULE,30,0,04.06.2026,04.05.2026,09.05.2026,05.06.2026,06.06.2026,19.06.2026,19.06.2026,,A001,WH AHI JABABEKA
R100260503T014_A001,CONT-40,26300000,0,0,0,0,0,26300000,A001 - WH AHI JABABEKA,PT. TPIL LOGISTICS,4,LATE,27,90,02.06.2026,05.05.2026,20.05.2026,04.06.2026,04.06.2026,,,,A001,WH AHI JABABEKA
R100260503T018_A001,CONT-20,15050000,0,0,650000,0,0,15700000,A001 - WH AHI JABABEKA,PT. TPIL LOGISTICS,6,LATE,40,92,13.06.2026,03.05.2026,14.05.2026,20.07.2026,21.07.2026,21.07.2026,21.07.2026,,A001,WH AHI JABABEKA
R100260503T018_A001,CONT-20,15050000,0,0,650000,0,0,15700000,A001 - WH AHI JABABEKA,PT. TPIL LOGISTICS,6,LATE,40,92,13.06.2026,03.05.2026,14.05.2026,20.07.2026,21.07.2026,21.07.2026,21.07.2026,,A001,WH AHI JABABEKA
R100260503T019_A001,CONT-20,15050000,0,0,650000,0,0,15700000,A001 - WH AHI JABABEKA,PT. TPIL LOGISTICS,6,LATE,40,92,13.06.2026,03.05.2026,14.05.2026,20.07.2026,21.07.2026,21.07.2026,21.07.2026,,A001,WH AHI JABABEKA
R100260503T019_A001,CONT-20,15050000,0,0,650000,0,0,15700000,A001 - WH AHI JABABEKA,PT. TPIL LOGISTICS,6,LATE,40,92,13.06.2026,03.05.2026,14.05.2026,20.07.2026,21.07.2026,21.07.2026,21.07.2026,,A001,WH AHI JABABEKA
R100260503T020_A001,CONT-20,15800000,0,0,0,0,0,15800000,A001 - WH AHI JABABEKA,PT. SENTOSAPRIMA ABADI,6,LATE,41,91,15.06.2026,04.05.2026,20.05.2026,30.06.2026,30.06.2026,09.07.2026,09.07.2026,,A001,WH AHI JABABEKA
R100260503T021_A001,CONT-20,17600000,0,0,0,0,0,17600000,A001 - WH AHI JABABEKA,PT. TPIL LOGISTICS,6,LATE,47,92,21.06.2026,04.05.2026,14.05.2026,04.06.2026,04.06.2026,23.06.2026,23.06.2026,,A001,WH AHI JABABEKA
R100260503T022_A001,CONT-20,3900000,0,0,0,0,0,3900000,A001 - WH AHI JABABEKA,PT. JATIM PETROLEUM TRANSPORT,7,ON SCHEDULE,30,0,04.06.2026,04.05.2026,09.05.2026,05.06.2026,06.06.2026,19.06.2026,19.06.2026,,A001,WH AHI JABABEKA
R100260504B001_A001,CDD LONG CHASSIS,4900000,0,0,0,0,0,4900000,A001 - WH AHI JABABEKA,PT.ORANG KREATIF EKSIS,7,ON SCHEDULE,26,0,01.06.2026,05.05.2026,09.05.2026,13.05.2026,14.05.2026,21.05.2026,21.05.2026,,A001,WH AHI JABABEKA
R100260504L031_A001,WINGBOX,1998000,1200000,0,0,0,0,3198000,A001 - WH AHI JABABEKA,PT. ARDYA PRIMA INTERNUSA,7,ON SCHEDULE,28,0,04.06.2026,06.05.2026,09.05.2026,04.06.2026,05.06.2026,05.06.2026,05.06.2026,,A001,WH AHI JABABEKA
R100260504L034_A001,CONT-20,17700000,0,0,0,0,0,17700000,A001 - WH AHI JABABEKA,PT. MITRA INTERTRANS FORWARDING,7,ON SCHEDULE,42,0,16.06.2026,04.05.2026,14.05.2026,26.06.2026,27.06.2026,29.06.2026,29.06.2026,,A001,WH AHI JABABEKA
R100260504L035_A001,FUSO,19350000,0,0,0,200000,0,19550000,A001 - WH AHI JABABEKA,PT. SATRIA PIRANTI PERKASA,7,ON SCHEDULE,41,0,15.06.2026,04.05.2026,09.05.2026,20.05.2026,20.05.2026,26.05.2026,26.05.2026,,A001,WH AHI JABABEKA
R100260504L037_A001,CONT-20,14500000,0,0,0,0,0,14500000,A001 - WH AHI JABABEKA,PT. TPIL LOGISTICS,2,LATE,19,91,25.05.2026,05.05.2026,18.05.2026,,,,,,A001,WH AHI JABABEKA
R100260504L096_A001,CDD LONG CHASSIS,2850000,0,0,0,0,0,2850000,A001 - WH AHI JABABEKA,PT. AGUNG MAKMUR JAYA,7,ON SCHEDULE,29,0,04.06.2026,05.05.2026,09.05.2026,12.05.2026,12.05.2026,03.06.2026,12.06.2026,,A001,WH AHI JABABEKA
R100260504L097_A001,CONT-20,17000000,0,0,0,0,0,17000000,A001 - WH AHI JABABEKA,PT. WIDYA TRANS CARGO,7,ON SCHEDULE,43,0,21.06.2026,08.05.2026,20.05.2026,04.06.2026,04.06.2026,08.06.2026,08.06.2026,,A001,WH AHI JABABEKA
R100260504L098_A001,WINGBOX,10700000,0,0,0,600000,0,11300000,A001 - WH AHI JABABEKA,PT. BINTANG SAMUDRA RAYA,7,ON SCHEDULE,31,0,06.06.2026,05.05.2026,11.05.2026,02.06.2026,03.06.2026,03.06.2026,12.06.2026,,A001,WH AHI JABABEKA
R100260504L098_A001,WINGBOX,10700000,0,0,0,600000,0,11300000,A001 - WH AHI JABABEKA,PT. BINTANG SAMUDRA RAYA,7,ON SCHEDULE,31,0,06.06.2026,05.05.2026,11.05.2026,02.06.2026,03.06.2026,03.06.2026,12.06.2026,,A001,WH AHI JABABEKA
R100260504L099_A001,FUSO,11500000,0,0,0,0,0,11500000,A001 - WH AHI JABABEKA,PT. SATRIA PIRANTI PERKASA,7,ON SCHEDULE,31,0,06.06.2026,05.05.2026,09.05.2026,20.05.2026,20.05.2026,26.05.2026,26.05.2026,,A001,WH AHI JABABEKA
R100260504L100_A001,CDD LONG CHASSIS,2850000,0,0,0,0,0,2850000,A001 - WH AHI JABABEKA,PT. BINTANG SAMUDRA RAYA,6,LATE,28,91,03.06.2026,05.05.2026,09.05.2026,18.05.2026,18.05.2026,25.05.2026,26.05.2026,,A001,WH AHI JABABEKA
R100260504L101_A001,WINGBOX,4300000,0,0,0,0,0,4300000,A001 - WH AHI JABABEKA,PT.SIASAT CEPAT MUDA,7,ON SCHEDULE,28,0,04.06.2026,06.05.2026,09.05.2026,12.05.2026,12.05.2026,18.05.2026,18.05.2026,,A001,WH AHI JABABEKA
R100260504L102_A001,CDD LONG CHASSIS,3900000,0,0,0,0,0,3900000,A001 - WH AHI JABABEKA,PT. BINTANG SAMUDRA RAYA,6,LATE,28,90,03.06.2026,05.05.2026,09.05.2026,18.05.2026,18.05.2026,25.05.2026,26.05.2026,,A001,WH AHI JABABEKA
R100260504L103_A001,CDD LONG CHASSIS,3325000,0,0,0,0,0,3325000,A001 - WH AHI JABABEKA,PT. JEJE HARAPAN TRANSINDO,7,ON SCHEDULE,29,0,04.06.2026,05.05.2026,09.05.2026,04.06.2026,04.06.2026,05.06.2026,05.06.2026,,A001,WH AHI JABABEKA
R100260504L104_A001,CDD LONG CHASSIS,2850000,0,0,0,0,0,2850000,A001 - WH AHI JABABEKA,PT. AGUNG MAKMUR JAYA,7,ON SCHEDULE,29,0,04.06.2026,05.05.2026,09.05.2026,12.05.2026,12.05.2026,03.06.2026,12.06.2026,,A001,WH AHI JABABEKA
R100260504L105_A001,CDD LONG CHASSIS,3500000,0,0,0,100000,0,3600000,A001 - WH AHI JABABEKA,PT. AGUNG MAKMUR JAYA,7,ON SCHEDULE,28,0,04.06.2026,06.05.2026,09.05.2026,13.05.2026,14.05.2026,20.05.2026,08.06.2026,,A001,WH AHI JABABEKA
R100260504L105_A001,CDD LONG CHASSIS,3500000,0,0,0,100000,0,3600000,A001 - WH AHI JABABEKA,PT. AGUNG MAKMUR JAYA,7,ON SCHEDULE,28,0,04.06.2026,06.05.2026,09.05.2026,13.05.2026,14.05.2026,20.05.2026,08.06.2026,,A001,WH AHI JABABEKA
R100260504L105_A001,CDD LONG CHASSIS,3500000,0,0,0,100000,0,3600000,A001 - WH AHI JABABEKA,PT. AGUNG MAKMUR JAYA,7,ON SCHEDULE,28,0,04.06.2026,06.05.2026,09.05.2026,13.05.2026,14.05.2026,20.05.2026,08.06.2026,,A001,WH AHI JABABEKA
R100260504L106_A001,CDD LONG CHASSIS,3500000,0,0,0,350000,0,3850000,A001 - WH AHI JABABEKA,PT. CEHA LOGISTIK CEMERLANG,7,ON SCHEDULE,28,0,03.06.2026,05.05.2026,09.05.2026,18.05.2026,18.05.2026,18.05.2026,19.05.2026,,A001,WH AHI JABABEKA
R100260504L108_A001,CDD LONG CHASSIS,3500000,0,0,0,0,0,3500000,A001 - WH AHI JABABEKA,PT.DHANESWARA EXPRES,7,ON SCHEDULE,29,0,04.06.2026,05.05.2026,09.05.2026,12.05.2026,12.05.2026,18.05.2026,18.05.2026,,A001,WH AHI JABABEKA
R100260504T005_A001,CONT-40,26300000,0,0,0,0,0,26300000,A001 - WH AHI JABABEKA,PT. TPIL LOGISTICS,4,LATE,27,91,02.06.2026,05.05.2026,20.05.2026,04.06.2026,04.06.2026,,,,A001,WH AHI JABABEKA
R100260504T006_A001,WINGBOX,7000000,0,0,0,0,0,7000000,A001 - WH AHI JABABEKA,PT. DUNIA EXPRESS TRANSINDO,7,ON SCHEDULE,30,0,05.06.2026,05.05.2026,09.05.2026,20.05.2026,21.05.2026,02.06.2026,02.06.2026,,A001,WH AHI JABABEKA
R100260504T008_A001,CONT-20,3900000,0,0,0,0,0,3900000,A001 - WH AHI JABABEKA,PT. JATIM PETROLEUM TRANSPORT,7,ON SCHEDULE,30,0,04.06.2026,04.05.2026,09.05.2026,05.06.2026,06.06.2026,19.06.2026,19.06.2026,,A001,WH AHI JABABEKA
R100260504T009_A001,CONT-20,3900000,0,0,0,0,0,3900000,A001 - WH AHI JABABEKA,PT. JATIM PETROLEUM TRANSPORT,7,ON SCHEDULE,30,0,04.06.2026,04.05.2026,09.05.2026,05.06.2026,06.06.2026,19.06.2026,19.06.2026,,A001,WH AHI JABABEKA
R100260504T010_A001,CONT-20,3900000,0,0,0,0,0,3900000,A001 - WH AHI JABABEKA,PT. JATIM PETROLEUM TRANSPORT,7,ON SCHEDULE,30,0,04.06.2026,04.05.2026,09.05.2026,05.06.2026,06.06.2026,19.06.2026,19.06.2026,,A001,WH AHI JABABEKA
R100260504T011_A001,WINGBOX,5650000,0,0,0,0,0,5650000,A001 - WH AHI JABABEKA,PT. DUTA MEDIA MANDIRI,7,ON SCHEDULE,30,0,04.06.2026,04.05.2026,09.05.2026,18.05.2026,18.05.2026,19.05.2026,19.05.2026,,A001,WH AHI JABABEKA
R100260504T012_A001,CONT-40,27200000,0,0,0,0,0,27200000,A001 - WH AHI JABABEKA,PT. SENTOSAPRIMA ABADI,7,ON SCHEDULE,39,0,14.06.2026,05.05.2026,14.05.2026,19.06.2026,20.06.2026,22.06.2026,22.06.2026,,A001,WH AHI JABABEKA
R100260504T018_A001,CONT-20,3900000,0,0,0,0,0,3900000,A001 - WH AHI JABABEKA,PT. JATIM PETROLEUM TRANSPORT,7,ON SCHEDULE,30,0,05.06.2026,05.05.2026,09.05.2026,05.06.2026,06.06.2026,19.06.2026,19.06.2026,,A001,WH AHI JABABEKA
R100260504T019_A001,CONT-20,3900000,0,0,0,0,0,3900000,A001 - WH AHI JABABEKA,PT. JATIM PETROLEUM TRANSPORT,7,ON SCHEDULE,30,0,04.06.2026,04.05.2026,09.05.2026,05.06.2026,06.06.2026,19.06.2026,19.06.2026,,A001,WH AHI JABABEKA
R100260504T020_A001,CONT-20,3900000,0,0,0,0,0,3900000,A001 - WH AHI JABABEKA,PT. JATIM PETROLEUM TRANSPORT,7,ON SCHEDULE,30,0,04.06.2026,04.05.2026,09.05.2026,05.06.2026,06.06.2026,19.06.2026,19.06.2026,,A001,WH AHI JABABEKA
R100260504T022_A001,CONT-20,17600000,0,0,0,0,0,17600000,A001 - WH AHI JABABEKA,PT. TPIL LOGISTICS,6,LATE,47,91,21.06.2026,04.05.2026,14.05.2026,04.06.2026,04.06.2026,09.07.2026,09.07.2026,,A001,WH AHI JABABEKA
R100260504T024_A001,WINGBOX,5650000,0,0,0,0,0,5650000,A001 - WH AHI JABABEKA,PT. DUTA MEDIA MANDIRI,7,ON SCHEDULE,30,0,05.06.2026,05.05.2026,09.05.2026,18.05.2026,18.05.2026,19.05.2026,19.05.2026,,A001,WH AHI JABABEKA
R100260504T025_A001,CONT-20,17600000,0,0,0,0,0,17600000,A001 - WH AHI JABABEKA,PT. TPIL LOGISTICS,6,LATE,47,91,21.06.2026,04.05.2026,14.05.2026,04.06.2026,04.06.2026,22.07.2026,22.07.2026,,A001,WH AHI JABABEKA
R100260504T026_A001,CONT-20,17600000,0,0,0,0,0,17600000,A001 - WH AHI JABABEKA,PT. TPIL LOGISTICS,6,LATE,47,91,21.06.2026,04.05.2026,14.05.2026,04.06.2026,04.06.2026,20.07.2026,20.07.2026,,A001,WH AHI JABABEKA
R100260504T027_A001,CONT-20,17600000,0,0,0,0,0,17600000,A001 - WH AHI JABABEKA,PT. TPIL LOGISTICS,6,LATE,47,91,21.06.2026,04.05.2026,14.05.2026,04.06.2026,04.06.2026,23.06.2026,23.06.2026,,A001,WH AHI JABABEKA
R100260504T031_A001,CONT-40,27200000,0,0,0,0,0,27200000,A001 - WH AHI JABABEKA,PT. SENTOSAPRIMA ABADI,7,ON SCHEDULE,39,0,15.06.2026,06.05.2026,14.05.2026,19.06.2026,20.06.2026,22.06.2026,22.06.2026,,A001,WH AHI JABABEKA
R100260504T032_A001,CONT-20,3900000,0,0,0,0,0,3900000,A001 - WH AHI JABABEKA,PT. JATIM PETROLEUM TRANSPORT,7,ON SCHEDULE,30,0,05.06.2026,05.05.2026,09.05.2026,05.06.2026,06.06.2026,19.06.2026,19.06.2026,,A001,WH AHI JABABEKA
R100260504T033_A001,CONT-20,3900000,0,0,0,0,0,3900000,A001 - WH AHI JABABEKA,PT. JATIM PETROLEUM TRANSPORT,7,ON SCHEDULE,30,0,05.06.2026,05.05.2026,09.05.2026,05.06.2026,06.06.2026,19.06.2026,19.06.2026,,A001,WH AHI JABABEKA
R100260504T036_A001,CONT-20,14500000,0,0,0,0,0,14500000,A001 - WH AHI JABABEKA,PT. TPIL LOGISTICS,2,LATE,19,89,26.05.2026,06.05.2026,18.05.2026,,,,,,A001,WH AHI JABABEKA
R100260504T038_A001,CONT-20,3900000,0,0,0,0,0,3900000,A001 - WH AHI JABABEKA,PT. JATIM PETROLEUM TRANSPORT,7,ON SCHEDULE,30,0,04.06.2026,04.05.2026,09.05.2026,05.06.2026,06.06.2026,19.06.2026,19.06.2026,,A001,WH AHI JABABEKA
R100260505B002_A001,CDD LONG CHASSIS,4900000,0,0,0,0,0,4900000,A001 - WH AHI JABABEKA,PT.ORANG KREATIF EKSIS,7,ON SCHEDULE,26,0,06.06.2026,10.05.2026,31.05.2026,05.06.2026,05.06.2026,15.06.2026,15.06.2026,,A001,WH AHI JABABEKA
R100260505B003_A001,CDD LONG CHASSIS,4900000,0,0,0,0,0,4900000,A001 - WH AHI JABABEKA,PT.ORANG KREATIF EKSIS,7,ON SCHEDULE,26,0,02.06.2026,06.05.2026,31.05.2026,05.06.2026,05.06.2026,24.06.2026,24.06.2026,,A001,WH AHI JABABEKA
R100260505B004_A001,CDD LONG CHASSIS,4900000,0,0,0,150000,0,5050000,A001 - WH AHI JABABEKA,PT.ORANG KREATIF EKSIS,7,ON SCHEDULE,26,0,06.06.2026,10.05.2026,31.05.2026,05.06.2026,05.06.2026,15.06.2026,15.06.2026,,A001,WH AHI JABABEKA
R100260505B005_A001,CDD LONG CHASSIS,2250000,0,0,0,0,0,2250000,A001 - WH AHI JABABEKA,PT. BINTANG SAMUDRA RAYA,4,LATE,14,89,21.05.2026,06.05.2026,09.05.2026,13.07.2026,14.07.2026,,,,A001,WH AHI JABABEKA
R100260505L029_A001,CDD LONG CHASSIS,3500000,0,0,0,0,0,3500000,A001 - WH AHI JABABEKA,PT.DHANESWARA EXPRES,7,ON SCHEDULE,29,0,04.06.2026,05.05.2026,09.05.2026,12.05.2026,12.05.2026,18.05.2026,18.05.2026,,A001,WH AHI JABABEKA
R100260505L030_A001,CDD LONG CHASSIS,3325000,0,0,0,350000,0,3675000,A001 - WH AHI JABABEKA,PT. JEJE HARAPAN TRANSINDO,7,ON SCHEDULE,28,0,03.06.2026,05.05.2026,09.05.2026,12.06.2026,14.06.2026,15.06.2026,18.06.2026,,A001,WH AHI JABABEKA
R100260505L032_A001,CDD LONG CHASSIS,3325000,0,0,0,0,0,3325000,A001 - WH AHI JABABEKA,PT. JEJE HARAPAN TRANSINDO,7,ON SCHEDULE,28,0,03.06.2026,05.05.2026,09.05.2026,04.06.2026,04.06.2026,05.06.2026,05.06.2026,,A001,WH AHI JABABEKA
R100260505L044_A001,FUSO,5500000,0,0,0,175000,0,5675000,A001 - WH AHI JABABEKA,PT. DUTA MEDIA MANDIRI,7,ON SCHEDULE,30,0,06.06.2026,06.05.2026,09.05.2026,18.05.2026,18.05.2026,19.05.2026,19.05.2026,,A001,WH AHI JABABEKA
R100260505L045_A001,CDD LONG CHASSIS,3100000,0,0,0,0,0,3100000,A001 - WH AHI JABABEKA,PT. BINTANG SAMUDRA RAYA,6,LATE,29,90,04.06.2026,05.05.2026,09.05.2026,22.05.2026,22.05.2026,25.05.2026,26.05.2026,,A001,WH AHI JABABEKA
R100260505L047_A001,FUSO,14950000,0,0,0,348000,0,15298000,A001 - WH AHI JABABEKA,PT. DUTA LINTAS NUSA,7,ON SCHEDULE,31,0,06.06.2026,05.05.2026,09.05.2026,03.06.2026,04.06.2026,15.06.2026,19.06.2026,,A001,WH AHI JABABEKA
R100260505L048_A001,CONT-20,19670000,0,0,0,0,0,19670000,A001 - WH AHI JABABEKA,PT KAMADJAJA LOGISTICS,7,ON SCHEDULE,38,0,15.06.2026,07.05.2026,18.05.2026,12.06.2026,13.06.2026,17.06.2026,17.06.2026,,A001,WH AHI JABABEKA
R100260505L049_A001,CONT-20,17600000,0,0,0,0,0,17600000,A001 - WH AHI JABABEKA,PT. TPIL LOGISTICS,6,LATE,43,89,19.06.2026,06.05.2026,14.05.2026,16.07.2026,17.07.2026,20.07.2026,20.07.2026,,A001,WH AHI JABABEKA
R100260505L050_A001,CONT-20,13300000,0,0,0,0,0,13300000,A001 - WH AHI JABABEKA,PT.BANGKA JAYA LINE,7,ON SCHEDULE,40,0,15.06.2026,05.05.2026,19.05.2026,09.06.2026,09.06.2026,12.06.2026,15.06.2026,,A001,WH AHI JABABEKA
R100260505L051_A001,CONT-20,25200000,0,0,0,0,0,25200000,A001 - WH AHI JABABEKA,PT. TPIL LOGISTICS,6,LATE,49,89,25.06.2026,06.05.2026,30.05.2026,16.07.2026,17.07.2026,20.07.2026,20.07.2026,,A001,WH AHI JABABEKA
R100260505L052_A001,FUSO,12500000,0,0,0,700000,0,13200000,A001 - WH AHI JABABEKA,PT.DHANESWARA EXPRES,7,ON SCHEDULE,27,0,02.06.2026,05.05.2026,09.05.2026,21.05.2026,22.05.2026,29.05.2026,29.05.2026,,A001,WH AHI JABABEKA
R100260505L053_A001,FUSO,17250000,0,0,0,348000,0,17598000,A001 - WH AHI JABABEKA,PT. DUTA LINTAS NUSA,6,LATE,31,90,06.06.2026,05.05.2026,10.05.2026,26.06.2026,26.06.2026,21.07.2026,21.07.2026,,A001,WH AHI JABABEKA
R100260505L079_A001,CDD LONG CHASSIS,4900000,0,0,0,0,0,4900000,A001 - WH AHI JABABEKA,PT.ORANG KREATIF EKSIS,7,ON SCHEDULE,28,0,03.06.2026,05.05.2026,09.05.2026,13.05.2026,14.05.2026,21.05.2026,21.05.2026,,A001,WH AHI JABABEKA
R100260505L080_A001,CDD LONG CHASSIS,4900000,0,0,0,150000,0,5050000,A001 - WH AHI JABABEKA,PT.ORANG KREATIF EKSIS,7,ON SCHEDULE,28,0,04.06.2026,06.05.2026,09.05.2026,13.05.2026,14.05.2026,21.05.2026,21.05.2026,,A001,WH AHI JABABEKA
R100260505L082_A001,CONT-20,17200000,0,0,0,0,0,17200000,A001 - WH AHI JABABEKA,PT. SENTOSAPRIMA ABADI,7,ON SCHEDULE,41,0,18.06.2026,07.05.2026,23.05.2026,26.06.2026,26.06.2026,02.07.2026,02.07.2026,,A001,WH AHI JABABEKA
R100260505L087_A001,CDD LONG CHASSIS,2350000,0,0,0,0,0,2350000,A001 - WH AHI JABABEKA,PT. BINTANG SAMUDRA RAYA,6,LATE,28,89,05.06.2026,07.05.2026,10.05.2026,18.05.2026,18.05.2026,25.05.2026,26.05.2026,,A001,WH AHI JABABEKA
R100260505L089_A001,FUSO,13800000,0,0,0,0,0,13800000,A001 - WH AHI JABABEKA,PT. DUTA LINTAS NUSA,7,ON SCHEDULE,40,0,19.06.2026,09.05.2026,14.05.2026,04.06.2026,04.06.2026,11.06.2026,17.06.2026,,A001,WH AHI JABABEKA
R100260505L090_A001,CDD LONG CHASSIS,3800000,0,0,0,300000,0,4100000,A001 - WH AHI JABABEKA,PT. BINTANG SAMUDRA RAYA,7,ON SCHEDULE,28,0,04.06.2026,06.05.2026,09.05.2026,02.06.2026,03.06.2026,03.06.2026,12.06.2026,,A001,WH AHI JABABEKA
R100260505L090_A001,CDD LONG CHASSIS,3800000,0,0,0,300000,0,4100000,A001 - WH AHI JABABEKA,PT. BINTANG SAMUDRA RAYA,7,ON SCHEDULE,28,0,04.06.2026,06.05.2026,09.05.2026,02.06.2026,03.06.2026,03.06.2026,12.06.2026,,A001,WH AHI JABABEKA
R100260505L090_A001,CDD LONG CHASSIS,3800000,0,0,0,300000,0,4100000,A001 - WH AHI JABABEKA,PT. BINTANG SAMUDRA RAYA,7,ON SCHEDULE,28,0,04.06.2026,06.05.2026,09.05.2026,02.06.2026,03.06.2026,03.06.2026,12.06.2026,,A001,WH AHI JABABEKA
R100260505L101_A001,CDD LONG CHASSIS,3325000,0,0,0,0,0,3325000,A001 - WH AHI JABABEKA,PT. JEJE HARAPAN TRANSINDO,7,ON SCHEDULE,28,0,04.06.2026,06.05.2026,09.05.2026,12.06.2026,13.06.2026,15.06.2026,18.06.2026,,A001,WH AHI JABABEKA
R100260505L102_A001,CONT-20,17600000,0,0,0,0,0,17600000,A001 - WH AHI JABABEKA,PT. TPIL LOGISTICS,2,LATE,26,86,05.06.2026,09.05.2026,06.06.2026,,,,,,A001,WH AHI JABABEKA
R100260505L103_A001,CONT-20,17600000,0,0,0,0,0,17600000,A001 - WH AHI JABABEKA,PT. TPIL LOGISTICS,2,LATE,26,85,06.06.2026,10.05.2026,06.06.2026,,,,,,A001,WH AHI JABABEKA
R100260505L104_A001,CONT-20,23400000,0,0,0,0,0,23400000,A001 - WH AHI JABABEKA,PT. TPIL LOGISTICS,4,LATE,29,85,09.06.2026,10.05.2026,02.06.2026,04.06.2026,04.06.2026,,,,A001,WH AHI JABABEKA
R100260505L105_A001,CONT-20,31400000,0,0,0,0,0,31400000,A001 - WH AHI JABABEKA,PT. TPIL LOGISTICS,4,LATE,35,89,12.06.2026,07.05.2026,29.05.2026,04.06.2026,04.06.2026,,,,A001,WH AHI JABABEKA
R100260505T023_A001,CONT-40,8750000,0,0,0,0,0,8750000,A001 - WH AHI JABABEKA,PT. CIKARANG GERBANG SOLUSI,6,LATE,30,89,06.06.2026,06.05.2026,09.05.2026,02.06.2026,03.06.2026,21.07.2026,21.07.2026,,A001,WH AHI JABABEKA
R100260505T024_A001,WINGBOX,6600000,0,0,0,0,0,6600000,A001 - WH AHI JABABEKA,PT. JAYA MULYA ERALINDO,7,ON SCHEDULE,30,0,05.06.2026,05.05.2026,09.05.2026,19.05.2026,19.05.2026,20.05.2026,02.06.2026,,A001,WH AHI JABABEKA
R100260505T025_A001,CONT-20,17000000,0,0,0,0,0,17000000,A001 - WH AHI JABABEKA,PT. WIDYA TRANS CARGO,6,LATE,47,88,24.06.2026,07.05.2026,20.05.2026,01.07.2026,02.07.2026,06.07.2026,06.07.2026,,A001,WH AHI JABABEKA
R100260505T026_A001,CONT-20,17000000,0,0,0,0,0,17000000,A001 - WH AHI JABABEKA,PT. WIDYA TRANS CARGO,6,LATE,47,89,23.06.2026,06.05.2026,20.05.2026,01.07.2026,02.07.2026,06.07.2026,20.07.2026,,A001,WH AHI JABABEKA
R100260505T027_A001,CONT-20,17900000,0,0,0,0,0,17900000,A001 - WH AHI JABABEKA,PT. SILKARGO INDONESIA,7,ON SCHEDULE,40,0,16.06.2026,06.05.2026,14.05.2026,29.05.2026,30.05.2026,02.06.2026,17.06.2026,,A001,WH AHI JABABEKA
R100260505T028_A001,CONT-20,17900000,0,0,0,0,0,17900000,A001 - WH AHI JABABEKA,PT. SILKARGO INDONESIA,7,ON SCHEDULE,40,0,16.06.2026,06.05.2026,14.05.2026,04.06.2026,05.06.2026,09.06.2026,30.06.2026,,A001,WH AHI JABABEKA
R100260505T029_A001,CONT-20,16100000,0,0,0,0,0,16100000,A001 - WH AHI JABABEKA,PT. TPIL LOGISTICS,4,LATE,29,89,06.06.2026,07.05.2026,18.05.2026,04.06.2026,04.06.2026,,,,A001,WH AHI JABABEKA
R100260505T041_A001,CONT-20,3900000,0,0,0,0,0,3900000,A001 - WH AHI JABABEKA,PT. JATIM PETROLEUM TRANSPORT,7,ON SCHEDULE,30,0,08.06.2026,08.05.2026,11.05.2026,05.06.2026,06.06.2026,19.06.2026,19.06.2026,,A001,WH AHI JABABEKA
R100260505T042_A001,CONT-20,3900000,0,0,0,0,0,3900000,A001 - WH AHI JABABEKA,PT. JATIM PETROLEUM TRANSPORT,7,ON SCHEDULE,30,0,06.06.2026,06.05.2026,09.05.2026,05.06.2026,06.06.2026,19.06.2026,19.06.2026,,A001,WH AHI JABABEKA
R100260505T043_A001,CONT-20,3900000,0,0,0,0,0,3900000,A001 - WH AHI JABABEKA,PT. JATIM PETROLEUM TRANSPORT,7,ON SCHEDULE,30,0,06.06.2026,06.05.2026,10.05.2026,05.06.2026,06.06.2026,19.06.2026,19.06.2026,,A001,WH AHI JABABEKA
R100260505T052_A001,CONT-40,27200000,0,0,0,0,0,27200000,A001 - WH AHI JABABEKA,PT. SENTOSAPRIMA ABADI,7,ON SCHEDULE,39,0,16.06.2026,07.05.2026,20.05.2026,19.06.2026,20.06.2026,22.06.2026,22.06.2026,,A001,WH AHI JABABEKA
R100260505T053_A001,CONT-20,15300000,0,0,0,0,500000,15800000,A001 - WH AHI JABABEKA,PT. SENTOSAPRIMA ABADI,7,ON SCHEDULE,39,0,16.06.2026,07.05.2026,17.05.2026,26.06.2026,26.06.2026,02.07.2026,02.07.2026,,A001,WH AHI JABABEKA
R100260505T054_A001,WINGBOX,7000000,0,0,0,0,0,7000000,A001 - WH AHI JABABEKA,PT. DUNIA EXPRESS TRANSINDO,7,ON SCHEDULE,30,0,07.06.2026,07.05.2026,10.05.2026,20.05.2026,20.05.2026,02.06.2026,02.06.2026,,A001,WH AHI JABABEKA
R100260505T055_A001,WINGBOX,5650000,0,0,0,0,0,5650000,A001 - WH AHI JABABEKA,PT. DUTA MEDIA MANDIRI,7,ON SCHEDULE,30,0,07.06.2026,07.05.2026,10.05.2026,18.05.2026,18.05.2026,19.05.2026,19.05.2026,,A001,WH AHI JABABEKA
R100260506B003_A001,CDD LONG CHASSIS,0,0,0,0,0,0,0,A001 - WH AHI JABABEKA,PT. MERPATI ALAM SEMESTA,2,LATE,6,88,14.05.2026,07.05.2026,29.05.2026,,,,,,A001,WH AHI JABABEKA
R100260506B004_A001,CDD LONG CHASSIS,4900000,0,0,0,0,0,4900000,A001 - WH AHI JABABEKA,PT.ORANG KREATIF EKSIS,7,ON SCHEDULE,26,0,03.06.2026,07.05.2026,31.05.2026,05.06.2026,05.06.2026,15.06.2026,15.06.2026,,A001,WH AHI JABABEKA
R100260506B005_A001,CDD LONG CHASSIS,4700000,0,0,0,0,0,4700000,A001 - WH AHI JABABEKA,PT. BINTANG SAMUDRA RAYA,7,ON SCHEDULE,29,0,06.06.2026,07.05.2026,19.05.2026,02.06.2026,03.06.2026,03.06.2026,25.06.2026,,A001,WH AHI JABABEKA
R100260506L032_A001,CONT-20,15050000,0,0,650000,0,0,15700000,A001 - WH AHI JABABEKA,PT. TPIL LOGISTICS,6,LATE,42,88,19.06.2026,07.05.2026,14.05.2026,20.07.2026,21.07.2026,21.07.2026,21.07.2026,,A001,WH AHI JABABEKA
R100260506L032_A001,CONT-20,15050000,0,0,650000,0,0,15700000,A001 - WH AHI JABABEKA,PT. TPIL LOGISTICS,6,LATE,42,88,19.06.2026,07.05.2026,14.05.2026,20.07.2026,21.07.2026,21.07.2026,21.07.2026,,A001,WH AHI JABABEKA
R100260506L071_A001,CDD LONG CHASSIS,2850000,0,0,0,0,0,2850000,A001 - WH AHI JABABEKA,PT. BINTANG SAMUDRA RAYA,6,LATE,29,89,05.06.2026,06.05.2026,09.05.2026,18.05.2026,18.05.2026,25.05.2026,26.05.2026,,A001,WH AHI JABABEKA
R100260506L084_A001,CONT-20,16500000,0,0,0,0,0,16500000,A001 - WH AHI JABABEKA,PT. TPIL LOGISTICS,6,LATE,41,88,18.06.2026,07.05.2026,17.05.2026,04.06.2026,04.06.2026,20.07.2026,20.07.2026,,A001,WH AHI JABABEKA
R100260506L085_A001,CONT-20,16500000,0,0,0,0,0,16500000,A001 - WH AHI JABABEKA,PT. TPIL LOGISTICS,4,LATE,29,88,06.06.2026,07.05.2026,17.05.2026,04.06.2026,04.06.2026,,,,A001,WH AHI JABABEKA
R100260506L091_A001,CONT-20,17000000,0,0,800000,0,0,17800000,A001 - WH AHI JABABEKA,PT. SARANA TRANS SUMATERA,7,ON SCHEDULE,40,0,17.06.2026,07.05.2026,,17.06.2026,17.06.2026,17.06.2026,17.06.2026,,A001,WH AHI JABABEKA
R100260506L094_A001,CONT-20,15050000,0,0,0,0,0,15050000,A001 - WH AHI JABABEKA,PT. TPIL LOGISTICS,2,LATE,22,88,30.05.2026,07.05.2026,18.05.2026,,,,,,A001,WH AHI JABABEKA
R100260506L096_A001,CONT-20,15400000,0,0,0,0,0,15400000,A001 - WH AHI JABABEKA,PT. TPIL LOGISTICS,4,LATE,30,86,09.06.2026,09.05.2026,17.05.2026,04.06.2026,04.06.2026,,,,A001,WH AHI JABABEKA
R100260506L097_A001,CONT-20,18700000,0,0,0,0,0,18700000,A001 - WH AHI JABABEKA,PT. TPIL LOGISTICS,4,LATE,34,86,14.06.2026,10.05.2026,18.05.2026,04.06.2026,04.06.2026,,,,A001,WH AHI JABABEKA
R100260506L098_A001,FUSO,20500000,0,0,0,300000,0,20800000,A001 - WH AHI JABABEKA,PT. SATRIA PIRANTI PERKASA,6,LATE,31,86,10.06.2026,09.05.2026,17.05.2026,05.06.2026,05.06.2026,09.06.2026,09.06.2026,,A001,WH AHI JABABEKA
R100260506L099_A001,CONT-20,17000000,0,0,0,0,800000,17800000,A001 - WH AHI JABABEKA,PT. SARANA TRANS SUMATERA,7,ON SCHEDULE,39,0,16.06.2026,07.05.2026,,17.06.2026,17.06.2026,17.06.2026,17.06.2026,,A001,WH AHI JABABEKA
R100260506L101_A001,CDD LONG CHASSIS,4900000,0,0,0,300000,0,5200000,A001 - WH AHI JABABEKA,PT.ORANG KREATIF EKSIS,7,ON SCHEDULE,28,0,05.06.2026,07.05.2026,09.05.2026,18.05.2026,19.05.2026,21.05.2026,21.05.2026,,A001,WH AHI JABABEKA
R100260506L102_A001,FUSO,13800000,0,0,0,350000,0,14150000,A001 - WH AHI JABABEKA,PT LOGISTIK CANGGIH INDONESIA,7,ON SCHEDULE,41,0,18.06.2026,07.05.2026,11.05.2026,18.05.2026,18.05.2026,21.05.2026,25.05.2026,,A001,WH AHI JABABEKA
R100260506T033_A001,CONT-20,3900000,0,0,0,0,0,3900000,A001 - WH AHI JABABEKA,PT. JATIM PETROLEUM TRANSPORT,7,ON SCHEDULE,30,0,06.06.2026,06.05.2026,10.05.2026,05.06.2026,06.06.2026,19.06.2026,19.06.2026,,A001,WH AHI JABABEKA
R100260506T034_A001,CONT-20,3900000,0,0,0,0,0,3900000,A001 - WH AHI JABABEKA,PT. JATIM PETROLEUM TRANSPORT,7,ON SCHEDULE,30,0,06.06.2026,06.05.2026,09.05.2026,05.06.2026,06.06.2026,19.06.2026,19.06.2026,,A001,WH AHI JABABEKA
R100260506T035_A001,CONT-20,3900000,0,0,0,0,0,3900000,A001 - WH AHI JABABEKA,PT. JATIM PETROLEUM TRANSPORT,7,ON SCHEDULE,30,0,07.06.2026,07.05.2026,11.05.2026,05.06.2026,06.06.2026,19.06.2026,19.06.2026,,A001,WH AHI JABABEKA
R100260506T036_A001,CONT-20,3900000,0,0,0,0,0,3900000,A001 - WH AHI JABABEKA,PT. JATIM PETROLEUM TRANSPORT,7,ON SCHEDULE,30,0,07.06.2026,07.05.2026,17.05.2026,05.06.2026,06.06.2026,19.06.2026,19.06.2026,,A001,WH AHI JABABEKA
R100260506T037_A001,WINGBOX,7000000,0,0,0,0,0,7000000,A001 - WH AHI JABABEKA,PT. DUNIA EXPRESS TRANSINDO,7,ON SCHEDULE,30,0,07.06.2026,07.05.2026,10.05.2026,20.05.2026,20.05.2026,02.06.2026,02.06.2026,,A001,WH AHI JABABEKA
R100260506T038_A001,CONT-20,15250000,0,0,0,0,0,15250000,A001 - WH AHI JABABEKA,PT. MITRA INTERTRANS FORWARDING,7,ON SCHEDULE,41,0,19.06.2026,08.05.2026,20.05.2026,23.06.2026,24.06.2026,24.06.2026,24.06.2026,,A001,WH AHI JABABEKA
R100260506T039_A001,CONT-40,27200000,0,0,0,0,0,27200000,A001 - WH AHI JABABEKA,PT. SENTOSAPRIMA ABADI,7,ON SCHEDULE,39,0,16.06.2026,07.05.2026,20.05.2026,19.06.2026,20.06.2026,22.06.2026,22.06.2026,,A001,WH AHI JABABEKA
R100260506T040_A001,CONT-40,29000000,0,0,0,0,0,29000000,A001 - WH AHI JABABEKA,PT. WIDYA TRANS CARGO,6,LATE,47,89,24.06.2026,07.05.2026,20.05.2026,01.07.2026,02.07.2026,06.07.2026,20.07.2026,,A001,WH AHI JABABEKA
R100260506T041_A001,CONT-40,29000000,0,0,0,0,0,29000000,A001 - WH AHI JABABEKA,PT. WIDYA TRANS CARGO,6,LATE,47,89,24.06.2026,07.05.2026,20.05.2026,01.07.2026,02.07.2026,06.07.2026,20.07.2026,,A001,WH AHI JABABEKA
R100260506T046_A001,WINGBOX,6500000,0,0,0,0,0,6500000,A001 - WH AHI JABABEKA,PT.AMANAH TRANSMULIA MANDIRI LOGISTIK,7,ON SCHEDULE,30,0,07.06.2026,07.05.2026,10.05.2026,13.05.2026,14.05.2026,19.05.2026,19.05.2026,,A001,WH AHI JABABEKA
R100260506T047_A001,CONT-20,17000000,0,0,800000,0,500000,18300000,A001 - WH AHI JABABEKA,PT. SARANA TRANS SUMATERA,7,ON SCHEDULE,39,0,16.06.2026,07.05.2026,,18.06.2026,22.06.2026,22.06.2026,22.06.2026,,A001,WH AHI JABABEKA
R100260506T048_A001,CONT-40,29600000,0,0,0,0,0,29600000,A001 - WH AHI JABABEKA,PT. TPIL LOGISTICS,6,LATE,47,87,26.06.2026,09.05.2026,18.05.2026,04.06.2026,04.06.2026,22.07.2026,22.07.2026,,A001,WH AHI JABABEKA
R100260506T049_A001,CONT-40,26300000,0,0,0,0,0,26300000,A001 - WH AHI JABABEKA,PT. TPIL LOGISTICS,4,LATE,27,87,05.06.2026,08.05.2026,20.05.2026,04.06.2026,04.06.2026,,,,A001,WH AHI JABABEKA
R100260507L036_A001,CONT-20,16500000,0,0,0,0,0,16500000,A001 - WH AHI JABABEKA,PT. TPIL LOGISTICS,4,LATE,29,85,09.06.2026,10.05.2026,02.06.2026,04.06.2026,04.06.2026,,,,A001,WH AHI JABABEKA
R100260507L037_A001,CONT-20,16600000,0,0,0,0,0,16600000,A001 - WH AHI JABABEKA,PT. MITRA INTERTRANS FORWARDING,6,LATE,41,86,20.06.2026,09.05.2026,18.05.2026,07.07.2026,07.07.2026,08.07.2026,08.07.2026,,A001,WH AHI JABABEKA
R100260507L038_A001,CONT-20,17000000,0,0,0,0,0,17000000,A001 - WH AHI JABABEKA,PT. SARANA TRANS SUMATERA,7,ON SCHEDULE,39,0,17.06.2026,08.05.2026,,17.06.2026,17.06.2026,17.06.2026,17.06.2026,,A001,WH AHI JABABEKA
R100260507L039_A001,CONT-20,17000000,0,0,0,0,0,17000000,A001 - WH AHI JABABEKA,PT. SARANA TRANS SUMATERA,7,ON SCHEDULE,39,0,17.06.2026,08.05.2026,,17.06.2026,17.06.2026,17.06.2026,17.06.2026,,A001,WH AHI JABABEKA
R100260507L050_A001,CONT-20,0,0,0,0,0,0,0,A001 - WH AHI JABABEKA,PT. TPIL LOGISTICS,2,LATE,26,85,06.06.2026,10.05.2026,06.06.2026,,,,,,A001,WH AHI JABABEKA
R100260507L052_A001,CDD LONG CHASSIS,4900000,0,0,0,300000,0,5200000,A001 - WH AHI JABABEKA,PT.ORANG KREATIF EKSIS,7,ON SCHEDULE,28,0,06.06.2026,08.05.2026,10.05.2026,18.05.2026,19.05.2026,21.05.2026,21.05.2026,,A001,WH AHI JABABEKA
R100260507L053_A001,CDD LONG CHASSIS,2850000,0,0,0,0,0,2850000,A001 - WH AHI JABABEKA,PT. AGUNG MAKMUR JAYA,7,ON SCHEDULE,29,0,07.06.2026,08.05.2026,10.05.2026,12.05.2026,12.05.2026,03.06.2026,12.06.2026,,A001,WH AHI JABABEKA
R100260507L057_A001,CONT-20,17000000,0,0,800000,0,0,17800000,A001 - WH AHI JABABEKA,PT. SARANA TRANS SUMATERA,7,ON SCHEDULE,40,0,18.06.2026,08.05.2026,,17.06.2026,22.06.2026,22.06.2026,22.06.2026,,A001,WH AHI JABABEKA
R100260507L064_A001,CONT-20,33500000,0,0,0,0,0,33500000,A001 - WH AHI JABABEKA,PT. TPIL LOGISTICS,2,LATE,27,85,08.06.2026,11.05.2026,25.06.2026,,,,,,A001,WH AHI JABABEKA
R100260507L087_A001,WINGBOX,35000000,0,0,0,200000,0,35200000,A001 - WH AHI JABABEKA,PT.ORANG KREATIF EKSIS,7,ON SCHEDULE,47,0,28.06.2026,11.05.2026,18.05.2026,08.06.2026,09.06.2026,15.06.2026,15.06.2026,,A001,WH AHI JABABEKA
R100260507L088_A001,FUSO,15250000,0,0,0,250000,0,15500000,A001 - WH AHI JABABEKA,PT LOGISTIK CANGGIH INDONESIA,7,ON SCHEDULE,31,0,09.06.2026,08.05.2026,14.05.2026,21.05.2026,21.05.2026,25.05.2026,26.05.2026,,A001,WH AHI JABABEKA
R100260507L090_A001,CONT-20,15400000,0,0,0,0,0,15400000,A001 - WH AHI JABABEKA,PT. SENTOSAPRIMA ABADI,7,ON SCHEDULE,41,0,19.06.2026,08.05.2026,18.05.2026,26.06.2026,26.06.2026,30.06.2026,30.06.2026,,A001,WH AHI JABABEKA
R100260507L091_A001,CONT-20,28500000,0,0,0,0,0,28500000,A001 - WH AHI JABABEKA,PT. TPIL LOGISTICS,2,LATE,34,83,16.06.2026,12.05.2026,12.06.2026,,,,,,A001,WH AHI JABABEKA
R100260507T013_A001,CONT-40,8750000,0,0,0,0,0,8750000,A001 - WH AHI JABABEKA,PT. CIKARANG GERBANG SOLUSI,6,LATE,30,88,08.06.2026,08.05.2026,11.05.2026,02.06.2026,03.06.2026,21.07.2026,21.07.2026,,A001,WH AHI JABABEKA
R100260507T014_A001,CONT-40,8750000,0,0,0,0,0,8750000,A001 - WH AHI JABABEKA,PT. CIKARANG GERBANG SOLUSI,6,LATE,30,88,07.06.2026,07.05.2026,11.05.2026,21.07.2026,21.07.2026,21.07.2026,21.07.2026,,A001,WH AHI JABABEKA
R100260507T015_A001,CONT-40,27200000,0,0,0,0,0,27200000,A001 - WH AHI JABABEKA,PT. SENTOSAPRIMA ABADI,7,ON SCHEDULE,39,0,17.06.2026,08.05.2026,18.05.2026,19.06.2026,20.06.2026,22.06.2026,22.06.2026,,A001,WH AHI JABABEKA
R100260507T016_A001,CONT-40,29600000,0,0,0,0,0,29600000,A001 - WH AHI JABABEKA,PT. TPIL LOGISTICS,6,LATE,47,88,25.06.2026,08.05.2026,18.05.2026,04.06.2026,04.06.2026,22.07.2026,31.07.2026,,A001,WH AHI JABABEKA
R100260507T017_A001,CONT-40,30400000,0,0,0,0,0,30400000,A001 - WH AHI JABABEKA,PT. SENTOSAPRIMA ABADI,6,LATE,47,88,24.06.2026,07.05.2026,18.05.2026,27.07.2026,27.07.2026,29.07.2026,29.07.2026,,A001,WH AHI JABABEKA
R100260507T018_A001,WINGBOX,5650000,0,0,0,0,0,5650000,A001 - WH AHI JABABEKA,PT. DUTA MEDIA MANDIRI,7,ON SCHEDULE,30,0,07.06.2026,07.05.2026,10.05.2026,18.05.2026,18.05.2026,19.05.2026,19.05.2026,,A001,WH AHI JABABEKA
R100260507T024_A001,CONT-20,17000000,0,0,800000,0,500000,18300000,A001 - WH AHI JABABEKA,PT. SARANA TRANS SUMATERA,7,ON SCHEDULE,39,0,17.06.2026,08.05.2026,,18.06.2026,22.06.2026,22.06.2026,22.06.2026,,A001,WH AHI JABABEKA
R100260507T027_A001,CONT-40,30400000,0,0,0,0,0,30400000,A001 - WH AHI JABABEKA,PT. SENTOSAPRIMA ABADI,6,LATE,47,88,25.06.2026,08.05.2026,18.05.2026,27.07.2026,27.07.2026,29.07.2026,29.07.2026,,A001,WH AHI JABABEKA
R100260507T032_A001,WINGBOX,5650000,0,0,0,0,0,5650000,A001 - WH AHI JABABEKA,PT. DUTA MEDIA MANDIRI,7,ON SCHEDULE,30,0,08.06.2026,08.05.2026,11.05.2026,18.05.2026,18.05.2026,19.05.2026,19.05.2026,,A001,WH AHI JABABEKA
R100260507T033_A001,CONT-20,15800000,0,0,0,0,0,15800000,A001 - WH AHI JABABEKA,PT. SENTOSAPRIMA ABADI,6,LATE,41,87,19.06.2026,08.05.2026,31.05.2026,30.06.2026,30.06.2026,09.07.2026,09.07.2026,,A001,WH AHI JABABEKA
R100260508B006_A001,CDD LONG CHASSIS,4900000,0,0,0,0,0,4900000,A001 - WH AHI JABABEKA,PT.ORANG KREATIF EKSIS,7,ON SCHEDULE,26,0,05.06.2026,09.05.2026,31.05.2026,05.06.2026,05.06.2026,24.06.2026,24.06.2026,,A001,WH AHI JABABEKA
R100260508B007_A001,CONT-20,0,0,0,0,0,0,0,A001 - WH AHI JABABEKA,PT. TPIL LOGISTICS,2,LATE,6,83,19.05.2026,12.05.2026,18.06.2026,,,,,,A001,WH AHI JABABEKA
R100260508L023_A001,CONT-20,18000000,0,0,0,0,0,18000000,A001 - WH AHI JABABEKA,PT. TPIL LOGISTICS,6,LATE,42,86,21.06.2026,09.05.2026,17.05.2026,04.06.2026,04.06.2026,20.07.2026,20.07.2026,,A001,WH AHI JABABEKA
R100260508L025_A001,CONT-20,18000000,0,0,0,0,0,18000000,A001 - WH AHI JABABEKA,PT. TPIL LOGISTICS,4,LATE,30,85,10.06.2026,10.05.2026,17.05.2026,04.06.2026,04.06.2026,,,,A001,WH AHI JABABEKA
R100260508L033_A001,WINGBOX,11500000,0,0,0,750000,0,12250000,A001 - WH AHI JABABEKA,PT. BINTANG SAMUDRA RAYA,7,ON SCHEDULE,41,0,20.06.2026,09.05.2026,14.05.2026,02.06.2026,03.06.2026,03.06.2026,12.06.2026,,A001,WH AHI JABABEKA
R100260508L033_A001,WINGBOX,11500000,0,0,0,750000,0,12250000,A001 - WH AHI JABABEKA,PT. BINTANG SAMUDRA RAYA,7,ON SCHEDULE,41,0,20.06.2026,09.05.2026,14.05.2026,02.06.2026,03.06.2026,03.06.2026,12.06.2026,,A001,WH AHI JABABEKA
R100260508L034_A001,FUSO,5900000,0,0,0,400000,0,6300000,A001 - WH AHI JABABEKA,PT. SATRIA PIRANTI PERKASA,7,ON SCHEDULE,30,0,10.06.2026,10.05.2026,14.05.2026,29.05.2026,29.05.2026,05.06.2026,05.06.2026,,A001,WH AHI JABABEKA
R100260508L035_A001,WINGBOX,10700000,0,0,0,400000,0,11100000,A001 - WH AHI JABABEKA,PT. BINTANG SAMUDRA RAYA,7,ON SCHEDULE,31,0,09.06.2026,08.05.2026,14.05.2026,02.06.2026,03.06.2026,03.06.2026,12.06.2026,,A001,WH AHI JABABEKA
R100260508L035_A001,WINGBOX,10700000,0,0,0,400000,0,11100000,A001 - WH AHI JABABEKA,PT. BINTANG SAMUDRA RAYA,7,ON SCHEDULE,31,0,09.06.2026,08.05.2026,14.05.2026,02.06.2026,03.06.2026,03.06.2026,12.06.2026,,A001,WH AHI JABABEKA
R100260508L042_A001,CDD LONG CHASSIS,4900000,0,0,0,0,0,4900000,A001 - WH AHI JABABEKA,PT.ORANG KREATIF EKSIS,7,ON SCHEDULE,28,0,06.06.2026,08.05.2026,10.05.2026,13.05.2026,14.05.2026,21.05.2026,21.05.2026,,A001,WH AHI JABABEKA
R100260508L043_A001,FUSO,19350000,0,0,0,200000,0,19550000,A001 - WH AHI JABABEKA,PT. SATRIA PIRANTI PERKASA,7,ON SCHEDULE,41,0,20.06.2026,09.05.2026,14.05.2026,20.05.2026,20.05.2026,26.05.2026,26.05.2026,,A001,WH AHI JABABEKA
R100260508L044_A001,CDD LONG CHASSIS,3100000,0,0,0,0,0,3100000,A001 - WH AHI JABABEKA,PT. BINTANG SAMUDRA RAYA,7,ON SCHEDULE,29,0,08.06.2026,09.05.2026,11.05.2026,18.05.2026,18.05.2026,03.06.2026,25.06.2026,,A001,WH AHI JABABEKA
R100260508L045_A001,CDD LONG CHASSIS,2850000,0,0,0,0,0,2850000,A001 - WH AHI JABABEKA,PT. BINTANG SAMUDRA RAYA,6,LATE,28,87,07.06.2026,09.05.2026,11.05.2026,18.05.2026,18.05.2026,25.05.2026,26.05.2026,,A001,WH AHI JABABEKA
R100260508L046_A001,CDD LONG CHASSIS,3500000,0,0,0,700000,0,4200000,A001 - WH AHI JABABEKA,PT. CEHA LOGISTIK CEMERLANG,7,ON SCHEDULE,28,0,07.06.2026,09.05.2026,11.05.2026,18.05.2026,18.05.2026,18.05.2026,19.05.2026,,A001,WH AHI JABABEKA
R100260508L047_A001,FUSO,12500000,0,0,0,700000,0,13200000,A001 - WH AHI JABABEKA,PT.DHANESWARA EXPRES,7,ON SCHEDULE,31,0,10.06.2026,09.05.2026,14.05.2026,21.05.2026,22.05.2026,29.05.2026,29.05.2026,,A001,WH AHI JABABEKA
R100260508L049_A001,CDD LONG CHASSIS,3600000,0,0,0,300000,0,3900000,A001 - WH AHI JABABEKA,PT. BINTANG SAMUDRA RAYA,7,ON SCHEDULE,28,0,07.06.2026,09.05.2026,11.05.2026,02.06.2026,03.06.2026,03.06.2026,12.06.2026,,A001,WH AHI JABABEKA
R100260508L049_A001,CDD LONG CHASSIS,3600000,0,0,0,300000,0,3900000,A001 - WH AHI JABABEKA,PT. BINTANG SAMUDRA RAYA,7,ON SCHEDULE,28,0,07.06.2026,09.05.2026,11.05.2026,02.06.2026,03.06.2026,03.06.2026,12.06.2026,,A001,WH AHI JABABEKA
R100260508L050_A001,CDD LONG CHASSIS,3500000,0,0,0,0,0,3500000,A001 - WH AHI JABABEKA,PT. CEHA LOGISTIK CEMERLANG,7,ON SCHEDULE,28,0,07.06.2026,09.05.2026,11.05.2026,12.05.2026,12.05.2026,18.05.2026,19.05.2026,,A001,WH AHI JABABEKA
R100260508L051_A001,CONT-20,19050000,0,0,0,0,0,19050000,A001 - WH AHI JABABEKA,PT. MITRA INTERTRANS FORWARDING,6,LATE,43,83,25.06.2026,12.05.2026,24.05.2026,14.07.2026,14.07.2026,15.07.2026,27.07.2026,,A001,WH AHI JABABEKA
R100260508L052_A001,CONT-20,16600000,0,0,0,0,0,16600000,A001 - WH AHI JABABEKA,PT. MITRA INTERTRANS FORWARDING,7,ON SCHEDULE,41,0,21.06.2026,10.05.2026,18.05.2026,23.06.2026,24.06.2026,24.06.2026,24.06.2026,,A001,WH AHI JABABEKA
R100260508L053_A001,CONT-20,23400000,0,0,0,0,0,23400000,A001 - WH AHI JABABEKA,PT. TPIL LOGISTICS,4,LATE,29,84,10.06.2026,11.05.2026,30.05.2026,04.06.2026,04.06.2026,,,,A001,WH AHI JABABEKA
R100260508L054_A001,CONT-20,15500000,0,0,0,0,0,15500000,A001 - WH AHI JABABEKA,PT. SENTOSAPRIMA ABADI,6,LATE,42,87,21.06.2026,09.05.2026,23.05.2026,30.06.2026,30.06.2026,08.07.2026,08.07.2026,,A001,WH AHI JABABEKA
R100260508L055_A001,CDD LONG CHASSIS,4900000,0,0,0,0,0,4900000,A001 - WH AHI JABABEKA,PT.ORANG KREATIF EKSIS,7,ON SCHEDULE,28,0,06.06.2026,08.05.2026,10.05.2026,18.05.2026,19.05.2026,21.05.2026,21.05.2026,,A001,WH AHI JABABEKA
R100260508L079_A001,CONT-20,15500000,0,0,0,0,0,15500000,A001 - WH AHI JABABEKA,PT. SENTOSAPRIMA ABADI,6,LATE,42,86,22.06.2026,10.05.2026,23.05.2026,02.07.2026,02.07.2026,15.07.2026,15.07.2026,,A001,WH AHI JABABEKA
R100260508T017_A001,CONT-20,3900000,0,0,0,0,0,3900000,A001 - WH AHI JABABEKA,PT. JATIM PETROLEUM TRANSPORT,7,ON SCHEDULE,30,0,09.06.2026,09.05.2026,11.05.2026,09.06.2026,10.06.2026,19.06.2026,19.06.2026,,A001,WH AHI JABABEKA
R100260508T018_A001,CONT-20,3900000,0,0,0,0,0,3900000,A001 - WH AHI JABABEKA,PT. JATIM PETROLEUM TRANSPORT,7,ON SCHEDULE,30,0,09.06.2026,09.05.2026,11.05.2026,09.06.2026,10.06.2026,19.06.2026,19.06.2026,,A001,WH AHI JABABEKA
R100260508T019_A001,CONT-20,3900000,0,0,0,0,0,3900000,A001 - WH AHI JABABEKA,PT. JATIM PETROLEUM TRANSPORT,7,ON SCHEDULE,30,0,08.06.2026,08.05.2026,11.05.2026,09.06.2026,10.06.2026,19.06.2026,19.06.2026,,A001,WH AHI JABABEKA
R100260508T020_A001,CONT-40,29000000,0,0,0,0,0,29000000,A001 - WH AHI JABABEKA,PT. WIDYA TRANS CARGO,6,LATE,47,87,25.06.2026,08.05.2026,20.05.2026,01.07.2026,02.07.2026,06.07.2026,20.07.2026,,A001,WH AHI JABABEKA
R100260508T028_A001,CONT-20,3900000,0,0,0,0,0,3900000,A001 - WH AHI JABABEKA,PT. JATIM PETROLEUM TRANSPORT,7,ON SCHEDULE,30,0,09.06.2026,09.05.2026,11.05.2026,09.06.2026,10.06.2026,19.06.2026,19.06.2026,,A001,WH AHI JABABEKA
R100260508T029_A001,CONT-20,3900000,0,0,0,0,0,3900000,A001 - WH AHI JABABEKA,PT. JATIM PETROLEUM TRANSPORT,7,ON SCHEDULE,30,0,08.06.2026,08.05.2026,11.05.2026,09.06.2026,10.06.2026,19.06.2026,19.06.2026,,A001,WH AHI JABABEKA
R100260508T030_A001,CONT-20,3900000,0,0,0,0,0,3900000,A001 - WH AHI JABABEKA,PT. JATIM PETROLEUM TRANSPORT,7,ON SCHEDULE,30,0,09.06.2026,09.05.2026,11.05.2026,09.06.2026,10.06.2026,19.06.2026,19.06.2026,,A001,WH AHI JABABEKA
R100260508T038_A001,WINGBOX,6600000,0,0,0,0,0,6600000,A001 - WH AHI JABABEKA,PT. JAYA MULYA ERALINDO,7,ON SCHEDULE,30,0,09.06.2026,09.05.2026,14.05.2026,19.05.2026,19.05.2026,20.05.2026,02.06.2026,,A001,WH AHI JABABEKA
R100260508T039_A001,CONT-40,8750000,0,0,0,0,0,8750000,A001 - WH AHI JABABEKA,PT. CIKARANG GERBANG SOLUSI,2,LATE,10,87,19.05.2026,08.05.2026,14.05.2026,,,,,,A001,WH AHI JABABEKA
R100260508T040_A001,CONT-40,8750000,0,0,0,0,0,8750000,A001 - WH AHI JABABEKA,PT. CIKARANG GERBANG SOLUSI,6,LATE,30,83,12.06.2026,12.05.2026,14.05.2026,21.07.2026,21.07.2026,21.07.2026,21.07.2026,,A001,WH AHI JABABEKA
R100260509L014_A001,CONT-20,19000000,0,0,0,0,0,19000000,A001 - WH AHI JABABEKA,PT. SENTOSAPRIMA ABADI,7,ON SCHEDULE,43,0,22.06.2026,09.05.2026,18.05.2026,26.06.2026,26.06.2026,01.07.2026,01.07.2026,,A001,WH AHI JABABEKA
R100260509L015_A001,FUSO,14750000,0,0,0,200000,0,14950000,A001 - WH AHI JABABEKA,PT. SATRIA PIRANTI PERKASA,7,ON SCHEDULE,31,0,13.06.2026,12.05.2026,17.05.2026,25.05.2026,25.05.2026,05.06.2026,05.06.2026,,A001,WH AHI JABABEKA
R100260509L041_A001,CDD LONG CHASSIS,1725000,0,0,0,0,0,1725000,A001 - WH AHI JABABEKA,PT. BINTANG SAMUDRA RAYA,6,LATE,27,86,06.06.2026,09.05.2026,11.05.2026,18.05.2026,18.05.2026,25.05.2026,26.05.2026,,A001,WH AHI JABABEKA
R100260509L042_A001,CDD LONG CHASSIS,2350000,0,0,0,0,0,2350000,A001 - WH AHI JABABEKA,PT. BINTANG SAMUDRA RAYA,6,LATE,28,86,07.06.2026,09.05.2026,11.05.2026,18.05.2026,18.05.2026,25.05.2026,26.05.2026,,A001,WH AHI JABABEKA
R100260509L057_A001,CDD LONG CHASSIS,2850000,0,0,0,0,0,2850000,A001 - WH AHI JABABEKA,PT. AGUNG MAKMUR JAYA,7,ON SCHEDULE,29,0,09.06.2026,10.05.2026,12.05.2026,13.05.2026,14.05.2026,20.05.2026,08.06.2026,,A001,WH AHI JABABEKA
R100260509L058_A001,CDD LONG CHASSIS,1725000,0,0,0,0,0,1725000,A001 - WH AHI JABABEKA,PT. BINTANG SAMUDRA RAYA,6,LATE,27,86,06.06.2026,09.05.2026,11.05.2026,18.05.2026,18.05.2026,25.05.2026,26.05.2026,,A001,WH AHI JABABEKA
R100260509L059_A001,CONT-20,15050000,0,0,550000,0,0,15600000,A001 - WH AHI JABABEKA,PT. TPIL LOGISTICS,6,LATE,42,85,23.06.2026,11.05.2026,,22.07.2026,22.07.2026,24.07.2026,24.07.2026,,A001,WH AHI JABABEKA
R100260509L059_A001,CONT-20,15050000,0,0,550000,0,0,15600000,A001 - WH AHI JABABEKA,PT. TPIL LOGISTICS,6,LATE,42,85,23.06.2026,11.05.2026,,22.07.2026,22.07.2026,24.07.2026,24.07.2026,,A001,WH AHI JABABEKA
R100260509L059_A001,CONT-20,15050000,0,0,550000,0,0,15600000,A001 - WH AHI JABABEKA,PT. TPIL LOGISTICS,6,LATE,42,85,23.06.2026,11.05.2026,,22.07.2026,22.07.2026,24.07.2026,24.07.2026,,A001,WH AHI JABABEKA
R100260509L060_A001,CDD LONG CHASSIS,1725000,0,0,0,0,0,1725000,A001 - WH AHI JABABEKA,PT. BINTANG SAMUDRA RAYA,6,LATE,28,86,07.06.2026,09.05.2026,11.05.2026,18.05.2026,18.05.2026,25.05.2026,26.05.2026,,A001,WH AHI JABABEKA
R100260509L061_A001,CDD LONG CHASSIS,1600000,0,0,0,0,0,1600000,A001 - WH AHI JABABEKA,PT. BINTANG SAMUDRA RAYA,6,LATE,28,86,08.06.2026,10.05.2026,11.05.2026,18.05.2026,18.05.2026,25.05.2026,26.05.2026,,A001,WH AHI JABABEKA
R100260509L062_A001,CDD LONG CHASSIS,1725000,0,0,0,0,0,1725000,A001 - WH AHI JABABEKA,PT. BINTANG SAMUDRA RAYA,6,LATE,27,86,06.06.2026,09.05.2026,11.05.2026,18.05.2026,18.05.2026,25.05.2026,26.05.2026,,A001,WH AHI JABABEKA
R100260509L064_A001,CDD LONG CHASSIS,1725000,0,0,0,0,0,1725000,A001 - WH AHI JABABEKA,PT. BINTANG SAMUDRA RAYA,7,ON SCHEDULE,27,0,07.06.2026,10.05.2026,11.05.2026,18.05.2026,18.05.2026,03.06.2026,25.06.2026,,A001,WH AHI JABABEKA
R100260509L065_A001,CDD LONG CHASSIS,1400000,0,0,0,0,0,1400000,A001 - WH AHI JABABEKA,PT. BINTANG SAMUDRA RAYA,7,ON SCHEDULE,27,0,07.06.2026,10.05.2026,11.05.2026,18.05.2026,18.05.2026,03.06.2026,25.06.2026,,A001,WH AHI JABABEKA
R100260509L066_A001,CDD LONG CHASSIS,1400000,0,0,0,0,0,1400000,A001 - WH AHI JABABEKA,PT. BINTANG SAMUDRA RAYA,7,ON SCHEDULE,28,0,08.06.2026,10.05.2026,11.05.2026,18.05.2026,18.05.2026,29.05.2026,03.06.2026,,A001,WH AHI JABABEKA
R100260509L067_A001,CDD LONG CHASSIS,4900000,0,0,0,150000,0,5050000,A001 - WH AHI JABABEKA,PT.ORANG KREATIF EKSIS,7,ON SCHEDULE,28,0,08.06.2026,10.05.2026,12.05.2026,18.05.2026,19.05.2026,21.05.2026,21.05.2026,,A001,WH AHI JABABEKA
R100260509L072_A001,CONT-20,23400000,0,0,0,0,0,23400000,A001 - WH AHI JABABEKA,PT. TPIL LOGISTICS,4,LATE,29,85,10.06.2026,11.05.2026,02.06.2026,04.06.2026,04.06.2026,,,,A001,WH AHI JABABEKA
R100260509L073_A001,CONT-20,17000000,0,0,0,0,800000,17800000,A001 - WH AHI JABABEKA,PT. SARANA TRANS SUMATERA,7,ON SCHEDULE,40,0,20.06.2026,10.05.2026,,15.06.2026,17.06.2026,17.06.2026,17.06.2026,,A001,WH AHI JABABEKA
R100260509L075_A001,CDD LONG CHASSIS,3900000,0,0,0,300000,0,4200000,A001 - WH AHI JABABEKA,PT. BINTANG SAMUDRA RAYA,7,ON SCHEDULE,29,0,08.06.2026,09.05.2026,11.05.2026,04.06.2026,04.06.2026,05.06.2026,05.06.2026,,A001,WH AHI JABABEKA
R100260509L075_A001,CDD LONG CHASSIS,3900000,0,0,0,300000,0,4200000,A001 - WH AHI JABABEKA,PT. BINTANG SAMUDRA RAYA,7,ON SCHEDULE,29,0,08.06.2026,09.05.2026,11.05.2026,04.06.2026,04.06.2026,05.06.2026,05.06.2026,,A001,WH AHI JABABEKA
R100260509L083_A001,CONT-20,0,0,0,0,0,0,0,A001 - WH AHI JABABEKA,PT. TPIL LOGISTICS,2,LATE,27,83,10.06.2026,13.05.2026,25.06.2026,,,,,,A001,WH AHI JABABEKA
R100260509T014_A001,WINGBOX,6600000,0,0,0,0,0,6600000,A001 - WH AHI JABABEKA,PT. JAYA MULYA ERALINDO,7,ON SCHEDULE,30,0,09.06.2026,09.05.2026,12.05.2026,19.05.2026,19.05.2026,20.05.2026,02.06.2026,,A001,WH AHI JABABEKA
R100260509T015_A001,CONT-40,32000000,0,0,0,0,0,32000000,A001 - WH AHI JABABEKA,PT. DAYA EKA SAMUDERA JAKARTA,7,ON SCHEDULE,39,0,18.06.2026,09.05.2026,31.05.2026,08.06.2026,08.06.2026,08.06.2026,08.06.2026,,A001,WH AHI JABABEKA
R100260509T023_A001,CONT-40,27200000,0,0,0,0,0,27200000,A001 - WH AHI JABABEKA,PT. SENTOSAPRIMA ABADI,6,LATE,39,86,19.06.2026,10.05.2026,22.05.2026,10.07.2026,10.07.2026,16.07.2026,16.07.2026,,A001,WH AHI JABABEKA
R100260509T024_A001,CONT-20,15500000,0,0,0,0,0,15500000,A001 - WH AHI JABABEKA,PT. SENTOSAPRIMA ABADI,6,LATE,40,86,19.06.2026,09.05.2026,23.05.2026,30.06.2026,30.06.2026,08.07.2026,08.07.2026,,A001,WH AHI JABABEKA
R100260509T025_A001,CONT-40,15800000,0,0,0,0,0,15800000,A001 - WH AHI JABABEKA,PT. SENTOSAPRIMA ABADI,6,LATE,41,86,20.06.2026,09.05.2026,31.05.2026,02.07.2026,02.07.2026,20.07.2026,20.07.2026,,A001,WH AHI JABABEKA
R100260509T026_A001,WINGBOX,5650000,0,0,0,0,0,5650000,A001 - WH AHI JABABEKA,PT. DUTA MEDIA MANDIRI,7,ON SCHEDULE,30,0,09.06.2026,09.05.2026,12.05.2026,18.05.2026,18.05.2026,19.05.2026,19.05.2026,,A001,WH AHI JABABEKA
R100260509T027_A001,CONT-40,8750000,0,0,0,0,0,8750000,A001 - WH AHI JABABEKA,PT. CIKARANG GERBANG SOLUSI,6,LATE,30,86,09.06.2026,09.05.2026,14.05.2026,25.06.2026,25.06.2026,29.06.2026,06.07.2026,,A001,WH AHI JABABEKA
R100260509T028_A001,CONT-40,8750000,0,0,0,0,0,8750000,A001 - WH AHI JABABEKA,PT. CIKARANG GERBANG SOLUSI,6,LATE,30,85,10.06.2026,10.05.2026,31.05.2026,25.06.2026,25.06.2026,29.06.2026,06.07.2026,,A001,WH AHI JABABEKA
R100260509T029_A001,CONT-40,8750000,0,0,0,0,0,8750000,A001 - WH AHI JABABEKA,PT. CIKARANG GERBANG SOLUSI,6,LATE,30,86,09.06.2026,09.05.2026,14.05.2026,25.06.2026,25.06.2026,29.06.2026,06.07.2026,,A001,WH AHI JABABEKA
R100260509T037_A001,CONT-40,29000000,0,0,0,0,0,29000000,A001 - WH AHI JABABEKA,PT. WIDYA TRANS CARGO,6,LATE,47,85,27.06.2026,10.05.2026,09.06.2026,01.07.2026,02.07.2026,06.07.2026,06.07.2026,,A001,WH AHI JABABEKA
R100260509T038_A001,WINGBOX,5600000,0,0,0,0,0,5600000,A001 - WH AHI JABABEKA,PT. BINTANG SAMUDRA RAYA,6,LATE,30,85,10.06.2026,10.05.2026,14.05.2026,18.05.2026,18.05.2026,25.05.2026,26.05.2026,,A001,WH AHI JABABEKA
R100260509T039_A001,CONT-40,14700000,0,0,0,0,0,14700000,A001 - WH AHI JABABEKA,PT. DAYA EKA SAMUDERA JAKARTA,6,LATE,39,85,19.06.2026,10.05.2026,24.05.2026,02.06.2026,02.06.2026,03.06.2026,03.06.2026,,A001,WH AHI JABABEKA
R100260510L016_A001,FUSO,19200000,0,0,0,0,0,19200000,A001 - WH AHI JABABEKA,PT. SATRIA PIRANTI PERKASA,7,ON SCHEDULE,31,0,15.06.2026,14.05.2026,19.05.2026,10.06.2026,11.06.2026,18.06.2026,18.06.2026,,A001,WH AHI JABABEKA
R100260510L017_A001,CDD LONG CHASSIS,1400000,0,0,0,0,0,1400000,A001 - WH AHI JABABEKA,PT. BINTANG SAMUDRA RAYA,7,ON SCHEDULE,28,0,09.06.2026,11.05.2026,14.05.2026,02.06.2026,03.06.2026,03.06.2026,25.06.2026,,A001,WH AHI JABABEKA
R100260510L018_A001,CDD LONG CHASSIS,1700000,0,0,0,0,0,1700000,A001 - WH AHI JABABEKA,PT. ANTAR JARINGAN SEPANJANG JALAN,7,ON SCHEDULE,28,0,08.06.2026,10.05.2026,11.05.2026,18.05.2026,18.05.2026,21.05.2026,21.05.2026,,A001,WH AHI JABABEKA
R100260510L019_A001,CDD LONG CHASSIS,1600000,0,0,0,100000,0,1700000,A001 - WH AHI JABABEKA,PT. AGUNG MAKMUR JAYA,7,ON SCHEDULE,28,0,09.06.2026,11.05.2026,12.05.2026,13.05.2026,14.05.2026,20.05.2026,08.06.2026,,A001,WH AHI JABABEKA
R100260510L019_A001,CDD LONG CHASSIS,1600000,0,0,0,100000,0,1700000,A001 - WH AHI JABABEKA,PT. AGUNG MAKMUR JAYA,7,ON SCHEDULE,28,0,09.06.2026,11.05.2026,12.05.2026,13.05.2026,14.05.2026,20.05.2026,08.06.2026,,A001,WH AHI JABABEKA
R100260510L019_A001,CDD LONG CHASSIS,1600000,0,0,0,100000,0,1700000,A001 - WH AHI JABABEKA,PT. AGUNG MAKMUR JAYA,7,ON SCHEDULE,28,0,09.06.2026,11.05.2026,12.05.2026,13.05.2026,14.05.2026,20.05.2026,08.06.2026,,A001,WH AHI JABABEKA
R100260510L020_A001,CDD LONG CHASSIS,1950000,0,0,0,200000,0,2150000,A001 - WH AHI JABABEKA,PT. BINTANG SAMUDRA RAYA,7,ON SCHEDULE,28,0,09.06.2026,11.05.2026,14.05.2026,04.06.2026,04.06.2026,05.06.2026,05.06.2026,,A001,WH AHI JABABEKA
R100260510L020_A001,CDD LONG CHASSIS,1950000,0,0,0,200000,0,2150000,A001 - WH AHI JABABEKA,PT. BINTANG SAMUDRA RAYA,7,ON SCHEDULE,28,0,09.06.2026,11.05.2026,14.05.2026,04.06.2026,04.06.2026,05.06.2026,05.06.2026,,A001,WH AHI JABABEKA
R100260510L021_A001,CDD LONG CHASSIS,1400000,0,0,0,200000,0,1600000,A001 - WH AHI JABABEKA,PT. BINTANG SAMUDRA RAYA,7,ON SCHEDULE,28,0,08.06.2026,10.05.2026,11.05.2026,04.06.2026,04.06.2026,05.06.2026,05.06.2026,,A001,WH AHI JABABEKA
R100260510L021_A001,CDD LONG CHASSIS,1400000,0,0,0,200000,0,1600000,A001 - WH AHI JABABEKA,PT. BINTANG SAMUDRA RAYA,7,ON SCHEDULE,28,0,08.06.2026,10.05.2026,11.05.2026,04.06.2026,04.06.2026,05.06.2026,05.06.2026,,A001,WH AHI JABABEKA
R100260510L022_A001,CDD LONG CHASSIS,2100000,0,0,0,0,0,2100000,A001 - WH AHI JABABEKA,PT. BINTANG SAMUDRA RAYA,7,ON SCHEDULE,26,0,07.06.2026,11.05.2026,14.05.2026,18.05.2026,18.05.2026,03.06.2026,25.06.2026,,A001,WH AHI JABABEKA
R100260510L023_A001,CDD LONG CHASSIS,1400000,0,0,0,200000,0,1600000,A001 - WH AHI JABABEKA,PT. BINTANG SAMUDRA RAYA,7,ON SCHEDULE,28,0,09.06.2026,11.05.2026,14.05.2026,04.06.2026,04.06.2026,05.06.2026,05.06.2026,,A001,WH AHI JABABEKA
R100260510L023_A001,CDD LONG CHASSIS,1400000,0,0,0,200000,0,1600000,A001 - WH AHI JABABEKA,PT. BINTANG SAMUDRA RAYA,7,ON SCHEDULE,28,0,09.06.2026,11.05.2026,14.05.2026,04.06.2026,04.06.2026,05.06.2026,05.06.2026,,A001,WH AHI JABABEKA
R100260510L024_A001,CDD LONG CHASSIS,1700000,0,0,0,75000,0,1775000,A001 - WH AHI JABABEKA,PT. ANTAR JARINGAN SEPANJANG JALAN,7,ON SCHEDULE,28,0,09.06.2026,11.05.2026,12.05.2026,18.05.2026,18.05.2026,21.05.2026,21.05.2026,,A001,WH AHI JABABEKA
R100260510L025_A001,CDD LONG CHASSIS,3100000,0,0,0,400000,0,3500000,A001 - WH AHI JABABEKA,PT. BINTANG SAMUDRA RAYA,7,ON SCHEDULE,29,0,09.06.2026,10.05.2026,14.05.2026,04.06.2026,04.06.2026,05.06.2026,05.06.2026,,A001,WH AHI JABABEKA
R100260510L025_A001,CDD LONG CHASSIS,3100000,0,0,0,400000,0,3500000,A001 - WH AHI JABABEKA,PT. BINTANG SAMUDRA RAYA,7,ON SCHEDULE,29,0,09.06.2026,10.05.2026,14.05.2026,04.06.2026,04.06.2026,05.06.2026,05.06.2026,,A001,WH AHI JABABEKA
R100260510L026_A001,CDD LONG CHASSIS,1400000,0,0,0,0,0,1400000,A001 - WH AHI JABABEKA,PT. BINTANG SAMUDRA RAYA,7,ON SCHEDULE,28,0,09.06.2026,11.05.2026,14.05.2026,18.05.2026,18.05.2026,03.06.2026,25.06.2026,,A001,WH AHI JABABEKA
R100260510L036_A001,CDD LONG CHASSIS,1500000,0,0,0,150000,0,1650000,A001 - WH AHI JABABEKA,PT.ORANG KREATIF EKSIS,7,ON SCHEDULE,28,0,09.06.2026,11.05.2026,12.05.2026,18.05.2026,19.05.2026,21.05.2026,21.05.2026,,A001,WH AHI JABABEKA
R100260510L037_A001,FUSO,19350000,0,0,0,200000,0,19550000,A001 - WH AHI JABABEKA,PT. SATRIA PIRANTI PERKASA,7,ON SCHEDULE,41,0,24.06.2026,13.05.2026,18.05.2026,03.06.2026,04.06.2026,09.06.2026,09.06.2026,,A001,WH AHI JABABEKA
R100260510L038_A001,CONT-20,16500000,0,0,0,0,0,16500000,A001 - WH AHI JABABEKA,PT. TPIL LOGISTICS,4,LATE,29,84,11.06.2026,12.05.2026,30.05.2026,04.06.2026,04.06.2026,,,,A001,WH AHI JABABEKA
R100260510L039_A001,CDD LONG CHASSIS,3500000,0,0,0,0,0,3500000,A001 - WH AHI JABABEKA,PT. CEHA LOGISTIK CEMERLANG,7,ON SCHEDULE,28,0,09.06.2026,11.05.2026,14.05.2026,18.05.2026,18.05.2026,18.05.2026,19.05.2026,,A001,WH AHI JABABEKA
R100260510L040_A001,CDD LONG CHASSIS,2250000,0,0,0,400000,0,2650000,A001 - WH AHI JABABEKA,PT. BINTANG SAMUDRA RAYA,7,ON SCHEDULE,28,0,08.06.2026,10.05.2026,11.05.2026,04.06.2026,04.06.2026,05.06.2026,05.06.2026,,A001,WH AHI JABABEKA
R100260510L040_A001,CDD LONG CHASSIS,2250000,0,0,0,400000,0,2650000,A001 - WH AHI JABABEKA,PT. BINTANG SAMUDRA RAYA,7,ON SCHEDULE,28,0,08.06.2026,10.05.2026,11.05.2026,04.06.2026,04.06.2026,05.06.2026,05.06.2026,,A001,WH AHI JABABEKA
R100260510L067_A001,CDD LONG CHASSIS,1700000,0,0,0,0,0,1700000,A001 - WH AHI JABABEKA,PT. ANTAR JARINGAN SEPANJANG JALAN,7,ON SCHEDULE,27,0,08.06.2026,11.05.2026,12.05.2026,18.05.2026,18.05.2026,21.05.2026,21.05.2026,,A001,WH AHI JABABEKA
R100260510L068_A001,CDD LONG CHASSIS,3500000,0,0,0,350000,0,3850000,A001 - WH AHI JABABEKA,PT. CEHA LOGISTIK CEMERLANG,7,ON SCHEDULE,28,0,09.06.2026,11.05.2026,21.05.2026,21.05.2026,21.05.2026,04.06.2026,04.06.2026,,A001,WH AHI JABABEKA
R100260510L069_A001,CDD LONG CHASSIS,4900000,0,0,0,150000,0,5050000,A001 - WH AHI JABABEKA,PT.ORANG KREATIF EKSIS,7,ON SCHEDULE,28,0,09.06.2026,11.05.2026,14.05.2026,18.05.2026,19.05.2026,21.05.2026,21.05.2026,,A001,WH AHI JABABEKA
R100260510L070_A001,FUSO,17250000,0,0,0,348000,0,17598000,A001 - WH AHI JABABEKA,PT. DUTA LINTAS NUSA,6,LATE,31,83,13.06.2026,12.05.2026,17.05.2026,26.06.2026,26.06.2026,21.07.2026,21.07.2026,,A001,WH AHI JABABEKA
R100260510L071_A001,CDD LONG CHASSIS,1600000,0,0,0,0,0,1600000,A001 - WH AHI JABABEKA,PT. AGUNG MAKMUR JAYA,7,ON SCHEDULE,28,0,09.06.2026,11.05.2026,12.05.2026,12.05.2026,12.05.2026,03.06.2026,12.06.2026,,A001,WH AHI JABABEKA
R100260510L072_A001,WINGBOX,13500000,0,0,0,0,0,13500000,A001 - WH AHI JABABEKA,PT.DHANESWARA EXPRES,7,ON SCHEDULE,26,0,06.06.2026,10.05.2026,17.05.2026,29.05.2026,29.05.2026,02.06.2026,02.06.2026,,A001,WH AHI JABABEKA
R100260510T015_A001,CONT-40,8750000,0,0,0,0,0,8750000,A001 - WH AHI JABABEKA,PT. CIKARANG GERBANG SOLUSI,6,LATE,30,85,10.06.2026,10.05.2026,14.05.2026,25.06.2026,25.06.2026,29.06.2026,07.07.2026,,A001,WH AHI JABABEKA
R100260510T016_A001,CONT-40,8750000,0,0,0,0,0,8750000,A001 - WH AHI JABABEKA,PT. CIKARANG GERBANG SOLUSI,6,LATE,30,85,11.06.2026,11.05.2026,14.05.2026,25.06.2026,25.06.2026,29.06.2026,07.07.2026,,A001,WH AHI JABABEKA
R100260510T017_A001,WINGBOX,6600000,0,0,0,0,0,6600000,A001 - WH AHI JABABEKA,PT. JAYA MULYA ERALINDO,7,ON SCHEDULE,30,0,12.06.2026,12.05.2026,17.05.2026,21.05.2026,22.05.2026,22.05.2026,22.05.2026,,A001,WH AHI JABABEKA
R100260510T022_A001,CONT-40,8750000,0,0,0,0,0,8750000,A001 - WH AHI JABABEKA,PT. CIKARANG GERBANG SOLUSI,6,LATE,30,85,11.06.2026,11.05.2026,14.05.2026,25.06.2026,25.06.2026,29.06.2026,07.07.2026,,A001,WH AHI JABABEKA
R100260510T023_A001,CONT-40,8750000,0,0,0,0,0,8750000,A001 - WH AHI JABABEKA,PT. CIKARANG GERBANG SOLUSI,6,LATE,30,85,11.06.2026,11.05.2026,14.05.2026,25.06.2026,25.06.2026,29.06.2026,07.07.2026,,A001,WH AHI JABABEKA
R100260510T024_A001,CONT-40,32000000,0,0,0,0,0,32000000,A001 - WH AHI JABABEKA,PT. DAYA EKA SAMUDERA JAKARTA,7,ON SCHEDULE,39,0,20.06.2026,11.05.2026,24.05.2026,02.06.2026,02.06.2026,03.06.2026,03.06.2026,,A001,WH AHI JABABEKA
R100260510T025_A001,WINGBOX,5650000,0,0,0,0,0,5650000,A001 - WH AHI JABABEKA,PT. DUTA MEDIA MANDIRI,7,ON SCHEDULE,30,0,11.06.2026,11.05.2026,17.05.2026,18.05.2026,18.05.2026,21.05.2026,21.05.2026,,A001,WH AHI JABABEKA
R100260510T044_A001,CONT-40,8750000,0,0,0,0,0,8750000,A001 - WH AHI JABABEKA,PT. CIKARANG GERBANG SOLUSI,6,LATE,30,85,10.06.2026,10.05.2026,31.05.2026,25.06.2026,25.06.2026,29.06.2026,07.07.2026,,A001,WH AHI JABABEKA
R100260510T061_A001,CONT-20,15800000,0,0,0,0,0,15800000,A001 - WH AHI JABABEKA,PT. SENTOSAPRIMA ABADI,6,LATE,41,84,23.06.2026,12.05.2026,31.05.2026,30.06.2026,30.06.2026,09.07.2026,09.07.2026,,A001,WH AHI JABABEKA
R100260510T062_A001,CONT-40,8750000,0,0,0,0,0,8750000,A001 - WH AHI JABABEKA,PT. CIKARANG GERBANG SOLUSI,6,LATE,30,83,12.06.2026,12.05.2026,17.05.2026,25.06.2026,25.06.2026,29.06.2026,06.07.2026,,A001,WH AHI JABABEKA
R100260510T066_A001,CONT-20,17000000,0,0,0,0,0,17000000,A001 - WH AHI JABABEKA,PT. SARANA TRANS SUMATERA,2,LATE,19,85,30.05.2026,10.05.2026,31.05.2026,,,,,,A001,WH AHI JABABEKA
R100260511B001_A001,CDD LONG CHASSIS,4900000,0,0,0,150000,0,5050000,A001 - WH AHI JABABEKA,PT.ORANG KREATIF EKSIS,7,ON SCHEDULE,26,0,09.06.2026,13.05.2026,31.05.2026,05.06.2026,05.06.2026,15.06.2026,15.06.2026,,A001,WH AHI JABABEKA
R100260511B002_A001,CDD LONG CHASSIS,4900000,0,0,0,150000,0,5050000,A001 - WH AHI JABABEKA,PT.ORANG KREATIF EKSIS,7,ON SCHEDULE,26,0,08.06.2026,12.05.2026,31.05.2026,05.06.2026,05.06.2026,23.06.2026,23.06.2026,,A001,WH AHI JABABEKA
R100260511L063_A001,CONT-20,14500000,0,0,0,0,0,14500000,A001 - WH AHI JABABEKA,PT. TPIL LOGISTICS,2,LATE,19,84,31.05.2026,11.05.2026,12.06.2026,,,,,,A001,WH AHI JABABEKA
R100260511L064_A001,WINGBOX,11500000,0,0,0,750000,0,12250000,A001 - WH AHI JABABEKA,PT. BINTANG SAMUDRA RAYA,7,ON SCHEDULE,31,0,12.06.2026,11.05.2026,17.05.2026,12.06.2026,14.06.2026,15.06.2026,15.06.2026,,A001,WH AHI JABABEKA
R100260511L065_A001,CONT-20,13300000,0,0,0,0,0,13300000,A001 - WH AHI JABABEKA,PT.BANGKA JAYA LINE,7,ON SCHEDULE,40,0,22.06.2026,12.05.2026,25.05.2026,09.06.2026,09.06.2026,12.06.2026,12.06.2026,,A001,WH AHI JABABEKA
R100260511L066_A001,CONT-20,17600000,0,0,0,0,0,17600000,A001 - WH AHI JABABEKA,PT. TPIL LOGISTICS,2,LATE,23,84,05.06.2026,12.05.2026,02.06.2026,,,,,,A001,WH AHI JABABEKA
R100260511L081_A001,CONT-20,17600000,0,0,0,0,0,17600000,A001 - WH AHI JABABEKA,PT. TPIL LOGISTICS,2,LATE,23,83,05.06.2026,12.05.2026,02.06.2026,,,,,,A001,WH AHI JABABEKA
R100260511L083_A001,CONT-20,21900000,0,0,0,0,0,21900000,A001 - WH AHI JABABEKA,PT. MITRA INTERTRANS FORWARDING,2,LATE,29,84,11.06.2026,12.05.2026,04.06.2026,,,,,,A001,WH AHI JABABEKA
R100260511L085_A001,CDD LONG CHASSIS,2350000,0,0,0,0,0,2350000,A001 - WH AHI JABABEKA,PT. BINTANG SAMUDRA RAYA,7,ON SCHEDULE,28,0,10.06.2026,12.05.2026,17.05.2026,18.05.2026,18.05.2026,03.06.2026,25.06.2026,,A001,WH AHI JABABEKA
R100260511L088_A001,CDD LONG CHASSIS,4900000,0,0,0,300000,0,5200000,A001 - WH AHI JABABEKA,PT.ORANG KREATIF EKSIS,7,ON SCHEDULE,28,0,10.06.2026,12.05.2026,17.05.2026,18.05.2026,19.05.2026,21.05.2026,21.05.2026,,A001,WH AHI JABABEKA
R100260511L089_A001,CONT-20,14600000,0,0,0,0,0,14600000,A001 - WH AHI JABABEKA,PT. MITRA INTERTRANS FORWARDING,6,LATE,38,83,21.06.2026,13.05.2026,10.06.2026,17.07.2026,19.07.2026,21.07.2026,21.07.2026,,A001,WH AHI JABABEKA
R100260511L090_A001,FUSO,13800000,0,0,0,0,0,13800000,A001 - WH AHI JABABEKA,PT. DUTA LINTAS NUSA,7,ON SCHEDULE,40,0,21.06.2026,11.05.2026,17.05.2026,04.06.2026,04.06.2026,11.06.2026,17.06.2026,,A001,WH AHI JABABEKA
R100260511L091_A001,CONT-20,15800000,0,0,0,0,0,15800000,A001 - WH AHI JABABEKA,PT. SENTOSAPRIMA ABADI,6,LATE,42,83,24.06.2026,12.05.2026,02.06.2026,30.06.2026,30.06.2026,08.07.2026,08.07.2026,,A001,WH AHI JABABEKA
R100260511L102_A001,CDD LONG CHASSIS,3500000,0,0,0,400000,0,3900000,A001 - WH AHI JABABEKA,PT. BINTANG SAMUDRA RAYA,7,ON SCHEDULE,29,0,11.06.2026,12.05.2026,17.05.2026,04.06.2026,04.06.2026,05.06.2026,05.06.2026,,A001,WH AHI JABABEKA
R100260511L102_A001,CDD LONG CHASSIS,3500000,0,0,0,400000,0,3900000,A001 - WH AHI JABABEKA,PT. BINTANG SAMUDRA RAYA,7,ON SCHEDULE,29,0,11.06.2026,12.05.2026,17.05.2026,04.06.2026,04.06.2026,05.06.2026,05.06.2026,,A001,WH AHI JABABEKA
R100260511L103_A001,FUSO,12500000,0,0,0,700000,0,13200000,A001 - WH AHI JABABEKA,PT.DHANESWARA EXPRES,7,ON SCHEDULE,31,0,13.06.2026,12.05.2026,17.05.2026,21.05.2026,22.05.2026,29.05.2026,29.05.2026,,A001,WH AHI JABABEKA
R100260511L104_A001,FUSO,12500000,0,0,0,350000,0,12850000,A001 - WH AHI JABABEKA,PT.DHANESWARA EXPRES,7,ON SCHEDULE,31,0,13.06.2026,12.05.2026,17.05.2026,21.05.2026,21.05.2026,29.05.2026,29.05.2026,,A001,WH AHI JABABEKA
R100260511L105_A001,CDD LONG CHASSIS,3100000,0,0,0,400000,0,3500000,A001 - WH AHI JABABEKA,PT. BINTANG SAMUDRA RAYA,7,ON SCHEDULE,29,0,11.06.2026,12.05.2026,17.05.2026,04.06.2026,04.06.2026,05.06.2026,05.06.2026,,A001,WH AHI JABABEKA
R100260511L105_A001,CDD LONG CHASSIS,3100000,0,0,0,400000,0,3500000,A001 - WH AHI JABABEKA,PT. BINTANG SAMUDRA RAYA,7,ON SCHEDULE,29,0,11.06.2026,12.05.2026,17.05.2026,04.06.2026,04.06.2026,05.06.2026,05.06.2026,,A001,WH AHI JABABEKA
R100260511T013_A001,CONT-20,17600000,0,0,0,0,0,17600000,A001 - WH AHI JABABEKA,PT. TPIL LOGISTICS,4,LATE,35,84,16.06.2026,11.05.2026,31.05.2026,04.06.2026,04.06.2026,,,,A001,WH AHI JABABEKA
R100260511T014_A001,CONT-20,15050000,0,0,550000,0,0,15600000,A001 - WH AHI JABABEKA,PT. TPIL LOGISTICS,6,LATE,40,84,21.06.2026,11.05.2026,,22.07.2026,22.07.2026,24.07.2026,24.07.2026,,A001,WH AHI JABABEKA
R100260511T014_A001,CONT-20,15050000,0,0,550000,0,0,15600000,A001 - WH AHI JABABEKA,PT. TPIL LOGISTICS,6,LATE,40,84,21.06.2026,11.05.2026,,22.07.2026,22.07.2026,24.07.2026,24.07.2026,,A001,WH AHI JABABEKA
R100260511T014_A001,CONT-20,15050000,0,0,550000,0,0,15600000,A001 - WH AHI JABABEKA,PT. TPIL LOGISTICS,6,LATE,40,84,21.06.2026,11.05.2026,,22.07.2026,22.07.2026,24.07.2026,24.07.2026,,A001,WH AHI JABABEKA
R100260511T015_A001,CONT-40,8750000,0,0,0,0,0,8750000,A001 - WH AHI JABABEKA,PT. CIKARANG GERBANG SOLUSI,6,LATE,30,84,12.06.2026,12.05.2026,17.05.2026,25.06.2026,25.06.2026,29.06.2026,06.07.2026,,A001,WH AHI JABABEKA
R100260511T016_A001,CONT-40,8750000,0,0,0,0,0,8750000,A001 - WH AHI JABABEKA,PT. CIKARANG GERBANG SOLUSI,6,LATE,30,83,13.06.2026,13.05.2026,31.05.2026,25.06.2026,25.06.2026,29.06.2026,06.07.2026,,A001,WH AHI JABABEKA
R100260511T017_A001,CONT-40,8750000,0,0,0,0,0,8750000,A001 - WH AHI JABABEKA,PT. CIKARANG GERBANG SOLUSI,6,LATE,30,83,12.06.2026,12.05.2026,31.05.2026,25.06.2026,25.06.2026,29.06.2026,06.07.2026,,A001,WH AHI JABABEKA
R100260511T018_A001,CONT-40,8750000,0,0,0,0,0,8750000,A001 - WH AHI JABABEKA,PT. CIKARANG GERBANG SOLUSI,6,LATE,30,84,12.06.2026,12.05.2026,17.05.2026,25.06.2026,25.06.2026,29.06.2026,06.07.2026,,A001,WH AHI JABABEKA
R100260511T019_A001,WINGBOX,5600000,0,0,0,0,0,5600000,A001 - WH AHI JABABEKA,PT. BINTANG SAMUDRA RAYA,7,ON SCHEDULE,30,0,13.06.2026,13.05.2026,17.05.2026,18.05.2026,18.05.2026,03.06.2026,25.06.2026,,A001,WH AHI JABABEKA
R100260511T042_A001,CONT-40,27200000,0,0,0,0,0,27200000,A001 - WH AHI JABABEKA,PT. SENTOSAPRIMA ABADI,6,LATE,39,84,21.06.2026,12.05.2026,22.05.2026,10.07.2026,10.07.2026,16.07.2026,16.07.2026,,A001,WH AHI JABABEKA
R100260511T043_A001,WINGBOX,6200000,0,0,0,0,0,6200000,A001 - WH AHI JABABEKA,PT. SATRIA PIRANTI PERKASA,7,ON SCHEDULE,30,0,12.06.2026,12.05.2026,17.05.2026,25.05.2026,25.05.2026,05.06.2026,05.06.2026,,A001,WH AHI JABABEKA
R100260511T044_A001,CONT-20,15800000,0,0,0,0,0,15800000,A001 - WH AHI JABABEKA,PT. SENTOSAPRIMA ABADI,6,LATE,41,83,24.06.2026,13.05.2026,31.05.2026,29.06.2026,30.06.2026,09.07.2026,09.07.2026,,A001,WH AHI JABABEKA
R100260511T045_A001,CONT-40,27100000,0,0,0,0,0,27100000,A001 - WH AHI JABABEKA,PT. SENTOSAPRIMA ABADI,6,LATE,40,84,22.06.2026,12.05.2026,24.05.2026,30.06.2026,30.06.2026,08.07.2026,08.07.2026,,A001,WH AHI JABABEKA
R100260511T051_A001,WINGBOX,7000000,0,0,0,0,0,7000000,A001 - WH AHI JABABEKA,PT. DUNIA EXPRESS TRANSINDO,7,ON SCHEDULE,30,0,13.06.2026,13.05.2026,17.05.2026,05.06.2026,05.06.2026,11.06.2026,12.06.2026,,A001,WH AHI JABABEKA
R100260511T052_A001,WINGBOX,6200000,0,0,0,0,0,6200000,A001 - WH AHI JABABEKA,PT. SATRIA PIRANTI PERKASA,7,ON SCHEDULE,30,0,13.06.2026,13.05.2026,17.05.2026,20.05.2026,20.05.2026,26.05.2026,26.05.2026,,A001,WH AHI JABABEKA
R100260511T054_A001,WINGBOX,6700000,0,0,0,0,0,6700000,A001 - WH AHI JABABEKA,PT.DHANESWARA EXPRES,7,ON SCHEDULE,30,0,13.06.2026,13.05.2026,17.05.2026,29.05.2026,29.05.2026,02.06.2026,02.06.2026,,A001,WH AHI JABABEKA
R100260512B004_A001,CONT-20,0,0,0,0,0,0,0,A001 - WH AHI JABABEKA,PT. TPIL LOGISTICS,2,LATE,6,79,23.05.2026,16.05.2026,19.06.2026,,,,,,A001,WH AHI JABABEKA
R100260512L039_A001,CDD LONG CHASSIS,3600000,0,0,0,300000,0,3900000,A001 - WH AHI JABABEKA,PT. BINTANG SAMUDRA RAYA,7,ON SCHEDULE,28,0,10.06.2026,12.05.2026,17.05.2026,04.06.2026,04.06.2026,05.06.2026,05.06.2026,,A001,WH AHI JABABEKA
R100260512L039_A001,CDD LONG CHASSIS,3600000,0,0,0,300000,0,3900000,A001 - WH AHI JABABEKA,PT. BINTANG SAMUDRA RAYA,7,ON SCHEDULE,28,0,10.06.2026,12.05.2026,17.05.2026,04.06.2026,04.06.2026,05.06.2026,05.06.2026,,A001,WH AHI JABABEKA
R100260512L039_A001,CDD LONG CHASSIS,3600000,0,0,0,300000,0,3900000,A001 - WH AHI JABABEKA,PT. BINTANG SAMUDRA RAYA,7,ON SCHEDULE,28,0,10.06.2026,12.05.2026,17.05.2026,04.06.2026,04.06.2026,05.06.2026,05.06.2026,,A001,WH AHI JABABEKA
R100260512L041_A001,FUSO,14950000,0,0,0,696000,0,15646000,A001 - WH AHI JABABEKA,PT. DUTA LINTAS NUSA,6,LATE,41,81,25.06.2026,14.05.2026,19.05.2026,30.06.2026,01.07.2026,21.07.2026,21.07.2026,,A001,WH AHI JABABEKA
R100260512L062_A001,CDD LONG CHASSIS,3500000,0,0,0,0,0,3500000,A001 - WH AHI JABABEKA,PT LOGISTIK CANGGIH INDONESIA,7,ON SCHEDULE,29,0,11.06.2026,12.05.2026,17.05.2026,02.06.2026,02.06.2026,04.06.2026,08.06.2026,,A001,WH AHI JABABEKA
R100260512L063_A001,CDD LONG CHASSIS,3500000,0,0,0,0,0,3500000,A001 - WH AHI JABABEKA,PT LOGISTIK CANGGIH INDONESIA,7,ON SCHEDULE,29,0,11.06.2026,12.05.2026,17.05.2026,02.06.2026,02.06.2026,04.06.2026,08.06.2026,,A001,WH AHI JABABEKA
R100260512L064_A001,WINGBOX,4500000,0,0,0,0,0,4500000,A001 - WH AHI JABABEKA,PT. CEHA LOGISTIK CEMERLANG,7,ON SCHEDULE,28,0,11.06.2026,13.05.2026,17.05.2026,18.05.2026,18.05.2026,18.05.2026,19.05.2026,,A001,WH AHI JABABEKA
R100260512L065_A001,CDD LONG CHASSIS,3900000,0,0,0,0,0,3900000,A001 - WH AHI JABABEKA,PT. BINTANG SAMUDRA RAYA,7,ON SCHEDULE,28,0,10.06.2026,12.05.2026,17.05.2026,18.05.2026,18.05.2026,03.06.2026,25.06.2026,,A001,WH AHI JABABEKA
R100260512L067_A001,CDD LONG CHASSIS,3100000,0,0,0,0,0,3100000,A001 - WH AHI JABABEKA,PT. BINTANG SAMUDRA RAYA,7,ON SCHEDULE,29,0,11.06.2026,12.05.2026,17.05.2026,18.05.2026,18.05.2026,03.06.2026,25.06.2026,,A001,WH AHI JABABEKA
R100260512L068_A001,CONT-20,20500000,0,0,0,0,0,20500000,A001 - WH AHI JABABEKA,PT. PAUS BIRU LOGISTIK,7,ON SCHEDULE,46,0,03.07.2026,17.05.2026,23.06.2026,23.06.2026,24.06.2026,30.06.2026,02.07.2026,,A001,WH AHI JABABEKA
R100260512L069_A001,CONT-20,14200000,0,0,0,0,0,14200000,A001 - WH AHI JABABEKA,PT. MITRA INTERTRANS FORWARDING,6,LATE,42,80,27.06.2026,15.05.2026,30.05.2026,07.07.2026,07.07.2026,08.07.2026,08.07.2026,,A001,WH AHI JABABEKA
R100260512L070_A001,CDD LONG CHASSIS,3500000,0,0,0,250000,0,3750000,A001 - WH AHI JABABEKA,PT. AGUNG MAKMUR JAYA,7,ON SCHEDULE,29,0,12.06.2026,13.05.2026,17.05.2026,20.05.2026,20.05.2026,20.05.2026,08.06.2026,,A001,WH AHI JABABEKA
R100260512L070_A001,CDD LONG CHASSIS,3500000,0,0,0,250000,0,3750000,A001 - WH AHI JABABEKA,PT. AGUNG MAKMUR JAYA,7,ON SCHEDULE,29,0,12.06.2026,13.05.2026,17.05.2026,20.05.2026,20.05.2026,20.05.2026,08.06.2026,,A001,WH AHI JABABEKA
R100260512L070_A001,CDD LONG CHASSIS,3500000,0,0,0,250000,0,3750000,A001 - WH AHI JABABEKA,PT. AGUNG MAKMUR JAYA,7,ON SCHEDULE,29,0,12.06.2026,13.05.2026,17.05.2026,20.05.2026,20.05.2026,20.05.2026,08.06.2026,,A001,WH AHI JABABEKA
R100260512L080_A001,CONT-20,17000000,0,0,0,0,800000,17800000,A001 - WH AHI JABABEKA,PT. SARANA TRANS SUMATERA,7,ON SCHEDULE,40,0,23.06.2026,13.05.2026,,15.06.2026,17.06.2026,17.06.2026,17.06.2026,,A001,WH AHI JABABEKA
R100260512L081_A001,FUSO,12500000,0,0,0,0,0,12500000,A001 - WH AHI JABABEKA,PT.DHANESWARA EXPRES,6,LATE,27,82,10.06.2026,13.05.2026,,02.07.2026,02.07.2026,09.07.2026,09.07.2026,,A001,WH AHI JABABEKA
R100260512T019_A001,WINGBOX,6200000,0,0,0,0,0,6200000,A001 - WH AHI JABABEKA,PT. SATRIA PIRANTI PERKASA,7,ON SCHEDULE,30,0,12.06.2026,12.05.2026,17.05.2026,10.06.2026,10.06.2026,18.06.2026,18.06.2026,,A001,WH AHI JABABEKA
R100260512T020_A001,WINGBOX,6200000,0,0,0,0,0,6200000,A001 - WH AHI JABABEKA,PT. SATRIA PIRANTI PERKASA,7,ON SCHEDULE,30,0,13.06.2026,13.05.2026,17.05.2026,03.06.2026,03.06.2026,09.06.2026,23.06.2026,,A001,WH AHI JABABEKA
R100260512T021_A001,WINGBOX,5600000,0,0,0,0,0,5600000,A001 - WH AHI JABABEKA,PT. BINTANG SAMUDRA RAYA,7,ON SCHEDULE,30,0,13.06.2026,13.05.2026,17.05.2026,18.05.2026,18.05.2026,03.06.2026,25.06.2026,,A001,WH AHI JABABEKA
R100260512T023_A001,CONT-20,14500000,0,0,0,0,0,14500000,A001 - WH AHI JABABEKA,PT. TPIL LOGISTICS,2,LATE,19,82,02.06.2026,13.05.2026,10.06.2026,,,,,,A001,WH AHI JABABEKA
R100260512T024_A001,CONT-20,17600000,0,0,0,0,0,17600000,A001 - WH AHI JABABEKA,PT. TPIL LOGISTICS,4,LATE,35,83,18.06.2026,13.05.2026,31.05.2026,04.06.2026,04.06.2026,,,,A001,WH AHI JABABEKA
R100260512T026_A001,CONT-40,26300000,0,0,0,0,0,26300000,A001 - WH AHI JABABEKA,PT. TPIL LOGISTICS,4,LATE,27,83,10.06.2026,13.05.2026,31.05.2026,04.06.2026,04.06.2026,,,,A001,WH AHI JABABEKA
R100260512T039_A001,WINGBOX,6700000,0,0,0,0,0,6700000,A001 - WH AHI JABABEKA,PT.DHANESWARA EXPRES,7,ON SCHEDULE,30,0,14.06.2026,14.05.2026,14.05.2026,29.05.2026,29.05.2026,02.06.2026,02.06.2026,,A001,WH AHI JABABEKA
R100260513B002_A001,CDD LONG CHASSIS,8250000,0,0,0,0,0,8250000,A001 - WH AHI JABABEKA,PT. BINTANG SAMUDRA RAYA,4,LATE,14,80,30.05.2026,15.05.2026,19.05.2026,01.07.2026,01.07.2026,,,,A001,WH AHI JABABEKA
R100260513L032_A001,CDD LONG CHASSIS,3500000,0,0,0,300000,0,3800000,A001 - WH AHI JABABEKA,PT. BINTANG SAMUDRA RAYA,7,ON SCHEDULE,28,0,11.06.2026,13.05.2026,17.05.2026,12.06.2026,14.06.2026,15.06.2026,15.06.2026,,A001,WH AHI JABABEKA
R100260513L033_A001,CONT-20,16500000,0,0,0,0,0,16500000,A001 - WH AHI JABABEKA,PT. TPIL LOGISTICS,4,LATE,29,82,12.06.2026,13.05.2026,02.06.2026,04.06.2026,04.06.2026,,,,A001,WH AHI JABABEKA
R100260513L034_A001,CONT-20,25700000,0,0,0,0,0,25700000,A001 - WH AHI JABABEKA,PT. MITRA INTERTRANS FORWARDING,6,LATE,41,81,25.06.2026,14.05.2026,14.05.2026,14.07.2026,14.07.2026,15.07.2026,15.07.2026,,A001,WH AHI JABABEKA
R100260513L035_A001,CDD LONG CHASSIS,2850000,0,0,0,0,0,2850000,A001 - WH AHI JABABEKA,PT. AGUNG MAKMUR JAYA,7,ON SCHEDULE,29,0,13.06.2026,14.05.2026,17.05.2026,18.05.2026,18.05.2026,20.05.2026,08.06.2026,,A001,WH AHI JABABEKA
R100260513L036_A001,CDD LONG CHASSIS,3500000,0,0,0,600000,0,4100000,A001 - WH AHI JABABEKA,PT. CEHA LOGISTIK CEMERLANG,7,ON SCHEDULE,29,0,12.06.2026,13.05.2026,17.05.2026,18.05.2026,18.05.2026,18.05.2026,19.05.2026,,A001,WH AHI JABABEKA
R100260513L048_A001,CDD LONG CHASSIS,4900000,0,0,0,300000,0,5200000,A001 - WH AHI JABABEKA,PT.ORANG KREATIF EKSIS,7,ON SCHEDULE,28,0,12.06.2026,14.05.2026,17.05.2026,21.05.2026,21.05.2026,04.06.2026,04.06.2026,,A001,WH AHI JABABEKA
R100260513L052_A001,WINGBOX,11500000,0,0,0,750000,0,12250000,A001 - WH AHI JABABEKA,PT. BINTANG SAMUDRA RAYA,7,ON SCHEDULE,41,0,26.06.2026,15.05.2026,19.05.2026,12.06.2026,14.06.2026,15.06.2026,15.06.2026,,A001,WH AHI JABABEKA
R100260513L063_A001,CDD LONG CHASSIS,2350000,0,0,0,0,0,2350000,A001 - WH AHI JABABEKA,PT. BINTANG SAMUDRA RAYA,7,ON SCHEDULE,28,0,12.06.2026,14.05.2026,17.05.2026,18.05.2026,18.05.2026,03.06.2026,25.06.2026,,A001,WH AHI JABABEKA
R100260513L065_A001,FUSO,12500000,0,0,0,350000,0,12850000,A001 - WH AHI JABABEKA,PT.DHANESWARA EXPRES,7,ON SCHEDULE,31,0,15.06.2026,14.05.2026,21.05.2026,29.05.2026,29.05.2026,02.06.2026,02.06.2026,,A001,WH AHI JABABEKA
R100260513L066_A001,CDD LONG CHASSIS,2850000,0,0,0,0,0,2850000,A001 - WH AHI JABABEKA,PT. AGUNG MAKMUR JAYA,7,ON SCHEDULE,29,0,13.06.2026,14.05.2026,17.05.2026,18.05.2026,18.05.2026,20.05.2026,08.06.2026,,A001,WH AHI JABABEKA
R100260513T020_A001,WINGBOX,6600000,0,0,0,0,0,6600000,A001 - WH AHI JABABEKA,PT. JAYA MULYA ERALINDO,7,ON SCHEDULE,30,0,14.06.2026,14.05.2026,17.05.2026,25.05.2026,25.05.2026,26.05.2026,26.05.2026,,A001,WH AHI JABABEKA
R100260513T021_A001,CONT-40,26300000,0,0,0,0,0,26300000,A001 - WH AHI JABABEKA,PT. TPIL LOGISTICS,4,LATE,27,82,10.06.2026,13.05.2026,31.05.2026,04.06.2026,04.06.2026,,,,A001,WH AHI JABABEKA
R100260513T022_A001,WINGBOX,6600000,0,0,0,0,0,6600000,A001 - WH AHI JABABEKA,PT. JAYA MULYA ERALINDO,7,ON SCHEDULE,30,0,13.06.2026,13.05.2026,17.05.2026,21.05.2026,22.05.2026,22.05.2026,22.05.2026,,A001,WH AHI JABABEKA
R100260513T023_A001,WINGBOX,6700000,0,0,0,0,0,6700000,A001 - WH AHI JABABEKA,PT.DHANESWARA EXPRES,7,ON SCHEDULE,30,0,13.06.2026,13.05.2026,17.05.2026,29.05.2026,29.05.2026,02.06.2026,02.06.2026,,A001,WH AHI JABABEKA
R100260513T024_A001,WINGBOX,7000000,0,0,0,0,0,7000000,A001 - WH AHI JABABEKA,PT. DUNIA EXPRESS TRANSINDO,7,ON SCHEDULE,30,0,14.06.2026,14.05.2026,17.05.2026,05.06.2026,05.06.2026,11.06.2026,12.06.2026,,A001,WH AHI JABABEKA
R100260513T027_A001,WINGBOX,7000000,0,0,0,0,0,7000000,A001 - WH AHI JABABEKA,PT. DUNIA EXPRESS TRANSINDO,7,ON SCHEDULE,30,0,14.06.2026,14.05.2026,17.05.2026,05.06.2026,05.06.2026,11.06.2026,12.06.2026,,A001,WH AHI JABABEKA
R100260513T028_A001,WINGBOX,6700000,0,0,0,0,0,6700000,A001 - WH AHI JABABEKA,PT.DHANESWARA EXPRES,7,ON SCHEDULE,30,0,14.06.2026,14.05.2026,17.05.2026,29.05.2026,29.05.2026,02.06.2026,02.06.2026,,A001,WH AHI JABABEKA
R100260513T029_A001,CONT-40,32000000,0,0,0,0,0,32000000,A001 - WH AHI JABABEKA,PT. DAYA EKA SAMUDERA JAKARTA,7,ON SCHEDULE,39,0,23.06.2026,14.05.2026,31.05.2026,09.06.2026,10.06.2026,12.06.2026,12.06.2026,,A001,WH AHI JABABEKA
R100260513T033_A001,CONT-20,15050000,0,0,0,0,0,15050000,A001 - WH AHI JABABEKA,PT. TPIL LOGISTICS,2,LATE,20,81,04.06.2026,14.05.2026,14.05.2026,,,,,,A001,WH AHI JABABEKA
R100260513T034_A001,WINGBOX,7000000,0,0,0,0,0,7000000,A001 - WH AHI JABABEKA,PT. DUNIA EXPRESS TRANSINDO,7,ON SCHEDULE,30,0,14.06.2026,14.05.2026,14.05.2026,05.06.2026,05.06.2026,11.06.2026,12.06.2026,,A001,WH AHI JABABEKA
R100260513T046_A001,CONT-20,0,0,0,0,0,0,0,A001 - WH AHI JABABEKA,PT. TPIL LOGISTICS,2,LATE,26,78,13.06.2026,17.05.2026,10.06.2026,,,,,,A001,WH AHI JABABEKA
R100260513T055_A001,CONT-40,32000000,0,0,0,0,0,32000000,A001 - WH AHI JABABEKA,PT. DAYA EKA SAMUDERA JAKARTA,7,ON SCHEDULE,39,0,23.06.2026,14.05.2026,14.05.2026,09.06.2026,10.06.2026,12.06.2026,12.06.2026,,A001,WH AHI JABABEKA
R100260513T056_A001,WINGBOX,6500000,0,0,0,0,0,6500000,A001 - WH AHI JABABEKA,PT.AMANAH TRANSMULIA MANDIRI LOGISTIK,7,ON SCHEDULE,30,0,14.06.2026,14.05.2026,17.05.2026,20.05.2026,20.05.2026,21.05.2026,21.05.2026,,A001,WH AHI JABABEKA
R100260514L005_A001,CONT-20,16500000,0,0,0,0,0,16500000,A001 - WH AHI JABABEKA,PT. TPIL LOGISTICS,2,LATE,21,82,04.06.2026,13.05.2026,12.06.2026,,,,,,A001,WH AHI JABABEKA
R100260514L027_A001,CONT-20,16500000,0,0,0,0,0,16500000,A001 - WH AHI JABABEKA,PT. TPIL LOGISTICS,4,LATE,29,81,14.06.2026,15.05.2026,29.05.2026,04.06.2026,04.06.2026,,,,A001,WH AHI JABABEKA
R100260514L028_A001,WINGBOX,35000000,0,0,0,200000,0,35200000,A001 - WH AHI JABABEKA,PT.ORANG KREATIF EKSIS,7,ON SCHEDULE,47,0,03.07.2026,16.05.2026,24.05.2026,08.06.2026,09.06.2026,15.06.2026,15.06.2026,,A001,WH AHI JABABEKA
R100260514L033_A001,FUSO,17000000,0,0,0,0,0,17000000,A001 - WH AHI JABABEKA,PT. SATRIA PIRANTI PERKASA,7,ON SCHEDULE,31,0,16.06.2026,15.05.2026,19.05.2026,03.06.2026,03.06.2026,09.06.2026,09.06.2026,,A001,WH AHI JABABEKA
R100260514L035_A001,FUSO,19350000,0,0,0,200000,0,19550000,A001 - WH AHI JABABEKA,PT. SATRIA PIRANTI PERKASA,7,ON SCHEDULE,41,0,26.06.2026,15.05.2026,19.05.2026,03.06.2026,04.06.2026,09.06.2026,09.06.2026,,A001,WH AHI JABABEKA
R100260514L037_A001,CDD LONG CHASSIS,4900000,0,0,0,150000,0,5050000,A001 - WH AHI JABABEKA,PT.ORANG KREATIF EKSIS,7,ON SCHEDULE,28,0,14.06.2026,16.05.2026,18.05.2026,21.05.2026,22.05.2026,04.06.2026,05.06.2026,,A001,WH AHI JABABEKA
R100260514L044_A001,CDD LONG CHASSIS,3100000,0,0,0,400000,0,3500000,A001 - WH AHI JABABEKA,PT. BINTANG SAMUDRA RAYA,7,ON SCHEDULE,28,0,13.06.2026,15.05.2026,18.05.2026,04.06.2026,04.06.2026,05.06.2026,05.06.2026,,A001,WH AHI JABABEKA
R100260514L044_A001,CDD LONG CHASSIS,3100000,0,0,0,400000,0,3500000,A001 - WH AHI JABABEKA,PT. BINTANG SAMUDRA RAYA,7,ON SCHEDULE,28,0,13.06.2026,15.05.2026,18.05.2026,04.06.2026,04.06.2026,05.06.2026,05.06.2026,,A001,WH AHI JABABEKA
R100260514T010_A001,WINGBOX,6325000,0,0,0,0,0,6325000,A001 - WH AHI JABABEKA,PT. DUTA LINTAS NUSA,6,LATE,30,81,14.06.2026,14.05.2026,17.05.2026,30.06.2026,30.06.2026,21.07.2026,21.07.2026,,A001,WH AHI JABABEKA
R100260514T011_A001,WINGBOX,6700000,0,0,0,0,0,6700000,A001 - WH AHI JABABEKA,PT.DHANESWARA EXPRES,7,ON SCHEDULE,30,0,14.06.2026,14.05.2026,17.05.2026,29.05.2026,29.05.2026,02.06.2026,02.06.2026,,A001,WH AHI JABABEKA
R100260514T012_A001,WINGBOX,6700000,0,0,0,0,0,6700000,A001 - WH AHI JABABEKA,PT.DHANESWARA EXPRES,7,ON SCHEDULE,30,0,14.06.2026,14.05.2026,17.05.2026,29.05.2026,29.05.2026,02.06.2026,02.06.2026,,A001,WH AHI JABABEKA
R100260514T013_A001,WINGBOX,6500000,0,0,0,0,0,6500000,A001 - WH AHI JABABEKA,PT.AMANAH TRANSMULIA MANDIRI LOGISTIK,7,ON SCHEDULE,30,0,14.06.2026,14.05.2026,17.05.2026,20.05.2026,20.05.2026,21.05.2026,21.05.2026,,A001,WH AHI JABABEKA
R100260514T014_A001,WINGBOX,6200000,0,0,0,0,0,6200000,A001 - WH AHI JABABEKA,PT. SATRIA PIRANTI PERKASA,7,ON SCHEDULE,30,0,14.06.2026,14.05.2026,17.05.2026,03.06.2026,03.06.2026,09.06.2026,09.06.2026,,A001,WH AHI JABABEKA
R100260514T015_A001,WINGBOX,6600000,0,0,0,0,0,6600000,A001 - WH AHI JABABEKA,PT. JAYA MULYA ERALINDO,7,ON SCHEDULE,30,0,15.06.2026,15.05.2026,18.05.2026,02.06.2026,02.06.2026,11.06.2026,11.06.2026,,A001,WH AHI JABABEKA
R100260514T016_A001,WINGBOX,5600000,0,0,0,0,0,5600000,A001 - WH AHI JABABEKA,PT. BINTANG SAMUDRA RAYA,7,ON SCHEDULE,30,0,14.06.2026,14.05.2026,17.05.2026,18.05.2026,18.05.2026,03.06.2026,25.06.2026,,A001,WH AHI JABABEKA
R100260514T017_A001,WINGBOX,5650000,0,0,0,0,0,5650000,A001 - WH AHI JABABEKA,PT. DUTA MEDIA MANDIRI,7,ON SCHEDULE,30,0,14.06.2026,14.05.2026,17.05.2026,18.05.2026,18.05.2026,22.05.2026,22.05.2026,,A001,WH AHI JABABEKA
R100260514T018_A001,CONT-20,17600000,0,0,0,0,0,17600000,A001 - WH AHI JABABEKA,PT. TPIL LOGISTICS,2,LATE,27,81,11.06.2026,14.05.2026,10.06.2026,,,,,,A001,WH AHI JABABEKA
R100260514T019_A001,CONT-20,17600000,0,0,0,0,0,17600000,A001 - WH AHI JABABEKA,PT. TPIL LOGISTICS,2,LATE,26,78,13.06.2026,17.05.2026,16.06.2026,,,,,,A001,WH AHI JABABEKA
R100260514T027_A001,CONT-20,19800000,0,0,1250000,0,0,21050000,A001 - WH AHI JABABEKA,PT. PAUS BIRU LOGISTIK,7,ON SCHEDULE,41,0,26.06.2026,15.05.2026,05.06.2026,23.06.2026,25.06.2026,01.07.2026,02.07.2026,,A001,WH AHI JABABEKA
R100260514T028_A001,CONT-20,15400000,0,0,0,0,0,15400000,A001 - WH AHI JABABEKA,PT. SENTOSAPRIMA ABADI,6,LATE,36,80,21.06.2026,15.05.2026,31.05.2026,10.07.2026,10.07.2026,15.07.2026,15.07.2026,,A001,WH AHI JABABEKA
R100260515B001_A001,CDD LONG CHASSIS,4900000,0,0,0,0,0,4900000,A001 - WH AHI JABABEKA,PT.ORANG KREATIF EKSIS,7,ON SCHEDULE,26,0,12.06.2026,16.05.2026,31.05.2026,05.06.2026,05.06.2026,24.06.2026,24.06.2026,,A001,WH AHI JABABEKA
R100260515B002_A001,CONT-20,0,0,0,0,0,0,0,A001 - WH AHI JABABEKA,PT. TPIL LOGISTICS,2,LATE,6,73,29.05.2026,22.05.2026,18.06.2026,,,,,,A001,WH AHI JABABEKA
R100260515B003_A001,CONT-20,0,0,0,0,0,0,0,A001 - WH AHI JABABEKA,PT. TPIL LOGISTICS,2,LATE,6,74,28.05.2026,21.05.2026,18.06.2026,,,,,,A001,WH AHI JABABEKA
R100260515B004_A001,CONT-20,0,0,0,0,0,0,0,A001 - WH AHI JABABEKA,PT. TPIL LOGISTICS,2,LATE,6,74,28.05.2026,21.05.2026,18.06.2026,,,,,,A001,WH AHI JABABEKA
R100260515L010_A001,CONT-20,17200000,0,0,0,0,0,17200000,A001 - WH AHI JABABEKA,PT. SENTOSAPRIMA ABADI,6,LATE,41,79,28.06.2026,17.05.2026,30.05.2026,26.06.2026,26.06.2026,06.07.2026,06.07.2026,,A001,WH AHI JABABEKA
R100260515L029_A001,CONT-20,17600000,0,0,0,0,0,17600000,A001 - WH AHI JABABEKA,PT. TPIL LOGISTICS,2,LATE,23,79,10.06.2026,17.05.2026,02.06.2026,,,,,,A001,WH AHI JABABEKA
R100260515L030_A001,FUSO,12500000,0,350000,0,350000,0,13200000,A001 - WH AHI JABABEKA,PT.DHANESWARA EXPRES,6,LATE,31,80,17.06.2026,16.05.2026,,02.07.2026,02.07.2026,09.07.2026,09.07.2026,,A001,WH AHI JABABEKA
R100260515L031_A001,CONT-20,13300000,0,0,0,0,0,13300000,A001 - WH AHI JABABEKA,PT.BANGKA JAYA LINE,7,ON SCHEDULE,40,0,26.06.2026,16.05.2026,12.06.2026,15.06.2026,15.06.2026,15.06.2026,15.06.2026,,A001,WH AHI JABABEKA
R100260515L032_A001,CONT-20,31400000,0,0,0,0,0,31400000,A001 - WH AHI JABABEKA,PT. TPIL LOGISTICS,2,LATE,27,78,14.06.2026,17.05.2026,18.06.2026,,,,,,A001,WH AHI JABABEKA
R100260515L033_A001,CONT-20,18800000,0,0,0,0,0,18800000,A001 - WH AHI JABABEKA,PT. MITRA INTERTRANS FORWARDING,2,LATE,22,80,08.06.2026,16.05.2026,11.06.2026,14.07.2026,14.07.2026,,,,A001,WH AHI JABABEKA
R100260515L034_A001,CONT-20,17900000,0,0,0,0,0,17900000,A001 - WH AHI JABABEKA,PT. MITRA INTERTRANS FORWARDING,7,ON SCHEDULE,43,0,29.06.2026,16.05.2026,11.06.2026,23.06.2026,24.06.2026,24.06.2026,24.06.2026,,A001,WH AHI JABABEKA
R100260515L035_A001,CONT-20,18700000,0,0,0,0,0,18700000,A001 - WH AHI JABABEKA,PT. TPIL LOGISTICS,4,LATE,34,78,21.06.2026,17.05.2026,29.05.2026,04.06.2026,04.06.2026,,,,A001,WH AHI JABABEKA
R100260515L038_A001,WINGBOX,11500000,0,0,0,0,0,11500000,A001 - WH AHI JABABEKA,PT. BINTANG SAMUDRA RAYA,7,ON SCHEDULE,41,0,27.06.2026,16.05.2026,20.05.2026,02.07.2026,03.07.2026,07.07.2026,16.07.2026,,A001,WH AHI JABABEKA
R100260515L039_A001,CDD LONG CHASSIS,4900000,0,0,0,0,0,4900000,A001 - WH AHI JABABEKA,PT.ORANG KREATIF EKSIS,7,ON SCHEDULE,28,0,13.06.2026,15.05.2026,18.05.2026,21.05.2026,21.05.2026,04.06.2026,04.06.2026,,A001,WH AHI JABABEKA
R100260515L040_A001,CONT-20,15050000,0,0,0,0,0,15050000,A001 - WH AHI JABABEKA,PT. TPIL LOGISTICS,2,LATE,22,79,09.06.2026,17.05.2026,12.06.2026,,,,,,A001,WH AHI JABABEKA
R100260515L041_A001,CONT-20,15050000,0,0,0,0,0,15050000,A001 - WH AHI JABABEKA,PT. TPIL LOGISTICS,2,LATE,22,79,09.06.2026,17.05.2026,30.05.2026,,,,,,A001,WH AHI JABABEKA
R100260515L064_A001,CONT-20,17000000,0,0,0,0,0,17000000,A001 - WH AHI JABABEKA,PT. SARANA TRANS SUMATERA,7,ON SCHEDULE,39,0,25.06.2026,16.05.2026,12.06.2026,25.06.2026,25.06.2026,26.06.2026,26.06.2026,,A001,WH AHI JABABEKA
R100260515L065_A001,FUSO,22225000,0,0,0,0,0,22225000,A001 - WH AHI JABABEKA,PT. SATRIA PIRANTI PERKASA,7,ON SCHEDULE,41,0,29.06.2026,18.05.2026,31.05.2026,10.06.2026,10.06.2026,18.06.2026,18.06.2026,,A001,WH AHI JABABEKA
R100260515L066_A001,CDD LONG CHASSIS,3500000,0,0,0,0,0,3500000,A001 - WH AHI JABABEKA,PT.DHANESWARA EXPRES,7,ON SCHEDULE,29,0,15.06.2026,16.05.2026,18.05.2026,29.05.2026,29.05.2026,02.06.2026,02.06.2026,,A001,WH AHI JABABEKA
R100260515L074_A001,CONT-20,0,0,0,0,0,0,0,A001 - WH AHI JABABEKA,PT. TPIL LOGISTICS,2,LATE,21,79,07.06.2026,16.05.2026,12.06.2026,,,,,,A001,WH AHI JABABEKA
R100260515L078_A001,CONT-20,19670000,0,0,0,0,0,19670000,A001 - WH AHI JABABEKA,PT KAMADJAJA LOGISTICS,7,ON SCHEDULE,38,0,02.07.2026,24.05.2026,10.06.2026,12.06.2026,13.06.2026,17.06.2026,17.06.2026,,A001,WH AHI JABABEKA
R100260515L079_A001,WINGBOX,10700000,0,0,0,400000,0,11100000,A001 - WH AHI JABABEKA,PT. BINTANG SAMUDRA RAYA,7,ON SCHEDULE,31,0,17.06.2026,16.05.2026,20.05.2026,04.06.2026,04.06.2026,05.06.2026,05.06.2026,,A001,WH AHI JABABEKA
R100260515L079_A001,WINGBOX,10700000,0,0,0,400000,0,11100000,A001 - WH AHI JABABEKA,PT. BINTANG SAMUDRA RAYA,7,ON SCHEDULE,31,0,17.06.2026,16.05.2026,20.05.2026,04.06.2026,04.06.2026,05.06.2026,05.06.2026,,A001,WH AHI JABABEKA
R100260515L080_A001,CDD LONG CHASSIS,4900000,0,0,0,0,0,4900000,A001 - WH AHI JABABEKA,PT.ORANG KREATIF EKSIS,7,ON SCHEDULE,28,0,13.06.2026,15.05.2026,18.05.2026,21.05.2026,22.05.2026,04.06.2026,05.06.2026,,A001,WH AHI JABABEKA
R100260515T015_A001,CONT-20,17600000,0,0,0,0,0,17600000,A001 - WH AHI JABABEKA,PT. TPIL LOGISTICS,2,LATE,26,77,15.06.2026,19.05.2026,10.06.2026,,,,,,A001,WH AHI JABABEKA
R100260515T016_A001,CONT-20,14500000,0,0,0,0,0,14500000,A001 - WH AHI JABABEKA,PT. TPIL LOGISTICS,2,LATE,19,79,05.06.2026,16.05.2026,12.06.2026,,,,,,A001,WH AHI JABABEKA
R100260515T018_A001,CONT-20,15050000,0,0,0,0,0,15050000,A001 - WH AHI JABABEKA,PT. TPIL LOGISTICS,2,LATE,20,79,07.06.2026,17.05.2026,31.05.2026,,,,,,A001,WH AHI JABABEKA
R100260515T019_A001,CONT-20,19000000,0,0,0,0,0,19000000,A001 - WH AHI JABABEKA,PT. SENTOSAPRIMA ABADI,6,LATE,47,80,02.07.2026,15.05.2026,10.06.2026,20.07.2026,21.07.2026,22.07.2026,22.07.2026,,A001,WH AHI JABABEKA
R100260515T020_A001,CONT-20,18850000,0,0,0,0,0,18850000,A001 - WH AHI JABABEKA,PT. SENTOSAPRIMA ABADI,2,LATE,26,76,15.06.2026,19.05.2026,01.07.2026,,,,,,A001,WH AHI JABABEKA
R100260515T021_A001,CONT-40,0,0,0,0,0,0,0,A001 - WH AHI JABABEKA,PT. TPIL LOGISTICS,2,LATE,19,79,06.06.2026,17.05.2026,05.06.2026,,,,,,A001,WH AHI JABABEKA
R100260516B004_A001,CDD LONG CHASSIS,4900000,0,0,0,0,0,4900000,A001 - WH AHI JABABEKA,PT.ORANG KREATIF EKSIS,7,ON SCHEDULE,26,0,13.06.2026,17.05.2026,31.05.2026,05.06.2026,05.06.2026,23.06.2026,23.06.2026,,A001,WH AHI JABABEKA
R100260516L026_A001,CDD LONG CHASSIS,1500000,0,0,0,0,0,1500000,A001 - WH AHI JABABEKA,PT.ORANG KREATIF EKSIS,7,ON SCHEDULE,28,0,15.06.2026,17.05.2026,18.05.2026,21.05.2026,22.05.2026,04.06.2026,04.06.2026,,A001,WH AHI JABABEKA
R100260516L027_A001,FUSO,19350000,0,0,0,0,0,19350000,A001 - WH AHI JABABEKA,PT. SATRIA PIRANTI PERKASA,7,ON SCHEDULE,41,0,27.06.2026,16.05.2026,20.05.2026,03.06.2026,03.06.2026,09.06.2026,09.06.2026,,A001,WH AHI JABABEKA
R100260516L028_A001,CDD LONG CHASSIS,4900000,0,0,0,0,0,4900000,A001 - WH AHI JABABEKA,PT.ORANG KREATIF EKSIS,7,ON SCHEDULE,28,0,14.06.2026,16.05.2026,18.05.2026,21.05.2026,22.05.2026,04.06.2026,05.06.2026,,A001,WH AHI JABABEKA
R100260516L029_A001,CDD LONG CHASSIS,2850000,0,0,0,0,0,2850000,A001 - WH AHI JABABEKA,PT. BINTANG SAMUDRA RAYA,7,ON SCHEDULE,28,0,14.06.2026,16.05.2026,19.05.2026,22.05.2026,22.05.2026,29.05.2026,03.06.2026,,A001,WH AHI JABABEKA
R100260516L030_A001,CDD LONG CHASSIS,2350000,0,0,0,0,0,2350000,A001 - WH AHI JABABEKA,PT. BINTANG SAMUDRA RAYA,7,ON SCHEDULE,28,0,14.06.2026,16.05.2026,19.05.2026,22.05.2026,22.05.2026,03.06.2026,25.06.2026,,A001,WH AHI JABABEKA
R100260516L031_A001,CDD LONG CHASSIS,3500000,0,0,0,700000,0,4200000,A001 - WH AHI JABABEKA,PT. CEHA LOGISTIK CEMERLANG,7,ON SCHEDULE,29,0,15.06.2026,16.05.2026,18.05.2026,20.05.2026,20.05.2026,04.06.2026,04.06.2026,,A001,WH AHI JABABEKA
R100260516L032_A001,CDD LONG CHASSIS,3500000,0,0,0,250000,0,3750000,A001 - WH AHI JABABEKA,PT. AGUNG MAKMUR JAYA,7,ON SCHEDULE,29,0,15.06.2026,16.05.2026,18.05.2026,20.05.2026,20.05.2026,20.05.2026,08.06.2026,,A001,WH AHI JABABEKA
R100260516L032_A001,CDD LONG CHASSIS,3500000,0,0,0,250000,0,3750000,A001 - WH AHI JABABEKA,PT. AGUNG MAKMUR JAYA,7,ON SCHEDULE,29,0,15.06.2026,16.05.2026,18.05.2026,20.05.2026,20.05.2026,20.05.2026,08.06.2026,,A001,WH AHI JABABEKA
R100260516L032_A001,CDD LONG CHASSIS,3500000,0,0,0,250000,0,3750000,A001 - WH AHI JABABEKA,PT. AGUNG MAKMUR JAYA,7,ON SCHEDULE,29,0,15.06.2026,16.05.2026,18.05.2026,20.05.2026,20.05.2026,20.05.2026,08.06.2026,,A001,WH AHI JABABEKA
R100260516L033_A001,FUSO,17250000,0,0,0,348000,0,17598000,A001 - WH AHI JABABEKA,PT. DUTA LINTAS NUSA,6,LATE,31,79,17.06.2026,16.05.2026,20.05.2026,26.06.2026,26.06.2026,21.07.2026,21.07.2026,,A001,WH AHI JABABEKA
R100260516L034_A001,CDD LONG CHASSIS,1400000,0,0,0,0,0,1400000,A001 - WH AHI JABABEKA,PT. BINTANG SAMUDRA RAYA,7,ON SCHEDULE,29,0,15.06.2026,16.05.2026,18.05.2026,26.05.2026,26.05.2026,29.05.2026,03.06.2026,,A001,WH AHI JABABEKA
R100260516L035_A001,WINGBOX,2034000,0,0,0,0,0,2034000,A001 - WH AHI JABABEKA,PT. DUTA MEDIA MANDIRI,7,ON SCHEDULE,28,0,15.06.2026,17.05.2026,18.05.2026,19.05.2026,20.05.2026,22.05.2026,22.05.2026,,A001,WH AHI JABABEKA
R100260516L036_A001,CDD LONG CHASSIS,2100000,0,0,0,0,0,2100000,A001 - WH AHI JABABEKA,PT. BINTANG SAMUDRA RAYA,7,ON SCHEDULE,26,0,12.06.2026,16.05.2026,18.05.2026,22.05.2026,22.05.2026,29.05.2026,03.06.2026,,A001,WH AHI JABABEKA
R100260516L037_A001,CDD LONG CHASSIS,3900000,0,0,0,400000,0,4300000,A001 - WH AHI JABABEKA,PT. BINTANG SAMUDRA RAYA,7,ON SCHEDULE,28,0,15.06.2026,17.05.2026,19.05.2026,04.06.2026,04.06.2026,05.06.2026,05.06.2026,,A001,WH AHI JABABEKA
R100260516L037_A001,CDD LONG CHASSIS,3900000,0,0,0,400000,0,4300000,A001 - WH AHI JABABEKA,PT. BINTANG SAMUDRA RAYA,7,ON SCHEDULE,28,0,15.06.2026,17.05.2026,19.05.2026,04.06.2026,04.06.2026,05.06.2026,05.06.2026,,A001,WH AHI JABABEKA
R100260516L038_A001,CDD LONG CHASSIS,2000000,0,0,0,400000,0,2400000,A001 - WH AHI JABABEKA,PT. BINTANG SAMUDRA RAYA,7,ON SCHEDULE,28,0,14.06.2026,16.05.2026,18.05.2026,04.06.2026,04.06.2026,05.06.2026,05.06.2026,,A001,WH AHI JABABEKA
R100260516L038_A001,CDD LONG CHASSIS,2000000,0,0,0,400000,0,2400000,A001 - WH AHI JABABEKA,PT. BINTANG SAMUDRA RAYA,7,ON SCHEDULE,28,0,14.06.2026,16.05.2026,18.05.2026,04.06.2026,04.06.2026,05.06.2026,05.06.2026,,A001,WH AHI JABABEKA
R100260516L039_A001,FUSO,14950000,0,0,0,348000,0,15298000,A001 - WH AHI JABABEKA,PT. DUTA LINTAS NUSA,7,ON SCHEDULE,31,0,18.06.2026,17.05.2026,21.05.2026,12.06.2026,14.06.2026,15.06.2026,22.06.2026,,A001,WH AHI JABABEKA
R100260516L044_A001,CDD LONG CHASSIS,1400000,0,0,0,0,0,1400000,A001 - WH AHI JABABEKA,PT. BINTANG SAMUDRA RAYA,7,ON SCHEDULE,29,0,15.06.2026,16.05.2026,18.05.2026,22.05.2026,22.05.2026,03.06.2026,25.06.2026,,A001,WH AHI JABABEKA
R100260516L045_A001,CONT-20,17600000,0,0,0,0,0,17600000,A001 - WH AHI JABABEKA,PT. MITRA INTERTRANS FORWARDING,6,LATE,41,77,29.06.2026,18.05.2026,15.06.2026,14.07.2026,14.07.2026,15.07.2026,15.07.2026,,A001,WH AHI JABABEKA
R100260516L046_A001,CDD LONG CHASSIS,1750000,0,0,0,0,0,1750000,A001 - WH AHI JABABEKA,PT. CATUR GLOBAL LOGISTIK,7,ON SCHEDULE,28,0,14.06.2026,16.05.2026,18.05.2026,03.06.2026,04.06.2026,04.06.2026,04.06.2026,,A001,WH AHI JABABEKA
R100260516L047_A001,CDD LONG CHASSIS,1725000,0,0,0,0,0,1725000,A001 - WH AHI JABABEKA,PT. BINTANG SAMUDRA RAYA,7,ON SCHEDULE,27,0,13.06.2026,16.05.2026,18.05.2026,22.05.2026,22.05.2026,29.05.2026,03.06.2026,,A001,WH AHI JABABEKA
R100260516L048_A001,CDD LONG CHASSIS,1400000,0,0,0,0,0,1400000,A001 - WH AHI JABABEKA,PT. BINTANG SAMUDRA RAYA,7,ON SCHEDULE,29,0,15.06.2026,16.05.2026,18.05.2026,22.05.2026,22.05.2026,03.06.2026,25.06.2026,,A001,WH AHI JABABEKA
R100260516L051_A001,CDD LONG CHASSIS,1400000,0,0,0,0,0,1400000,A001 - WH AHI JABABEKA,PT. BINTANG SAMUDRA RAYA,7,ON SCHEDULE,28,0,14.06.2026,16.05.2026,18.05.2026,22.05.2026,22.05.2026,03.06.2026,25.06.2026,,A001,WH AHI JABABEKA
R100260516L052_A001,CDD LONG CHASSIS,1400000,0,0,0,200000,0,1600000,A001 - WH AHI JABABEKA,PT. BINTANG SAMUDRA RAYA,7,ON SCHEDULE,28,0,15.06.2026,17.05.2026,18.05.2026,04.06.2026,04.06.2026,05.06.2026,05.06.2026,,A001,WH AHI JABABEKA
R100260516L052_A001,CDD LONG CHASSIS,1400000,0,0,0,200000,0,1600000,A001 - WH AHI JABABEKA,PT. BINTANG SAMUDRA RAYA,7,ON SCHEDULE,28,0,15.06.2026,17.05.2026,18.05.2026,04.06.2026,04.06.2026,05.06.2026,05.06.2026,,A001,WH AHI JABABEKA
R100260516L053_A001,CDD LONG CHASSIS,1600000,0,0,0,0,0,1600000,A001 - WH AHI JABABEKA,PT. BINTANG SAMUDRA RAYA,7,ON SCHEDULE,28,0,14.06.2026,16.05.2026,18.05.2026,22.05.2026,22.05.2026,03.06.2026,25.06.2026,,A001,WH AHI JABABEKA
R100260516L054_A001,CDD LONG CHASSIS,1950000,0,0,0,0,0,1950000,A001 - WH AHI JABABEKA,PT. BINTANG SAMUDRA RAYA,7,ON SCHEDULE,28,0,15.06.2026,17.05.2026,18.05.2026,22.05.2026,22.05.2026,29.05.2026,03.06.2026,,A001,WH AHI JABABEKA
R100260516L055_A001,CDD LONG CHASSIS,1400000,0,0,0,0,0,1400000,A001 - WH AHI JABABEKA,PT. BINTANG SAMUDRA RAYA,7,ON SCHEDULE,28,0,14.06.2026,16.05.2026,18.05.2026,22.05.2026,22.05.2026,29.05.2026,03.06.2026,,A001,WH AHI JABABEKA
R100260516T005_A001,WINGBOX,5650000,0,0,0,0,0,5650000,A001 - WH AHI JABABEKA,PT. DUTA MEDIA MANDIRI,7,ON SCHEDULE,30,0,16.06.2026,16.05.2026,19.05.2026,19.05.2026,20.05.2026,25.05.2026,25.05.2026,,A001,WH AHI JABABEKA
R100260516T006_A001,CONT-20,19800000,0,0,1250000,0,0,21050000,A001 - WH AHI JABABEKA,PT. PAUS BIRU LOGISTIK,7,ON SCHEDULE,41,0,27.06.2026,16.05.2026,05.06.2026,23.06.2026,25.06.2026,01.07.2026,02.07.2026,,A001,WH AHI JABABEKA
R100260516T014_A001,CONT-40,27200000,0,0,0,0,0,27200000,A001 - WH AHI JABABEKA,PT. SENTOSAPRIMA ABADI,6,LATE,39,79,25.06.2026,16.05.2026,31.05.2026,13.07.2026,13.07.2026,14.07.2026,14.07.2026,,A001,WH AHI JABABEKA
R100260517L006_A001,CDD LONG CHASSIS,1425000,0,0,0,0,0,1425000,A001 - WH AHI JABABEKA,PT. DUTA MEDIA MANDIRI,7,ON SCHEDULE,28,0,15.06.2026,17.05.2026,18.05.2026,19.05.2026,20.05.2026,21.05.2026,21.05.2026,,A001,WH AHI JABABEKA
R100260517L007_A001,CONT-20,27000000,0,0,0,0,0,27000000,A001 - WH AHI JABABEKA,PT. CRIETA LOGISTIC,6,LATE,49,77,07.07.2026,18.05.2026,19.06.2026,03.08.2026,03.08.2026,03.08.2026,03.08.2026,,A001,WH AHI JABABEKA
R100260517L008_A001,CONT-20,23400000,0,0,0,0,0,23400000,A001 - WH AHI JABABEKA,PT. TPIL LOGISTICS,4,LATE,29,77,18.06.2026,19.05.2026,30.05.2026,04.06.2026,04.06.2026,,,,A001,WH AHI JABABEKA
R100260517L010_A001,WINGBOX,35000000,0,0,0,200000,0,35200000,A001 - WH AHI JABABEKA,PT.ORANG KREATIF EKSIS,7,ON SCHEDULE,47,0,04.07.2026,17.05.2026,24.05.2026,02.06.2026,03.06.2026,23.06.2026,23.06.2026,,A001,WH AHI JABABEKA
R100260517L011_A001,FUSO,19200000,0,0,0,300000,1300000,20800000,A001 - WH AHI JABABEKA,PT. SATRIA PIRANTI PERKASA,7,ON SCHEDULE,31,0,18.06.2026,17.05.2026,23.05.2026,10.06.2026,11.06.2026,18.06.2026,18.06.2026,,A001,WH AHI JABABEKA
R100260517L012_A001,CDD LONG CHASSIS,1400000,0,0,0,200000,0,1600000,A001 - WH AHI JABABEKA,PT. BINTANG SAMUDRA RAYA,7,ON SCHEDULE,28,0,15.06.2026,17.05.2026,18.05.2026,04.06.2026,04.06.2026,05.06.2026,05.06.2026,,A001,WH AHI JABABEKA
R100260517L012_A001,CDD LONG CHASSIS,1400000,0,0,0,200000,0,1600000,A001 - WH AHI JABABEKA,PT. BINTANG SAMUDRA RAYA,7,ON SCHEDULE,28,0,15.06.2026,17.05.2026,18.05.2026,04.06.2026,04.06.2026,05.06.2026,05.06.2026,,A001,WH AHI JABABEKA
R100260517L013_A001,CDD LONG CHASSIS,1750000,0,0,0,0,0,1750000,A001 - WH AHI JABABEKA,PT. DUTA MEDIA MANDIRI,7,ON SCHEDULE,27,0,14.06.2026,17.05.2026,18.05.2026,19.05.2026,20.05.2026,22.05.2026,22.05.2026,,A001,WH AHI JABABEKA
R100260517L014_A001,CDD LONG CHASSIS,1725000,0,0,0,0,0,1725000,A001 - WH AHI JABABEKA,PT. BINTANG SAMUDRA RAYA,7,ON SCHEDULE,28,0,15.06.2026,17.05.2026,18.05.2026,22.05.2026,22.05.2026,29.05.2026,03.06.2026,,A001,WH AHI JABABEKA
R100260517L015_A001,CDD LONG CHASSIS,2250000,0,0,0,0,0,2250000,A001 - WH AHI JABABEKA,PT. BINTANG SAMUDRA RAYA,7,ON SCHEDULE,28,0,15.06.2026,17.05.2026,18.05.2026,22.05.2026,22.05.2026,29.05.2026,03.06.2026,,A001,WH AHI JABABEKA
R100260517L016_A001,CDD LONG CHASSIS,2250000,0,0,0,0,0,2250000,A001 - WH AHI JABABEKA,PT. BINTANG SAMUDRA RAYA,7,ON SCHEDULE,28,0,15.06.2026,17.05.2026,18.05.2026,22.05.2026,22.05.2026,29.05.2026,03.06.2026,,A001,WH AHI JABABEKA
R100260517L017_A001,CONT-20,14500000,0,0,0,0,0,14500000,A001 - WH AHI JABABEKA,PT. TPIL LOGISTICS,2,LATE,19,78,06.06.2026,17.05.2026,12.06.2026,,,,,,A001,WH AHI JABABEKA
R100260517L018_A001,CONT-20,15300000,0,0,800000,0,0,16100000,A001 - WH AHI JABABEKA,PT. SENTOSAPRIMA ABADI,7,ON SCHEDULE,40,0,27.06.2026,17.05.2026,10.06.2026,26.06.2026,26.06.2026,02.07.2026,02.07.2026,,A001,WH AHI JABABEKA
R100260517L019_A001,CONT-20,15050000,0,0,0,0,0,15050000,A001 - WH AHI JABABEKA,PT. TPIL LOGISTICS,2,LATE,22,78,09.06.2026,17.05.2026,30.05.2026,,,,,,A001,WH AHI JABABEKA
R100260517L038_A001,CONT-20,19670000,0,0,0,0,0,19670000,A001 - WH AHI JABABEKA,PT KAMADJAJA LOGISTICS,7,ON SCHEDULE,38,0,25.06.2026,17.05.2026,10.06.2026,22.06.2026,22.06.2026,23.06.2026,23.06.2026,,A001,WH AHI JABABEKA
R100260517L039_A001,CONT-20,18850000,0,0,0,0,0,18850000,A001 - WH AHI JABABEKA,PT. SENTOSAPRIMA ABADI,6,LATE,46,76,05.07.2026,19.05.2026,19.06.2026,13.07.2026,14.07.2026,23.07.2026,23.07.2026,,A001,WH AHI JABABEKA
R100260517L041_A001,CONT-20,17000000,0,0,0,0,0,17000000,A001 - WH AHI JABABEKA,PT. SARANA TRANS SUMATERA,7,ON SCHEDULE,39,0,27.06.2026,18.05.2026,,15.06.2026,16.06.2026,17.06.2026,17.06.2026,,A001,WH AHI JABABEKA
R100260517L043_A001,CONT-20,31400000,0,0,0,0,0,31400000,A001 - WH AHI JABABEKA,PT. TPIL LOGISTICS,2,LATE,27,78,15.06.2026,18.05.2026,18.06.2026,,,,,,A001,WH AHI JABABEKA
R100260517L044_A001,FUSO,12500000,0,0,0,350000,0,12850000,A001 - WH AHI JABABEKA,PT.DHANESWARA EXPRES,7,ON SCHEDULE,31,0,19.06.2026,18.05.2026,23.05.2026,29.05.2026,29.05.2026,02.06.2026,02.06.2026,,A001,WH AHI JABABEKA
R100260517L045_A001,WINGBOX,10700000,0,0,0,0,0,10700000,A001 - WH AHI JABABEKA,PT. BINTANG SAMUDRA RAYA,7,ON SCHEDULE,31,0,19.06.2026,18.05.2026,23.05.2026,26.05.2026,26.05.2026,29.05.2026,03.06.2026,,A001,WH AHI JABABEKA
R100260517T004_A001,CONT-20,17600000,0,0,0,0,0,17600000,A001 - WH AHI JABABEKA,PT. TPIL LOGISTICS,2,LATE,27,78,14.06.2026,17.05.2026,10.06.2026,,,,,,A001,WH AHI JABABEKA
R100260517T015_A001,CONT-40,32000000,0,0,0,0,0,32000000,A001 - WH AHI JABABEKA,PT. DAYA EKA SAMUDERA JAKARTA,7,ON SCHEDULE,39,0,27.06.2026,18.05.2026,05.06.2026,15.06.2026,16.06.2026,17.06.2026,18.06.2026,,A001,WH AHI JABABEKA
R100260518A017_A001,CDD LONG CHASSIS,7500000,0,0,0,0,0,7500000,A001 - WH AHI JABABEKA,PT.ORANG KREATIF EKSIS,7,ON SCHEDULE,41,0,30.06.2026,19.05.2026,23.05.2026,29.05.2026,29.05.2026,04.06.2026,05.06.2026,,A001,WH AHI JABABEKA
R100260518B001_A001,CDD LONG CHASSIS,1400000,0,0,0,0,0,1400000,A001 - WH AHI JABABEKA,PT. BINTANG SAMUDRA RAYA,7,ON SCHEDULE,26,0,16.06.2026,20.05.2026,21.05.2026,11.06.2026,12.06.2026,18.06.2026,14.07.2026,,A001,WH AHI JABABEKA
R100260518B006_A001,CDD LONG CHASSIS,1400000,0,0,0,0,0,1400000,A001 - WH AHI JABABEKA,PT. BINTANG SAMUDRA RAYA,7,ON SCHEDULE,26,0,16.06.2026,20.05.2026,21.05.2026,11.06.2026,12.06.2026,18.06.2026,14.07.2026,,A001,WH AHI JABABEKA
R100260518B007_A001,CDD LONG CHASSIS,1400000,0,0,0,0,0,1400000,A001 - WH AHI JABABEKA,PT. BINTANG SAMUDRA RAYA,7,ON SCHEDULE,26,0,16.06.2026,20.05.2026,21.05.2026,11.06.2026,12.06.2026,18.06.2026,14.07.2026,,A001,WH AHI JABABEKA
R100260518B008_A001,CDD LONG CHASSIS,1400000,0,0,0,0,0,1400000,A001 - WH AHI JABABEKA,PT. BINTANG SAMUDRA RAYA,7,ON SCHEDULE,26,0,16.06.2026,20.05.2026,21.05.2026,11.06.2026,12.06.2026,18.06.2026,14.07.2026,,A001,WH AHI JABABEKA
R100260518L005_A001,FUSO,13800000,0,0,0,0,0,13800000,A001 - WH AHI JABABEKA,PT. DUTA LINTAS NUSA,6,LATE,40,73,02.07.2026,22.05.2026,31.05.2026,08.07.2026,09.07.2026,21.07.2026,21.07.2026,,A001,WH AHI JABABEKA
R100260518L006_A001,CONT-20,27000000,0,0,0,0,0,27000000,A001 - WH AHI JABABEKA,PT. CRIETA LOGISTIC,6,LATE,49,76,08.07.2026,19.05.2026,19.06.2026,03.08.2026,03.08.2026,03.08.2026,03.08.2026,,A001,WH AHI JABABEKA
R100260518L007_A001,CONT-20,20150000,0,0,0,0,0,20150000,A001 - WH AHI JABABEKA,PT. MITRA INTERTRANS FORWARDING,6,LATE,43,77,01.07.2026,18.05.2026,12.06.2026,14.07.2026,14.07.2026,15.07.2026,15.07.2026,,A001,WH AHI JABABEKA
R100260518L021_A001,CONT-20,33500000,0,0,0,0,0,33500000,A001 - WH AHI JABABEKA,PT. TPIL LOGISTICS,2,LATE,27,77,15.06.2026,18.05.2026,25.06.2026,,,,,,A001,WH AHI JABABEKA
R100260518L022_A001,CONT-20,16500000,0,0,0,0,0,16500000,A001 - WH AHI JABABEKA,PT. TPIL LOGISTICS,2,LATE,21,77,09.06.2026,18.05.2026,14.06.2026,,,,,,A001,WH AHI JABABEKA
R100260518L023_A001,CDD LONG CHASSIS,4900000,0,0,0,0,0,4900000,A001 - WH AHI JABABEKA,PT.ORANG KREATIF EKSIS,7,ON SCHEDULE,28,0,16.06.2026,18.05.2026,20.05.2026,25.05.2026,25.05.2026,04.06.2026,05.06.2026,,A001,WH AHI JABABEKA
R100260518L024_A001,CDD LONG CHASSIS,3900000,0,0,0,0,0,3900000,A001 - WH AHI JABABEKA,PT. BINTANG SAMUDRA RAYA,7,ON SCHEDULE,28,0,16.06.2026,18.05.2026,20.05.2026,22.05.2026,22.05.2026,29.05.2026,03.06.2026,,A001,WH AHI JABABEKA
R100260518L026_A001,FUSO,19350000,0,0,0,200000,0,19550000,A001 - WH AHI JABABEKA,PT. SATRIA PIRANTI PERKASA,7,ON SCHEDULE,41,0,29.06.2026,18.05.2026,31.05.2026,10.06.2026,10.06.2026,18.06.2026,18.06.2026,,A001,WH AHI JABABEKA
R100260518L048_A001,CDD LONG CHASSIS,2850000,0,0,0,0,0,2850000,A001 - WH AHI JABABEKA,PT. BINTANG SAMUDRA RAYA,7,ON SCHEDULE,28,0,16.06.2026,18.05.2026,20.05.2026,22.05.2026,22.05.2026,29.05.2026,03.06.2026,,A001,WH AHI JABABEKA
R100260518L049_A001,CDD LONG CHASSIS,3500000,0,0,0,600000,0,4100000,A001 - WH AHI JABABEKA,PT. CEHA LOGISTIK CEMERLANG,7,ON SCHEDULE,29,0,18.06.2026,19.05.2026,21.05.2026,25.05.2026,25.05.2026,04.06.2026,04.06.2026,,A001,WH AHI JABABEKA
R100260518L055_A001,CDD LONG CHASSIS,3500000,0,0,0,350000,0,3850000,A001 - WH AHI JABABEKA,PT. AGUNG MAKMUR JAYA,7,ON SCHEDULE,28,0,17.06.2026,19.05.2026,21.05.2026,25.05.2026,25.05.2026,17.06.2026,18.06.2026,,A001,WH AHI JABABEKA
R100260518L055_A001,CDD LONG CHASSIS,3500000,0,0,0,350000,0,3850000,A001 - WH AHI JABABEKA,PT. AGUNG MAKMUR JAYA,7,ON SCHEDULE,28,0,17.06.2026,19.05.2026,21.05.2026,25.05.2026,25.05.2026,17.06.2026,18.06.2026,,A001,WH AHI JABABEKA
R100260518L055_A001,CDD LONG CHASSIS,3500000,0,0,0,350000,0,3850000,A001 - WH AHI JABABEKA,PT. AGUNG MAKMUR JAYA,7,ON SCHEDULE,28,0,17.06.2026,19.05.2026,21.05.2026,25.05.2026,25.05.2026,17.06.2026,18.06.2026,,A001,WH AHI JABABEKA
R100260518L055_A001,CDD LONG CHASSIS,3500000,0,0,0,350000,0,3850000,A001 - WH AHI JABABEKA,PT. AGUNG MAKMUR JAYA,7,ON SCHEDULE,28,0,17.06.2026,19.05.2026,21.05.2026,25.05.2026,25.05.2026,17.06.2026,18.06.2026,,A001,WH AHI JABABEKA
R100260518L056_A001,CDD LONG CHASSIS,4900000,0,0,0,0,0,4900000,A001 - WH AHI JABABEKA,PT.ORANG KREATIF EKSIS,7,ON SCHEDULE,28,0,17.06.2026,19.05.2026,21.05.2026,29.05.2026,29.05.2026,04.06.2026,04.06.2026,,A001,WH AHI JABABEKA
R100260518L067_A001,CONT-20,15800000,0,0,0,0,0,15800000,A001 - WH AHI JABABEKA,PT. SENTOSAPRIMA ABADI,6,LATE,42,77,01.07.2026,19.05.2026,10.06.2026,03.07.2026,03.07.2026,07.07.2026,07.07.2026,,A001,WH AHI JABABEKA
R100260518L068_A001,CONT-20,18800000,0,0,0,0,0,18800000,A001 - WH AHI JABABEKA,PT. MITRA INTERTRANS FORWARDING,6,LATE,42,77,01.07.2026,19.05.2026,11.06.2026,14.07.2026,14.07.2026,15.07.2026,15.07.2026,,A001,WH AHI JABABEKA
R100260518L069_A001,CONT-20,17600000,0,0,0,0,0,17600000,A001 - WH AHI JABABEKA,PT. MITRA INTERTRANS FORWARDING,6,LATE,41,77,30.06.2026,19.05.2026,06.06.2026,14.07.2026,14.07.2026,15.07.2026,15.07.2026,,A001,WH AHI JABABEKA
R100260518T006_A001,CONT-40,26300000,0,0,0,0,0,26300000,A001 - WH AHI JABABEKA,PT. TPIL LOGISTICS,2,LATE,19,77,07.06.2026,18.05.2026,05.06.2026,,,,,,A001,WH AHI JABABEKA
R100260518T008_A001,CONT-40,27500000,0,0,800000,0,0,28300000,A001 - WH AHI JABABEKA,PT. MITRA INTERTRANS FORWARDING,6,LATE,40,75,30.06.2026,20.05.2026,05.06.2026,29.07.2026,29.07.2026,30.07.2026,30.07.2026,,A001,WH AHI JABABEKA
R100260518T009_A001,CONT-20,15800000,0,0,0,0,0,15800000,A001 - WH AHI JABABEKA,PT. SENTOSAPRIMA ABADI,6,LATE,41,76,30.06.2026,19.05.2026,05.06.2026,30.06.2026,30.06.2026,08.07.2026,08.07.2026,,A001,WH AHI JABABEKA
R100260518T010_A001,CONT-20,14500000,0,0,0,0,0,14500000,A001 - WH AHI JABABEKA,PT. TPIL LOGISTICS,2,LATE,19,77,07.06.2026,18.05.2026,12.06.2026,,,,,,A001,WH AHI JABABEKA
R100260518T016_A001,CONT-20,32200000,0,0,0,0,0,32200000,A001 - WH AHI JABABEKA,PT. HAKKA HYDRO TIRTA,2,LATE,26,75,16.06.2026,20.05.2026,10.06.2026,,,,,,A001,WH AHI JABABEKA
R100260518T029_A001,CONT-20,19000000,0,0,0,0,0,19000000,A001 - WH AHI JABABEKA,PT. SENTOSAPRIMA ABADI,6,LATE,47,77,06.07.2026,19.05.2026,16.06.2026,17.07.2026,17.07.2026,20.07.2026,20.07.2026,,A001,WH AHI JABABEKA
R100260519L007_A001,CONT-20,32200000,0,0,0,0,0,32200000,A001 - WH AHI JABABEKA,PT. HAKKA HYDRO TIRTA,2,LATE,26,75,17.06.2026,21.05.2026,12.06.2026,,,,,,A001,WH AHI JABABEKA
R100260519L013_A001,CONT-20,17600000,0,0,0,0,0,17600000,A001 - WH AHI JABABEKA,PT. TPIL LOGISTICS,2,LATE,23,75,13.06.2026,20.05.2026,02.06.2026,,,,,,A001,WH AHI JABABEKA
R100260519L022_A001,FUSO,12500000,0,0,0,0,0,12500000,A001 - WH AHI JABABEKA,PT.DHANESWARA EXPRES,7,ON SCHEDULE,27,0,17.06.2026,20.05.2026,24.05.2026,04.06.2026,04.06.2026,08.06.2026,08.06.2026,,A001,WH AHI JABABEKA
R100260519L025_A001,FUSO,19200000,0,0,0,0,0,19200000,A001 - WH AHI JABABEKA,PT. SATRIA PIRANTI PERKASA,7,ON SCHEDULE,39,0,28.06.2026,19.05.2026,31.05.2026,10.06.2026,10.06.2026,18.06.2026,18.06.2026,,A001,WH AHI JABABEKA
R100260519L026_A001,CDD LONG CHASSIS,3600000,0,0,0,300000,0,3900000,A001 - WH AHI JABABEKA,PT. BINTANG SAMUDRA RAYA,7,ON SCHEDULE,28,0,17.06.2026,19.05.2026,22.05.2026,12.06.2026,14.06.2026,15.06.2026,15.06.2026,,A001,WH AHI JABABEKA
R100260519T007_A001,CONT-40,26300000,0,0,0,0,0,26300000,A001 - WH AHI JABABEKA,PT. TPIL LOGISTICS,2,LATE,19,76,08.06.2026,19.05.2026,05.06.2026,,,,,,A001,WH AHI JABABEKA
R100260519T008_A001,CONT-40,26300000,0,0,0,0,0,26300000,A001 - WH AHI JABABEKA,PT. TPIL LOGISTICS,2,LATE,19,76,09.06.2026,20.05.2026,10.06.2026,,,,,,A001,WH AHI JABABEKA
R100260519T010_A001,CONT-20,18200000,0,0,0,0,0,18200000,A001 - WH AHI JABABEKA,PT. SARANA TRANS SUMATERA,7,ON SCHEDULE,36,0,25.06.2026,19.05.2026,05.06.2026,25.06.2026,25.06.2026,26.06.2026,26.06.2026,,A001,WH AHI JABABEKA
R100260519T011_A001,CONT-40,27200000,0,0,0,0,0,27200000,A001 - WH AHI JABABEKA,PT. SENTOSAPRIMA ABADI,6,LATE,39,76,28.06.2026,19.05.2026,05.06.2026,10.07.2026,10.07.2026,16.07.2026,16.07.2026,,A001,WH AHI JABABEKA
R100260519T012_A001,CONT-20,0,0,0,0,0,0,0,A001 - WH AHI JABABEKA,PT. TPIL LOGISTICS,2,LATE,27,76,16.06.2026,19.05.2026,16.06.2026,,,,,,A001,WH AHI JABABEKA
R100260519T033_A001,CONT-20,3900000,0,0,0,0,0,3900000,A001 - WH AHI JABABEKA,PT. JATIM PETROLEUM TRANSPORT,7,ON SCHEDULE,30,0,20.06.2026,20.05.2026,30.05.2026,09.06.2026,10.06.2026,19.06.2026,19.06.2026,,A001,WH AHI JABABEKA
R100260519T034_A001,CONT-20,3900000,0,0,0,0,0,3900000,A001 - WH AHI JABABEKA,PT. JATIM PETROLEUM TRANSPORT,7,ON SCHEDULE,30,0,20.06.2026,20.05.2026,30.05.2026,09.06.2026,10.06.2026,19.06.2026,19.06.2026,,A001,WH AHI JABABEKA
R100260519T036_A001,CONT-20,3900000,0,0,0,0,0,3900000,A001 - WH AHI JABABEKA,PT. JATIM PETROLEUM TRANSPORT,7,ON SCHEDULE,30,0,20.06.2026,20.05.2026,30.05.2026,09.06.2026,10.06.2026,19.06.2026,19.06.2026,,A001,WH AHI JABABEKA
R100260519T037_A001,CONT-20,3900000,0,0,0,0,0,3900000,A001 - WH AHI JABABEKA,PT. JATIM PETROLEUM TRANSPORT,7,ON SCHEDULE,30,0,20.06.2026,20.05.2026,30.05.2026,09.06.2026,10.06.2026,19.06.2026,19.06.2026,,A001,WH AHI JABABEKA
R100260519T038_A001,CONT-20,3900000,0,0,0,0,0,3900000,A001 - WH AHI JABABEKA,PT. JATIM PETROLEUM TRANSPORT,7,ON SCHEDULE,30,0,20.06.2026,20.05.2026,30.05.2026,09.06.2026,10.06.2026,19.06.2026,19.06.2026,,A001,WH AHI JABABEKA
R100260519T039_A001,CONT-20,3900000,0,0,0,0,0,3900000,A001 - WH AHI JABABEKA,PT. JATIM PETROLEUM TRANSPORT,7,ON SCHEDULE,30,0,20.06.2026,20.05.2026,30.05.2026,09.06.2026,10.06.2026,19.06.2026,19.06.2026,,A001,WH AHI JABABEKA
R100260519T040_A001,CONT-20,3900000,0,0,0,0,0,3900000,A001 - WH AHI JABABEKA,PT. JATIM PETROLEUM TRANSPORT,7,ON SCHEDULE,30,0,20.06.2026,20.05.2026,30.05.2026,09.06.2026,10.06.2026,19.06.2026,19.06.2026,,A001,WH AHI JABABEKA
R100260519T041_A001,CONT-20,3900000,0,0,0,0,0,3900000,A001 - WH AHI JABABEKA,PT. JATIM PETROLEUM TRANSPORT,7,ON SCHEDULE,30,0,20.06.2026,20.05.2026,30.05.2026,09.06.2026,10.06.2026,19.06.2026,19.06.2026,,A001,WH AHI JABABEKA
R100260519T042_A001,CONT-20,3900000,0,0,0,0,0,3900000,A001 - WH AHI JABABEKA,PT. JATIM PETROLEUM TRANSPORT,7,ON SCHEDULE,30,0,20.06.2026,20.05.2026,30.05.2026,09.06.2026,10.06.2026,19.06.2026,23.06.2026,,A001,WH AHI JABABEKA
R100260519T046_A001,CONT-40,27200000,0,0,0,0,0,27200000,A001 - WH AHI JABABEKA,PT. SENTOSAPRIMA ABADI,6,LATE,39,75,29.06.2026,20.05.2026,05.06.2026,10.07.2026,10.07.2026,16.07.2026,16.07.2026,,A001,WH AHI JABABEKA
R100260519T047_A001,CONT-20,17250000,0,0,0,0,0,17250000,A001 - WH AHI JABABEKA,PT. MITRA INTERTRANS FORWARDING,7,ON SCHEDULE,41,0,01.07.2026,20.05.2026,31.05.2026,26.06.2026,27.06.2026,29.06.2026,29.06.2026,,A001,WH AHI JABABEKA
R100260519T048_A001,CONT-20,3900000,0,0,0,0,0,3900000,A001 - WH AHI JABABEKA,PT. JATIM PETROLEUM TRANSPORT,7,ON SCHEDULE,30,0,20.06.2026,20.05.2026,30.05.2026,09.06.2026,10.06.2026,19.06.2026,19.06.2026,,A001,WH AHI JABABEKA
R100260520B004_A001,CDD LONG CHASSIS,1400000,0,0,0,0,0,1400000,A001 - WH AHI JABABEKA,PT. BINTANG SAMUDRA RAYA,7,ON SCHEDULE,26,0,17.06.2026,21.05.2026,23.05.2026,11.06.2026,12.06.2026,18.06.2026,14.07.2026,,A001,WH AHI JABABEKA
R100260520B005_A001,CDD LONG CHASSIS,1400000,0,0,0,0,0,1400000,A001 - WH AHI JABABEKA,PT. BINTANG SAMUDRA RAYA,7,ON SCHEDULE,26,0,17.06.2026,21.05.2026,23.05.2026,11.06.2026,12.06.2026,18.06.2026,14.07.2026,,A001,WH AHI JABABEKA
R100260520B006_A001,CDD LONG CHASSIS,1400000,0,0,0,0,0,1400000,A001 - WH AHI JABABEKA,PT. BINTANG SAMUDRA RAYA,7,ON SCHEDULE,26,0,17.06.2026,21.05.2026,23.05.2026,11.06.2026,12.06.2026,18.06.2026,14.07.2026,,A001,WH AHI JABABEKA
R100260520B007_A001,CDD LONG CHASSIS,2250000,0,0,0,0,0,2250000,A001 - WH AHI JABABEKA,PT. BINTANG SAMUDRA RAYA,4,LATE,14,74,05.06.2026,21.05.2026,06.06.2026,13.07.2026,14.07.2026,,,,A001,WH AHI JABABEKA
R100260520B008_A001,CDD LONG CHASSIS,2250000,0,0,0,0,0,2250000,A001 - WH AHI JABABEKA,PT. BINTANG SAMUDRA RAYA,4,LATE,14,74,05.06.2026,21.05.2026,06.06.2026,13.07.2026,14.07.2026,,,,A001,WH AHI JABABEKA
R100260520B009_A001,CDD LONG CHASSIS,2250000,0,0,0,0,0,2250000,A001 - WH AHI JABABEKA,PT. BINTANG SAMUDRA RAYA,4,LATE,14,74,05.06.2026,21.05.2026,06.06.2026,13.07.2026,14.07.2026,,,,A001,WH AHI JABABEKA
R100260520B010_A001,CDD LONG CHASSIS,2250000,0,0,0,0,0,2250000,A001 - WH AHI JABABEKA,PT. BINTANG SAMUDRA RAYA,4,LATE,14,74,05.06.2026,21.05.2026,06.06.2026,13.07.2026,14.07.2026,,,,A001,WH AHI JABABEKA
R100260520L017_A001,CDD LONG CHASSIS,3500000,0,0,0,0,0,3500000,A001 - WH AHI JABABEKA,PT. CEHA LOGISTIK CEMERLANG,7,ON SCHEDULE,28,0,18.06.2026,20.05.2026,23.05.2026,26.05.2026,26.05.2026,23.06.2026,23.06.2026,,A001,WH AHI JABABEKA
R100260520L018_A001,FUSO,17000000,0,0,0,200000,0,17200000,A001 - WH AHI JABABEKA,PT. SATRIA PIRANTI PERKASA,7,ON SCHEDULE,31,0,21.06.2026,20.05.2026,31.05.2026,10.06.2026,10.06.2026,18.06.2026,18.06.2026,,A001,WH AHI JABABEKA
R100260520L019_A001,FUSO,12500000,0,0,0,350000,0,12850000,A001 - WH AHI JABABEKA,PT.DHANESWARA EXPRES,7,ON SCHEDULE,31,0,22.06.2026,21.05.2026,25.05.2026,05.06.2026,05.06.2026,15.06.2026,15.06.2026,,A001,WH AHI JABABEKA
R100260520L020_A001,FUSO,14950000,0,0,0,522000,0,15472000,A001 - WH AHI JABABEKA,PT. DUTA LINTAS NUSA,6,LATE,30,71,25.06.2026,25.05.2026,30.05.2026,30.06.2026,01.07.2026,21.07.2026,21.07.2026,,A001,WH AHI JABABEKA
R100260520L021_A001,CDD LONG CHASSIS,1425000,0,0,0,100000,0,1525000,A001 - WH AHI JABABEKA,PT. DUTA MEDIA MANDIRI,7,ON SCHEDULE,28,0,19.06.2026,21.05.2026,24.05.2026,26.05.2026,26.05.2026,26.05.2026,26.05.2026,,A001,WH AHI JABABEKA
R100260520L023_A001,CDD LONG CHASSIS,1750000,0,0,0,250000,0,2000000,A001 - WH AHI JABABEKA,PT. CATUR GLOBAL LOGISTIK,7,ON SCHEDULE,26,0,17.06.2026,21.05.2026,23.05.2026,03.06.2026,04.06.2026,04.06.2026,04.06.2026,,A001,WH AHI JABABEKA
R100260520L024_A001,CDD LONG CHASSIS,3100000,0,0,0,0,0,3100000,A001 - WH AHI JABABEKA,PT. BINTANG SAMUDRA RAYA,7,ON SCHEDULE,29,0,19.06.2026,20.05.2026,23.05.2026,29.05.2026,29.05.2026,29.05.2026,03.06.2026,,A001,WH AHI JABABEKA
R100260520L025_A001,CDD LONG CHASSIS,3100000,0,0,0,400000,0,3500000,A001 - WH AHI JABABEKA,PT. BINTANG SAMUDRA RAYA,7,ON SCHEDULE,28,0,19.06.2026,21.05.2026,24.05.2026,12.06.2026,14.06.2026,15.06.2026,15.06.2026,,A001,WH AHI JABABEKA
R100260520L026_A001,CDD LONG CHASSIS,1425000,0,0,0,0,0,1425000,A001 - WH AHI JABABEKA,PT. DUTA MEDIA MANDIRI,7,ON SCHEDULE,28,0,19.06.2026,21.05.2026,23.05.2026,25.05.2026,25.05.2026,25.05.2026,25.05.2026,,A001,WH AHI JABABEKA
R100260520L027_A001,CDD LONG CHASSIS,2100000,0,0,0,400000,0,2500000,A001 - WH AHI JABABEKA,PT. BINTANG SAMUDRA RAYA,7,ON SCHEDULE,28,0,19.06.2026,21.05.2026,23.05.2026,12.06.2026,14.06.2026,15.06.2026,15.06.2026,,A001,WH AHI JABABEKA
R100260520L028_A001,CDD LONG CHASSIS,1600000,0,0,0,200000,0,1800000,A001 - WH AHI JABABEKA,PT. BINTANG SAMUDRA RAYA,7,ON SCHEDULE,28,0,19.06.2026,21.05.2026,24.05.2026,12.06.2026,14.06.2026,15.06.2026,15.06.2026,,A001,WH AHI JABABEKA
R100260520L028_A001,CDD LONG CHASSIS,1600000,0,0,0,200000,0,1800000,A001 - WH AHI JABABEKA,PT. BINTANG SAMUDRA RAYA,7,ON SCHEDULE,28,0,19.06.2026,21.05.2026,24.05.2026,12.06.2026,14.06.2026,15.06.2026,15.06.2026,,A001,WH AHI JABABEKA
R100260520L046_A001,CDD LONG CHASSIS,3500000,0,0,0,350000,0,3850000,A001 - WH AHI JABABEKA,PT. AGUNG MAKMUR JAYA,7,ON SCHEDULE,28,0,19.06.2026,21.05.2026,24.05.2026,25.05.2026,25.05.2026,17.06.2026,18.06.2026,,A001,WH AHI JABABEKA
R100260520L046_A001,CDD LONG CHASSIS,3500000,0,0,0,350000,0,3850000,A001 - WH AHI JABABEKA,PT. AGUNG MAKMUR JAYA,7,ON SCHEDULE,28,0,19.06.2026,21.05.2026,24.05.2026,25.05.2026,25.05.2026,17.06.2026,18.06.2026,,A001,WH AHI JABABEKA
R100260520L046_A001,CDD LONG CHASSIS,3500000,0,0,0,350000,0,3850000,A001 - WH AHI JABABEKA,PT. AGUNG MAKMUR JAYA,7,ON SCHEDULE,28,0,19.06.2026,21.05.2026,24.05.2026,25.05.2026,25.05.2026,17.06.2026,18.06.2026,,A001,WH AHI JABABEKA
R100260520L046_A001,CDD LONG CHASSIS,3500000,0,0,0,350000,0,3850000,A001 - WH AHI JABABEKA,PT. AGUNG MAKMUR JAYA,7,ON SCHEDULE,28,0,19.06.2026,21.05.2026,24.05.2026,25.05.2026,25.05.2026,17.06.2026,18.06.2026,,A001,WH AHI JABABEKA
R100260520L047_A001,CDD LONG CHASSIS,3500000,0,0,0,250000,0,3750000,A001 - WH AHI JABABEKA,PT. AGUNG MAKMUR JAYA,7,ON SCHEDULE,28,0,19.06.2026,21.05.2026,24.05.2026,25.05.2026,25.05.2026,17.06.2026,18.06.2026,,A001,WH AHI JABABEKA
R100260520L047_A001,CDD LONG CHASSIS,3500000,0,0,0,250000,0,3750000,A001 - WH AHI JABABEKA,PT. AGUNG MAKMUR JAYA,7,ON SCHEDULE,28,0,19.06.2026,21.05.2026,24.05.2026,25.05.2026,25.05.2026,17.06.2026,18.06.2026,,A001,WH AHI JABABEKA
R100260520L047_A001,CDD LONG CHASSIS,3500000,0,0,0,250000,0,3750000,A001 - WH AHI JABABEKA,PT. AGUNG MAKMUR JAYA,7,ON SCHEDULE,28,0,19.06.2026,21.05.2026,24.05.2026,25.05.2026,25.05.2026,17.06.2026,18.06.2026,,A001,WH AHI JABABEKA
R100260520L080_A001,CONT-20,25200000,0,0,0,0,0,25200000,A001 - WH AHI JABABEKA,PT. TPIL LOGISTICS,2,LATE,29,74,20.06.2026,21.05.2026,19.06.2026,,,,,,A001,WH AHI JABABEKA
R100260520L094_A001,CDD LONG CHASSIS,1425000,0,0,0,0,0,1425000,A001 - WH AHI JABABEKA,PT. DUTA MEDIA MANDIRI,7,ON SCHEDULE,28,0,19.06.2026,21.05.2026,23.05.2026,25.05.2026,25.05.2026,25.05.2026,25.05.2026,,A001,WH AHI JABABEKA
R100260520T012_A001,CONT-20,3900000,0,0,0,0,0,3900000,A001 - WH AHI JABABEKA,PT. JATIM PETROLEUM TRANSPORT,6,LATE,30,75,20.06.2026,20.05.2026,30.05.2026,09.06.2026,10.06.2026,23.06.2026,14.07.2026,,A001,WH AHI JABABEKA
R100260520T013_A001,CONT-20,3900000,0,0,0,0,0,3900000,A001 - WH AHI JABABEKA,PT. JATIM PETROLEUM TRANSPORT,7,ON SCHEDULE,30,0,21.06.2026,21.05.2026,30.05.2026,09.06.2026,10.06.2026,23.06.2026,23.06.2026,,A001,WH AHI JABABEKA
R100260520T016_A001,CONT-20,3900000,0,0,0,0,0,3900000,A001 - WH AHI JABABEKA,PT. JATIM PETROLEUM TRANSPORT,7,ON SCHEDULE,30,0,21.06.2026,21.05.2026,30.05.2026,09.06.2026,10.06.2026,23.06.2026,23.06.2026,,A001,WH AHI JABABEKA
R100260520T026_A001,CONT-20,3900000,0,0,0,0,0,3900000,A001 - WH AHI JABABEKA,PT. JATIM PETROLEUM TRANSPORT,7,ON SCHEDULE,30,0,21.06.2026,21.05.2026,31.05.2026,09.06.2026,10.06.2026,23.06.2026,23.06.2026,,A001,WH AHI JABABEKA
R100260520T027_A001,CONT-20,14500000,0,0,0,0,0,14500000,A001 - WH AHI JABABEKA,PT. TPIL LOGISTICS,2,LATE,19,75,10.06.2026,21.05.2026,12.06.2026,,,,,,A001,WH AHI JABABEKA
R100260520T028_A001,CONT-40,25300000,0,0,0,0,0,25300000,A001 - WH AHI JABABEKA,PT. TPIL LOGISTICS,2,LATE,20,74,12.06.2026,22.05.2026,16.06.2026,,,,,,A001,WH AHI JABABEKA
R100260520T029_A001,WINGBOX,5650000,0,0,0,0,0,5650000,A001 - WH AHI JABABEKA,PT. DUTA MEDIA MANDIRI,7,ON SCHEDULE,30,0,21.06.2026,21.05.2026,24.05.2026,25.05.2026,25.05.2026,29.05.2026,29.05.2026,,A001,WH AHI JABABEKA
R100260520T030_A001,CONT-20,3900000,0,0,0,0,0,3900000,A001 - WH AHI JABABEKA,PT. JATIM PETROLEUM TRANSPORT,7,ON SCHEDULE,30,0,21.06.2026,21.05.2026,30.05.2026,09.06.2026,10.06.2026,19.06.2026,19.06.2026,,A001,WH AHI JABABEKA
R100260520T031_A001,CONT-20,3900000,0,0,0,0,0,3900000,A001 - WH AHI JABABEKA,PT. JATIM PETROLEUM TRANSPORT,7,ON SCHEDULE,30,0,20.06.2026,20.05.2026,30.05.2026,09.06.2026,10.06.2026,19.06.2026,19.06.2026,,A001,WH AHI JABABEKA
R100260520T032_A001,CONT-40,26300000,0,0,0,0,0,26300000,A001 - WH AHI JABABEKA,PT. TPIL LOGISTICS,2,LATE,19,74,10.06.2026,21.05.2026,16.06.2026,,,,,,A001,WH AHI JABABEKA
R100260520T043_A001,CONT-40,27200000,0,0,0,0,0,27200000,A001 - WH AHI JABABEKA,PT. SENTOSAPRIMA ABADI,6,LATE,39,74,30.06.2026,21.05.2026,05.06.2026,10.07.2026,10.07.2026,16.07.2026,16.07.2026,,A001,WH AHI JABABEKA
R100260520T054_A001,CONT-20,17000000,0,0,800000,0,2300000,20100000,A001 - WH AHI JABABEKA,PT. SARANA TRANS SUMATERA,7,ON SCHEDULE,39,0,30.06.2026,21.05.2026,12.06.2026,25.06.2026,25.06.2026,26.06.2026,26.06.2026,,A001,WH AHI JABABEKA
R100260520T055_A001,CONT-20,17000000,0,0,800000,0,2300000,20100000,A001 - WH AHI JABABEKA,PT. SARANA TRANS SUMATERA,7,ON SCHEDULE,39,0,30.06.2026,21.05.2026,12.06.2026,25.06.2026,25.06.2026,26.06.2026,26.06.2026,,A001,WH AHI JABABEKA
R100260520T057_A001,WINGBOX,6500000,0,0,0,0,0,6500000,A001 - WH AHI JABABEKA,PT.AMANAH TRANSMULIA MANDIRI LOGISTIK,7,ON SCHEDULE,30,0,21.06.2026,21.05.2026,24.05.2026,29.05.2026,29.05.2026,02.06.2026,11.06.2026,,A001,WH AHI JABABEKA
R100260521L017_A001,CONT-20,16500000,0,0,0,0,0,16500000,A001 - WH AHI JABABEKA,PT. TPIL LOGISTICS,2,LATE,21,73,13.06.2026,22.05.2026,18.06.2026,,,,,,A001,WH AHI JABABEKA
R100260521L022_A001,CDD LONG CHASSIS,2350000,0,0,0,0,0,2350000,A001 - WH AHI JABABEKA,PT. BINTANG SAMUDRA RAYA,7,ON SCHEDULE,28,0,20.06.2026,22.05.2026,24.05.2026,29.05.2026,29.05.2026,29.05.2026,03.06.2026,,A001,WH AHI JABABEKA
R100260521L023_A001,CDD LONG CHASSIS,3900000,0,0,0,400000,0,4300000,A001 - WH AHI JABABEKA,PT. BINTANG SAMUDRA RAYA,7,ON SCHEDULE,28,0,20.06.2026,22.05.2026,31.05.2026,12.06.2026,14.06.2026,15.06.2026,15.06.2026,,A001,WH AHI JABABEKA
R100260521L024_A001,CDD LONG CHASSIS,7500000,0,0,0,150000,0,7650000,A001 - WH AHI JABABEKA,PT.ORANG KREATIF EKSIS,7,ON SCHEDULE,30,0,21.06.2026,21.05.2026,25.05.2026,12.06.2026,14.06.2026,24.06.2026,24.06.2026,,A001,WH AHI JABABEKA
R100260521L030_A001,FUSO,19200000,0,0,0,300000,1300000,20800000,A001 - WH AHI JABABEKA,PT. SATRIA PIRANTI PERKASA,7,ON SCHEDULE,31,0,23.06.2026,22.05.2026,31.05.2026,10.06.2026,11.06.2026,18.06.2026,18.06.2026,,A001,WH AHI JABABEKA
R100260521L031_A001,CONT-20,0,0,0,0,0,0,0,A001 - WH AHI JABABEKA,PT. TPIL LOGISTICS,2,LATE,23,73,15.06.2026,22.05.2026,15.06.2026,,,,,,A001,WH AHI JABABEKA
R100260521L032_A001,CONT-20,13300000,0,0,0,0,0,13300000,A001 - WH AHI JABABEKA,PT.BANGKA JAYA LINE,7,ON SCHEDULE,40,0,02.07.2026,22.05.2026,18.06.2026,19.06.2026,19.06.2026,26.06.2026,26.06.2026,,A001,WH AHI JABABEKA
R100260521L034_A001,FUSO,12500000,0,0,0,350000,0,12850000,A001 - WH AHI JABABEKA,PT.DHANESWARA EXPRES,7,ON SCHEDULE,31,0,02.07.2026,31.05.2026,01.06.2026,05.06.2026,05.06.2026,15.06.2026,15.06.2026,,A001,WH AHI JABABEKA
R100260521L081_A001,CDD LONG CHASSIS,7500000,0,0,0,150000,0,7650000,A001 - WH AHI JABABEKA,PT.ORANG KREATIF EKSIS,7,ON SCHEDULE,31,0,22.06.2026,21.05.2026,25.05.2026,05.06.2026,05.06.2026,23.06.2026,23.06.2026,,A001,WH AHI JABABEKA
R100260521T002_A001,CONT-40,26300000,0,0,0,0,0,26300000,A001 - WH AHI JABABEKA,PT. TPIL LOGISTICS,2,LATE,19,75,10.06.2026,21.05.2026,10.06.2026,,,,,,A001,WH AHI JABABEKA
R100260521T006_A001,CONT-40,8750000,0,0,0,0,0,8750000,A001 - WH AHI JABABEKA,PT. CIKARANG GERBANG SOLUSI,6,LATE,30,74,22.06.2026,22.05.2026,31.05.2026,25.06.2026,25.06.2026,29.06.2026,06.07.2026,,A001,WH AHI JABABEKA
R100260521T007_A001,CONT-40,8750000,0,0,0,0,0,8750000,A001 - WH AHI JABABEKA,PT. CIKARANG GERBANG SOLUSI,6,LATE,30,73,22.06.2026,22.05.2026,09.06.2026,25.06.2026,25.06.2026,29.06.2026,06.07.2026,,A001,WH AHI JABABEKA
R100260521T008_A001,CONT-40,8750000,0,0,0,0,0,8750000,A001 - WH AHI JABABEKA,PT. CIKARANG GERBANG SOLUSI,6,LATE,30,73,22.06.2026,22.05.2026,09.06.2026,25.06.2026,25.06.2026,29.06.2026,06.07.2026,,A001,WH AHI JABABEKA
R100260521T009_A001,CONT-40,8750000,0,0,0,0,0,8750000,A001 - WH AHI JABABEKA,PT. CIKARANG GERBANG SOLUSI,6,LATE,30,73,23.06.2026,23.05.2026,09.06.2026,25.06.2026,25.06.2026,29.06.2026,06.07.2026,,A001,WH AHI JABABEKA
R100260521T024_A001,CONT-20,15800000,0,0,0,0,0,15800000,A001 - WH AHI JABABEKA,PT. SENTOSAPRIMA ABADI,6,LATE,41,74,02.07.2026,21.05.2026,05.06.2026,13.07.2026,13.07.2026,14.07.2026,14.07.2026,,A001,WH AHI JABABEKA
R100260521T025_A001,CONT-40,29600000,0,0,0,0,0,29600000,A001 - WH AHI JABABEKA,PT. TPIL LOGISTICS,2,LATE,27,74,19.06.2026,22.05.2026,16.06.2026,,,,,,A001,WH AHI JABABEKA
R100260521T026_A001,WINGBOX,6500000,0,0,0,0,0,6500000,A001 - WH AHI JABABEKA,PT.AMANAH TRANSMULIA MANDIRI LOGISTIK,7,ON SCHEDULE,30,0,21.06.2026,21.05.2026,24.05.2026,29.05.2026,29.05.2026,02.06.2026,04.06.2026,,A001,WH AHI JABABEKA
R100260521T028_A001,CONT-20,15800000,0,0,0,0,0,15800000,A001 - WH AHI JABABEKA,PT. SENTOSAPRIMA ABADI,6,LATE,41,73,03.07.2026,22.05.2026,10.06.2026,13.07.2026,13.07.2026,14.07.2026,22.07.2026,,A001,WH AHI JABABEKA
R100260521T029_A001,WINGBOX,5650000,0,0,0,0,0,5650000,A001 - WH AHI JABABEKA,PT. DUTA MEDIA MANDIRI,7,ON SCHEDULE,30,0,21.06.2026,21.05.2026,24.05.2026,25.05.2026,25.05.2026,29.05.2026,29.05.2026,,A001,WH AHI JABABEKA
R100260521T030_A001,CONT-40,27200000,0,0,0,0,0,27200000,A001 - WH AHI JABABEKA,PT. SENTOSAPRIMA ABADI,6,LATE,39,73,01.07.2026,22.05.2026,05.06.2026,13.07.2026,13.07.2026,14.07.2026,14.07.2026,,A001,WH AHI JABABEKA
R100260521T031_A001,CONT-20,3900000,0,0,0,0,0,3900000,A001 - WH AHI JABABEKA,PT. JATIM PETROLEUM TRANSPORT,7,ON SCHEDULE,30,0,22.06.2026,22.05.2026,31.05.2026,09.06.2026,10.06.2026,23.06.2026,23.06.2026,,A001,WH AHI JABABEKA
R100260521T034_A001,CONT-20,3900000,0,0,0,0,0,3900000,A001 - WH AHI JABABEKA,PT. JATIM PETROLEUM TRANSPORT,7,ON SCHEDULE,30,0,22.06.2026,22.05.2026,02.06.2026,09.06.2026,10.06.2026,23.06.2026,23.06.2026,,A001,WH AHI JABABEKA
R100260521T035_A001,CONT-40,27200000,0,0,0,0,0,27200000,A001 - WH AHI JABABEKA,PT. SENTOSAPRIMA ABADI,6,LATE,39,73,01.07.2026,22.05.2026,15.06.2026,13.07.2026,13.07.2026,14.07.2026,14.07.2026,,A001,WH AHI JABABEKA
R100260521T037_A001,CONT-40,26000000,0,0,1000000,0,0,27000000,A001 - WH AHI JABABEKA,PT. WIDYA TRANS CARGO,7,ON SCHEDULE,40,0,02.07.2026,22.05.2026,05.06.2026,29.06.2026,30.06.2026,01.07.2026,01.07.2026,,A001,WH AHI JABABEKA
R100260521T038_A001,CONT-20,15300000,0,0,500000,0,1750000,17550000,A001 - WH AHI JABABEKA,PT. SENTOSAPRIMA ABADI,6,LATE,39,73,01.07.2026,22.05.2026,10.06.2026,03.07.2026,07.07.2026,07.07.2026,07.07.2026,,A001,WH AHI JABABEKA
R100260521T040_A001,CONT-20,3900000,0,0,0,0,0,3900000,A001 - WH AHI JABABEKA,PT. JATIM PETROLEUM TRANSPORT,7,ON SCHEDULE,30,0,22.06.2026,22.05.2026,30.05.2026,09.06.2026,10.06.2026,23.06.2026,23.06.2026,,A001,WH AHI JABABEKA
R100260522B004_A001,CDD LONG CHASSIS,2250000,0,0,0,0,0,2250000,A001 - WH AHI JABABEKA,PT. BINTANG SAMUDRA RAYA,4,LATE,14,72,07.06.2026,23.05.2026,24.05.2026,13.07.2026,14.07.2026,,,,A001,WH AHI JABABEKA
R100260522B005_A001,CDD LONG CHASSIS,2250000,0,0,0,0,0,2250000,A001 - WH AHI JABABEKA,PT. BINTANG SAMUDRA RAYA,4,LATE,14,72,07.06.2026,23.05.2026,24.05.2026,13.07.2026,14.07.2026,,,,A001,WH AHI JABABEKA
R100260522B006_A001,CONT-20,0,0,0,0,0,0,0,A001 - WH AHI JABABEKA,PT. HAKKA HYDRO TIRTA,2,LATE,6,69,02.06.2026,26.05.2026,24.06.2026,,,,,,A001,WH AHI JABABEKA
R100260522L024_A001,CONT-20,0,0,0,0,0,0,0,A001 - WH AHI JABABEKA,PT. TPIL LOGISTICS,2,LATE,27,73,19.06.2026,22.05.2026,11.06.2026,,,,,,A001,WH AHI JABABEKA
R100260522L025_A001,CONT-20,20150000,0,0,0,0,0,20150000,A001 - WH AHI JABABEKA,PT. MITRA INTERTRANS FORWARDING,6,LATE,43,73,05.07.2026,22.05.2026,12.06.2026,14.07.2026,14.07.2026,15.07.2026,15.07.2026,,A001,WH AHI JABABEKA
R100260522L026_A001,CONT-20,26700000,0,0,0,0,0,26700000,A001 - WH AHI JABABEKA,PT. MITRA INTERTRANS FORWARDING,6,LATE,41,72,04.07.2026,23.05.2026,19.06.2026,14.07.2026,14.07.2026,15.07.2026,15.07.2026,,A001,WH AHI JABABEKA
R100260522L028_A001,CONT-20,0,0,0,0,0,0,0,A001 - WH AHI JABABEKA,PT. TPIL LOGISTICS,2,LATE,21,73,13.06.2026,22.05.2026,18.06.2026,,,,,,A001,WH AHI JABABEKA
R100260522L039_A001,CDD LONG CHASSIS,3100000,0,0,0,0,0,3100000,A001 - WH AHI JABABEKA,PT. BINTANG SAMUDRA RAYA,7,ON SCHEDULE,29,0,22.06.2026,23.05.2026,25.05.2026,26.05.2026,26.05.2026,29.05.2026,03.06.2026,,A001,WH AHI JABABEKA
R100260522L040_A001,WINGBOX,35000000,0,0,0,200000,0,35200000,A001 - WH AHI JABABEKA,PT.ORANG KREATIF EKSIS,7,ON SCHEDULE,48,0,13.07.2026,25.05.2026,02.06.2026,08.06.2026,09.06.2026,23.06.2026,23.06.2026,,A001,WH AHI JABABEKA
R100260522L041_A001,CDD LONG CHASSIS,4900000,0,0,0,0,0,4900000,A001 - WH AHI JABABEKA,PT.ORANG KREATIF EKSIS,7,ON SCHEDULE,28,0,20.06.2026,22.05.2026,24.05.2026,29.05.2026,29.05.2026,04.06.2026,04.06.2026,,A001,WH AHI JABABEKA
R100260522L042_A001,CDD LONG CHASSIS,4900000,0,0,0,0,0,4900000,A001 - WH AHI JABABEKA,PT.ORANG KREATIF EKSIS,7,ON SCHEDULE,28,0,20.06.2026,22.05.2026,24.05.2026,29.05.2026,29.05.2026,04.06.2026,04.06.2026,,A001,WH AHI JABABEKA
R100260522L043_A001,CONT-20,15300000,0,0,0,0,0,15300000,A001 - WH AHI JABABEKA,PT. SENTOSAPRIMA ABADI,6,LATE,39,72,02.07.2026,23.05.2026,10.06.2026,03.07.2026,03.07.2026,17.07.2026,17.07.2026,,A001,WH AHI JABABEKA
R100260522L044_A001,CONT-20,18700000,0,0,0,0,0,18700000,A001 - WH AHI JABABEKA,PT. TPIL LOGISTICS,2,LATE,26,72,19.06.2026,23.05.2026,10.06.2026,,,,,,A001,WH AHI JABABEKA
R100260522L045_A001,FUSO,11450000,0,0,0,0,0,11450000,A001 - WH AHI JABABEKA,PT LOGISTIK CANGGIH INDONESIA,6,LATE,30,69,26.06.2026,26.05.2026,31.05.2026,06.07.2026,07.07.2026,07.07.2026,08.07.2026,,A001,WH AHI JABABEKA
R100260522L046_A001,FUSO,19350000,0,0,0,200000,0,19550000,A001 - WH AHI JABABEKA,PT. SATRIA PIRANTI PERKASA,7,ON SCHEDULE,41,0,04.07.2026,23.05.2026,31.05.2026,23.06.2026,25.06.2026,30.06.2026,30.06.2026,,A001,WH AHI JABABEKA
R100260522L053_A001,WINGBOX,11500000,0,0,0,750000,0,12250000,A001 - WH AHI JABABEKA,PT. BINTANG SAMUDRA RAYA,7,ON SCHEDULE,41,0,04.07.2026,23.05.2026,29.05.2026,23.06.2026,25.06.2026,07.07.2026,16.07.2026,,A001,WH AHI JABABEKA
R100260522L054_A001,CONT-20,18400000,0,0,0,0,0,18400000,A001 - WH AHI JABABEKA,PT. DAYA EKA SAMUDERA JAKARTA,7,ON SCHEDULE,39,0,02.07.2026,23.05.2026,18.06.2026,23.06.2026,24.06.2026,25.06.2026,25.06.2026,,A001,WH AHI JABABEKA
R100260522L068_A001,WINGBOX,10700000,0,0,0,400000,0,11100000,A001 - WH AHI JABABEKA,PT. BINTANG SAMUDRA RAYA,7,ON SCHEDULE,31,0,24.06.2026,23.05.2026,29.05.2026,12.06.2026,14.06.2026,15.06.2026,15.06.2026,,A001,WH AHI JABABEKA
R100260522L068_A001,WINGBOX,10700000,0,0,0,400000,0,11100000,A001 - WH AHI JABABEKA,PT. BINTANG SAMUDRA RAYA,7,ON SCHEDULE,31,0,24.06.2026,23.05.2026,29.05.2026,12.06.2026,14.06.2026,15.06.2026,15.06.2026,,A001,WH AHI JABABEKA
R100260522T004_A001,CONT-20,15300000,0,0,500000,0,500000,16300000,A001 - WH AHI JABABEKA,PT. SENTOSAPRIMA ABADI,6,LATE,39,73,01.07.2026,22.05.2026,11.06.2026,17.07.2026,19.07.2026,20.07.2026,20.07.2026,,A001,WH AHI JABABEKA
R100260522T006_A001,CONT-20,3900000,0,0,0,0,0,3900000,A001 - WH AHI JABABEKA,PT. JATIM PETROLEUM TRANSPORT,7,ON SCHEDULE,30,0,22.06.2026,22.05.2026,31.05.2026,09.06.2026,10.06.2026,23.06.2026,23.06.2026,,A001,WH AHI JABABEKA
R100260522T007_A001,CONT-20,3900000,0,0,0,0,0,3900000,A001 - WH AHI JABABEKA,PT. JATIM PETROLEUM TRANSPORT,7,ON SCHEDULE,30,0,23.06.2026,23.05.2026,31.05.2026,09.06.2026,10.06.2026,23.06.2026,23.06.2026,,A001,WH AHI JABABEKA
R100260522T008_A001,CONT-20,3900000,0,0,0,0,0,3900000,A001 - WH AHI JABABEKA,PT. JATIM PETROLEUM TRANSPORT,7,ON SCHEDULE,30,0,22.06.2026,22.05.2026,31.05.2026,09.06.2026,10.06.2026,23.06.2026,23.06.2026,,A001,WH AHI JABABEKA
R100260522T009_A001,CONT-20,3900000,0,0,0,0,0,3900000,A001 - WH AHI JABABEKA,PT. JATIM PETROLEUM TRANSPORT,7,ON SCHEDULE,30,0,22.06.2026,22.05.2026,30.05.2026,09.06.2026,10.06.2026,23.06.2026,23.06.2026,,A001,WH AHI JABABEKA
R100260522T010_A001,CONT-20,3900000,0,0,0,0,0,3900000,A001 - WH AHI JABABEKA,PT. JATIM PETROLEUM TRANSPORT,7,ON SCHEDULE,30,0,22.06.2026,22.05.2026,31.05.2026,09.06.2026,10.06.2026,23.06.2026,23.06.2026,,A001,WH AHI JABABEKA
R100260522T011_A001,CONT-40,27200000,0,0,0,0,0,27200000,A001 - WH AHI JABABEKA,PT. SENTOSAPRIMA ABADI,6,LATE,39,73,02.07.2026,23.05.2026,10.06.2026,13.07.2026,13.07.2026,14.07.2026,14.07.2026,,A001,WH AHI JABABEKA
R100260522T012_A001,CONT-20,15400000,0,0,0,0,0,15400000,A001 - WH AHI JABABEKA,PT. SENTOSAPRIMA ABADI,6,LATE,36,72,29.06.2026,23.05.2026,05.06.2026,10.07.2026,10.07.2026,15.07.2026,15.07.2026,,A001,WH AHI JABABEKA
R100260522T013_A001,CONT-40,26300000,0,0,0,0,0,26300000,A001 - WH AHI JABABEKA,PT. TPIL LOGISTICS,2,LATE,19,73,12.06.2026,23.05.2026,10.06.2026,,,,,,A001,WH AHI JABABEKA
R100260522T014_A001,CONT-20,15800000,0,0,0,0,0,15800000,A001 - WH AHI JABABEKA,PT. SENTOSAPRIMA ABADI,6,LATE,41,73,03.07.2026,22.05.2026,10.06.2026,13.07.2026,13.07.2026,14.07.2026,14.07.2026,,A001,WH AHI JABABEKA
R100260522T015_A001,WINGBOX,6500000,0,0,0,0,0,6500000,A001 - WH AHI JABABEKA,PT.AMANAH TRANSMULIA MANDIRI LOGISTIK,7,ON SCHEDULE,30,0,22.06.2026,22.05.2026,31.05.2026,02.06.2026,02.06.2026,02.06.2026,04.06.2026,,A001,WH AHI JABABEKA
R100260522T027_A001,CONT-40,27200000,0,0,0,0,0,27200000,A001 - WH AHI JABABEKA,PT. SENTOSAPRIMA ABADI,6,LATE,39,73,02.07.2026,23.05.2026,10.06.2026,13.07.2026,14.07.2026,14.07.2026,14.07.2026,,A001,WH AHI JABABEKA
R100260522T028_A001,CONT-20,15300000,0,0,0,0,500000,15800000,A001 - WH AHI JABABEKA,PT. SENTOSAPRIMA ABADI,6,LATE,39,73,01.07.2026,22.05.2026,12.06.2026,17.07.2026,19.07.2026,20.07.2026,20.07.2026,,A001,WH AHI JABABEKA
R100260522T029_A001,CONT-40,25300000,0,0,0,0,0,25300000,A001 - WH AHI JABABEKA,PT. TPIL LOGISTICS,2,LATE,20,72,14.06.2026,24.05.2026,16.06.2026,,,,,,A001,WH AHI JABABEKA
R100260522T035_A001,CONT-40,8500000,0,0,0,0,0,8500000,A001 - WH AHI JABABEKA,PT. DINOYO PUTRA MANDIRI,7,ON SCHEDULE,30,0,22.06.2026,22.05.2026,25.05.2026,02.06.2026,02.06.2026,05.06.2026,05.06.2026,,A001,WH AHI JABABEKA
R100260522T036_A001,WINGBOX,7000000,0,0,0,0,0,7000000,A001 - WH AHI JABABEKA,PT. DUNIA EXPRESS TRANSINDO,7,ON SCHEDULE,30,0,23.06.2026,23.05.2026,27.05.2026,05.06.2026,05.06.2026,11.06.2026,12.06.2026,,A001,WH AHI JABABEKA
R100260522T037_A001,WINGBOX,6600000,0,0,0,0,0,6600000,A001 - WH AHI JABABEKA,PT. JAYA MULYA ERALINDO,7,ON SCHEDULE,30,0,23.06.2026,23.05.2026,27.05.2026,02.06.2026,02.06.2026,11.06.2026,11.06.2026,,A001,WH AHI JABABEKA
R100260522T038_A001,WINGBOX,6600000,0,0,0,0,0,6600000,A001 - WH AHI JABABEKA,PT. JAYA MULYA ERALINDO,7,ON SCHEDULE,30,0,23.06.2026,23.05.2026,27.05.2026,02.06.2026,02.06.2026,11.06.2026,11.06.2026,,A001,WH AHI JABABEKA
R100260522T039_A001,WINGBOX,6600000,0,0,0,0,0,6600000,A001 - WH AHI JABABEKA,PT. JAYA MULYA ERALINDO,7,ON SCHEDULE,30,0,23.06.2026,23.05.2026,27.05.2026,02.06.2026,02.06.2026,11.06.2026,11.06.2026,,A001,WH AHI JABABEKA
R100260522T044_A001,CONT-20,3900000,0,0,0,0,0,3900000,A001 - WH AHI JABABEKA,PT. JATIM PETROLEUM TRANSPORT,7,ON SCHEDULE,30,0,22.06.2026,22.05.2026,31.05.2026,09.06.2026,10.06.2026,23.06.2026,23.06.2026,,A001,WH AHI JABABEKA
R100260522T045_A001,CONT-20,3900000,0,0,0,0,0,3900000,A001 - WH AHI JABABEKA,PT. JATIM PETROLEUM TRANSPORT,7,ON SCHEDULE,30,0,23.06.2026,23.05.2026,02.06.2026,09.06.2026,10.06.2026,23.06.2026,23.06.2026,,A001,WH AHI JABABEKA
R100260522T046_A001,CONT-20,3900000,0,0,0,0,0,3900000,A001 - WH AHI JABABEKA,PT. JATIM PETROLEUM TRANSPORT,7,ON SCHEDULE,30,0,23.06.2026,23.05.2026,01.06.2026,09.06.2026,10.06.2026,19.06.2026,19.06.2026,,A001,WH AHI JABABEKA
R100260522T047_A001,CONT-20,3900000,0,0,0,0,0,3900000,A001 - WH AHI JABABEKA,PT. JATIM PETROLEUM TRANSPORT,7,ON SCHEDULE,30,0,23.06.2026,23.05.2026,31.05.2026,09.06.2026,10.06.2026,23.06.2026,23.06.2026,,A001,WH AHI JABABEKA
R100260522T048_A001,CONT-20,3900000,0,0,0,0,0,3900000,A001 - WH AHI JABABEKA,PT. JATIM PETROLEUM TRANSPORT,7,ON SCHEDULE,30,0,23.06.2026,23.05.2026,01.06.2026,09.06.2026,10.06.2026,19.06.2026,19.06.2026,,A001,WH AHI JABABEKA
R100260522T049_A001,WINGBOX,6200000,0,0,0,0,0,6200000,A001 - WH AHI JABABEKA,PT. SATRIA PIRANTI PERKASA,7,ON SCHEDULE,30,0,23.06.2026,23.05.2026,27.05.2026,10.06.2026,10.06.2026,18.06.2026,18.06.2026,,A001,WH AHI JABABEKA
R100260523L018_A001,FUSO,17250000,0,0,0,348000,0,17598000,A001 - WH AHI JABABEKA,PT. DUTA LINTAS NUSA,6,LATE,31,72,24.06.2026,23.05.2026,31.05.2026,30.06.2026,01.07.2026,21.07.2026,21.07.2026,,A001,WH AHI JABABEKA
R100260523L030_A001,CDD LONG CHASSIS,3900000,0,0,0,400000,0,4300000,A001 - WH AHI JABABEKA,PT. BINTANG SAMUDRA RAYA,7,ON SCHEDULE,28,0,21.06.2026,23.05.2026,26.05.2026,12.06.2026,14.06.2026,15.06.2026,15.06.2026,,A001,WH AHI JABABEKA
R100260523L032_A001,CDD LONG CHASSIS,4900000,0,0,0,0,0,4900000,A001 - WH AHI JABABEKA,PT.ORANG KREATIF EKSIS,7,ON SCHEDULE,28,0,21.06.2026,23.05.2026,25.05.2026,05.06.2026,05.06.2026,15.06.2026,15.06.2026,,A001,WH AHI JABABEKA
R100260523L034_A001,CDD LONG CHASSIS,2250000,0,0,0,0,0,2250000,A001 - WH AHI JABABEKA,PT. BINTANG SAMUDRA RAYA,7,ON SCHEDULE,28,0,21.06.2026,23.05.2026,31.05.2026,04.06.2026,04.06.2026,15.06.2026,15.06.2026,,A001,WH AHI JABABEKA
R100260523L035_A001,CDD LONG CHASSIS,1600000,0,0,0,0,0,1600000,A001 - WH AHI JABABEKA,PT. SATRIA PIRANTI PERKASA,7,ON SCHEDULE,27,0,20.06.2026,23.05.2026,31.05.2026,10.06.2026,10.06.2026,18.06.2026,18.06.2026,,A001,WH AHI JABABEKA
R100260523L058_A001,FUSO,13800000,0,0,0,0,0,13800000,A001 - WH AHI JABABEKA,PT. DUTA LINTAS NUSA,6,LATE,40,72,04.07.2026,24.05.2026,31.05.2026,01.07.2026,02.07.2026,21.07.2026,21.07.2026,,A001,WH AHI JABABEKA
R100260523L059_A001,CDD LONG,1400000,0,0,0,0,0,1400000,A001 - WH AHI JABABEKA,PT. BINTANG SAMUDRA RAYA,7,ON SCHEDULE,28,0,22.06.2026,24.05.2026,31.05.2026,04.06.2026,04.06.2026,15.06.2026,15.06.2026,,A001,WH AHI JABABEKA
R100260523L060_A001,CDD LONG CHASSIS,1400000,0,0,0,0,0,1400000,A001 - WH AHI JABABEKA,PT. BINTANG SAMUDRA RAYA,7,ON SCHEDULE,28,0,22.06.2026,24.05.2026,31.05.2026,03.06.2026,03.06.2026,15.06.2026,15.06.2026,,A001,WH AHI JABABEKA
R100260523L062_A001,CDD LONG CHASSIS,1750000,0,0,0,0,0,1750000,A001 - WH AHI JABABEKA,PT. CATUR GLOBAL LOGISTIK,7,ON SCHEDULE,26,0,20.06.2026,24.05.2026,31.05.2026,09.06.2026,09.06.2026,15.06.2026,15.06.2026,,A001,WH AHI JABABEKA
R100260523L063_A001,CDD LONG CHASSIS,2350000,0,0,0,0,0,2350000,A001 - WH AHI JABABEKA,PT. BINTANG SAMUDRA RAYA,7,ON SCHEDULE,28,0,22.06.2026,24.05.2026,27.05.2026,04.06.2026,04.06.2026,11.06.2026,12.06.2026,,A001,WH AHI JABABEKA
R100260523L064_A001,CONT-20,15050000,0,0,0,0,0,15050000,A001 - WH AHI JABABEKA,PT. TPIL LOGISTICS,2,LATE,22,72,16.06.2026,24.05.2026,23.06.2026,,,,,,A001,WH AHI JABABEKA
R100260523L066_A001,CONT-20,17600000,0,0,0,0,0,17600000,A001 - WH AHI JABABEKA,PT. TPIL LOGISTICS,2,LATE,23,70,18.06.2026,25.05.2026,11.06.2026,,,,,,A001,WH AHI JABABEKA
R100260523L067_A001,CONT-20,17600000,0,0,0,0,0,17600000,A001 - WH AHI JABABEKA,PT. TPIL LOGISTICS,2,LATE,23,70,18.06.2026,25.05.2026,18.06.2026,,,,,,A001,WH AHI JABABEKA
R100260523L068_A001,CDD LONG CHASSIS,1700000,0,0,0,0,0,1700000,A001 - WH AHI JABABEKA,PT. ANTAR JARINGAN SEPANJANG JALAN,7,ON SCHEDULE,28,0,22.06.2026,24.05.2026,30.05.2026,03.06.2026,03.06.2026,17.06.2026,17.06.2026,,A001,WH AHI JABABEKA
R100260523L070_A001,CDD LONG CHASSIS,1600000,0,0,0,0,0,1600000,A001 - WH AHI JABABEKA,PT. SATRIA PIRANTI PERKASA,7,ON SCHEDULE,27,0,21.06.2026,24.05.2026,31.05.2026,10.06.2026,10.06.2026,18.06.2026,18.06.2026,,A001,WH AHI JABABEKA
R100260523L071_A001,CDD LONG CHASSIS,4900000,0,0,0,150000,0,5050000,A001 - WH AHI JABABEKA,PT.ORANG KREATIF EKSIS,7,ON SCHEDULE,28,0,22.06.2026,24.05.2026,27.05.2026,05.06.2026,05.06.2026,15.06.2026,15.06.2026,,A001,WH AHI JABABEKA
R100260523L074_A001,CONT-20,18300000,0,0,0,0,0,18300000,A001 - WH AHI JABABEKA,PT. WIDYA TRANS CARGO,6,LATE,42,71,06.07.2026,24.05.2026,11.06.2026,01.07.2026,02.07.2026,06.07.2026,06.07.2026,,A001,WH AHI JABABEKA
R100260523L075_A001,CDD LONG CHASSIS,1750000,0,0,0,0,0,1750000,A001 - WH AHI JABABEKA,PT. CATUR GLOBAL LOGISTIK,7,ON SCHEDULE,28,0,22.06.2026,24.05.2026,31.05.2026,04.06.2026,04.06.2026,05.06.2026,05.06.2026,,A001,WH AHI JABABEKA
R100260523L076_A001,FUSO,14950000,0,0,0,696000,0,15646000,A001 - WH AHI JABABEKA,PT. DUTA LINTAS NUSA,6,LATE,41,70,06.07.2026,25.05.2026,30.05.2026,30.06.2026,01.07.2026,21.07.2026,21.07.2026,,A001,WH AHI JABABEKA
R100260523L077_A001,CONT-20,15500000,0,0,0,0,0,15500000,A001 - WH AHI JABABEKA,PT. SENTOSAPRIMA ABADI,6,LATE,42,72,06.07.2026,24.05.2026,11.06.2026,03.07.2026,03.07.2026,07.07.2026,07.07.2026,,A001,WH AHI JABABEKA
R100260523T008_A001,WINGBOX,7000000,0,0,0,0,0,7000000,A001 - WH AHI JABABEKA,PT. DUNIA EXPRESS TRANSINDO,7,ON SCHEDULE,30,0,23.06.2026,23.05.2026,27.05.2026,05.06.2026,05.06.2026,11.06.2026,12.06.2026,,A001,WH AHI JABABEKA
R100260523T015_A001,CONT-40,3900000,0,0,0,0,0,3900000,A001 - WH AHI JABABEKA,PT. JATIM PETROLEUM TRANSPORT,7,ON SCHEDULE,30,0,23.06.2026,23.05.2026,02.06.2026,09.06.2026,10.06.2026,23.06.2026,23.06.2026,,A001,WH AHI JABABEKA
R100260523T016_A001,CONT-40,3900000,0,0,0,0,0,3900000,A001 - WH AHI JABABEKA,PT. JATIM PETROLEUM TRANSPORT,7,ON SCHEDULE,30,0,23.06.2026,23.05.2026,31.05.2026,09.06.2026,10.06.2026,23.06.2026,23.06.2026,,A001,WH AHI JABABEKA
R100260523T017_A001,CONT-40,3900000,0,0,0,0,0,3900000,A001 - WH AHI JABABEKA,PT. JATIM PETROLEUM TRANSPORT,7,ON SCHEDULE,30,0,23.06.2026,23.05.2026,01.06.2026,09.06.2026,10.06.2026,23.06.2026,23.06.2026,,A001,WH AHI JABABEKA
R100260523T018_A001,CONT-20,3900000,0,0,0,0,0,3900000,A001 - WH AHI JABABEKA,PT. JATIM PETROLEUM TRANSPORT,7,ON SCHEDULE,30,0,23.06.2026,23.05.2026,01.06.2026,09.06.2026,10.06.2026,23.06.2026,23.06.2026,,A001,WH AHI JABABEKA
R100260523T019_A001,CONT-40,8750000,0,0,0,0,0,8750000,A001 - WH AHI JABABEKA,PT. CIKARANG GERBANG SOLUSI,6,LATE,30,72,23.06.2026,23.05.2026,09.06.2026,25.06.2026,25.06.2026,21.07.2026,21.07.2026,,A001,WH AHI JABABEKA
R100260523T021_A001,CONT-40,29000000,0,0,0,0,0,29000000,A001 - WH AHI JABABEKA,PT. WIDYA TRANS CARGO,6,LATE,47,72,11.07.2026,24.05.2026,16.06.2026,01.07.2026,02.07.2026,06.07.2026,06.07.2026,,A001,WH AHI JABABEKA
R100260523T034_A001,WINGBOX,5600000,0,0,0,0,0,5600000,A001 - WH AHI JABABEKA,PT. BINTANG SAMUDRA RAYA,7,ON SCHEDULE,30,0,24.06.2026,24.05.2026,30.05.2026,03.06.2026,03.06.2026,15.06.2026,15.06.2026,,A001,WH AHI JABABEKA
R100260523T035_A001,CONT-40,26300000,0,0,0,0,0,26300000,A001 - WH AHI JABABEKA,PT. TPIL LOGISTICS,2,LATE,19,71,13.06.2026,24.05.2026,10.06.2026,,,,,,A001,WH AHI JABABEKA
R100260523T041_A001,CONT-20,17250000,0,0,0,0,0,17250000,A001 - WH AHI JABABEKA,PT. MITRA INTERTRANS FORWARDING,6,LATE,41,72,05.07.2026,24.05.2026,16.06.2026,21.07.2026,22.07.2026,22.07.2026,22.07.2026,,A001,WH AHI JABABEKA
R100260523T042_A001,CONT-20,3900000,0,0,0,0,0,3900000,A001 - WH AHI JABABEKA,PT. JATIM PETROLEUM TRANSPORT,7,ON SCHEDULE,30,0,24.06.2026,24.05.2026,02.06.2026,09.06.2026,10.06.2026,23.06.2026,23.06.2026,,A001,WH AHI JABABEKA
R100260523T043_A001,CONT-20,3900000,0,0,0,0,0,3900000,A001 - WH AHI JABABEKA,PT. JATIM PETROLEUM TRANSPORT,7,ON SCHEDULE,30,0,24.06.2026,24.05.2026,02.06.2026,09.06.2026,10.06.2026,23.06.2026,23.06.2026,,A001,WH AHI JABABEKA
R100260523T044_A001,CONT-20,3900000,0,0,0,0,0,3900000,A001 - WH AHI JABABEKA,PT. JATIM PETROLEUM TRANSPORT,7,ON SCHEDULE,30,0,24.06.2026,24.05.2026,05.06.2026,09.06.2026,10.06.2026,23.06.2026,23.06.2026,,A001,WH AHI JABABEKA
R100260523T045_A001,CONT-20,3900000,0,0,0,0,0,3900000,A001 - WH AHI JABABEKA,PT. JATIM PETROLEUM TRANSPORT,7,ON SCHEDULE,30,0,24.06.2026,24.05.2026,05.06.2026,09.06.2026,10.06.2026,23.06.2026,23.06.2026,,A001,WH AHI JABABEKA
R100260523T047_A001,CONT-40,8500000,0,0,0,0,0,8500000,A001 - WH AHI JABABEKA,PT. DINOYO PUTRA MANDIRI,7,ON SCHEDULE,30,0,24.06.2026,24.05.2026,30.05.2026,02.06.2026,02.06.2026,05.06.2026,05.06.2026,,A001,WH AHI JABABEKA
R100260523T048_A001,CONT-40,8500000,0,0,0,0,0,8500000,A001 - WH AHI JABABEKA,PT. DINOYO PUTRA MANDIRI,7,ON SCHEDULE,30,0,23.06.2026,23.05.2026,27.05.2026,02.06.2026,02.06.2026,05.06.2026,05.06.2026,,A001,WH AHI JABABEKA
R100260524L025_A001,CDD LONG CHASSIS,2250000,0,0,0,0,0,2250000,A001 - WH AHI JABABEKA,PT. BINTANG SAMUDRA RAYA,7,ON SCHEDULE,28,0,22.06.2026,24.05.2026,31.05.2026,04.06.2026,04.06.2026,15.06.2026,15.06.2026,,A001,WH AHI JABABEKA
R100260524L026_A001,CDD LONG CHASSIS,3900000,0,0,0,700000,0,4600000,A001 - WH AHI JABABEKA,PT. CEHA LOGISTIK CEMERLANG,7,ON SCHEDULE,28,0,22.06.2026,24.05.2026,27.05.2026,29.05.2026,29.05.2026,04.06.2026,04.06.2026,,A001,WH AHI JABABEKA
R100260524L027_A001,CDD LONG CHASSIS,1400000,0,0,0,0,0,1400000,A001 - WH AHI JABABEKA,PT. BINTANG SAMUDRA RAYA,7,ON SCHEDULE,29,0,23.06.2026,24.05.2026,31.05.2026,03.06.2026,03.06.2026,15.06.2026,15.06.2026,,A001,WH AHI JABABEKA
R100260524L028_A001,CDD LONG CHASSIS,1725000,0,0,0,0,0,1725000,A001 - WH AHI JABABEKA,PT. BINTANG SAMUDRA RAYA,7,ON SCHEDULE,28,0,22.06.2026,24.05.2026,31.05.2026,03.06.2026,03.06.2026,15.06.2026,15.06.2026,,A001,WH AHI JABABEKA
R100260524L029_A001,CDD LONG CHASSIS,1600000,0,0,0,0,0,1600000,A001 - WH AHI JABABEKA,PT. BINTANG SAMUDRA RAYA,7,ON SCHEDULE,28,0,24.06.2026,26.05.2026,30.05.2026,03.06.2026,03.06.2026,15.06.2026,15.06.2026,,A001,WH AHI JABABEKA
R100260524L030_A001,CDD LONG CHASSIS,1400000,0,0,0,0,0,1400000,A001 - WH AHI JABABEKA,PT. BINTANG SAMUDRA RAYA,7,ON SCHEDULE,28,0,22.06.2026,24.05.2026,31.05.2026,03.06.2026,03.06.2026,15.06.2026,15.06.2026,,A001,WH AHI JABABEKA
R100260524L031_A001,CDD LONG CHASSIS,1400000,0,0,0,0,0,1400000,A001 - WH AHI JABABEKA,PT. BINTANG SAMUDRA RAYA,7,ON SCHEDULE,29,0,23.06.2026,24.05.2026,31.05.2026,04.06.2026,04.06.2026,15.06.2026,14.07.2026,,A001,WH AHI JABABEKA
R100260524L032_A001,CDD LONG CHASSIS,1400000,0,0,0,200000,0,1600000,A001 - WH AHI JABABEKA,PT. BINTANG SAMUDRA RAYA,7,ON SCHEDULE,28,0,22.06.2026,24.05.2026,31.05.2026,04.06.2026,04.06.2026,05.06.2026,05.06.2026,,A001,WH AHI JABABEKA
R100260524L032_A001,CDD LONG CHASSIS,1400000,0,0,0,200000,0,1600000,A001 - WH AHI JABABEKA,PT. BINTANG SAMUDRA RAYA,7,ON SCHEDULE,28,0,22.06.2026,24.05.2026,31.05.2026,04.06.2026,04.06.2026,05.06.2026,05.06.2026,,A001,WH AHI JABABEKA
R100260524L033_A001,CDD LONG CHASSIS,1400000,0,0,0,0,0,1400000,A001 - WH AHI JABABEKA,PT. BINTANG SAMUDRA RAYA,7,ON SCHEDULE,28,0,22.06.2026,24.05.2026,31.05.2026,04.06.2026,04.06.2026,15.06.2026,15.06.2026,,A001,WH AHI JABABEKA
R100260524L036_A001,CONT-20,16500000,0,0,0,0,0,16500000,A001 - WH AHI JABABEKA,PT. TPIL LOGISTICS,2,LATE,21,70,16.06.2026,25.05.2026,11.06.2026,,,,,,A001,WH AHI JABABEKA
R100260524L037_A001,CDD LONG CHASSIS,1400000,0,0,0,200000,0,1600000,A001 - WH AHI JABABEKA,PT. BINTANG SAMUDRA RAYA,7,ON SCHEDULE,27,0,22.06.2026,25.05.2026,27.05.2026,12.06.2026,14.06.2026,15.06.2026,15.06.2026,,A001,WH AHI JABABEKA
R100260524L038_A001,CDD LONG CHASSIS,1400000,0,0,0,200000,0,1600000,A001 - WH AHI JABABEKA,PT. BINTANG SAMUDRA RAYA,7,ON SCHEDULE,28,0,23.06.2026,25.05.2026,27.05.2026,12.06.2026,14.06.2026,15.06.2026,15.06.2026,,A001,WH AHI JABABEKA
R100260524L039_A001,CDD LONG CHASSIS,1400000,0,0,0,0,0,1400000,A001 - WH AHI JABABEKA,PT. BINTANG SAMUDRA RAYA,7,ON SCHEDULE,28,0,23.06.2026,25.05.2026,27.05.2026,04.06.2026,04.06.2026,15.06.2026,14.07.2026,,A001,WH AHI JABABEKA
R100260524L040_A001,CDD LONG CHASSIS,1950000,0,0,0,0,0,1950000,A001 - WH AHI JABABEKA,PT. BINTANG SAMUDRA RAYA,7,ON SCHEDULE,28,0,22.06.2026,24.05.2026,31.05.2026,04.06.2026,04.06.2026,15.06.2026,14.07.2026,,A001,WH AHI JABABEKA
R100260524L041_A001,CDD LONG CHASSIS,1400000,0,0,0,0,0,1400000,A001 - WH AHI JABABEKA,PT. BINTANG SAMUDRA RAYA,7,ON SCHEDULE,28,0,23.06.2026,25.05.2026,27.05.2026,04.06.2026,04.06.2026,15.06.2026,14.07.2026,,A001,WH AHI JABABEKA
R100260524L042_A001,CDD LONG CHASSIS,1400000,0,0,0,0,0,1400000,A001 - WH AHI JABABEKA,PT. BINTANG SAMUDRA RAYA,7,ON SCHEDULE,28,0,22.06.2026,24.05.2026,31.05.2026,03.06.2026,03.06.2026,15.06.2026,15.06.2026,,A001,WH AHI JABABEKA
R100260524L043_A001,WINGBOX,10700000,0,0,0,400000,0,11100000,A001 - WH AHI JABABEKA,PT. BINTANG SAMUDRA RAYA,7,ON SCHEDULE,31,0,26.06.2026,25.05.2026,30.05.2026,12.06.2026,14.06.2026,15.06.2026,15.06.2026,,A001,WH AHI JABABEKA
R100260524L044_A001,FUSO,5500000,0,0,0,350000,0,5850000,A001 - WH AHI JABABEKA,PT. DUTA MEDIA MANDIRI,7,ON SCHEDULE,30,0,25.06.2026,25.05.2026,30.05.2026,30.06.2026,30.06.2026,30.06.2026,30.06.2026,,A001,WH AHI JABABEKA
R100260524L044_A001,FUSO,5500000,0,0,0,350000,0,5850000,A001 - WH AHI JABABEKA,PT. DUTA MEDIA MANDIRI,7,ON SCHEDULE,30,0,25.06.2026,25.05.2026,30.05.2026,30.06.2026,30.06.2026,30.06.2026,30.06.2026,,A001,WH AHI JABABEKA
R100260524L045_A001,CONT-20,31400000,0,0,0,0,0,31400000,A001 - WH AHI JABABEKA,PT. TPIL LOGISTICS,2,LATE,27,71,22.06.2026,25.05.2026,11.06.2026,,,,,,A001,WH AHI JABABEKA
R100260524L046_A001,CONT-20,17600000,0,0,0,0,0,17600000,A001 - WH AHI JABABEKA,PT. TPIL LOGISTICS,2,LATE,23,71,17.06.2026,24.05.2026,18.06.2026,,,,,,A001,WH AHI JABABEKA
R100260524L047_A001,CONT-20,15050000,0,0,0,0,0,15050000,A001 - WH AHI JABABEKA,PT. TPIL LOGISTICS,2,LATE,22,70,17.06.2026,25.05.2026,11.06.2026,,,,,,A001,WH AHI JABABEKA
R100260524L048_A001,CONT-20,19500000,0,0,0,0,0,19500000,A001 - WH AHI JABABEKA,PT. CRIETA LOGISTIC,6,LATE,39,70,04.07.2026,25.05.2026,19.06.2026,13.07.2026,14.07.2026,14.07.2026,03.08.2026,,A001,WH AHI JABABEKA
R100260524L049_A001,WINGBOX,10700000,0,0,0,600000,0,11300000,A001 - WH AHI JABABEKA,PT. BINTANG SAMUDRA RAYA,7,ON SCHEDULE,31,0,26.06.2026,25.05.2026,30.05.2026,12.06.2026,14.06.2026,15.06.2026,15.06.2026,,A001,WH AHI JABABEKA
R100260524L049_A001,WINGBOX,10700000,0,0,0,600000,0,11300000,A001 - WH AHI JABABEKA,PT. BINTANG SAMUDRA RAYA,7,ON SCHEDULE,31,0,26.06.2026,25.05.2026,30.05.2026,12.06.2026,14.06.2026,15.06.2026,15.06.2026,,A001,WH AHI JABABEKA
R100260524L069_A001,CDD LONG CHASSIS,1600000,0,0,0,0,0,1600000,A001 - WH AHI JABABEKA,PT. AGUNG MAKMUR JAYA,7,ON SCHEDULE,28,0,23.06.2026,25.05.2026,27.05.2026,04.06.2026,04.06.2026,17.06.2026,18.06.2026,,A001,WH AHI JABABEKA
R100260524T009_A001,CONT-40,8750000,0,0,0,0,0,8750000,A001 - WH AHI JABABEKA,PT. CIKARANG GERBANG SOLUSI,6,LATE,30,71,25.06.2026,25.05.2026,09.06.2026,26.06.2026,26.06.2026,21.07.2026,21.07.2026,,A001,WH AHI JABABEKA
R100260524T010_A001,CONT-20,3900000,0,0,0,0,0,3900000,A001 - WH AHI JABABEKA,PT. JATIM PETROLEUM TRANSPORT,7,ON SCHEDULE,30,0,24.06.2026,24.05.2026,05.06.2026,09.06.2026,10.06.2026,23.06.2026,23.06.2026,,A001,WH AHI JABABEKA
R100260524T011_A001,CONT-20,3900000,0,0,0,0,0,3900000,A001 - WH AHI JABABEKA,PT. JATIM PETROLEUM TRANSPORT,7,ON SCHEDULE,30,0,24.06.2026,24.05.2026,05.06.2026,09.06.2026,10.06.2026,23.06.2026,23.06.2026,,A001,WH AHI JABABEKA
R100260524T012_A001,CONT-20,3900000,0,0,0,0,0,3900000,A001 - WH AHI JABABEKA,PT. JATIM PETROLEUM TRANSPORT,7,ON SCHEDULE,30,0,24.06.2026,24.05.2026,05.06.2026,09.06.2026,10.06.2026,23.06.2026,23.06.2026,,A001,WH AHI JABABEKA
R100260524T013_A001,CONT-20,3900000,0,0,0,0,0,3900000,A001 - WH AHI JABABEKA,PT. JATIM PETROLEUM TRANSPORT,7,ON SCHEDULE,30,0,24.06.2026,24.05.2026,05.06.2026,09.06.2026,10.06.2026,23.06.2026,23.06.2026,,A001,WH AHI JABABEKA
R100260524T014_A001,CONT-40,8500000,0,0,0,0,0,8500000,A001 - WH AHI JABABEKA,PT. DINOYO PUTRA MANDIRI,7,ON SCHEDULE,30,0,24.06.2026,24.05.2026,29.05.2026,02.06.2026,02.06.2026,05.06.2026,05.06.2026,,A001,WH AHI JABABEKA
R100260524T015_A001,CONT-40,8500000,0,0,0,0,0,8500000,A001 - WH AHI JABABEKA,PT. DINOYO PUTRA MANDIRI,7,ON SCHEDULE,30,0,24.06.2026,24.05.2026,29.05.2026,02.06.2026,02.06.2026,05.06.2026,05.06.2026,,A001,WH AHI JABABEKA
R100260524T016_A001,CONT-20,3900000,0,0,0,0,0,3900000,A001 - WH AHI JABABEKA,PT. JATIM PETROLEUM TRANSPORT,7,ON SCHEDULE,30,0,25.06.2026,25.05.2026,05.06.2026,09.06.2026,10.06.2026,23.06.2026,23.06.2026,,A001,WH AHI JABABEKA
R100260524T017_A001,CONT-20,3900000,0,0,0,0,0,3900000,A001 - WH AHI JABABEKA,PT. JATIM PETROLEUM TRANSPORT,7,ON SCHEDULE,30,0,25.06.2026,25.05.2026,05.06.2026,09.06.2026,10.06.2026,23.06.2026,23.06.2026,,A001,WH AHI JABABEKA
R100260524T018_A001,CONT-20,3900000,0,0,0,0,0,3900000,A001 - WH AHI JABABEKA,PT. JATIM PETROLEUM TRANSPORT,7,ON SCHEDULE,30,0,25.06.2026,25.05.2026,05.06.2026,09.06.2026,10.06.2026,23.06.2026,23.06.2026,,A001,WH AHI JABABEKA
R100260524T021_A001,CONT-40,26300000,0,0,0,0,0,26300000,A001 - WH AHI JABABEKA,PT. TPIL LOGISTICS,2,LATE,19,70,14.06.2026,25.05.2026,16.06.2026,,,,,,A001,WH AHI JABABEKA
R100260524T022_A001,CONT-40,8750000,0,0,0,0,0,8750000,A001 - WH AHI JABABEKA,PT. CIKARANG GERBANG SOLUSI,6,LATE,30,70,25.06.2026,25.05.2026,09.06.2026,26.06.2026,26.06.2026,21.07.2026,21.07.2026,,A001,WH AHI JABABEKA
R100260524T023_A001,CONT-40,26300000,0,0,0,0,0,26300000,A001 - WH AHI JABABEKA,PT. TPIL LOGISTICS,2,LATE,19,70,14.06.2026,25.05.2026,16.06.2026,,,,,,A001,WH AHI JABABEKA
R100260524T024_A001,CONT-20,16100000,0,0,0,0,0,16100000,A001 - WH AHI JABABEKA,PT. TPIL LOGISTICS,2,LATE,21,68,18.06.2026,27.05.2026,10.06.2026,,,,,,A001,WH AHI JABABEKA
R100260525L033_A001,CDD LONG CHASSIS,4900000,0,0,0,150000,0,5050000,A001 - WH AHI JABABEKA,PT.ORANG KREATIF EKSIS,7,ON SCHEDULE,28,0,24.06.2026,26.05.2026,29.05.2026,05.06.2026,05.06.2026,24.06.2026,24.06.2026,,A001,WH AHI JABABEKA
R100260525L034_A001,FUSO,14750000,0,0,0,200000,0,14950000,A001 - WH AHI JABABEKA,PT. SATRIA PIRANTI PERKASA,7,ON SCHEDULE,31,0,29.06.2026,28.05.2026,02.06.2026,24.06.2026,25.06.2026,30.06.2026,30.06.2026,,A001,WH AHI JABABEKA
R100260525L035_A001,CDD LONG CHASSIS,3100000,0,0,0,400000,0,3500000,A001 - WH AHI JABABEKA,PT. BINTANG SAMUDRA RAYA,7,ON SCHEDULE,28,0,23.06.2026,25.05.2026,30.05.2026,12.06.2026,14.06.2026,15.06.2026,15.06.2026,,A001,WH AHI JABABEKA
R100260525L037_A001,CONT-20,20300000,0,0,0,0,0,20300000,A001 - WH AHI JABABEKA,PT. SARANA TRANS SUMATERA,6,LATE,43,70,09.07.2026,26.05.2026,11.06.2026,08.07.2026,08.07.2026,08.07.2026,10.07.2026,,A001,WH AHI JABABEKA
R100260525L038_A001,CONT-20,15800000,0,0,0,0,0,15800000,A001 - WH AHI JABABEKA,PT. SENTOSAPRIMA ABADI,6,LATE,42,69,08.07.2026,26.05.2026,19.06.2026,13.07.2026,13.07.2026,14.07.2026,14.07.2026,,A001,WH AHI JABABEKA
R100260525L039_A001,FUSO,14950000,0,0,0,522000,0,15472000,A001 - WH AHI JABABEKA,PT. DUTA LINTAS NUSA,6,LATE,30,70,26.06.2026,26.05.2026,31.05.2026,30.06.2026,01.07.2026,21.07.2026,21.07.2026,,A001,WH AHI JABABEKA
R100260525L058_A001,FUSO,12500000,350000,0,0,350000,0,13200000,A001 - WH AHI JABABEKA,PT.DHANESWARA EXPRES,6,LATE,31,69,27.06.2026,26.05.2026,,24.07.2026,24.07.2026,03.08.2026,03.08.2026,,A001,WH AHI JABABEKA
R100260525L058_A001,FUSO,12500000,350000,0,0,350000,0,13200000,A001 - WH AHI JABABEKA,PT.DHANESWARA EXPRES,6,LATE,31,69,27.06.2026,26.05.2026,,24.07.2026,24.07.2026,03.08.2026,03.08.2026,,A001,WH AHI JABABEKA
R100260525L059_A001,CONT-20,25200000,0,0,0,0,0,25200000,A001 - WH AHI JABABEKA,PT. TPIL LOGISTICS,2,LATE,29,69,26.06.2026,27.05.2026,19.06.2026,,,,,,A001,WH AHI JABABEKA
R100260525L060_A001,CONT-20,17200000,0,0,0,0,0,17200000,A001 - WH AHI JABABEKA,PT. SENTOSAPRIMA ABADI,6,LATE,41,69,07.07.2026,26.05.2026,19.06.2026,13.07.2026,13.07.2026,14.07.2026,14.07.2026,,A001,WH AHI JABABEKA
R100260525L061_A001,CONT-20,20300000,0,0,0,0,0,20300000,A001 - WH AHI JABABEKA,PT. SARANA TRANS SUMATERA,7,ON SCHEDULE,43,0,10.07.2026,27.05.2026,14.06.2026,25.06.2026,25.06.2026,26.06.2026,26.06.2026,,A001,WH AHI JABABEKA
R100260525L065_A001,CDD LONG CHASSIS,3500000,0,0,0,350000,0,3850000,A001 - WH AHI JABABEKA,PT. CEHA LOGISTIK CEMERLANG,7,ON SCHEDULE,29,0,25.06.2026,26.05.2026,30.05.2026,15.06.2026,15.06.2026,23.06.2026,23.06.2026,,A001,WH AHI JABABEKA
R100260525T016_A001,CONT-40,28000000,0,0,0,0,0,28000000,A001 - WH AHI JABABEKA,PT. TERATAI EMAS LOGISTINDO,6,LATE,39,69,05.07.2026,26.05.2026,03.07.2026,14.07.2026,14.07.2026,20.07.2026,20.07.2026,,A001,WH AHI JABABEKA
R100260525T017_A001,CONT-40,8750000,0,0,0,0,0,8750000,A001 - WH AHI JABABEKA,PT. CIKARANG GERBANG SOLUSI,6,LATE,30,69,27.06.2026,27.05.2026,09.06.2026,26.06.2026,26.06.2026,21.07.2026,21.07.2026,,A001,WH AHI JABABEKA
R100260525T018_A001,CONT-40,8750000,0,0,0,0,0,8750000,A001 - WH AHI JABABEKA,PT. CIKARANG GERBANG SOLUSI,6,LATE,30,70,26.06.2026,26.05.2026,09.06.2026,26.06.2026,26.06.2026,21.07.2026,21.07.2026,,A001,WH AHI JABABEKA
R100260525T023_A001,CONT-20,3900000,0,0,0,0,0,3900000,A001 - WH AHI JABABEKA,PT. JATIM PETROLEUM TRANSPORT,6,LATE,30,70,26.06.2026,26.05.2026,05.06.2026,10.06.2026,11.06.2026,07.07.2026,07.07.2026,,A001,WH AHI JABABEKA
R100260525T024_A001,CONT-40,28000000,0,0,0,0,0,28000000,A001 - WH AHI JABABEKA,PT. TERATAI EMAS LOGISTINDO,6,LATE,39,69,06.07.2026,27.05.2026,28.06.2026,10.07.2026,10.07.2026,14.07.2026,17.07.2026,,A001,WH AHI JABABEKA
R100260525T025_A001,CONT-20,15300000,0,0,800000,0,0,16100000,A001 - WH AHI JABABEKA,PT. SENTOSAPRIMA ABADI,6,LATE,39,70,05.07.2026,26.05.2026,11.06.2026,13.07.2026,13.07.2026,17.07.2026,17.07.2026,,A001,WH AHI JABABEKA
R100260525T026_A001,CONT-20,15500000,0,0,0,0,0,15500000,A001 - WH AHI JABABEKA,PT. SENTOSAPRIMA ABADI,6,LATE,40,70,06.07.2026,26.05.2026,10.06.2026,03.07.2026,03.07.2026,07.07.2026,07.07.2026,,A001,WH AHI JABABEKA
R100260525T027_A001,WINGBOX,5650000,0,0,0,0,0,5650000,A001 - WH AHI JABABEKA,PT. DUTA MEDIA MANDIRI,7,ON SCHEDULE,30,0,26.06.2026,26.05.2026,30.05.2026,03.06.2026,04.06.2026,04.06.2026,04.06.2026,,A001,WH AHI JABABEKA
R100260525T028_A001,CONT-20,3900000,0,0,0,0,0,3900000,A001 - WH AHI JABABEKA,PT. JATIM PETROLEUM TRANSPORT,6,LATE,30,69,26.06.2026,26.05.2026,06.06.2026,12.06.2026,13.06.2026,07.07.2026,07.07.2026,,A001,WH AHI JABABEKA
R100260525T029_A001,CONT-20,3900000,0,0,0,0,0,3900000,A001 - WH AHI JABABEKA,PT. JATIM PETROLEUM TRANSPORT,6,LATE,30,70,26.06.2026,26.05.2026,06.06.2026,10.06.2026,11.06.2026,07.07.2026,07.07.2026,,A001,WH AHI JABABEKA
R100260525T030_A001,WINGBOX,6700000,400000,0,0,0,0,7100000,A001 - WH AHI JABABEKA,PT.DHANESWARA EXPRES,6,LATE,30,67,28.06.2026,28.05.2026,,23.07.2026,23.07.2026,27.07.2026,27.07.2026,,A001,WH AHI JABABEKA
R100260525T030_A001,WINGBOX,6700000,400000,0,0,0,0,7100000,A001 - WH AHI JABABEKA,PT.DHANESWARA EXPRES,6,LATE,30,67,28.06.2026,28.05.2026,,23.07.2026,23.07.2026,27.07.2026,27.07.2026,,A001,WH AHI JABABEKA
R100260525T031_A001,WINGBOX,6700000,400000,0,0,0,0,7100000,A001 - WH AHI JABABEKA,PT.DHANESWARA EXPRES,6,LATE,30,67,28.06.2026,28.05.2026,,23.07.2026,23.07.2026,27.07.2026,27.07.2026,,A001,WH AHI JABABEKA
R100260525T031_A001,WINGBOX,6700000,400000,0,0,0,0,7100000,A001 - WH AHI JABABEKA,PT.DHANESWARA EXPRES,6,LATE,30,67,28.06.2026,28.05.2026,,23.07.2026,23.07.2026,27.07.2026,27.07.2026,,A001,WH AHI JABABEKA
R100260525T032_A001,WINGBOX,5600000,0,0,0,0,0,5600000,A001 - WH AHI JABABEKA,PT. BINTANG SAMUDRA RAYA,7,ON SCHEDULE,30,0,26.06.2026,26.05.2026,30.05.2026,03.06.2026,03.06.2026,15.06.2026,15.06.2026,,A001,WH AHI JABABEKA
R100260525T037_A001,CONT-40,29000000,0,0,0,0,0,29000000,A001 - WH AHI JABABEKA,PT. WIDYA TRANS CARGO,6,LATE,47,69,13.07.2026,26.05.2026,10.06.2026,01.07.2026,02.07.2026,06.07.2026,20.07.2026,,A001,WH AHI JABABEKA
R100260525T050_A001,WINGBOX,5650000,0,0,0,0,0,5650000,A001 - WH AHI JABABEKA,PT. DUTA MEDIA MANDIRI,7,ON SCHEDULE,30,0,26.06.2026,26.05.2026,30.05.2026,03.06.2026,04.06.2026,30.06.2026,30.06.2026,,A001,WH AHI JABABEKA
R100260526B005_A001,CONT-20,0,0,0,0,0,0,0,A001 - WH AHI JABABEKA,PT. TPIL LOGISTICS,2,LATE,6,65,06.06.2026,30.05.2026,24.06.2026,,,,,,A001,WH AHI JABABEKA
R100260526B007_A001,WINGBOX,10700000,0,0,0,0,0,10700000,A001 - WH AHI JABABEKA,PT. BINTANG SAMUDRA RAYA,7,ON SCHEDULE,26,0,25.06.2026,29.05.2026,03.06.2026,01.07.2026,01.07.2026,01.07.2026,14.07.2026,,A001,WH AHI JABABEKA
R100260526L047_A001,CONT-20,26220000,0,0,0,0,0,26220000,A001 - WH AHI JABABEKA,PT KAMADJAJA LOGISTICS,7,ON SCHEDULE,41,0,08.07.2026,27.05.2026,19.06.2026,22.06.2026,24.06.2026,24.06.2026,24.06.2026,,A001,WH AHI JABABEKA
R100260526L048_A001,CONT-20,13300000,0,0,0,0,0,13300000,A001 - WH AHI JABABEKA,PT.BANGKA JAYA LINE,7,ON SCHEDULE,40,0,07.07.2026,27.05.2026,19.06.2026,03.07.2026,03.07.2026,03.07.2026,03.07.2026,,A001,WH AHI JABABEKA
R100260526L049_A001,CDD LONG CHASSIS,3500000,0,0,0,250000,0,3750000,A001 - WH AHI JABABEKA,PT. AGUNG MAKMUR JAYA,7,ON SCHEDULE,28,0,24.06.2026,26.05.2026,29.05.2026,02.06.2026,03.06.2026,15.06.2026,15.06.2026,,A001,WH AHI JABABEKA
R100260526L049_A001,CDD LONG CHASSIS,3500000,0,0,0,250000,0,3750000,A001 - WH AHI JABABEKA,PT. AGUNG MAKMUR JAYA,7,ON SCHEDULE,28,0,24.06.2026,26.05.2026,29.05.2026,02.06.2026,03.06.2026,15.06.2026,15.06.2026,,A001,WH AHI JABABEKA
R100260526L049_A001,CDD LONG CHASSIS,3500000,0,0,0,250000,0,3750000,A001 - WH AHI JABABEKA,PT. AGUNG MAKMUR JAYA,7,ON SCHEDULE,28,0,24.06.2026,26.05.2026,29.05.2026,02.06.2026,03.06.2026,15.06.2026,15.06.2026,,A001,WH AHI JABABEKA
R100260526L051_A001,CDD LONG CHASSIS,2350000,0,0,0,0,0,2350000,A001 - WH AHI JABABEKA,PT. BINTANG SAMUDRA RAYA,7,ON SCHEDULE,28,0,24.06.2026,26.05.2026,29.05.2026,04.06.2026,04.06.2026,15.06.2026,14.07.2026,,A001,WH AHI JABABEKA
R100260526L054_A001,CDD LONG CHASSIS,3100000,0,0,0,400000,0,3500000,A001 - WH AHI JABABEKA,PT. BINTANG SAMUDRA RAYA,7,ON SCHEDULE,29,0,26.06.2026,27.05.2026,30.05.2026,12.06.2026,14.06.2026,15.06.2026,15.06.2026,,A001,WH AHI JABABEKA
R100260526L055_A001,CDD LONG CHASSIS,4900000,0,0,0,300000,0,5200000,A001 - WH AHI JABABEKA,PT.ORANG KREATIF EKSIS,7,ON SCHEDULE,28,0,25.06.2026,27.05.2026,29.05.2026,05.06.2026,05.06.2026,24.06.2026,24.06.2026,,A001,WH AHI JABABEKA
R100260526L056_A001,CONT-20,15300000,0,0,0,0,0,15300000,A001 - WH AHI JABABEKA,PT. SENTOSAPRIMA ABADI,6,LATE,39,68,07.07.2026,28.05.2026,12.06.2026,13.07.2026,13.07.2026,17.07.2026,17.07.2026,,A001,WH AHI JABABEKA
R100260526L063_A001,CDD LONG CHASSIS,3500000,600000,0,0,350000,0,4450000,A001 - WH AHI JABABEKA,PT. CEHA LOGISTIK CEMERLANG,6,LATE,28,68,25.06.2026,27.05.2026,15.06.2026,22.07.2026,23.07.2026,23.07.2026,23.07.2026,,A001,WH AHI JABABEKA
R100260526L075_A001,CONT-20,14600000,0,0,0,0,0,14600000,A001 - WH AHI JABABEKA,PT. MITRA INTERTRANS FORWARDING,2,LATE,18,65,18.06.2026,30.05.2026,19.06.2026,,,,,,A001,WH AHI JABABEKA
R100260526T014_A001,CONT-40,8750000,0,0,0,0,0,8750000,A001 - WH AHI JABABEKA,PT. CIKARANG GERBANG SOLUSI,4,LATE,18,68,15.06.2026,27.05.2026,15.06.2026,26.06.2026,26.06.2026,21.07.2026,,,A001,WH AHI JABABEKA
R100260526T015_A001,CONT-40,8750000,0,0,0,0,0,8750000,A001 - WH AHI JABABEKA,PT. CIKARANG GERBANG SOLUSI,4,LATE,18,68,15.06.2026,27.05.2026,10.06.2026,26.06.2026,26.06.2026,21.07.2026,,,A001,WH AHI JABABEKA
R100260526T016_A001,WINGBOX,6200000,0,0,0,0,0,6200000,A001 - WH AHI JABABEKA,PT. SATRIA PIRANTI PERKASA,7,ON SCHEDULE,30,0,28.06.2026,28.05.2026,31.05.2026,24.06.2026,25.06.2026,30.06.2026,30.06.2026,,A001,WH AHI JABABEKA
R100260526T017_A001,CONT-40,8500000,0,0,0,0,0,8500000,A001 - WH AHI JABABEKA,PT. DINOYO PUTRA MANDIRI,7,ON SCHEDULE,30,0,27.06.2026,27.05.2026,31.05.2026,02.06.2026,02.06.2026,05.06.2026,05.06.2026,,A001,WH AHI JABABEKA
R100260526T018_A001,WINGBOX,6600000,0,0,0,0,0,6600000,A001 - WH AHI JABABEKA,PT. JAYA MULYA ERALINDO,7,ON SCHEDULE,30,0,27.06.2026,27.05.2026,31.05.2026,10.06.2026,10.06.2026,11.06.2026,11.06.2026,,A001,WH AHI JABABEKA
R100260526T019_A001,WINGBOX,5600000,0,0,0,0,0,5600000,A001 - WH AHI JABABEKA,PT. BINTANG SAMUDRA RAYA,7,ON SCHEDULE,30,0,28.06.2026,28.05.2026,31.05.2026,04.06.2026,04.06.2026,15.06.2026,19.06.2026,,A001,WH AHI JABABEKA
R100260526T020_A001,WINGBOX,5600000,0,0,0,0,0,5600000,A001 - WH AHI JABABEKA,PT. BINTANG SAMUDRA RAYA,7,ON SCHEDULE,30,0,28.06.2026,28.05.2026,31.05.2026,03.06.2026,03.06.2026,15.06.2026,15.06.2026,,A001,WH AHI JABABEKA
R100260526T021_A001,WINGBOX,6600000,0,0,0,0,0,6600000,A001 - WH AHI JABABEKA,PT. JAYA MULYA ERALINDO,7,ON SCHEDULE,30,0,27.06.2026,27.05.2026,31.05.2026,11.06.2026,11.06.2026,18.06.2026,18.06.2026,,A001,WH AHI JABABEKA
R100260526T036_A001,CONT-40,27200000,0,0,0,0,0,27200000,A001 - WH AHI JABABEKA,PT. SENTOSAPRIMA ABADI,6,LATE,39,68,06.07.2026,27.05.2026,23.06.2026,13.07.2026,13.07.2026,14.07.2026,14.07.2026,,A001,WH AHI JABABEKA
R100260526T038_A001,WINGBOX,5600000,0,0,0,0,0,5600000,A001 - WH AHI JABABEKA,PT. BINTANG SAMUDRA RAYA,7,ON SCHEDULE,30,0,27.06.2026,27.05.2026,31.05.2026,04.06.2026,04.06.2026,15.06.2026,14.07.2026,,A001,WH AHI JABABEKA
R100260526T039_A001,CONT-20,19500000,0,0,0,0,0,19500000,A001 - WH AHI JABABEKA,PT. CRIETA LOGISTIC,6,LATE,41,69,08.07.2026,27.05.2026,23.06.2026,13.07.2026,14.07.2026,14.07.2026,03.08.2026,,A001,WH AHI JABABEKA
R100260526T041_A001,CONT-20,15300000,0,0,800000,0,0,16100000,A001 - WH AHI JABABEKA,PT. SENTOSAPRIMA ABADI,6,LATE,39,69,06.07.2026,27.05.2026,11.06.2026,13.07.2026,14.07.2026,17.07.2026,17.07.2026,,A001,WH AHI JABABEKA
R100260526T044_A001,CONT-40,27200000,0,0,0,0,0,27200000,A001 - WH AHI JABABEKA,PT. SENTOSAPRIMA ABADI,6,LATE,39,67,07.07.2026,28.05.2026,23.06.2026,13.07.2026,14.07.2026,14.07.2026,14.07.2026,,A001,WH AHI JABABEKA
R100260527L020_A001,WINGBOX,10700000,0,0,0,600000,0,11300000,A001 - WH AHI JABABEKA,PT. BINTANG SAMUDRA RAYA,7,ON SCHEDULE,27,0,25.06.2026,28.05.2026,02.06.2026,18.06.2026,19.06.2026,19.06.2026,19.06.2026,,A001,WH AHI JABABEKA
R100260527L021_A001,WINGBOX,10700000,0,600000,0,400000,0,11700000,A001 - WH AHI JABABEKA,PT. BINTANG SAMUDRA RAYA,7,ON SCHEDULE,31,0,29.06.2026,28.05.2026,09.06.2026,18.06.2026,19.06.2026,19.06.2026,19.06.2026,,A001,WH AHI JABABEKA
R100260527L032_A001,FUSO,19350000,0,0,0,400000,0,19750000,A001 - WH AHI JABABEKA,PT. SATRIA PIRANTI PERKASA,7,ON SCHEDULE,41,0,09.07.2026,28.05.2026,02.06.2026,24.06.2026,25.06.2026,30.06.2026,30.06.2026,,A001,WH AHI JABABEKA
R100260527L039_A001,CDD LONG CHASSIS,3600000,0,0,0,300000,0,3900000,A001 - WH AHI JABABEKA,PT. BINTANG SAMUDRA RAYA,7,ON SCHEDULE,28,0,26.06.2026,28.05.2026,31.05.2026,18.06.2026,19.06.2026,19.06.2026,19.06.2026,,A001,WH AHI JABABEKA
R100260527L039_A001,CDD LONG CHASSIS,3600000,0,0,0,300000,0,3900000,A001 - WH AHI JABABEKA,PT. BINTANG SAMUDRA RAYA,7,ON SCHEDULE,28,0,26.06.2026,28.05.2026,31.05.2026,18.06.2026,19.06.2026,19.06.2026,19.06.2026,,A001,WH AHI JABABEKA
R100260527L040_A001,CDD LONG CHASSIS,4900000,0,0,0,150000,0,5050000,A001 - WH AHI JABABEKA,PT.ORANG KREATIF EKSIS,7,ON SCHEDULE,28,0,26.06.2026,28.05.2026,31.05.2026,05.06.2026,05.06.2026,15.06.2026,15.06.2026,,A001,WH AHI JABABEKA
R100260527T002_A001,CONT-40,8750000,0,0,0,0,0,8750000,A001 - WH AHI JABABEKA,PT. CIKARANG GERBANG SOLUSI,4,LATE,18,67,17.06.2026,29.05.2026,10.06.2026,26.06.2026,26.06.2026,21.07.2026,,,A001,WH AHI JABABEKA
R100260527T003_A001,CONT-40,8750000,0,0,0,0,0,8750000,A001 - WH AHI JABABEKA,PT. CIKARANG GERBANG SOLUSI,4,LATE,18,67,17.06.2026,29.05.2026,09.06.2026,26.06.2026,26.06.2026,21.07.2026,,,A001,WH AHI JABABEKA
R100260527T004_A001,WINGBOX,6600000,0,0,0,0,0,6600000,A001 - WH AHI JABABEKA,PT. JAYA MULYA ERALINDO,7,ON SCHEDULE,30,0,28.06.2026,28.05.2026,09.06.2026,11.06.2026,11.06.2026,18.06.2026,18.06.2026,,A001,WH AHI JABABEKA
R100260527T005_A001,WINGBOX,6600000,0,0,0,0,0,6600000,A001 - WH AHI JABABEKA,PT. JAYA MULYA ERALINDO,7,ON SCHEDULE,30,0,28.06.2026,28.05.2026,31.05.2026,11.06.2026,11.06.2026,18.06.2026,18.06.2026,,A001,WH AHI JABABEKA
R100260527T007_A001,CONT-40,8750000,0,0,0,0,0,8750000,A001 - WH AHI JABABEKA,PT. CIKARANG GERBANG SOLUSI,4,LATE,18,66,17.06.2026,29.05.2026,10.06.2026,26.06.2026,26.06.2026,21.07.2026,,,A001,WH AHI JABABEKA
R100260527T026_A001,CONT-20,15050000,0,0,0,0,0,15050000,A001 - WH AHI JABABEKA,PT. TPIL LOGISTICS,2,LATE,20,68,17.06.2026,27.05.2026,16.06.2026,,,,,,A001,WH AHI JABABEKA
R100260527T027_A001,CONT-20,19500000,0,0,0,0,0,19500000,A001 - WH AHI JABABEKA,PT. CRIETA LOGISTIC,6,LATE,41,67,09.07.2026,28.05.2026,10.06.2026,03.08.2026,03.08.2026,03.08.2026,03.08.2026,,A001,WH AHI JABABEKA
R100260527T038_A001,WINGBOX,6500000,0,0,0,0,0,6500000,A001 - WH AHI JABABEKA,PT.AMANAH TRANSMULIA MANDIRI LOGISTIK,7,ON SCHEDULE,30,0,28.06.2026,28.05.2026,31.05.2026,09.06.2026,09.06.2026,10.06.2026,24.06.2026,,A001,WH AHI JABABEKA
R100260527T039_A001,WINGBOX,6600000,0,0,0,0,0,6600000,A001 - WH AHI JABABEKA,PT. JAYA MULYA ERALINDO,7,ON SCHEDULE,30,0,29.06.2026,29.05.2026,02.06.2026,11.06.2026,11.06.2026,18.06.2026,18.06.2026,,A001,WH AHI JABABEKA
R100260527T048_A001,CONT-20,17600000,0,0,0,0,0,17600000,A001 - WH AHI JABABEKA,PT. TPIL LOGISTICS,2,LATE,27,67,25.06.2026,28.05.2026,16.06.2026,,,,,,A001,WH AHI JABABEKA
R100260527T060_A001,CONT-40,28000000,0,0,0,0,0,28000000,A001 - WH AHI JABABEKA,PT. TERATAI EMAS LOGISTINDO,6,LATE,39,67,07.07.2026,28.05.2026,03.07.2026,10.07.2026,10.07.2026,20.07.2026,20.07.2026,,A001,WH AHI JABABEKA
R100260527T065_A001,CONT-20,15300000,0,0,0,0,500000,15800000,A001 - WH AHI JABABEKA,PT. SENTOSAPRIMA ABADI,6,LATE,39,67,07.07.2026,28.05.2026,23.06.2026,17.07.2026,19.07.2026,20.07.2026,20.07.2026,,A001,WH AHI JABABEKA
R100260527T066_A001,CONT-20,15300000,0,0,0,0,500000,15800000,A001 - WH AHI JABABEKA,PT. SENTOSAPRIMA ABADI,6,LATE,39,67,07.07.2026,28.05.2026,18.06.2026,17.07.2026,19.07.2026,20.07.2026,20.07.2026,,A001,WH AHI JABABEKA
R100260528L012_A001,CONT-20,15300000,0,0,800000,0,0,16100000,A001 - WH AHI JABABEKA,PT. SENTOSAPRIMA ABADI,6,LATE,40,66,09.07.2026,29.05.2026,12.06.2026,13.07.2026,14.07.2026,17.07.2026,17.07.2026,,A001,WH AHI JABABEKA
R100260528L020_A001,CDD LONG CHASSIS,3100000,0,0,0,400000,0,3500000,A001 - WH AHI JABABEKA,PT. BINTANG SAMUDRA RAYA,7,ON SCHEDULE,28,0,26.06.2026,28.05.2026,31.05.2026,18.06.2026,19.06.2026,19.06.2026,19.06.2026,,A001,WH AHI JABABEKA
R100260528L023_A001,CONT-20,0,0,0,0,0,0,0,A001 - WH AHI JABABEKA,PT. TPIL LOGISTICS,2,LATE,23,67,22.06.2026,29.05.2026,19.06.2026,,,,,,A001,WH AHI JABABEKA
R100260528L024_A001,FUSO,14750000,0,0,0,200000,0,14950000,A001 - WH AHI JABABEKA,PT. SATRIA PIRANTI PERKASA,7,ON SCHEDULE,41,0,10.07.2026,29.05.2026,02.06.2026,11.06.2026,11.06.2026,18.06.2026,18.06.2026,,A001,WH AHI JABABEKA
R100260528L025_A001,FUSO,19200000,0,0,0,0,0,19200000,A001 - WH AHI JABABEKA,PT. SATRIA PIRANTI PERKASA,7,ON SCHEDULE,31,0,30.06.2026,29.05.2026,02.06.2026,26.06.2026,26.06.2026,02.07.2026,02.07.2026,,A001,WH AHI JABABEKA
R100260528L027_A001,CONT-20,0,0,0,0,0,0,0,A001 - WH AHI JABABEKA,PT. TPIL LOGISTICS,2,LATE,21,66,20.06.2026,29.05.2026,19.06.2026,,,,,,A001,WH AHI JABABEKA
R100260528L056_A001,CONT-20,18000000,0,0,0,0,0,18000000,A001 - WH AHI JABABEKA,PT. TPIL LOGISTICS,2,LATE,22,64,23.06.2026,31.05.2026,19.06.2026,,,,,,A001,WH AHI JABABEKA
R100260528L057_A001,CONT-20,27000000,0,0,0,0,0,27000000,A001 - WH AHI JABABEKA,PT. CRIETA LOGISTIC,6,LATE,49,64,20.07.2026,31.05.2026,23.06.2026,03.08.2026,03.08.2026,03.08.2026,03.08.2026,,A001,WH AHI JABABEKA
R100260528L058_A001,CONT-20,15400000,0,0,0,0,0,15400000,A001 - WH AHI JABABEKA,PT. TPIL LOGISTICS,2,LATE,22,65,22.06.2026,30.05.2026,19.06.2026,,,,,,A001,WH AHI JABABEKA
R100260528L064_A001,FUSO,17000000,0,0,0,200000,0,17200000,A001 - WH AHI JABABEKA,PT. SATRIA PIRANTI PERKASA,7,ON SCHEDULE,31,0,30.06.2026,29.05.2026,02.06.2026,10.06.2026,10.06.2026,18.06.2026,18.06.2026,,A001,WH AHI JABABEKA
R100260528L066_A001,CDD LONG CHASSIS,4900000,0,0,0,0,0,4900000,A001 - WH AHI JABABEKA,PT.ORANG KREATIF EKSIS,7,ON SCHEDULE,28,0,27.06.2026,29.05.2026,09.06.2026,12.06.2026,13.06.2026,24.06.2026,24.06.2026,,A001,WH AHI JABABEKA
R100260528L067_A001,CONT-20,15050000,0,0,0,0,0,15050000,A001 - WH AHI JABABEKA,PT. TPIL LOGISTICS,2,LATE,22,66,22.06.2026,30.05.2026,18.06.2026,,,,,,A001,WH AHI JABABEKA
R100260528L068_A001,CONT-20,18300000,0,0,0,0,0,18300000,A001 - WH AHI JABABEKA,PT. SENTOSAPRIMA ABADI,6,LATE,46,66,16.07.2026,30.05.2026,19.06.2026,13.07.2026,13.07.2026,16.07.2026,16.07.2026,,A001,WH AHI JABABEKA
R100260528T001_A001,CONT-40,8750000,0,0,0,0,0,8750000,A001 - WH AHI JABABEKA,PT. CIKARANG GERBANG SOLUSI,6,LATE,30,66,29.06.2026,29.05.2026,10.06.2026,26.06.2026,26.06.2026,21.07.2026,21.07.2026,,A001,WH AHI JABABEKA
R100260528T002_A001,CONT-40,8750000,0,0,0,0,0,8750000,A001 - WH AHI JABABEKA,PT. CIKARANG GERBANG SOLUSI,6,LATE,30,65,30.06.2026,30.05.2026,10.06.2026,26.06.2026,26.06.2026,21.07.2026,21.07.2026,,A001,WH AHI JABABEKA
R100260528T003_A001,CONT-20,3900000,0,0,0,0,0,3900000,A001 - WH AHI JABABEKA,PT. JATIM PETROLEUM TRANSPORT,6,LATE,30,67,29.06.2026,29.05.2026,06.06.2026,10.06.2026,11.06.2026,07.07.2026,07.07.2026,,A001,WH AHI JABABEKA
R100260528T004_A001,CONT-20,3900000,0,0,0,0,0,3900000,A001 - WH AHI JABABEKA,PT. JATIM PETROLEUM TRANSPORT,6,LATE,30,66,29.06.2026,29.05.2026,05.06.2026,10.06.2026,11.06.2026,07.07.2026,07.07.2026,,A001,WH AHI JABABEKA
R100260528T005_A001,CONT-20,3900000,0,0,0,0,0,3900000,A001 - WH AHI JABABEKA,PT. JATIM PETROLEUM TRANSPORT,6,LATE,30,66,29.06.2026,29.05.2026,05.06.2026,10.06.2026,11.06.2026,07.07.2026,07.07.2026,,A001,WH AHI JABABEKA
R100260528T007_A001,CONT-20,3900000,0,0,0,0,0,3900000,A001 - WH AHI JABABEKA,PT. JATIM PETROLEUM TRANSPORT,6,LATE,30,66,29.06.2026,29.05.2026,05.06.2026,10.06.2026,11.06.2026,07.07.2026,07.07.2026,,A001,WH AHI JABABEKA
R100260528T008_A001,CONT-20,3900000,0,0,0,0,0,3900000,A001 - WH AHI JABABEKA,PT. JATIM PETROLEUM TRANSPORT,6,LATE,30,66,29.06.2026,29.05.2026,06.06.2026,10.06.2026,11.06.2026,07.07.2026,07.07.2026,,A001,WH AHI JABABEKA
R100260528T023_A001,CONT-40,26300000,0,0,0,0,0,26300000,A001 - WH AHI JABABEKA,PT. TPIL LOGISTICS,2,LATE,19,66,18.06.2026,29.05.2026,19.06.2026,,,,,,A001,WH AHI JABABEKA
R100260528T026_A001,CONT-40,29000000,0,0,0,0,0,29000000,A001 - WH AHI JABABEKA,PT. WIDYA TRANS CARGO,6,LATE,47,65,17.07.2026,30.05.2026,16.06.2026,01.07.2026,02.07.2026,06.07.2026,06.07.2026,,A001,WH AHI JABABEKA
R100260528T040_A001,CONT-20,15800000,0,0,0,0,0,15800000,A001 - WH AHI JABABEKA,PT. SENTOSAPRIMA ABADI,6,LATE,41,66,10.07.2026,29.05.2026,16.06.2026,13.07.2026,13.07.2026,16.07.2026,16.07.2026,,A001,WH AHI JABABEKA
R100260528T055_A001,CONT-20,15500000,0,0,300000,0,0,15800000,A001 - WH AHI JABABEKA,PT. SENTOSAPRIMA ABADI,6,LATE,40,66,09.07.2026,29.05.2026,16.06.2026,20.07.2026,21.07.2026,22.07.2026,22.07.2026,,A001,WH AHI JABABEKA
R100260529L027_A001,CDD LONG CHASSIS,4900000,0,0,0,300000,0,5200000,A001 - WH AHI JABABEKA,PT.ORANG KREATIF EKSIS,7,ON SCHEDULE,29,0,28.06.2026,29.05.2026,09.06.2026,12.06.2026,14.06.2026,24.06.2026,24.06.2026,,A001,WH AHI JABABEKA
R100260529L031_A001,WINGBOX,10700000,0,0,0,400000,0,11100000,A001 - WH AHI JABABEKA,PT. BINTANG SAMUDRA RAYA,7,ON SCHEDULE,31,0,01.07.2026,30.05.2026,09.06.2026,23.06.2026,25.06.2026,29.06.2026,29.06.2026,,A001,WH AHI JABABEKA
R100260529L031_A001,WINGBOX,10700000,0,0,0,400000,0,11100000,A001 - WH AHI JABABEKA,PT. BINTANG SAMUDRA RAYA,7,ON SCHEDULE,31,0,01.07.2026,30.05.2026,09.06.2026,23.06.2026,25.06.2026,29.06.2026,29.06.2026,,A001,WH AHI JABABEKA
R100260529L032_A001,FUSO,14950000,0,0,0,0,0,14950000,A001 - WH AHI JABABEKA,PT. DUTA LINTAS NUSA,6,LATE,31,65,01.07.2026,30.05.2026,04.06.2026,30.06.2026,01.07.2026,21.07.2026,21.07.2026,,A001,WH AHI JABABEKA
R100260529L054_A001,CONT-20,19000000,0,0,0,0,0,19000000,A001 - WH AHI JABABEKA,PT. SENTOSAPRIMA ABADI,6,LATE,43,65,13.07.2026,30.05.2026,19.06.2026,13.07.2026,13.07.2026,17.07.2026,17.07.2026,,A001,WH AHI JABABEKA
R100260529L055_A001,CONT-20,17600000,0,0,0,0,0,17600000,A001 - WH AHI JABABEKA,PT. TPIL LOGISTICS,2,LATE,23,65,23.06.2026,30.05.2026,19.06.2026,,,,,,A001,WH AHI JABABEKA
R100260529L058_A001,CDD LONG CHASSIS,3325000,0,0,0,350000,0,3675000,A001 - WH AHI JABABEKA,PT. JEJE HARAPAN TRANSINDO,7,ON SCHEDULE,29,0,29.06.2026,30.05.2026,09.06.2026,12.06.2026,14.06.2026,15.06.2026,18.06.2026,,A001,WH AHI JABABEKA
R100260529T001_A001,CONT-40,8750000,0,0,0,0,0,8750000,A001 - WH AHI JABABEKA,PT. CIKARANG GERBANG SOLUSI,6,LATE,30,65,30.06.2026,30.05.2026,11.06.2026,26.06.2026,26.06.2026,21.07.2026,21.07.2026,,A001,WH AHI JABABEKA
R100260529T002_A001,CONT-40,8750000,0,0,0,0,0,8750000,A001 - WH AHI JABABEKA,PT. CIKARANG GERBANG SOLUSI,6,LATE,30,65,30.06.2026,30.05.2026,14.06.2026,26.06.2026,26.06.2026,21.07.2026,21.07.2026,,A001,WH AHI JABABEKA
R100260529T003_A001,CONT-20,3900000,0,0,0,0,0,3900000,A001 - WH AHI JABABEKA,PT. JATIM PETROLEUM TRANSPORT,6,LATE,30,65,30.06.2026,30.05.2026,06.06.2026,12.06.2026,13.06.2026,07.07.2026,07.07.2026,,A001,WH AHI JABABEKA
R100260529T004_A001,CONT-20,3900000,0,0,0,0,0,3900000,A001 - WH AHI JABABEKA,PT. JATIM PETROLEUM TRANSPORT,6,LATE,30,65,30.06.2026,30.05.2026,06.06.2026,25.06.2026,26.06.2026,07.07.2026,07.07.2026,,A001,WH AHI JABABEKA
R100260529T005_A001,CONT-20,3900000,0,0,0,0,0,3900000,A001 - WH AHI JABABEKA,PT. JATIM PETROLEUM TRANSPORT,6,LATE,30,65,30.06.2026,30.05.2026,06.06.2026,12.06.2026,13.06.2026,07.07.2026,07.07.2026,,A001,WH AHI JABABEKA
R100260529T006_A001,CONT-20,3900000,0,0,0,0,0,3900000,A001 - WH AHI JABABEKA,PT. JATIM PETROLEUM TRANSPORT,6,LATE,30,66,30.06.2026,30.05.2026,06.06.2026,12.06.2026,13.06.2026,07.07.2026,07.07.2026,,A001,WH AHI JABABEKA
R100260529T007_A001,CONT-20,3900000,0,0,0,0,0,3900000,A001 - WH AHI JABABEKA,PT. JATIM PETROLEUM TRANSPORT,6,LATE,30,66,29.06.2026,29.05.2026,06.06.2026,12.06.2026,13.06.2026,07.07.2026,07.07.2026,,A001,WH AHI JABABEKA
R100260529T008_A001,CONT-20,3900000,0,0,0,0,0,3900000,A001 - WH AHI JABABEKA,PT. JATIM PETROLEUM TRANSPORT,6,LATE,30,66,30.06.2026,30.05.2026,06.06.2026,12.06.2026,13.06.2026,07.07.2026,07.07.2026,,A001,WH AHI JABABEKA
R100260529T026_A001,CONT-20,15800000,0,0,0,0,0,15800000,A001 - WH AHI JABABEKA,PT. SENTOSAPRIMA ABADI,6,LATE,41,66,10.07.2026,29.05.2026,16.06.2026,13.07.2026,13.07.2026,16.07.2026,16.07.2026,,A001,WH AHI JABABEKA
R100260529T059_A001,CONT-20,15800000,0,0,0,0,0,15800000,A001 - WH AHI JABABEKA,PT. SENTOSAPRIMA ABADI,6,LATE,41,65,11.07.2026,30.05.2026,19.06.2026,13.07.2026,13.07.2026,16.07.2026,16.07.2026,,A001,WH AHI JABABEKA
R100260529T067_A001,CONT-20,15050000,0,0,0,0,0,15050000,A001 - WH AHI JABABEKA,PT. TPIL LOGISTICS,2,LATE,20,65,20.06.2026,30.05.2026,16.06.2026,,,,,,A001,WH AHI JABABEKA
R100260529T068_A001,CONT-40,30400000,0,0,0,0,0,30400000,A001 - WH AHI JABABEKA,PT. SENTOSAPRIMA ABADI,6,LATE,47,65,18.07.2026,31.05.2026,10.06.2026,31.07.2026,31.07.2026,03.08.2026,03.08.2026,,A001,WH AHI JABABEKA
R100260530L007_A001,FUSO,14750000,0,0,0,500000,0,15250000,A001 - WH AHI JABABEKA,PT. SATRIA PIRANTI PERKASA,7,ON SCHEDULE,31,0,01.07.2026,30.05.2026,04.06.2026,26.06.2026,26.06.2026,02.07.2026,02.07.2026,,A001,WH AHI JABABEKA
R100260530L025_A001,CDD LONG CHASSIS,2850000,0,0,0,0,0,2850000,A001 - WH AHI JABABEKA,PT. BINTANG SAMUDRA RAYA,7,ON SCHEDULE,28,0,28.06.2026,30.05.2026,02.06.2026,15.06.2026,15.06.2026,17.06.2026,18.06.2026,,A001,WH AHI JABABEKA
R100260530L026_A001,CDD LONG CHASSIS,4900000,0,0,0,0,0,4900000,A001 - WH AHI JABABEKA,PT.ORANG KREATIF EKSIS,7,ON SCHEDULE,28,0,28.06.2026,30.05.2026,02.06.2026,05.06.2026,05.06.2026,15.06.2026,15.06.2026,,A001,WH AHI JABABEKA
R100260530L027_A001,CDD LONG CHASSIS,3500000,0,0,0,0,0,3500000,A001 - WH AHI JABABEKA,PT.DHANESWARA EXPRES,7,ON SCHEDULE,29,0,29.06.2026,30.05.2026,02.06.2026,04.06.2026,04.06.2026,08.06.2026,08.06.2026,,A001,WH AHI JABABEKA
R100260530L028_A001,CDD LONG CHASSIS,3600000,0,0,0,300000,0,3900000,A001 - WH AHI JABABEKA,PT. BINTANG SAMUDRA RAYA,7,ON SCHEDULE,28,0,28.06.2026,30.05.2026,09.06.2026,23.06.2026,25.06.2026,29.06.2026,29.06.2026,,A001,WH AHI JABABEKA
R100260530L028_A001,CDD LONG CHASSIS,3600000,0,0,0,300000,0,3900000,A001 - WH AHI JABABEKA,PT. BINTANG SAMUDRA RAYA,7,ON SCHEDULE,28,0,28.06.2026,30.05.2026,09.06.2026,23.06.2026,25.06.2026,29.06.2026,29.06.2026,,A001,WH AHI JABABEKA
R100260530L029_A001,CDD LONG CHASSIS,3500000,0,0,0,0,0,3500000,A001 - WH AHI JABABEKA,PT. AGUNG MAKMUR JAYA,7,ON SCHEDULE,28,0,28.06.2026,30.05.2026,09.06.2026,12.06.2026,13.06.2026,15.06.2026,15.06.2026,,A001,WH AHI JABABEKA
R100260530L033_A001,CDD LONG CHASSIS,1600000,0,0,0,0,0,1600000,A001 - WH AHI JABABEKA,PT. BINTANG SAMUDRA RAYA,7,ON SCHEDULE,28,0,28.06.2026,30.05.2026,09.06.2026,09.06.2026,10.06.2026,15.06.2026,15.06.2026,,A001,WH AHI JABABEKA
R100260530L034_A001,CDD LONG CHASSIS,1600000,0,0,0,0,0,1600000,A001 - WH AHI JABABEKA,PT. SATRIA PIRANTI PERKASA,7,ON SCHEDULE,27,0,27.06.2026,30.05.2026,09.06.2026,15.06.2026,15.06.2026,24.06.2026,24.06.2026,,A001,WH AHI JABABEKA
R100260530L058_A001,CDD LONG CHASSIS,3950000,0,0,0,950000,0,4900000,A001 - WH AHI JABABEKA,PT. CEHA LOGISTIK CEMERLANG,7,ON SCHEDULE,28,0,29.06.2026,31.05.2026,02.06.2026,02.06.2026,03.06.2026,04.06.2026,04.06.2026,,A001,WH AHI JABABEKA
R100260530L063_A001,CDD LONG CHASSIS,2250000,0,0,0,0,0,2250000,A001 - WH AHI JABABEKA,PT. BINTANG SAMUDRA RAYA,7,ON SCHEDULE,28,0,29.06.2026,31.05.2026,02.06.2026,09.06.2026,10.06.2026,11.06.2026,12.06.2026,,A001,WH AHI JABABEKA
R100260530L065_A001,CDD LONG CHASSIS,2350000,0,0,0,0,0,2350000,A001 - WH AHI JABABEKA,PT. BINTANG SAMUDRA RAYA,6,LATE,28,65,28.06.2026,30.05.2026,02.06.2026,09.06.2026,10.06.2026,11.06.2026,12.06.2026,,A001,WH AHI JABABEKA
R100260530L066_A001,CDD LONG CHASSIS,3100000,0,0,0,400000,0,3500000,A001 - WH AHI JABABEKA,PT. BINTANG SAMUDRA RAYA,7,ON SCHEDULE,29,0,30.06.2026,31.05.2026,03.06.2026,12.06.2026,14.06.2026,15.06.2026,15.06.2026,,A001,WH AHI JABABEKA
R100260530L067_A001,FUSO,13800000,0,0,0,0,0,13800000,A001 - WH AHI JABABEKA,PT. DUTA LINTAS NUSA,6,LATE,40,64,11.07.2026,31.05.2026,05.06.2026,08.07.2026,09.07.2026,21.07.2026,21.07.2026,,A001,WH AHI JABABEKA
R100260530T001_A001,WINGBOX,7000000,0,0,0,0,0,7000000,A001 - WH AHI JABABEKA,PT. DUNIA EXPRESS TRANSINDO,6,LATE,30,64,01.07.2026,31.05.2026,04.06.2026,12.06.2026,12.06.2026,26.06.2026,08.07.2026,,A001,WH AHI JABABEKA
R100260530T002_A001,WINGBOX,7000000,0,0,0,0,0,7000000,A001 - WH AHI JABABEKA,PT. DUNIA EXPRESS TRANSINDO,6,LATE,30,64,01.07.2026,31.05.2026,04.06.2026,12.06.2026,12.06.2026,26.06.2026,08.07.2026,,A001,WH AHI JABABEKA
R100260530T003_A001,CONT-20,3900000,0,0,0,0,0,3900000,A001 - WH AHI JABABEKA,PT. JATIM PETROLEUM TRANSPORT,6,LATE,30,65,01.07.2026,31.05.2026,06.06.2026,12.06.2026,13.06.2026,07.07.2026,07.07.2026,,A001,WH AHI JABABEKA
R100260530T004_A001,CONT-20,3900000,0,0,0,0,0,3900000,A001 - WH AHI JABABEKA,PT. JATIM PETROLEUM TRANSPORT,6,LATE,30,65,01.07.2026,31.05.2026,09.06.2026,12.06.2026,13.06.2026,07.07.2026,07.07.2026,,A001,WH AHI JABABEKA
R100260530T005_A001,CONT-20,3900000,0,0,0,0,0,3900000,A001 - WH AHI JABABEKA,PT. JATIM PETROLEUM TRANSPORT,6,LATE,30,65,30.06.2026,30.05.2026,09.06.2026,12.06.2026,13.06.2026,07.07.2026,07.07.2026,,A001,WH AHI JABABEKA
R100260530T006_A001,CONT-20,3900000,0,0,0,0,0,3900000,A001 - WH AHI JABABEKA,PT. JATIM PETROLEUM TRANSPORT,6,LATE,30,64,01.07.2026,31.05.2026,06.06.2026,12.06.2026,13.06.2026,07.07.2026,07.07.2026,,A001,WH AHI JABABEKA
R100260530T008_A001,CONT-20,3900000,0,0,0,0,0,3900000,A001 - WH AHI JABABEKA,PT. JATIM PETROLEUM TRANSPORT,6,LATE,30,64,01.07.2026,31.05.2026,14.06.2026,25.06.2026,26.06.2026,07.07.2026,07.07.2026,,A001,WH AHI JABABEKA
R100260530T017_A001,WINGBOX,7000000,0,0,0,0,0,7000000,A001 - WH AHI JABABEKA,PT. DUNIA EXPRESS TRANSINDO,6,LATE,30,64,01.07.2026,31.05.2026,04.06.2026,12.06.2026,12.06.2026,26.06.2026,08.07.2026,,A001,WH AHI JABABEKA
R100260531L008_A001,CDD LONG CHASSIS,1400000,0,0,0,0,0,1400000,A001 - WH AHI JABABEKA,PT. BINTANG SAMUDRA RAYA,7,ON SCHEDULE,27,0,28.06.2026,31.05.2026,09.06.2026,11.06.2026,11.06.2026,11.06.2026,12.06.2026,,A001,WH AHI JABABEKA
R100260531L010_A001,CDD LONG CHASSIS,1400000,0,0,0,200000,0,1600000,A001 - WH AHI JABABEKA,PT. BINTANG SAMUDRA RAYA,7,ON SCHEDULE,28,0,29.06.2026,31.05.2026,09.06.2026,18.06.2026,19.06.2026,19.06.2026,01.07.2026,,A001,WH AHI JABABEKA
R100260531L015_A001,FUSO,12500000,0,0,0,350000,0,12850000,A001 - WH AHI JABABEKA,PT.DHANESWARA EXPRES,7,ON SCHEDULE,31,0,02.07.2026,31.05.2026,09.06.2026,10.06.2026,14.06.2026,23.06.2026,23.06.2026,,A001,WH AHI JABABEKA
R100260531L016_A001,CDD LONG CHASSIS,1400000,0,0,0,0,0,1400000,A001 - WH AHI JABABEKA,PT. BINTANG SAMUDRA RAYA,7,ON SCHEDULE,28,0,29.06.2026,31.05.2026,09.06.2026,11.06.2026,11.06.2026,11.06.2026,12.06.2026,,A001,WH AHI JABABEKA
R100260531T005_A001,WINGBOX,5650000,0,0,0,0,0,5650000,A001 - WH AHI JABABEKA,PT. DUTA MEDIA MANDIRI,7,ON SCHEDULE,30,0,01.07.2026,31.05.2026,04.06.2026,08.06.2026,08.06.2026,30.06.2026,30.06.2026,,A001,WH AHI JABABEKA
R110260219L054_H014,CDD LONG CHASSIS,3300000,0,0,0,0,0,3300000,H014 - WH INFORMA JABABEKA,PT. BINTANG SAMUDRA RAYA,7,ON SCHEDULE,28,0,11.06.2026,13.05.2026,17.05.2026,20.05.2026,20.05.2026,20.05.2026,20.05.2026,,H014,WH INFORMA JABABEKA
R110260422L114_H014,WINGBOX,16000000,0,0,0,0,0,16000000,H014 - WH INFORMA JABABEKA,CV BANGUN JASA TRANS,6,LATE,28,82,11.06.2026,13.05.2026,,17.07.2026,17.07.2026,20.07.2026,20.07.2026,,H014,WH INFORMA JABABEKA
R110260428T037_H014,WINGBOX,7000000,0,0,0,0,0,7000000,H014 - WH INFORMA JABABEKA,PT. DUNIA EXPRESS TRANSINDO,7,ON SCHEDULE,29,0,01.06.2026,02.05.2026,11.05.2026,20.05.2026,21.05.2026,02.06.2026,02.06.2026,,H014,WH INFORMA JABABEKA
R110260428T039_H014,WINGBOX,7000000,0,0,0,0,0,7000000,H014 - WH INFORMA JABABEKA,PT. DUNIA EXPRESS TRANSINDO,7,ON SCHEDULE,29,0,01.06.2026,02.05.2026,11.05.2026,20.05.2026,21.05.2026,02.06.2026,02.06.2026,,H014,WH INFORMA JABABEKA
R110260428T040_H014,WINGBOX,7000000,0,0,0,0,0,7000000,H014 - WH INFORMA JABABEKA,PT. DUNIA EXPRESS TRANSINDO,7,ON SCHEDULE,29,0,01.06.2026,02.05.2026,11.05.2026,20.05.2026,21.05.2026,02.06.2026,02.06.2026,,H014,WH INFORMA JABABEKA
R110260429L080_H014,CDD LONG CHASSIS,3500000,0,0,0,0,0,3500000,H014 - WH INFORMA JABABEKA,PT. AGUNG MAKMUR JAYA,7,ON SCHEDULE,30,0,02.06.2026,02.05.2026,11.05.2026,12.05.2026,12.05.2026,13.05.2026,18.05.2026,,H014,WH INFORMA JABABEKA
R110260429T015_H014,CONT-45,8150000,0,0,0,0,0,8150000,H014 - WH INFORMA JABABEKA,PT. JATIM PETROLEUM TRANSPORT,7,ON SCHEDULE,29,0,31.05.2026,01.05.2026,11.05.2026,22.05.2026,23.05.2026,19.06.2026,19.06.2026,,H014,WH INFORMA JABABEKA
R110260429T019_H014,WINGBOX,7000000,0,0,0,0,0,7000000,H014 - WH INFORMA JABABEKA,PT. DUNIA EXPRESS TRANSINDO,7,ON SCHEDULE,29,0,01.06.2026,02.05.2026,11.05.2026,20.05.2026,21.05.2026,02.06.2026,02.06.2026,,H014,WH INFORMA JABABEKA
R110260429T022_H014,CONT-40,8150000,0,0,0,0,0,8150000,H014 - WH INFORMA JABABEKA,PT. JATIM PETROLEUM TRANSPORT,7,ON SCHEDULE,29,0,04.06.2026,05.05.2026,08.05.2026,22.05.2026,23.05.2026,19.06.2026,19.06.2026,,H014,WH INFORMA JABABEKA
R110260429T049_H014,WINGBOX,5600000,0,0,0,0,0,5600000,H014 - WH INFORMA JABABEKA,PT. BINTANG SAMUDRA RAYA,7,ON SCHEDULE,29,0,31.05.2026,01.05.2026,11.05.2026,12.05.2026,12.05.2026,13.05.2026,13.05.2026,,H014,WH INFORMA JABABEKA
R110260429T050_H014,WINGBOX,5600000,0,0,0,0,0,5600000,H014 - WH INFORMA JABABEKA,PT. BINTANG SAMUDRA RAYA,7,ON SCHEDULE,29,0,31.05.2026,01.05.2026,11.05.2026,12.05.2026,12.05.2026,13.05.2026,13.05.2026,,H014,WH INFORMA JABABEKA
R110260430H038_H014,WINGBOX,4500000,0,0,0,0,0,4500000,H014 - WH INFORMA JABABEKA,PT. CEHA LOGISTIK CEMERLANG,7,ON SCHEDULE,29,0,31.05.2026,01.05.2026,11.05.2026,11.05.2026,11.05.2026,19.05.2026,20.05.2026,,H014,WH INFORMA JABABEKA
R110260430H047_H014,WINGBOX,17750000,0,0,0,0,0,17750000,H014 - WH INFORMA JABABEKA,PT. BINTANG SAMUDRA RAYA,7,ON SCHEDULE,30,0,01.06.2026,01.05.2026,11.05.2026,13.05.2026,13.05.2026,13.05.2026,20.05.2026,,H014,WH INFORMA JABABEKA
R110260430H049_H014,WINGBOX,4825000,0,0,0,0,0,4825000,H014 - WH INFORMA JABABEKA,PT. CEHA LOGISTIK CEMERLANG,7,ON SCHEDULE,29,0,31.05.2026,01.05.2026,11.05.2026,11.05.2026,11.05.2026,19.05.2026,20.05.2026,,H014,WH INFORMA JABABEKA
R110260430L091_H014,WINGBOX,4500000,0,0,0,0,0,4500000,H014 - WH INFORMA JABABEKA,PT. CEHA LOGISTIK CEMERLANG,7,ON SCHEDULE,27,0,29.05.2026,01.05.2026,11.05.2026,11.05.2026,12.05.2026,19.05.2026,20.05.2026,,H014,WH INFORMA JABABEKA
R110260430T010_H014,WINGBOX,6600000,0,0,0,0,0,6600000,H014 - WH INFORMA JABABEKA,PT. JAYA MULYA ERALINDO,7,ON SCHEDULE,29,0,31.05.2026,01.05.2026,11.05.2026,19.05.2026,19.05.2026,20.05.2026,20.05.2026,,H014,WH INFORMA JABABEKA
R110260502H044_H014,WINGBOX,2600000,0,0,0,0,0,2600000,H014 - WH INFORMA JABABEKA,PT. BINTANG SAMUDRA RAYA,7,ON SCHEDULE,27,0,30.05.2026,02.05.2026,11.05.2026,18.05.2026,18.05.2026,25.05.2026,25.05.2026,,H014,WH INFORMA JABABEKA
R110260502H045_H014,CDD LONG CHASSIS,9300000,0,0,0,0,0,9300000,H014 - WH INFORMA JABABEKA,PT. AGUNG MAKMUR JAYA,7,ON SCHEDULE,33,0,05.06.2026,02.05.2026,11.05.2026,12.05.2026,12.05.2026,13.05.2026,18.05.2026,,H014,WH INFORMA JABABEKA
R110260502H046_H014,WINGBOX,18000000,0,0,0,0,0,18000000,H014 - WH INFORMA JABABEKA,PT. BINTANG SAMUDRA RAYA,7,ON SCHEDULE,31,0,04.06.2026,03.05.2026,11.05.2026,18.05.2026,18.05.2026,25.05.2026,25.05.2026,,H014,WH INFORMA JABABEKA
R110260502H051_H014,CDD LONG CHASSIS,2350000,0,0,0,0,0,2350000,H014 - WH INFORMA JABABEKA,PT. BINTANG SAMUDRA RAYA,7,ON SCHEDULE,29,0,01.06.2026,02.05.2026,11.05.2026,18.05.2026,18.05.2026,25.05.2026,25.05.2026,,H014,WH INFORMA JABABEKA
R110260502H052_H014,FUSO,17250000,0,0,0,0,0,17250000,H014 - WH INFORMA JABABEKA,PT. DUTA LINTAS NUSA,6,LATE,30,93,02.06.2026,02.05.2026,11.05.2026,26.06.2026,26.06.2026,07.07.2026,17.07.2026,,H014,WH INFORMA JABABEKA
R110260502H055_H014,WINGBOX,4825000,0,0,0,0,0,4825000,H014 - WH INFORMA JABABEKA,PT. CEHA LOGISTIK CEMERLANG,7,ON SCHEDULE,29,0,02.06.2026,03.05.2026,11.05.2026,11.05.2026,11.05.2026,19.05.2026,20.05.2026,,H014,WH INFORMA JABABEKA
R110260502H056_H014,WINGBOX,4825000,0,0,0,0,0,4825000,H014 - WH INFORMA JABABEKA,PT. CEHA LOGISTIK CEMERLANG,7,ON SCHEDULE,29,0,01.06.2026,02.05.2026,11.05.2026,11.05.2026,11.05.2026,19.05.2026,20.05.2026,,H014,WH INFORMA JABABEKA
R110260502H057_H014,WINGBOX,4300000,0,0,0,0,0,4300000,H014 - WH INFORMA JABABEKA,PT.SIASAT CEPAT MUDA,7,ON SCHEDULE,29,0,02.06.2026,03.05.2026,11.05.2026,12.05.2026,12.05.2026,18.05.2026,21.05.2026,,H014,WH INFORMA JABABEKA
R110260502H058_H014,WINGBOX,4300000,0,0,0,0,0,4300000,H014 - WH INFORMA JABABEKA,PT.SIASAT CEPAT MUDA,7,ON SCHEDULE,29,0,02.06.2026,03.05.2026,11.05.2026,12.05.2026,12.05.2026,18.05.2026,21.05.2026,,H014,WH INFORMA JABABEKA
R110260502H062_H014,,2350000,0,0,0,0,0,2350000,H014 - WH INFORMA JABABEKA,PT. BINTANG SAMUDRA RAYA,7,ON SCHEDULE,27,0,30.05.2026,02.05.2026,11.05.2026,25.05.2026,25.05.2026,25.05.2026,25.05.2026,,H014,WH INFORMA JABABEKA
R110260502H063_H014,CDD LONG CHASSIS,2850000,0,0,0,0,0,2850000,H014 - WH INFORMA JABABEKA,PT. BINTANG SAMUDRA RAYA,7,ON SCHEDULE,28,0,31.05.2026,02.05.2026,11.05.2026,18.05.2026,18.05.2026,25.05.2026,25.05.2026,,H014,WH INFORMA JABABEKA
R110260502H064_H014,CDD LONG CHASSIS,2250000,0,0,0,0,0,2250000,H014 - WH INFORMA JABABEKA,PT. BINTANG SAMUDRA RAYA,7,ON SCHEDULE,27,0,30.05.2026,02.05.2026,11.05.2026,18.05.2026,18.05.2026,25.05.2026,25.05.2026,,H014,WH INFORMA JABABEKA
R110260502H065_H014,CDD LONG CHASSIS,2250000,0,0,0,0,0,2250000,H014 - WH INFORMA JABABEKA,PT. BINTANG SAMUDRA RAYA,7,ON SCHEDULE,27,0,30.05.2026,02.05.2026,11.05.2026,18.05.2026,18.05.2026,25.05.2026,25.05.2026,,H014,WH INFORMA JABABEKA
R110260502H066_H014,CDD LONG CHASSIS,2850000,0,0,0,0,0,2850000,H014 - WH INFORMA JABABEKA,PT. BINTANG SAMUDRA RAYA,7,ON SCHEDULE,28,0,31.05.2026,02.05.2026,11.05.2026,18.05.2026,18.05.2026,25.05.2026,25.05.2026,,H014,WH INFORMA JABABEKA
R110260502H072_H014,WINGBOX,4825000,0,0,0,0,0,4825000,H014 - WH INFORMA JABABEKA,PT. CEHA LOGISTIK CEMERLANG,7,ON SCHEDULE,29,0,02.06.2026,03.05.2026,11.05.2026,11.05.2026,11.05.2026,19.05.2026,20.05.2026,,H014,WH INFORMA JABABEKA
R110260502H073_H014,WINGBOX,4300000,0,0,0,0,0,4300000,H014 - WH INFORMA JABABEKA,PT.SIASAT CEPAT MUDA,7,ON SCHEDULE,29,0,02.06.2026,03.05.2026,11.05.2026,12.05.2026,12.05.2026,18.05.2026,21.05.2026,,H014,WH INFORMA JABABEKA
R110260502H074_H014,,4900000,0,0,0,0,0,4900000,H014 - WH INFORMA JABABEKA,PT.ORANG KREATIF EKSIS,7,ON SCHEDULE,28,0,01.06.2026,03.05.2026,11.05.2026,13.05.2026,13.05.2026,21.05.2026,21.05.2026,,H014,WH INFORMA JABABEKA
R110260502H079_H014,,1400000,0,0,0,0,0,1400000,H014 - WH INFORMA JABABEKA,PT. BINTANG SAMUDRA RAYA,7,ON SCHEDULE,27,0,30.05.2026,02.05.2026,11.05.2026,18.05.2026,18.05.2026,25.05.2026,25.05.2026,,H014,WH INFORMA JABABEKA
R110260502L003_H014,WINGBOX,10700000,0,0,0,0,0,10700000,H014 - WH INFORMA JABABEKA,PT. BINTANG SAMUDRA RAYA,7,ON SCHEDULE,30,0,02.06.2026,02.05.2026,11.05.2026,01.07.2026,01.07.2026,01.07.2026,01.07.2026,,H014,WH INFORMA JABABEKA
R110260502L013_H014,CDD LONG CHASSIS,8200000,0,0,0,0,0,8200000,H014 - WH INFORMA JABABEKA,PT.DHANESWARA EXPRES,6,LATE,30,93,02.06.2026,02.05.2026,11.05.2026,12.05.2026,12.05.2026,09.07.2026,09.07.2026,,H014,WH INFORMA JABABEKA
R110260502L061_H014,WINGBOX,4225000,0,0,0,0,0,4225000,H014 - WH INFORMA JABABEKA,PT.SIASAT CEPAT MUDA,7,ON SCHEDULE,27,0,31.05.2026,03.05.2026,11.05.2026,13.05.2026,14.05.2026,18.05.2026,21.05.2026,,H014,WH INFORMA JABABEKA
R110260502L062_H014,WINGBOX,4225000,0,0,0,0,0,4225000,H014 - WH INFORMA JABABEKA,PT.SIASAT CEPAT MUDA,7,ON SCHEDULE,27,0,31.05.2026,03.05.2026,11.05.2026,13.05.2026,14.05.2026,18.05.2026,21.05.2026,,H014,WH INFORMA JABABEKA
R110260502L063_H014,WINGBOX,4225000,0,0,0,0,0,4225000,H014 - WH INFORMA JABABEKA,PT.SIASAT CEPAT MUDA,7,ON SCHEDULE,27,0,30.05.2026,02.05.2026,11.05.2026,13.05.2026,14.05.2026,18.05.2026,21.05.2026,,H014,WH INFORMA JABABEKA
R110260502L065_H014,CDD LONG CHASSIS,3500000,0,0,0,0,0,3500000,H014 - WH INFORMA JABABEKA,PT. CEHA LOGISTIK CEMERLANG,7,ON SCHEDULE,27,0,30.05.2026,02.05.2026,11.05.2026,11.05.2026,11.05.2026,19.05.2026,20.05.2026,,H014,WH INFORMA JABABEKA
R110260502L066_H014,CDD LONG CHASSIS,3500000,0,0,0,0,0,3500000,H014 - WH INFORMA JABABEKA,PT. CEHA LOGISTIK CEMERLANG,7,ON SCHEDULE,27,0,31.05.2026,03.05.2026,07.05.2026,07.05.2026,07.05.2026,19.05.2026,20.05.2026,,H014,WH INFORMA JABABEKA
R110260502L067_H014,CDD LONG CHASSIS,3500000,0,0,0,0,0,3500000,H014 - WH INFORMA JABABEKA,PT. CEHA LOGISTIK CEMERLANG,7,ON SCHEDULE,27,0,31.05.2026,03.05.2026,07.05.2026,07.05.2026,07.05.2026,11.05.2026,18.05.2026,,H014,WH INFORMA JABABEKA
R110260502L069_H014,CDD LONG CHASSIS,2650000,0,0,0,0,0,2650000,H014 - WH INFORMA JABABEKA,PT. BINTANG SAMUDRA RAYA,6,LATE,26,93,29.05.2026,02.05.2026,,23.07.2026,23.07.2026,23.07.2026,24.07.2026,,H014,WH INFORMA JABABEKA
R110260502L069_H014,CDD LONG CHASSIS,2650000,0,0,0,0,0,2650000,H014 - WH INFORMA JABABEKA,PT. BINTANG SAMUDRA RAYA,6,LATE,26,93,29.05.2026,02.05.2026,,23.07.2026,23.07.2026,23.07.2026,24.07.2026,,H014,WH INFORMA JABABEKA
R110260502L070_H014,CDD LONG CHASSIS,2650000,0,0,0,0,0,2650000,H014 - WH INFORMA JABABEKA,PT. BINTANG SAMUDRA RAYA,6,LATE,26,93,29.05.2026,02.05.2026,,23.07.2026,23.07.2026,23.07.2026,24.07.2026,,H014,WH INFORMA JABABEKA
R110260502L070_H014,CDD LONG CHASSIS,2650000,0,0,0,0,0,2650000,H014 - WH INFORMA JABABEKA,PT. BINTANG SAMUDRA RAYA,6,LATE,26,93,29.05.2026,02.05.2026,,23.07.2026,23.07.2026,23.07.2026,24.07.2026,,H014,WH INFORMA JABABEKA
R110260502L083_H014,WINGBOX,2350000,0,0,0,0,0,2350000,H014 - WH INFORMA JABABEKA,PT. BINTANG SAMUDRA RAYA,7,ON SCHEDULE,27,0,31.05.2026,03.05.2026,11.05.2026,18.05.2026,18.05.2026,25.05.2026,25.05.2026,,H014,WH INFORMA JABABEKA
R110260502L096_H014,CDD LONG CHASSIS,3500000,0,0,0,0,0,3500000,H014 - WH INFORMA JABABEKA,PT. AGUNG MAKMUR JAYA,7,ON SCHEDULE,26,0,29.05.2026,02.05.2026,11.05.2026,12.05.2026,13.05.2026,13.05.2026,18.05.2026,,H014,WH INFORMA JABABEKA
R110260502L098_H014,CDD LONG CHASSIS,3500000,0,0,0,0,0,3500000,H014 - WH INFORMA JABABEKA,PT. AGUNG MAKMUR JAYA,7,ON SCHEDULE,26,0,30.05.2026,03.05.2026,08.05.2026,12.05.2026,13.05.2026,13.05.2026,18.05.2026,,H014,WH INFORMA JABABEKA
R110260502T008_H014,CONT-40,26500000,0,0,0,0,0,26500000,H014 - WH INFORMA JABABEKA,PT. SENTOSAPRIMA ABADI,7,ON SCHEDULE,40,0,13.06.2026,03.05.2026,14.05.2026,26.06.2026,26.06.2026,30.06.2026,30.06.2026,,H014,WH INFORMA JABABEKA
R110260502T021_H014,CONT-40,25300000,0,0,0,0,0,25300000,H014 - WH INFORMA JABABEKA,PT. TPIL LOGISTICS,7,ON SCHEDULE,42,0,15.06.2026,03.05.2026,11.05.2026,04.06.2026,05.06.2026,23.06.2026,23.06.2026,,H014,WH INFORMA JABABEKA
R110260502T022_H014,WINGBOX,24000000,0,0,0,0,0,24000000,H014 - WH INFORMA JABABEKA,PT. CITRA SENTRAL EKSPRES,6,LATE,37,92,10.06.2026,03.05.2026,11.05.2026,25.05.2026,26.05.2026,29.05.2026,29.05.2026,,H014,WH INFORMA JABABEKA
R110260502T023_H014,WINGBOX,24000000,0,0,0,0,0,24000000,H014 - WH INFORMA JABABEKA,PT. CITRA SENTRAL EKSPRES,6,LATE,37,93,10.06.2026,03.05.2026,11.05.2026,25.05.2026,26.05.2026,29.05.2026,29.05.2026,,H014,WH INFORMA JABABEKA
R110260502T024_H014,WINGBOX,24000000,0,0,0,0,0,24000000,H014 - WH INFORMA JABABEKA,PT. CITRA SENTRAL EKSPRES,6,LATE,37,92,10.06.2026,03.05.2026,11.05.2026,25.05.2026,26.05.2026,29.05.2026,29.05.2026,,H014,WH INFORMA JABABEKA
R110260502T025_H014,CONT-40,30400000,0,0,0,0,0,30400000,H014 - WH INFORMA JABABEKA,PT. SENTOSAPRIMA ABADI,7,ON SCHEDULE,40,0,13.06.2026,03.05.2026,14.05.2026,26.06.2026,26.06.2026,01.07.2026,01.07.2026,,H014,WH INFORMA JABABEKA
R110260502T026_H014,CONT-40,26500000,0,0,0,0,0,26500000,H014 - WH INFORMA JABABEKA,PT. SENTOSAPRIMA ABADI,7,ON SCHEDULE,40,0,13.06.2026,03.05.2026,14.05.2026,26.06.2026,26.06.2026,30.06.2026,30.06.2026,,H014,WH INFORMA JABABEKA
R110260502T027_H014,WINGBOX,5650000,0,0,0,0,0,5650000,H014 - WH INFORMA JABABEKA,PT. DUTA MEDIA MANDIRI,7,ON SCHEDULE,29,0,02.06.2026,03.05.2026,11.05.2026,12.05.2026,12.05.2026,13.05.2026,13.05.2026,,H014,WH INFORMA JABABEKA
R110260502T037_H014,WINGBOX,5600000,0,0,0,0,0,5600000,H014 - WH INFORMA JABABEKA,PT. BINTANG SAMUDRA RAYA,7,ON SCHEDULE,29,0,02.06.2026,03.05.2026,07.05.2026,18.05.2026,18.05.2026,25.05.2026,25.05.2026,,H014,WH INFORMA JABABEKA
R110260502T038_H014,WINGBOX,5600000,0,0,0,0,0,5600000,H014 - WH INFORMA JABABEKA,PT. BINTANG SAMUDRA RAYA,7,ON SCHEDULE,29,0,02.06.2026,03.05.2026,07.05.2026,18.05.2026,18.05.2026,25.05.2026,25.05.2026,,H014,WH INFORMA JABABEKA
R110260502T039_H014,WINGBOX,5600000,0,0,0,0,0,5600000,H014 - WH INFORMA JABABEKA,PT. BINTANG SAMUDRA RAYA,7,ON SCHEDULE,29,0,02.06.2026,03.05.2026,07.05.2026,18.05.2026,18.05.2026,25.05.2026,25.05.2026,,H014,WH INFORMA JABABEKA
R110260502T040_H014,WINGBOX,5650000,0,0,0,0,0,5650000,H014 - WH INFORMA JABABEKA,PT. DUTA MEDIA MANDIRI,7,ON SCHEDULE,29,0,02.06.2026,03.05.2026,11.05.2026,12.05.2026,12.05.2026,13.05.2026,13.05.2026,,H014,WH INFORMA JABABEKA
R110260503H011_H014,WINGBOX,1998000,0,0,0,0,0,1998000,H014 - WH INFORMA JABABEKA,PT. ARDYA PRIMA INTERNUSA,7,ON SCHEDULE,27,0,31.05.2026,03.05.2026,11.05.2026,20.05.2026,20.05.2026,04.06.2026,05.06.2026,,H014,WH INFORMA JABABEKA
R110260503H013_H014,WINGBOX,4825000,0,0,0,0,0,4825000,H014 - WH INFORMA JABABEKA,PT. CEHA LOGISTIK CEMERLANG,7,ON SCHEDULE,29,0,02.06.2026,03.05.2026,07.05.2026,07.05.2026,07.05.2026,11.05.2026,18.05.2026,,H014,WH INFORMA JABABEKA
R110260503H015_H014,CDD LONG CHASSIS,2250000,0,0,0,0,0,2250000,H014 - WH INFORMA JABABEKA,PT. BINTANG SAMUDRA RAYA,7,ON SCHEDULE,27,0,31.05.2026,03.05.2026,07.05.2026,18.05.2026,18.05.2026,25.05.2026,25.05.2026,,H014,WH INFORMA JABABEKA
R110260503H026_H014,WINGBOX,15000000,0,0,0,0,0,15000000,H014 - WH INFORMA JABABEKA,PT. BINTANG SAMUDRA RAYA,7,ON SCHEDULE,30,0,04.06.2026,04.05.2026,08.05.2026,18.05.2026,18.05.2026,25.05.2026,25.05.2026,,H014,WH INFORMA JABABEKA
R110260503H027_H014,WINGBOX,18000000,0,0,0,0,0,18000000,H014 - WH INFORMA JABABEKA,PT. BINTANG SAMUDRA RAYA,7,ON SCHEDULE,31,0,05.06.2026,04.05.2026,08.05.2026,18.05.2026,18.05.2026,25.05.2026,25.05.2026,,H014,WH INFORMA JABABEKA
R110260503H028_H014,CDD LONG CHASSIS,2250000,0,0,0,0,0,2250000,H014 - WH INFORMA JABABEKA,PT. BINTANG SAMUDRA RAYA,7,ON SCHEDULE,27,0,31.05.2026,03.05.2026,07.05.2026,18.05.2026,18.05.2026,25.05.2026,25.05.2026,,H014,WH INFORMA JABABEKA
R110260503H029_H014,CDD LONG CHASSIS,2850000,0,0,0,0,0,2850000,H014 - WH INFORMA JABABEKA,PT. BINTANG SAMUDRA RAYA,7,ON SCHEDULE,28,0,01.06.2026,03.05.2026,07.05.2026,18.05.2026,18.05.2026,25.05.2026,25.05.2026,,H014,WH INFORMA JABABEKA
R110260503H030_H014,WINGBOX,2599000,0,0,0,0,0,2599000,H014 - WH INFORMA JABABEKA,PT. DUTA MEDIA MANDIRI,7,ON SCHEDULE,27,0,31.05.2026,03.05.2026,07.05.2026,07.05.2026,07.05.2026,11.05.2026,12.05.2026,,H014,WH INFORMA JABABEKA
R110260503H054_H014,WINGBOX,1998000,0,0,0,0,0,1998000,H014 - WH INFORMA JABABEKA,PT. ARDYA PRIMA INTERNUSA,7,ON SCHEDULE,27,0,31.05.2026,03.05.2026,11.05.2026,20.05.2026,20.05.2026,04.06.2026,05.06.2026,,H014,WH INFORMA JABABEKA
R110260503H055_H014,WINGBOX,1998000,0,0,0,0,0,1998000,H014 - WH INFORMA JABABEKA,PT. ARDYA PRIMA INTERNUSA,7,ON SCHEDULE,27,0,31.05.2026,03.05.2026,11.05.2026,20.05.2026,20.05.2026,04.06.2026,05.06.2026,,H014,WH INFORMA JABABEKA
R110260503H058_H014,CDD LONG CHASSIS,2380000,0,0,0,0,0,2380000,H014 - WH INFORMA JABABEKA,PT. DUTA MEDIA MANDIRI,7,ON SCHEDULE,27,0,31.05.2026,03.05.2026,07.05.2026,07.05.2026,07.05.2026,11.05.2026,12.05.2026,,H014,WH INFORMA JABABEKA
R110260503H060_H014,WINGBOX,4825000,0,0,0,0,0,4825000,H014 - WH INFORMA JABABEKA,PT. CEHA LOGISTIK CEMERLANG,7,ON SCHEDULE,29,0,02.06.2026,03.05.2026,07.05.2026,07.05.2026,07.05.2026,11.05.2026,18.05.2026,,H014,WH INFORMA JABABEKA
R110260503H063_H014,CDD LONG CHASSIS,2200000,0,0,0,0,0,2200000,H014 - WH INFORMA JABABEKA,PT. AGUNG MAKMUR JAYA,7,ON SCHEDULE,27,0,31.05.2026,03.05.2026,08.05.2026,12.05.2026,12.05.2026,13.05.2026,18.05.2026,,H014,WH INFORMA JABABEKA
R110260503H064_H014,BIG MAMA,4825000,0,0,0,0,0,4825000,H014 - WH INFORMA JABABEKA,PT. CEHA LOGISTIK CEMERLANG,7,ON SCHEDULE,29,0,02.06.2026,03.05.2026,07.05.2026,07.05.2026,07.05.2026,11.05.2026,18.05.2026,,H014,WH INFORMA JABABEKA
R110260503H067_H014,WINGBOX,4825000,0,0,0,0,0,4825000,H014 - WH INFORMA JABABEKA,PT. CEHA LOGISTIK CEMERLANG,7,ON SCHEDULE,29,0,02.06.2026,03.05.2026,07.05.2026,07.05.2026,07.05.2026,11.05.2026,18.05.2026,,H014,WH INFORMA JABABEKA
R110260503H070_H014,CDD LONG CHASSIS,1750000,0,0,0,0,0,1750000,H014 - WH INFORMA JABABEKA,PT. DUTA MEDIA MANDIRI,7,ON SCHEDULE,27,0,01.06.2026,04.05.2026,07.05.2026,07.05.2026,07.05.2026,11.05.2026,12.05.2026,,H014,WH INFORMA JABABEKA
R110260503L058_H014,CDD LONG CHASSIS,1400000,0,0,0,0,0,1400000,H014 - WH INFORMA JABABEKA,PT. BINTANG SAMUDRA RAYA,7,ON SCHEDULE,27,0,01.06.2026,04.05.2026,07.05.2026,18.05.2026,18.05.2026,25.05.2026,25.05.2026,,H014,WH INFORMA JABABEKA
R110260503L059_H014,CDD LONG CHASSIS,1400000,0,0,0,0,0,1400000,H014 - WH INFORMA JABABEKA,PT. BINTANG SAMUDRA RAYA,7,ON SCHEDULE,27,0,01.06.2026,04.05.2026,07.05.2026,18.05.2026,18.05.2026,25.05.2026,25.05.2026,,H014,WH INFORMA JABABEKA
R110260503L063_H014,CDD LONG CHASSIS,3500000,0,0,0,0,0,3500000,H014 - WH INFORMA JABABEKA,PT. CEHA LOGISTIK CEMERLANG,7,ON SCHEDULE,27,0,31.05.2026,03.05.2026,07.05.2026,07.05.2026,07.05.2026,11.05.2026,18.05.2026,,H014,WH INFORMA JABABEKA
R110260503T008_H014,WINGBOX,5650000,0,0,0,0,0,5650000,H014 - WH INFORMA JABABEKA,PT. DUTA MEDIA MANDIRI,7,ON SCHEDULE,29,0,03.06.2026,04.05.2026,07.05.2026,07.05.2026,07.05.2026,18.05.2026,19.05.2026,,H014,WH INFORMA JABABEKA
R110260503T023_H014,CONT-40,8150000,0,0,0,0,0,8150000,H014 - WH INFORMA JABABEKA,PT. JATIM PETROLEUM TRANSPORT,7,ON SCHEDULE,29,0,03.06.2026,04.05.2026,08.05.2026,05.06.2026,06.06.2026,24.06.2026,24.06.2026,,H014,WH INFORMA JABABEKA
R110260503T024_H014,WINGBOX,5650000,0,0,0,0,0,5650000,H014 - WH INFORMA JABABEKA,PT. DUTA MEDIA MANDIRI,7,ON SCHEDULE,29,0,03.06.2026,04.05.2026,07.05.2026,07.05.2026,07.05.2026,13.05.2026,13.05.2026,,H014,WH INFORMA JABABEKA
R110260503T025_H014,WINGBOX,5650000,0,0,0,0,0,5650000,H014 - WH INFORMA JABABEKA,PT. DUTA MEDIA MANDIRI,7,ON SCHEDULE,29,0,03.06.2026,04.05.2026,07.05.2026,07.05.2026,07.05.2026,18.05.2026,19.05.2026,,H014,WH INFORMA JABABEKA
R110260503T026_H014,WINGBOX,5650000,0,0,0,0,0,5650000,H014 - WH INFORMA JABABEKA,PT. DUTA MEDIA MANDIRI,7,ON SCHEDULE,29,0,03.06.2026,04.05.2026,07.05.2026,07.05.2026,07.05.2026,13.05.2026,13.05.2026,,H014,WH INFORMA JABABEKA
R110260503T027_H014,WINGBOX,6325000,0,0,0,0,0,6325000,H014 - WH INFORMA JABABEKA,PT. DUTA LINTAS NUSA,7,ON SCHEDULE,29,0,03.06.2026,04.05.2026,07.05.2026,02.06.2026,03.06.2026,15.06.2026,22.06.2026,,H014,WH INFORMA JABABEKA
R110260503T028_H014,WINGBOX,5600000,0,0,0,0,0,5600000,H014 - WH INFORMA JABABEKA,PT. BINTANG SAMUDRA RAYA,7,ON SCHEDULE,29,0,03.06.2026,04.05.2026,07.05.2026,18.05.2026,18.05.2026,25.05.2026,25.05.2026,,H014,WH INFORMA JABABEKA
R110260503T029_H014,WINGBOX,5600000,0,0,0,0,0,5600000,H014 - WH INFORMA JABABEKA,PT. BINTANG SAMUDRA RAYA,7,ON SCHEDULE,29,0,03.06.2026,04.05.2026,07.05.2026,18.05.2026,18.05.2026,25.05.2026,25.05.2026,,H014,WH INFORMA JABABEKA
R110260503T030_H014,WINGBOX,6500000,0,0,0,0,0,6500000,H014 - WH INFORMA JABABEKA,PT.AMANAH TRANSMULIA MANDIRI LOGISTIK,7,ON SCHEDULE,29,0,03.06.2026,04.05.2026,08.05.2026,11.05.2026,11.05.2026,12.05.2026,12.05.2026,,H014,WH INFORMA JABABEKA
R110260503T031_H014,WINGBOX,6500000,0,0,0,0,0,6500000,H014 - WH INFORMA JABABEKA,PT.AMANAH TRANSMULIA MANDIRI LOGISTIK,7,ON SCHEDULE,29,0,03.06.2026,04.05.2026,08.05.2026,11.05.2026,11.05.2026,12.05.2026,12.05.2026,,H014,WH INFORMA JABABEKA
R110260503T032_H014,WINGBOX,6200000,0,0,0,0,0,6200000,H014 - WH INFORMA JABABEKA,PT. SATRIA PIRANTI PERKASA,7,ON SCHEDULE,29,0,03.06.2026,04.05.2026,07.05.2026,20.05.2026,20.05.2026,26.05.2026,26.05.2026,,H014,WH INFORMA JABABEKA
R110260503T033_H014,WINGBOX,6200000,0,0,0,0,0,6200000,H014 - WH INFORMA JABABEKA,PT. SATRIA PIRANTI PERKASA,7,ON SCHEDULE,29,0,03.06.2026,04.05.2026,07.05.2026,15.06.2026,15.06.2026,24.06.2026,24.06.2026,,H014,WH INFORMA JABABEKA
R110260503T034_H014,WINGBOX,6200000,0,0,0,0,0,6200000,H014 - WH INFORMA JABABEKA,PT. SATRIA PIRANTI PERKASA,7,ON SCHEDULE,29,0,03.06.2026,04.05.2026,08.05.2026,25.05.2026,25.05.2026,05.06.2026,05.06.2026,,H014,WH INFORMA JABABEKA
R110260503T035_H014,WINGBOX,6500000,0,0,0,0,0,6500000,H014 - WH INFORMA JABABEKA,PT.AMANAH TRANSMULIA MANDIRI LOGISTIK,7,ON SCHEDULE,29,0,03.06.2026,04.05.2026,08.05.2026,11.05.2026,11.05.2026,12.05.2026,12.05.2026,,H014,WH INFORMA JABABEKA
R110260503T036_H014,WINGBOX,6600000,0,0,0,0,0,6600000,H014 - WH INFORMA JABABEKA,PT. JAYA MULYA ERALINDO,7,ON SCHEDULE,29,0,03.06.2026,04.05.2026,08.05.2026,19.05.2026,19.05.2026,20.05.2026,20.05.2026,,H014,WH INFORMA JABABEKA
R110260503T037_H014,WINGBOX,6600000,0,0,0,0,0,6600000,H014 - WH INFORMA JABABEKA,PT. JAYA MULYA ERALINDO,7,ON SCHEDULE,29,0,03.06.2026,04.05.2026,08.05.2026,19.05.2026,19.05.2026,20.05.2026,20.05.2026,,H014,WH INFORMA JABABEKA
R110260503T038_H014,WINGBOX,5650000,0,0,0,0,0,5650000,H014 - WH INFORMA JABABEKA,PT. DUTA MEDIA MANDIRI,7,ON SCHEDULE,29,0,04.06.2026,05.05.2026,08.05.2026,12.05.2026,12.05.2026,18.05.2026,19.05.2026,,H014,WH INFORMA JABABEKA
R110260503T039_H014,WINGBOX,6600000,0,0,0,0,0,6600000,H014 - WH INFORMA JABABEKA,PT. CATUR GLOBAL LOGISTIK,7,ON SCHEDULE,29,0,04.06.2026,05.05.2026,09.05.2026,18.05.2026,18.05.2026,19.05.2026,19.05.2026,,H014,WH INFORMA JABABEKA
R110260503T040_H014,WINGBOX,6600000,0,0,0,0,0,6600000,H014 - WH INFORMA JABABEKA,PT. CATUR GLOBAL LOGISTIK,7,ON SCHEDULE,29,0,04.06.2026,05.05.2026,09.05.2026,20.05.2026,20.05.2026,21.05.2026,21.05.2026,,H014,WH INFORMA JABABEKA
R110260503T041_H014,WINGBOX,7000000,0,0,0,0,0,7000000,H014 - WH INFORMA JABABEKA,PT. DUNIA EXPRESS TRANSINDO,7,ON SCHEDULE,29,0,04.06.2026,05.05.2026,08.05.2026,20.05.2026,21.05.2026,02.06.2026,02.06.2026,,H014,WH INFORMA JABABEKA
R110260503T042_H014,CONT-40,26000000,0,0,0,0,0,26000000,H014 - WH INFORMA JABABEKA,PT. TPIL LOGISTICS,6,LATE,40,91,15.06.2026,05.05.2026,20.05.2026,20.07.2026,20.07.2026,21.07.2026,21.07.2026,,H014,WH INFORMA JABABEKA
R110260503T043_H014,CONT-40,26500000,0,0,0,0,0,26500000,H014 - WH INFORMA JABABEKA,PT. MITRA INTERTRANS FORWARDING,7,ON SCHEDULE,40,0,15.06.2026,05.05.2026,17.05.2026,09.06.2026,09.06.2026,10.06.2026,02.07.2026,,H014,WH INFORMA JABABEKA
R110260503T044_H014,CONT-40,26500000,0,0,0,0,0,26500000,H014 - WH INFORMA JABABEKA,PT. MITRA INTERTRANS FORWARDING,7,ON SCHEDULE,40,0,15.06.2026,05.05.2026,17.05.2026,09.06.2026,09.06.2026,10.06.2026,02.07.2026,,H014,WH INFORMA JABABEKA
R110260503T045_H014,CONT-40,26500000,0,0,0,0,0,26500000,H014 - WH INFORMA JABABEKA,PT. MITRA INTERTRANS FORWARDING,4,LATE,28,90,03.06.2026,05.05.2026,17.05.2026,09.06.2026,09.06.2026,,,,H014,WH INFORMA JABABEKA
R110260503T046_H014,CONT-40,26500000,0,0,0,0,0,26500000,H014 - WH INFORMA JABABEKA,PT. MITRA INTERTRANS FORWARDING,7,ON SCHEDULE,40,0,16.06.2026,06.05.2026,17.05.2026,09.06.2026,09.06.2026,18.06.2026,18.06.2026,,H014,WH INFORMA JABABEKA
R110260503T050_H014,WINGBOX,7000000,0,0,0,0,0,7000000,H014 - WH INFORMA JABABEKA,PT. DUNIA EXPRESS TRANSINDO,7,ON SCHEDULE,29,0,03.06.2026,04.05.2026,08.05.2026,20.05.2026,21.05.2026,02.06.2026,02.06.2026,,H014,WH INFORMA JABABEKA
R110260503T051_H014,WINGBOX,25200000,0,0,0,0,0,25200000,H014 - WH INFORMA JABABEKA,PT. SERASI LOGISTIC,7,ON SCHEDULE,37,0,11.06.2026,04.05.2026,09.05.2026,13.05.2026,13.05.2026,19.05.2026,04.06.2026,,H014,WH INFORMA JABABEKA
R110260504C308_H014,,0,0,0,0,0,0,0,H014 - WH INFORMA JABABEKA,PT. CEHA LOGISTIK CEMERLANG,1,LATE,0,92,05.05.2026,04.05.2026,,,,,,,H014,WH INFORMA JABABEKA
R110260504H039_H014,WINGBOX,1998000,0,0,0,0,0,1998000,H014 - WH INFORMA JABABEKA,PT. ARDYA PRIMA INTERNUSA,7,ON SCHEDULE,27,0,01.06.2026,04.05.2026,08.05.2026,20.05.2026,20.05.2026,04.06.2026,05.06.2026,,H014,WH INFORMA JABABEKA
R110260504H040_H014,WINGBOX,1998000,0,0,0,0,0,1998000,H014 - WH INFORMA JABABEKA,PT. ARDYA PRIMA INTERNUSA,7,ON SCHEDULE,27,0,01.06.2026,04.05.2026,08.05.2026,20.05.2026,20.05.2026,04.06.2026,05.06.2026,,H014,WH INFORMA JABABEKA
R110260504H043_H014,WINGBOX,4500000,0,0,0,0,0,4500000,H014 - WH INFORMA JABABEKA,PT. CEHA LOGISTIK CEMERLANG,7,ON SCHEDULE,29,0,04.06.2026,05.05.2026,07.05.2026,07.05.2026,07.05.2026,11.05.2026,18.05.2026,,H014,WH INFORMA JABABEKA
R110260504H045_H014,WINGBOX,4500000,700000,0,0,0,0,5200000,H014 - WH INFORMA JABABEKA,PT. CEHA LOGISTIK CEMERLANG,7,ON SCHEDULE,29,0,04.06.2026,05.05.2026,08.05.2026,04.06.2026,05.06.2026,11.06.2026,12.06.2026,,H014,WH INFORMA JABABEKA
R110260504H048_H014,WINGBOX,17750000,0,0,0,0,0,17750000,H014 - WH INFORMA JABABEKA,PT. BINTANG SAMUDRA RAYA,7,ON SCHEDULE,30,0,05.06.2026,05.05.2026,10.05.2026,18.05.2026,18.05.2026,25.05.2026,25.05.2026,,H014,WH INFORMA JABABEKA
R110260504H049_H014,WINGBOX,2599000,0,0,0,0,0,2599000,H014 - WH INFORMA JABABEKA,PT. DUTA MEDIA MANDIRI,7,ON SCHEDULE,27,0,01.06.2026,04.05.2026,07.05.2026,07.05.2026,07.05.2026,11.05.2026,12.05.2026,,H014,WH INFORMA JABABEKA
R110260504H051_H014,CONT-20,16500000,0,0,0,0,0,16500000,H014 - WH INFORMA JABABEKA,PT. TPIL LOGISTICS,7,ON SCHEDULE,42,0,17.06.2026,05.05.2026,17.05.2026,04.06.2026,05.06.2026,23.06.2026,23.06.2026,,H014,WH INFORMA JABABEKA
R110260504H053_H014,CDD LONG CHASSIS,2200000,0,0,0,0,0,2200000,H014 - WH INFORMA JABABEKA,PT. AGUNG MAKMUR JAYA,7,ON SCHEDULE,27,0,02.06.2026,05.05.2026,08.05.2026,12.05.2026,12.05.2026,13.05.2026,18.05.2026,,H014,WH INFORMA JABABEKA
R110260504H054_H014,WINGBOX,4000000,0,0,0,0,0,4000000,H014 - WH INFORMA JABABEKA,PT. BINTANG SAMUDRA RAYA,7,ON SCHEDULE,28,0,02.06.2026,04.05.2026,07.05.2026,18.05.2026,18.05.2026,25.05.2026,25.05.2026,,H014,WH INFORMA JABABEKA
R110260504H055_H014,WINGBOX,17750000,0,0,0,0,0,17750000,H014 - WH INFORMA JABABEKA,PT. BINTANG SAMUDRA RAYA,7,ON SCHEDULE,30,0,05.06.2026,05.05.2026,10.05.2026,18.05.2026,18.05.2026,25.05.2026,25.05.2026,,H014,WH INFORMA JABABEKA
R110260504H058_H014,CDD LONG CHASSIS,1400000,0,0,0,0,0,1400000,H014 - WH INFORMA JABABEKA,PT. BINTANG SAMUDRA RAYA,7,ON SCHEDULE,27,0,01.06.2026,04.05.2026,07.05.2026,18.05.2026,18.05.2026,25.05.2026,25.05.2026,,H014,WH INFORMA JABABEKA
R110260504H059_H014,WINGBOX,4825000,0,0,0,0,0,4825000,H014 - WH INFORMA JABABEKA,PT. CEHA LOGISTIK CEMERLANG,7,ON SCHEDULE,29,0,04.06.2026,05.05.2026,08.05.2026,08.05.2026,08.05.2026,11.05.2026,18.05.2026,,H014,WH INFORMA JABABEKA
R110260504H063_H014,WINGBOX,5405000,0,0,0,0,0,5405000,H014 - WH INFORMA JABABEKA,PT. ARDYA PRIMA INTERNUSA,7,ON SCHEDULE,29,0,04.06.2026,05.05.2026,08.05.2026,20.05.2026,20.05.2026,04.06.2026,05.06.2026,,H014,WH INFORMA JABABEKA
R110260504H070_H014,CDD LONG CHASSIS,7500000,0,0,0,0,0,7500000,H014 - WH INFORMA JABABEKA,PT.ORANG KREATIF EKSIS,7,ON SCHEDULE,29,0,04.06.2026,05.05.2026,09.05.2026,13.05.2026,13.05.2026,21.05.2026,21.05.2026,,H014,WH INFORMA JABABEKA
R110260504H072_H014,CDD LONG CHASSIS,3500000,0,0,0,0,0,3500000,H014 - WH INFORMA JABABEKA,PT. AGUNG MAKMUR JAYA,7,ON SCHEDULE,29,0,04.06.2026,05.05.2026,08.05.2026,12.05.2026,12.05.2026,13.05.2026,18.05.2026,,H014,WH INFORMA JABABEKA
R110260504H073_H014,CDD LONG CHASSIS,3500000,0,0,0,0,0,3500000,H014 - WH INFORMA JABABEKA,PT. AGUNG MAKMUR JAYA,7,ON SCHEDULE,29,0,04.06.2026,05.05.2026,08.05.2026,12.05.2026,12.05.2026,13.05.2026,18.05.2026,,H014,WH INFORMA JABABEKA
R110260504L004_H014,FUSO,3680000,0,0,3000000,0,0,6680000,H014 - WH INFORMA JABABEKA,PT.SIASAT CEPAT MUDA,7,ON SCHEDULE,26,0,31.05.2026,04.05.2026,08.05.2026,08.05.2026,09.05.2026,18.05.2026,18.05.2026,,H014,WH INFORMA JABABEKA
R110260504L061_H014,CDD LONG CHASSIS,1400000,0,0,0,0,0,1400000,H014 - WH INFORMA JABABEKA,PT. BINTANG SAMUDRA RAYA,7,ON SCHEDULE,27,0,02.06.2026,05.05.2026,07.05.2026,18.05.2026,18.05.2026,25.05.2026,25.05.2026,,H014,WH INFORMA JABABEKA
R110260504L062_H014,CDD LONG CHASSIS,1750000,0,0,0,250000,0,2000000,H014 - WH INFORMA JABABEKA,PT. CATUR GLOBAL LOGISTIK,7,ON SCHEDULE,27,0,02.06.2026,05.05.2026,09.05.2026,18.05.2026,19.05.2026,19.05.2026,19.05.2026,,H014,WH INFORMA JABABEKA
R110260504L063_H014,CDD LONG CHASSIS,1750000,0,0,0,0,0,1750000,H014 - WH INFORMA JABABEKA,PT. CATUR GLOBAL LOGISTIK,7,ON SCHEDULE,27,0,02.06.2026,05.05.2026,08.05.2026,19.05.2026,19.05.2026,19.05.2026,19.05.2026,,H014,WH INFORMA JABABEKA
R110260504L064_H014,CDD LONG CHASSIS,3500000,0,0,0,0,0,3500000,H014 - WH INFORMA JABABEKA,PT. CEHA LOGISTIK CEMERLANG,7,ON SCHEDULE,27,0,01.06.2026,04.05.2026,07.05.2026,07.05.2026,07.05.2026,19.05.2026,20.05.2026,,H014,WH INFORMA JABABEKA
R110260504L065_H014,CDD LONG CHASSIS,3500000,0,0,0,0,0,3500000,H014 - WH INFORMA JABABEKA,PT. CEHA LOGISTIK CEMERLANG,7,ON SCHEDULE,27,0,02.06.2026,05.05.2026,07.05.2026,07.05.2026,07.05.2026,19.05.2026,20.05.2026,,H014,WH INFORMA JABABEKA
R110260504L066_H014,WINGBOX,4825000,0,0,0,0,0,4825000,H014 - WH INFORMA JABABEKA,PT. CEHA LOGISTIK CEMERLANG,7,ON SCHEDULE,30,0,05.06.2026,05.05.2026,08.05.2026,08.05.2026,08.05.2026,19.05.2026,20.05.2026,,H014,WH INFORMA JABABEKA
R110260504L067_H014,CDD LONG CHASSIS,3500000,0,0,0,0,0,3500000,H014 - WH INFORMA JABABEKA,PT. AGUNG MAKMUR JAYA,7,ON SCHEDULE,30,0,05.06.2026,05.05.2026,08.05.2026,08.05.2026,08.05.2026,13.05.2026,18.05.2026,,H014,WH INFORMA JABABEKA
R110260504L068_H014,CDD LONG CHASSIS,3500000,0,0,0,0,0,3500000,H014 - WH INFORMA JABABEKA,PT. AGUNG MAKMUR JAYA,7,ON SCHEDULE,30,0,05.06.2026,05.05.2026,08.05.2026,12.05.2026,12.05.2026,13.05.2026,18.05.2026,,H014,WH INFORMA JABABEKA
R110260504L069_H014,CDD LONG CHASSIS,3500000,0,0,0,0,0,3500000,H014 - WH INFORMA JABABEKA,PT. AGUNG MAKMUR JAYA,7,ON SCHEDULE,30,0,05.06.2026,05.05.2026,08.05.2026,12.05.2026,12.05.2026,13.05.2026,18.05.2026,,H014,WH INFORMA JABABEKA
R110260504L070_H014,CDD LONG CHASSIS,3500000,0,0,0,0,0,3500000,H014 - WH INFORMA JABABEKA,PT. AGUNG MAKMUR JAYA,7,ON SCHEDULE,28,0,03.06.2026,05.05.2026,08.05.2026,12.05.2026,12.05.2026,13.05.2026,18.05.2026,,H014,WH INFORMA JABABEKA
R110260504L071_H014,CDD LONG CHASSIS,3600000,0,0,0,0,0,3600000,H014 - WH INFORMA JABABEKA,PT. BINTANG SAMUDRA RAYA,7,ON SCHEDULE,29,0,04.06.2026,05.05.2026,08.05.2026,18.05.2026,18.05.2026,25.05.2026,25.05.2026,,H014,WH INFORMA JABABEKA
R110260504L072_H014,WINGBOX,4225000,0,0,0,0,0,4225000,H014 - WH INFORMA JABABEKA,PT.SIASAT CEPAT MUDA,7,ON SCHEDULE,27,0,02.06.2026,05.05.2026,08.05.2026,13.05.2026,14.05.2026,18.05.2026,18.05.2026,,H014,WH INFORMA JABABEKA
R110260504L073_H014,CDD LONG CHASSIS,3900000,0,0,0,0,0,3900000,H014 - WH INFORMA JABABEKA,PT. BINTANG SAMUDRA RAYA,7,ON SCHEDULE,28,0,03.06.2026,05.05.2026,08.05.2026,18.05.2026,18.05.2026,25.05.2026,25.05.2026,,H014,WH INFORMA JABABEKA
R110260504L088_H014,CDD LONG CHASSIS,7500000,0,0,0,0,0,7500000,H014 - WH INFORMA JABABEKA,PT.ORANG KREATIF EKSIS,7,ON SCHEDULE,30,0,05.06.2026,05.05.2026,09.05.2026,13.05.2026,13.05.2026,21.05.2026,21.05.2026,,H014,WH INFORMA JABABEKA
R110260504L090_H014,CDD LONG CHASSIS,3500000,0,0,0,0,0,3500000,H014 - WH INFORMA JABABEKA,PT. CEHA LOGISTIK CEMERLANG,7,ON SCHEDULE,29,0,04.06.2026,05.05.2026,08.05.2026,08.05.2026,08.05.2026,26.05.2026,26.05.2026,,H014,WH INFORMA JABABEKA
R110260504T016_H014,WINGBOX,20000000,0,0,0,0,0,20000000,H014 - WH INFORMA JABABEKA,PT.ORANG KREATIF EKSIS,7,ON SCHEDULE,37,0,12.06.2026,05.05.2026,11.05.2026,19.05.2026,19.05.2026,21.05.2026,21.05.2026,,H014,WH INFORMA JABABEKA
R110260504T017_H014,WINGBOX,6200000,0,0,0,0,0,6200000,H014 - WH INFORMA JABABEKA,PT. SATRIA PIRANTI PERKASA,7,ON SCHEDULE,29,0,04.06.2026,05.05.2026,09.05.2026,25.05.2026,25.05.2026,05.06.2026,05.06.2026,,H014,WH INFORMA JABABEKA
R110260504T028_H014,CONT-40,27200000,0,0,0,0,0,27200000,H014 - WH INFORMA JABABEKA,PT. SENTOSAPRIMA ABADI,7,ON SCHEDULE,37,0,12.06.2026,05.05.2026,14.05.2026,19.06.2026,20.06.2026,22.06.2026,22.06.2026,,H014,WH INFORMA JABABEKA
R110260504T029_H014,CONT-40,27200000,0,0,0,0,0,27200000,H014 - WH INFORMA JABABEKA,PT. SENTOSAPRIMA ABADI,7,ON SCHEDULE,37,0,12.06.2026,05.05.2026,14.05.2026,22.06.2026,22.06.2026,25.06.2026,25.06.2026,,H014,WH INFORMA JABABEKA
R110260504T030_H014,CONT-40,25400000,0,0,1500000,0,0,26900000,H014 - WH INFORMA JABABEKA,PT. SENTOSAPRIMA ABADI,6,LATE,46,90,21.06.2026,05.05.2026,14.05.2026,03.07.2026,07.07.2026,07.07.2026,07.07.2026,,H014,WH INFORMA JABABEKA
R110260504T034_H014,CONT-40,28850000,0,0,0,0,0,28850000,H014 - WH INFORMA JABABEKA,PT. SENTOSAPRIMA ABADI,6,LATE,40,90,15.06.2026,05.05.2026,20.05.2026,30.06.2026,30.06.2026,09.07.2026,17.07.2026,,H014,WH INFORMA JABABEKA
R110260505H045_H014,WINGBOX,4500000,0,0,0,0,0,4500000,H014 - WH INFORMA JABABEKA,PT. CEHA LOGISTIK CEMERLANG,7,ON SCHEDULE,29,0,04.06.2026,05.05.2026,09.05.2026,11.05.2026,11.05.2026,11.05.2026,18.05.2026,,H014,WH INFORMA JABABEKA
R110260505H046_H014,WINGBOX,1998000,0,0,0,0,0,1998000,H014 - WH INFORMA JABABEKA,PT. ARDYA PRIMA INTERNUSA,7,ON SCHEDULE,27,0,02.06.2026,05.05.2026,08.05.2026,20.05.2026,20.05.2026,04.06.2026,05.06.2026,,H014,WH INFORMA JABABEKA
R110260505H047_H014,WINGBOX,1998000,0,0,0,0,0,1998000,H014 - WH INFORMA JABABEKA,PT. ARDYA PRIMA INTERNUSA,7,ON SCHEDULE,27,0,02.06.2026,05.05.2026,08.05.2026,20.05.2026,20.05.2026,04.06.2026,05.06.2026,,H014,WH INFORMA JABABEKA
R110260505H048_H014,WINGBOX,4825000,0,0,0,0,0,4825000,H014 - WH INFORMA JABABEKA,PT. CEHA LOGISTIK CEMERLANG,7,ON SCHEDULE,29,0,05.06.2026,06.05.2026,08.05.2026,08.05.2026,08.05.2026,11.05.2026,18.05.2026,,H014,WH INFORMA JABABEKA
R110260505H049_H014,WINGBOX,18000000,0,0,0,0,0,18000000,H014 - WH INFORMA JABABEKA,PT. BINTANG SAMUDRA RAYA,7,ON SCHEDULE,31,0,07.06.2026,06.05.2026,11.05.2026,18.05.2026,18.05.2026,21.05.2026,25.05.2026,,H014,WH INFORMA JABABEKA
R110260505H051_H014,WINGBOX,15000000,0,0,0,0,0,15000000,H014 - WH INFORMA JABABEKA,PT. BINTANG SAMUDRA RAYA,7,ON SCHEDULE,30,0,06.06.2026,06.05.2026,11.05.2026,18.05.2026,18.05.2026,29.05.2026,03.06.2026,,H014,WH INFORMA JABABEKA
R110260505H052_H014,WINGBOX,2599000,0,0,0,0,0,2599000,H014 - WH INFORMA JABABEKA,PT. DUTA MEDIA MANDIRI,7,ON SCHEDULE,27,0,03.06.2026,06.05.2026,08.05.2026,11.05.2026,11.05.2026,13.05.2026,13.05.2026,,H014,WH INFORMA JABABEKA
R110260505H053_H014,WINGBOX,17000000,0,0,0,0,0,17000000,H014 - WH INFORMA JABABEKA,PT. BINTANG SAMUDRA RAYA,7,ON SCHEDULE,33,0,09.06.2026,06.05.2026,11.05.2026,18.05.2026,18.05.2026,29.05.2026,03.06.2026,,H014,WH INFORMA JABABEKA
R110260505H056_H014,WINGBOX,3500000,0,0,0,0,0,3500000,H014 - WH INFORMA JABABEKA,PT. BINTANG SAMUDRA RAYA,7,ON SCHEDULE,29,0,05.06.2026,06.05.2026,08.05.2026,18.05.2026,18.05.2026,21.05.2026,25.05.2026,,H014,WH INFORMA JABABEKA
R110260505H059_H014,CDD LONG CHASSIS,2850000,0,0,0,0,0,2850000,H014 - WH INFORMA JABABEKA,PT. BINTANG SAMUDRA RAYA,7,ON SCHEDULE,28,0,03.06.2026,05.05.2026,07.05.2026,18.05.2026,18.05.2026,21.05.2026,25.05.2026,,H014,WH INFORMA JABABEKA
R110260505H060_H014,CDD LONG CHASSIS,2250000,0,0,0,0,0,2250000,H014 - WH INFORMA JABABEKA,PT. BINTANG SAMUDRA RAYA,7,ON SCHEDULE,27,0,03.06.2026,06.05.2026,07.05.2026,18.05.2026,18.05.2026,25.05.2026,25.05.2026,,H014,WH INFORMA JABABEKA
R110260505H061_H014,CDD LONG CHASSIS,2250000,0,0,0,0,0,2250000,H014 - WH INFORMA JABABEKA,PT. BINTANG SAMUDRA RAYA,7,ON SCHEDULE,27,0,03.06.2026,06.05.2026,07.05.2026,18.05.2026,18.05.2026,25.05.2026,25.05.2026,,H014,WH INFORMA JABABEKA
R110260505H062_H014,CDD LONG CHASSIS,2200000,0,0,0,0,0,2200000,H014 - WH INFORMA JABABEKA,PT. AGUNG MAKMUR JAYA,7,ON SCHEDULE,27,0,03.06.2026,06.05.2026,08.05.2026,12.05.2026,12.05.2026,13.05.2026,18.05.2026,,H014,WH INFORMA JABABEKA
R110260505H063_H014,WINGBOX,3500000,0,0,0,0,0,3500000,H014 - WH INFORMA JABABEKA,PT. BINTANG SAMUDRA RAYA,7,ON SCHEDULE,29,0,05.06.2026,06.05.2026,09.05.2026,18.05.2026,18.05.2026,21.05.2026,25.05.2026,,H014,WH INFORMA JABABEKA
R110260505H064_H014,CDD LONG CHASSIS,9300000,0,0,0,0,0,9300000,H014 - WH INFORMA JABABEKA,PT. AGUNG MAKMUR JAYA,7,ON SCHEDULE,33,0,09.06.2026,06.05.2026,10.05.2026,12.05.2026,12.05.2026,13.05.2026,18.05.2026,,H014,WH INFORMA JABABEKA
R110260505H065_H014,CDD LONG CHASSIS,1400000,0,0,0,0,0,1400000,H014 - WH INFORMA JABABEKA,PT. ARDYA PRIMA INTERNUSA,7,ON SCHEDULE,27,0,02.06.2026,05.05.2026,08.05.2026,20.05.2026,20.05.2026,04.06.2026,05.06.2026,,H014,WH INFORMA JABABEKA
R110260505H066_H014,WINGBOX,18000000,0,0,0,0,0,18000000,H014 - WH INFORMA JABABEKA,PT. BINTANG SAMUDRA RAYA,7,ON SCHEDULE,31,0,07.06.2026,06.05.2026,11.05.2026,18.05.2026,18.05.2026,21.05.2026,25.05.2026,,H014,WH INFORMA JABABEKA
R110260505H067_H014,CDD LONG CHASSIS,3325000,0,0,0,0,0,3325000,H014 - WH INFORMA JABABEKA,PT. JEJE HARAPAN TRANSINDO,7,ON SCHEDULE,29,0,05.06.2026,06.05.2026,08.05.2026,04.06.2026,04.06.2026,04.06.2026,04.06.2026,,H014,WH INFORMA JABABEKA
R110260505H075_H014,CDD LONG CHASSIS,2850000,0,0,0,0,0,2850000,H014 - WH INFORMA JABABEKA,PT. BINTANG SAMUDRA RAYA,7,ON SCHEDULE,28,0,03.06.2026,05.05.2026,07.05.2026,18.05.2026,18.05.2026,21.05.2026,25.05.2026,,H014,WH INFORMA JABABEKA
R110260505H076_H014,CDD LONG CHASSIS,3500000,0,0,0,0,0,3500000,H014 - WH INFORMA JABABEKA,PT. CEHA LOGISTIK CEMERLANG,7,ON SCHEDULE,29,0,05.06.2026,06.05.2026,09.05.2026,11.05.2026,11.05.2026,11.05.2026,18.05.2026,,H014,WH INFORMA JABABEKA
R110260505H078_H014,CDD LONG CHASSIS,3500000,0,0,0,0,0,3500000,H014 - WH INFORMA JABABEKA,PT. AGUNG MAKMUR JAYA,7,ON SCHEDULE,29,0,05.06.2026,06.05.2026,09.05.2026,12.05.2026,12.05.2026,13.05.2026,20.05.2026,,H014,WH INFORMA JABABEKA
R110260505L077_H014,CDD LONG CHASSIS,3500000,0,0,0,250000,0,3750000,H014 - WH INFORMA JABABEKA,PT. AGUNG MAKMUR JAYA,7,ON SCHEDULE,30,0,06.06.2026,06.05.2026,09.05.2026,12.05.2026,12.05.2026,13.05.2026,18.05.2026,,H014,WH INFORMA JABABEKA
R110260505L077_H014,CDD LONG CHASSIS,3500000,0,0,0,250000,0,3750000,H014 - WH INFORMA JABABEKA,PT. AGUNG MAKMUR JAYA,7,ON SCHEDULE,30,0,06.06.2026,06.05.2026,09.05.2026,12.05.2026,12.05.2026,13.05.2026,18.05.2026,,H014,WH INFORMA JABABEKA
R110260505L077_H014,CDD LONG CHASSIS,3500000,0,0,0,250000,0,3750000,H014 - WH INFORMA JABABEKA,PT. AGUNG MAKMUR JAYA,7,ON SCHEDULE,30,0,06.06.2026,06.05.2026,09.05.2026,12.05.2026,12.05.2026,13.05.2026,18.05.2026,,H014,WH INFORMA JABABEKA
R110260505L094_H014,CDD LONG CHASSIS,1400000,0,0,0,200000,0,1600000,H014 - WH INFORMA JABABEKA,PT. BINTANG SAMUDRA RAYA,7,ON SCHEDULE,27,0,03.06.2026,06.05.2026,08.05.2026,04.06.2026,04.06.2026,05.06.2026,05.06.2026,,H014,WH INFORMA JABABEKA
R110260505L095_H014,CDD LONG CHASSIS,3500000,0,0,0,0,0,3500000,H014 - WH INFORMA JABABEKA,PT. CEHA LOGISTIK CEMERLANG,7,ON SCHEDULE,30,0,06.06.2026,06.05.2026,09.05.2026,11.05.2026,11.05.2026,11.05.2026,18.05.2026,,H014,WH INFORMA JABABEKA
R110260505L096_H014,CDD LONG CHASSIS,2250000,0,0,0,0,0,2250000,H014 - WH INFORMA JABABEKA,PT. BINTANG SAMUDRA RAYA,7,ON SCHEDULE,27,0,03.06.2026,06.05.2026,09.05.2026,18.05.2026,18.05.2026,21.05.2026,25.05.2026,,H014,WH INFORMA JABABEKA
R110260505T031_H014,WINGBOX,5650000,0,0,0,0,0,5650000,H014 - WH INFORMA JABABEKA,PT. DUTA MEDIA MANDIRI,7,ON SCHEDULE,29,0,05.06.2026,06.05.2026,09.05.2026,12.05.2026,12.05.2026,18.05.2026,19.05.2026,,H014,WH INFORMA JABABEKA
R110260505T032_H014,CONT-40,26000000,0,0,1000000,0,0,27000000,H014 - WH INFORMA JABABEKA,PT. WIDYA TRANS CARGO,7,ON SCHEDULE,42,0,18.06.2026,06.05.2026,14.05.2026,04.06.2026,04.06.2026,08.06.2026,08.06.2026,,H014,WH INFORMA JABABEKA
R110260505T033_H014,CONT-40,26000000,0,0,0,0,0,26000000,H014 - WH INFORMA JABABEKA,PT. TPIL LOGISTICS,2,LATE,20,90,27.05.2026,06.05.2026,20.05.2026,,,,,,H014,WH INFORMA JABABEKA
R110260505T034_H014,CONT-40,32500000,0,0,0,0,0,32500000,H014 - WH INFORMA JABABEKA,PT. SILKARGO INDONESIA,7,ON SCHEDULE,40,0,16.06.2026,06.05.2026,20.05.2026,09.06.2026,10.06.2026,29.06.2026,29.06.2026,,H014,WH INFORMA JABABEKA
R110260505T035_H014,CONT-40,31700000,0,0,0,0,0,31700000,H014 - WH INFORMA JABABEKA,PT. MITRA INTERTRANS FORWARDING,7,ON SCHEDULE,40,0,19.06.2026,09.05.2026,20.05.2026,26.06.2026,26.06.2026,26.06.2026,26.06.2026,,H014,WH INFORMA JABABEKA
R110260505T036_H014,CONT-40,29600000,0,0,0,0,0,29600000,H014 - WH INFORMA JABABEKA,PT. TPIL LOGISTICS,7,ON SCHEDULE,40,0,16.06.2026,06.05.2026,14.05.2026,04.06.2026,05.06.2026,23.06.2026,23.06.2026,,H014,WH INFORMA JABABEKA
R110260505T037_H014,CONT-40,26000000,0,0,1000000,0,0,27000000,H014 - WH INFORMA JABABEKA,PT. WIDYA TRANS CARGO,7,ON SCHEDULE,42,0,18.06.2026,06.05.2026,14.05.2026,04.06.2026,04.06.2026,08.06.2026,26.06.2026,,H014,WH INFORMA JABABEKA
R110260505T038_H014,WINGBOX,5650000,0,0,0,0,0,5650000,H014 - WH INFORMA JABABEKA,PT. DUTA MEDIA MANDIRI,7,ON SCHEDULE,29,0,05.06.2026,06.05.2026,09.05.2026,12.05.2026,12.05.2026,13.05.2026,13.05.2026,,H014,WH INFORMA JABABEKA
R110260505T039_H014,CONT-40,26300000,0,0,0,0,0,26300000,H014 - WH INFORMA JABABEKA,PT. TPIL LOGISTICS,2,LATE,17,89,24.05.2026,06.05.2026,20.05.2026,,,,,,H014,WH INFORMA JABABEKA
R110260505T040_H014,CONT-40,27200000,0,0,0,0,0,27200000,H014 - WH INFORMA JABABEKA,PT. SENTOSAPRIMA ABADI,7,ON SCHEDULE,37,0,13.06.2026,06.05.2026,14.05.2026,19.06.2026,20.06.2026,22.06.2026,22.06.2026,,H014,WH INFORMA JABABEKA
R110260505T045_H014,CONT-40,31900000,0,0,0,0,0,31900000,H014 - WH INFORMA JABABEKA,PT. SILKARGO INDONESIA,7,ON SCHEDULE,42,0,18.06.2026,06.05.2026,14.05.2026,29.05.2026,30.05.2026,02.06.2026,15.06.2026,,H014,WH INFORMA JABABEKA
R110260505T046_H014,CONT-40,31900000,0,0,0,0,0,31900000,H014 - WH INFORMA JABABEKA,PT. SILKARGO INDONESIA,7,ON SCHEDULE,42,0,18.06.2026,06.05.2026,14.05.2026,29.05.2026,30.05.2026,02.06.2026,15.06.2026,,H014,WH INFORMA JABABEKA
R110260505T047_H014,CONT-40,32500000,0,0,0,0,0,32500000,H014 - WH INFORMA JABABEKA,PT. SILKARGO INDONESIA,7,ON SCHEDULE,40,0,16.06.2026,06.05.2026,20.05.2026,09.06.2026,10.06.2026,29.06.2026,29.06.2026,,H014,WH INFORMA JABABEKA
R110260505T049_H014,CONT-40,29000000,0,0,0,0,0,29000000,H014 - WH INFORMA JABABEKA,PT. WIDYA TRANS CARGO,7,ON SCHEDULE,40,0,16.06.2026,06.05.2026,20.05.2026,05.06.2026,05.06.2026,12.06.2026,29.06.2026,,H014,WH INFORMA JABABEKA
R110260505T051_H014,CONT-40,26500000,0,0,0,0,0,26500000,H014 - WH INFORMA JABABEKA,PT. SENTOSAPRIMA ABADI,7,ON SCHEDULE,40,0,16.06.2026,06.05.2026,14.05.2026,26.06.2026,26.06.2026,30.06.2026,30.06.2026,,H014,WH INFORMA JABABEKA
R110260506H026_H014,WINGBOX,4825000,0,0,0,0,0,4825000,H014 - WH INFORMA JABABEKA,PT. CEHA LOGISTIK CEMERLANG,7,ON SCHEDULE,29,0,06.06.2026,07.05.2026,09.05.2026,11.05.2026,11.05.2026,11.05.2026,18.05.2026,,H014,WH INFORMA JABABEKA
R110260506H027_H014,WINGBOX,2350000,0,0,0,0,0,2350000,H014 - WH INFORMA JABABEKA,PT. BINTANG SAMUDRA RAYA,7,ON SCHEDULE,27,0,03.06.2026,06.05.2026,08.05.2026,18.05.2026,18.05.2026,21.05.2026,25.05.2026,,H014,WH INFORMA JABABEKA
R110260506H029_H014,CDD LONG CHASSIS,1725000,0,0,0,0,0,1725000,H014 - WH INFORMA JABABEKA,PT. BINTANG SAMUDRA RAYA,7,ON SCHEDULE,27,0,03.06.2026,06.05.2026,08.05.2026,18.05.2026,18.05.2026,21.05.2026,25.05.2026,,H014,WH INFORMA JABABEKA
R110260506H032_H014,CDD LONG CHASSIS,2850000,0,0,0,0,0,2850000,H014 - WH INFORMA JABABEKA,PT. BINTANG SAMUDRA RAYA,7,ON SCHEDULE,28,0,04.06.2026,06.05.2026,08.05.2026,18.05.2026,18.05.2026,21.05.2026,25.05.2026,,H014,WH INFORMA JABABEKA
R110260506H041_H014,CDD LONG CHASSIS,1400000,0,0,0,0,0,1400000,H014 - WH INFORMA JABABEKA,PT. BINTANG SAMUDRA RAYA,7,ON SCHEDULE,27,0,03.06.2026,06.05.2026,08.05.2026,18.05.2026,18.05.2026,25.05.2026,25.05.2026,,H014,WH INFORMA JABABEKA
R110260506H046_H014,CDD LONG CHASSIS,1425000,0,0,0,0,0,1425000,H014 - WH INFORMA JABABEKA,PT. DUTA MEDIA MANDIRI,7,ON SCHEDULE,27,0,03.06.2026,06.05.2026,07.05.2026,07.05.2026,07.05.2026,11.05.2026,12.05.2026,,H014,WH INFORMA JABABEKA
R110260506H058_H014,WINGBOX,4500000,0,0,0,0,688000,5188000,H014 - WH INFORMA JABABEKA,PT. CEHA LOGISTIK CEMERLANG,7,ON SCHEDULE,29,0,05.06.2026,06.05.2026,09.05.2026,11.05.2026,11.05.2026,11.05.2026,18.05.2026,,H014,WH INFORMA JABABEKA
R110260506H061_H014,WINGBOX,4825000,0,0,0,0,0,4825000,H014 - WH INFORMA JABABEKA,PT. CEHA LOGISTIK CEMERLANG,7,ON SCHEDULE,29,0,06.06.2026,07.05.2026,09.05.2026,11.05.2026,11.05.2026,11.05.2026,18.05.2026,,H014,WH INFORMA JABABEKA
R110260506L001_H014,CDD LONG CHASSIS,9500000,0,0,0,0,0,9500000,H014 - WH INFORMA JABABEKA,PT.ORANG KREATIF EKSIS,7,ON SCHEDULE,26,0,03.06.2026,07.05.2026,11.05.2026,13.05.2026,13.05.2026,21.05.2026,21.05.2026,,H014,WH INFORMA JABABEKA
R110260506L024_H014,CDD LONG CHASSIS,3600000,0,0,0,0,0,3600000,H014 - WH INFORMA JABABEKA,PT. BINTANG SAMUDRA RAYA,7,ON SCHEDULE,30,0,06.06.2026,06.05.2026,09.05.2026,18.05.2026,18.05.2026,21.05.2026,25.05.2026,,H014,WH INFORMA JABABEKA
R110260506L050_H014,CDD LONG CHASSIS,3500000,0,0,0,0,0,3500000,H014 - WH INFORMA JABABEKA,PT. CEHA LOGISTIK CEMERLANG,7,ON SCHEDULE,28,0,04.06.2026,06.05.2026,08.05.2026,08.05.2026,08.05.2026,11.05.2026,18.05.2026,,H014,WH INFORMA JABABEKA
R110260506T014_H014,WINGBOX,5650000,0,0,0,0,0,5650000,H014 - WH INFORMA JABABEKA,PT. DUTA MEDIA MANDIRI,7,ON SCHEDULE,29,0,05.06.2026,06.05.2026,09.05.2026,12.05.2026,12.05.2026,18.05.2026,19.05.2026,,H014,WH INFORMA JABABEKA
R110260506T015_H014,WINGBOX,5650000,0,0,0,0,0,5650000,H014 - WH INFORMA JABABEKA,PT. DUTA MEDIA MANDIRI,7,ON SCHEDULE,29,0,05.06.2026,06.05.2026,09.05.2026,12.05.2026,12.05.2026,18.05.2026,19.05.2026,,H014,WH INFORMA JABABEKA
R110260506T016_H014,WINGBOX,7000000,0,0,0,0,0,7000000,H014 - WH INFORMA JABABEKA,PT. DUNIA EXPRESS TRANSINDO,7,ON SCHEDULE,29,0,05.06.2026,06.05.2026,09.05.2026,20.05.2026,21.05.2026,02.06.2026,02.06.2026,,H014,WH INFORMA JABABEKA
R110260506T017_H014,WINGBOX,7000000,0,0,0,0,0,7000000,H014 - WH INFORMA JABABEKA,PT. DUNIA EXPRESS TRANSINDO,7,ON SCHEDULE,29,0,06.06.2026,07.05.2026,11.05.2026,20.05.2026,21.05.2026,02.06.2026,02.06.2026,,H014,WH INFORMA JABABEKA
R110260506T018_H014,CONT-40,29000000,0,0,0,0,0,29000000,H014 - WH INFORMA JABABEKA,PT. WIDYA TRANS CARGO,7,ON SCHEDULE,40,0,17.06.2026,07.05.2026,20.05.2026,05.06.2026,05.06.2026,12.06.2026,29.06.2026,,H014,WH INFORMA JABABEKA
R110260506T020_H014,CONT-40,26500000,0,0,0,0,0,26500000,H014 - WH INFORMA JABABEKA,PT. SENTOSAPRIMA ABADI,7,ON SCHEDULE,40,0,17.06.2026,07.05.2026,14.05.2026,26.06.2026,26.06.2026,30.06.2026,30.06.2026,,H014,WH INFORMA JABABEKA
R110260506T022_H014,CONT-40,26300000,0,0,0,0,0,26300000,H014 - WH INFORMA JABABEKA,PT. TPIL LOGISTICS,2,LATE,17,88,25.05.2026,07.05.2026,20.05.2026,,,,,,H014,WH INFORMA JABABEKA
R110260506T023_H014,CONT-40,23600000,0,0,0,0,0,23600000,H014 - WH INFORMA JABABEKA,PT. TPIL LOGISTICS,6,LATE,46,88,23.06.2026,07.05.2026,18.05.2026,23.07.2026,24.07.2026,27.07.2026,27.07.2026,,H014,WH INFORMA JABABEKA
R110260506T024_H014,CONT-40,25400000,0,0,1500000,0,0,26900000,H014 - WH INFORMA JABABEKA,PT. SENTOSAPRIMA ABADI,6,LATE,46,89,23.06.2026,07.05.2026,14.05.2026,03.07.2026,07.07.2026,07.07.2026,07.07.2026,,H014,WH INFORMA JABABEKA
R110260506T025_H014,WINGBOX,7000000,0,0,0,0,0,7000000,H014 - WH INFORMA JABABEKA,PT. DUNIA EXPRESS TRANSINDO,7,ON SCHEDULE,29,0,06.06.2026,07.05.2026,11.05.2026,20.05.2026,21.05.2026,02.06.2026,02.06.2026,,H014,WH INFORMA JABABEKA
R110260506T026_H014,WINGBOX,20000000,0,0,0,0,0,20000000,H014 - WH INFORMA JABABEKA,PT.ORANG KREATIF EKSIS,7,ON SCHEDULE,37,0,14.06.2026,07.05.2026,14.05.2026,05.06.2026,05.06.2026,15.06.2026,15.06.2026,,H014,WH INFORMA JABABEKA
R110260506T027_H014,CONT-20,13300000,0,0,0,0,0,13300000,H014 - WH INFORMA JABABEKA,PT.BANGKA JAYA LINE,7,ON SCHEDULE,40,0,16.06.2026,06.05.2026,20.05.2026,29.05.2026,30.05.2026,10.06.2026,10.06.2026,,H014,WH INFORMA JABABEKA
R110260506T028_H014,CONT-40,25400000,0,0,1500000,0,0,26900000,H014 - WH INFORMA JABABEKA,PT. SENTOSAPRIMA ABADI,6,LATE,46,89,23.06.2026,07.05.2026,14.05.2026,03.07.2026,07.07.2026,07.07.2026,07.07.2026,,H014,WH INFORMA JABABEKA
R110260506T030_H014,WINGBOX,7000000,0,0,0,0,0,7000000,H014 - WH INFORMA JABABEKA,PT. DUNIA EXPRESS TRANSINDO,7,ON SCHEDULE,29,0,06.06.2026,07.05.2026,11.05.2026,20.05.2026,21.05.2026,02.06.2026,02.06.2026,,H014,WH INFORMA JABABEKA
R110260506T045_H014,WINGBOX,20000000,0,0,0,0,0,20000000,H014 - WH INFORMA JABABEKA,PT.ORANG KREATIF EKSIS,7,ON SCHEDULE,37,0,16.06.2026,09.05.2026,17.05.2026,25.05.2026,25.05.2026,04.06.2026,04.06.2026,,H014,WH INFORMA JABABEKA
R110260507H033_H014,FUSO,19550000,0,0,0,0,0,19550000,H014 - WH INFORMA JABABEKA,PT. DUTA LINTAS NUSA,6,LATE,30,88,07.06.2026,07.05.2026,16.05.2026,17.07.2026,19.07.2026,21.07.2026,21.07.2026,,H014,WH INFORMA JABABEKA
R110260507H034_H014,WINGBOX,2350000,0,0,0,0,0,2350000,H014 - WH INFORMA JABABEKA,PT. BINTANG SAMUDRA RAYA,7,ON SCHEDULE,27,0,04.06.2026,07.05.2026,08.05.2026,18.05.2026,18.05.2026,21.05.2026,25.05.2026,,H014,WH INFORMA JABABEKA
R110260507H035_H014,CDD LONG CHASSIS,2350000,0,0,0,0,0,2350000,H014 - WH INFORMA JABABEKA,PT. BINTANG SAMUDRA RAYA,7,ON SCHEDULE,29,0,06.06.2026,07.05.2026,10.05.2026,18.05.2026,18.05.2026,21.05.2026,25.05.2026,,H014,WH INFORMA JABABEKA
R110260507H037_H014,CDD LONG CHASSIS,2850000,0,0,0,0,0,2850000,H014 - WH INFORMA JABABEKA,PT. BINTANG SAMUDRA RAYA,7,ON SCHEDULE,28,0,05.06.2026,07.05.2026,09.05.2026,18.05.2026,18.05.2026,21.05.2026,25.05.2026,,H014,WH INFORMA JABABEKA
R110260507H038_H014,WINGBOX,4500000,0,0,0,0,0,4500000,H014 - WH INFORMA JABABEKA,PT. CEHA LOGISTIK CEMERLANG,7,ON SCHEDULE,29,0,06.06.2026,07.05.2026,10.05.2026,11.05.2026,11.05.2026,19.05.2026,20.05.2026,,H014,WH INFORMA JABABEKA
R110260507H039_H014,WINGBOX,4825000,0,0,0,0,0,4825000,H014 - WH INFORMA JABABEKA,PT. CEHA LOGISTIK CEMERLANG,7,ON SCHEDULE,29,0,07.06.2026,08.05.2026,10.05.2026,11.05.2026,11.05.2026,19.05.2026,20.05.2026,,H014,WH INFORMA JABABEKA
R110260507H047_H014,CONT-20,16600000,0,0,0,0,0,16600000,H014 - WH INFORMA JABABEKA,PT. MITRA INTERTRANS FORWARDING,7,ON SCHEDULE,42,0,21.06.2026,09.05.2026,20.05.2026,18.06.2026,18.06.2026,24.06.2026,24.06.2026,,H014,WH INFORMA JABABEKA
R110260507H055_H014,WINGBOX,4825000,0,0,0,0,0,4825000,H014 - WH INFORMA JABABEKA,PT. CEHA LOGISTIK CEMERLANG,7,ON SCHEDULE,29,0,06.06.2026,07.05.2026,10.05.2026,11.05.2026,11.05.2026,11.05.2026,18.05.2026,,H014,WH INFORMA JABABEKA
R110260507H059_H014,CDD LONG CHASSIS,2850000,0,0,0,0,0,2850000,H014 - WH INFORMA JABABEKA,PT. BINTANG SAMUDRA RAYA,7,ON SCHEDULE,28,0,05.06.2026,07.05.2026,09.05.2026,18.05.2026,18.05.2026,26.05.2026,03.06.2026,,H014,WH INFORMA JABABEKA
R110260507H063_H014,CDD LONG CHASSIS,3500000,0,0,0,0,0,3500000,H014 - WH INFORMA JABABEKA,PT. CEHA LOGISTIK CEMERLANG,7,ON SCHEDULE,29,0,06.06.2026,07.05.2026,10.05.2026,11.05.2026,11.05.2026,19.05.2026,20.05.2026,,H014,WH INFORMA JABABEKA
R110260507L019_H014,CDD LONG CHASSIS,1750000,0,0,0,250000,0,2000000,H014 - WH INFORMA JABABEKA,PT. CATUR GLOBAL LOGISTIK,7,ON SCHEDULE,27,0,05.06.2026,08.05.2026,10.05.2026,20.05.2026,20.05.2026,21.05.2026,21.05.2026,,H014,WH INFORMA JABABEKA
R110260507L042_H014,CDD LONG CHASSIS,3600000,0,0,0,0,0,3600000,H014 - WH INFORMA JABABEKA,PT. BINTANG SAMUDRA RAYA,7,ON SCHEDULE,30,0,07.06.2026,07.05.2026,10.05.2026,18.05.2026,18.05.2026,26.05.2026,03.06.2026,,H014,WH INFORMA JABABEKA
R110260507L046_H014,CDD LONG CHASSIS,3600000,0,0,0,0,0,3600000,H014 - WH INFORMA JABABEKA,PT. BINTANG SAMUDRA RAYA,7,ON SCHEDULE,30,0,07.06.2026,07.05.2026,10.05.2026,18.05.2026,18.05.2026,26.05.2026,03.06.2026,,H014,WH INFORMA JABABEKA
R110260507L063_H014,CDD LONG CHASSIS,3600000,0,0,0,300000,0,3900000,H014 - WH INFORMA JABABEKA,PT. BINTANG SAMUDRA RAYA,7,ON SCHEDULE,30,0,07.06.2026,07.05.2026,09.05.2026,04.06.2026,04.06.2026,05.06.2026,05.06.2026,,H014,WH INFORMA JABABEKA
R110260507L076_H014,CDD LONG CHASSIS,3500000,0,0,0,350000,0,3850000,H014 - WH INFORMA JABABEKA,PT. CEHA LOGISTIK CEMERLANG,7,ON SCHEDULE,27,0,04.06.2026,07.05.2026,10.05.2026,18.05.2026,18.05.2026,19.05.2026,20.05.2026,,H014,WH INFORMA JABABEKA
R110260507L081_H014,CDD LONG CHASSIS,3600000,0,0,0,0,0,3600000,H014 - WH INFORMA JABABEKA,PT. BINTANG SAMUDRA RAYA,7,ON SCHEDULE,30,0,08.06.2026,08.05.2026,11.05.2026,18.05.2026,18.05.2026,26.05.2026,03.06.2026,,H014,WH INFORMA JABABEKA
R110260507L085_H014,CDD LONG CHASSIS,1400000,0,0,0,200000,0,1600000,H014 - WH INFORMA JABABEKA,PT. BINTANG SAMUDRA RAYA,7,ON SCHEDULE,27,0,04.06.2026,07.05.2026,10.05.2026,04.06.2026,04.06.2026,05.06.2026,05.06.2026,,H014,WH INFORMA JABABEKA
R110260507T009_H014,WINGBOX,5650000,0,0,0,0,0,5650000,H014 - WH INFORMA JABABEKA,PT. DUTA MEDIA MANDIRI,7,ON SCHEDULE,29,0,06.06.2026,07.05.2026,11.05.2026,12.05.2026,12.05.2026,18.05.2026,19.05.2026,,H014,WH INFORMA JABABEKA
R110260507T021_H014,CONT-40,26500000,0,0,0,0,0,26500000,H014 - WH INFORMA JABABEKA,PT. SENTOSAPRIMA ABADI,7,ON SCHEDULE,40,0,18.06.2026,08.05.2026,20.05.2026,26.06.2026,26.06.2026,30.06.2026,30.06.2026,,H014,WH INFORMA JABABEKA
R110260507T022_H014,CONT-20,15250000,0,0,0,0,0,15250000,H014 - WH INFORMA JABABEKA,PT. MITRA INTERTRANS FORWARDING,7,ON SCHEDULE,40,0,18.06.2026,08.05.2026,20.05.2026,23.06.2026,24.06.2026,24.06.2026,24.06.2026,,H014,WH INFORMA JABABEKA
R110260507T025_H014,CONT-40,28700000,0,0,1500000,0,0,30200000,H014 - WH INFORMA JABABEKA,PT. SARANA TRANS SUMATERA,6,LATE,46,88,23.06.2026,07.05.2026,01.06.2026,08.07.2026,08.07.2026,08.07.2026,09.07.2026,,H014,WH INFORMA JABABEKA
R110260507T026_H014,CONT-40,30400000,0,0,0,0,0,30400000,H014 - WH INFORMA JABABEKA,PT. SENTOSAPRIMA ABADI,6,LATE,40,88,17.06.2026,07.05.2026,20.05.2026,03.07.2026,03.07.2026,06.07.2026,07.07.2026,,H014,WH INFORMA JABABEKA
R110260507T028_H014,WINGBOX,7000000,0,0,0,0,0,7000000,H014 - WH INFORMA JABABEKA,PT. DUNIA EXPRESS TRANSINDO,7,ON SCHEDULE,29,0,07.06.2026,08.05.2026,11.05.2026,20.05.2026,21.05.2026,02.06.2026,02.06.2026,,H014,WH INFORMA JABABEKA
R110260507T030_H014,WINGBOX,7000000,0,0,0,0,0,7000000,H014 - WH INFORMA JABABEKA,PT. DUNIA EXPRESS TRANSINDO,7,ON SCHEDULE,29,0,07.06.2026,08.05.2026,11.05.2026,20.05.2026,21.05.2026,02.06.2026,02.06.2026,,H014,WH INFORMA JABABEKA
R110260508H039_H014,WINGBOX,2350000,0,0,0,0,0,2350000,H014 - WH INFORMA JABABEKA,PT. BINTANG SAMUDRA RAYA,7,ON SCHEDULE,27,0,05.06.2026,08.05.2026,10.05.2026,18.05.2026,18.05.2026,21.05.2026,25.05.2026,,H014,WH INFORMA JABABEKA
R110260508H040_H014,WINGBOX,2350000,0,0,0,0,0,2350000,H014 - WH INFORMA JABABEKA,PT. BINTANG SAMUDRA RAYA,7,ON SCHEDULE,27,0,05.06.2026,08.05.2026,10.05.2026,18.05.2026,18.05.2026,29.05.2026,03.06.2026,,H014,WH INFORMA JABABEKA
R110260508H041_H014,WINGBOX,15000000,0,0,0,0,0,15000000,H014 - WH INFORMA JABABEKA,PT. BINTANG SAMUDRA RAYA,7,ON SCHEDULE,30,0,08.06.2026,08.05.2026,14.05.2026,18.05.2026,18.05.2026,29.05.2026,03.06.2026,,H014,WH INFORMA JABABEKA
R110260508H043_H014,WINGBOX,4825000,0,0,0,0,0,4825000,H014 - WH INFORMA JABABEKA,PT. CEHA LOGISTIK CEMERLANG,7,ON SCHEDULE,29,0,07.06.2026,08.05.2026,10.05.2026,11.05.2026,11.05.2026,19.05.2026,20.05.2026,,H014,WH INFORMA JABABEKA
R110260508H044_H014,CDD LONG CHASSIS,12250000,0,0,0,0,0,12250000,H014 - WH INFORMA JABABEKA,PT. BINTANG SAMUDRA RAYA,7,ON SCHEDULE,31,0,09.06.2026,08.05.2026,12.05.2026,18.05.2026,18.05.2026,26.05.2026,03.06.2026,,H014,WH INFORMA JABABEKA
R110260508H045_H014,CDD LONG CHASSIS,2850000,0,0,0,0,0,2850000,H014 - WH INFORMA JABABEKA,PT. BINTANG SAMUDRA RAYA,7,ON SCHEDULE,28,0,06.06.2026,08.05.2026,11.05.2026,18.05.2026,18.05.2026,21.05.2026,25.05.2026,,H014,WH INFORMA JABABEKA
R110260508H055_H014,WINGBOX,18000000,0,0,0,0,0,18000000,H014 - WH INFORMA JABABEKA,PT. BINTANG SAMUDRA RAYA,7,ON SCHEDULE,31,0,11.06.2026,10.05.2026,17.05.2026,18.05.2026,18.05.2026,29.05.2026,29.05.2026,,H014,WH INFORMA JABABEKA
R110260508H057_H014,CDD LONG CHASSIS,2250000,0,0,0,0,0,2250000,H014 - WH INFORMA JABABEKA,PT. BINTANG SAMUDRA RAYA,7,ON SCHEDULE,27,0,05.06.2026,08.05.2026,10.05.2026,18.05.2026,18.05.2026,26.05.2026,03.06.2026,,H014,WH INFORMA JABABEKA
R110260508H058_H014,CDD LONG CHASSIS,10350000,0,0,0,0,0,10350000,H014 - WH INFORMA JABABEKA,PT.ORANG KREATIF EKSIS,7,ON SCHEDULE,30,0,09.06.2026,09.05.2026,14.05.2026,08.06.2026,08.06.2026,15.06.2026,15.06.2026,,H014,WH INFORMA JABABEKA
R110260508H062_H014,CDD LONG CHASSIS,3500000,0,0,0,0,0,3500000,H014 - WH INFORMA JABABEKA,PT. AGUNG MAKMUR JAYA,7,ON SCHEDULE,29,0,07.06.2026,08.05.2026,11.05.2026,12.05.2026,12.05.2026,18.05.2026,18.05.2026,,H014,WH INFORMA JABABEKA
R110260508L038_H014,CDE LONG CHASSIS,1750000,0,0,0,0,0,1750000,H014 - WH INFORMA JABABEKA,PT. CATUR GLOBAL LOGISTIK,7,ON SCHEDULE,27,0,05.06.2026,08.05.2026,10.05.2026,19.05.2026,19.05.2026,19.05.2026,19.05.2026,,H014,WH INFORMA JABABEKA
R110260508T008_H014,WINGBOX,5650000,0,0,0,0,0,5650000,H014 - WH INFORMA JABABEKA,PT. DUTA MEDIA MANDIRI,7,ON SCHEDULE,29,0,08.06.2026,09.05.2026,12.05.2026,12.05.2026,12.05.2026,18.05.2026,19.05.2026,,H014,WH INFORMA JABABEKA
R110260508T009_H014,WINGBOX,6600000,0,0,0,0,0,6600000,H014 - WH INFORMA JABABEKA,PT. JAYA MULYA ERALINDO,7,ON SCHEDULE,29,0,07.06.2026,08.05.2026,11.05.2026,19.05.2026,19.05.2026,20.05.2026,20.05.2026,,H014,WH INFORMA JABABEKA
R110260508T010_H014,WINGBOX,5650000,0,0,0,0,0,5650000,H014 - WH INFORMA JABABEKA,PT. DUTA MEDIA MANDIRI,7,ON SCHEDULE,29,0,07.06.2026,08.05.2026,11.05.2026,12.05.2026,12.05.2026,18.05.2026,19.05.2026,,H014,WH INFORMA JABABEKA
R110260508T012_H014,CONT-40,26000000,0,0,1000000,0,0,27000000,H014 - WH INFORMA JABABEKA,PT. WIDYA TRANS CARGO,7,ON SCHEDULE,42,0,20.06.2026,08.05.2026,14.05.2026,04.06.2026,04.06.2026,08.06.2026,08.06.2026,,H014,WH INFORMA JABABEKA
R110260508T013_H014,CONT-40,26500000,0,0,0,0,0,26500000,H014 - WH INFORMA JABABEKA,PT. SENTOSAPRIMA ABADI,7,ON SCHEDULE,40,0,18.06.2026,08.05.2026,20.05.2026,26.06.2026,26.06.2026,30.06.2026,30.06.2026,,H014,WH INFORMA JABABEKA
R110260508T014_H014,CONT-40,27200000,0,0,0,0,0,27200000,H014 - WH INFORMA JABABEKA,PT. SENTOSAPRIMA ABADI,7,ON SCHEDULE,37,0,15.06.2026,08.05.2026,18.05.2026,22.06.2026,22.06.2026,25.06.2026,25.06.2026,,H014,WH INFORMA JABABEKA
R110260508T015_H014,CONT-20,15300000,0,0,800000,0,0,16100000,H014 - WH INFORMA JABABEKA,PT. SENTOSAPRIMA ABADI,6,LATE,46,87,24.06.2026,08.05.2026,01.06.2026,03.07.2026,07.07.2026,08.07.2026,08.07.2026,,H014,WH INFORMA JABABEKA
R110260508T016_H014,WINGBOX,5600000,0,0,0,0,0,5600000,H014 - WH INFORMA JABABEKA,PT. BINTANG SAMUDRA RAYA,7,ON SCHEDULE,29,0,07.06.2026,08.05.2026,11.05.2026,18.05.2026,18.05.2026,21.05.2026,25.05.2026,,H014,WH INFORMA JABABEKA
R110260508T024_H014,CONT-20,13300000,0,0,0,0,0,13300000,H014 - WH INFORMA JABABEKA,PT.BANGKA JAYA LINE,7,ON SCHEDULE,40,0,18.06.2026,08.05.2026,20.05.2026,29.05.2026,30.05.2026,10.06.2026,10.06.2026,,H014,WH INFORMA JABABEKA
R110260508T025_H014,WINGBOX,24000000,0,0,0,0,0,24000000,H014 - WH INFORMA JABABEKA,PT. CITRA SENTRAL EKSPRES,6,LATE,37,86,16.06.2026,09.05.2026,17.05.2026,25.05.2026,26.05.2026,29.05.2026,29.05.2026,,H014,WH INFORMA JABABEKA
R110260508T033_H014,CONT-20,16100000,0,0,0,0,0,16100000,H014 - WH INFORMA JABABEKA,PT. SENTOSAPRIMA ABADI,6,LATE,37,87,15.06.2026,08.05.2026,22.05.2026,10.07.2026,10.07.2026,16.07.2026,16.07.2026,,H014,WH INFORMA JABABEKA
R110260508T034_H014,CONT-20,15800000,0,0,0,0,0,15800000,H014 - WH INFORMA JABABEKA,PT. SENTOSAPRIMA ABADI,6,LATE,40,86,19.06.2026,09.05.2026,01.06.2026,30.06.2026,30.06.2026,09.07.2026,09.07.2026,,H014,WH INFORMA JABABEKA
R110260508T035_H014,CONT-20,15400000,0,0,0,0,0,15400000,H014 - WH INFORMA JABABEKA,PT. SENTOSAPRIMA ABADI,7,ON SCHEDULE,40,0,18.06.2026,08.05.2026,20.05.2026,26.06.2026,26.06.2026,30.06.2026,30.06.2026,,H014,WH INFORMA JABABEKA
R110260508T036_H014,WINGBOX,6500000,0,0,0,0,0,6500000,H014 - WH INFORMA JABABEKA,PT.AMANAH TRANSMULIA MANDIRI LOGISTIK,7,ON SCHEDULE,29,0,07.06.2026,08.05.2026,11.05.2026,13.05.2026,13.05.2026,19.05.2026,19.05.2026,,H014,WH INFORMA JABABEKA
R110260509H036_H014,WINGBOX,1998000,0,0,0,0,0,1998000,H014 - WH INFORMA JABABEKA,PT. ARDYA PRIMA INTERNUSA,7,ON SCHEDULE,27,0,06.06.2026,09.05.2026,11.05.2026,20.05.2026,20.05.2026,04.06.2026,05.06.2026,,H014,WH INFORMA JABABEKA
R110260509H039_H014,WINGBOX,4825000,0,0,0,600000,300000,5725000,H014 - WH INFORMA JABABEKA,PT. CEHA LOGISTIK CEMERLANG,7,ON SCHEDULE,29,0,08.06.2026,09.05.2026,11.05.2026,12.05.2026,13.05.2026,19.05.2026,20.05.2026,,H014,WH INFORMA JABABEKA
R110260509H040_H014,CDD LONG CHASSIS,9300000,0,0,0,0,0,9300000,H014 - WH INFORMA JABABEKA,PT. AGUNG MAKMUR JAYA,7,ON SCHEDULE,33,0,12.06.2026,09.05.2026,14.05.2026,18.05.2026,18.05.2026,25.05.2026,25.05.2026,,H014,WH INFORMA JABABEKA
R110260509H042_H014,WINGBOX,4300000,0,0,0,0,0,4300000,H014 - WH INFORMA JABABEKA,PT.SIASAT CEPAT MUDA,7,ON SCHEDULE,29,0,08.06.2026,09.05.2026,11.05.2026,12.05.2026,12.05.2026,18.05.2026,21.05.2026,,H014,WH INFORMA JABABEKA
R110260509H043_H014,WINGBOX,4300000,0,0,0,0,0,4300000,H014 - WH INFORMA JABABEKA,PT.SIASAT CEPAT MUDA,7,ON SCHEDULE,29,0,09.06.2026,10.05.2026,13.05.2026,18.05.2026,18.05.2026,18.05.2026,20.05.2026,,H014,WH INFORMA JABABEKA
R110260509H052_H014,WINGBOX,4825000,0,0,0,0,0,4825000,H014 - WH INFORMA JABABEKA,PT. CEHA LOGISTIK CEMERLANG,7,ON SCHEDULE,29,0,08.06.2026,09.05.2026,11.05.2026,11.05.2026,11.05.2026,26.05.2026,26.05.2026,,H014,WH INFORMA JABABEKA
R110260509H053_H014,WINGBOX,4000000,0,0,0,0,0,4000000,H014 - WH INFORMA JABABEKA,PT. BINTANG SAMUDRA RAYA,7,ON SCHEDULE,28,0,07.06.2026,09.05.2026,11.05.2026,18.05.2026,18.05.2026,29.05.2026,03.06.2026,,H014,WH INFORMA JABABEKA
R110260509H055_H014,WINGBOX,2599000,0,0,0,0,0,2599000,H014 - WH INFORMA JABABEKA,PT. DUTA MEDIA MANDIRI,7,ON SCHEDULE,27,0,06.06.2026,09.05.2026,11.05.2026,12.05.2026,12.05.2026,13.05.2026,13.05.2026,,H014,WH INFORMA JABABEKA
R110260509H056_H014,WINGBOX,3500000,0,0,0,0,0,3500000,H014 - WH INFORMA JABABEKA,PT. BINTANG SAMUDRA RAYA,7,ON SCHEDULE,29,0,08.06.2026,09.05.2026,11.05.2026,18.05.2026,18.05.2026,29.05.2026,29.05.2026,,H014,WH INFORMA JABABEKA
R110260509H060_H014,CDD LONG CHASSIS,4900000,0,0,0,0,0,4900000,H014 - WH INFORMA JABABEKA,PT.ORANG KREATIF EKSIS,7,ON SCHEDULE,28,0,07.06.2026,09.05.2026,11.05.2026,19.05.2026,19.05.2026,21.05.2026,21.05.2026,,H014,WH INFORMA JABABEKA
R110260509L009_H014,CDD LONG CHASSIS,2850000,0,0,0,0,0,2850000,H014 - WH INFORMA JABABEKA,PT. AGUNG MAKMUR JAYA,7,ON SCHEDULE,27,0,06.06.2026,09.05.2026,11.05.2026,12.05.2026,12.05.2026,13.05.2026,20.05.2026,,H014,WH INFORMA JABABEKA
R110260509L012_H014,CONT-20,17200000,0,0,0,0,0,17200000,H014 - WH INFORMA JABABEKA,PT. SENTOSAPRIMA ABADI,6,LATE,26,85,06.06.2026,10.05.2026,,18.06.2026,19.06.2026,16.07.2026,16.07.2026,,H014,WH INFORMA JABABEKA
R110260509L013_H014,CDD LONG CHASSIS,2850000,0,0,0,0,0,2850000,H014 - WH INFORMA JABABEKA,PT. AGUNG MAKMUR JAYA,7,ON SCHEDULE,27,0,06.06.2026,09.05.2026,11.05.2026,12.05.2026,12.05.2026,13.05.2026,20.05.2026,,H014,WH INFORMA JABABEKA
R110260509L053_H014,CDD LONG CHASSIS,3900000,0,0,0,0,0,3900000,H014 - WH INFORMA JABABEKA,PT. BINTANG SAMUDRA RAYA,7,ON SCHEDULE,28,0,07.06.2026,09.05.2026,11.05.2026,18.05.2026,18.05.2026,29.05.2026,03.06.2026,,H014,WH INFORMA JABABEKA
R110260509L055_H014,CDD LONG CHASSIS,3500000,0,0,0,0,0,3500000,H014 - WH INFORMA JABABEKA,PT. CEHA LOGISTIK CEMERLANG,7,ON SCHEDULE,29,0,08.06.2026,09.05.2026,11.05.2026,11.05.2026,11.05.2026,19.05.2026,20.05.2026,,H014,WH INFORMA JABABEKA
R110260509L070_H014,CDD LONG CHASSIS,2850000,0,0,0,0,0,2850000,H014 - WH INFORMA JABABEKA,PT. AGUNG MAKMUR JAYA,7,ON SCHEDULE,27,0,06.06.2026,09.05.2026,11.05.2026,12.05.2026,12.05.2026,13.05.2026,20.05.2026,,H014,WH INFORMA JABABEKA
R110260509T017_H014,CONT-40,26000000,0,0,1000000,0,0,27000000,H014 - WH INFORMA JABABEKA,PT. WIDYA TRANS CARGO,7,ON SCHEDULE,42,0,21.06.2026,09.05.2026,20.05.2026,09.06.2026,09.06.2026,12.06.2026,29.06.2026,,H014,WH INFORMA JABABEKA
R110260509T019_H014,WINGBOX,24000000,0,0,0,0,0,24000000,H014 - WH INFORMA JABABEKA,PT. CITRA SENTRAL EKSPRES,7,ON SCHEDULE,37,0,17.06.2026,10.05.2026,18.05.2026,23.06.2026,24.06.2026,24.06.2026,26.06.2026,,H014,WH INFORMA JABABEKA
R110260509T021_H014,WINGBOX,5650000,0,0,0,0,0,5650000,H014 - WH INFORMA JABABEKA,PT. DUTA MEDIA MANDIRI,7,ON SCHEDULE,29,0,09.06.2026,10.05.2026,14.05.2026,18.05.2026,18.05.2026,19.05.2026,19.05.2026,,H014,WH INFORMA JABABEKA
R110260509T022_H014,WINGBOX,5650000,0,0,0,0,0,5650000,H014 - WH INFORMA JABABEKA,PT. DUTA MEDIA MANDIRI,7,ON SCHEDULE,29,0,09.06.2026,10.05.2026,14.05.2026,18.05.2026,18.05.2026,19.05.2026,19.05.2026,,H014,WH INFORMA JABABEKA
R110260509T034_H014,CONT-40,26000000,0,0,1000000,0,0,27000000,H014 - WH INFORMA JABABEKA,PT. WIDYA TRANS CARGO,7,ON SCHEDULE,42,0,21.06.2026,09.05.2026,20.05.2026,12.06.2026,14.06.2026,15.06.2026,15.06.2026,,H014,WH INFORMA JABABEKA
R110260509T035_H014,CONT-40,29000000,0,0,0,0,0,29000000,H014 - WH INFORMA JABABEKA,PT. WIDYA TRANS CARGO,7,ON SCHEDULE,40,0,20.06.2026,10.05.2026,20.05.2026,04.06.2026,04.06.2026,08.06.2026,08.06.2026,,H014,WH INFORMA JABABEKA
R110260509T036_H014,CONT-40,26500000,0,0,0,0,0,26500000,H014 - WH INFORMA JABABEKA,PT. SENTOSAPRIMA ABADI,7,ON SCHEDULE,40,0,19.06.2026,09.05.2026,20.05.2026,26.06.2026,26.06.2026,30.06.2026,30.06.2026,,H014,WH INFORMA JABABEKA
R110260509T040_H014,CONT-20,17000000,0,0,800000,0,0,17800000,H014 - WH INFORMA JABABEKA,PT. SARANA TRANS SUMATERA,6,LATE,46,86,25.06.2026,09.05.2026,01.06.2026,08.07.2026,08.07.2026,08.07.2026,09.07.2026,,H014,WH INFORMA JABABEKA
R110260509T041_H014,CONT-20,16100000,0,0,0,0,0,16100000,H014 - WH INFORMA JABABEKA,PT. TPIL LOGISTICS,4,LATE,28,85,08.06.2026,10.05.2026,20.05.2026,04.06.2026,05.06.2026,,,,H014,WH INFORMA JABABEKA
R110260509T042_H014,CONT-40,32000000,0,0,0,0,0,32000000,H014 - WH INFORMA JABABEKA,PT. DAYA EKA SAMUDERA JAKARTA,7,ON SCHEDULE,37,0,17.06.2026,10.05.2026,24.05.2026,02.06.2026,02.06.2026,04.06.2026,04.06.2026,,H014,WH INFORMA JABABEKA
R110260510H034_H014,WINGBOX,1998000,0,0,0,0,0,1998000,H014 - WH INFORMA JABABEKA,PT. ARDYA PRIMA INTERNUSA,7,ON SCHEDULE,27,0,07.06.2026,10.05.2026,11.05.2026,20.05.2026,20.05.2026,04.06.2026,12.06.2026,,H014,WH INFORMA JABABEKA
R110260510H040_H014,CDD LONG CHASSIS,2900000,0,0,0,0,0,2900000,H014 - WH INFORMA JABABEKA,PT. AGUNG MAKMUR JAYA,7,ON SCHEDULE,28,0,08.06.2026,10.05.2026,12.05.2026,12.05.2026,12.05.2026,18.05.2026,18.05.2026,,H014,WH INFORMA JABABEKA
R110260510H041_H014,WINGBOX,2600000,0,0,0,0,0,2600000,H014 - WH INFORMA JABABEKA,PT. BINTANG SAMUDRA RAYA,7,ON SCHEDULE,27,0,07.06.2026,10.05.2026,11.05.2026,18.05.2026,18.05.2026,26.05.2026,03.06.2026,,H014,WH INFORMA JABABEKA
R110260510H042_H014,CDD LONG CHASSIS,1725000,0,0,0,0,0,1725000,H014 - WH INFORMA JABABEKA,PT. BINTANG SAMUDRA RAYA,7,ON SCHEDULE,27,0,07.06.2026,10.05.2026,11.05.2026,18.05.2026,18.05.2026,29.05.2026,03.06.2026,,H014,WH INFORMA JABABEKA
R110260510H048_H014,FUSO,19350000,0,0,0,0,0,19350000,H014 - WH INFORMA JABABEKA,PT. SATRIA PIRANTI PERKASA,7,ON SCHEDULE,31,0,11.06.2026,10.05.2026,14.05.2026,29.05.2026,29.05.2026,05.06.2026,05.06.2026,,H014,WH INFORMA JABABEKA
R110260510H052_H014,CDD LONG CHASSIS,2900000,0,0,0,0,0,2900000,H014 - WH INFORMA JABABEKA,PT. AGUNG MAKMUR JAYA,7,ON SCHEDULE,28,0,08.06.2026,10.05.2026,12.05.2026,12.05.2026,12.05.2026,18.05.2026,18.05.2026,,H014,WH INFORMA JABABEKA
R110260510H055_H014,WINGBOX,4825000,0,0,0,0,0,4825000,H014 - WH INFORMA JABABEKA,PT. CEHA LOGISTIK CEMERLANG,7,ON SCHEDULE,29,0,09.06.2026,10.05.2026,12.05.2026,12.05.2026,12.05.2026,19.05.2026,20.05.2026,,H014,WH INFORMA JABABEKA
R110260510H056_H014,CDD LONG CHASSIS,3600000,0,0,0,0,0,3600000,H014 - WH INFORMA JABABEKA,PT. BINTANG SAMUDRA RAYA,7,ON SCHEDULE,29,0,09.06.2026,10.05.2026,13.05.2026,18.05.2026,18.05.2026,26.05.2026,03.06.2026,,H014,WH INFORMA JABABEKA
R110260510H057_H014,CDD LONG CHASSIS,2250000,0,0,0,0,0,2250000,H014 - WH INFORMA JABABEKA,PT. BINTANG SAMUDRA RAYA,7,ON SCHEDULE,27,0,07.06.2026,10.05.2026,11.05.2026,18.05.2026,18.05.2026,29.05.2026,03.06.2026,,H014,WH INFORMA JABABEKA
R110260510H058_H014,WINGBOX,15000000,0,0,0,0,0,15000000,H014 - WH INFORMA JABABEKA,PT. BINTANG SAMUDRA RAYA,7,ON SCHEDULE,30,0,10.06.2026,10.05.2026,14.05.2026,18.05.2026,18.05.2026,29.05.2026,03.06.2026,,H014,WH INFORMA JABABEKA
R110260510H060_H014,CDD LONG CHASSIS,12400000,0,0,0,0,0,12400000,H014 - WH INFORMA JABABEKA,PT.ORANG KREATIF EKSIS,7,ON SCHEDULE,31,0,11.06.2026,10.05.2026,14.05.2026,21.05.2026,21.05.2026,04.06.2026,04.06.2026,,H014,WH INFORMA JABABEKA
R110260510H061_H014,CDD LONG CHASSIS,2200000,0,0,0,0,0,2200000,H014 - WH INFORMA JABABEKA,PT. AGUNG MAKMUR JAYA,7,ON SCHEDULE,27,0,07.06.2026,10.05.2026,11.05.2026,12.05.2026,12.05.2026,18.05.2026,18.05.2026,,H014,WH INFORMA JABABEKA
R110260510H062_H014,CDD LONG CHASSIS,12400000,0,0,0,0,0,12400000,H014 - WH INFORMA JABABEKA,PT.ORANG KREATIF EKSIS,7,ON SCHEDULE,31,0,11.06.2026,10.05.2026,14.05.2026,21.05.2026,21.05.2026,04.06.2026,04.06.2026,,H014,WH INFORMA JABABEKA
R110260510H063_H014,CDD LONG CHASSIS,3600000,0,0,0,0,0,3600000,H014 - WH INFORMA JABABEKA,PT. BINTANG SAMUDRA RAYA,7,ON SCHEDULE,29,0,09.06.2026,10.05.2026,12.05.2026,18.05.2026,18.05.2026,26.05.2026,03.06.2026,,H014,WH INFORMA JABABEKA
R110260510H064_H014,CDD LONG CHASSIS,3600000,0,0,0,0,0,3600000,H014 - WH INFORMA JABABEKA,PT. BINTANG SAMUDRA RAYA,7,ON SCHEDULE,29,0,09.06.2026,10.05.2026,13.05.2026,18.05.2026,18.05.2026,26.05.2026,03.06.2026,,H014,WH INFORMA JABABEKA
R110260510L015_H014,CDD LONG CHASSIS,12250000,0,0,0,0,0,12250000,H014 - WH INFORMA JABABEKA,PT. BINTANG SAMUDRA RAYA,7,ON SCHEDULE,30,0,10.06.2026,10.05.2026,14.05.2026,18.05.2026,18.05.2026,05.06.2026,10.06.2026,,H014,WH INFORMA JABABEKA
R110260510L027_H014,CDD LONG CHASSIS,1800000,0,0,0,0,0,1800000,H014 - WH INFORMA JABABEKA,PT. ANTAR JARINGAN SEPANJANG JALAN,7,ON SCHEDULE,27,0,07.06.2026,10.05.2026,11.05.2026,18.05.2026,18.05.2026,21.05.2026,21.05.2026,,H014,WH INFORMA JABABEKA
R110260510L030_H014,CDD LONG CHASSIS,2100000,0,0,0,300000,0,2400000,H014 - WH INFORMA JABABEKA,PT. BINTANG SAMUDRA RAYA,7,ON SCHEDULE,27,0,07.06.2026,10.05.2026,11.05.2026,04.06.2026,04.06.2026,05.06.2026,05.06.2026,,H014,WH INFORMA JABABEKA
R110260510L031_H014,WINGBOX,4825000,0,0,0,0,0,4825000,H014 - WH INFORMA JABABEKA,PT. CEHA LOGISTIK CEMERLANG,7,ON SCHEDULE,30,0,10.06.2026,10.05.2026,12.05.2026,12.05.2026,12.05.2026,19.05.2026,20.05.2026,,H014,WH INFORMA JABABEKA
R110260510L032_H014,CDD LONG CHASSIS,3500000,0,0,0,0,0,3500000,H014 - WH INFORMA JABABEKA,PT. AGUNG MAKMUR JAYA,7,ON SCHEDULE,30,0,10.06.2026,10.05.2026,12.05.2026,12.05.2026,12.05.2026,18.05.2026,18.05.2026,,H014,WH INFORMA JABABEKA
R110260510L033_H014,CDD LONG CHASSIS,3500000,0,0,0,0,0,3500000,H014 - WH INFORMA JABABEKA,PT.DHANESWARA EXPRES,7,ON SCHEDULE,30,0,10.06.2026,10.05.2026,12.05.2026,20.05.2026,20.05.2026,29.05.2026,29.05.2026,,H014,WH INFORMA JABABEKA
R110260510L047_H014,CDD LONG CHASSIS,1600000,0,0,0,100000,0,1700000,H014 - WH INFORMA JABABEKA,PT. AGUNG MAKMUR JAYA,7,ON SCHEDULE,27,0,07.06.2026,10.05.2026,11.05.2026,13.05.2026,14.05.2026,25.05.2026,25.05.2026,,H014,WH INFORMA JABABEKA
R110260510L047_H014,CDD LONG CHASSIS,1600000,0,0,0,100000,0,1700000,H014 - WH INFORMA JABABEKA,PT. AGUNG MAKMUR JAYA,7,ON SCHEDULE,27,0,07.06.2026,10.05.2026,11.05.2026,13.05.2026,14.05.2026,25.05.2026,25.05.2026,,H014,WH INFORMA JABABEKA
R110260510L047_H014,CDD LONG CHASSIS,1600000,0,0,0,100000,0,1700000,H014 - WH INFORMA JABABEKA,PT. AGUNG MAKMUR JAYA,7,ON SCHEDULE,27,0,07.06.2026,10.05.2026,11.05.2026,13.05.2026,14.05.2026,25.05.2026,25.05.2026,,H014,WH INFORMA JABABEKA
R110260510L056_H014,CDD LONG CHASSIS,1425000,0,0,0,0,0,1425000,H014 - WH INFORMA JABABEKA,PT. DUTA MEDIA MANDIRI,7,ON SCHEDULE,26,0,06.06.2026,10.05.2026,11.05.2026,12.05.2026,13.05.2026,18.05.2026,19.05.2026,,H014,WH INFORMA JABABEKA
R110260510L064_H014,CDD LONG CHASSIS,3500000,0,0,0,0,0,3500000,H014 - WH INFORMA JABABEKA,PT. AGUNG MAKMUR JAYA,7,ON SCHEDULE,27,0,07.06.2026,10.05.2026,12.05.2026,12.05.2026,12.05.2026,18.05.2026,18.05.2026,,H014,WH INFORMA JABABEKA
R110260510L065_H014,CDD LONG CHASSIS,3500000,0,0,0,0,0,3500000,H014 - WH INFORMA JABABEKA,PT. AGUNG MAKMUR JAYA,7,ON SCHEDULE,30,0,11.06.2026,11.05.2026,14.05.2026,18.05.2026,18.05.2026,18.05.2026,18.05.2026,,H014,WH INFORMA JABABEKA
R110260510L066_H014,CDD LONG CHASSIS,3500000,0,0,0,0,0,3500000,H014 - WH INFORMA JABABEKA,PT. CEHA LOGISTIK CEMERLANG,7,ON SCHEDULE,29,0,09.06.2026,10.05.2026,12.05.2026,12.05.2026,12.05.2026,19.05.2026,20.05.2026,,H014,WH INFORMA JABABEKA
R110260510T011_H014,WINGBOX,6200000,0,0,0,0,0,6200000,H014 - WH INFORMA JABABEKA,PT. SATRIA PIRANTI PERKASA,7,ON SCHEDULE,29,0,09.06.2026,10.05.2026,14.05.2026,29.05.2026,29.05.2026,05.06.2026,05.06.2026,,H014,WH INFORMA JABABEKA
R110260510T012_H014,CONT-40,26300000,0,0,0,0,0,26300000,H014 - WH INFORMA JABABEKA,PT. TPIL LOGISTICS,2,LATE,17,85,29.05.2026,11.05.2026,01.06.2026,,,,,,H014,WH INFORMA JABABEKA
R110260510T013_H014,CONT-40,32000000,0,0,0,0,0,32000000,H014 - WH INFORMA JABABEKA,PT. DAYA EKA SAMUDERA JAKARTA,7,ON SCHEDULE,37,0,17.06.2026,10.05.2026,22.05.2026,02.06.2026,02.06.2026,04.06.2026,04.06.2026,,H014,WH INFORMA JABABEKA
R110260510T014_H014,WINGBOX,5650000,0,0,0,0,0,5650000,H014 - WH INFORMA JABABEKA,PT. DUTA MEDIA MANDIRI,7,ON SCHEDULE,29,0,09.06.2026,10.05.2026,14.05.2026,18.05.2026,18.05.2026,19.05.2026,21.05.2026,,H014,WH INFORMA JABABEKA
R110260510T021_H014,WINGBOX,6600000,0,0,0,0,0,6600000,H014 - WH INFORMA JABABEKA,PT. JAYA MULYA ERALINDO,7,ON SCHEDULE,29,0,09.06.2026,10.05.2026,14.05.2026,21.05.2026,21.05.2026,21.05.2026,22.05.2026,,H014,WH INFORMA JABABEKA
R110260510T028_H014,WINGBOX,6600000,0,0,0,0,0,6600000,H014 - WH INFORMA JABABEKA,PT. JAYA MULYA ERALINDO,7,ON SCHEDULE,29,0,09.06.2026,10.05.2026,14.05.2026,19.05.2026,19.05.2026,20.05.2026,20.05.2026,,H014,WH INFORMA JABABEKA
R110260510T029_H014,WINGBOX,6600000,0,0,0,0,0,6600000,H014 - WH INFORMA JABABEKA,PT. JAYA MULYA ERALINDO,7,ON SCHEDULE,29,0,09.06.2026,10.05.2026,14.05.2026,21.05.2026,21.05.2026,21.05.2026,22.05.2026,,H014,WH INFORMA JABABEKA
R110260510T030_H014,WINGBOX,6600000,0,0,0,0,0,6600000,H014 - WH INFORMA JABABEKA,PT. JAYA MULYA ERALINDO,7,ON SCHEDULE,29,0,09.06.2026,10.05.2026,14.05.2026,22.05.2026,22.05.2026,25.05.2026,25.05.2026,,H014,WH INFORMA JABABEKA
R110260510T031_H014,WINGBOX,6600000,0,0,0,0,0,6600000,H014 - WH INFORMA JABABEKA,PT. JAYA MULYA ERALINDO,7,ON SCHEDULE,29,0,09.06.2026,10.05.2026,14.05.2026,19.05.2026,19.05.2026,20.05.2026,20.05.2026,,H014,WH INFORMA JABABEKA
R110260510T033_H014,WINGBOX,6200000,0,0,0,0,0,6200000,H014 - WH INFORMA JABABEKA,PT. SATRIA PIRANTI PERKASA,7,ON SCHEDULE,29,0,09.06.2026,10.05.2026,14.05.2026,03.06.2026,03.06.2026,09.06.2026,09.06.2026,,H014,WH INFORMA JABABEKA
R110260510T035_H014,WINGBOX,6200000,0,0,0,0,0,6200000,H014 - WH INFORMA JABABEKA,PT. SATRIA PIRANTI PERKASA,7,ON SCHEDULE,29,0,09.06.2026,10.05.2026,14.05.2026,25.05.2026,25.05.2026,05.06.2026,05.06.2026,,H014,WH INFORMA JABABEKA
R110260510T038_H014,CONT-20,3900000,0,0,0,0,0,3900000,H014 - WH INFORMA JABABEKA,PT. JATIM PETROLEUM TRANSPORT,7,ON SCHEDULE,29,0,09.06.2026,10.05.2026,11.05.2026,05.06.2026,06.06.2026,24.06.2026,24.06.2026,,H014,WH INFORMA JABABEKA
R110260510T039_H014,CONT-40,8500000,0,0,0,0,0,8500000,H014 - WH INFORMA JABABEKA,PT. DINOYO PUTRA MANDIRI,7,ON SCHEDULE,29,0,09.06.2026,10.05.2026,14.05.2026,20.05.2026,20.05.2026,20.05.2026,20.05.2026,,H014,WH INFORMA JABABEKA
R110260510T040_H014,WINGBOX,6600000,0,0,0,0,0,6600000,H014 - WH INFORMA JABABEKA,PT. CATUR GLOBAL LOGISTIK,7,ON SCHEDULE,29,0,09.06.2026,10.05.2026,14.05.2026,21.05.2026,21.05.2026,22.05.2026,22.05.2026,,H014,WH INFORMA JABABEKA
R110260510T041_H014,WINGBOX,6600000,0,0,0,0,0,6600000,H014 - WH INFORMA JABABEKA,PT. CATUR GLOBAL LOGISTIK,7,ON SCHEDULE,29,0,09.06.2026,10.05.2026,14.05.2026,21.05.2026,21.05.2026,22.05.2026,22.05.2026,,H014,WH INFORMA JABABEKA
R110260510T042_H014,CONT-20,3900000,0,0,0,0,0,3900000,H014 - WH INFORMA JABABEKA,PT. JATIM PETROLEUM TRANSPORT,7,ON SCHEDULE,29,0,09.06.2026,10.05.2026,14.05.2026,05.06.2026,06.06.2026,24.06.2026,24.06.2026,,H014,WH INFORMA JABABEKA
R110260510T043_H014,CONT-20,3900000,0,0,0,0,0,3900000,H014 - WH INFORMA JABABEKA,PT. JATIM PETROLEUM TRANSPORT,7,ON SCHEDULE,29,0,09.06.2026,10.05.2026,14.05.2026,05.06.2026,06.06.2026,24.06.2026,24.06.2026,,H014,WH INFORMA JABABEKA
R110260510T045_H014,WINGBOX,6200000,0,0,0,0,0,6200000,H014 - WH INFORMA JABABEKA,PT. SATRIA PIRANTI PERKASA,7,ON SCHEDULE,29,0,09.06.2026,10.05.2026,14.05.2026,03.06.2026,03.06.2026,09.06.2026,09.06.2026,,H014,WH INFORMA JABABEKA
R110260510T046_H014,WINGBOX,6200000,0,0,0,0,0,6200000,H014 - WH INFORMA JABABEKA,PT. SATRIA PIRANTI PERKASA,7,ON SCHEDULE,29,0,09.06.2026,10.05.2026,14.05.2026,03.06.2026,03.06.2026,09.06.2026,09.06.2026,,H014,WH INFORMA JABABEKA
R110260510T047_H014,WINGBOX,6200000,0,0,0,0,0,6200000,H014 - WH INFORMA JABABEKA,PT. SATRIA PIRANTI PERKASA,7,ON SCHEDULE,29,0,09.06.2026,10.05.2026,14.05.2026,25.05.2026,25.05.2026,05.06.2026,05.06.2026,,H014,WH INFORMA JABABEKA
R110260510T048_H014,WINGBOX,6200000,0,0,0,0,0,6200000,H014 - WH INFORMA JABABEKA,PT. SATRIA PIRANTI PERKASA,7,ON SCHEDULE,29,0,09.06.2026,10.05.2026,14.05.2026,29.05.2026,29.05.2026,05.06.2026,05.06.2026,,H014,WH INFORMA JABABEKA
R110260510T049_H014,CONT-40,8750000,0,0,0,0,0,8750000,H014 - WH INFORMA JABABEKA,PT. CIKARANG GERBANG SOLUSI,6,LATE,29,84,10.06.2026,11.05.2026,17.05.2026,26.06.2026,26.06.2026,07.07.2026,07.07.2026,,H014,WH INFORMA JABABEKA
R110260510T050_H014,WINGBOX,6600000,0,0,0,0,0,6600000,H014 - WH INFORMA JABABEKA,PT. CATUR GLOBAL LOGISTIK,7,ON SCHEDULE,29,0,09.06.2026,10.05.2026,14.05.2026,21.05.2026,21.05.2026,22.05.2026,22.05.2026,,H014,WH INFORMA JABABEKA
R110260510T051_H014,WINGBOX,5600000,0,0,0,0,0,5600000,H014 - WH INFORMA JABABEKA,PT. BINTANG SAMUDRA RAYA,7,ON SCHEDULE,29,0,10.06.2026,11.05.2026,14.05.2026,18.05.2026,18.05.2026,29.05.2026,03.06.2026,,H014,WH INFORMA JABABEKA
R110260510T052_H014,WINGBOX,6500000,0,0,0,0,0,6500000,H014 - WH INFORMA JABABEKA,PT.AMANAH TRANSMULIA MANDIRI LOGISTIK,7,ON SCHEDULE,29,0,11.06.2026,12.05.2026,17.05.2026,18.05.2026,18.05.2026,19.05.2026,19.05.2026,,H014,WH INFORMA JABABEKA
R110260510T053_H014,WINGBOX,5650000,0,0,0,0,0,5650000,H014 - WH INFORMA JABABEKA,PT. DUTA MEDIA MANDIRI,7,ON SCHEDULE,29,0,10.06.2026,11.05.2026,14.05.2026,18.05.2026,18.05.2026,19.05.2026,19.05.2026,,H014,WH INFORMA JABABEKA
R110260510T054_H014,CONT-40,8750000,0,0,0,0,0,8750000,H014 - WH INFORMA JABABEKA,PT. CIKARANG GERBANG SOLUSI,6,LATE,29,84,10.06.2026,11.05.2026,17.05.2026,26.06.2026,26.06.2026,07.07.2026,07.07.2026,,H014,WH INFORMA JABABEKA
R110260510T055_H014,CONT-40,8750000,0,0,0,0,0,8750000,H014 - WH INFORMA JABABEKA,PT. CIKARANG GERBANG SOLUSI,6,LATE,29,84,10.06.2026,11.05.2026,17.05.2026,26.06.2026,26.06.2026,07.07.2026,07.07.2026,,H014,WH INFORMA JABABEKA
R110260510T057_H014,CONT-40,8750000,0,0,0,0,0,8750000,H014 - WH INFORMA JABABEKA,PT. CIKARANG GERBANG SOLUSI,6,LATE,29,84,10.06.2026,11.05.2026,17.05.2026,26.06.2026,26.06.2026,07.07.2026,07.07.2026,,H014,WH INFORMA JABABEKA
R110260510T058_H014,WINGBOX,5650000,0,0,0,0,0,5650000,H014 - WH INFORMA JABABEKA,PT. DUTA MEDIA MANDIRI,7,ON SCHEDULE,29,0,11.06.2026,12.05.2026,17.05.2026,18.05.2026,18.05.2026,19.05.2026,21.05.2026,,H014,WH INFORMA JABABEKA
R110260510T059_H014,CONT-20,3900000,0,0,0,0,0,3900000,H014 - WH INFORMA JABABEKA,PT. JATIM PETROLEUM TRANSPORT,7,ON SCHEDULE,29,0,10.06.2026,11.05.2026,16.05.2026,05.06.2026,06.06.2026,24.06.2026,24.06.2026,,H014,WH INFORMA JABABEKA
R110260510T060_H014,WINGBOX,6700000,0,0,0,0,0,6700000,H014 - WH INFORMA JABABEKA,PT.DHANESWARA EXPRES,7,ON SCHEDULE,29,0,10.06.2026,11.05.2026,14.05.2026,20.05.2026,20.05.2026,29.05.2026,29.05.2026,,H014,WH INFORMA JABABEKA
R110260510T064_H014,WINGBOX,6600000,0,0,0,0,0,6600000,H014 - WH INFORMA JABABEKA,PT. JAYA MULYA ERALINDO,7,ON SCHEDULE,29,0,09.06.2026,10.05.2026,14.05.2026,22.05.2026,22.05.2026,25.05.2026,25.05.2026,,H014,WH INFORMA JABABEKA
R110260510T067_H014,WINGBOX,6600000,0,0,0,0,0,6600000,H014 - WH INFORMA JABABEKA,PT. CATUR GLOBAL LOGISTIK,7,ON SCHEDULE,29,0,09.06.2026,10.05.2026,14.05.2026,21.05.2026,21.05.2026,22.05.2026,22.05.2026,,H014,WH INFORMA JABABEKA
R110260511H038_H014,WINGBOX,4500000,0,0,0,0,0,4500000,H014 - WH INFORMA JABABEKA,PT. CEHA LOGISTIK CEMERLANG,7,ON SCHEDULE,29,0,10.06.2026,11.05.2026,14.05.2026,18.05.2026,18.05.2026,19.05.2026,20.05.2026,,H014,WH INFORMA JABABEKA
R110260511H039_H014,WINGBOX,4500000,0,0,0,0,0,4500000,H014 - WH INFORMA JABABEKA,PT. CEHA LOGISTIK CEMERLANG,7,ON SCHEDULE,29,0,10.06.2026,11.05.2026,14.05.2026,18.05.2026,18.05.2026,19.05.2026,20.05.2026,,H014,WH INFORMA JABABEKA
R110260511H040_H014,WINGBOX,1998000,0,0,0,0,0,1998000,H014 - WH INFORMA JABABEKA,PT. ARDYA PRIMA INTERNUSA,7,ON SCHEDULE,27,0,08.06.2026,11.05.2026,12.05.2026,20.05.2026,20.05.2026,04.06.2026,05.06.2026,,H014,WH INFORMA JABABEKA
R110260511H041_H014,WINGBOX,1998000,0,0,0,0,0,1998000,H014 - WH INFORMA JABABEKA,PT. ARDYA PRIMA INTERNUSA,7,ON SCHEDULE,27,0,08.06.2026,11.05.2026,12.05.2026,20.05.2026,20.05.2026,04.06.2026,05.06.2026,,H014,WH INFORMA JABABEKA
R110260511H043_H014,WINGBOX,4825000,0,0,0,0,0,4825000,H014 - WH INFORMA JABABEKA,PT. CEHA LOGISTIK CEMERLANG,7,ON SCHEDULE,29,0,10.06.2026,11.05.2026,14.05.2026,18.05.2026,18.05.2026,19.05.2026,20.05.2026,,H014,WH INFORMA JABABEKA
R110260511H044_H014,WINGBOX,17750000,0,0,0,0,0,17750000,H014 - WH INFORMA JABABEKA,PT. BINTANG SAMUDRA RAYA,7,ON SCHEDULE,30,0,11.06.2026,11.05.2026,16.05.2026,18.05.2026,18.05.2026,04.06.2026,04.06.2026,,H014,WH INFORMA JABABEKA
R110260511H045_H014,CONT-20,0,0,0,0,0,0,0,H014 - WH INFORMA JABABEKA,PT. TPIL LOGISTICS,2,LATE,22,84,04.06.2026,12.05.2026,12.06.2026,,,,,,H014,WH INFORMA JABABEKA
R110260511H047_H014,CDD LONG CHASSIS,1725000,0,0,0,0,0,1725000,H014 - WH INFORMA JABABEKA,PT. BINTANG SAMUDRA RAYA,7,ON SCHEDULE,27,0,08.06.2026,11.05.2026,12.05.2026,18.05.2026,18.05.2026,26.05.2026,03.06.2026,,H014,WH INFORMA JABABEKA
R110260511H048_H014,CDD LONG CHASSIS,2850000,0,0,0,0,0,2850000,H014 - WH INFORMA JABABEKA,PT. BINTANG SAMUDRA RAYA,7,ON SCHEDULE,28,0,09.06.2026,11.05.2026,14.05.2026,18.05.2026,18.05.2026,26.05.2026,03.06.2026,,H014,WH INFORMA JABABEKA
R110260511H052_H014,CDD LONG CHASSIS,12500000,0,0,0,0,0,12500000,H014 - WH INFORMA JABABEKA,PT.ORANG KREATIF EKSIS,7,ON SCHEDULE,30,0,11.06.2026,11.05.2026,17.05.2026,21.05.2026,21.05.2026,04.06.2026,04.06.2026,,H014,WH INFORMA JABABEKA
R110260511H054_H014,CDD LONG CHASSIS,3500000,0,0,0,0,0,3500000,H014 - WH INFORMA JABABEKA,PT. CEHA LOGISTIK CEMERLANG,7,ON SCHEDULE,29,0,10.06.2026,11.05.2026,14.05.2026,18.05.2026,18.05.2026,26.05.2026,26.05.2026,,H014,WH INFORMA JABABEKA
R110260511H060_H014,CDD LONG CHASSIS,7500000,0,0,0,0,0,7500000,H014 - WH INFORMA JABABEKA,PT.ORANG KREATIF EKSIS,7,ON SCHEDULE,29,0,10.06.2026,11.05.2026,17.05.2026,19.05.2026,19.05.2026,21.05.2026,21.05.2026,,H014,WH INFORMA JABABEKA
R110260511H061_H014,WINGBOX,4825000,0,0,0,0,0,4825000,H014 - WH INFORMA JABABEKA,PT. CEHA LOGISTIK CEMERLANG,7,ON SCHEDULE,29,0,10.06.2026,11.05.2026,14.05.2026,18.05.2026,18.05.2026,19.05.2026,20.05.2026,,H014,WH INFORMA JABABEKA
R110260511H062_H014,CDD LONG CHASSIS,3500000,0,0,0,0,0,3500000,H014 - WH INFORMA JABABEKA,PT. AGUNG MAKMUR JAYA,7,ON SCHEDULE,29,0,10.06.2026,11.05.2026,14.05.2026,18.05.2026,18.05.2026,20.05.2026,22.05.2026,,H014,WH INFORMA JABABEKA
R110260511L055_H014,CDD LONG CHASSIS,2850000,0,0,0,0,0,2850000,H014 - WH INFORMA JABABEKA,PT. AGUNG MAKMUR JAYA,7,ON SCHEDULE,27,0,08.06.2026,11.05.2026,14.05.2026,18.05.2026,18.05.2026,25.05.2026,25.05.2026,,H014,WH INFORMA JABABEKA
R110260511L057_H014,CDD LONG CHASSIS,2850000,0,0,0,0,0,2850000,H014 - WH INFORMA JABABEKA,PT. AGUNG MAKMUR JAYA,7,ON SCHEDULE,27,0,08.06.2026,11.05.2026,14.05.2026,18.05.2026,18.05.2026,25.05.2026,25.05.2026,,H014,WH INFORMA JABABEKA
R110260511L070_H014,WINGBOX,1998000,0,0,0,0,0,1998000,H014 - WH INFORMA JABABEKA,PT. ARDYA PRIMA INTERNUSA,7,ON SCHEDULE,27,0,09.06.2026,12.05.2026,14.05.2026,20.05.2026,20.05.2026,04.06.2026,05.06.2026,,H014,WH INFORMA JABABEKA
R110260511L071_H014,CDD LONG CHASSIS,1400000,0,0,0,200000,0,1600000,H014 - WH INFORMA JABABEKA,PT. BINTANG SAMUDRA RAYA,7,ON SCHEDULE,27,0,09.06.2026,12.05.2026,14.05.2026,04.06.2026,04.06.2026,05.06.2026,05.06.2026,,H014,WH INFORMA JABABEKA
R110260511L072_H014,CDD LONG CHASSIS,4900000,0,0,0,0,0,4900000,H014 - WH INFORMA JABABEKA,PT.ORANG KREATIF EKSIS,7,ON SCHEDULE,26,0,07.06.2026,11.05.2026,14.05.2026,19.05.2026,19.05.2026,21.05.2026,21.05.2026,,H014,WH INFORMA JABABEKA
R110260511L073_H014,CDD LONG CHASSIS,3500000,0,0,0,350000,0,3850000,H014 - WH INFORMA JABABEKA,PT. CEHA LOGISTIK CEMERLANG,7,ON SCHEDULE,30,0,12.06.2026,12.05.2026,14.05.2026,22.05.2026,24.05.2026,26.05.2026,26.05.2026,,H014,WH INFORMA JABABEKA
R110260511L078_H014,CDD LONG CHASSIS,3500000,0,0,0,250000,0,3750000,H014 - WH INFORMA JABABEKA,PT. AGUNG MAKMUR JAYA,7,ON SCHEDULE,30,0,11.06.2026,11.05.2026,14.05.2026,18.05.2026,18.05.2026,25.05.2026,25.05.2026,,H014,WH INFORMA JABABEKA
R110260511L078_H014,CDD LONG CHASSIS,3500000,0,0,0,250000,0,3750000,H014 - WH INFORMA JABABEKA,PT. AGUNG MAKMUR JAYA,7,ON SCHEDULE,30,0,11.06.2026,11.05.2026,14.05.2026,18.05.2026,18.05.2026,25.05.2026,25.05.2026,,H014,WH INFORMA JABABEKA
R110260511L078_H014,CDD LONG CHASSIS,3500000,0,0,0,250000,0,3750000,H014 - WH INFORMA JABABEKA,PT. AGUNG MAKMUR JAYA,7,ON SCHEDULE,30,0,11.06.2026,11.05.2026,14.05.2026,18.05.2026,18.05.2026,25.05.2026,25.05.2026,,H014,WH INFORMA JABABEKA
R110260511T020_H014,WINGBOX,20000000,0,0,0,0,0,20000000,H014 - WH INFORMA JABABEKA,PT.ORANG KREATIF EKSIS,7,ON SCHEDULE,37,0,18.06.2026,11.05.2026,18.05.2026,21.05.2026,21.05.2026,04.06.2026,04.06.2026,,H014,WH INFORMA JABABEKA
R110260511T021_H014,WINGBOX,5650000,0,0,0,0,0,5650000,H014 - WH INFORMA JABABEKA,PT. DUTA MEDIA MANDIRI,7,ON SCHEDULE,29,0,10.06.2026,11.05.2026,17.05.2026,18.05.2026,18.05.2026,19.05.2026,21.05.2026,,H014,WH INFORMA JABABEKA
R110260511T025_H014,WINGBOX,7000000,0,0,0,0,0,7000000,H014 - WH INFORMA JABABEKA,PT. DUNIA EXPRESS TRANSINDO,7,ON SCHEDULE,29,0,11.06.2026,12.05.2026,16.05.2026,04.06.2026,04.06.2026,11.06.2026,11.06.2026,,H014,WH INFORMA JABABEKA
R110260511T026_H014,WINGBOX,6200000,0,0,0,0,0,6200000,H014 - WH INFORMA JABABEKA,PT. SATRIA PIRANTI PERKASA,7,ON SCHEDULE,29,0,11.06.2026,12.05.2026,16.05.2026,25.05.2026,25.05.2026,05.06.2026,05.06.2026,,H014,WH INFORMA JABABEKA
R110260511T027_H014,WINGBOX,7000000,0,0,0,0,0,7000000,H014 - WH INFORMA JABABEKA,PT. DUNIA EXPRESS TRANSINDO,7,ON SCHEDULE,29,0,11.06.2026,12.05.2026,16.05.2026,21.05.2026,21.05.2026,04.06.2026,05.06.2026,,H014,WH INFORMA JABABEKA
R110260511T028_H014,WINGBOX,7000000,0,0,0,0,0,7000000,H014 - WH INFORMA JABABEKA,PT. DUNIA EXPRESS TRANSINDO,7,ON SCHEDULE,29,0,11.06.2026,12.05.2026,16.05.2026,21.05.2026,21.05.2026,04.06.2026,05.06.2026,,H014,WH INFORMA JABABEKA
R110260511T030_H014,WINGBOX,7000000,0,0,0,0,0,7000000,H014 - WH INFORMA JABABEKA,PT. DUNIA EXPRESS TRANSINDO,7,ON SCHEDULE,29,0,11.06.2026,12.05.2026,17.05.2026,04.06.2026,04.06.2026,11.06.2026,11.06.2026,,H014,WH INFORMA JABABEKA
R110260511T031_H014,WINGBOX,7000000,0,0,0,0,0,7000000,H014 - WH INFORMA JABABEKA,PT. DUNIA EXPRESS TRANSINDO,7,ON SCHEDULE,29,0,11.06.2026,12.05.2026,16.05.2026,04.06.2026,04.06.2026,11.06.2026,11.06.2026,,H014,WH INFORMA JABABEKA
R110260511T032_H014,WINGBOX,7000000,0,0,0,0,0,7000000,H014 - WH INFORMA JABABEKA,PT. DUNIA EXPRESS TRANSINDO,7,ON SCHEDULE,29,0,11.06.2026,12.05.2026,16.05.2026,04.06.2026,04.06.2026,11.06.2026,11.06.2026,,H014,WH INFORMA JABABEKA
R110260511T033_H014,WINGBOX,6600000,0,0,0,0,0,6600000,H014 - WH INFORMA JABABEKA,PT. CATUR GLOBAL LOGISTIK,7,ON SCHEDULE,29,0,11.06.2026,12.05.2026,17.05.2026,22.05.2026,22.05.2026,25.05.2026,25.05.2026,,H014,WH INFORMA JABABEKA
R110260511T034_H014,CONT-20,3900000,0,0,0,0,0,3900000,H014 - WH INFORMA JABABEKA,PT. JATIM PETROLEUM TRANSPORT,7,ON SCHEDULE,29,0,11.06.2026,12.05.2026,17.05.2026,05.06.2026,06.06.2026,24.06.2026,24.06.2026,,H014,WH INFORMA JABABEKA
R110260511T035_H014,CONT-20,3900000,0,0,0,0,0,3900000,H014 - WH INFORMA JABABEKA,PT. JATIM PETROLEUM TRANSPORT,7,ON SCHEDULE,29,0,10.06.2026,11.05.2026,16.05.2026,05.06.2026,06.06.2026,24.06.2026,24.06.2026,,H014,WH INFORMA JABABEKA
R110260511T036_H014,CONT-20,3900000,0,0,0,0,0,3900000,H014 - WH INFORMA JABABEKA,PT. JATIM PETROLEUM TRANSPORT,7,ON SCHEDULE,29,0,11.06.2026,12.05.2026,16.05.2026,05.06.2026,06.06.2026,24.06.2026,24.06.2026,,H014,WH INFORMA JABABEKA
R110260511T037_H014,CONT-40,25300000,0,0,0,0,0,25300000,H014 - WH INFORMA JABABEKA,PT. TPIL LOGISTICS,6,LATE,42,84,24.06.2026,12.05.2026,16.05.2026,20.07.2026,20.07.2026,21.07.2026,21.07.2026,,H014,WH INFORMA JABABEKA
R110260511T038_H014,WINGBOX,7000000,0,0,0,0,0,7000000,H014 - WH INFORMA JABABEKA,PT. DUNIA EXPRESS TRANSINDO,7,ON SCHEDULE,29,0,12.06.2026,13.05.2026,16.05.2026,04.06.2026,04.06.2026,11.06.2026,11.06.2026,,H014,WH INFORMA JABABEKA
R110260511T039_H014,CONT-20,15600000,0,0,0,0,0,15600000,H014 - WH INFORMA JABABEKA,PT. TPIL LOGISTICS,4,LATE,28,84,10.06.2026,12.05.2026,01.06.2026,04.06.2026,05.06.2026,,,,H014,WH INFORMA JABABEKA
R110260511T040_H014,CONT-20,3900000,0,0,0,0,0,3900000,H014 - WH INFORMA JABABEKA,PT. JATIM PETROLEUM TRANSPORT,7,ON SCHEDULE,29,0,11.06.2026,12.05.2026,17.05.2026,05.06.2026,06.06.2026,24.06.2026,24.06.2026,,H014,WH INFORMA JABABEKA
R110260511T041_H014,WINGBOX,6200000,0,0,0,0,0,6200000,H014 - WH INFORMA JABABEKA,PT. SATRIA PIRANTI PERKASA,7,ON SCHEDULE,29,0,11.06.2026,12.05.2026,17.05.2026,29.05.2026,29.05.2026,05.06.2026,05.06.2026,,H014,WH INFORMA JABABEKA
R110260511T046_H014,WINGBOX,7000000,0,0,0,0,0,7000000,H014 - WH INFORMA JABABEKA,PT. DUNIA EXPRESS TRANSINDO,7,ON SCHEDULE,29,0,12.06.2026,13.05.2026,16.05.2026,04.06.2026,04.06.2026,11.06.2026,11.06.2026,,H014,WH INFORMA JABABEKA
R110260511T047_H014,WINGBOX,7000000,0,0,0,0,0,7000000,H014 - WH INFORMA JABABEKA,PT. DUNIA EXPRESS TRANSINDO,7,ON SCHEDULE,29,0,11.06.2026,12.05.2026,16.05.2026,04.06.2026,04.06.2026,11.06.2026,11.06.2026,,H014,WH INFORMA JABABEKA
R110260511T050_H014,WINGBOX,6700000,0,0,0,0,0,6700000,H014 - WH INFORMA JABABEKA,PT.DHANESWARA EXPRES,7,ON SCHEDULE,29,0,11.06.2026,12.05.2026,17.05.2026,29.05.2026,29.05.2026,02.06.2026,02.06.2026,,H014,WH INFORMA JABABEKA
R110260512H042_H014,WINGBOX,1998000,0,0,0,0,0,1998000,H014 - WH INFORMA JABABEKA,PT. ARDYA PRIMA INTERNUSA,7,ON SCHEDULE,27,0,09.06.2026,12.05.2026,14.05.2026,20.05.2026,20.05.2026,04.06.2026,05.06.2026,,H014,WH INFORMA JABABEKA
R110260512H043_H014,WINGBOX,1998000,0,0,0,0,0,1998000,H014 - WH INFORMA JABABEKA,PT. ARDYA PRIMA INTERNUSA,7,ON SCHEDULE,27,0,09.06.2026,12.05.2026,14.05.2026,20.05.2026,20.05.2026,04.06.2026,05.06.2026,,H014,WH INFORMA JABABEKA
R110260512H047_H014,WINGBOX,4500000,0,0,0,0,0,4500000,H014 - WH INFORMA JABABEKA,PT. CEHA LOGISTIK CEMERLANG,7,ON SCHEDULE,29,0,11.06.2026,12.05.2026,14.05.2026,18.05.2026,18.05.2026,19.05.2026,20.05.2026,,H014,WH INFORMA JABABEKA
R110260512H048_H014,WINGBOX,3500000,0,0,0,0,0,3500000,H014 - WH INFORMA JABABEKA,PT. BINTANG SAMUDRA RAYA,7,ON SCHEDULE,29,0,11.06.2026,12.05.2026,14.05.2026,18.05.2026,18.05.2026,26.05.2026,03.06.2026,,H014,WH INFORMA JABABEKA
R110260512H049_H014,WINGBOX,2599000,0,0,0,0,0,2599000,H014 - WH INFORMA JABABEKA,PT. DUTA MEDIA MANDIRI,7,ON SCHEDULE,27,0,09.06.2026,12.05.2026,14.05.2026,18.05.2026,18.05.2026,19.05.2026,19.05.2026,,H014,WH INFORMA JABABEKA
R110260512H050_H014,WINGBOX,4825000,0,0,0,0,0,4825000,H014 - WH INFORMA JABABEKA,PT. CEHA LOGISTIK CEMERLANG,7,ON SCHEDULE,29,0,11.06.2026,12.05.2026,14.05.2026,18.05.2026,18.05.2026,19.05.2026,20.05.2026,,H014,WH INFORMA JABABEKA
R110260512H053_H014,WINGBOX,16000000,0,0,0,0,0,16000000,H014 - WH INFORMA JABABEKA,PT.ORANG KREATIF EKSIS,7,ON SCHEDULE,30,0,12.06.2026,12.05.2026,18.05.2026,25.05.2026,25.05.2026,04.06.2026,04.06.2026,,H014,WH INFORMA JABABEKA
R110260512H054_H014,CDD LONG CHASSIS,2250000,0,0,0,0,0,2250000,H014 - WH INFORMA JABABEKA,PT. BINTANG SAMUDRA RAYA,7,ON SCHEDULE,27,0,09.06.2026,12.05.2026,14.05.2026,18.05.2026,18.05.2026,26.05.2026,03.06.2026,,H014,WH INFORMA JABABEKA
R110260512H055_H014,CDD LONG CHASSIS,2250000,0,0,0,0,0,2250000,H014 - WH INFORMA JABABEKA,PT. BINTANG SAMUDRA RAYA,7,ON SCHEDULE,27,0,09.06.2026,12.05.2026,14.05.2026,18.05.2026,18.05.2026,26.05.2026,03.06.2026,,H014,WH INFORMA JABABEKA
R110260512H056_H014,WINGBOX,4000000,0,0,0,0,0,4000000,H014 - WH INFORMA JABABEKA,PT. BINTANG SAMUDRA RAYA,7,ON SCHEDULE,28,0,10.06.2026,12.05.2026,14.05.2026,18.05.2026,18.05.2026,26.05.2026,03.06.2026,,H014,WH INFORMA JABABEKA
R110260512H057_H014,CDD LONG CHASSIS,2200000,0,0,0,0,0,2200000,H014 - WH INFORMA JABABEKA,PT. AGUNG MAKMUR JAYA,7,ON SCHEDULE,27,0,09.06.2026,12.05.2026,14.05.2026,18.05.2026,18.05.2026,20.05.2026,22.05.2026,,H014,WH INFORMA JABABEKA
R110260512H058_H014,CDD LONG CHASSIS,2200000,0,0,0,0,0,2200000,H014 - WH INFORMA JABABEKA,PT. AGUNG MAKMUR JAYA,7,ON SCHEDULE,27,0,09.06.2026,12.05.2026,14.05.2026,18.05.2026,18.05.2026,20.05.2026,22.05.2026,,H014,WH INFORMA JABABEKA
R110260512H059_H014,WINGBOX,18000000,0,0,0,0,0,18000000,H014 - WH INFORMA JABABEKA,PT. BINTANG SAMUDRA RAYA,7,ON SCHEDULE,31,0,13.06.2026,12.05.2026,17.05.2026,18.05.2026,18.05.2026,29.05.2026,29.05.2026,,H014,WH INFORMA JABABEKA
R110260512H062_H014,CDD LONG CHASSIS,1400000,0,0,0,0,0,1400000,H014 - WH INFORMA JABABEKA,PT. ARDYA PRIMA INTERNUSA,7,ON SCHEDULE,27,0,09.06.2026,12.05.2026,14.05.2026,20.05.2026,20.05.2026,04.06.2026,05.06.2026,,H014,WH INFORMA JABABEKA
R110260512H065_H014,WINGBOX,4500000,0,0,0,0,0,4500000,H014 - WH INFORMA JABABEKA,PT. CEHA LOGISTIK CEMERLANG,7,ON SCHEDULE,29,0,11.06.2026,12.05.2026,14.05.2026,18.05.2026,18.05.2026,19.05.2026,20.05.2026,,H014,WH INFORMA JABABEKA
R110260512H070_H014,CDD LONG CHASSIS,10350000,0,0,0,0,0,10350000,H014 - WH INFORMA JABABEKA,PT.ORANG KREATIF EKSIS,7,ON SCHEDULE,33,0,15.06.2026,12.05.2026,17.05.2026,21.05.2026,21.05.2026,04.06.2026,04.06.2026,,H014,WH INFORMA JABABEKA
R110260512H071_H014,CDD LONG CHASSIS,10350000,0,0,0,0,0,10350000,H014 - WH INFORMA JABABEKA,PT.ORANG KREATIF EKSIS,7,ON SCHEDULE,33,0,15.06.2026,12.05.2026,17.05.2026,21.05.2026,21.05.2026,04.06.2026,04.06.2026,,H014,WH INFORMA JABABEKA
R110260512H072_H014,CDD LONG CHASSIS,10350000,0,0,0,0,0,10350000,H014 - WH INFORMA JABABEKA,PT.ORANG KREATIF EKSIS,7,ON SCHEDULE,33,0,15.06.2026,12.05.2026,17.05.2026,21.05.2026,21.05.2026,04.06.2026,04.06.2026,,H014,WH INFORMA JABABEKA
R110260512H076_H014,CDD LONG CHASSIS,3500000,0,0,0,0,0,3500000,H014 - WH INFORMA JABABEKA,PT. AGUNG MAKMUR JAYA,7,ON SCHEDULE,29,0,11.06.2026,12.05.2026,17.05.2026,18.05.2026,18.05.2026,20.05.2026,22.05.2026,,H014,WH INFORMA JABABEKA
R110260512H078_H014,CDD LONG CHASSIS,7500000,0,0,0,0,0,7500000,H014 - WH INFORMA JABABEKA,PT.ORANG KREATIF EKSIS,7,ON SCHEDULE,29,0,11.06.2026,12.05.2026,17.05.2026,21.05.2026,21.05.2026,04.06.2026,04.06.2026,,H014,WH INFORMA JABABEKA
R110260512L034_H014,CDD LONG CHASSIS,2850000,0,0,0,0,0,2850000,H014 - WH INFORMA JABABEKA,PT. AGUNG MAKMUR JAYA,7,ON SCHEDULE,27,0,09.06.2026,12.05.2026,14.05.2026,18.05.2026,18.05.2026,20.05.2026,22.05.2026,,H014,WH INFORMA JABABEKA
R110260512L061_H014,CDD LONG CHASSIS,1725000,0,0,0,0,0,1725000,H014 - WH INFORMA JABABEKA,PT. BINTANG SAMUDRA RAYA,7,ON SCHEDULE,27,0,09.06.2026,12.05.2026,14.05.2026,18.05.2026,18.05.2026,26.05.2026,03.06.2026,,H014,WH INFORMA JABABEKA
R110260512L073_H014,CDD LONG CHASSIS,2850000,0,0,0,0,0,2850000,H014 - WH INFORMA JABABEKA,PT. AGUNG MAKMUR JAYA,7,ON SCHEDULE,27,0,09.06.2026,12.05.2026,14.05.2026,18.05.2026,18.05.2026,20.05.2026,22.05.2026,,H014,WH INFORMA JABABEKA
R110260512L078_H014,CDD LONG CHASSIS,0,0,0,0,0,0,0,H014 - WH INFORMA JABABEKA,PT. MERPATI ALAM SEMESTA,2,LATE,20,83,02.06.2026,12.05.2026,29.05.2026,,,,,,H014,WH INFORMA JABABEKA
R110260512T011_H014,CONT-40,26500000,0,0,0,0,0,26500000,H014 - WH INFORMA JABABEKA,PT. SENTOSAPRIMA ABADI,6,LATE,40,83,23.06.2026,13.05.2026,01.06.2026,10.07.2026,10.07.2026,16.07.2026,16.07.2026,,H014,WH INFORMA JABABEKA
R110260512T012_H014,CONT-40,26000000,0,0,1000000,0,0,27000000,H014 - WH INFORMA JABABEKA,PT. WIDYA TRANS CARGO,7,ON SCHEDULE,42,0,24.06.2026,12.05.2026,20.05.2026,09.06.2026,09.06.2026,12.06.2026,12.06.2026,,H014,WH INFORMA JABABEKA
R110260512T013_H014,CONT-40,29000000,0,0,0,0,0,29000000,H014 - WH INFORMA JABABEKA,PT. WIDYA TRANS CARGO,7,ON SCHEDULE,40,0,22.06.2026,12.05.2026,01.06.2026,05.06.2026,05.06.2026,12.06.2026,29.06.2026,,H014,WH INFORMA JABABEKA
R110260512T014_H014,CONT-20,15800000,0,0,0,0,0,15800000,H014 - WH INFORMA JABABEKA,PT. SENTOSAPRIMA ABADI,6,LATE,40,82,23.06.2026,13.05.2026,01.06.2026,30.06.2026,30.06.2026,09.07.2026,09.07.2026,,H014,WH INFORMA JABABEKA
R110260512T016_H014,CONT-40,26500000,0,0,0,0,0,26500000,H014 - WH INFORMA JABABEKA,PT. SENTOSAPRIMA ABADI,7,ON SCHEDULE,40,0,23.06.2026,13.05.2026,24.05.2026,26.06.2026,26.06.2026,30.06.2026,30.06.2026,,H014,WH INFORMA JABABEKA
R110260512T017_H014,WINGBOX,5650000,0,0,0,0,0,5650000,H014 - WH INFORMA JABABEKA,PT. DUTA MEDIA MANDIRI,7,ON SCHEDULE,29,0,12.06.2026,13.05.2026,17.05.2026,18.05.2026,18.05.2026,25.05.2026,25.05.2026,,H014,WH INFORMA JABABEKA
R110260512T018_H014,CONT-20,0,0,0,0,0,0,0,H014 - WH INFORMA JABABEKA,PT. TPIL LOGISTICS,2,LATE,20,83,02.06.2026,12.05.2026,10.06.2026,,,,,,H014,WH INFORMA JABABEKA
R110260512T022_H014,CONT-40,0,0,0,0,0,0,0,H014 - WH INFORMA JABABEKA,PT. ARDYA PRIMA INTERNUSA,1,LATE,14,82,28.05.2026,13.05.2026,,,,,,,H014,WH INFORMA JABABEKA
R110260512T027_H014,CONT-20,3900000,0,0,0,0,0,3900000,H014 - WH INFORMA JABABEKA,PT. JATIM PETROLEUM TRANSPORT,7,ON SCHEDULE,29,0,11.06.2026,12.05.2026,17.05.2026,05.06.2026,06.06.2026,24.06.2026,24.06.2026,,H014,WH INFORMA JABABEKA
R110260512T029_H014,CONT-20,3900000,0,0,0,0,0,3900000,H014 - WH INFORMA JABABEKA,PT. JATIM PETROLEUM TRANSPORT,7,ON SCHEDULE,29,0,12.06.2026,13.05.2026,18.05.2026,05.06.2026,06.06.2026,24.06.2026,24.06.2026,,H014,WH INFORMA JABABEKA
R110260512T031_H014,CONT-20,19000000,0,0,0,0,0,19000000,H014 - WH INFORMA JABABEKA,PT. SENTOSAPRIMA ABADI,7,ON SCHEDULE,40,0,22.06.2026,12.05.2026,01.06.2026,26.06.2026,26.06.2026,01.07.2026,01.07.2026,,H014,WH INFORMA JABABEKA
R110260512T035_H014,WINGBOX,5650000,0,0,0,0,0,5650000,H014 - WH INFORMA JABABEKA,PT. DUTA MEDIA MANDIRI,7,ON SCHEDULE,29,0,11.06.2026,12.05.2026,16.05.2026,18.05.2026,18.05.2026,19.05.2026,21.05.2026,,H014,WH INFORMA JABABEKA
R110260512T036_H014,CONT-20,15050000,0,0,0,0,0,15050000,H014 - WH INFORMA JABABEKA,PT. TPIL LOGISTICS,2,LATE,22,82,05.06.2026,13.05.2026,31.05.2026,,,,,,H014,WH INFORMA JABABEKA
R110260512T037_H014,CONT-20,3900000,0,0,0,0,0,3900000,H014 - WH INFORMA JABABEKA,PT. JATIM PETROLEUM TRANSPORT,7,ON SCHEDULE,29,0,11.06.2026,12.05.2026,16.05.2026,05.06.2026,06.06.2026,24.06.2026,24.06.2026,,H014,WH INFORMA JABABEKA
R110260512T038_H014,CONT-20,16100000,0,0,0,0,0,16100000,H014 - WH INFORMA JABABEKA,PT. SENTOSAPRIMA ABADI,6,LATE,37,83,20.06.2026,13.05.2026,01.06.2026,10.07.2026,10.07.2026,16.07.2026,16.07.2026,,H014,WH INFORMA JABABEKA
R110260513H034_H014,WINGBOX,4825000,0,0,0,0,0,4825000,H014 - WH INFORMA JABABEKA,PT. CEHA LOGISTIK CEMERLANG,7,ON SCHEDULE,29,0,12.06.2026,13.05.2026,16.05.2026,18.05.2026,18.05.2026,19.05.2026,20.05.2026,,H014,WH INFORMA JABABEKA
R110260513H035_H014,WINGBOX,1998000,0,0,0,0,0,1998000,H014 - WH INFORMA JABABEKA,PT. ARDYA PRIMA INTERNUSA,7,ON SCHEDULE,27,0,10.06.2026,13.05.2026,14.05.2026,20.05.2026,20.05.2026,04.06.2026,05.06.2026,,H014,WH INFORMA JABABEKA
R110260513H038_H014,CDD LONG CHASSIS,1800000,0,0,0,0,0,1800000,H014 - WH INFORMA JABABEKA,PT. ARDYA PRIMA INTERNUSA,7,ON SCHEDULE,27,0,10.06.2026,13.05.2026,14.05.2026,20.05.2026,20.05.2026,04.06.2026,05.06.2026,,H014,WH INFORMA JABABEKA
R110260513H041_H014,CDD LONG CHASSIS,2250000,0,0,0,0,0,2250000,H014 - WH INFORMA JABABEKA,PT. BINTANG SAMUDRA RAYA,7,ON SCHEDULE,27,0,10.06.2026,13.05.2026,14.05.2026,18.05.2026,18.05.2026,26.05.2026,29.05.2026,,H014,WH INFORMA JABABEKA
R110260513H044_H014,CDD LONG CHASSIS,2850000,0,0,0,0,0,2850000,H014 - WH INFORMA JABABEKA,PT. BINTANG SAMUDRA RAYA,7,ON SCHEDULE,28,0,11.06.2026,13.05.2026,17.05.2026,18.05.2026,18.05.2026,26.05.2026,29.05.2026,,H014,WH INFORMA JABABEKA
R110260513H050_H014,WINGBOX,2599000,0,0,0,0,0,2599000,H014 - WH INFORMA JABABEKA,PT. DUTA MEDIA MANDIRI,7,ON SCHEDULE,27,0,10.06.2026,13.05.2026,14.05.2026,18.05.2026,18.05.2026,19.05.2026,19.05.2026,,H014,WH INFORMA JABABEKA
R110260513H056_H014,FUSO,4255000,0,0,0,0,0,4255000,H014 - WH INFORMA JABABEKA,PT.SIASAT CEPAT MUDA,7,ON SCHEDULE,29,0,12.06.2026,13.05.2026,16.05.2026,18.05.2026,18.05.2026,18.05.2026,20.05.2026,,H014,WH INFORMA JABABEKA
R110260513L040_H014,CDD LONG CHASSIS,3500000,0,0,0,0,0,3500000,H014 - WH INFORMA JABABEKA,PT.DHANESWARA EXPRES,7,ON SCHEDULE,28,0,11.06.2026,13.05.2026,16.05.2026,29.05.2026,29.05.2026,02.06.2026,02.06.2026,,H014,WH INFORMA JABABEKA
R110260513L041_H014,CDD LONG CHASSIS,3500000,0,0,0,0,0,3500000,H014 - WH INFORMA JABABEKA,PT. AGUNG MAKMUR JAYA,7,ON SCHEDULE,30,0,13.06.2026,13.05.2026,16.05.2026,18.05.2026,18.05.2026,20.05.2026,22.05.2026,,H014,WH INFORMA JABABEKA
R110260513L042_H014,CDD LONG CHASSIS,3600000,0,0,0,300000,0,3900000,H014 - WH INFORMA JABABEKA,PT. BINTANG SAMUDRA RAYA,7,ON SCHEDULE,30,0,13.06.2026,13.05.2026,16.05.2026,04.06.2026,04.06.2026,05.06.2026,05.06.2026,,H014,WH INFORMA JABABEKA
R110260513L043_H014,CDD LONG CHASSIS,3500000,0,0,0,100000,0,3600000,H014 - WH INFORMA JABABEKA,PT. AGUNG MAKMUR JAYA,7,ON SCHEDULE,30,0,14.06.2026,14.05.2026,17.05.2026,18.05.2026,18.05.2026,20.05.2026,22.05.2026,,H014,WH INFORMA JABABEKA
R110260513L043_H014,CDD LONG CHASSIS,3500000,0,0,0,100000,0,3600000,H014 - WH INFORMA JABABEKA,PT. AGUNG MAKMUR JAYA,7,ON SCHEDULE,30,0,14.06.2026,14.05.2026,17.05.2026,18.05.2026,18.05.2026,20.05.2026,22.05.2026,,H014,WH INFORMA JABABEKA
R110260513L043_H014,CDD LONG CHASSIS,3500000,0,0,0,100000,0,3600000,H014 - WH INFORMA JABABEKA,PT. AGUNG MAKMUR JAYA,7,ON SCHEDULE,30,0,14.06.2026,14.05.2026,17.05.2026,18.05.2026,18.05.2026,20.05.2026,22.05.2026,,H014,WH INFORMA JABABEKA
R110260513L044_H014,CDD LONG CHASSIS,3500000,0,0,0,100000,0,3600000,H014 - WH INFORMA JABABEKA,PT. AGUNG MAKMUR JAYA,7,ON SCHEDULE,27,0,10.06.2026,13.05.2026,16.05.2026,18.05.2026,18.05.2026,20.05.2026,22.05.2026,,H014,WH INFORMA JABABEKA
R110260513L044_H014,CDD LONG CHASSIS,3500000,0,0,0,100000,0,3600000,H014 - WH INFORMA JABABEKA,PT. AGUNG MAKMUR JAYA,7,ON SCHEDULE,27,0,10.06.2026,13.05.2026,16.05.2026,18.05.2026,18.05.2026,20.05.2026,22.05.2026,,H014,WH INFORMA JABABEKA
R110260513L044_H014,CDD LONG CHASSIS,3500000,0,0,0,100000,0,3600000,H014 - WH INFORMA JABABEKA,PT. AGUNG MAKMUR JAYA,7,ON SCHEDULE,27,0,10.06.2026,13.05.2026,16.05.2026,18.05.2026,18.05.2026,20.05.2026,22.05.2026,,H014,WH INFORMA JABABEKA
R110260513L057_H014,CDD LONG CHASSIS,2850000,0,0,0,0,0,2850000,H014 - WH INFORMA JABABEKA,PT. AGUNG MAKMUR JAYA,7,ON SCHEDULE,27,0,11.06.2026,14.05.2026,17.05.2026,18.05.2026,18.05.2026,20.05.2026,22.05.2026,,H014,WH INFORMA JABABEKA
R110260513L059_H014,CDD LONG CHASSIS,3900000,0,0,0,0,0,3900000,H014 - WH INFORMA JABABEKA,PT. BINTANG SAMUDRA RAYA,7,ON SCHEDULE,28,0,12.06.2026,14.05.2026,17.05.2026,18.05.2026,18.05.2026,26.05.2026,29.05.2026,,H014,WH INFORMA JABABEKA
R110260513L060_H014,CONT-20,0,0,0,0,0,0,0,H014 - WH INFORMA JABABEKA,PT. TPIL LOGISTICS,2,LATE,22,82,06.06.2026,14.05.2026,12.06.2026,,,,,,H014,WH INFORMA JABABEKA
R110260513L061_H014,CDD LONG CHASSIS,7500000,0,0,0,0,0,7500000,H014 - WH INFORMA JABABEKA,PT.ORANG KREATIF EKSIS,7,ON SCHEDULE,30,0,13.06.2026,13.05.2026,18.05.2026,21.05.2026,21.05.2026,04.06.2026,04.06.2026,,H014,WH INFORMA JABABEKA
R110260513L067_H014,CDD LONG CHASSIS,2850000,0,0,0,0,0,2850000,H014 - WH INFORMA JABABEKA,PT. AGUNG MAKMUR JAYA,7,ON SCHEDULE,27,0,10.06.2026,13.05.2026,17.05.2026,18.05.2026,18.05.2026,20.05.2026,22.05.2026,,H014,WH INFORMA JABABEKA
R110260513L092_H014,CDD LONG CHASSIS,1725000,0,0,0,0,0,1725000,H014 - WH INFORMA JABABEKA,PT. BINTANG SAMUDRA RAYA,7,ON SCHEDULE,27,0,10.06.2026,13.05.2026,14.05.2026,18.05.2026,18.05.2026,26.05.2026,29.05.2026,,H014,WH INFORMA JABABEKA
R110260513L093_H014,CDD LONG CHASSIS,3500000,0,0,0,0,0,3500000,H014 - WH INFORMA JABABEKA,PT. CEHA LOGISTIK CEMERLANG,7,ON SCHEDULE,29,0,12.06.2026,13.05.2026,16.05.2026,18.05.2026,18.05.2026,19.05.2026,20.05.2026,,H014,WH INFORMA JABABEKA
R110260513L095_H014,CDD LONG CHASSIS,7500000,0,0,0,150000,0,7650000,H014 - WH INFORMA JABABEKA,PT.ORANG KREATIF EKSIS,7,ON SCHEDULE,30,0,14.06.2026,14.05.2026,18.05.2026,25.05.2026,25.05.2026,04.06.2026,04.06.2026,,H014,WH INFORMA JABABEKA
R110260513T013_H014,WINGBOX,7000000,0,0,0,0,0,7000000,H014 - WH INFORMA JABABEKA,PT. DUNIA EXPRESS TRANSINDO,7,ON SCHEDULE,29,0,13.06.2026,14.05.2026,16.05.2026,04.06.2026,04.06.2026,11.06.2026,11.06.2026,,H014,WH INFORMA JABABEKA
R110260513T014_H014,WINGBOX,20000000,0,0,0,0,0,20000000,H014 - WH INFORMA JABABEKA,PT.ORANG KREATIF EKSIS,7,ON SCHEDULE,37,0,20.06.2026,13.05.2026,20.05.2026,29.05.2026,29.05.2026,04.06.2026,04.06.2026,,H014,WH INFORMA JABABEKA
R110260513T016_H014,CONT-40,25400000,0,0,1500000,0,0,26900000,H014 - WH INFORMA JABABEKA,PT. SENTOSAPRIMA ABADI,6,LATE,46,82,30.06.2026,14.05.2026,01.06.2026,03.07.2026,07.07.2026,07.07.2026,07.07.2026,,H014,WH INFORMA JABABEKA
R110260513T017_H014,CONT-20,13300000,0,0,0,0,0,13300000,H014 - WH INFORMA JABABEKA,PT.BANGKA JAYA LINE,7,ON SCHEDULE,40,0,24.06.2026,14.05.2026,22.05.2026,29.05.2026,30.05.2026,10.06.2026,26.06.2026,,H014,WH INFORMA JABABEKA
R110260513T018_H014,WINGBOX,25200000,0,0,0,0,0,25200000,H014 - WH INFORMA JABABEKA,PT. SERASI LOGISTIC,7,ON SCHEDULE,37,0,20.06.2026,13.05.2026,20.05.2026,03.06.2026,03.06.2026,04.06.2026,17.06.2026,,H014,WH INFORMA JABABEKA
R110260513T025_H014,WINGBOX,5650000,0,0,0,0,0,5650000,H014 - WH INFORMA JABABEKA,PT. DUTA MEDIA MANDIRI,7,ON SCHEDULE,29,0,13.06.2026,14.05.2026,16.05.2026,18.05.2026,18.05.2026,25.05.2026,25.05.2026,,H014,WH INFORMA JABABEKA
R110260513T026_H014,CONT-40,26000000,0,0,0,0,0,26000000,H014 - WH INFORMA JABABEKA,PT. TPIL LOGISTICS,4,LATE,28,82,11.06.2026,13.05.2026,24.05.2026,04.06.2026,05.06.2026,,,,H014,WH INFORMA JABABEKA
R110260513T035_H014,WINGBOX,6700000,0,0,0,0,0,6700000,H014 - WH INFORMA JABABEKA,PT.DHANESWARA EXPRES,7,ON SCHEDULE,29,0,12.06.2026,13.05.2026,16.05.2026,29.05.2026,29.05.2026,02.06.2026,02.06.2026,,H014,WH INFORMA JABABEKA
R110260513T036_H014,WINGBOX,6700000,0,0,0,0,0,6700000,H014 - WH INFORMA JABABEKA,PT.DHANESWARA EXPRES,7,ON SCHEDULE,29,0,12.06.2026,13.05.2026,16.05.2026,29.05.2026,29.05.2026,02.06.2026,02.06.2026,,H014,WH INFORMA JABABEKA
R110260513T037_H014,CONT-40,27200000,0,0,0,0,0,27200000,H014 - WH INFORMA JABABEKA,PT. SENTOSAPRIMA ABADI,6,LATE,37,82,20.06.2026,13.05.2026,01.06.2026,10.07.2026,10.07.2026,16.07.2026,16.07.2026,,H014,WH INFORMA JABABEKA
R110260513T038_H014,CONT-40,27200000,0,0,0,0,0,27200000,H014 - WH INFORMA JABABEKA,PT. SENTOSAPRIMA ABADI,6,LATE,37,82,20.06.2026,13.05.2026,01.06.2026,10.07.2026,10.07.2026,16.07.2026,16.07.2026,,H014,WH INFORMA JABABEKA
R110260513T039_H014,CONT-40,27200000,0,0,0,0,0,27200000,H014 - WH INFORMA JABABEKA,PT. SENTOSAPRIMA ABADI,6,LATE,37,82,20.06.2026,13.05.2026,01.06.2026,10.07.2026,10.07.2026,16.07.2026,16.07.2026,,H014,WH INFORMA JABABEKA
R110260513T040_H014,CONT-40,27200000,0,0,0,0,0,27200000,H014 - WH INFORMA JABABEKA,PT. SENTOSAPRIMA ABADI,6,LATE,37,82,20.06.2026,13.05.2026,01.06.2026,10.07.2026,10.07.2026,16.07.2026,16.07.2026,,H014,WH INFORMA JABABEKA
R110260513T041_H014,CONT-40,27200000,0,0,0,0,0,27200000,H014 - WH INFORMA JABABEKA,PT. SENTOSAPRIMA ABADI,6,LATE,37,82,20.06.2026,13.05.2026,01.06.2026,10.07.2026,10.07.2026,16.07.2026,16.07.2026,,H014,WH INFORMA JABABEKA
R110260513T042_H014,WINGBOX,7000000,0,0,0,0,0,7000000,H014 - WH INFORMA JABABEKA,PT. DUNIA EXPRESS TRANSINDO,7,ON SCHEDULE,29,0,12.06.2026,13.05.2026,16.05.2026,04.06.2026,04.06.2026,11.06.2026,11.06.2026,,H014,WH INFORMA JABABEKA
R110260513T043_H014,CONT-40,25300000,0,0,800000,0,0,26100000,H014 - WH INFORMA JABABEKA,PT. MITRA INTERTRANS FORWARDING,6,LATE,42,81,26.06.2026,14.05.2026,31.05.2026,16.07.2026,16.07.2026,16.07.2026,16.07.2026,,H014,WH INFORMA JABABEKA
R110260513T044_H014,CONT-40,26500000,0,0,0,0,0,26500000,H014 - WH INFORMA JABABEKA,PT. MITRA INTERTRANS FORWARDING,6,LATE,40,82,23.06.2026,13.05.2026,01.06.2026,14.07.2026,14.07.2026,15.07.2026,15.07.2026,,H014,WH INFORMA JABABEKA
R110260513T048_H014,CONT-20,20500000,0,0,0,0,0,20500000,H014 - WH INFORMA JABABEKA,PT. PAUS BIRU LOGISTIK,7,ON SCHEDULE,46,0,02.07.2026,16.05.2026,12.06.2026,23.06.2026,23.06.2026,30.06.2026,02.07.2026,,H014,WH INFORMA JABABEKA
R110260513T049_H014,WINGBOX,5650000,0,0,0,0,0,5650000,H014 - WH INFORMA JABABEKA,PT. DUTA MEDIA MANDIRI,7,ON SCHEDULE,29,0,13.06.2026,14.05.2026,16.05.2026,18.05.2026,18.05.2026,25.05.2026,25.05.2026,,H014,WH INFORMA JABABEKA
R110260513T050_H014,WINGBOX,5650000,0,0,0,0,0,5650000,H014 - WH INFORMA JABABEKA,PT. DUTA MEDIA MANDIRI,7,ON SCHEDULE,29,0,12.06.2026,13.05.2026,16.05.2026,18.05.2026,18.05.2026,25.05.2026,25.05.2026,,H014,WH INFORMA JABABEKA
R110260513T054_H014,WINGBOX,5600000,0,0,0,0,0,5600000,H014 - WH INFORMA JABABEKA,PT. BINTANG SAMUDRA RAYA,7,ON SCHEDULE,29,0,12.06.2026,13.05.2026,16.05.2026,18.05.2026,18.05.2026,29.05.2026,03.06.2026,,H014,WH INFORMA JABABEKA
R110260514H033_H014,WINGBOX,1998000,0,0,0,0,0,1998000,H014 - WH INFORMA JABABEKA,PT. ARDYA PRIMA INTERNUSA,7,ON SCHEDULE,27,0,11.06.2026,14.05.2026,17.05.2026,22.05.2026,22.05.2026,04.06.2026,05.06.2026,,H014,WH INFORMA JABABEKA
R110260514H034_H014,WINGBOX,4500000,0,0,0,0,0,4500000,H014 - WH INFORMA JABABEKA,PT. CEHA LOGISTIK CEMERLANG,7,ON SCHEDULE,29,0,13.06.2026,14.05.2026,17.05.2026,18.05.2026,18.05.2026,19.05.2026,20.05.2026,,H014,WH INFORMA JABABEKA
R110260514H038_H014,WINGBOX,4825000,0,0,0,0,0,4825000,H014 - WH INFORMA JABABEKA,PT. CEHA LOGISTIK CEMERLANG,7,ON SCHEDULE,29,0,13.06.2026,14.05.2026,17.05.2026,18.05.2026,18.05.2026,19.05.2026,20.05.2026,,H014,WH INFORMA JABABEKA
R110260514H040_H014,CDD LONG CHASSIS,2850000,0,0,0,0,0,2850000,H014 - WH INFORMA JABABEKA,PT. BINTANG SAMUDRA RAYA,7,ON SCHEDULE,28,0,12.06.2026,14.05.2026,17.05.2026,18.05.2026,18.05.2026,26.05.2026,29.05.2026,,H014,WH INFORMA JABABEKA
R110260514H041_H014,CONT-20,0,0,0,0,0,0,0,H014 - WH INFORMA JABABEKA,PT. TPIL LOGISTICS,2,LATE,22,81,06.06.2026,14.05.2026,12.06.2026,,,,,,H014,WH INFORMA JABABEKA
R110260514H044_H014,WINGBOX,4500000,0,0,0,0,0,4500000,H014 - WH INFORMA JABABEKA,PT. CEHA LOGISTIK CEMERLANG,7,ON SCHEDULE,29,0,13.06.2026,14.05.2026,17.05.2026,18.05.2026,18.05.2026,19.05.2026,20.05.2026,,H014,WH INFORMA JABABEKA
R110260514H047_H014,CDD LONG CHASSIS,2350000,0,0,0,0,0,2350000,H014 - WH INFORMA JABABEKA,PT. BINTANG SAMUDRA RAYA,7,ON SCHEDULE,29,0,13.06.2026,14.05.2026,17.05.2026,18.05.2026,18.05.2026,26.05.2026,29.05.2026,,H014,WH INFORMA JABABEKA
R110260514H048_H014,CDD LONG CHASSIS,2350000,0,0,0,0,0,2350000,H014 - WH INFORMA JABABEKA,PT. BINTANG SAMUDRA RAYA,7,ON SCHEDULE,29,0,13.06.2026,14.05.2026,17.05.2026,18.05.2026,18.05.2026,26.05.2026,29.05.2026,,H014,WH INFORMA JABABEKA
R110260514H050_H014,CDD LONG CHASSIS,1400000,0,0,0,0,0,1400000,H014 - WH INFORMA JABABEKA,PT. BINTANG SAMUDRA RAYA,7,ON SCHEDULE,27,0,11.06.2026,14.05.2026,17.05.2026,18.05.2026,18.05.2026,26.05.2026,29.05.2026,,H014,WH INFORMA JABABEKA
R110260514H051_H014,CDD LONG CHASSIS,1725000,0,0,0,0,0,1725000,H014 - WH INFORMA JABABEKA,PT. BINTANG SAMUDRA RAYA,7,ON SCHEDULE,27,0,11.06.2026,14.05.2026,16.05.2026,18.05.2026,18.05.2026,26.05.2026,29.05.2026,,H014,WH INFORMA JABABEKA
R110260514H052_H014,CDD LONG CHASSIS,2250000,0,0,0,0,0,2250000,H014 - WH INFORMA JABABEKA,PT. BINTANG SAMUDRA RAYA,7,ON SCHEDULE,27,0,12.06.2026,15.05.2026,17.05.2026,18.05.2026,18.05.2026,26.05.2026,29.05.2026,,H014,WH INFORMA JABABEKA
R110260514H056_H014,CDD LONG CHASSIS,12500000,0,0,0,0,0,12500000,H014 - WH INFORMA JABABEKA,PT.ORANG KREATIF EKSIS,7,ON SCHEDULE,30,0,14.06.2026,14.05.2026,20.05.2026,21.05.2026,21.05.2026,04.06.2026,04.06.2026,,H014,WH INFORMA JABABEKA
R110260514H057_H014,CDD LONG CHASSIS,12500000,0,0,0,0,0,12500000,H014 - WH INFORMA JABABEKA,PT.ORANG KREATIF EKSIS,7,ON SCHEDULE,30,0,15.06.2026,15.05.2026,20.05.2026,08.06.2026,08.06.2026,15.06.2026,15.06.2026,,H014,WH INFORMA JABABEKA
R110260514H058_H014,CDD LONG CHASSIS,12500000,0,0,0,0,0,12500000,H014 - WH INFORMA JABABEKA,PT.ORANG KREATIF EKSIS,7,ON SCHEDULE,30,0,15.06.2026,15.05.2026,20.05.2026,05.06.2026,05.06.2026,15.06.2026,15.06.2026,,H014,WH INFORMA JABABEKA
R110260514H060_H014,CDD LONG CHASSIS,3500000,0,0,0,0,0,3500000,H014 - WH INFORMA JABABEKA,PT. AGUNG MAKMUR JAYA,7,ON SCHEDULE,29,0,13.06.2026,14.05.2026,17.05.2026,18.05.2026,18.05.2026,20.05.2026,22.05.2026,,H014,WH INFORMA JABABEKA
R110260514L031_H014,CONT-20,0,0,0,0,0,0,0,H014 - WH INFORMA JABABEKA,PT. TPIL LOGISTICS,2,LATE,6,81,21.05.2026,14.05.2026,09.06.2026,,,,,,H014,WH INFORMA JABABEKA
R110260514L053_H014,CDD LONG CHASSIS,3600000,0,0,0,0,0,3600000,H014 - WH INFORMA JABABEKA,PT. BINTANG SAMUDRA RAYA,7,ON SCHEDULE,30,0,15.06.2026,15.05.2026,18.05.2026,18.05.2026,18.05.2026,26.05.2026,29.05.2026,,H014,WH INFORMA JABABEKA
R110260514L054_H014,CDD LONG CHASSIS,3500000,0,0,0,0,0,3500000,H014 - WH INFORMA JABABEKA,PT. AGUNG MAKMUR JAYA,7,ON SCHEDULE,30,0,15.06.2026,15.05.2026,18.05.2026,18.05.2026,18.05.2026,20.05.2026,22.05.2026,,H014,WH INFORMA JABABEKA
R110260514L060_H014,CDD LONG CHASSIS,1400000,0,0,0,200000,0,1600000,H014 - WH INFORMA JABABEKA,PT. BINTANG SAMUDRA RAYA,7,ON SCHEDULE,27,0,13.06.2026,16.05.2026,19.05.2026,04.06.2026,04.06.2026,05.06.2026,05.06.2026,,H014,WH INFORMA JABABEKA
R110260514L063_H014,CDD LONG CHASSIS,1750000,0,0,0,0,0,1750000,H014 - WH INFORMA JABABEKA,PT. CATUR GLOBAL LOGISTIK,7,ON SCHEDULE,27,0,12.06.2026,15.05.2026,17.05.2026,29.05.2026,29.05.2026,29.05.2026,29.05.2026,,H014,WH INFORMA JABABEKA
R110260514L064_H014,CDD LONG CHASSIS,1750000,0,0,0,250000,0,2000000,H014 - WH INFORMA JABABEKA,PT. CATUR GLOBAL LOGISTIK,7,ON SCHEDULE,27,0,12.06.2026,15.05.2026,17.05.2026,29.05.2026,29.05.2026,29.05.2026,29.05.2026,,H014,WH INFORMA JABABEKA
R110260514L065_H014,WINGBOX,4500000,0,0,0,350000,0,4850000,H014 - WH INFORMA JABABEKA,PT. CEHA LOGISTIK CEMERLANG,7,ON SCHEDULE,29,0,14.06.2026,15.05.2026,18.05.2026,18.05.2026,19.05.2026,19.05.2026,20.05.2026,,H014,WH INFORMA JABABEKA
R110260514L067_H014,CDD LONG CHASSIS,3500000,0,0,0,0,0,3500000,H014 - WH INFORMA JABABEKA,PT. AGUNG MAKMUR JAYA,7,ON SCHEDULE,30,0,15.06.2026,15.05.2026,18.05.2026,18.05.2026,18.05.2026,20.05.2026,22.05.2026,,H014,WH INFORMA JABABEKA
R110260514L070_H014,CDD LONG CHASSIS,3500000,0,0,0,0,0,3500000,H014 - WH INFORMA JABABEKA,PT. CEHA LOGISTIK CEMERLANG,7,ON SCHEDULE,28,0,13.06.2026,15.05.2026,18.05.2026,18.05.2026,18.05.2026,19.05.2026,20.05.2026,,H014,WH INFORMA JABABEKA
R110260514T020_H014,WINGBOX,6600000,0,0,0,0,0,6600000,H014 - WH INFORMA JABABEKA,PT. CATUR GLOBAL LOGISTIK,7,ON SCHEDULE,29,0,14.06.2026,15.05.2026,18.05.2026,29.05.2026,29.05.2026,29.05.2026,29.05.2026,,H014,WH INFORMA JABABEKA
R110260514T032_H014,CONT-20,3900000,0,0,0,0,0,3900000,H014 - WH INFORMA JABABEKA,PT. JATIM PETROLEUM TRANSPORT,7,ON SCHEDULE,29,0,13.06.2026,14.05.2026,16.05.2026,05.06.2026,06.06.2026,24.06.2026,24.06.2026,,H014,WH INFORMA JABABEKA
R110260514T033_H014,WINGBOX,6600000,0,0,0,0,0,6600000,H014 - WH INFORMA JABABEKA,PT. CATUR GLOBAL LOGISTIK,7,ON SCHEDULE,29,0,13.06.2026,14.05.2026,16.05.2026,29.05.2026,29.05.2026,29.05.2026,29.05.2026,,H014,WH INFORMA JABABEKA
R110260514T034_H014,CONT-40,26300000,0,0,0,0,0,26300000,H014 - WH INFORMA JABABEKA,PT. TPIL LOGISTICS,2,LATE,17,81,01.06.2026,14.05.2026,01.06.2026,,,,,,H014,WH INFORMA JABABEKA
R110260514T035_H014,CONT-40,29000000,0,0,0,0,0,29000000,H014 - WH INFORMA JABABEKA,PT. WIDYA TRANS CARGO,7,ON SCHEDULE,40,0,25.06.2026,15.05.2026,01.06.2026,05.06.2026,05.06.2026,12.06.2026,29.06.2026,,H014,WH INFORMA JABABEKA
R110260514T038_H014,WINGBOX,5650000,0,0,0,0,0,5650000,H014 - WH INFORMA JABABEKA,PT. DUTA MEDIA MANDIRI,7,ON SCHEDULE,29,0,13.06.2026,14.05.2026,16.05.2026,18.05.2026,18.05.2026,25.05.2026,25.05.2026,,H014,WH INFORMA JABABEKA
R110260514T039_H014,WINGBOX,5650000,0,0,0,0,0,5650000,H014 - WH INFORMA JABABEKA,PT. DUTA MEDIA MANDIRI,7,ON SCHEDULE,29,0,14.06.2026,15.05.2026,18.05.2026,19.05.2026,20.05.2026,25.05.2026,25.05.2026,,H014,WH INFORMA JABABEKA
R110260514T040_H014,CONT-40,26000000,0,0,1000000,0,0,27000000,H014 - WH INFORMA JABABEKA,PT. WIDYA TRANS CARGO,7,ON SCHEDULE,42,0,27.06.2026,15.05.2026,20.05.2026,09.06.2026,09.06.2026,12.06.2026,29.06.2026,,H014,WH INFORMA JABABEKA
R110260514T043_H014,CONT-40,26300000,0,0,0,0,0,26300000,H014 - WH INFORMA JABABEKA,PT. TPIL LOGISTICS,2,LATE,17,81,02.06.2026,15.05.2026,01.06.2026,,,,,,H014,WH INFORMA JABABEKA
R110260514T044_H014,CONT-40,25400000,0,0,1500000,0,0,26900000,H014 - WH INFORMA JABABEKA,PT. SENTOSAPRIMA ABADI,6,LATE,46,81,01.07.2026,15.05.2026,07.06.2026,03.07.2026,07.07.2026,07.07.2026,07.07.2026,,H014,WH INFORMA JABABEKA
R110260514T046_H014,CONT-40,26500000,0,0,0,0,0,26500000,H014 - WH INFORMA JABABEKA,PT. SENTOSAPRIMA ABADI,6,LATE,40,80,25.06.2026,15.05.2026,01.06.2026,10.07.2026,10.07.2026,16.07.2026,16.07.2026,,H014,WH INFORMA JABABEKA
R110260514T047_H014,CONT-40,32000000,0,0,0,0,0,32000000,H014 - WH INFORMA JABABEKA,PT. DAYA EKA SAMUDERA JAKARTA,7,ON SCHEDULE,37,0,01.07.2026,24.05.2026,15.06.2026,15.06.2026,15.06.2026,17.06.2026,18.06.2026,,H014,WH INFORMA JABABEKA
R110260514T048_H014,CONT-40,26500000,0,0,0,0,0,26500000,H014 - WH INFORMA JABABEKA,PT. SENTOSAPRIMA ABADI,6,LATE,40,81,25.06.2026,15.05.2026,01.06.2026,10.07.2026,10.07.2026,16.07.2026,16.07.2026,,H014,WH INFORMA JABABEKA
R110260514T055_H014,WINGBOX,6500000,0,0,0,0,0,6500000,H014 - WH INFORMA JABABEKA,PT.AMANAH TRANSMULIA MANDIRI LOGISTIK,7,ON SCHEDULE,29,0,14.06.2026,15.05.2026,18.05.2026,20.05.2026,20.05.2026,21.05.2026,21.05.2026,,H014,WH INFORMA JABABEKA
R110260515H041_H014,WINGBOX,4825000,0,0,0,0,0,4825000,H014 - WH INFORMA JABABEKA,PT. CEHA LOGISTIK CEMERLANG,7,ON SCHEDULE,29,0,15.06.2026,16.05.2026,18.05.2026,18.05.2026,18.05.2026,19.05.2026,20.05.2026,,H014,WH INFORMA JABABEKA
R110260515H045_H014,CDD LONG CHASSIS,2250000,0,0,0,0,0,2250000,H014 - WH INFORMA JABABEKA,PT. BINTANG SAMUDRA RAYA,7,ON SCHEDULE,27,0,12.06.2026,15.05.2026,17.05.2026,18.05.2026,18.05.2026,26.05.2026,29.05.2026,,H014,WH INFORMA JABABEKA
R110260515H046_H014,CDD LONG CHASSIS,2850000,0,0,0,0,0,2850000,H014 - WH INFORMA JABABEKA,PT. BINTANG SAMUDRA RAYA,7,ON SCHEDULE,28,0,13.06.2026,15.05.2026,18.05.2026,18.05.2026,18.05.2026,26.05.2026,29.05.2026,,H014,WH INFORMA JABABEKA
R110260515H047_H014,CDD LONG CHASSIS,2250000,0,0,0,0,0,2250000,H014 - WH INFORMA JABABEKA,PT. BINTANG SAMUDRA RAYA,7,ON SCHEDULE,27,0,13.06.2026,16.05.2026,18.05.2026,22.05.2026,22.05.2026,26.05.2026,29.05.2026,,H014,WH INFORMA JABABEKA
R110260515H051_H014,CDD LONG CHASSIS,1725000,0,0,0,0,0,1725000,H014 - WH INFORMA JABABEKA,PT. BINTANG SAMUDRA RAYA,7,ON SCHEDULE,27,0,12.06.2026,15.05.2026,17.05.2026,18.05.2026,18.05.2026,26.05.2026,29.05.2026,,H014,WH INFORMA JABABEKA
R110260515H052_H014,CDD LONG CHASSIS,2200000,0,0,0,0,0,2200000,H014 - WH INFORMA JABABEKA,PT. AGUNG MAKMUR JAYA,7,ON SCHEDULE,27,0,12.06.2026,15.05.2026,17.05.2026,18.05.2026,18.05.2026,20.05.2026,22.05.2026,,H014,WH INFORMA JABABEKA
R110260515H055_H014,WINGBOX,15000000,0,0,0,0,0,15000000,H014 - WH INFORMA JABABEKA,PT. BINTANG SAMUDRA RAYA,7,ON SCHEDULE,30,0,15.06.2026,15.05.2026,20.05.2026,22.05.2026,22.05.2026,29.05.2026,03.06.2026,,H014,WH INFORMA JABABEKA
R110260515H060_H014,WINGBOX,10700000,0,0,0,0,0,10700000,H014 - WH INFORMA JABABEKA,PT. BINTANG SAMUDRA RAYA,7,ON SCHEDULE,30,0,16.06.2026,16.05.2026,20.05.2026,22.05.2026,22.05.2026,29.05.2026,29.05.2026,,H014,WH INFORMA JABABEKA
R110260515H061_H014,CDD LONG CHASSIS,14800000,0,0,0,0,0,14800000,H014 - WH INFORMA JABABEKA,PT.ORANG KREATIF EKSIS,7,ON SCHEDULE,31,0,20.06.2026,19.05.2026,15.06.2026,18.06.2026,18.06.2026,25.06.2026,25.06.2026,,H014,WH INFORMA JABABEKA
R110260515H062_H014,CDD LONG CHASSIS,12400000,0,0,0,0,0,12400000,H014 - WH INFORMA JABABEKA,PT.ORANG KREATIF EKSIS,7,ON SCHEDULE,31,0,16.06.2026,15.05.2026,20.05.2026,25.05.2026,25.05.2026,04.06.2026,04.06.2026,,H014,WH INFORMA JABABEKA
R110260515H063_H014,CDD LONG CHASSIS,12400000,0,0,0,0,0,12400000,H014 - WH INFORMA JABABEKA,PT.ORANG KREATIF EKSIS,7,ON SCHEDULE,31,0,16.06.2026,15.05.2026,20.05.2026,25.05.2026,25.05.2026,04.06.2026,04.06.2026,,H014,WH INFORMA JABABEKA
R110260515H065_H014,WINGBOX,4825000,0,0,0,0,0,4825000,H014 - WH INFORMA JABABEKA,PT. CEHA LOGISTIK CEMERLANG,7,ON SCHEDULE,29,0,15.06.2026,16.05.2026,18.05.2026,18.05.2026,18.05.2026,26.05.2026,26.05.2026,,H014,WH INFORMA JABABEKA
R110260515H069_H014,WINGBOX,10700000,0,0,0,0,0,10700000,H014 - WH INFORMA JABABEKA,PT. BINTANG SAMUDRA RAYA,7,ON SCHEDULE,30,0,16.06.2026,16.05.2026,20.05.2026,21.05.2026,21.05.2026,29.05.2026,03.06.2026,,H014,WH INFORMA JABABEKA
R110260515L076_H014,CDD LONG CHASSIS,7400000,0,0,0,0,0,7400000,H014 - WH INFORMA JABABEKA,PT. BINTANG SAMUDRA RAYA,7,ON SCHEDULE,30,0,16.06.2026,16.05.2026,20.05.2026,22.05.2026,22.05.2026,29.05.2026,03.06.2026,,H014,WH INFORMA JABABEKA
R110260515L085_H014,CDD LONG CHASSIS,3500000,0,0,0,0,0,3500000,H014 - WH INFORMA JABABEKA,PT. CEHA LOGISTIK CEMERLANG,7,ON SCHEDULE,30,0,16.06.2026,16.05.2026,18.05.2026,18.05.2026,18.05.2026,04.06.2026,04.06.2026,,H014,WH INFORMA JABABEKA
R110260515L087_H014,CDD LONG CHASSIS,3600000,0,0,0,0,0,3600000,H014 - WH INFORMA JABABEKA,PT. BINTANG SAMUDRA RAYA,7,ON SCHEDULE,30,0,16.06.2026,16.05.2026,18.05.2026,22.05.2026,22.05.2026,26.05.2026,29.05.2026,,H014,WH INFORMA JABABEKA
R110260515L088_H014,CDD LONG CHASSIS,2100000,0,0,0,0,0,2100000,H014 - WH INFORMA JABABEKA,PT. BINTANG SAMUDRA RAYA,7,ON SCHEDULE,26,0,11.06.2026,15.05.2026,17.05.2026,18.05.2026,18.05.2026,26.05.2026,29.05.2026,,H014,WH INFORMA JABABEKA
R110260515T017_H014,WINGBOX,5650000,0,0,0,0,0,5650000,H014 - WH INFORMA JABABEKA,PT. DUTA MEDIA MANDIRI,7,ON SCHEDULE,29,0,15.06.2026,16.05.2026,19.05.2026,19.05.2026,20.05.2026,25.05.2026,25.05.2026,,H014,WH INFORMA JABABEKA
R110260515T024_H014,WINGBOX,6200000,0,0,0,0,0,6200000,H014 - WH INFORMA JABABEKA,PT. SATRIA PIRANTI PERKASA,7,ON SCHEDULE,29,0,14.06.2026,15.05.2026,19.05.2026,15.06.2026,15.06.2026,24.06.2026,24.06.2026,,H014,WH INFORMA JABABEKA
R110260515T027_H014,CONT-20,17000000,0,0,800000,0,0,17800000,H014 - WH INFORMA JABABEKA,PT. SARANA TRANS SUMATERA,6,LATE,46,80,02.07.2026,16.05.2026,01.06.2026,08.07.2026,08.07.2026,08.07.2026,09.07.2026,,H014,WH INFORMA JABABEKA
R110260515T028_H014,WINGBOX,6200000,0,0,0,0,0,6200000,H014 - WH INFORMA JABABEKA,PT. SATRIA PIRANTI PERKASA,7,ON SCHEDULE,29,0,14.06.2026,15.05.2026,19.05.2026,29.05.2026,29.05.2026,05.06.2026,05.06.2026,,H014,WH INFORMA JABABEKA
R110260515T029_H014,WINGBOX,6200000,0,0,0,0,0,6200000,H014 - WH INFORMA JABABEKA,PT. SATRIA PIRANTI PERKASA,7,ON SCHEDULE,29,0,14.06.2026,15.05.2026,19.05.2026,24.06.2026,24.06.2026,30.06.2026,30.06.2026,,H014,WH INFORMA JABABEKA
R110260515T031_H014,CONT-40,27100000,0,0,600000,0,0,27700000,H014 - WH INFORMA JABABEKA,PT. SENTOSAPRIMA ABADI,6,LATE,42,80,28.06.2026,16.05.2026,31.05.2026,13.07.2026,13.07.2026,17.07.2026,17.07.2026,,H014,WH INFORMA JABABEKA
R110260515T033_H014,CONT-40,26500000,0,0,0,0,0,26500000,H014 - WH INFORMA JABABEKA,PT. SENTOSAPRIMA ABADI,6,LATE,40,80,26.06.2026,16.05.2026,01.06.2026,10.07.2026,10.07.2026,16.07.2026,16.07.2026,,H014,WH INFORMA JABABEKA
R110260515T034_H014,WINGBOX,6600000,0,0,0,0,0,6600000,H014 - WH INFORMA JABABEKA,PT. CATUR GLOBAL LOGISTIK,7,ON SCHEDULE,29,0,14.06.2026,15.05.2026,19.05.2026,29.05.2026,29.05.2026,29.05.2026,29.05.2026,,H014,WH INFORMA JABABEKA
R110260515T035_H014,CONT-40,26500000,0,0,0,0,0,26500000,H014 - WH INFORMA JABABEKA,PT. SENTOSAPRIMA ABADI,6,LATE,40,80,25.06.2026,15.05.2026,01.06.2026,10.07.2026,10.07.2026,16.07.2026,16.07.2026,,H014,WH INFORMA JABABEKA
R110260515T036_H014,CONT-40,32000000,0,0,0,0,0,32000000,H014 - WH INFORMA JABABEKA,PT. DAYA EKA SAMUDERA JAKARTA,7,ON SCHEDULE,37,0,23.06.2026,16.05.2026,01.06.2026,11.06.2026,11.06.2026,12.06.2026,12.06.2026,,H014,WH INFORMA JABABEKA
R110260515T041_H014,CONT-40,30400000,0,0,0,0,0,30400000,H014 - WH INFORMA JABABEKA,PT. SENTOSAPRIMA ABADI,6,LATE,40,80,26.06.2026,16.05.2026,05.06.2026,03.07.2026,03.07.2026,06.07.2026,07.07.2026,,H014,WH INFORMA JABABEKA
R110260515T042_H014,CONT-40,25400000,0,0,1500000,0,0,26900000,H014 - WH INFORMA JABABEKA,PT. SENTOSAPRIMA ABADI,6,LATE,46,80,02.07.2026,16.05.2026,07.06.2026,03.07.2026,07.07.2026,07.07.2026,07.07.2026,,H014,WH INFORMA JABABEKA
R110260516C149_H014,,0,0,0,0,0,0,0,H014 - WH INFORMA JABABEKA,PT. ARDYA PRIMA INTERNUSA,1,LATE,0,80,17.05.2026,16.05.2026,,,,,,,H014,WH INFORMA JABABEKA
R110260516H037_H014,WINGBOX,4825000,0,0,0,0,0,4825000,H014 - WH INFORMA JABABEKA,PT. CEHA LOGISTIK CEMERLANG,7,ON SCHEDULE,29,0,15.06.2026,16.05.2026,18.05.2026,18.05.2026,18.05.2026,19.05.2026,20.05.2026,,H014,WH INFORMA JABABEKA
R110260516H038_H014,WINGBOX,2599000,0,0,0,0,0,2599000,H014 - WH INFORMA JABABEKA,PT. DUTA MEDIA MANDIRI,7,ON SCHEDULE,27,0,13.06.2026,16.05.2026,18.05.2026,19.05.2026,20.05.2026,25.05.2026,25.05.2026,,H014,WH INFORMA JABABEKA
R110260516H039_H014,WINGBOX,1998000,0,0,0,0,0,1998000,H014 - WH INFORMA JABABEKA,PT. ARDYA PRIMA INTERNUSA,7,ON SCHEDULE,27,0,13.06.2026,16.05.2026,18.05.2026,22.05.2026,22.05.2026,04.06.2026,05.06.2026,,H014,WH INFORMA JABABEKA
R110260516H041_H014,CDD LONG CHASSIS,2200000,0,0,0,0,0,2200000,H014 - WH INFORMA JABABEKA,PT. AGUNG MAKMUR JAYA,7,ON SCHEDULE,27,0,13.06.2026,16.05.2026,18.05.2026,18.05.2026,18.05.2026,20.05.2026,22.05.2026,,H014,WH INFORMA JABABEKA
R110260516H043_H014,WINGBOX,3500000,0,0,0,0,0,3500000,H014 - WH INFORMA JABABEKA,PT. BINTANG SAMUDRA RAYA,7,ON SCHEDULE,29,0,15.06.2026,16.05.2026,18.05.2026,21.05.2026,21.05.2026,29.05.2026,03.06.2026,,H014,WH INFORMA JABABEKA
R110260516H045_H014,CDD LONG CHASSIS,2850000,0,0,0,0,0,2850000,H014 - WH INFORMA JABABEKA,PT. BINTANG SAMUDRA RAYA,7,ON SCHEDULE,28,0,14.06.2026,16.05.2026,18.05.2026,22.05.2026,22.05.2026,29.05.2026,29.05.2026,,H014,WH INFORMA JABABEKA
R110260516H046_H014,WINGBOX,1998000,0,0,0,0,0,1998000,H014 - WH INFORMA JABABEKA,PT. ARDYA PRIMA INTERNUSA,7,ON SCHEDULE,27,0,13.06.2026,16.05.2026,18.05.2026,22.05.2026,22.05.2026,04.06.2026,05.06.2026,,H014,WH INFORMA JABABEKA
R110260516H048_H014,WINGBOX,17000000,0,0,0,0,0,17000000,H014 - WH INFORMA JABABEKA,PT. BINTANG SAMUDRA RAYA,7,ON SCHEDULE,33,0,19.06.2026,16.05.2026,21.05.2026,22.05.2026,22.05.2026,29.05.2026,29.05.2026,,H014,WH INFORMA JABABEKA
R110260516H049_H014,WINGBOX,4500000,0,0,0,0,0,4500000,H014 - WH INFORMA JABABEKA,PT. CEHA LOGISTIK CEMERLANG,7,ON SCHEDULE,29,0,15.06.2026,16.05.2026,18.05.2026,18.05.2026,18.05.2026,19.05.2026,20.05.2026,,H014,WH INFORMA JABABEKA
R110260516H050_H014,WINGBOX,4500000,0,0,0,0,0,4500000,H014 - WH INFORMA JABABEKA,PT. CEHA LOGISTIK CEMERLANG,7,ON SCHEDULE,29,0,15.06.2026,16.05.2026,18.05.2026,18.05.2026,18.05.2026,19.05.2026,20.05.2026,,H014,WH INFORMA JABABEKA
R110260516H052_H014,CDD LONG CHASSIS,3950000,0,0,0,600000,0,4550000,H014 - WH INFORMA JABABEKA,PT. CEHA LOGISTIK CEMERLANG,7,ON SCHEDULE,29,0,15.06.2026,16.05.2026,18.05.2026,25.05.2026,25.05.2026,26.05.2026,26.05.2026,,H014,WH INFORMA JABABEKA
R110260516H061_H014,WINGBOX,4825000,0,0,0,0,0,4825000,H014 - WH INFORMA JABABEKA,PT. CEHA LOGISTIK CEMERLANG,7,ON SCHEDULE,29,0,15.06.2026,16.05.2026,18.05.2026,18.05.2026,18.05.2026,26.05.2026,26.05.2026,,H014,WH INFORMA JABABEKA
R110260516L080_H014,CDD LONG CHASSIS,2850000,0,0,0,0,0,2850000,H014 - WH INFORMA JABABEKA,PT. AGUNG MAKMUR JAYA,7,ON SCHEDULE,27,0,13.06.2026,16.05.2026,18.05.2026,19.05.2026,20.05.2026,20.05.2026,22.05.2026,,H014,WH INFORMA JABABEKA
R110260516L096_H014,CDD LONG CHASSIS,2850000,0,0,0,0,0,2850000,H014 - WH INFORMA JABABEKA,PT. AGUNG MAKMUR JAYA,7,ON SCHEDULE,27,0,13.06.2026,16.05.2026,18.05.2026,19.05.2026,20.05.2026,08.06.2026,12.06.2026,,H014,WH INFORMA JABABEKA
R110260516T018_H014,WINGBOX,5650000,0,0,0,0,0,5650000,H014 - WH INFORMA JABABEKA,PT. DUTA MEDIA MANDIRI,7,ON SCHEDULE,29,0,15.06.2026,16.05.2026,19.05.2026,19.05.2026,20.05.2026,25.05.2026,25.05.2026,,H014,WH INFORMA JABABEKA
R110260516T019_H014,CONT-40,26500000,0,0,0,0,0,26500000,H014 - WH INFORMA JABABEKA,PT. SENTOSAPRIMA ABADI,6,LATE,40,79,26.06.2026,16.05.2026,01.06.2026,10.07.2026,10.07.2026,16.07.2026,16.07.2026,,H014,WH INFORMA JABABEKA
R110260516T020_H014,WINGBOX,20000000,0,0,0,0,0,20000000,H014 - WH INFORMA JABABEKA,PT.ORANG KREATIF EKSIS,7,ON SCHEDULE,37,0,23.06.2026,16.05.2026,23.05.2026,29.05.2026,29.05.2026,04.06.2026,04.06.2026,,H014,WH INFORMA JABABEKA
R110260516T021_H014,WINGBOX,25200000,0,0,0,0,0,25200000,H014 - WH INFORMA JABABEKA,PT. SERASI LOGISTIC,7,ON SCHEDULE,37,0,23.06.2026,16.05.2026,23.05.2026,03.06.2026,03.06.2026,04.06.2026,24.06.2026,,H014,WH INFORMA JABABEKA
R110260516T023_H014,CONT-40,27100000,0,0,600000,0,0,27700000,H014 - WH INFORMA JABABEKA,PT. SENTOSAPRIMA ABADI,6,LATE,42,79,28.06.2026,16.05.2026,05.06.2026,08.07.2026,08.07.2026,09.07.2026,09.07.2026,,H014,WH INFORMA JABABEKA
R110260516T027_H014,CONT-40,30400000,0,0,0,0,0,30400000,H014 - WH INFORMA JABABEKA,PT. SENTOSAPRIMA ABADI,6,LATE,40,79,26.06.2026,16.05.2026,10.06.2026,03.07.2026,03.07.2026,06.07.2026,07.07.2026,,H014,WH INFORMA JABABEKA
R110260516T029_H014,CONT-20,18200000,0,0,0,0,0,18200000,H014 - WH INFORMA JABABEKA,PT. SARANA TRANS SUMATERA,7,ON SCHEDULE,40,0,27.06.2026,17.05.2026,15.06.2026,26.06.2026,26.06.2026,29.06.2026,29.06.2026,,H014,WH INFORMA JABABEKA
R110260517H032_H014,WINGBOX,2034000,0,0,0,0,0,2034000,H014 - WH INFORMA JABABEKA,PT. DUTA MEDIA MANDIRI,7,ON SCHEDULE,27,0,13.06.2026,16.05.2026,25.05.2026,25.05.2026,25.05.2026,25.05.2026,25.05.2026,,H014,WH INFORMA JABABEKA
R110260517H033_H014,WINGBOX,11500000,0,0,0,0,0,11500000,H014 - WH INFORMA JABABEKA,PT. BINTANG SAMUDRA RAYA,7,ON SCHEDULE,29,0,17.06.2026,18.05.2026,22.05.2026,22.05.2026,22.05.2026,29.05.2026,29.05.2026,,H014,WH INFORMA JABABEKA
R110260517H034_H014,WINGBOX,18000000,0,0,0,0,0,18000000,H014 - WH INFORMA JABABEKA,PT. BINTANG SAMUDRA RAYA,7,ON SCHEDULE,31,0,19.06.2026,18.05.2026,23.05.2026,29.05.2026,29.05.2026,29.05.2026,03.06.2026,,H014,WH INFORMA JABABEKA
R110260517H035_H014,WINGBOX,15000000,0,0,0,0,0,15000000,H014 - WH INFORMA JABABEKA,PT. BINTANG SAMUDRA RAYA,7,ON SCHEDULE,30,0,18.06.2026,18.05.2026,23.05.2026,29.05.2026,29.05.2026,10.06.2026,12.06.2026,,H014,WH INFORMA JABABEKA
R110260517H037_H014,CDD LONG,2850000,0,0,0,0,0,2850000,H014 - WH INFORMA JABABEKA,PT. BINTANG SAMUDRA RAYA,7,ON SCHEDULE,28,0,16.06.2026,18.05.2026,19.05.2026,29.05.2026,29.05.2026,29.05.2026,29.05.2026,,H014,WH INFORMA JABABEKA
R110260517H038_H014,CDD LONG CHASSIS,2200000,0,0,0,0,0,2200000,H014 - WH INFORMA JABABEKA,PT. AGUNG MAKMUR JAYA,7,ON SCHEDULE,27,0,15.06.2026,18.05.2026,18.05.2026,19.05.2026,20.05.2026,25.05.2026,25.05.2026,,H014,WH INFORMA JABABEKA
R110260517H039_H014,CDD LONG CHASSIS,2250000,0,0,0,0,0,2250000,H014 - WH INFORMA JABABEKA,PT. BINTANG SAMUDRA RAYA,7,ON SCHEDULE,27,0,15.06.2026,18.05.2026,19.05.2026,22.05.2026,22.05.2026,29.05.2026,29.05.2026,,H014,WH INFORMA JABABEKA
R110260517H041_H014,WINGBOX,2599000,0,0,0,0,0,2599000,H014 - WH INFORMA JABABEKA,PT. DUTA MEDIA MANDIRI,7,ON SCHEDULE,27,0,15.06.2026,18.05.2026,18.05.2026,19.05.2026,20.05.2026,25.05.2026,25.05.2026,,H014,WH INFORMA JABABEKA
R110260517H042_H014,CDD LONG CHASSIS,2250000,0,0,0,0,0,2250000,H014 - WH INFORMA JABABEKA,PT. BINTANG SAMUDRA RAYA,7,ON SCHEDULE,27,0,15.06.2026,18.05.2026,19.05.2026,22.05.2026,22.05.2026,29.05.2026,29.05.2026,,H014,WH INFORMA JABABEKA
R110260517H043_H014,WINGBOX,11300000,0,0,0,0,0,11300000,H014 - WH INFORMA JABABEKA,PT. DUTA MEDIA MANDIRI,7,ON SCHEDULE,30,0,18.06.2026,18.05.2026,22.05.2026,22.05.2026,22.05.2026,26.05.2026,26.05.2026,,H014,WH INFORMA JABABEKA
R110260517H053_H014,WINGBOX,1998000,0,0,0,0,0,1998000,H014 - WH INFORMA JABABEKA,PT. ARDYA PRIMA INTERNUSA,7,ON SCHEDULE,27,0,13.06.2026,16.05.2026,31.05.2026,03.06.2026,03.06.2026,04.06.2026,05.06.2026,,H014,WH INFORMA JABABEKA
R110260517H054_H014,WINGBOX,4825000,0,0,0,0,0,4825000,H014 - WH INFORMA JABABEKA,PT. CEHA LOGISTIK CEMERLANG,7,ON SCHEDULE,29,0,17.06.2026,18.05.2026,19.05.2026,21.05.2026,21.05.2026,26.05.2026,26.05.2026,,H014,WH INFORMA JABABEKA
R110260517L003_H014,WINGBOX,3250000,0,0,0,0,0,3250000,H014 - WH INFORMA JABABEKA,PT. DUTA MEDIA MANDIRI,7,ON SCHEDULE,26,0,14.06.2026,18.05.2026,19.05.2026,21.05.2026,22.05.2026,25.05.2026,25.05.2026,,H014,WH INFORMA JABABEKA
R110260517L047_H014,CDD LONG CHASSIS,3600000,0,0,0,300000,0,3900000,H014 - WH INFORMA JABABEKA,PT. BINTANG SAMUDRA RAYA,7,ON SCHEDULE,30,0,18.06.2026,18.05.2026,19.05.2026,04.06.2026,04.06.2026,05.06.2026,05.06.2026,,H014,WH INFORMA JABABEKA
R110260517L048_H014,CDD LONG CHASSIS,3500000,0,0,0,0,0,3500000,H014 - WH INFORMA JABABEKA,PT.DHANESWARA EXPRES,7,ON SCHEDULE,30,0,18.06.2026,18.05.2026,21.05.2026,04.06.2026,04.06.2026,08.06.2026,08.06.2026,,H014,WH INFORMA JABABEKA
R110260517L049_H014,FUSO,3500000,0,0,0,100000,0,3600000,H014 - WH INFORMA JABABEKA,PT. AGUNG MAKMUR JAYA,7,ON SCHEDULE,30,0,18.06.2026,18.05.2026,19.05.2026,25.05.2026,25.05.2026,08.06.2026,12.06.2026,,H014,WH INFORMA JABABEKA
R110260517L049_H014,FUSO,3500000,0,0,0,100000,0,3600000,H014 - WH INFORMA JABABEKA,PT. AGUNG MAKMUR JAYA,7,ON SCHEDULE,30,0,18.06.2026,18.05.2026,19.05.2026,25.05.2026,25.05.2026,08.06.2026,12.06.2026,,H014,WH INFORMA JABABEKA
R110260517L049_H014,FUSO,3500000,0,0,0,100000,0,3600000,H014 - WH INFORMA JABABEKA,PT. AGUNG MAKMUR JAYA,7,ON SCHEDULE,30,0,18.06.2026,18.05.2026,19.05.2026,25.05.2026,25.05.2026,08.06.2026,12.06.2026,,H014,WH INFORMA JABABEKA
R110260517L070_H014,CDD LONG CHASSIS,3500000,0,0,0,0,0,3500000,H014 - WH INFORMA JABABEKA,PT. AGUNG MAKMUR JAYA,7,ON SCHEDULE,30,0,18.06.2026,18.05.2026,21.05.2026,22.05.2026,22.05.2026,25.05.2026,25.05.2026,,H014,WH INFORMA JABABEKA
R110260517T017_H014,WINGBOX,5650000,0,0,0,0,0,5650000,H014 - WH INFORMA JABABEKA,PT. DUTA MEDIA MANDIRI,7,ON SCHEDULE,29,0,17.06.2026,18.05.2026,21.05.2026,21.05.2026,21.05.2026,25.05.2026,25.05.2026,,H014,WH INFORMA JABABEKA
R110260518C279_H014,,0,0,0,0,0,0,0,H014 - WH INFORMA JABABEKA,PT. CEHA LOGISTIK CEMERLANG,1,LATE,0,77,19.05.2026,18.05.2026,,,,,,,H014,WH INFORMA JABABEKA
R110260518H043_H014,WINGBOX,4500000,0,0,0,0,0,4500000,H014 - WH INFORMA JABABEKA,PT. CEHA LOGISTIK CEMERLANG,7,ON SCHEDULE,29,0,18.06.2026,19.05.2026,21.05.2026,21.05.2026,21.05.2026,26.05.2026,26.05.2026,,H014,WH INFORMA JABABEKA
R110260518H047_H014,WINGBOX,1998000,0,0,0,0,0,1998000,H014 - WH INFORMA JABABEKA,PT. ARDYA PRIMA INTERNUSA,7,ON SCHEDULE,27,0,15.06.2026,18.05.2026,19.05.2026,22.05.2026,22.05.2026,04.06.2026,05.06.2026,,H014,WH INFORMA JABABEKA
R110260518H051_H014,WINGBOX,2599000,0,0,0,0,0,2599000,H014 - WH INFORMA JABABEKA,PT. DUTA MEDIA MANDIRI,7,ON SCHEDULE,27,0,16.06.2026,19.05.2026,19.05.2026,19.05.2026,20.05.2026,25.05.2026,25.05.2026,,H014,WH INFORMA JABABEKA
R110260518H052_H014,TRAILER,4500000,0,0,0,0,0,4500000,H014 - WH INFORMA JABABEKA,PT. CEHA LOGISTIK CEMERLANG,7,ON SCHEDULE,29,0,18.06.2026,19.05.2026,21.05.2026,21.05.2026,21.05.2026,26.05.2026,26.05.2026,,H014,WH INFORMA JABABEKA
R110260518H054_H014,WINGBOX,11300000,0,0,0,0,0,11300000,H014 - WH INFORMA JABABEKA,PT. DUTA MEDIA MANDIRI,7,ON SCHEDULE,30,0,19.06.2026,19.05.2026,23.05.2026,25.05.2026,25.05.2026,29.05.2026,29.05.2026,,H014,WH INFORMA JABABEKA
R110260518H056_H014,WINGBOX,11500000,0,0,0,0,0,11500000,H014 - WH INFORMA JABABEKA,PT. BINTANG SAMUDRA RAYA,7,ON SCHEDULE,29,0,18.06.2026,19.05.2026,23.05.2026,02.06.2026,03.06.2026,04.06.2026,04.06.2026,,H014,WH INFORMA JABABEKA
R110260518H057_H014,WINGBOX,4825000,0,0,0,0,0,4825000,H014 - WH INFORMA JABABEKA,PT. CEHA LOGISTIK CEMERLANG,7,ON SCHEDULE,29,0,18.06.2026,19.05.2026,21.05.2026,21.05.2026,21.05.2026,26.05.2026,26.05.2026,,H014,WH INFORMA JABABEKA
R110260518H058_H014,CONT-20,17600000,0,0,0,0,0,17600000,H014 - WH INFORMA JABABEKA,PT. MITRA INTERTRANS FORWARDING,6,LATE,42,76,01.07.2026,19.05.2026,12.06.2026,14.07.2026,14.07.2026,15.07.2026,15.07.2026,,H014,WH INFORMA JABABEKA
R110260518H062_H014,FUSO,12500000,0,0,0,0,0,12500000,H014 - WH INFORMA JABABEKA,PT.DHANESWARA EXPRES,7,ON SCHEDULE,30,0,19.06.2026,19.05.2026,23.05.2026,29.05.2026,29.05.2026,02.06.2026,02.06.2026,,H014,WH INFORMA JABABEKA
R110260518H065_H014,CDD LONG CHASSIS,2850000,0,0,0,0,0,2850000,H014 - WH INFORMA JABABEKA,PT. BINTANG SAMUDRA RAYA,7,ON SCHEDULE,28,0,16.06.2026,18.05.2026,21.05.2026,22.05.2026,22.05.2026,29.05.2026,29.05.2026,,H014,WH INFORMA JABABEKA
R110260518H067_H014,CDD LONG CHASSIS,2200000,0,0,0,0,0,2200000,H014 - WH INFORMA JABABEKA,PT. AGUNG MAKMUR JAYA,7,ON SCHEDULE,27,0,15.06.2026,18.05.2026,19.05.2026,19.05.2026,20.05.2026,08.06.2026,12.06.2026,,H014,WH INFORMA JABABEKA
R110260518H072_H014,WINGBOX,11500000,0,0,0,0,0,11500000,H014 - WH INFORMA JABABEKA,PT. BINTANG SAMUDRA RAYA,7,ON SCHEDULE,29,0,18.06.2026,19.05.2026,23.05.2026,02.06.2026,03.06.2026,04.06.2026,04.06.2026,,H014,WH INFORMA JABABEKA
R110260518H078_H014,WINGBOX,4500000,0,0,0,0,0,4500000,H014 - WH INFORMA JABABEKA,PT. CEHA LOGISTIK CEMERLANG,7,ON SCHEDULE,29,0,18.06.2026,19.05.2026,21.05.2026,21.05.2026,21.05.2026,26.05.2026,26.05.2026,,H014,WH INFORMA JABABEKA
R110260518H079_H014,WINGBOX,4825000,0,0,0,0,0,4825000,H014 - WH INFORMA JABABEKA,PT. CEHA LOGISTIK CEMERLANG,7,ON SCHEDULE,29,0,18.06.2026,19.05.2026,21.05.2026,21.05.2026,21.05.2026,26.05.2026,26.05.2026,,H014,WH INFORMA JABABEKA
R110260518L086_H014,CDD LONG CHASSIS,3500000,0,0,0,0,0,3500000,H014 - WH INFORMA JABABEKA,PT LOGISTIK CANGGIH INDONESIA,7,ON SCHEDULE,28,0,16.06.2026,18.05.2026,21.05.2026,02.06.2026,02.06.2026,04.06.2026,09.06.2026,,H014,WH INFORMA JABABEKA
R110260518L090_H014,WINGBOX,1998000,0,0,0,0,0,1998000,H014 - WH INFORMA JABABEKA,PT. ARDYA PRIMA INTERNUSA,7,ON SCHEDULE,27,0,16.06.2026,19.05.2026,03.06.2026,03.06.2026,03.06.2026,04.06.2026,05.06.2026,,H014,WH INFORMA JABABEKA
R110260518L091_H014,CDD LONG CHASSIS,3500000,0,0,0,100000,0,3600000,H014 - WH INFORMA JABABEKA,PT. AGUNG MAKMUR JAYA,7,ON SCHEDULE,30,0,19.06.2026,19.05.2026,21.05.2026,25.05.2026,25.05.2026,08.06.2026,12.06.2026,,H014,WH INFORMA JABABEKA
R110260518L091_H014,CDD LONG CHASSIS,3500000,0,0,0,100000,0,3600000,H014 - WH INFORMA JABABEKA,PT. AGUNG MAKMUR JAYA,7,ON SCHEDULE,30,0,19.06.2026,19.05.2026,21.05.2026,25.05.2026,25.05.2026,08.06.2026,12.06.2026,,H014,WH INFORMA JABABEKA
R110260518L091_H014,CDD LONG CHASSIS,3500000,0,0,0,100000,0,3600000,H014 - WH INFORMA JABABEKA,PT. AGUNG MAKMUR JAYA,7,ON SCHEDULE,30,0,19.06.2026,19.05.2026,21.05.2026,25.05.2026,25.05.2026,08.06.2026,12.06.2026,,H014,WH INFORMA JABABEKA
R110260518L094_H014,CDD LONG CHASSIS,10350000,0,0,0,0,0,10350000,H014 - WH INFORMA JABABEKA,PT.ORANG KREATIF EKSIS,7,ON SCHEDULE,29,0,18.06.2026,19.05.2026,23.05.2026,29.05.2026,29.05.2026,04.06.2026,04.06.2026,,H014,WH INFORMA JABABEKA
R110260518L116_H014,CDD LONG CHASSIS,1725000,0,0,0,0,0,1725000,H014 - WH INFORMA JABABEKA,PT. BINTANG SAMUDRA RAYA,7,ON SCHEDULE,27,0,16.06.2026,19.05.2026,15.06.2026,15.06.2026,15.06.2026,01.07.2026,01.07.2026,,H014,WH INFORMA JABABEKA
R110260518T035_H014,CONT-40,32000000,0,0,0,0,0,32000000,H014 - WH INFORMA JABABEKA,PT. DAYA EKA SAMUDERA JAKARTA,7,ON SCHEDULE,37,0,26.06.2026,19.05.2026,10.06.2026,15.06.2026,16.06.2026,26.06.2026,26.06.2026,,H014,WH INFORMA JABABEKA
R110260518T036_H014,CONT-40,26500000,0,0,0,0,0,26500000,H014 - WH INFORMA JABABEKA,PT. SENTOSAPRIMA ABADI,6,LATE,40,77,28.06.2026,18.05.2026,01.06.2026,10.07.2026,10.07.2026,16.07.2026,16.07.2026,,H014,WH INFORMA JABABEKA
R110260518T037_H014,CONT-40,32000000,0,0,0,0,0,32000000,H014 - WH INFORMA JABABEKA,PT. DAYA EKA SAMUDERA JAKARTA,7,ON SCHEDULE,37,0,25.06.2026,18.05.2026,05.06.2026,15.06.2026,16.06.2026,17.06.2026,18.06.2026,,H014,WH INFORMA JABABEKA
R110260518T039_H014,CONT-40,26000000,0,0,0,0,0,26000000,H014 - WH INFORMA JABABEKA,PT. TPIL LOGISTICS,2,LATE,20,75,10.06.2026,20.05.2026,05.06.2026,,,,,,H014,WH INFORMA JABABEKA
R110260518T040_H014,CONT-40,32000000,0,0,0,0,0,32000000,H014 - WH INFORMA JABABEKA,PT. DAYA EKA SAMUDERA JAKARTA,7,ON SCHEDULE,37,0,25.06.2026,18.05.2026,05.06.2026,15.06.2026,16.06.2026,17.06.2026,18.06.2026,,H014,WH INFORMA JABABEKA
R110260518T043_H014,CONT-40,32000000,0,0,0,0,0,32000000,H014 - WH INFORMA JABABEKA,PT. DAYA EKA SAMUDERA JAKARTA,7,ON SCHEDULE,37,0,26.06.2026,19.05.2026,05.06.2026,22.06.2026,22.06.2026,23.06.2026,23.06.2026,,H014,WH INFORMA JABABEKA
R110260518T044_H014,CONT-40,32000000,0,0,0,0,0,32000000,H014 - WH INFORMA JABABEKA,PT. DAYA EKA SAMUDERA JAKARTA,7,ON SCHEDULE,37,0,26.06.2026,19.05.2026,05.06.2026,15.06.2026,15.06.2026,17.06.2026,18.06.2026,,H014,WH INFORMA JABABEKA
R110260518T045_H014,CONT-20,16000000,0,0,0,0,0,16000000,H014 - WH INFORMA JABABEKA,PT. TPIL LOGISTICS,2,LATE,17,75,08.06.2026,21.05.2026,10.06.2026,,,,,,H014,WH INFORMA JABABEKA
R110260518T046_H014,CONT-40,32000000,0,0,0,0,0,32000000,H014 - WH INFORMA JABABEKA,PT. DAYA EKA SAMUDERA JAKARTA,7,ON SCHEDULE,37,0,26.06.2026,19.05.2026,05.06.2026,15.06.2026,15.06.2026,17.06.2026,18.06.2026,,H014,WH INFORMA JABABEKA
R110260518T047_H014,CONT-40,30600000,0,0,0,0,0,30600000,H014 - WH INFORMA JABABEKA,PT. SARANA TRANS SUMATERA,6,LATE,40,76,30.06.2026,20.05.2026,10.06.2026,06.07.2026,07.07.2026,08.07.2026,08.07.2026,,H014,WH INFORMA JABABEKA
R110260518T050_H014,CONT-40,30600000,0,0,0,0,0,30600000,H014 - WH INFORMA JABABEKA,PT. SARANA TRANS SUMATERA,6,LATE,40,76,30.06.2026,20.05.2026,19.06.2026,08.07.2026,08.07.2026,09.07.2026,09.07.2026,,H014,WH INFORMA JABABEKA
R110260518T051_H014,CONT-40,30600000,0,0,0,0,0,30600000,H014 - WH INFORMA JABABEKA,PT. SARANA TRANS SUMATERA,7,ON SCHEDULE,40,0,29.06.2026,19.05.2026,09.06.2026,25.06.2026,25.06.2026,26.06.2026,26.06.2026,,H014,WH INFORMA JABABEKA
R110260518T052_H014,WINGBOX,20000000,0,0,0,0,0,20000000,H014 - WH INFORMA JABABEKA,PT.ORANG KREATIF EKSIS,7,ON SCHEDULE,37,0,26.06.2026,19.05.2026,25.05.2026,29.05.2026,29.05.2026,04.06.2026,04.06.2026,,H014,WH INFORMA JABABEKA
R110260518T053_H014,CONT-40,29000000,0,0,0,0,0,29000000,H014 - WH INFORMA JABABEKA,PT. WIDYA TRANS CARGO,6,LATE,40,77,29.06.2026,19.05.2026,05.06.2026,01.07.2026,02.07.2026,06.07.2026,06.07.2026,,H014,WH INFORMA JABABEKA
R110260518T054_H014,CONT-40,26000000,0,0,1000000,0,0,27000000,H014 - WH INFORMA JABABEKA,PT. WIDYA TRANS CARGO,7,ON SCHEDULE,42,0,01.07.2026,19.05.2026,05.06.2026,29.06.2026,30.06.2026,01.07.2026,01.07.2026,,H014,WH INFORMA JABABEKA
R110260518T055_H014,WINGBOX,5650000,0,0,0,0,0,5650000,H014 - WH INFORMA JABABEKA,PT. DUTA MEDIA MANDIRI,7,ON SCHEDULE,29,0,18.06.2026,19.05.2026,22.05.2026,22.05.2026,22.05.2026,26.05.2026,26.05.2026,,H014,WH INFORMA JABABEKA
R110260518T057_H014,CONT-40,30600000,0,0,0,0,0,30600000,H014 - WH INFORMA JABABEKA,PT. SARANA TRANS SUMATERA,7,ON SCHEDULE,40,0,29.06.2026,19.05.2026,01.06.2026,25.06.2026,25.06.2026,26.06.2026,26.06.2026,,H014,WH INFORMA JABABEKA
R110260518T058_H014,CONT-40,30600000,0,0,0,0,0,30600000,H014 - WH INFORMA JABABEKA,PT. SARANA TRANS SUMATERA,7,ON SCHEDULE,40,0,29.06.2026,19.05.2026,01.06.2026,25.06.2026,25.06.2026,26.06.2026,26.06.2026,,H014,WH INFORMA JABABEKA
R110260518T060_H014,CONT-40,29000000,0,0,0,0,0,29000000,H014 - WH INFORMA JABABEKA,PT. WIDYA TRANS CARGO,6,LATE,40,77,29.06.2026,19.05.2026,05.06.2026,01.07.2026,02.07.2026,06.07.2026,06.07.2026,,H014,WH INFORMA JABABEKA
R110260518T062_H014,CONT-40,29000000,0,0,0,0,0,29000000,H014 - WH INFORMA JABABEKA,PT. WIDYA TRANS CARGO,6,LATE,40,77,29.06.2026,19.05.2026,10.06.2026,01.07.2026,02.07.2026,06.07.2026,06.07.2026,,H014,WH INFORMA JABABEKA
R110260518T063_H014,CONT-40,26000000,0,0,1000000,0,0,27000000,H014 - WH INFORMA JABABEKA,PT. WIDYA TRANS CARGO,7,ON SCHEDULE,42,0,01.07.2026,19.05.2026,05.06.2026,29.06.2026,30.06.2026,01.07.2026,01.07.2026,,H014,WH INFORMA JABABEKA
R110260518T064_H014,CONT-20,13300000,0,0,0,0,0,13300000,H014 - WH INFORMA JABABEKA,PT.BANGKA JAYA LINE,6,LATE,40,76,30.06.2026,20.05.2026,29.05.2026,15.06.2026,15.06.2026,19.06.2026,09.07.2026,,H014,WH INFORMA JABABEKA
R110260518T065_H014,CONT-40,27000000,0,0,0,0,0,27000000,H014 - WH INFORMA JABABEKA,PT. WIDYA TRANS CARGO,6,LATE,40,77,29.06.2026,19.05.2026,01.06.2026,29.06.2026,29.06.2026,30.06.2026,16.07.2026,,H014,WH INFORMA JABABEKA
R110260518T066_H014,CONT-40,27200000,0,0,0,0,0,27200000,H014 - WH INFORMA JABABEKA,PT. SENTOSAPRIMA ABADI,6,LATE,37,77,26.06.2026,19.05.2026,01.06.2026,13.07.2026,13.07.2026,14.07.2026,14.07.2026,,H014,WH INFORMA JABABEKA
R110260518T067_H014,CONT-40,32000000,0,0,0,0,0,32000000,H014 - WH INFORMA JABABEKA,PT. DAYA EKA SAMUDERA JAKARTA,7,ON SCHEDULE,37,0,26.06.2026,19.05.2026,05.06.2026,15.06.2026,16.06.2026,17.06.2026,18.06.2026,,H014,WH INFORMA JABABEKA
R110260518T068_H014,CONT-40,28700000,0,0,1500000,0,0,30200000,H014 - WH INFORMA JABABEKA,PT. SARANA TRANS SUMATERA,6,LATE,46,77,05.07.2026,19.05.2026,01.06.2026,08.07.2026,08.07.2026,09.07.2026,09.07.2026,,H014,WH INFORMA JABABEKA
R110260518T069_H014,CONT-40,28700000,0,0,1500000,0,0,30200000,H014 - WH INFORMA JABABEKA,PT. SARANA TRANS SUMATERA,6,LATE,46,77,05.07.2026,19.05.2026,11.06.2026,08.07.2026,08.07.2026,09.07.2026,09.07.2026,,H014,WH INFORMA JABABEKA
R110260518T070_H014,CONT-40,32000000,0,0,0,0,0,32000000,H014 - WH INFORMA JABABEKA,PT. DAYA EKA SAMUDERA JAKARTA,7,ON SCHEDULE,37,0,26.06.2026,19.05.2026,05.06.2026,15.06.2026,16.06.2026,26.06.2026,26.06.2026,,H014,WH INFORMA JABABEKA
R110260518T071_H014,CONT-40,32000000,0,0,0,0,0,32000000,H014 - WH INFORMA JABABEKA,PT. DAYA EKA SAMUDERA JAKARTA,7,ON SCHEDULE,37,0,26.06.2026,19.05.2026,05.06.2026,15.06.2026,16.06.2026,17.06.2026,18.06.2026,,H014,WH INFORMA JABABEKA
R110260518T072_H014,CONT-40,32000000,0,0,0,0,0,32000000,H014 - WH INFORMA JABABEKA,PT. DAYA EKA SAMUDERA JAKARTA,7,ON SCHEDULE,37,0,27.06.2026,20.05.2026,10.06.2026,25.06.2026,25.06.2026,26.06.2026,26.06.2026,,H014,WH INFORMA JABABEKA
R110260519H036_H014,WINGBOX,1998000,0,0,0,0,0,1998000,H014 - WH INFORMA JABABEKA,PT. ARDYA PRIMA INTERNUSA,7,ON SCHEDULE,27,0,16.06.2026,19.05.2026,21.05.2026,26.05.2026,27.05.2026,04.06.2026,05.06.2026,,H014,WH INFORMA JABABEKA
R110260519H037_H014,WINGBOX,3500000,0,0,0,0,0,3500000,H014 - WH INFORMA JABABEKA,PT. BINTANG SAMUDRA RAYA,7,ON SCHEDULE,29,0,19.06.2026,20.05.2026,22.05.2026,22.05.2026,22.05.2026,29.05.2026,29.05.2026,,H014,WH INFORMA JABABEKA
R110260519H041_H014,WINGBOX,11500000,0,0,0,0,0,11500000,H014 - WH INFORMA JABABEKA,PT. BINTANG SAMUDRA RAYA,7,ON SCHEDULE,29,0,19.06.2026,20.05.2026,24.05.2026,25.05.2026,25.05.2026,29.05.2026,29.05.2026,,H014,WH INFORMA JABABEKA
R110260519H043_H014,CDD LONG CHASSIS,2250000,0,0,0,0,0,2250000,H014 - WH INFORMA JABABEKA,PT. BINTANG SAMUDRA RAYA,7,ON SCHEDULE,27,0,17.06.2026,20.05.2026,21.05.2026,22.05.2026,22.05.2026,29.05.2026,03.06.2026,,H014,WH INFORMA JABABEKA
R110260519H044_H014,FUSO,2300000,0,0,0,0,0,2300000,H014 - WH INFORMA JABABEKA,PT. DUTA MEDIA MANDIRI,7,ON SCHEDULE,27,0,16.06.2026,19.05.2026,21.05.2026,21.05.2026,21.05.2026,25.05.2026,25.05.2026,,H014,WH INFORMA JABABEKA
R110260519H045_H014,WINGBOX,4825000,0,0,0,0,0,4825000,H014 - WH INFORMA JABABEKA,PT. CEHA LOGISTIK CEMERLANG,7,ON SCHEDULE,29,0,19.06.2026,20.05.2026,22.05.2026,22.05.2026,22.05.2026,26.05.2026,26.05.2026,,H014,WH INFORMA JABABEKA
R110260519H049_H014,WINGBOX,11300000,0,0,0,0,0,11300000,H014 - WH INFORMA JABABEKA,PT. DUTA MEDIA MANDIRI,7,ON SCHEDULE,30,0,20.06.2026,20.05.2026,24.05.2026,25.05.2026,25.05.2026,29.05.2026,29.05.2026,,H014,WH INFORMA JABABEKA
R110260519H051_H014,WINGBOX,4500000,0,0,0,0,0,4500000,H014 - WH INFORMA JABABEKA,PT. CEHA LOGISTIK CEMERLANG,7,ON SCHEDULE,29,0,19.06.2026,20.05.2026,22.05.2026,22.05.2026,22.05.2026,26.05.2026,26.05.2026,,H014,WH INFORMA JABABEKA
R110260519H055_H014,WINGBOX,1998000,0,0,0,0,0,1998000,H014 - WH INFORMA JABABEKA,PT. ARDYA PRIMA INTERNUSA,7,ON SCHEDULE,27,0,16.06.2026,19.05.2026,21.05.2026,26.05.2026,27.05.2026,04.06.2026,05.06.2026,,H014,WH INFORMA JABABEKA
R110260519H057_H014,CDD LONG CHASSIS,9300000,0,0,0,0,0,9300000,H014 - WH INFORMA JABABEKA,PT. AGUNG MAKMUR JAYA,7,ON SCHEDULE,33,0,23.06.2026,20.05.2026,23.05.2026,25.05.2026,25.05.2026,08.06.2026,12.06.2026,,H014,WH INFORMA JABABEKA
R110260519H060_H014,CDD LONG CHASSIS,2250000,0,0,0,0,0,2250000,H014 - WH INFORMA JABABEKA,PT. BINTANG SAMUDRA RAYA,7,ON SCHEDULE,27,0,16.06.2026,19.05.2026,21.05.2026,22.05.2026,22.05.2026,29.05.2026,03.06.2026,,H014,WH INFORMA JABABEKA
R110260519H061_H014,WINGBOX,18000000,0,0,0,0,0,18000000,H014 - WH INFORMA JABABEKA,PT. BINTANG SAMUDRA RAYA,7,ON SCHEDULE,31,0,21.06.2026,20.05.2026,24.05.2026,05.06.2026,05.06.2026,05.06.2026,10.06.2026,,H014,WH INFORMA JABABEKA
R110260519H063_H014,CDD LONG CHASSIS,2250000,0,0,0,0,0,2250000,H014 - WH INFORMA JABABEKA,PT. BINTANG SAMUDRA RAYA,7,ON SCHEDULE,27,0,17.06.2026,20.05.2026,21.05.2026,22.05.2026,22.05.2026,29.05.2026,03.06.2026,,H014,WH INFORMA JABABEKA
R110260519H064_H014,CDD LONG CHASSIS,2250000,0,0,0,0,0,2250000,H014 - WH INFORMA JABABEKA,PT. BINTANG SAMUDRA RAYA,7,ON SCHEDULE,27,0,17.06.2026,20.05.2026,21.05.2026,22.05.2026,22.05.2026,29.05.2026,03.06.2026,,H014,WH INFORMA JABABEKA
R110260519H073_H014,CDD LONG CHASSIS,12250000,0,0,0,0,0,12250000,H014 - WH INFORMA JABABEKA,PT. BINTANG SAMUDRA RAYA,7,ON SCHEDULE,31,0,20.06.2026,19.05.2026,23.05.2026,09.06.2026,09.06.2026,12.06.2026,12.06.2026,,H014,WH INFORMA JABABEKA
R110260519H075_H014,CDD LONG CHASSIS,2850000,0,0,0,0,0,2850000,H014 - WH INFORMA JABABEKA,PT. BINTANG SAMUDRA RAYA,7,ON SCHEDULE,28,0,17.06.2026,19.05.2026,21.05.2026,22.05.2026,22.05.2026,29.05.2026,03.06.2026,,H014,WH INFORMA JABABEKA
R110260519H078_H014,FUSO,17000000,0,0,0,0,0,17000000,H014 - WH INFORMA JABABEKA,PT. SATRIA PIRANTI PERKASA,7,ON SCHEDULE,30,0,20.06.2026,20.05.2026,23.05.2026,03.06.2026,03.06.2026,09.06.2026,09.06.2026,,H014,WH INFORMA JABABEKA
R110260519H086_H014,CDD LONG CHASSIS,9300000,0,0,0,0,0,9300000,H014 - WH INFORMA JABABEKA,PT. AGUNG MAKMUR JAYA,7,ON SCHEDULE,33,0,23.06.2026,20.05.2026,23.05.2026,25.05.2026,25.05.2026,08.06.2026,12.06.2026,,H014,WH INFORMA JABABEKA
R110260519H087_H014,WINGBOX,17750000,0,0,0,0,0,17750000,H014 - WH INFORMA JABABEKA,PT. BINTANG SAMUDRA RAYA,7,ON SCHEDULE,30,0,20.06.2026,20.05.2026,24.05.2026,02.06.2026,03.06.2026,04.06.2026,04.06.2026,,H014,WH INFORMA JABABEKA
R110260519L042_H014,CDD LONG CHASSIS,7500000,0,0,0,0,0,7500000,H014 - WH INFORMA JABABEKA,PT.ORANG KREATIF EKSIS,7,ON SCHEDULE,30,0,20.06.2026,20.05.2026,23.05.2026,29.05.2026,29.05.2026,04.06.2026,04.06.2026,,H014,WH INFORMA JABABEKA
R110260519L047_H014,CDD LONG CHASSIS,1750000,0,0,0,0,0,1750000,H014 - WH INFORMA JABABEKA,PT. DUTA MEDIA MANDIRI,7,ON SCHEDULE,27,0,16.06.2026,19.05.2026,21.05.2026,21.05.2026,21.05.2026,25.05.2026,25.05.2026,,H014,WH INFORMA JABABEKA
R110260519L060_H014,CDD LOSBAK,11500000,0,0,0,0,0,11500000,H014 - WH INFORMA JABABEKA,CV BANGUN JASA TRANS,7,ON SCHEDULE,28,0,17.06.2026,19.05.2026,21.05.2026,21.05.2026,22.05.2026,03.06.2026,04.06.2026,,H014,WH INFORMA JABABEKA
R110260519L063_H014,CDD LONG CHASSIS,2850000,0,0,0,0,0,2850000,H014 - WH INFORMA JABABEKA,PT. AGUNG MAKMUR JAYA,7,ON SCHEDULE,27,0,17.06.2026,20.05.2026,21.05.2026,22.05.2026,22.05.2026,08.06.2026,12.06.2026,,H014,WH INFORMA JABABEKA
R110260519L064_H014,CDD LONG CHASSIS,2850000,0,0,0,0,0,2850000,H014 - WH INFORMA JABABEKA,PT. AGUNG MAKMUR JAYA,7,ON SCHEDULE,27,0,17.06.2026,20.05.2026,21.05.2026,22.05.2026,22.05.2026,08.06.2026,12.06.2026,,H014,WH INFORMA JABABEKA
R110260519T013_H014,CONT-40,0,0,0,0,0,0,0,H014 - WH INFORMA JABABEKA,PT. TPIL LOGISTICS,2,LATE,20,76,10.06.2026,20.05.2026,05.06.2026,,,,,,H014,WH INFORMA JABABEKA
R110260519T014_H014,CONT-40,27500000,0,0,800000,0,0,28300000,H014 - WH INFORMA JABABEKA,PT. MITRA INTERTRANS FORWARDING,6,LATE,42,75,02.07.2026,20.05.2026,05.06.2026,27.07.2026,28.07.2026,28.07.2026,28.07.2026,,H014,WH INFORMA JABABEKA
R110260519T015_H014,CONT-20,18900000,0,0,0,0,0,18900000,H014 - WH INFORMA JABABEKA,PT. MITRA INTERTRANS FORWARDING,6,LATE,40,76,30.06.2026,20.05.2026,10.06.2026,14.07.2026,14.07.2026,15.07.2026,15.07.2026,,H014,WH INFORMA JABABEKA
R110260519T016_H014,CONT-40,27000000,0,0,0,0,0,27000000,H014 - WH INFORMA JABABEKA,PT. WIDYA TRANS CARGO,6,LATE,40,76,30.06.2026,20.05.2026,01.06.2026,29.06.2026,29.06.2026,30.06.2026,16.07.2026,,H014,WH INFORMA JABABEKA
R110260519T017_H014,WINGBOX,5650000,0,0,0,0,0,5650000,H014 - WH INFORMA JABABEKA,PT. DUTA MEDIA MANDIRI,7,ON SCHEDULE,29,0,19.06.2026,20.05.2026,23.05.2026,25.05.2026,25.05.2026,29.05.2026,29.05.2026,,H014,WH INFORMA JABABEKA
R110260519T020_H014,CONT-20,17000000,0,0,800000,0,0,17800000,H014 - WH INFORMA JABABEKA,PT. SARANA TRANS SUMATERA,6,LATE,46,76,05.07.2026,19.05.2026,05.06.2026,08.07.2026,08.07.2026,09.07.2026,09.07.2026,,H014,WH INFORMA JABABEKA
R110260519T021_H014,CONT-20,17000000,0,0,800000,0,0,17800000,H014 - WH INFORMA JABABEKA,PT. SARANA TRANS SUMATERA,6,LATE,46,76,05.07.2026,19.05.2026,05.06.2026,08.07.2026,08.07.2026,09.07.2026,09.07.2026,,H014,WH INFORMA JABABEKA
R110260519T023_H014,CONT-20,18900000,0,0,0,0,0,18900000,H014 - WH INFORMA JABABEKA,PT. MITRA INTERTRANS FORWARDING,2,LATE,20,76,10.06.2026,20.05.2026,19.06.2026,,,,,,H014,WH INFORMA JABABEKA
R110260519T024_H014,CONT-40,32000000,0,0,0,0,0,32000000,H014 - WH INFORMA JABABEKA,PT. DAYA EKA SAMUDERA JAKARTA,7,ON SCHEDULE,37,0,27.06.2026,20.05.2026,10.06.2026,17.06.2026,18.06.2026,19.06.2026,19.06.2026,,H014,WH INFORMA JABABEKA
R110260519T025_H014,CONT-40,32000000,0,0,0,0,0,32000000,H014 - WH INFORMA JABABEKA,PT. DAYA EKA SAMUDERA JAKARTA,7,ON SCHEDULE,37,0,27.06.2026,20.05.2026,05.06.2026,17.06.2026,18.06.2026,19.06.2026,19.06.2026,,H014,WH INFORMA JABABEKA
R110260519T026_H014,CONT-40,30600000,0,0,0,0,0,30600000,H014 - WH INFORMA JABABEKA,PT. SARANA TRANS SUMATERA,7,ON SCHEDULE,40,0,30.06.2026,20.05.2026,09.06.2026,26.06.2026,26.06.2026,29.06.2026,29.06.2026,,H014,WH INFORMA JABABEKA
R110260519T029_H014,CONT-20,18200000,0,0,0,0,0,18200000,H014 - WH INFORMA JABABEKA,PT. SARANA TRANS SUMATERA,7,ON SCHEDULE,40,0,30.06.2026,20.05.2026,05.06.2026,26.06.2026,26.06.2026,29.06.2026,29.06.2026,,H014,WH INFORMA JABABEKA
R110260519T030_H014,CONT-40,25400000,0,0,1500000,0,0,26900000,H014 - WH INFORMA JABABEKA,PT. SENTOSAPRIMA ABADI,6,LATE,46,74,08.07.2026,22.05.2026,16.06.2026,13.07.2026,13.07.2026,15.07.2026,15.07.2026,,H014,WH INFORMA JABABEKA
R110260519T031_H014,CONT-40,25700000,0,0,0,0,0,25700000,H014 - WH INFORMA JABABEKA,PT. MITRA INTERTRANS FORWARDING,2,LATE,17,76,07.06.2026,20.05.2026,16.06.2026,,,,,,H014,WH INFORMA JABABEKA
R110260519T032_H014,CONT-40,25700000,0,0,0,0,0,25700000,H014 - WH INFORMA JABABEKA,PT. MITRA INTERTRANS FORWARDING,2,LATE,17,76,07.06.2026,20.05.2026,16.06.2026,,,,,,H014,WH INFORMA JABABEKA
R110260519T035_H014,CONT-40,25700000,0,0,0,0,0,25700000,H014 - WH INFORMA JABABEKA,PT. MITRA INTERTRANS FORWARDING,2,LATE,17,75,08.06.2026,21.05.2026,16.06.2026,,,,,,H014,WH INFORMA JABABEKA
R110260519T043_H014,CONT-40,27000000,0,0,0,0,0,27000000,H014 - WH INFORMA JABABEKA,PT. WIDYA TRANS CARGO,6,LATE,40,76,30.06.2026,20.05.2026,05.06.2026,29.06.2026,29.06.2026,30.06.2026,16.07.2026,,H014,WH INFORMA JABABEKA
R110260520H039_H014,WINGBOX,4825000,0,0,0,0,0,4825000,H014 - WH INFORMA JABABEKA,PT. CEHA LOGISTIK CEMERLANG,7,ON SCHEDULE,29,0,19.06.2026,20.05.2026,22.05.2026,22.05.2026,22.05.2026,26.05.2026,26.05.2026,,H014,WH INFORMA JABABEKA
R110260520H040_H014,WINGBOX,10700000,0,0,0,0,0,10700000,H014 - WH INFORMA JABABEKA,PT. BINTANG SAMUDRA RAYA,7,ON SCHEDULE,30,0,21.06.2026,21.05.2026,24.05.2026,02.06.2026,03.06.2026,04.06.2026,04.06.2026,,H014,WH INFORMA JABABEKA
R110260520H042_H014,WINGBOX,1998000,0,0,0,0,0,1998000,H014 - WH INFORMA JABABEKA,PT. ARDYA PRIMA INTERNUSA,7,ON SCHEDULE,27,0,17.06.2026,20.05.2026,21.05.2026,26.05.2026,27.05.2026,04.06.2026,05.06.2026,,H014,WH INFORMA JABABEKA
R110260520H043_H014,WINGBOX,1998000,0,0,0,0,0,1998000,H014 - WH INFORMA JABABEKA,PT. ARDYA PRIMA INTERNUSA,7,ON SCHEDULE,27,0,17.06.2026,20.05.2026,21.05.2026,26.05.2026,27.05.2026,04.06.2026,05.06.2026,,H014,WH INFORMA JABABEKA
R110260520H045_H014,CDD LONG CHASSIS,2850000,0,0,0,0,0,2850000,H014 - WH INFORMA JABABEKA,PT. BINTANG SAMUDRA RAYA,7,ON SCHEDULE,28,0,18.06.2026,20.05.2026,23.05.2026,29.05.2026,29.05.2026,29.05.2026,03.06.2026,,H014,WH INFORMA JABABEKA
R110260520H046_H014,WINGBOX,11300000,0,0,0,0,0,11300000,H014 - WH INFORMA JABABEKA,PT. DUTA MEDIA MANDIRI,7,ON SCHEDULE,30,0,21.06.2026,21.05.2026,31.05.2026,02.06.2026,03.06.2026,04.06.2026,04.06.2026,,H014,WH INFORMA JABABEKA
R110260520H055_H014,WINGBOX,4825000,0,0,0,0,0,4825000,H014 - WH INFORMA JABABEKA,PT. CEHA LOGISTIK CEMERLANG,7,ON SCHEDULE,29,0,20.06.2026,21.05.2026,23.05.2026,25.05.2026,25.05.2026,26.05.2026,26.05.2026,,H014,WH INFORMA JABABEKA
R110260520L031_H014,CDD LONG CHASSIS,3500000,0,0,0,0,0,3500000,H014 - WH INFORMA JABABEKA,PT. CEHA LOGISTIK CEMERLANG,7,ON SCHEDULE,27,0,17.06.2026,20.05.2026,22.05.2026,22.05.2026,22.05.2026,26.05.2026,26.05.2026,,H014,WH INFORMA JABABEKA
R110260520L036_H014,CDD LONG CHASSIS,3500000,0,0,0,100000,0,3600000,H014 - WH INFORMA JABABEKA,PT. AGUNG MAKMUR JAYA,7,ON SCHEDULE,28,0,18.06.2026,20.05.2026,23.05.2026,25.05.2026,25.05.2026,08.06.2026,12.06.2026,,H014,WH INFORMA JABABEKA
R110260520L036_H014,CDD LONG CHASSIS,3500000,0,0,0,100000,0,3600000,H014 - WH INFORMA JABABEKA,PT. AGUNG MAKMUR JAYA,7,ON SCHEDULE,28,0,18.06.2026,20.05.2026,23.05.2026,25.05.2026,25.05.2026,08.06.2026,12.06.2026,,H014,WH INFORMA JABABEKA
R110260520L036_H014,CDD LONG CHASSIS,3500000,0,0,0,100000,0,3600000,H014 - WH INFORMA JABABEKA,PT. AGUNG MAKMUR JAYA,7,ON SCHEDULE,28,0,18.06.2026,20.05.2026,23.05.2026,25.05.2026,25.05.2026,08.06.2026,12.06.2026,,H014,WH INFORMA JABABEKA
R110260520L038_H014,CDD LONG CHASSIS,8855000,0,0,0,0,0,8855000,H014 - WH INFORMA JABABEKA,PT.ORANG KREATIF EKSIS,7,ON SCHEDULE,30,0,20.06.2026,20.05.2026,24.05.2026,29.05.2026,29.05.2026,04.06.2026,04.06.2026,,H014,WH INFORMA JABABEKA
R110260520L059_H014,CDD LONG CHASSIS,3600000,0,0,0,0,0,3600000,H014 - WH INFORMA JABABEKA,PT. BINTANG SAMUDRA RAYA,7,ON SCHEDULE,30,0,21.06.2026,21.05.2026,23.05.2026,09.06.2026,09.06.2026,12.06.2026,12.06.2026,,H014,WH INFORMA JABABEKA
R110260520L060_H014,CDD LONG CHASSIS,3500000,0,0,0,0,0,3500000,H014 - WH INFORMA JABABEKA,PT. AGUNG MAKMUR JAYA,7,ON SCHEDULE,30,0,21.06.2026,21.05.2026,23.05.2026,25.05.2026,25.05.2026,25.05.2026,25.05.2026,,H014,WH INFORMA JABABEKA
R110260520L062_H014,CDD LONG CHASSIS,3600000,0,0,0,300000,0,3900000,H014 - WH INFORMA JABABEKA,PT. BINTANG SAMUDRA RAYA,7,ON SCHEDULE,30,0,21.06.2026,21.05.2026,23.05.2026,12.06.2026,14.06.2026,15.06.2026,15.06.2026,,H014,WH INFORMA JABABEKA
R110260520L063_H014,CDD LONG CHASSIS,3500000,0,0,0,0,0,3500000,H014 - WH INFORMA JABABEKA,PT. CEHA LOGISTIK CEMERLANG,7,ON SCHEDULE,30,0,21.06.2026,21.05.2026,23.05.2026,25.05.2026,25.05.2026,04.06.2026,04.06.2026,,H014,WH INFORMA JABABEKA
R110260520L065_H014,WINGBOX,4500000,0,0,0,350000,0,4850000,H014 - WH INFORMA JABABEKA,PT. CEHA LOGISTIK CEMERLANG,7,ON SCHEDULE,29,0,20.06.2026,21.05.2026,24.05.2026,25.05.2026,25.05.2026,26.05.2026,26.05.2026,,H014,WH INFORMA JABABEKA
R110260520L067_H014,WINGBOX,2599000,0,0,0,0,0,2599000,H014 - WH INFORMA JABABEKA,PT. DUTA MEDIA MANDIRI,7,ON SCHEDULE,27,0,18.06.2026,21.05.2026,22.05.2026,22.05.2026,22.05.2026,25.05.2026,25.05.2026,,H014,WH INFORMA JABABEKA
R110260520L072_H014,CDD LONG CHASSIS,1400000,0,0,0,200000,0,1600000,H014 - WH INFORMA JABABEKA,PT. BINTANG SAMUDRA RAYA,7,ON SCHEDULE,27,0,18.06.2026,21.05.2026,23.05.2026,12.06.2026,14.06.2026,15.06.2026,15.06.2026,,H014,WH INFORMA JABABEKA
R110260520L078_H014,CDD LONG CHASSIS,1750000,0,0,0,0,0,1750000,H014 - WH INFORMA JABABEKA,PT. CATUR GLOBAL LOGISTIK,7,ON SCHEDULE,27,0,18.06.2026,21.05.2026,22.05.2026,29.05.2026,29.05.2026,29.05.2026,29.05.2026,,H014,WH INFORMA JABABEKA
R110260520T015_H014,WINGBOX,5650000,0,0,0,0,0,5650000,H014 - WH INFORMA JABABEKA,PT. DUTA MEDIA MANDIRI,7,ON SCHEDULE,29,0,20.06.2026,21.05.2026,24.05.2026,25.05.2026,25.05.2026,02.06.2026,03.06.2026,,H014,WH INFORMA JABABEKA
R110260520T018_H014,CONT-40,28700000,0,0,1500000,0,0,30200000,H014 - WH INFORMA JABABEKA,PT. SARANA TRANS SUMATERA,7,ON SCHEDULE,46,0,07.07.2026,21.05.2026,10.06.2026,26.06.2026,26.06.2026,29.06.2026,29.06.2026,,H014,WH INFORMA JABABEKA
R110260520T019_H014,CONT-40,25400000,0,0,1500000,0,0,26900000,H014 - WH INFORMA JABABEKA,PT. SENTOSAPRIMA ABADI,6,LATE,46,75,07.07.2026,21.05.2026,16.06.2026,13.07.2026,13.07.2026,15.07.2026,15.07.2026,,H014,WH INFORMA JABABEKA
R110260520T021_H014,WINGBOX,25200000,0,0,0,0,0,25200000,H014 - WH INFORMA JABABEKA,PT. SERASI LOGISTIC,7,ON SCHEDULE,37,0,28.06.2026,21.05.2026,29.05.2026,04.06.2026,04.06.2026,04.06.2026,09.06.2026,,H014,WH INFORMA JABABEKA
R110260520T024_H014,WINGBOX,25200000,0,0,0,0,0,25200000,H014 - WH INFORMA JABABEKA,PT. SERASI LOGISTIC,7,ON SCHEDULE,37,0,28.06.2026,21.05.2026,26.05.2026,04.06.2026,04.06.2026,04.06.2026,09.06.2026,,H014,WH INFORMA JABABEKA
R110260520T036_H014,CONT-20,17250000,0,0,0,0,0,17250000,H014 - WH INFORMA JABABEKA,PT. MITRA INTERTRANS FORWARDING,6,LATE,40,74,01.07.2026,21.05.2026,01.06.2026,21.07.2026,21.07.2026,22.07.2026,22.07.2026,,H014,WH INFORMA JABABEKA
R110260520T037_H014,CONT-40,25400000,0,0,1500000,0,0,26900000,H014 - WH INFORMA JABABEKA,PT. SENTOSAPRIMA ABADI,6,LATE,46,75,07.07.2026,21.05.2026,16.06.2026,13.07.2026,13.07.2026,15.07.2026,15.07.2026,,H014,WH INFORMA JABABEKA
R110260520T038_H014,CONT-40,25400000,0,0,1500000,0,0,26900000,H014 - WH INFORMA JABABEKA,PT. SENTOSAPRIMA ABADI,6,LATE,46,75,07.07.2026,21.05.2026,16.06.2026,17.07.2026,17.07.2026,20.07.2026,20.07.2026,,H014,WH INFORMA JABABEKA
R110260520T039_H014,CONT-40,29600000,0,0,0,0,0,29600000,H014 - WH INFORMA JABABEKA,PT. TPIL LOGISTICS,2,LATE,20,74,12.06.2026,22.05.2026,05.06.2026,,,,,,H014,WH INFORMA JABABEKA
R110260520T040_H014,CONT-40,29600000,0,0,0,0,0,29600000,H014 - WH INFORMA JABABEKA,PT. TPIL LOGISTICS,2,LATE,20,75,11.06.2026,21.05.2026,05.06.2026,,,,,,H014,WH INFORMA JABABEKA
R110260520T042_H014,CONT-40,26000000,0,0,0,0,0,26000000,H014 - WH INFORMA JABABEKA,PT. TPIL LOGISTICS,2,LATE,20,74,11.06.2026,21.05.2026,05.06.2026,,,,,,H014,WH INFORMA JABABEKA
R110260520T044_H014,CONT-40,26500000,0,0,0,0,0,26500000,H014 - WH INFORMA JABABEKA,PT. SENTOSAPRIMA ABADI,6,LATE,40,75,01.07.2026,21.05.2026,05.06.2026,10.07.2026,10.07.2026,16.07.2026,16.07.2026,,H014,WH INFORMA JABABEKA
R110260520T045_H014,CONT-40,27100000,0,0,600000,0,0,27700000,H014 - WH INFORMA JABABEKA,PT. SENTOSAPRIMA ABADI,6,LATE,42,74,03.07.2026,21.05.2026,05.06.2026,08.07.2026,08.07.2026,09.07.2026,09.07.2026,,H014,WH INFORMA JABABEKA
R110260520T046_H014,CONT-40,28850000,0,0,0,0,0,28850000,H014 - WH INFORMA JABABEKA,PT. SENTOSAPRIMA ABADI,6,LATE,40,74,01.07.2026,21.05.2026,05.06.2026,13.07.2026,13.07.2026,14.07.2026,14.07.2026,,H014,WH INFORMA JABABEKA
R110260520T048_H014,CONT-20,13300000,0,0,0,0,0,13300000,H014 - WH INFORMA JABABEKA,PT.BANGKA JAYA LINE,2,LATE,20,74,12.06.2026,22.05.2026,05.06.2026,,,,,,H014,WH INFORMA JABABEKA
R110260520T049_H014,CONT-20,17000000,0,0,800000,0,0,17800000,H014 - WH INFORMA JABABEKA,PT. SARANA TRANS SUMATERA,7,ON SCHEDULE,46,0,07.07.2026,21.05.2026,10.06.2026,26.06.2026,26.06.2026,29.06.2026,29.06.2026,,H014,WH INFORMA JABABEKA
R110260520T050_H014,CONT-20,13300000,0,0,0,0,0,13300000,H014 - WH INFORMA JABABEKA,PT.BANGKA JAYA LINE,2,LATE,20,74,12.06.2026,22.05.2026,05.06.2026,,,,,,H014,WH INFORMA JABABEKA
R110260520T051_H014,CONT-40,28700000,0,0,1500000,0,0,30200000,H014 - WH INFORMA JABABEKA,PT. SARANA TRANS SUMATERA,7,ON SCHEDULE,46,0,08.07.2026,22.05.2026,07.06.2026,29.06.2026,30.06.2026,01.07.2026,01.07.2026,,H014,WH INFORMA JABABEKA
R110260520T052_H014,CONT-40,8150000,0,0,0,0,0,8150000,H014 - WH INFORMA JABABEKA,PT. JATIM PETROLEUM TRANSPORT,7,ON SCHEDULE,29,0,21.06.2026,22.05.2026,31.05.2026,05.06.2026,06.06.2026,24.06.2026,24.06.2026,,H014,WH INFORMA JABABEKA
R110260520T053_H014,CONT-40,8150000,0,0,0,0,0,8150000,H014 - WH INFORMA JABABEKA,PT. JATIM PETROLEUM TRANSPORT,7,ON SCHEDULE,29,0,20.06.2026,21.05.2026,31.05.2026,05.06.2026,06.06.2026,24.06.2026,24.06.2026,,H014,WH INFORMA JABABEKA
R110260520T056_H014,CONT-20,13300000,0,0,0,0,0,13300000,H014 - WH INFORMA JABABEKA,PT.BANGKA JAYA LINE,2,LATE,20,74,12.06.2026,22.05.2026,05.06.2026,,,,,,H014,WH INFORMA JABABEKA
R110260521H029_H014,WINGBOX,4500000,0,0,0,0,0,4500000,H014 - WH INFORMA JABABEKA,PT. CEHA LOGISTIK CEMERLANG,7,ON SCHEDULE,29,0,21.06.2026,22.05.2026,23.05.2026,25.05.2026,25.05.2026,26.05.2026,26.05.2026,,H014,WH INFORMA JABABEKA
R110260521H031_H014,CDD LONG CHASSIS,3500000,0,0,0,0,0,3500000,H014 - WH INFORMA JABABEKA,PT. CEHA LOGISTIK CEMERLANG,7,ON SCHEDULE,29,0,21.06.2026,22.05.2026,23.05.2026,25.05.2026,25.05.2026,26.05.2026,26.05.2026,,H014,WH INFORMA JABABEKA
R110260521H032_H014,CDD LONG CHASSIS,12500000,0,0,0,0,0,12500000,H014 - WH INFORMA JABABEKA,PT.ORANG KREATIF EKSIS,7,ON SCHEDULE,30,0,22.06.2026,22.05.2026,31.05.2026,05.06.2026,05.06.2026,15.06.2026,15.06.2026,,H014,WH INFORMA JABABEKA
R110260521H033_H014,CDD LONG CHASSIS,12500000,0,0,0,0,0,12500000,H014 - WH INFORMA JABABEKA,PT.ORANG KREATIF EKSIS,7,ON SCHEDULE,30,0,22.06.2026,22.05.2026,31.05.2026,05.06.2026,05.06.2026,15.06.2026,15.06.2026,,H014,WH INFORMA JABABEKA
R110260521H034_H014,WINGBOX,1998000,0,0,0,0,0,1998000,H014 - WH INFORMA JABABEKA,PT. ARDYA PRIMA INTERNUSA,7,ON SCHEDULE,27,0,18.06.2026,21.05.2026,22.05.2026,26.05.2026,27.05.2026,04.06.2026,05.06.2026,,H014,WH INFORMA JABABEKA
R110260521H044_H014,CDD LONG,2350000,0,0,0,0,0,2350000,H014 - WH INFORMA JABABEKA,PT. BINTANG SAMUDRA RAYA,7,ON SCHEDULE,29,0,21.06.2026,22.05.2026,24.05.2026,29.05.2026,29.05.2026,29.05.2026,03.06.2026,,H014,WH INFORMA JABABEKA
R110260521H045_H014,CDD LONG CHASSIS,2850000,0,0,0,0,0,2850000,H014 - WH INFORMA JABABEKA,PT. BINTANG SAMUDRA RAYA,7,ON SCHEDULE,28,0,20.06.2026,22.05.2026,23.05.2026,29.05.2026,29.05.2026,29.05.2026,03.06.2026,,H014,WH INFORMA JABABEKA
R110260521H046_H014,CDD LONG CHASSIS,2850000,0,0,0,0,0,2850000,H014 - WH INFORMA JABABEKA,PT. BINTANG SAMUDRA RAYA,7,ON SCHEDULE,28,0,19.06.2026,21.05.2026,23.05.2026,29.05.2026,29.05.2026,29.05.2026,03.06.2026,,H014,WH INFORMA JABABEKA
R110260521H048_H014,CONT-20,17600000,0,0,0,0,0,17600000,H014 - WH INFORMA JABABEKA,PT. MITRA INTERTRANS FORWARDING,2,LATE,22,74,14.06.2026,22.05.2026,12.06.2026,,,,,,H014,WH INFORMA JABABEKA
R110260521H050_H014,CDD LONG CHASSIS,12500000,0,0,0,0,0,12500000,H014 - WH INFORMA JABABEKA,PT.ORANG KREATIF EKSIS,7,ON SCHEDULE,30,0,22.06.2026,22.05.2026,31.05.2026,05.06.2026,05.06.2026,15.06.2026,15.06.2026,,H014,WH INFORMA JABABEKA
R110260521H051_H014,CDD LONG CHASSIS,12500000,0,0,0,0,0,12500000,H014 - WH INFORMA JABABEKA,PT.ORANG KREATIF EKSIS,7,ON SCHEDULE,30,0,22.06.2026,22.05.2026,31.05.2026,05.06.2026,05.06.2026,15.06.2026,15.06.2026,,H014,WH INFORMA JABABEKA
R110260521H052_H014,CDD LONG CHASSIS,12500000,0,0,0,0,0,12500000,H014 - WH INFORMA JABABEKA,PT.ORANG KREATIF EKSIS,7,ON SCHEDULE,30,0,22.06.2026,22.05.2026,25.05.2026,05.06.2026,05.06.2026,15.06.2026,15.06.2026,,H014,WH INFORMA JABABEKA
R110260521H054_H014,CDD LONG CHASSIS,3500000,0,0,0,0,0,3500000,H014 - WH INFORMA JABABEKA,PT. AGUNG MAKMUR JAYA,7,ON SCHEDULE,29,0,21.06.2026,22.05.2026,24.05.2026,25.05.2026,25.05.2026,25.05.2026,25.05.2026,,H014,WH INFORMA JABABEKA
R110260521H055_H014,CDD LONG CHASSIS,3500000,0,0,0,0,0,3500000,H014 - WH INFORMA JABABEKA,PT. CEHA LOGISTIK CEMERLANG,7,ON SCHEDULE,29,0,21.06.2026,22.05.2026,24.05.2026,25.05.2026,25.05.2026,04.06.2026,04.06.2026,,H014,WH INFORMA JABABEKA
R110260521L004_H014,CDD LONG CHASSIS,2850000,0,0,0,0,0,2850000,H014 - WH INFORMA JABABEKA,PT. AGUNG MAKMUR JAYA,7,ON SCHEDULE,27,0,19.06.2026,22.05.2026,23.05.2026,25.05.2026,25.05.2026,08.06.2026,12.06.2026,,H014,WH INFORMA JABABEKA
R110260521L005_H014,CDD LONG CHASSIS,2850000,0,0,0,0,0,2850000,H014 - WH INFORMA JABABEKA,PT. AGUNG MAKMUR JAYA,7,ON SCHEDULE,27,0,19.06.2026,22.05.2026,24.05.2026,25.05.2026,25.05.2026,08.06.2026,12.06.2026,,H014,WH INFORMA JABABEKA
R110260521L006_H014,CDD LONG CHASSIS,2850000,0,0,0,100000,0,2950000,H014 - WH INFORMA JABABEKA,PT. AGUNG MAKMUR JAYA,7,ON SCHEDULE,27,0,19.06.2026,22.05.2026,24.05.2026,26.05.2026,26.05.2026,08.06.2026,12.06.2026,,H014,WH INFORMA JABABEKA
R110260521L006_H014,CDD LONG CHASSIS,2850000,0,0,0,100000,0,2950000,H014 - WH INFORMA JABABEKA,PT. AGUNG MAKMUR JAYA,7,ON SCHEDULE,27,0,19.06.2026,22.05.2026,24.05.2026,26.05.2026,26.05.2026,08.06.2026,12.06.2026,,H014,WH INFORMA JABABEKA
R110260521L006_H014,CDD LONG CHASSIS,2850000,0,0,0,100000,0,2950000,H014 - WH INFORMA JABABEKA,PT. AGUNG MAKMUR JAYA,7,ON SCHEDULE,27,0,19.06.2026,22.05.2026,24.05.2026,26.05.2026,26.05.2026,08.06.2026,12.06.2026,,H014,WH INFORMA JABABEKA
R110260521L007_H014,CDD LONG CHASSIS,1600000,0,0,0,0,0,1600000,H014 - WH INFORMA JABABEKA,PT. SATRIA PIRANTI PERKASA,7,ON SCHEDULE,27,0,19.06.2026,22.05.2026,23.05.2026,09.06.2026,09.06.2026,10.06.2026,10.06.2026,,H014,WH INFORMA JABABEKA
R110260521L008_H014,CDD LONG CHASSIS,1750000,0,0,0,250000,0,2000000,H014 - WH INFORMA JABABEKA,PT. CATUR GLOBAL LOGISTIK,7,ON SCHEDULE,27,0,19.06.2026,22.05.2026,24.05.2026,29.05.2026,29.05.2026,29.05.2026,29.05.2026,,H014,WH INFORMA JABABEKA
R110260521L009_H014,CDD LONG CHASSIS,3500000,0,0,0,0,0,3500000,H014 - WH INFORMA JABABEKA,PT.DHANESWARA EXPRES,7,ON SCHEDULE,28,0,20.06.2026,22.05.2026,24.05.2026,04.06.2026,04.06.2026,08.06.2026,08.06.2026,,H014,WH INFORMA JABABEKA
R110260521L037_H014,CDD LONG CHASSIS,3500000,0,0,0,0,0,3500000,H014 - WH INFORMA JABABEKA,PT. CEHA LOGISTIK CEMERLANG,7,ON SCHEDULE,28,0,20.06.2026,22.05.2026,23.05.2026,25.05.2026,25.05.2026,04.06.2026,04.06.2026,,H014,WH INFORMA JABABEKA
R110260521L038_H014,CDD LONG CHASSIS,7500000,0,0,0,0,0,7500000,H014 - WH INFORMA JABABEKA,PT.ORANG KREATIF EKSIS,7,ON SCHEDULE,30,0,22.06.2026,22.05.2026,26.05.2026,29.05.2026,29.05.2026,04.06.2026,04.06.2026,,H014,WH INFORMA JABABEKA
R110260521L040_H014,FUSO,11450000,0,0,0,0,0,11450000,H014 - WH INFORMA JABABEKA,PT LOGISTIK CANGGIH INDONESIA,7,ON SCHEDULE,30,0,22.06.2026,22.05.2026,26.05.2026,02.06.2026,02.06.2026,04.06.2026,09.06.2026,,H014,WH INFORMA JABABEKA
R110260521L045_H014,WINGBOX,2034000,0,0,0,0,0,2034000,H014 - WH INFORMA JABABEKA,PT. DUTA MEDIA MANDIRI,7,ON SCHEDULE,27,0,19.06.2026,22.05.2026,23.05.2026,25.05.2026,25.05.2026,25.05.2026,25.05.2026,,H014,WH INFORMA JABABEKA
R110260521L046_H014,FUSO,2700000,0,0,0,150000,0,2850000,H014 - WH INFORMA JABABEKA,PT. DUTA MEDIA MANDIRI,7,ON SCHEDULE,27,0,19.06.2026,22.05.2026,05.06.2026,08.06.2026,09.06.2026,09.06.2026,11.06.2026,,H014,WH INFORMA JABABEKA
R110260521L047_H014,CDD LONG CHASSIS,2350000,0,0,0,0,0,2350000,H014 - WH INFORMA JABABEKA,PT. BINTANG SAMUDRA RAYA,7,ON SCHEDULE,28,0,20.06.2026,22.05.2026,24.05.2026,29.05.2026,29.05.2026,29.05.2026,03.06.2026,,H014,WH INFORMA JABABEKA
R110260521L058_H014,CDD LONG CHASSIS,1400000,0,0,0,200000,0,1600000,H014 - WH INFORMA JABABEKA,PT. BINTANG SAMUDRA RAYA,7,ON SCHEDULE,27,0,19.06.2026,22.05.2026,24.05.2026,04.06.2026,04.06.2026,05.06.2026,05.06.2026,,H014,WH INFORMA JABABEKA
R110260521L059_H014,CDD LONG CHASSIS,3900000,0,0,0,0,0,3900000,H014 - WH INFORMA JABABEKA,PT. BINTANG SAMUDRA RAYA,7,ON SCHEDULE,28,0,20.06.2026,22.05.2026,24.05.2026,05.06.2026,05.06.2026,05.06.2026,10.06.2026,,H014,WH INFORMA JABABEKA
R110260521L082_H014,CDD LONG CHASSIS,12400000,0,0,0,0,0,12400000,H014 - WH INFORMA JABABEKA,PT.ORANG KREATIF EKSIS,7,ON SCHEDULE,30,0,22.06.2026,22.05.2026,27.05.2026,05.06.2026,05.06.2026,15.06.2026,15.06.2026,,H014,WH INFORMA JABABEKA
R110260521T010_H014,CONT-40,8750000,0,0,0,0,0,8750000,H014 - WH INFORMA JABABEKA,PT. CIKARANG GERBANG SOLUSI,6,LATE,29,74,21.06.2026,22.05.2026,31.05.2026,25.06.2026,25.06.2026,29.06.2026,07.07.2026,,H014,WH INFORMA JABABEKA
R110260521T011_H014,CONT-20,17850000,0,0,0,0,0,17850000,H014 - WH INFORMA JABABEKA,PT. MITRA INTERTRANS FORWARDING,2,LATE,27,74,19.06.2026,22.05.2026,16.06.2026,,,,,,H014,WH INFORMA JABABEKA
R110260521T012_H014,WINGBOX,5650000,0,0,0,0,0,5650000,H014 - WH INFORMA JABABEKA,PT. DUTA MEDIA MANDIRI,7,ON SCHEDULE,29,0,21.06.2026,22.05.2026,24.05.2026,25.05.2026,25.05.2026,29.05.2026,29.05.2026,,H014,WH INFORMA JABABEKA
R110260521T013_H014,WINGBOX,5600000,0,0,0,0,0,5600000,H014 - WH INFORMA JABABEKA,PT. BINTANG SAMUDRA RAYA,7,ON SCHEDULE,29,0,21.06.2026,22.05.2026,24.05.2026,02.06.2026,03.06.2026,04.06.2026,04.06.2026,,H014,WH INFORMA JABABEKA
R110260521T014_H014,CONT-40,0,0,0,0,0,0,0,H014 - WH INFORMA JABABEKA,PT. TPIL LOGISTICS,2,LATE,17,72,11.06.2026,24.05.2026,10.06.2026,,,,,,H014,WH INFORMA JABABEKA
R110260521T015_H014,CONT-40,0,0,0,0,0,0,0,H014 - WH INFORMA JABABEKA,PT. TPIL LOGISTICS,2,LATE,17,71,11.06.2026,24.05.2026,10.06.2026,,,,,,H014,WH INFORMA JABABEKA
R110260521T016_H014,CONT-40,27200000,0,0,0,0,0,27200000,H014 - WH INFORMA JABABEKA,PT. SENTOSAPRIMA ABADI,6,LATE,37,74,29.06.2026,22.05.2026,06.06.2026,14.07.2026,14.07.2026,14.07.2026,14.07.2026,,H014,WH INFORMA JABABEKA
R110260521T017_H014,CONT-40,27200000,0,0,0,0,0,27200000,H014 - WH INFORMA JABABEKA,PT. SENTOSAPRIMA ABADI,6,LATE,37,73,29.06.2026,22.05.2026,05.06.2026,13.07.2026,13.07.2026,14.07.2026,14.07.2026,,H014,WH INFORMA JABABEKA
R110260521T018_H014,WINGBOX,5650000,0,0,0,0,0,5650000,H014 - WH INFORMA JABABEKA,PT. DUTA MEDIA MANDIRI,7,ON SCHEDULE,29,0,21.06.2026,22.05.2026,24.05.2026,25.05.2026,25.05.2026,29.05.2026,29.05.2026,,H014,WH INFORMA JABABEKA
R110260521T019_H014,WINGBOX,5650000,0,0,0,0,0,5650000,H014 - WH INFORMA JABABEKA,PT. DUTA MEDIA MANDIRI,7,ON SCHEDULE,29,0,21.06.2026,22.05.2026,24.05.2026,25.05.2026,25.05.2026,29.05.2026,29.05.2026,,H014,WH INFORMA JABABEKA
R110260521T020_H014,CONT-40,27500000,0,0,800000,0,0,28300000,H014 - WH INFORMA JABABEKA,PT. MITRA INTERTRANS FORWARDING,6,LATE,42,73,04.07.2026,22.05.2026,05.06.2026,27.07.2026,28.07.2026,28.07.2026,28.07.2026,,H014,WH INFORMA JABABEKA
R110260521T022_H014,WINGBOX,6600000,0,0,0,0,0,6600000,H014 - WH INFORMA JABABEKA,PT. JAYA MULYA ERALINDO,7,ON SCHEDULE,29,0,21.06.2026,22.05.2026,24.05.2026,02.06.2026,02.06.2026,11.06.2026,11.06.2026,,H014,WH INFORMA JABABEKA
R110260521T027_H014,WINGBOX,6600000,0,0,0,0,0,6600000,H014 - WH INFORMA JABABEKA,PT. JAYA MULYA ERALINDO,7,ON SCHEDULE,29,0,21.06.2026,22.05.2026,25.05.2026,10.06.2026,10.06.2026,11.06.2026,11.06.2026,,H014,WH INFORMA JABABEKA
R110260521T041_H014,CONT-40,8150000,0,0,0,0,0,8150000,H014 - WH INFORMA JABABEKA,PT. JATIM PETROLEUM TRANSPORT,7,ON SCHEDULE,29,0,21.06.2026,22.05.2026,31.05.2026,05.06.2026,06.06.2026,24.06.2026,24.06.2026,,H014,WH INFORMA JABABEKA
R110260522H037_H014,WINGBOX,1998000,0,0,0,0,0,1998000,H014 - WH INFORMA JABABEKA,PT. ARDYA PRIMA INTERNUSA,7,ON SCHEDULE,27,0,19.06.2026,22.05.2026,23.05.2026,26.05.2026,27.05.2026,04.06.2026,05.06.2026,,H014,WH INFORMA JABABEKA
R110260522H039_H014,CDD LONG CHASSIS,10350000,0,0,0,0,0,10350000,H014 - WH INFORMA JABABEKA,PT.ORANG KREATIF EKSIS,7,ON SCHEDULE,30,0,22.06.2026,22.05.2026,28.05.2026,05.06.2026,05.06.2026,15.06.2026,15.06.2026,,H014,WH INFORMA JABABEKA
R110260522H041_H014,CDD LONG CHASSIS,2850000,0,0,0,0,0,2850000,H014 - WH INFORMA JABABEKA,PT. BINTANG SAMUDRA RAYA,7,ON SCHEDULE,28,0,20.06.2026,22.05.2026,24.05.2026,05.06.2026,05.06.2026,05.06.2026,10.06.2026,,H014,WH INFORMA JABABEKA
R110260522H042_H014,CDD LONG CHASSIS,2250000,0,0,0,0,0,2250000,H014 - WH INFORMA JABABEKA,PT. BINTANG SAMUDRA RAYA,7,ON SCHEDULE,27,0,20.06.2026,23.05.2026,24.05.2026,29.05.2026,29.05.2026,29.05.2026,03.06.2026,,H014,WH INFORMA JABABEKA
R110260522H043_H014,CDD LONG CHASSIS,12400000,0,0,0,0,0,12400000,H014 - WH INFORMA JABABEKA,PT.ORANG KREATIF EKSIS,7,ON SCHEDULE,31,0,24.06.2026,23.05.2026,28.05.2026,05.06.2026,05.06.2026,15.06.2026,15.06.2026,,H014,WH INFORMA JABABEKA
R110260522H044_H014,WINGBOX,4825000,0,0,0,0,0,4825000,H014 - WH INFORMA JABABEKA,PT. CEHA LOGISTIK CEMERLANG,7,ON SCHEDULE,29,0,22.06.2026,23.05.2026,24.05.2026,25.05.2026,25.05.2026,26.05.2026,26.05.2026,,H014,WH INFORMA JABABEKA
R110260522H048_H014,CDD LONG CHASSIS,2250000,0,0,0,0,0,2250000,H014 - WH INFORMA JABABEKA,PT. BINTANG SAMUDRA RAYA,7,ON SCHEDULE,27,0,19.06.2026,22.05.2026,24.05.2026,05.06.2026,05.06.2026,05.06.2026,10.06.2026,,H014,WH INFORMA JABABEKA
R110260522H052_H014,CDD LONG CHASSIS,10350000,0,0,0,0,0,10350000,H014 - WH INFORMA JABABEKA,PT.ORANG KREATIF EKSIS,7,ON SCHEDULE,30,0,22.06.2026,22.05.2026,31.05.2026,05.06.2026,05.06.2026,15.06.2026,15.06.2026,,H014,WH INFORMA JABABEKA
R110260522H053_H014,CDD LONG CHASSIS,10350000,0,0,0,0,0,10350000,H014 - WH INFORMA JABABEKA,PT.ORANG KREATIF EKSIS,7,ON SCHEDULE,30,0,23.06.2026,23.05.2026,31.05.2026,05.06.2026,05.06.2026,15.06.2026,15.06.2026,,H014,WH INFORMA JABABEKA
R110260522H054_H014,CDD LONG CHASSIS,12400000,0,0,0,0,0,12400000,H014 - WH INFORMA JABABEKA,PT.ORANG KREATIF EKSIS,7,ON SCHEDULE,31,0,23.06.2026,22.05.2026,31.05.2026,05.06.2026,05.06.2026,15.06.2026,15.06.2026,,H014,WH INFORMA JABABEKA
R110260522H055_H014,CDD LONG CHASSIS,12400000,0,0,0,0,0,12400000,H014 - WH INFORMA JABABEKA,PT.ORANG KREATIF EKSIS,7,ON SCHEDULE,31,0,23.06.2026,22.05.2026,28.05.2026,05.06.2026,05.06.2026,15.06.2026,15.06.2026,,H014,WH INFORMA JABABEKA
R110260522L018_H014,CDD LONG CHASSIS,2570000,0,0,0,0,0,2570000,H014 - WH INFORMA JABABEKA,PT.SIASAT CEPAT MUDA,7,ON SCHEDULE,27,0,20.06.2026,23.05.2026,25.05.2026,26.05.2026,26.05.2026,05.06.2026,12.06.2026,,H014,WH INFORMA JABABEKA
R110260522L019_H014,CDD LONG CHASSIS,2570000,0,0,0,0,0,2570000,H014 - WH INFORMA JABABEKA,PT.SIASAT CEPAT MUDA,7,ON SCHEDULE,27,0,20.06.2026,23.05.2026,25.05.2026,04.06.2026,04.06.2026,05.06.2026,12.06.2026,,H014,WH INFORMA JABABEKA
R110260522L020_H014,WINGBOX,4225000,0,0,0,0,0,4225000,H014 - WH INFORMA JABABEKA,PT.SIASAT CEPAT MUDA,7,ON SCHEDULE,27,0,20.06.2026,23.05.2026,25.05.2026,04.06.2026,04.06.2026,05.06.2026,12.06.2026,,H014,WH INFORMA JABABEKA
R110260522L049_H014,CDD LONG CHASSIS,4700000,0,0,0,0,0,4700000,H014 - WH INFORMA JABABEKA,PT. BINTANG SAMUDRA RAYA,7,ON SCHEDULE,29,0,21.06.2026,22.05.2026,25.05.2026,05.06.2026,05.06.2026,05.06.2026,10.06.2026,,H014,WH INFORMA JABABEKA
R110260522L055_H014,CDD LONG CHASSIS,1750000,0,0,0,0,0,1750000,H014 - WH INFORMA JABABEKA,PT. DUTA MEDIA MANDIRI,7,ON SCHEDULE,27,0,20.06.2026,23.05.2026,24.05.2026,25.05.2026,25.05.2026,25.05.2026,25.05.2026,,H014,WH INFORMA JABABEKA
R110260522L056_H014,CDD LONG CHASSIS,1425000,0,0,0,100000,0,1525000,H014 - WH INFORMA JABABEKA,PT. DUTA MEDIA MANDIRI,7,ON SCHEDULE,27,0,20.06.2026,23.05.2026,24.05.2026,26.05.2026,26.05.2026,26.05.2026,26.05.2026,,H014,WH INFORMA JABABEKA
R110260522L058_H014,CDD LONG CHASSIS,1725000,0,0,0,0,0,1725000,H014 - WH INFORMA JABABEKA,PT. BINTANG SAMUDRA RAYA,7,ON SCHEDULE,27,0,20.06.2026,23.05.2026,24.05.2026,29.05.2026,29.05.2026,29.05.2026,03.06.2026,,H014,WH INFORMA JABABEKA
R110260522L069_H014,CDD LONG CHASSIS,1725000,0,0,0,0,0,1725000,H014 - WH INFORMA JABABEKA,PT. BINTANG SAMUDRA RAYA,7,ON SCHEDULE,27,0,20.06.2026,23.05.2026,24.05.2026,26.05.2026,26.05.2026,29.05.2026,29.05.2026,,H014,WH INFORMA JABABEKA
R110260522T005_H014,CONT-20,16900000,0,0,0,0,0,16900000,H014 - WH INFORMA JABABEKA,PT. MITRA INTERTRANS FORWARDING,7,ON SCHEDULE,40,0,03.07.2026,23.05.2026,10.06.2026,23.06.2026,24.06.2026,24.06.2026,24.06.2026,,H014,WH INFORMA JABABEKA
R110260522T016_H014,WINGBOX,5600000,0,0,0,0,0,5600000,H014 - WH INFORMA JABABEKA,PT. BINTANG SAMUDRA RAYA,7,ON SCHEDULE,29,0,22.06.2026,23.05.2026,25.05.2026,29.05.2026,29.05.2026,29.05.2026,03.06.2026,,H014,WH INFORMA JABABEKA
R110260522T017_H014,WINGBOX,5650000,0,0,0,0,0,5650000,H014 - WH INFORMA JABABEKA,PT. DUTA MEDIA MANDIRI,7,ON SCHEDULE,29,0,22.06.2026,23.05.2026,26.05.2026,26.05.2026,27.05.2026,02.06.2026,03.06.2026,,H014,WH INFORMA JABABEKA
R110260522T018_H014,WINGBOX,5650000,0,0,0,0,0,5650000,H014 - WH INFORMA JABABEKA,PT. DUTA MEDIA MANDIRI,7,ON SCHEDULE,29,0,22.06.2026,23.05.2026,26.05.2026,26.05.2026,27.05.2026,02.06.2026,03.06.2026,,H014,WH INFORMA JABABEKA
R110260522T019_H014,CONT-40,0,0,0,0,0,0,0,H014 - WH INFORMA JABABEKA,PT. TPIL LOGISTICS,2,LATE,17,72,10.06.2026,23.05.2026,16.06.2026,,,,,,H014,WH INFORMA JABABEKA
R110260522T020_H014,CONT-40,27100000,0,0,600000,0,0,27700000,H014 - WH INFORMA JABABEKA,PT. SENTOSAPRIMA ABADI,6,LATE,42,73,05.07.2026,23.05.2026,05.06.2026,13.07.2026,13.07.2026,14.07.2026,14.07.2026,,H014,WH INFORMA JABABEKA
R110260522T021_H014,WINGBOX,7000000,0,0,0,0,0,7000000,H014 - WH INFORMA JABABEKA,PT. DUNIA EXPRESS TRANSINDO,7,ON SCHEDULE,29,0,22.06.2026,23.05.2026,26.05.2026,04.06.2026,04.06.2026,11.06.2026,11.06.2026,,H014,WH INFORMA JABABEKA
R110260522T022_H014,CONT-40,0,0,0,0,0,0,0,H014 - WH INFORMA JABABEKA,PT. TPIL LOGISTICS,2,LATE,20,72,13.06.2026,23.05.2026,10.06.2026,,,,,,H014,WH INFORMA JABABEKA
R110260522T024_H014,WINGBOX,7000000,0,0,0,0,0,7000000,H014 - WH INFORMA JABABEKA,PT. DUNIA EXPRESS TRANSINDO,7,ON SCHEDULE,29,0,22.06.2026,23.05.2026,26.05.2026,04.06.2026,04.06.2026,11.06.2026,11.06.2026,,H014,WH INFORMA JABABEKA
R110260522T026_H014,WINGBOX,7000000,0,0,0,0,0,7000000,H014 - WH INFORMA JABABEKA,PT. DUNIA EXPRESS TRANSINDO,7,ON SCHEDULE,29,0,22.06.2026,23.05.2026,25.05.2026,04.06.2026,04.06.2026,11.06.2026,11.06.2026,,H014,WH INFORMA JABABEKA
R110260522T033_H014,WINGBOX,6600000,0,0,0,0,0,6600000,H014 - WH INFORMA JABABEKA,PT. JAYA MULYA ERALINDO,7,ON SCHEDULE,29,0,22.06.2026,23.05.2026,29.05.2026,10.06.2026,10.06.2026,11.06.2026,11.06.2026,,H014,WH INFORMA JABABEKA
R110260522T034_H014,WINGBOX,6600000,0,0,0,0,0,6600000,H014 - WH INFORMA JABABEKA,PT. JAYA MULYA ERALINDO,7,ON SCHEDULE,29,0,22.06.2026,23.05.2026,27.05.2026,02.06.2026,02.06.2026,11.06.2026,11.06.2026,,H014,WH INFORMA JABABEKA
R110260522T040_H014,CONT-20,16900000,0,0,0,0,0,16900000,H014 - WH INFORMA JABABEKA,PT. MITRA INTERTRANS FORWARDING,7,ON SCHEDULE,40,0,03.07.2026,23.05.2026,10.06.2026,23.06.2026,24.06.2026,24.06.2026,24.06.2026,,H014,WH INFORMA JABABEKA
R110260522T041_H014,CONT-40,29000000,0,0,0,0,0,29000000,H014 - WH INFORMA JABABEKA,PT. WIDYA TRANS CARGO,6,LATE,40,72,03.07.2026,23.05.2026,05.06.2026,01.07.2026,02.07.2026,06.07.2026,16.07.2026,,H014,WH INFORMA JABABEKA
R110260522T042_H014,WINGBOX,6600000,0,0,0,0,0,6600000,H014 - WH INFORMA JABABEKA,PT. CATUR GLOBAL LOGISTIK,7,ON SCHEDULE,29,0,22.06.2026,23.05.2026,25.05.2026,17.06.2026,17.06.2026,17.06.2026,17.06.2026,,H014,WH INFORMA JABABEKA
R110260522T043_H014,WINGBOX,6600000,0,0,0,0,0,6600000,H014 - WH INFORMA JABABEKA,PT. CATUR GLOBAL LOGISTIK,7,ON SCHEDULE,29,0,22.06.2026,23.05.2026,25.05.2026,17.06.2026,17.06.2026,17.06.2026,17.06.2026,,H014,WH INFORMA JABABEKA
R110260523H030_H014,WINGBOX,4500000,0,0,0,0,0,4500000,H014 - WH INFORMA JABABEKA,PT. CEHA LOGISTIK CEMERLANG,7,ON SCHEDULE,29,0,23.06.2026,24.05.2026,24.05.2026,25.05.2026,25.05.2026,26.05.2026,26.05.2026,,H014,WH INFORMA JABABEKA
R110260523H031_H014,WINGBOX,4500000,0,0,0,0,0,4500000,H014 - WH INFORMA JABABEKA,PT. CEHA LOGISTIK CEMERLANG,7,ON SCHEDULE,29,0,23.06.2026,24.05.2026,25.05.2026,26.05.2026,26.05.2026,26.05.2026,26.05.2026,,H014,WH INFORMA JABABEKA
R110260523H034_H014,WINGBOX,4825000,0,0,0,0,0,4825000,H014 - WH INFORMA JABABEKA,PT. CEHA LOGISTIK CEMERLANG,7,ON SCHEDULE,29,0,23.06.2026,24.05.2026,25.05.2026,26.05.2026,26.05.2026,26.05.2026,26.05.2026,,H014,WH INFORMA JABABEKA
R110260523H035_H014,WINGBOX,4825000,0,0,0,0,0,4825000,H014 - WH INFORMA JABABEKA,PT. CEHA LOGISTIK CEMERLANG,7,ON SCHEDULE,29,0,23.06.2026,24.05.2026,25.05.2026,26.05.2026,26.05.2026,26.05.2026,26.05.2026,,H014,WH INFORMA JABABEKA
R110260523H036_H014,WINGBOX,1998000,0,0,0,0,0,1998000,H014 - WH INFORMA JABABEKA,PT. ARDYA PRIMA INTERNUSA,7,ON SCHEDULE,27,0,20.06.2026,23.05.2026,24.05.2026,05.06.2026,05.06.2026,05.06.2026,05.06.2026,,H014,WH INFORMA JABABEKA
R110260523H037_H014,CDD LONG CHASSIS,1725000,0,0,0,0,0,1725000,H014 - WH INFORMA JABABEKA,PT. BINTANG SAMUDRA RAYA,7,ON SCHEDULE,27,0,21.06.2026,24.05.2026,24.05.2026,26.05.2026,26.05.2026,29.05.2026,29.05.2026,,H014,WH INFORMA JABABEKA
R110260523H039_H014,CDD LONG CHASSIS,2200000,0,0,0,0,0,2200000,H014 - WH INFORMA JABABEKA,PT. AGUNG MAKMUR JAYA,7,ON SCHEDULE,27,0,21.06.2026,24.05.2026,24.05.2026,25.05.2026,25.05.2026,08.06.2026,11.06.2026,,H014,WH INFORMA JABABEKA
R110260523H040_H014,CDD LONG CHASSIS,2850000,0,0,0,0,0,2850000,H014 - WH INFORMA JABABEKA,PT. BINTANG SAMUDRA RAYA,7,ON SCHEDULE,28,0,22.06.2026,24.05.2026,24.05.2026,26.05.2026,26.05.2026,29.05.2026,29.05.2026,,H014,WH INFORMA JABABEKA
R110260523H044_H014,CDD LONG CHASSIS,3325000,0,0,0,0,0,3325000,H014 - WH INFORMA JABABEKA,PT. JEJE HARAPAN TRANSINDO,7,ON SCHEDULE,29,0,23.06.2026,24.05.2026,26.05.2026,04.06.2026,04.06.2026,04.06.2026,04.06.2026,,H014,WH INFORMA JABABEKA
R110260523H049_H014,WINGBOX,17000000,0,0,0,0,0,17000000,H014 - WH INFORMA JABABEKA,PT. BINTANG SAMUDRA RAYA,7,ON SCHEDULE,33,0,27.06.2026,24.05.2026,28.05.2026,03.06.2026,03.06.2026,04.06.2026,04.06.2026,,H014,WH INFORMA JABABEKA
R110260523L036_H014,CDD LONG CHASSIS,3500000,0,0,0,0,0,3500000,H014 - WH INFORMA JABABEKA,PT. AGUNG MAKMUR JAYA,7,ON SCHEDULE,28,0,22.06.2026,24.05.2026,25.05.2026,26.05.2026,26.05.2026,08.06.2026,12.06.2026,,H014,WH INFORMA JABABEKA
R110260523L037_H014,CDD LONG CHASSIS,3300000,0,0,0,0,0,3300000,H014 - WH INFORMA JABABEKA,PT. JAYA MULYA ERALINDO,7,ON SCHEDULE,30,0,24.06.2026,24.05.2026,27.05.2026,02.06.2026,02.06.2026,11.06.2026,11.06.2026,,H014,WH INFORMA JABABEKA
R110260523L038_H014,CDD LOSBAK,3200000,0,0,0,0,0,3200000,H014 - WH INFORMA JABABEKA,PT. JAYA MULYA ERALINDO,7,ON SCHEDULE,30,0,24.06.2026,24.05.2026,25.05.2026,30.06.2026,30.06.2026,30.06.2026,30.06.2026,,H014,WH INFORMA JABABEKA
R110260523L039_H014,CDD LONG CHASSIS,3200000,0,0,0,0,0,3200000,H014 - WH INFORMA JABABEKA,PT. JAYA MULYA ERALINDO,7,ON SCHEDULE,30,0,24.06.2026,24.05.2026,27.05.2026,02.06.2026,02.06.2026,11.06.2026,11.06.2026,,H014,WH INFORMA JABABEKA
R110260523L040_H014,CDD LONG CHASSIS,3500000,0,0,0,0,0,3500000,H014 - WH INFORMA JABABEKA,PT.DHANESWARA EXPRES,7,ON SCHEDULE,30,0,24.06.2026,24.05.2026,25.05.2026,04.06.2026,04.06.2026,08.06.2026,08.06.2026,,H014,WH INFORMA JABABEKA
R110260523L041_H014,CDD LONG CHASSIS,4900000,0,0,0,0,0,4900000,H014 - WH INFORMA JABABEKA,PT.ORANG KREATIF EKSIS,7,ON SCHEDULE,28,0,22.06.2026,24.05.2026,25.05.2026,29.05.2026,29.05.2026,04.06.2026,04.06.2026,,H014,WH INFORMA JABABEKA
R110260523L042_H014,CDD LONG CHASSIS,9300000,0,0,0,0,0,9300000,H014 - WH INFORMA JABABEKA,PT. AGUNG MAKMUR JAYA,7,ON SCHEDULE,31,0,25.06.2026,24.05.2026,28.05.2026,29.05.2026,29.05.2026,08.06.2026,12.06.2026,,H014,WH INFORMA JABABEKA
R110260523L043_H014,CDD LONG CHASSIS,13100000,0,0,0,0,0,13100000,H014 - WH INFORMA JABABEKA,PT.ORANG KREATIF EKSIS,7,ON SCHEDULE,30,0,24.06.2026,24.05.2026,28.05.2026,05.06.2026,05.06.2026,15.06.2026,15.06.2026,,H014,WH INFORMA JABABEKA
R110260523T020_H014,CONT-40,0,0,0,0,0,0,0,H014 - WH INFORMA JABABEKA,PT. TPIL LOGISTICS,2,LATE,20,70,15.06.2026,25.05.2026,10.06.2026,,,,,,H014,WH INFORMA JABABEKA
R110260523T022_H014,CONT-40,27200000,0,0,0,0,0,27200000,H014 - WH INFORMA JABABEKA,PT. SENTOSAPRIMA ABADI,6,LATE,37,71,01.07.2026,24.05.2026,16.06.2026,13.07.2026,13.07.2026,15.07.2026,15.07.2026,,H014,WH INFORMA JABABEKA
R110260523T024_H014,WINGBOX,20000000,0,0,0,0,0,20000000,H014 - WH INFORMA JABABEKA,PT.ORANG KREATIF EKSIS,7,ON SCHEDULE,37,0,01.07.2026,24.05.2026,02.06.2026,08.06.2026,08.06.2026,15.06.2026,15.06.2026,,H014,WH INFORMA JABABEKA
R110260523T025_H014,WINGBOX,25200000,0,0,0,0,0,25200000,H014 - WH INFORMA JABABEKA,PT. SERASI LOGISTIC,7,ON SCHEDULE,37,0,01.07.2026,24.05.2026,31.05.2026,04.06.2026,04.06.2026,04.06.2026,09.06.2026,,H014,WH INFORMA JABABEKA
R110260523T027_H014,CONT-40,0,0,0,0,0,0,0,H014 - WH INFORMA JABABEKA,PT. TPIL LOGISTICS,2,LATE,20,72,14.06.2026,24.05.2026,10.06.2026,,,,,,H014,WH INFORMA JABABEKA
R110260523T028_H014,CONT-40,28500000,0,0,0,0,0,28500000,H014 - WH INFORMA JABABEKA,PT. MITRA INTERTRANS FORWARDING,6,LATE,40,72,04.07.2026,24.05.2026,12.06.2026,27.07.2026,28.07.2026,28.07.2026,28.07.2026,,H014,WH INFORMA JABABEKA
R110260523T029_H014,CONT-40,29000000,0,0,0,0,0,29000000,H014 - WH INFORMA JABABEKA,PT. WIDYA TRANS CARGO,6,LATE,40,71,04.07.2026,24.05.2026,05.06.2026,01.07.2026,02.07.2026,06.07.2026,16.07.2026,,H014,WH INFORMA JABABEKA
R110260523T030_H014,CONT-40,26000000,0,0,1000000,0,0,27000000,H014 - WH INFORMA JABABEKA,PT. WIDYA TRANS CARGO,7,ON SCHEDULE,42,0,06.07.2026,24.05.2026,05.06.2026,29.06.2026,30.06.2026,01.07.2026,01.07.2026,,H014,WH INFORMA JABABEKA
R110260523T031_H014,CONT-40,28500000,0,0,0,0,0,28500000,H014 - WH INFORMA JABABEKA,PT. MITRA INTERTRANS FORWARDING,6,LATE,40,71,04.07.2026,24.05.2026,10.06.2026,27.07.2026,28.07.2026,28.07.2026,28.07.2026,,H014,WH INFORMA JABABEKA
R110260523T032_H014,WINGBOX,25200000,0,0,0,0,0,25200000,H014 - WH INFORMA JABABEKA,PT. SERASI LOGISTIC,7,ON SCHEDULE,37,0,01.07.2026,24.05.2026,31.05.2026,04.06.2026,05.06.2026,09.06.2026,22.06.2026,,H014,WH INFORMA JABABEKA
R110260523T033_H014,WINGBOX,5650000,0,0,0,0,0,5650000,H014 - WH INFORMA JABABEKA,PT. DUTA MEDIA MANDIRI,7,ON SCHEDULE,29,0,23.06.2026,24.05.2026,28.05.2026,29.05.2026,30.05.2026,02.06.2026,03.06.2026,,H014,WH INFORMA JABABEKA
R110260523T039_H014,WINGBOX,5650000,0,0,0,0,0,5650000,H014 - WH INFORMA JABABEKA,PT. DUTA MEDIA MANDIRI,7,ON SCHEDULE,29,0,23.06.2026,24.05.2026,28.05.2026,29.05.2026,30.05.2026,02.06.2026,03.06.2026,,H014,WH INFORMA JABABEKA
R110260523T040_H014,WINGBOX,5650000,0,0,0,0,0,5650000,H014 - WH INFORMA JABABEKA,PT. DUTA MEDIA MANDIRI,7,ON SCHEDULE,29,0,23.06.2026,24.05.2026,28.05.2026,29.05.2026,30.05.2026,04.06.2026,04.06.2026,,H014,WH INFORMA JABABEKA
R110260523T046_H014,WINGBOX,6200000,0,0,0,0,0,6200000,H014 - WH INFORMA JABABEKA,PT. SATRIA PIRANTI PERKASA,7,ON SCHEDULE,29,0,23.06.2026,24.05.2026,28.05.2026,10.06.2026,11.06.2026,18.06.2026,18.06.2026,,H014,WH INFORMA JABABEKA
R110260523T049_H014,WINGBOX,6600000,0,0,0,0,0,6600000,H014 - WH INFORMA JABABEKA,PT. JAYA MULYA ERALINDO,7,ON SCHEDULE,29,0,23.06.2026,24.05.2026,28.05.2026,10.06.2026,10.06.2026,11.06.2026,11.06.2026,,H014,WH INFORMA JABABEKA
R110260523T050_H014,CONT-40,27200000,0,0,0,0,0,27200000,H014 - WH INFORMA JABABEKA,PT. SENTOSAPRIMA ABADI,6,LATE,37,71,01.07.2026,24.05.2026,16.06.2026,13.07.2026,13.07.2026,14.07.2026,14.07.2026,,H014,WH INFORMA JABABEKA
R110260523T051_H014,WINGBOX,6600000,0,0,0,0,0,6600000,H014 - WH INFORMA JABABEKA,PT. JAYA MULYA ERALINDO,7,ON SCHEDULE,29,0,23.06.2026,24.05.2026,27.05.2026,11.06.2026,11.06.2026,17.06.2026,17.06.2026,,H014,WH INFORMA JABABEKA
R110260523T052_H014,WINGBOX,6500000,0,0,0,0,0,6500000,H014 - WH INFORMA JABABEKA,PT.AMANAH TRANSMULIA MANDIRI LOGISTIK,7,ON SCHEDULE,29,0,22.06.2026,23.05.2026,26.05.2026,29.05.2026,29.05.2026,02.06.2026,04.06.2026,,H014,WH INFORMA JABABEKA
R110260523T054_H014,CONT-40,26000000,0,0,1000000,0,0,27000000,H014 - WH INFORMA JABABEKA,PT. WIDYA TRANS CARGO,7,ON SCHEDULE,42,0,06.07.2026,24.05.2026,05.06.2026,29.06.2026,30.06.2026,01.07.2026,01.07.2026,,H014,WH INFORMA JABABEKA
R110260523T055_H014,WINGBOX,6500000,0,0,0,0,0,6500000,H014 - WH INFORMA JABABEKA,PT.AMANAH TRANSMULIA MANDIRI LOGISTIK,7,ON SCHEDULE,29,0,23.06.2026,24.05.2026,28.05.2026,29.05.2026,29.05.2026,02.06.2026,04.06.2026,,H014,WH INFORMA JABABEKA
R110260524H032_H014,WINGBOX,18000000,0,0,0,0,0,18000000,H014 - WH INFORMA JABABEKA,PT. BINTANG SAMUDRA RAYA,7,ON SCHEDULE,31,0,26.06.2026,25.05.2026,31.05.2026,05.06.2026,05.06.2026,05.06.2026,10.06.2026,,H014,WH INFORMA JABABEKA
R110260524H034_H014,CDD LONG CHASSIS,2850000,0,0,0,0,0,2850000,H014 - WH INFORMA JABABEKA,PT. BINTANG SAMUDRA RAYA,7,ON SCHEDULE,28,0,22.06.2026,24.05.2026,26.05.2026,29.05.2026,29.05.2026,29.05.2026,29.05.2026,,H014,WH INFORMA JABABEKA
R110260524H035_H014,WINGBOX,2599000,0,0,0,0,0,2599000,H014 - WH INFORMA JABABEKA,PT. DUTA MEDIA MANDIRI,7,ON SCHEDULE,27,0,22.06.2026,25.05.2026,25.05.2026,25.05.2026,25.05.2026,26.05.2026,26.05.2026,,H014,WH INFORMA JABABEKA
R110260524H036_H014,CDD LONG CHASSIS,2200000,0,0,0,0,0,2200000,H014 - WH INFORMA JABABEKA,PT. AGUNG MAKMUR JAYA,7,ON SCHEDULE,27,0,21.06.2026,24.05.2026,25.05.2026,26.05.2026,26.05.2026,08.06.2026,11.06.2026,,H014,WH INFORMA JABABEKA
R110260524H037_H014,FUSO,15250000,0,0,0,0,0,15250000,H014 - WH INFORMA JABABEKA,PT LOGISTIK CANGGIH INDONESIA,7,ON SCHEDULE,30,0,25.06.2026,25.05.2026,29.05.2026,04.06.2026,04.06.2026,09.06.2026,10.06.2026,,H014,WH INFORMA JABABEKA
R110260524H038_H014,CDD LONG CHASSIS,2250000,0,0,0,0,0,2250000,H014 - WH INFORMA JABABEKA,PT. BINTANG SAMUDRA RAYA,7,ON SCHEDULE,27,0,21.06.2026,24.05.2026,25.05.2026,26.05.2026,26.05.2026,29.05.2026,29.05.2026,,H014,WH INFORMA JABABEKA
R110260524H039_H014,WINGBOX,4825000,0,0,0,0,0,4825000,H014 - WH INFORMA JABABEKA,PT. CEHA LOGISTIK CEMERLANG,7,ON SCHEDULE,29,0,24.06.2026,25.05.2026,26.05.2026,26.05.2026,27.05.2026,04.06.2026,04.06.2026,,H014,WH INFORMA JABABEKA
R110260524H040_H014,WINGBOX,1998000,0,0,0,0,0,1998000,H014 - WH INFORMA JABABEKA,PT. ARDYA PRIMA INTERNUSA,7,ON SCHEDULE,27,0,21.06.2026,24.05.2026,25.05.2026,26.05.2026,27.05.2026,04.06.2026,05.06.2026,,H014,WH INFORMA JABABEKA
R110260524H041_H014,WINGBOX,1998000,0,0,0,0,0,1998000,H014 - WH INFORMA JABABEKA,PT. ARDYA PRIMA INTERNUSA,7,ON SCHEDULE,27,0,21.06.2026,24.05.2026,25.05.2026,26.05.2026,27.05.2026,04.06.2026,05.06.2026,,H014,WH INFORMA JABABEKA
R110260524H042_H014,WINGBOX,1998000,0,0,0,0,0,1998000,H014 - WH INFORMA JABABEKA,PT. ARDYA PRIMA INTERNUSA,7,ON SCHEDULE,27,0,21.06.2026,24.05.2026,25.05.2026,26.05.2026,27.05.2026,04.06.2026,05.06.2026,,H014,WH INFORMA JABABEKA
R110260524H043_H014,WINGBOX,11500000,0,0,0,0,0,11500000,H014 - WH INFORMA JABABEKA,PT. BINTANG SAMUDRA RAYA,7,ON SCHEDULE,29,0,24.06.2026,25.05.2026,28.05.2026,02.06.2026,03.06.2026,04.06.2026,04.06.2026,,H014,WH INFORMA JABABEKA
R110260524H044_H014,CDD LONG CHASSIS,2250000,0,0,0,0,0,2250000,H014 - WH INFORMA JABABEKA,PT. BINTANG SAMUDRA RAYA,7,ON SCHEDULE,27,0,21.06.2026,24.05.2026,25.05.2026,05.06.2026,05.06.2026,05.06.2026,10.06.2026,,H014,WH INFORMA JABABEKA
R110260524H050_H014,CDD LONG CHASSIS,1725000,0,0,0,0,0,1725000,H014 - WH INFORMA JABABEKA,PT. BINTANG SAMUDRA RAYA,7,ON SCHEDULE,27,0,22.06.2026,25.05.2026,25.05.2026,26.05.2026,26.05.2026,29.05.2026,29.05.2026,,H014,WH INFORMA JABABEKA
R110260524H051_H014,CDD LONG CHASSIS,1725000,0,0,0,0,0,1725000,H014 - WH INFORMA JABABEKA,PT. BINTANG SAMUDRA RAYA,7,ON SCHEDULE,27,0,22.06.2026,25.05.2026,26.05.2026,29.05.2026,29.05.2026,29.05.2026,29.05.2026,,H014,WH INFORMA JABABEKA
R110260524H052_H014,CDD LONG CHASSIS,3500000,0,0,0,0,0,3500000,H014 - WH INFORMA JABABEKA,PT. AGUNG MAKMUR JAYA,7,ON SCHEDULE,29,0,24.06.2026,25.05.2026,26.05.2026,26.05.2026,27.05.2026,08.06.2026,11.06.2026,,H014,WH INFORMA JABABEKA
R110260524L052_H014,CDD LONG CHASSIS,3900000,0,0,0,0,0,3900000,H014 - WH INFORMA JABABEKA,PT. CEHA LOGISTIK CEMERLANG,7,ON SCHEDULE,30,0,25.06.2026,25.05.2026,28.05.2026,29.05.2026,29.05.2026,04.06.2026,04.06.2026,,H014,WH INFORMA JABABEKA
R110260524L053_H014,CDD LONG CHASSIS,3500000,0,0,0,0,0,3500000,H014 - WH INFORMA JABABEKA,PT. AGUNG MAKMUR JAYA,7,ON SCHEDULE,30,0,25.06.2026,25.05.2026,26.05.2026,26.05.2026,27.05.2026,08.06.2026,11.06.2026,,H014,WH INFORMA JABABEKA
R110260524L054_H014,CDD LONG CHASSIS,3500000,0,0,0,0,0,3500000,H014 - WH INFORMA JABABEKA,PT. AGUNG MAKMUR JAYA,7,ON SCHEDULE,30,0,25.06.2026,25.05.2026,26.05.2026,26.05.2026,27.05.2026,08.06.2026,11.06.2026,,H014,WH INFORMA JABABEKA
R110260524L055_H014,CDD LONG CHASSIS,3500000,0,0,0,300000,0,3800000,H014 - WH INFORMA JABABEKA,PT.DHANESWARA EXPRES,7,ON SCHEDULE,28,0,23.06.2026,25.05.2026,26.05.2026,04.06.2026,07.06.2026,15.06.2026,17.06.2026,,H014,WH INFORMA JABABEKA
R110260524L056_H014,CDD LONG CHASSIS,3500000,0,0,0,100000,0,3600000,H014 - WH INFORMA JABABEKA,PT. AGUNG MAKMUR JAYA,7,ON SCHEDULE,28,0,24.06.2026,26.05.2026,29.05.2026,02.06.2026,03.06.2026,09.06.2026,12.06.2026,,H014,WH INFORMA JABABEKA
R110260524L056_H014,CDD LONG CHASSIS,3500000,0,0,0,100000,0,3600000,H014 - WH INFORMA JABABEKA,PT. AGUNG MAKMUR JAYA,7,ON SCHEDULE,28,0,24.06.2026,26.05.2026,29.05.2026,02.06.2026,03.06.2026,09.06.2026,12.06.2026,,H014,WH INFORMA JABABEKA
R110260524L056_H014,CDD LONG CHASSIS,3500000,0,0,0,100000,0,3600000,H014 - WH INFORMA JABABEKA,PT. AGUNG MAKMUR JAYA,7,ON SCHEDULE,28,0,24.06.2026,26.05.2026,29.05.2026,02.06.2026,03.06.2026,09.06.2026,12.06.2026,,H014,WH INFORMA JABABEKA
R110260524L058_H014,CDD LONG CHASSIS,3900000,0,0,0,600000,0,4500000,H014 - WH INFORMA JABABEKA,PT. CEHA LOGISTIK CEMERLANG,7,ON SCHEDULE,30,0,26.06.2026,26.05.2026,28.05.2026,29.05.2026,29.05.2026,04.06.2026,04.06.2026,,H014,WH INFORMA JABABEKA
R110260524L059_H014,CDD LONG CHASSIS,3500000,0,0,0,0,0,3500000,H014 - WH INFORMA JABABEKA,PT. CEHA LOGISTIK CEMERLANG,7,ON SCHEDULE,28,0,23.06.2026,25.05.2026,28.05.2026,29.05.2026,29.05.2026,04.06.2026,04.06.2026,,H014,WH INFORMA JABABEKA
R110260524L060_H014,CDD LONG CHASSIS,3500000,0,0,0,0,0,3500000,H014 - WH INFORMA JABABEKA,PT. CEHA LOGISTIK CEMERLANG,7,ON SCHEDULE,29,0,24.06.2026,25.05.2026,27.05.2026,29.05.2026,29.05.2026,04.06.2026,04.06.2026,,H014,WH INFORMA JABABEKA
R110260524L061_H014,CDD LONG CHASSIS,3900000,0,0,0,0,0,3900000,H014 - WH INFORMA JABABEKA,PT. BINTANG SAMUDRA RAYA,7,ON SCHEDULE,28,0,23.06.2026,25.05.2026,28.05.2026,05.06.2026,05.06.2026,05.06.2026,10.06.2026,,H014,WH INFORMA JABABEKA
R110260524L062_H014,CDD LONG CHASSIS,3500000,0,0,0,350000,0,3850000,H014 - WH INFORMA JABABEKA,PT. CEHA LOGISTIK CEMERLANG,7,ON SCHEDULE,29,0,24.06.2026,25.05.2026,28.05.2026,08.06.2026,09.06.2026,11.06.2026,12.06.2026,,H014,WH INFORMA JABABEKA
R110260524L063_H014,CDD LONG CHASSIS,1400000,0,0,0,200000,0,1600000,H014 - WH INFORMA JABABEKA,PT. BINTANG SAMUDRA RAYA,7,ON SCHEDULE,27,0,22.06.2026,25.05.2026,26.05.2026,04.06.2026,04.06.2026,05.06.2026,05.06.2026,,H014,WH INFORMA JABABEKA
R110260524L065_H014,CDD LONG CHASSIS,1500000,0,0,0,0,0,1500000,H014 - WH INFORMA JABABEKA,PT. ANTAR JARINGAN SEPANJANG JALAN,7,ON SCHEDULE,27,0,22.06.2026,25.05.2026,27.05.2026,03.06.2026,03.06.2026,05.06.2026,29.06.2026,,H014,WH INFORMA JABABEKA
R110260524L066_H014,CDD LONG CHASSIS,2300000,0,0,0,0,0,2300000,H014 - WH INFORMA JABABEKA,PT.ORANG KREATIF EKSIS,7,ON SCHEDULE,26,0,21.06.2026,25.05.2026,26.05.2026,05.06.2026,05.06.2026,15.06.2026,15.06.2026,,H014,WH INFORMA JABABEKA
R110260524L071_H014,CDD LONG CHASSIS,12500000,0,0,0,200000,0,12700000,H014 - WH INFORMA JABABEKA,PT.ORANG KREATIF EKSIS,7,ON SCHEDULE,31,0,26.06.2026,25.05.2026,29.05.2026,05.06.2026,05.06.2026,15.06.2026,15.06.2026,,H014,WH INFORMA JABABEKA
R110260524L072_H014,CDD LONG CHASSIS,4900000,0,0,0,150000,0,5050000,H014 - WH INFORMA JABABEKA,PT.ORANG KREATIF EKSIS,7,ON SCHEDULE,28,0,23.06.2026,25.05.2026,26.05.2026,05.06.2026,05.06.2026,15.06.2026,15.06.2026,,H014,WH INFORMA JABABEKA
R110260524T025_H014,WINGBOX,5650000,0,0,0,0,0,5650000,H014 - WH INFORMA JABABEKA,PT. DUTA MEDIA MANDIRI,7,ON SCHEDULE,29,0,24.06.2026,25.05.2026,28.05.2026,29.05.2026,30.05.2026,02.06.2026,03.06.2026,,H014,WH INFORMA JABABEKA
R110260524T027_H014,WINGBOX,5650000,0,0,0,0,0,5650000,H014 - WH INFORMA JABABEKA,PT. DUTA MEDIA MANDIRI,7,ON SCHEDULE,29,0,24.06.2026,25.05.2026,28.05.2026,29.05.2026,30.05.2026,02.06.2026,03.06.2026,,H014,WH INFORMA JABABEKA
R110260524T028_H014,WINGBOX,5650000,0,0,0,0,0,5650000,H014 - WH INFORMA JABABEKA,PT. DUTA MEDIA MANDIRI,7,ON SCHEDULE,29,0,24.06.2026,25.05.2026,28.05.2026,29.05.2026,30.05.2026,02.06.2026,03.06.2026,,H014,WH INFORMA JABABEKA
R110260524T029_H014,WINGBOX,6500000,0,0,0,0,0,6500000,H014 - WH INFORMA JABABEKA,PT.AMANAH TRANSMULIA MANDIRI LOGISTIK,7,ON SCHEDULE,29,0,24.06.2026,25.05.2026,28.05.2026,03.06.2026,03.06.2026,05.06.2026,05.06.2026,,H014,WH INFORMA JABABEKA
R110260524T030_H014,CONT-40,28500000,0,0,0,0,0,28500000,H014 - WH INFORMA JABABEKA,PT. MITRA INTERTRANS FORWARDING,6,LATE,40,69,06.07.2026,26.05.2026,10.06.2026,27.07.2026,28.07.2026,29.07.2026,29.07.2026,,H014,WH INFORMA JABABEKA
R110260524T032_H014,CONT-40,28500000,0,0,0,0,0,28500000,H014 - WH INFORMA JABABEKA,PT. MITRA INTERTRANS FORWARDING,6,LATE,40,70,05.07.2026,25.05.2026,10.06.2026,27.07.2026,28.07.2026,29.07.2026,29.07.2026,,H014,WH INFORMA JABABEKA
R110260524T033_H014,CONT-40,26300000,0,0,0,0,0,26300000,H014 - WH INFORMA JABABEKA,PT. TPIL LOGISTICS,2,LATE,17,70,12.06.2026,25.05.2026,12.06.2026,,,,,,H014,WH INFORMA JABABEKA
R110260525H040_H014,WINGBOX,4300000,0,0,0,0,0,4300000,H014 - WH INFORMA JABABEKA,PT.SIASAT CEPAT MUDA,7,ON SCHEDULE,29,0,25.06.2026,26.05.2026,28.05.2026,04.06.2026,04.06.2026,05.06.2026,10.06.2026,,H014,WH INFORMA JABABEKA
R110260525H042_H014,WINGBOX,17750000,0,0,0,0,0,17750000,H014 - WH INFORMA JABABEKA,PT. BINTANG SAMUDRA RAYA,7,ON SCHEDULE,30,0,26.06.2026,26.05.2026,31.05.2026,05.06.2026,05.06.2026,05.06.2026,10.06.2026,,H014,WH INFORMA JABABEKA
R110260525H043_H014,WINGBOX,4825000,0,0,0,0,0,4825000,H014 - WH INFORMA JABABEKA,PT. CEHA LOGISTIK CEMERLANG,7,ON SCHEDULE,29,0,25.06.2026,26.05.2026,28.05.2026,29.05.2026,29.05.2026,04.06.2026,04.06.2026,,H014,WH INFORMA JABABEKA
R110260525H045_H014,CONT-20,17200000,0,0,0,0,0,17200000,H014 - WH INFORMA JABABEKA,PT. SENTOSAPRIMA ABADI,6,LATE,42,69,08.07.2026,26.05.2026,12.06.2026,03.07.2026,03.07.2026,07.07.2026,07.07.2026,,H014,WH INFORMA JABABEKA
R110260525H047_H014,WINGBOX,11500000,0,0,0,0,0,11500000,H014 - WH INFORMA JABABEKA,PT. BINTANG SAMUDRA RAYA,7,ON SCHEDULE,29,0,25.06.2026,26.05.2026,31.05.2026,02.06.2026,03.06.2026,04.06.2026,04.06.2026,,H014,WH INFORMA JABABEKA
R110260525H049_H014,CDD LONG CHASSIS,3500000,0,0,0,0,0,3500000,H014 - WH INFORMA JABABEKA,PT. CEHA LOGISTIK CEMERLANG,7,ON SCHEDULE,29,0,24.06.2026,25.05.2026,28.05.2026,29.05.2026,29.05.2026,04.06.2026,04.06.2026,,H014,WH INFORMA JABABEKA
R110260525H050_H014,WINGBOX,1998000,0,0,0,0,0,1998000,H014 - WH INFORMA JABABEKA,PT. ARDYA PRIMA INTERNUSA,7,ON SCHEDULE,27,0,22.06.2026,25.05.2026,26.05.2026,05.06.2026,05.06.2026,05.06.2026,05.06.2026,,H014,WH INFORMA JABABEKA
R110260525H058_H014,WINGBOX,4825000,0,0,0,0,0,4825000,H014 - WH INFORMA JABABEKA,PT. CEHA LOGISTIK CEMERLANG,7,ON SCHEDULE,29,0,25.06.2026,26.05.2026,28.05.2026,29.05.2026,29.05.2026,04.06.2026,04.06.2026,,H014,WH INFORMA JABABEKA
R110260525H059_H014,CDD LONG CHASSIS,7400000,0,0,0,0,0,7400000,H014 - WH INFORMA JABABEKA,PT. BINTANG SAMUDRA RAYA,7,ON SCHEDULE,29,0,25.06.2026,26.05.2026,31.05.2026,05.06.2026,05.06.2026,05.06.2026,10.06.2026,,H014,WH INFORMA JABABEKA
R110260525L069_H014,WINGBOX,1998000,0,600000,0,0,0,2598000,H014 - WH INFORMA JABABEKA,PT. ARDYA PRIMA INTERNUSA,7,ON SCHEDULE,27,0,23.06.2026,26.05.2026,,05.06.2026,07.06.2026,08.06.2026,17.06.2026,,H014,WH INFORMA JABABEKA
R110260525L072_H014,CDD LONG CHASSIS,2850000,0,0,0,0,0,2850000,H014 - WH INFORMA JABABEKA,PT. AGUNG MAKMUR JAYA,7,ON SCHEDULE,27,0,23.06.2026,26.05.2026,28.05.2026,29.05.2026,29.05.2026,08.06.2026,11.06.2026,,H014,WH INFORMA JABABEKA
R110260525L077_H014,CDD LONG CHASSIS,2100000,0,0,0,0,0,2100000,H014 - WH INFORMA JABABEKA,PT. BINTANG SAMUDRA RAYA,7,ON SCHEDULE,27,0,23.06.2026,26.05.2026,31.05.2026,05.06.2026,05.06.2026,05.06.2026,10.06.2026,,H014,WH INFORMA JABABEKA
R110260525T039_H014,WINGBOX,5600000,0,0,0,0,0,5600000,H014 - WH INFORMA JABABEKA,PT. BINTANG SAMUDRA RAYA,7,ON SCHEDULE,29,0,25.06.2026,26.05.2026,29.05.2026,02.06.2026,03.06.2026,04.06.2026,04.06.2026,,H014,WH INFORMA JABABEKA
R110260525T040_H014,WINGBOX,20000000,0,0,0,0,0,20000000,H014 - WH INFORMA JABABEKA,PT.ORANG KREATIF EKSIS,7,ON SCHEDULE,37,0,03.07.2026,26.05.2026,02.06.2026,08.06.2026,09.06.2026,15.06.2026,15.06.2026,,H014,WH INFORMA JABABEKA
R110260525T043_H014,CONT-20,15800000,0,0,0,0,0,15800000,H014 - WH INFORMA JABABEKA,PT. SENTOSAPRIMA ABADI,6,LATE,40,70,06.07.2026,26.05.2026,12.06.2026,13.07.2026,13.07.2026,16.07.2026,16.07.2026,,H014,WH INFORMA JABABEKA
R110260525T044_H014,CONT-20,15300000,0,0,800000,0,0,16100000,H014 - WH INFORMA JABABEKA,PT. SENTOSAPRIMA ABADI,6,LATE,46,69,12.07.2026,26.05.2026,19.06.2026,13.07.2026,13.07.2026,20.07.2026,20.07.2026,,H014,WH INFORMA JABABEKA
R110260525T045_H014,CONT-20,15500000,0,0,300000,0,0,15800000,H014 - WH INFORMA JABABEKA,PT. SENTOSAPRIMA ABADI,6,LATE,42,69,08.07.2026,26.05.2026,12.06.2026,20.07.2026,21.07.2026,22.07.2026,22.07.2026,,H014,WH INFORMA JABABEKA
R110260525T046_H014,CONT-20,20300000,0,0,0,0,0,20300000,H014 - WH INFORMA JABABEKA,PT. SARANA TRANS SUMATERA,7,ON SCHEDULE,40,0,06.07.2026,26.05.2026,10.06.2026,26.06.2026,26.06.2026,29.06.2026,29.06.2026,,H014,WH INFORMA JABABEKA
R110260525T048_H014,CONT-20,15400000,0,0,0,0,0,15400000,H014 - WH INFORMA JABABEKA,PT. SENTOSAPRIMA ABADI,6,LATE,40,69,06.07.2026,26.05.2026,05.06.2026,10.07.2026,10.07.2026,16.07.2026,16.07.2026,,H014,WH INFORMA JABABEKA
R110260525T049_H014,CONT-20,20300000,0,0,0,0,0,20300000,H014 - WH INFORMA JABABEKA,PT. SARANA TRANS SUMATERA,6,LATE,40,69,06.07.2026,26.05.2026,16.06.2026,08.07.2026,08.07.2026,09.07.2026,09.07.2026,,H014,WH INFORMA JABABEKA
R110260525T051_H014,WINGBOX,6500000,0,0,0,0,0,6500000,H014 - WH INFORMA JABABEKA,PT.AMANAH TRANSMULIA MANDIRI LOGISTIK,7,ON SCHEDULE,29,0,25.06.2026,26.05.2026,29.05.2026,03.06.2026,03.06.2026,05.06.2026,05.06.2026,,H014,WH INFORMA JABABEKA
R110260525T052_H014,CONT-40,27000000,0,0,0,0,0,27000000,H014 - WH INFORMA JABABEKA,PT. WIDYA TRANS CARGO,6,LATE,40,69,06.07.2026,26.05.2026,10.06.2026,29.06.2026,29.06.2026,30.06.2026,16.07.2026,,H014,WH INFORMA JABABEKA
R110260526H040_H014,WINGBOX,4300000,0,0,0,0,0,4300000,H014 - WH INFORMA JABABEKA,PT.SIASAT CEPAT MUDA,7,ON SCHEDULE,29,0,26.06.2026,27.05.2026,29.05.2026,04.06.2026,04.06.2026,05.06.2026,10.06.2026,,H014,WH INFORMA JABABEKA
R110260526H041_H014,WINGBOX,4300000,0,0,0,0,0,4300000,H014 - WH INFORMA JABABEKA,PT.SIASAT CEPAT MUDA,7,ON SCHEDULE,29,0,27.06.2026,28.05.2026,31.05.2026,04.06.2026,04.06.2026,05.06.2026,10.06.2026,,H014,WH INFORMA JABABEKA
R110260526H042_H014,WINGBOX,4300000,0,0,0,0,0,4300000,H014 - WH INFORMA JABABEKA,PT.SIASAT CEPAT MUDA,7,ON SCHEDULE,29,0,25.06.2026,26.05.2026,28.05.2026,04.06.2026,04.06.2026,05.06.2026,10.06.2026,,H014,WH INFORMA JABABEKA
R110260526H043_H014,WINGBOX,4300000,0,0,0,0,0,4300000,H014 - WH INFORMA JABABEKA,PT.SIASAT CEPAT MUDA,7,ON SCHEDULE,29,0,26.06.2026,27.05.2026,29.05.2026,04.06.2026,04.06.2026,05.06.2026,10.06.2026,,H014,WH INFORMA JABABEKA
R110260526H044_H014,WINGBOX,4500000,0,0,0,0,0,4500000,H014 - WH INFORMA JABABEKA,PT. CEHA LOGISTIK CEMERLANG,7,ON SCHEDULE,29,0,26.06.2026,27.05.2026,28.05.2026,29.05.2026,29.05.2026,04.06.2026,04.06.2026,,H014,WH INFORMA JABABEKA
R110260526H045_H014,WINGBOX,3500000,0,0,0,0,0,3500000,H014 - WH INFORMA JABABEKA,PT. BINTANG SAMUDRA RAYA,7,ON SCHEDULE,29,0,26.06.2026,27.05.2026,28.05.2026,05.06.2026,05.06.2026,08.06.2026,10.06.2026,,H014,WH INFORMA JABABEKA
R110260526H046_H014,CDD LONG CHASSIS,2350000,0,0,0,0,0,2350000,H014 - WH INFORMA JABABEKA,PT. BINTANG SAMUDRA RAYA,7,ON SCHEDULE,29,0,26.06.2026,27.05.2026,29.05.2026,05.06.2026,05.06.2026,08.06.2026,10.06.2026,,H014,WH INFORMA JABABEKA
R110260526H047_H014,CDD LONG CHASSIS,2250000,0,0,0,0,0,2250000,H014 - WH INFORMA JABABEKA,PT. BINTANG SAMUDRA RAYA,7,ON SCHEDULE,27,0,23.06.2026,26.05.2026,28.05.2026,05.06.2026,05.06.2026,05.06.2026,10.06.2026,,H014,WH INFORMA JABABEKA
R110260526H048_H014,CDD LONG CHASSIS,2250000,0,0,0,0,0,2250000,H014 - WH INFORMA JABABEKA,PT. BINTANG SAMUDRA RAYA,7,ON SCHEDULE,27,0,24.06.2026,27.05.2026,28.05.2026,09.06.2026,09.06.2026,12.06.2026,12.06.2026,,H014,WH INFORMA JABABEKA
R110260526H049_H014,WINGBOX,15000000,0,0,0,0,0,15000000,H014 - WH INFORMA JABABEKA,PT. BINTANG SAMUDRA RAYA,7,ON SCHEDULE,30,0,27.06.2026,27.05.2026,31.05.2026,05.06.2026,05.06.2026,10.06.2026,12.06.2026,,H014,WH INFORMA JABABEKA
R110260526H050_H014,WINGBOX,18000000,0,0,0,0,0,18000000,H014 - WH INFORMA JABABEKA,PT. BINTANG SAMUDRA RAYA,7,ON SCHEDULE,31,0,28.06.2026,27.05.2026,31.05.2026,05.06.2026,05.06.2026,08.06.2026,10.06.2026,,H014,WH INFORMA JABABEKA
R110260526H051_H014,CDD LONG CHASSIS,12250000,0,0,0,0,0,12250000,H014 - WH INFORMA JABABEKA,PT. BINTANG SAMUDRA RAYA,7,ON SCHEDULE,31,0,28.06.2026,27.05.2026,31.05.2026,11.06.2026,12.06.2026,17.06.2026,19.06.2026,,H014,WH INFORMA JABABEKA
R110260526H052_H014,CDD LONG CHASSIS,10300000,0,0,0,0,0,10300000,H014 - WH INFORMA JABABEKA,PT. BINTANG SAMUDRA RAYA,7,ON SCHEDULE,30,0,26.06.2026,26.05.2026,31.05.2026,09.06.2026,09.06.2026,12.06.2026,12.06.2026,,H014,WH INFORMA JABABEKA
R110260526H053_H014,WINGBOX,11500000,0,0,0,0,0,11500000,H014 - WH INFORMA JABABEKA,PT. BINTANG SAMUDRA RAYA,7,ON SCHEDULE,29,0,26.06.2026,27.05.2026,31.05.2026,05.06.2026,05.06.2026,08.06.2026,10.06.2026,,H014,WH INFORMA JABABEKA
R110260526H055_H014,CDD LONG CHASSIS,1600000,0,0,0,0,0,1600000,H014 - WH INFORMA JABABEKA,PT. SATRIA PIRANTI PERKASA,7,ON SCHEDULE,27,0,23.06.2026,26.05.2026,28.05.2026,10.06.2026,11.06.2026,18.06.2026,18.06.2026,,H014,WH INFORMA JABABEKA
R110260526H056_H014,WINGBOX,4825000,0,0,0,0,0,4825000,H014 - WH INFORMA JABABEKA,PT. CEHA LOGISTIK CEMERLANG,7,ON SCHEDULE,29,0,26.06.2026,27.05.2026,29.05.2026,02.06.2026,02.06.2026,04.06.2026,04.06.2026,,H014,WH INFORMA JABABEKA
R110260526H058_H014,CDD LONG CHASSIS,2850000,0,0,0,0,0,2850000,H014 - WH INFORMA JABABEKA,PT. BINTANG SAMUDRA RAYA,7,ON SCHEDULE,28,0,24.06.2026,26.05.2026,28.05.2026,05.06.2026,05.06.2026,05.06.2026,10.06.2026,,H014,WH INFORMA JABABEKA
R110260526H059_H014,CDD LONG CHASSIS,2200000,0,0,0,0,0,2200000,H014 - WH INFORMA JABABEKA,PT. AGUNG MAKMUR JAYA,7,ON SCHEDULE,27,0,23.06.2026,26.05.2026,28.05.2026,29.05.2026,29.05.2026,08.06.2026,11.06.2026,,H014,WH INFORMA JABABEKA
R110260526H060_H014,WINGBOX,17000000,0,0,0,0,0,17000000,H014 - WH INFORMA JABABEKA,PT. BINTANG SAMUDRA RAYA,7,ON SCHEDULE,33,0,30.06.2026,27.05.2026,31.05.2026,05.06.2026,05.06.2026,08.06.2026,10.06.2026,,H014,WH INFORMA JABABEKA
R110260526H061_H014,WINGBOX,1998000,0,0,0,0,0,1998000,H014 - WH INFORMA JABABEKA,PT. ARDYA PRIMA INTERNUSA,7,ON SCHEDULE,27,0,23.06.2026,26.05.2026,28.05.2026,05.06.2026,05.06.2026,05.06.2026,05.06.2026,,H014,WH INFORMA JABABEKA
R110260526H062_H014,CDD LONG CHASSIS,12250000,0,0,0,0,0,12250000,H014 - WH INFORMA JABABEKA,PT. BINTANG SAMUDRA RAYA,7,ON SCHEDULE,31,0,27.06.2026,26.05.2026,31.05.2026,11.06.2026,12.06.2026,17.06.2026,19.06.2026,,H014,WH INFORMA JABABEKA
R110260526H064_H014,WINGBOX,4825000,0,0,0,0,0,4825000,H014 - WH INFORMA JABABEKA,PT. CEHA LOGISTIK CEMERLANG,7,ON SCHEDULE,29,0,25.06.2026,26.05.2026,31.05.2026,02.06.2026,02.06.2026,04.06.2026,04.06.2026,,H014,WH INFORMA JABABEKA
R110260526T043_H014,CONT-20,17250000,0,0,0,0,0,17250000,H014 - WH INFORMA JABABEKA,PT. MITRA INTERTRANS FORWARDING,6,LATE,40,69,07.07.2026,27.05.2026,12.06.2026,10.07.2026,10.07.2026,14.07.2026,14.07.2026,,H014,WH INFORMA JABABEKA
R110260526T045_H014,WINGBOX,5650000,0,0,0,0,0,5650000,H014 - WH INFORMA JABABEKA,PT. DUTA MEDIA MANDIRI,7,ON SCHEDULE,29,0,26.06.2026,27.05.2026,31.05.2026,02.06.2026,03.06.2026,04.06.2026,04.06.2026,,H014,WH INFORMA JABABEKA
R110260526T046_H014,CONT-40,28500000,0,0,0,0,0,28500000,H014 - WH INFORMA JABABEKA,PT. MITRA INTERTRANS FORWARDING,6,LATE,40,67,09.07.2026,29.05.2026,10.06.2026,27.07.2026,28.07.2026,28.07.2026,28.07.2026,,H014,WH INFORMA JABABEKA
R110260526T047_H014,CONT-40,26000000,0,0,1000000,0,0,27000000,H014 - WH INFORMA JABABEKA,PT. WIDYA TRANS CARGO,6,LATE,42,69,09.07.2026,27.05.2026,12.06.2026,01.07.2026,02.07.2026,06.07.2026,16.07.2026,,H014,WH INFORMA JABABEKA
R110260526T048_H014,CONT-20,13900000,0,0,400000,0,0,14300000,H014 - WH INFORMA JABABEKA,PT. WIDYA TRANS CARGO,6,LATE,42,69,09.07.2026,27.05.2026,16.06.2026,01.07.2026,02.07.2026,06.07.2026,06.07.2026,,H014,WH INFORMA JABABEKA
R110260526T049_H014,CONT-20,18900000,0,0,0,0,0,18900000,H014 - WH INFORMA JABABEKA,PT. MITRA INTERTRANS FORWARDING,6,LATE,40,69,07.07.2026,27.05.2026,10.06.2026,14.07.2026,14.07.2026,15.07.2026,15.07.2026,,H014,WH INFORMA JABABEKA
R110260526T051_H014,WINGBOX,5650000,0,0,0,0,0,5650000,H014 - WH INFORMA JABABEKA,PT. DUTA MEDIA MANDIRI,7,ON SCHEDULE,29,0,26.06.2026,27.05.2026,31.05.2026,02.06.2026,03.06.2026,04.06.2026,04.06.2026,,H014,WH INFORMA JABABEKA
R110260526T056_H014,CONT-20,15300000,0,0,800000,0,0,16100000,H014 - WH INFORMA JABABEKA,PT. SENTOSAPRIMA ABADI,6,LATE,46,69,13.07.2026,27.05.2026,19.06.2026,13.07.2026,13.07.2026,20.07.2026,20.07.2026,,H014,WH INFORMA JABABEKA
R110260526T057_H014,CONT-20,17000000,0,0,0,0,0,17000000,H014 - WH INFORMA JABABEKA,PT. WIDYA TRANS CARGO,6,LATE,40,69,07.07.2026,27.05.2026,18.06.2026,01.07.2026,02.07.2026,06.07.2026,16.07.2026,,H014,WH INFORMA JABABEKA
R110260527H011_H014,WINGBOX,4825000,0,0,0,0,0,4825000,H014 - WH INFORMA JABABEKA,PT. CEHA LOGISTIK CEMERLANG,7,ON SCHEDULE,29,0,26.06.2026,27.05.2026,29.05.2026,02.06.2026,02.06.2026,04.06.2026,04.06.2026,,H014,WH INFORMA JABABEKA
R110260527H012_H014,WINGBOX,1998000,0,0,0,0,0,1998000,H014 - WH INFORMA JABABEKA,PT. ARDYA PRIMA INTERNUSA,7,ON SCHEDULE,27,0,24.06.2026,27.05.2026,28.05.2026,05.06.2026,05.06.2026,05.06.2026,05.06.2026,,H014,WH INFORMA JABABEKA
R110260527H027_H014,WINGBOX,11500000,0,0,0,0,0,11500000,H014 - WH INFORMA JABABEKA,PT. BINTANG SAMUDRA RAYA,7,ON SCHEDULE,29,0,27.06.2026,28.05.2026,31.05.2026,05.06.2026,05.06.2026,08.06.2026,10.06.2026,,H014,WH INFORMA JABABEKA
R110260527H042_H014,WINGBOX,4825000,0,0,0,0,0,4825000,H014 - WH INFORMA JABABEKA,PT. CEHA LOGISTIK CEMERLANG,7,ON SCHEDULE,29,0,27.06.2026,28.05.2026,31.05.2026,02.06.2026,02.06.2026,04.06.2026,04.06.2026,,H014,WH INFORMA JABABEKA
R110260527H043_H014,CDD LONG CHASSIS,2850000,0,0,0,0,0,2850000,H014 - WH INFORMA JABABEKA,PT. BINTANG SAMUDRA RAYA,7,ON SCHEDULE,28,0,25.06.2026,27.05.2026,31.05.2026,05.06.2026,05.06.2026,08.06.2026,10.06.2026,,H014,WH INFORMA JABABEKA
R110260527L048_H014,CDD LONG CHASSIS,3600000,0,0,0,300000,0,3900000,H014 - WH INFORMA JABABEKA,PT. BINTANG SAMUDRA RAYA,7,ON SCHEDULE,30,0,28.06.2026,28.05.2026,31.05.2026,18.06.2026,19.06.2026,19.06.2026,19.06.2026,,H014,WH INFORMA JABABEKA
R110260527L059_H014,CDD LONG CHASSIS,3500000,0,0,0,0,0,3500000,H014 - WH INFORMA JABABEKA,PT. CEHA LOGISTIK CEMERLANG,7,ON SCHEDULE,30,0,28.06.2026,28.05.2026,29.05.2026,02.06.2026,02.06.2026,04.06.2026,04.06.2026,,H014,WH INFORMA JABABEKA
R110260527T023_H014,CONT-20,13300000,0,0,0,0,0,13300000,H014 - WH INFORMA JABABEKA,PT.BANGKA JAYA LINE,7,ON SCHEDULE,40,0,08.07.2026,28.05.2026,10.06.2026,17.06.2026,17.06.2026,19.06.2026,19.06.2026,,H014,WH INFORMA JABABEKA
R110260527T028_H014,WINGBOX,5650000,0,0,0,0,0,5650000,H014 - WH INFORMA JABABEKA,PT. DUTA MEDIA MANDIRI,7,ON SCHEDULE,29,0,27.06.2026,28.05.2026,31.05.2026,02.06.2026,03.06.2026,08.06.2026,09.06.2026,,H014,WH INFORMA JABABEKA
R110260527T030_H014,CONT-40,25400000,0,0,1500000,0,0,26900000,H014 - WH INFORMA JABABEKA,PT. SENTOSAPRIMA ABADI,6,LATE,46,68,14.07.2026,28.05.2026,20.06.2026,13.07.2026,13.07.2026,20.07.2026,20.07.2026,,H014,WH INFORMA JABABEKA
R110260527T031_H014,CONT-40,25400000,0,0,1500000,0,0,26900000,H014 - WH INFORMA JABABEKA,PT. SENTOSAPRIMA ABADI,6,LATE,46,68,14.07.2026,28.05.2026,19.06.2026,13.07.2026,13.07.2026,20.07.2026,20.07.2026,,H014,WH INFORMA JABABEKA
R110260527T045_H014,WINGBOX,20000000,0,0,0,0,0,20000000,H014 - WH INFORMA JABABEKA,PT.ORANG KREATIF EKSIS,7,ON SCHEDULE,37,0,05.07.2026,28.05.2026,02.06.2026,08.06.2026,09.06.2026,15.06.2026,15.06.2026,,H014,WH INFORMA JABABEKA
R110260527T046_H014,WINGBOX,24000000,0,0,0,0,0,24000000,H014 - WH INFORMA JABABEKA,PT. CITRA SENTRAL EKSPRES,7,ON SCHEDULE,37,0,05.07.2026,28.05.2026,03.06.2026,23.06.2026,24.06.2026,24.06.2026,26.06.2026,,H014,WH INFORMA JABABEKA
R110260527T050_H014,CONT-40,8750000,0,0,0,0,0,8750000,H014 - WH INFORMA JABABEKA,PT. CIKARANG GERBANG SOLUSI,6,LATE,29,66,28.06.2026,29.05.2026,09.06.2026,26.06.2026,26.06.2026,22.07.2026,22.07.2026,,H014,WH INFORMA JABABEKA
R110260527T051_H014,WINGBOX,6500000,0,0,0,0,0,6500000,H014 - WH INFORMA JABABEKA,PT.AMANAH TRANSMULIA MANDIRI LOGISTIK,7,ON SCHEDULE,29,0,26.06.2026,27.05.2026,31.05.2026,03.06.2026,03.06.2026,05.06.2026,05.06.2026,,H014,WH INFORMA JABABEKA
R110260527T052_H014,WINGBOX,6600000,0,0,0,0,0,6600000,H014 - WH INFORMA JABABEKA,PT. JAYA MULYA ERALINDO,7,ON SCHEDULE,29,0,26.06.2026,27.05.2026,31.05.2026,12.06.2026,12.06.2026,17.06.2026,30.06.2026,,H014,WH INFORMA JABABEKA
R110260527T053_H014,WINGBOX,6600000,0,0,0,0,0,6600000,H014 - WH INFORMA JABABEKA,PT. JAYA MULYA ERALINDO,7,ON SCHEDULE,29,0,26.06.2026,27.05.2026,31.05.2026,10.06.2026,10.06.2026,11.06.2026,11.06.2026,,H014,WH INFORMA JABABEKA
R110260527T054_H014,WINGBOX,6200000,0,0,0,0,0,6200000,H014 - WH INFORMA JABABEKA,PT. SATRIA PIRANTI PERKASA,7,ON SCHEDULE,29,0,27.06.2026,28.05.2026,31.05.2026,15.06.2026,15.06.2026,24.06.2026,24.06.2026,,H014,WH INFORMA JABABEKA
R110260527T055_H014,WINGBOX,7000000,0,0,0,0,0,7000000,H014 - WH INFORMA JABABEKA,PT. DUNIA EXPRESS TRANSINDO,7,ON SCHEDULE,29,0,27.06.2026,28.05.2026,31.05.2026,04.06.2026,04.06.2026,11.06.2026,11.06.2026,,H014,WH INFORMA JABABEKA
R110260527T056_H014,WINGBOX,6200000,0,0,0,0,0,6200000,H014 - WH INFORMA JABABEKA,PT. SATRIA PIRANTI PERKASA,7,ON SCHEDULE,29,0,29.06.2026,30.05.2026,02.06.2026,15.06.2026,15.06.2026,24.06.2026,24.06.2026,,H014,WH INFORMA JABABEKA
R110260527T057_H014,CONT-40,26500000,0,0,0,0,0,26500000,H014 - WH INFORMA JABABEKA,PT. SENTOSAPRIMA ABADI,6,LATE,40,68,08.07.2026,28.05.2026,05.06.2026,10.07.2026,10.07.2026,16.07.2026,16.07.2026,,H014,WH INFORMA JABABEKA
R110260527T059_H014,CONT-40,26000000,0,0,1000000,0,0,27000000,H014 - WH INFORMA JABABEKA,PT. WIDYA TRANS CARGO,6,LATE,42,68,10.07.2026,28.05.2026,12.06.2026,01.07.2026,02.07.2026,06.07.2026,16.07.2026,,H014,WH INFORMA JABABEKA
R110260527T061_H014,WINGBOX,7000000,0,0,0,0,0,7000000,H014 - WH INFORMA JABABEKA,PT. DUNIA EXPRESS TRANSINDO,7,ON SCHEDULE,29,0,27.06.2026,28.05.2026,31.05.2026,05.06.2026,05.06.2026,11.06.2026,11.06.2026,,H014,WH INFORMA JABABEKA
R110260527T062_H014,WINGBOX,7000000,0,0,0,0,0,7000000,H014 - WH INFORMA JABABEKA,PT. DUNIA EXPRESS TRANSINDO,7,ON SCHEDULE,29,0,27.06.2026,28.05.2026,31.05.2026,12.06.2026,12.06.2026,26.06.2026,29.06.2026,,H014,WH INFORMA JABABEKA
R110260527T064_H014,CONT-20,10300000,0,0,400000,0,0,10700000,H014 - WH INFORMA JABABEKA,PT. HAKKA HYDRO TIRTA,4,LATE,28,67,26.06.2026,28.05.2026,16.06.2026,18.06.2026,19.06.2026,,,,H014,WH INFORMA JABABEKA
R110260527T067_H014,CONT-40,26500000,0,0,0,0,0,26500000,H014 - WH INFORMA JABABEKA,PT. SENTOSAPRIMA ABADI,6,LATE,40,68,08.07.2026,28.05.2026,05.06.2026,10.07.2026,10.07.2026,16.07.2026,16.07.2026,,H014,WH INFORMA JABABEKA
R110260527T069_H014,WINGBOX,6700000,0,0,0,0,0,6700000,H014 - WH INFORMA JABABEKA,PT.DHANESWARA EXPRES,7,ON SCHEDULE,29,0,27.06.2026,28.05.2026,31.05.2026,12.06.2026,12.06.2026,15.06.2026,17.06.2026,,H014,WH INFORMA JABABEKA
R110260528H018_H014,WINGBOX,4300000,0,0,0,0,0,4300000,H014 - WH INFORMA JABABEKA,PT.SIASAT CEPAT MUDA,7,ON SCHEDULE,29,0,28.06.2026,29.05.2026,31.05.2026,04.06.2026,04.06.2026,05.06.2026,10.06.2026,,H014,WH INFORMA JABABEKA
R110260528H019_H014,WINGBOX,4300000,0,0,0,0,0,4300000,H014 - WH INFORMA JABABEKA,PT.SIASAT CEPAT MUDA,7,ON SCHEDULE,29,0,28.06.2026,29.05.2026,31.05.2026,04.06.2026,04.06.2026,05.06.2026,10.06.2026,,H014,WH INFORMA JABABEKA
R110260528H020_H014,WINGBOX,4500000,0,0,0,0,0,4500000,H014 - WH INFORMA JABABEKA,PT. CEHA LOGISTIK CEMERLANG,7,ON SCHEDULE,29,0,28.06.2026,29.05.2026,01.06.2026,02.06.2026,02.06.2026,04.06.2026,04.06.2026,,H014,WH INFORMA JABABEKA
R110260528H022_H014,CDD LONG CHASSIS,2850000,0,0,0,0,0,2850000,H014 - WH INFORMA JABABEKA,PT. BINTANG SAMUDRA RAYA,7,ON SCHEDULE,28,0,26.06.2026,28.05.2026,31.05.2026,05.06.2026,05.06.2026,08.06.2026,10.06.2026,,H014,WH INFORMA JABABEKA
R110260528H023_H014,WINGBOX,17750000,0,0,0,0,0,17750000,H014 - WH INFORMA JABABEKA,PT. BINTANG SAMUDRA RAYA,7,ON SCHEDULE,30,0,29.06.2026,29.05.2026,03.06.2026,09.06.2026,09.06.2026,09.06.2026,11.06.2026,,H014,WH INFORMA JABABEKA
R110260528H024_H014,WINGBOX,1998000,0,0,0,0,0,1998000,H014 - WH INFORMA JABABEKA,PT. ARDYA PRIMA INTERNUSA,7,ON SCHEDULE,27,0,25.06.2026,28.05.2026,29.05.2026,05.06.2026,05.06.2026,05.06.2026,05.06.2026,,H014,WH INFORMA JABABEKA
R110260528H025_H014,WINGBOX,4825000,0,0,0,0,0,4825000,H014 - WH INFORMA JABABEKA,PT. CEHA LOGISTIK CEMERLANG,7,ON SCHEDULE,29,0,28.06.2026,29.05.2026,31.05.2026,02.06.2026,02.06.2026,11.06.2026,12.06.2026,,H014,WH INFORMA JABABEKA
R110260528H026_H014,WINGBOX,11500000,0,0,0,0,0,11500000,H014 - WH INFORMA JABABEKA,PT. BINTANG SAMUDRA RAYA,7,ON SCHEDULE,29,0,28.06.2026,29.05.2026,31.05.2026,05.06.2026,05.06.2026,08.06.2026,10.06.2026,,H014,WH INFORMA JABABEKA
R110260528H027_H014,CDD LONG CHASSIS,2350000,0,0,0,0,0,2350000,H014 - WH INFORMA JABABEKA,PT. BINTANG SAMUDRA RAYA,7,ON SCHEDULE,29,0,27.06.2026,28.05.2026,31.05.2026,05.06.2026,05.06.2026,08.06.2026,10.06.2026,,H014,WH INFORMA JABABEKA
R110260528H028_H014,CONT-20,0,0,0,0,0,0,0,H014 - WH INFORMA JABABEKA,PT. TPIL LOGISTICS,2,LATE,22,66,21.06.2026,29.05.2026,16.06.2026,,,,,,H014,WH INFORMA JABABEKA
R110260528H037_H014,CDD LONG CHASSIS,3325000,0,0,0,0,0,3325000,H014 - WH INFORMA JABABEKA,PT. JEJE HARAPAN TRANSINDO,7,ON SCHEDULE,29,0,28.06.2026,29.05.2026,31.05.2026,12.06.2026,13.06.2026,15.06.2026,15.06.2026,,H014,WH INFORMA JABABEKA
R110260528H066_H014,CDD LONG CHASSIS,2350000,0,0,0,0,0,2350000,H014 - WH INFORMA JABABEKA,PT. BINTANG SAMUDRA RAYA,7,ON SCHEDULE,29,0,27.06.2026,28.05.2026,31.05.2026,05.06.2026,05.06.2026,08.06.2026,10.06.2026,,H014,WH INFORMA JABABEKA
R110260528H071_H014,CDD LONG CHASSIS,3500000,0,0,0,0,0,3500000,H014 - WH INFORMA JABABEKA,PT. AGUNG MAKMUR JAYA,7,ON SCHEDULE,29,0,28.06.2026,29.05.2026,31.05.2026,02.06.2026,02.06.2026,08.06.2026,11.06.2026,,H014,WH INFORMA JABABEKA
R110260528H072_H014,CDD LONG CHASSIS,3500000,0,0,0,0,0,3500000,H014 - WH INFORMA JABABEKA,PT. AGUNG MAKMUR JAYA,7,ON SCHEDULE,29,0,28.06.2026,29.05.2026,31.05.2026,02.06.2026,02.06.2026,08.06.2026,11.06.2026,,H014,WH INFORMA JABABEKA
R110260528L088_H014,CDD LONG CHASSIS,3500000,0,0,0,0,0,3500000,H014 - WH INFORMA JABABEKA,PT. CEHA LOGISTIK CEMERLANG,7,ON SCHEDULE,29,0,28.06.2026,29.05.2026,31.05.2026,02.06.2026,02.06.2026,11.06.2026,12.06.2026,,H014,WH INFORMA JABABEKA
R110260528L090_H014,CDD LONG CHASSIS,2850000,0,0,0,100000,0,2950000,H014 - WH INFORMA JABABEKA,PT. AGUNG MAKMUR JAYA,7,ON SCHEDULE,27,0,26.06.2026,29.05.2026,31.05.2026,02.06.2026,03.06.2026,09.06.2026,12.06.2026,,H014,WH INFORMA JABABEKA
R110260528L090_H014,CDD LONG CHASSIS,2850000,0,0,0,100000,0,2950000,H014 - WH INFORMA JABABEKA,PT. AGUNG MAKMUR JAYA,7,ON SCHEDULE,27,0,26.06.2026,29.05.2026,31.05.2026,02.06.2026,03.06.2026,09.06.2026,12.06.2026,,H014,WH INFORMA JABABEKA
R110260528L090_H014,CDD LONG CHASSIS,2850000,0,0,0,100000,0,2950000,H014 - WH INFORMA JABABEKA,PT. AGUNG MAKMUR JAYA,7,ON SCHEDULE,27,0,26.06.2026,29.05.2026,31.05.2026,02.06.2026,03.06.2026,09.06.2026,12.06.2026,,H014,WH INFORMA JABABEKA
R110260528T028_H014,WINGBOX,5650000,0,0,0,0,0,5650000,H014 - WH INFORMA JABABEKA,PT. DUTA MEDIA MANDIRI,7,ON SCHEDULE,29,0,28.06.2026,29.05.2026,02.06.2026,02.06.2026,03.06.2026,08.06.2026,09.06.2026,,H014,WH INFORMA JABABEKA
R110260528T030_H014,CONT-40,26000000,0,0,0,0,0,26000000,H014 - WH INFORMA JABABEKA,PT. TPIL LOGISTICS,2,LATE,20,66,20.06.2026,30.05.2026,12.06.2026,,,,,,H014,WH INFORMA JABABEKA
R110260528T033_H014,CONT-40,30000000,0,0,400000,0,0,30400000,H014 - WH INFORMA JABABEKA,PT. TERATAI EMAS LOGISTINDO,6,LATE,40,67,09.07.2026,29.05.2026,10.06.2026,08.07.2026,09.07.2026,09.07.2026,09.07.2026,,H014,WH INFORMA JABABEKA
R110260528T034_H014,CONT-40,30000000,0,0,400000,0,0,30400000,H014 - WH INFORMA JABABEKA,PT. TERATAI EMAS LOGISTINDO,6,LATE,40,66,09.07.2026,29.05.2026,10.06.2026,08.07.2026,09.07.2026,09.07.2026,09.07.2026,,H014,WH INFORMA JABABEKA
R110260528T035_H014,CONT-40,26300000,0,0,0,0,0,26300000,H014 - WH INFORMA JABABEKA,PT. TPIL LOGISTICS,2,LATE,17,66,17.06.2026,30.05.2026,20.06.2026,,,,,,H014,WH INFORMA JABABEKA
R110260528T036_H014,CONT-40,28000000,0,0,0,0,0,28000000,H014 - WH INFORMA JABABEKA,PT. TERATAI EMAS LOGISTINDO,6,LATE,37,67,06.07.2026,29.05.2026,28.06.2026,15.07.2026,15.07.2026,15.07.2026,15.07.2026,,H014,WH INFORMA JABABEKA
R110260528T038_H014,CONT-40,25400000,0,0,1500000,0,0,26900000,H014 - WH INFORMA JABABEKA,PT. SENTOSAPRIMA ABADI,6,LATE,46,66,15.07.2026,29.05.2026,20.06.2026,13.07.2026,13.07.2026,17.07.2026,20.07.2026,,H014,WH INFORMA JABABEKA
R110260528T039_H014,CONT-40,25400000,0,0,1500000,0,0,26900000,H014 - WH INFORMA JABABEKA,PT. SENTOSAPRIMA ABADI,6,LATE,46,67,15.07.2026,29.05.2026,19.06.2026,13.07.2026,13.07.2026,20.07.2026,20.07.2026,,H014,WH INFORMA JABABEKA
R110260528T041_H014,WINGBOX,5650000,0,0,0,0,0,5650000,H014 - WH INFORMA JABABEKA,PT. DUTA MEDIA MANDIRI,7,ON SCHEDULE,29,0,28.06.2026,29.05.2026,31.05.2026,02.06.2026,03.06.2026,08.06.2026,09.06.2026,,H014,WH INFORMA JABABEKA
R110260528T042_H014,WINGBOX,7000000,0,0,0,0,0,7000000,H014 - WH INFORMA JABABEKA,PT. DUNIA EXPRESS TRANSINDO,7,ON SCHEDULE,29,0,28.06.2026,29.05.2026,02.06.2026,12.06.2026,12.06.2026,26.06.2026,29.06.2026,,H014,WH INFORMA JABABEKA
R110260528T043_H014,WINGBOX,7000000,0,0,0,0,0,7000000,H014 - WH INFORMA JABABEKA,PT. DUNIA EXPRESS TRANSINDO,7,ON SCHEDULE,29,0,28.06.2026,29.05.2026,02.06.2026,12.06.2026,12.06.2026,26.06.2026,29.06.2026,,H014,WH INFORMA JABABEKA
R110260528T046_H014,WINGBOX,5650000,0,0,0,0,0,5650000,H014 - WH INFORMA JABABEKA,PT. DUTA MEDIA MANDIRI,7,ON SCHEDULE,29,0,28.06.2026,29.05.2026,31.05.2026,02.06.2026,03.06.2026,08.06.2026,09.06.2026,,H014,WH INFORMA JABABEKA
R110260528T047_H014,WINGBOX,7000000,0,0,0,0,0,7000000,H014 - WH INFORMA JABABEKA,PT. DUNIA EXPRESS TRANSINDO,7,ON SCHEDULE,29,0,28.06.2026,29.05.2026,31.05.2026,12.06.2026,12.06.2026,26.06.2026,29.06.2026,,H014,WH INFORMA JABABEKA
R110260528T048_H014,CONT-40,28000000,0,0,0,0,0,28000000,H014 - WH INFORMA JABABEKA,PT. TERATAI EMAS LOGISTINDO,6,LATE,37,66,07.07.2026,30.05.2026,28.06.2026,15.07.2026,15.07.2026,15.07.2026,15.07.2026,,H014,WH INFORMA JABABEKA
R110260528T049_H014,CONT-40,27200000,0,0,0,0,0,27200000,H014 - WH INFORMA JABABEKA,PT. SENTOSAPRIMA ABADI,6,LATE,37,67,05.07.2026,28.05.2026,16.06.2026,13.07.2026,13.07.2026,14.07.2026,14.07.2026,,H014,WH INFORMA JABABEKA
R110260528T050_H014,CONT-40,30000000,0,0,400000,0,0,30400000,H014 - WH INFORMA JABABEKA,PT. TERATAI EMAS LOGISTINDO,6,LATE,40,67,08.07.2026,28.05.2026,10.06.2026,08.07.2026,09.07.2026,09.07.2026,09.07.2026,,H014,WH INFORMA JABABEKA
R110260528T051_H014,CONT-40,25400000,0,0,1500000,0,0,26900000,H014 - WH INFORMA JABABEKA,PT. SENTOSAPRIMA ABADI,6,LATE,46,67,15.07.2026,29.05.2026,20.06.2026,13.07.2026,13.07.2026,20.07.2026,20.07.2026,,H014,WH INFORMA JABABEKA
R110260528T052_H014,WINGBOX,7000000,0,0,0,0,0,7000000,H014 - WH INFORMA JABABEKA,PT. DUNIA EXPRESS TRANSINDO,7,ON SCHEDULE,29,0,28.06.2026,29.05.2026,02.06.2026,12.06.2026,12.06.2026,26.06.2026,29.06.2026,,H014,WH INFORMA JABABEKA
R110260528T054_H014,WINGBOX,7000000,0,0,0,0,0,7000000,H014 - WH INFORMA JABABEKA,PT. DUNIA EXPRESS TRANSINDO,7,ON SCHEDULE,29,0,28.06.2026,29.05.2026,02.06.2026,12.06.2026,12.06.2026,26.06.2026,29.06.2026,,H014,WH INFORMA JABABEKA
R110260528T056_H014,WINGBOX,5600000,0,0,0,0,0,5600000,H014 - WH INFORMA JABABEKA,PT. BINTANG SAMUDRA RAYA,7,ON SCHEDULE,29,0,28.06.2026,29.05.2026,31.05.2026,05.06.2026,06.06.2026,08.06.2026,10.06.2026,,H014,WH INFORMA JABABEKA
R110260528T057_H014,WINGBOX,6600000,0,0,0,0,0,6600000,H014 - WH INFORMA JABABEKA,PT. JAYA MULYA ERALINDO,7,ON SCHEDULE,29,0,27.06.2026,28.05.2026,31.05.2026,12.06.2026,12.06.2026,17.06.2026,30.06.2026,,H014,WH INFORMA JABABEKA
R110260528T058_H014,CONT-20,20300000,0,0,0,0,0,20300000,H014 - WH INFORMA JABABEKA,PT. SARANA TRANS SUMATERA,6,LATE,40,66,09.07.2026,29.05.2026,16.06.2026,10.07.2026,10.07.2026,10.07.2026,10.07.2026,,H014,WH INFORMA JABABEKA
R110260528T059_H014,CONT-20,0,0,0,0,0,0,0,H014 - WH INFORMA JABABEKA,PT. TPIL LOGISTICS,2,LATE,22,66,21.06.2026,29.05.2026,16.06.2026,,,,,,H014,WH INFORMA JABABEKA
R110260528T063_H014,CONT-40,37030000,0,0,0,0,0,37030000,H014 - WH INFORMA JABABEKA,PT KAMADJAJA LOGISTICS,6,LATE,47,65,17.07.2026,30.05.2026,24.06.2026,13.07.2026,13.07.2026,14.07.2026,14.07.2026,,H014,WH INFORMA JABABEKA
R110260528T064_H014,CONT-40,29000000,0,0,0,0,0,29000000,H014 - WH INFORMA JABABEKA,PT. WIDYA TRANS CARGO,6,LATE,40,66,10.07.2026,30.05.2026,16.06.2026,01.07.2026,02.07.2026,06.07.2026,16.07.2026,,H014,WH INFORMA JABABEKA
R110260528T067_H014,WINGBOX,6600000,0,0,0,0,0,6600000,H014 - WH INFORMA JABABEKA,PT. JAYA MULYA ERALINDO,7,ON SCHEDULE,29,0,28.06.2026,29.05.2026,02.06.2026,11.06.2026,11.06.2026,17.06.2026,17.06.2026,,H014,WH INFORMA JABABEKA
R110260529H019_H014,WINGBOX,4825000,0,0,0,0,0,4825000,H014 - WH INFORMA JABABEKA,PT. CEHA LOGISTIK CEMERLANG,7,ON SCHEDULE,29,0,28.06.2026,29.05.2026,31.05.2026,02.06.2026,02.06.2026,11.06.2026,12.06.2026,,H014,WH INFORMA JABABEKA
R110260529H020_H014,FUSO,14950000,0,0,0,0,0,14950000,H014 - WH INFORMA JABABEKA,PT. DUTA LINTAS NUSA,6,LATE,29,66,29.06.2026,30.05.2026,03.06.2026,30.06.2026,30.06.2026,14.07.2026,17.07.2026,,H014,WH INFORMA JABABEKA
R110260529H021_H014,WINGBOX,18000000,0,0,0,0,0,18000000,H014 - WH INFORMA JABABEKA,PT. BINTANG SAMUDRA RAYA,7,ON SCHEDULE,31,0,01.07.2026,30.05.2026,03.06.2026,11.06.2026,11.06.2026,17.06.2026,18.06.2026,,H014,WH INFORMA JABABEKA
R110260529H029_H014,WINGBOX,15000000,0,0,0,0,0,15000000,H014 - WH INFORMA JABABEKA,PT. BINTANG SAMUDRA RAYA,7,ON SCHEDULE,30,0,30.06.2026,30.05.2026,03.06.2026,09.06.2026,09.06.2026,10.06.2026,10.06.2026,,H014,WH INFORMA JABABEKA
R110260529H030_H014,WINGBOX,2350000,0,0,0,0,0,2350000,H014 - WH INFORMA JABABEKA,PT. BINTANG SAMUDRA RAYA,7,ON SCHEDULE,27,0,26.06.2026,29.05.2026,31.05.2026,05.06.2026,05.06.2026,08.06.2026,10.06.2026,,H014,WH INFORMA JABABEKA
R110260529H054_H014,CDD LONG CHASSIS,2850000,0,0,0,0,0,2850000,H014 - WH INFORMA JABABEKA,PT. BINTANG SAMUDRA RAYA,7,ON SCHEDULE,28,0,28.06.2026,30.05.2026,31.05.2026,09.06.2026,09.06.2026,12.06.2026,12.06.2026,,H014,WH INFORMA JABABEKA
R110260529H055_H014,WINGBOX,4825000,0,0,0,0,0,4825000,H014 - WH INFORMA JABABEKA,PT. CEHA LOGISTIK CEMERLANG,7,ON SCHEDULE,29,0,29.06.2026,30.05.2026,31.05.2026,02.06.2026,02.06.2026,04.06.2026,04.06.2026,,H014,WH INFORMA JABABEKA
R110260529H057_H014,CDD LONG CHASSIS,2250000,0,0,0,0,0,2250000,H014 - WH INFORMA JABABEKA,PT. BINTANG SAMUDRA RAYA,7,ON SCHEDULE,27,0,27.06.2026,30.05.2026,31.05.2026,11.06.2026,12.06.2026,17.06.2026,19.06.2026,,H014,WH INFORMA JABABEKA
R110260529H062_H014,CDD LONG CHASSIS,2850000,0,0,0,0,0,2850000,H014 - WH INFORMA JABABEKA,PT. BINTANG SAMUDRA RAYA,7,ON SCHEDULE,28,0,27.06.2026,29.05.2026,31.05.2026,05.06.2026,05.06.2026,08.06.2026,10.06.2026,,H014,WH INFORMA JABABEKA
R110260529H063_H014,CDD LONG CHASSIS,2850000,0,0,0,0,0,2850000,H014 - WH INFORMA JABABEKA,PT. BINTANG SAMUDRA RAYA,7,ON SCHEDULE,28,0,28.06.2026,30.05.2026,31.05.2026,09.06.2026,09.06.2026,12.06.2026,12.06.2026,,H014,WH INFORMA JABABEKA
R110260529H065_H014,FUSO,11450000,0,0,0,0,0,11450000,H014 - WH INFORMA JABABEKA,PT LOGISTIK CANGGIH INDONESIA,7,ON SCHEDULE,29,0,29.06.2026,30.05.2026,02.06.2026,09.06.2026,10.06.2026,10.06.2026,24.06.2026,,H014,WH INFORMA JABABEKA
R110260529H066_H014,CDD LONG CHASSIS,4900000,0,0,0,0,0,4900000,H014 - WH INFORMA JABABEKA,PT.ORANG KREATIF EKSIS,7,ON SCHEDULE,28,0,28.06.2026,30.05.2026,31.05.2026,05.06.2026,05.06.2026,15.06.2026,15.06.2026,,H014,WH INFORMA JABABEKA
R110260529H067_H014,CDD LONG CHASSIS,3500000,0,0,0,0,0,3500000,H014 - WH INFORMA JABABEKA,PT. AGUNG MAKMUR JAYA,7,ON SCHEDULE,29,0,29.06.2026,30.05.2026,31.05.2026,02.06.2026,02.06.2026,09.06.2026,11.06.2026,,H014,WH INFORMA JABABEKA
R110260529L037_H014,WINGBOX,17750000,0,0,0,0,0,17750000,H014 - WH INFORMA JABABEKA,PT.ORANG KREATIF EKSIS,6,LATE,26,64,27.06.2026,31.05.2026,,25.06.2026,25.06.2026,08.07.2026,08.07.2026,,H014,WH INFORMA JABABEKA
R110260529L037_H014,WINGBOX,17750000,0,0,0,0,0,17750000,H014 - WH INFORMA JABABEKA,PT.ORANG KREATIF EKSIS,6,LATE,26,64,27.06.2026,31.05.2026,,25.06.2026,25.06.2026,08.07.2026,08.07.2026,,H014,WH INFORMA JABABEKA
R110260529L042_H014,CDD LONG CHASSIS,2850000,0,0,0,0,0,2850000,H014 - WH INFORMA JABABEKA,PT. BINTANG SAMUDRA RAYA,7,ON SCHEDULE,28,0,28.06.2026,30.05.2026,31.05.2026,12.06.2026,13.06.2026,17.06.2026,19.06.2026,,H014,WH INFORMA JABABEKA
R110260529T024_H014,WINGBOX,7000000,0,0,0,0,0,7000000,H014 - WH INFORMA JABABEKA,PT. DUNIA EXPRESS TRANSINDO,7,ON SCHEDULE,29,0,29.06.2026,30.05.2026,02.06.2026,12.06.2026,12.06.2026,26.06.2026,29.06.2026,,H014,WH INFORMA JABABEKA
R110260529T028_H014,WINGBOX,7000000,0,0,0,0,0,7000000,H014 - WH INFORMA JABABEKA,PT. DUNIA EXPRESS TRANSINDO,7,ON SCHEDULE,29,0,29.06.2026,30.05.2026,02.06.2026,12.06.2026,12.06.2026,26.06.2026,29.06.2026,,H014,WH INFORMA JABABEKA
R110260529T029_H014,WINGBOX,7000000,0,0,0,0,0,7000000,H014 - WH INFORMA JABABEKA,PT. DUNIA EXPRESS TRANSINDO,7,ON SCHEDULE,29,0,29.06.2026,30.05.2026,02.06.2026,12.06.2026,12.06.2026,26.06.2026,29.06.2026,,H014,WH INFORMA JABABEKA
R110260529T033_H014,WINGBOX,6500000,0,0,0,0,0,6500000,H014 - WH INFORMA JABABEKA,PT.AMANAH TRANSMULIA MANDIRI LOGISTIK,7,ON SCHEDULE,29,0,28.06.2026,29.05.2026,31.05.2026,09.06.2026,09.06.2026,10.06.2026,11.06.2026,,H014,WH INFORMA JABABEKA
R110260529T034_H014,WINGBOX,5650000,0,0,0,0,0,5650000,H014 - WH INFORMA JABABEKA,PT. DUTA MEDIA MANDIRI,7,ON SCHEDULE,29,0,28.06.2026,29.05.2026,31.05.2026,02.06.2026,03.06.2026,08.06.2026,09.06.2026,,H014,WH INFORMA JABABEKA
R110260529T036_H014,WINGBOX,5650000,0,0,0,0,0,5650000,H014 - WH INFORMA JABABEKA,PT. DUTA MEDIA MANDIRI,7,ON SCHEDULE,29,0,29.06.2026,30.05.2026,31.05.2026,02.06.2026,03.06.2026,08.06.2026,09.06.2026,,H014,WH INFORMA JABABEKA
R110260529T038_H014,CONT-40,32000000,0,0,0,0,0,32000000,H014 - WH INFORMA JABABEKA,PT. DAYA EKA SAMUDERA JAKARTA,7,ON SCHEDULE,37,0,07.07.2026,30.05.2026,16.06.2026,30.06.2026,30.06.2026,30.06.2026,30.06.2026,,H014,WH INFORMA JABABEKA
R110260529T039_H014,CONT-40,32000000,0,0,0,0,0,32000000,H014 - WH INFORMA JABABEKA,PT. DAYA EKA SAMUDERA JAKARTA,7,ON SCHEDULE,37,0,07.07.2026,30.05.2026,19.06.2026,30.06.2026,30.06.2026,30.06.2026,30.06.2026,,H014,WH INFORMA JABABEKA
R110260529T040_H014,CONT-40,32000000,0,0,0,0,0,32000000,H014 - WH INFORMA JABABEKA,PT. DAYA EKA SAMUDERA JAKARTA,6,LATE,37,66,07.07.2026,30.05.2026,19.06.2026,06.07.2026,06.07.2026,07.07.2026,07.07.2026,,H014,WH INFORMA JABABEKA
R110260529T041_H014,CONT-40,32000000,0,0,0,0,0,32000000,H014 - WH INFORMA JABABEKA,PT. DAYA EKA SAMUDERA JAKARTA,7,ON SCHEDULE,37,0,07.07.2026,30.05.2026,19.06.2026,26.06.2026,26.06.2026,29.06.2026,29.06.2026,,H014,WH INFORMA JABABEKA
R110260529T042_H014,CONT-40,32000000,0,0,0,0,0,32000000,H014 - WH INFORMA JABABEKA,PT. DAYA EKA SAMUDERA JAKARTA,7,ON SCHEDULE,37,0,07.07.2026,30.05.2026,16.06.2026,26.06.2026,26.06.2026,29.06.2026,29.06.2026,,H014,WH INFORMA JABABEKA
R110260529T043_H014,CONT-40,26300000,0,0,0,0,0,26300000,H014 - WH INFORMA JABABEKA,PT. TPIL LOGISTICS,2,LATE,17,65,18.06.2026,31.05.2026,19.06.2026,,,,,,H014,WH INFORMA JABABEKA
R110260529T046_H014,CONT-40,26000000,0,0,0,0,0,26000000,H014 - WH INFORMA JABABEKA,PT. TPIL LOGISTICS,2,LATE,20,65,21.06.2026,31.05.2026,12.06.2026,,,,,,H014,WH INFORMA JABABEKA
R110260529T047_H014,CONT-40,26500000,0,0,0,0,0,26500000,H014 - WH INFORMA JABABEKA,PT. SENTOSAPRIMA ABADI,6,LATE,40,65,10.07.2026,30.05.2026,16.06.2026,20.07.2026,21.07.2026,22.07.2026,22.07.2026,,H014,WH INFORMA JABABEKA
R110260529T048_H014,CONT-40,26500000,0,0,0,0,0,26500000,H014 - WH INFORMA JABABEKA,PT. SENTOSAPRIMA ABADI,6,LATE,40,65,10.07.2026,30.05.2026,16.06.2026,20.07.2026,21.07.2026,22.07.2026,22.07.2026,,H014,WH INFORMA JABABEKA
R110260529T049_H014,CONT-40,29000000,0,0,0,0,0,29000000,H014 - WH INFORMA JABABEKA,PT. WIDYA TRANS CARGO,6,LATE,40,65,10.07.2026,30.05.2026,16.06.2026,01.07.2026,02.07.2026,06.07.2026,16.07.2026,,H014,WH INFORMA JABABEKA
R110260529T050_H014,CONT-40,26500000,0,0,0,0,0,26500000,H014 - WH INFORMA JABABEKA,PT. SENTOSAPRIMA ABADI,6,LATE,40,66,10.07.2026,30.05.2026,16.06.2026,20.07.2026,21.07.2026,22.07.2026,22.07.2026,,H014,WH INFORMA JABABEKA
R110260529T052_H014,CONT-40,26300000,0,0,0,0,0,26300000,H014 - WH INFORMA JABABEKA,PT. TPIL LOGISTICS,2,LATE,17,65,17.06.2026,30.05.2026,19.06.2026,,,,,,H014,WH INFORMA JABABEKA
R110260529T053_H014,CONT-20,13300000,0,0,0,0,0,13300000,H014 - WH INFORMA JABABEKA,PT.BANGKA JAYA LINE,7,ON SCHEDULE,40,0,10.07.2026,30.05.2026,10.06.2026,17.06.2026,17.06.2026,19.06.2026,19.06.2026,,H014,WH INFORMA JABABEKA
R110260529T055_H014,CONT-20,13300000,0,0,0,0,0,13300000,H014 - WH INFORMA JABABEKA,PT.BANGKA JAYA LINE,7,ON SCHEDULE,40,0,11.07.2026,31.05.2026,10.06.2026,18.06.2026,19.06.2026,19.06.2026,19.06.2026,,H014,WH INFORMA JABABEKA
R110260529T056_H014,WINGBOX,5650000,0,0,0,0,0,5650000,H014 - WH INFORMA JABABEKA,PT. DUTA MEDIA MANDIRI,7,ON SCHEDULE,29,0,28.06.2026,29.05.2026,02.06.2026,02.06.2026,03.06.2026,08.06.2026,09.06.2026,,H014,WH INFORMA JABABEKA
R110260529T057_H014,WINGBOX,7000000,0,0,0,0,0,7000000,H014 - WH INFORMA JABABEKA,PT. DUNIA EXPRESS TRANSINDO,7,ON SCHEDULE,29,0,29.06.2026,30.05.2026,02.06.2026,12.06.2026,12.06.2026,26.06.2026,29.06.2026,,H014,WH INFORMA JABABEKA
R110260529T061_H014,CONT-20,0,0,0,0,0,0,0,H014 - WH INFORMA JABABEKA,PT. TPIL LOGISTICS,2,LATE,20,66,20.06.2026,30.05.2026,16.06.2026,,,,,,H014,WH INFORMA JABABEKA
R110260529T062_H014,CONT-20,0,0,0,0,0,0,0,H014 - WH INFORMA JABABEKA,PT. TPIL LOGISTICS,2,LATE,22,66,21.06.2026,29.05.2026,12.06.2026,,,,,,H014,WH INFORMA JABABEKA
R110260529T063_H014,CONT-40,25400000,0,0,1500000,0,0,26900000,H014 - WH INFORMA JABABEKA,PT. SENTOSAPRIMA ABADI,6,LATE,46,66,16.07.2026,30.05.2026,27.06.2026,13.07.2026,13.07.2026,20.07.2026,20.07.2026,,H014,WH INFORMA JABABEKA
R110260529T064_H014,CONT-40,25400000,0,0,1500000,0,0,26900000,H014 - WH INFORMA JABABEKA,PT. SENTOSAPRIMA ABADI,6,LATE,46,66,16.07.2026,30.05.2026,20.06.2026,13.07.2026,13.07.2026,20.07.2026,20.07.2026,,H014,WH INFORMA JABABEKA
R110260529T065_H014,CONT-40,26000000,0,0,1000000,0,0,27000000,H014 - WH INFORMA JABABEKA,PT. WIDYA TRANS CARGO,6,LATE,42,66,12.07.2026,30.05.2026,12.06.2026,01.07.2026,02.07.2026,06.07.2026,16.07.2026,,H014,WH INFORMA JABABEKA
R110260529T066_H014,WINGBOX,7000000,0,0,0,0,0,7000000,H014 - WH INFORMA JABABEKA,PT. DUNIA EXPRESS TRANSINDO,7,ON SCHEDULE,29,0,30.06.2026,31.05.2026,02.06.2026,12.06.2026,12.06.2026,26.06.2026,29.06.2026,,H014,WH INFORMA JABABEKA
R110260529T070_H014,CONT-20,15300000,0,0,800000,0,0,16100000,H014 - WH INFORMA JABABEKA,PT. SENTOSAPRIMA ABADI,6,LATE,46,65,16.07.2026,30.05.2026,20.06.2026,13.07.2026,13.07.2026,17.07.2026,17.07.2026,,H014,WH INFORMA JABABEKA
R110260529T072_H014,WINGBOX,6500000,0,0,0,0,0,6500000,H014 - WH INFORMA JABABEKA,PT.AMANAH TRANSMULIA MANDIRI LOGISTIK,7,ON SCHEDULE,29,0,29.06.2026,30.05.2026,17.06.2026,18.06.2026,19.06.2026,22.06.2026,23.06.2026,,H014,WH INFORMA JABABEKA
R110260530H029_H014,WINGBOX,4500000,0,0,0,0,0,4500000,H014 - WH INFORMA JABABEKA,PT. CEHA LOGISTIK CEMERLANG,7,ON SCHEDULE,29,0,30.06.2026,31.05.2026,02.06.2026,02.06.2026,03.06.2026,04.06.2026,04.06.2026,,H014,WH INFORMA JABABEKA
R110260530H030_H014,WINGBOX,4500000,0,0,0,0,0,4500000,H014 - WH INFORMA JABABEKA,PT. CEHA LOGISTIK CEMERLANG,7,ON SCHEDULE,29,0,30.06.2026,31.05.2026,02.06.2026,02.06.2026,03.06.2026,04.06.2026,04.06.2026,,H014,WH INFORMA JABABEKA
R110260530H031_H014,WINGBOX,4500000,0,0,0,0,0,4500000,H014 - WH INFORMA JABABEKA,PT. CEHA LOGISTIK CEMERLANG,7,ON SCHEDULE,29,0,30.06.2026,31.05.2026,02.06.2026,02.06.2026,03.06.2026,04.06.2026,04.06.2026,,H014,WH INFORMA JABABEKA
R110260530H034_H014,WINGBOX,4825000,0,0,0,0,0,4825000,H014 - WH INFORMA JABABEKA,PT. CEHA LOGISTIK CEMERLANG,7,ON SCHEDULE,29,0,30.06.2026,31.05.2026,02.06.2026,02.06.2026,03.06.2026,04.06.2026,04.06.2026,,H014,WH INFORMA JABABEKA
R110260530H035_H014,CDD LONG CHASSIS,1725000,0,0,0,0,0,1725000,H014 - WH INFORMA JABABEKA,PT. BINTANG SAMUDRA RAYA,7,ON SCHEDULE,27,0,27.06.2026,30.05.2026,01.06.2026,09.06.2026,09.06.2026,09.06.2026,10.06.2026,,H014,WH INFORMA JABABEKA
R110260530H037_H014,WINGBOX,17000000,0,0,0,0,0,17000000,H014 - WH INFORMA JABABEKA,PT. BINTANG SAMUDRA RAYA,7,ON SCHEDULE,33,0,04.07.2026,31.05.2026,04.06.2026,09.06.2026,09.06.2026,09.06.2026,11.06.2026,,H014,WH INFORMA JABABEKA
R110260530H038_H014,WINGBOX,11500000,0,0,0,0,0,11500000,H014 - WH INFORMA JABABEKA,PT. BINTANG SAMUDRA RAYA,7,ON SCHEDULE,29,0,30.06.2026,31.05.2026,04.06.2026,09.06.2026,09.06.2026,09.06.2026,10.06.2026,,H014,WH INFORMA JABABEKA
R110260530H041_H014,WINGBOX,1998000,0,0,0,0,0,1998000,H014 - WH INFORMA JABABEKA,PT. ARDYA PRIMA INTERNUSA,7,ON SCHEDULE,27,0,27.06.2026,30.05.2026,31.05.2026,05.06.2026,05.06.2026,05.06.2026,05.06.2026,,H014,WH INFORMA JABABEKA
R110260530H043_H014,CDD LONG CHASSIS,2350000,0,0,0,0,0,2350000,H014 - WH INFORMA JABABEKA,PT. BINTANG SAMUDRA RAYA,7,ON SCHEDULE,29,0,29.06.2026,30.05.2026,01.06.2026,09.06.2026,09.06.2026,09.06.2026,10.06.2026,,H014,WH INFORMA JABABEKA
R110260530H058_H014,CDD LONG CHASSIS,3325000,0,0,0,0,0,3325000,H014 - WH INFORMA JABABEKA,PT. JEJE HARAPAN TRANSINDO,7,ON SCHEDULE,29,0,30.06.2026,31.05.2026,03.06.2026,12.06.2026,13.06.2026,15.06.2026,15.06.2026,,H014,WH INFORMA JABABEKA
R110260530H059_H014,WINGBOX,4000000,0,0,0,0,0,4000000,H014 - WH INFORMA JABABEKA,PT. BINTANG SAMUDRA RAYA,7,ON SCHEDULE,28,0,28.06.2026,30.05.2026,01.06.2026,09.06.2026,09.06.2026,09.06.2026,10.06.2026,,H014,WH INFORMA JABABEKA
R110260530H065_H014,CDD LONG CHASSIS,1400000,0,0,0,0,0,1400000,H014 - WH INFORMA JABABEKA,PT. BINTANG SAMUDRA RAYA,7,ON SCHEDULE,27,0,27.06.2026,30.05.2026,31.05.2026,05.06.2026,05.06.2026,12.06.2026,12.06.2026,,H014,WH INFORMA JABABEKA
R110260530H068_H014,CDD LONG CHASSIS,1725000,0,0,0,0,0,1725000,H014 - WH INFORMA JABABEKA,PT. BINTANG SAMUDRA RAYA,7,ON SCHEDULE,27,0,27.06.2026,30.05.2026,01.06.2026,15.06.2026,15.06.2026,17.06.2026,18.06.2026,,H014,WH INFORMA JABABEKA
R110260530H073_H014,WINGBOX,4300000,0,0,0,0,0,4300000,H014 - WH INFORMA JABABEKA,PT.SIASAT CEPAT MUDA,7,ON SCHEDULE,29,0,30.06.2026,31.05.2026,02.06.2026,04.06.2026,04.06.2026,11.06.2026,17.06.2026,,H014,WH INFORMA JABABEKA
R110260530H074_H014,WINGBOX,4300000,0,0,0,0,0,4300000,H014 - WH INFORMA JABABEKA,PT.SIASAT CEPAT MUDA,7,ON SCHEDULE,29,0,30.06.2026,31.05.2026,02.06.2026,04.06.2026,04.06.2026,11.06.2026,17.06.2026,,H014,WH INFORMA JABABEKA
R110260530H075_H014,WINGBOX,4825000,0,0,0,0,0,4825000,H014 - WH INFORMA JABABEKA,PT. CEHA LOGISTIK CEMERLANG,7,ON SCHEDULE,29,0,30.06.2026,31.05.2026,02.06.2026,02.06.2026,03.06.2026,04.06.2026,04.06.2026,,H014,WH INFORMA JABABEKA
R110260530L002_H014,CDD LONG CHASSIS,4700000,0,0,0,0,0,4700000,H014 - WH INFORMA JABABEKA,PT. BINTANG SAMUDRA RAYA,7,ON SCHEDULE,28,0,28.06.2026,30.05.2026,05.06.2026,29.06.2026,29.06.2026,30.06.2026,30.06.2026,,H014,WH INFORMA JABABEKA
R110260530L023_H014,CDD LONG CHASSIS,4700000,0,0,0,0,0,4700000,H014 - WH INFORMA JABABEKA,PT. BINTANG SAMUDRA RAYA,7,ON SCHEDULE,28,0,28.06.2026,30.05.2026,05.06.2026,29.06.2026,29.06.2026,30.06.2026,30.06.2026,,H014,WH INFORMA JABABEKA
R110260530L070_H014,CDD LONG CHASSIS,3600000,0,0,0,0,0,3600000,H014 - WH INFORMA JABABEKA,PT. BINTANG SAMUDRA RAYA,7,ON SCHEDULE,30,0,01.07.2026,31.05.2026,02.06.2026,15.06.2026,15.06.2026,17.06.2026,18.06.2026,,H014,WH INFORMA JABABEKA
R110260530L071_H014,CDD LONG CHASSIS,3500000,0,0,0,0,0,3500000,H014 - WH INFORMA JABABEKA,PT. AGUNG MAKMUR JAYA,7,ON SCHEDULE,30,0,01.07.2026,31.05.2026,02.06.2026,02.06.2026,02.06.2026,09.06.2026,11.06.2026,,H014,WH INFORMA JABABEKA
R110260530L072_H014,CDD LONG CHASSIS,3500000,0,0,0,100000,0,3600000,H014 - WH INFORMA JABABEKA,PT. AGUNG MAKMUR JAYA,7,ON SCHEDULE,30,0,01.07.2026,31.05.2026,02.06.2026,02.06.2026,03.06.2026,09.06.2026,12.06.2026,,H014,WH INFORMA JABABEKA
R110260530L072_H014,CDD LONG CHASSIS,3500000,0,0,0,100000,0,3600000,H014 - WH INFORMA JABABEKA,PT. AGUNG MAKMUR JAYA,7,ON SCHEDULE,30,0,01.07.2026,31.05.2026,02.06.2026,02.06.2026,03.06.2026,09.06.2026,12.06.2026,,H014,WH INFORMA JABABEKA
R110260530L072_H014,CDD LONG CHASSIS,3500000,0,0,0,100000,0,3600000,H014 - WH INFORMA JABABEKA,PT. AGUNG MAKMUR JAYA,7,ON SCHEDULE,30,0,01.07.2026,31.05.2026,02.06.2026,02.06.2026,03.06.2026,09.06.2026,12.06.2026,,H014,WH INFORMA JABABEKA
R110260530L073_H014,CDD LONG CHASSIS,3500000,0,0,0,300000,0,3800000,H014 - WH INFORMA JABABEKA,PT.DHANESWARA EXPRES,7,ON SCHEDULE,28,0,29.06.2026,31.05.2026,03.06.2026,04.06.2026,07.06.2026,15.06.2026,17.06.2026,,H014,WH INFORMA JABABEKA
R110260530L088_H014,CDD LONG CHASSIS,3500000,0,0,0,100000,0,3600000,H014 - WH INFORMA JABABEKA,PT. AGUNG MAKMUR JAYA,7,ON SCHEDULE,30,0,01.07.2026,31.05.2026,02.06.2026,02.06.2026,03.06.2026,09.06.2026,12.06.2026,,H014,WH INFORMA JABABEKA
R110260530L088_H014,CDD LONG CHASSIS,3500000,0,0,0,100000,0,3600000,H014 - WH INFORMA JABABEKA,PT. AGUNG MAKMUR JAYA,7,ON SCHEDULE,30,0,01.07.2026,31.05.2026,02.06.2026,02.06.2026,03.06.2026,09.06.2026,12.06.2026,,H014,WH INFORMA JABABEKA
R110260530L088_H014,CDD LONG CHASSIS,3500000,0,0,0,100000,0,3600000,H014 - WH INFORMA JABABEKA,PT. AGUNG MAKMUR JAYA,7,ON SCHEDULE,30,0,01.07.2026,31.05.2026,02.06.2026,02.06.2026,03.06.2026,09.06.2026,12.06.2026,,H014,WH INFORMA JABABEKA
R110260530L092_H014,CDD LONG CHASSIS,7400000,0,0,0,0,0,7400000,H014 - WH INFORMA JABABEKA,PT. BINTANG SAMUDRA RAYA,7,ON SCHEDULE,30,0,01.07.2026,31.05.2026,05.06.2026,15.06.2026,15.06.2026,17.06.2026,18.06.2026,,H014,WH INFORMA JABABEKA
R110260530L093_H014,CDD LONG CHASSIS,4700000,0,0,0,0,0,4700000,H014 - WH INFORMA JABABEKA,PT. BINTANG SAMUDRA RAYA,7,ON SCHEDULE,28,0,28.06.2026,30.05.2026,05.06.2026,29.06.2026,29.06.2026,30.06.2026,30.06.2026,,H014,WH INFORMA JABABEKA
R110260530T014_H014,WINGBOX,7000000,0,0,0,0,0,7000000,H014 - WH INFORMA JABABEKA,PT. DUNIA EXPRESS TRANSINDO,7,ON SCHEDULE,29,0,30.06.2026,31.05.2026,03.06.2026,12.06.2026,12.06.2026,26.06.2026,29.06.2026,,H014,WH INFORMA JABABEKA
R110260530T027_H014,WINGBOX,5650000,0,0,0,0,0,5650000,H014 - WH INFORMA JABABEKA,PT. DUTA MEDIA MANDIRI,7,ON SCHEDULE,29,0,30.06.2026,31.05.2026,05.06.2026,08.06.2026,08.06.2026,08.06.2026,09.06.2026,,H014,WH INFORMA JABABEKA
R110260530T028_H014,WINGBOX,5650000,0,0,0,0,0,5650000,H014 - WH INFORMA JABABEKA,PT. DUTA MEDIA MANDIRI,7,ON SCHEDULE,29,0,30.06.2026,31.05.2026,03.06.2026,03.06.2026,04.06.2026,08.06.2026,09.06.2026,,H014,WH INFORMA JABABEKA
R110260530T029_H014,WINGBOX,5650000,0,0,0,0,0,5650000,H014 - WH INFORMA JABABEKA,PT. DUTA MEDIA MANDIRI,7,ON SCHEDULE,29,0,30.06.2026,31.05.2026,03.06.2026,03.06.2026,04.06.2026,08.06.2026,09.06.2026,,H014,WH INFORMA JABABEKA
R110260530T030_H014,CONT-40,30400000,0,0,0,0,0,30400000,H014 - WH INFORMA JABABEKA,PT. SENTOSAPRIMA ABADI,6,LATE,40,65,11.07.2026,31.05.2026,19.06.2026,13.07.2026,13.07.2026,17.07.2026,17.07.2026,,H014,WH INFORMA JABABEKA
R110260530T031_H014,CONT-40,26300000,0,0,0,0,0,26300000,H014 - WH INFORMA JABABEKA,PT. TPIL LOGISTICS,2,LATE,17,64,18.06.2026,31.05.2026,19.06.2026,,,,,,H014,WH INFORMA JABABEKA
R110260530T035_H014,CONT-40,26000000,0,0,0,0,0,26000000,H014 - WH INFORMA JABABEKA,PT. TPIL LOGISTICS,2,LATE,20,64,21.06.2026,31.05.2026,12.06.2026,,,,,,H014,WH INFORMA JABABEKA
R110260530T037_H014,WINGBOX,20000000,0,0,0,0,0,20000000,H014 - WH INFORMA JABABEKA,PT.ORANG KREATIF EKSIS,7,ON SCHEDULE,37,0,08.07.2026,31.05.2026,05.06.2026,12.06.2026,13.06.2026,25.06.2026,25.06.2026,,H014,WH INFORMA JABABEKA
R110260530T038_H014,WINGBOX,20000000,0,0,0,0,0,20000000,H014 - WH INFORMA JABABEKA,PT.ORANG KREATIF EKSIS,7,ON SCHEDULE,37,0,08.07.2026,31.05.2026,06.06.2026,12.06.2026,13.06.2026,25.06.2026,25.06.2026,,H014,WH INFORMA JABABEKA
R110260530T039_H014,CONT-40,27500000,0,0,800000,0,0,28300000,H014 - WH INFORMA JABABEKA,PT. MITRA INTERTRANS FORWARDING,6,LATE,42,64,13.07.2026,31.05.2026,16.06.2026,31.07.2026,31.07.2026,03.08.2026,03.08.2026,,H014,WH INFORMA JABABEKA
R110260530T040_H014,CONT-40,30400000,0,0,0,0,0,30400000,H014 - WH INFORMA JABABEKA,PT. SENTOSAPRIMA ABADI,6,LATE,40,65,11.07.2026,31.05.2026,19.06.2026,13.07.2026,13.07.2026,17.07.2026,17.07.2026,,H014,WH INFORMA JABABEKA
R110260530T041_H014,WINGBOX,7000000,0,0,0,0,0,7000000,H014 - WH INFORMA JABABEKA,PT. DUNIA EXPRESS TRANSINDO,7,ON SCHEDULE,29,0,30.06.2026,31.05.2026,03.06.2026,12.06.2026,12.06.2026,26.06.2026,29.06.2026,,H014,WH INFORMA JABABEKA
R110260530T045_H014,CONT-40,0,0,0,0,0,0,0,H014 - WH INFORMA JABABEKA,PT. TPIL LOGISTICS,2,LATE,17,65,17.06.2026,30.05.2026,20.06.2026,,,,,,H014,WH INFORMA JABABEKA
R110260530T046_H014,CONT-40,27200000,0,0,0,0,0,27200000,H014 - WH INFORMA JABABEKA,PT. SENTOSAPRIMA ABADI,6,LATE,37,65,07.07.2026,30.05.2026,16.06.2026,20.07.2026,21.07.2026,22.07.2026,22.07.2026,,H014,WH INFORMA JABABEKA
R110260530T047_H014,CONT-40,25400000,0,0,1500000,0,0,26900000,H014 - WH INFORMA JABABEKA,PT. SENTOSAPRIMA ABADI,6,LATE,46,65,16.07.2026,30.05.2026,27.06.2026,13.07.2026,14.07.2026,24.07.2026,24.07.2026,,H014,WH INFORMA JABABEKA
R110260530T050_H014,CONT-40,27100000,0,0,600000,0,0,27700000,H014 - WH INFORMA JABABEKA,PT. SENTOSAPRIMA ABADI,6,LATE,42,64,13.07.2026,31.05.2026,16.06.2026,20.07.2026,21.07.2026,22.07.2026,22.07.2026,,H014,WH INFORMA JABABEKA
R110260531H013_H014,WINGBOX,1998000,0,0,0,0,0,1998000,H014 - WH INFORMA JABABEKA,PT. ARDYA PRIMA INTERNUSA,7,ON SCHEDULE,27,0,28.06.2026,31.05.2026,02.06.2026,05.06.2026,05.06.2026,05.06.2026,05.06.2026,,H014,WH INFORMA JABABEKA
R110260531H016_H014,CDD LONG CHASSIS,2850000,0,0,0,0,0,2850000,H014 - WH INFORMA JABABEKA,PT. BINTANG SAMUDRA RAYA,7,ON SCHEDULE,28,0,29.06.2026,31.05.2026,02.06.2026,09.06.2026,09.06.2026,09.06.2026,11.06.2026,,H014,WH INFORMA JABABEKA
R110260531H023_H014,WINGBOX,2599000,0,0,0,0,0,2599000,H014 - WH INFORMA JABABEKA,PT. DUTA MEDIA MANDIRI,7,ON SCHEDULE,27,0,28.06.2026,31.05.2026,02.06.2026,02.06.2026,03.06.2026,08.06.2026,09.06.2026,,H014,WH INFORMA JABABEKA
R110260531H036_H014,WINGBOX,1998000,0,0,0,0,0,1998000,H014 - WH INFORMA JABABEKA,PT. ARDYA PRIMA INTERNUSA,7,ON SCHEDULE,27,0,28.06.2026,31.05.2026,02.06.2026,05.06.2026,05.06.2026,05.06.2026,05.06.2026,,H014,WH INFORMA JABABEKA
R110260531H055_H014,CDD LONG CHASSIS,2250000,0,0,0,0,0,2250000,H014 - WH INFORMA JABABEKA,PT. BINTANG SAMUDRA RAYA,7,ON SCHEDULE,27,0,28.06.2026,31.05.2026,02.06.2026,09.06.2026,09.06.2026,09.06.2026,11.06.2026,,H014,WH INFORMA JABABEKA
R110260531H056_H014,CDD LONG CHASSIS,2250000,0,0,0,0,0,2250000,H014 - WH INFORMA JABABEKA,PT. BINTANG SAMUDRA RAYA,7,ON SCHEDULE,27,0,28.06.2026,31.05.2026,02.06.2026,12.06.2026,13.06.2026,17.06.2026,18.06.2026,,H014,WH INFORMA JABABEKA
R110260531H057_H014,CDD LONG CHASSIS,2250000,0,0,0,0,0,2250000,H014 - WH INFORMA JABABEKA,PT. BINTANG SAMUDRA RAYA,7,ON SCHEDULE,27,0,28.06.2026,31.05.2026,02.06.2026,09.06.2026,09.06.2026,09.06.2026,11.06.2026,,H014,WH INFORMA JABABEKA
R110260531T027_H014,WINGBOX,6600000,0,0,0,0,0,6600000,H014 - WH INFORMA JABABEKA,PT. JAYA MULYA ERALINDO,7,ON SCHEDULE,29,0,30.06.2026,31.05.2026,03.06.2026,11.06.2026,11.06.2026,17.06.2026,17.06.2026,,H014,WH INFORMA JABABEKA
R110260531T028_H014,WINGBOX,6600000,0,0,0,0,0,6600000,H014 - WH INFORMA JABABEKA,PT. JAYA MULYA ERALINDO,7,ON SCHEDULE,29,0,30.06.2026,31.05.2026,03.06.2026,11.06.2026,11.06.2026,17.06.2026,17.06.2026,,H014,WH INFORMA JABABEKA
R110260531T029_H014,WINGBOX,6600000,0,0,0,0,0,6600000,H014 - WH INFORMA JABABEKA,PT. JAYA MULYA ERALINDO,7,ON SCHEDULE,29,0,30.06.2026,31.05.2026,04.06.2026,11.06.2026,11.06.2026,17.06.2026,17.06.2026,,H014,WH INFORMA JABABEKA
R110260531T030_H014,WINGBOX,5650000,0,0,0,0,0,5650000,H014 - WH INFORMA JABABEKA,PT. DUTA MEDIA MANDIRI,7,ON SCHEDULE,29,0,30.06.2026,31.05.2026,04.06.2026,04.06.2026,04.06.2026,08.06.2026,09.06.2026,,H014,WH INFORMA JABABEKA
R110260531T031_H014,WINGBOX,5650000,0,0,0,0,0,5650000,H014 - WH INFORMA JABABEKA,PT. DUTA MEDIA MANDIRI,7,ON SCHEDULE,29,0,30.06.2026,31.05.2026,03.06.2026,03.06.2026,04.06.2026,08.06.2026,09.06.2026,,H014,WH INFORMA JABABEKA
R110260531T034_H014,CONT-40,28000000,0,0,0,0,0,28000000,H014 - WH INFORMA JABABEKA,PT. TERATAI EMAS LOGISTINDO,6,LATE,37,64,08.07.2026,31.05.2026,03.07.2026,14.07.2026,14.07.2026,20.07.2026,20.07.2026,,H014,WH INFORMA JABABEKA
R120260430B002_T001,CDD LONG CHASSIS,4700000,0,0,0,300000,0,5000000,T001 - WH TGI JABABEKA,PT. BINTANG SAMUDRA RAYA,6,LATE,30,93,02.06.2026,02.05.2026,11.05.2026,23.06.2026,25.06.2026,29.06.2026,03.07.2026,,T001,WH TGI JABABEKA
R120260504B003_T001,CDD LONG CHASSIS,3500000,0,0,0,0,0,3500000,T001 - WH TGI JABABEKA,PT. CEHA LOGISTIK CEMERLANG,7,ON SCHEDULE,29,0,04.06.2026,05.05.2026,09.05.2026,12.05.2026,12.05.2026,19.05.2026,19.05.2026,,T001,WH TGI JABABEKA
R120260506B002_T001,CDD LONG CHASSIS,3500000,0,0,0,0,0,3500000,T001 - WH TGI JABABEKA,PT. CEHA LOGISTIK CEMERLANG,7,ON SCHEDULE,29,0,06.06.2026,07.05.2026,19.05.2026,20.05.2026,20.05.2026,21.05.2026,21.05.2026,,T001,WH TGI JABABEKA
R120260507B001_T001,CDD LONG CHASSIS,3500000,0,0,0,700000,0,4200000,T001 - WH TGI JABABEKA,PT. CEHA LOGISTIK CEMERLANG,7,ON SCHEDULE,29,0,07.06.2026,08.05.2026,11.05.2026,18.05.2026,18.05.2026,19.05.2026,19.05.2026,,T001,WH TGI JABABEKA
R120260508B001_T001,CDD LONG CHASSIS,3600000,0,0,0,300000,0,3900000,T001 - WH TGI JABABEKA,PT. BINTANG SAMUDRA RAYA,6,LATE,26,86,05.06.2026,09.05.2026,11.05.2026,23.06.2026,25.06.2026,29.06.2026,03.07.2026,,T001,WH TGI JABABEKA
R120260508B001_T001,CDD LONG CHASSIS,3600000,0,0,0,300000,0,3900000,T001 - WH TGI JABABEKA,PT. BINTANG SAMUDRA RAYA,6,LATE,26,86,05.06.2026,09.05.2026,11.05.2026,23.06.2026,25.06.2026,29.06.2026,03.07.2026,,T001,WH TGI JABABEKA
R120260508B002_T001,CDD LONG CHASSIS,4700000,0,0,0,0,0,4700000,T001 - WH TGI JABABEKA,PT. BINTANG SAMUDRA RAYA,6,LATE,26,84,07.06.2026,11.05.2026,17.05.2026,04.06.2026,04.06.2026,29.06.2026,03.07.2026,,T001,WH TGI JABABEKA
R120260508B003_T001,CDD LONG CHASSIS,8250000,0,0,0,300000,0,8550000,T001 - WH TGI JABABEKA,PT. BINTANG SAMUDRA RAYA,6,LATE,28,84,09.06.2026,11.05.2026,17.05.2026,23.06.2026,25.06.2026,29.06.2026,03.07.2026,,T001,WH TGI JABABEKA
R120260508B004_T001,CDD LONG CHASSIS,4700000,0,0,0,300000,0,5000000,T001 - WH TGI JABABEKA,PT. BINTANG SAMUDRA RAYA,6,LATE,30,83,12.06.2026,12.05.2026,17.05.2026,23.06.2026,25.06.2026,29.06.2026,03.07.2026,,T001,WH TGI JABABEKA
R120260508B004_T001,CDD LONG CHASSIS,4700000,0,0,0,300000,0,5000000,T001 - WH TGI JABABEKA,PT. BINTANG SAMUDRA RAYA,6,LATE,30,83,12.06.2026,12.05.2026,17.05.2026,23.06.2026,25.06.2026,29.06.2026,03.07.2026,,T001,WH TGI JABABEKA
R120260512B001_T001,CDD LONG CHASSIS,5050000,0,0,0,0,0,5050000,T001 - WH TGI JABABEKA,PT. BINTANG SAMUDRA RAYA,6,LATE,30,82,13.06.2026,13.05.2026,17.05.2026,04.06.2026,04.06.2026,29.06.2026,03.07.2026,,T001,WH TGI JABABEKA
R120260512B002_T001,CONT-20,15400000,0,0,0,0,0,15400000,T001 - WH TGI JABABEKA,PT. SENTOSAPRIMA ABADI,6,LATE,41,81,25.06.2026,14.05.2026,11.06.2026,30.06.2026,30.06.2026,09.07.2026,09.07.2026,,T001,WH TGI JABABEKA
R120260513B001_T001,CONT-20,15400000,0,0,0,0,0,15400000,T001 - WH TGI JABABEKA,PT. SENTOSAPRIMA ABADI,6,LATE,41,80,26.06.2026,15.05.2026,11.06.2026,10.07.2026,10.07.2026,15.07.2026,15.07.2026,,T001,WH TGI JABABEKA
R120260514B001_T001,CDD LONG CHASSIS,3500000,0,0,0,700000,0,4200000,T001 - WH TGI JABABEKA,PT. CEHA LOGISTIK CEMERLANG,7,ON SCHEDULE,28,0,13.06.2026,15.05.2026,17.05.2026,20.05.2026,20.05.2026,21.05.2026,21.05.2026,,T001,WH TGI JABABEKA
R120260518B002_T001,CDD LONG CHASSIS,3600000,0,0,0,300000,0,3900000,T001 - WH TGI JABABEKA,PT. BINTANG SAMUDRA RAYA,6,LATE,26,76,15.06.2026,19.05.2026,22.05.2026,23.06.2026,25.06.2026,29.06.2026,03.07.2026,,T001,WH TGI JABABEKA
R120260518B002_T001,CDD LONG CHASSIS,3600000,0,0,0,300000,0,3900000,T001 - WH TGI JABABEKA,PT. BINTANG SAMUDRA RAYA,6,LATE,26,76,15.06.2026,19.05.2026,22.05.2026,23.06.2026,25.06.2026,29.06.2026,03.07.2026,,T001,WH TGI JABABEKA
R120260518B005_T001,CDD LONG CHASSIS,4700000,0,0,0,300000,0,5000000,T001 - WH TGI JABABEKA,PT. BINTANG SAMUDRA RAYA,6,LATE,26,75,16.06.2026,20.05.2026,01.06.2026,23.06.2026,25.06.2026,29.06.2026,03.07.2026,,T001,WH TGI JABABEKA
R120260518B005_T001,CDD LONG CHASSIS,4700000,0,0,0,300000,0,5000000,T001 - WH TGI JABABEKA,PT. BINTANG SAMUDRA RAYA,6,LATE,26,75,16.06.2026,20.05.2026,01.06.2026,23.06.2026,25.06.2026,29.06.2026,03.07.2026,,T001,WH TGI JABABEKA
R120260522B001_T001,CONT-20,15300000,0,0,0,0,0,15300000,T001 - WH TGI JABABEKA,PT. SENTOSAPRIMA ABADI,5,LATE,20,72,14.06.2026,24.05.2026,12.06.2026,13.07.2026,13.07.2026,31.07.2026,,,T001,WH TGI JABABEKA
R120260525B001_T001,CDD LONG CHASSIS,4700000,0,0,0,300000,0,5000000,T001 - WH TGI JABABEKA,PT. BINTANG SAMUDRA RAYA,7,ON SCHEDULE,26,0,22.06.2026,26.05.2026,30.05.2026,23.06.2026,25.06.2026,29.06.2026,03.07.2026,,T001,WH TGI JABABEKA
R120260526B002_T001,CDD LONG CHASSIS,4700000,0,0,0,300000,0,5000000,T001 - WH TGI JABABEKA,PT. BINTANG SAMUDRA RAYA,7,ON SCHEDULE,30,0,27.06.2026,27.05.2026,06.06.2026,23.06.2026,25.06.2026,29.06.2026,03.07.2026,,T001,WH TGI JABABEKA
R120260526B003_T001,CONT-20,15300000,0,0,0,0,0,15300000,T001 - WH TGI JABABEKA,PT. SENTOSAPRIMA ABADI,5,LATE,20,67,19.06.2026,29.05.2026,18.06.2026,27.07.2026,28.07.2026,31.07.2026,,,T001,WH TGI JABABEKA
R120260528B001_T001,FUSO,12500000,0,350000,0,350000,0,13200000,T001 - WH TGI JABABEKA,PT.DHANESWARA EXPRES,7,ON SCHEDULE,28,0,28.06.2026,30.05.2026,07.06.2026,10.06.2026,10.06.2026,15.06.2026,17.06.2026,,T001,WH TGI JABABEKA
R120260528B002_T001,CDD LONG CHASSIS,12400000,0,0,0,0,0,12400000,T001 - WH TGI JABABEKA,PT.ORANG KREATIF EKSIS,7,ON SCHEDULE,41,0,11.07.2026,30.05.2026,04.06.2026,12.06.2026,14.06.2026,25.06.2026,25.06.2026,,T001,WH TGI JABABEKA